game_id,period,minute,second,expanded_minute,type,outcome_type,team_id,team,player_id,player,x,y,end_x,end_y,goal_mouth_y,goal_mouth_z,blocked_x,blocked_y,qualifiers,is_touch,is_shot,is_goal,card_type,related_event_id,related_player_id
1914099,FirstHalf,0,0,0,Start,Successful,839,Villarreal,,,0.0,0.0,,,,,,,[],False,,,,,
1914099,FirstHalf,0,0,0,Start,Successful,52,Real Madrid,,,0.0,0.0,,,,,,,[],False,,,,,
1914099,FirstHalf,0,0,0,Pass,Successful,839,Villarreal,389020.0,Georges Mikautadze,50.0,50.0,23.9,49.5,,,,,"[{'type': {'displayName': 'Angle', 'value': 213}, 'value': '3.15'}, {'type': {'displayName': 'PassEndX', 'value': 140}, 'value': '23.9'}, {'type': {'displayName': 'Zone', 'value': 56}, 'value': 'Back'}, {'type': {'displayName': 'PassEndY', 'value': 141}, 'value': '49.5'}, {'type': {'displayName': 'Length', 'value': 212}, 'value': '27.4'}]",True,,,,,
1914099,FirstHalf,0,3,0,Pass,Successful,839,Villarreal,400826.0,Luiz Júnior,25.3,49.2,58.0,2.5,,,,,"[{'type': {'displayName': 'PassEndX', 'value': 140}, 'value': '58.0'}, {'type': {'displayName': 'Zone', 'value': 56}, 'value': 'Right'}, {'type': {'displayName': 'Angle', 'value': 213}, 'value': '5.54'}, {'type': {'displayName': 'PassEndY', 'value': 141}, 'value': '2.5'}, {'type': {'displayName': 'Length', 'value': 212}, 'value': '46.8'}, {'type': {'displayName': 'Longball', 'value': 1}}]",True,,,,,
1914099,FirstHalf,0,8,0,Pass,Unsuccessful,839,Villarreal,371027.0,Tajon Buchanan,58.0,2.5,63.7,5.1,,,,,"[{'type': {'displayName': 'HeadPass', 'value': 3}}, {'type': {'displayName': 'Length', 'value': 212}, 'value': '6.2'}, {'type': {'displayName': 'Zone', 'value': 56}, 'value': 'Right'}, {'type': {'displayName': 'Angle', 'value': 213}, 'value': '0.29'}, {'type': {'displayName': 'PassEndX', 'value': 140}, 'value': '63.7'}, {'type': {'displayName': 'PassEndY', 'value': 141}, 'value': '5.1'}]",True,,,,,
1914099,FirstHalf,0,9,0,Pass,Unsuccessful,52,Real Madrid,437583.0,Álvaro Carreras,32.2,95.7,44.4,92.4,,,,,"[{'type': {'displayName': 'PassEndX', 'value': 140}, 'value': '44.4'}, {'type': {'displayName': 'Length', 'value': 212}, 'value': '13.0'}, {'type': {'displayName': 'Angle', 'value': 213}, 'value': '6.11'}, {'type': {'displayName': 'HeadPass', 'value': 3}}, {'type': {'displayName': 'PassEndY', 'value': 141}, 'value': '92.4'}, {'type': {'displayName': 'Zone', 'value': 56}, 'value': 'Back'}]",True,,,,,
1914099,FirstHalf,0,11,0,Pass,Unsuccessful,839,Villarreal,399047.0,Pape Gueye,55.2,6.5,75.1,4.1,,,,,"[{'type': {'displayName': 'PassEndY', 'value': 141}, 'value': '4.1'}, {'type': {'displayName': 'Longball', 'value': 1}}, {'type': {'displayName': 'Angle', 'value': 213}, 'value': '6.21'}, {'type': {'displayName': 'PassEndX', 'value': 140}, 'value': '75.1'}, {'type': {'displayName': 'Zone', 'value': 56}, 'value': 'Right'}, {'type': {'displayName': 'Length', 'value': 212}, 'value': '21.0'}]",True,,,,,
1914099,FirstHalf,0,15,0,Pass,Unsuccessful,52,Real Madrid,468852.0,Dean Huijsen,24.5,98.1,36.2,100.0,,,,,"[{'type': {'displayName': 'Longball', 'value': 1}}, {'type': {'displayName': 'Angle', 'value': 213}, 'value': '0.20'}, {'type': {'displayName': 'Zone', 'value': 56}, 'value': 'Back'}, {'type': {'displayName': 'Length', 'value': 212}, 'value': '12.5'}, {'type': {'displayName': 'PassEndY', 'value': 141}, 'value': '100.0'}, {'type': {'displayName': 'PassEndX', 'value': 140}, 'value': '36.2'}]",True,,,,,
1914099,FirstHalf,0,20,0,Pass,Successful,839,Villarreal,537235.0,Pau Navarro,52.4,0.0,33.2,26.0,,,,,"[{'type': {'displayName': 'PassEndY', 'value': 141}, 'value': '26.0'}, {'type': {'displayName': 'Zone', 'value': 56}, 'value': 'Back'}, {'type': {'displayName': 'ThrowIn', 'value': 107}}, {'type': {'displayName': 'Length', 'value': 212}, 'value': '27.5'}, {'type': {'displayName': 'PassEndX', 'value': 140}, 'value': '33.2'}, {'type': {'displayName': 'Angle', 'value': 213}, 'value': '2.39'}, {'type': {'displayName': 'Longball', 'value': 1}}]",True,,,,,
1914099,FirstHalf,0,24,0,Pass,Successful,839,Villarreal,335107.0,Juan Foyth,31.9,27.4,26.8,57.3,,,,,"[{'type': {'displayName': 'Length', 'value': 212}, 'value': '21.0'}, {'type': {'displayName': 'PassEndY', 'value': 141}, 'value': '57.3'}, {'type': {'displayName': 'PassEndX', 'value': 140}, 'value': '26.8'}, {'type': {'displayName': 'Zone', 'value': 56}, 'value': 'Back'}, {'type': {'displayName': 'Angle', 'value': 213}, 'value': '1.83'}]",True,,,,,
1914099,FirstHalf,0,26,0,Pass,Successful,839,Villarreal,434077.0,Renato Veiga,21.6,62.4,30.7,92.9,,,,,"[{'type': {'displayName': 'Zone', 'value': 56}, 'value': 'Back'}, {'type': {'displayName': 'Length', 'value': 212}, 'value': '22.8'}, {'type': {'displayName': 'PassEndY', 'value': 141}, 'value': '92.9'}, {'type': {'displayName': 'PassEndX', 'value': 140}, 'value': '30.7'}, {'type': {'displayName': 'Angle', 'value': 213}, 'value': '1.14'}]",True,,,,,
1914099,FirstHalf,0,33,0,Pass,Successful,839,Villarreal,276489.0,Alfonso Pedraza,23.5,90.5,11.8,82.6,,,,,"[{'type': {'displayName': 'PassEndX', 'value': 140}, 'value': '11.8'}, {'type': {'displayName': 'Length', 'value': 212}, 'value': '13.4'}, {'type': {'displayName': 'Angle', 'value': 213}, 'value': '3.55'}, {'type': {'displayName': 'Zone', 'value': 56}, 'value': 'Back'}, {'type': {'displayName': 'PassEndY', 'value': 141}, 'value': '82.6'}]",True,,,,,
1914099,FirstHalf,0,35,0,Pass,Successful,839,Villarreal,434077.0,Renato Veiga,14.9,81.7,53.5,70.9,,,,,"[{'type': {'displayName': 'PassEndY', 'value': 141}, 'value': '70.9'}, {'type': {'displayName': 'Zone', 'value': 56}, 'value': 'Center'}, {'type': {'displayName': 'PassEndX', 'value': 140}, 'value': '53.5'}, {'type': {'displayName': 'Longball', 'value': 1}}, {'type': {'displayName': 'Angle', 'value': 213}, 'value': '6.10'}, {'type': {'displayName': 'Length', 'value': 212}, 'value': '41.2'}]",True,,,,,
1914099,FirstHalf,0,37,0,Pass,Unsuccessful,839,Villarreal,389020.0,Georges Mikautadze,54.0,70.6,62.5,53.2,,,,,"[{'type': {'displayName': 'HeadPass', 'value': 3}}, {'type': {'displayName': 'PassEndX', 'value': 140}, 'value': '62.5'}, {'type': {'displayName': 'Angle', 'value': 213}, 'value': '5.36'}, {'type': {'displayName': 'Zone', 'value': 56}, 'value': 'Center'}, {'type': {'displayName': 'Length', 'value': 212}, 'value': '14.8'}, {'type': {'displayName': 'PassEndY', 'value': 141}, 'value': '53.2'}]",True,,,,,
1914099,FirstHalf,0,39,0,BallRecovery,Successful,52,Real Madrid,468852.0,Dean Huijsen,37.0,53.7,,,,,,,[],False,,,,,
1914099,FirstHalf,0,40,0,Pass,Successful,52,Real Madrid,468852.0,Dean Huijsen,35.8,53.2,9.9,52.3,,,,,"[{'type': {'displayName': 'Angle', 'value': 213}, 'value': '3.16'}, {'type': {'displayName': 'Length', 'value': 212}, 'value': '27.2'}, {'type': {'displayName': 'PassEndX', 'value': 140}, 'value': '9.9'}, {'type': {'displayName': 'PassEndY', 'value': 141}, 'value': '52.3'}, {'type': {'displayName': 'Zone', 'value': 56}, 'value': 'Back'}]",True,,,,,
1914099,FirstHalf,0,44,0,Pass,Successful,52,Real Madrid,73798.0,Thibaut Courtois,12.5,49.5,26.4,44.1,,,,,"[{'type': {'displayName': 'PassEndX', 'value': 140}, 'value': '26.4'}, {'type': {'displayName': 'PassEndY', 'value': 141}, 'value': '44.1'}, {'type': {'displayName': 'Length', 'value': 212}, 'value': '15.0'}, {'type': {'displayName': 'Angle', 'value': 213}, 'value': '6.04'}, {'type': {'displayName': 'Zone', 'value': 56}, 'value': 'Back'}]",True,,,,,
1914099,FirstHalf,0,45,0,Pass,Successful,52,Real Madrid,369109.0,Eduardo Camavinga,26.4,44.1,9.9,43.2,,,,,"[{'type': {'displayName': 'Zone', 'value': 56}, 'value': 'Back'}, {'type': {'displayName': 'LayOff', 'value': 156}}, {'type': {'displayName': 'Angle', 'value': 213}, 'value': '3.18'}, {'type': {'displayName': 'PassEndY', 'value': 141}, 'value': '43.2'}, {'type': {'displayName': 'PassEndX', 'value': 140}, 'value': '9.9'}, {'type': {'displayName': 'Length', 'value': 212}, 'value': '17.3'}]",True,,,,,
1914099,FirstHalf,0,49,0,Pass,Successful,52,Real Madrid,73798.0,Thibaut Courtois,6.9,34.0,39.7,4.0,,,,,"[{'type': {'displayName': 'Length', 'value': 212}, 'value': '40.0'}, {'type': {'displayName': 'Angle', 'value': 213}, 'value': '5.75'}, {'type': {'displayName': 'PassEndY', 'value': 141}, 'value': '4.0'}, {'type': {'displayName': 'Longball', 'value': 1}}, {'type': {'displayName': 'Zone', 'value': 56}, 'value': 'Back'}, {'type': {'displayName': 'Chipped', 'value': 155}}, {'type': {'displayName': 'PassEndX', 'value': 140}, 'value': '39.7'}]",True,,,,,
1914099,FirstHalf,0,51,0,Pass,Successful,52,Real Madrid,514810.0,Franco Mastantuono,39.7,4.0,38.2,10.6,,,,,"[{'type': {'displayName': 'Length', 'value': 212}, 'value': '4.8'}, {'type': {'displayName': 'PassEndY', 'value': 141}, 'value': '10.6'}, {'type': {'displayName': 'Angle', 'value': 213}, 'value': '1.91'}, {'type': {'displayName': 'Zone', 'value': 56}, 'value': 'Back'}, {'type': {'displayName': 'PassEndX', 'value': 140}, 'value': '38.2'}]",True,,,,,
1914099,FirstHalf,0,53,0,Pass,Unsuccessful,52,Real Madrid,415181.0,Arda Güler,43.0,14.4,67.5,34.9,,,,,"[{'type': {'displayName': 'PassEndY', 'value': 141}, 'value': '34.9'}, {'type': {'displayName': 'Angle', 'value': 213}, 'value': '0.50'}, {'type': {'displayName': 'PassEndX', 'value': 140}, 'value': '67.5'}, {'type': {'displayName': 'Zone', 'value': 56}, 'value': 'Center'}, {'type': {'displayName': 'Length', 'value': 212}, 'value': '29.3'}, {'type': {'displayName': 'Throughball', 'value': 4}}]",True,,,,,
1914099,FirstHalf,0,55,0,Pass,Successful,839,Villarreal,335107.0,Juan Foyth,25.9,66.7,3.0,57.6,,,,,"[{'type': {'displayName': 'Length', 'value': 212}, 'value': '24.8'}, {'type': {'displayName': 'Zone', 'value': 56}, 'value': 'Back'}, {'type': {'displayName': 'PassEndX', 'value': 140}, 'value': '3.0'}, {'type': {'displayName': 'PassEndY', 'value': 141}, 'value': '57.6'}, {'type': {'displayName': 'Angle', 'value': 213}, 'value': '3.39'}]",True,,,,,
1914099,FirstHalf,0,57,0,BallRecovery,Successful,839,Villarreal,400826.0,Luiz Júnior,3.1,57.6,,,,,,,[],False,,,,,
1914099,FirstHalf,0,58,0,Pass,Unsuccessful,839,Villarreal,400826.0,Luiz Júnior,3.9,59.9,48.4,57.4,,,,,"[{'type': {'displayName': 'PassEndY', 'value': 141}, 'value': '57.4'}, {'type': {'displayName': 'Length', 'value': 212}, 'value': '46.8'}, {'type': {'displayName': 'PassEndX', 'value': 140}, 'value': '48.4'}, {'type': {'displayName': 'Zone', 'value': 56}, 'value': 'Back'}, {'type': {'displayName': 'Longball', 'value': 1}}, {'type': {'displayName': 'Angle', 'value': 213}, 'value': '6.25'}]",True,,,,,
1914099,FirstHalf,1,2,1,Pass,Unsuccessful,52,Real Madrid,369109.0,Eduardo Camavinga,53.1,47.1,56.7,30.7,,,,,"[{'type': {'displayName': 'Angle', 'value': 213}, 'value': '5.04'}, {'type': {'displayName': 'PassEndY', 'value': 141}, 'value': '30.7'}, {'type': {'displayName': 'PassEndX', 'value': 140}, 'value': '56.7'}, {'type': {'displayName': 'Length', 'value': 212}, 'value': '11.8'}, {'type': {'displayName': 'Zone', 'value': 56}, 'value': 'Center'}, {'type': {'displayName': 'HeadPass', 'value': 3}}]",True,,,,,
1914099,FirstHalf,1,3,1,Pass,Unsuccessful,839,Villarreal,448211.0,Alberto Moleiro,45.8,74.0,54.7,66.4,,,,,"[{'type': {'displayName': 'HeadPass', 'value': 3}}, {'type': {'displayName': 'PassEndX', 'value': 140}, 'value': '54.7'}, {'type': {'displayName': 'PassEndY', 'value': 141}, 'value': '66.4'}, {'type': {'displayName': 'Length', 'value': 212}, 'value': '10.7'}, {'type': {'displayName': 'Angle', 'value': 213}, 'value': '5.78'}, {'type': {'displayName': 'Zone', 'value': 56}, 'value': 'Center'}]",True,,,,,
1914099,FirstHalf,1,5,1,Pass,Successful,52,Real Madrid,369109.0,Eduardo Camavinga,46.6,29.7,48.9,25.2,,,,,"[{'type': {'displayName': 'Length', 'value': 212}, 'value': '3.9'}, {'type': {'displayName': 'Zone', 'value': 56}, 'value': 'Back'}, {'type': {'displayName': 'PassEndX', 'value': 140}, 'value': '48.9'}, {'type': {'displayName': 'PassEndY', 'value': 141}, 'value': '25.2'}, {'type': {'displayName': 'Angle', 'value': 213}, 'value': '5.38'}]",True,,,,,
1914099,FirstHalf,1,6,1,BallRecovery,Successful,52,Real Madrid,415181.0,Arda Güler,47.5,27.1,,,,,,,[],False,,,,,
1914099,FirstHalf,1,7,1,Pass,Successful,52,Real Madrid,415181.0,Arda Güler,47.5,27.1,32.1,34.3,,,,,"[{'type': {'displayName': 'Zone', 'value': 56}, 'value': 'Back'}, {'type': {'displayName': 'PassEndX', 'value': 140}, 'value': '32.1'}, {'type': {'displayName': 'Angle', 'value': 213}, 'value': '2.85'}, {'type': {'displayName': 'PassEndY', 'value': 141}, 'value': '34.3'}, {'type': {'displayName': 'Length', 'value': 212}, 'value': '16.9'}]",True,,,,,
1914099,FirstHalf,1,9,1,Pass,Successful,52,Real Madrid,534899.0,Raúl Asencio,32.1,34.3,33.0,62.5,,,,,"[{'type': {'displayName': 'PassEndX', 'value': 140}, 'value': '33.0'}, {'type': {'displayName': 'Angle', 'value': 213}, 'value': '1.52'}, {'type': {'displayName': 'PassEndY', 'value': 141}, 'value': '62.5'}, {'type': {'displayName': 'Length', 'value': 212}, 'value': '19.2'}, {'type': {'displayName': 'Zone', 'value': 56}, 'value': 'Back'}]",True,,,,,
1914099,FirstHalf,1,11,1,Pass,Successful,52,Real Madrid,468852.0,Dean Huijsen,33.0,62.5,40.6,59.2,,,,,"[{'type': {'displayName': 'Angle', 'value': 213}, 'value': '6.01'}, {'type': {'displayName': 'PassEndY', 'value': 141}, 'value': '59.2'}, {'type': {'displayName': 'PassEndX', 'value': 140}, 'value': '40.6'}, {'type': {'displayName': 'Length', 'value': 212}, 'value': '8.3'}, {'type': {'displayName': 'Zone', 'value': 56}, 'value': 'Back'}]",True,,,,,
1914099,FirstHalf,1,12,1,Pass,Successful,52,Real Madrid,369109.0,Eduardo Camavinga,40.6,59.2,34.8,82.6,,,,,"[{'type': {'displayName': 'Length', 'value': 212}, 'value': '17.0'}, {'type': {'displayName': 'PassEndX', 'value': 140}, 'value': '34.8'}, {'type': {'displayName': 'Zone', 'value': 56}, 'value': 'Back'}, {'type': {'displayName': 'Angle', 'value': 213}, 'value': '1.94'}, {'type': {'displayName': 'PassEndY', 'value': 141}, 'value': '82.6'}]",True,,,,,
1914099,FirstHalf,1,14,1,Pass,Successful,52,Real Madrid,437583.0,Álvaro Carreras,34.8,82.6,51.2,97.8,,,,,"[{'type': {'displayName': 'Angle', 'value': 213}, 'value': '0.54'}, {'type': {'displayName': 'Length', 'value': 212}, 'value': '20.1'}, {'type': {'displayName': 'PassEndX', 'value': 140}, 'value': '51.2'}, {'type': {'displayName': 'PassEndY', 'value': 141}, 'value': '97.8'}, {'type': {'displayName': 'Zone', 'value': 56}, 'value': 'Left'}]",True,,,,,
1914099,FirstHalf,1,16,1,Pass,Successful,52,Real Madrid,337782.0,Vinícius Júnior,51.2,97.8,78.0,77.2,,,,,"[{'type': {'displayName': 'Length', 'value': 212}, 'value': '31.4'}, {'type': {'displayName': 'Angle', 'value': 213}, 'value': '5.82'}, {'type': {'displayName': 'Throughball', 'value': 4}}, {'type': {'displayName': 'PassEndX', 'value': 140}, 'value': '78.0'}, {'type': {'displayName': 'PassEndY', 'value': 141}, 'value': '77.2'}, {'type': {'displayName': 'Zone', 'value': 56}, 'value': 'Center'}]",True,,,,,
1914099,FirstHalf,1,21,1,Foul,Successful,52,Real Madrid,379868.0,Jude Bellingham,76.5,76.6,,,,,,,"[{'type': {'displayName': 'OppositeRelatedEvent', 'value': 233}, 'value': '18'}, {'type': {'displayName': 'Offensive', 'value': 286}}, {'type': {'displayName': 'Zone', 'value': 56}, 'value': 'Center'}, {'type': {'displayName': 'Foul', 'value': 13}}]",True,,,,,
1914099,FirstHalf,1,21,1,Foul,Unsuccessful,839,Villarreal,335107.0,Juan Foyth,23.5,23.4,,,,,,,"[{'type': {'displayName': 'RelatedEventId', 'value': 55}, 'value': '19'}, {'type': {'displayName': 'OppositeRelatedEvent', 'value': 233}, 'value': '23'}, {'type': {'displayName': 'Zone', 'value': 56}, 'value': 'Back'}, {'type': {'displayName': 'Foul', 'value': 13}}, {'type': {'displayName': 'Defensive', 'value': 285}}]",False,,,,19.0,335107.0
1914099,FirstHalf,1,24,1,Card,Successful,839,Villarreal,335107.0,Juan Foyth,0.0,0.0,,,,,,,"[{'type': {'displayName': 'RelatedEventId', 'value': 55}, 'value': '18'}, {'type': {'displayName': 'Foul', 'value': 13}, 'value': '243'}, {'type': {'displayName': 'Yellow', 'value': 31}}]",False,,,Yellow,18.0,335107.0
1914099,FirstHalf,2,25,2,SavedShot,Successful,52,Real Madrid,344644.0,Federico Valverde,77.1,76.0,,,51.5,19.0,86.0,66.4,"[{'type': {'displayName': 'LowCentre', 'value': 78}}, {'type': {'displayName': 'GoalMouthY', 'value': 102}, 'value': '51.5'}, {'type': {'displayName': 'RightFoot', 'value': 20}}, {'type': {'displayName': 'OppositeRelatedEvent', 'value': 233}, 'value': '20'}, {'type': {'displayName': 'BlockedY', 'value': 147}, 'value': '66.4'}, {'type': {'displayName': 'BlockedX', 'value': 146}, 'value': '86.0'}, {'type': {'displayName': 'GoalMouthZ', 'value': 103}, 'value': '19'}, {'type': {'displayName': 'Blocked', 'value': 82}}, {'type': {'displayName': 'OutOfBoxCentre', 'value': 18}}, {'type': {'displayName': 'DirectFreekick', 'value': 26}}, {'type': {'displayName': 'Zone', 'value': 56}, 'value': 'Center'}]",True,True,,,,
1914099,FirstHalf,2,25,2,Save,Successful,839,Villarreal,389020.0,Georges Mikautadze,14.0,33.6,,,,,,,"[{'type': {'displayName': 'OutfielderBlock', 'value': 94}}, {'type': {'displayName': 'OppositeRelatedEvent', 'value': 233}, 'value': '24'}, {'type': {'displayName': 'Zone', 'value': 56}, 'value': 'Back'}]",True,,,,,
1914099,FirstHalf,2,34,2,Pass,Unsuccessful,52,Real Madrid,415181.0,Arda Güler,61.5,98.1,63.6,97.9,,,,,"[{'type': {'displayName': 'OppositeRelatedEvent', 'value': 233}, 'value': '22'}, {'type': {'displayName': 'Offensive', 'value': 286}}, {'type': {'displayName': 'Length', 'value': 212}, 'value': '2.2'}, {'type': {'displayName': 'PassEndY', 'value': 141}, 'value': '97.9'}, {'type': {'displayName': 'Angle', 'value': 213}, 'value': '6.22'}, {'type': {'displayName': 'PassEndX', 'value': 140}, 'value': '63.6'}, {'type': {'displayName': 'Zone', 'value': 56}, 'value': 'Left'}]",True,,,,,
1914099,FirstHalf,2,34,2,BlockedPass,Successful,839,Villarreal,371027.0,Tajon Buchanan,36.4,2.1,,,,,,,"[{'type': {'displayName': 'OppositeRelatedEvent', 'value': 233}, 'value': '25'}, {'type': {'displayName': 'Defensive', 'value': 285}}, {'type': {'displayName': 'Zone', 'value': 56}, 'value': 'Back'}]",True,,,,,
1914099,FirstHalf,2,45,2,Pass,Successful,52,Real Madrid,437583.0,Álvaro Carreras,53.9,100.0,53.3,89.1,,,,,"[{'type': {'displayName': 'Angle', 'value': 213}, 'value': '4.63'}, {'type': {'displayName': 'PassEndX', 'value': 140}, 'value': '53.3'}, {'type': {'displayName': 'Zone', 'value': 56}, 'value': 'Left'}, {'type': {'displayName': 'Length', 'value': 212}, 'value': '8.0'}, {'type': {'displayName': 'ThrowIn', 'value': 107}}, {'type': {'displayName': 'PassEndY', 'value': 141}, 'value': '89.1'}]",True,,,,,
1914099,FirstHalf,2,46,2,Pass,Successful,52,Real Madrid,415181.0,Arda Güler,53.3,89.1,41.9,91.8,,,,,"[{'type': {'displayName': 'PassEndY', 'value': 141}, 'value': '91.8'}, {'type': {'displayName': 'Angle', 'value': 213}, 'value': '2.99'}, {'type': {'displayName': 'Zone', 'value': 56}, 'value': 'Back'}, {'type': {'displayName': 'PassEndX', 'value': 140}, 'value': '41.9'}, {'type': {'displayName': 'Length', 'value': 212}, 'value': '12.1'}]",True,,,,,
1914099,FirstHalf,2,47,2,Pass,Successful,52,Real Madrid,437583.0,Álvaro Carreras,41.9,91.8,31.3,79.5,,,,,"[{'type': {'displayName': 'Angle', 'value': 213}, 'value': '3.79'}, {'type': {'displayName': 'Zone', 'value': 56}, 'value': 'Back'}, {'type': {'displayName': 'PassEndY', 'value': 141}, 'value': '79.5'}, {'type': {'displayName': 'PassEndX', 'value': 140}, 'value': '31.3'}, {'type': {'displayName': 'Length', 'value': 212}, 'value': '13.9'}]",True,,,,,
1914099,FirstHalf,2,49,2,Pass,Successful,52,Real Madrid,369109.0,Eduardo Camavinga,31.3,79.5,29.9,43.9,,,,,"[{'type': {'displayName': 'Zone', 'value': 56}, 'value': 'Back'}, {'type': {'displayName': 'Angle', 'value': 213}, 'value': '4.65'}, {'type': {'displayName': 'PassEndX', 'value': 140}, 'value': '29.9'}, {'type': {'displayName': 'PassEndY', 'value': 141}, 'value': '43.9'}, {'type': {'displayName': 'Length', 'value': 212}, 'value': '24.3'}]",True,,,,,
1914099,FirstHalf,2,57,2,Pass,Successful,52,Real Madrid,468852.0,Dean Huijsen,41.0,53.1,49.5,55.8,,,,,"[{'type': {'displayName': 'Length', 'value': 212}, 'value': '9.1'}, {'type': {'displayName': 'PassEndX', 'value': 140}, 'value': '49.5'}, {'type': {'displayName': 'PassEndY', 'value': 141}, 'value': '55.8'}, {'type': {'displayName': 'Angle', 'value': 213}, 'value': '0.20'}, {'type': {'displayName': 'Zone', 'value': 56}, 'value': 'Back'}]",True,,,,,
1914099,FirstHalf,2,59,2,Pass,Successful,52,Real Madrid,369109.0,Eduardo Camavinga,45.3,52.5,42.2,25.3,,,,,"[{'type': {'displayName': 'Length', 'value': 212}, 'value': '18.8'}, {'type': {'displayName': 'PassEndY', 'value': 141}, 'value': '25.3'}, {'type': {'displayName': 'PassEndX', 'value': 140}, 'value': '42.2'}, {'type': {'displayName': 'Zone', 'value': 56}, 'value': 'Back'}, {'type': {'displayName': 'Angle', 'value': 213}, 'value': '4.54'}]",True,,,,,
1914099,FirstHalf,3,2,3,Pass,Successful,52,Real Madrid,344644.0,Federico Valverde,43.0,26.2,58.2,3.7,,,,,"[{'type': {'displayName': 'PassEndY', 'value': 141}, 'value': '3.7'}, {'type': {'displayName': 'Angle', 'value': 213}, 'value': '5.52'}, {'type': {'displayName': 'Zone', 'value': 56}, 'value': 'Right'}, {'type': {'displayName': 'PassEndX', 'value': 140}, 'value': '58.2'}, {'type': {'displayName': 'Length', 'value': 212}, 'value': '22.1'}]",True,,,,,
1914099,FirstHalf,3,4,3,Pass,Successful,52,Real Madrid,534899.0,Raúl Asencio,59.4,5.1,68.7,18.4,,,,,"[{'type': {'displayName': 'PassEndY', 'value': 141}, 'value': '18.4'}, {'type': {'displayName': 'Angle', 'value': 213}, 'value': '0.75'}, {'type': {'displayName': 'Zone', 'value': 56}, 'value': 'Right'}, {'type': {'displayName': 'PassEndX', 'value': 140}, 'value': '68.7'}, {'type': {'displayName': 'Length', 'value': 212}, 'value': '13.3'}]",True,,,,,
1914099,FirstHalf,3,5,3,Pass,Successful,52,Real Madrid,300713.0,Kylian Mbappé,68.7,18.4,62.6,14.1,,,,,"[{'type': {'displayName': 'Angle', 'value': 213}, 'value': '3.57'}, {'type': {'displayName': 'PassEndY', 'value': 141}, 'value': '14.1'}, {'type': {'displayName': 'PassEndX', 'value': 140}, 'value': '62.6'}, {'type': {'displayName': 'Zone', 'value': 56}, 'value': 'Right'}, {'type': {'displayName': 'Length', 'value': 212}, 'value': '7.0'}]",True,,,,,
1914099,FirstHalf,3,10,3,Pass,Unsuccessful,52,Real Madrid,534899.0,Raúl Asencio,60.2,30.9,62.5,40.5,,,,,"[{'type': {'displayName': 'PassEndX', 'value': 140}, 'value': '62.5'}, {'type': {'displayName': 'Length', 'value': 212}, 'value': '7.0'}, {'type': {'displayName': 'Angle', 'value': 213}, 'value': '1.22'}, {'type': {'displayName': 'PassEndY', 'value': 141}, 'value': '40.5'}, {'type': {'displayName': 'Zone', 'value': 56}, 'value': 'Center'}]",True,,,,,
1914099,FirstHalf,3,11,3,Foul,Successful,52,Real Madrid,,,66.5,43.5,,,,,,,"[{'type': {'displayName': 'OppositeRelatedEvent', 'value': 233}, 'value': '24'}, {'type': {'displayName': 'Offensive', 'value': 286}}, {'type': {'displayName': 'Zone', 'value': 56}, 'value': 'Center'}]",True,,,,,
1914099,FirstHalf,3,11,3,Foul,Unsuccessful,839,Villarreal,28186.0,Dani Parejo,33.5,56.5,,,,,,,"[{'type': {'displayName': 'Defensive', 'value': 285}}, {'type': {'displayName': 'Zone', 'value': 56}, 'value': 'Back'}, {'type': {'displayName': 'OppositeRelatedEvent', 'value': 233}, 'value': '37'}]",False,,,,,
1914099,FirstHalf,3,21,3,Pass,Successful,52,Real Madrid,415181.0,Arda Güler,63.8,38.4,53.3,54.3,,,,,"[{'type': {'displayName': 'PassEndY', 'value': 141}, 'value': '54.3'}, {'type': {'displayName': 'Angle', 'value': 213}, 'value': '2.37'}, {'type': {'displayName': 'Zone', 'value': 56}, 'value': 'Center'}, {'type': {'displayName': 'PassEndX', 'value': 140}, 'value': '53.3'}, {'type': {'displayName': 'Length', 'value': 212}, 'value': '15.4'}, {'type': {'displayName': 'FreekickTaken', 'value': 5}}]",True,,,,,
1914099,FirstHalf,3,22,3,Pass,Successful,52,Real Madrid,369109.0,Eduardo Camavinga,53.3,55.6,52.6,79.1,,,,,"[{'type': {'displayName': 'Angle', 'value': 213}, 'value': '1.62'}, {'type': {'displayName': 'Length', 'value': 212}, 'value': '16.0'}, {'type': {'displayName': 'PassEndX', 'value': 140}, 'value': '52.6'}, {'type': {'displayName': 'PassEndY', 'value': 141}, 'value': '79.1'}, {'type': {'displayName': 'Zone', 'value': 56}, 'value': 'Left'}]",True,,,,,
1914099,FirstHalf,3,24,3,Pass,Successful,52,Real Madrid,437583.0,Álvaro Carreras,56.3,78.9,61.3,93.9,,,,,"[{'type': {'displayName': 'Angle', 'value': 213}, 'value': '1.10'}, {'type': {'displayName': 'Zone', 'value': 56}, 'value': 'Left'}, {'type': {'displayName': 'Length', 'value': 212}, 'value': '11.5'}, {'type': {'displayName': 'PassEndY', 'value': 141}, 'value': '93.9'}, {'type': {'displayName': 'PassEndX', 'value': 140}, 'value': '61.3'}]",True,,,,,
1914099,FirstHalf,3,33,3,Pass,Successful,52,Real Madrid,337782.0,Vinícius Júnior,67.1,81.1,62.5,94.2,,,,,"[{'type': {'displayName': 'PassEndX', 'value': 140}, 'value': '62.5'}, {'type': {'displayName': 'Angle', 'value': 213}, 'value': '2.07'}, {'type': {'displayName': 'PassEndY', 'value': 141}, 'value': '94.2'}, {'type': {'displayName': 'Length', 'value': 212}, 'value': '10.1'}, {'type': {'displayName': 'Zone', 'value': 56}, 'value': 'Left'}]",True,,,,,
1914099,FirstHalf,3,35,3,Pass,Successful,52,Real Madrid,379868.0,Jude Bellingham,62.5,94.2,52.4,87.3,,,,,"[{'type': {'displayName': 'PassEndX', 'value': 140}, 'value': '52.4'}, {'type': {'displayName': 'Zone', 'value': 56}, 'value': 'Left'}, {'type': {'displayName': 'PassEndY', 'value': 141}, 'value': '87.3'}, {'type': {'displayName': 'Angle', 'value': 213}, 'value': '3.56'}, {'type': {'displayName': 'Length', 'value': 212}, 'value': '11.6'}]",True,,,,,
1914099,FirstHalf,3,38,3,Pass,Successful,52,Real Madrid,437583.0,Álvaro Carreras,46.9,77.2,42.6,60.4,,,,,"[{'type': {'displayName': 'Angle', 'value': 213}, 'value': '4.34'}, {'type': {'displayName': 'PassEndY', 'value': 141}, 'value': '60.4'}, {'type': {'displayName': 'Zone', 'value': 56}, 'value': 'Back'}, {'type': {'displayName': 'Length', 'value': 212}, 'value': '12.3'}, {'type': {'displayName': 'PassEndX', 'value': 140}, 'value': '42.6'}]",True,,,,,
1914099,FirstHalf,3,41,3,Pass,Unsuccessful,52,Real Madrid,468852.0,Dean Huijsen,45.4,58.0,71.4,59.2,,,,,"[{'type': {'displayName': 'PassEndY', 'value': 141}, 'value': '59.2'}, {'type': {'displayName': 'Zone', 'value': 56}, 'value': 'Center'}, {'type': {'displayName': 'PassEndX', 'value': 140}, 'value': '71.4'}, {'type': {'displayName': 'Length', 'value': 212}, 'value': '27.3'}, {'type': {'displayName': 'Angle', 'value': 213}, 'value': '0.03'}]",True,,,,,
1914099,FirstHalf,3,42,3,Pass,Successful,839,Villarreal,335107.0,Juan Foyth,24.0,43.9,32.6,41.2,,,,,"[{'type': {'displayName': 'Zone', 'value': 56}, 'value': 'Back'}, {'type': {'displayName': 'Angle', 'value': 213}, 'value': '6.08'}, {'type': {'displayName': 'PassEndY', 'value': 141}, 'value': '41.2'}, {'type': {'displayName': 'Length', 'value': 212}, 'value': '9.2'}, {'type': {'displayName': 'PassEndX', 'value': 140}, 'value': '32.6'}]",True,,,,,
1914099,FirstHalf,3,43,3,BallRecovery,Successful,839,Villarreal,399047.0,Pape Gueye,34.1,42.9,,,,,,,[],False,,,,,
1914099,FirstHalf,3,44,3,TakeOn,Unsuccessful,839,Villarreal,399047.0,Pape Gueye,39.2,39.2,,,,,,,"[{'type': {'displayName': 'Zone', 'value': 56}, 'value': 'Back'}, {'type': {'displayName': 'Offensive', 'value': 286}}]",True,,,,,
1914099,FirstHalf,3,45,3,Foul,Successful,839,Villarreal,399047.0,Pape Gueye,38.2,42.0,,,,,,,"[{'type': {'displayName': 'Offensive', 'value': 286}}, {'type': {'displayName': 'Zone', 'value': 56}, 'value': 'Back'}, {'type': {'displayName': 'OppositeRelatedEvent', 'value': 233}, 'value': '45'}, {'type': {'displayName': 'Foul', 'value': 13}}]",True,,,,,
1914099,FirstHalf,3,45,3,Foul,Unsuccessful,52,Real Madrid,369109.0,Eduardo Camavinga,61.8,58.0,,,,,,,"[{'type': {'displayName': 'Foul', 'value': 13}}, {'type': {'displayName': 'Zone', 'value': 56}, 'value': 'Center'}, {'type': {'displayName': 'Defensive', 'value': 285}}, {'type': {'displayName': 'OppositeRelatedEvent', 'value': 233}, 'value': '28'}]",False,,,,,
1914099,FirstHalf,4,0,4,Pass,Successful,839,Villarreal,335107.0,Juan Foyth,44.0,43.6,46.5,53.9,,,,,"[{'type': {'displayName': 'PassEndX', 'value': 140}, 'value': '46.5'}, {'type': {'displayName': 'Zone', 'value': 56}, 'value': 'Back'}, {'type': {'displayName': 'PassEndY', 'value': 141}, 'value': '53.9'}, {'type': {'displayName': 'FreekickTaken', 'value': 5}}, {'type': {'displayName': 'Length', 'value': 212}, 'value': '7.5'}, {'type': {'displayName': 'Angle', 'value': 213}, 'value': '1.21'}]",True,,,,,
1914099,FirstHalf,4,1,4,Pass,Successful,839,Villarreal,28186.0,Dani Parejo,46.5,53.9,53.9,42.4,,,,,"[{'type': {'displayName': 'PassEndX', 'value': 140}, 'value': '53.9'}, {'type': {'displayName': 'Zone', 'value': 56}, 'value': 'Center'}, {'type': {'displayName': 'Length', 'value': 212}, 'value': '11.0'}, {'type': {'displayName': 'PassEndY', 'value': 141}, 'value': '42.4'}, {'type': {'displayName': 'Angle', 'value': 213}, 'value': '5.49'}]",True,,,,,
1914099,FirstHalf,4,4,4,Foul,Successful,839,Villarreal,399047.0,Pape Gueye,53.2,42.6,,,,,,,"[{'type': {'displayName': 'OppositeRelatedEvent', 'value': 233}, 'value': '46'}, {'type': {'displayName': 'Offensive', 'value': 286}}, {'type': {'displayName': 'Zone', 'value': 56}, 'value': 'Center'}, {'type': {'displayName': 'Foul', 'value': 13}}]",True,,,,,
1914099,FirstHalf,4,4,4,Foul,Unsuccessful,52,Real Madrid,369109.0,Eduardo Camavinga,46.8,57.4,,,,,,,"[{'type': {'displayName': 'Zone', 'value': 56}, 'value': 'Back'}, {'type': {'displayName': 'OppositeRelatedEvent', 'value': 233}, 'value': '31'}, {'type': {'displayName': 'Defensive', 'value': 285}}, {'type': {'displayName': 'Foul', 'value': 13}}]",False,,,,,
1914099,FirstHalf,4,15,4,Pass,Successful,839,Villarreal,28186.0,Dani Parejo,53.4,54.1,55.6,44.4,,,,,"[{'type': {'displayName': 'FreekickTaken', 'value': 5}}, {'type': {'displayName': 'PassEndY', 'value': 141}, 'value': '44.4'}, {'type': {'displayName': 'PassEndX', 'value': 140}, 'value': '55.6'}, {'type': {'displayName': 'Angle', 'value': 213}, 'value': '5.05'}, {'type': {'displayName': 'Zone', 'value': 56}, 'value': 'Center'}, {'type': {'displayName': 'Length', 'value': 212}, 'value': '7.0'}]",True,,,,,
1914099,FirstHalf,4,15,4,Pass,Successful,839,Villarreal,399047.0,Pape Gueye,53.9,41.8,54.2,13.5,,,,,"[{'type': {'displayName': 'Zone', 'value': 56}, 'value': 'Right'}, {'type': {'displayName': 'PassEndX', 'value': 140}, 'value': '54.2'}, {'type': {'displayName': 'Length', 'value': 212}, 'value': '19.2'}, {'type': {'displayName': 'Angle', 'value': 213}, 'value': '4.73'}, {'type': {'displayName': 'PassEndY', 'value': 141}, 'value': '13.5'}]",True,,,,,
1914099,FirstHalf,4,17,4,Pass,Successful,839,Villarreal,537235.0,Pau Navarro,54.5,15.4,66.2,22.6,,,,,"[{'type': {'displayName': 'PassEndY', 'value': 141}, 'value': '22.6'}, {'type': {'displayName': 'PassEndX', 'value': 140}, 'value': '66.2'}, {'type': {'displayName': 'Angle', 'value': 213}, 'value': '0.38'}, {'type': {'displayName': 'Length', 'value': 212}, 'value': '13.2'}, {'type': {'displayName': 'Zone', 'value': 56}, 'value': 'Center'}]",True,,,,,
1914099,FirstHalf,4,21,4,Pass,Successful,839,Villarreal,97659.0,Gerard Moreno,68.1,24.1,91.6,23.2,,,,,"[{'type': {'displayName': 'PassEndX', 'value': 140}, 'value': '91.6'}, {'type': {'displayName': 'Length', 'value': 212}, 'value': '24.7'}, {'type': {'displayName': 'Zone', 'value': 56}, 'value': 'Center'}, {'type': {'displayName': 'Angle', 'value': 213}, 'value': '6.26'}, {'type': {'displayName': 'PassEndY', 'value': 141}, 'value': '23.2'}]",True,,,,,
1914099,FirstHalf,4,22,4,BallTouch,Successful,839,Villarreal,389020.0,Georges Mikautadze,87.3,23.3,,,,,,,"[{'type': {'displayName': 'Zone', 'value': 56}, 'value': 'Center'}]",True,,,,,
1914099,FirstHalf,4,25,4,BallRecovery,Successful,52,Real Madrid,437583.0,Álvaro Carreras,3.9,90.0,,,,,,,[],False,,,,,
1914099,FirstHalf,4,25,4,Pass,Unsuccessful,52,Real Madrid,437583.0,Álvaro Carreras,3.9,90.0,12.0,91.6,,,,,"[{'type': {'displayName': 'Zone', 'value': 56}, 'value': 'Back'}, {'type': {'displayName': 'PassEndY', 'value': 141}, 'value': '91.6'}, {'type': {'displayName': 'PassEndX', 'value': 140}, 'value': '12.0'}, {'type': {'displayName': 'Longball', 'value': 1}}, {'type': {'displayName': 'Length', 'value': 212}, 'value': '8.6'}, {'type': {'displayName': 'Angle', 'value': 213}, 'value': '0.13'}]",True,,,,,
1914099,FirstHalf,4,29,4,Dispossessed,Successful,839,Villarreal,371027.0,Tajon Buchanan,95.3,2.2,,,,,,,"[{'type': {'displayName': 'OppositeRelatedEvent', 'value': 233}, 'value': '50'}, {'type': {'displayName': 'Offensive', 'value': 286}}, {'type': {'displayName': 'Zone', 'value': 56}, 'value': 'Right'}]",True,,,,,
1914099,FirstHalf,4,29,4,Tackle,Successful,52,Real Madrid,437583.0,Álvaro Carreras,4.8,97.8,,,,,,,"[{'type': {'displayName': 'OppositeRelatedEvent', 'value': 233}, 'value': '35'}, {'type': {'displayName': 'StandingSave', 'value': 178}}, {'type': {'displayName': 'Defensive', 'value': 285}}, {'type': {'displayName': 'Zone', 'value': 56}, 'value': 'Back'}]",True,,,,,
1914099,FirstHalf,4,30,4,BallTouch,Unsuccessful,52,Real Madrid,437583.0,Álvaro Carreras,4.2,97.8,,,,,,,"[{'type': {'displayName': 'Zone', 'value': 56}, 'value': 'Back'}]",True,,,,,
1914099,FirstHalf,4,58,4,Pass,Successful,839,Villarreal,371027.0,Tajon Buchanan,87.2,0.0,87.0,29.7,,,,,"[{'type': {'displayName': 'Length', 'value': 212}, 'value': '21.1'}, {'type': {'displayName': 'Angle', 'value': 213}, 'value': '1.58'}, {'type': {'displayName': 'PassEndX', 'value': 140}, 'value': '87.0'}, {'type': {'displayName': 'Zone', 'value': 56}, 'value': 'Center'}, {'type': {'displayName': 'ThrowIn', 'value': 107}}, {'type': {'displayName': 'PassEndY', 'value': 141}, 'value': '29.7'}]",True,,,,,
1914099,FirstHalf,5,0,5,Pass,Successful,839,Villarreal,399047.0,Pape Gueye,86.2,29.7,75.8,7.6,,,,,"[{'type': {'displayName': 'PassEndX', 'value': 140}, 'value': '75.8'}, {'type': {'displayName': 'PassEndY', 'value': 141}, 'value': '7.6'}, {'type': {'displayName': 'Length', 'value': 212}, 'value': '18.6'}, {'type': {'displayName': 'HeadPass', 'value': 3}}, {'type': {'displayName': 'Angle', 'value': 213}, 'value': '4.08'}, {'type': {'displayName': 'LayOff', 'value': 156}}, {'type': {'displayName': 'Zone', 'value': 56}, 'value': 'Right'}]",True,,,,,
1914099,FirstHalf,5,3,5,Pass,Successful,839,Villarreal,371027.0,Tajon Buchanan,77.7,5.4,97.2,17.1,,,,,"[{'type': {'displayName': 'PassEndX', 'value': 140}, 'value': '97.2'}, {'type': {'displayName': 'PassEndY', 'value': 141}, 'value': '17.1'}, {'type': {'displayName': 'Length', 'value': 212}, 'value': '22.0'}, {'type': {'displayName': 'Angle', 'value': 213}, 'value': '0.37'}, {'type': {'displayName': 'Zone', 'value': 56}, 'value': 'Right'}]",True,,,,,
1914099,FirstHalf,5,9,5,Pass,Successful,839,Villarreal,399047.0,Pape Gueye,96.5,5.0,90.7,12.3,,,,,"[{'type': {'displayName': 'Zone', 'value': 56}, 'value': 'Right'}, {'type': {'displayName': 'Length', 'value': 212}, 'value': '7.9'}, {'type': {'displayName': 'PassEndY', 'value': 141}, 'value': '12.3'}, {'type': {'displayName': 'Angle', 'value': 213}, 'value': '2.46'}, {'type': {'displayName': 'PassEndX', 'value': 140}, 'value': '90.7'}]",True,,,,,
1914099,FirstHalf,5,12,5,Pass,Unsuccessful,839,Villarreal,371027.0,Tajon Buchanan,96.0,24.2,95.8,26.3,,,,,"[{'type': {'displayName': 'OppositeRelatedEvent', 'value': 233}, 'value': '53'}, {'type': {'displayName': 'Offensive', 'value': 286}}, {'type': {'displayName': 'Angle', 'value': 213}, 'value': '1.72'}, {'type': {'displayName': 'Length', 'value': 212}, 'value': '1.4'}, {'type': {'displayName': 'PassEndX', 'value': 140}, 'value': '95.8'}, {'type': {'displayName': 'Zone', 'value': 56}, 'value': 'Center'}, {'type': {'displayName': 'PassEndY', 'value': 141}, 'value': '26.3'}]",True,,,,,
1914099,FirstHalf,5,12,5,BlockedPass,Successful,52,Real Madrid,369109.0,Eduardo Camavinga,4.2,73.7,,,,,,,"[{'type': {'displayName': 'Defensive', 'value': 285}}, {'type': {'displayName': 'Zone', 'value': 56}, 'value': 'Back'}, {'type': {'displayName': 'OppositeRelatedEvent', 'value': 233}, 'value': '41'}]",True,,,,,
1914099,FirstHalf,5,13,5,CornerAwarded,Successful,839,Villarreal,371027.0,Tajon Buchanan,95.8,26.8,,,,,,,"[{'type': {'displayName': 'Zone', 'value': 56}, 'value': 'Center'}, {'type': {'displayName': 'OppositeRelatedEvent', 'value': 233}, 'value': '54'}, {'type': {'displayName': 'MissRight', 'value': 75}}]",False,,,,,
1914099,FirstHalf,5,13,5,CornerAwarded,Unsuccessful,52,Real Madrid,369109.0,Eduardo Camavinga,4.2,73.2,,,,,,,"[{'type': {'displayName': 'Zone', 'value': 56}, 'value': 'Back'}, {'type': {'displayName': 'OppositeRelatedEvent', 'value': 233}, 'value': '42'}, {'type': {'displayName': 'MissLeft', 'value': 73}}]",False,,,,,
1914099,FirstHalf,5,47,5,Pass,Unsuccessful,839,Villarreal,28186.0,Dani Parejo,99.7,0.5,87.2,56.4,,,,,"[{'type': {'displayName': 'RightFoot', 'value': 20}}, {'type': {'displayName': 'Chipped', 'value': 155}}, {'type': {'displayName': 'CornerTaken', 'value': 6}}, {'type': {'displayName': 'Zone', 'value': 56}, 'value': 'Center'}, {'type': {'displayName': 'Length', 'value': 212}, 'value': '40.2'}, {'type': {'displayName': 'Longball', 'value': 1}}, {'type': {'displayName': 'PassEndX', 'value': 140}, 'value': '87.2'}, {'type': {'displayName': 'PassEndY', 'value': 141}, 'value': '56.4'}, {'type': {'displayName': 'Cross', 'value': 2}}, {'type': {'displayName': 'Angle', 'value': 213}, 'value': '1.90'}]",True,,,,,
1914099,FirstHalf,5,48,5,Clearance,Successful,52,Real Madrid,534899.0,Raúl Asencio,11.3,44.8,26.2,64.5,,,,,"[{'type': {'displayName': 'Angle', 'value': 213}, 'value': '0.71'}, {'type': {'displayName': 'PassEndX', 'value': 140}, 'value': '26.2'}, {'type': {'displayName': 'PassEndY', 'value': 141}, 'value': '64.5'}, {'type': {'displayName': 'Length', 'value': 212}, 'value': '20.6'}, {'type': {'displayName': 'Head', 'value': 15}}, {'type': {'displayName': 'Zone', 'value': 56}, 'value': 'Back'}]",True,,,,,
1914099,FirstHalf,5,51,5,Pass,Successful,839,Villarreal,448211.0,Alberto Moleiro,68.1,32.6,71.5,3.9,,,,,"[{'type': {'displayName': 'Zone', 'value': 56}, 'value': 'Right'}, {'type': {'displayName': 'Angle', 'value': 213}, 'value': '4.89'}, {'type': {'displayName': 'Length', 'value': 212}, 'value': '19.8'}, {'type': {'displayName': 'PassEndX', 'value': 140}, 'value': '71.5'}, {'type': {'displayName': 'PassEndY', 'value': 141}, 'value': '3.9'}]",True,,,,,
1914099,FirstHalf,5,54,5,Pass,Successful,839,Villarreal,28186.0,Dani Parejo,72.5,3.5,88.1,8.2,,,,,"[{'type': {'displayName': 'Angle', 'value': 213}, 'value': '0.19'}, {'type': {'displayName': 'Zone', 'value': 56}, 'value': 'Right'}, {'type': {'displayName': 'Length', 'value': 212}, 'value': '16.7'}, {'type': {'displayName': 'PassEndX', 'value': 140}, 'value': '88.1'}, {'type': {'displayName': 'PassEndY', 'value': 141}, 'value': '8.2'}]",True,,,,,
1914099,FirstHalf,6,0,6,TakeOn,Unsuccessful,839,Villarreal,448211.0,Alberto Moleiro,90.7,9.6,,,,,,,"[{'type': {'displayName': 'Offensive', 'value': 286}}, {'type': {'displayName': 'OppositeRelatedEvent', 'value': 233}, 'value': '56'}, {'type': {'displayName': 'Zone', 'value': 56}, 'value': 'Right'}]",True,,,,,
1914099,FirstHalf,6,0,6,Tackle,Successful,52,Real Madrid,379868.0,Jude Bellingham,9.3,90.4,,,,,,,"[{'type': {'displayName': 'OppositeRelatedEvent', 'value': 233}, 'value': '47'}, {'type': {'displayName': 'Zone', 'value': 56}, 'value': 'Back'}, {'type': {'displayName': 'StandingSave', 'value': 178}}, {'type': {'displayName': 'Defensive', 'value': 285}}]",True,,,,,
1914099,FirstHalf,6,2,6,BallRecovery,Successful,52,Real Madrid,379868.0,Jude Bellingham,2.5,91.6,,,,,,,[],False,,,,,
1914099,FirstHalf,6,4,6,Foul,Successful,52,Real Madrid,379868.0,Jude Bellingham,8.0,93.0,,,,,,,"[{'type': {'displayName': 'Defensive', 'value': 285}}, {'type': {'displayName': 'Foul', 'value': 13}}, {'type': {'displayName': 'Zone', 'value': 56}, 'value': 'Back'}, {'type': {'displayName': 'OppositeRelatedEvent', 'value': 233}, 'value': '48'}]",True,,,,,
1914099,FirstHalf,6,4,6,Foul,Unsuccessful,839,Villarreal,448211.0,Alberto Moleiro,91.9,6.9,,,,,,,"[{'type': {'displayName': 'Zone', 'value': 56}, 'value': 'Right'}, {'type': {'displayName': 'Foul', 'value': 13}}, {'type': {'displayName': 'Offensive', 'value': 286}}, {'type': {'displayName': 'OppositeRelatedEvent', 'value': 233}, 'value': '59'}]",False,,,,,
1914099,FirstHalf,6,11,6,Pass,Successful,52,Real Madrid,379868.0,Jude Bellingham,6.7,89.8,20.9,22.3,,,,,"[{'type': {'displayName': 'PassEndX', 'value': 140}, 'value': '20.9'}, {'type': {'displayName': 'PassEndY', 'value': 141}, 'value': '22.3'}, {'type': {'displayName': 'Zone', 'value': 56}, 'value': 'Back'}, {'type': {'displayName': 'Longball', 'value': 1}}, {'type': {'displayName': 'Length', 'value': 212}, 'value': '48.3'}, {'type': {'displayName': 'Angle', 'value': 213}, 'value': '5.03'}, {'type': {'displayName': 'Chipped', 'value': 155}}, {'type': {'displayName': 'FreekickTaken', 'value': 5}}]",True,,,,,
1914099,FirstHalf,6,21,6,Pass,Successful,52,Real Madrid,344644.0,Federico Valverde,39.3,60.3,49.8,89.1,,,,,"[{'type': {'displayName': 'Zone', 'value': 56}, 'value': 'Back'}, {'type': {'displayName': 'Length', 'value': 212}, 'value': '22.5'}, {'type': {'displayName': 'PassEndY', 'value': 141}, 'value': '89.1'}, {'type': {'displayName': 'PassEndX', 'value': 140}, 'value': '49.8'}, {'type': {'displayName': 'Angle', 'value': 213}, 'value': '1.06'}]",True,,,,,
1914099,FirstHalf,6,26,6,Pass,Successful,52,Real Madrid,379868.0,Jude Bellingham,52.1,89.2,60.0,96.0,,,,,"[{'type': {'displayName': 'Angle', 'value': 213}, 'value': '0.51'}, {'type': {'displayName': 'Length', 'value': 212}, 'value': '9.5'}, {'type': {'displayName': 'PassEndY', 'value': 141}, 'value': '96.0'}, {'type': {'displayName': 'Zone', 'value': 56}, 'value': 'Left'}, {'type': {'displayName': 'PassEndX', 'value': 140}, 'value': '60.0'}]",True,,,,,
1914099,FirstHalf,6,27,6,Pass,Successful,52,Real Madrid,337782.0,Vinícius Júnior,60.0,96.0,55.1,90.7,,,,,"[{'type': {'displayName': 'PassEndX', 'value': 140}, 'value': '55.1'}, {'type': {'displayName': 'Zone', 'value': 56}, 'value': 'Left'}, {'type': {'displayName': 'Angle', 'value': 213}, 'value': '3.75'}, {'type': {'displayName': 'Length', 'value': 212}, 'value': '6.3'}, {'type': {'displayName': 'PassEndY', 'value': 141}, 'value': '90.7'}]",True,,,,,
1914099,FirstHalf,6,27,6,Pass,Successful,52,Real Madrid,379868.0,Jude Bellingham,55.1,90.7,40.0,65.4,,,,,"[{'type': {'displayName': 'Angle', 'value': 213}, 'value': '3.97'}, {'type': {'displayName': 'Length', 'value': 212}, 'value': '23.4'}, {'type': {'displayName': 'PassEndX', 'value': 140}, 'value': '40.0'}, {'type': {'displayName': 'Zone', 'value': 56}, 'value': 'Back'}, {'type': {'displayName': 'PassEndY', 'value': 141}, 'value': '65.4'}]",True,,,,,
1914099,FirstHalf,6,30,6,Pass,Successful,52,Real Madrid,415181.0,Arda Güler,39.2,62.8,35.3,29.4,,,,,"[{'type': {'displayName': 'Length', 'value': 212}, 'value': '23.1'}, {'type': {'displayName': 'Angle', 'value': 213}, 'value': '4.53'}, {'type': {'displayName': 'PassEndX', 'value': 140}, 'value': '35.3'}, {'type': {'displayName': 'Zone', 'value': 56}, 'value': 'Back'}, {'type': {'displayName': 'PassEndY', 'value': 141}, 'value': '29.4'}]",True,,,,,
1914099,FirstHalf,6,33,6,Pass,Successful,52,Real Madrid,534899.0,Raúl Asencio,35.3,29.4,62.9,5.5,,,,,"[{'type': {'displayName': 'Longball', 'value': 1}}, {'type': {'displayName': 'Length', 'value': 212}, 'value': '33.2'}, {'type': {'displayName': 'Angle', 'value': 213}, 'value': '5.77'}, {'type': {'displayName': 'PassEndX', 'value': 140}, 'value': '62.9'}, {'type': {'displayName': 'Zone', 'value': 56}, 'value': 'Right'}, {'type': {'displayName': 'PassEndY', 'value': 141}, 'value': '5.5'}]",True,,,,,
1914099,FirstHalf,6,38,6,Pass,Successful,52,Real Madrid,514810.0,Franco Mastantuono,42.8,11.8,29.4,28.3,,,,,"[{'type': {'displayName': 'Length', 'value': 212}, 'value': '18.0'}, {'type': {'displayName': 'PassEndY', 'value': 141}, 'value': '28.3'}, {'type': {'displayName': 'PassEndX', 'value': 140}, 'value': '29.4'}, {'type': {'displayName': 'Angle', 'value': 213}, 'value': '2.47'}, {'type': {'displayName': 'Zone', 'value': 56}, 'value': 'Back'}]",True,,,,,
1914099,FirstHalf,6,42,6,Pass,Successful,52,Real Madrid,534899.0,Raúl Asencio,25.9,37.6,7.6,57.7,,,,,"[{'type': {'displayName': 'Length', 'value': 212}, 'value': '23.6'}, {'type': {'displayName': 'PassEndX', 'value': 140}, 'value': '7.6'}, {'type': {'displayName': 'Zone', 'value': 56}, 'value': 'Back'}, {'type': {'displayName': 'PassEndY', 'value': 141}, 'value': '57.7'}, {'type': {'displayName': 'Angle', 'value': 213}, 'value': '2.52'}]",True,,,,,
1914099,FirstHalf,6,46,6,Pass,Unsuccessful,52,Real Madrid,73798.0,Thibaut Courtois,8.1,65.7,66.9,81.3,,,,,"[{'type': {'displayName': 'Longball', 'value': 1}}, {'type': {'displayName': 'Length', 'value': 212}, 'value': '62.6'}, {'type': {'displayName': 'Angle', 'value': 213}, 'value': '0.17'}, {'type': {'displayName': 'Zone', 'value': 56}, 'value': 'Left'}, {'type': {'displayName': 'PassEndY', 'value': 141}, 'value': '81.3'}, {'type': {'displayName': 'PassEndX', 'value': 140}, 'value': '66.9'}]",True,,,,,
1914099,FirstHalf,6,50,6,Clearance,Successful,839,Villarreal,335107.0,Juan Foyth,28.8,24.8,34.5,38.2,,,,,"[{'type': {'displayName': 'PassEndY', 'value': 141}, 'value': '38.2'}, {'type': {'displayName': 'PassEndX', 'value': 140}, 'value': '34.5'}, {'type': {'displayName': 'Length', 'value': 212}, 'value': '10.9'}, {'type': {'displayName': 'Zone', 'value': 56}, 'value': 'Back'}, {'type': {'displayName': 'Angle', 'value': 213}, 'value': '0.99'}]",True,,,,,
1914099,FirstHalf,6,52,6,Pass,Unsuccessful,839,Villarreal,28186.0,Dani Parejo,34.9,40.6,48.3,89.7,,,,,"[{'type': {'displayName': 'Length', 'value': 212}, 'value': '36.2'}, {'type': {'displayName': 'PassEndY', 'value': 141}, 'value': '89.7'}, {'type': {'displayName': 'Zone', 'value': 56}, 'value': 'Back'}, {'type': {'displayName': 'Angle', 'value': 213}, 'value': '1.17'}, {'type': {'displayName': 'PassEndX', 'value': 140}, 'value': '48.3'}, {'type': {'displayName': 'Longball', 'value': 1}}, {'type': {'displayName': 'HeadPass', 'value': 3}}]",True,,,,,
1914099,FirstHalf,7,1,7,Pass,Successful,52,Real Madrid,344644.0,Federico Valverde,47.1,19.9,36.3,58.2,,,,,"[{'type': {'displayName': 'PassEndY', 'value': 141}, 'value': '58.2'}, {'type': {'displayName': 'Zone', 'value': 56}, 'value': 'Back'}, {'type': {'displayName': 'Length', 'value': 212}, 'value': '28.4'}, {'type': {'displayName': 'PassEndX', 'value': 140}, 'value': '36.3'}, {'type': {'displayName': 'Angle', 'value': 213}, 'value': '1.98'}]",True,,,,,
1914099,FirstHalf,7,3,7,Pass,Successful,52,Real Madrid,468852.0,Dean Huijsen,36.1,57.3,46.1,49.3,,,,,"[{'type': {'displayName': 'PassEndY', 'value': 141}, 'value': '49.3'}, {'type': {'displayName': 'PassEndX', 'value': 140}, 'value': '46.1'}, {'type': {'displayName': 'Length', 'value': 212}, 'value': '11.8'}, {'type': {'displayName': 'Angle', 'value': 213}, 'value': '5.81'}, {'type': {'displayName': 'Zone', 'value': 56}, 'value': 'Back'}]",True,,,,,
1914099,FirstHalf,7,6,7,Pass,Successful,52,Real Madrid,369109.0,Eduardo Camavinga,45.4,56.8,44.4,87.6,,,,,"[{'type': {'displayName': 'PassEndX', 'value': 140}, 'value': '44.4'}, {'type': {'displayName': 'Angle', 'value': 213}, 'value': '1.62'}, {'type': {'displayName': 'PassEndY', 'value': 141}, 'value': '87.6'}, {'type': {'displayName': 'Length', 'value': 212}, 'value': '21.0'}, {'type': {'displayName': 'Zone', 'value': 56}, 'value': 'Back'}]",True,,,,,
1914099,FirstHalf,7,8,7,Pass,Successful,52,Real Madrid,437583.0,Álvaro Carreras,52.4,86.4,59.6,96.6,,,,,"[{'type': {'displayName': 'PassEndX', 'value': 140}, 'value': '59.6'}, {'type': {'displayName': 'PassEndY', 'value': 141}, 'value': '96.6'}, {'type': {'displayName': 'Length', 'value': 212}, 'value': '10.3'}, {'type': {'displayName': 'Zone', 'value': 56}, 'value': 'Left'}, {'type': {'displayName': 'Angle', 'value': 213}, 'value': '0.74'}]",True,,,,,
1914099,FirstHalf,7,12,7,Pass,Successful,52,Real Madrid,337782.0,Vinícius Júnior,56.8,94.0,50.6,86.7,,,,,"[{'type': {'displayName': 'Length', 'value': 212}, 'value': '8.2'}, {'type': {'displayName': 'PassEndX', 'value': 140}, 'value': '50.6'}, {'type': {'displayName': 'Zone', 'value': 56}, 'value': 'Left'}, {'type': {'displayName': 'Angle', 'value': 213}, 'value': '3.79'}, {'type': {'displayName': 'PassEndY', 'value': 141}, 'value': '86.7'}]",True,,,,,
1914099,FirstHalf,7,14,7,Pass,Successful,52,Real Madrid,437583.0,Álvaro Carreras,51.1,87.1,41.6,64.0,,,,,"[{'type': {'displayName': 'PassEndY', 'value': 141}, 'value': '64.0'}, {'type': {'displayName': 'Zone', 'value': 56}, 'value': 'Back'}, {'type': {'displayName': 'PassEndX', 'value': 140}, 'value': '41.6'}, {'type': {'displayName': 'Length', 'value': 212}, 'value': '18.6'}, {'type': {'displayName': 'Angle', 'value': 213}, 'value': '4.15'}]",True,,,,,
1914099,FirstHalf,7,16,7,Pass,Unsuccessful,52,Real Madrid,468852.0,Dean Huijsen,41.6,64.0,74.5,4.8,,,,,"[{'type': {'displayName': 'Longball', 'value': 1}}, {'type': {'displayName': 'Angle', 'value': 213}, 'value': '5.42'}, {'type': {'displayName': 'PassEndX', 'value': 140}, 'value': '74.5'}, {'type': {'displayName': 'Zone', 'value': 56}, 'value': 'Right'}, {'type': {'displayName': 'Chipped', 'value': 155}}, {'type': {'displayName': 'Length', 'value': 212}, 'value': '53.0'}, {'type': {'displayName': 'PassEndY', 'value': 141}, 'value': '4.8'}]",True,,,,,
1914099,FirstHalf,7,22,7,BallTouch,Successful,839,Villarreal,276489.0,Alfonso Pedraza,24.3,97.1,,,,,,,"[{'type': {'displayName': 'Zone', 'value': 56}, 'value': 'Back'}]",True,,,,,
1914099,FirstHalf,7,23,7,BallRecovery,Successful,839,Villarreal,448211.0,Alberto Moleiro,28.4,91.8,,,,,,,[],False,,,,,
1914099,FirstHalf,7,24,7,Pass,Successful,839,Villarreal,448211.0,Alberto Moleiro,29.3,92.9,18.7,94.9,,,,,"[{'type': {'displayName': 'PassEndX', 'value': 140}, 'value': '18.7'}, {'type': {'displayName': 'Length', 'value': 212}, 'value': '11.2'}, {'type': {'displayName': 'Zone', 'value': 56}, 'value': 'Back'}, {'type': {'displayName': 'PassEndY', 'value': 141}, 'value': '94.9'}, {'type': {'displayName': 'Angle', 'value': 213}, 'value': '3.02'}]",True,,,,,
1914099,FirstHalf,7,25,7,Pass,Successful,839,Villarreal,276489.0,Alfonso Pedraza,19.1,94.6,19.6,68.6,,,,,"[{'type': {'displayName': 'Angle', 'value': 213}, 'value': '4.74'}, {'type': {'displayName': 'Length', 'value': 212}, 'value': '17.7'}, {'type': {'displayName': 'PassEndY', 'value': 141}, 'value': '68.6'}, {'type': {'displayName': 'Zone', 'value': 56}, 'value': 'Back'}, {'type': {'displayName': 'PassEndX', 'value': 140}, 'value': '19.6'}]",True,,,,,
1914099,FirstHalf,7,26,7,Pass,Successful,839,Villarreal,434077.0,Renato Veiga,19.6,69.0,25.0,65.9,,,,,"[{'type': {'displayName': 'Angle', 'value': 213}, 'value': '5.93'}, {'type': {'displayName': 'Zone', 'value': 56}, 'value': 'Back'}, {'type': {'displayName': 'Length', 'value': 212}, 'value': '6.0'}, {'type': {'displayName': 'PassEndY', 'value': 141}, 'value': '65.9'}, {'type': {'displayName': 'PassEndX', 'value': 140}, 'value': '25.0'}]",True,,,,,
1914099,FirstHalf,7,27,7,BallTouch,Unsuccessful,839,Villarreal,28186.0,Dani Parejo,25.0,65.9,,,,,,,"[{'type': {'displayName': 'Zone', 'value': 56}, 'value': 'Back'}]",True,,,,,
1914099,FirstHalf,7,27,7,BallRecovery,Successful,52,Real Madrid,514810.0,Franco Mastantuono,72.9,43.9,,,,,,,[],False,,,,,
1914099,FirstHalf,7,29,7,TakeOn,Unsuccessful,52,Real Madrid,514810.0,Franco Mastantuono,80.6,49.7,,,,,,,"[{'type': {'displayName': 'OppositeRelatedEvent', 'value': 233}, 'value': '58'}, {'type': {'displayName': 'Zone', 'value': 56}, 'value': 'Center'}, {'type': {'displayName': 'Offensive', 'value': 286}}]",True,,,,,
1914099,FirstHalf,7,29,7,Tackle,Unsuccessful,839,Villarreal,434077.0,Renato Veiga,19.4,50.3,,,,,,,"[{'type': {'displayName': 'Zone', 'value': 56}, 'value': 'Back'}, {'type': {'displayName': 'Defensive', 'value': 285}}, {'type': {'displayName': 'StandingSave', 'value': 178}}, {'type': {'displayName': 'OppositeRelatedEvent', 'value': 233}, 'value': '78'}]",True,,,,,
1914099,FirstHalf,7,31,7,Pass,Successful,52,Real Madrid,379868.0,Jude Bellingham,71.9,52.6,74.9,64.2,,,,,"[{'type': {'displayName': 'Zone', 'value': 56}, 'value': 'Center'}, {'type': {'displayName': 'Length', 'value': 212}, 'value': '8.5'}, {'type': {'displayName': 'PassEndX', 'value': 140}, 'value': '74.9'}, {'type': {'displayName': 'PassEndY', 'value': 141}, 'value': '64.2'}, {'type': {'displayName': 'Angle', 'value': 213}, 'value': '1.19'}]",True,,,,,
1914099,FirstHalf,7,32,7,Pass,Successful,52,Real Madrid,300713.0,Kylian Mbappé,74.9,64.2,85.3,77.2,,,,,"[{'type': {'displayName': 'PassEndY', 'value': 141}, 'value': '77.2'}, {'type': {'displayName': 'Zone', 'value': 56}, 'value': 'Center'}, {'type': {'displayName': 'PassEndX', 'value': 140}, 'value': '85.3'}, {'type': {'displayName': 'Length', 'value': 212}, 'value': '14.0'}, {'type': {'displayName': 'Angle', 'value': 213}, 'value': '0.68'}]",True,,,,,
1914099,FirstHalf,7,35,7,Pass,Unsuccessful,52,Real Madrid,337782.0,Vinícius Júnior,83.5,76.6,84.7,71.7,,,,,"[{'type': {'displayName': 'Angle', 'value': 213}, 'value': '5.07'}, {'type': {'displayName': 'RightFoot', 'value': 20}}, {'type': {'displayName': 'Cross', 'value': 2}}, {'type': {'displayName': 'Chipped', 'value': 155}}, {'type': {'displayName': 'Zone', 'value': 56}, 'value': 'Center'}, {'type': {'displayName': 'Length', 'value': 212}, 'value': '3.6'}, {'type': {'displayName': 'PassEndX', 'value': 140}, 'value': '84.7'}, {'type': {'displayName': 'PassEndY', 'value': 141}, 'value': '71.7'}]",True,,,,,
1914099,FirstHalf,7,35,7,BallTouch,Successful,839,Villarreal,434077.0,Renato Veiga,13.7,31.0,,,,,,,"[{'type': {'displayName': 'Zone', 'value': 56}, 'value': 'Back'}]",True,,,,,
1914099,FirstHalf,7,38,7,Pass,Successful,52,Real Madrid,337782.0,Vinícius Júnior,81.7,94.3,75.4,87.4,,,,,"[{'type': {'displayName': 'Angle', 'value': 213}, 'value': '3.76'}, {'type': {'displayName': 'PassEndX', 'value': 140}, 'value': '75.4'}, {'type': {'displayName': 'Length', 'value': 212}, 'value': '8.1'}, {'type': {'displayName': 'PassEndY', 'value': 141}, 'value': '87.4'}, {'type': {'displayName': 'Zone', 'value': 56}, 'value': 'Left'}]",True,,,,,
1914099,FirstHalf,7,39,7,Dispossessed,Successful,52,Real Madrid,437583.0,Álvaro Carreras,75.2,88.1,,,,,,,"[{'type': {'displayName': 'Zone', 'value': 56}, 'value': 'Left'}, {'type': {'displayName': 'Offensive', 'value': 286}}, {'type': {'displayName': 'OppositeRelatedEvent', 'value': 233}, 'value': '60'}]",True,,,,,
1914099,FirstHalf,7,39,7,Tackle,Successful,839,Villarreal,97659.0,Gerard Moreno,24.8,11.9,,,,,,,"[{'type': {'displayName': 'StandingSave', 'value': 178}}, {'type': {'displayName': 'Zone', 'value': 56}, 'value': 'Back'}, {'type': {'displayName': 'Defensive', 'value': 285}}, {'type': {'displayName': 'OppositeRelatedEvent', 'value': 233}, 'value': '83'}]",True,,,,,
1914099,FirstHalf,7,41,7,Pass,Successful,839,Villarreal,537235.0,Pau Navarro,17.7,25.4,20.4,12.1,,,,,"[{'type': {'displayName': 'Length', 'value': 212}, 'value': '9.5'}, {'type': {'displayName': 'PassEndY', 'value': 141}, 'value': '12.1'}, {'type': {'displayName': 'Angle', 'value': 213}, 'value': '5.02'}, {'type': {'displayName': 'Zone', 'value': 56}, 'value': 'Back'}, {'type': {'displayName': 'PassEndX', 'value': 140}, 'value': '20.4'}]",True,,,,,
1914099,FirstHalf,7,42,7,BallRecovery,Successful,839,Villarreal,371027.0,Tajon Buchanan,29.6,15.7,,,,,,,[],False,,,,,
1914099,FirstHalf,7,43,7,Pass,Successful,839,Villarreal,371027.0,Tajon Buchanan,32.1,14.8,61.3,15.0,,,,,"[{'type': {'displayName': 'PassEndX', 'value': 140}, 'value': '61.3'}, {'type': {'displayName': 'Length', 'value': 212}, 'value': '30.7'}, {'type': {'displayName': 'Angle', 'value': 213}, 'value': '0.00'}, {'type': {'displayName': 'Zone', 'value': 56}, 'value': 'Right'}, {'type': {'displayName': 'PassEndY', 'value': 141}, 'value': '15.0'}]",True,,,,,
1914099,FirstHalf,7,45,7,TakeOn,Unsuccessful,839,Villarreal,389020.0,Georges Mikautadze,59.6,21.1,,,,,,,"[{'type': {'displayName': 'OppositeRelatedEvent', 'value': 233}, 'value': '84'}, {'type': {'displayName': 'Offensive', 'value': 286}}, {'type': {'displayName': 'Zone', 'value': 56}, 'value': 'Right'}]",True,,,,,
1914099,FirstHalf,7,45,7,Tackle,Successful,52,Real Madrid,468852.0,Dean Huijsen,40.4,78.9,,,,,,,"[{'type': {'displayName': 'Zone', 'value': 56}, 'value': 'Back'}, {'type': {'displayName': 'OppositeRelatedEvent', 'value': 233}, 'value': '87'}, {'type': {'displayName': 'Defensive', 'value': 285}}]",True,,,,,
1914099,FirstHalf,7,47,7,BallRecovery,Successful,52,Real Madrid,534899.0,Raúl Asencio,26.2,64.0,,,,,,,[],False,,,,,
1914099,FirstHalf,7,48,7,Pass,Successful,52,Real Madrid,534899.0,Raúl Asencio,26.6,62.4,7.3,56.1,,,,,"[{'type': {'displayName': 'PassEndX', 'value': 140}, 'value': '7.3'}, {'type': {'displayName': 'Zone', 'value': 56}, 'value': 'Back'}, {'type': {'displayName': 'Length', 'value': 212}, 'value': '20.7'}, {'type': {'displayName': 'Angle', 'value': 213}, 'value': '3.35'}, {'type': {'displayName': 'PassEndY', 'value': 141}, 'value': '56.1'}]",True,,,,,
1914099,FirstHalf,7,49,7,Pass,Successful,52,Real Madrid,73798.0,Thibaut Courtois,7.3,56.1,13.0,91.6,,,,,"[{'type': {'displayName': 'PassEndY', 'value': 141}, 'value': '91.6'}, {'type': {'displayName': 'Length', 'value': 212}, 'value': '24.9'}, {'type': {'displayName': 'Angle', 'value': 213}, 'value': '1.33'}, {'type': {'displayName': 'PassEndX', 'value': 140}, 'value': '13.0'}, {'type': {'displayName': 'Zone', 'value': 56}, 'value': 'Back'}]",True,,,,,
1914099,FirstHalf,7,52,7,Pass,Successful,52,Real Madrid,468852.0,Dean Huijsen,13.0,91.6,24.0,73.0,,,,,"[{'type': {'displayName': 'PassEndY', 'value': 141}, 'value': '73.0'}, {'type': {'displayName': 'Zone', 'value': 56}, 'value': 'Back'}, {'type': {'displayName': 'Angle', 'value': 213}, 'value': '5.45'}, {'type': {'displayName': 'PassEndX', 'value': 140}, 'value': '24.0'}, {'type': {'displayName': 'Length', 'value': 212}, 'value': '17.1'}]",True,,,,,
1914099,FirstHalf,7,57,7,Pass,Successful,52,Real Madrid,369109.0,Eduardo Camavinga,27.4,62.5,32.9,8.2,,,,,"[{'type': {'displayName': 'PassEndY', 'value': 141}, 'value': '8.2'}, {'type': {'displayName': 'Angle', 'value': 213}, 'value': '4.87'}, {'type': {'displayName': 'PassEndX', 'value': 140}, 'value': '32.9'}, {'type': {'displayName': 'Zone', 'value': 56}, 'value': 'Back'}, {'type': {'displayName': 'Length', 'value': 212}, 'value': '37.4'}, {'type': {'displayName': 'Longball', 'value': 1}}]",True,,,,,
1914099,FirstHalf,8,2,8,Pass,Successful,52,Real Madrid,344644.0,Federico Valverde,42.0,11.2,42.5,28.2,,,,,"[{'type': {'displayName': 'PassEndX', 'value': 140}, 'value': '42.5'}, {'type': {'displayName': 'Zone', 'value': 56}, 'value': 'Back'}, {'type': {'displayName': 'PassEndY', 'value': 141}, 'value': '28.2'}, {'type': {'displayName': 'Length', 'value': 212}, 'value': '11.6'}, {'type': {'displayName': 'Angle', 'value': 213}, 'value': '1.53'}]",True,,,,,
1914099,FirstHalf,8,3,8,Pass,Successful,52,Real Madrid,369109.0,Eduardo Camavinga,42.5,28.2,57.1,8.8,,,,,"[{'type': {'displayName': 'Angle', 'value': 213}, 'value': '5.57'}, {'type': {'displayName': 'Length', 'value': 212}, 'value': '20.2'}, {'type': {'displayName': 'PassEndX', 'value': 140}, 'value': '57.1'}, {'type': {'displayName': 'PassEndY', 'value': 141}, 'value': '8.8'}, {'type': {'displayName': 'Zone', 'value': 56}, 'value': 'Right'}]",True,,,,,
1914099,FirstHalf,8,5,8,Pass,Successful,52,Real Madrid,415181.0,Arda Güler,57.0,8.8,65.6,4.8,,,,,"[{'type': {'displayName': 'PassEndX', 'value': 140}, 'value': '65.6'}, {'type': {'displayName': 'Zone', 'value': 56}, 'value': 'Right'}, {'type': {'displayName': 'Angle', 'value': 213}, 'value': '5.99'}, {'type': {'displayName': 'Length', 'value': 212}, 'value': '9.4'}, {'type': {'displayName': 'PassEndY', 'value': 141}, 'value': '4.8'}]",True,,,,,
1914099,FirstHalf,8,7,8,Pass,Successful,52,Real Madrid,514810.0,Franco Mastantuono,60.4,6.0,39.4,9.1,,,,,"[{'type': {'displayName': 'PassEndX', 'value': 140}, 'value': '39.4'}, {'type': {'displayName': 'Length', 'value': 212}, 'value': '22.2'}, {'type': {'displayName': 'Zone', 'value': 56}, 'value': 'Back'}, {'type': {'displayName': 'PassEndY', 'value': 141}, 'value': '9.1'}, {'type': {'displayName': 'Angle', 'value': 213}, 'value': '3.05'}]",True,,,,,
1914099,FirstHalf,8,9,8,Pass,Successful,52,Real Madrid,415181.0,Arda Güler,39.3,11.1,30.4,42.6,,,,,"[{'type': {'displayName': 'Length', 'value': 212}, 'value': '23.4'}, {'type': {'displayName': 'Angle', 'value': 213}, 'value': '1.98'}, {'type': {'displayName': 'Zone', 'value': 56}, 'value': 'Back'}, {'type': {'displayName': 'PassEndY', 'value': 141}, 'value': '42.6'}, {'type': {'displayName': 'PassEndX', 'value': 140}, 'value': '30.4'}]",True,,,,,
1914099,FirstHalf,8,13,8,Pass,Successful,52,Real Madrid,534899.0,Raúl Asencio,32.0,48.1,39.6,93.6,,,,,"[{'type': {'displayName': 'PassEndY', 'value': 141}, 'value': '93.6'}, {'type': {'displayName': 'Angle', 'value': 213}, 'value': '1.32'}, {'type': {'displayName': 'PassEndX', 'value': 140}, 'value': '39.6'}, {'type': {'displayName': 'Length', 'value': 212}, 'value': '32.0'}, {'type': {'displayName': 'Chipped', 'value': 155}}, {'type': {'displayName': 'Zone', 'value': 56}, 'value': 'Back'}]",True,,,,,
1914099,FirstHalf,8,15,8,Pass,Successful,52,Real Madrid,437583.0,Álvaro Carreras,39.6,93.6,54.0,92.4,,,,,"[{'type': {'displayName': 'PassEndX', 'value': 140}, 'value': '54.0'}, {'type': {'displayName': 'Zone', 'value': 56}, 'value': 'Left'}, {'type': {'displayName': 'PassEndY', 'value': 141}, 'value': '92.4'}, {'type': {'displayName': 'Angle', 'value': 213}, 'value': '6.23'}, {'type': {'displayName': 'Length', 'value': 212}, 'value': '15.1'}]",True,,,,,
1914099,FirstHalf,8,18,8,BallTouch,Unsuccessful,52,Real Madrid,337782.0,Vinícius Júnior,46.3,88.2,,,,,,,"[{'type': {'displayName': 'Zone', 'value': 56}, 'value': 'Back'}]",True,,,,,
1914099,FirstHalf,8,19,8,BallRecovery,Successful,839,Villarreal,371027.0,Tajon Buchanan,58.5,12.7,,,,,,,[],False,,,,,
1914099,FirstHalf,8,20,8,TakeOn,Successful,839,Villarreal,371027.0,Tajon Buchanan,63.1,10.2,,,,,,,"[{'type': {'displayName': 'OppositeRelatedEvent', 'value': 233}, 'value': '98'}, {'type': {'displayName': 'Zone', 'value': 56}, 'value': 'Right'}, {'type': {'displayName': 'Offensive', 'value': 286}}]",True,,,,,
1914099,FirstHalf,8,20,8,Challenge,Unsuccessful,52,Real Madrid,437583.0,Álvaro Carreras,36.9,89.8,,,,,,,"[{'type': {'displayName': 'Zone', 'value': 56}, 'value': 'Back'}, {'type': {'displayName': 'Defensive', 'value': 285}}, {'type': {'displayName': 'OppositeRelatedEvent', 'value': 233}, 'value': '66'}]",False,,,,,
1914099,FirstHalf,8,23,8,Dispossessed,Successful,839,Villarreal,371027.0,Tajon Buchanan,62.6,3.2,,,,,,,"[{'type': {'displayName': 'Zone', 'value': 56}, 'value': 'Right'}, {'type': {'displayName': 'OppositeRelatedEvent', 'value': 233}, 'value': '99'}, {'type': {'displayName': 'Offensive', 'value': 286}}]",True,,,,,
1914099,FirstHalf,8,23,8,Tackle,Successful,52,Real Madrid,369109.0,Eduardo Camavinga,37.4,96.8,,,,,,,"[{'type': {'displayName': 'OppositeRelatedEvent', 'value': 233}, 'value': '67'}, {'type': {'displayName': 'Defensive', 'value': 285}}, {'type': {'displayName': 'Zone', 'value': 56}, 'value': 'Back'}, {'type': {'displayName': 'StandingSave', 'value': 178}}]",True,,,,,
1914099,FirstHalf,8,40,8,Pass,Successful,839,Villarreal,537235.0,Pau Navarro,55.4,0.0,43.7,7.7,,,,,"[{'type': {'displayName': 'PassEndY', 'value': 141}, 'value': '7.7'}, {'type': {'displayName': 'ThrowIn', 'value': 107}}, {'type': {'displayName': 'PassEndX', 'value': 140}, 'value': '43.7'}, {'type': {'displayName': 'Angle', 'value': 213}, 'value': '2.66'}, {'type': {'displayName': 'Zone', 'value': 56}, 'value': 'Back'}, {'type': {'displayName': 'Length', 'value': 212}, 'value': '13.8'}]",True,,,,,
1914099,FirstHalf,8,42,8,Pass,Successful,839,Villarreal,335107.0,Juan Foyth,43.7,7.7,29.1,49.1,,,,,"[{'type': {'displayName': 'PassEndX', 'value': 140}, 'value': '29.1'}, {'type': {'displayName': 'Length', 'value': 212}, 'value': '32.1'}, {'type': {'displayName': 'Zone', 'value': 56}, 'value': 'Back'}, {'type': {'displayName': 'PassEndY', 'value': 141}, 'value': '49.1'}, {'type': {'displayName': 'Longball', 'value': 1}}, {'type': {'displayName': 'Angle', 'value': 213}, 'value': '2.07'}]",True,,,,,
1914099,FirstHalf,8,47,8,Pass,Unsuccessful,839,Villarreal,434077.0,Renato Veiga,31.0,54.7,39.0,72.6,,,,,"[{'type': {'displayName': 'PassEndX', 'value': 140}, 'value': '39.0'}, {'type': {'displayName': 'Zone', 'value': 56}, 'value': 'Back'}, {'type': {'displayName': 'Length', 'value': 212}, 'value': '14.8'}, {'type': {'displayName': 'PassEndY', 'value': 141}, 'value': '72.6'}, {'type': {'displayName': 'Angle', 'value': 213}, 'value': '0.97'}]",True,,,,,
1914099,FirstHalf,8,48,8,Interception,Successful,52,Real Madrid,514810.0,Franco Mastantuono,61.0,27.4,,,,,,,"[{'type': {'displayName': 'Zone', 'value': 56}, 'value': 'Center'}]",True,,,,,
1914099,FirstHalf,8,49,8,BallRecovery,Successful,52,Real Madrid,514810.0,Franco Mastantuono,64.2,33.9,,,,,,,[],False,,,,,
1914099,FirstHalf,8,51,8,Pass,Successful,52,Real Madrid,514810.0,Franco Mastantuono,68.8,32.5,84.8,23.2,,,,,"[{'type': {'displayName': 'Angle', 'value': 213}, 'value': '5.92'}, {'type': {'displayName': 'Length', 'value': 212}, 'value': '18.0'}, {'type': {'displayName': 'PassEndX', 'value': 140}, 'value': '84.8'}, {'type': {'displayName': 'Zone', 'value': 56}, 'value': 'Center'}, {'type': {'displayName': 'PassEndY', 'value': 141}, 'value': '23.2'}]",True,,,,,
1914099,FirstHalf,8,53,8,Challenge,Unsuccessful,839,Villarreal,434077.0,Renato Veiga,19.1,72.2,,,,,,,"[{'type': {'displayName': 'Defensive', 'value': 285}}, {'type': {'displayName': 'Zone', 'value': 56}, 'value': 'Back'}, {'type': {'displayName': 'OppositeRelatedEvent', 'value': 233}, 'value': '104'}]",False,,,,,
1914099,FirstHalf,8,53,8,TakeOn,Successful,52,Real Madrid,300713.0,Kylian Mbappé,80.9,27.8,,,,,,,"[{'type': {'displayName': 'OppositeRelatedEvent', 'value': 233}, 'value': '72'}, {'type': {'displayName': 'Zone', 'value': 56}, 'value': 'Center'}, {'type': {'displayName': 'Offensive', 'value': 286}}]",True,,,,,
1914099,FirstHalf,8,54,8,Dispossessed,Successful,52,Real Madrid,300713.0,Kylian Mbappé,77.2,30.0,,,,,,,"[{'type': {'displayName': 'Zone', 'value': 56}, 'value': 'Center'}, {'type': {'displayName': 'OppositeRelatedEvent', 'value': 233}, 'value': '73'}, {'type': {'displayName': 'Offensive', 'value': 286}}]",True,,,,,
1914099,FirstHalf,8,54,8,Tackle,Successful,839,Villarreal,276489.0,Alfonso Pedraza,22.7,70.0,,,,,,,"[{'type': {'displayName': 'OppositeRelatedEvent', 'value': 233}, 'value': '105'}, {'type': {'displayName': 'Defensive', 'value': 285}}, {'type': {'displayName': 'Zone', 'value': 56}, 'value': 'Back'}, {'type': {'displayName': 'StandingSave', 'value': 178}}]",True,,,,,
1914099,FirstHalf,8,57,8,Clearance,Successful,839,Villarreal,335107.0,Juan Foyth,15.2,51.4,24.8,58.0,,,,,"[{'type': {'displayName': 'PassEndY', 'value': 141}, 'value': '58.0'}, {'type': {'displayName': 'PassEndX', 'value': 140}, 'value': '24.8'}, {'type': {'displayName': 'Angle', 'value': 213}, 'value': '0.42'}, {'type': {'displayName': 'Zone', 'value': 56}, 'value': 'Back'}, {'type': {'displayName': 'Length', 'value': 212}, 'value': '11.0'}]",True,,,,,
1914099,FirstHalf,8,59,8,TakeOn,Unsuccessful,839,Villarreal,448211.0,Alberto Moleiro,25.3,56.4,,,,,,,"[{'type': {'displayName': 'Zone', 'value': 56}, 'value': 'Back'}, {'type': {'displayName': 'Defensive', 'value': 285}}, {'type': {'displayName': 'OverRun', 'value': 211}}]",True,,,,,
1914099,FirstHalf,9,0,9,Pass,Successful,52,Real Madrid,468852.0,Dean Huijsen,66.2,53.1,67.4,2.1,,,,,"[{'type': {'displayName': 'Length', 'value': 212}, 'value': '34.7'}, {'type': {'displayName': 'Longball', 'value': 1}}, {'type': {'displayName': 'PassEndX', 'value': 140}, 'value': '67.4'}, {'type': {'displayName': 'Angle', 'value': 213}, 'value': '4.75'}, {'type': {'displayName': 'Zone', 'value': 56}, 'value': 'Right'}, {'type': {'displayName': 'PassEndY', 'value': 141}, 'value': '2.1'}]",True,,,,,
1914099,FirstHalf,9,5,9,Pass,Successful,52,Real Madrid,344644.0,Federico Valverde,66.1,3.6,61.3,18.1,,,,,"[{'type': {'displayName': 'Angle', 'value': 213}, 'value': '2.04'}, {'type': {'displayName': 'PassEndY', 'value': 141}, 'value': '18.1'}, {'type': {'displayName': 'Length', 'value': 212}, 'value': '11.1'}, {'type': {'displayName': 'Zone', 'value': 56}, 'value': 'Right'}, {'type': {'displayName': 'PassEndX', 'value': 140}, 'value': '61.3'}]",True,,,,,
1914099,FirstHalf,9,7,9,Pass,Successful,52,Real Madrid,369109.0,Eduardo Camavinga,61.3,18.1,71.8,2.2,,,,,"[{'type': {'displayName': 'Length', 'value': 212}, 'value': '15.4'}, {'type': {'displayName': 'PassEndY', 'value': 141}, 'value': '2.2'}, {'type': {'displayName': 'Zone', 'value': 56}, 'value': 'Right'}, {'type': {'displayName': 'Angle', 'value': 213}, 'value': '5.51'}, {'type': {'displayName': 'PassEndX', 'value': 140}, 'value': '71.8'}]",True,,,,,
1914099,FirstHalf,9,10,9,Pass,Successful,52,Real Madrid,514810.0,Franco Mastantuono,70.6,5.2,62.9,33.3,,,,,"[{'type': {'displayName': 'Angle', 'value': 213}, 'value': '1.97'}, {'type': {'displayName': 'Length', 'value': 212}, 'value': '20.7'}, {'type': {'displayName': 'PassEndY', 'value': 141}, 'value': '33.3'}, {'type': {'displayName': 'PassEndX', 'value': 140}, 'value': '62.9'}, {'type': {'displayName': 'Zone', 'value': 56}, 'value': 'Center'}]",True,,,,,
1914099,FirstHalf,9,13,9,Pass,Successful,52,Real Madrid,344644.0,Federico Valverde,65.3,37.6,66.8,88.6,,,,,"[{'type': {'displayName': 'Zone', 'value': 56}, 'value': 'Left'}, {'type': {'displayName': 'Length', 'value': 212}, 'value': '34.7'}, {'type': {'displayName': 'Longball', 'value': 1}}, {'type': {'displayName': 'PassEndX', 'value': 140}, 'value': '66.8'}, {'type': {'displayName': 'PassEndY', 'value': 141}, 'value': '88.6'}, {'type': {'displayName': 'Angle', 'value': 213}, 'value': '1.53'}]",True,,,,,
1914099,FirstHalf,9,16,9,Pass,Unsuccessful,52,Real Madrid,337782.0,Vinícius Júnior,70.6,85.9,90.9,50.5,,,,,"[{'type': {'displayName': 'Cross', 'value': 2}}, {'type': {'displayName': 'RightFoot', 'value': 20}}, {'type': {'displayName': 'Chipped', 'value': 155}}, {'type': {'displayName': 'Length', 'value': 212}, 'value': '32.2'}, {'type': {'displayName': 'PassEndY', 'value': 141}, 'value': '50.5'}, {'type': {'displayName': 'Longball', 'value': 1}}, {'type': {'displayName': 'Angle', 'value': 213}, 'value': '5.44'}, {'type': {'displayName': 'Zone', 'value': 56}, 'value': 'Center'}, {'type': {'displayName': 'PassEndX', 'value': 140}, 'value': '90.9'}]",True,,,,,
1914099,FirstHalf,9,18,9,Clearance,Successful,839,Villarreal,434077.0,Renato Veiga,9.0,50.8,15.9,0.0,,,,,"[{'type': {'displayName': 'Length', 'value': 212}, 'value': '36.5'}, {'type': {'displayName': 'PassEndX', 'value': 140}, 'value': '15.9'}, {'type': {'displayName': 'PassEndY', 'value': 141}, 'value': '0.0'}, {'type': {'displayName': 'Zone', 'value': 56}, 'value': 'Back'}, {'type': {'displayName': 'Angle', 'value': 213}, 'value': '4.91'}]",True,,,,,
1914099,FirstHalf,9,26,9,Pass,Successful,52,Real Madrid,437583.0,Álvaro Carreras,87.4,100.0,69.8,93.7,,,,,"[{'type': {'displayName': 'Angle', 'value': 213}, 'value': '3.42'}, {'type': {'displayName': 'Length', 'value': 212}, 'value': '19.2'}, {'type': {'displayName': 'PassEndY', 'value': 141}, 'value': '93.7'}, {'type': {'displayName': 'ThrowIn', 'value': 107}}, {'type': {'displayName': 'PassEndX', 'value': 140}, 'value': '69.8'}, {'type': {'displayName': 'Zone', 'value': 56}, 'value': 'Left'}]",True,,,,,
1914099,FirstHalf,9,27,9,Pass,Successful,52,Real Madrid,337782.0,Vinícius Júnior,69.8,93.7,58.2,87.6,,,,,"[{'type': {'displayName': 'PassEndX', 'value': 140}, 'value': '58.2'}, {'type': {'displayName': 'PassEndY', 'value': 141}, 'value': '87.6'}, {'type': {'displayName': 'Length', 'value': 212}, 'value': '12.9'}, {'type': {'displayName': 'Angle', 'value': 213}, 'value': '3.47'}, {'type': {'displayName': 'Zone', 'value': 56}, 'value': 'Left'}]",True,,,,,
1914099,FirstHalf,9,30,9,Pass,Successful,52,Real Madrid,468852.0,Dean Huijsen,58.2,87.6,73.2,96.0,,,,,"[{'type': {'displayName': 'Length', 'value': 212}, 'value': '16.8'}, {'type': {'displayName': 'PassEndY', 'value': 141}, 'value': '96.0'}, {'type': {'displayName': 'Angle', 'value': 213}, 'value': '0.35'}, {'type': {'displayName': 'Zone', 'value': 56}, 'value': 'Left'}, {'type': {'displayName': 'PassEndX', 'value': 140}, 'value': '73.2'}]",True,,,,,
1914099,FirstHalf,9,34,9,Pass,Successful,52,Real Madrid,437583.0,Álvaro Carreras,71.6,87.4,78.7,96.0,,,,,"[{'type': {'displayName': 'Zone', 'value': 56}, 'value': 'Left'}, {'type': {'displayName': 'Length', 'value': 212}, 'value': '9.5'}, {'type': {'displayName': 'PassEndY', 'value': 141}, 'value': '96.0'}, {'type': {'displayName': 'PassEndX', 'value': 140}, 'value': '78.7'}, {'type': {'displayName': 'Angle', 'value': 213}, 'value': '0.67'}]",True,,,,,
1914099,FirstHalf,9,41,9,Pass,Successful,52,Real Madrid,300713.0,Kylian Mbappé,72.6,86.2,77.4,94.6,,,,,"[{'type': {'displayName': 'Length', 'value': 212}, 'value': '7.6'}, {'type': {'displayName': 'Zone', 'value': 56}, 'value': 'Left'}, {'type': {'displayName': 'Angle', 'value': 213}, 'value': '0.85'}, {'type': {'displayName': 'PassEndX', 'value': 140}, 'value': '77.4'}, {'type': {'displayName': 'PassEndY', 'value': 141}, 'value': '94.6'}]",True,,,,,
1914099,FirstHalf,9,43,9,Pass,Successful,52,Real Madrid,437583.0,Álvaro Carreras,77.4,94.5,62.6,89.1,,,,,"[{'type': {'displayName': 'Length', 'value': 212}, 'value': '16.0'}, {'type': {'displayName': 'PassEndY', 'value': 141}, 'value': '89.1'}, {'type': {'displayName': 'PassEndX', 'value': 140}, 'value': '62.6'}, {'type': {'displayName': 'Angle', 'value': 213}, 'value': '3.37'}, {'type': {'displayName': 'Zone', 'value': 56}, 'value': 'Left'}]",True,,,,,
1914099,FirstHalf,9,45,9,Pass,Successful,52,Real Madrid,468852.0,Dean Huijsen,62.1,86.8,66.5,65.4,,,,,"[{'type': {'displayName': 'PassEndY', 'value': 141}, 'value': '65.4'}, {'type': {'displayName': 'Zone', 'value': 56}, 'value': 'Center'}, {'type': {'displayName': 'Length', 'value': 212}, 'value': '15.3'}, {'type': {'displayName': 'PassEndX', 'value': 140}, 'value': '66.5'}, {'type': {'displayName': 'Angle', 'value': 213}, 'value': '5.02'}]",True,,,,,
1914099,FirstHalf,9,48,9,Pass,Successful,52,Real Madrid,369109.0,Eduardo Camavinga,64.5,68.4,68.4,95.8,,,,,"[{'type': {'displayName': 'Zone', 'value': 56}, 'value': 'Left'}, {'type': {'displayName': 'Angle', 'value': 213}, 'value': '1.35'}, {'type': {'displayName': 'PassEndX', 'value': 140}, 'value': '68.4'}, {'type': {'displayName': 'PassEndY', 'value': 141}, 'value': '95.8'}, {'type': {'displayName': 'Length', 'value': 212}, 'value': '19.1'}]",True,,,,,
1914099,FirstHalf,9,51,9,Pass,Successful,52,Real Madrid,437583.0,Álvaro Carreras,68.2,94.0,66.1,84.3,,,,,"[{'type': {'displayName': 'PassEndX', 'value': 140}, 'value': '66.1'}, {'type': {'displayName': 'Zone', 'value': 56}, 'value': 'Left'}, {'type': {'displayName': 'Angle', 'value': 213}, 'value': '4.39'}, {'type': {'displayName': 'Length', 'value': 212}, 'value': '7.0'}, {'type': {'displayName': 'PassEndY', 'value': 141}, 'value': '84.3'}]",True,,,,,
1914099,FirstHalf,9,52,9,Pass,Successful,52,Real Madrid,300713.0,Kylian Mbappé,65.6,81.3,73.5,93.7,,,,,"[{'type': {'displayName': 'PassEndX', 'value': 140}, 'value': '73.5'}, {'type': {'displayName': 'PassEndY', 'value': 141}, 'value': '93.7'}, {'type': {'displayName': 'Zone', 'value': 56}, 'value': 'Left'}, {'type': {'displayName': 'Length', 'value': 212}, 'value': '11.8'}, {'type': {'displayName': 'Angle', 'value': 213}, 'value': '0.79'}]",True,,,,,
1914099,FirstHalf,9,55,9,TakeOn,Unsuccessful,52,Real Madrid,437583.0,Álvaro Carreras,77.9,91.4,,,,,,,"[{'type': {'displayName': 'Zone', 'value': 56}, 'value': 'Left'}, {'type': {'displayName': 'Offensive', 'value': 286}}, {'type': {'displayName': 'OppositeRelatedEvent', 'value': 233}, 'value': '78'}]",True,,,,,
1914099,FirstHalf,9,55,9,Tackle,Successful,839,Villarreal,537235.0,Pau Navarro,22.1,8.6,,,,,,,"[{'type': {'displayName': 'OppositeRelatedEvent', 'value': 233}, 'value': '123'}, {'type': {'displayName': 'Defensive', 'value': 285}}, {'type': {'displayName': 'StandingSave', 'value': 178}}, {'type': {'displayName': 'Zone', 'value': 56}, 'value': 'Back'}]",True,,,,,
1914099,FirstHalf,9,58,9,BallRecovery,Successful,839,Villarreal,537235.0,Pau Navarro,17.5,3.5,,,,,,,[],False,,,,,
1914099,FirstHalf,9,59,9,Pass,Unsuccessful,839,Villarreal,537235.0,Pau Navarro,17.5,2.5,19.9,4.1,,,,,"[{'type': {'displayName': 'PassEndY', 'value': 141}, 'value': '4.1'}, {'type': {'displayName': 'Length', 'value': 212}, 'value': '2.7'}, {'type': {'displayName': 'Angle', 'value': 213}, 'value': '0.41'}, {'type': {'displayName': 'Zone', 'value': 56}, 'value': 'Back'}, {'type': {'displayName': 'OppositeRelatedEvent', 'value': 233}, 'value': '124'}, {'type': {'displayName': 'Offensive', 'value': 286}}, {'type': {'displayName': 'PassEndX', 'value': 140}, 'value': '19.9'}]",True,,,,,
1914099,FirstHalf,9,59,9,BlockedPass,Successful,52,Real Madrid,437583.0,Álvaro Carreras,80.1,95.9,,,,,,,"[{'type': {'displayName': 'OppositeRelatedEvent', 'value': 233}, 'value': '80'}, {'type': {'displayName': 'Defensive', 'value': 285}}, {'type': {'displayName': 'Zone', 'value': 56}, 'value': 'Left'}]",True,,,,,
1914099,FirstHalf,10,16,10,Pass,Successful,839,Villarreal,537235.0,Pau Navarro,19.8,0.0,35.7,26.7,,,,,"[{'type': {'displayName': 'Longball', 'value': 1}}, {'type': {'displayName': 'PassEndX', 'value': 140}, 'value': '35.7'}, {'type': {'displayName': 'PassEndY', 'value': 141}, 'value': '26.7'}, {'type': {'displayName': 'Length', 'value': 212}, 'value': '25.4'}, {'type': {'displayName': 'Angle', 'value': 213}, 'value': '0.85'}, {'type': {'displayName': 'Zone', 'value': 56}, 'value': 'Back'}, {'type': {'displayName': 'ThrowIn', 'value': 107}}]",True,,,,,
1914099,FirstHalf,10,22,10,Pass,Successful,839,Villarreal,97659.0,Gerard Moreno,57.4,24.2,76.3,89.4,,,,,"[{'type': {'displayName': 'PassEndY', 'value': 141}, 'value': '89.4'}, {'type': {'displayName': 'Length', 'value': 212}, 'value': '48.6'}, {'type': {'displayName': 'PassEndX', 'value': 140}, 'value': '76.3'}, {'type': {'displayName': 'Chipped', 'value': 155}}, {'type': {'displayName': 'Angle', 'value': 213}, 'value': '1.15'}, {'type': {'displayName': 'Zone', 'value': 56}, 'value': 'Left'}, {'type': {'displayName': 'Longball', 'value': 1}}]",True,,,,,
1914099,FirstHalf,10,29,10,Pass,Successful,839,Villarreal,448211.0,Alberto Moleiro,87.6,76.2,88.1,23.0,,,,,"[{'type': {'displayName': 'Angle', 'value': 213}, 'value': '4.73'}, {'type': {'displayName': 'RightFoot', 'value': 20}}, {'type': {'displayName': 'Longball', 'value': 1}}, {'type': {'displayName': 'Length', 'value': 212}, 'value': '36.2'}, {'type': {'displayName': 'PassEndY', 'value': 141}, 'value': '23.0'}, {'type': {'displayName': 'PassEndX', 'value': 140}, 'value': '88.1'}, {'type': {'displayName': 'Zone', 'value': 56}, 'value': 'Center'}, {'type': {'displayName': 'Cross', 'value': 2}}, {'type': {'displayName': 'Chipped', 'value': 155}}]",True,,,,,
1914099,FirstHalf,10,33,10,Pass,Unsuccessful,839,Villarreal,371027.0,Tajon Buchanan,90.3,23.3,100.0,50.2,,,,,"[{'type': {'displayName': 'RightFoot', 'value': 20}}, {'type': {'displayName': 'PassEndX', 'value': 140}, 'value': '100.0'}, {'type': {'displayName': 'PassEndY', 'value': 141}, 'value': '50.2'}, {'type': {'displayName': 'Angle', 'value': 213}, 'value': '1.02'}, {'type': {'displayName': 'Length', 'value': 212}, 'value': '21.5'}, {'type': {'displayName': 'Zone', 'value': 56}, 'value': 'Center'}, {'type': {'displayName': 'Cross', 'value': 2}}, {'type': {'displayName': 'Chipped', 'value': 155}}]",True,,,,,
1914099,FirstHalf,10,55,10,Pass,Successful,52,Real Madrid,534899.0,Raúl Asencio,3.8,39.5,5.4,54.0,,,,,"[{'type': {'displayName': 'Angle', 'value': 213}, 'value': '1.40'}, {'type': {'displayName': 'Zone', 'value': 56}, 'value': 'Back'}, {'type': {'displayName': 'GoalKick', 'value': 124}}, {'type': {'displayName': 'Length', 'value': 212}, 'value': '10.0'}, {'type': {'displayName': 'PassEndX', 'value': 140}, 'value': '5.4'}, {'type': {'displayName': 'PassEndY', 'value': 141}, 'value': '54.0'}]",True,,,,,
1914099,FirstHalf,10,57,10,Pass,Successful,52,Real Madrid,73798.0,Thibaut Courtois,4.6,50.4,10.1,4.9,,,,,"[{'type': {'displayName': 'PassEndY', 'value': 141}, 'value': '4.9'}, {'type': {'displayName': 'Zone', 'value': 56}, 'value': 'Back'}, {'type': {'displayName': 'PassEndX', 'value': 140}, 'value': '10.1'}, {'type': {'displayName': 'Angle', 'value': 213}, 'value': '4.90'}, {'type': {'displayName': 'Length', 'value': 212}, 'value': '31.5'}]",True,,,,,
1914099,FirstHalf,11,1,11,Pass,Successful,52,Real Madrid,344644.0,Federico Valverde,12.1,13.6,44.8,96.1,,,,,"[{'type': {'displayName': 'PassEndX', 'value': 140}, 'value': '44.8'}, {'type': {'displayName': 'Longball', 'value': 1}}, {'type': {'displayName': 'Angle', 'value': 213}, 'value': '1.02'}, {'type': {'displayName': 'Zone', 'value': 56}, 'value': 'Back'}, {'type': {'displayName': 'Length', 'value': 212}, 'value': '65.8'}, {'type': {'displayName': 'PassEndY', 'value': 141}, 'value': '96.1'}, {'type': {'displayName': 'Chipped', 'value': 155}}]",True,,,,,
1914099,FirstHalf,11,7,11,Pass,Successful,52,Real Madrid,337782.0,Vinícius Júnior,44.8,96.1,39.8,85.3,,,,,"[{'type': {'displayName': 'Chipped', 'value': 155}}, {'type': {'displayName': 'Angle', 'value': 213}, 'value': '4.09'}, {'type': {'displayName': 'Length', 'value': 212}, 'value': '9.0'}, {'type': {'displayName': 'PassEndX', 'value': 140}, 'value': '39.8'}, {'type': {'displayName': 'PassEndY', 'value': 141}, 'value': '85.3'}, {'type': {'displayName': 'Zone', 'value': 56}, 'value': 'Back'}]",True,,,,,
1914099,FirstHalf,11,9,11,Pass,Successful,52,Real Madrid,379868.0,Jude Bellingham,42.6,88.2,56.0,96.3,,,,,"[{'type': {'displayName': 'Angle', 'value': 213}, 'value': '0.37'}, {'type': {'displayName': 'Length', 'value': 212}, 'value': '15.1'}, {'type': {'displayName': 'Zone', 'value': 56}, 'value': 'Left'}, {'type': {'displayName': 'PassEndY', 'value': 141}, 'value': '96.3'}, {'type': {'displayName': 'PassEndX', 'value': 140}, 'value': '56.0'}]",True,,,,,
1914099,FirstHalf,11,11,11,Pass,Successful,52,Real Madrid,437583.0,Álvaro Carreras,56.0,96.3,75.5,96.7,,,,,"[{'type': {'displayName': 'Length', 'value': 212}, 'value': '20.5'}, {'type': {'displayName': 'Zone', 'value': 56}, 'value': 'Left'}, {'type': {'displayName': 'PassEndX', 'value': 140}, 'value': '75.5'}, {'type': {'displayName': 'Angle', 'value': 213}, 'value': '0.01'}, {'type': {'displayName': 'PassEndY', 'value': 141}, 'value': '96.7'}]",True,,,,,
1914099,FirstHalf,11,15,11,TakeOn,Unsuccessful,52,Real Madrid,337782.0,Vinícius Júnior,75.8,96.7,,,,,,,"[{'type': {'displayName': 'Offensive', 'value': 286}}, {'type': {'displayName': 'Zone', 'value': 56}, 'value': 'Left'}, {'type': {'displayName': 'OverRun', 'value': 211}}]",True,,,,,
1914099,FirstHalf,11,15,11,ShieldBallOpp,Successful,839,Villarreal,335107.0,Juan Foyth,3.8,11.5,,,,,,,"[{'type': {'displayName': 'Zone', 'value': 56}, 'value': 'Back'}]",False,,,,,
1914099,FirstHalf,11,41,11,Pass,Successful,839,Villarreal,335107.0,Juan Foyth,5.3,38.3,2.8,49.2,,,,,"[{'type': {'displayName': 'Zone', 'value': 56}, 'value': 'Back'}, {'type': {'displayName': 'GoalKick', 'value': 124}}, {'type': {'displayName': 'PassEndX', 'value': 140}, 'value': '2.8'}, {'type': {'displayName': 'Angle', 'value': 213}, 'value': '1.91'}, {'type': {'displayName': 'PassEndY', 'value': 141}, 'value': '49.2'}, {'type': {'displayName': 'Length', 'value': 212}, 'value': '7.9'}]",True,,,,,
1914099,FirstHalf,11,45,11,Pass,Successful,839,Villarreal,400826.0,Luiz Júnior,3.3,49.8,30.3,28.3,,,,,"[{'type': {'displayName': 'Chipped', 'value': 155}}, {'type': {'displayName': 'Angle', 'value': 213}, 'value': '5.81'}, {'type': {'displayName': 'Length', 'value': 212}, 'value': '31.9'}, {'type': {'displayName': 'PassEndX', 'value': 140}, 'value': '30.3'}, {'type': {'displayName': 'Zone', 'value': 56}, 'value': 'Back'}, {'type': {'displayName': 'PassEndY', 'value': 141}, 'value': '28.3'}]",True,,,,,
1914099,FirstHalf,11,50,11,Pass,Successful,839,Villarreal,97659.0,Gerard Moreno,28.9,34.7,43.4,56.4,,,,,"[{'type': {'displayName': 'Zone', 'value': 56}, 'value': 'Back'}, {'type': {'displayName': 'Length', 'value': 212}, 'value': '21.2'}, {'type': {'displayName': 'PassEndY', 'value': 141}, 'value': '56.4'}, {'type': {'displayName': 'PassEndX', 'value': 140}, 'value': '43.4'}, {'type': {'displayName': 'Angle', 'value': 213}, 'value': '0.77'}]",True,,,,,
1914099,FirstHalf,11,52,11,Pass,Successful,839,Villarreal,399047.0,Pape Gueye,46.1,59.7,61.0,90.9,,,,,"[{'type': {'displayName': 'PassEndX', 'value': 140}, 'value': '61.0'}, {'type': {'displayName': 'Zone', 'value': 56}, 'value': 'Left'}, {'type': {'displayName': 'Length', 'value': 212}, 'value': '26.4'}, {'type': {'displayName': 'Angle', 'value': 213}, 'value': '0.94'}, {'type': {'displayName': 'PassEndY', 'value': 141}, 'value': '90.9'}]",True,,,,,
1914099,FirstHalf,11,58,11,Pass,Successful,839,Villarreal,448211.0,Alberto Moleiro,77.5,70.5,90.6,74.4,,,,,"[{'type': {'displayName': 'Length', 'value': 212}, 'value': '14.0'}, {'type': {'displayName': 'PassEndY', 'value': 141}, 'value': '74.4'}, {'type': {'displayName': 'Angle', 'value': 213}, 'value': '0.19'}, {'type': {'displayName': 'Zone', 'value': 56}, 'value': 'Center'}, {'type': {'displayName': 'PassEndX', 'value': 140}, 'value': '90.6'}]",True,,,,,
1914099,FirstHalf,12,0,12,Pass,Successful,839,Villarreal,276489.0,Alfonso Pedraza,90.7,74.7,97.9,35.1,,,,,"[{'type': {'displayName': 'Cross', 'value': 2}}, {'type': {'displayName': 'PassEndX', 'value': 140}, 'value': '97.9'}, {'type': {'displayName': 'Angle', 'value': 213}, 'value': '4.99'}, {'type': {'displayName': 'Zone', 'value': 56}, 'value': 'Center'}, {'type': {'displayName': 'PassEndY', 'value': 141}, 'value': '35.1'}, {'type': {'displayName': 'LeftFoot', 'value': 72}}, {'type': {'displayName': 'Length', 'value': 212}, 'value': '28.0'}]",True,,,,,
1914099,FirstHalf,12,2,12,Pass,Unsuccessful,839,Villarreal,371027.0,Tajon Buchanan,97.6,37.8,97.3,43.4,,,,,"[{'type': {'displayName': 'Zone', 'value': 56}, 'value': 'Center'}, {'type': {'displayName': 'Length', 'value': 212}, 'value': '3.8'}, {'type': {'displayName': 'PassEndX', 'value': 140}, 'value': '97.3'}, {'type': {'displayName': 'PassEndY', 'value': 141}, 'value': '43.4'}, {'type': {'displayName': 'Angle', 'value': 213}, 'value': '1.65'}]",True,,,,,
1914099,FirstHalf,12,2,12,BallTouch,Successful,52,Real Madrid,437583.0,Álvaro Carreras,3.4,58.3,,,,,,,"[{'type': {'displayName': 'Zone', 'value': 56}, 'value': 'Back'}]",True,,,,,
1914099,FirstHalf,12,3,12,CornerAwarded,Successful,839,Villarreal,371027.0,Tajon Buchanan,100.0,40.6,,,,,,,"[{'type': {'displayName': 'Zone', 'value': 56}, 'value': 'Center'}, {'type': {'displayName': 'OppositeRelatedEvent', 'value': 233}, 'value': '136'}, {'type': {'displayName': 'MissRight', 'value': 75}}]",False,,,,,
1914099,FirstHalf,12,3,12,CornerAwarded,Unsuccessful,52,Real Madrid,437583.0,Álvaro Carreras,0.0,59.4,,,,,,,"[{'type': {'displayName': 'OppositeRelatedEvent', 'value': 233}, 'value': '97'}, {'type': {'displayName': 'Zone', 'value': 56}, 'value': 'Back'}, {'type': {'displayName': 'MissLeft', 'value': 73}}]",False,,,,,
1914099,FirstHalf,12,49,12,Pass,Successful,839,Villarreal,276489.0,Alfonso Pedraza,99.5,0.5,92.1,37.1,,,,,"[{'type': {'displayName': 'Cross', 'value': 2}}, {'type': {'displayName': 'CornerTaken', 'value': 6}}, {'type': {'displayName': 'Chipped', 'value': 155}}, {'type': {'displayName': 'LeftFoot', 'value': 72}}, {'type': {'displayName': 'PassEndX', 'value': 140}, 'value': '92.1'}, {'type': {'displayName': 'Length', 'value': 212}, 'value': '26.1'}, {'type': {'displayName': 'Angle', 'value': 213}, 'value': '1.87'}, {'type': {'displayName': 'Zone', 'value': 56}, 'value': 'Center'}, {'type': {'displayName': 'PassEndY', 'value': 141}, 'value': '37.1'}]",True,,,,,
1914099,FirstHalf,12,50,12,BallTouch,Unsuccessful,839,Villarreal,97659.0,Gerard Moreno,91.8,37.9,,,,,,,"[{'type': {'displayName': 'Zone', 'value': 56}, 'value': 'Center'}]",True,,,,,
1914099,FirstHalf,12,51,12,Clearance,Successful,52,Real Madrid,379868.0,Jude Bellingham,2.1,60.3,33.4,70.8,,,,,"[{'type': {'displayName': 'PassEndX', 'value': 140}, 'value': '33.4'}, {'type': {'displayName': 'Length', 'value': 212}, 'value': '33.6'}, {'type': {'displayName': 'Zone', 'value': 56}, 'value': 'Back'}, {'type': {'displayName': 'Angle', 'value': 213}, 'value': '0.21'}, {'type': {'displayName': 'PassEndY', 'value': 141}, 'value': '70.8'}]",True,,,,,
1914099,FirstHalf,12,54,12,Pass,Successful,839,Villarreal,371027.0,Tajon Buchanan,56.7,25.9,64.7,8.0,,,,,"[{'type': {'displayName': 'Zone', 'value': 56}, 'value': 'Right'}, {'type': {'displayName': 'Angle', 'value': 213}, 'value': '5.32'}, {'type': {'displayName': 'HeadPass', 'value': 3}}, {'type': {'displayName': 'PassEndY', 'value': 141}, 'value': '8.0'}, {'type': {'displayName': 'Length', 'value': 212}, 'value': '14.8'}, {'type': {'displayName': 'PassEndX', 'value': 140}, 'value': '64.7'}]",True,,,,,
1914099,FirstHalf,13,1,13,Pass,Successful,839,Villarreal,97659.0,Gerard Moreno,60.3,4.7,8.2,32.4,,,,,"[{'type': {'displayName': 'Zone', 'value': 56}, 'value': 'Back'}, {'type': {'displayName': 'Chipped', 'value': 155}}, {'type': {'displayName': 'Angle', 'value': 213}, 'value': '2.81'}, {'type': {'displayName': 'Length', 'value': 212}, 'value': '57.9'}, {'type': {'displayName': 'Longball', 'value': 1}}, {'type': {'displayName': 'PassEndX', 'value': 140}, 'value': '8.2'}, {'type': {'displayName': 'PassEndY', 'value': 141}, 'value': '32.4'}]",True,,,,,
1914099,FirstHalf,13,6,13,Pass,Successful,839,Villarreal,400826.0,Luiz Júnior,9.0,33.2,18.6,67.0,,,,,"[{'type': {'displayName': 'Length', 'value': 212}, 'value': '25.1'}, {'type': {'displayName': 'PassEndY', 'value': 141}, 'value': '67.0'}, {'type': {'displayName': 'PassEndX', 'value': 140}, 'value': '18.6'}, {'type': {'displayName': 'Angle', 'value': 213}, 'value': '1.16'}, {'type': {'displayName': 'Zone', 'value': 56}, 'value': 'Back'}]",True,,,,,
1914099,FirstHalf,13,9,13,Pass,Successful,839,Villarreal,28186.0,Dani Parejo,14.1,57.9,23.6,34.1,,,,,"[{'type': {'displayName': 'Angle', 'value': 213}, 'value': '5.26'}, {'type': {'displayName': 'Length', 'value': 212}, 'value': '19.0'}, {'type': {'displayName': 'PassEndX', 'value': 140}, 'value': '23.6'}, {'type': {'displayName': 'Zone', 'value': 56}, 'value': 'Back'}, {'type': {'displayName': 'PassEndY', 'value': 141}, 'value': '34.1'}]",True,,,,,
1914099,FirstHalf,13,11,13,Pass,Successful,839,Villarreal,335107.0,Juan Foyth,25.2,34.4,29.4,50.6,,,,,"[{'type': {'displayName': 'Length', 'value': 212}, 'value': '11.9'}, {'type': {'displayName': 'Zone', 'value': 56}, 'value': 'Back'}, {'type': {'displayName': 'Angle', 'value': 213}, 'value': '1.19'}, {'type': {'displayName': 'PassEndX', 'value': 140}, 'value': '29.4'}, {'type': {'displayName': 'PassEndY', 'value': 141}, 'value': '50.6'}]",True,,,,,
1914099,FirstHalf,13,13,13,Pass,Successful,839,Villarreal,399047.0,Pape Gueye,29.8,40.8,29.6,7.9,,,,,"[{'type': {'displayName': 'Length', 'value': 212}, 'value': '22.4'}, {'type': {'displayName': 'Angle', 'value': 213}, 'value': '4.70'}, {'type': {'displayName': 'PassEndX', 'value': 140}, 'value': '29.6'}, {'type': {'displayName': 'Zone', 'value': 56}, 'value': 'Back'}, {'type': {'displayName': 'PassEndY', 'value': 141}, 'value': '7.9'}]",True,,,,,
1914099,FirstHalf,13,17,13,Pass,Successful,839,Villarreal,371027.0,Tajon Buchanan,29.3,9.5,31.7,23.0,,,,,"[{'type': {'displayName': 'Angle', 'value': 213}, 'value': '1.30'}, {'type': {'displayName': 'PassEndY', 'value': 141}, 'value': '23.0'}, {'type': {'displayName': 'PassEndX', 'value': 140}, 'value': '31.7'}, {'type': {'displayName': 'Zone', 'value': 56}, 'value': 'Back'}, {'type': {'displayName': 'Length', 'value': 212}, 'value': '9.5'}]",True,,,,,
1914099,FirstHalf,13,20,13,Pass,Successful,839,Villarreal,399047.0,Pape Gueye,29.8,34.4,26.2,55.6,,,,,"[{'type': {'displayName': 'Angle', 'value': 213}, 'value': '1.83'}, {'type': {'displayName': 'Length', 'value': 212}, 'value': '14.9'}, {'type': {'displayName': 'Zone', 'value': 56}, 'value': 'Back'}, {'type': {'displayName': 'PassEndY', 'value': 141}, 'value': '55.6'}, {'type': {'displayName': 'PassEndX', 'value': 140}, 'value': '26.2'}]",True,,,,,
1914099,FirstHalf,13,23,13,Pass,Successful,839,Villarreal,434077.0,Renato Veiga,26.9,54.4,29.1,43.3,,,,,"[{'type': {'displayName': 'Zone', 'value': 56}, 'value': 'Back'}, {'type': {'displayName': 'Angle', 'value': 213}, 'value': '5.01'}, {'type': {'displayName': 'Length', 'value': 212}, 'value': '7.9'}, {'type': {'displayName': 'PassEndY', 'value': 141}, 'value': '43.3'}, {'type': {'displayName': 'PassEndX', 'value': 140}, 'value': '29.1'}]",True,,,,,
1914099,FirstHalf,13,24,13,Pass,Successful,839,Villarreal,399047.0,Pape Gueye,29.2,43.3,25.6,58.2,,,,,"[{'type': {'displayName': 'LayOff', 'value': 156}}, {'type': {'displayName': 'Zone', 'value': 56}, 'value': 'Back'}, {'type': {'displayName': 'Length', 'value': 212}, 'value': '10.8'}, {'type': {'displayName': 'PassEndX', 'value': 140}, 'value': '25.6'}, {'type': {'displayName': 'Angle', 'value': 213}, 'value': '1.93'}, {'type': {'displayName': 'PassEndY', 'value': 141}, 'value': '58.2'}]",True,,,,,
1914099,FirstHalf,13,28,13,Pass,Successful,839,Villarreal,434077.0,Renato Veiga,27.4,62.4,23.3,50.3,,,,,"[{'type': {'displayName': 'Angle', 'value': 213}, 'value': '4.23'}, {'type': {'displayName': 'PassEndY', 'value': 141}, 'value': '50.3'}, {'type': {'displayName': 'Length', 'value': 212}, 'value': '9.3'}, {'type': {'displayName': 'Zone', 'value': 56}, 'value': 'Back'}, {'type': {'displayName': 'PassEndX', 'value': 140}, 'value': '23.3'}]",True,,,,,
1914099,FirstHalf,13,29,13,Pass,Successful,839,Villarreal,335107.0,Juan Foyth,23.4,50.8,31.4,51.5,,,,,"[{'type': {'displayName': 'Angle', 'value': 213}, 'value': '0.06'}, {'type': {'displayName': 'Zone', 'value': 56}, 'value': 'Back'}, {'type': {'displayName': 'PassEndY', 'value': 141}, 'value': '51.5'}, {'type': {'displayName': 'PassEndX', 'value': 140}, 'value': '31.4'}, {'type': {'displayName': 'Length', 'value': 212}, 'value': '8.4'}]",True,,,,,
1914099,FirstHalf,13,30,13,Pass,Successful,839,Villarreal,28186.0,Dani Parejo,31.3,51.5,26.9,23.8,,,,,"[{'type': {'displayName': 'PassEndX', 'value': 140}, 'value': '26.9'}, {'type': {'displayName': 'Length', 'value': 212}, 'value': '19.4'}, {'type': {'displayName': 'Angle', 'value': 213}, 'value': '4.47'}, {'type': {'displayName': 'Zone', 'value': 56}, 'value': 'Back'}, {'type': {'displayName': 'PassEndY', 'value': 141}, 'value': '23.8'}]",True,,,,,
1914099,FirstHalf,13,36,13,Pass,Successful,839,Villarreal,537235.0,Pau Navarro,30.5,24.4,43.2,30.7,,,,,"[{'type': {'displayName': 'Length', 'value': 212}, 'value': '14.0'}, {'type': {'displayName': 'Zone', 'value': 56}, 'value': 'Back'}, {'type': {'displayName': 'Angle', 'value': 213}, 'value': '0.31'}, {'type': {'displayName': 'PassEndX', 'value': 140}, 'value': '43.2'}, {'type': {'displayName': 'PassEndY', 'value': 141}, 'value': '30.7'}]",True,,,,,
1914099,FirstHalf,13,38,13,Pass,Unsuccessful,839,Villarreal,389020.0,Georges Mikautadze,43.4,30.7,44.9,22.7,,,,,"[{'type': {'displayName': 'Angle', 'value': 213}, 'value': '4.99'}, {'type': {'displayName': 'PassEndY', 'value': 141}, 'value': '22.7'}, {'type': {'displayName': 'Length', 'value': 212}, 'value': '5.7'}, {'type': {'displayName': 'Zone', 'value': 56}, 'value': 'Back'}, {'type': {'displayName': 'Offensive', 'value': 286}}, {'type': {'displayName': 'OppositeRelatedEvent', 'value': 233}, 'value': '139'}, {'type': {'displayName': 'PassEndX', 'value': 140}, 'value': '44.9'}]",True,,,,,
1914099,FirstHalf,13,38,13,BlockedPass,Successful,52,Real Madrid,468852.0,Dean Huijsen,55.1,77.3,,,,,,,"[{'type': {'displayName': 'OppositeRelatedEvent', 'value': 233}, 'value': '114'}, {'type': {'displayName': 'Zone', 'value': 56}, 'value': 'Center'}, {'type': {'displayName': 'Defensive', 'value': 285}}]",True,,,,,
1914099,FirstHalf,13,39,13,BallRecovery,Successful,52,Real Madrid,415181.0,Arda Güler,56.5,73.3,,,,,,,[],False,,,,,
1914099,FirstHalf,13,39,13,Pass,Successful,52,Real Madrid,415181.0,Arda Güler,56.5,73.3,71.2,69.1,,,,,"[{'type': {'displayName': 'Angle', 'value': 213}, 'value': '6.10'}, {'type': {'displayName': 'PassEndY', 'value': 141}, 'value': '69.1'}, {'type': {'displayName': 'Zone', 'value': 56}, 'value': 'Center'}, {'type': {'displayName': 'Length', 'value': 212}, 'value': '15.7'}, {'type': {'displayName': 'PassEndX', 'value': 140}, 'value': '71.2'}]",True,,,,,
1914099,FirstHalf,13,41,13,Pass,Successful,52,Real Madrid,300713.0,Kylian Mbappé,72.5,70.2,72.6,53.8,,,,,"[{'type': {'displayName': 'PassEndX', 'value': 140}, 'value': '72.6'}, {'type': {'displayName': 'Angle', 'value': 213}, 'value': '4.72'}, {'type': {'displayName': 'PassEndY', 'value': 141}, 'value': '53.8'}, {'type': {'displayName': 'Length', 'value': 212}, 'value': '11.2'}, {'type': {'displayName': 'Zone', 'value': 56}, 'value': 'Center'}]",True,,,,,
1914099,FirstHalf,13,45,13,Dispossessed,Successful,52,Real Madrid,337782.0,Vinícius Júnior,76.6,59.1,,,,,,,"[{'type': {'displayName': 'Zone', 'value': 56}, 'value': 'Center'}, {'type': {'displayName': 'Offensive', 'value': 286}}, {'type': {'displayName': 'OppositeRelatedEvent', 'value': 233}, 'value': '132'}]",True,,,,,
1914099,FirstHalf,13,45,13,Tackle,Successful,839,Villarreal,28186.0,Dani Parejo,23.4,40.9,,,,,,,"[{'type': {'displayName': 'StandingSave', 'value': 178}}, {'type': {'displayName': 'Defensive', 'value': 285}}, {'type': {'displayName': 'OppositeRelatedEvent', 'value': 233}, 'value': '143'}, {'type': {'displayName': 'Zone', 'value': 56}, 'value': 'Back'}]",True,,,,,
1914099,FirstHalf,13,46,13,BallRecovery,Successful,839,Villarreal,537235.0,Pau Navarro,13.2,28.3,,,,,,,[],False,,,,,
1914099,FirstHalf,13,47,13,Pass,Unsuccessful,839,Villarreal,537235.0,Pau Navarro,13.7,27.6,32.1,0.0,,,,,"[{'type': {'displayName': 'PassEndX', 'value': 140}, 'value': '32.1'}, {'type': {'displayName': 'Angle', 'value': 213}, 'value': '5.48'}, {'type': {'displayName': 'Zone', 'value': 56}, 'value': 'Back'}, {'type': {'displayName': 'PassEndY', 'value': 141}, 'value': '0.0'}, {'type': {'displayName': 'Length', 'value': 212}, 'value': '27.8'}]",True,,,,,
1914099,FirstHalf,13,55,13,Pass,Successful,52,Real Madrid,437583.0,Álvaro Carreras,63.2,100.0,66.7,87.7,,,,,"[{'type': {'displayName': 'PassEndY', 'value': 141}, 'value': '87.7'}, {'type': {'displayName': 'PassEndX', 'value': 140}, 'value': '66.7'}, {'type': {'displayName': 'ThrowIn', 'value': 107}}, {'type': {'displayName': 'Zone', 'value': 56}, 'value': 'Left'}, {'type': {'displayName': 'Length', 'value': 212}, 'value': '9.9'}, {'type': {'displayName': 'Angle', 'value': 213}, 'value': '5.09'}]",True,,,,,
1914099,FirstHalf,13,58,13,Pass,Successful,52,Real Madrid,415181.0,Arda Güler,58.0,81.9,45.7,52.9,,,,,"[{'type': {'displayName': 'Zone', 'value': 56}, 'value': 'Back'}, {'type': {'displayName': 'Length', 'value': 212}, 'value': '23.6'}, {'type': {'displayName': 'PassEndY', 'value': 141}, 'value': '52.9'}, {'type': {'displayName': 'Angle', 'value': 213}, 'value': '4.13'}, {'type': {'displayName': 'PassEndX', 'value': 140}, 'value': '45.7'}]",True,,,,,
1914099,FirstHalf,14,1,14,Pass,Successful,52,Real Madrid,534899.0,Raúl Asencio,45.1,49.2,53.4,23.1,,,,,"[{'type': {'displayName': 'Angle', 'value': 213}, 'value': '5.17'}, {'type': {'displayName': 'PassEndY', 'value': 141}, 'value': '23.1'}, {'type': {'displayName': 'Length', 'value': 212}, 'value': '19.8'}, {'type': {'displayName': 'Zone', 'value': 56}, 'value': 'Center'}, {'type': {'displayName': 'PassEndX', 'value': 140}, 'value': '53.4'}]",True,,,,,
1914099,FirstHalf,14,3,14,Pass,Successful,52,Real Madrid,344644.0,Federico Valverde,53.4,23.1,68.5,4.5,,,,,"[{'type': {'displayName': 'PassEndX', 'value': 140}, 'value': '68.5'}, {'type': {'displayName': 'Length', 'value': 212}, 'value': '20.3'}, {'type': {'displayName': 'Zone', 'value': 56}, 'value': 'Right'}, {'type': {'displayName': 'PassEndY', 'value': 141}, 'value': '4.5'}, {'type': {'displayName': 'Angle', 'value': 213}, 'value': '5.61'}]",True,,,,,
1914099,FirstHalf,14,7,14,Pass,Successful,52,Real Madrid,514810.0,Franco Mastantuono,66.7,9.0,46.1,33.9,,,,,"[{'type': {'displayName': 'Length', 'value': 212}, 'value': '27.5'}, {'type': {'displayName': 'PassEndX', 'value': 140}, 'value': '46.1'}, {'type': {'displayName': 'PassEndY', 'value': 141}, 'value': '33.9'}, {'type': {'displayName': 'Zone', 'value': 56}, 'value': 'Back'}, {'type': {'displayName': 'Angle', 'value': 213}, 'value': '2.48'}]",True,,,,,
1914099,FirstHalf,14,9,14,Pass,Successful,52,Real Madrid,534899.0,Raúl Asencio,46.1,35.2,55.6,47.7,,,,,"[{'type': {'displayName': 'PassEndX', 'value': 140}, 'value': '55.6'}, {'type': {'displayName': 'Length', 'value': 212}, 'value': '13.1'}, {'type': {'displayName': 'Angle', 'value': 213}, 'value': '0.71'}, {'type': {'displayName': 'Zone', 'value': 56}, 'value': 'Center'}, {'type': {'displayName': 'PassEndY', 'value': 141}, 'value': '47.7'}]",True,,,,,
1914099,FirstHalf,14,11,14,Pass,Successful,52,Real Madrid,415181.0,Arda Güler,55.6,47.7,54.0,33.6,,,,,"[{'type': {'displayName': 'PassEndY', 'value': 141}, 'value': '33.6'}, {'type': {'displayName': 'Angle', 'value': 213}, 'value': '4.54'}, {'type': {'displayName': 'Length', 'value': 212}, 'value': '9.7'}, {'type': {'displayName': 'Zone', 'value': 56}, 'value': 'Center'}, {'type': {'displayName': 'PassEndX', 'value': 140}, 'value': '54.0'}]",True,,,,,
1914099,FirstHalf,14,13,14,Pass,Successful,52,Real Madrid,369109.0,Eduardo Camavinga,53.9,32.4,58.0,6.9,,,,,"[{'type': {'displayName': 'Zone', 'value': 56}, 'value': 'Right'}, {'type': {'displayName': 'Length', 'value': 212}, 'value': '17.9'}, {'type': {'displayName': 'PassEndX', 'value': 140}, 'value': '58.0'}, {'type': {'displayName': 'PassEndY', 'value': 141}, 'value': '6.9'}, {'type': {'displayName': 'Angle', 'value': 213}, 'value': '4.96'}]",True,,,,,
1914099,FirstHalf,14,14,14,Pass,Successful,52,Real Madrid,344644.0,Federico Valverde,58.1,6.9,68.0,4.6,,,,,"[{'type': {'displayName': 'Length', 'value': 212}, 'value': '10.5'}, {'type': {'displayName': 'Angle', 'value': 213}, 'value': '6.13'}, {'type': {'displayName': 'Zone', 'value': 56}, 'value': 'Right'}, {'type': {'displayName': 'PassEndX', 'value': 140}, 'value': '68.0'}, {'type': {'displayName': 'PassEndY', 'value': 141}, 'value': '4.6'}]",True,,,,,
1914099,FirstHalf,14,19,14,Challenge,Unsuccessful,839,Villarreal,276489.0,Alfonso Pedraza,30.6,81.9,,,,,,,"[{'type': {'displayName': 'OppositeRelatedEvent', 'value': 233}, 'value': '154'}, {'type': {'displayName': 'Zone', 'value': 56}, 'value': 'Back'}, {'type': {'displayName': 'Defensive', 'value': 285}}]",False,,,,,
1914099,FirstHalf,14,19,14,TakeOn,Successful,52,Real Madrid,514810.0,Franco Mastantuono,69.4,18.1,,,,,,,"[{'type': {'displayName': 'Zone', 'value': 56}, 'value': 'Right'}, {'type': {'displayName': 'OppositeRelatedEvent', 'value': 233}, 'value': '119'}, {'type': {'displayName': 'Offensive', 'value': 286}}]",True,,,,,
1914099,FirstHalf,14,22,14,Pass,Successful,52,Real Madrid,514810.0,Franco Mastantuono,69.0,42.0,73.9,93.1,,,,,"[{'type': {'displayName': 'Zone', 'value': 56}, 'value': 'Left'}, {'type': {'displayName': 'Angle', 'value': 213}, 'value': '1.42'}, {'type': {'displayName': 'Longball', 'value': 1}}, {'type': {'displayName': 'PassEndX', 'value': 140}, 'value': '73.9'}, {'type': {'displayName': 'PassEndY', 'value': 141}, 'value': '93.1'}, {'type': {'displayName': 'Length', 'value': 212}, 'value': '35.1'}]",True,,,,,
1914099,FirstHalf,14,26,14,TakeOn,Unsuccessful,52,Real Madrid,300713.0,Kylian Mbappé,85.3,81.7,,,,,,,"[{'type': {'displayName': 'Zone', 'value': 56}, 'value': 'Left'}, {'type': {'displayName': 'Offensive', 'value': 286}}, {'type': {'displayName': 'OppositeRelatedEvent', 'value': 233}, 'value': '121'}]",True,,,,,
1914099,FirstHalf,14,26,14,Tackle,Unsuccessful,839,Villarreal,537235.0,Pau Navarro,14.7,18.3,,,,,,,"[{'type': {'displayName': 'Zone', 'value': 56}, 'value': 'Back'}, {'type': {'displayName': 'OppositeRelatedEvent', 'value': 233}, 'value': '156'}, {'type': {'displayName': 'Defensive', 'value': 285}}, {'type': {'displayName': 'StandingSave', 'value': 178}}]",True,,,,,
1914099,FirstHalf,14,26,14,BallTouch,Successful,52,Real Madrid,300713.0,Kylian Mbappé,86.1,81.4,,,,,,,"[{'type': {'displayName': 'Zone', 'value': 56}, 'value': 'Left'}]",True,,,,,
1914099,FirstHalf,14,27,14,BallRecovery,Successful,839,Villarreal,537235.0,Pau Navarro,25.6,10.0,,,,,,,[],False,,,,,
1914099,FirstHalf,14,28,14,Pass,Successful,839,Villarreal,537235.0,Pau Navarro,27.1,13.5,30.0,29.5,,,,,"[{'type': {'displayName': 'Zone', 'value': 56}, 'value': 'Back'}, {'type': {'displayName': 'Length', 'value': 212}, 'value': '11.3'}, {'type': {'displayName': 'PassEndY', 'value': 141}, 'value': '29.5'}, {'type': {'displayName': 'Angle', 'value': 213}, 'value': '1.30'}, {'type': {'displayName': 'PassEndX', 'value': 140}, 'value': '30.0'}]",True,,,,,
1914099,FirstHalf,14,32,14,Challenge,Unsuccessful,52,Real Madrid,415181.0,Arda Güler,59.6,66.6,,,,,,,"[{'type': {'displayName': 'Defensive', 'value': 285}}, {'type': {'displayName': 'OppositeRelatedEvent', 'value': 233}, 'value': '813'}, {'type': {'displayName': 'Zone', 'value': 56}, 'value': 'Center'}]",False,,,,,
1914099,FirstHalf,14,32,14,TakeOn,Successful,839,Villarreal,97659.0,Gerard Moreno,40.4,33.4,,,,,,,"[{'type': {'displayName': 'OppositeRelatedEvent', 'value': 233}, 'value': '159'}, {'type': {'displayName': 'Offensive', 'value': 286}}, {'type': {'displayName': 'Zone', 'value': 56}, 'value': 'Back'}]",True,,,,,
1914099,FirstHalf,14,34,14,Pass,Successful,839,Villarreal,97659.0,Gerard Moreno,28.7,43.0,32.1,90.0,,,,,"[{'type': {'displayName': 'Angle', 'value': 213}, 'value': '1.46'}, {'type': {'displayName': 'Longball', 'value': 1}}, {'type': {'displayName': 'PassEndY', 'value': 141}, 'value': '90.0'}, {'type': {'displayName': 'PassEndX', 'value': 140}, 'value': '32.1'}, {'type': {'displayName': 'Length', 'value': 212}, 'value': '32.2'}, {'type': {'displayName': 'Zone', 'value': 56}, 'value': 'Back'}]",True,,,,,
1914099,FirstHalf,14,40,14,Pass,Successful,839,Villarreal,276489.0,Alfonso Pedraza,43.0,92.6,32.7,79.1,,,,,"[{'type': {'displayName': 'Length', 'value': 212}, 'value': '14.2'}, {'type': {'displayName': 'PassEndY', 'value': 141}, 'value': '79.1'}, {'type': {'displayName': 'Angle', 'value': 213}, 'value': '3.85'}, {'type': {'displayName': 'Zone', 'value': 56}, 'value': 'Back'}, {'type': {'displayName': 'PassEndX', 'value': 140}, 'value': '32.7'}]",True,,,,,
1914099,FirstHalf,14,45,14,Pass,Successful,839,Villarreal,434077.0,Renato Veiga,30.2,72.7,23.5,58.5,,,,,"[{'type': {'displayName': 'PassEndX', 'value': 140}, 'value': '23.5'}, {'type': {'displayName': 'Angle', 'value': 213}, 'value': '4.08'}, {'type': {'displayName': 'Length', 'value': 212}, 'value': '11.9'}, {'type': {'displayName': 'PassEndY', 'value': 141}, 'value': '58.5'}, {'type': {'displayName': 'Zone', 'value': 56}, 'value': 'Back'}]",True,,,,,
1914099,FirstHalf,14,50,14,Pass,Successful,839,Villarreal,335107.0,Juan Foyth,23.1,63.6,38.3,67.1,,,,,"[{'type': {'displayName': 'Zone', 'value': 56}, 'value': 'Back'}, {'type': {'displayName': 'Angle', 'value': 213}, 'value': '0.15'}, {'type': {'displayName': 'PassEndX', 'value': 140}, 'value': '38.3'}, {'type': {'displayName': 'PassEndY', 'value': 141}, 'value': '67.1'}, {'type': {'displayName': 'Length', 'value': 212}, 'value': '16.1'}]",True,,,,,
1914099,FirstHalf,14,53,14,Pass,Unsuccessful,839,Villarreal,448211.0,Alberto Moleiro,37.0,70.0,42.4,81.4,,,,,"[{'type': {'displayName': 'PassEndX', 'value': 140}, 'value': '42.4'}, {'type': {'displayName': 'PassEndY', 'value': 141}, 'value': '81.4'}, {'type': {'displayName': 'Length', 'value': 212}, 'value': '9.6'}, {'type': {'displayName': 'Angle', 'value': 213}, 'value': '0.94'}, {'type': {'displayName': 'Chipped', 'value': 155}}, {'type': {'displayName': 'Zone', 'value': 56}, 'value': 'Back'}]",True,,,,,
1914099,FirstHalf,14,54,14,BallRecovery,Successful,52,Real Madrid,514810.0,Franco Mastantuono,57.7,12.1,,,,,,,[],False,,,,,
1914099,FirstHalf,14,58,14,Pass,Successful,52,Real Madrid,514810.0,Franco Mastantuono,59.0,7.3,45.3,6.3,,,,,"[{'type': {'displayName': 'PassEndY', 'value': 141}, 'value': '6.3'}, {'type': {'displayName': 'Length', 'value': 212}, 'value': '14.4'}, {'type': {'displayName': 'Angle', 'value': 213}, 'value': '3.19'}, {'type': {'displayName': 'Zone', 'value': 56}, 'value': 'Back'}, {'type': {'displayName': 'PassEndX', 'value': 140}, 'value': '45.3'}]",True,,,,,
1914099,FirstHalf,15,1,15,Pass,Successful,52,Real Madrid,344644.0,Federico Valverde,43.1,20.1,33.9,52.2,,,,,"[{'type': {'displayName': 'Length', 'value': 212}, 'value': '23.9'}, {'type': {'displayName': 'PassEndY', 'value': 141}, 'value': '52.2'}, {'type': {'displayName': 'PassEndX', 'value': 140}, 'value': '33.9'}, {'type': {'displayName': 'Angle', 'value': 213}, 'value': '1.99'}, {'type': {'displayName': 'Zone', 'value': 56}, 'value': 'Back'}]",True,,,,,
1914099,FirstHalf,15,5,15,Pass,Successful,52,Real Madrid,534899.0,Raúl Asencio,39.5,44.6,49.4,77.9,,,,,"[{'type': {'displayName': 'PassEndX', 'value': 140}, 'value': '49.4'}, {'type': {'displayName': 'Length', 'value': 212}, 'value': '24.9'}, {'type': {'displayName': 'Angle', 'value': 213}, 'value': '1.14'}, {'type': {'displayName': 'PassEndY', 'value': 141}, 'value': '77.9'}, {'type': {'displayName': 'Zone', 'value': 56}, 'value': 'Back'}]",True,,,,,
1914099,FirstHalf,15,9,15,Pass,Successful,52,Real Madrid,468852.0,Dean Huijsen,57.7,85.8,52.4,70.2,,,,,"[{'type': {'displayName': 'Length', 'value': 212}, 'value': '12.0'}, {'type': {'displayName': 'PassEndY', 'value': 141}, 'value': '70.2'}, {'type': {'displayName': 'PassEndX', 'value': 140}, 'value': '52.4'}, {'type': {'displayName': 'Angle', 'value': 213}, 'value': '4.23'}, {'type': {'displayName': 'Zone', 'value': 56}, 'value': 'Center'}]",True,,,,,
1914099,FirstHalf,15,14,15,BallTouch,Unsuccessful,52,Real Madrid,369109.0,Eduardo Camavinga,53.2,66.3,,,,,,,"[{'type': {'displayName': 'Zone', 'value': 56}, 'value': 'Center'}]",True,,,,,
1914099,FirstHalf,15,17,15,BallRecovery,Successful,839,Villarreal,97659.0,Gerard Moreno,57.8,29.2,,,,,,,[],False,,,,,
1914099,FirstHalf,15,22,15,TakeOn,Unsuccessful,839,Villarreal,97659.0,Gerard Moreno,88.3,28.0,,,,,,,"[{'type': {'displayName': 'Zone', 'value': 56}, 'value': 'Center'}, {'type': {'displayName': 'OppositeRelatedEvent', 'value': 233}, 'value': '166'}, {'type': {'displayName': 'Offensive', 'value': 286}}]",True,,,,,
1914099,FirstHalf,15,22,15,Tackle,Successful,52,Real Madrid,369109.0,Eduardo Camavinga,11.7,72.0,,,,,,,"[{'type': {'displayName': 'StandingSave', 'value': 178}}, {'type': {'displayName': 'Defensive', 'value': 285}}, {'type': {'displayName': 'Zone', 'value': 56}, 'value': 'Back'}, {'type': {'displayName': 'OppositeRelatedEvent', 'value': 233}, 'value': '130'}]",True,,,,,
1914099,FirstHalf,15,23,15,BallRecovery,Successful,52,Real Madrid,468852.0,Dean Huijsen,7.3,81.1,,,,,,,[],False,,,,,
1914099,FirstHalf,15,25,15,Pass,Successful,52,Real Madrid,468852.0,Dean Huijsen,7.7,86.2,30.4,92.8,,,,,"[{'type': {'displayName': 'Angle', 'value': 213}, 'value': '0.19'}, {'type': {'displayName': 'PassEndX', 'value': 140}, 'value': '30.4'}, {'type': {'displayName': 'PassEndY', 'value': 141}, 'value': '92.8'}, {'type': {'displayName': 'Length', 'value': 212}, 'value': '24.3'}, {'type': {'displayName': 'Zone', 'value': 56}, 'value': 'Back'}, {'type': {'displayName': 'Chipped', 'value': 155}}]",True,,,,,
1914099,FirstHalf,15,28,15,Foul,Successful,52,Real Madrid,379868.0,Jude Bellingham,38.8,95.4,,,,,,,"[{'type': {'displayName': 'Zone', 'value': 56}, 'value': 'Back'}, {'type': {'displayName': 'Offensive', 'value': 286}}, {'type': {'displayName': 'Foul', 'value': 13}}, {'type': {'displayName': 'OppositeRelatedEvent', 'value': 233}, 'value': '131'}]",True,,,,,
1914099,FirstHalf,15,28,15,Foul,Unsuccessful,839,Villarreal,399047.0,Pape Gueye,61.2,4.6,,,,,,,"[{'type': {'displayName': 'Zone', 'value': 56}, 'value': 'Right'}, {'type': {'displayName': 'Foul', 'value': 13}}, {'type': {'displayName': 'Defensive', 'value': 285}}, {'type': {'displayName': 'OppositeRelatedEvent', 'value': 233}, 'value': '169'}]",False,,,,,
1914099,FirstHalf,15,45,15,Pass,Successful,52,Real Madrid,437583.0,Álvaro Carreras,36.5,83.7,30.9,59.4,,,,,"[{'type': {'displayName': 'Angle', 'value': 213}, 'value': '4.37'}, {'type': {'displayName': 'PassEndY', 'value': 141}, 'value': '59.4'}, {'type': {'displayName': 'Length', 'value': 212}, 'value': '17.5'}, {'type': {'displayName': 'Zone', 'value': 56}, 'value': 'Back'}, {'type': {'displayName': 'PassEndX', 'value': 140}, 'value': '30.9'}, {'type': {'displayName': 'FreekickTaken', 'value': 5}}]",True,,,,,
1914099,FirstHalf,15,46,15,Pass,Successful,52,Real Madrid,468852.0,Dean Huijsen,30.9,59.4,46.8,33.9,,,,,"[{'type': {'displayName': 'Angle', 'value': 213}, 'value': '5.48'}, {'type': {'displayName': 'Length', 'value': 212}, 'value': '24.1'}, {'type': {'displayName': 'PassEndX', 'value': 140}, 'value': '46.8'}, {'type': {'displayName': 'PassEndY', 'value': 141}, 'value': '33.9'}, {'type': {'displayName': 'Zone', 'value': 56}, 'value': 'Back'}]",True,,,,,
1914099,FirstHalf,15,49,15,Pass,Successful,52,Real Madrid,415181.0,Arda Güler,46.8,33.9,48.7,7.9,,,,,"[{'type': {'displayName': 'Zone', 'value': 56}, 'value': 'Back'}, {'type': {'displayName': 'PassEndY', 'value': 141}, 'value': '7.9'}, {'type': {'displayName': 'Length', 'value': 212}, 'value': '17.8'}, {'type': {'displayName': 'Angle', 'value': 213}, 'value': '4.82'}, {'type': {'displayName': 'PassEndX', 'value': 140}, 'value': '48.7'}]",True,,,,,
1914099,FirstHalf,15,50,15,Pass,Successful,52,Real Madrid,344644.0,Federico Valverde,48.7,7.9,62.8,6.0,,,,,"[{'type': {'displayName': 'Length', 'value': 212}, 'value': '14.9'}, {'type': {'displayName': 'Angle', 'value': 213}, 'value': '6.20'}, {'type': {'displayName': 'PassEndX', 'value': 140}, 'value': '62.8'}, {'type': {'displayName': 'PassEndY', 'value': 141}, 'value': '6.0'}, {'type': {'displayName': 'Zone', 'value': 56}, 'value': 'Right'}]",True,,,,,
1914099,FirstHalf,15,52,15,Pass,Unsuccessful,52,Real Madrid,514810.0,Franco Mastantuono,62.8,6.0,69.3,7.9,,,,,"[{'type': {'displayName': 'Angle', 'value': 213}, 'value': '0.19'}, {'type': {'displayName': 'Length', 'value': 212}, 'value': '6.9'}, {'type': {'displayName': 'PassEndX', 'value': 140}, 'value': '69.3'}, {'type': {'displayName': 'PassEndY', 'value': 141}, 'value': '7.9'}, {'type': {'displayName': 'Zone', 'value': 56}, 'value': 'Right'}]",True,,,,,
1914099,FirstHalf,15,55,15,TakeOn,Successful,839,Villarreal,276489.0,Alfonso Pedraza,31.8,95.4,,,,,,,"[{'type': {'displayName': 'OppositeRelatedEvent', 'value': 233}, 'value': '175'}, {'type': {'displayName': 'Zone', 'value': 56}, 'value': 'Back'}, {'type': {'displayName': 'Defensive', 'value': 285}}]",True,,,,,
1914099,FirstHalf,15,55,15,Challenge,Unsuccessful,52,Real Madrid,514810.0,Franco Mastantuono,68.2,4.6,,,,,,,"[{'type': {'displayName': 'Zone', 'value': 56}, 'value': 'Right'}, {'type': {'displayName': 'OppositeRelatedEvent', 'value': 233}, 'value': '133'}, {'type': {'displayName': 'Offensive', 'value': 286}}]",False,,,,,
1914099,FirstHalf,15,55,15,BallRecovery,Successful,839,Villarreal,276489.0,Alfonso Pedraza,33.9,97.1,,,,,,,[],False,,,,,
1914099,FirstHalf,15,56,15,Pass,Successful,839,Villarreal,276489.0,Alfonso Pedraza,37.3,97.1,48.7,80.0,,,,,"[{'type': {'displayName': 'Angle', 'value': 213}, 'value': '5.51'}, {'type': {'displayName': 'PassEndY', 'value': 141}, 'value': '80.0'}, {'type': {'displayName': 'Length', 'value': 212}, 'value': '16.7'}, {'type': {'displayName': 'PassEndX', 'value': 140}, 'value': '48.7'}, {'type': {'displayName': 'Zone', 'value': 56}, 'value': 'Back'}]",True,,,,,
1914099,FirstHalf,15,57,15,Pass,Successful,839,Villarreal,389020.0,Georges Mikautadze,48.7,80.0,46.6,72.9,,,,,"[{'type': {'displayName': 'Angle', 'value': 213}, 'value': '4.28'}, {'type': {'displayName': 'PassEndX', 'value': 140}, 'value': '46.6'}, {'type': {'displayName': 'Zone', 'value': 56}, 'value': 'Back'}, {'type': {'displayName': 'PassEndY', 'value': 141}, 'value': '72.9'}, {'type': {'displayName': 'Length', 'value': 212}, 'value': '5.3'}]",True,,,,,
1914099,FirstHalf,15,58,15,Pass,Successful,839,Villarreal,448211.0,Alberto Moleiro,47.9,73.2,70.4,92.0,,,,,"[{'type': {'displayName': 'Zone', 'value': 56}, 'value': 'Left'}, {'type': {'displayName': 'PassEndX', 'value': 140}, 'value': '70.4'}, {'type': {'displayName': 'Angle', 'value': 213}, 'value': '0.50'}, {'type': {'displayName': 'PassEndY', 'value': 141}, 'value': '92.0'}, {'type': {'displayName': 'Length', 'value': 212}, 'value': '26.9'}]",True,,,,,
1914099,FirstHalf,16,3,16,Pass,Successful,839,Villarreal,276489.0,Alfonso Pedraza,85.4,87.0,98.2,5.1,,,,,"[{'type': {'displayName': 'LeftFoot', 'value': 72}}, {'type': {'displayName': 'PassEndX', 'value': 140}, 'value': '98.2'}, {'type': {'displayName': 'PassEndY', 'value': 141}, 'value': '5.1'}, {'type': {'displayName': 'Angle', 'value': 213}, 'value': '4.95'}, {'type': {'displayName': 'Longball', 'value': 1}}, {'type': {'displayName': 'Length', 'value': 212}, 'value': '57.3'}, {'type': {'displayName': 'Cross', 'value': 2}}, {'type': {'displayName': 'Zone', 'value': 56}, 'value': 'Right'}, {'type': {'displayName': 'Chipped', 'value': 155}}]",True,,,,,
1914099,FirstHalf,16,10,16,Pass,Successful,839,Villarreal,371027.0,Tajon Buchanan,87.5,6.9,85.5,18.3,,,,,"[{'type': {'displayName': 'Zone', 'value': 56}, 'value': 'Right'}, {'type': {'displayName': 'Angle', 'value': 213}, 'value': '1.84'}, {'type': {'displayName': 'Length', 'value': 212}, 'value': '8.0'}, {'type': {'displayName': 'PassEndY', 'value': 141}, 'value': '18.3'}, {'type': {'displayName': 'PassEndX', 'value': 140}, 'value': '85.5'}]",True,,,,,
1914099,FirstHalf,16,12,16,Pass,Unsuccessful,839,Villarreal,97659.0,Gerard Moreno,86.3,22.1,85.0,27.6,,,,,"[{'type': {'displayName': 'OppositeRelatedEvent', 'value': 233}, 'value': '176'}, {'type': {'displayName': 'PassEndX', 'value': 140}, 'value': '85.0'}, {'type': {'displayName': 'PassEndY', 'value': 141}, 'value': '27.6'}, {'type': {'displayName': 'Length', 'value': 212}, 'value': '4.0'}, {'type': {'displayName': 'Angle', 'value': 213}, 'value': '1.92'}, {'type': {'displayName': 'Zone', 'value': 56}, 'value': 'Center'}, {'type': {'displayName': 'Offensive', 'value': 286}}]",True,,,,,
1914099,FirstHalf,16,12,16,BlockedPass,Successful,52,Real Madrid,379868.0,Jude Bellingham,15.0,72.4,,,,,,,"[{'type': {'displayName': 'Zone', 'value': 56}, 'value': 'Back'}, {'type': {'displayName': 'Defensive', 'value': 285}}, {'type': {'displayName': 'OppositeRelatedEvent', 'value': 233}, 'value': '140'}]",True,,,,,
1914099,FirstHalf,16,17,16,TakeOn,Unsuccessful,52,Real Madrid,379868.0,Jude Bellingham,24.7,74.1,,,,,,,"[{'type': {'displayName': 'Defensive', 'value': 285}}, {'type': {'displayName': 'Zone', 'value': 56}, 'value': 'Back'}, {'type': {'displayName': 'OppositeRelatedEvent', 'value': 233}, 'value': '142'}]",True,,,,,
1914099,FirstHalf,16,17,16,Tackle,Unsuccessful,839,Villarreal,537235.0,Pau Navarro,75.3,25.9,,,,,,,"[{'type': {'displayName': 'Zone', 'value': 56}, 'value': 'Center'}, {'type': {'displayName': 'OppositeRelatedEvent', 'value': 233}, 'value': '177'}, {'type': {'displayName': 'Offensive', 'value': 286}}]",True,,,,,
1914099,FirstHalf,16,18,16,Pass,Successful,52,Real Madrid,379868.0,Jude Bellingham,26.1,79.0,9.0,80.2,,,,,"[{'type': {'displayName': 'Zone', 'value': 56}, 'value': 'Back'}, {'type': {'displayName': 'PassEndY', 'value': 141}, 'value': '80.2'}, {'type': {'displayName': 'Angle', 'value': 213}, 'value': '3.10'}, {'type': {'displayName': 'Length', 'value': 212}, 'value': '18.0'}, {'type': {'displayName': 'PassEndX', 'value': 140}, 'value': '9.0'}]",True,,,,,
1914099,FirstHalf,16,19,16,BallRecovery,Successful,52,Real Madrid,437583.0,Álvaro Carreras,9.0,80.2,,,,,,,[],False,,,,,
1914099,FirstHalf,16,21,16,Pass,Successful,52,Real Madrid,437583.0,Álvaro Carreras,8.2,85.3,16.2,96.1,,,,,"[{'type': {'displayName': 'PassEndX', 'value': 140}, 'value': '16.2'}, {'type': {'displayName': 'Length', 'value': 212}, 'value': '11.2'}, {'type': {'displayName': 'PassEndY', 'value': 141}, 'value': '96.1'}, {'type': {'displayName': 'Zone', 'value': 56}, 'value': 'Back'}, {'type': {'displayName': 'Angle', 'value': 213}, 'value': '0.72'}]",True,,,,,
1914099,FirstHalf,16,23,16,Pass,Successful,52,Real Madrid,379868.0,Jude Bellingham,12.2,95.4,4.5,77.2,,,,,"[{'type': {'displayName': 'PassEndX', 'value': 140}, 'value': '4.5'}, {'type': {'displayName': 'Zone', 'value': 56}, 'value': 'Back'}, {'type': {'displayName': 'Length', 'value': 212}, 'value': '14.8'}, {'type': {'displayName': 'PassEndY', 'value': 141}, 'value': '77.2'}, {'type': {'displayName': 'Angle', 'value': 213}, 'value': '4.13'}]",True,,,,,
1914099,FirstHalf,16,26,16,Pass,Unsuccessful,52,Real Madrid,468852.0,Dean Huijsen,4.5,77.2,40.4,92.7,,,,,"[{'type': {'displayName': 'PassEndX', 'value': 140}, 'value': '40.4'}, {'type': {'displayName': 'Zone', 'value': 56}, 'value': 'Back'}, {'type': {'displayName': 'Longball', 'value': 1}}, {'type': {'displayName': 'PassEndY', 'value': 141}, 'value': '92.7'}, {'type': {'displayName': 'Length', 'value': 212}, 'value': '39.1'}, {'type': {'displayName': 'Angle', 'value': 213}, 'value': '0.27'}]",True,,,,,
1914099,FirstHalf,16,29,16,BallRecovery,Successful,839,Villarreal,399047.0,Pape Gueye,58.1,16.3,,,,,,,[],False,,,,,
1914099,FirstHalf,16,30,16,Pass,Successful,839,Villarreal,399047.0,Pape Gueye,64.4,23.3,69.8,40.3,,,,,"[{'type': {'displayName': 'Zone', 'value': 56}, 'value': 'Center'}, {'type': {'displayName': 'Length', 'value': 212}, 'value': '12.9'}, {'type': {'displayName': 'PassEndY', 'value': 141}, 'value': '40.3'}, {'type': {'displayName': 'PassEndX', 'value': 140}, 'value': '69.8'}, {'type': {'displayName': 'Angle', 'value': 213}, 'value': '1.11'}]",True,,,,,
1914099,FirstHalf,16,33,16,Pass,Successful,839,Villarreal,448211.0,Alberto Moleiro,69.7,51.8,66.1,82.7,,,,,"[{'type': {'displayName': 'PassEndX', 'value': 140}, 'value': '66.1'}, {'type': {'displayName': 'Angle', 'value': 213}, 'value': '1.75'}, {'type': {'displayName': 'Zone', 'value': 56}, 'value': 'Left'}, {'type': {'displayName': 'PassEndY', 'value': 141}, 'value': '82.7'}, {'type': {'displayName': 'Length', 'value': 212}, 'value': '21.3'}]",True,,,,,
1914099,FirstHalf,16,36,16,Pass,Successful,839,Villarreal,276489.0,Alfonso Pedraza,64.9,84.0,60.6,64.3,,,,,"[{'type': {'displayName': 'Length', 'value': 212}, 'value': '14.1'}, {'type': {'displayName': 'PassEndY', 'value': 141}, 'value': '64.3'}, {'type': {'displayName': 'Angle', 'value': 213}, 'value': '4.39'}, {'type': {'displayName': 'Zone', 'value': 56}, 'value': 'Center'}, {'type': {'displayName': 'PassEndX', 'value': 140}, 'value': '60.6'}]",True,,,,,
1914099,FirstHalf,16,39,16,Pass,Successful,839,Villarreal,28186.0,Dani Parejo,59.6,63.6,52.2,38.3,,,,,"[{'type': {'displayName': 'Angle', 'value': 213}, 'value': '4.29'}, {'type': {'displayName': 'Zone', 'value': 56}, 'value': 'Center'}, {'type': {'displayName': 'Length', 'value': 212}, 'value': '18.9'}, {'type': {'displayName': 'PassEndX', 'value': 140}, 'value': '52.2'}, {'type': {'displayName': 'PassEndY', 'value': 141}, 'value': '38.3'}]",True,,,,,
1914099,FirstHalf,16,42,16,Pass,Successful,839,Villarreal,335107.0,Juan Foyth,54.1,34.1,55.2,18.0,,,,,"[{'type': {'displayName': 'PassEndY', 'value': 141}, 'value': '18.0'}, {'type': {'displayName': 'Zone', 'value': 56}, 'value': 'Right'}, {'type': {'displayName': 'Angle', 'value': 213}, 'value': '4.82'}, {'type': {'displayName': 'PassEndX', 'value': 140}, 'value': '55.2'}, {'type': {'displayName': 'Length', 'value': 212}, 'value': '11.0'}]",True,,,,,
1914099,FirstHalf,16,44,16,Pass,Successful,839,Villarreal,537235.0,Pau Navarro,56.0,18.0,62.7,4.7,,,,,"[{'type': {'displayName': 'Angle', 'value': 213}, 'value': '5.37'}, {'type': {'displayName': 'Length', 'value': 212}, 'value': '11.5'}, {'type': {'displayName': 'PassEndY', 'value': 141}, 'value': '4.7'}, {'type': {'displayName': 'Zone', 'value': 56}, 'value': 'Right'}, {'type': {'displayName': 'PassEndX', 'value': 140}, 'value': '62.7'}]",True,,,,,
1914099,FirstHalf,16,46,16,Pass,Successful,839,Villarreal,371027.0,Tajon Buchanan,61.9,4.1,53.8,8.6,,,,,"[{'type': {'displayName': 'Zone', 'value': 56}, 'value': 'Right'}, {'type': {'displayName': 'PassEndY', 'value': 141}, 'value': '8.6'}, {'type': {'displayName': 'Angle', 'value': 213}, 'value': '2.80'}, {'type': {'displayName': 'Length', 'value': 212}, 'value': '9.0'}, {'type': {'displayName': 'PassEndX', 'value': 140}, 'value': '53.8'}]",True,,,,,
1914099,FirstHalf,16,47,16,Pass,Unsuccessful,839,Villarreal,537235.0,Pau Navarro,53.8,8.6,56.1,10.9,,,,,"[{'type': {'displayName': 'Angle', 'value': 213}, 'value': '0.57'}, {'type': {'displayName': 'PassEndX', 'value': 140}, 'value': '56.1'}, {'type': {'displayName': 'Offensive', 'value': 286}}, {'type': {'displayName': 'PassEndY', 'value': 141}, 'value': '10.9'}, {'type': {'displayName': 'Length', 'value': 212}, 'value': '2.9'}, {'type': {'displayName': 'Zone', 'value': 56}, 'value': 'Right'}, {'type': {'displayName': 'OppositeRelatedEvent', 'value': 233}, 'value': '183'}]",True,,,,,
1914099,FirstHalf,16,47,16,BlockedPass,Successful,52,Real Madrid,379868.0,Jude Bellingham,43.9,89.1,,,,,,,"[{'type': {'displayName': 'Defensive', 'value': 285}}, {'type': {'displayName': 'Zone', 'value': 56}, 'value': 'Back'}, {'type': {'displayName': 'OppositeRelatedEvent', 'value': 233}, 'value': '152'}]",True,,,,,
1914099,FirstHalf,17,1,17,Pass,Successful,839,Villarreal,537235.0,Pau Navarro,52.2,0.0,59.7,29.1,,,,,"[{'type': {'displayName': 'PassEndX', 'value': 140}, 'value': '59.7'}, {'type': {'displayName': 'ThrowIn', 'value': 107}}, {'type': {'displayName': 'Length', 'value': 212}, 'value': '22.1'}, {'type': {'displayName': 'Zone', 'value': 56}, 'value': 'Center'}, {'type': {'displayName': 'PassEndY', 'value': 141}, 'value': '29.1'}, {'type': {'displayName': 'Angle', 'value': 213}, 'value': '1.21'}, {'type': {'displayName': 'Longball', 'value': 1}}]",True,,,,,
1914099,FirstHalf,17,3,17,Dispossessed,Successful,839,Villarreal,371027.0,Tajon Buchanan,60.8,31.6,,,,,,,"[{'type': {'displayName': 'Zone', 'value': 56}, 'value': 'Center'}, {'type': {'displayName': 'OppositeRelatedEvent', 'value': 233}, 'value': '185'}, {'type': {'displayName': 'Offensive', 'value': 286}}]",True,,,,,
1914099,FirstHalf,17,3,17,Tackle,Unsuccessful,52,Real Madrid,369109.0,Eduardo Camavinga,39.2,68.5,,,,,,,"[{'type': {'displayName': 'Defensive', 'value': 285}}, {'type': {'displayName': 'Zone', 'value': 56}, 'value': 'Back'}, {'type': {'displayName': 'OppositeRelatedEvent', 'value': 233}, 'value': '155'}]",True,,,,,
1914099,FirstHalf,17,4,17,BallTouch,Successful,839,Villarreal,371027.0,Tajon Buchanan,59.7,29.2,,,,,,,"[{'type': {'displayName': 'Zone', 'value': 56}, 'value': 'Center'}]",True,,,,,
1914099,FirstHalf,17,5,17,BallTouch,Successful,52,Real Madrid,437583.0,Álvaro Carreras,38.6,62.4,,,,,,,"[{'type': {'displayName': 'Zone', 'value': 56}, 'value': 'Back'}]",True,,,,,
1914099,FirstHalf,17,5,17,BallTouch,Unsuccessful,839,Villarreal,371027.0,Tajon Buchanan,60.1,29.7,,,,,,,"[{'type': {'displayName': 'Zone', 'value': 56}, 'value': 'Center'}]",True,,,,,
1914099,FirstHalf,17,7,17,BallRecovery,Successful,52,Real Madrid,415181.0,Arda Güler,36.2,70.5,,,,,,,[],False,,,,,
1914099,FirstHalf,17,8,17,Pass,Successful,52,Real Madrid,415181.0,Arda Güler,33.8,66.0,29.1,25.5,,,,,"[{'type': {'displayName': 'Length', 'value': 212}, 'value': '28.0'}, {'type': {'displayName': 'PassEndY', 'value': 141}, 'value': '25.5'}, {'type': {'displayName': 'Angle', 'value': 213}, 'value': '4.54'}, {'type': {'displayName': 'Zone', 'value': 56}, 'value': 'Back'}, {'type': {'displayName': 'PassEndX', 'value': 140}, 'value': '29.1'}]",True,,,,,
1914099,FirstHalf,17,17,17,Pass,Successful,52,Real Madrid,344644.0,Federico Valverde,46.2,35.4,34.6,49.8,,,,,"[{'type': {'displayName': 'PassEndX', 'value': 140}, 'value': '34.6'}, {'type': {'displayName': 'Length', 'value': 212}, 'value': '15.6'}, {'type': {'displayName': 'Zone', 'value': 56}, 'value': 'Back'}, {'type': {'displayName': 'Angle', 'value': 213}, 'value': '2.46'}, {'type': {'displayName': 'PassEndY', 'value': 141}, 'value': '49.8'}]",True,,,,,
1914099,FirstHalf,17,19,17,Pass,Successful,52,Real Madrid,534899.0,Raúl Asencio,38.4,55.6,44.7,87.3,,,,,"[{'type': {'displayName': 'PassEndX', 'value': 140}, 'value': '44.7'}, {'type': {'displayName': 'Length', 'value': 212}, 'value': '22.5'}, {'type': {'displayName': 'PassEndY', 'value': 141}, 'value': '87.3'}, {'type': {'displayName': 'Zone', 'value': 56}, 'value': 'Back'}, {'type': {'displayName': 'Angle', 'value': 213}, 'value': '1.27'}]",True,,,,,
1914099,FirstHalf,17,22,17,Pass,Successful,52,Real Madrid,437583.0,Álvaro Carreras,44.7,87.3,63.0,97.9,,,,,"[{'type': {'displayName': 'Zone', 'value': 56}, 'value': 'Left'}, {'type': {'displayName': 'Angle', 'value': 213}, 'value': '0.36'}, {'type': {'displayName': 'PassEndY', 'value': 141}, 'value': '97.9'}, {'type': {'displayName': 'PassEndX', 'value': 140}, 'value': '63.0'}, {'type': {'displayName': 'Length', 'value': 212}, 'value': '20.5'}]",True,,,,,
1914099,FirstHalf,17,26,17,Pass,Successful,52,Real Madrid,337782.0,Vinícius Júnior,63.0,97.9,58.0,90.7,,,,,"[{'type': {'displayName': 'Length', 'value': 212}, 'value': '7.2'}, {'type': {'displayName': 'PassEndY', 'value': 141}, 'value': '90.7'}, {'type': {'displayName': 'Angle', 'value': 213}, 'value': '3.89'}, {'type': {'displayName': 'Zone', 'value': 56}, 'value': 'Left'}, {'type': {'displayName': 'PassEndX', 'value': 140}, 'value': '58.0'}]",True,,,,,
1914099,FirstHalf,17,28,17,Pass,Successful,52,Real Madrid,437583.0,Álvaro Carreras,57.8,89.1,52.6,66.2,,,,,"[{'type': {'displayName': 'Angle', 'value': 213}, 'value': '4.38'}, {'type': {'displayName': 'Length', 'value': 212}, 'value': '16.5'}, {'type': {'displayName': 'Zone', 'value': 56}, 'value': 'Center'}, {'type': {'displayName': 'PassEndX', 'value': 140}, 'value': '52.6'}, {'type': {'displayName': 'PassEndY', 'value': 141}, 'value': '66.2'}]",True,,,,,
1914099,FirstHalf,17,32,17,Pass,Successful,52,Real Madrid,468852.0,Dean Huijsen,53.0,56.4,43.0,27.3,,,,,"[{'type': {'displayName': 'PassEndY', 'value': 141}, 'value': '27.3'}, {'type': {'displayName': 'Angle', 'value': 213}, 'value': '4.22'}, {'type': {'displayName': 'Zone', 'value': 56}, 'value': 'Back'}, {'type': {'displayName': 'PassEndX', 'value': 140}, 'value': '43.0'}, {'type': {'displayName': 'Length', 'value': 212}, 'value': '22.4'}]",True,,,,,
1914099,FirstHalf,17,34,17,Pass,Successful,52,Real Madrid,534899.0,Raúl Asencio,43.0,27.3,52.5,8.8,,,,,"[{'type': {'displayName': 'Zone', 'value': 56}, 'value': 'Right'}, {'type': {'displayName': 'PassEndY', 'value': 141}, 'value': '8.8'}, {'type': {'displayName': 'PassEndX', 'value': 140}, 'value': '52.5'}, {'type': {'displayName': 'Length', 'value': 212}, 'value': '16.1'}, {'type': {'displayName': 'Angle', 'value': 213}, 'value': '5.38'}]",True,,,,,
1914099,FirstHalf,17,38,17,Pass,Unsuccessful,52,Real Madrid,415181.0,Arda Güler,52.1,11.5,53.9,28.5,,,,,"[{'type': {'displayName': 'PassEndY', 'value': 141}, 'value': '28.5'}, {'type': {'displayName': 'PassEndX', 'value': 140}, 'value': '53.9'}, {'type': {'displayName': 'Angle', 'value': 213}, 'value': '1.41'}, {'type': {'displayName': 'Length', 'value': 212}, 'value': '11.7'}, {'type': {'displayName': 'Zone', 'value': 56}, 'value': 'Center'}]",True,,,,,
1914099,FirstHalf,17,39,17,Interception,Successful,839,Villarreal,389020.0,Georges Mikautadze,46.1,71.5,,,,,,,"[{'type': {'displayName': 'Zone', 'value': 56}, 'value': 'Back'}]",True,,,,,
1914099,FirstHalf,17,40,17,BallRecovery,Successful,839,Villarreal,28186.0,Dani Parejo,45.0,71.5,,,,,,,[],False,,,,,
1914099,FirstHalf,17,41,17,Pass,Successful,839,Villarreal,28186.0,Dani Parejo,44.6,71.1,54.9,46.8,,,,,"[{'type': {'displayName': 'Length', 'value': 212}, 'value': '19.7'}, {'type': {'displayName': 'PassEndY', 'value': 141}, 'value': '46.8'}, {'type': {'displayName': 'Angle', 'value': 213}, 'value': '5.29'}, {'type': {'displayName': 'Zone', 'value': 56}, 'value': 'Center'}, {'type': {'displayName': 'PassEndX', 'value': 140}, 'value': '54.9'}]",True,,,,,
1914099,FirstHalf,17,43,17,Pass,Successful,839,Villarreal,97659.0,Gerard Moreno,59.6,45.0,66.1,48.8,,,,,"[{'type': {'displayName': 'Angle', 'value': 213}, 'value': '0.36'}, {'type': {'displayName': 'PassEndX', 'value': 140}, 'value': '66.1'}, {'type': {'displayName': 'Zone', 'value': 56}, 'value': 'Center'}, {'type': {'displayName': 'PassEndY', 'value': 141}, 'value': '48.8'}, {'type': {'displayName': 'Length', 'value': 212}, 'value': '7.3'}]",True,,,,,
1914099,FirstHalf,17,45,17,Pass,Unsuccessful,839,Villarreal,399047.0,Pape Gueye,66.7,48.9,61.8,59.1,,,,,"[{'type': {'displayName': 'Angle', 'value': 213}, 'value': '2.21'}, {'type': {'displayName': 'Zone', 'value': 56}, 'value': 'Center'}, {'type': {'displayName': 'Length', 'value': 212}, 'value': '8.6'}, {'type': {'displayName': 'PassEndY', 'value': 141}, 'value': '59.1'}, {'type': {'displayName': 'PassEndX', 'value': 140}, 'value': '61.8'}]",True,,,,,
1914099,FirstHalf,17,45,17,Interception,Successful,52,Real Madrid,415181.0,Arda Güler,38.2,40.9,,,,,,,"[{'type': {'displayName': 'Zone', 'value': 56}, 'value': 'Back'}]",True,,,,,
1914099,FirstHalf,17,48,17,Pass,Successful,839,Villarreal,335107.0,Juan Foyth,51.4,53.9,67.3,67.1,,,,,"[{'type': {'displayName': 'Zone', 'value': 56}, 'value': 'Center'}, {'type': {'displayName': 'PassEndY', 'value': 141}, 'value': '67.1'}, {'type': {'displayName': 'Angle', 'value': 213}, 'value': '0.49'}, {'type': {'displayName': 'Length', 'value': 212}, 'value': '19.0'}, {'type': {'displayName': 'PassEndX', 'value': 140}, 'value': '67.3'}]",True,,,,,
1914099,FirstHalf,17,50,17,Pass,Successful,839,Villarreal,97659.0,Gerard Moreno,75.8,62.4,91.5,32.9,,,,,"[{'type': {'displayName': 'Throughball', 'value': 4}}, {'type': {'displayName': 'Length', 'value': 212}, 'value': '26.0'}, {'type': {'displayName': 'Zone', 'value': 56}, 'value': 'Center'}, {'type': {'displayName': 'Angle', 'value': 213}, 'value': '5.40'}, {'type': {'displayName': 'PassEndX', 'value': 140}, 'value': '91.5'}, {'type': {'displayName': 'PassEndY', 'value': 141}, 'value': '32.9'}, {'type': {'displayName': 'IntentionalAssist', 'value': 154}}, {'type': {'displayName': 'ShotAssist', 'value': 210}, 'value': '13'}, {'type': {'displayName': 'Chipped', 'value': 155}}, {'type': {'displayName': 'KeyPass', 'value': 11113}}]",True,,,,,
1914099,FirstHalf,17,53,17,MissedShots,Successful,839,Villarreal,389020.0,Georges Mikautadze,93.1,31.9,,,42.7,66.7,,,"[{'type': {'displayName': 'RightFoot', 'value': 20}}, {'type': {'displayName': 'Zone', 'value': 56}, 'value': 'Center'}, {'type': {'displayName': 'Assisted', 'value': 29}}, {'type': {'displayName': 'GoalMouthZ', 'value': 103}, 'value': '66.7'}, {'type': {'displayName': 'GoalMouthY', 'value': 102}, 'value': '42.7'}, {'type': {'displayName': 'HighRight', 'value': 81}}, {'type': {'displayName': 'Volley', 'value': 108}}, {'type': {'displayName': 'FirstTouch', 'value': 328}}, {'type': {'displayName': 'RelatedEventId', 'value': 55}, 'value': '164'}, {'type': {'displayName': 'RegularPlay', 'value': 22}}, {'type': {'displayName': 'BoxRight', 'value': 63}}, {'type': {'displayName': 'IntentionalAssist', 'value': 154}}]",True,True,,,164.0,97659.0
1914099,FirstHalf,18,12,18,Pass,Successful,52,Real Madrid,73798.0,Thibaut Courtois,3.4,42.3,24.9,22.6,,,,,"[{'type': {'displayName': 'Length', 'value': 212}, 'value': '26.3'}, {'type': {'displayName': 'Angle', 'value': 213}, 'value': '5.75'}, {'type': {'displayName': 'PassEndX', 'value': 140}, 'value': '24.9'}, {'type': {'displayName': 'Zone', 'value': 56}, 'value': 'Back'}, {'type': {'displayName': 'GoalKick', 'value': 124}}, {'type': {'displayName': 'PassEndY', 'value': 141}, 'value': '22.6'}]",True,,,,,
1914099,FirstHalf,18,15,18,Pass,Successful,52,Real Madrid,344644.0,Federico Valverde,30.6,25.0,24.9,46.4,,,,,"[{'type': {'displayName': 'PassEndY', 'value': 141}, 'value': '46.4'}, {'type': {'displayName': 'PassEndX', 'value': 140}, 'value': '24.9'}, {'type': {'displayName': 'Angle', 'value': 213}, 'value': '1.96'}, {'type': {'displayName': 'Length', 'value': 212}, 'value': '15.7'}, {'type': {'displayName': 'Zone', 'value': 56}, 'value': 'Back'}]",True,,,,,
1914099,FirstHalf,18,18,18,Pass,Successful,52,Real Madrid,415181.0,Arda Güler,25.2,48.9,32.8,78.3,,,,,"[{'type': {'displayName': 'Zone', 'value': 56}, 'value': 'Back'}, {'type': {'displayName': 'PassEndX', 'value': 140}, 'value': '32.8'}, {'type': {'displayName': 'PassEndY', 'value': 141}, 'value': '78.3'}, {'type': {'displayName': 'Length', 'value': 212}, 'value': '21.5'}, {'type': {'displayName': 'Angle', 'value': 213}, 'value': '1.19'}]",True,,,,,
1914099,FirstHalf,18,21,18,Pass,Successful,52,Real Madrid,468852.0,Dean Huijsen,38.5,88.6,62.9,96.3,,,,,"[{'type': {'displayName': 'Length', 'value': 212}, 'value': '26.1'}, {'type': {'displayName': 'PassEndY', 'value': 141}, 'value': '96.3'}, {'type': {'displayName': 'Angle', 'value': 213}, 'value': '0.20'}, {'type': {'displayName': 'PassEndX', 'value': 140}, 'value': '62.9'}, {'type': {'displayName': 'Zone', 'value': 56}, 'value': 'Left'}]",True,,,,,
1914099,FirstHalf,18,22,18,Pass,Unsuccessful,52,Real Madrid,337782.0,Vinícius Júnior,62.9,96.3,75.9,78.7,,,,,"[{'type': {'displayName': 'PassEndY', 'value': 141}, 'value': '78.7'}, {'type': {'displayName': 'Angle', 'value': 213}, 'value': '5.56'}, {'type': {'displayName': 'PassEndX', 'value': 140}, 'value': '75.9'}, {'type': {'displayName': 'Zone', 'value': 56}, 'value': 'Center'}, {'type': {'displayName': 'Length', 'value': 212}, 'value': '18.2'}, {'type': {'displayName': 'Chipped', 'value': 155}}]",True,,,,,
1914099,FirstHalf,18,24,18,Pass,Successful,839,Villarreal,335107.0,Juan Foyth,25.6,23.9,31.7,26.8,,,,,"[{'type': {'displayName': 'PassEndX', 'value': 140}, 'value': '31.7'}, {'type': {'displayName': 'HeadPass', 'value': 3}}, {'type': {'displayName': 'Zone', 'value': 56}, 'value': 'Back'}, {'type': {'displayName': 'Length', 'value': 212}, 'value': '6.7'}, {'type': {'displayName': 'PassEndY', 'value': 141}, 'value': '26.8'}, {'type': {'displayName': 'Angle', 'value': 213}, 'value': '0.30'}]",True,,,,,
1914099,FirstHalf,18,25,18,BallRecovery,Successful,839,Villarreal,399047.0,Pape Gueye,32.0,27.7,,,,,,,[],False,,,,,
1914099,FirstHalf,18,26,18,Pass,Successful,839,Villarreal,399047.0,Pape Gueye,35.1,31.2,53.3,42.0,,,,,"[{'type': {'displayName': 'Angle', 'value': 213}, 'value': '0.37'}, {'type': {'displayName': 'Zone', 'value': 56}, 'value': 'Center'}, {'type': {'displayName': 'PassEndY', 'value': 141}, 'value': '42.0'}, {'type': {'displayName': 'Length', 'value': 212}, 'value': '20.5'}, {'type': {'displayName': 'PassEndX', 'value': 140}, 'value': '53.3'}]",True,,,,,
1914099,FirstHalf,18,27,18,BallTouch,Unsuccessful,839,Villarreal,389020.0,Georges Mikautadze,53.3,42.0,,,,,,,"[{'type': {'displayName': 'Zone', 'value': 56}, 'value': 'Center'}]",True,,,,,
1914099,FirstHalf,18,30,18,BallRecovery,Successful,52,Real Madrid,468852.0,Dean Huijsen,29.7,58.5,,,,,,,[],False,,,,,
1914099,FirstHalf,18,31,18,Pass,Successful,52,Real Madrid,468852.0,Dean Huijsen,29.9,58.2,29.1,45.3,,,,,"[{'type': {'displayName': 'PassEndY', 'value': 141}, 'value': '45.3'}, {'type': {'displayName': 'Angle', 'value': 213}, 'value': '4.62'}, {'type': {'displayName': 'PassEndX', 'value': 140}, 'value': '29.1'}, {'type': {'displayName': 'Zone', 'value': 56}, 'value': 'Back'}, {'type': {'displayName': 'Length', 'value': 212}, 'value': '8.8'}]",True,,,,,
1914099,FirstHalf,18,34,18,Pass,Successful,52,Real Madrid,534899.0,Raúl Asencio,30.9,45.6,41.7,40.5,,,,,"[{'type': {'displayName': 'PassEndX', 'value': 140}, 'value': '41.7'}, {'type': {'displayName': 'Angle', 'value': 213}, 'value': '5.99'}, {'type': {'displayName': 'Length', 'value': 212}, 'value': '11.9'}, {'type': {'displayName': 'PassEndY', 'value': 141}, 'value': '40.5'}, {'type': {'displayName': 'Zone', 'value': 56}, 'value': 'Back'}]",True,,,,,
1914099,FirstHalf,18,36,18,Pass,Successful,52,Real Madrid,415181.0,Arda Güler,42.2,38.1,56.8,6.6,,,,,"[{'type': {'displayName': 'Angle', 'value': 213}, 'value': '5.33'}, {'type': {'displayName': 'PassEndX', 'value': 140}, 'value': '56.8'}, {'type': {'displayName': 'Length', 'value': 212}, 'value': '26.3'}, {'type': {'displayName': 'Zone', 'value': 56}, 'value': 'Right'}, {'type': {'displayName': 'PassEndY', 'value': 141}, 'value': '6.6'}]",True,,,,,
1914099,FirstHalf,18,40,18,Pass,Successful,52,Real Madrid,344644.0,Federico Valverde,57.2,6.9,52.5,22.5,,,,,"[{'type': {'displayName': 'Zone', 'value': 56}, 'value': 'Center'}, {'type': {'displayName': 'PassEndY', 'value': 141}, 'value': '22.5'}, {'type': {'displayName': 'PassEndX', 'value': 140}, 'value': '52.5'}, {'type': {'displayName': 'Angle', 'value': 213}, 'value': '2.01'}, {'type': {'displayName': 'Length', 'value': 212}, 'value': '11.7'}]",True,,,,,
1914099,FirstHalf,18,43,18,Pass,Successful,52,Real Madrid,415181.0,Arda Güler,52.6,23.8,68.7,93.3,,,,,"[{'type': {'displayName': 'Longball', 'value': 1}}, {'type': {'displayName': 'Angle', 'value': 213}, 'value': '1.23'}, {'type': {'displayName': 'PassEndY', 'value': 141}, 'value': '93.3'}, {'type': {'displayName': 'Chipped', 'value': 155}}, {'type': {'displayName': 'PassEndX', 'value': 140}, 'value': '68.7'}, {'type': {'displayName': 'Zone', 'value': 56}, 'value': 'Left'}, {'type': {'displayName': 'Length', 'value': 212}, 'value': '50.2'}]",True,,,,,
1914099,FirstHalf,18,46,18,Pass,Successful,52,Real Madrid,437583.0,Álvaro Carreras,68.7,93.3,64.2,80.2,,,,,"[{'type': {'displayName': 'Length', 'value': 212}, 'value': '10.1'}, {'type': {'displayName': 'Angle', 'value': 213}, 'value': '4.22'}, {'type': {'displayName': 'PassEndX', 'value': 140}, 'value': '64.2'}, {'type': {'displayName': 'Zone', 'value': 56}, 'value': 'Left'}, {'type': {'displayName': 'PassEndY', 'value': 141}, 'value': '80.2'}]",True,,,,,
1914099,FirstHalf,18,49,18,Pass,Successful,52,Real Madrid,379868.0,Jude Bellingham,65.3,76.2,71.7,71.4,,,,,"[{'type': {'displayName': 'PassEndX', 'value': 140}, 'value': '71.7'}, {'type': {'displayName': 'Zone', 'value': 56}, 'value': 'Center'}, {'type': {'displayName': 'Length', 'value': 212}, 'value': '7.5'}, {'type': {'displayName': 'PassEndY', 'value': 141}, 'value': '71.4'}, {'type': {'displayName': 'Angle', 'value': 213}, 'value': '5.83'}]",True,,,,,
1914099,FirstHalf,18,50,18,Pass,Unsuccessful,52,Real Madrid,300713.0,Kylian Mbappé,71.7,71.4,62.4,69.9,,,,,"[{'type': {'displayName': 'PassEndY', 'value': 141}, 'value': '69.9'}, {'type': {'displayName': 'Zone', 'value': 56}, 'value': 'Center'}, {'type': {'displayName': 'Length', 'value': 212}, 'value': '9.8'}, {'type': {'displayName': 'Angle', 'value': 213}, 'value': '3.25'}, {'type': {'displayName': 'PassEndX', 'value': 140}, 'value': '62.4'}]",True,,,,,
1914099,FirstHalf,18,51,18,Pass,Unsuccessful,839,Villarreal,97659.0,Gerard Moreno,28.6,27.9,32.1,3.2,,,,,"[{'type': {'displayName': 'Angle', 'value': 213}, 'value': '4.93'}, {'type': {'displayName': 'PassEndX', 'value': 140}, 'value': '32.1'}, {'type': {'displayName': 'PassEndY', 'value': 141}, 'value': '3.2'}, {'type': {'displayName': 'Length', 'value': 212}, 'value': '17.2'}, {'type': {'displayName': 'Zone', 'value': 56}, 'value': 'Back'}]",True,,,,,
1914099,FirstHalf,18,56,18,Pass,Successful,52,Real Madrid,437583.0,Álvaro Carreras,60.5,97.2,38.5,83.2,,,,,"[{'type': {'displayName': 'Zone', 'value': 56}, 'value': 'Back'}, {'type': {'displayName': 'Angle', 'value': 213}, 'value': '3.53'}, {'type': {'displayName': 'Length', 'value': 212}, 'value': '25.0'}, {'type': {'displayName': 'PassEndY', 'value': 141}, 'value': '83.2'}, {'type': {'displayName': 'PassEndX', 'value': 140}, 'value': '38.5'}]",True,,,,,
1914099,FirstHalf,19,1,19,Pass,Successful,52,Real Madrid,468852.0,Dean Huijsen,48.7,66.2,53.3,78.1,,,,,"[{'type': {'displayName': 'Zone', 'value': 56}, 'value': 'Center'}, {'type': {'displayName': 'PassEndX', 'value': 140}, 'value': '53.3'}, {'type': {'displayName': 'Angle', 'value': 213}, 'value': '1.03'}, {'type': {'displayName': 'Length', 'value': 212}, 'value': '9.4'}, {'type': {'displayName': 'PassEndY', 'value': 141}, 'value': '78.1'}]",True,,,,,
1914099,FirstHalf,19,5,19,Pass,Successful,52,Real Madrid,379868.0,Jude Bellingham,56.1,86.5,65.0,96.6,,,,,"[{'type': {'displayName': 'Zone', 'value': 56}, 'value': 'Left'}, {'type': {'displayName': 'PassEndY', 'value': 141}, 'value': '96.6'}, {'type': {'displayName': 'Length', 'value': 212}, 'value': '11.6'}, {'type': {'displayName': 'Angle', 'value': 213}, 'value': '0.63'}, {'type': {'displayName': 'PassEndX', 'value': 140}, 'value': '65.0'}]",True,,,,,
1914099,FirstHalf,19,6,19,Pass,Successful,52,Real Madrid,437583.0,Álvaro Carreras,65.0,96.6,61.9,92.7,,,,,"[{'type': {'displayName': 'Zone', 'value': 56}, 'value': 'Left'}, {'type': {'displayName': 'Length', 'value': 212}, 'value': '4.2'}, {'type': {'displayName': 'PassEndY', 'value': 141}, 'value': '92.7'}, {'type': {'displayName': 'PassEndX', 'value': 140}, 'value': '61.9'}, {'type': {'displayName': 'Angle', 'value': 213}, 'value': '3.83'}]",True,,,,,
1914099,FirstHalf,19,8,19,Pass,Successful,52,Real Madrid,337782.0,Vinícius Júnior,61.9,92.7,58.8,87.7,,,,,"[{'type': {'displayName': 'Zone', 'value': 56}, 'value': 'Left'}, {'type': {'displayName': 'Angle', 'value': 213}, 'value': '3.95'}, {'type': {'displayName': 'PassEndX', 'value': 140}, 'value': '58.8'}, {'type': {'displayName': 'Length', 'value': 212}, 'value': '4.7'}, {'type': {'displayName': 'PassEndY', 'value': 141}, 'value': '87.7'}]",True,,,,,
1914099,FirstHalf,19,9,19,Pass,Successful,52,Real Madrid,379868.0,Jude Bellingham,59.6,86.2,53.2,67.6,,,,,"[{'type': {'displayName': 'PassEndY', 'value': 141}, 'value': '67.6'}, {'type': {'displayName': 'Length', 'value': 212}, 'value': '14.3'}, {'type': {'displayName': 'Angle', 'value': 213}, 'value': '4.22'}, {'type': {'displayName': 'Zone', 'value': 56}, 'value': 'Center'}, {'type': {'displayName': 'PassEndX', 'value': 140}, 'value': '53.2'}]",True,,,,,
1914099,FirstHalf,19,11,19,Pass,Successful,52,Real Madrid,468852.0,Dean Huijsen,53.2,67.6,60.8,77.2,,,,,"[{'type': {'displayName': 'PassEndX', 'value': 140}, 'value': '60.8'}, {'type': {'displayName': 'PassEndY', 'value': 141}, 'value': '77.2'}, {'type': {'displayName': 'Length', 'value': 212}, 'value': '10.3'}, {'type': {'displayName': 'Zone', 'value': 56}, 'value': 'Center'}, {'type': {'displayName': 'Angle', 'value': 213}, 'value': '0.69'}]",True,,,,,
1914099,FirstHalf,19,14,19,Pass,Successful,52,Real Madrid,379868.0,Jude Bellingham,60.9,73.8,74.6,6.4,,,,,"[{'type': {'displayName': 'PassEndY', 'value': 141}, 'value': '6.4'}, {'type': {'displayName': 'Zone', 'value': 56}, 'value': 'Right'}, {'type': {'displayName': 'Length', 'value': 212}, 'value': '48.0'}, {'type': {'displayName': 'PassEndX', 'value': 140}, 'value': '74.6'}, {'type': {'displayName': 'Longball', 'value': 1}}, {'type': {'displayName': 'Angle', 'value': 213}, 'value': '5.02'}, {'type': {'displayName': 'Chipped', 'value': 155}}]",True,,,,,
1914099,FirstHalf,19,21,19,Pass,Successful,52,Real Madrid,344644.0,Federico Valverde,75.0,7.6,62.9,15.0,,,,,"[{'type': {'displayName': 'PassEndY', 'value': 141}, 'value': '15.0'}, {'type': {'displayName': 'PassEndX', 'value': 140}, 'value': '62.9'}, {'type': {'displayName': 'Angle', 'value': 213}, 'value': '2.76'}, {'type': {'displayName': 'Zone', 'value': 56}, 'value': 'Right'}, {'type': {'displayName': 'Length', 'value': 212}, 'value': '13.7'}]",True,,,,,
1914099,FirstHalf,19,24,19,Pass,Successful,52,Real Madrid,514810.0,Franco Mastantuono,62.2,18.0,53.3,22.8,,,,,"[{'type': {'displayName': 'PassEndY', 'value': 141}, 'value': '22.8'}, {'type': {'displayName': 'Angle', 'value': 213}, 'value': '2.81'}, {'type': {'displayName': 'PassEndX', 'value': 140}, 'value': '53.3'}, {'type': {'displayName': 'Zone', 'value': 56}, 'value': 'Center'}, {'type': {'displayName': 'Length', 'value': 212}, 'value': '9.9'}]",True,,,,,
1914099,FirstHalf,19,26,19,Pass,Successful,52,Real Madrid,534899.0,Raúl Asencio,53.3,22.8,66.2,3.3,,,,,"[{'type': {'displayName': 'PassEndX', 'value': 140}, 'value': '66.2'}, {'type': {'displayName': 'Zone', 'value': 56}, 'value': 'Right'}, {'type': {'displayName': 'Length', 'value': 212}, 'value': '19.0'}, {'type': {'displayName': 'Angle', 'value': 213}, 'value': '5.51'}, {'type': {'displayName': 'PassEndY', 'value': 141}, 'value': '3.3'}]",True,,,,,
1914099,FirstHalf,19,27,19,Pass,Successful,52,Real Madrid,344644.0,Federico Valverde,66.2,3.3,79.7,3.9,,,,,"[{'type': {'displayName': 'Length', 'value': 212}, 'value': '14.2'}, {'type': {'displayName': 'Angle', 'value': 213}, 'value': '0.03'}, {'type': {'displayName': 'PassEndX', 'value': 140}, 'value': '79.7'}, {'type': {'displayName': 'PassEndY', 'value': 141}, 'value': '3.9'}, {'type': {'displayName': 'Zone', 'value': 56}, 'value': 'Right'}]",True,,,,,
1914099,FirstHalf,19,30,19,Pass,Successful,52,Real Madrid,415181.0,Arda Güler,80.6,9.7,67.5,23.1,,,,,"[{'type': {'displayName': 'Angle', 'value': 213}, 'value': '2.56'}, {'type': {'displayName': 'PassEndY', 'value': 141}, 'value': '23.1'}, {'type': {'displayName': 'Length', 'value': 212}, 'value': '16.5'}, {'type': {'displayName': 'Zone', 'value': 56}, 'value': 'Center'}, {'type': {'displayName': 'PassEndX', 'value': 140}, 'value': '67.5'}]",True,,,,,
1914099,FirstHalf,19,33,19,Pass,Successful,52,Real Madrid,344644.0,Federico Valverde,67.8,23.4,83.5,10.3,,,,,"[{'type': {'displayName': 'ShotAssist', 'value': 210}, 'value': '15'}, {'type': {'displayName': 'PassEndX', 'value': 140}, 'value': '83.5'}, {'type': {'displayName': 'Length', 'value': 212}, 'value': '18.7'}, {'type': {'displayName': 'Zone', 'value': 56}, 'value': 'Right'}, {'type': {'displayName': 'Angle', 'value': 213}, 'value': '5.79'}, {'type': {'displayName': 'PassEndY', 'value': 141}, 'value': '10.3'}, {'type': {'displayName': 'KeyPass', 'value': 11113}}]",True,,,,,
1914099,FirstHalf,19,36,19,Challenge,Unsuccessful,839,Villarreal,448211.0,Alberto Moleiro,10.6,80.4,,,,,,,"[{'type': {'displayName': 'OppositeRelatedEvent', 'value': 233}, 'value': '227'}, {'type': {'displayName': 'Zone', 'value': 56}, 'value': 'Back'}, {'type': {'displayName': 'Defensive', 'value': 285}}]",False,,,,,
1914099,FirstHalf,19,36,19,TakeOn,Successful,52,Real Madrid,415181.0,Arda Güler,89.4,19.6,,,,,,,"[{'type': {'displayName': 'Zone', 'value': 56}, 'value': 'Right'}, {'type': {'displayName': 'Offensive', 'value': 286}}, {'type': {'displayName': 'OppositeRelatedEvent', 'value': 233}, 'value': '172'}]",True,,,,,
1914099,FirstHalf,19,37,19,Challenge,Unsuccessful,839,Villarreal,276489.0,Alfonso Pedraza,10.8,77.6,,,,,,,"[{'type': {'displayName': 'Defensive', 'value': 285}}, {'type': {'displayName': 'Zone', 'value': 56}, 'value': 'Back'}, {'type': {'displayName': 'OppositeRelatedEvent', 'value': 233}, 'value': '228'}]",False,,,,,
1914099,FirstHalf,19,37,19,TakeOn,Successful,52,Real Madrid,415181.0,Arda Güler,89.2,22.4,,,,,,,"[{'type': {'displayName': 'OppositeRelatedEvent', 'value': 233}, 'value': '173'}, {'type': {'displayName': 'Offensive', 'value': 286}}, {'type': {'displayName': 'Zone', 'value': 56}, 'value': 'Center'}]",True,,,,,
1914099,FirstHalf,19,38,19,SavedShot,Successful,52,Real Madrid,415181.0,Arda Güler,93.9,31.3,,,47.4,25.3,98.9,46.6,"[{'type': {'displayName': 'Zone', 'value': 56}, 'value': 'Center'}, {'type': {'displayName': 'BlockedX', 'value': 146}, 'value': '98.9'}, {'type': {'displayName': 'Assisted', 'value': 29}}, {'type': {'displayName': 'HighRight', 'value': 81}}, {'type': {'displayName': 'BlockedY', 'value': 147}, 'value': '46.6'}, {'type': {'displayName': 'RegularPlay', 'value': 22}}, {'type': {'displayName': 'BoxRight', 'value': 63}}, {'type': {'displayName': 'LeftFoot', 'value': 72}}, {'type': {'displayName': 'IndividualPlay', 'value': 215}}, {'type': {'displayName': 'OppositeRelatedEvent', 'value': 233}, 'value': '174'}, {'type': {'displayName': 'GoalMouthZ', 'value': 103}, 'value': '25.3'}, {'type': {'displayName': 'RelatedEventId', 'value': 55}, 'value': '226'}, {'type': {'displayName': 'GoalMouthY', 'value': 102}, 'value': '47.4'}]",True,True,,,226.0,344644.0
1914099,FirstHalf,19,38,19,Save,Successful,839,Villarreal,400826.0,Luiz Júnior,1.6,53.3,,,,,,,"[{'type': {'displayName': 'StandingSave', 'value': 178}}, {'type': {'displayName': 'Hands', 'value': 182}}, {'type': {'displayName': 'Zone', 'value': 56}, 'value': 'Back'}, {'type': {'displayName': 'ParriedDanger', 'value': 174}}, {'type': {'displayName': 'OppositeRelatedEvent', 'value': 233}, 'value': '229'}, {'type': {'displayName': 'KeeperSaveInTheBox', 'value': 11115}}]",True,,,,,
1914099,FirstHalf,19,42,19,KeeperPickup,Successful,839,Villarreal,400826.0,Luiz Júnior,1.6,53.3,,,,,,,[],False,,,,,
1914099,FirstHalf,19,45,19,Pass,Unsuccessful,839,Villarreal,400826.0,Luiz Júnior,14.6,67.3,63.8,54.1,,,,,"[{'type': {'displayName': 'PassEndY', 'value': 141}, 'value': '54.1'}, {'type': {'displayName': 'Zone', 'value': 56}, 'value': 'Center'}, {'type': {'displayName': 'PassEndX', 'value': 140}, 'value': '63.8'}, {'type': {'displayName': 'Longball', 'value': 1}}, {'type': {'displayName': 'Angle', 'value': 213}, 'value': '6.11'}, {'type': {'displayName': 'Length', 'value': 212}, 'value': '52.4'}]",True,,,,,
1914099,FirstHalf,19,49,19,Pass,Successful,52,Real Madrid,534899.0,Raúl Asencio,38.2,44.1,45.0,61.8,,,,,"[{'type': {'displayName': 'Length', 'value': 212}, 'value': '14.0'}, {'type': {'displayName': 'Angle', 'value': 213}, 'value': '1.04'}, {'type': {'displayName': 'PassEndY', 'value': 141}, 'value': '61.8'}, {'type': {'displayName': 'HeadPass', 'value': 3}}, {'type': {'displayName': 'Zone', 'value': 56}, 'value': 'Back'}, {'type': {'displayName': 'PassEndX', 'value': 140}, 'value': '45.0'}]",True,,,,,
1914099,FirstHalf,19,50,19,BallRecovery,Successful,52,Real Madrid,437583.0,Álvaro Carreras,45.0,61.8,,,,,,,[],False,,,,,
1914099,FirstHalf,19,50,19,Pass,Successful,52,Real Madrid,437583.0,Álvaro Carreras,45.0,61.8,33.9,64.9,,,,,"[{'type': {'displayName': 'PassEndX', 'value': 140}, 'value': '33.9'}, {'type': {'displayName': 'Zone', 'value': 56}, 'value': 'Back'}, {'type': {'displayName': 'PassEndY', 'value': 141}, 'value': '64.9'}, {'type': {'displayName': 'Length', 'value': 212}, 'value': '11.8'}, {'type': {'displayName': 'Angle', 'value': 213}, 'value': '2.96'}]",True,,,,,
1914099,FirstHalf,19,52,19,Pass,Successful,52,Real Madrid,468852.0,Dean Huijsen,35.7,64.9,58.1,63.3,,,,,"[{'type': {'displayName': 'Zone', 'value': 56}, 'value': 'Center'}, {'type': {'displayName': 'PassEndX', 'value': 140}, 'value': '58.1'}, {'type': {'displayName': 'Angle', 'value': 213}, 'value': '6.24'}, {'type': {'displayName': 'Length', 'value': 212}, 'value': '23.5'}, {'type': {'displayName': 'PassEndY', 'value': 141}, 'value': '63.3'}]",True,,,,,
1914099,FirstHalf,20,0,20,Pass,Successful,52,Real Madrid,379868.0,Jude Bellingham,67.6,85.2,80.3,95.5,,,,,"[{'type': {'displayName': 'Angle', 'value': 213}, 'value': '0.48'}, {'type': {'displayName': 'Length', 'value': 212}, 'value': '15.1'}, {'type': {'displayName': 'PassEndY', 'value': 141}, 'value': '95.5'}, {'type': {'displayName': 'PassEndX', 'value': 140}, 'value': '80.3'}, {'type': {'displayName': 'Zone', 'value': 56}, 'value': 'Left'}]",True,,,,,
1914099,FirstHalf,20,0,20,Pass,Successful,52,Real Madrid,337782.0,Vinícius Júnior,80.3,95.5,68.7,89.5,,,,,"[{'type': {'displayName': 'Length', 'value': 212}, 'value': '12.8'}, {'type': {'displayName': 'PassEndX', 'value': 140}, 'value': '68.7'}, {'type': {'displayName': 'PassEndY', 'value': 141}, 'value': '89.5'}, {'type': {'displayName': 'Angle', 'value': 213}, 'value': '3.46'}, {'type': {'displayName': 'Zone', 'value': 56}, 'value': 'Left'}]",True,,,,,
1914099,FirstHalf,20,4,20,Pass,Successful,52,Real Madrid,379868.0,Jude Bellingham,71.2,79.3,78.1,9.9,,,,,"[{'type': {'displayName': 'Longball', 'value': 1}}, {'type': {'displayName': 'PassEndY', 'value': 141}, 'value': '9.9'}, {'type': {'displayName': 'PassEndX', 'value': 140}, 'value': '78.1'}, {'type': {'displayName': 'Zone', 'value': 56}, 'value': 'Right'}, {'type': {'displayName': 'Chipped', 'value': 155}}, {'type': {'displayName': 'Length', 'value': 212}, 'value': '47.7'}, {'type': {'displayName': 'Angle', 'value': 213}, 'value': '4.86'}]",True,,,,,
1914099,FirstHalf,20,12,20,Pass,Successful,52,Real Madrid,514810.0,Franco Mastantuono,84.8,18.1,69.7,26.7,,,,,"[{'type': {'displayName': 'PassEndX', 'value': 140}, 'value': '69.7'}, {'type': {'displayName': 'Angle', 'value': 213}, 'value': '2.79'}, {'type': {'displayName': 'Zone', 'value': 56}, 'value': 'Center'}, {'type': {'displayName': 'PassEndY', 'value': 141}, 'value': '26.7'}, {'type': {'displayName': 'Length', 'value': 212}, 'value': '16.9'}]",True,,,,,
1914099,FirstHalf,20,14,20,Pass,Successful,52,Real Madrid,300713.0,Kylian Mbappé,69.7,26.7,83.3,16.3,,,,,"[{'type': {'displayName': 'Zone', 'value': 56}, 'value': 'Right'}, {'type': {'displayName': 'PassEndY', 'value': 141}, 'value': '16.3'}, {'type': {'displayName': 'PassEndX', 'value': 140}, 'value': '83.3'}, {'type': {'displayName': 'Angle', 'value': 213}, 'value': '5.82'}, {'type': {'displayName': 'Length', 'value': 212}, 'value': '15.9'}]",True,,,,,
1914099,FirstHalf,20,18,20,TakeOn,Unsuccessful,52,Real Madrid,514810.0,Franco Mastantuono,85.2,23.8,,,,,,,"[{'type': {'displayName': 'OppositeRelatedEvent', 'value': 233}, 'value': '177'}, {'type': {'displayName': 'Offensive', 'value': 286}}, {'type': {'displayName': 'Zone', 'value': 56}, 'value': 'Center'}]",True,,,,,
1914099,FirstHalf,20,18,20,Tackle,Unsuccessful,839,Villarreal,448211.0,Alberto Moleiro,14.8,76.2,,,,,,,"[{'type': {'displayName': 'StandingSave', 'value': 178}}, {'type': {'displayName': 'OppositeRelatedEvent', 'value': 233}, 'value': '241'}, {'type': {'displayName': 'Defensive', 'value': 285}}, {'type': {'displayName': 'Zone', 'value': 56}, 'value': 'Back'}]",True,,,,,
1914099,FirstHalf,20,20,20,Pass,Successful,52,Real Madrid,514810.0,Franco Mastantuono,71.6,23.8,74.7,33.9,,,,,"[{'type': {'displayName': 'Angle', 'value': 213}, 'value': '1.13'}, {'type': {'displayName': 'PassEndY', 'value': 141}, 'value': '33.9'}, {'type': {'displayName': 'PassEndX', 'value': 140}, 'value': '74.7'}, {'type': {'displayName': 'Length', 'value': 212}, 'value': '7.6'}, {'type': {'displayName': 'Zone', 'value': 56}, 'value': 'Center'}]",True,,,,,
1914099,FirstHalf,20,21,20,Pass,Successful,52,Real Madrid,300713.0,Kylian Mbappé,74.7,33.9,69.5,35.1,,,,,"[{'type': {'displayName': 'Zone', 'value': 56}, 'value': 'Center'}, {'type': {'displayName': 'PassEndX', 'value': 140}, 'value': '69.5'}, {'type': {'displayName': 'PassEndY', 'value': 141}, 'value': '35.1'}, {'type': {'displayName': 'Length', 'value': 212}, 'value': '5.5'}, {'type': {'displayName': 'Angle', 'value': 213}, 'value': '2.99'}, {'type': {'displayName': 'LayOff', 'value': 156}}]",True,,,,,
1914099,FirstHalf,20,23,20,Pass,Successful,52,Real Madrid,514810.0,Franco Mastantuono,73.5,46.8,72.4,62.4,,,,,"[{'type': {'displayName': 'Angle', 'value': 213}, 'value': '1.68'}, {'type': {'displayName': 'PassEndY', 'value': 141}, 'value': '62.4'}, {'type': {'displayName': 'Length', 'value': 212}, 'value': '10.7'}, {'type': {'displayName': 'PassEndX', 'value': 140}, 'value': '72.4'}, {'type': {'displayName': 'Zone', 'value': 56}, 'value': 'Center'}]",True,,,,,
1914099,FirstHalf,20,25,20,Pass,Successful,52,Real Madrid,437583.0,Álvaro Carreras,72.4,62.4,78.6,81.7,,,,,"[{'type': {'displayName': 'Zone', 'value': 56}, 'value': 'Left'}, {'type': {'displayName': 'PassEndY', 'value': 141}, 'value': '81.7'}, {'type': {'displayName': 'PassEndX', 'value': 140}, 'value': '78.6'}, {'type': {'displayName': 'Length', 'value': 212}, 'value': '14.6'}, {'type': {'displayName': 'Angle', 'value': 213}, 'value': '1.11'}]",True,,,,,
1914099,FirstHalf,20,27,20,Pass,Successful,52,Real Madrid,337782.0,Vinícius Júnior,80.1,78.1,88.2,68.5,,,,,"[{'type': {'displayName': 'Length', 'value': 212}, 'value': '10.7'}, {'type': {'displayName': 'PassEndY', 'value': 141}, 'value': '68.5'}, {'type': {'displayName': 'Angle', 'value': 213}, 'value': '5.63'}, {'type': {'displayName': 'Zone', 'value': 56}, 'value': 'Center'}, {'type': {'displayName': 'PassEndX', 'value': 140}, 'value': '88.2'}]",True,,,,,
1914099,FirstHalf,20,28,20,Pass,Successful,52,Real Madrid,379868.0,Jude Bellingham,88.2,68.5,79.3,63.1,,,,,"[{'type': {'displayName': 'Length', 'value': 212}, 'value': '10.0'}, {'type': {'displayName': 'PassEndX', 'value': 140}, 'value': '79.3'}, {'type': {'displayName': 'Zone', 'value': 56}, 'value': 'Center'}, {'type': {'displayName': 'Angle', 'value': 213}, 'value': '3.52'}, {'type': {'displayName': 'PassEndY', 'value': 141}, 'value': '63.1'}]",True,,,,,
1914099,FirstHalf,20,29,20,Pass,Unsuccessful,52,Real Madrid,337782.0,Vinícius Júnior,79.3,63.1,87.2,55.5,,,,,"[{'type': {'displayName': 'Zone', 'value': 56}, 'value': 'Center'}, {'type': {'displayName': 'PassEndX', 'value': 140}, 'value': '87.2'}, {'type': {'displayName': 'Angle', 'value': 213}, 'value': '5.73'}, {'type': {'displayName': 'PassEndY', 'value': 141}, 'value': '55.5'}, {'type': {'displayName': 'Length', 'value': 212}, 'value': '9.8'}]",True,,,,,
1914099,FirstHalf,20,31,20,BallTouch,Unsuccessful,839,Villarreal,28186.0,Dani Parejo,18.5,51.7,,,,,,,"[{'type': {'displayName': 'Zone', 'value': 56}, 'value': 'Back'}]",True,,,,,
1914099,FirstHalf,20,31,20,TakeOn,Unsuccessful,52,Real Madrid,337782.0,Vinícius Júnior,78.4,55.6,,,,,,,"[{'type': {'displayName': 'OppositeRelatedEvent', 'value': 233}, 'value': '180'}, {'type': {'displayName': 'Zone', 'value': 56}, 'value': 'Center'}, {'type': {'displayName': 'Offensive', 'value': 286}}]",True,,,,,
1914099,FirstHalf,20,31,20,Tackle,Successful,839,Villarreal,28186.0,Dani Parejo,21.6,44.4,,,,,,,"[{'type': {'displayName': 'OppositeRelatedEvent', 'value': 233}, 'value': '249'}, {'type': {'displayName': 'Defensive', 'value': 285}}, {'type': {'displayName': 'Zone', 'value': 56}, 'value': 'Back'}, {'type': {'displayName': 'StandingSave', 'value': 178}}]",True,,,,,
1914099,FirstHalf,20,33,20,BallRecovery,Successful,839,Villarreal,28186.0,Dani Parejo,13.7,37.4,,,,,,,[],False,,,,,
1914099,FirstHalf,23,4,23,SubstitutionOff,Successful,839,Villarreal,335107.0,Juan Foyth,0.0,0.0,,,,,,,"[{'type': {'displayName': 'JerseyNumber', 'value': 59}, 'value': '8'}, {'type': {'displayName': 'PlayerPosition', 'value': 44}, 'value': 'Defender'}, {'type': {'displayName': 'RelatedEventId', 'value': 55}, 'value': '184'}]",False,,,,184.0,430301.0
1914099,FirstHalf,23,4,23,SubstitutionOn,Successful,839,Villarreal,430301.0,Rafa Marín,0.0,0.0,,,,,,,"[{'type': {'displayName': 'RelatedEventId', 'value': 55}, 'value': '183'}, {'type': {'displayName': 'FormationSlot', 'value': 145}, 'value': '5'}, {'type': {'displayName': 'JerseyNumber', 'value': 59}, 'value': '4'}, {'type': {'displayName': 'PlayerPosition', 'value': 44}, 'value': 'Defender'}]",False,,,,183.0,335107.0
1914099,FirstHalf,23,22,23,KeeperPickup,Successful,839,Villarreal,400826.0,Luiz Júnior,12.6,49.5,,,,,,,[],False,,,,,
1914099,FirstHalf,23,24,23,Pass,Successful,839,Villarreal,400826.0,Luiz Júnior,10.1,47.3,10.2,15.3,,,,,"[{'type': {'displayName': 'PassEndX', 'value': 140}, 'value': '10.2'}, {'type': {'displayName': 'Angle', 'value': 213}, 'value': '4.72'}, {'type': {'displayName': 'Length', 'value': 212}, 'value': '21.8'}, {'type': {'displayName': 'Zone', 'value': 56}, 'value': 'Back'}, {'type': {'displayName': 'KeeperThrow', 'value': 123}}, {'type': {'displayName': 'PassEndY', 'value': 141}, 'value': '15.3'}]",True,,,,,
1914099,FirstHalf,23,26,23,Pass,Successful,839,Villarreal,430301.0,Rafa Marín,9.3,16.6,21.6,3.8,,,,,"[{'type': {'displayName': 'PassEndX', 'value': 140}, 'value': '21.6'}, {'type': {'displayName': 'Zone', 'value': 56}, 'value': 'Back'}, {'type': {'displayName': 'Angle', 'value': 213}, 'value': '5.69'}, {'type': {'displayName': 'Length', 'value': 212}, 'value': '15.6'}, {'type': {'displayName': 'PassEndY', 'value': 141}, 'value': '3.8'}]",True,,,,,
1914099,FirstHalf,23,29,23,Pass,Unsuccessful,839,Villarreal,537235.0,Pau Navarro,22.0,3.8,44.2,3.9,,,,,"[{'type': {'displayName': 'Angle', 'value': 213}, 'value': '0.00'}, {'type': {'displayName': 'Longball', 'value': 1}}, {'type': {'displayName': 'Zone', 'value': 56}, 'value': 'Back'}, {'type': {'displayName': 'Length', 'value': 212}, 'value': '23.3'}, {'type': {'displayName': 'PassEndX', 'value': 140}, 'value': '44.2'}, {'type': {'displayName': 'PassEndY', 'value': 141}, 'value': '3.9'}]",True,,,,,
1914099,FirstHalf,23,31,23,Pass,Successful,52,Real Madrid,437583.0,Álvaro Carreras,54.8,92.7,64.2,74.5,,,,,"[{'type': {'displayName': 'Angle', 'value': 213}, 'value': '5.39'}, {'type': {'displayName': 'PassEndX', 'value': 140}, 'value': '64.2'}, {'type': {'displayName': 'Length', 'value': 212}, 'value': '15.8'}, {'type': {'displayName': 'PassEndY', 'value': 141}, 'value': '74.5'}, {'type': {'displayName': 'Zone', 'value': 56}, 'value': 'Center'}]",True,,,,,
1914099,FirstHalf,23,32,23,BallRecovery,Successful,52,Real Madrid,369109.0,Eduardo Camavinga,64.2,74.5,,,,,,,[],False,,,,,
1914099,FirstHalf,23,33,23,Pass,Unsuccessful,52,Real Madrid,369109.0,Eduardo Camavinga,61.2,76.9,65.0,90.9,,,,,"[{'type': {'displayName': 'Angle', 'value': 213}, 'value': '1.17'}, {'type': {'displayName': 'PassEndY', 'value': 141}, 'value': '90.9'}, {'type': {'displayName': 'Zone', 'value': 56}, 'value': 'Left'}, {'type': {'displayName': 'PassEndX', 'value': 140}, 'value': '65.0'}, {'type': {'displayName': 'Length', 'value': 212}, 'value': '10.3'}]",True,,,,,
1914099,FirstHalf,23,34,23,Interception,Successful,839,Villarreal,537235.0,Pau Navarro,35.0,9.1,,,,,,,"[{'type': {'displayName': 'Zone', 'value': 56}, 'value': 'Back'}]",True,,,,,
1914099,FirstHalf,23,34,23,BallRecovery,Successful,839,Villarreal,537235.0,Pau Navarro,35.7,10.0,,,,,,,[],False,,,,,
1914099,FirstHalf,23,35,23,Pass,Unsuccessful,839,Villarreal,537235.0,Pau Navarro,39.4,9.2,67.4,10.6,,,,,"[{'type': {'displayName': 'PassEndY', 'value': 141}, 'value': '10.6'}, {'type': {'displayName': 'Angle', 'value': 213}, 'value': '0.03'}, {'type': {'displayName': 'PassEndX', 'value': 140}, 'value': '67.4'}, {'type': {'displayName': 'Zone', 'value': 56}, 'value': 'Right'}, {'type': {'displayName': 'Chipped', 'value': 155}}, {'type': {'displayName': 'Length', 'value': 212}, 'value': '29.4'}]",True,,,,,
1914099,FirstHalf,23,39,23,BallRecovery,Successful,52,Real Madrid,534899.0,Raúl Asencio,25.2,90.0,,,,,,,[],False,,,,,
1914099,FirstHalf,23,42,23,Pass,Unsuccessful,52,Real Madrid,534899.0,Raúl Asencio,8.1,96.7,8.3,94.5,,,,,"[{'type': {'displayName': 'Length', 'value': 212}, 'value': '1.5'}, {'type': {'displayName': 'Angle', 'value': 213}, 'value': '4.85'}, {'type': {'displayName': 'Offensive', 'value': 286}}, {'type': {'displayName': 'OppositeRelatedEvent', 'value': 233}, 'value': '194'}, {'type': {'displayName': 'PassEndY', 'value': 141}, 'value': '94.5'}, {'type': {'displayName': 'Zone', 'value': 56}, 'value': 'Back'}, {'type': {'displayName': 'PassEndX', 'value': 140}, 'value': '8.3'}]",True,,,,,
1914099,FirstHalf,23,42,23,BlockedPass,Successful,839,Villarreal,389020.0,Georges Mikautadze,91.7,5.5,,,,,,,"[{'type': {'displayName': 'Zone', 'value': 56}, 'value': 'Right'}, {'type': {'displayName': 'Defensive', 'value': 285}}, {'type': {'displayName': 'OppositeRelatedEvent', 'value': 233}, 'value': '258'}]",True,,,,,
1914099,FirstHalf,23,58,23,Pass,Successful,52,Real Madrid,437583.0,Álvaro Carreras,17.4,100.0,21.7,94.2,,,,,"[{'type': {'displayName': 'ThrowIn', 'value': 107}}, {'type': {'displayName': 'Zone', 'value': 56}, 'value': 'Back'}, {'type': {'displayName': 'Angle', 'value': 213}, 'value': '5.49'}, {'type': {'displayName': 'Length', 'value': 212}, 'value': '6.4'}, {'type': {'displayName': 'PassEndX', 'value': 140}, 'value': '21.7'}, {'type': {'displayName': 'PassEndY', 'value': 141}, 'value': '94.2'}]",True,,,,,
1914099,FirstHalf,24,0,24,Dispossessed,Successful,52,Real Madrid,337782.0,Vinícius Júnior,21.7,94.6,,,,,,,"[{'type': {'displayName': 'Defensive', 'value': 285}}, {'type': {'displayName': 'OppositeRelatedEvent', 'value': 233}, 'value': '196'}, {'type': {'displayName': 'Zone', 'value': 56}, 'value': 'Back'}]",True,,,,,
1914099,FirstHalf,24,0,24,Tackle,Successful,839,Villarreal,371027.0,Tajon Buchanan,78.3,5.4,,,,,,,"[{'type': {'displayName': 'OppositeRelatedEvent', 'value': 233}, 'value': '261'}, {'type': {'displayName': 'Offensive', 'value': 286}}, {'type': {'displayName': 'StandingSave', 'value': 178}}, {'type': {'displayName': 'Zone', 'value': 56}, 'value': 'Right'}]",True,,,,,
1914099,FirstHalf,24,0,24,BallTouch,Successful,839,Villarreal,97659.0,Gerard Moreno,86.0,13.5,,,,,,,"[{'type': {'displayName': 'Zone', 'value': 56}, 'value': 'Right'}]",True,,,,,
1914099,FirstHalf,24,2,24,Dispossessed,Successful,52,Real Madrid,437583.0,Álvaro Carreras,12.1,95.6,,,,,,,"[{'type': {'displayName': 'Defensive', 'value': 285}}, {'type': {'displayName': 'Zone', 'value': 56}, 'value': 'Back'}, {'type': {'displayName': 'OppositeRelatedEvent', 'value': 233}, 'value': '197'}]",True,,,,,
1914099,FirstHalf,24,2,24,Tackle,Unsuccessful,839,Villarreal,371027.0,Tajon Buchanan,87.8,4.4,,,,,,,"[{'type': {'displayName': 'Offensive', 'value': 286}}, {'type': {'displayName': 'StandingSave', 'value': 178}}, {'type': {'displayName': 'Zone', 'value': 56}, 'value': 'Right'}, {'type': {'displayName': 'OppositeRelatedEvent', 'value': 233}, 'value': '262'}]",True,,,,,
1914099,FirstHalf,24,3,24,BallTouch,Successful,52,Real Madrid,437583.0,Álvaro Carreras,12.7,95.4,,,,,,,"[{'type': {'displayName': 'Zone', 'value': 56}, 'value': 'Back'}]",True,,,,,
1914099,FirstHalf,24,4,24,Pass,Successful,839,Villarreal,371027.0,Tajon Buchanan,93.7,3.1,84.3,6.0,,,,,"[{'type': {'displayName': 'PassEndY', 'value': 141}, 'value': '6.0'}, {'type': {'displayName': 'Length', 'value': 212}, 'value': '10.1'}, {'type': {'displayName': 'Angle', 'value': 213}, 'value': '2.94'}, {'type': {'displayName': 'PassEndX', 'value': 140}, 'value': '84.3'}, {'type': {'displayName': 'Zone', 'value': 56}, 'value': 'Right'}]",True,,,,,
1914099,FirstHalf,24,5,24,BallRecovery,Successful,839,Villarreal,97659.0,Gerard Moreno,87.6,4.3,,,,,,,[],False,,,,,
1914099,FirstHalf,24,5,24,Pass,Unsuccessful,839,Villarreal,97659.0,Gerard Moreno,84.8,1.7,84.3,4.3,,,,,"[{'type': {'displayName': 'PassEndX', 'value': 140}, 'value': '84.3'}, {'type': {'displayName': 'PassEndY', 'value': 141}, 'value': '4.3'}, {'type': {'displayName': 'Length', 'value': 212}, 'value': '1.8'}, {'type': {'displayName': 'Angle', 'value': 213}, 'value': '1.86'}, {'type': {'displayName': 'Zone', 'value': 56}, 'value': 'Right'}, {'type': {'displayName': 'Offensive', 'value': 286}}, {'type': {'displayName': 'OppositeRelatedEvent', 'value': 233}, 'value': '264'}]",True,,,,,
1914099,FirstHalf,24,5,24,BlockedPass,Successful,52,Real Madrid,337782.0,Vinícius Júnior,16.0,96.1,,,,,,,"[{'type': {'displayName': 'Zone', 'value': 56}, 'value': 'Back'}, {'type': {'displayName': 'Defensive', 'value': 285}}, {'type': {'displayName': 'OppositeRelatedEvent', 'value': 233}, 'value': '200'}]",True,,,,,
1914099,FirstHalf,24,8,24,BallRecovery,Successful,52,Real Madrid,337782.0,Vinícius Júnior,19.4,94.3,,,,,,,[],False,,,,,
1914099,FirstHalf,24,10,24,Pass,Unsuccessful,52,Real Madrid,337782.0,Vinícius Júnior,28.2,94.2,28.8,35.7,,,,,"[{'type': {'displayName': 'Zone', 'value': 56}, 'value': 'Back'}, {'type': {'displayName': 'Longball', 'value': 1}}, {'type': {'displayName': 'Chipped', 'value': 155}}, {'type': {'displayName': 'Angle', 'value': 213}, 'value': '4.73'}, {'type': {'displayName': 'Length', 'value': 212}, 'value': '39.8'}, {'type': {'displayName': 'PassEndX', 'value': 140}, 'value': '28.8'}, {'type': {'displayName': 'PassEndY', 'value': 141}, 'value': '35.7'}]",True,,,,,
1914099,FirstHalf,24,12,24,BallRecovery,Successful,839,Villarreal,448211.0,Alberto Moleiro,73.9,60.9,,,,,,,[],False,,,,,
1914099,FirstHalf,24,13,24,TakeOn,Unsuccessful,839,Villarreal,448211.0,Alberto Moleiro,77.2,52.1,,,,,,,"[{'type': {'displayName': 'OppositeRelatedEvent', 'value': 233}, 'value': '267'}, {'type': {'displayName': 'Zone', 'value': 56}, 'value': 'Center'}, {'type': {'displayName': 'Offensive', 'value': 286}}]",True,,,,,
1914099,FirstHalf,24,13,24,Tackle,Unsuccessful,52,Real Madrid,534899.0,Raúl Asencio,22.8,47.9,,,,,,,"[{'type': {'displayName': 'Zone', 'value': 56}, 'value': 'Back'}, {'type': {'displayName': 'Defensive', 'value': 285}}, {'type': {'displayName': 'OppositeRelatedEvent', 'value': 233}, 'value': '202'}]",True,,,,,
1914099,FirstHalf,24,16,24,Pass,Successful,839,Villarreal,28186.0,Dani Parejo,64.4,55.9,57.2,36.5,,,,,"[{'type': {'displayName': 'Angle', 'value': 213}, 'value': '4.19'}, {'type': {'displayName': 'Zone', 'value': 56}, 'value': 'Center'}, {'type': {'displayName': 'PassEndX', 'value': 140}, 'value': '57.2'}, {'type': {'displayName': 'Length', 'value': 212}, 'value': '15.2'}, {'type': {'displayName': 'PassEndY', 'value': 141}, 'value': '36.5'}]",True,,,,,
1914099,FirstHalf,24,18,24,Pass,Successful,839,Villarreal,430301.0,Rafa Marín,57.2,36.5,64.5,40.9,,,,,"[{'type': {'displayName': 'Angle', 'value': 213}, 'value': '0.37'}, {'type': {'displayName': 'PassEndY', 'value': 141}, 'value': '40.9'}, {'type': {'displayName': 'Zone', 'value': 56}, 'value': 'Center'}, {'type': {'displayName': 'Length', 'value': 212}, 'value': '8.2'}, {'type': {'displayName': 'PassEndX', 'value': 140}, 'value': '64.5'}]",True,,,,,
1914099,FirstHalf,24,20,24,Pass,Unsuccessful,839,Villarreal,399047.0,Pape Gueye,66.5,40.1,73.0,54.7,,,,,"[{'type': {'displayName': 'PassEndX', 'value': 140}, 'value': '73.0'}, {'type': {'displayName': 'Zone', 'value': 56}, 'value': 'Center'}, {'type': {'displayName': 'PassEndY', 'value': 141}, 'value': '54.7'}, {'type': {'displayName': 'Angle', 'value': 213}, 'value': '0.97'}, {'type': {'displayName': 'Length', 'value': 212}, 'value': '12.0'}]",True,,,,,
1914099,FirstHalf,24,22,24,Interception,Successful,52,Real Madrid,534899.0,Raúl Asencio,27.0,45.3,,,,,,,"[{'type': {'displayName': 'Zone', 'value': 56}, 'value': 'Back'}]",True,,,,,
1914099,FirstHalf,24,25,24,Pass,Successful,52,Real Madrid,337782.0,Vinícius Júnior,35.4,55.5,38.4,60.9,,,,,"[{'type': {'displayName': 'Zone', 'value': 56}, 'value': 'Back'}, {'type': {'displayName': 'PassEndY', 'value': 141}, 'value': '60.9'}, {'type': {'displayName': 'PassEndX', 'value': 140}, 'value': '38.4'}, {'type': {'displayName': 'Length', 'value': 212}, 'value': '4.8'}, {'type': {'displayName': 'Angle', 'value': 213}, 'value': '0.86'}]",True,,,,,
1914099,FirstHalf,24,26,24,BallRecovery,Successful,52,Real Madrid,379868.0,Jude Bellingham,39.7,61.0,,,,,,,[],False,,,,,
1914099,FirstHalf,24,27,24,Pass,Successful,52,Real Madrid,379868.0,Jude Bellingham,39.7,61.0,60.8,32.8,,,,,"[{'type': {'displayName': 'PassEndX', 'value': 140}, 'value': '60.8'}, {'type': {'displayName': 'Length', 'value': 212}, 'value': '29.3'}, {'type': {'displayName': 'Zone', 'value': 56}, 'value': 'Center'}, {'type': {'displayName': 'Angle', 'value': 213}, 'value': '5.57'}, {'type': {'displayName': 'PassEndY', 'value': 141}, 'value': '32.8'}]",True,,,,,
1914099,FirstHalf,24,31,24,Challenge,Unsuccessful,839,Villarreal,276489.0,Alfonso Pedraza,12.7,68.9,,,,,,,"[{'type': {'displayName': 'OppositeRelatedEvent', 'value': 233}, 'value': '272'}, {'type': {'displayName': 'Zone', 'value': 56}, 'value': 'Back'}, {'type': {'displayName': 'Defensive', 'value': 285}}]",False,,,,,
1914099,FirstHalf,24,31,24,TakeOn,Successful,52,Real Madrid,514810.0,Franco Mastantuono,87.3,31.1,,,,,,,"[{'type': {'displayName': 'Zone', 'value': 56}, 'value': 'Center'}, {'type': {'displayName': 'OppositeRelatedEvent', 'value': 233}, 'value': '206'}, {'type': {'displayName': 'Offensive', 'value': 286}}]",True,,,,,
1914099,FirstHalf,24,32,24,Pass,Successful,52,Real Madrid,514810.0,Franco Mastantuono,84.6,32.2,82.0,53.1,,,,,"[{'type': {'displayName': 'Angle', 'value': 213}, 'value': '1.76'}, {'type': {'displayName': 'PassEndY', 'value': 141}, 'value': '53.1'}, {'type': {'displayName': 'Length', 'value': 212}, 'value': '14.5'}, {'type': {'displayName': 'PassEndX', 'value': 140}, 'value': '82.0'}, {'type': {'displayName': 'Zone', 'value': 56}, 'value': 'Center'}]",True,,,,,
1914099,FirstHalf,24,33,24,Pass,Successful,52,Real Madrid,379868.0,Jude Bellingham,81.5,52.3,78.9,47.9,,,,,"[{'type': {'displayName': 'Angle', 'value': 213}, 'value': '3.97'}, {'type': {'displayName': 'Length', 'value': 212}, 'value': '4.1'}, {'type': {'displayName': 'PassEndX', 'value': 140}, 'value': '78.9'}, {'type': {'displayName': 'PassEndY', 'value': 141}, 'value': '47.9'}, {'type': {'displayName': 'Zone', 'value': 56}, 'value': 'Center'}, {'type': {'displayName': 'IntentionalAssist', 'value': 154}}, {'type': {'displayName': 'ShotAssist', 'value': 210}, 'value': '13'}, {'type': {'displayName': 'KeyPass', 'value': 11113}}]",True,,,,,
1914099,FirstHalf,24,34,24,MissedShots,Successful,52,Real Madrid,415181.0,Arda Güler,78.2,48.3,,,45.7,73.6,,,"[{'type': {'displayName': 'Assisted', 'value': 29}}, {'type': {'displayName': 'IntentionalAssist', 'value': 154}}, {'type': {'displayName': 'OutOfBoxCentre', 'value': 18}}, {'type': {'displayName': 'GoalMouthZ', 'value': 103}, 'value': '73.6'}, {'type': {'displayName': 'FirstTouch', 'value': 328}}, {'type': {'displayName': 'Zone', 'value': 56}, 'value': 'Center'}, {'type': {'displayName': 'GoalMouthY', 'value': 102}, 'value': '45.7'}, {'type': {'displayName': 'RelatedEventId', 'value': 55}, 'value': '274'}, {'type': {'displayName': 'MissHigh', 'value': 74}}, {'type': {'displayName': 'FastBreak', 'value': 23}}, {'type': {'displayName': 'LeftFoot', 'value': 72}}]",True,True,,,274.0,379868.0
1914099,FirstHalf,24,58,24,Pass,Successful,839,Villarreal,400826.0,Luiz Júnior,4.6,57.3,18.0,85.5,,,,,"[{'type': {'displayName': 'Length', 'value': 212}, 'value': '23.8'}, {'type': {'displayName': 'PassEndX', 'value': 140}, 'value': '18.0'}, {'type': {'displayName': 'PassEndY', 'value': 141}, 'value': '85.5'}, {'type': {'displayName': 'Zone', 'value': 56}, 'value': 'Back'}, {'type': {'displayName': 'GoalKick', 'value': 124}}, {'type': {'displayName': 'Angle', 'value': 213}, 'value': '0.94'}]",True,,,,,
1914099,FirstHalf,25,4,25,Foul,Successful,839,Villarreal,276489.0,Alfonso Pedraza,11.2,87.6,,,,,,,"[{'type': {'displayName': 'OppositeRelatedEvent', 'value': 233}, 'value': '277'}, {'type': {'displayName': 'Foul', 'value': 13}}, {'type': {'displayName': 'Zone', 'value': 56}, 'value': 'Back'}, {'type': {'displayName': 'Defensive', 'value': 285}}]",True,,,,,
1914099,FirstHalf,25,4,25,Foul,Unsuccessful,52,Real Madrid,514810.0,Franco Mastantuono,88.8,12.4,,,,,,,"[{'type': {'displayName': 'Foul', 'value': 13}}, {'type': {'displayName': 'OppositeRelatedEvent', 'value': 233}, 'value': '210'}, {'type': {'displayName': 'Offensive', 'value': 286}}, {'type': {'displayName': 'Zone', 'value': 56}, 'value': 'Right'}]",False,,,,,
1914099,FirstHalf,25,18,25,Pass,Successful,839,Villarreal,434077.0,Renato Veiga,14.3,86.1,4.3,52.1,,,,,"[{'type': {'displayName': 'Zone', 'value': 56}, 'value': 'Back'}, {'type': {'displayName': 'PassEndY', 'value': 141}, 'value': '52.1'}, {'type': {'displayName': 'PassEndX', 'value': 140}, 'value': '4.3'}, {'type': {'displayName': 'FreekickTaken', 'value': 5}}, {'type': {'displayName': 'Length', 'value': 212}, 'value': '25.4'}, {'type': {'displayName': 'Angle', 'value': 213}, 'value': '4.29'}]",True,,,,,
1914099,FirstHalf,25,19,25,Pass,Successful,839,Villarreal,400826.0,Luiz Júnior,4.3,51.7,28.9,7.1,,,,,"[{'type': {'displayName': 'PassEndX', 'value': 140}, 'value': '28.9'}, {'type': {'displayName': 'Longball', 'value': 1}}, {'type': {'displayName': 'Zone', 'value': 56}, 'value': 'Back'}, {'type': {'displayName': 'Length', 'value': 212}, 'value': '39.8'}, {'type': {'displayName': 'Chipped', 'value': 155}}, {'type': {'displayName': 'Angle', 'value': 213}, 'value': '5.42'}, {'type': {'displayName': 'PassEndY', 'value': 141}, 'value': '7.1'}]",True,,,,,
1914099,FirstHalf,25,21,25,Pass,Successful,839,Villarreal,537235.0,Pau Navarro,27.4,12.6,15.0,19.5,,,,,"[{'type': {'displayName': 'Length', 'value': 212}, 'value': '13.8'}, {'type': {'displayName': 'PassEndY', 'value': 141}, 'value': '19.5'}, {'type': {'displayName': 'Angle', 'value': 213}, 'value': '2.80'}, {'type': {'displayName': 'PassEndX', 'value': 140}, 'value': '15.0'}, {'type': {'displayName': 'Zone', 'value': 56}, 'value': 'Back'}]",True,,,,,
1914099,FirstHalf,25,24,25,Pass,Successful,839,Villarreal,430301.0,Rafa Marín,10.6,20.4,21.3,4.8,,,,,"[{'type': {'displayName': 'Zone', 'value': 56}, 'value': 'Back'}, {'type': {'displayName': 'Angle', 'value': 213}, 'value': '5.53'}, {'type': {'displayName': 'Length', 'value': 212}, 'value': '15.5'}, {'type': {'displayName': 'PassEndY', 'value': 141}, 'value': '4.8'}, {'type': {'displayName': 'PassEndX', 'value': 140}, 'value': '21.3'}]",True,,,,,
1914099,FirstHalf,25,27,25,Pass,Successful,839,Villarreal,537235.0,Pau Navarro,22.0,4.1,37.0,33.8,,,,,"[{'type': {'displayName': 'Length', 'value': 212}, 'value': '25.6'}, {'type': {'displayName': 'Zone', 'value': 56}, 'value': 'Back'}, {'type': {'displayName': 'Angle', 'value': 213}, 'value': '0.91'}, {'type': {'displayName': 'PassEndX', 'value': 140}, 'value': '37.0'}, {'type': {'displayName': 'PassEndY', 'value': 141}, 'value': '33.8'}]",True,,,,,
1914099,FirstHalf,25,28,25,Pass,Successful,839,Villarreal,389020.0,Georges Mikautadze,37.5,33.6,32.7,48.8,,,,,"[{'type': {'displayName': 'PassEndX', 'value': 140}, 'value': '32.7'}, {'type': {'displayName': 'Angle', 'value': 213}, 'value': '2.02'}, {'type': {'displayName': 'Zone', 'value': 56}, 'value': 'Back'}, {'type': {'displayName': 'PassEndY', 'value': 141}, 'value': '48.8'}, {'type': {'displayName': 'Length', 'value': 212}, 'value': '11.5'}]",True,,,,,
1914099,FirstHalf,25,30,25,Pass,Unsuccessful,839,Villarreal,399047.0,Pape Gueye,34.4,48.6,63.3,47.6,,,,,"[{'type': {'displayName': 'Angle', 'value': 213}, 'value': '6.26'}, {'type': {'displayName': 'PassEndY', 'value': 141}, 'value': '47.6'}, {'type': {'displayName': 'Length', 'value': 212}, 'value': '30.4'}, {'type': {'displayName': 'PassEndX', 'value': 140}, 'value': '63.3'}, {'type': {'displayName': 'Zone', 'value': 56}, 'value': 'Center'}]",True,,,,,
1914099,FirstHalf,25,33,25,BallTouch,Successful,52,Real Madrid,437583.0,Álvaro Carreras,34.1,52.3,,,,,,,"[{'type': {'displayName': 'Zone', 'value': 56}, 'value': 'Back'}]",True,,,,,
1914099,FirstHalf,25,36,25,BallRecovery,Successful,52,Real Madrid,344644.0,Federico Valverde,31.1,30.1,,,,,,,[],False,,,,,
1914099,FirstHalf,25,36,25,Pass,Successful,52,Real Madrid,344644.0,Federico Valverde,31.1,30.1,47.4,22.8,,,,,"[{'type': {'displayName': 'PassEndX', 'value': 140}, 'value': '47.4'}, {'type': {'displayName': 'Chipped', 'value': 155}}, {'type': {'displayName': 'Zone', 'value': 56}, 'value': 'Back'}, {'type': {'displayName': 'Length', 'value': 212}, 'value': '17.8'}, {'type': {'displayName': 'Angle', 'value': 213}, 'value': '6.00'}, {'type': {'displayName': 'PassEndY', 'value': 141}, 'value': '22.8'}]",True,,,,,
1914099,FirstHalf,25,37,25,Dispossessed,Successful,52,Real Madrid,514810.0,Franco Mastantuono,44.7,24.0,,,,,,,"[{'type': {'displayName': 'Offensive', 'value': 286}}, {'type': {'displayName': 'OppositeRelatedEvent', 'value': 233}, 'value': '218'}, {'type': {'displayName': 'Zone', 'value': 56}, 'value': 'Back'}]",True,,,,,
1914099,FirstHalf,25,37,25,Tackle,Successful,839,Villarreal,399047.0,Pape Gueye,55.3,76.0,,,,,,,"[{'type': {'displayName': 'StandingSave', 'value': 178}}, {'type': {'displayName': 'Defensive', 'value': 285}}, {'type': {'displayName': 'OppositeRelatedEvent', 'value': 233}, 'value': '281'}, {'type': {'displayName': 'Zone', 'value': 56}, 'value': 'Center'}]",True,,,,,
1914099,FirstHalf,25,38,25,BallRecovery,Successful,839,Villarreal,276489.0,Alfonso Pedraza,58.8,84.0,,,,,,,[],False,,,,,
1914099,FirstHalf,25,39,25,Pass,Successful,839,Villarreal,276489.0,Alfonso Pedraza,58.8,84.0,70.2,94.7,,,,,"[{'type': {'displayName': 'Angle', 'value': 213}, 'value': '0.55'}, {'type': {'displayName': 'PassEndX', 'value': 140}, 'value': '70.2'}, {'type': {'displayName': 'Zone', 'value': 56}, 'value': 'Left'}, {'type': {'displayName': 'PassEndY', 'value': 141}, 'value': '94.7'}, {'type': {'displayName': 'Length', 'value': 212}, 'value': '14.0'}]",True,,,,,
1914099,FirstHalf,25,43,25,Pass,Successful,839,Villarreal,371027.0,Tajon Buchanan,71.5,83.8,70.6,64.6,,,,,"[{'type': {'displayName': 'Zone', 'value': 56}, 'value': 'Center'}, {'type': {'displayName': 'PassEndY', 'value': 141}, 'value': '64.6'}, {'type': {'displayName': 'Angle', 'value': 213}, 'value': '4.64'}, {'type': {'displayName': 'Length', 'value': 212}, 'value': '13.1'}, {'type': {'displayName': 'PassEndX', 'value': 140}, 'value': '70.6'}]",True,,,,,
1914099,FirstHalf,25,45,25,Pass,Unsuccessful,839,Villarreal,389020.0,Georges Mikautadze,70.6,63.0,71.2,46.2,,,,,"[{'type': {'displayName': 'Angle', 'value': 213}, 'value': '4.77'}, {'type': {'displayName': 'Zone', 'value': 56}, 'value': 'Center'}, {'type': {'displayName': 'PassEndX', 'value': 140}, 'value': '71.2'}, {'type': {'displayName': 'PassEndY', 'value': 141}, 'value': '46.2'}, {'type': {'displayName': 'Length', 'value': 212}, 'value': '11.4'}]",True,,,,,
1914099,FirstHalf,25,47,25,Interception,Successful,52,Real Madrid,379868.0,Jude Bellingham,28.8,53.8,,,,,,,"[{'type': {'displayName': 'Zone', 'value': 56}, 'value': 'Back'}]",True,,,,,
1914099,FirstHalf,25,48,25,BallRecovery,Successful,52,Real Madrid,379868.0,Jude Bellingham,29.4,48.3,,,,,,,[],False,,,,,
1914099,FirstHalf,25,50,25,BallTouch,Successful,52,Real Madrid,379868.0,Jude Bellingham,29.4,48.3,,,,,,,"[{'type': {'displayName': 'Zone', 'value': 56}, 'value': 'Back'}]",True,,,,,
1914099,FirstHalf,25,52,25,Pass,Successful,52,Real Madrid,415181.0,Arda Güler,35.3,48.0,48.1,67.3,,,,,"[{'type': {'displayName': 'PassEndX', 'value': 140}, 'value': '48.1'}, {'type': {'displayName': 'Length', 'value': 212}, 'value': '18.8'}, {'type': {'displayName': 'Zone', 'value': 56}, 'value': 'Back'}, {'type': {'displayName': 'PassEndY', 'value': 141}, 'value': '67.3'}, {'type': {'displayName': 'Angle', 'value': 213}, 'value': '0.77'}]",True,,,,,
1914099,FirstHalf,25,58,25,Pass,Successful,52,Real Madrid,337782.0,Vinícius Júnior,74.1,59.1,80.6,50.1,,,,,"[{'type': {'displayName': 'Zone', 'value': 56}, 'value': 'Center'}, {'type': {'displayName': 'Length', 'value': 212}, 'value': '9.2'}, {'type': {'displayName': 'PassEndX', 'value': 140}, 'value': '80.6'}, {'type': {'displayName': 'PassEndY', 'value': 141}, 'value': '50.1'}, {'type': {'displayName': 'Angle', 'value': 213}, 'value': '5.55'}]",True,,,,,
1914099,FirstHalf,26,0,26,BallTouch,Unsuccessful,52,Real Madrid,415181.0,Arda Güler,81.9,47.8,,,,,,,"[{'type': {'displayName': 'Zone', 'value': 56}, 'value': 'Center'}]",True,,,,,
1914099,FirstHalf,26,3,26,KeeperPickup,Successful,839,Villarreal,400826.0,Luiz Júnior,3.4,33.3,,,,,,,[],False,,,,,
1914099,FirstHalf,26,9,26,Pass,Successful,839,Villarreal,400826.0,Luiz Júnior,14.8,53.0,15.9,63.8,,,,,"[{'type': {'displayName': 'Zone', 'value': 56}, 'value': 'Back'}, {'type': {'displayName': 'PassEndX', 'value': 140}, 'value': '15.9'}, {'type': {'displayName': 'KeeperThrow', 'value': 123}}, {'type': {'displayName': 'Angle', 'value': 213}, 'value': '1.41'}, {'type': {'displayName': 'PassEndY', 'value': 141}, 'value': '63.8'}, {'type': {'displayName': 'Length', 'value': 212}, 'value': '7.4'}]",True,,,,,
1914099,FirstHalf,26,11,26,Pass,Successful,839,Villarreal,434077.0,Renato Veiga,19.9,66.7,24.6,59.1,,,,,"[{'type': {'displayName': 'Angle', 'value': 213}, 'value': '5.47'}, {'type': {'displayName': 'PassEndY', 'value': 141}, 'value': '59.1'}, {'type': {'displayName': 'PassEndX', 'value': 140}, 'value': '24.6'}, {'type': {'displayName': 'Length', 'value': 212}, 'value': '7.1'}, {'type': {'displayName': 'Zone', 'value': 56}, 'value': 'Back'}]",True,,,,,
1914099,FirstHalf,26,13,26,Pass,Successful,839,Villarreal,399047.0,Pape Gueye,26.0,66.1,39.5,93.5,,,,,"[{'type': {'displayName': 'Zone', 'value': 56}, 'value': 'Back'}, {'type': {'displayName': 'PassEndX', 'value': 140}, 'value': '39.5'}, {'type': {'displayName': 'Angle', 'value': 213}, 'value': '0.92'}, {'type': {'displayName': 'PassEndY', 'value': 141}, 'value': '93.5'}, {'type': {'displayName': 'Length', 'value': 212}, 'value': '23.4'}]",True,,,,,
1914099,FirstHalf,26,16,26,Pass,Successful,839,Villarreal,448211.0,Alberto Moleiro,38.5,93.2,25.4,94.3,,,,,"[{'type': {'displayName': 'Angle', 'value': 213}, 'value': '3.09'}, {'type': {'displayName': 'Zone', 'value': 56}, 'value': 'Back'}, {'type': {'displayName': 'Length', 'value': 212}, 'value': '13.8'}, {'type': {'displayName': 'PassEndX', 'value': 140}, 'value': '25.4'}, {'type': {'displayName': 'PassEndY', 'value': 141}, 'value': '94.3'}]",True,,,,,
1914099,FirstHalf,26,21,26,Pass,Successful,839,Villarreal,276489.0,Alfonso Pedraza,26.4,92.9,19.1,86.5,,,,,"[{'type': {'displayName': 'Angle', 'value': 213}, 'value': '3.66'}, {'type': {'displayName': 'Length', 'value': 212}, 'value': '8.8'}, {'type': {'displayName': 'PassEndY', 'value': 141}, 'value': '86.5'}, {'type': {'displayName': 'PassEndX', 'value': 140}, 'value': '19.1'}, {'type': {'displayName': 'Zone', 'value': 56}, 'value': 'Back'}]",True,,,,,
1914099,FirstHalf,26,25,26,Pass,Successful,839,Villarreal,434077.0,Renato Veiga,20.3,75.2,23.8,58.2,,,,,"[{'type': {'displayName': 'Zone', 'value': 56}, 'value': 'Back'}, {'type': {'displayName': 'Length', 'value': 212}, 'value': '12.1'}, {'type': {'displayName': 'PassEndX', 'value': 140}, 'value': '23.8'}, {'type': {'displayName': 'PassEndY', 'value': 141}, 'value': '58.2'}, {'type': {'displayName': 'Angle', 'value': 213}, 'value': '5.02'}]",True,,,,,
1914099,FirstHalf,26,27,26,Pass,Successful,839,Villarreal,28186.0,Dani Parejo,23.1,53.5,22.3,22.1,,,,,"[{'type': {'displayName': 'Angle', 'value': 213}, 'value': '4.67'}, {'type': {'displayName': 'PassEndY', 'value': 141}, 'value': '22.1'}, {'type': {'displayName': 'PassEndX', 'value': 140}, 'value': '22.3'}, {'type': {'displayName': 'Zone', 'value': 56}, 'value': 'Back'}, {'type': {'displayName': 'Length', 'value': 212}, 'value': '21.4'}]",True,,,,,
1914099,FirstHalf,26,30,26,Pass,Unsuccessful,839,Villarreal,537235.0,Pau Navarro,22.2,21.3,32.7,5.7,,,,,"[{'type': {'displayName': 'PassEndY', 'value': 141}, 'value': '5.7'}, {'type': {'displayName': 'Angle', 'value': 213}, 'value': '5.52'}, {'type': {'displayName': 'Zone', 'value': 56}, 'value': 'Back'}, {'type': {'displayName': 'Length', 'value': 212}, 'value': '15.3'}, {'type': {'displayName': 'PassEndX', 'value': 140}, 'value': '32.7'}]",True,,,,,
1914099,FirstHalf,26,32,26,Interception,Successful,52,Real Madrid,437583.0,Álvaro Carreras,67.3,94.3,,,,,,,"[{'type': {'displayName': 'Zone', 'value': 56}, 'value': 'Left'}]",True,,,,,
1914099,FirstHalf,26,35,26,BallRecovery,Successful,52,Real Madrid,379868.0,Jude Bellingham,66.9,74.2,,,,,,,[],False,,,,,
1914099,FirstHalf,26,35,26,Pass,Successful,52,Real Madrid,379868.0,Jude Bellingham,66.9,74.2,68.2,56.4,,,,,"[{'type': {'displayName': 'Length', 'value': 212}, 'value': '12.2'}, {'type': {'displayName': 'PassEndY', 'value': 141}, 'value': '56.4'}, {'type': {'displayName': 'Angle', 'value': 213}, 'value': '4.82'}, {'type': {'displayName': 'Zone', 'value': 56}, 'value': 'Center'}, {'type': {'displayName': 'PassEndX', 'value': 140}, 'value': '68.2'}]",True,,,,,
1914099,FirstHalf,26,36,26,Pass,Successful,52,Real Madrid,300713.0,Kylian Mbappé,68.2,56.4,79.7,42.7,,,,,"[{'type': {'displayName': 'Angle', 'value': 213}, 'value': '5.63'}, {'type': {'displayName': 'PassEndY', 'value': 141}, 'value': '42.7'}, {'type': {'displayName': 'Length', 'value': 212}, 'value': '15.3'}, {'type': {'displayName': 'Zone', 'value': 56}, 'value': 'Center'}, {'type': {'displayName': 'PassEndX', 'value': 140}, 'value': '79.7'}]",True,,,,,
1914099,FirstHalf,26,37,26,Pass,Successful,52,Real Madrid,337782.0,Vinícius Júnior,79.7,42.7,76.8,53.8,,,,,"[{'type': {'displayName': 'Length', 'value': 212}, 'value': '8.1'}, {'type': {'displayName': 'ShotAssist', 'value': 210}, 'value': '15'}, {'type': {'displayName': 'IntentionalAssist', 'value': 154}}, {'type': {'displayName': 'Angle', 'value': 213}, 'value': '1.95'}, {'type': {'displayName': 'Zone', 'value': 56}, 'value': 'Center'}, {'type': {'displayName': 'PassEndX', 'value': 140}, 'value': '76.8'}, {'type': {'displayName': 'PassEndY', 'value': 141}, 'value': '53.8'}, {'type': {'displayName': 'KeyPass', 'value': 11113}}]",True,,,,,
1914099,FirstHalf,26,38,26,SavedShot,Successful,52,Real Madrid,300713.0,Kylian Mbappé,78.1,51.1,,,49.3,3.2,97.7,50.4,"[{'type': {'displayName': 'Assisted', 'value': 29}}, {'type': {'displayName': 'IntentionalAssist', 'value': 154}}, {'type': {'displayName': 'RightFoot', 'value': 20}}, {'type': {'displayName': 'GoalMouthZ', 'value': 103}, 'value': '3.2'}, {'type': {'displayName': 'FirstTouch', 'value': 328}}, {'type': {'displayName': 'LowCentre', 'value': 78}}, {'type': {'displayName': 'OutOfBoxCentre', 'value': 18}}, {'type': {'displayName': 'OppositeRelatedEvent', 'value': 233}, 'value': '235'}, {'type': {'displayName': 'RegularPlay', 'value': 22}}, {'type': {'displayName': 'Zone', 'value': 56}, 'value': 'Center'}, {'type': {'displayName': 'GoalMouthY', 'value': 102}, 'value': '49.3'}, {'type': {'displayName': 'RelatedEventId', 'value': 55}, 'value': '292'}, {'type': {'displayName': 'BlockedY', 'value': 147}, 'value': '50.4'}, {'type': {'displayName': 'BlockedX', 'value': 146}, 'value': '97.7'}]",True,True,,,292.0,337782.0
1914099,FirstHalf,26,38,26,Save,Successful,839,Villarreal,400826.0,Luiz Júnior,2.5,48.9,,,,,,,"[{'type': {'displayName': 'Hands', 'value': 182}}, {'type': {'displayName': 'OppositeRelatedEvent', 'value': 233}, 'value': '293'}, {'type': {'displayName': 'Zone', 'value': 56}, 'value': 'Back'}, {'type': {'displayName': 'KeeperSaveObox', 'value': 11117}}]",True,,,,,
1914099,FirstHalf,26,39,26,KeeperPickup,Successful,839,Villarreal,400826.0,Luiz Júnior,3.1,49.9,,,,,,,[],False,,,,,
1914099,FirstHalf,26,42,26,Pass,Successful,839,Villarreal,400826.0,Luiz Júnior,13.7,52.9,35.6,60.9,,,,,"[{'type': {'displayName': 'Length', 'value': 212}, 'value': '23.6'}, {'type': {'displayName': 'PassEndX', 'value': 140}, 'value': '35.6'}, {'type': {'displayName': 'Angle', 'value': 213}, 'value': '0.23'}, {'type': {'displayName': 'KeeperThrow', 'value': 123}}, {'type': {'displayName': 'Zone', 'value': 56}, 'value': 'Back'}, {'type': {'displayName': 'PassEndY', 'value': 141}, 'value': '60.9'}]",True,,,,,
1914099,FirstHalf,26,43,26,BallTouch,Unsuccessful,839,Villarreal,448211.0,Alberto Moleiro,35.6,60.6,,,,,,,"[{'type': {'displayName': 'Zone', 'value': 56}, 'value': 'Back'}]",True,,,,,
1914099,FirstHalf,26,46,26,BallRecovery,Successful,52,Real Madrid,344644.0,Federico Valverde,60.8,46.9,,,,,,,[],False,,,,,
1914099,FirstHalf,26,46,26,Pass,Successful,52,Real Madrid,344644.0,Federico Valverde,60.8,46.9,71.5,39.9,,,,,"[{'type': {'displayName': 'Angle', 'value': 213}, 'value': '5.88'}, {'type': {'displayName': 'Zone', 'value': 56}, 'value': 'Center'}, {'type': {'displayName': 'PassEndX', 'value': 140}, 'value': '71.5'}, {'type': {'displayName': 'PassEndY', 'value': 141}, 'value': '39.9'}, {'type': {'displayName': 'Length', 'value': 212}, 'value': '12.2'}]",True,,,,,
1914099,FirstHalf,26,48,26,Pass,Successful,52,Real Madrid,415181.0,Arda Güler,68.2,47.2,85.8,57.3,,,,,"[{'type': {'displayName': 'Length', 'value': 212}, 'value': '19.7'}, {'type': {'displayName': 'PassEndY', 'value': 141}, 'value': '57.3'}, {'type': {'displayName': 'PassEndX', 'value': 140}, 'value': '85.8'}, {'type': {'displayName': 'Angle', 'value': 213}, 'value': '0.36'}, {'type': {'displayName': 'Zone', 'value': 56}, 'value': 'Center'}]",True,,,,,
1914099,FirstHalf,26,48,26,Dispossessed,Successful,52,Real Madrid,379868.0,Jude Bellingham,85.6,56.6,,,,,,,"[{'type': {'displayName': 'OppositeRelatedEvent', 'value': 233}, 'value': '239'}, {'type': {'displayName': 'Offensive', 'value': 286}}, {'type': {'displayName': 'Zone', 'value': 56}, 'value': 'Center'}]",True,,,,,
1914099,FirstHalf,26,48,26,Tackle,Successful,839,Villarreal,430301.0,Rafa Marín,14.4,43.4,,,,,,,"[{'type': {'displayName': 'StandingSave', 'value': 178}}, {'type': {'displayName': 'Defensive', 'value': 285}}, {'type': {'displayName': 'Zone', 'value': 56}, 'value': 'Back'}, {'type': {'displayName': 'OppositeRelatedEvent', 'value': 233}, 'value': '297'}]",True,,,,,
1914099,FirstHalf,26,50,26,BallTouch,Successful,839,Villarreal,28186.0,Dani Parejo,26.8,43.0,,,,,,,"[{'type': {'displayName': 'Zone', 'value': 56}, 'value': 'Back'}]",True,,,,,
1914099,FirstHalf,26,53,26,BallRecovery,Successful,839,Villarreal,371027.0,Tajon Buchanan,30.5,38.6,,,,,,,[],False,,,,,
1914099,FirstHalf,26,53,26,Pass,Successful,839,Villarreal,371027.0,Tajon Buchanan,31.9,37.7,65.7,60.8,,,,,"[{'type': {'displayName': 'Chipped', 'value': 155}}, {'type': {'displayName': 'Zone', 'value': 56}, 'value': 'Center'}, {'type': {'displayName': 'Angle', 'value': 213}, 'value': '0.42'}, {'type': {'displayName': 'Longball', 'value': 1}}, {'type': {'displayName': 'PassEndX', 'value': 140}, 'value': '65.7'}, {'type': {'displayName': 'PassEndY', 'value': 141}, 'value': '60.8'}, {'type': {'displayName': 'Length', 'value': 212}, 'value': '38.8'}]",True,,,,,
1914099,FirstHalf,26,56,26,Pass,Unsuccessful,839,Villarreal,389020.0,Georges Mikautadze,68.1,59.2,67.0,61.7,,,,,"[{'type': {'displayName': 'PassEndY', 'value': 141}, 'value': '61.7'}, {'type': {'displayName': 'PassEndX', 'value': 140}, 'value': '67.0'}, {'type': {'displayName': 'Angle', 'value': 213}, 'value': '2.17'}, {'type': {'displayName': 'Zone', 'value': 56}, 'value': 'Center'}, {'type': {'displayName': 'Offensive', 'value': 286}}, {'type': {'displayName': 'OppositeRelatedEvent', 'value': 233}, 'value': '298'}, {'type': {'displayName': 'Length', 'value': 212}, 'value': '2.1'}]",True,,,,,
1914099,FirstHalf,26,56,26,BlockedPass,Successful,52,Real Madrid,344644.0,Federico Valverde,33.0,38.3,,,,,,,"[{'type': {'displayName': 'Zone', 'value': 56}, 'value': 'Back'}, {'type': {'displayName': 'Defensive', 'value': 285}}, {'type': {'displayName': 'OppositeRelatedEvent', 'value': 233}, 'value': '243'}]",True,,,,,
1914099,FirstHalf,27,0,27,Pass,Unsuccessful,839,Villarreal,448211.0,Alberto Moleiro,75.8,65.8,75.8,60.9,,,,,"[{'type': {'displayName': 'Zone', 'value': 56}, 'value': 'Center'}, {'type': {'displayName': 'PassEndX', 'value': 140}, 'value': '75.8'}, {'type': {'displayName': 'Length', 'value': 212}, 'value': '3.3'}, {'type': {'displayName': 'PassEndY', 'value': 141}, 'value': '60.9'}, {'type': {'displayName': 'Angle', 'value': 213}, 'value': '4.71'}]",True,,,,,
1914099,FirstHalf,27,0,27,BallTouch,Successful,52,Real Madrid,369109.0,Eduardo Camavinga,21.5,39.3,,,,,,,"[{'type': {'displayName': 'Zone', 'value': 56}, 'value': 'Back'}]",True,,,,,
1914099,FirstHalf,27,3,27,BallRecovery,Successful,52,Real Madrid,468852.0,Dean Huijsen,23.1,59.7,,,,,,,[],False,,,,,
1914099,FirstHalf,27,7,27,Pass,Successful,52,Real Madrid,468852.0,Dean Huijsen,35.5,62.5,61.6,94.3,,,,,"[{'type': {'displayName': 'Angle', 'value': 213}, 'value': '0.67'}, {'type': {'displayName': 'PassEndY', 'value': 141}, 'value': '94.3'}, {'type': {'displayName': 'Length', 'value': 212}, 'value': '34.9'}, {'type': {'displayName': 'Longball', 'value': 1}}, {'type': {'displayName': 'PassEndX', 'value': 140}, 'value': '61.6'}, {'type': {'displayName': 'Zone', 'value': 56}, 'value': 'Left'}]",True,,,,,
1914099,FirstHalf,27,11,27,TakeOn,Unsuccessful,52,Real Madrid,300713.0,Kylian Mbappé,81.9,82.6,,,,,,,"[{'type': {'displayName': 'OppositeRelatedEvent', 'value': 233}, 'value': '245'}, {'type': {'displayName': 'Offensive', 'value': 286}}, {'type': {'displayName': 'Zone', 'value': 56}, 'value': 'Left'}]",True,,,,,
1914099,FirstHalf,27,12,27,Tackle,Unsuccessful,839,Villarreal,537235.0,Pau Navarro,18.1,17.4,,,,,,,"[{'type': {'displayName': 'OppositeRelatedEvent', 'value': 233}, 'value': '302'}, {'type': {'displayName': 'Defensive', 'value': 285}}, {'type': {'displayName': 'Zone', 'value': 56}, 'value': 'Back'}, {'type': {'displayName': 'StandingSave', 'value': 178}}]",True,,,,,
1914099,FirstHalf,27,12,27,BallTouch,Successful,52,Real Madrid,300713.0,Kylian Mbappé,80.1,84.1,,,,,,,"[{'type': {'displayName': 'Zone', 'value': 56}, 'value': 'Left'}]",True,,,,,
1914099,FirstHalf,27,41,27,Pass,Successful,839,Villarreal,434077.0,Renato Veiga,5.3,61.4,3.9,48.3,,,,,"[{'type': {'displayName': 'Angle', 'value': 213}, 'value': '4.55'}, {'type': {'displayName': 'PassEndY', 'value': 141}, 'value': '48.3'}, {'type': {'displayName': 'PassEndX', 'value': 140}, 'value': '3.9'}, {'type': {'displayName': 'Length', 'value': 212}, 'value': '9.0'}, {'type': {'displayName': 'GoalKick', 'value': 124}}, {'type': {'displayName': 'Zone', 'value': 56}, 'value': 'Back'}]",True,,,,,
1914099,FirstHalf,27,42,27,Pass,Unsuccessful,839,Villarreal,400826.0,Luiz Júnior,7.3,49.9,60.5,85.2,,,,,"[{'type': {'displayName': 'Chipped', 'value': 155}}, {'type': {'displayName': 'Length', 'value': 212}, 'value': '60.8'}, {'type': {'displayName': 'Longball', 'value': 1}}, {'type': {'displayName': 'PassEndY', 'value': 141}, 'value': '85.2'}, {'type': {'displayName': 'Zone', 'value': 56}, 'value': 'Left'}, {'type': {'displayName': 'PassEndX', 'value': 140}, 'value': '60.5'}, {'type': {'displayName': 'Angle', 'value': 213}, 'value': '0.41'}]",True,,,,,
1914099,FirstHalf,27,47,27,BallRecovery,Successful,52,Real Madrid,344644.0,Federico Valverde,33.1,16.9,,,,,,,[],False,,,,,
1914099,FirstHalf,27,48,27,Pass,Successful,52,Real Madrid,344644.0,Federico Valverde,30.2,18.8,2.7,53.6,,,,,"[{'type': {'displayName': 'Zone', 'value': 56}, 'value': 'Back'}, {'type': {'displayName': 'Angle', 'value': 213}, 'value': '2.46'}, {'type': {'displayName': 'PassEndX', 'value': 140}, 'value': '2.7'}, {'type': {'displayName': 'Longball', 'value': 1}}, {'type': {'displayName': 'PassEndY', 'value': 141}, 'value': '53.6'}, {'type': {'displayName': 'Length', 'value': 212}, 'value': '37.3'}]",True,,,,,
1914099,FirstHalf,27,52,27,Pass,Successful,52,Real Madrid,73798.0,Thibaut Courtois,4.1,56.7,43.1,94.6,,,,,"[{'type': {'displayName': 'PassEndY', 'value': 141}, 'value': '94.6'}, {'type': {'displayName': 'Angle', 'value': 213}, 'value': '0.56'}, {'type': {'displayName': 'PassEndX', 'value': 140}, 'value': '43.1'}, {'type': {'displayName': 'Zone', 'value': 56}, 'value': 'Back'}, {'type': {'displayName': 'Length', 'value': 212}, 'value': '48.4'}, {'type': {'displayName': 'Longball', 'value': 1}}]",True,,,,,
1914099,FirstHalf,27,55,27,Aerial,Successful,52,Real Madrid,379868.0,Jude Bellingham,43.1,94.6,,,,,,,"[{'type': {'displayName': 'OppositeRelatedEvent', 'value': 233}, 'value': '249'}, {'type': {'displayName': 'Zone', 'value': 56}, 'value': 'Back'}, {'type': {'displayName': 'Defensive', 'value': 285}}]",False,,,,,
1914099,FirstHalf,27,55,27,Aerial,Unsuccessful,839,Villarreal,537235.0,Pau Navarro,56.9,5.4,,,,,,,"[{'type': {'displayName': 'OppositeRelatedEvent', 'value': 233}, 'value': '309'}, {'type': {'displayName': 'Zone', 'value': 56}, 'value': 'Right'}, {'type': {'displayName': 'Offensive', 'value': 286}}]",False,,,,,
1914099,FirstHalf,27,55,27,Pass,Unsuccessful,52,Real Madrid,379868.0,Jude Bellingham,43.4,95.1,58.0,78.5,,,,,"[{'type': {'displayName': 'PassEndY', 'value': 141}, 'value': '78.5'}, {'type': {'displayName': 'PassEndX', 'value': 140}, 'value': '58.0'}, {'type': {'displayName': 'Angle', 'value': 213}, 'value': '5.65'}, {'type': {'displayName': 'Zone', 'value': 56}, 'value': 'Center'}, {'type': {'displayName': 'Length', 'value': 212}, 'value': '19.0'}, {'type': {'displayName': 'HeadPass', 'value': 3}}]",True,,,,,
1914099,FirstHalf,27,57,27,BallRecovery,Successful,839,Villarreal,430301.0,Rafa Marín,44.0,26.8,,,,,,,[],False,,,,,
1914099,FirstHalf,27,57,27,Pass,Successful,839,Villarreal,430301.0,Rafa Marín,43.9,26.8,55.9,27.6,,,,,"[{'type': {'displayName': 'Angle', 'value': 213}, 'value': '0.04'}, {'type': {'displayName': 'Length', 'value': 212}, 'value': '12.6'}, {'type': {'displayName': 'PassEndX', 'value': 140}, 'value': '55.9'}, {'type': {'displayName': 'PassEndY', 'value': 141}, 'value': '27.6'}, {'type': {'displayName': 'Zone', 'value': 56}, 'value': 'Center'}]",True,,,,,
1914099,FirstHalf,28,0,28,Pass,Successful,839,Villarreal,28186.0,Dani Parejo,57.6,32.1,55.9,44.1,,,,,"[{'type': {'displayName': 'PassEndX', 'value': 140}, 'value': '55.9'}, {'type': {'displayName': 'Zone', 'value': 56}, 'value': 'Center'}, {'type': {'displayName': 'PassEndY', 'value': 141}, 'value': '44.1'}, {'type': {'displayName': 'Length', 'value': 212}, 'value': '8.4'}, {'type': {'displayName': 'Angle', 'value': 213}, 'value': '1.79'}]",True,,,,,
1914099,FirstHalf,28,1,28,Pass,Successful,839,Villarreal,399047.0,Pape Gueye,55.9,43.6,59.2,34.5,,,,,"[{'type': {'displayName': 'Angle', 'value': 213}, 'value': '5.22'}, {'type': {'displayName': 'PassEndY', 'value': 141}, 'value': '34.5'}, {'type': {'displayName': 'Zone', 'value': 56}, 'value': 'Center'}, {'type': {'displayName': 'Length', 'value': 212}, 'value': '7.1'}, {'type': {'displayName': 'PassEndX', 'value': 140}, 'value': '59.2'}]",True,,,,,
1914099,FirstHalf,28,3,28,Pass,Successful,839,Villarreal,28186.0,Dani Parejo,60.5,27.9,67.4,6.5,,,,,"[{'type': {'displayName': 'PassEndY', 'value': 141}, 'value': '6.5'}, {'type': {'displayName': 'PassEndX', 'value': 140}, 'value': '67.4'}, {'type': {'displayName': 'Length', 'value': 212}, 'value': '16.3'}, {'type': {'displayName': 'Zone', 'value': 56}, 'value': 'Right'}, {'type': {'displayName': 'Angle', 'value': 213}, 'value': '5.17'}]",True,,,,,
1914099,FirstHalf,28,10,28,Pass,Successful,839,Villarreal,371027.0,Tajon Buchanan,66.6,15.0,63.7,37.1,,,,,"[{'type': {'displayName': 'PassEndX', 'value': 140}, 'value': '63.7'}, {'type': {'displayName': 'Length', 'value': 212}, 'value': '15.3'}, {'type': {'displayName': 'Zone', 'value': 56}, 'value': 'Center'}, {'type': {'displayName': 'PassEndY', 'value': 141}, 'value': '37.1'}, {'type': {'displayName': 'Angle', 'value': 213}, 'value': '1.77'}]",True,,,,,
1914099,FirstHalf,28,12,28,Pass,Successful,839,Villarreal,399047.0,Pape Gueye,67.8,40.6,81.1,90.3,,,,,"[{'type': {'displayName': 'Zone', 'value': 56}, 'value': 'Left'}, {'type': {'displayName': 'Chipped', 'value': 155}}, {'type': {'displayName': 'Angle', 'value': 213}, 'value': '1.18'}, {'type': {'displayName': 'Length', 'value': 212}, 'value': '36.6'}, {'type': {'displayName': 'Longball', 'value': 1}}, {'type': {'displayName': 'PassEndX', 'value': 140}, 'value': '81.1'}, {'type': {'displayName': 'PassEndY', 'value': 141}, 'value': '90.3'}]",True,,,,,
1914099,FirstHalf,28,16,28,Pass,Unsuccessful,839,Villarreal,276489.0,Alfonso Pedraza,92.6,82.9,92.5,47.4,,,,,"[{'type': {'displayName': 'Length', 'value': 212}, 'value': '24.1'}, {'type': {'displayName': 'PassEndX', 'value': 140}, 'value': '92.5'}, {'type': {'displayName': 'Angle', 'value': 213}, 'value': '4.71'}, {'type': {'displayName': 'Zone', 'value': 56}, 'value': 'Center'}, {'type': {'displayName': 'PassEndY', 'value': 141}, 'value': '47.4'}, {'type': {'displayName': 'Cross', 'value': 2}}, {'type': {'displayName': 'LeftFoot', 'value': 72}}]",True,,,,,
1914099,FirstHalf,28,18,28,Clearance,Successful,52,Real Madrid,468852.0,Dean Huijsen,9.6,52.8,38.6,41.2,,,,,"[{'type': {'displayName': 'Zone', 'value': 56}, 'value': 'Back'}, {'type': {'displayName': 'PassEndX', 'value': 140}, 'value': '38.6'}, {'type': {'displayName': 'Angle', 'value': 213}, 'value': '6.03'}, {'type': {'displayName': 'Length', 'value': 212}, 'value': '31.5'}, {'type': {'displayName': 'PassEndY', 'value': 141}, 'value': '41.2'}]",True,,,,,
1914099,FirstHalf,28,20,28,Pass,Successful,839,Villarreal,430301.0,Rafa Marín,62.6,60.5,67.4,78.0,,,,,"[{'type': {'displayName': 'Length', 'value': 212}, 'value': '12.9'}, {'type': {'displayName': 'PassEndY', 'value': 141}, 'value': '78.0'}, {'type': {'displayName': 'Angle', 'value': 213}, 'value': '1.17'}, {'type': {'displayName': 'PassEndX', 'value': 140}, 'value': '67.4'}, {'type': {'displayName': 'Zone', 'value': 56}, 'value': 'Center'}]",True,,,,,
1914099,FirstHalf,28,22,28,Pass,Successful,839,Villarreal,434077.0,Renato Veiga,69.6,76.8,68.3,61.7,,,,,"[{'type': {'displayName': 'PassEndX', 'value': 140}, 'value': '68.3'}, {'type': {'displayName': 'Zone', 'value': 56}, 'value': 'Center'}, {'type': {'displayName': 'Length', 'value': 212}, 'value': '10.4'}, {'type': {'displayName': 'PassEndY', 'value': 141}, 'value': '61.7'}, {'type': {'displayName': 'Angle', 'value': 213}, 'value': '4.58'}]",True,,,,,
1914099,FirstHalf,28,24,28,Pass,Successful,839,Villarreal,399047.0,Pape Gueye,70.2,65.5,97.3,87.1,,,,,"[{'type': {'displayName': 'PassEndY', 'value': 141}, 'value': '87.1'}, {'type': {'displayName': 'Chipped', 'value': 155}}, {'type': {'displayName': 'Length', 'value': 212}, 'value': '32.0'}, {'type': {'displayName': 'Zone', 'value': 56}, 'value': 'Left'}, {'type': {'displayName': 'PassEndX', 'value': 140}, 'value': '97.3'}, {'type': {'displayName': 'Longball', 'value': 1}}, {'type': {'displayName': 'Angle', 'value': 213}, 'value': '0.48'}]",True,,,,,
1914099,FirstHalf,28,28,28,Pass,Unsuccessful,839,Villarreal,276489.0,Alfonso Pedraza,98.0,87.0,88.2,44.2,,,,,"[{'type': {'displayName': 'Angle', 'value': 213}, 'value': '4.37'}, {'type': {'displayName': 'Cross', 'value': 2}}, {'type': {'displayName': 'Chipped', 'value': 155}}, {'type': {'displayName': 'Zone', 'value': 56}, 'value': 'Center'}, {'type': {'displayName': 'Length', 'value': 212}, 'value': '30.9'}, {'type': {'displayName': 'PassEndX', 'value': 140}, 'value': '88.2'}, {'type': {'displayName': 'LeftFoot', 'value': 72}}, {'type': {'displayName': 'PassEndY', 'value': 141}, 'value': '44.2'}]",True,,,,,
1914099,FirstHalf,28,30,28,Clearance,Successful,52,Real Madrid,379868.0,Jude Bellingham,8.6,56.2,24.9,55.8,,,,,"[{'type': {'displayName': 'Head', 'value': 15}}, {'type': {'displayName': 'PassEndX', 'value': 140}, 'value': '24.9'}, {'type': {'displayName': 'Length', 'value': 212}, 'value': '17.1'}, {'type': {'displayName': 'Zone', 'value': 56}, 'value': 'Back'}, {'type': {'displayName': 'PassEndY', 'value': 141}, 'value': '55.8'}, {'type': {'displayName': 'Angle', 'value': 213}, 'value': '6.27'}]",True,,,,,
1914099,FirstHalf,28,32,28,Pass,Successful,839,Villarreal,28186.0,Dani Parejo,73.5,43.6,76.6,28.0,,,,,"[{'type': {'displayName': 'Angle', 'value': 213}, 'value': '5.01'}, {'type': {'displayName': 'Length', 'value': 212}, 'value': '11.1'}, {'type': {'displayName': 'PassEndX', 'value': 140}, 'value': '76.6'}, {'type': {'displayName': 'PassEndY', 'value': 141}, 'value': '28.0'}, {'type': {'displayName': 'Zone', 'value': 56}, 'value': 'Center'}]",True,,,,,
1914099,FirstHalf,28,35,28,Pass,Successful,839,Villarreal,97659.0,Gerard Moreno,75.0,30.7,67.8,40.4,,,,,"[{'type': {'displayName': 'Angle', 'value': 213}, 'value': '2.42'}, {'type': {'displayName': 'PassEndX', 'value': 140}, 'value': '67.8'}, {'type': {'displayName': 'PassEndY', 'value': 141}, 'value': '40.4'}, {'type': {'displayName': 'Length', 'value': 212}, 'value': '10.0'}, {'type': {'displayName': 'Zone', 'value': 56}, 'value': 'Center'}]",True,,,,,
1914099,FirstHalf,28,36,28,Pass,Successful,839,Villarreal,28186.0,Dani Parejo,67.8,40.4,69.9,52.4,,,,,"[{'type': {'displayName': 'Length', 'value': 212}, 'value': '8.5'}, {'type': {'displayName': 'PassEndY', 'value': 141}, 'value': '52.4'}, {'type': {'displayName': 'Angle', 'value': 213}, 'value': '1.31'}, {'type': {'displayName': 'Zone', 'value': 56}, 'value': 'Center'}, {'type': {'displayName': 'PassEndX', 'value': 140}, 'value': '69.9'}]",True,,,,,
1914099,FirstHalf,28,37,28,Pass,Successful,839,Villarreal,399047.0,Pape Gueye,69.6,53.6,71.0,67.0,,,,,"[{'type': {'displayName': 'PassEndY', 'value': 141}, 'value': '67.0'}, {'type': {'displayName': 'Zone', 'value': 56}, 'value': 'Center'}, {'type': {'displayName': 'Length', 'value': 212}, 'value': '9.2'}, {'type': {'displayName': 'PassEndX', 'value': 140}, 'value': '71.0'}, {'type': {'displayName': 'Angle', 'value': 213}, 'value': '1.41'}]",True,,,,,
1914099,FirstHalf,28,40,28,Pass,Successful,839,Villarreal,434077.0,Renato Veiga,76.3,69.0,86.9,84.9,,,,,"[{'type': {'displayName': 'Zone', 'value': 56}, 'value': 'Left'}, {'type': {'displayName': 'PassEndY', 'value': 141}, 'value': '84.9'}, {'type': {'displayName': 'PassEndX', 'value': 140}, 'value': '86.9'}, {'type': {'displayName': 'Length', 'value': 212}, 'value': '15.5'}, {'type': {'displayName': 'Angle', 'value': 213}, 'value': '0.77'}]",True,,,,,
1914099,FirstHalf,28,42,28,Pass,Successful,839,Villarreal,276489.0,Alfonso Pedraza,87.2,84.9,80.5,81.2,,,,,"[{'type': {'displayName': 'Angle', 'value': 213}, 'value': '3.49'}, {'type': {'displayName': 'Zone', 'value': 56}, 'value': 'Left'}, {'type': {'displayName': 'Length', 'value': 212}, 'value': '7.5'}, {'type': {'displayName': 'PassEndX', 'value': 140}, 'value': '80.5'}, {'type': {'displayName': 'PassEndY', 'value': 141}, 'value': '81.2'}]",True,,,,,
1914099,FirstHalf,28,45,28,TakeOn,Unsuccessful,839,Villarreal,434077.0,Renato Veiga,83.4,82.4,,,,,,,"[{'type': {'displayName': 'OppositeRelatedEvent', 'value': 233}, 'value': '313'}, {'type': {'displayName': 'Offensive', 'value': 286}}, {'type': {'displayName': 'Zone', 'value': 56}, 'value': 'Left'}]",True,,,,,
1914099,FirstHalf,28,45,28,Tackle,Unsuccessful,52,Real Madrid,514810.0,Franco Mastantuono,16.7,17.6,,,,,,,"[{'type': {'displayName': 'StandingSave', 'value': 178}}, {'type': {'displayName': 'Zone', 'value': 56}, 'value': 'Back'}, {'type': {'displayName': 'Defensive', 'value': 285}}, {'type': {'displayName': 'OppositeRelatedEvent', 'value': 233}, 'value': '268'}]",True,,,,,
1914099,FirstHalf,28,46,28,BallTouch,Successful,839,Villarreal,434077.0,Renato Veiga,72.6,83.4,,,,,,,"[{'type': {'displayName': 'Zone', 'value': 56}, 'value': 'Left'}]",True,,,,,
1914099,FirstHalf,28,47,28,Pass,Unsuccessful,52,Real Madrid,415181.0,Arda Güler,12.7,18.0,15.0,15.4,,,,,"[{'type': {'displayName': 'Angle', 'value': 213}, 'value': '5.65'}, {'type': {'displayName': 'PassEndY', 'value': 141}, 'value': '15.4'}, {'type': {'displayName': 'PassEndX', 'value': 140}, 'value': '15.0'}, {'type': {'displayName': 'Zone', 'value': 56}, 'value': 'Back'}, {'type': {'displayName': 'Length', 'value': 212}, 'value': '3.0'}]",True,,,,,
1914099,FirstHalf,28,48,28,Foul,Successful,52,Real Madrid,,,15.5,16.8,,,,,,,"[{'type': {'displayName': 'OppositeRelatedEvent', 'value': 233}, 'value': '269'}, {'type': {'displayName': 'Zone', 'value': 56}, 'value': 'Back'}, {'type': {'displayName': 'Defensive', 'value': 285}}]",True,,,,,
1914099,FirstHalf,28,48,28,Foul,Unsuccessful,839,Villarreal,434077.0,Renato Veiga,84.5,83.2,,,,,,,"[{'type': {'displayName': 'Zone', 'value': 56}, 'value': 'Left'}, {'type': {'displayName': 'Offensive', 'value': 286}}, {'type': {'displayName': 'OppositeRelatedEvent', 'value': 233}, 'value': '314'}]",False,,,,,
1914099,FirstHalf,29,1,29,Pass,Successful,52,Real Madrid,344644.0,Federico Valverde,28.9,23.2,29.4,69.9,,,,,"[{'type': {'displayName': 'Zone', 'value': 56}, 'value': 'Back'}, {'type': {'displayName': 'PassEndY', 'value': 141}, 'value': '69.9'}, {'type': {'displayName': 'FreekickTaken', 'value': 5}}, {'type': {'displayName': 'PassEndX', 'value': 140}, 'value': '29.4'}, {'type': {'displayName': 'Length', 'value': 212}, 'value': '31.8'}, {'type': {'displayName': 'Angle', 'value': 213}, 'value': '1.55'}]",True,,,,,
1914099,FirstHalf,29,3,29,Pass,Successful,52,Real Madrid,468852.0,Dean Huijsen,29.8,71.2,52.8,94.2,,,,,"[{'type': {'displayName': 'Angle', 'value': 213}, 'value': '0.57'}, {'type': {'displayName': 'PassEndY', 'value': 141}, 'value': '94.2'}, {'type': {'displayName': 'Zone', 'value': 56}, 'value': 'Left'}, {'type': {'displayName': 'Length', 'value': 212}, 'value': '28.8'}, {'type': {'displayName': 'PassEndX', 'value': 140}, 'value': '52.8'}]",True,,,,,
1914099,FirstHalf,29,4,29,Pass,Successful,52,Real Madrid,337782.0,Vinícius Júnior,52.8,94.2,45.1,94.8,,,,,"[{'type': {'displayName': 'PassEndX', 'value': 140}, 'value': '45.1'}, {'type': {'displayName': 'Zone', 'value': 56}, 'value': 'Back'}, {'type': {'displayName': 'Angle', 'value': 213}, 'value': '3.09'}, {'type': {'displayName': 'PassEndY', 'value': 141}, 'value': '94.8'}, {'type': {'displayName': 'Length', 'value': 212}, 'value': '8.1'}]",True,,,,,
1914099,FirstHalf,29,7,29,Pass,Successful,52,Real Madrid,437583.0,Álvaro Carreras,46.0,93.2,35.5,79.1,,,,,"[{'type': {'displayName': 'Angle', 'value': 213}, 'value': '3.86'}, {'type': {'displayName': 'PassEndX', 'value': 140}, 'value': '35.5'}, {'type': {'displayName': 'PassEndY', 'value': 141}, 'value': '79.1'}, {'type': {'displayName': 'Zone', 'value': 56}, 'value': 'Back'}, {'type': {'displayName': 'Length', 'value': 212}, 'value': '14.6'}]",True,,,,,
1914099,FirstHalf,29,9,29,Pass,Successful,52,Real Madrid,468852.0,Dean Huijsen,35.3,86.7,45.3,82.6,,,,,"[{'type': {'displayName': 'PassEndY', 'value': 141}, 'value': '82.6'}, {'type': {'displayName': 'Zone', 'value': 56}, 'value': 'Back'}, {'type': {'displayName': 'Length', 'value': 212}, 'value': '10.9'}, {'type': {'displayName': 'Angle', 'value': 213}, 'value': '6.02'}, {'type': {'displayName': 'PassEndX', 'value': 140}, 'value': '45.3'}]",True,,,,,
1914099,FirstHalf,29,10,29,Pass,Successful,52,Real Madrid,379868.0,Jude Bellingham,45.3,82.6,45.2,93.4,,,,,"[{'type': {'displayName': 'PassEndY', 'value': 141}, 'value': '93.4'}, {'type': {'displayName': 'PassEndX', 'value': 140}, 'value': '45.2'}, {'type': {'displayName': 'Length', 'value': 212}, 'value': '7.3'}, {'type': {'displayName': 'Angle', 'value': 213}, 'value': '1.59'}, {'type': {'displayName': 'Zone', 'value': 56}, 'value': 'Back'}]",True,,,,,
1914099,FirstHalf,29,12,29,Pass,Successful,52,Real Madrid,437583.0,Álvaro Carreras,45.2,93.4,43.3,85.6,,,,,"[{'type': {'displayName': 'Length', 'value': 212}, 'value': '5.7'}, {'type': {'displayName': 'PassEndY', 'value': 141}, 'value': '85.6'}, {'type': {'displayName': 'PassEndX', 'value': 140}, 'value': '43.3'}, {'type': {'displayName': 'Angle', 'value': 213}, 'value': '4.35'}, {'type': {'displayName': 'Zone', 'value': 56}, 'value': 'Back'}]",True,,,,,
1914099,FirstHalf,29,14,29,Pass,Successful,52,Real Madrid,379868.0,Jude Bellingham,44.2,76.0,46.7,55.6,,,,,"[{'type': {'displayName': 'PassEndY', 'value': 141}, 'value': '55.6'}, {'type': {'displayName': 'Angle', 'value': 213}, 'value': '4.90'}, {'type': {'displayName': 'Length', 'value': 212}, 'value': '14.1'}, {'type': {'displayName': 'Zone', 'value': 56}, 'value': 'Back'}, {'type': {'displayName': 'PassEndX', 'value': 140}, 'value': '46.7'}]",True,,,,,
1914099,FirstHalf,29,17,29,Pass,Successful,52,Real Madrid,415181.0,Arda Güler,43.7,60.9,38.1,26.2,,,,,"[{'type': {'displayName': 'PassEndX', 'value': 140}, 'value': '38.1'}, {'type': {'displayName': 'Angle', 'value': 213}, 'value': '4.47'}, {'type': {'displayName': 'Length', 'value': 212}, 'value': '24.3'}, {'type': {'displayName': 'Zone', 'value': 56}, 'value': 'Back'}, {'type': {'displayName': 'PassEndY', 'value': 141}, 'value': '26.2'}]",True,,,,,
1914099,FirstHalf,29,21,29,Pass,Unsuccessful,52,Real Madrid,534899.0,Raúl Asencio,39.9,29.5,85.6,57.1,,,,,"[{'type': {'displayName': 'PassEndX', 'value': 140}, 'value': '85.6'}, {'type': {'displayName': 'Zone', 'value': 56}, 'value': 'Center'}, {'type': {'displayName': 'Longball', 'value': 1}}, {'type': {'displayName': 'PassEndY', 'value': 141}, 'value': '57.1'}, {'type': {'displayName': 'Chipped', 'value': 155}}, {'type': {'displayName': 'Angle', 'value': 213}, 'value': '0.37'}, {'type': {'displayName': 'Length', 'value': 212}, 'value': '51.5'}]",True,,,,,
1914099,FirstHalf,29,23,29,Interception,Successful,839,Villarreal,430301.0,Rafa Marín,14.7,49.5,,,,,,,"[{'type': {'displayName': 'LastMan', 'value': 14}}, {'type': {'displayName': 'Zone', 'value': 56}, 'value': 'Back'}]",True,,,,,
1914099,FirstHalf,29,26,29,BallRecovery,Successful,839,Villarreal,434077.0,Renato Veiga,13.8,62.4,,,,,,,[],False,,,,,
1914099,FirstHalf,29,27,29,Pass,Successful,839,Villarreal,434077.0,Renato Veiga,10.7,68.5,14.0,91.4,,,,,"[{'type': {'displayName': 'PassEndX', 'value': 140}, 'value': '14.0'}, {'type': {'displayName': 'PassEndY', 'value': 141}, 'value': '91.4'}, {'type': {'displayName': 'Length', 'value': 212}, 'value': '16.0'}, {'type': {'displayName': 'Angle', 'value': 213}, 'value': '1.35'}, {'type': {'displayName': 'Zone', 'value': 56}, 'value': 'Back'}]",True,,,,,
1914099,FirstHalf,29,28,29,Pass,Successful,839,Villarreal,276489.0,Alfonso Pedraza,13.6,91.2,20.0,72.0,,,,,"[{'type': {'displayName': 'Length', 'value': 212}, 'value': '14.7'}, {'type': {'displayName': 'PassEndY', 'value': 141}, 'value': '72.0'}, {'type': {'displayName': 'Zone', 'value': 56}, 'value': 'Back'}, {'type': {'displayName': 'Angle', 'value': 213}, 'value': '5.19'}, {'type': {'displayName': 'PassEndX', 'value': 140}, 'value': '20.0'}]",True,,,,,
1914099,FirstHalf,29,29,29,Pass,Successful,839,Villarreal,28186.0,Dani Parejo,20.0,72.0,12.2,70.9,,,,,"[{'type': {'displayName': 'PassEndX', 'value': 140}, 'value': '12.2'}, {'type': {'displayName': 'Zone', 'value': 56}, 'value': 'Back'}, {'type': {'displayName': 'Angle', 'value': 213}, 'value': '3.23'}, {'type': {'displayName': 'Length', 'value': 212}, 'value': '8.2'}, {'type': {'displayName': 'PassEndY', 'value': 141}, 'value': '70.9'}]",True,,,,,
1914099,FirstHalf,29,30,29,Pass,Unsuccessful,839,Villarreal,434077.0,Renato Veiga,12.2,70.9,29.0,58.3,,,,,"[{'type': {'displayName': 'Zone', 'value': 56}, 'value': 'Back'}, {'type': {'displayName': 'PassEndY', 'value': 141}, 'value': '58.3'}, {'type': {'displayName': 'Length', 'value': 212}, 'value': '19.6'}, {'type': {'displayName': 'Angle', 'value': 213}, 'value': '5.83'}, {'type': {'displayName': 'PassEndX', 'value': 140}, 'value': '29.0'}]",True,,,,,
1914099,FirstHalf,29,32,29,BallTouch,Unsuccessful,52,Real Madrid,415181.0,Arda Güler,69.5,51.3,,,,,,,"[{'type': {'displayName': 'Zone', 'value': 56}, 'value': 'Center'}]",True,,,,,
1914099,FirstHalf,29,33,29,Pass,Successful,839,Villarreal,28186.0,Dani Parejo,20.6,55.3,19.6,31.7,,,,,"[{'type': {'displayName': 'PassEndX', 'value': 140}, 'value': '19.6'}, {'type': {'displayName': 'Zone', 'value': 56}, 'value': 'Back'}, {'type': {'displayName': 'Angle', 'value': 213}, 'value': '4.65'}, {'type': {'displayName': 'PassEndY', 'value': 141}, 'value': '31.7'}, {'type': {'displayName': 'Length', 'value': 212}, 'value': '16.1'}]",True,,,,,
1914099,FirstHalf,29,35,29,Pass,Successful,839,Villarreal,537235.0,Pau Navarro,19.6,31.5,24.9,39.5,,,,,"[{'type': {'displayName': 'Angle', 'value': 213}, 'value': '0.77'}, {'type': {'displayName': 'Zone', 'value': 56}, 'value': 'Back'}, {'type': {'displayName': 'Length', 'value': 212}, 'value': '7.8'}, {'type': {'displayName': 'PassEndX', 'value': 140}, 'value': '24.9'}, {'type': {'displayName': 'PassEndY', 'value': 141}, 'value': '39.5'}]",True,,,,,
1914099,FirstHalf,29,36,29,Pass,Successful,839,Villarreal,28186.0,Dani Parejo,25.3,38.6,23.3,10.6,,,,,"[{'type': {'displayName': 'Length', 'value': 212}, 'value': '19.2'}, {'type': {'displayName': 'Angle', 'value': 213}, 'value': '4.60'}, {'type': {'displayName': 'Zone', 'value': 56}, 'value': 'Back'}, {'type': {'displayName': 'PassEndX', 'value': 140}, 'value': '23.3'}, {'type': {'displayName': 'PassEndY', 'value': 141}, 'value': '10.6'}]",True,,,,,
1914099,FirstHalf,29,38,29,Pass,Successful,839,Villarreal,537235.0,Pau Navarro,26.9,10.0,46.1,13.6,,,,,"[{'type': {'displayName': 'Zone', 'value': 56}, 'value': 'Back'}, {'type': {'displayName': 'PassEndX', 'value': 140}, 'value': '46.1'}, {'type': {'displayName': 'PassEndY', 'value': 141}, 'value': '13.6'}, {'type': {'displayName': 'Length', 'value': 212}, 'value': '20.3'}, {'type': {'displayName': 'Angle', 'value': 213}, 'value': '0.12'}]",True,,,,,
1914099,FirstHalf,29,45,29,Pass,Successful,839,Villarreal,389020.0,Georges Mikautadze,62.9,18.2,62.2,33.5,,,,,"[{'type': {'displayName': 'Zone', 'value': 56}, 'value': 'Center'}, {'type': {'displayName': 'PassEndX', 'value': 140}, 'value': '62.2'}, {'type': {'displayName': 'Length', 'value': 212}, 'value': '10.4'}, {'type': {'displayName': 'PassEndY', 'value': 141}, 'value': '33.5'}, {'type': {'displayName': 'Angle', 'value': 213}, 'value': '1.64'}]",True,,,,,
1914099,FirstHalf,29,47,29,Pass,Successful,839,Villarreal,97659.0,Gerard Moreno,64.7,32.7,73.4,57.1,,,,,"[{'type': {'displayName': 'Length', 'value': 212}, 'value': '18.9'}, {'type': {'displayName': 'Zone', 'value': 56}, 'value': 'Center'}, {'type': {'displayName': 'Angle', 'value': 213}, 'value': '1.07'}, {'type': {'displayName': 'PassEndX', 'value': 140}, 'value': '73.4'}, {'type': {'displayName': 'PassEndY', 'value': 141}, 'value': '57.1'}, {'type': {'displayName': 'ShotAssist', 'value': 210}, 'value': '15'}, {'type': {'displayName': 'KeyPass', 'value': 11113}}]",True,,,,,
1914099,FirstHalf,29,50,29,SavedShot,Successful,839,Villarreal,448211.0,Alberto Moleiro,76.0,53.2,,,52.6,19.0,81.1,53.1,"[{'type': {'displayName': 'LowLeft', 'value': 76}}, {'type': {'displayName': 'RightFoot', 'value': 20}}, {'type': {'displayName': 'OutOfBoxCentre', 'value': 18}}, {'type': {'displayName': 'Zone', 'value': 56}, 'value': 'Center'}, {'type': {'displayName': 'IndividualPlay', 'value': 215}}, {'type': {'displayName': 'BlockedY', 'value': 147}, 'value': '53.1'}, {'type': {'displayName': 'OppositeRelatedEvent', 'value': 233}, 'value': '326'}, {'type': {'displayName': 'BlockedX', 'value': 146}, 'value': '81.1'}, {'type': {'displayName': 'Assisted', 'value': 29}}, {'type': {'displayName': 'RelatedEventId', 'value': 55}, 'value': '281'}, {'type': {'displayName': 'Blocked', 'value': 82}}, {'type': {'displayName': 'RegularPlay', 'value': 22}}, {'type': {'displayName': 'GoalMouthY', 'value': 102}, 'value': '52.6'}, {'type': {'displayName': 'GoalMouthZ', 'value': 103}, 'value': '19'}]",True,True,,,281.0,97659.0
1914099,FirstHalf,29,50,29,Save,Successful,52,Real Madrid,344644.0,Federico Valverde,18.9,46.9,,,,,,,"[{'type': {'displayName': 'Zone', 'value': 56}, 'value': 'Back'}, {'type': {'displayName': 'OutfielderBlock', 'value': 94}}, {'type': {'displayName': 'OppositeRelatedEvent', 'value': 233}, 'value': '282'}]",True,,,,,
1914099,FirstHalf,29,53,29,Clearance,Successful,52,Real Madrid,369109.0,Eduardo Camavinga,14.4,46.2,22.6,42.6,,,,,"[{'type': {'displayName': 'PassEndY', 'value': 141}, 'value': '42.6'}, {'type': {'displayName': 'PassEndX', 'value': 140}, 'value': '22.6'}, {'type': {'displayName': 'Length', 'value': 212}, 'value': '9.0'}, {'type': {'displayName': 'Angle', 'value': 213}, 'value': '6.01'}, {'type': {'displayName': 'Head', 'value': 15}}, {'type': {'displayName': 'Zone', 'value': 56}, 'value': 'Back'}]",True,,,,,
1914099,FirstHalf,29,54,29,Pass,Unsuccessful,52,Real Madrid,415181.0,Arda Güler,22.6,42.6,54.0,48.1,,,,,"[{'type': {'displayName': 'Zone', 'value': 56}, 'value': 'Center'}, {'type': {'displayName': 'Length', 'value': 212}, 'value': '33.2'}, {'type': {'displayName': 'PassEndY', 'value': 141}, 'value': '48.1'}, {'type': {'displayName': 'Longball', 'value': 1}}, {'type': {'displayName': 'PassEndX', 'value': 140}, 'value': '54.0'}, {'type': {'displayName': 'Angle', 'value': 213}, 'value': '0.11'}]",True,,,,,
1914099,FirstHalf,29,57,29,Pass,Successful,839,Villarreal,434077.0,Renato Veiga,47.2,56.2,57.6,52.0,,,,,"[{'type': {'displayName': 'Angle', 'value': 213}, 'value': '6.03'}, {'type': {'displayName': 'PassEndY', 'value': 141}, 'value': '52.0'}, {'type': {'displayName': 'PassEndX', 'value': 140}, 'value': '57.6'}, {'type': {'displayName': 'Zone', 'value': 56}, 'value': 'Center'}, {'type': {'displayName': 'Length', 'value': 212}, 'value': '11.3'}, {'type': {'displayName': 'HeadPass', 'value': 3}}]",True,,,,,
1914099,FirstHalf,30,0,30,Pass,Successful,839,Villarreal,28186.0,Dani Parejo,55.3,53.3,46.7,71.7,,,,,"[{'type': {'displayName': 'Zone', 'value': 56}, 'value': 'Back'}, {'type': {'displayName': 'Angle', 'value': 213}, 'value': '2.20'}, {'type': {'displayName': 'Length', 'value': 212}, 'value': '15.4'}, {'type': {'displayName': 'PassEndY', 'value': 141}, 'value': '71.7'}, {'type': {'displayName': 'PassEndX', 'value': 140}, 'value': '46.7'}]",True,,,,,
1914099,FirstHalf,30,1,30,Pass,Successful,839,Villarreal,434077.0,Renato Veiga,53.0,72.7,55.6,63.8,,,,,"[{'type': {'displayName': 'PassEndY', 'value': 141}, 'value': '63.8'}, {'type': {'displayName': 'Length', 'value': 212}, 'value': '6.6'}, {'type': {'displayName': 'Zone', 'value': 56}, 'value': 'Center'}, {'type': {'displayName': 'PassEndX', 'value': 140}, 'value': '55.6'}, {'type': {'displayName': 'Angle', 'value': 213}, 'value': '5.14'}]",True,,,,,
1914099,FirstHalf,30,3,30,Pass,Successful,839,Villarreal,28186.0,Dani Parejo,55.0,65.5,61.0,64.1,,,,,"[{'type': {'displayName': 'Length', 'value': 212}, 'value': '6.4'}, {'type': {'displayName': 'Zone', 'value': 56}, 'value': 'Center'}, {'type': {'displayName': 'Angle', 'value': 213}, 'value': '6.13'}, {'type': {'displayName': 'PassEndX', 'value': 140}, 'value': '61.0'}, {'type': {'displayName': 'PassEndY', 'value': 141}, 'value': '64.1'}]",True,,,,,
1914099,FirstHalf,30,6,30,Pass,Successful,839,Villarreal,399047.0,Pape Gueye,60.6,54.9,55.9,32.6,,,,,"[{'type': {'displayName': 'PassEndX', 'value': 140}, 'value': '55.9'}, {'type': {'displayName': 'Length', 'value': 212}, 'value': '15.9'}, {'type': {'displayName': 'Zone', 'value': 56}, 'value': 'Center'}, {'type': {'displayName': 'PassEndY', 'value': 141}, 'value': '32.6'}, {'type': {'displayName': 'Angle', 'value': 213}, 'value': '4.40'}]",True,,,,,
1914099,FirstHalf,30,9,30,Pass,Successful,839,Villarreal,537235.0,Pau Navarro,58.1,30.0,67.3,3.5,,,,,"[{'type': {'displayName': 'Angle', 'value': 213}, 'value': '5.20'}, {'type': {'displayName': 'PassEndY', 'value': 141}, 'value': '3.5'}, {'type': {'displayName': 'Length', 'value': 212}, 'value': '20.4'}, {'type': {'displayName': 'PassEndX', 'value': 140}, 'value': '67.3'}, {'type': {'displayName': 'Zone', 'value': 56}, 'value': 'Right'}]",True,,,,,
1914099,FirstHalf,30,13,30,Pass,Successful,839,Villarreal,371027.0,Tajon Buchanan,69.2,3.6,65.7,23.8,,,,,"[{'type': {'displayName': 'Angle', 'value': 213}, 'value': '1.83'}, {'type': {'displayName': 'PassEndY', 'value': 141}, 'value': '23.8'}, {'type': {'displayName': 'PassEndX', 'value': 140}, 'value': '65.7'}, {'type': {'displayName': 'Zone', 'value': 56}, 'value': 'Center'}, {'type': {'displayName': 'Length', 'value': 212}, 'value': '14.2'}]",True,,,,,
1914099,FirstHalf,30,17,30,Pass,Successful,839,Villarreal,399047.0,Pape Gueye,70.6,25.7,86.0,89.9,,,,,"[{'type': {'displayName': 'Chipped', 'value': 155}}, {'type': {'displayName': 'PassEndY', 'value': 141}, 'value': '89.9'}, {'type': {'displayName': 'Angle', 'value': 213}, 'value': '1.22'}, {'type': {'displayName': 'Zone', 'value': 56}, 'value': 'Left'}, {'type': {'displayName': 'PassEndX', 'value': 140}, 'value': '86.0'}, {'type': {'displayName': 'Length', 'value': 212}, 'value': '46.6'}, {'type': {'displayName': 'Longball', 'value': 1}}]",True,,,,,
1914099,FirstHalf,30,20,30,Dispossessed,Successful,839,Villarreal,276489.0,Alfonso Pedraza,90.7,85.6,,,,,,,"[{'type': {'displayName': 'Zone', 'value': 56}, 'value': 'Left'}, {'type': {'displayName': 'OppositeRelatedEvent', 'value': 233}, 'value': '329'}, {'type': {'displayName': 'Offensive', 'value': 286}}]",True,,,,,
1914099,FirstHalf,30,20,30,Tackle,Successful,52,Real Madrid,514810.0,Franco Mastantuono,9.4,14.4,,,,,,,"[{'type': {'displayName': 'StandingSave', 'value': 178}}, {'type': {'displayName': 'Defensive', 'value': 285}}, {'type': {'displayName': 'OppositeRelatedEvent', 'value': 233}, 'value': '291'}, {'type': {'displayName': 'Zone', 'value': 56}, 'value': 'Back'}]",True,,,,,
1914099,FirstHalf,30,20,30,CornerAwarded,Successful,839,Villarreal,276489.0,Alfonso Pedraza,94.7,88.4,,,,,,,"[{'type': {'displayName': 'OppositeRelatedEvent', 'value': 233}, 'value': '330'}, {'type': {'displayName': 'MissLeft', 'value': 73}}, {'type': {'displayName': 'Zone', 'value': 56}, 'value': 'Left'}]",False,,,,,
1914099,FirstHalf,30,20,30,CornerAwarded,Unsuccessful,52,Real Madrid,514810.0,Franco Mastantuono,5.3,11.6,,,,,,,"[{'type': {'displayName': 'OppositeRelatedEvent', 'value': 233}, 'value': '292'}, {'type': {'displayName': 'MissLeft', 'value': 73}}, {'type': {'displayName': 'Zone', 'value': 56}, 'value': 'Back'}]",False,,,,,
1914099,FirstHalf,30,57,30,Pass,Successful,839,Villarreal,28186.0,Dani Parejo,99.5,99.5,94.7,68.8,,,,,"[{'type': {'displayName': 'Angle', 'value': 213}, 'value': '4.48'}, {'type': {'displayName': 'PassEndY', 'value': 141}, 'value': '68.8'}, {'type': {'displayName': 'CornerTaken', 'value': 6}}, {'type': {'displayName': 'Length', 'value': 212}, 'value': '21.5'}, {'type': {'displayName': 'RightFoot', 'value': 20}}, {'type': {'displayName': 'Cross', 'value': 2}}, {'type': {'displayName': 'Zone', 'value': 56}, 'value': 'Center'}, {'type': {'displayName': 'PassEndX', 'value': 140}, 'value': '94.7'}]",True,,,,,
1914099,FirstHalf,30,58,30,Pass,Unsuccessful,839,Villarreal,430301.0,Rafa Marín,94.5,71.1,90.6,58.9,,,,,"[{'type': {'displayName': 'Zone', 'value': 56}, 'value': 'Center'}, {'type': {'displayName': 'PassEndY', 'value': 141}, 'value': '58.9'}, {'type': {'displayName': 'PassEndX', 'value': 140}, 'value': '90.6'}, {'type': {'displayName': 'Angle', 'value': 213}, 'value': '4.25'}, {'type': {'displayName': 'Length', 'value': 212}, 'value': '9.3'}]",True,,,,,
1914099,FirstHalf,31,0,31,Interception,Successful,52,Real Madrid,514810.0,Franco Mastantuono,9.4,41.1,,,,,,,"[{'type': {'displayName': 'Zone', 'value': 56}, 'value': 'Back'}]",True,,,,,
1914099,FirstHalf,31,0,31,BallRecovery,Successful,52,Real Madrid,514810.0,Franco Mastantuono,8.2,38.4,,,,,,,[],False,,,,,
1914099,FirstHalf,31,1,31,Pass,Successful,52,Real Madrid,514810.0,Franco Mastantuono,8.2,38.4,15.2,16.8,,,,,"[{'type': {'displayName': 'PassEndX', 'value': 140}, 'value': '15.2'}, {'type': {'displayName': 'PassEndY', 'value': 141}, 'value': '16.8'}, {'type': {'displayName': 'Length', 'value': 212}, 'value': '16.4'}, {'type': {'displayName': 'Angle', 'value': 213}, 'value': '5.18'}, {'type': {'displayName': 'Zone', 'value': 56}, 'value': 'Back'}]",True,,,,,
1914099,FirstHalf,31,3,31,Pass,Unsuccessful,52,Real Madrid,300713.0,Kylian Mbappé,18.1,18.0,42.3,76.6,,,,,"[{'type': {'displayName': 'Longball', 'value': 1}}, {'type': {'displayName': 'PassEndX', 'value': 140}, 'value': '42.3'}, {'type': {'displayName': 'Chipped', 'value': 155}}, {'type': {'displayName': 'PassEndY', 'value': 141}, 'value': '76.6'}, {'type': {'displayName': 'Length', 'value': 212}, 'value': '47.3'}, {'type': {'displayName': 'Angle', 'value': 213}, 'value': '1.00'}, {'type': {'displayName': 'Zone', 'value': 56}, 'value': 'Back'}]",True,,,,,
1914099,FirstHalf,31,5,31,Interception,Successful,839,Villarreal,371027.0,Tajon Buchanan,57.7,23.4,,,,,,,"[{'type': {'displayName': 'Zone', 'value': 56}, 'value': 'Center'}]",True,,,,,
1914099,FirstHalf,31,6,31,BallRecovery,Successful,839,Villarreal,371027.0,Tajon Buchanan,55.9,23.6,,,,,,,[],False,,,,,
1914099,FirstHalf,31,7,31,Pass,Successful,839,Villarreal,371027.0,Tajon Buchanan,56.2,23.0,61.7,30.9,,,,,"[{'type': {'displayName': 'Zone', 'value': 56}, 'value': 'Center'}, {'type': {'displayName': 'Angle', 'value': 213}, 'value': '0.75'}, {'type': {'displayName': 'PassEndY', 'value': 141}, 'value': '30.9'}, {'type': {'displayName': 'PassEndX', 'value': 140}, 'value': '61.7'}, {'type': {'displayName': 'Length', 'value': 212}, 'value': '7.9'}]",True,,,,,
1914099,FirstHalf,31,12,31,Foul,Successful,839,Villarreal,399047.0,Pape Gueye,66.6,37.2,,,,,,,"[{'type': {'displayName': 'Offensive', 'value': 286}}, {'type': {'displayName': 'OppositeRelatedEvent', 'value': 233}, 'value': '335'}, {'type': {'displayName': 'Zone', 'value': 56}, 'value': 'Center'}, {'type': {'displayName': 'Foul', 'value': 13}}]",True,,,,,
1914099,FirstHalf,31,12,31,Foul,Unsuccessful,52,Real Madrid,369109.0,Eduardo Camavinga,33.4,62.8,,,,,,,"[{'type': {'displayName': 'Defensive', 'value': 285}}, {'type': {'displayName': 'Foul', 'value': 13}}, {'type': {'displayName': 'Zone', 'value': 56}, 'value': 'Back'}, {'type': {'displayName': 'OppositeRelatedEvent', 'value': 233}, 'value': '297'}]",False,,,,,
1914099,FirstHalf,32,2,32,Pass,Unsuccessful,839,Villarreal,28186.0,Dani Parejo,68.9,40.0,100.0,79.1,,,,,"[{'type': {'displayName': 'PassEndX', 'value': 140}, 'value': '100.0'}, {'type': {'displayName': 'Chipped', 'value': 155}}, {'type': {'displayName': 'FreekickTaken', 'value': 5}}, {'type': {'displayName': 'Zone', 'value': 56}, 'value': 'Left'}, {'type': {'displayName': 'Angle', 'value': 213}, 'value': '0.66'}, {'type': {'displayName': 'PassEndY', 'value': 141}, 'value': '79.1'}, {'type': {'displayName': 'Length', 'value': 212}, 'value': '43.3'}, {'type': {'displayName': 'Longball', 'value': 1}}]",True,,,,,
1914099,FirstHalf,32,21,32,Pass,Successful,52,Real Madrid,534899.0,Raúl Asencio,3.8,39.6,3.8,51.0,,,,,"[{'type': {'displayName': 'PassEndX', 'value': 140}, 'value': '3.8'}, {'type': {'displayName': 'PassEndY', 'value': 141}, 'value': '51.0'}, {'type': {'displayName': 'GoalKick', 'value': 124}}, {'type': {'displayName': 'Zone', 'value': 56}, 'value': 'Back'}, {'type': {'displayName': 'Length', 'value': 212}, 'value': '7.8'}, {'type': {'displayName': 'Angle', 'value': 213}, 'value': '1.57'}]",True,,,,,
1914099,FirstHalf,32,24,32,Pass,Successful,52,Real Madrid,73798.0,Thibaut Courtois,4.1,48.4,11.7,4.0,,,,,"[{'type': {'displayName': 'Zone', 'value': 56}, 'value': 'Back'}, {'type': {'displayName': 'Length', 'value': 212}, 'value': '31.2'}, {'type': {'displayName': 'Chipped', 'value': 155}}, {'type': {'displayName': 'PassEndY', 'value': 141}, 'value': '4.0'}, {'type': {'displayName': 'Angle', 'value': 213}, 'value': '4.97'}, {'type': {'displayName': 'PassEndX', 'value': 140}, 'value': '11.7'}]",True,,,,,
1914099,FirstHalf,32,28,32,Pass,Successful,52,Real Madrid,344644.0,Federico Valverde,17.6,5.1,22.0,31.5,,,,,"[{'type': {'displayName': 'PassEndX', 'value': 140}, 'value': '22.0'}, {'type': {'displayName': 'Angle', 'value': 213}, 'value': '1.32'}, {'type': {'displayName': 'PassEndY', 'value': 141}, 'value': '31.5'}, {'type': {'displayName': 'Length', 'value': 212}, 'value': '18.5'}, {'type': {'displayName': 'Zone', 'value': 56}, 'value': 'Back'}]",True,,,,,
1914099,FirstHalf,32,29,32,TakeOn,Unsuccessful,52,Real Madrid,415181.0,Arda Güler,24.7,31.1,,,,,,,"[{'type': {'displayName': 'Defensive', 'value': 285}}, {'type': {'displayName': 'Zone', 'value': 56}, 'value': 'Back'}]",True,,,,,
1914099,FirstHalf,32,31,32,Foul,Successful,52,Real Madrid,415181.0,Arda Güler,25.5,31.6,,,,,,,"[{'type': {'displayName': 'Foul', 'value': 13}}, {'type': {'displayName': 'Defensive', 'value': 285}}, {'type': {'displayName': 'Zone', 'value': 56}, 'value': 'Back'}, {'type': {'displayName': 'OppositeRelatedEvent', 'value': 233}, 'value': '301'}]",True,,,,,
1914099,FirstHalf,32,31,32,Foul,Unsuccessful,839,Villarreal,399047.0,Pape Gueye,74.5,68.4,,,,,,,"[{'type': {'displayName': 'Zone', 'value': 56}, 'value': 'Center'}, {'type': {'displayName': 'Offensive', 'value': 286}}, {'type': {'displayName': 'Foul', 'value': 13}}, {'type': {'displayName': 'OppositeRelatedEvent', 'value': 233}, 'value': '340'}]",False,,,,,
1914099,FirstHalf,32,46,32,Pass,Successful,52,Real Madrid,415181.0,Arda Güler,33.9,38.5,42.0,74.4,,,,,"[{'type': {'displayName': 'Zone', 'value': 56}, 'value': 'Back'}, {'type': {'displayName': 'Angle', 'value': 213}, 'value': '1.24'}, {'type': {'displayName': 'PassEndX', 'value': 140}, 'value': '42.0'}, {'type': {'displayName': 'PassEndY', 'value': 141}, 'value': '74.4'}, {'type': {'displayName': 'Length', 'value': 212}, 'value': '25.9'}, {'type': {'displayName': 'FreekickTaken', 'value': 5}}]",True,,,,,
1914099,FirstHalf,32,52,32,Pass,Successful,52,Real Madrid,468852.0,Dean Huijsen,55.1,74.1,44.9,58.2,,,,,"[{'type': {'displayName': 'Length', 'value': 212}, 'value': '15.2'}, {'type': {'displayName': 'PassEndY', 'value': 141}, 'value': '58.2'}, {'type': {'displayName': 'Angle', 'value': 213}, 'value': '3.93'}, {'type': {'displayName': 'Zone', 'value': 56}, 'value': 'Back'}, {'type': {'displayName': 'PassEndX', 'value': 140}, 'value': '44.9'}]",True,,,,,
1914099,FirstHalf,32,55,32,Pass,Successful,52,Real Madrid,369109.0,Eduardo Camavinga,44.8,56.7,45.5,26.4,,,,,"[{'type': {'displayName': 'Angle', 'value': 213}, 'value': '4.75'}, {'type': {'displayName': 'Length', 'value': 212}, 'value': '20.6'}, {'type': {'displayName': 'Zone', 'value': 56}, 'value': 'Back'}, {'type': {'displayName': 'PassEndX', 'value': 140}, 'value': '45.5'}, {'type': {'displayName': 'PassEndY', 'value': 141}, 'value': '26.4'}]",True,,,,,
1914099,FirstHalf,33,0,33,Pass,Successful,52,Real Madrid,534899.0,Raúl Asencio,53.1,28.2,44.9,42.9,,,,,"[{'type': {'displayName': 'PassEndX', 'value': 140}, 'value': '44.9'}, {'type': {'displayName': 'Length', 'value': 212}, 'value': '13.2'}, {'type': {'displayName': 'Angle', 'value': 213}, 'value': '2.28'}, {'type': {'displayName': 'PassEndY', 'value': 141}, 'value': '42.9'}, {'type': {'displayName': 'Zone', 'value': 56}, 'value': 'Back'}]",True,,,,,
1914099,FirstHalf,33,3,33,Pass,Successful,52,Real Madrid,369109.0,Eduardo Camavinga,45.2,48.4,45.1,82.6,,,,,"[{'type': {'displayName': 'Zone', 'value': 56}, 'value': 'Back'}, {'type': {'displayName': 'Angle', 'value': 213}, 'value': '1.58'}, {'type': {'displayName': 'PassEndY', 'value': 141}, 'value': '82.6'}, {'type': {'displayName': 'Length', 'value': 212}, 'value': '23.3'}, {'type': {'displayName': 'PassEndX', 'value': 140}, 'value': '45.1'}]",True,,,,,
1914099,FirstHalf,33,5,33,Pass,Successful,52,Real Madrid,468852.0,Dean Huijsen,53.0,84.0,68.5,97.2,,,,,"[{'type': {'displayName': 'Angle', 'value': 213}, 'value': '0.50'}, {'type': {'displayName': 'PassEndX', 'value': 140}, 'value': '68.5'}, {'type': {'displayName': 'Length', 'value': 212}, 'value': '18.6'}, {'type': {'displayName': 'Zone', 'value': 56}, 'value': 'Left'}, {'type': {'displayName': 'PassEndY', 'value': 141}, 'value': '97.2'}]",True,,,,,
1914099,FirstHalf,33,8,33,Pass,Successful,52,Real Madrid,337782.0,Vinícius Júnior,68.5,97.2,59.5,94.5,,,,,"[{'type': {'displayName': 'Angle', 'value': 213}, 'value': '3.33'}, {'type': {'displayName': 'Length', 'value': 212}, 'value': '9.6'}, {'type': {'displayName': 'PassEndX', 'value': 140}, 'value': '59.5'}, {'type': {'displayName': 'Zone', 'value': 56}, 'value': 'Left'}, {'type': {'displayName': 'PassEndY', 'value': 141}, 'value': '94.5'}]",True,,,,,
1914099,FirstHalf,33,10,33,Pass,Successful,52,Real Madrid,437583.0,Álvaro Carreras,59.1,92.1,53.4,87.4,,,,,"[{'type': {'displayName': 'PassEndY', 'value': 141}, 'value': '87.4'}, {'type': {'displayName': 'PassEndX', 'value': 140}, 'value': '53.4'}, {'type': {'displayName': 'Length', 'value': 212}, 'value': '6.8'}, {'type': {'displayName': 'Angle', 'value': 213}, 'value': '3.63'}, {'type': {'displayName': 'Zone', 'value': 56}, 'value': 'Left'}]",True,,,,,
1914099,FirstHalf,33,12,33,Pass,Unsuccessful,52,Real Madrid,468852.0,Dean Huijsen,53.7,87.0,66.5,96.6,,,,,"[{'type': {'displayName': 'Length', 'value': 212}, 'value': '14.9'}, {'type': {'displayName': 'PassEndY', 'value': 141}, 'value': '96.6'}, {'type': {'displayName': 'PassEndX', 'value': 140}, 'value': '66.5'}, {'type': {'displayName': 'Angle', 'value': 213}, 'value': '0.45'}, {'type': {'displayName': 'Zone', 'value': 56}, 'value': 'Left'}]",True,,,,,
1914099,FirstHalf,33,12,33,Interception,Successful,839,Villarreal,537235.0,Pau Navarro,33.5,3.4,,,,,,,"[{'type': {'displayName': 'Zone', 'value': 56}, 'value': 'Back'}]",True,,,,,
1914099,FirstHalf,33,15,33,BallTouch,Successful,52,Real Madrid,337782.0,Vinícius Júnior,62.2,96.1,,,,,,,"[{'type': {'displayName': 'Zone', 'value': 56}, 'value': 'Left'}]",True,,,,,
1914099,FirstHalf,33,21,33,Pass,Successful,839,Villarreal,537235.0,Pau Navarro,33.1,0.0,17.9,15.1,,,,,"[{'type': {'displayName': 'Zone', 'value': 56}, 'value': 'Back'}, {'type': {'displayName': 'Length', 'value': 212}, 'value': '19.5'}, {'type': {'displayName': 'PassEndY', 'value': 141}, 'value': '15.1'}, {'type': {'displayName': 'ThrowIn', 'value': 107}}, {'type': {'displayName': 'Angle', 'value': 213}, 'value': '2.53'}, {'type': {'displayName': 'PassEndX', 'value': 140}, 'value': '17.9'}]",True,,,,,
1914099,FirstHalf,33,24,33,Pass,Successful,839,Villarreal,430301.0,Rafa Marín,13.3,15.6,20.7,2.7,,,,,"[{'type': {'displayName': 'Length', 'value': 212}, 'value': '11.7'}, {'type': {'displayName': 'Zone', 'value': 56}, 'value': 'Back'}, {'type': {'displayName': 'PassEndX', 'value': 140}, 'value': '20.7'}, {'type': {'displayName': 'PassEndY', 'value': 141}, 'value': '2.7'}, {'type': {'displayName': 'Angle', 'value': 213}, 'value': '5.44'}]",True,,,,,
1914099,FirstHalf,33,28,33,Pass,Successful,839,Villarreal,537235.0,Pau Navarro,21.2,4.7,30.7,46.5,,,,,"[{'type': {'displayName': 'PassEndY', 'value': 141}, 'value': '46.5'}, {'type': {'displayName': 'PassEndX', 'value': 140}, 'value': '30.7'}, {'type': {'displayName': 'Length', 'value': 212}, 'value': '30.1'}, {'type': {'displayName': 'Chipped', 'value': 155}}, {'type': {'displayName': 'Zone', 'value': 56}, 'value': 'Back'}, {'type': {'displayName': 'Angle', 'value': 213}, 'value': '1.23'}]",True,,,,,
1914099,FirstHalf,33,30,33,Pass,Unsuccessful,839,Villarreal,448211.0,Alberto Moleiro,31.2,46.2,47.4,53.0,,,,,"[{'type': {'displayName': 'HeadPass', 'value': 3}}, {'type': {'displayName': 'Length', 'value': 212}, 'value': '17.6'}, {'type': {'displayName': 'Angle', 'value': 213}, 'value': '0.27'}, {'type': {'displayName': 'Zone', 'value': 56}, 'value': 'Back'}, {'type': {'displayName': 'PassEndX', 'value': 140}, 'value': '47.4'}, {'type': {'displayName': 'PassEndY', 'value': 141}, 'value': '53.0'}]",True,,,,,
1914099,FirstHalf,33,33,33,Foul,Successful,52,Real Madrid,534899.0,Raúl Asencio,52.2,42.0,,,,,,,"[{'type': {'displayName': 'OppositeRelatedEvent', 'value': 233}, 'value': '308'}, {'type': {'displayName': 'Foul', 'value': 13}}, {'type': {'displayName': 'Offensive', 'value': 286}}, {'type': {'displayName': 'Zone', 'value': 56}, 'value': 'Center'}]",True,,,,,
1914099,FirstHalf,33,33,33,Foul,Unsuccessful,839,Villarreal,389020.0,Georges Mikautadze,47.8,58.0,,,,,,,"[{'type': {'displayName': 'Foul', 'value': 13}}, {'type': {'displayName': 'Defensive', 'value': 285}}, {'type': {'displayName': 'Zone', 'value': 56}, 'value': 'Back'}, {'type': {'displayName': 'OppositeRelatedEvent', 'value': 233}, 'value': '356'}]",False,,,,,
1914099,FirstHalf,33,58,33,Pass,Successful,52,Real Madrid,534899.0,Raúl Asencio,51.9,45.0,60.3,96.5,,,,,"[{'type': {'displayName': 'Zone', 'value': 56}, 'value': 'Left'}, {'type': {'displayName': 'Length', 'value': 212}, 'value': '36.1'}, {'type': {'displayName': 'PassEndX', 'value': 140}, 'value': '60.3'}, {'type': {'displayName': 'Angle', 'value': 213}, 'value': '1.32'}, {'type': {'displayName': 'Longball', 'value': 1}}, {'type': {'displayName': 'PassEndY', 'value': 141}, 'value': '96.5'}, {'type': {'displayName': 'FreekickTaken', 'value': 5}}]",True,,,,,
1914099,FirstHalf,34,0,34,Pass,Successful,52,Real Madrid,337782.0,Vinícius Júnior,65.7,97.3,59.8,89.5,,,,,"[{'type': {'displayName': 'Angle', 'value': 213}, 'value': '3.85'}, {'type': {'displayName': 'Length', 'value': 212}, 'value': '8.2'}, {'type': {'displayName': 'PassEndY', 'value': 141}, 'value': '89.5'}, {'type': {'displayName': 'Zone', 'value': 56}, 'value': 'Left'}, {'type': {'displayName': 'PassEndX', 'value': 140}, 'value': '59.8'}]",True,,,,,
1914099,FirstHalf,34,2,34,Pass,Successful,52,Real Madrid,415181.0,Arda Güler,59.0,83.4,45.2,74.1,,,,,"[{'type': {'displayName': 'Zone', 'value': 56}, 'value': 'Back'}, {'type': {'displayName': 'PassEndX', 'value': 140}, 'value': '45.2'}, {'type': {'displayName': 'PassEndY', 'value': 141}, 'value': '74.1'}, {'type': {'displayName': 'Length', 'value': 212}, 'value': '15.8'}, {'type': {'displayName': 'Angle', 'value': 213}, 'value': '3.55'}]",True,,,,,
1914099,FirstHalf,34,3,34,Pass,Successful,52,Real Madrid,468852.0,Dean Huijsen,48.6,64.2,52.5,24.3,,,,,"[{'type': {'displayName': 'Angle', 'value': 213}, 'value': '4.86'}, {'type': {'displayName': 'Length', 'value': 212}, 'value': '27.4'}, {'type': {'displayName': 'Zone', 'value': 56}, 'value': 'Center'}, {'type': {'displayName': 'PassEndX', 'value': 140}, 'value': '52.5'}, {'type': {'displayName': 'PassEndY', 'value': 141}, 'value': '24.3'}]",True,,,,,
1914099,FirstHalf,34,10,34,Pass,Successful,52,Real Madrid,344644.0,Federico Valverde,64.0,45.1,63.6,70.2,,,,,"[{'type': {'displayName': 'Zone', 'value': 56}, 'value': 'Center'}, {'type': {'displayName': 'Angle', 'value': 213}, 'value': '1.60'}, {'type': {'displayName': 'Length', 'value': 212}, 'value': '17.1'}, {'type': {'displayName': 'PassEndX', 'value': 140}, 'value': '63.6'}, {'type': {'displayName': 'PassEndY', 'value': 141}, 'value': '70.2'}]",True,,,,,
1914099,FirstHalf,34,12,34,Pass,Successful,52,Real Madrid,437583.0,Álvaro Carreras,61.6,72.0,68.9,96.3,,,,,"[{'type': {'displayName': 'Angle', 'value': 213}, 'value': '1.14'}, {'type': {'displayName': 'Length', 'value': 212}, 'value': '18.2'}, {'type': {'displayName': 'PassEndX', 'value': 140}, 'value': '68.9'}, {'type': {'displayName': 'Zone', 'value': 56}, 'value': 'Left'}, {'type': {'displayName': 'PassEndY', 'value': 141}, 'value': '96.3'}]",True,,,,,
1914099,FirstHalf,34,16,34,Pass,Successful,52,Real Madrid,337782.0,Vinícius Júnior,73.4,93.0,68.6,75.6,,,,,"[{'type': {'displayName': 'Length', 'value': 212}, 'value': '12.9'}, {'type': {'displayName': 'PassEndY', 'value': 141}, 'value': '75.6'}, {'type': {'displayName': 'PassEndX', 'value': 140}, 'value': '68.6'}, {'type': {'displayName': 'Zone', 'value': 56}, 'value': 'Center'}, {'type': {'displayName': 'Angle', 'value': 213}, 'value': '4.31'}]",True,,,,,
1914099,FirstHalf,34,17,34,Pass,Successful,52,Real Madrid,300713.0,Kylian Mbappé,68.6,75.6,75.3,92.1,,,,,"[{'type': {'displayName': 'Zone', 'value': 56}, 'value': 'Left'}, {'type': {'displayName': 'Angle', 'value': 213}, 'value': '1.01'}, {'type': {'displayName': 'PassEndX', 'value': 140}, 'value': '75.3'}, {'type': {'displayName': 'Length', 'value': 212}, 'value': '13.2'}, {'type': {'displayName': 'PassEndY', 'value': 141}, 'value': '92.1'}]",True,,,,,
1914099,FirstHalf,34,23,34,TakeOn,Unsuccessful,52,Real Madrid,337782.0,Vinícius Júnior,90.2,82.8,,,,,,,"[{'type': {'displayName': 'OppositeRelatedEvent', 'value': 233}, 'value': '310'}, {'type': {'displayName': 'Zone', 'value': 56}, 'value': 'Left'}, {'type': {'displayName': 'Offensive', 'value': 286}}]",True,,,,,
1914099,FirstHalf,34,23,34,Tackle,Successful,839,Villarreal,537235.0,Pau Navarro,9.8,17.2,,,,,,,"[{'type': {'displayName': 'OppositeRelatedEvent', 'value': 233}, 'value': '367'}, {'type': {'displayName': 'Defensive', 'value': 285}}, {'type': {'displayName': 'Zone', 'value': 56}, 'value': 'Back'}]",True,,,,,
1914099,FirstHalf,34,24,34,BallTouch,Successful,839,Villarreal,537235.0,Pau Navarro,10.3,15.0,,,,,,,"[{'type': {'displayName': 'Zone', 'value': 56}, 'value': 'Back'}]",True,,,,,
1914099,FirstHalf,34,25,34,Pass,Successful,839,Villarreal,371027.0,Tajon Buchanan,13.0,16.6,13.7,30.9,,,,,"[{'type': {'displayName': 'PassEndX', 'value': 140}, 'value': '13.7'}, {'type': {'displayName': 'Angle', 'value': 213}, 'value': '1.50'}, {'type': {'displayName': 'Length', 'value': 212}, 'value': '9.8'}, {'type': {'displayName': 'PassEndY', 'value': 141}, 'value': '30.9'}, {'type': {'displayName': 'Zone', 'value': 56}, 'value': 'Back'}]",True,,,,,
1914099,FirstHalf,34,27,34,Pass,Successful,839,Villarreal,434077.0,Renato Veiga,13.2,28.8,33.1,10.1,,,,,"[{'type': {'displayName': 'Angle', 'value': 213}, 'value': '5.74'}, {'type': {'displayName': 'Chipped', 'value': 155}}, {'type': {'displayName': 'Length', 'value': 212}, 'value': '24.5'}, {'type': {'displayName': 'Zone', 'value': 56}, 'value': 'Back'}, {'type': {'displayName': 'PassEndX', 'value': 140}, 'value': '33.1'}, {'type': {'displayName': 'PassEndY', 'value': 141}, 'value': '10.1'}]",True,,,,,
1914099,FirstHalf,34,28,34,BallRecovery,Successful,839,Villarreal,97659.0,Gerard Moreno,33.1,8.2,,,,,,,[],False,,,,,
1914099,FirstHalf,34,30,34,Dispossessed,Successful,839,Villarreal,97659.0,Gerard Moreno,30.7,3.8,,,,,,,"[{'type': {'displayName': 'Zone', 'value': 56}, 'value': 'Back'}, {'type': {'displayName': 'OppositeRelatedEvent', 'value': 233}, 'value': '368'}, {'type': {'displayName': 'Defensive', 'value': 285}}]",True,,,,,
1914099,FirstHalf,34,30,34,Tackle,Unsuccessful,52,Real Madrid,369109.0,Eduardo Camavinga,69.2,96.2,,,,,,,"[{'type': {'displayName': 'Zone', 'value': 56}, 'value': 'Left'}, {'type': {'displayName': 'OppositeRelatedEvent', 'value': 233}, 'value': '315'}, {'type': {'displayName': 'Offensive', 'value': 286}}, {'type': {'displayName': 'StandingSave', 'value': 178}}]",True,,,,,
1914099,FirstHalf,34,32,34,Dispossessed,Successful,839,Villarreal,97659.0,Gerard Moreno,25.8,3.6,,,,,,,"[{'type': {'displayName': 'OppositeRelatedEvent', 'value': 233}, 'value': '369'}, {'type': {'displayName': 'Zone', 'value': 56}, 'value': 'Back'}, {'type': {'displayName': 'Defensive', 'value': 285}}]",True,,,,,
1914099,FirstHalf,34,32,34,Tackle,Unsuccessful,52,Real Madrid,337782.0,Vinícius Júnior,74.3,96.4,,,,,,,"[{'type': {'displayName': 'Zone', 'value': 56}, 'value': 'Left'}, {'type': {'displayName': 'Offensive', 'value': 286}}, {'type': {'displayName': 'StandingSave', 'value': 178}}, {'type': {'displayName': 'OppositeRelatedEvent', 'value': 233}, 'value': '316'}]",True,,,,,
1914099,FirstHalf,34,32,34,BallTouch,Successful,839,Villarreal,97659.0,Gerard Moreno,27.7,3.5,,,,,,,"[{'type': {'displayName': 'Zone', 'value': 56}, 'value': 'Back'}]",True,,,,,
1914099,FirstHalf,34,34,34,BallTouch,Unsuccessful,52,Real Madrid,337782.0,Vinícius Júnior,78.7,97.8,,,,,,,"[{'type': {'displayName': 'Zone', 'value': 56}, 'value': 'Left'}]",True,,,,,
1914099,FirstHalf,35,0,35,Pass,Successful,839,Villarreal,537235.0,Pau Navarro,18.9,0.0,20.2,6.9,,,,,"[{'type': {'displayName': 'Length', 'value': 212}, 'value': '5.9'}, {'type': {'displayName': 'PassEndY', 'value': 141}, 'value': '6.9'}, {'type': {'displayName': 'Angle', 'value': 213}, 'value': '1.34'}, {'type': {'displayName': 'PassEndX', 'value': 140}, 'value': '20.2'}, {'type': {'displayName': 'Zone', 'value': 56}, 'value': 'Back'}, {'type': {'displayName': 'ThrowIn', 'value': 107}}]",True,,,,,
1914099,FirstHalf,35,2,35,Pass,Successful,839,Villarreal,28186.0,Dani Parejo,20.1,7.4,22.1,2.7,,,,,"[{'type': {'displayName': 'PassEndX', 'value': 140}, 'value': '22.1'}, {'type': {'displayName': 'Zone', 'value': 56}, 'value': 'Back'}, {'type': {'displayName': 'Angle', 'value': 213}, 'value': '5.29'}, {'type': {'displayName': 'PassEndY', 'value': 141}, 'value': '2.7'}, {'type': {'displayName': 'Length', 'value': 212}, 'value': '3.8'}]",True,,,,,
1914099,FirstHalf,35,3,35,TakeOn,Unsuccessful,839,Villarreal,537235.0,Pau Navarro,24.8,1.8,,,,,,,"[{'type': {'displayName': 'OppositeRelatedEvent', 'value': 233}, 'value': '372'}, {'type': {'displayName': 'Zone', 'value': 56}, 'value': 'Back'}, {'type': {'displayName': 'Defensive', 'value': 285}}]",True,,,,,
1914099,FirstHalf,35,3,35,Tackle,Successful,52,Real Madrid,415181.0,Arda Güler,75.2,98.2,,,,,,,"[{'type': {'displayName': 'StandingSave', 'value': 178}}, {'type': {'displayName': 'Offensive', 'value': 286}}, {'type': {'displayName': 'Zone', 'value': 56}, 'value': 'Left'}, {'type': {'displayName': 'OppositeRelatedEvent', 'value': 233}, 'value': '321'}]",True,,,,,
1914099,FirstHalf,35,12,35,Pass,Successful,839,Villarreal,537235.0,Pau Navarro,25.8,0.0,29.8,9.4,,,,,"[{'type': {'displayName': 'ThrowIn', 'value': 107}}, {'type': {'displayName': 'PassEndX', 'value': 140}, 'value': '29.8'}, {'type': {'displayName': 'Zone', 'value': 56}, 'value': 'Back'}, {'type': {'displayName': 'Angle', 'value': 213}, 'value': '1.05'}, {'type': {'displayName': 'PassEndY', 'value': 141}, 'value': '9.4'}, {'type': {'displayName': 'Length', 'value': 212}, 'value': '8.5'}]",True,,,,,
1914099,FirstHalf,35,13,35,Pass,Successful,839,Villarreal,371027.0,Tajon Buchanan,29.8,9.4,24.1,3.9,,,,,"[{'type': {'displayName': 'Angle', 'value': 213}, 'value': '3.70'}, {'type': {'displayName': 'PassEndX', 'value': 140}, 'value': '24.1'}, {'type': {'displayName': 'Zone', 'value': 56}, 'value': 'Back'}, {'type': {'displayName': 'PassEndY', 'value': 141}, 'value': '3.9'}, {'type': {'displayName': 'Length', 'value': 212}, 'value': '7.1'}, {'type': {'displayName': 'LayOff', 'value': 156}}]",True,,,,,
1914099,FirstHalf,35,15,35,Pass,Unsuccessful,839,Villarreal,537235.0,Pau Navarro,25.7,3.0,52.7,8.3,,,,,"[{'type': {'displayName': 'PassEndY', 'value': 141}, 'value': '8.3'}, {'type': {'displayName': 'Zone', 'value': 56}, 'value': 'Right'}, {'type': {'displayName': 'Length', 'value': 212}, 'value': '28.6'}, {'type': {'displayName': 'Angle', 'value': 213}, 'value': '0.13'}, {'type': {'displayName': 'Longball', 'value': 1}}, {'type': {'displayName': 'PassEndX', 'value': 140}, 'value': '52.7'}]",True,,,,,
1914099,FirstHalf,35,17,35,Pass,Successful,52,Real Madrid,468852.0,Dean Huijsen,38.5,94.0,53.4,94.0,,,,,"[{'type': {'displayName': 'HeadPass', 'value': 3}}, {'type': {'displayName': 'Length', 'value': 212}, 'value': '15.6'}, {'type': {'displayName': 'Angle', 'value': 213}, 'value': '0.00'}, {'type': {'displayName': 'Zone', 'value': 56}, 'value': 'Left'}, {'type': {'displayName': 'PassEndX', 'value': 140}, 'value': '53.4'}, {'type': {'displayName': 'PassEndY', 'value': 141}, 'value': '94.0'}]",True,,,,,
1914099,FirstHalf,35,19,35,Aerial,Successful,52,Real Madrid,369109.0,Eduardo Camavinga,53.4,94.0,,,,,,,"[{'type': {'displayName': 'Offensive', 'value': 286}}, {'type': {'displayName': 'Zone', 'value': 56}, 'value': 'Left'}, {'type': {'displayName': 'OppositeRelatedEvent', 'value': 233}, 'value': '326'}]",False,,,,,
1914099,FirstHalf,35,19,35,Aerial,Unsuccessful,839,Villarreal,371027.0,Tajon Buchanan,46.6,6.0,,,,,,,"[{'type': {'displayName': 'Zone', 'value': 56}, 'value': 'Back'}, {'type': {'displayName': 'OppositeRelatedEvent', 'value': 233}, 'value': '375'}, {'type': {'displayName': 'Defensive', 'value': 285}}]",False,,,,,
1914099,FirstHalf,35,20,35,Pass,Unsuccessful,52,Real Madrid,369109.0,Eduardo Camavinga,53.4,94.0,62.0,85.3,,,,,"[{'type': {'displayName': 'Zone', 'value': 56}, 'value': 'Left'}, {'type': {'displayName': 'Length', 'value': 212}, 'value': '10.8'}, {'type': {'displayName': 'PassEndX', 'value': 140}, 'value': '62.0'}, {'type': {'displayName': 'PassEndY', 'value': 141}, 'value': '85.3'}, {'type': {'displayName': 'HeadPass', 'value': 3}}, {'type': {'displayName': 'Angle', 'value': 213}, 'value': '5.70'}]",True,,,,,
1914099,FirstHalf,35,22,35,Pass,Successful,839,Villarreal,28186.0,Dani Parejo,34.4,14.5,40.1,29.5,,,,,"[{'type': {'displayName': 'Length', 'value': 212}, 'value': '11.8'}, {'type': {'displayName': 'PassEndY', 'value': 141}, 'value': '29.5'}, {'type': {'displayName': 'PassEndX', 'value': 140}, 'value': '40.1'}, {'type': {'displayName': 'Angle', 'value': 213}, 'value': '1.04'}, {'type': {'displayName': 'Zone', 'value': 56}, 'value': 'Back'}, {'type': {'displayName': 'HeadPass', 'value': 3}}]",True,,,,,
1914099,FirstHalf,35,23,35,TakeOn,Unsuccessful,839,Villarreal,399047.0,Pape Gueye,41.5,30.2,,,,,,,"[{'type': {'displayName': 'OppositeRelatedEvent', 'value': 233}, 'value': '377'}, {'type': {'displayName': 'Offensive', 'value': 286}}, {'type': {'displayName': 'Zone', 'value': 56}, 'value': 'Back'}]",True,,,,,
1914099,FirstHalf,35,23,35,Tackle,Unsuccessful,52,Real Madrid,379868.0,Jude Bellingham,58.5,69.8,,,,,,,"[{'type': {'displayName': 'OppositeRelatedEvent', 'value': 233}, 'value': '328'}, {'type': {'displayName': 'Zone', 'value': 56}, 'value': 'Center'}, {'type': {'displayName': 'StandingSave', 'value': 178}}, {'type': {'displayName': 'Defensive', 'value': 285}}]",True,,,,,
1914099,FirstHalf,35,27,35,Pass,Successful,839,Villarreal,399047.0,Pape Gueye,44.8,33.8,64.4,92.1,,,,,"[{'type': {'displayName': 'Angle', 'value': 213}, 'value': '1.09'}, {'type': {'displayName': 'Length', 'value': 212}, 'value': '44.7'}, {'type': {'displayName': 'Zone', 'value': 56}, 'value': 'Left'}, {'type': {'displayName': 'Chipped', 'value': 155}}, {'type': {'displayName': 'Longball', 'value': 1}}, {'type': {'displayName': 'PassEndY', 'value': 141}, 'value': '92.1'}, {'type': {'displayName': 'PassEndX', 'value': 140}, 'value': '64.4'}]",True,,,,,
1914099,FirstHalf,35,34,35,Pass,Successful,839,Villarreal,276489.0,Alfonso Pedraza,78.3,88.8,65.1,81.4,,,,,"[{'type': {'displayName': 'PassEndY', 'value': 141}, 'value': '81.4'}, {'type': {'displayName': 'PassEndX', 'value': 140}, 'value': '65.1'}, {'type': {'displayName': 'Zone', 'value': 56}, 'value': 'Left'}, {'type': {'displayName': 'Length', 'value': 212}, 'value': '14.7'}, {'type': {'displayName': 'Angle', 'value': 213}, 'value': '3.49'}]",True,,,,,
1914099,FirstHalf,35,37,35,Pass,Successful,839,Villarreal,28186.0,Dani Parejo,64.9,80.3,59.2,27.6,,,,,"[{'type': {'displayName': 'Chipped', 'value': 155}}, {'type': {'displayName': 'PassEndX', 'value': 140}, 'value': '59.2'}, {'type': {'displayName': 'Zone', 'value': 56}, 'value': 'Center'}, {'type': {'displayName': 'Longball', 'value': 1}}, {'type': {'displayName': 'Angle', 'value': 213}, 'value': '4.55'}, {'type': {'displayName': 'PassEndY', 'value': 141}, 'value': '27.6'}, {'type': {'displayName': 'Length', 'value': 212}, 'value': '36.3'}]",True,,,,,
1914099,FirstHalf,35,40,35,Pass,Successful,839,Villarreal,537235.0,Pau Navarro,60.1,28.2,67.1,3.2,,,,,"[{'type': {'displayName': 'Angle', 'value': 213}, 'value': '5.12'}, {'type': {'displayName': 'Length', 'value': 212}, 'value': '18.5'}, {'type': {'displayName': 'PassEndX', 'value': 140}, 'value': '67.1'}, {'type': {'displayName': 'PassEndY', 'value': 141}, 'value': '3.2'}, {'type': {'displayName': 'Zone', 'value': 56}, 'value': 'Right'}]",True,,,,,
1914099,FirstHalf,35,47,35,Pass,Unsuccessful,839,Villarreal,371027.0,Tajon Buchanan,87.2,7.9,92.9,52.9,,,,,"[{'type': {'displayName': 'Angle', 'value': 213}, 'value': '1.38'}, {'type': {'displayName': 'RightFoot', 'value': 20}}, {'type': {'displayName': 'PassEndY', 'value': 141}, 'value': '52.9'}, {'type': {'displayName': 'Chipped', 'value': 155}}, {'type': {'displayName': 'Cross', 'value': 2}}, {'type': {'displayName': 'Zone', 'value': 56}, 'value': 'Center'}, {'type': {'displayName': 'Length', 'value': 212}, 'value': '31.2'}, {'type': {'displayName': 'PassEndX', 'value': 140}, 'value': '92.9'}]",True,,,,,
1914099,FirstHalf,35,49,35,Clearance,Successful,52,Real Madrid,344644.0,Federico Valverde,6.2,47.7,21.9,46.6,,,,,"[{'type': {'displayName': 'Length', 'value': 212}, 'value': '16.5'}, {'type': {'displayName': 'PassEndX', 'value': 140}, 'value': '21.9'}, {'type': {'displayName': 'PassEndY', 'value': 141}, 'value': '46.6'}, {'type': {'displayName': 'Zone', 'value': 56}, 'value': 'Back'}, {'type': {'displayName': 'Angle', 'value': 213}, 'value': '6.24'}, {'type': {'displayName': 'Head', 'value': 15}}]",True,,,,,
1914099,FirstHalf,35,50,35,Pass,Successful,839,Villarreal,28186.0,Dani Parejo,78.4,54.7,86.8,76.4,,,,,"[{'type': {'displayName': 'Zone', 'value': 56}, 'value': 'Center'}, {'type': {'displayName': 'Length', 'value': 212}, 'value': '17.2'}, {'type': {'displayName': 'PassEndY', 'value': 141}, 'value': '76.4'}, {'type': {'displayName': 'Angle', 'value': 213}, 'value': '1.03'}, {'type': {'displayName': 'PassEndX', 'value': 140}, 'value': '86.8'}, {'type': {'displayName': 'HeadPass', 'value': 3}}]",True,,,,,
1914099,FirstHalf,35,55,35,Pass,Unsuccessful,839,Villarreal,448211.0,Alberto Moleiro,91.0,79.1,88.2,53.6,,,,,"[{'type': {'displayName': 'Length', 'value': 212}, 'value': '17.6'}, {'type': {'displayName': 'LeftFoot', 'value': 72}}, {'type': {'displayName': 'PassEndX', 'value': 140}, 'value': '88.2'}, {'type': {'displayName': 'Angle', 'value': 213}, 'value': '4.54'}, {'type': {'displayName': 'Zone', 'value': 56}, 'value': 'Center'}, {'type': {'displayName': 'PassEndY', 'value': 141}, 'value': '53.6'}, {'type': {'displayName': 'Cross', 'value': 2}}, {'type': {'displayName': 'Chipped', 'value': 155}}]",True,,,,,
1914099,FirstHalf,35,57,35,Pass,Successful,52,Real Madrid,369109.0,Eduardo Camavinga,11.8,48.7,4.3,49.5,,,,,"[{'type': {'displayName': 'Angle', 'value': 213}, 'value': '3.07'}, {'type': {'displayName': 'Length', 'value': 212}, 'value': '7.9'}, {'type': {'displayName': 'PassEndY', 'value': 141}, 'value': '49.5'}, {'type': {'displayName': 'PassEndX', 'value': 140}, 'value': '4.3'}, {'type': {'displayName': 'HeadPass', 'value': 3}}, {'type': {'displayName': 'Zone', 'value': 56}, 'value': 'Back'}]",True,,,,,
1914099,FirstHalf,35,58,35,KeeperPickup,Successful,52,Real Madrid,73798.0,Thibaut Courtois,4.3,49.5,,,,,,,[],False,,,,,
1914099,FirstHalf,36,7,36,Pass,Successful,52,Real Madrid,73798.0,Thibaut Courtois,10.1,48.1,27.4,41.2,,,,,"[{'type': {'displayName': 'PassEndY', 'value': 141}, 'value': '41.2'}, {'type': {'displayName': 'Angle', 'value': 213}, 'value': '6.03'}, {'type': {'displayName': 'Zone', 'value': 56}, 'value': 'Back'}, {'type': {'displayName': 'PassEndX', 'value': 140}, 'value': '27.4'}, {'type': {'displayName': 'Length', 'value': 212}, 'value': '18.8'}]",True,,,,,
1914099,FirstHalf,36,11,36,Pass,Successful,52,Real Madrid,415181.0,Arda Güler,26.9,38.5,26.2,19.0,,,,,"[{'type': {'displayName': 'Angle', 'value': 213}, 'value': '4.66'}, {'type': {'displayName': 'Length', 'value': 212}, 'value': '13.3'}, {'type': {'displayName': 'Zone', 'value': 56}, 'value': 'Back'}, {'type': {'displayName': 'PassEndX', 'value': 140}, 'value': '26.2'}, {'type': {'displayName': 'PassEndY', 'value': 141}, 'value': '19.0'}]",True,,,,,
1914099,FirstHalf,36,15,36,Pass,Successful,52,Real Madrid,344644.0,Federico Valverde,28.5,26.1,26.3,50.1,,,,,"[{'type': {'displayName': 'PassEndX', 'value': 140}, 'value': '26.3'}, {'type': {'displayName': 'Zone', 'value': 56}, 'value': 'Back'}, {'type': {'displayName': 'Angle', 'value': 213}, 'value': '1.71'}, {'type': {'displayName': 'Length', 'value': 212}, 'value': '16.5'}, {'type': {'displayName': 'PassEndY', 'value': 141}, 'value': '50.1'}]",True,,,,,
1914099,FirstHalf,36,17,36,Pass,Successful,52,Real Madrid,369109.0,Eduardo Camavinga,29.4,56.8,37.7,90.1,,,,,"[{'type': {'displayName': 'PassEndY', 'value': 141}, 'value': '90.1'}, {'type': {'displayName': 'Length', 'value': 212}, 'value': '24.3'}, {'type': {'displayName': 'Zone', 'value': 56}, 'value': 'Back'}, {'type': {'displayName': 'PassEndX', 'value': 140}, 'value': '37.7'}, {'type': {'displayName': 'Angle', 'value': 213}, 'value': '1.20'}]",True,,,,,
1914099,FirstHalf,36,20,36,Pass,Successful,52,Real Madrid,437583.0,Álvaro Carreras,41.4,91.9,57.3,90.3,,,,,"[{'type': {'displayName': 'PassEndX', 'value': 140}, 'value': '57.3'}, {'type': {'displayName': 'PassEndY', 'value': 141}, 'value': '90.3'}, {'type': {'displayName': 'Zone', 'value': 56}, 'value': 'Left'}, {'type': {'displayName': 'Length', 'value': 212}, 'value': '16.7'}, {'type': {'displayName': 'Angle', 'value': 213}, 'value': '6.22'}]",True,,,,,
1914099,FirstHalf,36,24,36,Pass,Successful,52,Real Madrid,300713.0,Kylian Mbappé,65.1,88.3,65.4,95.8,,,,,"[{'type': {'displayName': 'Zone', 'value': 56}, 'value': 'Left'}, {'type': {'displayName': 'Angle', 'value': 213}, 'value': '1.51'}, {'type': {'displayName': 'Length', 'value': 212}, 'value': '5.1'}, {'type': {'displayName': 'PassEndY', 'value': 141}, 'value': '95.8'}, {'type': {'displayName': 'PassEndX', 'value': 140}, 'value': '65.4'}]",True,,,,,
1914099,FirstHalf,36,26,36,TakeOn,Unsuccessful,52,Real Madrid,337782.0,Vinícius Júnior,66.0,96.6,,,,,,,"[{'type': {'displayName': 'Offensive', 'value': 286}}, {'type': {'displayName': 'OppositeRelatedEvent', 'value': 233}, 'value': '336'}, {'type': {'displayName': 'Zone', 'value': 56}, 'value': 'Left'}]",True,,,,,
1914099,FirstHalf,36,26,36,Tackle,Successful,839,Villarreal,371027.0,Tajon Buchanan,34.0,3.4,,,,,,,"[{'type': {'displayName': 'StandingSave', 'value': 178}}, {'type': {'displayName': 'Zone', 'value': 56}, 'value': 'Back'}, {'type': {'displayName': 'Defensive', 'value': 285}}, {'type': {'displayName': 'OppositeRelatedEvent', 'value': 233}, 'value': '388'}]",True,,,,,
1914099,FirstHalf,36,51,36,Pass,Successful,52,Real Madrid,437583.0,Álvaro Carreras,57.9,100.0,48.8,88.5,,,,,"[{'type': {'displayName': 'PassEndX', 'value': 140}, 'value': '48.8'}, {'type': {'displayName': 'Angle', 'value': 213}, 'value': '3.90'}, {'type': {'displayName': 'Zone', 'value': 56}, 'value': 'Back'}, {'type': {'displayName': 'PassEndY', 'value': 141}, 'value': '88.5'}, {'type': {'displayName': 'Length', 'value': 212}, 'value': '13.2'}, {'type': {'displayName': 'ThrowIn', 'value': 107}}]",True,,,,,
1914099,FirstHalf,36,53,36,Pass,Successful,52,Real Madrid,468852.0,Dean Huijsen,48.8,88.5,37.4,55.0,,,,,"[{'type': {'displayName': 'PassEndX', 'value': 140}, 'value': '37.4'}, {'type': {'displayName': 'Length', 'value': 212}, 'value': '25.7'}, {'type': {'displayName': 'PassEndY', 'value': 141}, 'value': '55.0'}, {'type': {'displayName': 'Angle', 'value': 213}, 'value': '4.23'}, {'type': {'displayName': 'Zone', 'value': 56}, 'value': 'Back'}]",True,,,,,
1914099,FirstHalf,36,55,36,Pass,Successful,52,Real Madrid,534899.0,Raúl Asencio,37.2,54.7,38.1,19.5,,,,,"[{'type': {'displayName': 'Angle', 'value': 213}, 'value': '4.75'}, {'type': {'displayName': 'Length', 'value': 212}, 'value': '24.0'}, {'type': {'displayName': 'PassEndY', 'value': 141}, 'value': '19.5'}, {'type': {'displayName': 'PassEndX', 'value': 140}, 'value': '38.1'}, {'type': {'displayName': 'Zone', 'value': 56}, 'value': 'Back'}]",True,,,,,
1914099,FirstHalf,36,58,36,Pass,Successful,52,Real Madrid,415181.0,Arda Güler,38.1,19.5,57.3,7.6,,,,,"[{'type': {'displayName': 'Length', 'value': 212}, 'value': '21.7'}, {'type': {'displayName': 'PassEndY', 'value': 141}, 'value': '7.6'}, {'type': {'displayName': 'Zone', 'value': 56}, 'value': 'Right'}, {'type': {'displayName': 'Angle', 'value': 213}, 'value': '5.90'}, {'type': {'displayName': 'PassEndX', 'value': 140}, 'value': '57.3'}]",True,,,,,
1914099,FirstHalf,37,1,37,Pass,Successful,52,Real Madrid,344644.0,Federico Valverde,59.6,8.5,52.9,33.9,,,,,"[{'type': {'displayName': 'Zone', 'value': 56}, 'value': 'Center'}, {'type': {'displayName': 'Angle', 'value': 213}, 'value': '1.96'}, {'type': {'displayName': 'Length', 'value': 212}, 'value': '18.6'}, {'type': {'displayName': 'PassEndY', 'value': 141}, 'value': '33.9'}, {'type': {'displayName': 'PassEndX', 'value': 140}, 'value': '52.9'}]",True,,,,,
1914099,FirstHalf,37,3,37,Pass,Unsuccessful,52,Real Madrid,369109.0,Eduardo Camavinga,52.9,33.9,67.1,32.7,,,,,"[{'type': {'displayName': 'Length', 'value': 212}, 'value': '14.9'}, {'type': {'displayName': 'Angle', 'value': 213}, 'value': '6.23'}, {'type': {'displayName': 'PassEndX', 'value': 140}, 'value': '67.1'}, {'type': {'displayName': 'Zone', 'value': 56}, 'value': 'Center'}, {'type': {'displayName': 'Chipped', 'value': 155}}, {'type': {'displayName': 'PassEndY', 'value': 141}, 'value': '32.7'}]",True,,,,,
1914099,FirstHalf,37,3,37,Pass,Successful,839,Villarreal,434077.0,Renato Veiga,29.1,64.9,43.6,59.4,,,,,"[{'type': {'displayName': 'HeadPass', 'value': 3}}, {'type': {'displayName': 'Length', 'value': 212}, 'value': '15.7'}, {'type': {'displayName': 'Zone', 'value': 56}, 'value': 'Back'}, {'type': {'displayName': 'PassEndX', 'value': 140}, 'value': '43.6'}, {'type': {'displayName': 'PassEndY', 'value': 141}, 'value': '59.4'}, {'type': {'displayName': 'Angle', 'value': 213}, 'value': '6.04'}]",True,,,,,
1914099,FirstHalf,37,4,37,Pass,Unsuccessful,839,Villarreal,97659.0,Gerard Moreno,42.9,60.3,43.6,71.6,,,,,"[{'type': {'displayName': 'HeadPass', 'value': 3}}, {'type': {'displayName': 'PassEndY', 'value': 141}, 'value': '71.6'}, {'type': {'displayName': 'PassEndX', 'value': 140}, 'value': '43.6'}, {'type': {'displayName': 'Zone', 'value': 56}, 'value': 'Back'}, {'type': {'displayName': 'Angle', 'value': 213}, 'value': '1.48'}, {'type': {'displayName': 'Length', 'value': 212}, 'value': '7.7'}]",True,,,,,
1914099,FirstHalf,37,5,37,Pass,Successful,52,Real Madrid,344644.0,Federico Valverde,56.5,31.5,39.5,59.8,,,,,"[{'type': {'displayName': 'PassEndY', 'value': 141}, 'value': '59.8'}, {'type': {'displayName': 'Angle', 'value': 213}, 'value': '2.32'}, {'type': {'displayName': 'Zone', 'value': 56}, 'value': 'Back'}, {'type': {'displayName': 'Length', 'value': 212}, 'value': '26.2'}, {'type': {'displayName': 'PassEndX', 'value': 140}, 'value': '39.5'}]",True,,,,,
1914099,FirstHalf,37,9,37,Pass,Successful,52,Real Madrid,468852.0,Dean Huijsen,44.2,67.5,60.2,94.8,,,,,"[{'type': {'displayName': 'Length', 'value': 212}, 'value': '25.0'}, {'type': {'displayName': 'PassEndY', 'value': 141}, 'value': '94.8'}, {'type': {'displayName': 'PassEndX', 'value': 140}, 'value': '60.2'}, {'type': {'displayName': 'Angle', 'value': 213}, 'value': '0.84'}, {'type': {'displayName': 'Zone', 'value': 56}, 'value': 'Left'}]",True,,,,,
1914099,FirstHalf,37,19,37,Pass,Successful,52,Real Madrid,437583.0,Álvaro Carreras,78.9,95.7,75.1,87.6,,,,,"[{'type': {'displayName': 'PassEndY', 'value': 141}, 'value': '87.6'}, {'type': {'displayName': 'PassEndX', 'value': 140}, 'value': '75.1'}, {'type': {'displayName': 'Angle', 'value': 213}, 'value': '4.09'}, {'type': {'displayName': 'Zone', 'value': 56}, 'value': 'Left'}, {'type': {'displayName': 'Length', 'value': 212}, 'value': '6.8'}]",True,,,,,
1914099,FirstHalf,37,21,37,Pass,Successful,52,Real Madrid,379868.0,Jude Bellingham,73.4,85.6,77.8,69.3,,,,,"[{'type': {'displayName': 'Length', 'value': 212}, 'value': '12.0'}, {'type': {'displayName': 'PassEndY', 'value': 141}, 'value': '69.3'}, {'type': {'displayName': 'Zone', 'value': 56}, 'value': 'Center'}, {'type': {'displayName': 'Angle', 'value': 213}, 'value': '5.11'}, {'type': {'displayName': 'PassEndX', 'value': 140}, 'value': '77.8'}]",True,,,,,
1914099,FirstHalf,37,22,37,Pass,Successful,52,Real Madrid,300713.0,Kylian Mbappé,77.8,69.3,64.4,60.0,,,,,"[{'type': {'displayName': 'Angle', 'value': 213}, 'value': '3.56'}, {'type': {'displayName': 'PassEndX', 'value': 140}, 'value': '64.4'}, {'type': {'displayName': 'PassEndY', 'value': 141}, 'value': '60.0'}, {'type': {'displayName': 'Length', 'value': 212}, 'value': '15.4'}, {'type': {'displayName': 'Zone', 'value': 56}, 'value': 'Center'}]",True,,,,,
1914099,FirstHalf,37,24,37,Pass,Successful,52,Real Madrid,369109.0,Eduardo Camavinga,64.4,60.0,70.2,67.6,,,,,"[{'type': {'displayName': 'PassEndX', 'value': 140}, 'value': '70.2'}, {'type': {'displayName': 'Zone', 'value': 56}, 'value': 'Center'}, {'type': {'displayName': 'Angle', 'value': 213}, 'value': '0.70'}, {'type': {'displayName': 'Length', 'value': 212}, 'value': '8.0'}, {'type': {'displayName': 'PassEndY', 'value': 141}, 'value': '67.6'}]",True,,,,,
1914099,FirstHalf,37,27,37,Pass,Successful,52,Real Madrid,379868.0,Jude Bellingham,69.7,59.8,86.3,7.6,,,,,"[{'type': {'displayName': 'Length', 'value': 212}, 'value': '39.5'}, {'type': {'displayName': 'PassEndY', 'value': 141}, 'value': '7.6'}, {'type': {'displayName': 'Angle', 'value': 213}, 'value': '5.17'}, {'type': {'displayName': 'Zone', 'value': 56}, 'value': 'Right'}, {'type': {'displayName': 'Longball', 'value': 1}}, {'type': {'displayName': 'Chipped', 'value': 155}}, {'type': {'displayName': 'PassEndX', 'value': 140}, 'value': '86.3'}]",True,,,,,
1914099,FirstHalf,37,32,37,Pass,Unsuccessful,52,Real Madrid,415181.0,Arda Güler,80.6,11.7,91.9,54.9,,,,,"[{'type': {'displayName': 'Zone', 'value': 56}, 'value': 'Center'}, {'type': {'displayName': 'PassEndY', 'value': 141}, 'value': '54.9'}, {'type': {'displayName': 'Cross', 'value': 2}}, {'type': {'displayName': 'Chipped', 'value': 155}}, {'type': {'displayName': 'Length', 'value': 212}, 'value': '31.7'}, {'type': {'displayName': 'Angle', 'value': 213}, 'value': '1.19'}, {'type': {'displayName': 'PassEndX', 'value': 140}, 'value': '91.9'}, {'type': {'displayName': 'LeftFoot', 'value': 72}}]",True,,,,,
1914099,FirstHalf,37,34,37,Clearance,Successful,839,Villarreal,430301.0,Rafa Marín,8.7,49.2,0.0,83.0,,,,,"[{'type': {'displayName': 'Zone', 'value': 56}, 'value': 'Back'}, {'type': {'displayName': 'PassEndY', 'value': 141}, 'value': '83.0'}, {'type': {'displayName': 'Head', 'value': 15}}, {'type': {'displayName': 'PassEndX', 'value': 140}, 'value': '0.0'}, {'type': {'displayName': 'Angle', 'value': 213}, 'value': '2.01'}, {'type': {'displayName': 'Length', 'value': 212}, 'value': '25.4'}]",True,,,,,
1914099,FirstHalf,37,34,37,CornerAwarded,Unsuccessful,839,Villarreal,430301.0,Rafa Marín,2.0,68.8,,,,,,,"[{'type': {'displayName': 'MissLeft', 'value': 73}}, {'type': {'displayName': 'OppositeRelatedEvent', 'value': 233}, 'value': '404'}, {'type': {'displayName': 'Zone', 'value': 56}, 'value': 'Back'}]",False,,,,,
1914099,FirstHalf,37,34,37,CornerAwarded,Successful,52,Real Madrid,415181.0,Arda Güler,98.0,31.2,,,,,,,"[{'type': {'displayName': 'OppositeRelatedEvent', 'value': 233}, 'value': '343'}, {'type': {'displayName': 'Zone', 'value': 56}, 'value': 'Center'}, {'type': {'displayName': 'MissRight', 'value': 75}}]",False,,,,,
1914099,FirstHalf,38,3,38,Pass,Unsuccessful,52,Real Madrid,415181.0,Arda Güler,99.5,0.5,96.3,40.0,,,,,"[{'type': {'displayName': 'PassEndX', 'value': 140}, 'value': '96.3'}, {'type': {'displayName': 'PassEndY', 'value': 141}, 'value': '40.0'}, {'type': {'displayName': 'Length', 'value': 212}, 'value': '27.1'}, {'type': {'displayName': 'LeftFoot', 'value': 72}}, {'type': {'displayName': 'Angle', 'value': 213}, 'value': '1.70'}, {'type': {'displayName': 'Chipped', 'value': 155}}, {'type': {'displayName': 'Cross', 'value': 2}}, {'type': {'displayName': 'Zone', 'value': 56}, 'value': 'Center'}, {'type': {'displayName': 'CornerTaken', 'value': 6}}]",True,,,,,
1914099,FirstHalf,38,5,38,Clearance,Successful,839,Villarreal,371027.0,Tajon Buchanan,2.9,62.4,0.0,68.2,,,,,"[{'type': {'displayName': 'Angle', 'value': 213}, 'value': '2.36'}, {'type': {'displayName': 'PassEndX', 'value': 140}, 'value': '0.0'}, {'type': {'displayName': 'Zone', 'value': 56}, 'value': 'Back'}, {'type': {'displayName': 'Length', 'value': 212}, 'value': '5.6'}, {'type': {'displayName': 'Head', 'value': 15}}, {'type': {'displayName': 'PassEndY', 'value': 141}, 'value': '68.2'}]",True,,,,,
1914099,FirstHalf,38,5,38,CornerAwarded,Unsuccessful,839,Villarreal,371027.0,Tajon Buchanan,0.8,65.2,,,,,,,"[{'type': {'displayName': 'MissLeft', 'value': 73}}, {'type': {'displayName': 'OppositeRelatedEvent', 'value': 233}, 'value': '406'}, {'type': {'displayName': 'Zone', 'value': 56}, 'value': 'Back'}]",False,,,,,
1914099,FirstHalf,38,5,38,CornerAwarded,Successful,52,Real Madrid,415181.0,Arda Güler,99.2,34.8,,,,,,,"[{'type': {'displayName': 'Zone', 'value': 56}, 'value': 'Center'}, {'type': {'displayName': 'MissRight', 'value': 75}}, {'type': {'displayName': 'OppositeRelatedEvent', 'value': 233}, 'value': '345'}]",False,,,,,
1914099,FirstHalf,38,14,38,Pass,Successful,52,Real Madrid,415181.0,Arda Güler,99.5,0.5,91.2,12.6,,,,,"[{'type': {'displayName': 'Zone', 'value': 56}, 'value': 'Right'}, {'type': {'displayName': 'CornerTaken', 'value': 6}}, {'type': {'displayName': 'PassEndX', 'value': 140}, 'value': '91.2'}, {'type': {'displayName': 'Angle', 'value': 213}, 'value': '2.38'}, {'type': {'displayName': 'Length', 'value': 212}, 'value': '12.0'}, {'type': {'displayName': 'PassEndY', 'value': 141}, 'value': '12.6'}]",True,,,,,
1914099,FirstHalf,38,14,38,Pass,Successful,52,Real Madrid,514810.0,Franco Mastantuono,91.2,12.6,88.6,7.6,,,,,"[{'type': {'displayName': 'Angle', 'value': 213}, 'value': '4.04'}, {'type': {'displayName': 'PassEndY', 'value': 141}, 'value': '7.6'}, {'type': {'displayName': 'PassEndX', 'value': 140}, 'value': '88.6'}, {'type': {'displayName': 'Length', 'value': 212}, 'value': '4.4'}, {'type': {'displayName': 'Zone', 'value': 56}, 'value': 'Right'}]",True,,,,,
1914099,FirstHalf,38,17,38,Pass,Successful,52,Real Madrid,415181.0,Arda Güler,86.8,9.6,93.3,55.6,,,,,"[{'type': {'displayName': 'LeftFoot', 'value': 72}}, {'type': {'displayName': 'IntentionalAssist', 'value': 154}}, {'type': {'displayName': 'Longball', 'value': 1}}, {'type': {'displayName': 'ShotAssist', 'value': 210}, 'value': '15'}, {'type': {'displayName': 'Cross', 'value': 2}}, {'type': {'displayName': 'Chipped', 'value': 155}}, {'type': {'displayName': 'Angle', 'value': 213}, 'value': '1.36'}, {'type': {'displayName': 'Length', 'value': 212}, 'value': '32.0'}, {'type': {'displayName': 'PassEndX', 'value': 140}, 'value': '93.3'}, {'type': {'displayName': 'PassEndY', 'value': 141}, 'value': '55.6'}, {'type': {'displayName': 'Zone', 'value': 56}, 'value': 'Center'}, {'type': {'displayName': 'KeyPass', 'value': 11113}}]",True,,,,,
1914099,FirstHalf,38,18,38,Aerial,Successful,52,Real Madrid,468852.0,Dean Huijsen,93.3,55.6,,,,,,,"[{'type': {'displayName': 'Zone', 'value': 56}, 'value': 'Center'}, {'type': {'displayName': 'Offensive', 'value': 286}}, {'type': {'displayName': 'OppositeRelatedEvent', 'value': 233}, 'value': '346'}]",False,,,,,
1914099,FirstHalf,38,18,38,Aerial,Unsuccessful,839,Villarreal,276489.0,Alfonso Pedraza,6.7,44.4,,,,,,,"[{'type': {'displayName': 'OppositeRelatedEvent', 'value': 233}, 'value': '410'}, {'type': {'displayName': 'Defensive', 'value': 285}}, {'type': {'displayName': 'Zone', 'value': 56}, 'value': 'Back'}]",False,,,,,
1914099,FirstHalf,38,18,38,SavedShot,Successful,52,Real Madrid,468852.0,Dean Huijsen,93.3,55.6,,,49.9,19.0,95.0,54.2,"[{'type': {'displayName': 'LowCentre', 'value': 78}}, {'type': {'displayName': 'GoalMouthY', 'value': 102}, 'value': '49.9'}, {'type': {'displayName': 'BlockedY', 'value': 147}, 'value': '54.2'}, {'type': {'displayName': 'FirstTouch', 'value': 328}}, {'type': {'displayName': 'Head', 'value': 15}}, {'type': {'displayName': 'BoxCentre', 'value': 17}}, {'type': {'displayName': 'Blocked', 'value': 82}}, {'type': {'displayName': 'BlockedX', 'value': 146}, 'value': '95.0'}, {'type': {'displayName': 'SixYardBlock', 'value': 100}}, {'type': {'displayName': 'GoalMouthZ', 'value': 103}, 'value': '19'}, {'type': {'displayName': 'Assisted', 'value': 29}}, {'type': {'displayName': 'OppositeRelatedEvent', 'value': 233}, 'value': '347'}, {'type': {'displayName': 'IntentionalAssist', 'value': 154}}, {'type': {'displayName': 'RelatedEventId', 'value': 55}, 'value': '409'}, {'type': {'displayName': 'FromCorner', 'value': 25}}, {'type': {'displayName': 'Zone', 'value': 56}, 'value': 'Center'}]",True,True,,,409.0,415181.0
1914099,FirstHalf,38,18,38,Save,Successful,839,Villarreal,276489.0,Alfonso Pedraza,5.0,45.8,,,,,,,"[{'type': {'displayName': 'OppositeRelatedEvent', 'value': 233}, 'value': '481'}, {'type': {'displayName': 'Zone', 'value': 56}, 'value': 'Back'}, {'type': {'displayName': 'OutfielderBlock', 'value': 94}}]",True,,,,,
1914099,FirstHalf,38,20,38,Clearance,Successful,839,Villarreal,399047.0,Pape Gueye,7.3,37.9,26.4,17.6,,,,,"[{'type': {'displayName': 'Angle', 'value': 213}, 'value': '5.68'}, {'type': {'displayName': 'Head', 'value': 15}}, {'type': {'displayName': 'Length', 'value': 212}, 'value': '24.3'}, {'type': {'displayName': 'PassEndY', 'value': 141}, 'value': '17.6'}, {'type': {'displayName': 'Zone', 'value': 56}, 'value': 'Back'}, {'type': {'displayName': 'PassEndX', 'value': 140}, 'value': '26.4'}]",True,,,,,
1914099,FirstHalf,38,22,38,Pass,Successful,52,Real Madrid,300713.0,Kylian Mbappé,75.2,86.4,65.2,74.5,,,,,"[{'type': {'displayName': 'Length', 'value': 212}, 'value': '13.3'}, {'type': {'displayName': 'PassEndY', 'value': 141}, 'value': '74.5'}, {'type': {'displayName': 'Angle', 'value': 213}, 'value': '3.80'}, {'type': {'displayName': 'PassEndX', 'value': 140}, 'value': '65.2'}, {'type': {'displayName': 'Zone', 'value': 56}, 'value': 'Center'}]",True,,,,,
1914099,FirstHalf,38,24,38,Pass,Successful,52,Real Madrid,369109.0,Eduardo Camavinga,63.8,71.4,60.9,60.7,,,,,"[{'type': {'displayName': 'Zone', 'value': 56}, 'value': 'Center'}, {'type': {'displayName': 'PassEndX', 'value': 140}, 'value': '60.9'}, {'type': {'displayName': 'PassEndY', 'value': 141}, 'value': '60.7'}, {'type': {'displayName': 'Length', 'value': 212}, 'value': '7.9'}, {'type': {'displayName': 'Angle', 'value': 213}, 'value': '4.32'}]",True,,,,,
1914099,FirstHalf,38,25,38,Pass,Successful,52,Real Madrid,437583.0,Álvaro Carreras,59.3,60.4,67.1,65.5,,,,,"[{'type': {'displayName': 'PassEndX', 'value': 140}, 'value': '67.1'}, {'type': {'displayName': 'PassEndY', 'value': 141}, 'value': '65.5'}, {'type': {'displayName': 'Angle', 'value': 213}, 'value': '0.40'}, {'type': {'displayName': 'Length', 'value': 212}, 'value': '8.9'}, {'type': {'displayName': 'Zone', 'value': 56}, 'value': 'Center'}]",True,,,,,
1914099,FirstHalf,38,27,38,Pass,Successful,52,Real Madrid,379868.0,Jude Bellingham,67.5,69.6,76.3,93.0,,,,,"[{'type': {'displayName': 'PassEndY', 'value': 141}, 'value': '93.0'}, {'type': {'displayName': 'Angle', 'value': 213}, 'value': '1.04'}, {'type': {'displayName': 'Zone', 'value': 56}, 'value': 'Left'}, {'type': {'displayName': 'PassEndX', 'value': 140}, 'value': '76.3'}, {'type': {'displayName': 'Length', 'value': 212}, 'value': '18.4'}]",True,,,,,
1914099,FirstHalf,38,33,38,Pass,Successful,52,Real Madrid,300713.0,Kylian Mbappé,76.1,79.8,83.8,63.4,,,,,"[{'type': {'displayName': 'Zone', 'value': 56}, 'value': 'Center'}, {'type': {'displayName': 'Angle', 'value': 213}, 'value': '5.34'}, {'type': {'displayName': 'PassEndY', 'value': 141}, 'value': '63.4'}, {'type': {'displayName': 'PassEndX', 'value': 140}, 'value': '83.8'}, {'type': {'displayName': 'Length', 'value': 212}, 'value': '13.8'}]",True,,,,,
1914099,FirstHalf,38,36,38,Pass,Successful,52,Real Madrid,379868.0,Jude Bellingham,79.7,63.3,71.1,81.9,,,,,"[{'type': {'displayName': 'Zone', 'value': 56}, 'value': 'Left'}, {'type': {'displayName': 'Angle', 'value': 213}, 'value': '2.19'}, {'type': {'displayName': 'PassEndX', 'value': 140}, 'value': '71.1'}, {'type': {'displayName': 'PassEndY', 'value': 141}, 'value': '81.9'}, {'type': {'displayName': 'Length', 'value': 212}, 'value': '15.5'}]",True,,,,,
1914099,FirstHalf,38,38,38,Pass,Successful,52,Real Madrid,369109.0,Eduardo Camavinga,71.1,81.9,65.8,62.5,,,,,"[{'type': {'displayName': 'PassEndX', 'value': 140}, 'value': '65.8'}, {'type': {'displayName': 'Zone', 'value': 56}, 'value': 'Center'}, {'type': {'displayName': 'Angle', 'value': 213}, 'value': '4.31'}, {'type': {'displayName': 'Length', 'value': 212}, 'value': '14.3'}, {'type': {'displayName': 'PassEndY', 'value': 141}, 'value': '62.5'}]",True,,,,,
1914099,FirstHalf,38,39,38,Pass,Successful,52,Real Madrid,437583.0,Álvaro Carreras,65.8,62.5,70.1,65.2,,,,,"[{'type': {'displayName': 'PassEndX', 'value': 140}, 'value': '70.1'}, {'type': {'displayName': 'Length', 'value': 212}, 'value': '4.9'}, {'type': {'displayName': 'Zone', 'value': 56}, 'value': 'Center'}, {'type': {'displayName': 'PassEndY', 'value': 141}, 'value': '65.2'}, {'type': {'displayName': 'Angle', 'value': 213}, 'value': '0.39'}]",True,,,,,
1914099,FirstHalf,38,43,38,Pass,Successful,52,Real Madrid,379868.0,Jude Bellingham,67.8,65.7,67.8,90.1,,,,,"[{'type': {'displayName': 'Zone', 'value': 56}, 'value': 'Left'}, {'type': {'displayName': 'Angle', 'value': 213}, 'value': '1.57'}, {'type': {'displayName': 'PassEndY', 'value': 141}, 'value': '90.1'}, {'type': {'displayName': 'PassEndX', 'value': 140}, 'value': '67.8'}, {'type': {'displayName': 'Length', 'value': 212}, 'value': '16.6'}]",True,,,,,
1914099,FirstHalf,38,47,38,Pass,Successful,52,Real Madrid,369109.0,Eduardo Camavinga,68.9,71.5,59.2,65.8,,,,,"[{'type': {'displayName': 'PassEndY', 'value': 141}, 'value': '65.8'}, {'type': {'displayName': 'Angle', 'value': 213}, 'value': '3.51'}, {'type': {'displayName': 'PassEndX', 'value': 140}, 'value': '59.2'}, {'type': {'displayName': 'Zone', 'value': 56}, 'value': 'Center'}, {'type': {'displayName': 'Length', 'value': 212}, 'value': '10.9'}]",True,,,,,
1914099,FirstHalf,38,49,38,Pass,Successful,52,Real Madrid,437583.0,Álvaro Carreras,58.6,64.6,57.2,33.3,,,,,"[{'type': {'displayName': 'Zone', 'value': 56}, 'value': 'Center'}, {'type': {'displayName': 'Angle', 'value': 213}, 'value': '4.64'}, {'type': {'displayName': 'Length', 'value': 212}, 'value': '21.3'}, {'type': {'displayName': 'PassEndY', 'value': 141}, 'value': '33.3'}, {'type': {'displayName': 'PassEndX', 'value': 140}, 'value': '57.2'}]",True,,,,,
1914099,FirstHalf,38,53,38,Pass,Successful,52,Real Madrid,344644.0,Federico Valverde,57.2,33.3,73.7,7.2,,,,,"[{'type': {'displayName': 'PassEndY', 'value': 141}, 'value': '7.2'}, {'type': {'displayName': 'PassEndX', 'value': 140}, 'value': '73.7'}, {'type': {'displayName': 'Length', 'value': 212}, 'value': '24.8'}, {'type': {'displayName': 'Zone', 'value': 56}, 'value': 'Right'}, {'type': {'displayName': 'Angle', 'value': 213}, 'value': '5.49'}]",True,,,,,
1914099,FirstHalf,38,56,38,Pass,Successful,52,Real Madrid,415181.0,Arda Güler,69.4,10.9,89.2,81.3,,,,,"[{'type': {'displayName': 'PassEndX', 'value': 140}, 'value': '89.2'}, {'type': {'displayName': 'Length', 'value': 212}, 'value': '52.2'}, {'type': {'displayName': 'Zone', 'value': 56}, 'value': 'Left'}, {'type': {'displayName': 'PassEndY', 'value': 141}, 'value': '81.3'}, {'type': {'displayName': 'Chipped', 'value': 155}}, {'type': {'displayName': 'Angle', 'value': 213}, 'value': '1.16'}, {'type': {'displayName': 'Longball', 'value': 1}}]",True,,,,,
1914099,FirstHalf,39,2,39,Pass,Unsuccessful,52,Real Madrid,379868.0,Jude Bellingham,98.3,74.7,95.6,57.9,,,,,"[{'type': {'displayName': 'Length', 'value': 212}, 'value': '11.8'}, {'type': {'displayName': 'Angle', 'value': 213}, 'value': '4.47'}, {'type': {'displayName': 'PassEndX', 'value': 140}, 'value': '95.6'}, {'type': {'displayName': 'Zone', 'value': 56}, 'value': 'Center'}, {'type': {'displayName': 'PassEndY', 'value': 141}, 'value': '57.9'}]",True,,,,,
1914099,FirstHalf,39,4,39,Clearance,Successful,839,Villarreal,430301.0,Rafa Marín,4.0,44.2,9.3,0.0,,,,,"[{'type': {'displayName': 'Angle', 'value': 213}, 'value': '4.89'}, {'type': {'displayName': 'Zone', 'value': 56}, 'value': 'Back'}, {'type': {'displayName': 'PassEndX', 'value': 140}, 'value': '9.3'}, {'type': {'displayName': 'PassEndY', 'value': 141}, 'value': '0.0'}, {'type': {'displayName': 'Length', 'value': 212}, 'value': '31.7'}]",True,,,,,
1914099,FirstHalf,39,17,39,Pass,Successful,52,Real Madrid,437583.0,Álvaro Carreras,86.0,100.0,85.6,75.3,,,,,"[{'type': {'displayName': 'ThrowIn', 'value': 107}}, {'type': {'displayName': 'IntentionalAssist', 'value': 154}}, {'type': {'displayName': 'ShotAssist', 'value': 210}, 'value': '15'}, {'type': {'displayName': 'PassEndX', 'value': 140}, 'value': '85.6'}, {'type': {'displayName': 'Zone', 'value': 56}, 'value': 'Center'}, {'type': {'displayName': 'Angle', 'value': 213}, 'value': '4.69'}, {'type': {'displayName': 'Length', 'value': 212}, 'value': '17.8'}, {'type': {'displayName': 'PassEndY', 'value': 141}, 'value': '75.3'}, {'type': {'displayName': 'KeyPass', 'value': 11113}}]",True,,,,,
1914099,FirstHalf,39,19,39,Challenge,Unsuccessful,839,Villarreal,537235.0,Pau Navarro,13.5,33.3,,,,,,,"[{'type': {'displayName': 'Zone', 'value': 56}, 'value': 'Back'}, {'type': {'displayName': 'OppositeRelatedEvent', 'value': 233}, 'value': '427'}, {'type': {'displayName': 'Defensive', 'value': 285}}]",False,,,,,
1914099,FirstHalf,39,19,39,TakeOn,Successful,52,Real Madrid,337782.0,Vinícius Júnior,86.5,66.7,,,,,,,"[{'type': {'displayName': 'Zone', 'value': 56}, 'value': 'Center'}, {'type': {'displayName': 'Offensive', 'value': 286}}, {'type': {'displayName': 'OppositeRelatedEvent', 'value': 233}, 'value': '351'}]",True,,,,,
1914099,FirstHalf,39,21,39,SavedShot,Successful,52,Real Madrid,337782.0,Vinícius Júnior,87.1,64.3,,,47.1,19.0,89.0,61.8,"[{'type': {'displayName': 'Assisted', 'value': 29}}, {'type': {'displayName': 'GoalMouthZ', 'value': 103}, 'value': '19'}, {'type': {'displayName': 'BoxLeft', 'value': 64}}, {'type': {'displayName': 'IntentionalAssist', 'value': 154}}, {'type': {'displayName': 'RelatedEventId', 'value': 55}, 'value': '426'}, {'type': {'displayName': 'RightFoot', 'value': 20}}, {'type': {'displayName': 'GoalMouthY', 'value': 102}, 'value': '47.1'}, {'type': {'displayName': 'Zone', 'value': 56}, 'value': 'Center'}, {'type': {'displayName': 'Blocked', 'value': 82}}, {'type': {'displayName': 'LowRight', 'value': 80}}, {'type': {'displayName': 'BlockedY', 'value': 147}, 'value': '61.8'}, {'type': {'displayName': 'OppositeRelatedEvent', 'value': 233}, 'value': '352'}, {'type': {'displayName': 'BlockedX', 'value': 146}, 'value': '89.0'}, {'type': {'displayName': 'Volley', 'value': 108}}, {'type': {'displayName': 'ThrowinSetPiece', 'value': 160}}]",True,True,,,426.0,437583.0
1914099,FirstHalf,39,21,39,Save,Successful,839,Villarreal,430301.0,Rafa Marín,10.1,38.8,,,,,,,"[{'type': {'displayName': 'Zone', 'value': 56}, 'value': 'Back'}, {'type': {'displayName': 'OppositeRelatedEvent', 'value': 233}, 'value': '428'}, {'type': {'displayName': 'OutfielderBlock', 'value': 94}}]",True,,,,,
1914099,FirstHalf,39,22,39,BallTouch,Unsuccessful,839,Villarreal,276489.0,Alfonso Pedraza,7.1,66.4,,,,,,,"[{'type': {'displayName': 'Zone', 'value': 56}, 'value': 'Back'}]",True,,,,,
1914099,FirstHalf,39,24,39,BallTouch,Unsuccessful,52,Real Madrid,514810.0,Franco Mastantuono,98.3,27.4,,,,,,,"[{'type': {'displayName': 'Zone', 'value': 56}, 'value': 'Center'}]",True,,,,,
1914099,FirstHalf,39,26,39,BallRecovery,Successful,839,Villarreal,276489.0,Alfonso Pedraza,10.0,87.0,,,,,,,[],False,,,,,
1914099,FirstHalf,39,28,39,Pass,Unsuccessful,839,Villarreal,276489.0,Alfonso Pedraza,12.8,94.3,15.2,94.4,,,,,"[{'type': {'displayName': 'PassEndX', 'value': 140}, 'value': '15.2'}, {'type': {'displayName': 'Offensive', 'value': 286}}, {'type': {'displayName': 'Zone', 'value': 56}, 'value': 'Back'}, {'type': {'displayName': 'PassEndY', 'value': 141}, 'value': '94.4'}, {'type': {'displayName': 'Length', 'value': 212}, 'value': '2.5'}, {'type': {'displayName': 'Angle', 'value': 213}, 'value': '0.03'}, {'type': {'displayName': 'OppositeRelatedEvent', 'value': 233}, 'value': '430'}, {'type': {'displayName': 'Longball', 'value': 1}}]",True,,,,,
1914099,FirstHalf,39,28,39,BlockedPass,Successful,52,Real Madrid,415181.0,Arda Güler,84.8,5.6,,,,,,,"[{'type': {'displayName': 'OppositeRelatedEvent', 'value': 233}, 'value': '355'}, {'type': {'displayName': 'Zone', 'value': 56}, 'value': 'Right'}, {'type': {'displayName': 'Defensive', 'value': 285}}]",True,,,,,
1914099,FirstHalf,39,34,39,Pass,Successful,839,Villarreal,276489.0,Alfonso Pedraza,15.9,100.0,9.8,79.6,,,,,"[{'type': {'displayName': 'ThrowIn', 'value': 107}}, {'type': {'displayName': 'PassEndX', 'value': 140}, 'value': '9.8'}, {'type': {'displayName': 'Zone', 'value': 56}, 'value': 'Back'}, {'type': {'displayName': 'PassEndY', 'value': 141}, 'value': '79.6'}, {'type': {'displayName': 'Length', 'value': 212}, 'value': '16.2'}, {'type': {'displayName': 'Angle', 'value': 213}, 'value': '4.31'}]",True,,,,,
1914099,FirstHalf,39,35,39,Dispossessed,Successful,839,Villarreal,28186.0,Dani Parejo,31.0,71.2,,,,,,,"[{'type': {'displayName': 'Zone', 'value': 56}, 'value': 'Back'}, {'type': {'displayName': 'OppositeRelatedEvent', 'value': 233}, 'value': '453'}, {'type': {'displayName': 'Defensive', 'value': 285}}]",True,,,,,
1914099,FirstHalf,39,35,39,Tackle,Unsuccessful,52,Real Madrid,415181.0,Arda Güler,69.0,28.8,,,,,,,"[{'type': {'displayName': 'StandingSave', 'value': 178}}, {'type': {'displayName': 'Offensive', 'value': 286}}, {'type': {'displayName': 'OppositeRelatedEvent', 'value': 233}, 'value': '385'}, {'type': {'displayName': 'Zone', 'value': 56}, 'value': 'Center'}]",True,,,,,
1914099,FirstHalf,39,36,39,BallTouch,Unsuccessful,839,Villarreal,28186.0,Dani Parejo,25.2,61.1,,,,,,,"[{'type': {'displayName': 'Zone', 'value': 56}, 'value': 'Back'}]",True,,,,,
1914099,FirstHalf,39,36,39,TakeOn,Unsuccessful,52,Real Madrid,379868.0,Jude Bellingham,81.3,43.0,,,,,,,"[{'type': {'displayName': 'OppositeRelatedEvent', 'value': 233}, 'value': '410'}, {'type': {'displayName': 'Zone', 'value': 56}, 'value': 'Center'}, {'type': {'displayName': 'Offensive', 'value': 286}}]",True,,,,,
1914099,FirstHalf,39,37,39,Tackle,Unsuccessful,839,Villarreal,28186.0,Dani Parejo,18.7,57.0,,,,,,,"[{'type': {'displayName': 'Zone', 'value': 56}, 'value': 'Back'}, {'type': {'displayName': 'Defensive', 'value': 285}}, {'type': {'displayName': 'OppositeRelatedEvent', 'value': 233}, 'value': '432'}]",True,,,,,
1914099,FirstHalf,39,37,39,Error,Successful,839,Villarreal,28186.0,Dani Parejo,67.4,30.4,,,,,,,"[{'type': {'displayName': 'LeadingToAttempt', 'value': 169}, 'value': '434'}]",False,,,,,
1914099,FirstHalf,39,38,39,Clearance,Successful,839,Villarreal,434077.0,Renato Veiga,15.5,65.4,18.7,45.0,,,,,"[{'type': {'displayName': 'Zone', 'value': 56}, 'value': 'Back'}, {'type': {'displayName': 'Length', 'value': 212}, 'value': '14.3'}, {'type': {'displayName': 'PassEndY', 'value': 141}, 'value': '45.0'}, {'type': {'displayName': 'PassEndX', 'value': 140}, 'value': '18.7'}, {'type': {'displayName': 'Angle', 'value': 213}, 'value': '4.95'}]",True,,,,,
1914099,FirstHalf,39,42,39,BallRecovery,Successful,52,Real Madrid,337782.0,Vinícius Júnior,79.9,51.4,,,,,,,[],False,,,,,
1914099,FirstHalf,39,44,39,MissedShots,Successful,52,Real Madrid,337782.0,Vinícius Júnior,83.9,59.1,,,38.3,1.4,,,"[{'type': {'displayName': 'GoalMouthY', 'value': 102}, 'value': '38.3'}, {'type': {'displayName': 'GoalMouthZ', 'value': 103}, 'value': '1.4'}, {'type': {'displayName': 'Zone', 'value': 56}, 'value': 'Center'}, {'type': {'displayName': 'IndividualPlay', 'value': 215}}, {'type': {'displayName': 'MissRight', 'value': 75}}, {'type': {'displayName': 'LeftFoot', 'value': 72}}, {'type': {'displayName': 'BoxCentre', 'value': 17}}, {'type': {'displayName': 'RegularPlay', 'value': 22}}]",True,True,,,,
1914099,FirstHalf,40,19,40,Pass,Successful,839,Villarreal,434077.0,Renato Veiga,5.2,60.9,4.1,52.1,,,,,"[{'type': {'displayName': 'Zone', 'value': 56}, 'value': 'Back'}, {'type': {'displayName': 'Angle', 'value': 213}, 'value': '4.52'}, {'type': {'displayName': 'GoalKick', 'value': 124}}, {'type': {'displayName': 'Length', 'value': 212}, 'value': '6.1'}, {'type': {'displayName': 'PassEndX', 'value': 140}, 'value': '4.1'}, {'type': {'displayName': 'PassEndY', 'value': 141}, 'value': '52.1'}]",True,,,,,
1914099,FirstHalf,40,21,40,Pass,Successful,839,Villarreal,400826.0,Luiz Júnior,4.8,51.7,28.9,25.6,,,,,"[{'type': {'displayName': 'Length', 'value': 212}, 'value': '30.9'}, {'type': {'displayName': 'Chipped', 'value': 155}}, {'type': {'displayName': 'PassEndY', 'value': 141}, 'value': '25.6'}, {'type': {'displayName': 'PassEndX', 'value': 140}, 'value': '28.9'}, {'type': {'displayName': 'Angle', 'value': 213}, 'value': '5.67'}, {'type': {'displayName': 'Zone', 'value': 56}, 'value': 'Back'}]",True,,,,,
1914099,FirstHalf,40,24,40,Aerial,Successful,839,Villarreal,97659.0,Gerard Moreno,28.9,25.6,,,,,,,"[{'type': {'displayName': 'OppositeRelatedEvent', 'value': 233}, 'value': '437'}, {'type': {'displayName': 'Zone', 'value': 56}, 'value': 'Back'}, {'type': {'displayName': 'Defensive', 'value': 285}}]",False,,,,,
1914099,FirstHalf,40,24,40,Aerial,Unsuccessful,52,Real Madrid,468852.0,Dean Huijsen,71.1,74.4,,,,,,,"[{'type': {'displayName': 'Zone', 'value': 56}, 'value': 'Center'}, {'type': {'displayName': 'OppositeRelatedEvent', 'value': 233}, 'value': '362'}, {'type': {'displayName': 'Offensive', 'value': 286}}]",False,,,,,
1914099,FirstHalf,40,24,40,Pass,Successful,839,Villarreal,97659.0,Gerard Moreno,28.9,25.6,34.7,5.9,,,,,"[{'type': {'displayName': 'Length', 'value': 212}, 'value': '14.7'}, {'type': {'displayName': 'Angle', 'value': 213}, 'value': '5.14'}, {'type': {'displayName': 'PassEndX', 'value': 140}, 'value': '34.7'}, {'type': {'displayName': 'PassEndY', 'value': 141}, 'value': '5.9'}, {'type': {'displayName': 'HeadPass', 'value': 3}}, {'type': {'displayName': 'Zone', 'value': 56}, 'value': 'Back'}]",True,,,,,
1914099,FirstHalf,40,27,40,Pass,Successful,839,Villarreal,371027.0,Tajon Buchanan,34.8,8.6,35.3,31.7,,,,,"[{'type': {'displayName': 'PassEndX', 'value': 140}, 'value': '35.3'}, {'type': {'displayName': 'Length', 'value': 212}, 'value': '15.7'}, {'type': {'displayName': 'Zone', 'value': 56}, 'value': 'Back'}, {'type': {'displayName': 'Angle', 'value': 213}, 'value': '1.54'}, {'type': {'displayName': 'PassEndY', 'value': 141}, 'value': '31.7'}]",True,,,,,
1914099,FirstHalf,40,28,40,Pass,Unsuccessful,839,Villarreal,97659.0,Gerard Moreno,38.3,34.1,59.0,69.0,,,,,"[{'type': {'displayName': 'Zone', 'value': 56}, 'value': 'Center'}, {'type': {'displayName': 'Longball', 'value': 1}}, {'type': {'displayName': 'PassEndY', 'value': 141}, 'value': '69.0'}, {'type': {'displayName': 'Length', 'value': 212}, 'value': '32.2'}, {'type': {'displayName': 'Angle', 'value': 213}, 'value': '0.83'}, {'type': {'displayName': 'Chipped', 'value': 155}}, {'type': {'displayName': 'PassEndX', 'value': 140}, 'value': '59.0'}]",True,,,,,
1914099,FirstHalf,40,30,40,Pass,Successful,52,Real Madrid,344644.0,Federico Valverde,42.2,29.2,56.4,48.3,,,,,"[{'type': {'displayName': 'Angle', 'value': 213}, 'value': '0.72'}, {'type': {'displayName': 'Length', 'value': 212}, 'value': '19.8'}, {'type': {'displayName': 'Zone', 'value': 56}, 'value': 'Center'}, {'type': {'displayName': 'HeadPass', 'value': 3}}, {'type': {'displayName': 'PassEndY', 'value': 141}, 'value': '48.3'}, {'type': {'displayName': 'PassEndX', 'value': 140}, 'value': '56.4'}]",True,,,,,
1914099,FirstHalf,40,32,40,Pass,Unsuccessful,52,Real Madrid,369109.0,Eduardo Camavinga,56.4,48.3,60.0,44.5,,,,,"[{'type': {'displayName': 'Zone', 'value': 56}, 'value': 'Center'}, {'type': {'displayName': 'PassEndY', 'value': 141}, 'value': '44.5'}, {'type': {'displayName': 'PassEndX', 'value': 140}, 'value': '60.0'}, {'type': {'displayName': 'Length', 'value': 212}, 'value': '4.6'}, {'type': {'displayName': 'Angle', 'value': 213}, 'value': '5.68'}, {'type': {'displayName': 'OppositeRelatedEvent', 'value': 233}, 'value': '366'}, {'type': {'displayName': 'Offensive', 'value': 286}}]",True,,,,,
1914099,FirstHalf,40,32,40,BlockedPass,Successful,839,Villarreal,399047.0,Pape Gueye,40.0,55.5,,,,,,,"[{'type': {'displayName': 'OppositeRelatedEvent', 'value': 233}, 'value': '439'}, {'type': {'displayName': 'Defensive', 'value': 285}}, {'type': {'displayName': 'Zone', 'value': 56}, 'value': 'Back'}]",True,,,,,
1914099,FirstHalf,40,35,40,BallRecovery,Successful,52,Real Madrid,514810.0,Franco Mastantuono,61.4,63.7,,,,,,,[],False,,,,,
1914099,FirstHalf,40,37,40,Pass,Successful,52,Real Madrid,514810.0,Franco Mastantuono,67.9,67.8,72.7,78.4,,,,,"[{'type': {'displayName': 'Angle', 'value': 213}, 'value': '0.96'}, {'type': {'displayName': 'Zone', 'value': 56}, 'value': 'Center'}, {'type': {'displayName': 'Length', 'value': 212}, 'value': '8.8'}, {'type': {'displayName': 'PassEndX', 'value': 140}, 'value': '72.7'}, {'type': {'displayName': 'PassEndY', 'value': 141}, 'value': '78.4'}]",True,,,,,
1914099,FirstHalf,40,42,40,Pass,Successful,52,Real Madrid,337782.0,Vinícius Júnior,79.8,68.7,75.6,56.8,,,,,"[{'type': {'displayName': 'Length', 'value': 212}, 'value': '9.2'}, {'type': {'displayName': 'PassEndY', 'value': 141}, 'value': '56.8'}, {'type': {'displayName': 'Angle', 'value': 213}, 'value': '4.21'}, {'type': {'displayName': 'Zone', 'value': 56}, 'value': 'Center'}, {'type': {'displayName': 'PassEndX', 'value': 140}, 'value': '75.6'}]",True,,,,,
1914099,FirstHalf,40,46,40,BallTouch,Unsuccessful,52,Real Madrid,379868.0,Jude Bellingham,76.4,54.9,,,,,,,"[{'type': {'displayName': 'Zone', 'value': 56}, 'value': 'Center'}]",True,,,,,
1914099,FirstHalf,40,46,40,Foul,Successful,839,Villarreal,28186.0,Dani Parejo,22.7,47.0,,,,,,,"[{'type': {'displayName': 'Foul', 'value': 13}}, {'type': {'displayName': 'Defensive', 'value': 285}}, {'type': {'displayName': 'Zone', 'value': 56}, 'value': 'Back'}, {'type': {'displayName': 'OppositeRelatedEvent', 'value': 233}, 'value': '444'}]",True,,,,,
1914099,FirstHalf,40,46,40,Foul,Unsuccessful,52,Real Madrid,379868.0,Jude Bellingham,77.3,53.0,,,,,,,"[{'type': {'displayName': 'Foul', 'value': 13}}, {'type': {'displayName': 'Zone', 'value': 56}, 'value': 'Center'}, {'type': {'displayName': 'Offensive', 'value': 286}}, {'type': {'displayName': 'OppositeRelatedEvent', 'value': 233}, 'value': '367'}]",False,,,,,
1914099,FirstHalf,41,29,41,Pass,Successful,839,Villarreal,400826.0,Luiz Júnior,28.6,58.6,62.7,27.1,,,,,"[{'type': {'displayName': 'FreekickTaken', 'value': 5}}, {'type': {'displayName': 'Zone', 'value': 56}, 'value': 'Center'}, {'type': {'displayName': 'Length', 'value': 212}, 'value': '41.7'}, {'type': {'displayName': 'PassEndX', 'value': 140}, 'value': '62.7'}, {'type': {'displayName': 'Angle', 'value': 213}, 'value': '5.74'}, {'type': {'displayName': 'Longball', 'value': 1}}, {'type': {'displayName': 'PassEndY', 'value': 141}, 'value': '27.1'}]",True,,,,,
1914099,FirstHalf,41,34,41,BallTouch,Unsuccessful,839,Villarreal,97659.0,Gerard Moreno,62.7,27.0,,,,,,,"[{'type': {'displayName': 'Zone', 'value': 56}, 'value': 'Center'}]",True,,,,,
1914099,FirstHalf,41,36,41,Pass,Unsuccessful,52,Real Madrid,468852.0,Dean Huijsen,28.8,68.2,54.9,69.7,,,,,"[{'type': {'displayName': 'Longball', 'value': 1}}, {'type': {'displayName': 'Length', 'value': 212}, 'value': '27.4'}, {'type': {'displayName': 'PassEndX', 'value': 140}, 'value': '54.9'}, {'type': {'displayName': 'Angle', 'value': 213}, 'value': '0.04'}, {'type': {'displayName': 'Zone', 'value': 56}, 'value': 'Center'}, {'type': {'displayName': 'PassEndY', 'value': 141}, 'value': '69.7'}]",True,,,,,
1914099,FirstHalf,41,37,41,Pass,Successful,839,Villarreal,537235.0,Pau Navarro,45.0,29.3,55.3,31.5,,,,,"[{'type': {'displayName': 'HeadPass', 'value': 3}}, {'type': {'displayName': 'Length', 'value': 212}, 'value': '10.9'}, {'type': {'displayName': 'Angle', 'value': 213}, 'value': '0.14'}, {'type': {'displayName': 'Zone', 'value': 56}, 'value': 'Center'}, {'type': {'displayName': 'PassEndX', 'value': 140}, 'value': '55.3'}, {'type': {'displayName': 'PassEndY', 'value': 141}, 'value': '31.5'}]",True,,,,,
1914099,FirstHalf,41,38,41,Pass,Successful,839,Villarreal,28186.0,Dani Parejo,56.5,31.5,54.8,41.5,,,,,"[{'type': {'displayName': 'Zone', 'value': 56}, 'value': 'Center'}, {'type': {'displayName': 'PassEndY', 'value': 141}, 'value': '41.5'}, {'type': {'displayName': 'Length', 'value': 212}, 'value': '7.0'}, {'type': {'displayName': 'Angle', 'value': 213}, 'value': '1.83'}, {'type': {'displayName': 'PassEndX', 'value': 140}, 'value': '54.8'}]",True,,,,,
1914099,FirstHalf,41,39,41,Pass,Successful,839,Villarreal,399047.0,Pape Gueye,54.9,41.4,64.5,60.5,,,,,"[{'type': {'displayName': 'Zone', 'value': 56}, 'value': 'Center'}, {'type': {'displayName': 'PassEndX', 'value': 140}, 'value': '64.5'}, {'type': {'displayName': 'PassEndY', 'value': 141}, 'value': '60.5'}, {'type': {'displayName': 'Length', 'value': 212}, 'value': '16.4'}, {'type': {'displayName': 'Angle', 'value': 213}, 'value': '0.91'}]",True,,,,,
1914099,FirstHalf,41,41,41,Pass,Successful,839,Villarreal,448211.0,Alberto Moleiro,64.7,63.2,64.9,86.2,,,,,"[{'type': {'displayName': 'PassEndY', 'value': 141}, 'value': '86.2'}, {'type': {'displayName': 'Length', 'value': 212}, 'value': '15.6'}, {'type': {'displayName': 'Angle', 'value': 213}, 'value': '1.56'}, {'type': {'displayName': 'PassEndX', 'value': 140}, 'value': '64.9'}, {'type': {'displayName': 'Zone', 'value': 56}, 'value': 'Left'}]",True,,,,,
1914099,FirstHalf,41,51,41,Dispossessed,Successful,839,Villarreal,276489.0,Alfonso Pedraza,91.8,72.2,,,,,,,"[{'type': {'displayName': 'Zone', 'value': 56}, 'value': 'Center'}, {'type': {'displayName': 'OppositeRelatedEvent', 'value': 233}, 'value': '446'}, {'type': {'displayName': 'Offensive', 'value': 286}}]",True,,,,,
1914099,FirstHalf,41,51,41,Tackle,Successful,52,Real Madrid,514810.0,Franco Mastantuono,8.1,27.8,,,,,,,"[{'type': {'displayName': 'Zone', 'value': 56}, 'value': 'Back'}, {'type': {'displayName': 'Defensive', 'value': 285}}, {'type': {'displayName': 'StandingSave', 'value': 178}}, {'type': {'displayName': 'OppositeRelatedEvent', 'value': 233}, 'value': '374'}]",True,,,,,
1914099,FirstHalf,41,53,41,BallRecovery,Successful,52,Real Madrid,344644.0,Federico Valverde,9.3,36.0,,,,,,,[],False,,,,,
1914099,FirstHalf,41,55,41,Pass,Successful,52,Real Madrid,344644.0,Federico Valverde,21.8,42.1,29.5,66.1,,,,,"[{'type': {'displayName': 'PassEndX', 'value': 140}, 'value': '29.5'}, {'type': {'displayName': 'Length', 'value': 212}, 'value': '18.2'}, {'type': {'displayName': 'Zone', 'value': 56}, 'value': 'Back'}, {'type': {'displayName': 'Angle', 'value': 213}, 'value': '1.11'}, {'type': {'displayName': 'PassEndY', 'value': 141}, 'value': '66.1'}]",True,,,,,
1914099,FirstHalf,42,2,42,Pass,Successful,52,Real Madrid,379868.0,Jude Bellingham,68.2,73.6,78.1,90.4,,,,,"[{'type': {'displayName': 'Length', 'value': 212}, 'value': '15.4'}, {'type': {'displayName': 'Angle', 'value': 213}, 'value': '0.83'}, {'type': {'displayName': 'Zone', 'value': 56}, 'value': 'Left'}, {'type': {'displayName': 'PassEndY', 'value': 141}, 'value': '90.4'}, {'type': {'displayName': 'PassEndX', 'value': 140}, 'value': '78.1'}]",True,,,,,
1914099,FirstHalf,42,3,42,Pass,Unsuccessful,52,Real Madrid,437583.0,Álvaro Carreras,78.1,90.4,95.9,54.4,,,,,"[{'type': {'displayName': 'Length', 'value': 212}, 'value': '30.8'}, {'type': {'displayName': 'Zone', 'value': 56}, 'value': 'Center'}, {'type': {'displayName': 'PassEndX', 'value': 140}, 'value': '95.9'}, {'type': {'displayName': 'PassEndY', 'value': 141}, 'value': '54.4'}, {'type': {'displayName': 'Cross', 'value': 2}}, {'type': {'displayName': 'LeftFoot', 'value': 72}}, {'type': {'displayName': 'Angle', 'value': 213}, 'value': '5.36'}]",True,,,,,
1914099,FirstHalf,42,6,42,KeeperPickup,Successful,839,Villarreal,400826.0,Luiz Júnior,4.4,50.5,,,,,,,[],False,,,,,
1914099,FirstHalf,42,17,42,Pass,Successful,839,Villarreal,400826.0,Luiz Júnior,14.1,44.1,21.0,13.0,,,,,"[{'type': {'displayName': 'Angle', 'value': 213}, 'value': '5.04'}, {'type': {'displayName': 'PassEndY', 'value': 141}, 'value': '13.0'}, {'type': {'displayName': 'PassEndX', 'value': 140}, 'value': '21.0'}, {'type': {'displayName': 'Length', 'value': 212}, 'value': '22.4'}, {'type': {'displayName': 'KeeperThrow', 'value': 123}}, {'type': {'displayName': 'Zone', 'value': 56}, 'value': 'Back'}]",True,,,,,
1914099,FirstHalf,42,20,42,Pass,Successful,839,Villarreal,537235.0,Pau Navarro,22.9,15.4,13.2,25.1,,,,,"[{'type': {'displayName': 'Length', 'value': 212}, 'value': '12.1'}, {'type': {'displayName': 'PassEndY', 'value': 141}, 'value': '25.1'}, {'type': {'displayName': 'Zone', 'value': 56}, 'value': 'Back'}, {'type': {'displayName': 'Angle', 'value': 213}, 'value': '2.57'}, {'type': {'displayName': 'PassEndX', 'value': 140}, 'value': '13.2'}]",True,,,,,
1914099,FirstHalf,42,24,42,Pass,Successful,839,Villarreal,430301.0,Rafa Marín,13.1,25.1,3.6,42.4,,,,,"[{'type': {'displayName': 'Zone', 'value': 56}, 'value': 'Back'}, {'type': {'displayName': 'Length', 'value': 212}, 'value': '15.4'}, {'type': {'displayName': 'PassEndY', 'value': 141}, 'value': '42.4'}, {'type': {'displayName': 'Angle', 'value': 213}, 'value': '2.27'}, {'type': {'displayName': 'PassEndX', 'value': 140}, 'value': '3.6'}]",True,,,,,
1914099,FirstHalf,42,27,42,Pass,Successful,839,Villarreal,400826.0,Luiz Júnior,7.2,47.0,15.4,41.7,,,,,"[{'type': {'displayName': 'Angle', 'value': 213}, 'value': '5.89'}, {'type': {'displayName': 'PassEndX', 'value': 140}, 'value': '15.4'}, {'type': {'displayName': 'Zone', 'value': 56}, 'value': 'Back'}, {'type': {'displayName': 'PassEndY', 'value': 141}, 'value': '41.7'}, {'type': {'displayName': 'Length', 'value': 212}, 'value': '9.3'}]",True,,,,,
1914099,FirstHalf,42,30,42,Pass,Successful,839,Villarreal,28186.0,Dani Parejo,15.9,41.8,13.1,81.1,,,,,"[{'type': {'displayName': 'Length', 'value': 212}, 'value': '26.9'}, {'type': {'displayName': 'Angle', 'value': 213}, 'value': '1.68'}, {'type': {'displayName': 'PassEndX', 'value': 140}, 'value': '13.1'}, {'type': {'displayName': 'Zone', 'value': 56}, 'value': 'Back'}, {'type': {'displayName': 'PassEndY', 'value': 141}, 'value': '81.1'}]",True,,,,,
1914099,FirstHalf,42,31,42,Pass,Successful,839,Villarreal,434077.0,Renato Veiga,13.9,80.9,28.4,64.7,,,,,"[{'type': {'displayName': 'PassEndY', 'value': 141}, 'value': '64.7'}, {'type': {'displayName': 'Zone', 'value': 56}, 'value': 'Back'}, {'type': {'displayName': 'PassEndX', 'value': 140}, 'value': '28.4'}, {'type': {'displayName': 'Length', 'value': 212}, 'value': '18.8'}, {'type': {'displayName': 'Angle', 'value': 213}, 'value': '5.66'}]",True,,,,,
1914099,FirstHalf,42,35,42,Pass,Successful,839,Villarreal,399047.0,Pape Gueye,43.9,68.3,75.9,86.7,,,,,"[{'type': {'displayName': 'Length', 'value': 212}, 'value': '35.9'}, {'type': {'displayName': 'Longball', 'value': 1}}, {'type': {'displayName': 'PassEndX', 'value': 140}, 'value': '75.9'}, {'type': {'displayName': 'Angle', 'value': 213}, 'value': '0.36'}, {'type': {'displayName': 'Zone', 'value': 56}, 'value': 'Left'}, {'type': {'displayName': 'PassEndY', 'value': 141}, 'value': '86.7'}, {'type': {'displayName': 'ShotAssist', 'value': 210}, 'value': '15'}, {'type': {'displayName': 'KeyPass', 'value': 11113}}]",True,,,,,
1914099,FirstHalf,42,43,42,SavedShot,Successful,839,Villarreal,389020.0,Georges Mikautadze,91.1,69.3,,,50.4,19.0,92.5,66.8,"[{'type': {'displayName': 'LowCentre', 'value': 78}}, {'type': {'displayName': 'RightFoot', 'value': 20}}, {'type': {'displayName': 'BlockedY', 'value': 147}, 'value': '66.8'}, {'type': {'displayName': 'Blocked', 'value': 82}}, {'type': {'displayName': 'GoalMouthZ', 'value': 103}, 'value': '19'}, {'type': {'displayName': 'GoalMouthY', 'value': 102}, 'value': '50.4'}, {'type': {'displayName': 'OppositeRelatedEvent', 'value': 233}, 'value': '451'}, {'type': {'displayName': 'IndividualPlay', 'value': 215}}, {'type': {'displayName': 'BlockedX', 'value': 146}, 'value': '92.5'}, {'type': {'displayName': 'BoxLeft', 'value': 64}}, {'type': {'displayName': 'Zone', 'value': 56}, 'value': 'Center'}, {'type': {'displayName': 'Assisted', 'value': 29}}, {'type': {'displayName': 'RelatedEventId', 'value': 55}, 'value': '382'}, {'type': {'displayName': 'RegularPlay', 'value': 22}}]",True,True,,,382.0,399047.0
1914099,FirstHalf,42,43,42,Save,Successful,52,Real Madrid,344644.0,Federico Valverde,7.5,33.2,,,,,,,"[{'type': {'displayName': 'Zone', 'value': 56}, 'value': 'Back'}, {'type': {'displayName': 'OutfielderBlock', 'value': 94}}, {'type': {'displayName': 'OppositeRelatedEvent', 'value': 233}, 'value': '383'}]",True,,,,,
1914099,FirstHalf,42,44,42,CornerAwarded,Successful,839,Villarreal,389020.0,Georges Mikautadze,91.9,69.4,,,,,,,"[{'type': {'displayName': 'OppositeRelatedEvent', 'value': 233}, 'value': '452'}, {'type': {'displayName': 'MissLeft', 'value': 73}}, {'type': {'displayName': 'Zone', 'value': 56}, 'value': 'Center'}]",False,,,,,
1914099,FirstHalf,42,44,42,CornerAwarded,Unsuccessful,52,Real Madrid,344644.0,Federico Valverde,8.2,30.6,,,,,,,"[{'type': {'displayName': 'MissLeft', 'value': 73}}, {'type': {'displayName': 'OppositeRelatedEvent', 'value': 233}, 'value': '384'}, {'type': {'displayName': 'Zone', 'value': 56}, 'value': 'Back'}]",False,,,,,
1914099,FirstHalf,43,26,43,Pass,Unsuccessful,839,Villarreal,28186.0,Dani Parejo,99.6,99.4,97.6,58.5,,,,,"[{'type': {'displayName': 'Cross', 'value': 2}}, {'type': {'displayName': 'CornerTaken', 'value': 6}}, {'type': {'displayName': 'RightFoot', 'value': 20}}, {'type': {'displayName': 'PassEndX', 'value': 140}, 'value': '97.6'}, {'type': {'displayName': 'Angle', 'value': 213}, 'value': '4.64'}, {'type': {'displayName': 'Length', 'value': 212}, 'value': '27.9'}, {'type': {'displayName': 'PassEndY', 'value': 141}, 'value': '58.5'}, {'type': {'displayName': 'Chipped', 'value': 155}}, {'type': {'displayName': 'Zone', 'value': 56}, 'value': 'Center'}]",True,,,,,
1914099,FirstHalf,43,29,43,Aerial,Successful,52,Real Madrid,468852.0,Dean Huijsen,2.4,41.5,,,,,,,"[{'type': {'displayName': 'OppositeRelatedEvent', 'value': 233}, 'value': '387'}, {'type': {'displayName': 'Zone', 'value': 56}, 'value': 'Back'}, {'type': {'displayName': 'Defensive', 'value': 285}}]",False,,,,,
1914099,FirstHalf,43,29,43,Aerial,Unsuccessful,839,Villarreal,97659.0,Gerard Moreno,97.6,58.5,,,,,,,"[{'type': {'displayName': 'Offensive', 'value': 286}}, {'type': {'displayName': 'OppositeRelatedEvent', 'value': 233}, 'value': '454'}, {'type': {'displayName': 'Zone', 'value': 56}, 'value': 'Center'}]",False,,,,,
1914099,FirstHalf,43,29,43,Clearance,Successful,52,Real Madrid,468852.0,Dean Huijsen,2.4,41.5,12.9,10.6,,,,,"[{'type': {'displayName': 'Angle', 'value': 213}, 'value': '5.20'}, {'type': {'displayName': 'PassEndY', 'value': 141}, 'value': '10.6'}, {'type': {'displayName': 'Head', 'value': 15}}, {'type': {'displayName': 'PassEndX', 'value': 140}, 'value': '12.9'}, {'type': {'displayName': 'Length', 'value': 212}, 'value': '23.7'}, {'type': {'displayName': 'Zone', 'value': 56}, 'value': 'Back'}]",True,,,,,
1914099,FirstHalf,43,32,43,BallRecovery,Successful,52,Real Madrid,300713.0,Kylian Mbappé,20.9,11.1,,,,,,,[],False,,,,,
1914099,FirstHalf,43,32,43,Pass,Unsuccessful,52,Real Madrid,300713.0,Kylian Mbappé,20.9,11.1,34.1,24.6,,,,,"[{'type': {'displayName': 'Angle', 'value': 213}, 'value': '0.58'}, {'type': {'displayName': 'PassEndX', 'value': 140}, 'value': '34.1'}, {'type': {'displayName': 'PassEndY', 'value': 141}, 'value': '24.6'}, {'type': {'displayName': 'Length', 'value': 212}, 'value': '16.6'}, {'type': {'displayName': 'Zone', 'value': 56}, 'value': 'Back'}]",True,,,,,
1914099,FirstHalf,43,34,43,Foul,Successful,839,Villarreal,448211.0,Alberto Moleiro,61.1,52.6,,,,,,,"[{'type': {'displayName': 'Zone', 'value': 56}, 'value': 'Center'}, {'type': {'displayName': 'Offensive', 'value': 286}}, {'type': {'displayName': 'Foul', 'value': 13}}, {'type': {'displayName': 'OppositeRelatedEvent', 'value': 233}, 'value': '458'}]",True,,,,,
1914099,FirstHalf,43,34,43,Foul,Unsuccessful,52,Real Madrid,337782.0,Vinícius Júnior,38.9,47.4,,,,,,,"[{'type': {'displayName': 'OppositeRelatedEvent', 'value': 233}, 'value': '389'}, {'type': {'displayName': 'Foul', 'value': 13}}, {'type': {'displayName': 'Defensive', 'value': 285}}, {'type': {'displayName': 'Zone', 'value': 56}, 'value': 'Back'}]",False,,,,,
1914099,FirstHalf,44,44,44,Pass,Successful,839,Villarreal,28186.0,Dani Parejo,53.5,55.5,65.3,19.2,,,,,"[{'type': {'displayName': 'Zone', 'value': 56}, 'value': 'Right'}, {'type': {'displayName': 'Angle', 'value': 213}, 'value': '5.18'}, {'type': {'displayName': 'PassEndX', 'value': 140}, 'value': '65.3'}, {'type': {'displayName': 'PassEndY', 'value': 141}, 'value': '19.2'}, {'type': {'displayName': 'Length', 'value': 212}, 'value': '27.6'}, {'type': {'displayName': 'FreekickTaken', 'value': 5}}]",True,,,,,
1914099,FirstHalf,44,49,44,Pass,Unsuccessful,839,Villarreal,97659.0,Gerard Moreno,71.4,30.1,72.1,50.5,,,,,"[{'type': {'displayName': 'Angle', 'value': 213}, 'value': '1.52'}, {'type': {'displayName': 'Length', 'value': 212}, 'value': '13.9'}, {'type': {'displayName': 'Zone', 'value': 56}, 'value': 'Center'}, {'type': {'displayName': 'PassEndX', 'value': 140}, 'value': '72.1'}, {'type': {'displayName': 'PassEndY', 'value': 141}, 'value': '50.5'}]",True,,,,,
1914099,FirstHalf,44,50,44,Aerial,Successful,52,Real Madrid,514810.0,Franco Mastantuono,27.9,49.5,,,,,,,"[{'type': {'displayName': 'Defensive', 'value': 285}}, {'type': {'displayName': 'Zone', 'value': 56}, 'value': 'Back'}, {'type': {'displayName': 'OppositeRelatedEvent', 'value': 233}, 'value': '393'}]",False,,,,,
1914099,FirstHalf,44,50,44,Aerial,Unsuccessful,839,Villarreal,97659.0,Gerard Moreno,72.1,50.5,,,,,,,"[{'type': {'displayName': 'Zone', 'value': 56}, 'value': 'Center'}, {'type': {'displayName': 'Offensive', 'value': 286}}, {'type': {'displayName': 'OppositeRelatedEvent', 'value': 233}, 'value': '462'}]",False,,,,,
1914099,FirstHalf,44,50,44,Pass,Unsuccessful,52,Real Madrid,514810.0,Franco Mastantuono,27.9,49.5,29.8,49.9,,,,,"[{'type': {'displayName': 'PassEndY', 'value': 141}, 'value': '49.9'}, {'type': {'displayName': 'PassEndX', 'value': 140}, 'value': '29.8'}, {'type': {'displayName': 'Length', 'value': 212}, 'value': '2.0'}, {'type': {'displayName': 'Angle', 'value': 213}, 'value': '0.14'}, {'type': {'displayName': 'HeadPass', 'value': 3}}, {'type': {'displayName': 'Zone', 'value': 56}, 'value': 'Back'}]",True,,,,,
1914099,FirstHalf,44,51,44,BallTouch,Successful,839,Villarreal,97659.0,Gerard Moreno,68.8,47.9,,,,,,,"[{'type': {'displayName': 'Zone', 'value': 56}, 'value': 'Center'}]",True,,,,,
1914099,FirstHalf,44,53,44,Pass,Unsuccessful,52,Real Madrid,415181.0,Arda Güler,26.6,43.5,44.4,33.7,,,,,"[{'type': {'displayName': 'PassEndX', 'value': 140}, 'value': '44.4'}, {'type': {'displayName': 'Length', 'value': 212}, 'value': '19.8'}, {'type': {'displayName': 'Angle', 'value': 213}, 'value': '5.94'}, {'type': {'displayName': 'Zone', 'value': 56}, 'value': 'Back'}, {'type': {'displayName': 'PassEndY', 'value': 141}, 'value': '33.7'}]",True,,,,,
1914099,FirstHalf,44,54,44,Pass,Successful,839,Villarreal,276489.0,Alfonso Pedraza,52.0,67.9,46.5,29.1,,,,,"[{'type': {'displayName': 'Zone', 'value': 56}, 'value': 'Back'}, {'type': {'displayName': 'Length', 'value': 212}, 'value': '27.0'}, {'type': {'displayName': 'PassEndX', 'value': 140}, 'value': '46.5'}, {'type': {'displayName': 'Angle', 'value': 213}, 'value': '4.50'}, {'type': {'displayName': 'PassEndY', 'value': 141}, 'value': '29.1'}]",True,,,,,
1914099,FirstHalf,44,56,44,Pass,Successful,839,Villarreal,430301.0,Rafa Marín,45.9,28.5,21.5,43.3,,,,,"[{'type': {'displayName': 'PassEndX', 'value': 140}, 'value': '21.5'}, {'type': {'displayName': 'PassEndY', 'value': 141}, 'value': '43.3'}, {'type': {'displayName': 'Length', 'value': 212}, 'value': '27.5'}, {'type': {'displayName': 'Angle', 'value': 213}, 'value': '2.77'}, {'type': {'displayName': 'Zone', 'value': 56}, 'value': 'Back'}]",True,,,,,
1914099,FirstHalf,45,1,45,Pass,Successful,839,Villarreal,400826.0,Luiz Júnior,24.1,47.0,25.7,24.4,,,,,"[{'type': {'displayName': 'PassEndY', 'value': 141}, 'value': '24.4'}, {'type': {'displayName': 'Angle', 'value': 213}, 'value': '4.82'}, {'type': {'displayName': 'PassEndX', 'value': 140}, 'value': '25.7'}, {'type': {'displayName': 'Zone', 'value': 56}, 'value': 'Back'}, {'type': {'displayName': 'Length', 'value': 212}, 'value': '15.5'}]",True,,,,,
1914099,FirstHalf,45,6,45,Pass,Unsuccessful,839,Villarreal,430301.0,Rafa Marín,31.2,23.3,41.4,29.2,,,,,"[{'type': {'displayName': 'Angle', 'value': 213}, 'value': '0.36'}, {'type': {'displayName': 'Length', 'value': 212}, 'value': '11.4'}, {'type': {'displayName': 'PassEndX', 'value': 140}, 'value': '41.4'}, {'type': {'displayName': 'PassEndY', 'value': 141}, 'value': '29.2'}, {'type': {'displayName': 'Zone', 'value': 56}, 'value': 'Back'}]",True,,,,,
1914099,FirstHalf,45,8,45,Interception,Successful,52,Real Madrid,379868.0,Jude Bellingham,58.6,70.8,,,,,,,"[{'type': {'displayName': 'Zone', 'value': 56}, 'value': 'Center'}]",True,,,,,
1914099,FirstHalf,45,11,45,Pass,Successful,839,Villarreal,28186.0,Dani Parejo,40.3,37.9,60.5,36.8,,,,,"[{'type': {'displayName': 'Zone', 'value': 56}, 'value': 'Center'}, {'type': {'displayName': 'ShotAssist', 'value': 210}, 'value': '13'}, {'type': {'displayName': 'Length', 'value': 212}, 'value': '21.2'}, {'type': {'displayName': 'PassEndY', 'value': 141}, 'value': '36.8'}, {'type': {'displayName': 'Angle', 'value': 213}, 'value': '6.25'}, {'type': {'displayName': 'PassEndX', 'value': 140}, 'value': '60.5'}, {'type': {'displayName': 'KeyPass', 'value': 11113}}]",True,,,,,
1914099,FirstHalf,45,15,45,MissedShots,Successful,839,Villarreal,399047.0,Pape Gueye,77.1,48.1,,,62.2,12.5,,,"[{'type': {'displayName': 'IndividualPlay', 'value': 215}}, {'type': {'displayName': 'GoalMouthZ', 'value': 103}, 'value': '12.5'}, {'type': {'displayName': 'Assisted', 'value': 29}}, {'type': {'displayName': 'MissLeft', 'value': 73}}, {'type': {'displayName': 'RelatedEventId', 'value': 55}, 'value': '399'}, {'type': {'displayName': 'LeftFoot', 'value': 72}}, {'type': {'displayName': 'GoalMouthY', 'value': 102}, 'value': '62.2'}, {'type': {'displayName': 'OutOfBoxCentre', 'value': 18}}, {'type': {'displayName': 'Zone', 'value': 56}, 'value': 'Center'}, {'type': {'displayName': 'RegularPlay', 'value': 22}}]",True,True,,,399.0,28186.0
1914099,FirstHalf,45,42,45,Pass,Successful,52,Real Madrid,73798.0,Thibaut Courtois,4.4,57.3,26.0,75.9,,,,,"[{'type': {'displayName': 'PassEndX', 'value': 140}, 'value': '26.0'}, {'type': {'displayName': 'Length', 'value': 212}, 'value': '26.0'}, {'type': {'displayName': 'PassEndY', 'value': 141}, 'value': '75.9'}, {'type': {'displayName': 'GoalKick', 'value': 124}}, {'type': {'displayName': 'Angle', 'value': 213}, 'value': '0.51'}, {'type': {'displayName': 'Zone', 'value': 56}, 'value': 'Back'}]",True,,,,,
1914099,FirstHalf,45,46,45,Pass,Successful,52,Real Madrid,468852.0,Dean Huijsen,30.7,67.2,29.7,46.8,,,,,"[{'type': {'displayName': 'Angle', 'value': 213}, 'value': '4.64'}, {'type': {'displayName': 'PassEndY', 'value': 141}, 'value': '46.8'}, {'type': {'displayName': 'PassEndX', 'value': 140}, 'value': '29.7'}, {'type': {'displayName': 'Zone', 'value': 56}, 'value': 'Back'}, {'type': {'displayName': 'Length', 'value': 212}, 'value': '13.9'}]",True,,,,,
1914099,FirstHalf,45,50,45,Pass,Unsuccessful,52,Real Madrid,534899.0,Raúl Asencio,32.7,52.3,62.3,92.7,,,,,"[{'type': {'displayName': 'Angle', 'value': 213}, 'value': '0.72'}, {'type': {'displayName': 'Length', 'value': 212}, 'value': '41.5'}, {'type': {'displayName': 'Longball', 'value': 1}}, {'type': {'displayName': 'PassEndX', 'value': 140}, 'value': '62.3'}, {'type': {'displayName': 'PassEndY', 'value': 141}, 'value': '92.7'}, {'type': {'displayName': 'Chipped', 'value': 155}}, {'type': {'displayName': 'Zone', 'value': 56}, 'value': 'Left'}]",True,,,,,
1914099,FirstHalf,45,53,45,Interception,Successful,839,Villarreal,537235.0,Pau Navarro,37.7,7.3,,,,,,,"[{'type': {'displayName': 'Zone', 'value': 56}, 'value': 'Back'}]",True,,,,,
1914099,FirstHalf,46,8,46,Pass,Successful,52,Real Madrid,437583.0,Álvaro Carreras,57.0,100.0,49.1,82.2,,,,,"[{'type': {'displayName': 'Length', 'value': 212}, 'value': '15.7'}, {'type': {'displayName': 'ThrowIn', 'value': 107}}, {'type': {'displayName': 'PassEndY', 'value': 141}, 'value': '82.2'}, {'type': {'displayName': 'Zone', 'value': 56}, 'value': 'Back'}, {'type': {'displayName': 'PassEndX', 'value': 140}, 'value': '49.1'}, {'type': {'displayName': 'Angle', 'value': 213}, 'value': '4.16'}]",True,,,,,
1914099,FirstHalf,46,9,46,Pass,Successful,52,Real Madrid,468852.0,Dean Huijsen,47.9,83.1,56.7,31.9,,,,,"[{'type': {'displayName': 'Zone', 'value': 56}, 'value': 'Center'}, {'type': {'displayName': 'Length', 'value': 212}, 'value': '36.0'}, {'type': {'displayName': 'PassEndX', 'value': 140}, 'value': '56.7'}, {'type': {'displayName': 'PassEndY', 'value': 141}, 'value': '31.9'}, {'type': {'displayName': 'Longball', 'value': 1}}, {'type': {'displayName': 'Angle', 'value': 213}, 'value': '4.97'}]",True,,,,,
1914099,FirstHalf,46,14,46,Pass,Successful,52,Real Madrid,415181.0,Arda Güler,59.4,23.9,81.3,90.1,,,,,"[{'type': {'displayName': 'Angle', 'value': 213}, 'value': '1.10'}, {'type': {'displayName': 'Longball', 'value': 1}}, {'type': {'displayName': 'PassEndY', 'value': 141}, 'value': '90.1'}, {'type': {'displayName': 'PassEndX', 'value': 140}, 'value': '81.3'}, {'type': {'displayName': 'Length', 'value': 212}, 'value': '50.5'}, {'type': {'displayName': 'Chipped', 'value': 155}}, {'type': {'displayName': 'Zone', 'value': 56}, 'value': 'Left'}]",True,,,,,
1914099,FirstHalf,46,17,46,Challenge,Unsuccessful,839,Villarreal,371027.0,Tajon Buchanan,12.0,17.1,,,,,,,"[{'type': {'displayName': 'Defensive', 'value': 285}}, {'type': {'displayName': 'Zone', 'value': 56}, 'value': 'Back'}, {'type': {'displayName': 'OppositeRelatedEvent', 'value': 233}, 'value': '474'}]",False,,,,,
1914099,FirstHalf,46,17,46,TakeOn,Successful,52,Real Madrid,337782.0,Vinícius Júnior,88.0,82.9,,,,,,,"[{'type': {'displayName': 'OppositeRelatedEvent', 'value': 233}, 'value': '404'}, {'type': {'displayName': 'Offensive', 'value': 286}}, {'type': {'displayName': 'Zone', 'value': 56}, 'value': 'Left'}]",True,,,,,
1914099,FirstHalf,46,20,46,Pass,Successful,52,Real Madrid,337782.0,Vinícius Júnior,77.5,63.8,75.2,51.7,,,,,"[{'type': {'displayName': 'Length', 'value': 212}, 'value': '8.6'}, {'type': {'displayName': 'PassEndY', 'value': 141}, 'value': '51.7'}, {'type': {'displayName': 'Angle', 'value': 213}, 'value': '4.43'}, {'type': {'displayName': 'PassEndX', 'value': 140}, 'value': '75.2'}, {'type': {'displayName': 'Zone', 'value': 56}, 'value': 'Center'}]",True,,,,,
1914099,FirstHalf,46,21,46,Pass,Successful,52,Real Madrid,415181.0,Arda Güler,75.4,53.0,77.7,68.7,,,,,"[{'type': {'displayName': 'PassEndX', 'value': 140}, 'value': '77.7'}, {'type': {'displayName': 'Zone', 'value': 56}, 'value': 'Center'}, {'type': {'displayName': 'ShotAssist', 'value': 210}, 'value': '13'}, {'type': {'displayName': 'Angle', 'value': 213}, 'value': '1.35'}, {'type': {'displayName': 'Length', 'value': 212}, 'value': '10.9'}, {'type': {'displayName': 'PassEndY', 'value': 141}, 'value': '68.7'}, {'type': {'displayName': 'KeyPass', 'value': 11113}}]",True,,,,,
1914099,FirstHalf,46,23,46,MissedShots,Successful,52,Real Madrid,300713.0,Kylian Mbappé,81.5,65.0,,,39.7,81.9,,,"[{'type': {'displayName': 'GoalMouthZ', 'value': 103}, 'value': '81.9'}, {'type': {'displayName': 'HighRight', 'value': 81}}, {'type': {'displayName': 'GoalMouthY', 'value': 102}, 'value': '39.7'}, {'type': {'displayName': 'IndividualPlay', 'value': 215}}, {'type': {'displayName': 'RelatedEventId', 'value': 55}, 'value': '476'}, {'type': {'displayName': 'Assisted', 'value': 29}}, {'type': {'displayName': 'RegularPlay', 'value': 22}}, {'type': {'displayName': 'Zone', 'value': 56}, 'value': 'Center'}, {'type': {'displayName': 'OutOfBoxCentre', 'value': 18}}, {'type': {'displayName': 'RightFoot', 'value': 20}}]",True,True,,,476.0,415181.0
1914099,FirstHalf,46,59,46,Pass,Unsuccessful,839,Villarreal,400826.0,Luiz Júnior,5.3,58.5,56.9,80.0,,,,,"[{'type': {'displayName': 'PassEndY', 'value': 141}, 'value': '80.0'}, {'type': {'displayName': 'GoalKick', 'value': 124}}, {'type': {'displayName': 'Zone', 'value': 56}, 'value': 'Left'}, {'type': {'displayName': 'PassEndX', 'value': 140}, 'value': '56.9'}, {'type': {'displayName': 'Longball', 'value': 1}}, {'type': {'displayName': 'Angle', 'value': 213}, 'value': '0.26'}, {'type': {'displayName': 'Length', 'value': 212}, 'value': '56.1'}, {'type': {'displayName': 'MissHigh', 'value': 74}}]",True,,,,,
1914099,FirstHalf,47,0,47,End,Successful,839,Villarreal,,,0.0,0.0,,,,,,,[],False,,,,,
1914099,FirstHalf,47,0,47,End,Successful,52,Real Madrid,,,0.0,0.0,,,,,,,[],False,,,,,
1914099,SecondHalf,45,0,48,Start,Successful,839,Villarreal,,,0.0,0.0,,,,,,,[],False,,,,,
1914099,SecondHalf,45,0,48,Start,Successful,52,Real Madrid,,,0.0,0.0,,,,,,,[],False,,,,,
1914099,SecondHalf,45,0,48,Pass,Successful,52,Real Madrid,300713.0,Kylian Mbappé,50.1,49.8,40.3,54.0,,,,,"[{'type': {'displayName': 'Angle', 'value': 213}, 'value': '2.87'}, {'type': {'displayName': 'Length', 'value': 212}, 'value': '10.7'}, {'type': {'displayName': 'PassEndX', 'value': 140}, 'value': '40.3'}, {'type': {'displayName': 'PassEndY', 'value': 141}, 'value': '54.0'}, {'type': {'displayName': 'Zone', 'value': 56}, 'value': 'Back'}]",True,,,,,
1914099,SecondHalf,45,1,48,Pass,Successful,52,Real Madrid,369109.0,Eduardo Camavinga,40.3,54.0,35.0,41.2,,,,,"[{'type': {'displayName': 'Length', 'value': 212}, 'value': '10.3'}, {'type': {'displayName': 'Zone', 'value': 56}, 'value': 'Back'}, {'type': {'displayName': 'PassEndY', 'value': 141}, 'value': '41.2'}, {'type': {'displayName': 'PassEndX', 'value': 140}, 'value': '35.0'}, {'type': {'displayName': 'Angle', 'value': 213}, 'value': '4.14'}]",True,,,,,
1914099,SecondHalf,45,5,48,Pass,Successful,52,Real Madrid,534899.0,Raúl Asencio,34.6,38.5,35.5,10.0,,,,,"[{'type': {'displayName': 'PassEndY', 'value': 141}, 'value': '10.0'}, {'type': {'displayName': 'Zone', 'value': 56}, 'value': 'Back'}, {'type': {'displayName': 'PassEndX', 'value': 140}, 'value': '35.5'}, {'type': {'displayName': 'Angle', 'value': 213}, 'value': '4.76'}, {'type': {'displayName': 'Length', 'value': 212}, 'value': '19.4'}]",True,,,,,
1914099,SecondHalf,45,8,48,Pass,Unsuccessful,52,Real Madrid,344644.0,Federico Valverde,37.1,11.4,73.2,44.8,,,,,"[{'type': {'displayName': 'PassEndY', 'value': 141}, 'value': '44.8'}, {'type': {'displayName': 'Longball', 'value': 1}}, {'type': {'displayName': 'PassEndX', 'value': 140}, 'value': '73.2'}, {'type': {'displayName': 'Length', 'value': 212}, 'value': '44.2'}, {'type': {'displayName': 'Angle', 'value': 213}, 'value': '0.54'}, {'type': {'displayName': 'Chipped', 'value': 155}}, {'type': {'displayName': 'Zone', 'value': 56}, 'value': 'Center'}]",True,,,,,
1914099,SecondHalf,45,10,48,Pass,Successful,839,Villarreal,434077.0,Renato Veiga,28.3,60.5,34.0,61.1,,,,,"[{'type': {'displayName': 'Zone', 'value': 56}, 'value': 'Back'}, {'type': {'displayName': 'PassEndX', 'value': 140}, 'value': '34.0'}, {'type': {'displayName': 'HeadPass', 'value': 3}}, {'type': {'displayName': 'Length', 'value': 212}, 'value': '6.0'}, {'type': {'displayName': 'PassEndY', 'value': 141}, 'value': '61.1'}, {'type': {'displayName': 'Angle', 'value': 213}, 'value': '0.07'}]",True,,,,,
1914099,SecondHalf,45,12,48,BallRecovery,Successful,839,Villarreal,28186.0,Dani Parejo,33.4,61.1,,,,,,,[],False,,,,,
1914099,SecondHalf,45,12,48,Pass,Successful,839,Villarreal,28186.0,Dani Parejo,31.6,59.1,25.7,31.4,,,,,"[{'type': {'displayName': 'Zone', 'value': 56}, 'value': 'Back'}, {'type': {'displayName': 'Angle', 'value': 213}, 'value': '4.39'}, {'type': {'displayName': 'PassEndX', 'value': 140}, 'value': '25.7'}, {'type': {'displayName': 'PassEndY', 'value': 141}, 'value': '31.4'}, {'type': {'displayName': 'Length', 'value': 212}, 'value': '19.8'}]",True,,,,,
1914099,SecondHalf,45,15,48,Pass,Unsuccessful,839,Villarreal,537235.0,Pau Navarro,23.7,27.6,38.9,18.6,,,,,"[{'type': {'displayName': 'Length', 'value': 212}, 'value': '17.1'}, {'type': {'displayName': 'PassEndY', 'value': 141}, 'value': '18.6'}, {'type': {'displayName': 'PassEndX', 'value': 140}, 'value': '38.9'}, {'type': {'displayName': 'Angle', 'value': 213}, 'value': '5.92'}, {'type': {'displayName': 'Zone', 'value': 56}, 'value': 'Back'}]",True,,,,,
1914099,SecondHalf,45,17,48,BallTouch,Successful,52,Real Madrid,468852.0,Dean Huijsen,66.9,84.1,,,,,,,"[{'type': {'displayName': 'Zone', 'value': 56}, 'value': 'Left'}]",True,,,,,
1914099,SecondHalf,45,21,48,Pass,Unsuccessful,52,Real Madrid,379868.0,Jude Bellingham,70.2,94.5,73.8,94.3,,,,,"[{'type': {'displayName': 'PassEndX', 'value': 140}, 'value': '73.8'}, {'type': {'displayName': 'PassEndY', 'value': 141}, 'value': '94.3'}, {'type': {'displayName': 'Length', 'value': 212}, 'value': '3.8'}, {'type': {'displayName': 'Angle', 'value': 213}, 'value': '6.25'}, {'type': {'displayName': 'Zone', 'value': 56}, 'value': 'Left'}, {'type': {'displayName': 'OppositeRelatedEvent', 'value': 233}, 'value': '420'}, {'type': {'displayName': 'Offensive', 'value': 286}}]",True,,,,,
1914099,SecondHalf,45,21,48,BlockedPass,Successful,839,Villarreal,537235.0,Pau Navarro,26.2,5.7,,,,,,,"[{'type': {'displayName': 'OppositeRelatedEvent', 'value': 233}, 'value': '488'}, {'type': {'displayName': 'Defensive', 'value': 285}}, {'type': {'displayName': 'Zone', 'value': 56}, 'value': 'Back'}]",True,,,,,
1914099,SecondHalf,45,23,48,Pass,Unsuccessful,52,Real Madrid,468852.0,Dean Huijsen,74.8,88.3,76.1,89.1,,,,,"[{'type': {'displayName': 'Length', 'value': 212}, 'value': '1.5'}, {'type': {'displayName': 'PassEndY', 'value': 141}, 'value': '89.1'}, {'type': {'displayName': 'PassEndX', 'value': 140}, 'value': '76.1'}, {'type': {'displayName': 'Angle', 'value': 213}, 'value': '0.38'}, {'type': {'displayName': 'Zone', 'value': 56}, 'value': 'Left'}]",True,,,,,
1914099,SecondHalf,45,24,48,BallTouch,Successful,839,Villarreal,537235.0,Pau Navarro,23.9,11.7,,,,,,,"[{'type': {'displayName': 'Zone', 'value': 56}, 'value': 'Back'}]",True,,,,,
1914099,SecondHalf,45,25,48,BallTouch,Unsuccessful,52,Real Madrid,337782.0,Vinícius Júnior,85.8,93.9,,,,,,,"[{'type': {'displayName': 'Zone', 'value': 56}, 'value': 'Left'}]",True,,,,,
1914099,SecondHalf,45,30,48,Pass,Successful,839,Villarreal,430301.0,Rafa Marín,14.1,18.0,31.3,53.8,,,,,"[{'type': {'displayName': 'Length', 'value': 212}, 'value': '30.3'}, {'type': {'displayName': 'PassEndY', 'value': 141}, 'value': '53.8'}, {'type': {'displayName': 'Angle', 'value': 213}, 'value': '0.93'}, {'type': {'displayName': 'Chipped', 'value': 155}}, {'type': {'displayName': 'PassEndX', 'value': 140}, 'value': '31.3'}, {'type': {'displayName': 'Zone', 'value': 56}, 'value': 'Back'}]",True,,,,,
1914099,SecondHalf,45,31,48,Pass,Successful,839,Villarreal,28186.0,Dani Parejo,30.9,55.9,38.7,49.1,,,,,"[{'type': {'displayName': 'Angle', 'value': 213}, 'value': '5.77'}, {'type': {'displayName': 'PassEndY', 'value': 141}, 'value': '49.1'}, {'type': {'displayName': 'Length', 'value': 212}, 'value': '9.4'}, {'type': {'displayName': 'Zone', 'value': 56}, 'value': 'Back'}, {'type': {'displayName': 'PassEndX', 'value': 140}, 'value': '38.7'}]",True,,,,,
1914099,SecondHalf,45,32,48,Pass,Successful,839,Villarreal,389020.0,Georges Mikautadze,38.0,51.2,40.1,85.0,,,,,"[{'type': {'displayName': 'Zone', 'value': 56}, 'value': 'Back'}, {'type': {'displayName': 'Angle', 'value': 213}, 'value': '1.48'}, {'type': {'displayName': 'PassEndY', 'value': 141}, 'value': '85.0'}, {'type': {'displayName': 'Length', 'value': 212}, 'value': '23.1'}, {'type': {'displayName': 'PassEndX', 'value': 140}, 'value': '40.1'}]",True,,,,,
1914099,SecondHalf,45,39,48,Pass,Unsuccessful,839,Villarreal,276489.0,Alfonso Pedraza,70.0,84.9,73.3,60.2,,,,,"[{'type': {'displayName': 'Angle', 'value': 213}, 'value': '4.92'}, {'type': {'displayName': 'Zone', 'value': 56}, 'value': 'Center'}, {'type': {'displayName': 'PassEndX', 'value': 140}, 'value': '73.3'}, {'type': {'displayName': 'PassEndY', 'value': 141}, 'value': '60.2'}, {'type': {'displayName': 'Length', 'value': 212}, 'value': '17.1'}]",True,,,,,
1914099,SecondHalf,45,41,48,Interception,Successful,52,Real Madrid,369109.0,Eduardo Camavinga,26.7,39.8,,,,,,,"[{'type': {'displayName': 'Zone', 'value': 56}, 'value': 'Back'}]",True,,,,,
1914099,SecondHalf,45,44,48,BallRecovery,Successful,52,Real Madrid,73798.0,Thibaut Courtois,7.9,55.6,,,,,,,[],False,,,,,
1914099,SecondHalf,45,47,48,Pass,Successful,52,Real Madrid,73798.0,Thibaut Courtois,9.5,45.0,24.3,7.2,,,,,"[{'type': {'displayName': 'PassEndY', 'value': 141}, 'value': '7.2'}, {'type': {'displayName': 'Angle', 'value': 213}, 'value': '5.26'}, {'type': {'displayName': 'PassEndX', 'value': 140}, 'value': '24.3'}, {'type': {'displayName': 'Zone', 'value': 56}, 'value': 'Back'}, {'type': {'displayName': 'Length', 'value': 212}, 'value': '30.0'}]",True,,,,,
1914099,SecondHalf,45,51,48,Pass,Successful,52,Real Madrid,344644.0,Federico Valverde,36.0,8.1,46.1,5.8,,,,,"[{'type': {'displayName': 'Angle', 'value': 213}, 'value': '6.14'}, {'type': {'displayName': 'PassEndX', 'value': 140}, 'value': '46.1'}, {'type': {'displayName': 'PassEndY', 'value': 141}, 'value': '5.8'}, {'type': {'displayName': 'Length', 'value': 212}, 'value': '10.7'}, {'type': {'displayName': 'Zone', 'value': 56}, 'value': 'Back'}]",True,,,,,
1914099,SecondHalf,45,54,48,Pass,Successful,52,Real Madrid,514810.0,Franco Mastantuono,48.1,14.2,46.0,33.1,,,,,"[{'type': {'displayName': 'Length', 'value': 212}, 'value': '13.0'}, {'type': {'displayName': 'Zone', 'value': 56}, 'value': 'Back'}, {'type': {'displayName': 'PassEndX', 'value': 140}, 'value': '46.0'}, {'type': {'displayName': 'Angle', 'value': 213}, 'value': '1.74'}, {'type': {'displayName': 'PassEndY', 'value': 141}, 'value': '33.1'}]",True,,,,,
1914099,SecondHalf,45,59,48,Pass,Successful,52,Real Madrid,300713.0,Kylian Mbappé,49.3,35.8,42.3,93.0,,,,,"[{'type': {'displayName': 'Chipped', 'value': 155}}, {'type': {'displayName': 'Longball', 'value': 1}}, {'type': {'displayName': 'Length', 'value': 212}, 'value': '39.6'}, {'type': {'displayName': 'PassEndY', 'value': 141}, 'value': '93.0'}, {'type': {'displayName': 'PassEndX', 'value': 140}, 'value': '42.3'}, {'type': {'displayName': 'Zone', 'value': 56}, 'value': 'Back'}, {'type': {'displayName': 'Angle', 'value': 213}, 'value': '1.76'}]",True,,,,,
1914099,SecondHalf,46,3,49,Pass,Successful,52,Real Madrid,437583.0,Álvaro Carreras,44.3,92.8,61.9,96.6,,,,,"[{'type': {'displayName': 'Length', 'value': 212}, 'value': '18.7'}, {'type': {'displayName': 'PassEndY', 'value': 141}, 'value': '96.6'}, {'type': {'displayName': 'Angle', 'value': 213}, 'value': '0.14'}, {'type': {'displayName': 'Zone', 'value': 56}, 'value': 'Left'}, {'type': {'displayName': 'PassEndX', 'value': 140}, 'value': '61.9'}]",True,,,,,
1914099,SecondHalf,46,8,49,Pass,Successful,52,Real Madrid,337782.0,Vinícius Júnior,61.2,97.0,52.7,93.9,,,,,"[{'type': {'displayName': 'PassEndX', 'value': 140}, 'value': '52.7'}, {'type': {'displayName': 'Length', 'value': 212}, 'value': '9.2'}, {'type': {'displayName': 'Zone', 'value': 56}, 'value': 'Left'}, {'type': {'displayName': 'PassEndY', 'value': 141}, 'value': '93.9'}, {'type': {'displayName': 'Angle', 'value': 213}, 'value': '3.37'}]",True,,,,,
1914099,SecondHalf,46,11,49,Pass,Successful,52,Real Madrid,437583.0,Álvaro Carreras,52.8,87.4,43.5,61.3,,,,,"[{'type': {'displayName': 'Angle', 'value': 213}, 'value': '4.21'}, {'type': {'displayName': 'PassEndX', 'value': 140}, 'value': '43.5'}, {'type': {'displayName': 'PassEndY', 'value': 141}, 'value': '61.3'}, {'type': {'displayName': 'Length', 'value': 212}, 'value': '20.3'}, {'type': {'displayName': 'Zone', 'value': 56}, 'value': 'Back'}]",True,,,,,
1914099,SecondHalf,46,13,49,Pass,Successful,52,Real Madrid,468852.0,Dean Huijsen,43.2,59.7,45.2,28.5,,,,,"[{'type': {'displayName': 'PassEndY', 'value': 141}, 'value': '28.5'}, {'type': {'displayName': 'Zone', 'value': 56}, 'value': 'Back'}, {'type': {'displayName': 'Angle', 'value': 213}, 'value': '4.81'}, {'type': {'displayName': 'PassEndX', 'value': 140}, 'value': '45.2'}, {'type': {'displayName': 'Length', 'value': 212}, 'value': '21.3'}]",True,,,,,
1914099,SecondHalf,46,16,49,Pass,Successful,52,Real Madrid,534899.0,Raúl Asencio,44.4,26.4,64.2,2.1,,,,,"[{'type': {'displayName': 'Length', 'value': 212}, 'value': '26.6'}, {'type': {'displayName': 'Zone', 'value': 56}, 'value': 'Right'}, {'type': {'displayName': 'Angle', 'value': 213}, 'value': '5.61'}, {'type': {'displayName': 'PassEndX', 'value': 140}, 'value': '64.2'}, {'type': {'displayName': 'PassEndY', 'value': 141}, 'value': '2.1'}]",True,,,,,
1914099,SecondHalf,46,18,49,Pass,Successful,52,Real Madrid,344644.0,Federico Valverde,64.2,2.1,58.2,15.9,,,,,"[{'type': {'displayName': 'Length', 'value': 212}, 'value': '11.3'}, {'type': {'displayName': 'PassEndY', 'value': 141}, 'value': '15.9'}, {'type': {'displayName': 'Angle', 'value': 213}, 'value': '2.16'}, {'type': {'displayName': 'PassEndX', 'value': 140}, 'value': '58.2'}, {'type': {'displayName': 'Zone', 'value': 56}, 'value': 'Right'}]",True,,,,,
1914099,SecondHalf,46,20,49,Pass,Successful,52,Real Madrid,415181.0,Arda Güler,60.0,18.1,98.1,97.8,,,,,"[{'type': {'displayName': 'Zone', 'value': 56}, 'value': 'Left'}, {'type': {'displayName': 'Angle', 'value': 213}, 'value': '0.93'}, {'type': {'displayName': 'PassEndX', 'value': 140}, 'value': '98.1'}, {'type': {'displayName': 'PassEndY', 'value': 141}, 'value': '97.8'}, {'type': {'displayName': 'Longball', 'value': 1}}, {'type': {'displayName': 'Length', 'value': 212}, 'value': '67.4'}, {'type': {'displayName': 'Chipped', 'value': 155}}]",True,,,,,
1914099,SecondHalf,46,31,49,Pass,Successful,52,Real Madrid,337782.0,Vinícius Júnior,97.2,79.2,89.6,80.4,,,,,"[{'type': {'displayName': 'PassEndX', 'value': 140}, 'value': '89.6'}, {'type': {'displayName': 'Zone', 'value': 56}, 'value': 'Left'}, {'type': {'displayName': 'Angle', 'value': 213}, 'value': '3.04'}, {'type': {'displayName': 'Length', 'value': 212}, 'value': '8.0'}, {'type': {'displayName': 'PassEndY', 'value': 141}, 'value': '80.4'}]",True,,,,,
1914099,SecondHalf,46,32,49,Pass,Successful,52,Real Madrid,437583.0,Álvaro Carreras,89.6,80.4,81.5,70.2,,,,,"[{'type': {'displayName': 'PassEndX', 'value': 140}, 'value': '81.5'}, {'type': {'displayName': 'Zone', 'value': 56}, 'value': 'Center'}, {'type': {'displayName': 'Angle', 'value': 213}, 'value': '3.83'}, {'type': {'displayName': 'PassEndY', 'value': 141}, 'value': '70.2'}, {'type': {'displayName': 'Length', 'value': 212}, 'value': '11.0'}]",True,,,,,
1914099,SecondHalf,46,34,49,Pass,Successful,52,Real Madrid,300713.0,Kylian Mbappé,81.5,70.2,77.9,58.0,,,,,"[{'type': {'displayName': 'PassEndX', 'value': 140}, 'value': '77.9'}, {'type': {'displayName': 'PassEndY', 'value': 141}, 'value': '58.0'}, {'type': {'displayName': 'Length', 'value': 212}, 'value': '9.1'}, {'type': {'displayName': 'Angle', 'value': 213}, 'value': '4.28'}, {'type': {'displayName': 'Zone', 'value': 56}, 'value': 'Center'}]",True,,,,,
1914099,SecondHalf,46,35,49,Pass,Successful,52,Real Madrid,415181.0,Arda Güler,77.9,58.0,77.5,74.4,,,,,"[{'type': {'displayName': 'Angle', 'value': 213}, 'value': '1.61'}, {'type': {'displayName': 'PassEndY', 'value': 141}, 'value': '74.4'}, {'type': {'displayName': 'Length', 'value': 212}, 'value': '11.2'}, {'type': {'displayName': 'Zone', 'value': 56}, 'value': 'Center'}, {'type': {'displayName': 'PassEndX', 'value': 140}, 'value': '77.5'}]",True,,,,,
1914099,SecondHalf,46,37,49,Pass,Successful,52,Real Madrid,300713.0,Kylian Mbappé,77.5,74.4,90.9,81.0,,,,,"[{'type': {'displayName': 'Length', 'value': 212}, 'value': '14.8'}, {'type': {'displayName': 'Zone', 'value': 56}, 'value': 'Left'}, {'type': {'displayName': 'Angle', 'value': 213}, 'value': '0.31'}, {'type': {'displayName': 'PassEndX', 'value': 140}, 'value': '90.9'}, {'type': {'displayName': 'PassEndY', 'value': 141}, 'value': '81.0'}]",True,,,,,
1914099,SecondHalf,46,40,49,Challenge,Unsuccessful,839,Villarreal,537235.0,Pau Navarro,10.1,23.4,,,,,,,"[{'type': {'displayName': 'OppositeRelatedEvent', 'value': 233}, 'value': '508'}, {'type': {'displayName': 'Zone', 'value': 56}, 'value': 'Back'}, {'type': {'displayName': 'Defensive', 'value': 285}}]",False,,,,,
1914099,SecondHalf,46,40,49,TakeOn,Successful,52,Real Madrid,337782.0,Vinícius Júnior,89.9,76.6,,,,,,,"[{'type': {'displayName': 'Zone', 'value': 56}, 'value': 'Center'}, {'type': {'displayName': 'OppositeRelatedEvent', 'value': 233}, 'value': '427'}, {'type': {'displayName': 'Offensive', 'value': 286}}]",True,,,,,
1914099,SecondHalf,46,42,49,Pass,Unsuccessful,52,Real Madrid,337782.0,Vinícius Júnior,98.2,69.5,95.4,58.9,,,,,"[{'type': {'displayName': 'Zone', 'value': 56}, 'value': 'Center'}, {'type': {'displayName': 'Angle', 'value': 213}, 'value': '4.33'}, {'type': {'displayName': 'Length', 'value': 212}, 'value': '7.8'}, {'type': {'displayName': 'PassEndY', 'value': 141}, 'value': '58.9'}, {'type': {'displayName': 'PassEndX', 'value': 140}, 'value': '95.4'}]",True,,,,,
1914099,SecondHalf,46,42,49,BallTouch,Unsuccessful,839,Villarreal,399047.0,Pape Gueye,5.6,40.0,,,,,,,"[{'type': {'displayName': 'Zone', 'value': 56}, 'value': 'Back'}]",True,,,,,
1914099,SecondHalf,46,42,49,Error,Successful,839,Villarreal,399047.0,Pape Gueye,5.0,40.0,,,,,,,"[{'type': {'displayName': 'LeadingToGoal', 'value': 170}, 'value': '510'}]",False,,,,,
1914099,SecondHalf,46,44,49,Goal,Successful,52,Real Madrid,300713.0,Kylian Mbappé,96.7,59.3,,,52.0,3.2,,,"[{'type': {'displayName': 'Zone', 'value': 56}, 'value': 'Center'}, {'type': {'displayName': 'RegularPlay', 'value': 22}}, {'type': {'displayName': 'LeftFoot', 'value': 72}}, {'type': {'displayName': 'FirstTouch', 'value': 328}}, {'type': {'displayName': 'SmallBoxLeft', 'value': 61}}, {'type': {'displayName': 'LowLeft', 'value': 76}}, {'type': {'displayName': 'GoalMouthZ', 'value': 103}, 'value': '3.2'}, {'type': {'displayName': 'GoalMouthY', 'value': 102}, 'value': '52.0'}]",True,True,True,,,
1914099,SecondHalf,47,55,50,Pass,Successful,839,Villarreal,389020.0,Georges Mikautadze,50.1,50.0,37.9,47.4,,,,,"[{'type': {'displayName': 'PassEndY', 'value': 141}, 'value': '47.4'}, {'type': {'displayName': 'PassEndX', 'value': 140}, 'value': '37.9'}, {'type': {'displayName': 'Length', 'value': 212}, 'value': '12.9'}, {'type': {'displayName': 'Angle', 'value': 213}, 'value': '3.28'}, {'type': {'displayName': 'Zone', 'value': 56}, 'value': 'Back'}]",True,,,,,
1914099,SecondHalf,47,57,50,Pass,Unsuccessful,839,Villarreal,399047.0,Pape Gueye,45.6,47.3,74.1,9.4,,,,,"[{'type': {'displayName': 'Longball', 'value': 1}}, {'type': {'displayName': 'Angle', 'value': 213}, 'value': '5.57'}, {'type': {'displayName': 'PassEndY', 'value': 141}, 'value': '9.4'}, {'type': {'displayName': 'Length', 'value': 212}, 'value': '39.5'}, {'type': {'displayName': 'Zone', 'value': 56}, 'value': 'Right'}, {'type': {'displayName': 'Chipped', 'value': 155}}, {'type': {'displayName': 'PassEndX', 'value': 140}, 'value': '74.1'}]",True,,,,,
1914099,SecondHalf,48,1,51,Clearance,Successful,52,Real Madrid,437583.0,Álvaro Carreras,21.6,90.6,23.8,100.0,,,,,"[{'type': {'displayName': 'PassEndX', 'value': 140}, 'value': '23.8'}, {'type': {'displayName': 'Head', 'value': 15}}, {'type': {'displayName': 'Zone', 'value': 56}, 'value': 'Back'}, {'type': {'displayName': 'PassEndY', 'value': 141}, 'value': '100.0'}, {'type': {'displayName': 'Length', 'value': 212}, 'value': '7.6'}, {'type': {'displayName': 'Angle', 'value': 213}, 'value': '1.26'}]",True,,,,,
1914099,SecondHalf,48,10,51,Pass,Successful,839,Villarreal,537235.0,Pau Navarro,68.7,0.0,69.0,18.2,,,,,"[{'type': {'displayName': 'Zone', 'value': 56}, 'value': 'Right'}, {'type': {'displayName': 'Length', 'value': 212}, 'value': '13.1'}, {'type': {'displayName': 'PassEndY', 'value': 141}, 'value': '18.2'}, {'type': {'displayName': 'PassEndX', 'value': 140}, 'value': '69.0'}, {'type': {'displayName': 'ThrowIn', 'value': 107}}, {'type': {'displayName': 'Angle', 'value': 213}, 'value': '1.55'}]",True,,,,,
1914099,SecondHalf,48,12,51,Pass,Successful,839,Villarreal,399047.0,Pape Gueye,59.0,17.1,40.5,12.9,,,,,"[{'type': {'displayName': 'Angle', 'value': 213}, 'value': '3.29'}, {'type': {'displayName': 'Zone', 'value': 56}, 'value': 'Back'}, {'type': {'displayName': 'PassEndX', 'value': 140}, 'value': '40.5'}, {'type': {'displayName': 'PassEndY', 'value': 141}, 'value': '12.9'}, {'type': {'displayName': 'Length', 'value': 212}, 'value': '19.6'}]",True,,,,,
1914099,SecondHalf,48,14,51,Pass,Successful,839,Villarreal,430301.0,Rafa Marín,35.6,18.3,15.6,45.5,,,,,"[{'type': {'displayName': 'PassEndY', 'value': 141}, 'value': '45.5'}, {'type': {'displayName': 'Zone', 'value': 56}, 'value': 'Back'}, {'type': {'displayName': 'Length', 'value': 212}, 'value': '28.0'}, {'type': {'displayName': 'PassEndX', 'value': 140}, 'value': '15.6'}, {'type': {'displayName': 'Angle', 'value': 213}, 'value': '2.42'}]",True,,,,,
1914099,SecondHalf,48,22,51,Pass,Unsuccessful,839,Villarreal,400826.0,Luiz Júnior,17.6,47.9,75.6,48.8,,,,,"[{'type': {'displayName': 'PassEndY', 'value': 141}, 'value': '48.8'}, {'type': {'displayName': 'Chipped', 'value': 155}}, {'type': {'displayName': 'Zone', 'value': 56}, 'value': 'Center'}, {'type': {'displayName': 'Length', 'value': 212}, 'value': '60.9'}, {'type': {'displayName': 'PassEndX', 'value': 140}, 'value': '75.6'}, {'type': {'displayName': 'Longball', 'value': 1}}, {'type': {'displayName': 'Angle', 'value': 213}, 'value': '0.01'}]",True,,,,,
1914099,SecondHalf,48,26,51,KeeperSweeper,Successful,52,Real Madrid,73798.0,Thibaut Courtois,22.6,46.2,,,,,,,"[{'type': {'displayName': 'Zone', 'value': 56}, 'value': 'Back'}]",False,,,,,
1914099,SecondHalf,48,27,51,Pass,Successful,52,Real Madrid,73798.0,Thibaut Courtois,22.6,46.2,26.4,25.2,,,,,"[{'type': {'displayName': 'PassEndY', 'value': 141}, 'value': '25.2'}, {'type': {'displayName': 'Zone', 'value': 56}, 'value': 'Back'}, {'type': {'displayName': 'PassEndX', 'value': 140}, 'value': '26.4'}, {'type': {'displayName': 'Angle', 'value': 213}, 'value': '4.98'}, {'type': {'displayName': 'Length', 'value': 212}, 'value': '14.8'}, {'type': {'displayName': 'HeadPass', 'value': 3}}]",True,,,,,
1914099,SecondHalf,48,30,51,Pass,Unsuccessful,52,Real Madrid,344644.0,Federico Valverde,26.4,25.2,88.1,51.9,,,,,"[{'type': {'displayName': 'PassEndX', 'value': 140}, 'value': '88.1'}, {'type': {'displayName': 'Longball', 'value': 1}}, {'type': {'displayName': 'Length', 'value': 212}, 'value': '67.3'}, {'type': {'displayName': 'Angle', 'value': 213}, 'value': '0.27'}, {'type': {'displayName': 'Zone', 'value': 56}, 'value': 'Center'}, {'type': {'displayName': 'PassEndY', 'value': 141}, 'value': '51.9'}]",True,,,,,
1914099,SecondHalf,48,33,51,KeeperPickup,Successful,839,Villarreal,400826.0,Luiz Júnior,12.1,46.4,,,,,,,[],False,,,,,
1914099,SecondHalf,48,35,51,Pass,Successful,839,Villarreal,400826.0,Luiz Júnior,12.6,45.8,26.1,69.4,,,,,"[{'type': {'displayName': 'Zone', 'value': 56}, 'value': 'Back'}, {'type': {'displayName': 'PassEndY', 'value': 141}, 'value': '69.4'}, {'type': {'displayName': 'KeeperThrow', 'value': 123}}, {'type': {'displayName': 'Angle', 'value': 213}, 'value': '0.85'}, {'type': {'displayName': 'Length', 'value': 212}, 'value': '21.4'}, {'type': {'displayName': 'PassEndX', 'value': 140}, 'value': '26.1'}]",True,,,,,
1914099,SecondHalf,48,39,51,Pass,Successful,839,Villarreal,434077.0,Renato Veiga,28.6,67.9,28.4,46.2,,,,,"[{'type': {'displayName': 'Angle', 'value': 213}, 'value': '4.70'}, {'type': {'displayName': 'PassEndX', 'value': 140}, 'value': '28.4'}, {'type': {'displayName': 'Length', 'value': 212}, 'value': '14.8'}, {'type': {'displayName': 'Zone', 'value': 56}, 'value': 'Back'}, {'type': {'displayName': 'PassEndY', 'value': 141}, 'value': '46.2'}]",True,,,,,
1914099,SecondHalf,48,41,51,Pass,Successful,839,Villarreal,430301.0,Rafa Marín,28.9,44.1,31.2,17.6,,,,,"[{'type': {'displayName': 'PassEndY', 'value': 141}, 'value': '17.6'}, {'type': {'displayName': 'Angle', 'value': 213}, 'value': '4.85'}, {'type': {'displayName': 'Zone', 'value': 56}, 'value': 'Back'}, {'type': {'displayName': 'PassEndX', 'value': 140}, 'value': '31.2'}, {'type': {'displayName': 'Length', 'value': 212}, 'value': '18.2'}]",True,,,,,
1914099,SecondHalf,48,43,51,Pass,Successful,839,Villarreal,537235.0,Pau Navarro,32.7,15.4,28.0,49.1,,,,,"[{'type': {'displayName': 'Zone', 'value': 56}, 'value': 'Back'}, {'type': {'displayName': 'Length', 'value': 212}, 'value': '23.4'}, {'type': {'displayName': 'PassEndX', 'value': 140}, 'value': '28.0'}, {'type': {'displayName': 'PassEndY', 'value': 141}, 'value': '49.1'}, {'type': {'displayName': 'Angle', 'value': 213}, 'value': '1.78'}]",True,,,,,
1914099,SecondHalf,48,46,51,Pass,Successful,839,Villarreal,430301.0,Rafa Marín,27.5,49.4,27.9,75.9,,,,,"[{'type': {'displayName': 'PassEndY', 'value': 141}, 'value': '75.9'}, {'type': {'displayName': 'Zone', 'value': 56}, 'value': 'Back'}, {'type': {'displayName': 'Length', 'value': 212}, 'value': '18.0'}, {'type': {'displayName': 'Angle', 'value': 213}, 'value': '1.55'}, {'type': {'displayName': 'PassEndX', 'value': 140}, 'value': '27.9'}]",True,,,,,
1914099,SecondHalf,48,47,51,Pass,Unsuccessful,839,Villarreal,434077.0,Renato Veiga,27.8,76.8,36.0,71.4,,,,,"[{'type': {'displayName': 'PassEndX', 'value': 140}, 'value': '36.0'}, {'type': {'displayName': 'PassEndY', 'value': 141}, 'value': '71.4'}, {'type': {'displayName': 'Length', 'value': 212}, 'value': '9.4'}, {'type': {'displayName': 'Zone', 'value': 56}, 'value': 'Back'}, {'type': {'displayName': 'Angle', 'value': 213}, 'value': '5.88'}]",True,,,,,
1914099,SecondHalf,48,50,51,Pass,Unsuccessful,52,Real Madrid,415181.0,Arda Güler,61.4,20.4,66.1,0.0,,,,,"[{'type': {'displayName': 'Zone', 'value': 56}, 'value': 'Right'}, {'type': {'displayName': 'PassEndY', 'value': 141}, 'value': '0.0'}, {'type': {'displayName': 'PassEndX', 'value': 140}, 'value': '66.1'}, {'type': {'displayName': 'Length', 'value': 212}, 'value': '15.2'}, {'type': {'displayName': 'Angle', 'value': 213}, 'value': '5.04'}]",True,,,,,
1914099,SecondHalf,48,57,51,Pass,Successful,839,Villarreal,276489.0,Alfonso Pedraza,34.2,100.0,14.9,92.0,,,,,"[{'type': {'displayName': 'PassEndX', 'value': 140}, 'value': '14.9'}, {'type': {'displayName': 'ThrowIn', 'value': 107}}, {'type': {'displayName': 'Zone', 'value': 56}, 'value': 'Back'}, {'type': {'displayName': 'Angle', 'value': 213}, 'value': '3.44'}, {'type': {'displayName': 'PassEndY', 'value': 141}, 'value': '92.0'}, {'type': {'displayName': 'Length', 'value': 212}, 'value': '21.2'}]",True,,,,,
1914099,SecondHalf,49,1,52,Pass,Successful,839,Villarreal,434077.0,Renato Veiga,11.9,76.7,2.8,57.9,,,,,"[{'type': {'displayName': 'Angle', 'value': 213}, 'value': '4.07'}, {'type': {'displayName': 'Zone', 'value': 56}, 'value': 'Back'}, {'type': {'displayName': 'PassEndY', 'value': 141}, 'value': '57.9'}, {'type': {'displayName': 'PassEndX', 'value': 140}, 'value': '2.8'}, {'type': {'displayName': 'Length', 'value': 212}, 'value': '16.0'}]",True,,,,,
1914099,SecondHalf,49,3,52,Pass,Successful,839,Villarreal,400826.0,Luiz Júnior,2.8,51.1,4.5,13.8,,,,,"[{'type': {'displayName': 'PassEndX', 'value': 140}, 'value': '4.5'}, {'type': {'displayName': 'Angle', 'value': 213}, 'value': '4.78'}, {'type': {'displayName': 'Zone', 'value': 56}, 'value': 'Back'}, {'type': {'displayName': 'PassEndY', 'value': 141}, 'value': '13.8'}, {'type': {'displayName': 'Length', 'value': 212}, 'value': '25.4'}]",True,,,,,
1914099,SecondHalf,49,7,52,Pass,Successful,839,Villarreal,430301.0,Rafa Marín,4.5,13.3,10.7,4.2,,,,,"[{'type': {'displayName': 'Angle', 'value': 213}, 'value': '5.52'}, {'type': {'displayName': 'PassEndY', 'value': 141}, 'value': '4.2'}, {'type': {'displayName': 'PassEndX', 'value': 140}, 'value': '10.7'}, {'type': {'displayName': 'Zone', 'value': 56}, 'value': 'Back'}, {'type': {'displayName': 'Length', 'value': 212}, 'value': '9.0'}]",True,,,,,
1914099,SecondHalf,49,8,52,Pass,Successful,839,Villarreal,537235.0,Pau Navarro,10.8,4.2,3.6,13.0,,,,,"[{'type': {'displayName': 'Angle', 'value': 213}, 'value': '2.47'}, {'type': {'displayName': 'Zone', 'value': 56}, 'value': 'Back'}, {'type': {'displayName': 'Length', 'value': 212}, 'value': '9.6'}, {'type': {'displayName': 'PassEndX', 'value': 140}, 'value': '3.6'}, {'type': {'displayName': 'PassEndY', 'value': 141}, 'value': '13.0'}]",True,,,,,
1914099,SecondHalf,49,10,52,Pass,Successful,839,Villarreal,430301.0,Rafa Marín,3.4,12.1,9.1,25.0,,,,,"[{'type': {'displayName': 'PassEndY', 'value': 141}, 'value': '25.0'}, {'type': {'displayName': 'Zone', 'value': 56}, 'value': 'Back'}, {'type': {'displayName': 'Length', 'value': 212}, 'value': '10.6'}, {'type': {'displayName': 'Angle', 'value': 213}, 'value': '0.97'}, {'type': {'displayName': 'PassEndX', 'value': 140}, 'value': '9.1'}]",True,,,,,
1914099,SecondHalf,49,12,52,Pass,Unsuccessful,839,Villarreal,399047.0,Pape Gueye,8.4,19.8,10.4,19.1,,,,,"[{'type': {'displayName': 'Angle', 'value': 213}, 'value': '6.06'}, {'type': {'displayName': 'Offensive', 'value': 286}}, {'type': {'displayName': 'OppositeRelatedEvent', 'value': 233}, 'value': '519'}, {'type': {'displayName': 'Length', 'value': 212}, 'value': '2.2'}, {'type': {'displayName': 'Zone', 'value': 56}, 'value': 'Back'}, {'type': {'displayName': 'PassEndX', 'value': 140}, 'value': '10.4'}, {'type': {'displayName': 'PassEndY', 'value': 141}, 'value': '19.1'}]",True,,,,,
1914099,SecondHalf,49,12,52,BlockedPass,Successful,52,Real Madrid,369109.0,Eduardo Camavinga,89.6,80.9,,,,,,,"[{'type': {'displayName': 'Zone', 'value': 56}, 'value': 'Left'}, {'type': {'displayName': 'Defensive', 'value': 285}}, {'type': {'displayName': 'OppositeRelatedEvent', 'value': 233}, 'value': '451'}]",True,,,,,
1914099,SecondHalf,49,15,52,Pass,Unsuccessful,52,Real Madrid,468852.0,Dean Huijsen,76.3,74.8,84.7,64.2,,,,,"[{'type': {'displayName': 'PassEndX', 'value': 140}, 'value': '84.7'}, {'type': {'displayName': 'PassEndY', 'value': 141}, 'value': '64.2'}, {'type': {'displayName': 'Angle', 'value': 213}, 'value': '5.60'}, {'type': {'displayName': 'Length', 'value': 212}, 'value': '11.4'}, {'type': {'displayName': 'Zone', 'value': 56}, 'value': 'Center'}]",True,,,,,
1914099,SecondHalf,49,18,52,Pass,Successful,839,Villarreal,28186.0,Dani Parejo,14.2,33.0,42.1,38.3,,,,,"[{'type': {'displayName': 'PassEndY', 'value': 141}, 'value': '38.3'}, {'type': {'displayName': 'Length', 'value': 212}, 'value': '29.5'}, {'type': {'displayName': 'Angle', 'value': 213}, 'value': '0.12'}, {'type': {'displayName': 'PassEndX', 'value': 140}, 'value': '42.1'}, {'type': {'displayName': 'Zone', 'value': 56}, 'value': 'Back'}]",True,,,,,
1914099,SecondHalf,49,20,52,Dispossessed,Successful,839,Villarreal,448211.0,Alberto Moleiro,45.2,40.5,,,,,,,"[{'type': {'displayName': 'OppositeRelatedEvent', 'value': 233}, 'value': '521'}, {'type': {'displayName': 'Offensive', 'value': 286}}, {'type': {'displayName': 'Zone', 'value': 56}, 'value': 'Back'}]",True,,,,,
1914099,SecondHalf,49,20,52,Tackle,Successful,52,Real Madrid,514810.0,Franco Mastantuono,54.8,59.5,,,,,,,"[{'type': {'displayName': 'OppositeRelatedEvent', 'value': 233}, 'value': '453'}, {'type': {'displayName': 'Zone', 'value': 56}, 'value': 'Center'}, {'type': {'displayName': 'StandingSave', 'value': 178}}, {'type': {'displayName': 'Defensive', 'value': 285}}]",True,,,,,
1914099,SecondHalf,49,22,52,BallRecovery,Successful,52,Real Madrid,437583.0,Álvaro Carreras,38.2,64.9,,,,,,,[],False,,,,,
1914099,SecondHalf,49,26,52,Pass,Successful,52,Real Madrid,437583.0,Álvaro Carreras,35.7,63.3,40.9,61.8,,,,,"[{'type': {'displayName': 'Angle', 'value': 213}, 'value': '6.10'}, {'type': {'displayName': 'PassEndY', 'value': 141}, 'value': '61.8'}, {'type': {'displayName': 'Length', 'value': 212}, 'value': '5.6'}, {'type': {'displayName': 'Zone', 'value': 56}, 'value': 'Back'}, {'type': {'displayName': 'PassEndX', 'value': 140}, 'value': '40.9'}]",True,,,,,
1914099,SecondHalf,49,29,52,Pass,Successful,52,Real Madrid,415181.0,Arda Güler,38.5,51.1,36.4,16.9,,,,,"[{'type': {'displayName': 'PassEndY', 'value': 141}, 'value': '16.9'}, {'type': {'displayName': 'Angle', 'value': 213}, 'value': '4.62'}, {'type': {'displayName': 'PassEndX', 'value': 140}, 'value': '36.4'}, {'type': {'displayName': 'Zone', 'value': 56}, 'value': 'Back'}, {'type': {'displayName': 'Length', 'value': 212}, 'value': '23.4'}]",True,,,,,
1914099,SecondHalf,49,39,52,Pass,Successful,52,Real Madrid,344644.0,Federico Valverde,45.2,40.9,45.2,85.2,,,,,"[{'type': {'displayName': 'Length', 'value': 212}, 'value': '30.1'}, {'type': {'displayName': 'PassEndY', 'value': 141}, 'value': '85.2'}, {'type': {'displayName': 'PassEndX', 'value': 140}, 'value': '45.2'}, {'type': {'displayName': 'Zone', 'value': 56}, 'value': 'Back'}, {'type': {'displayName': 'Angle', 'value': 213}, 'value': '1.57'}]",True,,,,,
1914099,SecondHalf,49,43,52,Pass,Successful,52,Real Madrid,437583.0,Álvaro Carreras,51.6,86.2,62.7,95.2,,,,,"[{'type': {'displayName': 'Zone', 'value': 56}, 'value': 'Left'}, {'type': {'displayName': 'Angle', 'value': 213}, 'value': '0.48'}, {'type': {'displayName': 'Length', 'value': 212}, 'value': '13.2'}, {'type': {'displayName': 'PassEndX', 'value': 140}, 'value': '62.7'}, {'type': {'displayName': 'PassEndY', 'value': 141}, 'value': '95.2'}]",True,,,,,
1914099,SecondHalf,49,45,52,Pass,Successful,52,Real Madrid,337782.0,Vinícius Júnior,64.2,95.5,61.7,87.0,,,,,"[{'type': {'displayName': 'Angle', 'value': 213}, 'value': '4.29'}, {'type': {'displayName': 'Length', 'value': 212}, 'value': '6.3'}, {'type': {'displayName': 'PassEndY', 'value': 141}, 'value': '87.0'}, {'type': {'displayName': 'PassEndX', 'value': 140}, 'value': '61.7'}, {'type': {'displayName': 'Zone', 'value': 56}, 'value': 'Left'}]",True,,,,,
1914099,SecondHalf,49,49,52,Pass,Successful,52,Real Madrid,300713.0,Kylian Mbappé,63.7,81.6,62.6,70.8,,,,,"[{'type': {'displayName': 'Zone', 'value': 56}, 'value': 'Center'}, {'type': {'displayName': 'Angle', 'value': 213}, 'value': '4.56'}, {'type': {'displayName': 'PassEndY', 'value': 141}, 'value': '70.8'}, {'type': {'displayName': 'Length', 'value': 212}, 'value': '7.4'}, {'type': {'displayName': 'PassEndX', 'value': 140}, 'value': '62.6'}]",True,,,,,
1914099,SecondHalf,49,50,52,Pass,Successful,52,Real Madrid,379868.0,Jude Bellingham,62.6,70.8,46.9,72.6,,,,,"[{'type': {'displayName': 'Angle', 'value': 213}, 'value': '3.07'}, {'type': {'displayName': 'Length', 'value': 212}, 'value': '16.5'}, {'type': {'displayName': 'PassEndX', 'value': 140}, 'value': '46.9'}, {'type': {'displayName': 'PassEndY', 'value': 141}, 'value': '72.6'}, {'type': {'displayName': 'Zone', 'value': 56}, 'value': 'Back'}]",True,,,,,
1914099,SecondHalf,49,52,52,Pass,Successful,52,Real Madrid,468852.0,Dean Huijsen,46.9,72.6,55.9,83.7,,,,,"[{'type': {'displayName': 'Angle', 'value': 213}, 'value': '0.67'}, {'type': {'displayName': 'PassEndX', 'value': 140}, 'value': '55.9'}, {'type': {'displayName': 'Length', 'value': 212}, 'value': '12.1'}, {'type': {'displayName': 'Zone', 'value': 56}, 'value': 'Left'}, {'type': {'displayName': 'PassEndY', 'value': 141}, 'value': '83.7'}]",True,,,,,
1914099,SecondHalf,49,54,52,Pass,Successful,52,Real Madrid,379868.0,Jude Bellingham,45.1,82.3,18.3,55.2,,,,,"[{'type': {'displayName': 'PassEndX', 'value': 140}, 'value': '18.3'}, {'type': {'displayName': 'PassEndY', 'value': 141}, 'value': '55.2'}, {'type': {'displayName': 'Longball', 'value': 1}}, {'type': {'displayName': 'Length', 'value': 212}, 'value': '33.6'}, {'type': {'displayName': 'Angle', 'value': 213}, 'value': '3.72'}, {'type': {'displayName': 'Zone', 'value': 56}, 'value': 'Back'}]",True,,,,,
1914099,SecondHalf,49,58,52,Pass,Successful,52,Real Madrid,73798.0,Thibaut Courtois,18.4,51.6,26.8,52.5,,,,,"[{'type': {'displayName': 'Angle', 'value': 213}, 'value': '0.07'}, {'type': {'displayName': 'Length', 'value': 212}, 'value': '8.8'}, {'type': {'displayName': 'PassEndX', 'value': 140}, 'value': '26.8'}, {'type': {'displayName': 'PassEndY', 'value': 141}, 'value': '52.5'}, {'type': {'displayName': 'Zone', 'value': 56}, 'value': 'Back'}]",True,,,,,
1914099,SecondHalf,50,1,53,Pass,Successful,52,Real Madrid,344644.0,Federico Valverde,26.8,52.5,10.5,51.3,,,,,"[{'type': {'displayName': 'PassEndX', 'value': 140}, 'value': '10.5'}, {'type': {'displayName': 'PassEndY', 'value': 141}, 'value': '51.3'}, {'type': {'displayName': 'Angle', 'value': 213}, 'value': '3.19'}, {'type': {'displayName': 'Length', 'value': 212}, 'value': '17.1'}, {'type': {'displayName': 'Zone', 'value': 56}, 'value': 'Back'}, {'type': {'displayName': 'LayOff', 'value': 156}}]",True,,,,,
1914099,SecondHalf,50,4,53,Pass,Unsuccessful,52,Real Madrid,73798.0,Thibaut Courtois,8.0,51.5,54.3,9.4,,,,,"[{'type': {'displayName': 'Angle', 'value': 213}, 'value': '5.75'}, {'type': {'displayName': 'Longball', 'value': 1}}, {'type': {'displayName': 'Chipped', 'value': 155}}, {'type': {'displayName': 'PassEndY', 'value': 141}, 'value': '9.4'}, {'type': {'displayName': 'Length', 'value': 212}, 'value': '56.4'}, {'type': {'displayName': 'Zone', 'value': 56}, 'value': 'Right'}, {'type': {'displayName': 'PassEndX', 'value': 140}, 'value': '54.3'}]",True,,,,,
1914099,SecondHalf,50,9,53,Pass,Unsuccessful,839,Villarreal,276489.0,Alfonso Pedraza,45.8,91.8,63.1,94.6,,,,,"[{'type': {'displayName': 'PassEndX', 'value': 140}, 'value': '63.1'}, {'type': {'displayName': 'HeadPass', 'value': 3}}, {'type': {'displayName': 'Angle', 'value': 213}, 'value': '0.10'}, {'type': {'displayName': 'PassEndY', 'value': 141}, 'value': '94.6'}, {'type': {'displayName': 'Length', 'value': 212}, 'value': '18.3'}, {'type': {'displayName': 'Zone', 'value': 56}, 'value': 'Left'}]",True,,,,,
1914099,SecondHalf,50,12,53,Pass,Successful,52,Real Madrid,344644.0,Federico Valverde,31.9,3.7,35.1,6.1,,,,,"[{'type': {'displayName': 'PassEndX', 'value': 140}, 'value': '35.1'}, {'type': {'displayName': 'Angle', 'value': 213}, 'value': '0.45'}, {'type': {'displayName': 'Zone', 'value': 56}, 'value': 'Back'}, {'type': {'displayName': 'PassEndY', 'value': 141}, 'value': '6.1'}, {'type': {'displayName': 'Length', 'value': 212}, 'value': '3.7'}]",True,,,,,
1914099,SecondHalf,50,12,53,Dispossessed,Successful,52,Real Madrid,514810.0,Franco Mastantuono,36.4,5.8,,,,,,,"[{'type': {'displayName': 'Zone', 'value': 56}, 'value': 'Back'}, {'type': {'displayName': 'OppositeRelatedEvent', 'value': 233}, 'value': '457'}, {'type': {'displayName': 'Offensive', 'value': 286}}]",True,,,,,
1914099,SecondHalf,50,12,53,Tackle,Successful,839,Villarreal,276489.0,Alfonso Pedraza,63.6,94.2,,,,,,,"[{'type': {'displayName': 'StandingSave', 'value': 178}}, {'type': {'displayName': 'OppositeRelatedEvent', 'value': 233}, 'value': '536'}, {'type': {'displayName': 'Defensive', 'value': 285}}, {'type': {'displayName': 'Zone', 'value': 56}, 'value': 'Left'}]",True,,,,,
1914099,SecondHalf,50,14,53,BallTouch,Successful,839,Villarreal,448211.0,Alberto Moleiro,60.7,94.3,,,,,,,"[{'type': {'displayName': 'Zone', 'value': 56}, 'value': 'Left'}]",True,,,,,
1914099,SecondHalf,50,15,53,Dispossessed,Successful,52,Real Madrid,514810.0,Franco Mastantuono,37.4,6.1,,,,,,,"[{'type': {'displayName': 'Offensive', 'value': 286}}, {'type': {'displayName': 'Zone', 'value': 56}, 'value': 'Back'}, {'type': {'displayName': 'OppositeRelatedEvent', 'value': 233}, 'value': '459'}]",True,,,,,
1914099,SecondHalf,50,15,53,Tackle,Successful,839,Villarreal,276489.0,Alfonso Pedraza,62.6,93.9,,,,,,,"[{'type': {'displayName': 'OppositeRelatedEvent', 'value': 233}, 'value': '537'}, {'type': {'displayName': 'StandingSave', 'value': 178}}, {'type': {'displayName': 'Defensive', 'value': 285}}, {'type': {'displayName': 'Zone', 'value': 56}, 'value': 'Left'}]",True,,,,,
1914099,SecondHalf,50,16,53,BallRecovery,Successful,839,Villarreal,276489.0,Alfonso Pedraza,57.5,92.6,,,,,,,[],False,,,,,
1914099,SecondHalf,50,17,53,Pass,Successful,839,Villarreal,276489.0,Alfonso Pedraza,56.6,92.2,42.2,82.6,,,,,"[{'type': {'displayName': 'Angle', 'value': 213}, 'value': '3.55'}, {'type': {'displayName': 'PassEndX', 'value': 140}, 'value': '42.2'}, {'type': {'displayName': 'Zone', 'value': 56}, 'value': 'Back'}, {'type': {'displayName': 'Length', 'value': 212}, 'value': '16.5'}, {'type': {'displayName': 'PassEndY', 'value': 141}, 'value': '82.6'}]",True,,,,,
1914099,SecondHalf,50,18,53,Pass,Successful,839,Villarreal,434077.0,Renato Veiga,42.0,84.8,47.7,64.9,,,,,"[{'type': {'displayName': 'PassEndX', 'value': 140}, 'value': '47.7'}, {'type': {'displayName': 'Length', 'value': 212}, 'value': '14.8'}, {'type': {'displayName': 'PassEndY', 'value': 141}, 'value': '64.9'}, {'type': {'displayName': 'Zone', 'value': 56}, 'value': 'Back'}, {'type': {'displayName': 'Angle', 'value': 213}, 'value': '5.13'}]",True,,,,,
1914099,SecondHalf,50,22,53,Pass,Successful,839,Villarreal,399047.0,Pape Gueye,54.9,65.6,70.6,75.0,,,,,"[{'type': {'displayName': 'Angle', 'value': 213}, 'value': '0.37'}, {'type': {'displayName': 'Length', 'value': 212}, 'value': '17.7'}, {'type': {'displayName': 'PassEndY', 'value': 141}, 'value': '75.0'}, {'type': {'displayName': 'PassEndX', 'value': 140}, 'value': '70.6'}, {'type': {'displayName': 'Zone', 'value': 56}, 'value': 'Center'}]",True,,,,,
1914099,SecondHalf,50,24,53,Pass,Successful,839,Villarreal,448211.0,Alberto Moleiro,71.8,75.3,87.2,91.7,,,,,"[{'type': {'displayName': 'PassEndY', 'value': 141}, 'value': '91.7'}, {'type': {'displayName': 'Zone', 'value': 56}, 'value': 'Left'}, {'type': {'displayName': 'Angle', 'value': 213}, 'value': '0.60'}, {'type': {'displayName': 'PassEndX', 'value': 140}, 'value': '87.2'}, {'type': {'displayName': 'Length', 'value': 212}, 'value': '19.6'}]",True,,,,,
1914099,SecondHalf,50,27,53,Pass,Unsuccessful,839,Villarreal,276489.0,Alfonso Pedraza,87.9,92.0,90.3,74.9,,,,,"[{'type': {'displayName': 'LeftFoot', 'value': 72}}, {'type': {'displayName': 'Angle', 'value': 213}, 'value': '4.93'}, {'type': {'displayName': 'PassEndY', 'value': 141}, 'value': '74.9'}, {'type': {'displayName': 'Length', 'value': 212}, 'value': '11.9'}, {'type': {'displayName': 'Zone', 'value': 56}, 'value': 'Center'}, {'type': {'displayName': 'PassEndX', 'value': 140}, 'value': '90.3'}, {'type': {'displayName': 'Cross', 'value': 2}}]",True,,,,,
1914099,SecondHalf,50,29,53,BallRecovery,Successful,52,Real Madrid,344644.0,Federico Valverde,12.0,16.9,,,,,,,[],False,,,,,
1914099,SecondHalf,50,31,53,Pass,Successful,52,Real Madrid,344644.0,Federico Valverde,13.2,10.5,34.6,4.9,,,,,"[{'type': {'displayName': 'PassEndX', 'value': 140}, 'value': '34.6'}, {'type': {'displayName': 'Angle', 'value': 213}, 'value': '6.12'}, {'type': {'displayName': 'Length', 'value': 212}, 'value': '22.8'}, {'type': {'displayName': 'PassEndY', 'value': 141}, 'value': '4.9'}, {'type': {'displayName': 'Zone', 'value': 56}, 'value': 'Back'}]",True,,,,,
1914099,SecondHalf,50,35,53,Pass,Successful,52,Real Madrid,514810.0,Franco Mastantuono,39.7,3.7,39.0,11.5,,,,,"[{'type': {'displayName': 'Zone', 'value': 56}, 'value': 'Back'}, {'type': {'displayName': 'PassEndY', 'value': 141}, 'value': '11.5'}, {'type': {'displayName': 'Length', 'value': 212}, 'value': '5.4'}, {'type': {'displayName': 'Angle', 'value': 213}, 'value': '1.71'}, {'type': {'displayName': 'PassEndX', 'value': 140}, 'value': '39.0'}]",True,,,,,
1914099,SecondHalf,50,38,53,Pass,Successful,52,Real Madrid,379868.0,Jude Bellingham,39.0,14.8,58.5,92.1,,,,,"[{'type': {'displayName': 'PassEndX', 'value': 140}, 'value': '58.5'}, {'type': {'displayName': 'PassEndY', 'value': 141}, 'value': '92.1'}, {'type': {'displayName': 'Longball', 'value': 1}}, {'type': {'displayName': 'Length', 'value': 212}, 'value': '56.4'}, {'type': {'displayName': 'Zone', 'value': 56}, 'value': 'Left'}, {'type': {'displayName': 'Chipped', 'value': 155}}, {'type': {'displayName': 'Angle', 'value': 213}, 'value': '1.20'}]",True,,,,,
1914099,SecondHalf,50,43,53,TakeOn,Unsuccessful,52,Real Madrid,337782.0,Vinícius Júnior,73.5,85.3,,,,,,,"[{'type': {'displayName': 'Zone', 'value': 56}, 'value': 'Left'}, {'type': {'displayName': 'Offensive', 'value': 286}}]",True,,,,,
1914099,SecondHalf,50,44,53,Foul,Successful,52,Real Madrid,337782.0,Vinícius Júnior,72.6,84.6,,,,,,,"[{'type': {'displayName': 'Zone', 'value': 56}, 'value': 'Left'}, {'type': {'displayName': 'OppositeRelatedEvent', 'value': 233}, 'value': '466'}, {'type': {'displayName': 'Offensive', 'value': 286}}, {'type': {'displayName': 'Foul', 'value': 13}}]",True,,,,,
1914099,SecondHalf,50,44,53,Foul,Unsuccessful,839,Villarreal,371027.0,Tajon Buchanan,27.4,15.4,,,,,,,"[{'type': {'displayName': 'Defensive', 'value': 285}}, {'type': {'displayName': 'OppositeRelatedEvent', 'value': 233}, 'value': '542'}, {'type': {'displayName': 'Foul', 'value': 13}}, {'type': {'displayName': 'Zone', 'value': 56}, 'value': 'Back'}, {'type': {'displayName': 'RelatedEventId', 'value': 55}, 'value': '467'}]",False,,,,467.0,371027.0
1914099,SecondHalf,50,55,53,Card,Successful,839,Villarreal,371027.0,Tajon Buchanan,0.0,0.0,,,,,,,"[{'type': {'displayName': 'Yellow', 'value': 31}}, {'type': {'displayName': 'RelatedEventId', 'value': 55}, 'value': '466'}, {'type': {'displayName': 'Foul', 'value': 13}, 'value': '243'}]",False,,,Yellow,466.0,371027.0
1914099,SecondHalf,51,37,54,Pass,Unsuccessful,52,Real Madrid,415181.0,Arda Güler,70.3,87.4,91.3,47.2,,,,,"[{'type': {'displayName': 'Chipped', 'value': 155}}, {'type': {'displayName': 'Angle', 'value': 213}, 'value': '5.39'}, {'type': {'displayName': 'Length', 'value': 212}, 'value': '35.1'}, {'type': {'displayName': 'Cross', 'value': 2}}, {'type': {'displayName': 'Zone', 'value': 56}, 'value': 'Center'}, {'type': {'displayName': 'PassEndY', 'value': 141}, 'value': '47.2'}, {'type': {'displayName': 'FreekickTaken', 'value': 5}}, {'type': {'displayName': 'PassEndX', 'value': 140}, 'value': '91.3'}, {'type': {'displayName': 'LeftFoot', 'value': 72}}, {'type': {'displayName': 'Longball', 'value': 1}}]",True,,,,,
1914099,SecondHalf,51,39,54,Clearance,Successful,839,Villarreal,399047.0,Pape Gueye,7.9,51.4,8.9,52.6,,,,,"[{'type': {'displayName': 'Zone', 'value': 56}, 'value': 'Back'}, {'type': {'displayName': 'Head', 'value': 15}}, {'type': {'displayName': 'PassEndY', 'value': 141}, 'value': '52.6'}, {'type': {'displayName': 'Length', 'value': 212}, 'value': '1.3'}, {'type': {'displayName': 'PassEndX', 'value': 140}, 'value': '8.9'}, {'type': {'displayName': 'Angle', 'value': 213}, 'value': '0.66'}]",True,,,,,
1914099,SecondHalf,51,39,54,MissedShots,Successful,52,Real Madrid,468852.0,Dean Huijsen,91.3,47.2,,,42.9,33.3,98.6,43.9,"[{'type': {'displayName': 'SetPiece', 'value': 24}}, {'type': {'displayName': 'Head', 'value': 15}}, {'type': {'displayName': 'BoxCentre', 'value': 17}}, {'type': {'displayName': 'GoalMouthY', 'value': 102}, 'value': '42.9'}, {'type': {'displayName': 'BlockedY', 'value': 147}, 'value': '43.9'}, {'type': {'displayName': 'FirstTouch', 'value': 328}}, {'type': {'displayName': 'Zone', 'value': 56}, 'value': 'Center'}, {'type': {'displayName': 'BlockedX', 'value': 146}, 'value': '98.6'}, {'type': {'displayName': 'GoalMouthZ', 'value': 103}, 'value': '33.3'}]",True,True,,,,
1914099,SecondHalf,51,40,54,KeeperPickup,Successful,839,Villarreal,400826.0,Luiz Júnior,2.2,54.1,,,,,,,[],False,,,,,
1914099,SecondHalf,51,47,54,Pass,Successful,839,Villarreal,400826.0,Luiz Júnior,13.2,51.4,15.0,63.2,,,,,"[{'type': {'displayName': 'PassEndX', 'value': 140}, 'value': '15.0'}, {'type': {'displayName': 'Zone', 'value': 56}, 'value': 'Back'}, {'type': {'displayName': 'KeeperThrow', 'value': 123}}, {'type': {'displayName': 'PassEndY', 'value': 141}, 'value': '63.2'}, {'type': {'displayName': 'Angle', 'value': 213}, 'value': '1.34'}, {'type': {'displayName': 'Length', 'value': 212}, 'value': '8.2'}]",True,,,,,
1914099,SecondHalf,51,48,54,Pass,Successful,839,Villarreal,434077.0,Renato Veiga,15.0,63.2,27.7,62.7,,,,,"[{'type': {'displayName': 'PassEndY', 'value': 141}, 'value': '62.7'}, {'type': {'displayName': 'Angle', 'value': 213}, 'value': '6.26'}, {'type': {'displayName': 'Zone', 'value': 56}, 'value': 'Back'}, {'type': {'displayName': 'Length', 'value': 212}, 'value': '13.3'}, {'type': {'displayName': 'PassEndX', 'value': 140}, 'value': '27.7'}]",True,,,,,
1914099,SecondHalf,51,50,54,Pass,Successful,839,Villarreal,399047.0,Pape Gueye,30.2,69.1,35.9,98.4,,,,,"[{'type': {'displayName': 'Angle', 'value': 213}, 'value': '1.28'}, {'type': {'displayName': 'PassEndX', 'value': 140}, 'value': '35.9'}, {'type': {'displayName': 'Length', 'value': 212}, 'value': '20.8'}, {'type': {'displayName': 'Zone', 'value': 56}, 'value': 'Back'}, {'type': {'displayName': 'PassEndY', 'value': 141}, 'value': '98.4'}]",True,,,,,
1914099,SecondHalf,51,54,54,Pass,Unsuccessful,839,Villarreal,276489.0,Alfonso Pedraza,41.2,97.3,38.7,95.9,,,,,"[{'type': {'displayName': 'PassEndY', 'value': 141}, 'value': '95.9'}, {'type': {'displayName': 'OppositeRelatedEvent', 'value': 233}, 'value': '545'}, {'type': {'displayName': 'PassEndX', 'value': 140}, 'value': '38.7'}, {'type': {'displayName': 'Offensive', 'value': 286}}, {'type': {'displayName': 'Angle', 'value': 213}, 'value': '3.49'}, {'type': {'displayName': 'Zone', 'value': 56}, 'value': 'Back'}, {'type': {'displayName': 'Length', 'value': 212}, 'value': '2.8'}]",True,,,,,
1914099,SecondHalf,51,54,54,BlockedPass,Successful,52,Real Madrid,300713.0,Kylian Mbappé,61.3,4.1,,,,,,,"[{'type': {'displayName': 'Zone', 'value': 56}, 'value': 'Right'}, {'type': {'displayName': 'OppositeRelatedEvent', 'value': 233}, 'value': '474'}, {'type': {'displayName': 'Defensive', 'value': 285}}]",True,,,,,
1914099,SecondHalf,52,1,55,BallRecovery,Successful,52,Real Madrid,344644.0,Federico Valverde,20.1,2.1,,,,,,,[],False,,,,,
1914099,SecondHalf,52,1,55,Pass,Successful,52,Real Madrid,344644.0,Federico Valverde,20.1,2.1,4.8,50.7,,,,,"[{'type': {'displayName': 'Length', 'value': 212}, 'value': '36.7'}, {'type': {'displayName': 'Angle', 'value': 213}, 'value': '2.02'}, {'type': {'displayName': 'Zone', 'value': 56}, 'value': 'Back'}, {'type': {'displayName': 'PassEndX', 'value': 140}, 'value': '4.8'}, {'type': {'displayName': 'PassEndY', 'value': 141}, 'value': '50.7'}, {'type': {'displayName': 'Longball', 'value': 1}}]",True,,,,,
1914099,SecondHalf,52,6,55,Pass,Successful,52,Real Madrid,73798.0,Thibaut Courtois,4.8,50.7,8.4,80.5,,,,,"[{'type': {'displayName': 'Zone', 'value': 56}, 'value': 'Back'}, {'type': {'displayName': 'Angle', 'value': 213}, 'value': '1.39'}, {'type': {'displayName': 'PassEndY', 'value': 141}, 'value': '80.5'}, {'type': {'displayName': 'PassEndX', 'value': 140}, 'value': '8.4'}, {'type': {'displayName': 'Length', 'value': 212}, 'value': '20.6'}]",True,,,,,
1914099,SecondHalf,52,8,55,Pass,Successful,52,Real Madrid,468852.0,Dean Huijsen,8.4,80.5,31.5,76.2,,,,,"[{'type': {'displayName': 'Length', 'value': 212}, 'value': '24.4'}, {'type': {'displayName': 'Angle', 'value': 213}, 'value': '6.16'}, {'type': {'displayName': 'PassEndX', 'value': 140}, 'value': '31.5'}, {'type': {'displayName': 'Chipped', 'value': 155}}, {'type': {'displayName': 'PassEndY', 'value': 141}, 'value': '76.2'}, {'type': {'displayName': 'Zone', 'value': 56}, 'value': 'Back'}]",True,,,,,
1914099,SecondHalf,52,11,55,Dispossessed,Successful,52,Real Madrid,379868.0,Jude Bellingham,33.3,72.0,,,,,,,"[{'type': {'displayName': 'OppositeRelatedEvent', 'value': 233}, 'value': '475'}, {'type': {'displayName': 'Zone', 'value': 56}, 'value': 'Back'}, {'type': {'displayName': 'Defensive', 'value': 285}}]",True,,,,,
1914099,SecondHalf,52,11,55,Tackle,Successful,839,Villarreal,537235.0,Pau Navarro,66.7,28.0,,,,,,,"[{'type': {'displayName': 'Zone', 'value': 56}, 'value': 'Center'}, {'type': {'displayName': 'StandingSave', 'value': 178}}, {'type': {'displayName': 'Offensive', 'value': 286}}, {'type': {'displayName': 'OppositeRelatedEvent', 'value': 233}, 'value': '550'}]",True,,,,,
1914099,SecondHalf,52,12,55,BallRecovery,Successful,839,Villarreal,389020.0,Georges Mikautadze,75.0,29.1,,,,,,,[],False,,,,,
1914099,SecondHalf,52,13,55,Pass,Successful,839,Villarreal,389020.0,Georges Mikautadze,76.4,34.4,75.7,50.5,,,,,"[{'type': {'displayName': 'PassEndX', 'value': 140}, 'value': '75.7'}, {'type': {'displayName': 'PassEndY', 'value': 141}, 'value': '50.5'}, {'type': {'displayName': 'Length', 'value': 212}, 'value': '11.0'}, {'type': {'displayName': 'Angle', 'value': 213}, 'value': '1.64'}, {'type': {'displayName': 'Zone', 'value': 56}, 'value': 'Center'}]",True,,,,,
1914099,SecondHalf,52,15,55,Pass,Unsuccessful,839,Villarreal,448211.0,Alberto Moleiro,75.0,50.9,78.0,47.0,,,,,"[{'type': {'displayName': 'PassEndY', 'value': 141}, 'value': '47.0'}, {'type': {'displayName': 'PassEndX', 'value': 140}, 'value': '78.0'}, {'type': {'displayName': 'Length', 'value': 212}, 'value': '4.1'}, {'type': {'displayName': 'Angle', 'value': 213}, 'value': '5.58'}, {'type': {'displayName': 'Zone', 'value': 56}, 'value': 'Center'}]",True,,,,,
1914099,SecondHalf,52,17,55,BallTouch,Successful,52,Real Madrid,379868.0,Jude Bellingham,22.8,51.7,,,,,,,"[{'type': {'displayName': 'Zone', 'value': 56}, 'value': 'Back'}]",True,,,,,
1914099,SecondHalf,52,18,55,Pass,Successful,52,Real Madrid,534899.0,Raúl Asencio,12.3,48.6,19.9,52.8,,,,,"[{'type': {'displayName': 'PassEndX', 'value': 140}, 'value': '19.9'}, {'type': {'displayName': 'HeadPass', 'value': 3}}, {'type': {'displayName': 'PassEndY', 'value': 141}, 'value': '52.8'}, {'type': {'displayName': 'Length', 'value': 212}, 'value': '8.5'}, {'type': {'displayName': 'Angle', 'value': 213}, 'value': '0.34'}, {'type': {'displayName': 'Zone', 'value': 56}, 'value': 'Back'}]",True,,,,,
1914099,SecondHalf,52,20,55,BallRecovery,Successful,52,Real Madrid,369109.0,Eduardo Camavinga,11.4,53.4,,,,,,,[],False,,,,,
1914099,SecondHalf,52,22,55,Pass,Successful,52,Real Madrid,369109.0,Eduardo Camavinga,9.9,58.9,13.9,96.0,,,,,"[{'type': {'displayName': 'PassEndY', 'value': 141}, 'value': '96.0'}, {'type': {'displayName': 'Angle', 'value': 213}, 'value': '1.41'}, {'type': {'displayName': 'PassEndX', 'value': 140}, 'value': '13.9'}, {'type': {'displayName': 'Zone', 'value': 56}, 'value': 'Back'}, {'type': {'displayName': 'Length', 'value': 212}, 'value': '25.6'}, {'type': {'displayName': 'Chipped', 'value': 155}}]",True,,,,,
1914099,SecondHalf,52,27,55,Foul,Successful,52,Real Madrid,337782.0,Vinícius Júnior,20.9,91.9,,,,,,,"[{'type': {'displayName': 'OppositeRelatedEvent', 'value': 233}, 'value': '479'}, {'type': {'displayName': 'Defensive', 'value': 285}}, {'type': {'displayName': 'Foul', 'value': 13}}, {'type': {'displayName': 'Zone', 'value': 56}, 'value': 'Back'}]",True,,,,,
1914099,SecondHalf,52,27,55,Foul,Unsuccessful,839,Villarreal,97659.0,Gerard Moreno,79.1,8.1,,,,,,,"[{'type': {'displayName': 'Offensive', 'value': 286}}, {'type': {'displayName': 'Foul', 'value': 13}}, {'type': {'displayName': 'Zone', 'value': 56}, 'value': 'Right'}, {'type': {'displayName': 'OppositeRelatedEvent', 'value': 233}, 'value': '555'}]",False,,,,,
1914099,SecondHalf,53,11,56,Pass,Successful,52,Real Madrid,468852.0,Dean Huijsen,21.0,76.9,25.5,95.7,,,,,"[{'type': {'displayName': 'FreekickTaken', 'value': 5}}, {'type': {'displayName': 'PassEndY', 'value': 141}, 'value': '95.7'}, {'type': {'displayName': 'Angle', 'value': 213}, 'value': '1.22'}, {'type': {'displayName': 'Length', 'value': 212}, 'value': '13.6'}, {'type': {'displayName': 'Zone', 'value': 56}, 'value': 'Back'}, {'type': {'displayName': 'PassEndX', 'value': 140}, 'value': '25.5'}]",True,,,,,
1914099,SecondHalf,53,12,56,Pass,Successful,52,Real Madrid,437583.0,Álvaro Carreras,25.5,95.7,33.3,96.1,,,,,"[{'type': {'displayName': 'Zone', 'value': 56}, 'value': 'Back'}, {'type': {'displayName': 'Length', 'value': 212}, 'value': '8.2'}, {'type': {'displayName': 'PassEndX', 'value': 140}, 'value': '33.3'}, {'type': {'displayName': 'PassEndY', 'value': 141}, 'value': '96.1'}, {'type': {'displayName': 'Angle', 'value': 213}, 'value': '0.03'}]",True,,,,,
1914099,SecondHalf,53,14,56,Pass,Successful,52,Real Madrid,337782.0,Vinícius Júnior,34.7,94.2,37.5,10.5,,,,,"[{'type': {'displayName': 'Zone', 'value': 56}, 'value': 'Back'}, {'type': {'displayName': 'Length', 'value': 212}, 'value': '57.0'}, {'type': {'displayName': 'Chipped', 'value': 155}}, {'type': {'displayName': 'PassEndX', 'value': 140}, 'value': '37.5'}, {'type': {'displayName': 'Longball', 'value': 1}}, {'type': {'displayName': 'PassEndY', 'value': 141}, 'value': '10.5'}, {'type': {'displayName': 'Angle', 'value': 213}, 'value': '4.76'}]",True,,,,,
1914099,SecondHalf,53,17,56,Pass,Successful,52,Real Madrid,344644.0,Federico Valverde,37.5,10.5,47.3,2.8,,,,,"[{'type': {'displayName': 'Zone', 'value': 56}, 'value': 'Back'}, {'type': {'displayName': 'Angle', 'value': 213}, 'value': '5.81'}, {'type': {'displayName': 'PassEndY', 'value': 141}, 'value': '2.8'}, {'type': {'displayName': 'Length', 'value': 212}, 'value': '11.5'}, {'type': {'displayName': 'PassEndX', 'value': 140}, 'value': '47.3'}]",True,,,,,
1914099,SecondHalf,53,21,56,Pass,Successful,52,Real Madrid,300713.0,Kylian Mbappé,45.2,3.4,33.3,3.3,,,,,"[{'type': {'displayName': 'Length', 'value': 212}, 'value': '12.5'}, {'type': {'displayName': 'Zone', 'value': 56}, 'value': 'Back'}, {'type': {'displayName': 'PassEndX', 'value': 140}, 'value': '33.3'}, {'type': {'displayName': 'Angle', 'value': 213}, 'value': '3.15'}, {'type': {'displayName': 'PassEndY', 'value': 141}, 'value': '3.3'}]",True,,,,,
1914099,SecondHalf,53,23,56,Pass,Successful,52,Real Madrid,344644.0,Federico Valverde,33.2,4.3,28.1,29.1,,,,,"[{'type': {'displayName': 'PassEndX', 'value': 140}, 'value': '28.1'}, {'type': {'displayName': 'Zone', 'value': 56}, 'value': 'Back'}, {'type': {'displayName': 'Length', 'value': 212}, 'value': '17.7'}, {'type': {'displayName': 'Angle', 'value': 213}, 'value': '1.88'}, {'type': {'displayName': 'PassEndY', 'value': 141}, 'value': '29.1'}]",True,,,,,
1914099,SecondHalf,53,27,56,Pass,Successful,52,Real Madrid,534899.0,Raúl Asencio,26.8,30.5,78.1,91.4,,,,,"[{'type': {'displayName': 'Angle', 'value': 213}, 'value': '0.66'}, {'type': {'displayName': 'Longball', 'value': 1}}, {'type': {'displayName': 'PassEndY', 'value': 141}, 'value': '91.4'}, {'type': {'displayName': 'PassEndX', 'value': 140}, 'value': '78.1'}, {'type': {'displayName': 'Zone', 'value': 56}, 'value': 'Left'}, {'type': {'displayName': 'Length', 'value': 212}, 'value': '67.9'}, {'type': {'displayName': 'Chipped', 'value': 155}}]",True,,,,,
1914099,SecondHalf,53,35,56,Pass,Successful,52,Real Madrid,337782.0,Vinícius Júnior,88.8,77.7,88.3,57.9,,,,,"[{'type': {'displayName': 'Angle', 'value': 213}, 'value': '4.67'}, {'type': {'displayName': 'PassEndY', 'value': 141}, 'value': '57.9'}, {'type': {'displayName': 'PassEndX', 'value': 140}, 'value': '88.3'}, {'type': {'displayName': 'Length', 'value': 212}, 'value': '13.5'}, {'type': {'displayName': 'Zone', 'value': 56}, 'value': 'Center'}]",True,,,,,
1914099,SecondHalf,53,37,56,Dispossessed,Successful,52,Real Madrid,379868.0,Jude Bellingham,87.4,60.8,,,,,,,"[{'type': {'displayName': 'OppositeRelatedEvent', 'value': 233}, 'value': '480'}, {'type': {'displayName': 'Zone', 'value': 56}, 'value': 'Center'}, {'type': {'displayName': 'Offensive', 'value': 286}}]",True,,,,,
1914099,SecondHalf,53,37,56,Tackle,Unsuccessful,839,Villarreal,434077.0,Renato Veiga,12.5,39.3,,,,,,,"[{'type': {'displayName': 'StandingSave', 'value': 178}}, {'type': {'displayName': 'Defensive', 'value': 285}}, {'type': {'displayName': 'OppositeRelatedEvent', 'value': 233}, 'value': '564'}, {'type': {'displayName': 'Zone', 'value': 56}, 'value': 'Back'}]",True,,,,,
1914099,SecondHalf,53,38,56,BallTouch,Successful,52,Real Madrid,379868.0,Jude Bellingham,90.3,56.4,,,,,,,"[{'type': {'displayName': 'Zone', 'value': 56}, 'value': 'Center'}]",True,,,,,
1914099,SecondHalf,53,38,56,BallRecovery,Successful,839,Villarreal,434077.0,Renato Veiga,9.6,44.1,,,,,,,[],False,,,,,
1914099,SecondHalf,53,39,56,Pass,Unsuccessful,839,Villarreal,434077.0,Renato Veiga,10.4,41.8,22.8,34.4,,,,,"[{'type': {'displayName': 'Length', 'value': 212}, 'value': '14.0'}, {'type': {'displayName': 'Zone', 'value': 56}, 'value': 'Back'}, {'type': {'displayName': 'PassEndY', 'value': 141}, 'value': '34.4'}, {'type': {'displayName': 'PassEndX', 'value': 140}, 'value': '22.8'}, {'type': {'displayName': 'Angle', 'value': 213}, 'value': '5.91'}]",True,,,,,
1914099,SecondHalf,53,40,56,Pass,Unsuccessful,839,Villarreal,371027.0,Tajon Buchanan,20.2,30.1,21.6,30.1,,,,,"[{'type': {'displayName': 'Angle', 'value': 213}, 'value': '0.00'}, {'type': {'displayName': 'PassEndY', 'value': 141}, 'value': '30.1'}, {'type': {'displayName': 'Zone', 'value': 56}, 'value': 'Back'}, {'type': {'displayName': 'Length', 'value': 212}, 'value': '1.5'}, {'type': {'displayName': 'PassEndX', 'value': 140}, 'value': '21.6'}]",True,,,,,
1914099,SecondHalf,53,41,56,BallRecovery,Successful,52,Real Madrid,369109.0,Eduardo Camavinga,70.4,60.0,,,,,,,[],False,,,,,
1914099,SecondHalf,53,43,56,Pass,Successful,52,Real Madrid,369109.0,Eduardo Camavinga,70.8,67.5,75.5,39.4,,,,,"[{'type': {'displayName': 'Length', 'value': 212}, 'value': '19.7'}, {'type': {'displayName': 'Zone', 'value': 56}, 'value': 'Center'}, {'type': {'displayName': 'Angle', 'value': 213}, 'value': '4.97'}, {'type': {'displayName': 'PassEndX', 'value': 140}, 'value': '75.5'}, {'type': {'displayName': 'PassEndY', 'value': 141}, 'value': '39.4'}]",True,,,,,
1914099,SecondHalf,53,45,56,Pass,Successful,52,Real Madrid,415181.0,Arda Güler,75.5,39.4,90.7,30.3,,,,,"[{'type': {'displayName': 'PassEndY', 'value': 141}, 'value': '30.3'}, {'type': {'displayName': 'PassEndX', 'value': 140}, 'value': '90.7'}, {'type': {'displayName': 'Zone', 'value': 56}, 'value': 'Center'}, {'type': {'displayName': 'ShotAssist', 'value': 210}, 'value': '15'}, {'type': {'displayName': 'Length', 'value': 212}, 'value': '17.1'}, {'type': {'displayName': 'Angle', 'value': 213}, 'value': '5.91'}, {'type': {'displayName': 'KeyPass', 'value': 11113}}]",True,,,,,
1914099,SecondHalf,53,46,56,SavedShot,Successful,52,Real Madrid,300713.0,Kylian Mbappé,91.1,31.3,,,48.7,19.0,93.2,35.4,"[{'type': {'displayName': 'RightFoot', 'value': 20}}, {'type': {'displayName': 'IndividualPlay', 'value': 215}}, {'type': {'displayName': 'BlockedX', 'value': 146}, 'value': '93.2'}, {'type': {'displayName': 'OppositeRelatedEvent', 'value': 233}, 'value': '483'}, {'type': {'displayName': 'Blocked', 'value': 82}}, {'type': {'displayName': 'RegularPlay', 'value': 22}}, {'type': {'displayName': 'Zone', 'value': 56}, 'value': 'Center'}, {'type': {'displayName': 'RelatedEventId', 'value': 55}, 'value': '568'}, {'type': {'displayName': 'Assisted', 'value': 29}}, {'type': {'displayName': 'BoxRight', 'value': 63}}, {'type': {'displayName': 'BlockedY', 'value': 147}, 'value': '35.4'}, {'type': {'displayName': 'GoalMouthZ', 'value': 103}, 'value': '19'}, {'type': {'displayName': 'LowCentre', 'value': 78}}, {'type': {'displayName': 'GoalMouthY', 'value': 102}, 'value': '48.7'}]",True,True,,,568.0,415181.0
1914099,SecondHalf,53,46,56,Save,Successful,839,Villarreal,276489.0,Alfonso Pedraza,6.4,65.3,,,,,,,"[{'type': {'displayName': 'Zone', 'value': 56}, 'value': 'Back'}, {'type': {'displayName': 'OutfielderBlock', 'value': 94}}, {'type': {'displayName': 'OppositeRelatedEvent', 'value': 233}, 'value': '569'}]",True,,,,,
1914099,SecondHalf,54,14,57,Pass,Successful,52,Real Madrid,344644.0,Federico Valverde,76.4,0.0,84.9,11.4,,,,,"[{'type': {'displayName': 'Length', 'value': 212}, 'value': '12.4'}, {'type': {'displayName': 'PassEndX', 'value': 140}, 'value': '84.9'}, {'type': {'displayName': 'Zone', 'value': 56}, 'value': 'Right'}, {'type': {'displayName': 'PassEndY', 'value': 141}, 'value': '11.4'}, {'type': {'displayName': 'Angle', 'value': 213}, 'value': '0.76'}, {'type': {'displayName': 'ThrowIn', 'value': 107}}]",True,,,,,
1914099,SecondHalf,54,15,57,Pass,Unsuccessful,52,Real Madrid,300713.0,Kylian Mbappé,84.9,11.4,81.8,15.9,,,,,"[{'type': {'displayName': 'PassEndX', 'value': 140}, 'value': '81.8'}, {'type': {'displayName': 'Angle', 'value': 213}, 'value': '2.39'}, {'type': {'displayName': 'Length', 'value': 212}, 'value': '4.5'}, {'type': {'displayName': 'Zone', 'value': 56}, 'value': 'Right'}, {'type': {'displayName': 'PassEndY', 'value': 141}, 'value': '15.9'}]",True,,,,,
1914099,SecondHalf,54,18,57,Dispossessed,Successful,839,Villarreal,28186.0,Dani Parejo,25.5,83.4,,,,,,,"[{'type': {'displayName': 'OppositeRelatedEvent', 'value': 233}, 'value': '573'}, {'type': {'displayName': 'Zone', 'value': 56}, 'value': 'Back'}, {'type': {'displayName': 'Defensive', 'value': 285}}]",True,,,,,
1914099,SecondHalf,54,18,57,Tackle,Unsuccessful,52,Real Madrid,514810.0,Franco Mastantuono,74.5,16.6,,,,,,,"[{'type': {'displayName': 'OppositeRelatedEvent', 'value': 233}, 'value': '485'}, {'type': {'displayName': 'Zone', 'value': 56}, 'value': 'Right'}, {'type': {'displayName': 'Offensive', 'value': 286}}]",True,,,,,
1914099,SecondHalf,54,18,57,Pass,Unsuccessful,839,Villarreal,448211.0,Alberto Moleiro,28.3,90.6,28.6,81.4,,,,,"[{'type': {'displayName': 'PassEndX', 'value': 140}, 'value': '28.6'}, {'type': {'displayName': 'PassEndY', 'value': 141}, 'value': '81.4'}, {'type': {'displayName': 'Length', 'value': 212}, 'value': '6.3'}, {'type': {'displayName': 'Angle', 'value': 213}, 'value': '4.76'}, {'type': {'displayName': 'Zone', 'value': 56}, 'value': 'Back'}]",True,,,,,
1914099,SecondHalf,54,19,57,BallTouch,Successful,52,Real Madrid,514810.0,Franco Mastantuono,75.5,19.7,,,,,,,"[{'type': {'displayName': 'Zone', 'value': 56}, 'value': 'Right'}]",True,,,,,
1914099,SecondHalf,54,21,57,Foul,Successful,52,Real Madrid,534899.0,Raúl Asencio,68.0,25.5,,,,,,,"[{'type': {'displayName': 'Zone', 'value': 56}, 'value': 'Center'}, {'type': {'displayName': 'Offensive', 'value': 286}}, {'type': {'displayName': 'Foul', 'value': 13}}, {'type': {'displayName': 'OppositeRelatedEvent', 'value': 233}, 'value': '487'}]",True,,,,,
1914099,SecondHalf,54,21,57,Foul,Unsuccessful,839,Villarreal,97659.0,Gerard Moreno,32.0,74.5,,,,,,,"[{'type': {'displayName': 'OppositeRelatedEvent', 'value': 233}, 'value': '575'}, {'type': {'displayName': 'Zone', 'value': 56}, 'value': 'Back'}, {'type': {'displayName': 'Foul', 'value': 13}}, {'type': {'displayName': 'Defensive', 'value': 285}}]",False,,,,,
1914099,SecondHalf,54,47,57,Pass,Successful,52,Real Madrid,415181.0,Arda Güler,69.2,22.6,67.0,31.0,,,,,"[{'type': {'displayName': 'PassEndX', 'value': 140}, 'value': '67.0'}, {'type': {'displayName': 'Zone', 'value': 56}, 'value': 'Center'}, {'type': {'displayName': 'FreekickTaken', 'value': 5}}, {'type': {'displayName': 'PassEndY', 'value': 141}, 'value': '31.0'}, {'type': {'displayName': 'Length', 'value': 212}, 'value': '6.2'}, {'type': {'displayName': 'Angle', 'value': 213}, 'value': '1.96'}]",True,,,,,
1914099,SecondHalf,54,48,57,Pass,Successful,52,Real Madrid,344644.0,Federico Valverde,67.0,31.0,70.3,22.8,,,,,"[{'type': {'displayName': 'Zone', 'value': 56}, 'value': 'Center'}, {'type': {'displayName': 'PassEndY', 'value': 141}, 'value': '22.8'}, {'type': {'displayName': 'PassEndX', 'value': 140}, 'value': '70.3'}, {'type': {'displayName': 'Length', 'value': 212}, 'value': '6.6'}, {'type': {'displayName': 'Angle', 'value': 213}, 'value': '5.27'}]",True,,,,,
1914099,SecondHalf,54,48,57,Pass,Successful,52,Real Madrid,415181.0,Arda Güler,70.3,22.8,87.3,12.1,,,,,"[{'type': {'displayName': 'Angle', 'value': 213}, 'value': '5.90'}, {'type': {'displayName': 'Zone', 'value': 56}, 'value': 'Right'}, {'type': {'displayName': 'PassEndX', 'value': 140}, 'value': '87.3'}, {'type': {'displayName': 'PassEndY', 'value': 141}, 'value': '12.1'}, {'type': {'displayName': 'Length', 'value': 212}, 'value': '19.3'}]",True,,,,,
1914099,SecondHalf,54,53,57,Pass,Successful,52,Real Madrid,514810.0,Franco Mastantuono,85.2,30.4,78.1,54.7,,,,,"[{'type': {'displayName': 'PassEndX', 'value': 140}, 'value': '78.1'}, {'type': {'displayName': 'Angle', 'value': 213}, 'value': '1.99'}, {'type': {'displayName': 'Zone', 'value': 56}, 'value': 'Center'}, {'type': {'displayName': 'Length', 'value': 212}, 'value': '18.1'}, {'type': {'displayName': 'PassEndY', 'value': 141}, 'value': '54.7'}]",True,,,,,
1914099,SecondHalf,54,55,57,Pass,Successful,52,Real Madrid,379868.0,Jude Bellingham,78.1,54.7,70.7,45.6,,,,,"[{'type': {'displayName': 'Angle', 'value': 213}, 'value': '3.81'}, {'type': {'displayName': 'PassEndY', 'value': 141}, 'value': '45.6'}, {'type': {'displayName': 'PassEndX', 'value': 140}, 'value': '70.7'}, {'type': {'displayName': 'Zone', 'value': 56}, 'value': 'Center'}, {'type': {'displayName': 'Length', 'value': 212}, 'value': '9.9'}]",True,,,,,
1914099,SecondHalf,54,57,57,Pass,Successful,52,Real Madrid,369109.0,Eduardo Camavinga,70.4,48.1,71.0,78.4,,,,,"[{'type': {'displayName': 'PassEndX', 'value': 140}, 'value': '71.0'}, {'type': {'displayName': 'Zone', 'value': 56}, 'value': 'Center'}, {'type': {'displayName': 'Length', 'value': 212}, 'value': '20.6'}, {'type': {'displayName': 'PassEndY', 'value': 141}, 'value': '78.4'}, {'type': {'displayName': 'Angle', 'value': 213}, 'value': '1.54'}]",True,,,,,
1914099,SecondHalf,54,59,57,Pass,Successful,52,Real Madrid,437583.0,Álvaro Carreras,71.0,78.4,76.0,80.2,,,,,"[{'type': {'displayName': 'PassEndX', 'value': 140}, 'value': '76.0'}, {'type': {'displayName': 'Length', 'value': 212}, 'value': '5.4'}, {'type': {'displayName': 'PassEndY', 'value': 141}, 'value': '80.2'}, {'type': {'displayName': 'Angle', 'value': 213}, 'value': '0.23'}, {'type': {'displayName': 'Zone', 'value': 56}, 'value': 'Left'}]",True,,,,,
1914099,SecondHalf,55,1,58,Pass,Successful,52,Real Madrid,300713.0,Kylian Mbappé,76.2,80.2,92.4,72.0,,,,,"[{'type': {'displayName': 'Length', 'value': 212}, 'value': '17.9'}, {'type': {'displayName': 'PassEndY', 'value': 141}, 'value': '72.0'}, {'type': {'displayName': 'PassEndX', 'value': 140}, 'value': '92.4'}, {'type': {'displayName': 'Angle', 'value': 213}, 'value': '5.97'}, {'type': {'displayName': 'Zone', 'value': 56}, 'value': 'Center'}]",True,,,,,
1914099,SecondHalf,55,5,58,Pass,Unsuccessful,52,Real Madrid,379868.0,Jude Bellingham,98.9,72.8,99.0,71.6,,,,,"[{'type': {'displayName': 'OppositeRelatedEvent', 'value': 233}, 'value': '488'}, {'type': {'displayName': 'Offensive', 'value': 286}}, {'type': {'displayName': 'Angle', 'value': 213}, 'value': '4.84'}, {'type': {'displayName': 'PassEndY', 'value': 141}, 'value': '71.6'}, {'type': {'displayName': 'Length', 'value': 212}, 'value': '0.8'}, {'type': {'displayName': 'Zone', 'value': 56}, 'value': 'Center'}, {'type': {'displayName': 'PassEndX', 'value': 140}, 'value': '99.0'}]",True,,,,,
1914099,SecondHalf,55,5,58,BlockedPass,Successful,839,Villarreal,430301.0,Rafa Marín,1.0,28.4,,,,,,,"[{'type': {'displayName': 'Defensive', 'value': 285}}, {'type': {'displayName': 'Zone', 'value': 56}, 'value': 'Back'}, {'type': {'displayName': 'OppositeRelatedEvent', 'value': 233}, 'value': '584'}]",True,,,,,
1914099,SecondHalf,55,8,58,BallTouch,Successful,52,Real Madrid,379868.0,Jude Bellingham,98.5,71.5,,,,,,,"[{'type': {'displayName': 'Zone', 'value': 56}, 'value': 'Center'}]",True,,,,,
1914099,SecondHalf,55,35,58,Pass,Successful,839,Villarreal,400826.0,Luiz Júnior,5.5,42.4,55.1,6.3,,,,,"[{'type': {'displayName': 'MissHigh', 'value': 74}}, {'type': {'displayName': 'GoalKick', 'value': 124}}, {'type': {'displayName': 'Zone', 'value': 56}, 'value': 'Right'}, {'type': {'displayName': 'Angle', 'value': 213}, 'value': '5.84'}, {'type': {'displayName': 'PassEndY', 'value': 141}, 'value': '6.3'}, {'type': {'displayName': 'Longball', 'value': 1}}, {'type': {'displayName': 'PassEndX', 'value': 140}, 'value': '55.1'}, {'type': {'displayName': 'Length', 'value': 212}, 'value': '57.6'}]",True,,,,,
1914099,SecondHalf,55,38,58,Pass,Successful,839,Villarreal,371027.0,Tajon Buchanan,55.1,6.3,39.4,8.0,,,,,"[{'type': {'displayName': 'PassEndX', 'value': 140}, 'value': '39.4'}, {'type': {'displayName': 'Length', 'value': 212}, 'value': '16.5'}, {'type': {'displayName': 'Angle', 'value': 213}, 'value': '3.07'}, {'type': {'displayName': 'Zone', 'value': 56}, 'value': 'Back'}, {'type': {'displayName': 'PassEndY', 'value': 141}, 'value': '8.0'}]",True,,,,,
1914099,SecondHalf,55,39,58,Pass,Successful,839,Villarreal,537235.0,Pau Navarro,39.5,7.9,39.0,26.8,,,,,"[{'type': {'displayName': 'PassEndY', 'value': 141}, 'value': '26.8'}, {'type': {'displayName': 'Length', 'value': 212}, 'value': '12.9'}, {'type': {'displayName': 'Zone', 'value': 56}, 'value': 'Back'}, {'type': {'displayName': 'PassEndX', 'value': 140}, 'value': '39.0'}, {'type': {'displayName': 'Angle', 'value': 213}, 'value': '1.61'}]",True,,,,,
1914099,SecondHalf,55,40,58,Pass,Successful,839,Villarreal,399047.0,Pape Gueye,36.2,29.8,27.5,29.4,,,,,"[{'type': {'displayName': 'Length', 'value': 212}, 'value': '9.1'}, {'type': {'displayName': 'PassEndX', 'value': 140}, 'value': '27.5'}, {'type': {'displayName': 'Angle', 'value': 213}, 'value': '3.17'}, {'type': {'displayName': 'Zone', 'value': 56}, 'value': 'Back'}, {'type': {'displayName': 'PassEndY', 'value': 141}, 'value': '29.4'}]",True,,,,,
1914099,SecondHalf,55,43,58,Pass,Successful,839,Villarreal,430301.0,Rafa Marín,28.2,32.3,29.1,67.7,,,,,"[{'type': {'displayName': 'Zone', 'value': 56}, 'value': 'Back'}, {'type': {'displayName': 'Length', 'value': 212}, 'value': '24.1'}, {'type': {'displayName': 'PassEndX', 'value': 140}, 'value': '29.1'}, {'type': {'displayName': 'PassEndY', 'value': 141}, 'value': '67.7'}, {'type': {'displayName': 'Angle', 'value': 213}, 'value': '1.53'}]",True,,,,,
1914099,SecondHalf,55,52,58,Pass,Successful,839,Villarreal,434077.0,Renato Veiga,55.3,76.7,53.0,67.6,,,,,"[{'type': {'displayName': 'Angle', 'value': 213}, 'value': '4.34'}, {'type': {'displayName': 'PassEndX', 'value': 140}, 'value': '53.0'}, {'type': {'displayName': 'Length', 'value': 212}, 'value': '6.6'}, {'type': {'displayName': 'PassEndY', 'value': 141}, 'value': '67.6'}, {'type': {'displayName': 'Zone', 'value': 56}, 'value': 'Center'}]",True,,,,,
1914099,SecondHalf,55,54,58,Pass,Successful,839,Villarreal,28186.0,Dani Parejo,53.8,61.8,93.0,33.3,,,,,"[{'type': {'displayName': 'Longball', 'value': 1}}, {'type': {'displayName': 'IntentionalAssist', 'value': 154}}, {'type': {'displayName': 'ShotAssist', 'value': 210}, 'value': '13'}, {'type': {'displayName': 'Length', 'value': 212}, 'value': '45.5'}, {'type': {'displayName': 'PassEndY', 'value': 141}, 'value': '33.3'}, {'type': {'displayName': 'PassEndX', 'value': 140}, 'value': '93.0'}, {'type': {'displayName': 'Angle', 'value': 213}, 'value': '5.84'}, {'type': {'displayName': 'Zone', 'value': 56}, 'value': 'Center'}, {'type': {'displayName': 'Chipped', 'value': 155}}, {'type': {'displayName': 'BigChanceCreated', 'value': 11112}}, {'type': {'displayName': 'KeyPass', 'value': 11113}}]",True,,,,,
1914099,SecondHalf,55,58,58,MissedShots,Successful,839,Villarreal,97659.0,Gerard Moreno,90.5,34.6,,,40.7,9.7,,,"[{'type': {'displayName': 'Zone', 'value': 56}, 'value': 'Center'}, {'type': {'displayName': 'LeftFoot', 'value': 72}}, {'type': {'displayName': 'GoalMouthZ', 'value': 103}, 'value': '9.7'}, {'type': {'displayName': 'BoxRight', 'value': 63}}, {'type': {'displayName': 'GoalMouthY', 'value': 102}, 'value': '40.7'}, {'type': {'displayName': 'BigChance', 'value': 214}}, {'type': {'displayName': 'Volley', 'value': 108}}, {'type': {'displayName': 'IntentionalAssist', 'value': 154}}, {'type': {'displayName': 'FirstTouch', 'value': 328}}, {'type': {'displayName': 'MissRight', 'value': 75}}, {'type': {'displayName': 'Assisted', 'value': 29}}, {'type': {'displayName': 'RegularPlay', 'value': 22}}, {'type': {'displayName': 'RelatedEventId', 'value': 55}, 'value': '497'}]",True,True,,,497.0,28186.0
1914099,SecondHalf,56,12,59,Pass,Successful,52,Real Madrid,73798.0,Thibaut Courtois,3.9,57.3,8.1,70.5,,,,,"[{'type': {'displayName': 'Zone', 'value': 56}, 'value': 'Back'}, {'type': {'displayName': 'Angle', 'value': 213}, 'value': '1.11'}, {'type': {'displayName': 'PassEndY', 'value': 141}, 'value': '70.5'}, {'type': {'displayName': 'Length', 'value': 212}, 'value': '10.0'}, {'type': {'displayName': 'GoalKick', 'value': 124}}, {'type': {'displayName': 'PassEndX', 'value': 140}, 'value': '8.1'}]",True,,,,,
1914099,SecondHalf,56,13,59,Pass,Successful,52,Real Madrid,468852.0,Dean Huijsen,8.1,70.5,11.3,92.8,,,,,"[{'type': {'displayName': 'PassEndX', 'value': 140}, 'value': '11.3'}, {'type': {'displayName': 'Length', 'value': 212}, 'value': '15.5'}, {'type': {'displayName': 'Angle', 'value': 213}, 'value': '1.35'}, {'type': {'displayName': 'PassEndY', 'value': 141}, 'value': '92.8'}, {'type': {'displayName': 'Zone', 'value': 56}, 'value': 'Back'}]",True,,,,,
1914099,SecondHalf,56,16,59,Pass,Successful,52,Real Madrid,437583.0,Álvaro Carreras,11.3,93.0,26.2,95.2,,,,,"[{'type': {'displayName': 'Angle', 'value': 213}, 'value': '0.10'}, {'type': {'displayName': 'PassEndX', 'value': 140}, 'value': '26.2'}, {'type': {'displayName': 'Zone', 'value': 56}, 'value': 'Back'}, {'type': {'displayName': 'Length', 'value': 212}, 'value': '15.7'}, {'type': {'displayName': 'PassEndY', 'value': 141}, 'value': '95.2'}]",True,,,,,
1914099,SecondHalf,56,18,59,Foul,Successful,52,Real Madrid,337782.0,Vinícius Júnior,27.5,94.4,,,,,,,"[{'type': {'displayName': 'Foul', 'value': 13}}, {'type': {'displayName': 'Zone', 'value': 56}, 'value': 'Back'}, {'type': {'displayName': 'Defensive', 'value': 285}}, {'type': {'displayName': 'OppositeRelatedEvent', 'value': 233}, 'value': '501'}]",True,,,,,
1914099,SecondHalf,56,18,59,Foul,Unsuccessful,839,Villarreal,537235.0,Pau Navarro,72.5,5.6,,,,,,,"[{'type': {'displayName': 'OppositeRelatedEvent', 'value': 233}, 'value': '592'}, {'type': {'displayName': 'Zone', 'value': 56}, 'value': 'Right'}, {'type': {'displayName': 'Offensive', 'value': 286}}, {'type': {'displayName': 'Foul', 'value': 13}}]",False,,,,,
1914099,SecondHalf,56,36,59,Pass,Successful,52,Real Madrid,437583.0,Álvaro Carreras,23.8,87.9,8.0,60.5,,,,,"[{'type': {'displayName': 'PassEndX', 'value': 140}, 'value': '8.0'}, {'type': {'displayName': 'FreekickTaken', 'value': 5}}, {'type': {'displayName': 'PassEndY', 'value': 141}, 'value': '60.5'}, {'type': {'displayName': 'Zone', 'value': 56}, 'value': 'Back'}, {'type': {'displayName': 'Angle', 'value': 213}, 'value': '3.98'}, {'type': {'displayName': 'Length', 'value': 212}, 'value': '24.9'}]",True,,,,,
1914099,SecondHalf,56,36,59,Pass,Successful,52,Real Madrid,468852.0,Dean Huijsen,7.8,65.4,13.4,22.1,,,,,"[{'type': {'displayName': 'PassEndY', 'value': 141}, 'value': '22.1'}, {'type': {'displayName': 'Angle', 'value': 213}, 'value': '4.91'}, {'type': {'displayName': 'Zone', 'value': 56}, 'value': 'Back'}, {'type': {'displayName': 'PassEndX', 'value': 140}, 'value': '13.4'}, {'type': {'displayName': 'Length', 'value': 212}, 'value': '30.0'}]",True,,,,,
1914099,SecondHalf,56,45,59,Pass,Successful,52,Real Madrid,534899.0,Raúl Asencio,44.7,22.1,80.0,91.0,,,,,"[{'type': {'displayName': 'Longball', 'value': 1}}, {'type': {'displayName': 'Length', 'value': 212}, 'value': '59.7'}, {'type': {'displayName': 'Angle', 'value': 213}, 'value': '0.90'}, {'type': {'displayName': 'PassEndX', 'value': 140}, 'value': '80.0'}, {'type': {'displayName': 'Zone', 'value': 56}, 'value': 'Left'}, {'type': {'displayName': 'Chipped', 'value': 155}}, {'type': {'displayName': 'PassEndY', 'value': 141}, 'value': '91.0'}]",True,,,,,
1914099,SecondHalf,56,50,59,TakeOn,Unsuccessful,52,Real Madrid,337782.0,Vinícius Júnior,87.3,87.9,,,,,,,"[{'type': {'displayName': 'Offensive', 'value': 286}}, {'type': {'displayName': 'Zone', 'value': 56}, 'value': 'Left'}]",True,,,,,
1914099,SecondHalf,56,50,59,Foul,Successful,52,Real Madrid,337782.0,Vinícius Júnior,83.4,87.9,,,,,,,"[{'type': {'displayName': 'Zone', 'value': 56}, 'value': 'Left'}, {'type': {'displayName': 'Foul', 'value': 13}}, {'type': {'displayName': 'OppositeRelatedEvent', 'value': 233}, 'value': '502'}, {'type': {'displayName': 'Offensive', 'value': 286}}]",True,,,,,
1914099,SecondHalf,56,50,59,Foul,Unsuccessful,839,Villarreal,537235.0,Pau Navarro,16.6,12.1,,,,,,,"[{'type': {'displayName': 'RelatedEventId', 'value': 55}, 'value': '503'}, {'type': {'displayName': 'Defensive', 'value': 285}}, {'type': {'displayName': 'OppositeRelatedEvent', 'value': 233}, 'value': '596'}, {'type': {'displayName': 'Zone', 'value': 56}, 'value': 'Back'}, {'type': {'displayName': 'Foul', 'value': 13}}]",False,,,,503.0,537235.0
1914099,SecondHalf,56,55,59,Card,Successful,839,Villarreal,537235.0,Pau Navarro,0.0,0.0,,,,,,,"[{'type': {'displayName': 'Yellow', 'value': 31}}, {'type': {'displayName': 'RelatedEventId', 'value': 55}, 'value': '502'}, {'type': {'displayName': 'Foul', 'value': 13}, 'value': '243'}]",False,,,Yellow,502.0,537235.0
1914099,SecondHalf,57,35,60,Pass,Unsuccessful,52,Real Madrid,415181.0,Arda Güler,82.6,87.9,93.3,42.3,,,,,"[{'type': {'displayName': 'Cross', 'value': 2}}, {'type': {'displayName': 'Longball', 'value': 1}}, {'type': {'displayName': 'PassEndX', 'value': 140}, 'value': '93.3'}, {'type': {'displayName': 'Zone', 'value': 56}, 'value': 'Center'}, {'type': {'displayName': 'FreekickTaken', 'value': 5}}, {'type': {'displayName': 'Chipped', 'value': 155}}, {'type': {'displayName': 'LeftFoot', 'value': 72}}, {'type': {'displayName': 'Angle', 'value': 213}, 'value': '5.06'}, {'type': {'displayName': 'PassEndY', 'value': 141}, 'value': '42.3'}, {'type': {'displayName': 'Length', 'value': 212}, 'value': '33.0'}]",True,,,,,
1914099,SecondHalf,57,37,60,Aerial,Successful,839,Villarreal,434077.0,Renato Veiga,7.0,57.0,,,,,,,"[{'type': {'displayName': 'Defensive', 'value': 285}}, {'type': {'displayName': 'Zone', 'value': 56}, 'value': 'Back'}, {'type': {'displayName': 'OppositeRelatedEvent', 'value': 233}, 'value': '598'}]",False,,,,,
1914099,SecondHalf,57,37,60,Aerial,Unsuccessful,52,Real Madrid,468852.0,Dean Huijsen,93.0,43.0,,,,,,,"[{'type': {'displayName': 'OppositeRelatedEvent', 'value': 233}, 'value': '504'}, {'type': {'displayName': 'Offensive', 'value': 286}}, {'type': {'displayName': 'Zone', 'value': 56}, 'value': 'Center'}]",False,,,,,
1914099,SecondHalf,57,37,60,Clearance,Successful,839,Villarreal,434077.0,Renato Veiga,7.5,58.3,26.4,81.7,,,,,"[{'type': {'displayName': 'Head', 'value': 15}}, {'type': {'displayName': 'Angle', 'value': 213}, 'value': '0.68'}, {'type': {'displayName': 'PassEndY', 'value': 141}, 'value': '81.7'}, {'type': {'displayName': 'PassEndX', 'value': 140}, 'value': '26.4'}, {'type': {'displayName': 'Zone', 'value': 56}, 'value': 'Back'}, {'type': {'displayName': 'Length', 'value': 212}, 'value': '25.4'}]",True,,,,,
1914099,SecondHalf,57,41,60,Pass,Successful,52,Real Madrid,379868.0,Jude Bellingham,79.9,10.5,67.8,30.0,,,,,"[{'type': {'displayName': 'Length', 'value': 212}, 'value': '18.4'}, {'type': {'displayName': 'Angle', 'value': 213}, 'value': '2.33'}, {'type': {'displayName': 'Zone', 'value': 56}, 'value': 'Center'}, {'type': {'displayName': 'PassEndX', 'value': 140}, 'value': '67.8'}, {'type': {'displayName': 'PassEndY', 'value': 141}, 'value': '30.0'}]",True,,,,,
1914099,SecondHalf,57,42,60,Pass,Successful,52,Real Madrid,344644.0,Federico Valverde,67.8,30.0,76.0,7.0,,,,,"[{'type': {'displayName': 'Angle', 'value': 213}, 'value': '5.22'}, {'type': {'displayName': 'Length', 'value': 212}, 'value': '17.9'}, {'type': {'displayName': 'PassEndY', 'value': 141}, 'value': '7.0'}, {'type': {'displayName': 'Zone', 'value': 56}, 'value': 'Right'}, {'type': {'displayName': 'PassEndX', 'value': 140}, 'value': '76.0'}]",True,,,,,
1914099,SecondHalf,57,44,60,Pass,Successful,52,Real Madrid,379868.0,Jude Bellingham,76.0,7.0,91.3,81.7,,,,,"[{'type': {'displayName': 'Length', 'value': 212}, 'value': '53.3'}, {'type': {'displayName': 'PassEndY', 'value': 141}, 'value': '81.7'}, {'type': {'displayName': 'Cross', 'value': 2}}, {'type': {'displayName': 'RightFoot', 'value': 20}}, {'type': {'displayName': 'Angle', 'value': 213}, 'value': '1.26'}, {'type': {'displayName': 'Longball', 'value': 1}}, {'type': {'displayName': 'Chipped', 'value': 155}}, {'type': {'displayName': 'PassEndX', 'value': 140}, 'value': '91.3'}, {'type': {'displayName': 'Zone', 'value': 56}, 'value': 'Left'}]",True,,,,,
1914099,SecondHalf,57,50,60,Pass,Successful,52,Real Madrid,415181.0,Arda Güler,96.4,82.0,88.8,83.7,,,,,"[{'type': {'displayName': 'PassEndX', 'value': 140}, 'value': '88.8'}, {'type': {'displayName': 'Zone', 'value': 56}, 'value': 'Left'}, {'type': {'displayName': 'Angle', 'value': 213}, 'value': '3.00'}, {'type': {'displayName': 'Length', 'value': 212}, 'value': '8.1'}, {'type': {'displayName': 'PassEndY', 'value': 141}, 'value': '83.7'}]",True,,,,,
1914099,SecondHalf,57,53,60,Pass,Successful,52,Real Madrid,300713.0,Kylian Mbappé,88.0,84.9,91.2,76.6,,,,,"[{'type': {'displayName': 'PassEndY', 'value': 141}, 'value': '76.6'}, {'type': {'displayName': 'PassEndX', 'value': 140}, 'value': '91.2'}, {'type': {'displayName': 'Angle', 'value': 213}, 'value': '5.25'}, {'type': {'displayName': 'Zone', 'value': 56}, 'value': 'Center'}, {'type': {'displayName': 'Length', 'value': 212}, 'value': '6.6'}]",True,,,,,
1914099,SecondHalf,57,55,60,TakeOn,Unsuccessful,52,Real Madrid,337782.0,Vinícius Júnior,88.5,76.0,,,,,,,"[{'type': {'displayName': 'OppositeRelatedEvent', 'value': 233}, 'value': '512'}, {'type': {'displayName': 'Zone', 'value': 56}, 'value': 'Center'}, {'type': {'displayName': 'Offensive', 'value': 286}}]",True,,,,,
1914099,SecondHalf,57,55,60,Tackle,Successful,839,Villarreal,371027.0,Tajon Buchanan,11.5,24.0,,,,,,,"[{'type': {'displayName': 'Zone', 'value': 56}, 'value': 'Back'}, {'type': {'displayName': 'OppositeRelatedEvent', 'value': 233}, 'value': '604'}, {'type': {'displayName': 'StandingSave', 'value': 178}}, {'type': {'displayName': 'Defensive', 'value': 285}}]",True,,,,,
1914099,SecondHalf,57,58,60,Foul,Successful,839,Villarreal,537235.0,Pau Navarro,9.4,24.2,,,,,,,"[{'type': {'displayName': 'Zone', 'value': 56}, 'value': 'Back'}, {'type': {'displayName': 'OppositeRelatedEvent', 'value': 233}, 'value': '605'}, {'type': {'displayName': 'Defensive', 'value': 285}}, {'type': {'displayName': 'Foul', 'value': 13}}]",True,,,,,
1914099,SecondHalf,57,58,60,Foul,Unsuccessful,52,Real Madrid,337782.0,Vinícius Júnior,90.6,75.8,,,,,,,"[{'type': {'displayName': 'Offensive', 'value': 286}}, {'type': {'displayName': 'Zone', 'value': 56}, 'value': 'Center'}, {'type': {'displayName': 'Foul', 'value': 13}}, {'type': {'displayName': 'OppositeRelatedEvent', 'value': 233}, 'value': '508'}]",False,,,,,
1914099,SecondHalf,58,4,61,Pass,Successful,839,Villarreal,430301.0,Rafa Marín,12.4,28.2,29.1,22.7,,,,,"[{'type': {'displayName': 'PassEndX', 'value': 140}, 'value': '29.1'}, {'type': {'displayName': 'Angle', 'value': 213}, 'value': '6.07'}, {'type': {'displayName': 'Length', 'value': 212}, 'value': '17.9'}, {'type': {'displayName': 'PassEndY', 'value': 141}, 'value': '22.7'}, {'type': {'displayName': 'FreekickTaken', 'value': 5}}, {'type': {'displayName': 'Zone', 'value': 56}, 'value': 'Back'}]",True,,,,,
1914099,SecondHalf,58,8,61,BallTouch,Unsuccessful,839,Villarreal,97659.0,Gerard Moreno,38.4,10.9,,,,,,,"[{'type': {'displayName': 'Zone', 'value': 56}, 'value': 'Back'}]",True,,,,,
1914099,SecondHalf,58,9,61,BallRecovery,Successful,52,Real Madrid,369109.0,Eduardo Camavinga,58.4,82.2,,,,,,,[],False,,,,,
1914099,SecondHalf,58,14,61,Pass,Successful,52,Real Madrid,369109.0,Eduardo Camavinga,36.8,71.1,20.8,46.6,,,,,"[{'type': {'displayName': 'Angle', 'value': 213}, 'value': '3.92'}, {'type': {'displayName': 'PassEndY', 'value': 141}, 'value': '46.6'}, {'type': {'displayName': 'Zone', 'value': 56}, 'value': 'Back'}, {'type': {'displayName': 'Length', 'value': 212}, 'value': '23.7'}, {'type': {'displayName': 'PassEndX', 'value': 140}, 'value': '20.8'}]",True,,,,,
1914099,SecondHalf,58,15,61,Pass,Successful,52,Real Madrid,73798.0,Thibaut Courtois,20.8,46.6,35.7,23.4,,,,,"[{'type': {'displayName': 'Zone', 'value': 56}, 'value': 'Back'}, {'type': {'displayName': 'PassEndY', 'value': 141}, 'value': '23.4'}, {'type': {'displayName': 'PassEndX', 'value': 140}, 'value': '35.7'}, {'type': {'displayName': 'Angle', 'value': 213}, 'value': '5.49'}, {'type': {'displayName': 'Length', 'value': 212}, 'value': '22.2'}]",True,,,,,
1914099,SecondHalf,58,20,61,Pass,Successful,52,Real Madrid,344644.0,Federico Valverde,39.0,15.4,48.8,1.8,,,,,"[{'type': {'displayName': 'PassEndY', 'value': 141}, 'value': '1.8'}, {'type': {'displayName': 'Zone', 'value': 56}, 'value': 'Back'}, {'type': {'displayName': 'Angle', 'value': 213}, 'value': '5.55'}, {'type': {'displayName': 'PassEndX', 'value': 140}, 'value': '48.8'}, {'type': {'displayName': 'Length', 'value': 212}, 'value': '13.8'}]",True,,,,,
1914099,SecondHalf,58,22,61,Pass,Successful,52,Real Madrid,514810.0,Franco Mastantuono,48.1,1.8,41.7,11.1,,,,,"[{'type': {'displayName': 'Angle', 'value': 213}, 'value': '2.39'}, {'type': {'displayName': 'Length', 'value': 212}, 'value': '9.2'}, {'type': {'displayName': 'PassEndX', 'value': 140}, 'value': '41.7'}, {'type': {'displayName': 'PassEndY', 'value': 141}, 'value': '11.1'}, {'type': {'displayName': 'Zone', 'value': 56}, 'value': 'Back'}]",True,,,,,
1914099,SecondHalf,58,24,61,Pass,Successful,52,Real Madrid,344644.0,Federico Valverde,40.8,12.0,43.0,26.4,,,,,"[{'type': {'displayName': 'Length', 'value': 212}, 'value': '10.1'}, {'type': {'displayName': 'PassEndY', 'value': 141}, 'value': '26.4'}, {'type': {'displayName': 'Angle', 'value': 213}, 'value': '1.34'}, {'type': {'displayName': 'PassEndX', 'value': 140}, 'value': '43.0'}, {'type': {'displayName': 'Zone', 'value': 56}, 'value': 'Back'}]",True,,,,,
1914099,SecondHalf,58,25,61,Pass,Successful,52,Real Madrid,369109.0,Eduardo Camavinga,43.0,26.4,42.3,7.3,,,,,"[{'type': {'displayName': 'PassEndX', 'value': 140}, 'value': '42.3'}, {'type': {'displayName': 'PassEndY', 'value': 141}, 'value': '7.3'}, {'type': {'displayName': 'Zone', 'value': 56}, 'value': 'Back'}, {'type': {'displayName': 'Angle', 'value': 213}, 'value': '4.66'}, {'type': {'displayName': 'Length', 'value': 212}, 'value': '13.0'}]",True,,,,,
1914099,SecondHalf,58,27,61,Pass,Successful,52,Real Madrid,344644.0,Federico Valverde,42.3,7.3,47.3,4.3,,,,,"[{'type': {'displayName': 'PassEndX', 'value': 140}, 'value': '47.3'}, {'type': {'displayName': 'Length', 'value': 212}, 'value': '5.6'}, {'type': {'displayName': 'PassEndY', 'value': 141}, 'value': '4.3'}, {'type': {'displayName': 'Angle', 'value': 213}, 'value': '5.91'}, {'type': {'displayName': 'Zone', 'value': 56}, 'value': 'Back'}]",True,,,,,
1914099,SecondHalf,58,29,61,Pass,Successful,52,Real Madrid,514810.0,Franco Mastantuono,44.9,10.6,39.0,22.8,,,,,"[{'type': {'displayName': 'Length', 'value': 212}, 'value': '10.4'}, {'type': {'displayName': 'PassEndY', 'value': 141}, 'value': '22.8'}, {'type': {'displayName': 'Zone', 'value': 56}, 'value': 'Back'}, {'type': {'displayName': 'Angle', 'value': 213}, 'value': '2.21'}, {'type': {'displayName': 'PassEndX', 'value': 140}, 'value': '39.0'}]",True,,,,,
1914099,SecondHalf,58,31,61,Pass,Successful,52,Real Madrid,369109.0,Eduardo Camavinga,39.0,22.8,35.4,9.0,,,,,"[{'type': {'displayName': 'Length', 'value': 212}, 'value': '10.1'}, {'type': {'displayName': 'PassEndX', 'value': 140}, 'value': '35.4'}, {'type': {'displayName': 'Zone', 'value': 56}, 'value': 'Back'}, {'type': {'displayName': 'Angle', 'value': 213}, 'value': '4.33'}, {'type': {'displayName': 'PassEndY', 'value': 141}, 'value': '9.0'}]",True,,,,,
1914099,SecondHalf,58,33,61,Pass,Unsuccessful,52,Real Madrid,344644.0,Federico Valverde,33.9,6.4,38.7,7.2,,,,,"[{'type': {'displayName': 'PassEndY', 'value': 141}, 'value': '7.2'}, {'type': {'displayName': 'Angle', 'value': 213}, 'value': '0.11'}, {'type': {'displayName': 'Length', 'value': 212}, 'value': '5.1'}, {'type': {'displayName': 'Zone', 'value': 56}, 'value': 'Back'}, {'type': {'displayName': 'PassEndX', 'value': 140}, 'value': '38.7'}]",True,,,,,
1914099,SecondHalf,58,36,61,BallTouch,Successful,839,Villarreal,448211.0,Alberto Moleiro,65.6,92.9,,,,,,,"[{'type': {'displayName': 'Zone', 'value': 56}, 'value': 'Left'}]",True,,,,,
1914099,SecondHalf,58,37,61,Pass,Successful,52,Real Madrid,369109.0,Eduardo Camavinga,34.3,12.4,8.7,34.2,,,,,"[{'type': {'displayName': 'Length', 'value': 212}, 'value': '30.7'}, {'type': {'displayName': 'PassEndY', 'value': 141}, 'value': '34.2'}, {'type': {'displayName': 'PassEndX', 'value': 140}, 'value': '8.7'}, {'type': {'displayName': 'Angle', 'value': 213}, 'value': '2.64'}, {'type': {'displayName': 'Zone', 'value': 56}, 'value': 'Back'}]",True,,,,,
1914099,SecondHalf,58,41,61,Pass,Successful,52,Real Madrid,73798.0,Thibaut Courtois,11.8,44.5,26.1,59.5,,,,,"[{'type': {'displayName': 'Angle', 'value': 213}, 'value': '0.60'}, {'type': {'displayName': 'Length', 'value': 212}, 'value': '18.2'}, {'type': {'displayName': 'PassEndY', 'value': 141}, 'value': '59.5'}, {'type': {'displayName': 'PassEndX', 'value': 140}, 'value': '26.1'}, {'type': {'displayName': 'Zone', 'value': 56}, 'value': 'Back'}]",True,,,,,
1914099,SecondHalf,58,44,61,Dispossessed,Successful,52,Real Madrid,415181.0,Arda Güler,25.4,59.2,,,,,,,"[{'type': {'displayName': 'OppositeRelatedEvent', 'value': 233}, 'value': '515'}, {'type': {'displayName': 'Zone', 'value': 56}, 'value': 'Back'}, {'type': {'displayName': 'Defensive', 'value': 285}}]",True,,,,,
1914099,SecondHalf,58,44,61,Tackle,Unsuccessful,839,Villarreal,28186.0,Dani Parejo,74.6,40.8,,,,,,,"[{'type': {'displayName': 'OppositeRelatedEvent', 'value': 233}, 'value': '619'}, {'type': {'displayName': 'StandingSave', 'value': 178}}, {'type': {'displayName': 'Zone', 'value': 56}, 'value': 'Center'}, {'type': {'displayName': 'Offensive', 'value': 286}}]",True,,,,,
1914099,SecondHalf,58,47,61,Pass,Successful,52,Real Madrid,468852.0,Dean Huijsen,10.8,68.4,26.9,7.9,,,,,"[{'type': {'displayName': 'Zone', 'value': 56}, 'value': 'Back'}, {'type': {'displayName': 'Length', 'value': 212}, 'value': '44.5'}, {'type': {'displayName': 'PassEndY', 'value': 141}, 'value': '7.9'}, {'type': {'displayName': 'PassEndX', 'value': 140}, 'value': '26.9'}, {'type': {'displayName': 'Longball', 'value': 1}}, {'type': {'displayName': 'Angle', 'value': 213}, 'value': '5.10'}]",True,,,,,
1914099,SecondHalf,58,50,61,Pass,Unsuccessful,52,Real Madrid,344644.0,Federico Valverde,26.9,7.9,31.0,12.7,,,,,"[{'type': {'displayName': 'Length', 'value': 212}, 'value': '5.4'}, {'type': {'displayName': 'Angle', 'value': 213}, 'value': '0.65'}, {'type': {'displayName': 'PassEndX', 'value': 140}, 'value': '31.0'}, {'type': {'displayName': 'PassEndY', 'value': 141}, 'value': '12.7'}, {'type': {'displayName': 'Zone', 'value': 56}, 'value': 'Back'}]",True,,,,,
1914099,SecondHalf,58,55,61,BallTouch,Unsuccessful,839,Villarreal,399047.0,Pape Gueye,74.9,96.7,,,,,,,"[{'type': {'displayName': 'Zone', 'value': 56}, 'value': 'Left'}]",True,,,,,
1914099,SecondHalf,59,19,62,Pass,Successful,52,Real Madrid,344644.0,Federico Valverde,24.8,0.0,28.5,7.6,,,,,"[{'type': {'displayName': 'PassEndX', 'value': 140}, 'value': '28.5'}, {'type': {'displayName': 'PassEndY', 'value': 141}, 'value': '7.6'}, {'type': {'displayName': 'Length', 'value': 212}, 'value': '7.2'}, {'type': {'displayName': 'Angle', 'value': 213}, 'value': '1.01'}, {'type': {'displayName': 'ThrowIn', 'value': 107}}, {'type': {'displayName': 'Zone', 'value': 56}, 'value': 'Back'}]",True,,,,,
1914099,SecondHalf,59,20,62,Pass,Successful,52,Real Madrid,369109.0,Eduardo Camavinga,28.5,7.6,23.1,3.7,,,,,"[{'type': {'displayName': 'PassEndX', 'value': 140}, 'value': '23.1'}, {'type': {'displayName': 'Zone', 'value': 56}, 'value': 'Back'}, {'type': {'displayName': 'Length', 'value': 212}, 'value': '6.3'}, {'type': {'displayName': 'PassEndY', 'value': 141}, 'value': '3.7'}, {'type': {'displayName': 'Angle', 'value': 213}, 'value': '3.58'}]",True,,,,,
1914099,SecondHalf,59,22,62,Pass,Unsuccessful,52,Real Madrid,344644.0,Federico Valverde,23.1,3.7,57.6,4.8,,,,,"[{'type': {'displayName': 'Longball', 'value': 1}}, {'type': {'displayName': 'PassEndY', 'value': 141}, 'value': '4.8'}, {'type': {'displayName': 'PassEndX', 'value': 140}, 'value': '57.6'}, {'type': {'displayName': 'Length', 'value': 212}, 'value': '36.2'}, {'type': {'displayName': 'Angle', 'value': 213}, 'value': '0.02'}, {'type': {'displayName': 'Zone', 'value': 56}, 'value': 'Right'}]",True,,,,,
1914099,SecondHalf,59,26,62,Pass,Unsuccessful,839,Villarreal,434077.0,Renato Veiga,46.0,93.5,69.3,77.6,,,,,"[{'type': {'displayName': 'HeadPass', 'value': 3}}, {'type': {'displayName': 'Length', 'value': 212}, 'value': '26.7'}, {'type': {'displayName': 'Angle', 'value': 213}, 'value': '5.87'}, {'type': {'displayName': 'PassEndX', 'value': 140}, 'value': '69.3'}, {'type': {'displayName': 'Zone', 'value': 56}, 'value': 'Center'}, {'type': {'displayName': 'PassEndY', 'value': 141}, 'value': '77.6'}]",True,,,,,
1914099,SecondHalf,59,28,62,Pass,Successful,52,Real Madrid,369109.0,Eduardo Camavinga,37.1,29.4,26.6,67.5,,,,,"[{'type': {'displayName': 'Angle', 'value': 213}, 'value': '1.97'}, {'type': {'displayName': 'Zone', 'value': 56}, 'value': 'Back'}, {'type': {'displayName': 'PassEndX', 'value': 140}, 'value': '26.6'}, {'type': {'displayName': 'PassEndY', 'value': 141}, 'value': '67.5'}, {'type': {'displayName': 'Length', 'value': 212}, 'value': '28.2'}]",True,,,,,
1914099,SecondHalf,59,31,62,Pass,Successful,52,Real Madrid,437583.0,Álvaro Carreras,26.6,67.5,33.8,97.3,,,,,"[{'type': {'displayName': 'Length', 'value': 212}, 'value': '21.6'}, {'type': {'displayName': 'PassEndY', 'value': 141}, 'value': '97.3'}, {'type': {'displayName': 'Angle', 'value': 213}, 'value': '1.21'}, {'type': {'displayName': 'Zone', 'value': 56}, 'value': 'Back'}, {'type': {'displayName': 'PassEndX', 'value': 140}, 'value': '33.8'}]",True,,,,,
1914099,SecondHalf,59,36,62,Pass,Unsuccessful,52,Real Madrid,337782.0,Vinícius Júnior,60.0,93.4,64.8,70.2,,,,,"[{'type': {'displayName': 'PassEndY', 'value': 141}, 'value': '70.2'}, {'type': {'displayName': 'Length', 'value': 212}, 'value': '16.6'}, {'type': {'displayName': 'Zone', 'value': 56}, 'value': 'Center'}, {'type': {'displayName': 'PassEndX', 'value': 140}, 'value': '64.8'}, {'type': {'displayName': 'Angle', 'value': 213}, 'value': '5.02'}]",True,,,,,
1914099,SecondHalf,59,38,62,BallRecovery,Successful,839,Villarreal,28186.0,Dani Parejo,32.6,28.9,,,,,,,[],False,,,,,
1914099,SecondHalf,59,40,62,Pass,Successful,839,Villarreal,28186.0,Dani Parejo,30.4,28.5,27.9,55.0,,,,,"[{'type': {'displayName': 'Angle', 'value': 213}, 'value': '1.72'}, {'type': {'displayName': 'PassEndY', 'value': 141}, 'value': '55.0'}, {'type': {'displayName': 'Length', 'value': 212}, 'value': '18.2'}, {'type': {'displayName': 'Zone', 'value': 56}, 'value': 'Back'}, {'type': {'displayName': 'PassEndX', 'value': 140}, 'value': '27.9'}]",True,,,,,
1914099,SecondHalf,59,44,62,Pass,Successful,839,Villarreal,434077.0,Renato Veiga,24.9,59.2,8.6,48.3,,,,,"[{'type': {'displayName': 'PassEndY', 'value': 141}, 'value': '48.3'}, {'type': {'displayName': 'Angle', 'value': 213}, 'value': '3.55'}, {'type': {'displayName': 'PassEndX', 'value': 140}, 'value': '8.6'}, {'type': {'displayName': 'Length', 'value': 212}, 'value': '18.7'}, {'type': {'displayName': 'Zone', 'value': 56}, 'value': 'Back'}]",True,,,,,
1914099,SecondHalf,59,48,62,Pass,Successful,839,Villarreal,400826.0,Luiz Júnior,8.2,43.5,28.5,28.3,,,,,"[{'type': {'displayName': 'PassEndY', 'value': 141}, 'value': '28.3'}, {'type': {'displayName': 'PassEndX', 'value': 140}, 'value': '28.5'}, {'type': {'displayName': 'Zone', 'value': 56}, 'value': 'Back'}, {'type': {'displayName': 'Angle', 'value': 213}, 'value': '5.83'}, {'type': {'displayName': 'Length', 'value': 212}, 'value': '23.7'}]",True,,,,,
1914099,SecondHalf,59,49,62,Pass,Successful,839,Villarreal,28186.0,Dani Parejo,28.5,28.3,25.9,10.0,,,,,"[{'type': {'displayName': 'PassEndY', 'value': 141}, 'value': '10.0'}, {'type': {'displayName': 'Zone', 'value': 56}, 'value': 'Back'}, {'type': {'displayName': 'Angle', 'value': 213}, 'value': '4.50'}, {'type': {'displayName': 'PassEndX', 'value': 140}, 'value': '25.9'}, {'type': {'displayName': 'Length', 'value': 212}, 'value': '12.7'}]",True,,,,,
1914099,SecondHalf,59,52,62,Pass,Successful,839,Villarreal,537235.0,Pau Navarro,27.0,8.0,32.5,33.3,,,,,"[{'type': {'displayName': 'Angle', 'value': 213}, 'value': '1.25'}, {'type': {'displayName': 'PassEndY', 'value': 141}, 'value': '33.3'}, {'type': {'displayName': 'PassEndX', 'value': 140}, 'value': '32.5'}, {'type': {'displayName': 'Zone', 'value': 56}, 'value': 'Back'}, {'type': {'displayName': 'Length', 'value': 212}, 'value': '18.1'}]",True,,,,,
1914099,SecondHalf,59,54,62,Pass,Unsuccessful,839,Villarreal,28186.0,Dani Parejo,31.6,37.3,44.7,33.9,,,,,"[{'type': {'displayName': 'Zone', 'value': 56}, 'value': 'Back'}, {'type': {'displayName': 'PassEndX', 'value': 140}, 'value': '44.7'}, {'type': {'displayName': 'Length', 'value': 212}, 'value': '13.9'}, {'type': {'displayName': 'PassEndY', 'value': 141}, 'value': '33.9'}, {'type': {'displayName': 'Angle', 'value': 213}, 'value': '6.12'}]",True,,,,,
1914099,SecondHalf,59,54,62,Interception,Successful,52,Real Madrid,379868.0,Jude Bellingham,55.2,66.4,,,,,,,"[{'type': {'displayName': 'Zone', 'value': 56}, 'value': 'Center'}]",True,,,,,
1914099,SecondHalf,59,58,62,BallRecovery,Successful,52,Real Madrid,379868.0,Jude Bellingham,57.1,75.6,,,,,,,[],False,,,,,
1914099,SecondHalf,59,58,62,Challenge,Unsuccessful,839,Villarreal,537235.0,Pau Navarro,37.8,25.4,,,,,,,"[{'type': {'displayName': 'OppositeRelatedEvent', 'value': 233}, 'value': '634'}, {'type': {'displayName': 'Zone', 'value': 56}, 'value': 'Back'}, {'type': {'displayName': 'Defensive', 'value': 285}}]",False,,,,,
1914099,SecondHalf,59,58,62,TakeOn,Successful,52,Real Madrid,379868.0,Jude Bellingham,62.2,74.6,,,,,,,"[{'type': {'displayName': 'Offensive', 'value': 286}}, {'type': {'displayName': 'Zone', 'value': 56}, 'value': 'Center'}, {'type': {'displayName': 'OppositeRelatedEvent', 'value': 233}, 'value': '526'}]",True,,,,,
1914099,SecondHalf,59,59,62,Pass,Unsuccessful,52,Real Madrid,379868.0,Jude Bellingham,61.4,75.4,62.2,77.7,,,,,"[{'type': {'displayName': 'PassEndY', 'value': 141}, 'value': '77.7'}, {'type': {'displayName': 'Angle', 'value': 213}, 'value': '1.08'}, {'type': {'displayName': 'Zone', 'value': 56}, 'value': 'Center'}, {'type': {'displayName': 'PassEndX', 'value': 140}, 'value': '62.2'}, {'type': {'displayName': 'Length', 'value': 212}, 'value': '1.8'}, {'type': {'displayName': 'OppositeRelatedEvent', 'value': 233}, 'value': '527'}, {'type': {'displayName': 'Offensive', 'value': 286}}]",True,,,,,
1914099,SecondHalf,59,59,62,BlockedPass,Successful,839,Villarreal,28186.0,Dani Parejo,37.8,22.3,,,,,,,"[{'type': {'displayName': 'Defensive', 'value': 285}}, {'type': {'displayName': 'OppositeRelatedEvent', 'value': 233}, 'value': '632'}, {'type': {'displayName': 'Zone', 'value': 56}, 'value': 'Back'}]",True,,,,,
1914099,SecondHalf,60,10,63,Pass,Successful,52,Real Madrid,437583.0,Álvaro Carreras,55.0,100.0,44.2,88.9,,,,,"[{'type': {'displayName': 'Zone', 'value': 56}, 'value': 'Back'}, {'type': {'displayName': 'PassEndY', 'value': 141}, 'value': '88.9'}, {'type': {'displayName': 'ThrowIn', 'value': 107}}, {'type': {'displayName': 'PassEndX', 'value': 140}, 'value': '44.2'}, {'type': {'displayName': 'Angle', 'value': 213}, 'value': '3.77'}, {'type': {'displayName': 'Length', 'value': 212}, 'value': '14.1'}]",True,,,,,
1914099,SecondHalf,60,11,63,Pass,Successful,52,Real Madrid,415181.0,Arda Güler,44.2,88.9,37.6,70.9,,,,,"[{'type': {'displayName': 'PassEndX', 'value': 140}, 'value': '37.6'}, {'type': {'displayName': 'PassEndY', 'value': 141}, 'value': '70.9'}, {'type': {'displayName': 'Zone', 'value': 56}, 'value': 'Back'}, {'type': {'displayName': 'Length', 'value': 212}, 'value': '14.1'}, {'type': {'displayName': 'Angle', 'value': 213}, 'value': '4.20'}]",True,,,,,
1914099,SecondHalf,60,12,63,Pass,Successful,52,Real Madrid,468852.0,Dean Huijsen,37.6,70.9,43.0,82.6,,,,,"[{'type': {'displayName': 'Length', 'value': 212}, 'value': '9.8'}, {'type': {'displayName': 'PassEndY', 'value': 141}, 'value': '82.6'}, {'type': {'displayName': 'PassEndX', 'value': 140}, 'value': '43.0'}, {'type': {'displayName': 'Angle', 'value': 213}, 'value': '0.95'}, {'type': {'displayName': 'Zone', 'value': 56}, 'value': 'Back'}]",True,,,,,
1914099,SecondHalf,60,12,63,Pass,Successful,52,Real Madrid,415181.0,Arda Güler,43.0,82.6,55.4,93.9,,,,,"[{'type': {'displayName': 'Length', 'value': 212}, 'value': '15.1'}, {'type': {'displayName': 'PassEndY', 'value': 141}, 'value': '93.9'}, {'type': {'displayName': 'Angle', 'value': 213}, 'value': '0.53'}, {'type': {'displayName': 'Zone', 'value': 56}, 'value': 'Left'}, {'type': {'displayName': 'PassEndX', 'value': 140}, 'value': '55.4'}]",True,,,,,
1914099,SecondHalf,60,14,63,Pass,Successful,52,Real Madrid,437583.0,Álvaro Carreras,55.4,93.9,46.6,84.9,,,,,"[{'type': {'displayName': 'Angle', 'value': 213}, 'value': '3.73'}, {'type': {'displayName': 'PassEndX', 'value': 140}, 'value': '46.6'}, {'type': {'displayName': 'Zone', 'value': 56}, 'value': 'Back'}, {'type': {'displayName': 'Length', 'value': 212}, 'value': '11.1'}, {'type': {'displayName': 'PassEndY', 'value': 141}, 'value': '84.9'}]",True,,,,,
1914099,SecondHalf,60,15,63,Pass,Successful,52,Real Madrid,415181.0,Arda Güler,43.5,87.1,47.4,77.4,,,,,"[{'type': {'displayName': 'PassEndX', 'value': 140}, 'value': '47.4'}, {'type': {'displayName': 'Zone', 'value': 56}, 'value': 'Back'}, {'type': {'displayName': 'PassEndY', 'value': 141}, 'value': '77.4'}, {'type': {'displayName': 'Angle', 'value': 213}, 'value': '5.27'}, {'type': {'displayName': 'Length', 'value': 212}, 'value': '7.8'}]",True,,,,,
1914099,SecondHalf,60,15,63,Pass,Successful,52,Real Madrid,369109.0,Eduardo Camavinga,47.4,77.4,42.6,86.4,,,,,"[{'type': {'displayName': 'Length', 'value': 212}, 'value': '7.9'}, {'type': {'displayName': 'PassEndY', 'value': 141}, 'value': '86.4'}, {'type': {'displayName': 'PassEndX', 'value': 140}, 'value': '42.6'}, {'type': {'displayName': 'Angle', 'value': 213}, 'value': '2.26'}, {'type': {'displayName': 'Zone', 'value': 56}, 'value': 'Back'}]",True,,,,,
1914099,SecondHalf,60,18,63,Pass,Successful,52,Real Madrid,415181.0,Arda Güler,39.3,88.8,42.8,76.2,,,,,"[{'type': {'displayName': 'Angle', 'value': 213}, 'value': '5.12'}, {'type': {'displayName': 'Zone', 'value': 56}, 'value': 'Back'}, {'type': {'displayName': 'Length', 'value': 212}, 'value': '9.3'}, {'type': {'displayName': 'PassEndX', 'value': 140}, 'value': '42.8'}, {'type': {'displayName': 'PassEndY', 'value': 141}, 'value': '76.2'}]",True,,,,,
1914099,SecondHalf,60,19,63,Pass,Successful,52,Real Madrid,369109.0,Eduardo Camavinga,42.8,76.2,57.0,91.0,,,,,"[{'type': {'displayName': 'Angle', 'value': 213}, 'value': '0.59'}, {'type': {'displayName': 'PassEndY', 'value': 141}, 'value': '91.0'}, {'type': {'displayName': 'Length', 'value': 212}, 'value': '18.0'}, {'type': {'displayName': 'Zone', 'value': 56}, 'value': 'Left'}, {'type': {'displayName': 'PassEndX', 'value': 140}, 'value': '57.0'}]",True,,,,,
1914099,SecondHalf,60,22,63,Pass,Successful,52,Real Madrid,437583.0,Álvaro Carreras,61.3,88.8,68.5,95.4,,,,,"[{'type': {'displayName': 'Zone', 'value': 56}, 'value': 'Left'}, {'type': {'displayName': 'Angle', 'value': 213}, 'value': '0.54'}, {'type': {'displayName': 'PassEndY', 'value': 141}, 'value': '95.4'}, {'type': {'displayName': 'PassEndX', 'value': 140}, 'value': '68.5'}, {'type': {'displayName': 'Length', 'value': 212}, 'value': '8.8'}]",True,,,,,
1914099,SecondHalf,60,26,63,Challenge,Unsuccessful,839,Villarreal,537235.0,Pau Navarro,21.3,18.6,,,,,,,"[{'type': {'displayName': 'Zone', 'value': 56}, 'value': 'Back'}, {'type': {'displayName': 'OppositeRelatedEvent', 'value': 233}, 'value': '645'}, {'type': {'displayName': 'Defensive', 'value': 285}}]",False,,,,,
1914099,SecondHalf,60,26,63,TakeOn,Successful,52,Real Madrid,300713.0,Kylian Mbappé,78.6,81.3,,,,,,,"[{'type': {'displayName': 'OppositeRelatedEvent', 'value': 233}, 'value': '530'}, {'type': {'displayName': 'Zone', 'value': 56}, 'value': 'Left'}, {'type': {'displayName': 'Offensive', 'value': 286}}]",True,,,,,
1914099,SecondHalf,60,27,63,Pass,Unsuccessful,52,Real Madrid,300713.0,Kylian Mbappé,77.8,77.1,97.9,71.1,,,,,"[{'type': {'displayName': 'Angle', 'value': 213}, 'value': '6.09'}, {'type': {'displayName': 'Length', 'value': 212}, 'value': '21.5'}, {'type': {'displayName': 'Zone', 'value': 56}, 'value': 'Center'}, {'type': {'displayName': 'PassEndX', 'value': 140}, 'value': '97.9'}, {'type': {'displayName': 'PassEndY', 'value': 141}, 'value': '71.1'}]",True,,,,,
1914099,SecondHalf,60,30,63,KeeperPickup,Successful,839,Villarreal,400826.0,Luiz Júnior,5.7,32.4,,,,,,,[],False,,,,,
1914099,SecondHalf,60,38,63,Pass,Successful,839,Villarreal,400826.0,Luiz Júnior,14.2,50.6,27.4,63.2,,,,,"[{'type': {'displayName': 'Angle', 'value': 213}, 'value': '0.55'}, {'type': {'displayName': 'PassEndY', 'value': 141}, 'value': '63.2'}, {'type': {'displayName': 'PassEndX', 'value': 140}, 'value': '27.4'}, {'type': {'displayName': 'KeeperThrow', 'value': 123}}, {'type': {'displayName': 'Length', 'value': 212}, 'value': '16.3'}, {'type': {'displayName': 'Zone', 'value': 56}, 'value': 'Back'}]",True,,,,,
1914099,SecondHalf,60,40,63,Pass,Unsuccessful,839,Villarreal,434077.0,Renato Veiga,31.9,63.3,62.2,26.0,,,,,"[{'type': {'displayName': 'Zone', 'value': 56}, 'value': 'Center'}, {'type': {'displayName': 'PassEndX', 'value': 140}, 'value': '62.2'}, {'type': {'displayName': 'Chipped', 'value': 155}}, {'type': {'displayName': 'Angle', 'value': 213}, 'value': '5.61'}, {'type': {'displayName': 'PassEndY', 'value': 141}, 'value': '26.0'}, {'type': {'displayName': 'Length', 'value': 212}, 'value': '40.7'}, {'type': {'displayName': 'Longball', 'value': 1}}]",True,,,,,
1914099,SecondHalf,60,42,63,Clearance,Successful,52,Real Madrid,468852.0,Dean Huijsen,36.5,75.4,41.6,100.0,,,,,"[{'type': {'displayName': 'PassEndY', 'value': 141}, 'value': '100.0'}, {'type': {'displayName': 'Zone', 'value': 56}, 'value': 'Back'}, {'type': {'displayName': 'Angle', 'value': 213}, 'value': '1.27'}, {'type': {'displayName': 'Length', 'value': 212}, 'value': '18.0'}, {'type': {'displayName': 'PassEndX', 'value': 140}, 'value': '41.6'}]",True,,,,,
1914099,SecondHalf,60,47,63,Pass,Successful,839,Villarreal,371027.0,Tajon Buchanan,58.7,0.0,36.3,9.9,,,,,"[{'type': {'displayName': 'Angle', 'value': 213}, 'value': '2.82'}, {'type': {'displayName': 'Length', 'value': 212}, 'value': '24.8'}, {'type': {'displayName': 'Longball', 'value': 1}}, {'type': {'displayName': 'PassEndX', 'value': 140}, 'value': '36.3'}, {'type': {'displayName': 'Zone', 'value': 56}, 'value': 'Back'}, {'type': {'displayName': 'ThrowIn', 'value': 107}}, {'type': {'displayName': 'PassEndY', 'value': 141}, 'value': '9.9'}]",True,,,,,
1914099,SecondHalf,60,54,63,Pass,Successful,839,Villarreal,537235.0,Pau Navarro,44.2,8.2,38.5,34.6,,,,,"[{'type': {'displayName': 'PassEndY', 'value': 141}, 'value': '34.6'}, {'type': {'displayName': 'Length', 'value': 212}, 'value': '18.9'}, {'type': {'displayName': 'Angle', 'value': 213}, 'value': '1.89'}, {'type': {'displayName': 'PassEndX', 'value': 140}, 'value': '38.5'}, {'type': {'displayName': 'Zone', 'value': 56}, 'value': 'Back'}]",True,,,,,
1914099,SecondHalf,60,55,63,Pass,Successful,839,Villarreal,430301.0,Rafa Marín,35.2,34.2,44.3,37.8,,,,,"[{'type': {'displayName': 'Length', 'value': 212}, 'value': '9.9'}, {'type': {'displayName': 'PassEndY', 'value': 141}, 'value': '37.8'}, {'type': {'displayName': 'Angle', 'value': 213}, 'value': '0.25'}, {'type': {'displayName': 'Zone', 'value': 56}, 'value': 'Back'}, {'type': {'displayName': 'PassEndX', 'value': 140}, 'value': '44.3'}]",True,,,,,
1914099,SecondHalf,60,56,63,Pass,Successful,839,Villarreal,28186.0,Dani Parejo,47.0,43.8,62.3,94.4,,,,,"[{'type': {'displayName': 'Length', 'value': 212}, 'value': '38.0'}, {'type': {'displayName': 'Longball', 'value': 1}}, {'type': {'displayName': 'Angle', 'value': 213}, 'value': '1.13'}, {'type': {'displayName': 'Zone', 'value': 56}, 'value': 'Left'}, {'type': {'displayName': 'PassEndX', 'value': 140}, 'value': '62.3'}, {'type': {'displayName': 'PassEndY', 'value': 141}, 'value': '94.4'}, {'type': {'displayName': 'Chipped', 'value': 155}}]",True,,,,,
1914099,SecondHalf,61,0,64,Pass,Successful,839,Villarreal,276489.0,Alfonso Pedraza,65.4,94.3,46.5,95.0,,,,,"[{'type': {'displayName': 'Angle', 'value': 213}, 'value': '3.12'}, {'type': {'displayName': 'PassEndY', 'value': 141}, 'value': '95.0'}, {'type': {'displayName': 'Length', 'value': 212}, 'value': '19.9'}, {'type': {'displayName': 'Zone', 'value': 56}, 'value': 'Back'}, {'type': {'displayName': 'PassEndX', 'value': 140}, 'value': '46.5'}]",True,,,,,
1914099,SecondHalf,61,2,64,Pass,Successful,839,Villarreal,434077.0,Renato Veiga,47.9,94.3,45.9,63.9,,,,,"[{'type': {'displayName': 'Angle', 'value': 213}, 'value': '4.61'}, {'type': {'displayName': 'PassEndX', 'value': 140}, 'value': '45.9'}, {'type': {'displayName': 'Zone', 'value': 56}, 'value': 'Back'}, {'type': {'displayName': 'PassEndY', 'value': 141}, 'value': '63.9'}, {'type': {'displayName': 'Length', 'value': 212}, 'value': '20.8'}]",True,,,,,
1914099,SecondHalf,61,5,64,Pass,Successful,839,Villarreal,430301.0,Rafa Marín,48.1,58.0,77.9,94.6,,,,,"[{'type': {'displayName': 'Length', 'value': 212}, 'value': '40.0'}, {'type': {'displayName': 'PassEndY', 'value': 141}, 'value': '94.6'}, {'type': {'displayName': 'PassEndX', 'value': 140}, 'value': '77.9'}, {'type': {'displayName': 'Angle', 'value': 213}, 'value': '0.67'}, {'type': {'displayName': 'Chipped', 'value': 155}}, {'type': {'displayName': 'Longball', 'value': 1}}, {'type': {'displayName': 'Zone', 'value': 56}, 'value': 'Left'}]",True,,,,,
1914099,SecondHalf,61,9,64,TakeOn,Unsuccessful,839,Villarreal,276489.0,Alfonso Pedraza,88.5,81.3,,,,,,,"[{'type': {'displayName': 'Offensive', 'value': 286}}, {'type': {'displayName': 'Zone', 'value': 56}, 'value': 'Left'}]",True,,,,,
1914099,SecondHalf,61,11,64,Foul,Successful,839,Villarreal,276489.0,Alfonso Pedraza,88.4,82.6,,,,,,,"[{'type': {'displayName': 'OppositeRelatedEvent', 'value': 233}, 'value': '649'}, {'type': {'displayName': 'Zone', 'value': 56}, 'value': 'Left'}, {'type': {'displayName': 'Foul', 'value': 13}}, {'type': {'displayName': 'Offensive', 'value': 286}}]",True,,,,,
1914099,SecondHalf,61,11,64,Foul,Unsuccessful,52,Real Madrid,514810.0,Franco Mastantuono,11.6,17.5,,,,,,,"[{'type': {'displayName': 'RelatedEventId', 'value': 55}, 'value': '650'}, {'type': {'displayName': 'OppositeRelatedEvent', 'value': 233}, 'value': '542'}, {'type': {'displayName': 'Foul', 'value': 13}}, {'type': {'displayName': 'Zone', 'value': 56}, 'value': 'Back'}, {'type': {'displayName': 'Defensive', 'value': 285}}]",False,,,,650.0,514810.0
1914099,SecondHalf,61,14,64,Card,Successful,52,Real Madrid,514810.0,Franco Mastantuono,0.0,0.0,,,,,,,"[{'type': {'displayName': 'RelatedEventId', 'value': 55}, 'value': '649'}, {'type': {'displayName': 'Foul', 'value': 13}, 'value': '243'}, {'type': {'displayName': 'Yellow', 'value': 31}}]",False,,,Yellow,649.0,514810.0
1914099,SecondHalf,61,57,64,Pass,Successful,839,Villarreal,28186.0,Dani Parejo,87.3,84.1,90.0,51.2,,,,,"[{'type': {'displayName': 'FreekickTaken', 'value': 5}}, {'type': {'displayName': 'Length', 'value': 212}, 'value': '22.6'}, {'type': {'displayName': 'ShotAssist', 'value': 210}, 'value': '13'}, {'type': {'displayName': 'PassEndY', 'value': 141}, 'value': '51.2'}, {'type': {'displayName': 'PassEndX', 'value': 140}, 'value': '90.0'}, {'type': {'displayName': 'Zone', 'value': 56}, 'value': 'Center'}, {'type': {'displayName': 'Angle', 'value': 213}, 'value': '4.84'}, {'type': {'displayName': 'IntentionalAssist', 'value': 154}}, {'type': {'displayName': 'BigChanceCreated', 'value': 11112}}, {'type': {'displayName': 'KeyPass', 'value': 11113}}]",True,,,,,
1914099,SecondHalf,61,58,64,MissedShots,Successful,839,Villarreal,97659.0,Gerard Moreno,90.0,51.2,,,50.6,55.6,,,"[{'type': {'displayName': 'GoalMouthZ', 'value': 103}, 'value': '55.6'}, {'type': {'displayName': 'GoalMouthY', 'value': 102}, 'value': '50.6'}, {'type': {'displayName': 'Zone', 'value': 56}, 'value': 'Center'}, {'type': {'displayName': 'BoxCentre', 'value': 17}}, {'type': {'displayName': 'RelatedEventId', 'value': 55}, 'value': '543'}, {'type': {'displayName': 'IntentionalAssist', 'value': 154}}, {'type': {'displayName': 'BigChance', 'value': 214}}, {'type': {'displayName': 'LeftFoot', 'value': 72}}, {'type': {'displayName': 'SetPiece', 'value': 24}}, {'type': {'displayName': 'FirstTouch', 'value': 328}}, {'type': {'displayName': 'Assisted', 'value': 29}}]",True,True,,,543.0,28186.0
1914099,SecondHalf,62,26,65,Pass,Successful,52,Real Madrid,534899.0,Raúl Asencio,3.7,41.2,3.2,47.2,,,,,"[{'type': {'displayName': 'PassEndX', 'value': 140}, 'value': '3.2'}, {'type': {'displayName': 'PassEndY', 'value': 141}, 'value': '47.2'}, {'type': {'displayName': 'GoalKick', 'value': 124}}, {'type': {'displayName': 'Zone', 'value': 56}, 'value': 'Back'}, {'type': {'displayName': 'Angle', 'value': 213}, 'value': '1.70'}, {'type': {'displayName': 'Length', 'value': 212}, 'value': '4.1'}]",True,,,,,
1914099,SecondHalf,62,29,65,Pass,Unsuccessful,52,Real Madrid,73798.0,Thibaut Courtois,3.2,47.2,77.8,13.0,,,,,"[{'type': {'displayName': 'Angle', 'value': 213}, 'value': '5.99'}, {'type': {'displayName': 'Length', 'value': 212}, 'value': '81.7'}, {'type': {'displayName': 'Longball', 'value': 1}}, {'type': {'displayName': 'PassEndY', 'value': 141}, 'value': '13.0'}, {'type': {'displayName': 'Chipped', 'value': 155}}, {'type': {'displayName': 'PassEndX', 'value': 140}, 'value': '77.8'}, {'type': {'displayName': 'Zone', 'value': 56}, 'value': 'Right'}]",True,,,,,
1914099,SecondHalf,62,31,65,BallRecovery,Successful,839,Villarreal,434077.0,Renato Veiga,34.5,89.6,,,,,,,[],False,,,,,
1914099,SecondHalf,62,33,65,Pass,Successful,839,Villarreal,434077.0,Renato Veiga,33.4,84.7,39.2,70.5,,,,,"[{'type': {'displayName': 'Length', 'value': 212}, 'value': '11.4'}, {'type': {'displayName': 'PassEndY', 'value': 141}, 'value': '70.5'}, {'type': {'displayName': 'Angle', 'value': 213}, 'value': '5.28'}, {'type': {'displayName': 'PassEndX', 'value': 140}, 'value': '39.2'}, {'type': {'displayName': 'Zone', 'value': 56}, 'value': 'Back'}]",True,,,,,
1914099,SecondHalf,62,36,65,Pass,Successful,839,Villarreal,28186.0,Dani Parejo,38.6,65.5,46.2,58.8,,,,,"[{'type': {'displayName': 'Angle', 'value': 213}, 'value': '5.76'}, {'type': {'displayName': 'Length', 'value': 212}, 'value': '9.2'}, {'type': {'displayName': 'Zone', 'value': 56}, 'value': 'Back'}, {'type': {'displayName': 'PassEndY', 'value': 141}, 'value': '58.8'}, {'type': {'displayName': 'PassEndX', 'value': 140}, 'value': '46.2'}]",True,,,,,
1914099,SecondHalf,62,37,65,Pass,Successful,839,Villarreal,399047.0,Pape Gueye,46.2,58.8,34.3,42.9,,,,,"[{'type': {'displayName': 'PassEndX', 'value': 140}, 'value': '34.3'}, {'type': {'displayName': 'Angle', 'value': 213}, 'value': '3.85'}, {'type': {'displayName': 'Zone', 'value': 56}, 'value': 'Back'}, {'type': {'displayName': 'Length', 'value': 212}, 'value': '16.5'}, {'type': {'displayName': 'PassEndY', 'value': 141}, 'value': '42.9'}]",True,,,,,
1914099,SecondHalf,62,40,65,Pass,Successful,839,Villarreal,430301.0,Rafa Marín,31.7,40.0,36.7,41.5,,,,,"[{'type': {'displayName': 'PassEndY', 'value': 141}, 'value': '41.5'}, {'type': {'displayName': 'PassEndX', 'value': 140}, 'value': '36.7'}, {'type': {'displayName': 'Length', 'value': 212}, 'value': '5.3'}, {'type': {'displayName': 'Zone', 'value': 56}, 'value': 'Back'}, {'type': {'displayName': 'Angle', 'value': 213}, 'value': '0.19'}]",True,,,,,
1914099,SecondHalf,62,41,65,Pass,Successful,839,Villarreal,399047.0,Pape Gueye,36.8,42.0,33.1,16.6,,,,,"[{'type': {'displayName': 'PassEndX', 'value': 140}, 'value': '33.1'}, {'type': {'displayName': 'PassEndY', 'value': 141}, 'value': '16.6'}, {'type': {'displayName': 'Zone', 'value': 56}, 'value': 'Back'}, {'type': {'displayName': 'Length', 'value': 212}, 'value': '17.7'}, {'type': {'displayName': 'Angle', 'value': 213}, 'value': '4.49'}, {'type': {'displayName': 'LayOff', 'value': 156}}]",True,,,,,
1914099,SecondHalf,62,42,65,Pass,Successful,839,Villarreal,537235.0,Pau Navarro,32.3,17.7,45.1,13.5,,,,,"[{'type': {'displayName': 'PassEndX', 'value': 140}, 'value': '45.1'}, {'type': {'displayName': 'PassEndY', 'value': 141}, 'value': '13.5'}, {'type': {'displayName': 'Length', 'value': 212}, 'value': '13.7'}, {'type': {'displayName': 'Zone', 'value': 56}, 'value': 'Back'}, {'type': {'displayName': 'Angle', 'value': 213}, 'value': '6.07'}]",True,,,,,
1914099,SecondHalf,62,44,65,Pass,Successful,839,Villarreal,97659.0,Gerard Moreno,45.2,14.2,58.9,5.7,,,,,"[{'type': {'displayName': 'Angle', 'value': 213}, 'value': '5.90'}, {'type': {'displayName': 'Zone', 'value': 56}, 'value': 'Right'}, {'type': {'displayName': 'PassEndY', 'value': 141}, 'value': '5.7'}, {'type': {'displayName': 'PassEndX', 'value': 140}, 'value': '58.9'}, {'type': {'displayName': 'Length', 'value': 212}, 'value': '15.5'}]",True,,,,,
1914099,SecondHalf,62,48,65,TakeOn,Unsuccessful,839,Villarreal,371027.0,Tajon Buchanan,77.8,9.5,,,,,,,"[{'type': {'displayName': 'Zone', 'value': 56}, 'value': 'Right'}, {'type': {'displayName': 'Offensive', 'value': 286}}, {'type': {'displayName': 'OppositeRelatedEvent', 'value': 233}, 'value': '654'}]",True,,,,,
1914099,SecondHalf,62,48,65,Tackle,Unsuccessful,52,Real Madrid,468852.0,Dean Huijsen,22.3,90.6,,,,,,,"[{'type': {'displayName': 'Defensive', 'value': 285}}, {'type': {'displayName': 'Zone', 'value': 56}, 'value': 'Back'}, {'type': {'displayName': 'OppositeRelatedEvent', 'value': 233}, 'value': '554'}]",True,,,,,
1914099,SecondHalf,62,49,65,BallTouch,Successful,839,Villarreal,371027.0,Tajon Buchanan,78.1,9.4,,,,,,,"[{'type': {'displayName': 'Zone', 'value': 56}, 'value': 'Right'}]",True,,,,,
1914099,SecondHalf,62,51,65,BallRecovery,Successful,52,Real Madrid,468852.0,Dean Huijsen,27.3,92.8,,,,,,,[],False,,,,,
1914099,SecondHalf,62,52,65,Pass,Successful,52,Real Madrid,468852.0,Dean Huijsen,30.8,93.3,26.7,96.1,,,,,"[{'type': {'displayName': 'PassEndX', 'value': 140}, 'value': '26.7'}, {'type': {'displayName': 'Angle', 'value': 213}, 'value': '2.73'}, {'type': {'displayName': 'Zone', 'value': 56}, 'value': 'Back'}, {'type': {'displayName': 'PassEndY', 'value': 141}, 'value': '96.1'}, {'type': {'displayName': 'Length', 'value': 212}, 'value': '4.7'}]",True,,,,,
1914099,SecondHalf,62,53,65,Pass,Successful,52,Real Madrid,379868.0,Jude Bellingham,28.8,95.2,27.5,83.7,,,,,"[{'type': {'displayName': 'PassEndY', 'value': 141}, 'value': '83.7'}, {'type': {'displayName': 'Length', 'value': 212}, 'value': '7.9'}, {'type': {'displayName': 'Zone', 'value': 56}, 'value': 'Back'}, {'type': {'displayName': 'Angle', 'value': 213}, 'value': '4.54'}, {'type': {'displayName': 'PassEndX', 'value': 140}, 'value': '27.5'}]",True,,,,,
1914099,SecondHalf,62,58,65,Pass,Successful,52,Real Madrid,437583.0,Álvaro Carreras,31.7,64.6,21.0,46.0,,,,,"[{'type': {'displayName': 'Zone', 'value': 56}, 'value': 'Back'}, {'type': {'displayName': 'Angle', 'value': 213}, 'value': '3.99'}, {'type': {'displayName': 'Length', 'value': 212}, 'value': '16.9'}, {'type': {'displayName': 'PassEndY', 'value': 141}, 'value': '46.0'}, {'type': {'displayName': 'PassEndX', 'value': 140}, 'value': '21.0'}]",True,,,,,
1914099,SecondHalf,64,57,67,Pass,Successful,52,Real Madrid,468852.0,Dean Huijsen,26.3,58.9,27.4,76.3,,,,,"[{'type': {'displayName': 'PassEndX', 'value': 140}, 'value': '27.4'}, {'type': {'displayName': 'Length', 'value': 212}, 'value': '11.9'}, {'type': {'displayName': 'PassEndY', 'value': 141}, 'value': '76.3'}, {'type': {'displayName': 'Angle', 'value': 213}, 'value': '1.47'}, {'type': {'displayName': 'Zone', 'value': 56}, 'value': 'Back'}]",True,,,,,
1914099,SecondHalf,64,59,67,Pass,Successful,52,Real Madrid,437583.0,Álvaro Carreras,31.1,77.5,29.5,48.0,,,,,"[{'type': {'displayName': 'Angle', 'value': 213}, 'value': '4.63'}, {'type': {'displayName': 'Length', 'value': 212}, 'value': '20.1'}, {'type': {'displayName': 'PassEndX', 'value': 140}, 'value': '29.5'}, {'type': {'displayName': 'Zone', 'value': 56}, 'value': 'Back'}, {'type': {'displayName': 'PassEndY', 'value': 141}, 'value': '48.0'}]",True,,,,,
1914099,SecondHalf,65,0,68,Pass,Successful,52,Real Madrid,468852.0,Dean Huijsen,29.5,48.0,35.0,26.1,,,,,"[{'type': {'displayName': 'Zone', 'value': 56}, 'value': 'Back'}, {'type': {'displayName': 'PassEndX', 'value': 140}, 'value': '35.0'}, {'type': {'displayName': 'Length', 'value': 212}, 'value': '16.0'}, {'type': {'displayName': 'PassEndY', 'value': 141}, 'value': '26.1'}, {'type': {'displayName': 'Angle', 'value': 213}, 'value': '5.08'}]",True,,,,,
1914099,SecondHalf,65,3,68,Pass,Successful,52,Real Madrid,534899.0,Raúl Asencio,35.0,26.1,43.3,25.5,,,,,"[{'type': {'displayName': 'Zone', 'value': 56}, 'value': 'Back'}, {'type': {'displayName': 'Length', 'value': 212}, 'value': '8.7'}, {'type': {'displayName': 'PassEndX', 'value': 140}, 'value': '43.3'}, {'type': {'displayName': 'Angle', 'value': 213}, 'value': '6.24'}, {'type': {'displayName': 'PassEndY', 'value': 141}, 'value': '25.5'}]",True,,,,,
1914099,SecondHalf,65,5,68,Pass,Successful,52,Real Madrid,415181.0,Arda Güler,41.9,27.7,30.7,56.7,,,,,"[{'type': {'displayName': 'PassEndY', 'value': 141}, 'value': '56.7'}, {'type': {'displayName': 'Zone', 'value': 56}, 'value': 'Back'}, {'type': {'displayName': 'Angle', 'value': 213}, 'value': '2.11'}, {'type': {'displayName': 'Length', 'value': 212}, 'value': '23.0'}, {'type': {'displayName': 'PassEndX', 'value': 140}, 'value': '30.7'}, {'type': {'displayName': 'LayOff', 'value': 156}}]",True,,,,,
1914099,SecondHalf,65,9,68,Pass,Successful,52,Real Madrid,468852.0,Dean Huijsen,35.0,57.9,45.0,49.6,,,,,"[{'type': {'displayName': 'Angle', 'value': 213}, 'value': '5.79'}, {'type': {'displayName': 'PassEndX', 'value': 140}, 'value': '45.0'}, {'type': {'displayName': 'Zone', 'value': 56}, 'value': 'Back'}, {'type': {'displayName': 'PassEndY', 'value': 141}, 'value': '49.6'}, {'type': {'displayName': 'Length', 'value': 212}, 'value': '11.9'}]",True,,,,,
1914099,SecondHalf,65,10,68,Pass,Successful,52,Real Madrid,369109.0,Eduardo Camavinga,45.0,49.6,53.6,49.2,,,,,"[{'type': {'displayName': 'PassEndX', 'value': 140}, 'value': '53.6'}, {'type': {'displayName': 'Zone', 'value': 56}, 'value': 'Center'}, {'type': {'displayName': 'PassEndY', 'value': 141}, 'value': '49.2'}, {'type': {'displayName': 'Length', 'value': 212}, 'value': '9.0'}, {'type': {'displayName': 'Angle', 'value': 213}, 'value': '6.25'}]",True,,,,,
1914099,SecondHalf,65,12,68,Pass,Successful,52,Real Madrid,415181.0,Arda Güler,53.8,50.5,68.5,66.3,,,,,"[{'type': {'displayName': 'Zone', 'value': 56}, 'value': 'Center'}, {'type': {'displayName': 'Angle', 'value': 213}, 'value': '0.61'}, {'type': {'displayName': 'Length', 'value': 212}, 'value': '18.8'}, {'type': {'displayName': 'PassEndY', 'value': 141}, 'value': '66.3'}, {'type': {'displayName': 'PassEndX', 'value': 140}, 'value': '68.5'}]",True,,,,,
1914099,SecondHalf,65,14,68,Pass,Successful,52,Real Madrid,300713.0,Kylian Mbappé,69.5,68.5,78.3,97.5,,,,,"[{'type': {'displayName': 'PassEndX', 'value': 140}, 'value': '78.3'}, {'type': {'displayName': 'PassEndY', 'value': 141}, 'value': '97.5'}, {'type': {'displayName': 'Zone', 'value': 56}, 'value': 'Left'}, {'type': {'displayName': 'Angle', 'value': 213}, 'value': '1.13'}, {'type': {'displayName': 'Length', 'value': 212}, 'value': '21.8'}]",True,,,,,
1914099,SecondHalf,65,17,68,TakeOn,Unsuccessful,52,Real Madrid,337782.0,Vinícius Júnior,78.7,96.3,,,,,,,"[{'type': {'displayName': 'Zone', 'value': 56}, 'value': 'Left'}, {'type': {'displayName': 'Offensive', 'value': 286}}, {'type': {'displayName': 'OverRun', 'value': 211}}]",True,,,,,
1914099,SecondHalf,65,32,68,Pass,Successful,839,Villarreal,400826.0,Luiz Júnior,4.9,49.4,23.0,96.5,,,,,"[{'type': {'displayName': 'Angle', 'value': 213}, 'value': '1.04'}, {'type': {'displayName': 'Length', 'value': 212}, 'value': '37.2'}, {'type': {'displayName': 'Longball', 'value': 1}}, {'type': {'displayName': 'PassEndY', 'value': 141}, 'value': '96.5'}, {'type': {'displayName': 'GoalKick', 'value': 124}}, {'type': {'displayName': 'Zone', 'value': 56}, 'value': 'Back'}, {'type': {'displayName': 'PassEndX', 'value': 140}, 'value': '23.0'}]",True,,,,,
1914099,SecondHalf,65,35,68,Pass,Successful,839,Villarreal,276489.0,Alfonso Pedraza,23.3,80.2,13.8,53.8,,,,,"[{'type': {'displayName': 'Angle', 'value': 213}, 'value': '4.21'}, {'type': {'displayName': 'PassEndY', 'value': 141}, 'value': '53.8'}, {'type': {'displayName': 'Length', 'value': 212}, 'value': '20.5'}, {'type': {'displayName': 'PassEndX', 'value': 140}, 'value': '13.8'}, {'type': {'displayName': 'Zone', 'value': 56}, 'value': 'Back'}]",True,,,,,
1914099,SecondHalf,65,37,68,Pass,Successful,839,Villarreal,28186.0,Dani Parejo,13.8,51.8,23.6,11.9,,,,,"[{'type': {'displayName': 'PassEndX', 'value': 140}, 'value': '23.6'}, {'type': {'displayName': 'Zone', 'value': 56}, 'value': 'Back'}, {'type': {'displayName': 'PassEndY', 'value': 141}, 'value': '11.9'}, {'type': {'displayName': 'Angle', 'value': 213}, 'value': '5.07'}, {'type': {'displayName': 'Length', 'value': 212}, 'value': '29.0'}]",True,,,,,
1914099,SecondHalf,65,40,68,Pass,Unsuccessful,839,Villarreal,537235.0,Pau Navarro,24.1,11.3,38.0,29.7,,,,,"[{'type': {'displayName': 'Length', 'value': 212}, 'value': '19.2'}, {'type': {'displayName': 'PassEndY', 'value': 141}, 'value': '29.7'}, {'type': {'displayName': 'Angle', 'value': 213}, 'value': '0.71'}, {'type': {'displayName': 'PassEndX', 'value': 140}, 'value': '38.0'}, {'type': {'displayName': 'Zone', 'value': 56}, 'value': 'Back'}]",True,,,,,
1914099,SecondHalf,65,42,68,BallTouch,Unsuccessful,52,Real Madrid,534899.0,Raúl Asencio,57.2,65.7,,,,,,,"[{'type': {'displayName': 'Zone', 'value': 56}, 'value': 'Center'}]",True,,,,,
1914099,SecondHalf,65,42,68,BallTouch,Successful,839,Villarreal,389020.0,Georges Mikautadze,38.0,30.3,,,,,,,"[{'type': {'displayName': 'Zone', 'value': 56}, 'value': 'Back'}]",True,,,,,
1914099,SecondHalf,65,43,68,Dispossessed,Successful,839,Villarreal,389020.0,Georges Mikautadze,39.6,35.5,,,,,,,"[{'type': {'displayName': 'Zone', 'value': 56}, 'value': 'Back'}, {'type': {'displayName': 'OppositeRelatedEvent', 'value': 233}, 'value': '701'}, {'type': {'displayName': 'Offensive', 'value': 286}}]",True,,,,,
1914099,SecondHalf,65,43,68,Tackle,Successful,52,Real Madrid,369109.0,Eduardo Camavinga,60.4,64.5,,,,,,,"[{'type': {'displayName': 'Defensive', 'value': 285}}, {'type': {'displayName': 'OppositeRelatedEvent', 'value': 233}, 'value': '574'}, {'type': {'displayName': 'StandingSave', 'value': 178}}, {'type': {'displayName': 'Zone', 'value': 56}, 'value': 'Center'}]",True,,,,,
1914099,SecondHalf,65,43,68,BallTouch,Successful,52,Real Madrid,534899.0,Raúl Asencio,55.6,65.8,,,,,,,"[{'type': {'displayName': 'Zone', 'value': 56}, 'value': 'Center'}]",True,,,,,
1914099,SecondHalf,65,45,68,BallTouch,Successful,839,Villarreal,389020.0,Georges Mikautadze,38.1,29.1,,,,,,,"[{'type': {'displayName': 'Zone', 'value': 56}, 'value': 'Back'}]",True,,,,,
1914099,SecondHalf,65,46,68,Challenge,Unsuccessful,839,Villarreal,97659.0,Gerard Moreno,37.3,35.0,,,,,,,"[{'type': {'displayName': 'OppositeRelatedEvent', 'value': 233}, 'value': '713'}, {'type': {'displayName': 'Zone', 'value': 56}, 'value': 'Back'}, {'type': {'displayName': 'Defensive', 'value': 285}}]",False,,,,,
1914099,SecondHalf,65,46,68,TakeOn,Successful,52,Real Madrid,534899.0,Raúl Asencio,62.7,65.0,,,,,,,"[{'type': {'displayName': 'OppositeRelatedEvent', 'value': 233}, 'value': '568'}, {'type': {'displayName': 'Zone', 'value': 56}, 'value': 'Center'}, {'type': {'displayName': 'Offensive', 'value': 286}}]",True,,,,,
1914099,SecondHalf,65,47,68,BallRecovery,Successful,52,Real Madrid,534899.0,Raúl Asencio,59.7,65.4,,,,,,,[],False,,,,,
1914099,SecondHalf,65,48,68,Pass,Unsuccessful,52,Real Madrid,534899.0,Raúl Asencio,70.3,63.9,93.2,74.7,,,,,"[{'type': {'displayName': 'PassEndY', 'value': 141}, 'value': '74.7'}, {'type': {'displayName': 'Zone', 'value': 56}, 'value': 'Center'}, {'type': {'displayName': 'PassEndX', 'value': 140}, 'value': '93.2'}, {'type': {'displayName': 'Length', 'value': 212}, 'value': '25.1'}, {'type': {'displayName': 'Angle', 'value': 213}, 'value': '0.30'}]",True,,,,,
1914099,SecondHalf,65,51,68,BallRecovery,Successful,839,Villarreal,537235.0,Pau Navarro,8.9,22.4,,,,,,,[],False,,,,,
1914099,SecondHalf,65,58,68,BallTouch,Unsuccessful,839,Villarreal,537235.0,Pau Navarro,14.0,4.4,,,,,,,"[{'type': {'displayName': 'Zone', 'value': 56}, 'value': 'Back'}]",True,,,,,
1914099,SecondHalf,66,17,69,Pass,Successful,52,Real Madrid,437583.0,Álvaro Carreras,63.5,100.0,55.4,71.2,,,,,"[{'type': {'displayName': 'Length', 'value': 212}, 'value': '22.2'}, {'type': {'displayName': 'PassEndX', 'value': 140}, 'value': '55.4'}, {'type': {'displayName': 'ThrowIn', 'value': 107}}, {'type': {'displayName': 'Zone', 'value': 56}, 'value': 'Center'}, {'type': {'displayName': 'Angle', 'value': 213}, 'value': '4.32'}, {'type': {'displayName': 'PassEndY', 'value': 141}, 'value': '71.2'}, {'type': {'displayName': 'Longball', 'value': 1}}]",True,,,,,
1914099,SecondHalf,66,18,69,Pass,Successful,52,Real Madrid,468852.0,Dean Huijsen,57.3,89.7,60.4,52.6,,,,,"[{'type': {'displayName': 'Zone', 'value': 56}, 'value': 'Center'}, {'type': {'displayName': 'Angle', 'value': 213}, 'value': '4.84'}, {'type': {'displayName': 'PassEndX', 'value': 140}, 'value': '60.4'}, {'type': {'displayName': 'PassEndY', 'value': 141}, 'value': '52.6'}, {'type': {'displayName': 'Length', 'value': 212}, 'value': '25.4'}]",True,,,,,
1914099,SecondHalf,66,19,69,Pass,Successful,52,Real Madrid,344644.0,Federico Valverde,54.6,54.8,63.2,21.5,,,,,"[{'type': {'displayName': 'PassEndY', 'value': 141}, 'value': '21.5'}, {'type': {'displayName': 'PassEndX', 'value': 140}, 'value': '63.2'}, {'type': {'displayName': 'Length', 'value': 212}, 'value': '24.4'}, {'type': {'displayName': 'Zone', 'value': 56}, 'value': 'Center'}, {'type': {'displayName': 'Angle', 'value': 213}, 'value': '5.09'}]",True,,,,,
1914099,SecondHalf,66,24,69,Pass,Successful,52,Real Madrid,415181.0,Arda Güler,65.2,17.5,82.8,5.1,,,,,"[{'type': {'displayName': 'Zone', 'value': 56}, 'value': 'Right'}, {'type': {'displayName': 'Length', 'value': 212}, 'value': '20.3'}, {'type': {'displayName': 'Angle', 'value': 213}, 'value': '5.86'}, {'type': {'displayName': 'PassEndX', 'value': 140}, 'value': '82.8'}, {'type': {'displayName': 'PassEndY', 'value': 141}, 'value': '5.1'}]",True,,,,,
1914099,SecondHalf,66,27,69,Pass,Successful,52,Real Madrid,514810.0,Franco Mastantuono,83.8,9.6,74.2,40.8,,,,,"[{'type': {'displayName': 'PassEndX', 'value': 140}, 'value': '74.2'}, {'type': {'displayName': 'Angle', 'value': 213}, 'value': '2.01'}, {'type': {'displayName': 'Length', 'value': 212}, 'value': '23.5'}, {'type': {'displayName': 'PassEndY', 'value': 141}, 'value': '40.8'}, {'type': {'displayName': 'Zone', 'value': 56}, 'value': 'Center'}]",True,,,,,
1914099,SecondHalf,66,30,69,Pass,Successful,52,Real Madrid,369109.0,Eduardo Camavinga,73.2,51.9,71.7,75.7,,,,,"[{'type': {'displayName': 'Angle', 'value': 213}, 'value': '1.67'}, {'type': {'displayName': 'Length', 'value': 212}, 'value': '16.3'}, {'type': {'displayName': 'PassEndX', 'value': 140}, 'value': '71.7'}, {'type': {'displayName': 'PassEndY', 'value': 141}, 'value': '75.7'}, {'type': {'displayName': 'Zone', 'value': 56}, 'value': 'Center'}]",True,,,,,
1914099,SecondHalf,66,33,69,Pass,Successful,52,Real Madrid,437583.0,Álvaro Carreras,72.2,76.0,86.4,91.5,,,,,"[{'type': {'displayName': 'Zone', 'value': 56}, 'value': 'Left'}, {'type': {'displayName': 'Length', 'value': 212}, 'value': '18.3'}, {'type': {'displayName': 'PassEndY', 'value': 141}, 'value': '91.5'}, {'type': {'displayName': 'PassEndX', 'value': 140}, 'value': '86.4'}, {'type': {'displayName': 'Angle', 'value': 213}, 'value': '0.62'}]",True,,,,,
1914099,SecondHalf,66,35,69,Pass,Successful,52,Real Madrid,337782.0,Vinícius Júnior,86.4,91.5,79.8,85.3,,,,,"[{'type': {'displayName': 'Zone', 'value': 56}, 'value': 'Left'}, {'type': {'displayName': 'Angle', 'value': 213}, 'value': '3.69'}, {'type': {'displayName': 'Length', 'value': 212}, 'value': '8.1'}, {'type': {'displayName': 'PassEndY', 'value': 141}, 'value': '85.3'}, {'type': {'displayName': 'PassEndX', 'value': 140}, 'value': '79.8'}]",True,,,,,
1914099,SecondHalf,66,38,69,Pass,Successful,52,Real Madrid,437583.0,Álvaro Carreras,79.8,85.3,80.4,74.4,,,,,"[{'type': {'displayName': 'PassEndY', 'value': 141}, 'value': '74.4'}, {'type': {'displayName': 'Angle', 'value': 213}, 'value': '4.80'}, {'type': {'displayName': 'Zone', 'value': 56}, 'value': 'Center'}, {'type': {'displayName': 'PassEndX', 'value': 140}, 'value': '80.4'}, {'type': {'displayName': 'Length', 'value': 212}, 'value': '7.4'}]",True,,,,,
1914099,SecondHalf,66,39,69,Pass,Successful,52,Real Madrid,300713.0,Kylian Mbappé,80.4,74.4,73.6,74.5,,,,,"[{'type': {'displayName': 'PassEndY', 'value': 141}, 'value': '74.5'}, {'type': {'displayName': 'Zone', 'value': 56}, 'value': 'Center'}, {'type': {'displayName': 'Angle', 'value': 213}, 'value': '3.13'}, {'type': {'displayName': 'PassEndX', 'value': 140}, 'value': '73.6'}, {'type': {'displayName': 'LayOff', 'value': 156}}, {'type': {'displayName': 'Length', 'value': 212}, 'value': '7.1'}]",True,,,,,
1914099,SecondHalf,66,40,69,Pass,Successful,52,Real Madrid,369109.0,Eduardo Camavinga,73.6,74.5,73.3,86.8,,,,,"[{'type': {'displayName': 'Zone', 'value': 56}, 'value': 'Left'}, {'type': {'displayName': 'Length', 'value': 212}, 'value': '8.4'}, {'type': {'displayName': 'PassEndY', 'value': 141}, 'value': '86.8'}, {'type': {'displayName': 'Angle', 'value': 213}, 'value': '1.61'}, {'type': {'displayName': 'PassEndX', 'value': 140}, 'value': '73.3'}]",True,,,,,
1914099,SecondHalf,66,40,69,Pass,Successful,52,Real Madrid,437583.0,Álvaro Carreras,73.3,86.8,65.6,68.7,,,,,"[{'type': {'displayName': 'PassEndY', 'value': 141}, 'value': '68.7'}, {'type': {'displayName': 'Angle', 'value': 213}, 'value': '4.13'}, {'type': {'displayName': 'PassEndX', 'value': 140}, 'value': '65.6'}, {'type': {'displayName': 'Zone', 'value': 56}, 'value': 'Center'}, {'type': {'displayName': 'Length', 'value': 212}, 'value': '14.7'}]",True,,,,,
1914099,SecondHalf,66,42,69,Pass,Successful,52,Real Madrid,468852.0,Dean Huijsen,65.6,68.7,62.1,36.9,,,,,"[{'type': {'displayName': 'PassEndX', 'value': 140}, 'value': '62.1'}, {'type': {'displayName': 'Length', 'value': 212}, 'value': '21.9'}, {'type': {'displayName': 'PassEndY', 'value': 141}, 'value': '36.9'}, {'type': {'displayName': 'Zone', 'value': 56}, 'value': 'Center'}, {'type': {'displayName': 'Angle', 'value': 213}, 'value': '4.54'}]",True,,,,,
1914099,SecondHalf,66,46,69,Pass,Successful,52,Real Madrid,344644.0,Federico Valverde,62.1,36.4,71.3,11.2,,,,,"[{'type': {'displayName': 'Zone', 'value': 56}, 'value': 'Right'}, {'type': {'displayName': 'Length', 'value': 212}, 'value': '19.7'}, {'type': {'displayName': 'PassEndX', 'value': 140}, 'value': '71.3'}, {'type': {'displayName': 'PassEndY', 'value': 141}, 'value': '11.2'}, {'type': {'displayName': 'Angle', 'value': 213}, 'value': '5.23'}]",True,,,,,
1914099,SecondHalf,66,50,69,Pass,Successful,52,Real Madrid,415181.0,Arda Güler,71.3,6.1,67.6,15.7,,,,,"[{'type': {'displayName': 'Length', 'value': 212}, 'value': '7.6'}, {'type': {'displayName': 'Angle', 'value': 213}, 'value': '2.11'}, {'type': {'displayName': 'PassEndX', 'value': 140}, 'value': '67.6'}, {'type': {'displayName': 'Zone', 'value': 56}, 'value': 'Right'}, {'type': {'displayName': 'PassEndY', 'value': 141}, 'value': '15.7'}]",True,,,,,
1914099,SecondHalf,66,51,69,Pass,Successful,52,Real Madrid,379868.0,Jude Bellingham,67.6,15.7,64.7,31.8,,,,,"[{'type': {'displayName': 'Angle', 'value': 213}, 'value': '1.84'}, {'type': {'displayName': 'PassEndY', 'value': 141}, 'value': '31.8'}, {'type': {'displayName': 'PassEndX', 'value': 140}, 'value': '64.7'}, {'type': {'displayName': 'Length', 'value': 212}, 'value': '11.4'}, {'type': {'displayName': 'Zone', 'value': 56}, 'value': 'Center'}]",True,,,,,
1914099,SecondHalf,66,53,69,Pass,Successful,52,Real Madrid,369109.0,Eduardo Camavinga,65.1,35.2,82.3,87.9,,,,,"[{'type': {'displayName': 'Angle', 'value': 213}, 'value': '1.10'}, {'type': {'displayName': 'Longball', 'value': 1}}, {'type': {'displayName': 'PassEndY', 'value': 141}, 'value': '87.9'}, {'type': {'displayName': 'PassEndX', 'value': 140}, 'value': '82.3'}, {'type': {'displayName': 'Chipped', 'value': 155}}, {'type': {'displayName': 'Length', 'value': 212}, 'value': '40.1'}, {'type': {'displayName': 'Zone', 'value': 56}, 'value': 'Left'}]",True,,,,,
1914099,SecondHalf,66,58,69,Pass,Successful,52,Real Madrid,337782.0,Vinícius Júnior,77.2,83.2,76.5,62.5,,,,,"[{'type': {'displayName': 'PassEndX', 'value': 140}, 'value': '76.5'}, {'type': {'displayName': 'Angle', 'value': 213}, 'value': '4.66'}, {'type': {'displayName': 'Length', 'value': 212}, 'value': '14.1'}, {'type': {'displayName': 'PassEndY', 'value': 141}, 'value': '62.5'}, {'type': {'displayName': 'Zone', 'value': 56}, 'value': 'Center'}]",True,,,,,
1914099,SecondHalf,66,59,69,Pass,Successful,52,Real Madrid,300713.0,Kylian Mbappé,76.5,62.5,69.8,73.9,,,,,"[{'type': {'displayName': 'Length', 'value': 212}, 'value': '10.5'}, {'type': {'displayName': 'Angle', 'value': 213}, 'value': '2.31'}, {'type': {'displayName': 'PassEndX', 'value': 140}, 'value': '69.8'}, {'type': {'displayName': 'Zone', 'value': 56}, 'value': 'Center'}, {'type': {'displayName': 'PassEndY', 'value': 141}, 'value': '73.9'}]",True,,,,,
1914099,SecondHalf,67,0,70,Pass,Successful,52,Real Madrid,437583.0,Álvaro Carreras,69.8,73.9,77.0,90.6,,,,,"[{'type': {'displayName': 'Zone', 'value': 56}, 'value': 'Left'}, {'type': {'displayName': 'PassEndX', 'value': 140}, 'value': '77.0'}, {'type': {'displayName': 'Angle', 'value': 213}, 'value': '0.98'}, {'type': {'displayName': 'PassEndY', 'value': 141}, 'value': '90.6'}, {'type': {'displayName': 'Length', 'value': 212}, 'value': '13.6'}]",True,,,,,
1914099,SecondHalf,67,1,70,Pass,Successful,52,Real Madrid,337782.0,Vinícius Júnior,77.0,90.6,70.4,66.1,,,,,"[{'type': {'displayName': 'PassEndY', 'value': 141}, 'value': '66.1'}, {'type': {'displayName': 'Zone', 'value': 56}, 'value': 'Center'}, {'type': {'displayName': 'Length', 'value': 212}, 'value': '18.0'}, {'type': {'displayName': 'Angle', 'value': 213}, 'value': '4.32'}, {'type': {'displayName': 'PassEndX', 'value': 140}, 'value': '70.4'}]",True,,,,,
1914099,SecondHalf,67,3,70,Pass,Successful,52,Real Madrid,437583.0,Álvaro Carreras,70.9,68.4,91.5,67.9,,,,,"[{'type': {'displayName': 'PassEndX', 'value': 140}, 'value': '91.5'}, {'type': {'displayName': 'PassEndY', 'value': 141}, 'value': '67.9'}, {'type': {'displayName': 'Zone', 'value': 56}, 'value': 'Center'}, {'type': {'displayName': 'Length', 'value': 212}, 'value': '21.6'}, {'type': {'displayName': 'Angle', 'value': 213}, 'value': '6.27'}]",True,,,,,
1914099,SecondHalf,67,5,70,TakeOn,Unsuccessful,52,Real Madrid,300713.0,Kylian Mbappé,92.6,67.3,,,,,,,"[{'type': {'displayName': 'OppositeRelatedEvent', 'value': 233}, 'value': '572'}, {'type': {'displayName': 'Zone', 'value': 56}, 'value': 'Center'}, {'type': {'displayName': 'Offensive', 'value': 286}}]",True,,,,,
1914099,SecondHalf,67,5,70,Tackle,Successful,839,Villarreal,430301.0,Rafa Marín,7.4,32.7,,,,,,,"[{'type': {'displayName': 'StandingSave', 'value': 178}}, {'type': {'displayName': 'Zone', 'value': 56}, 'value': 'Back'}, {'type': {'displayName': 'Defensive', 'value': 285}}, {'type': {'displayName': 'OppositeRelatedEvent', 'value': 233}, 'value': '699'}]",True,,,,,
1914099,SecondHalf,67,8,70,CornerAwarded,Unsuccessful,839,Villarreal,430301.0,Rafa Marín,7.5,32.6,,,,,,,"[{'type': {'displayName': 'OppositeRelatedEvent', 'value': 233}, 'value': '700'}, {'type': {'displayName': 'MissLeft', 'value': 73}}, {'type': {'displayName': 'Zone', 'value': 56}, 'value': 'Back'}]",False,,,,,
1914099,SecondHalf,67,8,70,CornerAwarded,Successful,52,Real Madrid,300713.0,Kylian Mbappé,92.5,67.4,,,,,,,"[{'type': {'displayName': 'MissLeft', 'value': 73}}, {'type': {'displayName': 'Zone', 'value': 56}, 'value': 'Center'}, {'type': {'displayName': 'OppositeRelatedEvent', 'value': 233}, 'value': '573'}]",False,,,,,
1914099,SecondHalf,67,53,70,Pass,Unsuccessful,52,Real Madrid,415181.0,Arda Güler,99.5,99.5,95.1,49.5,,,,,"[{'type': {'displayName': 'Cross', 'value': 2}}, {'type': {'displayName': 'OppositeRelatedEvent', 'value': 233}, 'value': '575'}, {'type': {'displayName': 'Length', 'value': 212}, 'value': '34.3'}, {'type': {'displayName': 'PassEndY', 'value': 141}, 'value': '49.5'}, {'type': {'displayName': 'Angle', 'value': 213}, 'value': '4.58'}, {'type': {'displayName': 'Longball', 'value': 1}}, {'type': {'displayName': 'CornerTaken', 'value': 6}}, {'type': {'displayName': 'Chipped', 'value': 155}}, {'type': {'displayName': 'LeftFoot', 'value': 72}}, {'type': {'displayName': 'PassEndX', 'value': 140}, 'value': '95.1'}, {'type': {'displayName': 'Zone', 'value': 56}, 'value': 'Center'}]",True,,,,,
1914099,SecondHalf,67,56,70,Punch,Successful,839,Villarreal,400826.0,Luiz Júnior,4.9,50.5,31.6,59.2,,,,,"[{'type': {'displayName': 'Angle', 'value': 213}, 'value': '0.21'}, {'type': {'displayName': 'OppositeRelatedEvent', 'value': 233}, 'value': '703'}, {'type': {'displayName': 'PassEndX', 'value': 140}, 'value': '31.6'}, {'type': {'displayName': 'Length', 'value': 212}, 'value': '28.7'}, {'type': {'displayName': 'PassEndY', 'value': 141}, 'value': '59.2'}]",True,,,,,
1914099,SecondHalf,67,59,70,Pass,Unsuccessful,839,Villarreal,448211.0,Alberto Moleiro,31.3,58.9,33.5,53.0,,,,,"[{'type': {'displayName': 'PassEndY', 'value': 141}, 'value': '53.0'}, {'type': {'displayName': 'PassEndX', 'value': 140}, 'value': '33.5'}, {'type': {'displayName': 'Length', 'value': 212}, 'value': '4.6'}, {'type': {'displayName': 'HeadPass', 'value': 3}}, {'type': {'displayName': 'Zone', 'value': 56}, 'value': 'Back'}, {'type': {'displayName': 'Angle', 'value': 213}, 'value': '5.23'}]",True,,,,,
1914099,SecondHalf,68,2,71,Pass,Unsuccessful,52,Real Madrid,344644.0,Federico Valverde,64.4,43.6,65.3,60.1,,,,,"[{'type': {'displayName': 'Chipped', 'value': 155}}, {'type': {'displayName': 'PassEndX', 'value': 140}, 'value': '65.3'}, {'type': {'displayName': 'Angle', 'value': 213}, 'value': '1.49'}, {'type': {'displayName': 'Length', 'value': 212}, 'value': '11.3'}, {'type': {'displayName': 'PassEndY', 'value': 141}, 'value': '60.1'}, {'type': {'displayName': 'Zone', 'value': 56}, 'value': 'Center'}]",True,,,,,
1914099,SecondHalf,68,3,71,Pass,Unsuccessful,839,Villarreal,371027.0,Tajon Buchanan,38.1,42.1,72.7,80.2,,,,,"[{'type': {'displayName': 'Angle', 'value': 213}, 'value': '0.62'}, {'type': {'displayName': 'Length', 'value': 212}, 'value': '44.6'}, {'type': {'displayName': 'PassEndX', 'value': 140}, 'value': '72.7'}, {'type': {'displayName': 'Longball', 'value': 1}}, {'type': {'displayName': 'PassEndY', 'value': 141}, 'value': '80.2'}, {'type': {'displayName': 'Zone', 'value': 56}, 'value': 'Left'}, {'type': {'displayName': 'Chipped', 'value': 155}}]",True,,,,,
1914099,SecondHalf,68,5,71,KeeperSweeper,Successful,52,Real Madrid,73798.0,Thibaut Courtois,32.8,29.4,,,,,,,"[{'type': {'displayName': 'Zone', 'value': 56}, 'value': 'Back'}]",False,,,,,
1914099,SecondHalf,68,7,71,Clearance,Successful,52,Real Madrid,73798.0,Thibaut Courtois,28.9,18.6,44.9,0.0,,,,,"[{'type': {'displayName': 'Zone', 'value': 56}, 'value': 'Back'}, {'type': {'displayName': 'PassEndY', 'value': 141}, 'value': '0.0'}, {'type': {'displayName': 'PassEndX', 'value': 140}, 'value': '44.9'}, {'type': {'displayName': 'Length', 'value': 212}, 'value': '21.3'}, {'type': {'displayName': 'Angle', 'value': 213}, 'value': '5.62'}]",True,,,,,
1914099,SecondHalf,68,15,71,Pass,Successful,839,Villarreal,276489.0,Alfonso Pedraza,58.6,100.0,44.0,82.0,,,,,"[{'type': {'displayName': 'PassEndX', 'value': 140}, 'value': '44.0'}, {'type': {'displayName': 'Zone', 'value': 56}, 'value': 'Back'}, {'type': {'displayName': 'Angle', 'value': 213}, 'value': '3.85'}, {'type': {'displayName': 'Length', 'value': 212}, 'value': '20.3'}, {'type': {'displayName': 'PassEndY', 'value': 141}, 'value': '82.0'}, {'type': {'displayName': 'ThrowIn', 'value': 107}}]",True,,,,,
1914099,SecondHalf,68,17,71,Pass,Successful,839,Villarreal,434077.0,Renato Veiga,37.9,75.8,47.0,65.2,,,,,"[{'type': {'displayName': 'Angle', 'value': 213}, 'value': '5.64'}, {'type': {'displayName': 'Length', 'value': 212}, 'value': '12.0'}, {'type': {'displayName': 'PassEndX', 'value': 140}, 'value': '47.0'}, {'type': {'displayName': 'PassEndY', 'value': 141}, 'value': '65.2'}, {'type': {'displayName': 'Zone', 'value': 56}, 'value': 'Back'}]",True,,,,,
1914099,SecondHalf,68,19,71,Pass,Successful,839,Villarreal,28186.0,Dani Parejo,46.9,58.9,48.9,29.1,,,,,"[{'type': {'displayName': 'PassEndX', 'value': 140}, 'value': '48.9'}, {'type': {'displayName': 'Zone', 'value': 56}, 'value': 'Back'}, {'type': {'displayName': 'PassEndY', 'value': 141}, 'value': '29.1'}, {'type': {'displayName': 'Length', 'value': 212}, 'value': '20.4'}, {'type': {'displayName': 'Angle', 'value': 213}, 'value': '4.82'}]",True,,,,,
1914099,SecondHalf,68,22,71,Pass,Successful,839,Villarreal,537235.0,Pau Navarro,52.6,27.4,56.1,44.7,,,,,"[{'type': {'displayName': 'Length', 'value': 212}, 'value': '12.3'}, {'type': {'displayName': 'PassEndY', 'value': 141}, 'value': '44.7'}, {'type': {'displayName': 'PassEndX', 'value': 140}, 'value': '56.1'}, {'type': {'displayName': 'Angle', 'value': 213}, 'value': '1.27'}, {'type': {'displayName': 'Zone', 'value': 56}, 'value': 'Center'}]",True,,,,,
1914099,SecondHalf,68,23,71,Pass,Unsuccessful,839,Villarreal,28186.0,Dani Parejo,57.0,35.4,71.5,35.6,,,,,"[{'type': {'displayName': 'PassEndY', 'value': 141}, 'value': '35.6'}, {'type': {'displayName': 'Zone', 'value': 56}, 'value': 'Center'}, {'type': {'displayName': 'Angle', 'value': 213}, 'value': '0.01'}, {'type': {'displayName': 'PassEndX', 'value': 140}, 'value': '71.5'}, {'type': {'displayName': 'Length', 'value': 212}, 'value': '15.2'}]",True,,,,,
1914099,SecondHalf,68,27,71,Interception,Successful,52,Real Madrid,468852.0,Dean Huijsen,28.5,64.4,,,,,,,"[{'type': {'displayName': 'Zone', 'value': 56}, 'value': 'Back'}]",True,,,,,
1914099,SecondHalf,68,28,71,BallRecovery,Successful,52,Real Madrid,379868.0,Jude Bellingham,36.9,68.8,,,,,,,[],False,,,,,
1914099,SecondHalf,68,30,71,Pass,Successful,52,Real Madrid,379868.0,Jude Bellingham,60.5,76.3,75.9,82.2,,,,,"[{'type': {'displayName': 'PassEndY', 'value': 141}, 'value': '82.2'}, {'type': {'displayName': 'Zone', 'value': 56}, 'value': 'Left'}, {'type': {'displayName': 'PassEndX', 'value': 140}, 'value': '75.9'}, {'type': {'displayName': 'Length', 'value': 212}, 'value': '16.7'}, {'type': {'displayName': 'Angle', 'value': 213}, 'value': '0.24'}, {'type': {'displayName': 'ShotAssist', 'value': 210}, 'value': '15'}, {'type': {'displayName': 'KeyPass', 'value': 11113}}]",True,,,,,
1914099,SecondHalf,68,35,71,SavedShot,Successful,52,Real Madrid,337782.0,Vinícius Júnior,82.1,64.2,,,49.7,19.0,85.9,61.1,"[{'type': {'displayName': 'RelatedEventId', 'value': 55}, 'value': '710'}, {'type': {'displayName': 'Assisted', 'value': 29}}, {'type': {'displayName': 'OutOfBoxCentre', 'value': 18}}, {'type': {'displayName': 'RightFoot', 'value': 20}}, {'type': {'displayName': 'FastBreak', 'value': 23}}, {'type': {'displayName': 'BlockedX', 'value': 146}, 'value': '85.9'}, {'type': {'displayName': 'IndividualPlay', 'value': 215}}, {'type': {'displayName': 'Blocked', 'value': 82}}, {'type': {'displayName': 'GoalMouthZ', 'value': 103}, 'value': '19'}, {'type': {'displayName': 'Zone', 'value': 56}, 'value': 'Center'}, {'type': {'displayName': 'GoalMouthY', 'value': 102}, 'value': '49.7'}, {'type': {'displayName': 'BlockedY', 'value': 147}, 'value': '61.1'}, {'type': {'displayName': 'LowCentre', 'value': 78}}, {'type': {'displayName': 'OppositeRelatedEvent', 'value': 233}, 'value': '585'}]",True,True,,,710.0,379868.0
1914099,SecondHalf,68,35,71,Save,Successful,839,Villarreal,434077.0,Renato Veiga,14.2,37.0,,,,,,,"[{'type': {'displayName': 'OppositeRelatedEvent', 'value': 233}, 'value': '711'}, {'type': {'displayName': 'Zone', 'value': 56}, 'value': 'Back'}, {'type': {'displayName': 'OutfielderBlock', 'value': 94}}]",True,,,,,
1914099,SecondHalf,68,40,71,BallRecovery,Successful,839,Villarreal,448211.0,Alberto Moleiro,31.9,64.7,,,,,,,[],False,,,,,
1914099,SecondHalf,68,42,71,Pass,Successful,839,Villarreal,448211.0,Alberto Moleiro,34.0,78.0,45.5,67.4,,,,,"[{'type': {'displayName': 'Angle', 'value': 213}, 'value': '5.75'}, {'type': {'displayName': 'Length', 'value': 212}, 'value': '14.1'}, {'type': {'displayName': 'PassEndX', 'value': 140}, 'value': '45.5'}, {'type': {'displayName': 'PassEndY', 'value': 141}, 'value': '67.4'}, {'type': {'displayName': 'Zone', 'value': 56}, 'value': 'Back'}]",True,,,,,
1914099,SecondHalf,68,44,71,Foul,Successful,839,Villarreal,389020.0,Georges Mikautadze,42.7,68.1,,,,,,,"[{'type': {'displayName': 'OppositeRelatedEvent', 'value': 233}, 'value': '712'}, {'type': {'displayName': 'Foul', 'value': 13}}, {'type': {'displayName': 'Offensive', 'value': 286}}, {'type': {'displayName': 'Zone', 'value': 56}, 'value': 'Back'}]",True,,,,,
1914099,SecondHalf,68,44,71,Foul,Unsuccessful,52,Real Madrid,534899.0,Raúl Asencio,57.3,31.9,,,,,,,"[{'type': {'displayName': 'Zone', 'value': 56}, 'value': 'Center'}, {'type': {'displayName': 'OppositeRelatedEvent', 'value': 233}, 'value': '588'}, {'type': {'displayName': 'Defensive', 'value': 285}}, {'type': {'displayName': 'Foul', 'value': 13}}]",False,,,,,
1914099,SecondHalf,69,10,72,SubstitutionOff,Successful,839,Villarreal,371027.0,Tajon Buchanan,0.0,0.0,,,,,,,"[{'type': {'displayName': 'RelatedEventId', 'value': 55}, 'value': '590'}, {'type': {'displayName': 'PlayerPosition', 'value': 44}, 'value': 'Forward'}, {'type': {'displayName': 'JerseyNumber', 'value': 59}, 'value': '17'}]",False,,,,590.0,239872.0
1914099,SecondHalf,69,10,72,SubstitutionOn,Successful,839,Villarreal,239872.0,Nicolas Pepe,0.0,0.0,,,,,,,"[{'type': {'displayName': 'RelatedEventId', 'value': 55}, 'value': '589'}, {'type': {'displayName': 'JerseyNumber', 'value': 59}, 'value': '19'}, {'type': {'displayName': 'FormationSlot', 'value': 145}, 'value': '7'}, {'type': {'displayName': 'PlayerPosition', 'value': 44}, 'value': 'Midfielder'}]",False,,,,589.0,371027.0
1914099,SecondHalf,69,15,72,SubstitutionOff,Successful,839,Villarreal,97659.0,Gerard Moreno,0.0,0.0,,,,,,,"[{'type': {'displayName': 'JerseyNumber', 'value': 59}, 'value': '7'}, {'type': {'displayName': 'RelatedEventId', 'value': 55}, 'value': '592'}, {'type': {'displayName': 'PlayerPosition', 'value': 44}, 'value': 'Forward'}]",False,,,,592.0,445292.0
1914099,SecondHalf,69,15,72,SubstitutionOn,Successful,839,Villarreal,445292.0,Tani Oluwaseyi,0.0,0.0,,,,,,,"[{'type': {'displayName': 'JerseyNumber', 'value': 59}, 'value': '21'}, {'type': {'displayName': 'RelatedEventId', 'value': 55}, 'value': '591'}, {'type': {'displayName': 'FormationSlot', 'value': 145}, 'value': '10'}, {'type': {'displayName': 'PlayerPosition', 'value': 44}, 'value': 'Forward'}]",False,,,,591.0,97659.0
1914099,SecondHalf,69,29,72,Pass,Successful,839,Villarreal,28186.0,Dani Parejo,47.9,64.4,47.1,34.4,,,,,"[{'type': {'displayName': 'PassEndX', 'value': 140}, 'value': '47.1'}, {'type': {'displayName': 'Zone', 'value': 56}, 'value': 'Back'}, {'type': {'displayName': 'FreekickTaken', 'value': 5}}, {'type': {'displayName': 'PassEndY', 'value': 141}, 'value': '34.4'}, {'type': {'displayName': 'Length', 'value': 212}, 'value': '20.4'}, {'type': {'displayName': 'Angle', 'value': 213}, 'value': '4.67'}]",True,,,,,
1914099,SecondHalf,69,29,72,FormationChange,Successful,839,Villarreal,,,0.0,0.0,,,,,,,"[{'type': {'displayName': 'CaptainPlayerId', 'value': 194}, 'value': '28186'}, {'type': {'displayName': 'TeamPlayerFormation', 'value': 131}, 'value': '1, 2, 3, 4, 5, 6, 7, 8, 9, 10, 11, 0, 0, 0, 0, 0'}, {'type': {'displayName': 'JerseyNumber', 'value': 59}, 'value': '1, 26, 24, 10, 4, 12, 19, 18, 9, 21, 20, 37, 23, 22, 16, 25'}, {'type': {'displayName': 'InvolvedPlayers', 'value': 30}, 'value': '400826,537235,276489,28186,430301,434077,239872,399047,389020,445292,448211,603190,448209,135366,238940,396147'}, {'type': {'displayName': 'TeamFormation', 'value': 130}, 'value': '2'}, {'type': {'displayName': 'PlayerPosition', 'value': 44}, 'value': '1, 2, 2, 3, 2, 2, 3, 3, 4, 4, 3, 5, 5, 5, 5, 5'}]",False,,,,,
1914099,SecondHalf,69,32,72,Pass,Successful,839,Villarreal,537235.0,Pau Navarro,47.2,34.4,43.3,48.2,,,,,"[{'type': {'displayName': 'Angle', 'value': 213}, 'value': '1.98'}, {'type': {'displayName': 'PassEndX', 'value': 140}, 'value': '43.3'}, {'type': {'displayName': 'PassEndY', 'value': 141}, 'value': '48.2'}, {'type': {'displayName': 'Zone', 'value': 56}, 'value': 'Back'}, {'type': {'displayName': 'Length', 'value': 212}, 'value': '10.2'}]",True,,,,,
1914099,SecondHalf,69,35,72,Pass,Successful,839,Villarreal,430301.0,Rafa Marín,43.6,47.4,46.3,30.9,,,,,"[{'type': {'displayName': 'Angle', 'value': 213}, 'value': '4.96'}, {'type': {'displayName': 'Length', 'value': 212}, 'value': '11.6'}, {'type': {'displayName': 'PassEndY', 'value': 141}, 'value': '30.9'}, {'type': {'displayName': 'PassEndX', 'value': 140}, 'value': '46.3'}, {'type': {'displayName': 'Zone', 'value': 56}, 'value': 'Back'}]",True,,,,,
1914099,SecondHalf,69,37,72,Pass,Successful,839,Villarreal,537235.0,Pau Navarro,47.2,30.3,60.5,7.1,,,,,"[{'type': {'displayName': 'PassEndX', 'value': 140}, 'value': '60.5'}, {'type': {'displayName': 'PassEndY', 'value': 141}, 'value': '7.1'}, {'type': {'displayName': 'Zone', 'value': 56}, 'value': 'Right'}, {'type': {'displayName': 'Angle', 'value': 213}, 'value': '5.44'}, {'type': {'displayName': 'Length', 'value': 212}, 'value': '21.1'}]",True,,,,,
1914099,SecondHalf,69,40,72,Pass,Successful,839,Villarreal,239872.0,Nicolas Pepe,55.0,7.7,38.7,17.9,,,,,"[{'type': {'displayName': 'PassEndY', 'value': 141}, 'value': '17.9'}, {'type': {'displayName': 'Angle', 'value': 213}, 'value': '2.76'}, {'type': {'displayName': 'PassEndX', 'value': 140}, 'value': '38.7'}, {'type': {'displayName': 'Zone', 'value': 56}, 'value': 'Back'}, {'type': {'displayName': 'Length', 'value': 212}, 'value': '18.5'}]",True,,,,,
1914099,SecondHalf,69,42,72,Pass,Successful,839,Villarreal,537235.0,Pau Navarro,35.9,19.5,14.0,47.0,,,,,"[{'type': {'displayName': 'Angle', 'value': 213}, 'value': '2.46'}, {'type': {'displayName': 'PassEndY', 'value': 141}, 'value': '47.0'}, {'type': {'displayName': 'Zone', 'value': 56}, 'value': 'Back'}, {'type': {'displayName': 'PassEndX', 'value': 140}, 'value': '14.0'}, {'type': {'displayName': 'Length', 'value': 212}, 'value': '29.6'}]",True,,,,,
1914099,SecondHalf,69,45,72,Pass,Successful,839,Villarreal,400826.0,Luiz Júnior,14.0,47.0,15.9,77.4,,,,,"[{'type': {'displayName': 'Angle', 'value': 213}, 'value': '1.47'}, {'type': {'displayName': 'PassEndY', 'value': 141}, 'value': '77.4'}, {'type': {'displayName': 'PassEndX', 'value': 140}, 'value': '15.9'}, {'type': {'displayName': 'Length', 'value': 212}, 'value': '20.8'}, {'type': {'displayName': 'Zone', 'value': 56}, 'value': 'Back'}]",True,,,,,
1914099,SecondHalf,69,48,72,Pass,Successful,839,Villarreal,434077.0,Renato Veiga,15.5,76.7,21.5,66.1,,,,,"[{'type': {'displayName': 'Angle', 'value': 213}, 'value': '5.43'}, {'type': {'displayName': 'Zone', 'value': 56}, 'value': 'Back'}, {'type': {'displayName': 'PassEndX', 'value': 140}, 'value': '21.5'}, {'type': {'displayName': 'PassEndY', 'value': 141}, 'value': '66.1'}, {'type': {'displayName': 'Length', 'value': 212}, 'value': '9.6'}]",True,,,,,
1914099,SecondHalf,69,49,72,Pass,Successful,839,Villarreal,28186.0,Dani Parejo,20.7,66.2,22.9,46.5,,,,,"[{'type': {'displayName': 'PassEndY', 'value': 141}, 'value': '46.5'}, {'type': {'displayName': 'Length', 'value': 212}, 'value': '13.6'}, {'type': {'displayName': 'Angle', 'value': 213}, 'value': '4.88'}, {'type': {'displayName': 'Zone', 'value': 56}, 'value': 'Back'}, {'type': {'displayName': 'PassEndX', 'value': 140}, 'value': '22.9'}]",True,,,,,
1914099,SecondHalf,69,51,72,Pass,Successful,839,Villarreal,399047.0,Pape Gueye,22.9,46.5,32.6,58.9,,,,,"[{'type': {'displayName': 'Angle', 'value': 213}, 'value': '0.69'}, {'type': {'displayName': 'Zone', 'value': 56}, 'value': 'Back'}, {'type': {'displayName': 'PassEndX', 'value': 140}, 'value': '32.6'}, {'type': {'displayName': 'PassEndY', 'value': 141}, 'value': '58.9'}, {'type': {'displayName': 'Length', 'value': 212}, 'value': '13.2'}]",True,,,,,
1914099,SecondHalf,69,52,72,Pass,Successful,839,Villarreal,448211.0,Alberto Moleiro,32.7,58.9,27.1,65.2,,,,,"[{'type': {'displayName': 'PassEndY', 'value': 141}, 'value': '65.2'}, {'type': {'displayName': 'LayOff', 'value': 156}}, {'type': {'displayName': 'Angle', 'value': 213}, 'value': '2.51'}, {'type': {'displayName': 'Zone', 'value': 56}, 'value': 'Back'}, {'type': {'displayName': 'Length', 'value': 212}, 'value': '7.3'}, {'type': {'displayName': 'PassEndX', 'value': 140}, 'value': '27.1'}]",True,,,,,
1914099,SecondHalf,69,53,72,Pass,Successful,839,Villarreal,28186.0,Dani Parejo,28.5,64.7,54.8,85.6,,,,,"[{'type': {'displayName': 'PassEndY', 'value': 141}, 'value': '85.6'}, {'type': {'displayName': 'Zone', 'value': 56}, 'value': 'Left'}, {'type': {'displayName': 'Angle', 'value': 213}, 'value': '0.48'}, {'type': {'displayName': 'PassEndX', 'value': 140}, 'value': '54.8'}, {'type': {'displayName': 'Length', 'value': 212}, 'value': '31.1'}]",True,,,,,
1914099,SecondHalf,69,58,72,Pass,Successful,839,Villarreal,276489.0,Alfonso Pedraza,72.9,79.7,77.2,18.6,,,,,"[{'type': {'displayName': 'PassEndY', 'value': 141}, 'value': '18.6'}, {'type': {'displayName': 'PassEndX', 'value': 140}, 'value': '77.2'}, {'type': {'displayName': 'Zone', 'value': 56}, 'value': 'Right'}, {'type': {'displayName': 'Length', 'value': 212}, 'value': '41.8'}, {'type': {'displayName': 'Longball', 'value': 1}}, {'type': {'displayName': 'Angle', 'value': 213}, 'value': '4.82'}]",True,,,,,
1914099,SecondHalf,70,2,73,Pass,Successful,839,Villarreal,239872.0,Nicolas Pepe,78.9,25.7,77.3,42.6,,,,,"[{'type': {'displayName': 'Zone', 'value': 56}, 'value': 'Center'}, {'type': {'displayName': 'Angle', 'value': 213}, 'value': '1.72'}, {'type': {'displayName': 'Length', 'value': 212}, 'value': '11.6'}, {'type': {'displayName': 'PassEndY', 'value': 141}, 'value': '42.6'}, {'type': {'displayName': 'PassEndX', 'value': 140}, 'value': '77.3'}]",True,,,,,
1914099,SecondHalf,70,3,73,Pass,Unsuccessful,839,Villarreal,399047.0,Pape Gueye,79.2,47.9,80.2,48.9,,,,,"[{'type': {'displayName': 'Zone', 'value': 56}, 'value': 'Center'}, {'type': {'displayName': 'OppositeRelatedEvent', 'value': 233}, 'value': '714'}, {'type': {'displayName': 'Length', 'value': 212}, 'value': '1.3'}, {'type': {'displayName': 'PassEndY', 'value': 141}, 'value': '48.9'}, {'type': {'displayName': 'Angle', 'value': 213}, 'value': '0.57'}, {'type': {'displayName': 'Offensive', 'value': 286}}, {'type': {'displayName': 'PassEndX', 'value': 140}, 'value': '80.2'}]",True,,,,,
1914099,SecondHalf,70,3,73,BlockedPass,Successful,52,Real Madrid,369109.0,Eduardo Camavinga,19.8,51.1,,,,,,,"[{'type': {'displayName': 'Zone', 'value': 56}, 'value': 'Back'}, {'type': {'displayName': 'Defensive', 'value': 285}}, {'type': {'displayName': 'OppositeRelatedEvent', 'value': 233}, 'value': '608'}]",True,,,,,
1914099,SecondHalf,70,6,73,SavedShot,Successful,839,Villarreal,448211.0,Alberto Moleiro,76.6,51.1,,,50.0,3.8,97.7,49.8,"[{'type': {'displayName': 'GoalMouthZ', 'value': 103}, 'value': '3.8'}, {'type': {'displayName': 'LowCentre', 'value': 78}}, {'type': {'displayName': 'GoalMouthY', 'value': 102}, 'value': '50.0'}, {'type': {'displayName': 'FirstTouch', 'value': 328}}, {'type': {'displayName': 'IndividualPlay', 'value': 215}}, {'type': {'displayName': 'RightFoot', 'value': 20}}, {'type': {'displayName': 'OutOfBoxCentre', 'value': 18}}, {'type': {'displayName': 'OppositeRelatedEvent', 'value': 233}, 'value': '715'}, {'type': {'displayName': 'RegularPlay', 'value': 22}}, {'type': {'displayName': 'BlockedX', 'value': 146}, 'value': '97.7'}, {'type': {'displayName': 'Zone', 'value': 56}, 'value': 'Center'}, {'type': {'displayName': 'BlockedY', 'value': 147}, 'value': '49.8'}]",True,True,,,,
1914099,SecondHalf,70,7,73,Save,Successful,52,Real Madrid,73798.0,Thibaut Courtois,1.6,50.3,,,,,,,"[{'type': {'displayName': 'Hands', 'value': 182}}, {'type': {'displayName': 'OppositeRelatedEvent', 'value': 233}, 'value': '610'}, {'type': {'displayName': 'Zone', 'value': 56}, 'value': 'Back'}, {'type': {'displayName': 'Collected', 'value': 177}}, {'type': {'displayName': 'KeeperSaveObox', 'value': 11117}}]",True,,,,,
1914099,SecondHalf,70,8,73,KeeperPickup,Successful,52,Real Madrid,73798.0,Thibaut Courtois,1.6,49.9,,,,,,,[],False,,,,,
1914099,SecondHalf,70,16,73,Pass,Successful,52,Real Madrid,73798.0,Thibaut Courtois,8.3,51.3,15.4,29.9,,,,,"[{'type': {'displayName': 'PassEndX', 'value': 140}, 'value': '15.4'}, {'type': {'displayName': 'Angle', 'value': 213}, 'value': '5.19'}, {'type': {'displayName': 'Zone', 'value': 56}, 'value': 'Back'}, {'type': {'displayName': 'Length', 'value': 212}, 'value': '16.4'}, {'type': {'displayName': 'PassEndY', 'value': 141}, 'value': '29.9'}]",True,,,,,
1914099,SecondHalf,70,20,73,Pass,Unsuccessful,52,Real Madrid,344644.0,Federico Valverde,24.8,16.9,39.0,3.6,,,,,"[{'type': {'displayName': 'Zone', 'value': 56}, 'value': 'Back'}, {'type': {'displayName': 'PassEndX', 'value': 140}, 'value': '39.0'}, {'type': {'displayName': 'Angle', 'value': 213}, 'value': '5.74'}, {'type': {'displayName': 'Length', 'value': 212}, 'value': '17.4'}, {'type': {'displayName': 'PassEndY', 'value': 141}, 'value': '3.6'}]",True,,,,,
1914099,SecondHalf,70,21,73,Interception,Successful,839,Villarreal,276489.0,Alfonso Pedraza,61.0,96.4,,,,,,,"[{'type': {'displayName': 'Zone', 'value': 56}, 'value': 'Left'}]",True,,,,,
1914099,SecondHalf,70,23,73,Pass,Successful,52,Real Madrid,344644.0,Federico Valverde,25.4,5.5,1.1,54.9,,,,,"[{'type': {'displayName': 'PassEndX', 'value': 140}, 'value': '1.1'}, {'type': {'displayName': 'Zone', 'value': 56}, 'value': 'Back'}, {'type': {'displayName': 'Angle', 'value': 213}, 'value': '2.22'}, {'type': {'displayName': 'Length', 'value': 212}, 'value': '42.2'}, {'type': {'displayName': 'PassEndY', 'value': 141}, 'value': '54.9'}, {'type': {'displayName': 'Longball', 'value': 1}}]",True,,,,,
1914099,SecondHalf,70,28,73,Pass,Successful,52,Real Madrid,73798.0,Thibaut Courtois,2.6,55.9,35.2,94.9,,,,,"[{'type': {'displayName': 'PassEndX', 'value': 140}, 'value': '35.2'}, {'type': {'displayName': 'Chipped', 'value': 155}}, {'type': {'displayName': 'Longball', 'value': 1}}, {'type': {'displayName': 'Zone', 'value': 56}, 'value': 'Back'}, {'type': {'displayName': 'Angle', 'value': 213}, 'value': '0.66'}, {'type': {'displayName': 'Length', 'value': 212}, 'value': '43.3'}, {'type': {'displayName': 'PassEndY', 'value': 141}, 'value': '94.9'}]",True,,,,,
1914099,SecondHalf,70,33,73,Challenge,Unsuccessful,839,Villarreal,239872.0,Nicolas Pepe,70.4,4.3,,,,,,,"[{'type': {'displayName': 'Zone', 'value': 56}, 'value': 'Right'}, {'type': {'displayName': 'Offensive', 'value': 286}}, {'type': {'displayName': 'OppositeRelatedEvent', 'value': 233}, 'value': '723'}]",False,,,,,
1914099,SecondHalf,70,33,73,TakeOn,Successful,52,Real Madrid,437583.0,Álvaro Carreras,29.6,95.7,,,,,,,"[{'type': {'displayName': 'Zone', 'value': 56}, 'value': 'Back'}, {'type': {'displayName': 'Defensive', 'value': 285}}, {'type': {'displayName': 'OppositeRelatedEvent', 'value': 233}, 'value': '612'}]",True,,,,,
1914099,SecondHalf,70,38,73,Pass,Successful,52,Real Madrid,437583.0,Álvaro Carreras,28.7,85.6,8.6,53.4,,,,,"[{'type': {'displayName': 'Zone', 'value': 56}, 'value': 'Back'}, {'type': {'displayName': 'PassEndX', 'value': 140}, 'value': '8.6'}, {'type': {'displayName': 'Length', 'value': 212}, 'value': '30.4'}, {'type': {'displayName': 'PassEndY', 'value': 141}, 'value': '53.4'}, {'type': {'displayName': 'Angle', 'value': 213}, 'value': '3.95'}]",True,,,,,
1914099,SecondHalf,70,43,73,Pass,Successful,52,Real Madrid,73798.0,Thibaut Courtois,14.2,46.8,31.8,8.8,,,,,"[{'type': {'displayName': 'Angle', 'value': 213}, 'value': '5.33'}, {'type': {'displayName': 'Length', 'value': 212}, 'value': '31.8'}, {'type': {'displayName': 'PassEndX', 'value': 140}, 'value': '31.8'}, {'type': {'displayName': 'Zone', 'value': 56}, 'value': 'Back'}, {'type': {'displayName': 'PassEndY', 'value': 141}, 'value': '8.8'}]",True,,,,,
1914099,SecondHalf,70,47,73,Pass,Successful,52,Real Madrid,344644.0,Federico Valverde,31.8,8.8,39.9,2.4,,,,,"[{'type': {'displayName': 'Length', 'value': 212}, 'value': '9.6'}, {'type': {'displayName': 'Angle', 'value': 213}, 'value': '5.81'}, {'type': {'displayName': 'PassEndX', 'value': 140}, 'value': '39.9'}, {'type': {'displayName': 'PassEndY', 'value': 141}, 'value': '2.4'}, {'type': {'displayName': 'Zone', 'value': 56}, 'value': 'Back'}]",True,,,,,
1914099,SecondHalf,70,49,73,Pass,Successful,52,Real Madrid,300713.0,Kylian Mbappé,39.9,2.4,58.1,8.5,,,,,"[{'type': {'displayName': 'Length', 'value': 212}, 'value': '19.6'}, {'type': {'displayName': 'Zone', 'value': 56}, 'value': 'Right'}, {'type': {'displayName': 'PassEndX', 'value': 140}, 'value': '58.1'}, {'type': {'displayName': 'PassEndY', 'value': 141}, 'value': '8.5'}, {'type': {'displayName': 'Angle', 'value': 213}, 'value': '0.21'}]",True,,,,,
1914099,SecondHalf,70,54,73,Pass,Successful,52,Real Madrid,415181.0,Arda Güler,57.4,19.9,83.9,85.2,,,,,"[{'type': {'displayName': 'Angle', 'value': 213}, 'value': '1.01'}, {'type': {'displayName': 'PassEndX', 'value': 140}, 'value': '83.9'}, {'type': {'displayName': 'Zone', 'value': 56}, 'value': 'Left'}, {'type': {'displayName': 'PassEndY', 'value': 141}, 'value': '85.2'}, {'type': {'displayName': 'Chipped', 'value': 155}}, {'type': {'displayName': 'Length', 'value': 212}, 'value': '52.4'}, {'type': {'displayName': 'Longball', 'value': 1}}]",True,,,,,
1914099,SecondHalf,70,59,73,Pass,Successful,52,Real Madrid,379868.0,Jude Bellingham,86.0,75.9,78.1,72.1,,,,,"[{'type': {'displayName': 'Angle', 'value': 213}, 'value': '3.44'}, {'type': {'displayName': 'Length', 'value': 212}, 'value': '8.7'}, {'type': {'displayName': 'PassEndX', 'value': 140}, 'value': '78.1'}, {'type': {'displayName': 'Zone', 'value': 56}, 'value': 'Center'}, {'type': {'displayName': 'PassEndY', 'value': 141}, 'value': '72.1'}]",True,,,,,
1914099,SecondHalf,71,1,74,Pass,Successful,52,Real Madrid,437583.0,Álvaro Carreras,78.1,72.3,75.8,56.5,,,,,"[{'type': {'displayName': 'PassEndX', 'value': 140}, 'value': '75.8'}, {'type': {'displayName': 'Angle', 'value': 213}, 'value': '4.49'}, {'type': {'displayName': 'Length', 'value': 212}, 'value': '11.0'}, {'type': {'displayName': 'PassEndY', 'value': 141}, 'value': '56.5'}, {'type': {'displayName': 'Zone', 'value': 56}, 'value': 'Center'}]",True,,,,,
1914099,SecondHalf,71,6,74,Pass,Successful,52,Real Madrid,415181.0,Arda Güler,75.7,63.4,76.3,75.4,,,,,"[{'type': {'displayName': 'Zone', 'value': 56}, 'value': 'Center'}, {'type': {'displayName': 'Angle', 'value': 213}, 'value': '1.49'}, {'type': {'displayName': 'PassEndY', 'value': 141}, 'value': '75.4'}, {'type': {'displayName': 'PassEndX', 'value': 140}, 'value': '76.3'}, {'type': {'displayName': 'Length', 'value': 212}, 'value': '8.2'}]",True,,,,,
1914099,SecondHalf,71,8,74,Pass,Successful,52,Real Madrid,437583.0,Álvaro Carreras,75.8,74.8,70.5,74.1,,,,,"[{'type': {'displayName': 'Angle', 'value': 213}, 'value': '3.23'}, {'type': {'displayName': 'PassEndY', 'value': 141}, 'value': '74.1'}, {'type': {'displayName': 'Length', 'value': 212}, 'value': '5.6'}, {'type': {'displayName': 'Zone', 'value': 56}, 'value': 'Center'}, {'type': {'displayName': 'PassEndX', 'value': 140}, 'value': '70.5'}]",True,,,,,
1914099,SecondHalf,71,10,74,Pass,Successful,52,Real Madrid,468852.0,Dean Huijsen,68.7,73.6,69.5,55.3,,,,,"[{'type': {'displayName': 'Length', 'value': 212}, 'value': '12.5'}, {'type': {'displayName': 'PassEndY', 'value': 141}, 'value': '55.3'}, {'type': {'displayName': 'PassEndX', 'value': 140}, 'value': '69.5'}, {'type': {'displayName': 'Angle', 'value': 213}, 'value': '4.78'}, {'type': {'displayName': 'Zone', 'value': 56}, 'value': 'Center'}]",True,,,,,
1914099,SecondHalf,71,13,74,Pass,Successful,52,Real Madrid,369109.0,Eduardo Camavinga,68.9,53.4,67.5,27.7,,,,,"[{'type': {'displayName': 'Angle', 'value': 213}, 'value': '4.63'}, {'type': {'displayName': 'Length', 'value': 212}, 'value': '17.5'}, {'type': {'displayName': 'PassEndX', 'value': 140}, 'value': '67.5'}, {'type': {'displayName': 'Zone', 'value': 56}, 'value': 'Center'}, {'type': {'displayName': 'PassEndY', 'value': 141}, 'value': '27.7'}]",True,,,,,
1914099,SecondHalf,71,15,74,Pass,Successful,52,Real Madrid,344644.0,Federico Valverde,67.5,27.7,74.9,10.9,,,,,"[{'type': {'displayName': 'Zone', 'value': 56}, 'value': 'Right'}, {'type': {'displayName': 'PassEndX', 'value': 140}, 'value': '74.9'}, {'type': {'displayName': 'Angle', 'value': 213}, 'value': '5.31'}, {'type': {'displayName': 'Length', 'value': 212}, 'value': '13.8'}, {'type': {'displayName': 'PassEndY', 'value': 141}, 'value': '10.9'}]",True,,,,,
1914099,SecondHalf,71,19,74,Pass,Successful,52,Real Madrid,300713.0,Kylian Mbappé,76.0,11.1,69.2,18.6,,,,,"[{'type': {'displayName': 'Length', 'value': 212}, 'value': '8.8'}, {'type': {'displayName': 'Angle', 'value': 213}, 'value': '2.52'}, {'type': {'displayName': 'PassEndX', 'value': 140}, 'value': '69.2'}, {'type': {'displayName': 'Zone', 'value': 56}, 'value': 'Right'}, {'type': {'displayName': 'PassEndY', 'value': 141}, 'value': '18.6'}]",True,,,,,
1914099,SecondHalf,71,20,74,Pass,Successful,52,Real Madrid,344644.0,Federico Valverde,69.0,19.2,69.0,38.1,,,,,"[{'type': {'displayName': 'PassEndX', 'value': 140}, 'value': '69.0'}, {'type': {'displayName': 'Angle', 'value': 213}, 'value': '1.57'}, {'type': {'displayName': 'Length', 'value': 212}, 'value': '12.9'}, {'type': {'displayName': 'Zone', 'value': 56}, 'value': 'Center'}, {'type': {'displayName': 'PassEndY', 'value': 141}, 'value': '38.1'}]",True,,,,,
1914099,SecondHalf,71,22,74,Pass,Unsuccessful,52,Real Madrid,369109.0,Eduardo Camavinga,68.6,40.0,86.5,67.3,,,,,"[{'type': {'displayName': 'Angle', 'value': 213}, 'value': '0.78'}, {'type': {'displayName': 'PassEndY', 'value': 141}, 'value': '67.3'}, {'type': {'displayName': 'PassEndX', 'value': 140}, 'value': '86.5'}, {'type': {'displayName': 'Length', 'value': 212}, 'value': '26.4'}, {'type': {'displayName': 'Zone', 'value': 56}, 'value': 'Center'}, {'type': {'displayName': 'Chipped', 'value': 155}}]",True,,,,,
1914099,SecondHalf,71,24,74,Clearance,Successful,839,Villarreal,537235.0,Pau Navarro,15.9,33.9,23.7,26.5,,,,,"[{'type': {'displayName': 'PassEndX', 'value': 140}, 'value': '23.7'}, {'type': {'displayName': 'Head', 'value': 15}}, {'type': {'displayName': 'Zone', 'value': 56}, 'value': 'Back'}, {'type': {'displayName': 'PassEndY', 'value': 141}, 'value': '26.5'}, {'type': {'displayName': 'Length', 'value': 212}, 'value': '9.6'}, {'type': {'displayName': 'Angle', 'value': 213}, 'value': '5.73'}]",True,,,,,
1914099,SecondHalf,71,26,74,Aerial,Successful,839,Villarreal,239872.0,Nicolas Pepe,23.7,26.5,,,,,,,"[{'type': {'displayName': 'Zone', 'value': 56}, 'value': 'Back'}, {'type': {'displayName': 'OppositeRelatedEvent', 'value': 233}, 'value': '739'}, {'type': {'displayName': 'Defensive', 'value': 285}}]",False,,,,,
1914099,SecondHalf,71,26,74,Aerial,Unsuccessful,52,Real Madrid,437583.0,Álvaro Carreras,76.3,73.5,,,,,,,"[{'type': {'displayName': 'Zone', 'value': 56}, 'value': 'Center'}, {'type': {'displayName': 'Offensive', 'value': 286}}, {'type': {'displayName': 'OppositeRelatedEvent', 'value': 233}, 'value': '614'}]",False,,,,,
1914099,SecondHalf,71,26,74,Pass,Unsuccessful,839,Villarreal,239872.0,Nicolas Pepe,23.7,26.5,28.3,34.8,,,,,"[{'type': {'displayName': 'Length', 'value': 212}, 'value': '7.4'}, {'type': {'displayName': 'Angle', 'value': 213}, 'value': '0.86'}, {'type': {'displayName': 'HeadPass', 'value': 3}}, {'type': {'displayName': 'PassEndY', 'value': 141}, 'value': '34.8'}, {'type': {'displayName': 'Zone', 'value': 56}, 'value': 'Back'}, {'type': {'displayName': 'PassEndX', 'value': 140}, 'value': '28.3'}]",True,,,,,
1914099,SecondHalf,71,28,74,Pass,Successful,52,Real Madrid,415181.0,Arda Güler,70.3,64.8,77.1,78.3,,,,,"[{'type': {'displayName': 'Zone', 'value': 56}, 'value': 'Center'}, {'type': {'displayName': 'HeadPass', 'value': 3}}, {'type': {'displayName': 'Angle', 'value': 213}, 'value': '0.91'}, {'type': {'displayName': 'PassEndX', 'value': 140}, 'value': '77.1'}, {'type': {'displayName': 'PassEndY', 'value': 141}, 'value': '78.3'}, {'type': {'displayName': 'Length', 'value': 212}, 'value': '11.6'}]",True,,,,,
1914099,SecondHalf,71,29,74,Pass,Successful,52,Real Madrid,437583.0,Álvaro Carreras,77.1,78.3,80.6,86.7,,,,,"[{'type': {'displayName': 'PassEndX', 'value': 140}, 'value': '80.6'}, {'type': {'displayName': 'Angle', 'value': 213}, 'value': '1.00'}, {'type': {'displayName': 'Length', 'value': 212}, 'value': '6.8'}, {'type': {'displayName': 'Zone', 'value': 56}, 'value': 'Left'}, {'type': {'displayName': 'PassEndY', 'value': 141}, 'value': '86.7'}, {'type': {'displayName': 'HeadPass', 'value': 3}}]",True,,,,,
1914099,SecondHalf,71,32,74,Pass,Unsuccessful,52,Real Madrid,379868.0,Jude Bellingham,77.2,78.1,96.8,43.3,,,,,"[{'type': {'displayName': 'PassEndY', 'value': 141}, 'value': '43.3'}, {'type': {'displayName': 'Length', 'value': 212}, 'value': '31.4'}, {'type': {'displayName': 'Zone', 'value': 56}, 'value': 'Center'}, {'type': {'displayName': 'Chipped', 'value': 155}}, {'type': {'displayName': 'OppositeRelatedEvent', 'value': 233}, 'value': '616'}, {'type': {'displayName': 'PassEndX', 'value': 140}, 'value': '96.8'}, {'type': {'displayName': 'Angle', 'value': 213}, 'value': '5.43'}, {'type': {'displayName': 'RightFoot', 'value': 20}}, {'type': {'displayName': 'Cross', 'value': 2}}]",True,,,,,
1914099,SecondHalf,71,35,74,Claim,Successful,839,Villarreal,400826.0,Luiz Júnior,3.2,56.7,,,,,,,"[{'type': {'displayName': 'OppositeRelatedEvent', 'value': 233}, 'value': '742'}, {'type': {'displayName': 'Zone', 'value': 56}, 'value': 'Back'}, {'type': {'displayName': 'HighClaim', 'value': 88}}]",True,,,,,
1914099,SecondHalf,71,37,74,Pass,Successful,839,Villarreal,400826.0,Luiz Júnior,15.0,57.4,63.4,94.7,,,,,"[{'type': {'displayName': 'PassEndY', 'value': 141}, 'value': '94.7'}, {'type': {'displayName': 'PassEndX', 'value': 140}, 'value': '63.4'}, {'type': {'displayName': 'Length', 'value': 212}, 'value': '56.8'}, {'type': {'displayName': 'Zone', 'value': 56}, 'value': 'Left'}, {'type': {'displayName': 'Angle', 'value': 213}, 'value': '0.46'}, {'type': {'displayName': 'Longball', 'value': 1}}]",True,,,,,
1914099,SecondHalf,71,42,74,Pass,Successful,839,Villarreal,445292.0,Tani Oluwaseyi,66.0,93.1,59.7,77.3,,,,,"[{'type': {'displayName': 'PassEndX', 'value': 140}, 'value': '59.7'}, {'type': {'displayName': 'Zone', 'value': 56}, 'value': 'Center'}, {'type': {'displayName': 'Angle', 'value': 213}, 'value': '4.16'}, {'type': {'displayName': 'PassEndY', 'value': 141}, 'value': '77.3'}, {'type': {'displayName': 'Length', 'value': 212}, 'value': '12.6'}]",True,,,,,
1914099,SecondHalf,71,49,74,Pass,Successful,839,Villarreal,448211.0,Alberto Moleiro,73.4,74.3,81.9,52.0,,,,,"[{'type': {'displayName': 'PassEndX', 'value': 140}, 'value': '81.9'}, {'type': {'displayName': 'Angle', 'value': 213}, 'value': '5.24'}, {'type': {'displayName': 'Length', 'value': 212}, 'value': '17.6'}, {'type': {'displayName': 'PassEndY', 'value': 141}, 'value': '52.0'}, {'type': {'displayName': 'Zone', 'value': 56}, 'value': 'Center'}]",True,,,,,
1914099,SecondHalf,71,50,74,Pass,Successful,839,Villarreal,445292.0,Tani Oluwaseyi,82.0,50.6,78.3,56.8,,,,,"[{'type': {'displayName': 'Zone', 'value': 56}, 'value': 'Center'}, {'type': {'displayName': 'Angle', 'value': 213}, 'value': '2.32'}, {'type': {'displayName': 'PassEndX', 'value': 140}, 'value': '78.3'}, {'type': {'displayName': 'LayOff', 'value': 156}}, {'type': {'displayName': 'PassEndY', 'value': 141}, 'value': '56.8'}, {'type': {'displayName': 'Length', 'value': 212}, 'value': '5.7'}]",True,,,,,
1914099,SecondHalf,71,51,74,BallTouch,Unsuccessful,839,Villarreal,389020.0,Georges Mikautadze,78.3,56.8,,,,,,,"[{'type': {'displayName': 'Zone', 'value': 56}, 'value': 'Center'}]",True,,,,,
1914099,SecondHalf,71,54,74,Pass,Successful,52,Real Madrid,468852.0,Dean Huijsen,15.3,52.3,30.3,41.4,,,,,"[{'type': {'displayName': 'Length', 'value': 212}, 'value': '17.4'}, {'type': {'displayName': 'PassEndY', 'value': 141}, 'value': '41.4'}, {'type': {'displayName': 'Zone', 'value': 56}, 'value': 'Back'}, {'type': {'displayName': 'Angle', 'value': 213}, 'value': '5.84'}, {'type': {'displayName': 'PassEndX', 'value': 140}, 'value': '30.3'}, {'type': {'displayName': 'HeadPass', 'value': 3}}]",True,,,,,
1914099,SecondHalf,71,55,74,BallRecovery,Successful,52,Real Madrid,514810.0,Franco Mastantuono,31.4,38.4,,,,,,,[],False,,,,,
1914099,SecondHalf,71,57,74,Foul,Successful,52,Real Madrid,514810.0,Franco Mastantuono,32.2,25.8,,,,,,,"[{'type': {'displayName': 'Foul', 'value': 13}}, {'type': {'displayName': 'Zone', 'value': 56}, 'value': 'Back'}, {'type': {'displayName': 'OppositeRelatedEvent', 'value': 233}, 'value': '622'}, {'type': {'displayName': 'Defensive', 'value': 285}}]",True,,,,,
1914099,SecondHalf,71,57,74,Foul,Unsuccessful,839,Villarreal,448211.0,Alberto Moleiro,67.8,74.2,,,,,,,"[{'type': {'displayName': 'Offensive', 'value': 286}}, {'type': {'displayName': 'OppositeRelatedEvent', 'value': 233}, 'value': '745'}, {'type': {'displayName': 'Zone', 'value': 56}, 'value': 'Center'}, {'type': {'displayName': 'Foul', 'value': 13}}]",False,,,,,
1914099,SecondHalf,72,10,75,Pass,Successful,52,Real Madrid,344644.0,Federico Valverde,39.7,11.9,47.2,4.1,,,,,"[{'type': {'displayName': 'PassEndY', 'value': 141}, 'value': '4.1'}, {'type': {'displayName': 'FreekickTaken', 'value': 5}}, {'type': {'displayName': 'Length', 'value': 212}, 'value': '9.5'}, {'type': {'displayName': 'Zone', 'value': 56}, 'value': 'Back'}, {'type': {'displayName': 'PassEndX', 'value': 140}, 'value': '47.2'}, {'type': {'displayName': 'Angle', 'value': 213}, 'value': '5.69'}]",True,,,,,
1914099,SecondHalf,72,11,75,Pass,Successful,52,Real Madrid,300713.0,Kylian Mbappé,42.1,9.9,37.4,26.7,,,,,"[{'type': {'displayName': 'Zone', 'value': 56}, 'value': 'Back'}, {'type': {'displayName': 'Length', 'value': 212}, 'value': '12.4'}, {'type': {'displayName': 'PassEndY', 'value': 141}, 'value': '26.7'}, {'type': {'displayName': 'Angle', 'value': 213}, 'value': '1.98'}, {'type': {'displayName': 'PassEndX', 'value': 140}, 'value': '37.4'}]",True,,,,,
1914099,SecondHalf,72,12,75,Pass,Successful,52,Real Madrid,415181.0,Arda Güler,37.4,26.7,42.4,39.1,,,,,"[{'type': {'displayName': 'PassEndY', 'value': 141}, 'value': '39.1'}, {'type': {'displayName': 'PassEndX', 'value': 140}, 'value': '42.4'}, {'type': {'displayName': 'Length', 'value': 212}, 'value': '9.9'}, {'type': {'displayName': 'Zone', 'value': 56}, 'value': 'Back'}, {'type': {'displayName': 'Angle', 'value': 213}, 'value': '1.01'}]",True,,,,,
1914099,SecondHalf,72,13,75,Pass,Successful,52,Real Madrid,379868.0,Jude Bellingham,42.4,39.1,37.4,32.8,,,,,"[{'type': {'displayName': 'Zone', 'value': 56}, 'value': 'Back'}, {'type': {'displayName': 'PassEndY', 'value': 141}, 'value': '32.8'}, {'type': {'displayName': 'Angle', 'value': 213}, 'value': '3.83'}, {'type': {'displayName': 'Length', 'value': 212}, 'value': '6.8'}, {'type': {'displayName': 'LayOff', 'value': 156}}, {'type': {'displayName': 'PassEndX', 'value': 140}, 'value': '37.4'}]",True,,,,,
1914099,SecondHalf,72,15,75,Pass,Successful,52,Real Madrid,369109.0,Eduardo Camavinga,36.1,33.0,42.4,16.9,,,,,"[{'type': {'displayName': 'Zone', 'value': 56}, 'value': 'Back'}, {'type': {'displayName': 'Angle', 'value': 213}, 'value': '5.26'}, {'type': {'displayName': 'Length', 'value': 212}, 'value': '12.8'}, {'type': {'displayName': 'PassEndY', 'value': 141}, 'value': '16.9'}, {'type': {'displayName': 'PassEndX', 'value': 140}, 'value': '42.4'}]",True,,,,,
1914099,SecondHalf,72,18,75,Pass,Successful,52,Real Madrid,415181.0,Arda Güler,40.7,13.5,57.0,2.5,,,,,"[{'type': {'displayName': 'Zone', 'value': 56}, 'value': 'Right'}, {'type': {'displayName': 'Angle', 'value': 213}, 'value': '5.87'}, {'type': {'displayName': 'Length', 'value': 212}, 'value': '18.7'}, {'type': {'displayName': 'PassEndX', 'value': 140}, 'value': '57.0'}, {'type': {'displayName': 'PassEndY', 'value': 141}, 'value': '2.5'}]",True,,,,,
1914099,SecondHalf,72,21,75,Pass,Successful,52,Real Madrid,300713.0,Kylian Mbappé,49.1,6.0,42.8,12.4,,,,,"[{'type': {'displayName': 'PassEndY', 'value': 141}, 'value': '12.4'}, {'type': {'displayName': 'Angle', 'value': 213}, 'value': '2.56'}, {'type': {'displayName': 'Zone', 'value': 56}, 'value': 'Back'}, {'type': {'displayName': 'PassEndX', 'value': 140}, 'value': '42.8'}, {'type': {'displayName': 'Length', 'value': 212}, 'value': '7.9'}]",True,,,,,
1914099,SecondHalf,72,23,75,Pass,Successful,52,Real Madrid,415181.0,Arda Güler,40.1,16.8,37.0,38.7,,,,,"[{'type': {'displayName': 'PassEndX', 'value': 140}, 'value': '37.0'}, {'type': {'displayName': 'Zone', 'value': 56}, 'value': 'Back'}, {'type': {'displayName': 'Length', 'value': 212}, 'value': '15.2'}, {'type': {'displayName': 'PassEndY', 'value': 141}, 'value': '38.7'}, {'type': {'displayName': 'Angle', 'value': 213}, 'value': '1.79'}]",True,,,,,
1914099,SecondHalf,72,27,75,Pass,Successful,52,Real Madrid,369109.0,Eduardo Camavinga,37.8,40.9,39.0,87.7,,,,,"[{'type': {'displayName': 'Angle', 'value': 213}, 'value': '1.53'}, {'type': {'displayName': 'PassEndX', 'value': 140}, 'value': '39.0'}, {'type': {'displayName': 'Zone', 'value': 56}, 'value': 'Back'}, {'type': {'displayName': 'Length', 'value': 212}, 'value': '31.8'}, {'type': {'displayName': 'PassEndY', 'value': 141}, 'value': '87.7'}]",True,,,,,
1914099,SecondHalf,72,32,75,Pass,Successful,52,Real Madrid,468852.0,Dean Huijsen,52.3,88.5,58.3,83.7,,,,,"[{'type': {'displayName': 'PassEndX', 'value': 140}, 'value': '58.3'}, {'type': {'displayName': 'Zone', 'value': 56}, 'value': 'Left'}, {'type': {'displayName': 'Angle', 'value': 213}, 'value': '5.81'}, {'type': {'displayName': 'Length', 'value': 212}, 'value': '7.1'}, {'type': {'displayName': 'PassEndY', 'value': 141}, 'value': '83.7'}]",True,,,,,
1914099,SecondHalf,72,33,75,Pass,Successful,52,Real Madrid,337782.0,Vinícius Júnior,58.3,83.7,52.1,91.2,,,,,"[{'type': {'displayName': 'Angle', 'value': 213}, 'value': '2.48'}, {'type': {'displayName': 'Zone', 'value': 56}, 'value': 'Left'}, {'type': {'displayName': 'Length', 'value': 212}, 'value': '8.3'}, {'type': {'displayName': 'PassEndY', 'value': 141}, 'value': '91.2'}, {'type': {'displayName': 'PassEndX', 'value': 140}, 'value': '52.1'}, {'type': {'displayName': 'LayOff', 'value': 156}}]",True,,,,,
1914099,SecondHalf,72,35,75,Pass,Successful,52,Real Madrid,468852.0,Dean Huijsen,51.5,89.7,42.8,70.5,,,,,"[{'type': {'displayName': 'PassEndX', 'value': 140}, 'value': '42.8'}, {'type': {'displayName': 'Length', 'value': 212}, 'value': '15.9'}, {'type': {'displayName': 'PassEndY', 'value': 141}, 'value': '70.5'}, {'type': {'displayName': 'Angle', 'value': 213}, 'value': '4.10'}, {'type': {'displayName': 'Zone', 'value': 56}, 'value': 'Back'}]",True,,,,,
1914099,SecondHalf,72,39,75,Pass,Successful,52,Real Madrid,369109.0,Eduardo Camavinga,45.3,67.8,45.9,36.0,,,,,"[{'type': {'displayName': 'Zone', 'value': 56}, 'value': 'Back'}, {'type': {'displayName': 'PassEndY', 'value': 141}, 'value': '36.0'}, {'type': {'displayName': 'PassEndX', 'value': 140}, 'value': '45.9'}, {'type': {'displayName': 'Angle', 'value': 213}, 'value': '4.74'}, {'type': {'displayName': 'Length', 'value': 212}, 'value': '21.6'}]",True,,,,,
1914099,SecondHalf,72,41,75,Pass,Successful,52,Real Madrid,344644.0,Federico Valverde,55.7,35.2,65.6,30.3,,,,,"[{'type': {'displayName': 'Angle', 'value': 213}, 'value': '5.97'}, {'type': {'displayName': 'Zone', 'value': 56}, 'value': 'Center'}, {'type': {'displayName': 'PassEndY', 'value': 141}, 'value': '30.3'}, {'type': {'displayName': 'PassEndX', 'value': 140}, 'value': '65.6'}, {'type': {'displayName': 'Length', 'value': 212}, 'value': '10.9'}]",True,,,,,
1914099,SecondHalf,72,43,75,Pass,Successful,52,Real Madrid,514810.0,Franco Mastantuono,65.6,30.3,70.8,6.9,,,,,"[{'type': {'displayName': 'Zone', 'value': 56}, 'value': 'Right'}, {'type': {'displayName': 'PassEndY', 'value': 141}, 'value': '6.9'}, {'type': {'displayName': 'Length', 'value': 212}, 'value': '16.8'}, {'type': {'displayName': 'Angle', 'value': 213}, 'value': '5.04'}, {'type': {'displayName': 'PassEndX', 'value': 140}, 'value': '70.8'}]",True,,,,,
1914099,SecondHalf,72,44,75,Pass,Unsuccessful,52,Real Madrid,300713.0,Kylian Mbappé,70.8,6.9,96.6,12.0,,,,,"[{'type': {'displayName': 'Length', 'value': 212}, 'value': '27.3'}, {'type': {'displayName': 'PassEndY', 'value': 141}, 'value': '12.0'}, {'type': {'displayName': 'Angle', 'value': 213}, 'value': '0.13'}, {'type': {'displayName': 'Zone', 'value': 56}, 'value': 'Right'}, {'type': {'displayName': 'PassEndX', 'value': 140}, 'value': '96.6'}]",True,,,,,
1914099,SecondHalf,72,48,75,Clearance,Successful,839,Villarreal,434077.0,Renato Veiga,2.9,87.4,0.0,92.6,,,,,"[{'type': {'displayName': 'Length', 'value': 212}, 'value': '5.0'}, {'type': {'displayName': 'Angle', 'value': 213}, 'value': '2.35'}, {'type': {'displayName': 'Zone', 'value': 56}, 'value': 'Back'}, {'type': {'displayName': 'PassEndX', 'value': 140}, 'value': '0.0'}, {'type': {'displayName': 'PassEndY', 'value': 141}, 'value': '92.6'}]",True,,,,,
1914099,SecondHalf,72,49,75,CornerAwarded,Unsuccessful,839,Villarreal,434077.0,Renato Veiga,1.0,90.8,,,,,,,"[{'type': {'displayName': 'Zone', 'value': 56}, 'value': 'Back'}, {'type': {'displayName': 'OppositeRelatedEvent', 'value': 233}, 'value': '762'}, {'type': {'displayName': 'MissLeft', 'value': 73}}]",False,,,,,
1914099,SecondHalf,72,49,75,CornerAwarded,Successful,52,Real Madrid,300713.0,Kylian Mbappé,99.0,9.2,,,,,,,"[{'type': {'displayName': 'MissRight', 'value': 75}}, {'type': {'displayName': 'Zone', 'value': 56}, 'value': 'Right'}, {'type': {'displayName': 'OppositeRelatedEvent', 'value': 233}, 'value': '624'}]",False,,,,,
1914099,SecondHalf,73,14,76,SubstitutionOff,Successful,52,Real Madrid,514810.0,Franco Mastantuono,0.0,0.0,,,,,,,"[{'type': {'displayName': 'RelatedEventId', 'value': 55}, 'value': '764'}, {'type': {'displayName': 'JerseyNumber', 'value': 59}, 'value': '30'}, {'type': {'displayName': 'PlayerPosition', 'value': 44}, 'value': 'Forward'}]",False,,,,764.0,498798.0
1914099,SecondHalf,73,14,76,SubstitutionOn,Successful,52,Real Madrid,498798.0,Gonzalo García,0.0,0.0,,,,,,,"[{'type': {'displayName': 'PlayerPosition', 'value': 44}, 'value': 'Forward'}, {'type': {'displayName': 'RelatedEventId', 'value': 55}, 'value': '763'}, {'type': {'displayName': 'FormationSlot', 'value': 145}, 'value': '10'}, {'type': {'displayName': 'JerseyNumber', 'value': 59}, 'value': '16'}]",False,,,,763.0,514810.0
1914099,SecondHalf,73,29,76,Pass,Unsuccessful,52,Real Madrid,415181.0,Arda Güler,99.4,0.5,97.2,38.0,,,,,"[{'type': {'displayName': 'Angle', 'value': 213}, 'value': '1.66'}, {'type': {'displayName': 'Length', 'value': 212}, 'value': '25.6'}, {'type': {'displayName': 'LeftFoot', 'value': 72}}, {'type': {'displayName': 'CornerTaken', 'value': 6}}, {'type': {'displayName': 'PassEndY', 'value': 141}, 'value': '38.0'}, {'type': {'displayName': 'Chipped', 'value': 155}}, {'type': {'displayName': 'Zone', 'value': 56}, 'value': 'Center'}, {'type': {'displayName': 'Cross', 'value': 2}}, {'type': {'displayName': 'PassEndX', 'value': 140}, 'value': '97.2'}]",True,,,,,
1914099,SecondHalf,73,30,76,Clearance,Successful,839,Villarreal,239872.0,Nicolas Pepe,3.1,62.3,36.9,93.4,,,,,"[{'type': {'displayName': 'Head', 'value': 15}}, {'type': {'displayName': 'PassEndY', 'value': 141}, 'value': '93.4'}, {'type': {'displayName': 'PassEndX', 'value': 140}, 'value': '36.9'}, {'type': {'displayName': 'Zone', 'value': 56}, 'value': 'Back'}, {'type': {'displayName': 'Angle', 'value': 213}, 'value': '0.54'}, {'type': {'displayName': 'Length', 'value': 212}, 'value': '41.3'}]",True,,,,,
1914099,SecondHalf,73,37,76,Pass,Unsuccessful,52,Real Madrid,344644.0,Federico Valverde,73.6,19.0,76.3,20.1,,,,,"[{'type': {'displayName': 'Offensive', 'value': 286}}, {'type': {'displayName': 'PassEndX', 'value': 140}, 'value': '76.3'}, {'type': {'displayName': 'OppositeRelatedEvent', 'value': 233}, 'value': '626'}, {'type': {'displayName': 'Zone', 'value': 56}, 'value': 'Right'}, {'type': {'displayName': 'PassEndY', 'value': 141}, 'value': '20.1'}, {'type': {'displayName': 'Length', 'value': 212}, 'value': '2.9'}, {'type': {'displayName': 'Angle', 'value': 213}, 'value': '0.26'}]",True,,,,,
1914099,SecondHalf,73,37,76,BlockedPass,Successful,839,Villarreal,445292.0,Tani Oluwaseyi,23.7,79.9,,,,,,,"[{'type': {'displayName': 'OppositeRelatedEvent', 'value': 233}, 'value': '766'}, {'type': {'displayName': 'Defensive', 'value': 285}}, {'type': {'displayName': 'Zone', 'value': 56}, 'value': 'Back'}]",True,,,,,
1914099,SecondHalf,73,39,76,BallTouch,Successful,52,Real Madrid,344644.0,Federico Valverde,76.3,20.1,,,,,,,"[{'type': {'displayName': 'Zone', 'value': 56}, 'value': 'Right'}]",True,,,,,
1914099,SecondHalf,73,40,76,Pass,Successful,839,Villarreal,445292.0,Tani Oluwaseyi,28.4,73.8,34.9,65.3,,,,,"[{'type': {'displayName': 'PassEndY', 'value': 141}, 'value': '65.3'}, {'type': {'displayName': 'Chipped', 'value': 155}}, {'type': {'displayName': 'Zone', 'value': 56}, 'value': 'Back'}, {'type': {'displayName': 'PassEndX', 'value': 140}, 'value': '34.9'}, {'type': {'displayName': 'Angle', 'value': 213}, 'value': '5.58'}, {'type': {'displayName': 'Length', 'value': 212}, 'value': '8.9'}]",True,,,,,
1914099,SecondHalf,73,41,76,Pass,Successful,839,Villarreal,448211.0,Alberto Moleiro,34.9,65.3,45.2,76.1,,,,,"[{'type': {'displayName': 'Zone', 'value': 56}, 'value': 'Back'}, {'type': {'displayName': 'Angle', 'value': 213}, 'value': '0.60'}, {'type': {'displayName': 'PassEndX', 'value': 140}, 'value': '45.2'}, {'type': {'displayName': 'PassEndY', 'value': 141}, 'value': '76.1'}, {'type': {'displayName': 'Length', 'value': 212}, 'value': '13.1'}]",True,,,,,
1914099,SecondHalf,73,42,76,BallRecovery,Successful,839,Villarreal,389020.0,Georges Mikautadze,45.3,76.2,,,,,,,[],False,,,,,
1914099,SecondHalf,73,44,76,Dispossessed,Successful,839,Villarreal,389020.0,Georges Mikautadze,61.8,78.5,,,,,,,"[{'type': {'displayName': 'Zone', 'value': 56}, 'value': 'Center'}, {'type': {'displayName': 'Offensive', 'value': 286}}, {'type': {'displayName': 'OppositeRelatedEvent', 'value': 233}, 'value': '768'}]",True,,,,,
1914099,SecondHalf,73,44,76,Tackle,Successful,52,Real Madrid,369109.0,Eduardo Camavinga,38.2,21.5,,,,,,,"[{'type': {'displayName': 'Defensive', 'value': 285}}, {'type': {'displayName': 'Zone', 'value': 56}, 'value': 'Back'}, {'type': {'displayName': 'StandingSave', 'value': 178}}, {'type': {'displayName': 'OppositeRelatedEvent', 'value': 233}, 'value': '630'}]",True,,,,,
1914099,SecondHalf,73,46,76,BallRecovery,Successful,52,Real Madrid,437583.0,Álvaro Carreras,36.2,23.2,,,,,,,[],False,,,,,
1914099,SecondHalf,73,47,76,Pass,Successful,52,Real Madrid,437583.0,Álvaro Carreras,36.2,23.2,42.3,10.9,,,,,"[{'type': {'displayName': 'Length', 'value': 212}, 'value': '10.5'}, {'type': {'displayName': 'PassEndX', 'value': 140}, 'value': '42.3'}, {'type': {'displayName': 'PassEndY', 'value': 141}, 'value': '10.9'}, {'type': {'displayName': 'Angle', 'value': 213}, 'value': '5.37'}, {'type': {'displayName': 'Zone', 'value': 56}, 'value': 'Back'}]",True,,,,,
1914099,SecondHalf,73,48,76,Pass,Successful,52,Real Madrid,369109.0,Eduardo Camavinga,42.3,10.9,48.5,4.2,,,,,"[{'type': {'displayName': 'Angle', 'value': 213}, 'value': '5.67'}, {'type': {'displayName': 'Length', 'value': 212}, 'value': '7.9'}, {'type': {'displayName': 'PassEndY', 'value': 141}, 'value': '4.2'}, {'type': {'displayName': 'Zone', 'value': 56}, 'value': 'Back'}, {'type': {'displayName': 'PassEndX', 'value': 140}, 'value': '48.5'}]",True,,,,,
1914099,SecondHalf,73,51,76,TakeOn,Unsuccessful,52,Real Madrid,415181.0,Arda Güler,62.0,4.6,,,,,,,"[{'type': {'displayName': 'Offensive', 'value': 286}}, {'type': {'displayName': 'Zone', 'value': 56}, 'value': 'Right'}]",True,,,,,
1914099,SecondHalf,73,53,76,Foul,Successful,52,Real Madrid,415181.0,Arda Güler,60.8,3.8,,,,,,,"[{'type': {'displayName': 'Offensive', 'value': 286}}, {'type': {'displayName': 'Zone', 'value': 56}, 'value': 'Right'}, {'type': {'displayName': 'OppositeRelatedEvent', 'value': 233}, 'value': '631'}, {'type': {'displayName': 'Foul', 'value': 13}}]",True,,,,,
1914099,SecondHalf,73,53,76,Foul,Unsuccessful,839,Villarreal,276489.0,Alfonso Pedraza,39.2,96.2,,,,,,,"[{'type': {'displayName': 'OppositeRelatedEvent', 'value': 233}, 'value': '773'}, {'type': {'displayName': 'Foul', 'value': 13}}, {'type': {'displayName': 'Zone', 'value': 56}, 'value': 'Back'}, {'type': {'displayName': 'Defensive', 'value': 285}}]",False,,,,,
1914099,SecondHalf,74,25,77,Pass,Successful,52,Real Madrid,415181.0,Arda Güler,65.9,3.4,52.9,7.6,,,,,"[{'type': {'displayName': 'PassEndY', 'value': 141}, 'value': '7.6'}, {'type': {'displayName': 'PassEndX', 'value': 140}, 'value': '52.9'}, {'type': {'displayName': 'Angle', 'value': 213}, 'value': '2.94'}, {'type': {'displayName': 'Zone', 'value': 56}, 'value': 'Right'}, {'type': {'displayName': 'Length', 'value': 212}, 'value': '13.9'}, {'type': {'displayName': 'FreekickTaken', 'value': 5}}]",True,,,,,
1914099,SecondHalf,74,28,77,Pass,Successful,52,Real Madrid,344644.0,Federico Valverde,53.8,11.1,40.7,36.6,,,,,"[{'type': {'displayName': 'PassEndX', 'value': 140}, 'value': '40.7'}, {'type': {'displayName': 'PassEndY', 'value': 141}, 'value': '36.6'}, {'type': {'displayName': 'Length', 'value': 212}, 'value': '22.1'}, {'type': {'displayName': 'Angle', 'value': 213}, 'value': '2.24'}, {'type': {'displayName': 'Zone', 'value': 56}, 'value': 'Back'}]",True,,,,,
1914099,SecondHalf,74,32,77,Pass,Successful,52,Real Madrid,534899.0,Raúl Asencio,46.2,47.2,59.8,93.7,,,,,"[{'type': {'displayName': 'Angle', 'value': 213}, 'value': '1.15'}, {'type': {'displayName': 'PassEndY', 'value': 141}, 'value': '93.7'}, {'type': {'displayName': 'Length', 'value': 212}, 'value': '34.7'}, {'type': {'displayName': 'Longball', 'value': 1}}, {'type': {'displayName': 'Zone', 'value': 56}, 'value': 'Left'}, {'type': {'displayName': 'PassEndX', 'value': 140}, 'value': '59.8'}]",True,,,,,
1914099,SecondHalf,74,34,77,Pass,Successful,52,Real Madrid,437583.0,Álvaro Carreras,59.8,94.9,69.5,96.7,,,,,"[{'type': {'displayName': 'PassEndX', 'value': 140}, 'value': '69.5'}, {'type': {'displayName': 'Angle', 'value': 213}, 'value': '0.12'}, {'type': {'displayName': 'Length', 'value': 212}, 'value': '10.3'}, {'type': {'displayName': 'PassEndY', 'value': 141}, 'value': '96.7'}, {'type': {'displayName': 'Zone', 'value': 56}, 'value': 'Left'}]",True,,,,,
1914099,SecondHalf,74,36,77,Pass,Successful,52,Real Madrid,300713.0,Kylian Mbappé,69.5,96.7,72.0,87.4,,,,,"[{'type': {'displayName': 'PassEndY', 'value': 141}, 'value': '87.4'}, {'type': {'displayName': 'Zone', 'value': 56}, 'value': 'Left'}, {'type': {'displayName': 'Angle', 'value': 213}, 'value': '5.11'}, {'type': {'displayName': 'Length', 'value': 212}, 'value': '6.8'}, {'type': {'displayName': 'PassEndX', 'value': 140}, 'value': '72.0'}]",True,,,,,
1914099,SecondHalf,74,37,77,Pass,Successful,52,Real Madrid,337782.0,Vinícius Júnior,72.0,87.4,76.5,77.4,,,,,"[{'type': {'displayName': 'PassEndX', 'value': 140}, 'value': '76.5'}, {'type': {'displayName': 'Angle', 'value': 213}, 'value': '5.32'}, {'type': {'displayName': 'Length', 'value': 212}, 'value': '8.3'}, {'type': {'displayName': 'PassEndY', 'value': 141}, 'value': '77.4'}, {'type': {'displayName': 'Zone', 'value': 56}, 'value': 'Center'}]",True,,,,,
1914099,SecondHalf,74,38,77,Pass,Successful,52,Real Madrid,379868.0,Jude Bellingham,76.5,77.4,69.8,72.7,,,,,"[{'type': {'displayName': 'Length', 'value': 212}, 'value': '7.7'}, {'type': {'displayName': 'LayOff', 'value': 156}}, {'type': {'displayName': 'Angle', 'value': 213}, 'value': '3.57'}, {'type': {'displayName': 'PassEndX', 'value': 140}, 'value': '69.8'}, {'type': {'displayName': 'PassEndY', 'value': 141}, 'value': '72.7'}, {'type': {'displayName': 'Zone', 'value': 56}, 'value': 'Center'}]",True,,,,,
1914099,SecondHalf,74,41,77,Pass,Successful,52,Real Madrid,337782.0,Vinícius Júnior,67.5,64.2,71.6,7.8,,,,,"[{'type': {'displayName': 'PassEndY', 'value': 141}, 'value': '7.8'}, {'type': {'displayName': 'Chipped', 'value': 155}}, {'type': {'displayName': 'Zone', 'value': 56}, 'value': 'Right'}, {'type': {'displayName': 'PassEndX', 'value': 140}, 'value': '71.6'}, {'type': {'displayName': 'Angle', 'value': 213}, 'value': '4.82'}, {'type': {'displayName': 'Length', 'value': 212}, 'value': '38.6'}, {'type': {'displayName': 'Longball', 'value': 1}}]",True,,,,,
1914099,SecondHalf,74,46,77,Pass,Successful,52,Real Madrid,415181.0,Arda Güler,79.6,13.6,75.3,43.5,,,,,"[{'type': {'displayName': 'Angle', 'value': 213}, 'value': '1.79'}, {'type': {'displayName': 'Zone', 'value': 56}, 'value': 'Center'}, {'type': {'displayName': 'Length', 'value': 212}, 'value': '20.8'}, {'type': {'displayName': 'PassEndX', 'value': 140}, 'value': '75.3'}, {'type': {'displayName': 'PassEndY', 'value': 141}, 'value': '43.5'}]",True,,,,,
1914099,SecondHalf,74,49,77,Challenge,Unsuccessful,839,Villarreal,448211.0,Alberto Moleiro,23.9,66.7,,,,,,,"[{'type': {'displayName': 'Zone', 'value': 56}, 'value': 'Back'}, {'type': {'displayName': 'Defensive', 'value': 285}}, {'type': {'displayName': 'OppositeRelatedEvent', 'value': 233}, 'value': '783'}]",False,,,,,
1914099,SecondHalf,74,49,77,TakeOn,Successful,52,Real Madrid,379868.0,Jude Bellingham,76.1,33.3,,,,,,,"[{'type': {'displayName': 'Zone', 'value': 56}, 'value': 'Center'}, {'type': {'displayName': 'Offensive', 'value': 286}}, {'type': {'displayName': 'OppositeRelatedEvent', 'value': 233}, 'value': '634'}]",True,,,,,
1914099,SecondHalf,74,52,77,Pass,Unsuccessful,52,Real Madrid,379868.0,Jude Bellingham,91.7,23.3,96.7,51.1,,,,,"[{'type': {'displayName': 'Angle', 'value': 213}, 'value': '1.30'}, {'type': {'displayName': 'Cross', 'value': 2}}, {'type': {'displayName': 'Zone', 'value': 56}, 'value': 'Center'}, {'type': {'displayName': 'Length', 'value': 212}, 'value': '19.6'}, {'type': {'displayName': 'PassEndY', 'value': 141}, 'value': '51.1'}, {'type': {'displayName': 'PassEndX', 'value': 140}, 'value': '96.7'}, {'type': {'displayName': 'RightFoot', 'value': 20}}]",True,,,,,
1914099,SecondHalf,74,53,77,KeeperPickup,Successful,839,Villarreal,400826.0,Luiz Júnior,2.6,50.9,,,,,,,[],False,,,,,
1914099,SecondHalf,75,6,78,Pass,Successful,839,Villarreal,400826.0,Luiz Júnior,14.9,51.1,21.9,36.7,,,,,"[{'type': {'displayName': 'PassEndY', 'value': 141}, 'value': '36.7'}, {'type': {'displayName': 'Zone', 'value': 56}, 'value': 'Back'}, {'type': {'displayName': 'Angle', 'value': 213}, 'value': '5.36'}, {'type': {'displayName': 'PassEndX', 'value': 140}, 'value': '21.9'}, {'type': {'displayName': 'Length', 'value': 212}, 'value': '12.2'}, {'type': {'displayName': 'KeeperThrow', 'value': 123}}]",True,,,,,
1914099,SecondHalf,75,8,78,Pass,Successful,839,Villarreal,430301.0,Rafa Marín,22.1,36.4,27.9,53.9,,,,,"[{'type': {'displayName': 'Length', 'value': 212}, 'value': '13.4'}, {'type': {'displayName': 'Angle', 'value': 213}, 'value': '1.10'}, {'type': {'displayName': 'PassEndX', 'value': 140}, 'value': '27.9'}, {'type': {'displayName': 'Zone', 'value': 56}, 'value': 'Back'}, {'type': {'displayName': 'PassEndY', 'value': 141}, 'value': '53.9'}]",True,,,,,
1914099,SecondHalf,75,8,78,Pass,Successful,839,Villarreal,399047.0,Pape Gueye,28.3,54.5,29.4,43.5,,,,,"[{'type': {'displayName': 'Length', 'value': 212}, 'value': '7.6'}, {'type': {'displayName': 'PassEndY', 'value': 141}, 'value': '43.5'}, {'type': {'displayName': 'Angle', 'value': 213}, 'value': '4.87'}, {'type': {'displayName': 'PassEndX', 'value': 140}, 'value': '29.4'}, {'type': {'displayName': 'Zone', 'value': 56}, 'value': 'Back'}]",True,,,,,
1914099,SecondHalf,75,9,78,Pass,Successful,839,Villarreal,28186.0,Dani Parejo,30.4,42.9,25.3,49.2,,,,,"[{'type': {'displayName': 'LayOff', 'value': 156}}, {'type': {'displayName': 'Zone', 'value': 56}, 'value': 'Back'}, {'type': {'displayName': 'Length', 'value': 212}, 'value': '6.9'}, {'type': {'displayName': 'PassEndX', 'value': 140}, 'value': '25.3'}, {'type': {'displayName': 'PassEndY', 'value': 141}, 'value': '49.2'}, {'type': {'displayName': 'Angle', 'value': 213}, 'value': '2.47'}]",True,,,,,
1914099,SecondHalf,75,12,78,Pass,Successful,839,Villarreal,430301.0,Rafa Marín,28.1,49.3,53.4,93.6,,,,,"[{'type': {'displayName': 'Longball', 'value': 1}}, {'type': {'displayName': 'PassEndX', 'value': 140}, 'value': '53.4'}, {'type': {'displayName': 'Length', 'value': 212}, 'value': '40.2'}, {'type': {'displayName': 'Chipped', 'value': 155}}, {'type': {'displayName': 'Angle', 'value': 213}, 'value': '0.85'}, {'type': {'displayName': 'PassEndY', 'value': 141}, 'value': '93.6'}, {'type': {'displayName': 'Zone', 'value': 56}, 'value': 'Left'}]",True,,,,,
1914099,SecondHalf,75,17,78,Pass,Successful,839,Villarreal,276489.0,Alfonso Pedraza,58.7,96.7,41.2,94.1,,,,,"[{'type': {'displayName': 'PassEndX', 'value': 140}, 'value': '41.2'}, {'type': {'displayName': 'Zone', 'value': 56}, 'value': 'Back'}, {'type': {'displayName': 'PassEndY', 'value': 141}, 'value': '94.1'}, {'type': {'displayName': 'Angle', 'value': 213}, 'value': '3.24'}, {'type': {'displayName': 'Length', 'value': 212}, 'value': '18.5'}]",True,,,,,
1914099,SecondHalf,75,25,78,Pass,Successful,839,Villarreal,434077.0,Renato Veiga,52.2,67.4,54.8,49.5,,,,,"[{'type': {'displayName': 'Angle', 'value': 213}, 'value': '4.93'}, {'type': {'displayName': 'Length', 'value': 212}, 'value': '12.5'}, {'type': {'displayName': 'PassEndY', 'value': 141}, 'value': '49.5'}, {'type': {'displayName': 'Zone', 'value': 56}, 'value': 'Center'}, {'type': {'displayName': 'PassEndX', 'value': 140}, 'value': '54.8'}]",True,,,,,
1914099,SecondHalf,75,27,78,Pass,Successful,839,Villarreal,28186.0,Dani Parejo,54.8,49.8,40.8,40.0,,,,,"[{'type': {'displayName': 'PassEndX', 'value': 140}, 'value': '40.8'}, {'type': {'displayName': 'PassEndY', 'value': 141}, 'value': '40.0'}, {'type': {'displayName': 'Zone', 'value': 56}, 'value': 'Back'}, {'type': {'displayName': 'Length', 'value': 212}, 'value': '16.1'}, {'type': {'displayName': 'Angle', 'value': 213}, 'value': '3.57'}]",True,,,,,
1914099,SecondHalf,75,28,78,Pass,Successful,839,Villarreal,430301.0,Rafa Marín,40.7,39.8,43.7,24.8,,,,,"[{'type': {'displayName': 'Length', 'value': 212}, 'value': '10.7'}, {'type': {'displayName': 'PassEndY', 'value': 141}, 'value': '24.8'}, {'type': {'displayName': 'PassEndX', 'value': 140}, 'value': '43.7'}, {'type': {'displayName': 'Zone', 'value': 56}, 'value': 'Back'}, {'type': {'displayName': 'Angle', 'value': 213}, 'value': '5.01'}]",True,,,,,
1914099,SecondHalf,75,32,78,Pass,Successful,839,Villarreal,537235.0,Pau Navarro,52.0,20.0,58.9,6.2,,,,,"[{'type': {'displayName': 'Angle', 'value': 213}, 'value': '5.37'}, {'type': {'displayName': 'Length', 'value': 212}, 'value': '11.9'}, {'type': {'displayName': 'Zone', 'value': 56}, 'value': 'Right'}, {'type': {'displayName': 'PassEndY', 'value': 141}, 'value': '6.2'}, {'type': {'displayName': 'PassEndX', 'value': 140}, 'value': '58.9'}]",True,,,,,
1914099,SecondHalf,75,33,78,Pass,Successful,839,Villarreal,239872.0,Nicolas Pepe,58.7,5.6,47.8,17.7,,,,,"[{'type': {'displayName': 'Zone', 'value': 56}, 'value': 'Back'}, {'type': {'displayName': 'Angle', 'value': 213}, 'value': '2.52'}, {'type': {'displayName': 'PassEndX', 'value': 140}, 'value': '47.8'}, {'type': {'displayName': 'PassEndY', 'value': 141}, 'value': '17.7'}, {'type': {'displayName': 'Length', 'value': 212}, 'value': '14.1'}]",True,,,,,
1914099,SecondHalf,75,35,78,Pass,Successful,839,Villarreal,537235.0,Pau Navarro,47.8,17.7,38.6,33.0,,,,,"[{'type': {'displayName': 'Length', 'value': 212}, 'value': '14.2'}, {'type': {'displayName': 'PassEndY', 'value': 141}, 'value': '33.0'}, {'type': {'displayName': 'Zone', 'value': 56}, 'value': 'Back'}, {'type': {'displayName': 'Angle', 'value': 213}, 'value': '2.32'}, {'type': {'displayName': 'PassEndX', 'value': 140}, 'value': '38.6'}]",True,,,,,
1914099,SecondHalf,75,38,78,Pass,Successful,839,Villarreal,430301.0,Rafa Marín,40.7,33.3,65.5,89.6,,,,,"[{'type': {'displayName': 'PassEndY', 'value': 141}, 'value': '89.6'}, {'type': {'displayName': 'PassEndX', 'value': 140}, 'value': '65.5'}, {'type': {'displayName': 'Length', 'value': 212}, 'value': '46.3'}, {'type': {'displayName': 'Longball', 'value': 1}}, {'type': {'displayName': 'Zone', 'value': 56}, 'value': 'Left'}, {'type': {'displayName': 'Chipped', 'value': 155}}, {'type': {'displayName': 'Angle', 'value': 213}, 'value': '0.97'}]",True,,,,,
1914099,SecondHalf,75,42,78,BallTouch,Unsuccessful,839,Villarreal,276489.0,Alfonso Pedraza,69.1,89.6,,,,,,,"[{'type': {'displayName': 'Zone', 'value': 56}, 'value': 'Left'}]",True,,,,,
1914099,SecondHalf,75,43,78,TakeOn,Unsuccessful,52,Real Madrid,498798.0,Gonzalo García,30.8,12.3,,,,,,,"[{'type': {'displayName': 'Defensive', 'value': 285}}, {'type': {'displayName': 'Zone', 'value': 56}, 'value': 'Back'}, {'type': {'displayName': 'OppositeRelatedEvent', 'value': 233}, 'value': '650'}]",True,,,,,
1914099,SecondHalf,75,43,78,Tackle,Unsuccessful,839,Villarreal,276489.0,Alfonso Pedraza,69.2,87.7,,,,,,,"[{'type': {'displayName': 'Zone', 'value': 56}, 'value': 'Left'}, {'type': {'displayName': 'Offensive', 'value': 286}}, {'type': {'displayName': 'OppositeRelatedEvent', 'value': 233}, 'value': '786'}]",True,,,,,
1914099,SecondHalf,75,44,78,BallTouch,Successful,52,Real Madrid,498798.0,Gonzalo García,29.2,26.4,,,,,,,"[{'type': {'displayName': 'Zone', 'value': 56}, 'value': 'Back'}]",True,,,,,
1914099,SecondHalf,75,45,78,BallTouch,Successful,839,Villarreal,276489.0,Alfonso Pedraza,65.4,87.4,,,,,,,"[{'type': {'displayName': 'Zone', 'value': 56}, 'value': 'Left'}]",True,,,,,
1914099,SecondHalf,75,46,78,BallRecovery,Successful,52,Real Madrid,344644.0,Federico Valverde,23.4,23.1,,,,,,,[],False,,,,,
1914099,SecondHalf,75,46,78,Pass,Successful,52,Real Madrid,344644.0,Federico Valverde,24.4,24.4,27.6,36.8,,,,,"[{'type': {'displayName': 'PassEndX', 'value': 140}, 'value': '27.6'}, {'type': {'displayName': 'Length', 'value': 212}, 'value': '9.1'}, {'type': {'displayName': 'PassEndY', 'value': 141}, 'value': '36.8'}, {'type': {'displayName': 'Angle', 'value': 213}, 'value': '1.19'}, {'type': {'displayName': 'Zone', 'value': 56}, 'value': 'Back'}]",True,,,,,
1914099,SecondHalf,75,52,78,Foul,Successful,52,Real Madrid,369109.0,Eduardo Camavinga,60.1,9.9,,,,,,,"[{'type': {'displayName': 'OppositeRelatedEvent', 'value': 233}, 'value': '651'}, {'type': {'displayName': 'Offensive', 'value': 286}}, {'type': {'displayName': 'Foul', 'value': 13}}, {'type': {'displayName': 'Zone', 'value': 56}, 'value': 'Right'}]",True,,,,,
1914099,SecondHalf,75,52,78,Foul,Unsuccessful,839,Villarreal,276489.0,Alfonso Pedraza,39.9,90.1,,,,,,,"[{'type': {'displayName': 'Defensive', 'value': 285}}, {'type': {'displayName': 'OppositeRelatedEvent', 'value': 233}, 'value': '789'}, {'type': {'displayName': 'Zone', 'value': 56}, 'value': 'Back'}, {'type': {'displayName': 'Foul', 'value': 13}}]",False,,,,,
1914099,SecondHalf,76,35,79,SubstitutionOff,Successful,839,Villarreal,389020.0,Georges Mikautadze,0.0,0.0,,,,,,,"[{'type': {'displayName': 'JerseyNumber', 'value': 59}, 'value': '9'}, {'type': {'displayName': 'RelatedEventId', 'value': 55}, 'value': '656'}, {'type': {'displayName': 'PlayerPosition', 'value': 44}, 'value': 'Forward'}]",False,,,,656.0,135366.0
1914099,SecondHalf,76,35,79,SubstitutionOn,Successful,839,Villarreal,135366.0,Ayoze Pérez,0.0,0.0,,,,,,,"[{'type': {'displayName': 'PlayerPosition', 'value': 44}, 'value': 'Midfielder'}, {'type': {'displayName': 'JerseyNumber', 'value': 59}, 'value': '22'}, {'type': {'displayName': 'FormationSlot', 'value': 145}, 'value': '9'}, {'type': {'displayName': 'RelatedEventId', 'value': 55}, 'value': '655'}]",False,,,,655.0,389020.0
1914099,SecondHalf,76,44,79,SubstitutionOff,Successful,839,Villarreal,28186.0,Dani Parejo,0.0,0.0,,,,,,,"[{'type': {'displayName': 'PlayerPosition', 'value': 44}, 'value': 'Midfielder'}, {'type': {'displayName': 'RelatedEventId', 'value': 55}, 'value': '654'}, {'type': {'displayName': 'JerseyNumber', 'value': 59}, 'value': '10'}]",False,,,,654.0,238940.0
1914099,SecondHalf,76,44,79,SubstitutionOn,Successful,839,Villarreal,238940.0,Thomas Partey,0.0,0.0,,,,,,,"[{'type': {'displayName': 'JerseyNumber', 'value': 59}, 'value': '16'}, {'type': {'displayName': 'PlayerPosition', 'value': 44}, 'value': 'Midfielder'}, {'type': {'displayName': 'RelatedEventId', 'value': 55}, 'value': '653'}, {'type': {'displayName': 'FormationSlot', 'value': 145}, 'value': '4'}]",False,,,,653.0,28186.0
1914099,SecondHalf,76,46,79,FormationChange,Successful,839,Villarreal,,,0.0,0.0,,,,,,,"[{'type': {'displayName': 'CaptainPlayerId', 'value': 194}, 'value': '276489'}, {'type': {'displayName': 'TeamPlayerFormation', 'value': 131}, 'value': '1, 2, 3, 4, 5, 6, 7, 8, 9, 10, 11, 0, 0, 0'}, {'type': {'displayName': 'JerseyNumber', 'value': 59}, 'value': '1, 26, 24, 16, 4, 12, 19, 18, 22, 21, 20, 37, 23, 25'}, {'type': {'displayName': 'PlayerPosition', 'value': 44}, 'value': '1, 2, 2, 3, 2, 2, 3, 3, 4, 4, 3, 5, 5, 5'}, {'type': {'displayName': 'InvolvedPlayers', 'value': 30}, 'value': '400826,537235,276489,238940,430301,434077,239872,399047,135366,445292,448211,603190,448209,396147'}, {'type': {'displayName': 'TeamFormation', 'value': 130}, 'value': '2'}]",False,,,,,
1914099,SecondHalf,76,58,79,Pass,Successful,52,Real Madrid,415181.0,Arda Güler,62.6,7.0,54.6,6.6,,,,,"[{'type': {'displayName': 'Zone', 'value': 56}, 'value': 'Right'}, {'type': {'displayName': 'PassEndY', 'value': 141}, 'value': '6.6'}, {'type': {'displayName': 'FreekickTaken', 'value': 5}}, {'type': {'displayName': 'PassEndX', 'value': 140}, 'value': '54.6'}, {'type': {'displayName': 'Length', 'value': 212}, 'value': '8.4'}, {'type': {'displayName': 'Angle', 'value': 213}, 'value': '3.17'}]",True,,,,,
1914099,SecondHalf,76,59,79,Pass,Successful,52,Real Madrid,344644.0,Federico Valverde,54.6,6.6,41.0,38.8,,,,,"[{'type': {'displayName': 'Zone', 'value': 56}, 'value': 'Back'}, {'type': {'displayName': 'PassEndY', 'value': 141}, 'value': '38.8'}, {'type': {'displayName': 'Angle', 'value': 213}, 'value': '2.15'}, {'type': {'displayName': 'Length', 'value': 212}, 'value': '26.1'}, {'type': {'displayName': 'PassEndX', 'value': 140}, 'value': '41.0'}]",True,,,,,
1914099,SecondHalf,77,1,80,Pass,Successful,52,Real Madrid,534899.0,Raúl Asencio,41.0,38.8,43.9,73.2,,,,,"[{'type': {'displayName': 'Zone', 'value': 56}, 'value': 'Back'}, {'type': {'displayName': 'Angle', 'value': 213}, 'value': '1.44'}, {'type': {'displayName': 'Length', 'value': 212}, 'value': '23.6'}, {'type': {'displayName': 'PassEndY', 'value': 141}, 'value': '73.2'}, {'type': {'displayName': 'PassEndX', 'value': 140}, 'value': '43.9'}]",True,,,,,
1914099,SecondHalf,77,4,80,Pass,Successful,52,Real Madrid,468852.0,Dean Huijsen,55.8,80.4,59.9,96.6,,,,,"[{'type': {'displayName': 'Length', 'value': 212}, 'value': '11.8'}, {'type': {'displayName': 'PassEndX', 'value': 140}, 'value': '59.9'}, {'type': {'displayName': 'PassEndY', 'value': 141}, 'value': '96.6'}, {'type': {'displayName': 'Angle', 'value': 213}, 'value': '1.20'}, {'type': {'displayName': 'Zone', 'value': 56}, 'value': 'Left'}]",True,,,,,
1914099,SecondHalf,77,6,80,Pass,Successful,52,Real Madrid,337782.0,Vinícius Júnior,59.9,96.6,45.0,88.9,,,,,"[{'type': {'displayName': 'PassEndX', 'value': 140}, 'value': '45.0'}, {'type': {'displayName': 'Angle', 'value': 213}, 'value': '3.46'}, {'type': {'displayName': 'PassEndY', 'value': 141}, 'value': '88.9'}, {'type': {'displayName': 'Length', 'value': 212}, 'value': '16.5'}, {'type': {'displayName': 'Zone', 'value': 56}, 'value': 'Back'}]",True,,,,,
1914099,SecondHalf,77,9,80,Pass,Successful,52,Real Madrid,369109.0,Eduardo Camavinga,39.5,70.2,35.1,42.7,,,,,"[{'type': {'displayName': 'Zone', 'value': 56}, 'value': 'Back'}, {'type': {'displayName': 'Length', 'value': 212}, 'value': '19.3'}, {'type': {'displayName': 'PassEndY', 'value': 141}, 'value': '42.7'}, {'type': {'displayName': 'PassEndX', 'value': 140}, 'value': '35.1'}, {'type': {'displayName': 'Angle', 'value': 213}, 'value': '4.47'}]",True,,,,,
1914099,SecondHalf,77,13,80,Pass,Successful,52,Real Madrid,534899.0,Raúl Asencio,28.0,41.4,31.9,79.3,,,,,"[{'type': {'displayName': 'Length', 'value': 212}, 'value': '26.1'}, {'type': {'displayName': 'PassEndY', 'value': 141}, 'value': '79.3'}, {'type': {'displayName': 'PassEndX', 'value': 140}, 'value': '31.9'}, {'type': {'displayName': 'Angle', 'value': 213}, 'value': '1.41'}, {'type': {'displayName': 'Zone', 'value': 56}, 'value': 'Back'}]",True,,,,,
1914099,SecondHalf,77,15,80,Pass,Unsuccessful,52,Real Madrid,468852.0,Dean Huijsen,31.9,79.3,66.8,75.0,,,,,"[{'type': {'displayName': 'Zone', 'value': 56}, 'value': 'Center'}, {'type': {'displayName': 'Chipped', 'value': 155}}, {'type': {'displayName': 'Longball', 'value': 1}}, {'type': {'displayName': 'PassEndY', 'value': 141}, 'value': '75.0'}, {'type': {'displayName': 'PassEndX', 'value': 140}, 'value': '66.8'}, {'type': {'displayName': 'Length', 'value': 212}, 'value': '36.8'}, {'type': {'displayName': 'Angle', 'value': 213}, 'value': '6.20'}]",True,,,,,
1914099,SecondHalf,77,18,80,BallRecovery,Successful,839,Villarreal,430301.0,Rafa Marín,42.5,26.7,,,,,,,[],False,,,,,
1914099,SecondHalf,77,19,80,Pass,Successful,839,Villarreal,430301.0,Rafa Marín,44.0,24.4,53.5,43.2,,,,,"[{'type': {'displayName': 'Zone', 'value': 56}, 'value': 'Center'}, {'type': {'displayName': 'Angle', 'value': 213}, 'value': '0.91'}, {'type': {'displayName': 'PassEndX', 'value': 140}, 'value': '53.5'}, {'type': {'displayName': 'PassEndY', 'value': 141}, 'value': '43.2'}, {'type': {'displayName': 'Length', 'value': 212}, 'value': '16.2'}]",True,,,,,
1914099,SecondHalf,77,20,80,Pass,Successful,839,Villarreal,399047.0,Pape Gueye,53.2,44.2,39.3,59.9,,,,,"[{'type': {'displayName': 'Zone', 'value': 56}, 'value': 'Back'}, {'type': {'displayName': 'PassEndX', 'value': 140}, 'value': '39.3'}, {'type': {'displayName': 'Angle', 'value': 213}, 'value': '2.51'}, {'type': {'displayName': 'PassEndY', 'value': 141}, 'value': '59.9'}, {'type': {'displayName': 'Length', 'value': 212}, 'value': '18.1'}]",True,,,,,
1914099,SecondHalf,77,22,80,Pass,Successful,839,Villarreal,434077.0,Renato Veiga,38.7,60.8,41.1,77.9,,,,,"[{'type': {'displayName': 'PassEndY', 'value': 141}, 'value': '77.9'}, {'type': {'displayName': 'PassEndX', 'value': 140}, 'value': '41.1'}, {'type': {'displayName': 'Length', 'value': 212}, 'value': '11.9'}, {'type': {'displayName': 'Zone', 'value': 56}, 'value': 'Back'}, {'type': {'displayName': 'Angle', 'value': 213}, 'value': '1.36'}]",True,,,,,
1914099,SecondHalf,77,24,80,Pass,Successful,839,Villarreal,276489.0,Alfonso Pedraza,37.1,75.9,3.8,64.4,,,,,"[{'type': {'displayName': 'Longball', 'value': 1}}, {'type': {'displayName': 'Angle', 'value': 213}, 'value': '3.36'}, {'type': {'displayName': 'Length', 'value': 212}, 'value': '35.8'}, {'type': {'displayName': 'Zone', 'value': 56}, 'value': 'Back'}, {'type': {'displayName': 'PassEndX', 'value': 140}, 'value': '3.8'}, {'type': {'displayName': 'PassEndY', 'value': 141}, 'value': '64.4'}]",True,,,,,
1914099,SecondHalf,77,29,80,Pass,Successful,839,Villarreal,400826.0,Luiz Júnior,4.0,61.5,7.6,8.8,,,,,"[{'type': {'displayName': 'Longball', 'value': 1}}, {'type': {'displayName': 'PassEndX', 'value': 140}, 'value': '7.6'}, {'type': {'displayName': 'PassEndY', 'value': 141}, 'value': '8.8'}, {'type': {'displayName': 'Length', 'value': 212}, 'value': '36.0'}, {'type': {'displayName': 'Zone', 'value': 56}, 'value': 'Back'}, {'type': {'displayName': 'Angle', 'value': 213}, 'value': '4.82'}]",True,,,,,
1914099,SecondHalf,77,33,80,Pass,Successful,839,Villarreal,430301.0,Rafa Marín,7.9,6.3,15.9,2.4,,,,,"[{'type': {'displayName': 'PassEndY', 'value': 141}, 'value': '2.4'}, {'type': {'displayName': 'Zone', 'value': 56}, 'value': 'Back'}, {'type': {'displayName': 'Length', 'value': 212}, 'value': '8.8'}, {'type': {'displayName': 'Angle', 'value': 213}, 'value': '5.98'}, {'type': {'displayName': 'PassEndX', 'value': 140}, 'value': '15.9'}]",True,,,,,
1914099,SecondHalf,77,34,80,Pass,Successful,839,Villarreal,537235.0,Pau Navarro,15.9,2.2,21.3,17.0,,,,,"[{'type': {'displayName': 'Angle', 'value': 213}, 'value': '1.06'}, {'type': {'displayName': 'PassEndX', 'value': 140}, 'value': '21.3'}, {'type': {'displayName': 'Zone', 'value': 56}, 'value': 'Back'}, {'type': {'displayName': 'PassEndY', 'value': 141}, 'value': '17.0'}, {'type': {'displayName': 'Length', 'value': 212}, 'value': '11.6'}]",True,,,,,
1914099,SecondHalf,77,36,80,Pass,Successful,839,Villarreal,238940.0,Thomas Partey,20.2,17.4,28.0,14.8,,,,,"[{'type': {'displayName': 'Zone', 'value': 56}, 'value': 'Back'}, {'type': {'displayName': 'PassEndX', 'value': 140}, 'value': '28.0'}, {'type': {'displayName': 'Length', 'value': 212}, 'value': '8.4'}, {'type': {'displayName': 'PassEndY', 'value': 141}, 'value': '14.8'}, {'type': {'displayName': 'Angle', 'value': 213}, 'value': '6.07'}]",True,,,,,
1914099,SecondHalf,77,38,80,BallTouch,Successful,839,Villarreal,135366.0,Ayoze Pérez,28.8,13.3,,,,,,,"[{'type': {'displayName': 'Zone', 'value': 56}, 'value': 'Back'}]",True,,,,,
1914099,SecondHalf,77,40,80,Pass,Unsuccessful,839,Villarreal,445292.0,Tani Oluwaseyi,47.3,4.5,64.8,13.3,,,,,"[{'type': {'displayName': 'PassEndX', 'value': 140}, 'value': '64.8'}, {'type': {'displayName': 'Angle', 'value': 213}, 'value': '0.31'}, {'type': {'displayName': 'Zone', 'value': 56}, 'value': 'Right'}, {'type': {'displayName': 'Length', 'value': 212}, 'value': '19.3'}, {'type': {'displayName': 'PassEndY', 'value': 141}, 'value': '13.3'}]",True,,,,,
1914099,SecondHalf,77,44,80,BallRecovery,Successful,52,Real Madrid,534899.0,Raúl Asencio,32.1,78.3,,,,,,,[],False,,,,,
1914099,SecondHalf,77,44,80,Pass,Successful,52,Real Madrid,534899.0,Raúl Asencio,31.8,76.9,13.3,53.5,,,,,"[{'type': {'displayName': 'Length', 'value': 212}, 'value': '25.1'}, {'type': {'displayName': 'Angle', 'value': 213}, 'value': '3.83'}, {'type': {'displayName': 'Zone', 'value': 56}, 'value': 'Back'}, {'type': {'displayName': 'PassEndX', 'value': 140}, 'value': '13.3'}, {'type': {'displayName': 'PassEndY', 'value': 141}, 'value': '53.5'}]",True,,,,,
1914099,SecondHalf,77,47,80,Pass,Successful,52,Real Madrid,73798.0,Thibaut Courtois,14.5,54.3,21.6,78.0,,,,,"[{'type': {'displayName': 'Angle', 'value': 213}, 'value': '1.14'}, {'type': {'displayName': 'Zone', 'value': 56}, 'value': 'Back'}, {'type': {'displayName': 'PassEndX', 'value': 140}, 'value': '21.6'}, {'type': {'displayName': 'PassEndY', 'value': 141}, 'value': '78.0'}, {'type': {'displayName': 'Length', 'value': 212}, 'value': '17.8'}]",True,,,,,
1914099,SecondHalf,77,51,80,Pass,Successful,52,Real Madrid,534899.0,Raúl Asencio,25.6,76.6,38.3,77.5,,,,,"[{'type': {'displayName': 'Length', 'value': 212}, 'value': '13.3'}, {'type': {'displayName': 'Angle', 'value': 213}, 'value': '0.05'}, {'type': {'displayName': 'Zone', 'value': 56}, 'value': 'Back'}, {'type': {'displayName': 'PassEndX', 'value': 140}, 'value': '38.3'}, {'type': {'displayName': 'PassEndY', 'value': 141}, 'value': '77.5'}]",True,,,,,
1914099,SecondHalf,77,52,80,Pass,Successful,52,Real Madrid,379868.0,Jude Bellingham,38.3,77.5,26.1,94.8,,,,,"[{'type': {'displayName': 'LayOff', 'value': 156}}, {'type': {'displayName': 'PassEndX', 'value': 140}, 'value': '26.1'}, {'type': {'displayName': 'PassEndY', 'value': 141}, 'value': '94.8'}, {'type': {'displayName': 'Length', 'value': 212}, 'value': '17.4'}, {'type': {'displayName': 'Angle', 'value': 213}, 'value': '2.40'}, {'type': {'displayName': 'Zone', 'value': 56}, 'value': 'Back'}]",True,,,,,
1914099,SecondHalf,77,55,80,Pass,Successful,52,Real Madrid,468852.0,Dean Huijsen,29.4,88.0,38.1,62.5,,,,,"[{'type': {'displayName': 'PassEndY', 'value': 141}, 'value': '62.5'}, {'type': {'displayName': 'Length', 'value': 212}, 'value': '19.6'}, {'type': {'displayName': 'Angle', 'value': 213}, 'value': '5.20'}, {'type': {'displayName': 'PassEndX', 'value': 140}, 'value': '38.1'}, {'type': {'displayName': 'Zone', 'value': 56}, 'value': 'Back'}]",True,,,,,
1914099,SecondHalf,77,58,80,Pass,Successful,52,Real Madrid,415181.0,Arda Güler,37.9,61.0,44.6,7.9,,,,,"[{'type': {'displayName': 'PassEndX', 'value': 140}, 'value': '44.6'}, {'type': {'displayName': 'Angle', 'value': 213}, 'value': '4.90'}, {'type': {'displayName': 'PassEndY', 'value': 141}, 'value': '7.9'}, {'type': {'displayName': 'Length', 'value': 212}, 'value': '36.8'}, {'type': {'displayName': 'Zone', 'value': 56}, 'value': 'Back'}, {'type': {'displayName': 'Longball', 'value': 1}}]",True,,,,,
1914099,SecondHalf,78,1,81,Pass,Successful,52,Real Madrid,498798.0,Gonzalo García,44.6,7.9,36.1,16.8,,,,,"[{'type': {'displayName': 'Angle', 'value': 213}, 'value': '2.55'}, {'type': {'displayName': 'Zone', 'value': 56}, 'value': 'Back'}, {'type': {'displayName': 'PassEndX', 'value': 140}, 'value': '36.1'}, {'type': {'displayName': 'PassEndY', 'value': 141}, 'value': '16.8'}, {'type': {'displayName': 'Length', 'value': 212}, 'value': '10.8'}]",True,,,,,
1914099,SecondHalf,78,3,81,Pass,Successful,52,Real Madrid,344644.0,Federico Valverde,36.9,20.2,33.3,40.6,,,,,"[{'type': {'displayName': 'Angle', 'value': 213}, 'value': '1.84'}, {'type': {'displayName': 'Zone', 'value': 56}, 'value': 'Back'}, {'type': {'displayName': 'PassEndY', 'value': 141}, 'value': '40.6'}, {'type': {'displayName': 'PassEndX', 'value': 140}, 'value': '33.3'}, {'type': {'displayName': 'Length', 'value': 212}, 'value': '14.4'}]",True,,,,,
1914099,SecondHalf,78,6,81,Pass,Unsuccessful,52,Real Madrid,369109.0,Eduardo Camavinga,35.5,46.3,76.4,70.5,,,,,"[{'type': {'displayName': 'Zone', 'value': 56}, 'value': 'Center'}, {'type': {'displayName': 'Angle', 'value': 213}, 'value': '0.37'}, {'type': {'displayName': 'Chipped', 'value': 155}}, {'type': {'displayName': 'Length', 'value': 212}, 'value': '46.0'}, {'type': {'displayName': 'PassEndY', 'value': 141}, 'value': '70.5'}, {'type': {'displayName': 'PassEndX', 'value': 140}, 'value': '76.4'}, {'type': {'displayName': 'Longball', 'value': 1}}]",True,,,,,
1914099,SecondHalf,78,10,81,Pass,Successful,839,Villarreal,537235.0,Pau Navarro,28.6,25.9,14.5,47.0,,,,,"[{'type': {'displayName': 'Angle', 'value': 213}, 'value': '2.37'}, {'type': {'displayName': 'Length', 'value': 212}, 'value': '20.6'}, {'type': {'displayName': 'PassEndX', 'value': 140}, 'value': '14.5'}, {'type': {'displayName': 'Zone', 'value': 56}, 'value': 'Back'}, {'type': {'displayName': 'PassEndY', 'value': 141}, 'value': '47.0'}, {'type': {'displayName': 'HeadPass', 'value': 3}}]",True,,,,,
1914099,SecondHalf,78,11,81,KeeperPickup,Successful,839,Villarreal,400826.0,Luiz Júnior,14.6,46.7,,,,,,,[],False,,,,,
1914099,SecondHalf,78,12,81,Pass,Successful,839,Villarreal,400826.0,Luiz Júnior,14.8,46.7,21.0,67.4,,,,,"[{'type': {'displayName': 'KeeperThrow', 'value': 123}}, {'type': {'displayName': 'Zone', 'value': 56}, 'value': 'Back'}, {'type': {'displayName': 'Length', 'value': 212}, 'value': '15.5'}, {'type': {'displayName': 'PassEndX', 'value': 140}, 'value': '21.0'}, {'type': {'displayName': 'Angle', 'value': 213}, 'value': '1.14'}, {'type': {'displayName': 'PassEndY', 'value': 141}, 'value': '67.4'}]",True,,,,,
1914099,SecondHalf,78,16,81,Pass,Successful,839,Villarreal,434077.0,Renato Veiga,22.4,70.0,33.0,69.3,,,,,"[{'type': {'displayName': 'PassEndX', 'value': 140}, 'value': '33.0'}, {'type': {'displayName': 'Zone', 'value': 56}, 'value': 'Back'}, {'type': {'displayName': 'Angle', 'value': 213}, 'value': '6.24'}, {'type': {'displayName': 'PassEndY', 'value': 141}, 'value': '69.3'}, {'type': {'displayName': 'Length', 'value': 212}, 'value': '11.1'}]",True,,,,,
1914099,SecondHalf,78,19,81,Pass,Successful,839,Villarreal,238940.0,Thomas Partey,38.1,63.6,35.2,40.1,,,,,"[{'type': {'displayName': 'Angle', 'value': 213}, 'value': '4.52'}, {'type': {'displayName': 'Length', 'value': 212}, 'value': '16.3'}, {'type': {'displayName': 'PassEndX', 'value': 140}, 'value': '35.2'}, {'type': {'displayName': 'Zone', 'value': 56}, 'value': 'Back'}, {'type': {'displayName': 'PassEndY', 'value': 141}, 'value': '40.1'}]",True,,,,,
1914099,SecondHalf,78,23,81,Pass,Successful,839,Villarreal,430301.0,Rafa Marín,36.6,41.7,42.1,62.1,,,,,"[{'type': {'displayName': 'PassEndY', 'value': 141}, 'value': '62.1'}, {'type': {'displayName': 'Length', 'value': 212}, 'value': '15.0'}, {'type': {'displayName': 'PassEndX', 'value': 140}, 'value': '42.1'}, {'type': {'displayName': 'Angle', 'value': 213}, 'value': '1.18'}, {'type': {'displayName': 'Zone', 'value': 56}, 'value': 'Back'}]",True,,,,,
1914099,SecondHalf,78,26,81,Pass,Successful,839,Villarreal,238940.0,Thomas Partey,43.5,53.6,36.2,44.4,,,,,"[{'type': {'displayName': 'PassEndX', 'value': 140}, 'value': '36.2'}, {'type': {'displayName': 'Angle', 'value': 213}, 'value': '3.83'}, {'type': {'displayName': 'Length', 'value': 212}, 'value': '9.9'}, {'type': {'displayName': 'PassEndY', 'value': 141}, 'value': '44.4'}, {'type': {'displayName': 'Zone', 'value': 56}, 'value': 'Back'}]",True,,,,,
1914099,SecondHalf,78,28,81,Pass,Successful,839,Villarreal,430301.0,Rafa Marín,35.9,43.9,37.3,28.8,,,,,"[{'type': {'displayName': 'PassEndX', 'value': 140}, 'value': '37.3'}, {'type': {'displayName': 'Zone', 'value': 56}, 'value': 'Back'}, {'type': {'displayName': 'PassEndY', 'value': 141}, 'value': '28.8'}, {'type': {'displayName': 'Length', 'value': 212}, 'value': '10.4'}, {'type': {'displayName': 'Angle', 'value': 213}, 'value': '4.85'}]",True,,,,,
1914099,SecondHalf,78,28,81,Pass,Successful,839,Villarreal,537235.0,Pau Navarro,36.6,28.5,29.7,54.1,,,,,"[{'type': {'displayName': 'PassEndX', 'value': 140}, 'value': '29.7'}, {'type': {'displayName': 'Length', 'value': 212}, 'value': '18.9'}, {'type': {'displayName': 'Zone', 'value': 56}, 'value': 'Back'}, {'type': {'displayName': 'PassEndY', 'value': 141}, 'value': '54.1'}, {'type': {'displayName': 'Angle', 'value': 213}, 'value': '1.97'}]",True,,,,,
1914099,SecondHalf,78,33,81,Pass,Successful,839,Villarreal,430301.0,Rafa Marín,31.5,58.3,38.1,95.8,,,,,"[{'type': {'displayName': 'PassEndX', 'value': 140}, 'value': '38.1'}, {'type': {'displayName': 'Length', 'value': 212}, 'value': '26.4'}, {'type': {'displayName': 'Zone', 'value': 56}, 'value': 'Back'}, {'type': {'displayName': 'PassEndY', 'value': 141}, 'value': '95.8'}, {'type': {'displayName': 'Angle', 'value': 213}, 'value': '1.31'}]",True,,,,,
1914099,SecondHalf,78,38,81,Pass,Successful,839,Villarreal,276489.0,Alfonso Pedraza,34.9,85.5,40.2,71.2,,,,,"[{'type': {'displayName': 'PassEndX', 'value': 140}, 'value': '40.2'}, {'type': {'displayName': 'Zone', 'value': 56}, 'value': 'Back'}, {'type': {'displayName': 'PassEndY', 'value': 141}, 'value': '71.2'}, {'type': {'displayName': 'Length', 'value': 212}, 'value': '11.2'}, {'type': {'displayName': 'Angle', 'value': 213}, 'value': '5.23'}]",True,,,,,
1914099,SecondHalf,78,40,81,Pass,Successful,839,Villarreal,238940.0,Thomas Partey,40.4,69.9,35.7,57.1,,,,,"[{'type': {'displayName': 'LayOff', 'value': 156}}, {'type': {'displayName': 'Length', 'value': 212}, 'value': '10.0'}, {'type': {'displayName': 'PassEndX', 'value': 140}, 'value': '35.7'}, {'type': {'displayName': 'Zone', 'value': 56}, 'value': 'Back'}, {'type': {'displayName': 'Angle', 'value': 213}, 'value': '4.20'}, {'type': {'displayName': 'PassEndY', 'value': 141}, 'value': '57.1'}]",True,,,,,
1914099,SecondHalf,78,41,81,Pass,Successful,839,Villarreal,399047.0,Pape Gueye,36.5,54.1,52.0,49.2,,,,,"[{'type': {'displayName': 'Length', 'value': 212}, 'value': '16.6'}, {'type': {'displayName': 'PassEndY', 'value': 141}, 'value': '49.2'}, {'type': {'displayName': 'Angle', 'value': 213}, 'value': '6.08'}, {'type': {'displayName': 'Zone', 'value': 56}, 'value': 'Center'}, {'type': {'displayName': 'PassEndX', 'value': 140}, 'value': '52.0'}]",True,,,,,
1914099,SecondHalf,78,44,81,Dispossessed,Successful,839,Villarreal,135366.0,Ayoze Pérez,54.8,55.2,,,,,,,"[{'type': {'displayName': 'Offensive', 'value': 286}}, {'type': {'displayName': 'OppositeRelatedEvent', 'value': 233}, 'value': '810'}, {'type': {'displayName': 'Zone', 'value': 56}, 'value': 'Center'}]",True,,,,,
1914099,SecondHalf,78,44,81,Tackle,Successful,52,Real Madrid,379868.0,Jude Bellingham,45.2,44.7,,,,,,,"[{'type': {'displayName': 'Defensive', 'value': 285}}, {'type': {'displayName': 'Zone', 'value': 56}, 'value': 'Back'}, {'type': {'displayName': 'OppositeRelatedEvent', 'value': 233}, 'value': '681'}]",True,,,,,
1914099,SecondHalf,78,46,81,BallRecovery,Successful,52,Real Madrid,344644.0,Federico Valverde,45.9,34.6,,,,,,,[],False,,,,,
1914099,SecondHalf,78,47,81,Dispossessed,Successful,52,Real Madrid,344644.0,Federico Valverde,45.4,33.1,,,,,,,"[{'type': {'displayName': 'Zone', 'value': 56}, 'value': 'Back'}, {'type': {'displayName': 'Offensive', 'value': 286}}, {'type': {'displayName': 'OppositeRelatedEvent', 'value': 233}, 'value': '682'}]",True,,,,,
1914099,SecondHalf,78,47,81,Tackle,Successful,839,Villarreal,135366.0,Ayoze Pérez,54.6,67.0,,,,,,,"[{'type': {'displayName': 'Defensive', 'value': 285}}, {'type': {'displayName': 'StandingSave', 'value': 178}}, {'type': {'displayName': 'Zone', 'value': 56}, 'value': 'Center'}, {'type': {'displayName': 'OppositeRelatedEvent', 'value': 233}, 'value': '812'}]",True,,,,,
1914099,SecondHalf,78,48,81,BallRecovery,Successful,839,Villarreal,276489.0,Alfonso Pedraza,45.7,75.2,,,,,,,[],False,,,,,
1914099,SecondHalf,78,50,81,Pass,Successful,839,Villarreal,276489.0,Alfonso Pedraza,57.0,74.3,61.1,84.7,,,,,"[{'type': {'displayName': 'Angle', 'value': 213}, 'value': '1.02'}, {'type': {'displayName': 'PassEndY', 'value': 141}, 'value': '84.7'}, {'type': {'displayName': 'Length', 'value': 212}, 'value': '8.3'}, {'type': {'displayName': 'Zone', 'value': 56}, 'value': 'Left'}, {'type': {'displayName': 'PassEndX', 'value': 140}, 'value': '61.1'}]",True,,,,,
1914099,SecondHalf,78,52,81,Pass,Successful,839,Villarreal,135366.0,Ayoze Pérez,64.3,84.9,73.5,95.9,,,,,"[{'type': {'displayName': 'Angle', 'value': 213}, 'value': '0.66'}, {'type': {'displayName': 'Length', 'value': 212}, 'value': '12.2'}, {'type': {'displayName': 'PassEndX', 'value': 140}, 'value': '73.5'}, {'type': {'displayName': 'Zone', 'value': 56}, 'value': 'Left'}, {'type': {'displayName': 'PassEndY', 'value': 141}, 'value': '95.9'}]",True,,,,,
1914099,SecondHalf,78,55,81,Pass,Successful,839,Villarreal,448211.0,Alberto Moleiro,77.7,93.5,73.5,81.1,,,,,"[{'type': {'displayName': 'PassEndY', 'value': 141}, 'value': '81.1'}, {'type': {'displayName': 'Angle', 'value': 213}, 'value': '4.23'}, {'type': {'displayName': 'PassEndX', 'value': 140}, 'value': '73.5'}, {'type': {'displayName': 'Zone', 'value': 56}, 'value': 'Left'}, {'type': {'displayName': 'Length', 'value': 212}, 'value': '9.5'}]",True,,,,,
1914099,SecondHalf,78,58,81,TakeOn,Successful,839,Villarreal,135366.0,Ayoze Pérez,74.4,80.3,,,,,,,"[{'type': {'displayName': 'OppositeRelatedEvent', 'value': 233}, 'value': '813'}, {'type': {'displayName': 'Offensive', 'value': 286}}, {'type': {'displayName': 'Zone', 'value': 56}, 'value': 'Left'}]",True,,,,,
1914099,SecondHalf,78,58,81,Challenge,Unsuccessful,52,Real Madrid,344644.0,Federico Valverde,25.6,19.8,,,,,,,"[{'type': {'displayName': 'Zone', 'value': 56}, 'value': 'Back'}, {'type': {'displayName': 'Defensive', 'value': 285}}, {'type': {'displayName': 'OppositeRelatedEvent', 'value': 233}, 'value': '811'}]",False,,,,,
1914099,SecondHalf,78,59,81,Pass,Successful,839,Villarreal,135366.0,Ayoze Pérez,78.8,90.9,91.9,74.7,,,,,"[{'type': {'displayName': 'Length', 'value': 212}, 'value': '17.6'}, {'type': {'displayName': 'PassEndX', 'value': 140}, 'value': '91.9'}, {'type': {'displayName': 'Zone', 'value': 56}, 'value': 'Center'}, {'type': {'displayName': 'PassEndY', 'value': 141}, 'value': '74.7'}, {'type': {'displayName': 'Angle', 'value': 213}, 'value': '5.61'}, {'type': {'displayName': 'Chipped', 'value': 155}}]",True,,,,,
1914099,SecondHalf,79,4,82,Foul,Successful,52,Real Madrid,,,11.7,21.4,,,,,,,"[{'type': {'displayName': 'Defensive', 'value': 285}}, {'type': {'displayName': 'Zone', 'value': 56}, 'value': 'Back'}, {'type': {'displayName': 'OppositeRelatedEvent', 'value': 233}, 'value': '688'}]",True,,,,,
1914099,SecondHalf,79,4,82,Foul,Unsuccessful,839,Villarreal,276489.0,Alfonso Pedraza,88.3,78.6,,,,,,,"[{'type': {'displayName': 'OppositeRelatedEvent', 'value': 233}, 'value': '814'}, {'type': {'displayName': 'Zone', 'value': 56}, 'value': 'Center'}, {'type': {'displayName': 'Offensive', 'value': 286}}]",False,,,,,
1914099,SecondHalf,79,50,82,SubstitutionOff,Successful,52,Real Madrid,415181.0,Arda Güler,0.0,0.0,,,,,,,"[{'type': {'displayName': 'RelatedEventId', 'value': 55}, 'value': '816'}, {'type': {'displayName': 'PlayerPosition', 'value': 44}, 'value': 'Midfielder'}, {'type': {'displayName': 'JerseyNumber', 'value': 59}, 'value': '15'}]",False,,,,816.0,317541.0
1914099,SecondHalf,79,50,82,SubstitutionOn,Successful,52,Real Madrid,317541.0,Brahim Díaz,0.0,0.0,,,,,,,"[{'type': {'displayName': 'RelatedEventId', 'value': 55}, 'value': '815'}, {'type': {'displayName': 'FormationSlot', 'value': 145}, 'value': '7'}, {'type': {'displayName': 'JerseyNumber', 'value': 59}, 'value': '21'}, {'type': {'displayName': 'PlayerPosition', 'value': 44}, 'value': 'Midfielder'}]",False,,,,815.0,415181.0
1914099,SecondHalf,79,58,82,Pass,Successful,52,Real Madrid,534899.0,Raúl Asencio,16.9,25.8,6.8,48.3,,,,,"[{'type': {'displayName': 'FreekickTaken', 'value': 5}}, {'type': {'displayName': 'IndirectFreekickTaken', 'value': 241}}, {'type': {'displayName': 'Zone', 'value': 56}, 'value': 'Back'}, {'type': {'displayName': 'Angle', 'value': 213}, 'value': '2.18'}, {'type': {'displayName': 'PassEndX', 'value': 140}, 'value': '6.8'}, {'type': {'displayName': 'PassEndY', 'value': 141}, 'value': '48.3'}, {'type': {'displayName': 'Length', 'value': 212}, 'value': '18.6'}]",True,,,,,
1914099,SecondHalf,79,58,82,Pass,Successful,52,Real Madrid,73798.0,Thibaut Courtois,6.2,51.6,16.0,74.5,,,,,"[{'type': {'displayName': 'Angle', 'value': 213}, 'value': '0.99'}, {'type': {'displayName': 'Zone', 'value': 56}, 'value': 'Back'}, {'type': {'displayName': 'Length', 'value': 212}, 'value': '18.7'}, {'type': {'displayName': 'PassEndX', 'value': 140}, 'value': '16.0'}, {'type': {'displayName': 'PassEndY', 'value': 141}, 'value': '74.5'}]",True,,,,,
1914099,SecondHalf,79,59,82,Pass,Successful,52,Real Madrid,468852.0,Dean Huijsen,16.0,74.5,21.7,90.3,,,,,"[{'type': {'displayName': 'PassEndY', 'value': 141}, 'value': '90.3'}, {'type': {'displayName': 'PassEndX', 'value': 140}, 'value': '21.7'}, {'type': {'displayName': 'Zone', 'value': 56}, 'value': 'Back'}, {'type': {'displayName': 'Length', 'value': 212}, 'value': '12.3'}, {'type': {'displayName': 'Angle', 'value': 213}, 'value': '1.06'}]",True,,,,,
1914099,SecondHalf,80,4,83,Foul,Successful,52,Real Madrid,437583.0,Álvaro Carreras,28.7,74.9,,,,,,,"[{'type': {'displayName': 'Foul', 'value': 13}}, {'type': {'displayName': 'OppositeRelatedEvent', 'value': 233}, 'value': '689'}, {'type': {'displayName': 'Defensive', 'value': 285}}, {'type': {'displayName': 'Zone', 'value': 56}, 'value': 'Back'}]",True,,,,,
1914099,SecondHalf,80,4,83,Foul,Unsuccessful,839,Villarreal,239872.0,Nicolas Pepe,71.2,25.2,,,,,,,"[{'type': {'displayName': 'Offensive', 'value': 286}}, {'type': {'displayName': 'OppositeRelatedEvent', 'value': 233}, 'value': '820'}, {'type': {'displayName': 'Zone', 'value': 56}, 'value': 'Center'}, {'type': {'displayName': 'Foul', 'value': 13}}]",False,,,,,
1914099,SecondHalf,80,18,83,Pass,Successful,52,Real Madrid,468852.0,Dean Huijsen,23.1,63.7,37.1,58.5,,,,,"[{'type': {'displayName': 'Length', 'value': 212}, 'value': '15.1'}, {'type': {'displayName': 'FreekickTaken', 'value': 5}}, {'type': {'displayName': 'PassEndY', 'value': 141}, 'value': '58.5'}, {'type': {'displayName': 'Angle', 'value': 213}, 'value': '6.05'}, {'type': {'displayName': 'Zone', 'value': 56}, 'value': 'Back'}, {'type': {'displayName': 'PassEndX', 'value': 140}, 'value': '37.1'}]",True,,,,,
1914099,SecondHalf,80,21,83,Pass,Successful,52,Real Madrid,369109.0,Eduardo Camavinga,36.0,59.5,28.4,80.8,,,,,"[{'type': {'displayName': 'Length', 'value': 212}, 'value': '16.5'}, {'type': {'displayName': 'Zone', 'value': 56}, 'value': 'Back'}, {'type': {'displayName': 'PassEndX', 'value': 140}, 'value': '28.4'}, {'type': {'displayName': 'Angle', 'value': 213}, 'value': '2.07'}, {'type': {'displayName': 'PassEndY', 'value': 141}, 'value': '80.8'}]",True,,,,,
1914099,SecondHalf,80,23,83,Pass,Successful,52,Real Madrid,437583.0,Álvaro Carreras,29.4,77.2,27.3,55.9,,,,,"[{'type': {'displayName': 'Angle', 'value': 213}, 'value': '4.56'}, {'type': {'displayName': 'PassEndX', 'value': 140}, 'value': '27.3'}, {'type': {'displayName': 'Length', 'value': 212}, 'value': '14.7'}, {'type': {'displayName': 'PassEndY', 'value': 141}, 'value': '55.9'}, {'type': {'displayName': 'Zone', 'value': 56}, 'value': 'Back'}]",True,,,,,
1914099,SecondHalf,80,29,83,Pass,Successful,52,Real Madrid,468852.0,Dean Huijsen,28.6,49.9,38.5,13.0,,,,,"[{'type': {'displayName': 'PassEndY', 'value': 141}, 'value': '13.0'}, {'type': {'displayName': 'Zone', 'value': 56}, 'value': 'Back'}, {'type': {'displayName': 'Angle', 'value': 213}, 'value': '5.11'}, {'type': {'displayName': 'PassEndX', 'value': 140}, 'value': '38.5'}, {'type': {'displayName': 'Length', 'value': 212}, 'value': '27.2'}]",True,,,,,
1914099,SecondHalf,80,32,83,Pass,Successful,52,Real Madrid,534899.0,Raúl Asencio,39.4,13.8,45.8,3.4,,,,,"[{'type': {'displayName': 'Angle', 'value': 213}, 'value': '5.47'}, {'type': {'displayName': 'PassEndX', 'value': 140}, 'value': '45.8'}, {'type': {'displayName': 'PassEndY', 'value': 141}, 'value': '3.4'}, {'type': {'displayName': 'Length', 'value': 212}, 'value': '9.8'}, {'type': {'displayName': 'Zone', 'value': 56}, 'value': 'Back'}]",True,,,,,
1914099,SecondHalf,80,34,83,Pass,Unsuccessful,52,Real Madrid,344644.0,Federico Valverde,45.8,3.4,58.3,7.8,,,,,"[{'type': {'displayName': 'PassEndX', 'value': 140}, 'value': '58.3'}, {'type': {'displayName': 'Zone', 'value': 56}, 'value': 'Right'}, {'type': {'displayName': 'Angle', 'value': 213}, 'value': '0.22'}, {'type': {'displayName': 'Length', 'value': 212}, 'value': '13.5'}, {'type': {'displayName': 'PassEndY', 'value': 141}, 'value': '7.8'}]",True,,,,,
1914099,SecondHalf,80,36,83,Interception,Successful,839,Villarreal,276489.0,Alfonso Pedraza,41.7,92.2,,,,,,,"[{'type': {'displayName': 'Zone', 'value': 56}, 'value': 'Back'}]",True,,,,,
1914099,SecondHalf,80,37,83,BallRecovery,Successful,839,Villarreal,238940.0,Thomas Partey,40.2,83.4,,,,,,,[],False,,,,,
1914099,SecondHalf,80,38,83,Pass,Successful,839,Villarreal,238940.0,Thomas Partey,40.2,83.4,29.4,76.7,,,,,"[{'type': {'displayName': 'Zone', 'value': 56}, 'value': 'Back'}, {'type': {'displayName': 'Angle', 'value': 213}, 'value': '3.52'}, {'type': {'displayName': 'PassEndY', 'value': 141}, 'value': '76.7'}, {'type': {'displayName': 'PassEndX', 'value': 140}, 'value': '29.4'}, {'type': {'displayName': 'Length', 'value': 212}, 'value': '12.2'}]",True,,,,,
1914099,SecondHalf,80,40,83,Pass,Successful,839,Villarreal,434077.0,Renato Veiga,29.4,76.5,21.4,70.3,,,,,"[{'type': {'displayName': 'Zone', 'value': 56}, 'value': 'Back'}, {'type': {'displayName': 'PassEndY', 'value': 141}, 'value': '70.3'}, {'type': {'displayName': 'PassEndX', 'value': 140}, 'value': '21.4'}, {'type': {'displayName': 'Length', 'value': 212}, 'value': '9.4'}, {'type': {'displayName': 'Angle', 'value': 213}, 'value': '3.61'}]",True,,,,,
1914099,SecondHalf,80,40,83,Pass,Successful,839,Villarreal,430301.0,Rafa Marín,22.5,70.0,23.4,83.2,,,,,"[{'type': {'displayName': 'Length', 'value': 212}, 'value': '9.0'}, {'type': {'displayName': 'Zone', 'value': 56}, 'value': 'Back'}, {'type': {'displayName': 'PassEndX', 'value': 140}, 'value': '23.4'}, {'type': {'displayName': 'PassEndY', 'value': 141}, 'value': '83.2'}, {'type': {'displayName': 'Angle', 'value': 213}, 'value': '1.47'}]",True,,,,,
1914099,SecondHalf,80,41,83,Pass,Successful,839,Villarreal,434077.0,Renato Veiga,21.9,82.1,9.8,53.6,,,,,"[{'type': {'displayName': 'Angle', 'value': 213}, 'value': '4.13'}, {'type': {'displayName': 'PassEndY', 'value': 141}, 'value': '53.6'}, {'type': {'displayName': 'PassEndX', 'value': 140}, 'value': '9.8'}, {'type': {'displayName': 'Zone', 'value': 56}, 'value': 'Back'}, {'type': {'displayName': 'Length', 'value': 212}, 'value': '23.2'}]",True,,,,,
1914099,SecondHalf,80,43,83,Pass,Successful,839,Villarreal,400826.0,Luiz Júnior,8.9,52.4,25.2,15.6,,,,,"[{'type': {'displayName': 'Zone', 'value': 56}, 'value': 'Back'}, {'type': {'displayName': 'Length', 'value': 212}, 'value': '30.3'}, {'type': {'displayName': 'Angle', 'value': 213}, 'value': '5.31'}, {'type': {'displayName': 'PassEndY', 'value': 141}, 'value': '15.6'}, {'type': {'displayName': 'PassEndX', 'value': 140}, 'value': '25.2'}]",True,,,,,
1914099,SecondHalf,80,45,83,Pass,Successful,839,Villarreal,537235.0,Pau Navarro,25.7,16.6,39.4,24.2,,,,,"[{'type': {'displayName': 'PassEndX', 'value': 140}, 'value': '39.4'}, {'type': {'displayName': 'Zone', 'value': 56}, 'value': 'Back'}, {'type': {'displayName': 'Length', 'value': 212}, 'value': '15.3'}, {'type': {'displayName': 'PassEndY', 'value': 141}, 'value': '24.2'}, {'type': {'displayName': 'Angle', 'value': 213}, 'value': '0.34'}]",True,,,,,
1914099,SecondHalf,80,46,83,TakeOn,Successful,839,Villarreal,399047.0,Pape Gueye,38.7,18.8,,,,,,,"[{'type': {'displayName': 'OppositeRelatedEvent', 'value': 233}, 'value': '828'}, {'type': {'displayName': 'Zone', 'value': 56}, 'value': 'Back'}, {'type': {'displayName': 'Offensive', 'value': 286}}]",True,,,,,
1914099,SecondHalf,80,46,83,Challenge,Unsuccessful,52,Real Madrid,337782.0,Vinícius Júnior,61.3,81.2,,,,,,,"[{'type': {'displayName': 'OppositeRelatedEvent', 'value': 233}, 'value': '727'}, {'type': {'displayName': 'Defensive', 'value': 285}}, {'type': {'displayName': 'Zone', 'value': 56}, 'value': 'Left'}]",False,,,,,
1914099,SecondHalf,80,50,83,Pass,Unsuccessful,839,Villarreal,399047.0,Pape Gueye,42.0,9.4,61.7,17.1,,,,,"[{'type': {'displayName': 'Zone', 'value': 56}, 'value': 'Right'}, {'type': {'displayName': 'Angle', 'value': 213}, 'value': '0.25'}, {'type': {'displayName': 'Length', 'value': 212}, 'value': '21.3'}, {'type': {'displayName': 'PassEndY', 'value': 141}, 'value': '17.1'}, {'type': {'displayName': 'PassEndX', 'value': 140}, 'value': '61.7'}]",True,,,,,
1914099,SecondHalf,80,53,83,BallRecovery,Successful,52,Real Madrid,437583.0,Álvaro Carreras,39.5,87.1,,,,,,,[],False,,,,,
1914099,SecondHalf,80,53,83,Pass,Successful,52,Real Madrid,437583.0,Álvaro Carreras,39.5,87.1,62.1,95.5,,,,,"[{'type': {'displayName': 'Angle', 'value': 213}, 'value': '0.24'}, {'type': {'displayName': 'Length', 'value': 212}, 'value': '24.4'}, {'type': {'displayName': 'PassEndY', 'value': 141}, 'value': '95.5'}, {'type': {'displayName': 'Zone', 'value': 56}, 'value': 'Left'}, {'type': {'displayName': 'PassEndX', 'value': 140}, 'value': '62.1'}]",True,,,,,
1914099,SecondHalf,80,55,83,Pass,Successful,52,Real Madrid,379868.0,Jude Bellingham,60.9,95.1,68.2,82.3,,,,,"[{'type': {'displayName': 'Length', 'value': 212}, 'value': '11.6'}, {'type': {'displayName': 'Angle', 'value': 213}, 'value': '5.43'}, {'type': {'displayName': 'PassEndX', 'value': 140}, 'value': '68.2'}, {'type': {'displayName': 'Zone', 'value': 56}, 'value': 'Left'}, {'type': {'displayName': 'PassEndY', 'value': 141}, 'value': '82.3'}]",True,,,,,
1914099,SecondHalf,80,59,83,Pass,Unsuccessful,52,Real Madrid,337782.0,Vinícius Júnior,73.1,71.2,78.1,64.5,,,,,"[{'type': {'displayName': 'Zone', 'value': 56}, 'value': 'Center'}, {'type': {'displayName': 'Angle', 'value': 213}, 'value': '5.57'}, {'type': {'displayName': 'Length', 'value': 212}, 'value': '7.0'}, {'type': {'displayName': 'PassEndY', 'value': 141}, 'value': '64.5'}, {'type': {'displayName': 'PassEndX', 'value': 140}, 'value': '78.1'}]",True,,,,,
1914099,SecondHalf,81,1,84,Interception,Successful,839,Villarreal,434077.0,Renato Veiga,21.9,35.5,,,,,,,"[{'type': {'displayName': 'Zone', 'value': 56}, 'value': 'Back'}]",True,,,,,
1914099,SecondHalf,81,2,84,TakeOn,Unsuccessful,52,Real Madrid,300713.0,Kylian Mbappé,75.8,69.9,,,,,,,"[{'type': {'displayName': 'Zone', 'value': 56}, 'value': 'Center'}, {'type': {'displayName': 'Offensive', 'value': 286}}, {'type': {'displayName': 'OppositeRelatedEvent', 'value': 233}, 'value': '700'}]",True,,,,,
1914099,SecondHalf,81,2,84,Tackle,Successful,839,Villarreal,399047.0,Pape Gueye,24.2,30.1,,,,,,,"[{'type': {'displayName': 'OppositeRelatedEvent', 'value': 233}, 'value': '833'}, {'type': {'displayName': 'Defensive', 'value': 285}}, {'type': {'displayName': 'Zone', 'value': 56}, 'value': 'Back'}]",True,,,,,
1914099,SecondHalf,81,4,84,BallRecovery,Successful,839,Villarreal,434077.0,Renato Veiga,26.2,36.8,,,,,,,[],False,,,,,
1914099,SecondHalf,81,4,84,Pass,Successful,839,Villarreal,434077.0,Renato Veiga,25.8,38.8,29.7,31.7,,,,,"[{'type': {'displayName': 'Angle', 'value': 213}, 'value': '5.42'}, {'type': {'displayName': 'PassEndY', 'value': 141}, 'value': '31.7'}, {'type': {'displayName': 'PassEndX', 'value': 140}, 'value': '29.7'}, {'type': {'displayName': 'Zone', 'value': 56}, 'value': 'Back'}, {'type': {'displayName': 'Length', 'value': 212}, 'value': '6.3'}]",True,,,,,
1914099,SecondHalf,81,5,84,Pass,Successful,839,Villarreal,239872.0,Nicolas Pepe,30.2,31.5,25.2,48.0,,,,,"[{'type': {'displayName': 'PassEndX', 'value': 140}, 'value': '25.2'}, {'type': {'displayName': 'Length', 'value': 212}, 'value': '12.4'}, {'type': {'displayName': 'PassEndY', 'value': 141}, 'value': '48.0'}, {'type': {'displayName': 'Zone', 'value': 56}, 'value': 'Back'}, {'type': {'displayName': 'Angle', 'value': 213}, 'value': '2.01'}]",True,,,,,
1914099,SecondHalf,81,7,84,Pass,Successful,839,Villarreal,434077.0,Renato Veiga,24.3,47.9,25.8,77.7,,,,,"[{'type': {'displayName': 'Zone', 'value': 56}, 'value': 'Back'}, {'type': {'displayName': 'Angle', 'value': 213}, 'value': '1.49'}, {'type': {'displayName': 'PassEndY', 'value': 141}, 'value': '77.7'}, {'type': {'displayName': 'Length', 'value': 212}, 'value': '20.3'}, {'type': {'displayName': 'PassEndX', 'value': 140}, 'value': '25.8'}]",True,,,,,
1914099,SecondHalf,81,14,84,Pass,Unsuccessful,839,Villarreal,276489.0,Alfonso Pedraza,29.6,95.8,42.2,76.2,,,,,"[{'type': {'displayName': 'PassEndY', 'value': 141}, 'value': '76.2'}, {'type': {'displayName': 'Zone', 'value': 56}, 'value': 'Back'}, {'type': {'displayName': 'Length', 'value': 212}, 'value': '18.8'}, {'type': {'displayName': 'Angle', 'value': 213}, 'value': '5.49'}, {'type': {'displayName': 'PassEndX', 'value': 140}, 'value': '42.2'}]",True,,,,,
1914099,SecondHalf,81,15,84,BallRecovery,Successful,52,Real Madrid,344644.0,Federico Valverde,59.7,16.2,,,,,,,[],False,,,,,
1914099,SecondHalf,81,15,84,Pass,Successful,52,Real Madrid,344644.0,Federico Valverde,59.7,16.2,66.3,34.8,,,,,"[{'type': {'displayName': 'Length', 'value': 212}, 'value': '14.4'}, {'type': {'displayName': 'PassEndY', 'value': 141}, 'value': '34.8'}, {'type': {'displayName': 'PassEndX', 'value': 140}, 'value': '66.3'}, {'type': {'displayName': 'Angle', 'value': 213}, 'value': '1.07'}, {'type': {'displayName': 'Zone', 'value': 56}, 'value': 'Center'}]",True,,,,,
1914099,SecondHalf,81,17,84,Pass,Successful,52,Real Madrid,369109.0,Eduardo Camavinga,66.8,36.4,88.2,55.2,,,,,"[{'type': {'displayName': 'Throughball', 'value': 4}}, {'type': {'displayName': 'PassEndX', 'value': 140}, 'value': '88.2'}, {'type': {'displayName': 'Zone', 'value': 56}, 'value': 'Center'}, {'type': {'displayName': 'PassEndY', 'value': 141}, 'value': '55.2'}, {'type': {'displayName': 'Length', 'value': 212}, 'value': '25.9'}, {'type': {'displayName': 'Angle', 'value': 213}, 'value': '0.52'}, {'type': {'displayName': 'IntentionalAssist', 'value': 154}}, {'type': {'displayName': 'ShotAssist', 'value': 210}, 'value': '15'}, {'type': {'displayName': 'KeyPass', 'value': 11113}}]",True,,,,,
1914099,SecondHalf,81,20,84,SavedShot,Successful,52,Real Madrid,300713.0,Kylian Mbappé,88.2,55.2,,,50.4,19.0,90.1,54.4,"[{'type': {'displayName': 'IntentionalAssist', 'value': 154}}, {'type': {'displayName': 'BlockedX', 'value': 146}, 'value': '90.1'}, {'type': {'displayName': 'RightFoot', 'value': 20}}, {'type': {'displayName': 'BlockedY', 'value': 147}, 'value': '54.4'}, {'type': {'displayName': 'RelatedEventId', 'value': 55}, 'value': '836'}, {'type': {'displayName': 'BoxCentre', 'value': 17}}, {'type': {'displayName': 'RegularPlay', 'value': 22}}, {'type': {'displayName': 'OppositeRelatedEvent', 'value': 233}, 'value': '706'}, {'type': {'displayName': 'Zone', 'value': 56}, 'value': 'Center'}, {'type': {'displayName': 'Blocked', 'value': 82}}, {'type': {'displayName': 'GoalMouthZ', 'value': 103}, 'value': '19'}, {'type': {'displayName': 'GoalMouthY', 'value': 102}, 'value': '50.4'}, {'type': {'displayName': 'LowCentre', 'value': 78}}, {'type': {'displayName': 'Assisted', 'value': 29}}]",True,True,,,836.0,369109.0
1914099,SecondHalf,81,20,84,Save,Successful,839,Villarreal,430301.0,Rafa Marín,8.8,46.4,,,,,,,"[{'type': {'displayName': 'Zone', 'value': 56}, 'value': 'Back'}, {'type': {'displayName': 'OppositeRelatedEvent', 'value': 233}, 'value': '837'}, {'type': {'displayName': 'OutfielderBlock', 'value': 94}}]",True,,,,,
1914099,SecondHalf,81,22,84,CornerAwarded,Unsuccessful,839,Villarreal,430301.0,Rafa Marín,12.8,46.9,,,,,,,"[{'type': {'displayName': 'OppositeRelatedEvent', 'value': 233}, 'value': '838'}, {'type': {'displayName': 'Zone', 'value': 56}, 'value': 'Back'}, {'type': {'displayName': 'MissLeft', 'value': 73}}]",False,,,,,
1914099,SecondHalf,81,22,84,CornerAwarded,Successful,52,Real Madrid,300713.0,Kylian Mbappé,87.2,53.1,,,,,,,"[{'type': {'displayName': 'Zone', 'value': 56}, 'value': 'Center'}, {'type': {'displayName': 'MissLeft', 'value': 73}}, {'type': {'displayName': 'OppositeRelatedEvent', 'value': 233}, 'value': '707'}]",False,,,,,
1914099,SecondHalf,82,0,85,Pass,Unsuccessful,52,Real Madrid,337782.0,Vinícius Júnior,99.5,99.5,91.5,62.5,,,,,"[{'type': {'displayName': 'Chipped', 'value': 155}}, {'type': {'displayName': 'CornerTaken', 'value': 6}}, {'type': {'displayName': 'RightFoot', 'value': 20}}, {'type': {'displayName': 'Cross', 'value': 2}}, {'type': {'displayName': 'Length', 'value': 212}, 'value': '26.5'}, {'type': {'displayName': 'Angle', 'value': 213}, 'value': '4.39'}, {'type': {'displayName': 'PassEndX', 'value': 140}, 'value': '91.5'}, {'type': {'displayName': 'Zone', 'value': 56}, 'value': 'Center'}, {'type': {'displayName': 'PassEndY', 'value': 141}, 'value': '62.5'}]",True,,,,,
1914099,SecondHalf,82,3,85,Clearance,Successful,839,Villarreal,239872.0,Nicolas Pepe,7.5,36.6,29.6,24.2,,,,,"[{'type': {'displayName': 'Length', 'value': 212}, 'value': '24.7'}, {'type': {'displayName': 'PassEndY', 'value': 141}, 'value': '24.2'}, {'type': {'displayName': 'PassEndX', 'value': 140}, 'value': '29.6'}, {'type': {'displayName': 'Zone', 'value': 56}, 'value': 'Back'}, {'type': {'displayName': 'Angle', 'value': 213}, 'value': '5.93'}]",True,,,,,
1914099,SecondHalf,82,5,85,Pass,Successful,52,Real Madrid,437583.0,Álvaro Carreras,71.9,77.4,82.0,94.6,,,,,"[{'type': {'displayName': 'PassEndX', 'value': 140}, 'value': '82.0'}, {'type': {'displayName': 'Length', 'value': 212}, 'value': '15.8'}, {'type': {'displayName': 'Angle', 'value': 213}, 'value': '0.83'}, {'type': {'displayName': 'Zone', 'value': 56}, 'value': 'Left'}, {'type': {'displayName': 'PassEndY', 'value': 141}, 'value': '94.6'}]",True,,,,,
1914099,SecondHalf,82,10,85,Pass,Successful,52,Real Madrid,337782.0,Vinícius Júnior,79.7,89.4,78.9,35.4,,,,,"[{'type': {'displayName': 'Angle', 'value': 213}, 'value': '4.69'}, {'type': {'displayName': 'Length', 'value': 212}, 'value': '36.7'}, {'type': {'displayName': 'Longball', 'value': 1}}, {'type': {'displayName': 'PassEndY', 'value': 141}, 'value': '35.4'}, {'type': {'displayName': 'Chipped', 'value': 155}}, {'type': {'displayName': 'Zone', 'value': 56}, 'value': 'Center'}, {'type': {'displayName': 'PassEndX', 'value': 140}, 'value': '78.9'}]",True,,,,,
1914099,SecondHalf,82,12,85,Pass,Successful,52,Real Madrid,379868.0,Jude Bellingham,78.9,35.4,92.9,26.5,,,,,"[{'type': {'displayName': 'Zone', 'value': 56}, 'value': 'Center'}, {'type': {'displayName': 'PassEndX', 'value': 140}, 'value': '92.9'}, {'type': {'displayName': 'Chipped', 'value': 155}}, {'type': {'displayName': 'Angle', 'value': 213}, 'value': '5.89'}, {'type': {'displayName': 'Length', 'value': 212}, 'value': '15.9'}, {'type': {'displayName': 'PassEndY', 'value': 141}, 'value': '26.5'}]",True,,,,,
1914099,SecondHalf,82,16,85,Challenge,Unsuccessful,839,Villarreal,276489.0,Alfonso Pedraza,9.0,69.3,,,,,,,"[{'type': {'displayName': 'OppositeRelatedEvent', 'value': 233}, 'value': '869'}, {'type': {'displayName': 'Zone', 'value': 56}, 'value': 'Back'}, {'type': {'displayName': 'Defensive', 'value': 285}}]",False,,,,,
1914099,SecondHalf,82,16,85,TakeOn,Successful,52,Real Madrid,300713.0,Kylian Mbappé,91.0,30.7,,,,,,,"[{'type': {'displayName': 'Zone', 'value': 56}, 'value': 'Center'}, {'type': {'displayName': 'Offensive', 'value': 286}}, {'type': {'displayName': 'OppositeRelatedEvent', 'value': 233}, 'value': '709'}]",True,,,,,
1914099,SecondHalf,82,16,85,Pass,Unsuccessful,52,Real Madrid,300713.0,Kylian Mbappé,97.3,29.5,95.1,48.4,,,,,"[{'type': {'displayName': 'PassEndY', 'value': 141}, 'value': '48.4'}, {'type': {'displayName': 'PassEndX', 'value': 140}, 'value': '95.1'}, {'type': {'displayName': 'Angle', 'value': 213}, 'value': '1.75'}, {'type': {'displayName': 'Zone', 'value': 56}, 'value': 'Center'}, {'type': {'displayName': 'Length', 'value': 212}, 'value': '13.1'}]",True,,,,,
1914099,SecondHalf,82,18,85,Interception,Successful,839,Villarreal,400826.0,Luiz Júnior,4.9,51.6,,,,,,,"[{'type': {'displayName': 'LastMan', 'value': 14}}, {'type': {'displayName': 'Zone', 'value': 56}, 'value': 'Back'}]",True,,,,,
1914099,SecondHalf,82,19,85,Clearance,Successful,839,Villarreal,276489.0,Alfonso Pedraza,3.0,62.4,23.4,62.6,,,,,"[{'type': {'displayName': 'Angle', 'value': 213}, 'value': '0.01'}, {'type': {'displayName': 'PassEndY', 'value': 141}, 'value': '62.6'}, {'type': {'displayName': 'PassEndX', 'value': 140}, 'value': '23.4'}, {'type': {'displayName': 'Zone', 'value': 56}, 'value': 'Back'}, {'type': {'displayName': 'Length', 'value': 212}, 'value': '21.4'}]",True,,,,,
1914099,SecondHalf,82,21,85,BallTouch,Unsuccessful,839,Villarreal,448211.0,Alberto Moleiro,22.9,59.3,,,,,,,"[{'type': {'displayName': 'Zone', 'value': 56}, 'value': 'Back'}]",True,,,,,
1914099,SecondHalf,82,23,85,Challenge,Unsuccessful,839,Villarreal,434077.0,Renato Veiga,20.7,50.4,,,,,,,"[{'type': {'displayName': 'OppositeRelatedEvent', 'value': 233}, 'value': '845'}, {'type': {'displayName': 'Zone', 'value': 56}, 'value': 'Back'}, {'type': {'displayName': 'Defensive', 'value': 285}}]",False,,,,,
1914099,SecondHalf,82,23,85,TakeOn,Successful,52,Real Madrid,379868.0,Jude Bellingham,79.3,49.6,,,,,,,"[{'type': {'displayName': 'OppositeRelatedEvent', 'value': 233}, 'value': '714'}, {'type': {'displayName': 'Offensive', 'value': 286}}, {'type': {'displayName': 'Zone', 'value': 56}, 'value': 'Center'}]",True,,,,,
1914099,SecondHalf,82,25,85,Dispossessed,Successful,52,Real Madrid,379868.0,Jude Bellingham,82.8,50.9,,,,,,,"[{'type': {'displayName': 'Zone', 'value': 56}, 'value': 'Center'}, {'type': {'displayName': 'OppositeRelatedEvent', 'value': 233}, 'value': '715'}, {'type': {'displayName': 'Offensive', 'value': 286}}]",True,,,,,
1914099,SecondHalf,82,25,85,Tackle,Unsuccessful,839,Villarreal,430301.0,Rafa Marín,17.2,49.1,,,,,,,"[{'type': {'displayName': 'StandingSave', 'value': 178}}, {'type': {'displayName': 'Zone', 'value': 56}, 'value': 'Back'}, {'type': {'displayName': 'OppositeRelatedEvent', 'value': 233}, 'value': '846'}, {'type': {'displayName': 'Defensive', 'value': 285}}]",True,,,,,
1914099,SecondHalf,82,26,85,TakeOn,Unsuccessful,52,Real Madrid,379868.0,Jude Bellingham,79.6,48.6,,,,,,,"[{'type': {'displayName': 'OppositeRelatedEvent', 'value': 233}, 'value': '805'}, {'type': {'displayName': 'Offensive', 'value': 286}}, {'type': {'displayName': 'Zone', 'value': 56}, 'value': 'Center'}]",True,,,,,
1914099,SecondHalf,82,26,85,Tackle,Unsuccessful,839,Villarreal,238940.0,Thomas Partey,20.4,51.4,,,,,,,"[{'type': {'displayName': 'StandingSave', 'value': 178}}, {'type': {'displayName': 'OppositeRelatedEvent', 'value': 233}, 'value': '904'}, {'type': {'displayName': 'Defensive', 'value': 285}}, {'type': {'displayName': 'Zone', 'value': 56}, 'value': 'Back'}]",True,,,,,
1914099,SecondHalf,82,27,85,TakeOn,Unsuccessful,52,Real Madrid,379868.0,Jude Bellingham,79.6,48.9,,,,,,,"[{'type': {'displayName': 'Zone', 'value': 56}, 'value': 'Center'}, {'type': {'displayName': 'Offensive', 'value': 286}}, {'type': {'displayName': 'OppositeRelatedEvent', 'value': 233}, 'value': '806'}]",True,,,,,
1914099,SecondHalf,82,27,85,Tackle,Unsuccessful,839,Villarreal,238940.0,Thomas Partey,20.4,51.1,,,,,,,"[{'type': {'displayName': 'Zone', 'value': 56}, 'value': 'Back'}, {'type': {'displayName': 'OppositeRelatedEvent', 'value': 233}, 'value': '905'}, {'type': {'displayName': 'Defensive', 'value': 285}}, {'type': {'displayName': 'StandingSave', 'value': 178}}]",True,,,,,
1914099,SecondHalf,82,27,85,Pass,Unsuccessful,52,Real Madrid,369109.0,Eduardo Camavinga,77.8,54.3,94.8,58.3,,,,,"[{'type': {'displayName': 'Zone', 'value': 56}, 'value': 'Center'}, {'type': {'displayName': 'PassEndY', 'value': 141}, 'value': '58.3'}, {'type': {'displayName': 'Length', 'value': 212}, 'value': '18.1'}, {'type': {'displayName': 'Angle', 'value': 213}, 'value': '0.15'}, {'type': {'displayName': 'PassEndX', 'value': 140}, 'value': '94.8'}]",True,,,,,
1914099,SecondHalf,82,30,85,KeeperPickup,Successful,839,Villarreal,400826.0,Luiz Júnior,8.9,47.0,,,,,,,[],False,,,,,
1914099,SecondHalf,82,35,85,Pass,Unsuccessful,839,Villarreal,400826.0,Luiz Júnior,13.4,46.2,78.0,43.5,,,,,"[{'type': {'displayName': 'Angle', 'value': 213}, 'value': '6.26'}, {'type': {'displayName': 'Longball', 'value': 1}}, {'type': {'displayName': 'Length', 'value': 212}, 'value': '67.9'}, {'type': {'displayName': 'Zone', 'value': 56}, 'value': 'Center'}, {'type': {'displayName': 'PassEndX', 'value': 140}, 'value': '78.0'}, {'type': {'displayName': 'PassEndY', 'value': 141}, 'value': '43.5'}]",True,,,,,
1914099,SecondHalf,82,37,85,Pass,Unsuccessful,52,Real Madrid,344644.0,Federico Valverde,21.6,64.0,31.3,79.3,,,,,"[{'type': {'displayName': 'Length', 'value': 212}, 'value': '14.6'}, {'type': {'displayName': 'Angle', 'value': 213}, 'value': '0.80'}, {'type': {'displayName': 'PassEndX', 'value': 140}, 'value': '31.3'}, {'type': {'displayName': 'PassEndY', 'value': 141}, 'value': '79.3'}, {'type': {'displayName': 'HeadPass', 'value': 3}}, {'type': {'displayName': 'Zone', 'value': 56}, 'value': 'Back'}]",True,,,,,
1914099,SecondHalf,82,43,85,Pass,Successful,839,Villarreal,135366.0,Ayoze Pérez,80.6,5.1,75.7,33.2,,,,,"[{'type': {'displayName': 'PassEndY', 'value': 141}, 'value': '33.2'}, {'type': {'displayName': 'PassEndX', 'value': 140}, 'value': '75.7'}, {'type': {'displayName': 'Zone', 'value': 56}, 'value': 'Center'}, {'type': {'displayName': 'Length', 'value': 212}, 'value': '19.8'}, {'type': {'displayName': 'Angle', 'value': 213}, 'value': '1.83'}]",True,,,,,
1914099,SecondHalf,82,44,85,Pass,Successful,839,Villarreal,448211.0,Alberto Moleiro,74.6,33.3,82.0,47.1,,,,,"[{'type': {'displayName': 'Zone', 'value': 56}, 'value': 'Center'}, {'type': {'displayName': 'PassEndX', 'value': 140}, 'value': '82.0'}, {'type': {'displayName': 'Angle', 'value': 213}, 'value': '0.88'}, {'type': {'displayName': 'PassEndY', 'value': 141}, 'value': '47.1'}, {'type': {'displayName': 'Length', 'value': 212}, 'value': '12.2'}]",True,,,,,
1914099,SecondHalf,82,46,85,Pass,Successful,839,Villarreal,445292.0,Tani Oluwaseyi,82.0,47.1,75.7,68.0,,,,,"[{'type': {'displayName': 'Angle', 'value': 213}, 'value': '2.01'}, {'type': {'displayName': 'Length', 'value': 212}, 'value': '15.7'}, {'type': {'displayName': 'PassEndY', 'value': 141}, 'value': '68.0'}, {'type': {'displayName': 'Zone', 'value': 56}, 'value': 'Center'}, {'type': {'displayName': 'PassEndX', 'value': 140}, 'value': '75.7'}]",True,,,,,
1914099,SecondHalf,82,50,85,Pass,Unsuccessful,839,Villarreal,399047.0,Pape Gueye,84.9,69.1,93.2,44.7,,,,,"[{'type': {'displayName': 'Chipped', 'value': 155}}, {'type': {'displayName': 'Angle', 'value': 213}, 'value': '5.20'}, {'type': {'displayName': 'Zone', 'value': 56}, 'value': 'Center'}, {'type': {'displayName': 'PassEndX', 'value': 140}, 'value': '93.2'}, {'type': {'displayName': 'PassEndY', 'value': 141}, 'value': '44.7'}, {'type': {'displayName': 'Length', 'value': 212}, 'value': '18.7'}]",True,,,,,
1914099,SecondHalf,82,52,85,Clearance,Successful,52,Real Madrid,437583.0,Álvaro Carreras,8.6,58.0,15.3,74.8,,,,,"[{'type': {'displayName': 'Zone', 'value': 56}, 'value': 'Back'}, {'type': {'displayName': 'PassEndX', 'value': 140}, 'value': '15.3'}, {'type': {'displayName': 'PassEndY', 'value': 141}, 'value': '74.8'}, {'type': {'displayName': 'Head', 'value': 15}}, {'type': {'displayName': 'Length', 'value': 212}, 'value': '13.4'}, {'type': {'displayName': 'Angle', 'value': 213}, 'value': '1.02'}]",True,,,,,
1914099,SecondHalf,82,55,85,Pass,Successful,839,Villarreal,135366.0,Ayoze Pérez,84.4,31.7,95.3,29.7,,,,,"[{'type': {'displayName': 'Zone', 'value': 56}, 'value': 'Center'}, {'type': {'displayName': 'Length', 'value': 212}, 'value': '11.5'}, {'type': {'displayName': 'ShotAssist', 'value': 210}, 'value': '15'}, {'type': {'displayName': 'PassEndY', 'value': 141}, 'value': '29.7'}, {'type': {'displayName': 'PassEndX', 'value': 140}, 'value': '95.3'}, {'type': {'displayName': 'Angle', 'value': 213}, 'value': '6.16'}, {'type': {'displayName': 'IntentionalAssist', 'value': 154}}, {'type': {'displayName': 'KeyPass', 'value': 11113}}]",True,,,,,
1914099,SecondHalf,82,58,85,SavedShot,Successful,839,Villarreal,239872.0,Nicolas Pepe,94.6,32.5,,,46.8,19.0,95.5,34.9,"[{'type': {'displayName': 'GoalMouthY', 'value': 102}, 'value': '46.8'}, {'type': {'displayName': 'Blocked', 'value': 82}}, {'type': {'displayName': 'RegularPlay', 'value': 22}}, {'type': {'displayName': 'GoalMouthZ', 'value': 103}, 'value': '19'}, {'type': {'displayName': 'LowRight', 'value': 80}}, {'type': {'displayName': 'BlockedX', 'value': 146}, 'value': '95.5'}, {'type': {'displayName': 'BlockedY', 'value': 147}, 'value': '34.9'}, {'type': {'displayName': 'Assisted', 'value': 29}}, {'type': {'displayName': 'DeepBoxRight', 'value': 62}}, {'type': {'displayName': 'Zone', 'value': 56}, 'value': 'Center'}, {'type': {'displayName': 'IntentionalAssist', 'value': 154}}, {'type': {'displayName': 'RelatedEventId', 'value': 55}, 'value': '723'}, {'type': {'displayName': 'LeftFoot', 'value': 72}}, {'type': {'displayName': 'OppositeRelatedEvent', 'value': 233}, 'value': '850'}]",True,True,,,723.0,135366.0
1914099,SecondHalf,82,58,85,Save,Successful,52,Real Madrid,437583.0,Álvaro Carreras,5.6,65.2,,,,,,,"[{'type': {'displayName': 'Zone', 'value': 56}, 'value': 'Back'}, {'type': {'displayName': 'OutfielderBlock', 'value': 94}}, {'type': {'displayName': 'OppositeRelatedEvent', 'value': 233}, 'value': '724'}]",True,,,,,
1914099,SecondHalf,82,59,85,CornerAwarded,Successful,839,Villarreal,239872.0,Nicolas Pepe,92.2,34.3,,,,,,,"[{'type': {'displayName': 'Zone', 'value': 56}, 'value': 'Center'}, {'type': {'displayName': 'MissRight', 'value': 75}}, {'type': {'displayName': 'OppositeRelatedEvent', 'value': 233}, 'value': '851'}]",False,,,,,
1914099,SecondHalf,82,59,85,CornerAwarded,Unsuccessful,52,Real Madrid,437583.0,Álvaro Carreras,7.8,65.7,,,,,,,"[{'type': {'displayName': 'OppositeRelatedEvent', 'value': 233}, 'value': '725'}, {'type': {'displayName': 'Zone', 'value': 56}, 'value': 'Back'}, {'type': {'displayName': 'MissLeft', 'value': 73}}]",False,,,,,
1914099,SecondHalf,83,30,86,Pass,Unsuccessful,839,Villarreal,239872.0,Nicolas Pepe,99.5,0.5,95.7,51.4,,,,,"[{'type': {'displayName': 'PassEndX', 'value': 140}, 'value': '95.7'}, {'type': {'displayName': 'Cross', 'value': 2}}, {'type': {'displayName': 'Angle', 'value': 213}, 'value': '1.69'}, {'type': {'displayName': 'Length', 'value': 212}, 'value': '34.8'}, {'type': {'displayName': 'Chipped', 'value': 155}}, {'type': {'displayName': 'PassEndY', 'value': 141}, 'value': '51.4'}, {'type': {'displayName': 'Longball', 'value': 1}}, {'type': {'displayName': 'Zone', 'value': 56}, 'value': 'Center'}, {'type': {'displayName': 'CornerTaken', 'value': 6}}, {'type': {'displayName': 'OppositeRelatedEvent', 'value': 233}, 'value': '852'}, {'type': {'displayName': 'LeftFoot', 'value': 72}}]",True,,,,,
1914099,SecondHalf,83,33,86,Claim,Successful,52,Real Madrid,73798.0,Thibaut Courtois,4.3,48.6,,,,,,,"[{'type': {'displayName': 'HighClaim', 'value': 88}}, {'type': {'displayName': 'Zone', 'value': 56}, 'value': 'Back'}, {'type': {'displayName': 'OppositeRelatedEvent', 'value': 233}, 'value': '726'}]",True,,,,,
1914099,SecondHalf,83,43,86,Pass,Successful,52,Real Madrid,73798.0,Thibaut Courtois,8.6,39.3,27.3,7.6,,,,,"[{'type': {'displayName': 'Length', 'value': 212}, 'value': '29.2'}, {'type': {'displayName': 'Angle', 'value': 213}, 'value': '5.45'}, {'type': {'displayName': 'KeeperThrow', 'value': 123}}, {'type': {'displayName': 'PassEndX', 'value': 140}, 'value': '27.3'}, {'type': {'displayName': 'Zone', 'value': 56}, 'value': 'Back'}, {'type': {'displayName': 'PassEndY', 'value': 141}, 'value': '7.6'}]",True,,,,,
1914099,SecondHalf,83,46,86,Pass,Successful,52,Real Madrid,344644.0,Federico Valverde,31.1,9.9,26.9,33.4,,,,,"[{'type': {'displayName': 'PassEndY', 'value': 141}, 'value': '33.4'}, {'type': {'displayName': 'Zone', 'value': 56}, 'value': 'Back'}, {'type': {'displayName': 'Angle', 'value': 213}, 'value': '1.84'}, {'type': {'displayName': 'PassEndX', 'value': 140}, 'value': '26.9'}, {'type': {'displayName': 'Length', 'value': 212}, 'value': '16.6'}]",True,,,,,
1914099,SecondHalf,83,47,86,Pass,Successful,52,Real Madrid,369109.0,Eduardo Camavinga,26.9,33.4,26.4,63.6,,,,,"[{'type': {'displayName': 'Angle', 'value': 213}, 'value': '1.60'}, {'type': {'displayName': 'Length', 'value': 212}, 'value': '20.5'}, {'type': {'displayName': 'Zone', 'value': 56}, 'value': 'Back'}, {'type': {'displayName': 'PassEndY', 'value': 141}, 'value': '63.6'}, {'type': {'displayName': 'PassEndX', 'value': 140}, 'value': '26.4'}]",True,,,,,
1914099,SecondHalf,83,56,86,Pass,Successful,52,Real Madrid,468852.0,Dean Huijsen,26.3,57.6,15.9,45.7,,,,,"[{'type': {'displayName': 'Length', 'value': 212}, 'value': '13.6'}, {'type': {'displayName': 'Angle', 'value': 213}, 'value': '3.78'}, {'type': {'displayName': 'Zone', 'value': 56}, 'value': 'Back'}, {'type': {'displayName': 'PassEndY', 'value': 141}, 'value': '45.7'}, {'type': {'displayName': 'PassEndX', 'value': 140}, 'value': '15.9'}]",True,,,,,
1914099,SecondHalf,84,0,87,Pass,Successful,52,Real Madrid,73798.0,Thibaut Courtois,14.9,44.4,22.0,23.7,,,,,"[{'type': {'displayName': 'Angle', 'value': 213}, 'value': '5.20'}, {'type': {'displayName': 'PassEndX', 'value': 140}, 'value': '22.0'}, {'type': {'displayName': 'Zone', 'value': 56}, 'value': 'Back'}, {'type': {'displayName': 'Length', 'value': 212}, 'value': '15.9'}, {'type': {'displayName': 'PassEndY', 'value': 141}, 'value': '23.7'}]",True,,,,,
1914099,SecondHalf,84,3,87,Pass,Successful,52,Real Madrid,534899.0,Raúl Asencio,23.7,25.6,44.7,56.5,,,,,"[{'type': {'displayName': 'PassEndY', 'value': 141}, 'value': '56.5'}, {'type': {'displayName': 'PassEndX', 'value': 140}, 'value': '44.7'}, {'type': {'displayName': 'Angle', 'value': 213}, 'value': '0.76'}, {'type': {'displayName': 'Zone', 'value': 56}, 'value': 'Back'}, {'type': {'displayName': 'Length', 'value': 212}, 'value': '30.5'}, {'type': {'displayName': 'Chipped', 'value': 155}}]",True,,,,,
1914099,SecondHalf,84,7,87,Pass,Successful,52,Real Madrid,379868.0,Jude Bellingham,44.0,63.7,41.5,94.9,,,,,"[{'type': {'displayName': 'Length', 'value': 212}, 'value': '21.4'}, {'type': {'displayName': 'PassEndY', 'value': 141}, 'value': '94.9'}, {'type': {'displayName': 'Angle', 'value': 213}, 'value': '1.69'}, {'type': {'displayName': 'PassEndX', 'value': 140}, 'value': '41.5'}, {'type': {'displayName': 'Zone', 'value': 56}, 'value': 'Back'}]",True,,,,,
1914099,SecondHalf,84,9,87,Pass,Successful,52,Real Madrid,437583.0,Álvaro Carreras,41.5,94.9,55.6,96.4,,,,,"[{'type': {'displayName': 'PassEndY', 'value': 141}, 'value': '96.4'}, {'type': {'displayName': 'Angle', 'value': 213}, 'value': '0.07'}, {'type': {'displayName': 'PassEndX', 'value': 140}, 'value': '55.6'}, {'type': {'displayName': 'Zone', 'value': 56}, 'value': 'Left'}, {'type': {'displayName': 'Length', 'value': 212}, 'value': '14.8'}]",True,,,,,
1914099,SecondHalf,84,11,87,Pass,Successful,52,Real Madrid,300713.0,Kylian Mbappé,55.6,96.4,44.5,91.5,,,,,"[{'type': {'displayName': 'Angle', 'value': 213}, 'value': '3.42'}, {'type': {'displayName': 'PassEndY', 'value': 141}, 'value': '91.5'}, {'type': {'displayName': 'PassEndX', 'value': 140}, 'value': '44.5'}, {'type': {'displayName': 'Zone', 'value': 56}, 'value': 'Back'}, {'type': {'displayName': 'Length', 'value': 212}, 'value': '12.1'}]",True,,,,,
1914099,SecondHalf,84,12,87,Pass,Successful,52,Real Madrid,437583.0,Álvaro Carreras,44.5,91.5,61.2,75.9,,,,,"[{'type': {'displayName': 'PassEndY', 'value': 141}, 'value': '75.9'}, {'type': {'displayName': 'Angle', 'value': 213}, 'value': '5.74'}, {'type': {'displayName': 'Zone', 'value': 56}, 'value': 'Center'}, {'type': {'displayName': 'Length', 'value': 212}, 'value': '20.5'}, {'type': {'displayName': 'PassEndX', 'value': 140}, 'value': '61.2'}]",True,,,,,
1914099,SecondHalf,84,14,87,Pass,Successful,52,Real Madrid,317541.0,Brahim Díaz,61.5,76.2,65.2,92.7,,,,,"[{'type': {'displayName': 'PassEndX', 'value': 140}, 'value': '65.2'}, {'type': {'displayName': 'PassEndY', 'value': 141}, 'value': '92.7'}, {'type': {'displayName': 'Length', 'value': 212}, 'value': '11.9'}, {'type': {'displayName': 'Angle', 'value': 213}, 'value': '1.24'}, {'type': {'displayName': 'Zone', 'value': 56}, 'value': 'Left'}]",True,,,,,
1914099,SecondHalf,84,18,87,Pass,Successful,52,Real Madrid,300713.0,Kylian Mbappé,70.3,92.2,68.6,95.2,,,,,"[{'type': {'displayName': 'Zone', 'value': 56}, 'value': 'Left'}, {'type': {'displayName': 'Length', 'value': 212}, 'value': '2.7'}, {'type': {'displayName': 'PassEndY', 'value': 141}, 'value': '95.2'}, {'type': {'displayName': 'Angle', 'value': 213}, 'value': '2.29'}, {'type': {'displayName': 'PassEndX', 'value': 140}, 'value': '68.6'}]",True,,,,,
1914099,SecondHalf,84,19,87,Pass,Successful,52,Real Madrid,337782.0,Vinícius Júnior,68.5,95.4,53.8,93.6,,,,,"[{'type': {'displayName': 'Zone', 'value': 56}, 'value': 'Left'}, {'type': {'displayName': 'PassEndX', 'value': 140}, 'value': '53.8'}, {'type': {'displayName': 'Angle', 'value': 213}, 'value': '3.22'}, {'type': {'displayName': 'PassEndY', 'value': 141}, 'value': '93.6'}, {'type': {'displayName': 'Length', 'value': 212}, 'value': '15.5'}]",True,,,,,
1914099,SecondHalf,84,21,87,Pass,Successful,52,Real Madrid,437583.0,Álvaro Carreras,53.8,93.6,58.8,77.4,,,,,"[{'type': {'displayName': 'Zone', 'value': 56}, 'value': 'Center'}, {'type': {'displayName': 'PassEndX', 'value': 140}, 'value': '58.8'}, {'type': {'displayName': 'PassEndY', 'value': 141}, 'value': '77.4'}, {'type': {'displayName': 'Length', 'value': 212}, 'value': '12.2'}, {'type': {'displayName': 'Angle', 'value': 213}, 'value': '5.16'}]",True,,,,,
1914099,SecondHalf,84,23,87,Pass,Successful,52,Real Madrid,379868.0,Jude Bellingham,58.8,77.4,53.1,91.8,,,,,"[{'type': {'displayName': 'PassEndY', 'value': 141}, 'value': '91.8'}, {'type': {'displayName': 'Zone', 'value': 56}, 'value': 'Left'}, {'type': {'displayName': 'Angle', 'value': 213}, 'value': '2.12'}, {'type': {'displayName': 'Length', 'value': 212}, 'value': '11.5'}, {'type': {'displayName': 'PassEndX', 'value': 140}, 'value': '53.1'}]",True,,,,,
1914099,SecondHalf,84,25,87,Pass,Successful,52,Real Madrid,437583.0,Álvaro Carreras,44.7,85.0,15.5,55.8,,,,,"[{'type': {'displayName': 'Zone', 'value': 56}, 'value': 'Back'}, {'type': {'displayName': 'Angle', 'value': 213}, 'value': '3.72'}, {'type': {'displayName': 'PassEndX', 'value': 140}, 'value': '15.5'}, {'type': {'displayName': 'PassEndY', 'value': 141}, 'value': '55.8'}, {'type': {'displayName': 'Longball', 'value': 1}}, {'type': {'displayName': 'Length', 'value': 212}, 'value': '36.5'}]",True,,,,,
1914099,SecondHalf,84,32,87,Pass,Successful,52,Real Madrid,73798.0,Thibaut Courtois,17.6,43.9,39.3,50.1,,,,,"[{'type': {'displayName': 'Length', 'value': 212}, 'value': '23.2'}, {'type': {'displayName': 'Angle', 'value': 213}, 'value': '0.18'}, {'type': {'displayName': 'Zone', 'value': 56}, 'value': 'Back'}, {'type': {'displayName': 'PassEndY', 'value': 141}, 'value': '50.1'}, {'type': {'displayName': 'PassEndX', 'value': 140}, 'value': '39.3'}]",True,,,,,
1914099,SecondHalf,84,35,87,Dispossessed,Successful,52,Real Madrid,317541.0,Brahim Díaz,38.4,49.3,,,,,,,"[{'type': {'displayName': 'Offensive', 'value': 286}}, {'type': {'displayName': 'OppositeRelatedEvent', 'value': 233}, 'value': '728'}, {'type': {'displayName': 'Zone', 'value': 56}, 'value': 'Back'}]",True,,,,,
1914099,SecondHalf,84,35,87,Tackle,Successful,839,Villarreal,434077.0,Renato Veiga,61.6,50.7,,,,,,,"[{'type': {'displayName': 'StandingSave', 'value': 178}}, {'type': {'displayName': 'OppositeRelatedEvent', 'value': 233}, 'value': '871'}, {'type': {'displayName': 'Zone', 'value': 56}, 'value': 'Center'}, {'type': {'displayName': 'Defensive', 'value': 285}}]",True,,,,,
1914099,SecondHalf,84,36,87,BallRecovery,Successful,839,Villarreal,238940.0,Thomas Partey,69.0,42.4,,,,,,,[],False,,,,,
1914099,SecondHalf,84,37,87,Pass,Unsuccessful,839,Villarreal,238940.0,Thomas Partey,68.1,41.1,82.5,62.1,,,,,"[{'type': {'displayName': 'PassEndX', 'value': 140}, 'value': '82.5'}, {'type': {'displayName': 'Length', 'value': 212}, 'value': '20.8'}, {'type': {'displayName': 'Throughball', 'value': 4}}, {'type': {'displayName': 'PassEndY', 'value': 141}, 'value': '62.1'}, {'type': {'displayName': 'Angle', 'value': 213}, 'value': '0.76'}, {'type': {'displayName': 'Zone', 'value': 56}, 'value': 'Center'}]",True,,,,,
1914099,SecondHalf,84,38,87,BallTouch,Successful,52,Real Madrid,534899.0,Raúl Asencio,18.2,39.6,,,,,,,"[{'type': {'displayName': 'Zone', 'value': 56}, 'value': 'Back'}]",True,,,,,
1914099,SecondHalf,84,40,87,Smother,Successful,52,Real Madrid,73798.0,Thibaut Courtois,12.1,46.9,,,,,,,[],True,,,,,
1914099,SecondHalf,84,41,87,KeeperPickup,Successful,52,Real Madrid,73798.0,Thibaut Courtois,12.1,46.9,,,,,,,[],False,,,,,
1914099,SecondHalf,84,45,87,Pass,Successful,52,Real Madrid,73798.0,Thibaut Courtois,15.7,49.6,21.6,67.9,,,,,"[{'type': {'displayName': 'PassEndX', 'value': 140}, 'value': '21.6'}, {'type': {'displayName': 'Zone', 'value': 56}, 'value': 'Back'}, {'type': {'displayName': 'KeeperThrow', 'value': 123}}, {'type': {'displayName': 'Angle', 'value': 213}, 'value': '1.11'}, {'type': {'displayName': 'Length', 'value': 212}, 'value': '13.9'}, {'type': {'displayName': 'PassEndY', 'value': 141}, 'value': '67.9'}]",True,,,,,
1914099,SecondHalf,84,48,87,Pass,Successful,52,Real Madrid,468852.0,Dean Huijsen,21.3,68.5,35.4,94.3,,,,,"[{'type': {'displayName': 'Length', 'value': 212}, 'value': '23.0'}, {'type': {'displayName': 'Zone', 'value': 56}, 'value': 'Back'}, {'type': {'displayName': 'PassEndX', 'value': 140}, 'value': '35.4'}, {'type': {'displayName': 'PassEndY', 'value': 141}, 'value': '94.3'}, {'type': {'displayName': 'Angle', 'value': 213}, 'value': '0.87'}]",True,,,,,
1914099,SecondHalf,84,49,87,Pass,Successful,52,Real Madrid,379868.0,Jude Bellingham,35.4,94.3,27.7,82.2,,,,,"[{'type': {'displayName': 'Angle', 'value': 213}, 'value': '3.94'}, {'type': {'displayName': 'PassEndX', 'value': 140}, 'value': '27.7'}, {'type': {'displayName': 'PassEndY', 'value': 141}, 'value': '82.2'}, {'type': {'displayName': 'Length', 'value': 212}, 'value': '11.5'}, {'type': {'displayName': 'Zone', 'value': 56}, 'value': 'Back'}]",True,,,,,
1914099,SecondHalf,84,52,87,Pass,Successful,52,Real Madrid,437583.0,Álvaro Carreras,31.9,83.1,39.4,98.2,,,,,"[{'type': {'displayName': 'Zone', 'value': 56}, 'value': 'Back'}, {'type': {'displayName': 'Length', 'value': 212}, 'value': '12.9'}, {'type': {'displayName': 'PassEndX', 'value': 140}, 'value': '39.4'}, {'type': {'displayName': 'PassEndY', 'value': 141}, 'value': '98.2'}, {'type': {'displayName': 'Angle', 'value': 213}, 'value': '0.92'}]",True,,,,,
1914099,SecondHalf,84,57,87,Foul,Successful,52,Real Madrid,337782.0,Vinícius Júnior,40.4,92.2,,,,,,,"[{'type': {'displayName': 'Offensive', 'value': 286}}, {'type': {'displayName': 'OppositeRelatedEvent', 'value': 233}, 'value': '732'}, {'type': {'displayName': 'Foul', 'value': 13}}, {'type': {'displayName': 'Zone', 'value': 56}, 'value': 'Back'}]",True,,,,,
1914099,SecondHalf,84,57,87,Foul,Unsuccessful,839,Villarreal,537235.0,Pau Navarro,59.6,7.8,,,,,,,"[{'type': {'displayName': 'OppositeRelatedEvent', 'value': 233}, 'value': '879'}, {'type': {'displayName': 'Defensive', 'value': 285}}, {'type': {'displayName': 'Foul', 'value': 13}}, {'type': {'displayName': 'Zone', 'value': 56}, 'value': 'Right'}]",False,,,,,
1914099,SecondHalf,85,38,88,Pass,Successful,52,Real Madrid,437583.0,Álvaro Carreras,39.5,94.9,28.0,75.9,,,,,"[{'type': {'displayName': 'PassEndX', 'value': 140}, 'value': '28.0'}, {'type': {'displayName': 'Zone', 'value': 56}, 'value': 'Back'}, {'type': {'displayName': 'Length', 'value': 212}, 'value': '17.7'}, {'type': {'displayName': 'Angle', 'value': 213}, 'value': '3.96'}, {'type': {'displayName': 'PassEndY', 'value': 141}, 'value': '75.9'}, {'type': {'displayName': 'FreekickTaken', 'value': 5}}]",True,,,,,
1914099,SecondHalf,85,41,88,Pass,Successful,52,Real Madrid,468852.0,Dean Huijsen,21.8,80.3,7.4,47.1,,,,,"[{'type': {'displayName': 'Zone', 'value': 56}, 'value': 'Back'}, {'type': {'displayName': 'PassEndX', 'value': 140}, 'value': '7.4'}, {'type': {'displayName': 'PassEndY', 'value': 141}, 'value': '47.1'}, {'type': {'displayName': 'Length', 'value': 212}, 'value': '27.2'}, {'type': {'displayName': 'Angle', 'value': 213}, 'value': '4.12'}]",True,,,,,
1914099,SecondHalf,85,48,88,Pass,Unsuccessful,52,Real Madrid,73798.0,Thibaut Courtois,13.2,59.5,68.2,80.7,,,,,"[{'type': {'displayName': 'Length', 'value': 212}, 'value': '59.5'}, {'type': {'displayName': 'PassEndY', 'value': 141}, 'value': '80.7'}, {'type': {'displayName': 'Zone', 'value': 56}, 'value': 'Left'}, {'type': {'displayName': 'Angle', 'value': 213}, 'value': '0.24'}, {'type': {'displayName': 'PassEndX', 'value': 140}, 'value': '68.2'}, {'type': {'displayName': 'Chipped', 'value': 155}}, {'type': {'displayName': 'Longball', 'value': 1}}]",True,,,,,
1914099,SecondHalf,85,53,88,Clearance,Successful,839,Villarreal,537235.0,Pau Navarro,28.5,14.5,36.3,15.0,,,,,"[{'type': {'displayName': 'Angle', 'value': 213}, 'value': '0.04'}, {'type': {'displayName': 'PassEndY', 'value': 141}, 'value': '15.0'}, {'type': {'displayName': 'Head', 'value': 15}}, {'type': {'displayName': 'Length', 'value': 212}, 'value': '8.2'}, {'type': {'displayName': 'Zone', 'value': 56}, 'value': 'Back'}, {'type': {'displayName': 'PassEndX', 'value': 140}, 'value': '36.3'}]",True,,,,,
1914099,SecondHalf,85,54,88,BallRecovery,Successful,839,Villarreal,239872.0,Nicolas Pepe,31.9,17.3,,,,,,,[],False,,,,,
1914099,SecondHalf,85,56,88,Pass,Successful,839,Villarreal,239872.0,Nicolas Pepe,32.4,19.4,30.3,48.2,,,,,"[{'type': {'displayName': 'Angle', 'value': 213}, 'value': '1.68'}, {'type': {'displayName': 'Length', 'value': 212}, 'value': '19.7'}, {'type': {'displayName': 'PassEndY', 'value': 141}, 'value': '48.2'}, {'type': {'displayName': 'Zone', 'value': 56}, 'value': 'Back'}, {'type': {'displayName': 'PassEndX', 'value': 140}, 'value': '30.3'}]",True,,,,,
1914099,SecondHalf,85,58,88,Pass,Successful,839,Villarreal,434077.0,Renato Veiga,30.8,50.8,37.0,84.4,,,,,"[{'type': {'displayName': 'Angle', 'value': 213}, 'value': '1.29'}, {'type': {'displayName': 'PassEndX', 'value': 140}, 'value': '37.0'}, {'type': {'displayName': 'PassEndY', 'value': 141}, 'value': '84.4'}, {'type': {'displayName': 'Length', 'value': 212}, 'value': '23.8'}, {'type': {'displayName': 'Zone', 'value': 56}, 'value': 'Back'}]",True,,,,,
1914099,SecondHalf,86,3,89,Pass,Unsuccessful,839,Villarreal,276489.0,Alfonso Pedraza,35.3,97.5,40.5,96.2,,,,,"[{'type': {'displayName': 'Length', 'value': 212}, 'value': '5.5'}, {'type': {'displayName': 'PassEndX', 'value': 140}, 'value': '40.5'}, {'type': {'displayName': 'Angle', 'value': 213}, 'value': '6.12'}, {'type': {'displayName': 'Zone', 'value': 56}, 'value': 'Back'}, {'type': {'displayName': 'PassEndY', 'value': 141}, 'value': '96.2'}]",True,,,,,
1914099,SecondHalf,86,4,89,BallTouch,Successful,52,Real Madrid,498798.0,Gonzalo García,55.4,4.8,,,,,,,"[{'type': {'displayName': 'Zone', 'value': 56}, 'value': 'Right'}]",True,,,,,
1914099,SecondHalf,86,6,89,Pass,Successful,52,Real Madrid,344644.0,Federico Valverde,35.1,4.0,46.8,7.5,,,,,"[{'type': {'displayName': 'PassEndX', 'value': 140}, 'value': '46.8'}, {'type': {'displayName': 'HeadPass', 'value': 3}}, {'type': {'displayName': 'PassEndY', 'value': 141}, 'value': '7.5'}, {'type': {'displayName': 'Length', 'value': 212}, 'value': '12.5'}, {'type': {'displayName': 'Angle', 'value': 213}, 'value': '0.19'}, {'type': {'displayName': 'Zone', 'value': 56}, 'value': 'Back'}]",True,,,,,
1914099,SecondHalf,86,8,89,BallRecovery,Successful,52,Real Madrid,498798.0,Gonzalo García,46.8,7.5,,,,,,,[],False,,,,,
1914099,SecondHalf,86,8,89,Pass,Successful,52,Real Madrid,498798.0,Gonzalo García,46.8,7.5,39.1,19.9,,,,,"[{'type': {'displayName': 'PassEndX', 'value': 140}, 'value': '39.1'}, {'type': {'displayName': 'Zone', 'value': 56}, 'value': 'Back'}, {'type': {'displayName': 'Length', 'value': 212}, 'value': '11.7'}, {'type': {'displayName': 'PassEndY', 'value': 141}, 'value': '19.9'}, {'type': {'displayName': 'Angle', 'value': 213}, 'value': '2.34'}]",True,,,,,
1914099,SecondHalf,86,9,89,Dispossessed,Successful,52,Real Madrid,369109.0,Eduardo Camavinga,37.0,25.2,,,,,,,"[{'type': {'displayName': 'OppositeRelatedEvent', 'value': 233}, 'value': '778'}, {'type': {'displayName': 'Offensive', 'value': 286}}, {'type': {'displayName': 'Zone', 'value': 56}, 'value': 'Back'}]",True,,,,,
1914099,SecondHalf,86,9,89,Tackle,Successful,839,Villarreal,276489.0,Alfonso Pedraza,63.0,74.8,,,,,,,"[{'type': {'displayName': 'Zone', 'value': 56}, 'value': 'Center'}, {'type': {'displayName': 'Defensive', 'value': 285}}, {'type': {'displayName': 'OppositeRelatedEvent', 'value': 233}, 'value': '887'}, {'type': {'displayName': 'StandingSave', 'value': 178}}]",True,,,,,
1914099,SecondHalf,86,10,89,BallTouch,Successful,839,Villarreal,445292.0,Tani Oluwaseyi,61.8,78.0,,,,,,,"[{'type': {'displayName': 'Zone', 'value': 56}, 'value': 'Center'}]",True,,,,,
1914099,SecondHalf,86,12,89,BallRecovery,Successful,839,Villarreal,399047.0,Pape Gueye,73.4,63.2,,,,,,,[],False,,,,,
1914099,SecondHalf,86,14,89,Pass,Successful,839,Villarreal,399047.0,Pape Gueye,74.9,62.4,91.4,75.0,,,,,"[{'type': {'displayName': 'Angle', 'value': 213}, 'value': '0.46'}, {'type': {'displayName': 'Length', 'value': 212}, 'value': '19.3'}, {'type': {'displayName': 'Zone', 'value': 56}, 'value': 'Center'}, {'type': {'displayName': 'PassEndY', 'value': 141}, 'value': '75.0'}, {'type': {'displayName': 'PassEndX', 'value': 140}, 'value': '91.4'}]",True,,,,,
1914099,SecondHalf,86,18,89,Pass,Unsuccessful,839,Villarreal,448211.0,Alberto Moleiro,97.6,69.3,96.9,66.9,,,,,"[{'type': {'displayName': 'OppositeRelatedEvent', 'value': 233}, 'value': '889'}, {'type': {'displayName': 'Offensive', 'value': 286}}, {'type': {'displayName': 'PassEndY', 'value': 141}, 'value': '66.9'}, {'type': {'displayName': 'Length', 'value': 212}, 'value': '1.8'}, {'type': {'displayName': 'Angle', 'value': 213}, 'value': '4.29'}, {'type': {'displayName': 'Zone', 'value': 56}, 'value': 'Center'}, {'type': {'displayName': 'PassEndX', 'value': 140}, 'value': '96.9'}]",True,,,,,
1914099,SecondHalf,86,18,89,BlockedPass,Successful,52,Real Madrid,344644.0,Federico Valverde,1.7,31.1,,,,,,,"[{'type': {'displayName': 'Defensive', 'value': 285}}, {'type': {'displayName': 'OppositeRelatedEvent', 'value': 233}, 'value': '742'}, {'type': {'displayName': 'Zone', 'value': 56}, 'value': 'Back'}]",True,,,,,
1914099,SecondHalf,86,19,89,CornerAwarded,Successful,839,Villarreal,448211.0,Alberto Moleiro,90.1,61.1,,,,,,,"[{'type': {'displayName': 'Zone', 'value': 56}, 'value': 'Center'}, {'type': {'displayName': 'OppositeRelatedEvent', 'value': 233}, 'value': '890'}, {'type': {'displayName': 'MissLeft', 'value': 73}}]",False,,,,,
1914099,SecondHalf,86,19,89,CornerAwarded,Unsuccessful,52,Real Madrid,344644.0,Federico Valverde,9.9,38.9,,,,,,,"[{'type': {'displayName': 'MissLeft', 'value': 73}}, {'type': {'displayName': 'Zone', 'value': 56}, 'value': 'Back'}, {'type': {'displayName': 'OppositeRelatedEvent', 'value': 233}, 'value': '743'}]",False,,,,,
1914099,SecondHalf,86,52,89,Pass,Unsuccessful,839,Villarreal,135366.0,Ayoze Pérez,99.6,99.6,96.8,56.4,,,,,"[{'type': {'displayName': 'Zone', 'value': 56}, 'value': 'Center'}, {'type': {'displayName': 'CornerTaken', 'value': 6}}, {'type': {'displayName': 'PassEndX', 'value': 140}, 'value': '96.8'}, {'type': {'displayName': 'Chipped', 'value': 155}}, {'type': {'displayName': 'Length', 'value': 212}, 'value': '29.5'}, {'type': {'displayName': 'PassEndY', 'value': 141}, 'value': '56.4'}, {'type': {'displayName': 'Angle', 'value': 213}, 'value': '4.61'}, {'type': {'displayName': 'Cross', 'value': 2}}, {'type': {'displayName': 'RightFoot', 'value': 20}}]",True,,,,,
1914099,SecondHalf,86,55,89,Clearance,Successful,52,Real Madrid,437583.0,Álvaro Carreras,2.5,45.0,14.9,47.8,,,,,"[{'type': {'displayName': 'Head', 'value': 15}}, {'type': {'displayName': 'Zone', 'value': 56}, 'value': 'Back'}, {'type': {'displayName': 'Angle', 'value': 213}, 'value': '0.15'}, {'type': {'displayName': 'Length', 'value': 212}, 'value': '13.2'}, {'type': {'displayName': 'PassEndX', 'value': 140}, 'value': '14.9'}, {'type': {'displayName': 'PassEndY', 'value': 141}, 'value': '47.8'}]",True,,,,,
1914099,SecondHalf,86,55,89,Aerial,Successful,52,Real Madrid,300713.0,Kylian Mbappé,18.7,48.5,,,,,,,"[{'type': {'displayName': 'Defensive', 'value': 285}}, {'type': {'displayName': 'Zone', 'value': 56}, 'value': 'Back'}, {'type': {'displayName': 'OppositeRelatedEvent', 'value': 233}, 'value': '790'}]",False,,,,,
1914099,SecondHalf,86,55,89,Aerial,Unsuccessful,839,Villarreal,448211.0,Alberto Moleiro,81.3,51.5,,,,,,,"[{'type': {'displayName': 'OppositeRelatedEvent', 'value': 233}, 'value': '892'}, {'type': {'displayName': 'Offensive', 'value': 286}}, {'type': {'displayName': 'Zone', 'value': 56}, 'value': 'Center'}]",False,,,,,
1914099,SecondHalf,86,55,89,Pass,Unsuccessful,52,Real Madrid,300713.0,Kylian Mbappé,18.1,48.5,20.1,60.7,,,,,"[{'type': {'displayName': 'Zone', 'value': 56}, 'value': 'Back'}, {'type': {'displayName': 'Length', 'value': 212}, 'value': '8.6'}, {'type': {'displayName': 'PassEndY', 'value': 141}, 'value': '60.7'}, {'type': {'displayName': 'PassEndX', 'value': 140}, 'value': '20.1'}, {'type': {'displayName': 'HeadPass', 'value': 3}}, {'type': {'displayName': 'Angle', 'value': 213}, 'value': '1.32'}]",True,,,,,
1914099,SecondHalf,86,57,89,BallTouch,Unsuccessful,839,Villarreal,239872.0,Nicolas Pepe,77.3,42.9,,,,,,,"[{'type': {'displayName': 'Zone', 'value': 56}, 'value': 'Center'}]",True,,,,,
1914099,SecondHalf,86,59,89,BallRecovery,Successful,52,Real Madrid,337782.0,Vinícius Júnior,23.7,62.7,,,,,,,[],False,,,,,
1914099,SecondHalf,87,1,90,Pass,Successful,52,Real Madrid,337782.0,Vinícius Júnior,29.3,71.1,48.6,94.2,,,,,"[{'type': {'displayName': 'Angle', 'value': 213}, 'value': '0.66'}, {'type': {'displayName': 'Zone', 'value': 56}, 'value': 'Back'}, {'type': {'displayName': 'PassEndY', 'value': 141}, 'value': '94.2'}, {'type': {'displayName': 'Length', 'value': 212}, 'value': '25.6'}, {'type': {'displayName': 'PassEndX', 'value': 140}, 'value': '48.6'}]",True,,,,,
1914099,SecondHalf,87,7,90,Pass,Unsuccessful,52,Real Madrid,300713.0,Kylian Mbappé,81.3,73.5,84.8,61.2,,,,,"[{'type': {'displayName': 'PassEndX', 'value': 140}, 'value': '84.8'}, {'type': {'displayName': 'Length', 'value': 212}, 'value': '9.1'}, {'type': {'displayName': 'PassEndY', 'value': 141}, 'value': '61.2'}, {'type': {'displayName': 'Angle', 'value': 213}, 'value': '5.13'}, {'type': {'displayName': 'Zone', 'value': 56}, 'value': 'Center'}]",True,,,,,
1914099,SecondHalf,87,8,90,Interception,Successful,839,Villarreal,276489.0,Alfonso Pedraza,15.2,38.8,,,,,,,"[{'type': {'displayName': 'Zone', 'value': 56}, 'value': 'Back'}]",True,,,,,
1914099,SecondHalf,87,11,90,BallRecovery,Successful,839,Villarreal,276489.0,Alfonso Pedraza,3.7,7.7,,,,,,,[],False,,,,,
1914099,SecondHalf,87,11,90,Pass,Successful,839,Villarreal,276489.0,Alfonso Pedraza,3.7,7.7,16.0,23.8,,,,,"[{'type': {'displayName': 'PassEndY', 'value': 141}, 'value': '23.8'}, {'type': {'displayName': 'PassEndX', 'value': 140}, 'value': '16.0'}, {'type': {'displayName': 'Angle', 'value': 213}, 'value': '0.70'}, {'type': {'displayName': 'Zone', 'value': 56}, 'value': 'Back'}, {'type': {'displayName': 'Length', 'value': 212}, 'value': '16.9'}]",True,,,,,
1914099,SecondHalf,87,15,90,Pass,Successful,839,Villarreal,448211.0,Alberto Moleiro,16.0,15.1,7.8,19.1,,,,,"[{'type': {'displayName': 'PassEndY', 'value': 141}, 'value': '19.1'}, {'type': {'displayName': 'PassEndX', 'value': 140}, 'value': '7.8'}, {'type': {'displayName': 'Angle', 'value': 213}, 'value': '2.84'}, {'type': {'displayName': 'Zone', 'value': 56}, 'value': 'Back'}, {'type': {'displayName': 'Length', 'value': 212}, 'value': '9.0'}]",True,,,,,
1914099,SecondHalf,87,18,90,Pass,Unsuccessful,839,Villarreal,276489.0,Alfonso Pedraza,14.1,24.4,29.0,37.4,,,,,"[{'type': {'displayName': 'Length', 'value': 212}, 'value': '18.0'}, {'type': {'displayName': 'PassEndY', 'value': 141}, 'value': '37.4'}, {'type': {'displayName': 'PassEndX', 'value': 140}, 'value': '29.0'}, {'type': {'displayName': 'Angle', 'value': 213}, 'value': '0.51'}, {'type': {'displayName': 'Zone', 'value': 56}, 'value': 'Back'}]",True,,,,,
1914099,SecondHalf,87,21,90,BallTouch,Successful,52,Real Madrid,379868.0,Jude Bellingham,72.4,65.4,,,,,,,"[{'type': {'displayName': 'Zone', 'value': 56}, 'value': 'Center'}]",True,,,,,
1914099,SecondHalf,87,22,90,Dispossessed,Successful,52,Real Madrid,437583.0,Álvaro Carreras,63.8,68.6,,,,,,,"[{'type': {'displayName': 'OppositeRelatedEvent', 'value': 233}, 'value': '751'}, {'type': {'displayName': 'Zone', 'value': 56}, 'value': 'Center'}, {'type': {'displayName': 'Offensive', 'value': 286}}]",True,,,,,
1914099,SecondHalf,87,22,90,Tackle,Unsuccessful,839,Villarreal,239872.0,Nicolas Pepe,36.2,31.4,,,,,,,"[{'type': {'displayName': 'StandingSave', 'value': 178}}, {'type': {'displayName': 'Zone', 'value': 56}, 'value': 'Back'}, {'type': {'displayName': 'Defensive', 'value': 285}}, {'type': {'displayName': 'OppositeRelatedEvent', 'value': 233}, 'value': '899'}]",True,,,,,
1914099,SecondHalf,87,24,90,BallRecovery,Successful,52,Real Madrid,437583.0,Álvaro Carreras,61.2,60.3,,,,,,,[],False,,,,,
1914099,SecondHalf,87,24,90,Pass,Successful,52,Real Madrid,437583.0,Álvaro Carreras,59.7,59.7,55.4,49.1,,,,,"[{'type': {'displayName': 'Length', 'value': 212}, 'value': '8.5'}, {'type': {'displayName': 'PassEndY', 'value': 141}, 'value': '49.1'}, {'type': {'displayName': 'PassEndX', 'value': 140}, 'value': '55.4'}, {'type': {'displayName': 'Angle', 'value': 213}, 'value': '4.15'}, {'type': {'displayName': 'Zone', 'value': 56}, 'value': 'Center'}]",True,,,,,
1914099,SecondHalf,87,25,90,BallTouch,Unsuccessful,52,Real Madrid,344644.0,Federico Valverde,54.0,50.9,,,,,,,"[{'type': {'displayName': 'Zone', 'value': 56}, 'value': 'Center'}]",True,,,,,
1914099,SecondHalf,87,26,90,BallRecovery,Successful,839,Villarreal,445292.0,Tani Oluwaseyi,54.2,66.2,,,,,,,[],False,,,,,
1914099,SecondHalf,87,27,90,TakeOn,Unsuccessful,839,Villarreal,445292.0,Tani Oluwaseyi,56.2,78.4,,,,,,,"[{'type': {'displayName': 'Offensive', 'value': 286}}, {'type': {'displayName': 'Zone', 'value': 56}, 'value': 'Center'}]",True,,,,,
1914099,SecondHalf,87,30,90,Foul,Successful,839,Villarreal,445292.0,Tani Oluwaseyi,54.6,78.7,,,,,,,"[{'type': {'displayName': 'OppositeRelatedEvent', 'value': 233}, 'value': '903'}, {'type': {'displayName': 'Zone', 'value': 56}, 'value': 'Center'}, {'type': {'displayName': 'Foul', 'value': 13}}, {'type': {'displayName': 'Offensive', 'value': 286}}]",True,,,,,
1914099,SecondHalf,87,30,90,Foul,Unsuccessful,52,Real Madrid,437583.0,Álvaro Carreras,45.4,21.3,,,,,,,"[{'type': {'displayName': 'Zone', 'value': 56}, 'value': 'Back'}, {'type': {'displayName': 'Foul', 'value': 13}}, {'type': {'displayName': 'Defensive', 'value': 285}}, {'type': {'displayName': 'OppositeRelatedEvent', 'value': 233}, 'value': '753'}]",False,,,,,
1914099,SecondHalf,87,34,90,Pass,Unsuccessful,839,Villarreal,399047.0,Pape Gueye,48.7,83.4,73.4,17.6,,,,,"[{'type': {'displayName': 'Length', 'value': 212}, 'value': '51.7'}, {'type': {'displayName': 'PassEndY', 'value': 141}, 'value': '17.6'}, {'type': {'displayName': 'Longball', 'value': 1}}, {'type': {'displayName': 'Chipped', 'value': 155}}, {'type': {'displayName': 'Zone', 'value': 56}, 'value': 'Right'}, {'type': {'displayName': 'FreekickTaken', 'value': 5}}, {'type': {'displayName': 'PassEndX', 'value': 140}, 'value': '73.4'}, {'type': {'displayName': 'Angle', 'value': 213}, 'value': '5.24'}]",True,,,,,
1914099,SecondHalf,87,35,90,Interception,Successful,52,Real Madrid,468852.0,Dean Huijsen,26.6,82.4,,,,,,,"[{'type': {'displayName': 'Zone', 'value': 56}, 'value': 'Back'}]",True,,,,,
1914099,SecondHalf,87,47,90,Pass,Successful,839,Villarreal,537235.0,Pau Navarro,45.9,0.0,38.2,15.9,,,,,"[{'type': {'displayName': 'PassEndY', 'value': 141}, 'value': '15.9'}, {'type': {'displayName': 'Length', 'value': 212}, 'value': '14.4'}, {'type': {'displayName': 'Angle', 'value': 213}, 'value': '2.16'}, {'type': {'displayName': 'Zone', 'value': 56}, 'value': 'Back'}, {'type': {'displayName': 'PassEndX', 'value': 140}, 'value': '38.2'}, {'type': {'displayName': 'ThrowIn', 'value': 107}}]",True,,,,,
1914099,SecondHalf,87,47,90,Pass,Successful,839,Villarreal,430301.0,Rafa Marín,38.1,15.9,46.7,6.0,,,,,"[{'type': {'displayName': 'Angle', 'value': 213}, 'value': '5.64'}, {'type': {'displayName': 'PassEndY', 'value': 141}, 'value': '6.0'}, {'type': {'displayName': 'Length', 'value': 212}, 'value': '11.3'}, {'type': {'displayName': 'Zone', 'value': 56}, 'value': 'Back'}, {'type': {'displayName': 'PassEndX', 'value': 140}, 'value': '46.7'}]",True,,,,,
1914099,SecondHalf,87,49,90,Pass,Successful,839,Villarreal,537235.0,Pau Navarro,47.1,6.6,47.0,28.9,,,,,"[{'type': {'displayName': 'PassEndX', 'value': 140}, 'value': '47.0'}, {'type': {'displayName': 'PassEndY', 'value': 141}, 'value': '28.9'}, {'type': {'displayName': 'Length', 'value': 212}, 'value': '15.2'}, {'type': {'displayName': 'Angle', 'value': 213}, 'value': '1.58'}, {'type': {'displayName': 'Zone', 'value': 56}, 'value': 'Back'}]",True,,,,,
1914099,SecondHalf,87,51,90,Pass,Successful,839,Villarreal,238940.0,Thomas Partey,45.9,29.4,56.0,32.1,,,,,"[{'type': {'displayName': 'Angle', 'value': 213}, 'value': '0.17'}, {'type': {'displayName': 'PassEndX', 'value': 140}, 'value': '56.0'}, {'type': {'displayName': 'Length', 'value': 212}, 'value': '10.8'}, {'type': {'displayName': 'PassEndY', 'value': 141}, 'value': '32.1'}, {'type': {'displayName': 'Zone', 'value': 56}, 'value': 'Center'}]",True,,,,,
1914099,SecondHalf,87,54,90,Pass,Successful,839,Villarreal,135366.0,Ayoze Pérez,56.7,35.8,47.7,60.1,,,,,"[{'type': {'displayName': 'PassEndX', 'value': 140}, 'value': '47.7'}, {'type': {'displayName': 'Length', 'value': 212}, 'value': '19.0'}, {'type': {'displayName': 'PassEndY', 'value': 141}, 'value': '60.1'}, {'type': {'displayName': 'Angle', 'value': 213}, 'value': '2.09'}, {'type': {'displayName': 'Zone', 'value': 56}, 'value': 'Back'}]",True,,,,,
1914099,SecondHalf,87,56,90,Pass,Successful,839,Villarreal,434077.0,Renato Veiga,47.5,66.5,67.5,94.3,,,,,"[{'type': {'displayName': 'PassEndX', 'value': 140}, 'value': '67.5'}, {'type': {'displayName': 'Angle', 'value': 213}, 'value': '0.73'}, {'type': {'displayName': 'Zone', 'value': 56}, 'value': 'Left'}, {'type': {'displayName': 'PassEndY', 'value': 141}, 'value': '94.3'}, {'type': {'displayName': 'Length', 'value': 212}, 'value': '28.3'}]",True,,,,,
1914099,SecondHalf,88,2,91,Pass,Successful,839,Villarreal,399047.0,Pape Gueye,70.0,84.4,62.7,74.1,,,,,"[{'type': {'displayName': 'PassEndY', 'value': 141}, 'value': '74.1'}, {'type': {'displayName': 'Length', 'value': 212}, 'value': '10.4'}, {'type': {'displayName': 'Angle', 'value': 213}, 'value': '3.88'}, {'type': {'displayName': 'Zone', 'value': 56}, 'value': 'Center'}, {'type': {'displayName': 'PassEndX', 'value': 140}, 'value': '62.7'}]",True,,,,,
1914099,SecondHalf,88,5,91,Pass,Successful,839,Villarreal,434077.0,Renato Veiga,63.2,71.8,56.4,50.6,,,,,"[{'type': {'displayName': 'PassEndY', 'value': 141}, 'value': '50.6'}, {'type': {'displayName': 'Zone', 'value': 56}, 'value': 'Center'}, {'type': {'displayName': 'Angle', 'value': 213}, 'value': '4.25'}, {'type': {'displayName': 'PassEndX', 'value': 140}, 'value': '56.4'}, {'type': {'displayName': 'Length', 'value': 212}, 'value': '16.1'}]",True,,,,,
1914099,SecondHalf,88,7,91,Pass,Successful,839,Villarreal,430301.0,Rafa Marín,56.6,48.3,57.5,32.0,,,,,"[{'type': {'displayName': 'Angle', 'value': 213}, 'value': '4.80'}, {'type': {'displayName': 'PassEndX', 'value': 140}, 'value': '57.5'}, {'type': {'displayName': 'Zone', 'value': 56}, 'value': 'Center'}, {'type': {'displayName': 'PassEndY', 'value': 141}, 'value': '32.0'}, {'type': {'displayName': 'Length', 'value': 212}, 'value': '11.1'}]",True,,,,,
1914099,SecondHalf,88,9,91,Pass,Successful,839,Villarreal,537235.0,Pau Navarro,60.6,27.9,69.5,7.9,,,,,"[{'type': {'displayName': 'Length', 'value': 212}, 'value': '16.5'}, {'type': {'displayName': 'PassEndY', 'value': 141}, 'value': '7.9'}, {'type': {'displayName': 'Zone', 'value': 56}, 'value': 'Right'}, {'type': {'displayName': 'Angle', 'value': 213}, 'value': '5.31'}, {'type': {'displayName': 'PassEndX', 'value': 140}, 'value': '69.5'}]",True,,,,,
1914099,SecondHalf,88,13,91,Pass,Successful,839,Villarreal,239872.0,Nicolas Pepe,71.1,4.2,64.8,14.4,,,,,"[{'type': {'displayName': 'Zone', 'value': 56}, 'value': 'Right'}, {'type': {'displayName': 'Length', 'value': 212}, 'value': '9.6'}, {'type': {'displayName': 'Angle', 'value': 213}, 'value': '2.33'}, {'type': {'displayName': 'PassEndX', 'value': 140}, 'value': '64.8'}, {'type': {'displayName': 'PassEndY', 'value': 141}, 'value': '14.4'}]",True,,,,,
1914099,SecondHalf,88,16,91,Pass,Successful,839,Villarreal,537235.0,Pau Navarro,64.2,15.0,70.0,35.1,,,,,"[{'type': {'displayName': 'Length', 'value': 212}, 'value': '15.0'}, {'type': {'displayName': 'Angle', 'value': 213}, 'value': '1.15'}, {'type': {'displayName': 'Zone', 'value': 56}, 'value': 'Center'}, {'type': {'displayName': 'PassEndX', 'value': 140}, 'value': '70.0'}, {'type': {'displayName': 'PassEndY', 'value': 141}, 'value': '35.1'}]",True,,,,,
1914099,SecondHalf,88,19,91,Pass,Successful,839,Villarreal,238940.0,Thomas Partey,66.9,43.0,55.0,47.1,,,,,"[{'type': {'displayName': 'PassEndY', 'value': 141}, 'value': '47.1'}, {'type': {'displayName': 'PassEndX', 'value': 140}, 'value': '55.0'}, {'type': {'displayName': 'Zone', 'value': 56}, 'value': 'Center'}, {'type': {'displayName': 'Length', 'value': 212}, 'value': '12.8'}, {'type': {'displayName': 'Angle', 'value': 213}, 'value': '2.92'}]",True,,,,,
1914099,SecondHalf,88,21,91,Pass,Successful,839,Villarreal,430301.0,Rafa Marín,56.5,47.6,61.2,72.6,,,,,"[{'type': {'displayName': 'Angle', 'value': 213}, 'value': '1.29'}, {'type': {'displayName': 'Length', 'value': 212}, 'value': '17.7'}, {'type': {'displayName': 'PassEndY', 'value': 141}, 'value': '72.6'}, {'type': {'displayName': 'Zone', 'value': 56}, 'value': 'Center'}, {'type': {'displayName': 'PassEndX', 'value': 140}, 'value': '61.2'}]",True,,,,,
1914099,SecondHalf,88,24,91,Pass,Successful,839,Villarreal,434077.0,Renato Veiga,63.6,73.8,72.5,96.4,,,,,"[{'type': {'displayName': 'PassEndX', 'value': 140}, 'value': '72.5'}, {'type': {'displayName': 'Angle', 'value': 213}, 'value': '1.02'}, {'type': {'displayName': 'Length', 'value': 212}, 'value': '18.0'}, {'type': {'displayName': 'PassEndY', 'value': 141}, 'value': '96.4'}, {'type': {'displayName': 'Zone', 'value': 56}, 'value': 'Left'}]",True,,,,,
1914099,SecondHalf,88,27,91,Pass,Successful,839,Villarreal,276489.0,Alfonso Pedraza,72.5,96.4,59.8,79.9,,,,,"[{'type': {'displayName': 'Zone', 'value': 56}, 'value': 'Left'}, {'type': {'displayName': 'PassEndY', 'value': 141}, 'value': '79.9'}, {'type': {'displayName': 'Length', 'value': 212}, 'value': '17.4'}, {'type': {'displayName': 'Angle', 'value': 213}, 'value': '3.84'}, {'type': {'displayName': 'PassEndX', 'value': 140}, 'value': '59.8'}]",True,,,,,
1914099,SecondHalf,88,29,91,Pass,Successful,839,Villarreal,434077.0,Renato Veiga,57.6,76.1,52.6,53.6,,,,,"[{'type': {'displayName': 'PassEndY', 'value': 141}, 'value': '53.6'}, {'type': {'displayName': 'PassEndX', 'value': 140}, 'value': '52.6'}, {'type': {'displayName': 'Zone', 'value': 56}, 'value': 'Center'}, {'type': {'displayName': 'Length', 'value': 212}, 'value': '16.2'}, {'type': {'displayName': 'Angle', 'value': 213}, 'value': '4.38'}]",True,,,,,
1914099,SecondHalf,88,33,91,Pass,Successful,839,Villarreal,430301.0,Rafa Marín,56.2,50.0,56.5,28.8,,,,,"[{'type': {'displayName': 'PassEndX', 'value': 140}, 'value': '56.5'}, {'type': {'displayName': 'Angle', 'value': 213}, 'value': '4.73'}, {'type': {'displayName': 'PassEndY', 'value': 141}, 'value': '28.8'}, {'type': {'displayName': 'Length', 'value': 212}, 'value': '14.4'}, {'type': {'displayName': 'Zone', 'value': 56}, 'value': 'Center'}]",True,,,,,
1914099,SecondHalf,88,36,91,Pass,Successful,839,Villarreal,537235.0,Pau Navarro,60.7,25.7,72.8,3.9,,,,,"[{'type': {'displayName': 'Zone', 'value': 56}, 'value': 'Right'}, {'type': {'displayName': 'Angle', 'value': 213}, 'value': '5.42'}, {'type': {'displayName': 'Length', 'value': 212}, 'value': '19.5'}, {'type': {'displayName': 'PassEndX', 'value': 140}, 'value': '72.8'}, {'type': {'displayName': 'PassEndY', 'value': 141}, 'value': '3.9'}]",True,,,,,
1914099,SecondHalf,88,42,91,TakeOn,Unsuccessful,839,Villarreal,239872.0,Nicolas Pepe,81.9,6.7,,,,,,,"[{'type': {'displayName': 'OppositeRelatedEvent', 'value': 233}, 'value': '906'}, {'type': {'displayName': 'Offensive', 'value': 286}}, {'type': {'displayName': 'Zone', 'value': 56}, 'value': 'Right'}]",True,,,,,
1914099,SecondHalf,88,42,91,Tackle,Unsuccessful,52,Real Madrid,437583.0,Álvaro Carreras,18.0,93.2,,,,,,,"[{'type': {'displayName': 'StandingSave', 'value': 178}}, {'type': {'displayName': 'Zone', 'value': 56}, 'value': 'Back'}, {'type': {'displayName': 'Defensive', 'value': 285}}, {'type': {'displayName': 'OppositeRelatedEvent', 'value': 233}, 'value': '775'}]",True,,,,,
1914099,SecondHalf,88,43,91,BallTouch,Successful,839,Villarreal,239872.0,Nicolas Pepe,81.9,5.1,,,,,,,"[{'type': {'displayName': 'Zone', 'value': 56}, 'value': 'Right'}]",True,,,,,
1914099,SecondHalf,89,2,92,Pass,Unsuccessful,52,Real Madrid,437583.0,Álvaro Carreras,29.0,100.0,42.5,91.8,,,,,"[{'type': {'displayName': 'Zone', 'value': 56}, 'value': 'Back'}, {'type': {'displayName': 'Angle', 'value': 213}, 'value': '5.86'}, {'type': {'displayName': 'PassEndX', 'value': 140}, 'value': '42.5'}, {'type': {'displayName': 'PassEndY', 'value': 141}, 'value': '91.8'}, {'type': {'displayName': 'Length', 'value': 212}, 'value': '15.5'}, {'type': {'displayName': 'ThrowIn', 'value': 107}}]",True,,,,,
1914099,SecondHalf,89,5,92,BallRecovery,Successful,839,Villarreal,238940.0,Thomas Partey,62.3,16.0,,,,,,,[],False,,,,,
1914099,SecondHalf,89,5,92,Pass,Successful,839,Villarreal,238940.0,Thomas Partey,61.8,17.0,63.4,9.5,,,,,"[{'type': {'displayName': 'PassEndX', 'value': 140}, 'value': '63.4'}, {'type': {'displayName': 'Angle', 'value': 213}, 'value': '5.03'}, {'type': {'displayName': 'Length', 'value': 212}, 'value': '5.4'}, {'type': {'displayName': 'PassEndY', 'value': 141}, 'value': '9.5'}, {'type': {'displayName': 'Zone', 'value': 56}, 'value': 'Right'}]",True,,,,,
1914099,SecondHalf,89,6,92,Pass,Successful,839,Villarreal,537235.0,Pau Navarro,61.7,10.9,47.0,35.4,,,,,"[{'type': {'displayName': 'Angle', 'value': 213}, 'value': '2.32'}, {'type': {'displayName': 'PassEndY', 'value': 141}, 'value': '35.4'}, {'type': {'displayName': 'PassEndX', 'value': 140}, 'value': '47.0'}, {'type': {'displayName': 'Length', 'value': 212}, 'value': '22.7'}, {'type': {'displayName': 'Zone', 'value': 56}, 'value': 'Back'}]",True,,,,,
1914099,SecondHalf,89,12,92,Pass,Unsuccessful,839,Villarreal,434077.0,Renato Veiga,66.3,67.7,100.0,97.6,,,,,"[{'type': {'displayName': 'PassEndX', 'value': 140}, 'value': '100.0'}, {'type': {'displayName': 'Chipped', 'value': 155}}, {'type': {'displayName': 'PassEndY', 'value': 141}, 'value': '97.6'}, {'type': {'displayName': 'Zone', 'value': 56}, 'value': 'Left'}, {'type': {'displayName': 'Length', 'value': 212}, 'value': '42.0'}, {'type': {'displayName': 'Angle', 'value': 213}, 'value': '0.51'}, {'type': {'displayName': 'Longball', 'value': 1}}]",True,,,,,
1914099,SecondHalf,89,47,92,Pass,Unsuccessful,52,Real Madrid,73798.0,Thibaut Courtois,4.2,45.3,77.8,74.5,,,,,"[{'type': {'displayName': 'PassEndX', 'value': 140}, 'value': '77.8'}, {'type': {'displayName': 'Zone', 'value': 56}, 'value': 'Center'}, {'type': {'displayName': 'GoalKick', 'value': 124}}, {'type': {'displayName': 'Length', 'value': 212}, 'value': '79.8'}, {'type': {'displayName': 'Angle', 'value': 213}, 'value': '0.25'}, {'type': {'displayName': 'Longball', 'value': 1}}, {'type': {'displayName': 'MissHigh', 'value': 74}}, {'type': {'displayName': 'PassEndY', 'value': 141}, 'value': '74.5'}]",True,,,,,
1914099,SecondHalf,89,52,92,Pass,Successful,839,Villarreal,537235.0,Pau Navarro,23.1,24.1,14.0,37.6,,,,,"[{'type': {'displayName': 'Angle', 'value': 213}, 'value': '2.38'}, {'type': {'displayName': 'Length', 'value': 212}, 'value': '13.3'}, {'type': {'displayName': 'PassEndX', 'value': 140}, 'value': '14.0'}, {'type': {'displayName': 'PassEndY', 'value': 141}, 'value': '37.6'}, {'type': {'displayName': 'HeadPass', 'value': 3}}, {'type': {'displayName': 'Zone', 'value': 56}, 'value': 'Back'}]",True,,,,,
1914099,SecondHalf,89,53,92,KeeperPickup,Successful,839,Villarreal,400826.0,Luiz Júnior,14.2,37.4,,,,,,,[],False,,,,,
1914099,SecondHalf,89,54,92,Pass,Unsuccessful,839,Villarreal,400826.0,Luiz Júnior,14.6,40.0,40.5,88.8,,,,,"[{'type': {'displayName': 'Zone', 'value': 56}, 'value': 'Back'}, {'type': {'displayName': 'KeeperThrow', 'value': 123}}, {'type': {'displayName': 'Length', 'value': 212}, 'value': '42.9'}, {'type': {'displayName': 'PassEndX', 'value': 140}, 'value': '40.5'}, {'type': {'displayName': 'PassEndY', 'value': 141}, 'value': '88.8'}, {'type': {'displayName': 'Longball', 'value': 1}}, {'type': {'displayName': 'Angle', 'value': 213}, 'value': '0.88'}]",True,,,,,
1914099,SecondHalf,89,58,92,Pass,Successful,52,Real Madrid,498798.0,Gonzalo García,56.7,14.3,60.0,19.2,,,,,"[{'type': {'displayName': 'Zone', 'value': 56}, 'value': 'Right'}, {'type': {'displayName': 'Angle', 'value': 213}, 'value': '0.77'}, {'type': {'displayName': 'Length', 'value': 212}, 'value': '4.8'}, {'type': {'displayName': 'PassEndY', 'value': 141}, 'value': '19.2'}, {'type': {'displayName': 'PassEndX', 'value': 140}, 'value': '60.0'}]",True,,,,,
1914099,SecondHalf,90,1,93,BallRecovery,Successful,52,Real Madrid,317541.0,Brahim Díaz,59.1,27.4,,,,,,,[],False,,,,,
1914099,SecondHalf,90,1,93,Pass,Successful,52,Real Madrid,317541.0,Brahim Díaz,59.1,27.4,47.1,20.1,,,,,"[{'type': {'displayName': 'Length', 'value': 212}, 'value': '13.5'}, {'type': {'displayName': 'Angle', 'value': 213}, 'value': '3.52'}, {'type': {'displayName': 'Zone', 'value': 56}, 'value': 'Back'}, {'type': {'displayName': 'PassEndX', 'value': 140}, 'value': '47.1'}, {'type': {'displayName': 'PassEndY', 'value': 141}, 'value': '20.1'}]",True,,,,,
1914099,SecondHalf,90,1,93,Pass,Successful,52,Real Madrid,344644.0,Federico Valverde,47.1,20.1,70.6,13.5,,,,,"[{'type': {'displayName': 'PassEndX', 'value': 140}, 'value': '70.6'}, {'type': {'displayName': 'Length', 'value': 212}, 'value': '25.1'}, {'type': {'displayName': 'Angle', 'value': 213}, 'value': '6.10'}, {'type': {'displayName': 'Zone', 'value': 56}, 'value': 'Right'}, {'type': {'displayName': 'PassEndY', 'value': 141}, 'value': '13.5'}]",True,,,,,
1914099,SecondHalf,90,8,93,Pass,Unsuccessful,52,Real Madrid,317541.0,Brahim Díaz,97.9,19.5,98.1,22.2,,,,,"[{'type': {'displayName': 'Offensive', 'value': 286}}, {'type': {'displayName': 'Length', 'value': 212}, 'value': '1.8'}, {'type': {'displayName': 'Cross', 'value': 2}}, {'type': {'displayName': 'PassEndX', 'value': 140}, 'value': '98.1'}, {'type': {'displayName': 'PassEndY', 'value': 141}, 'value': '22.2'}, {'type': {'displayName': 'Angle', 'value': 213}, 'value': '1.46'}, {'type': {'displayName': 'RightFoot', 'value': 20}}, {'type': {'displayName': 'Zone', 'value': 56}, 'value': 'Center'}, {'type': {'displayName': 'OppositeRelatedEvent', 'value': 233}, 'value': '788'}]",True,,,,,
1914099,SecondHalf,90,8,93,Clearance,Successful,839,Villarreal,399047.0,Pape Gueye,1.9,77.8,,,,,,,"[{'type': {'displayName': 'BlockedCross', 'value': 185}}, {'type': {'displayName': 'OppositeRelatedEvent', 'value': 233}, 'value': '916'}, {'type': {'displayName': 'Zone', 'value': 56}, 'value': 'Back'}]",True,,,,,
1914099,SecondHalf,90,10,93,CornerAwarded,Unsuccessful,839,Villarreal,399047.0,Pape Gueye,2.4,76.1,,,,,,,"[{'type': {'displayName': 'Zone', 'value': 56}, 'value': 'Back'}, {'type': {'displayName': 'MissLeft', 'value': 73}}, {'type': {'displayName': 'OppositeRelatedEvent', 'value': 233}, 'value': '917'}]",False,,,,,
1914099,SecondHalf,90,10,93,CornerAwarded,Successful,52,Real Madrid,317541.0,Brahim Díaz,97.6,23.9,,,,,,,"[{'type': {'displayName': 'MissRight', 'value': 75}}, {'type': {'displayName': 'Zone', 'value': 56}, 'value': 'Center'}, {'type': {'displayName': 'OppositeRelatedEvent', 'value': 233}, 'value': '789'}]",False,,,,,
1914099,SecondHalf,90,44,93,Pass,Successful,52,Real Madrid,317541.0,Brahim Díaz,99.5,0.5,90.4,10.3,,,,,"[{'type': {'displayName': 'PassEndY', 'value': 141}, 'value': '10.3'}, {'type': {'displayName': 'Angle', 'value': 213}, 'value': '2.53'}, {'type': {'displayName': 'Zone', 'value': 56}, 'value': 'Right'}, {'type': {'displayName': 'PassEndX', 'value': 140}, 'value': '90.4'}, {'type': {'displayName': 'Length', 'value': 212}, 'value': '11.6'}, {'type': {'displayName': 'CornerTaken', 'value': 6}}]",True,,,,,
1914099,SecondHalf,90,46,93,TakeOn,Unsuccessful,52,Real Madrid,300713.0,Kylian Mbappé,88.1,10.0,,,,,,,"[{'type': {'displayName': 'OppositeRelatedEvent', 'value': 233}, 'value': '791'}, {'type': {'displayName': 'Zone', 'value': 56}, 'value': 'Right'}, {'type': {'displayName': 'Offensive', 'value': 286}}]",True,,,,,
1914099,SecondHalf,90,46,93,Tackle,Successful,839,Villarreal,239872.0,Nicolas Pepe,11.9,90.0,,,,,,,"[{'type': {'displayName': 'Defensive', 'value': 285}}, {'type': {'displayName': 'StandingSave', 'value': 178}}, {'type': {'displayName': 'Zone', 'value': 56}, 'value': 'Back'}, {'type': {'displayName': 'OppositeRelatedEvent', 'value': 233}, 'value': '919'}]",True,,,,,
1914099,SecondHalf,90,47,93,BallRecovery,Successful,839,Villarreal,239872.0,Nicolas Pepe,14.5,90.2,,,,,,,[],False,,,,,
1914099,SecondHalf,90,51,93,Pass,Successful,839,Villarreal,239872.0,Nicolas Pepe,5.7,93.8,12.6,84.0,,,,,"[{'type': {'displayName': 'Length', 'value': 212}, 'value': '9.8'}, {'type': {'displayName': 'PassEndY', 'value': 141}, 'value': '84.0'}, {'type': {'displayName': 'PassEndX', 'value': 140}, 'value': '12.6'}, {'type': {'displayName': 'Angle', 'value': 213}, 'value': '5.54'}, {'type': {'displayName': 'Zone', 'value': 56}, 'value': 'Back'}]",True,,,,,
1914099,SecondHalf,90,53,93,Pass,Successful,839,Villarreal,434077.0,Renato Veiga,13.9,84.0,17.5,94.9,,,,,"[{'type': {'displayName': 'Length', 'value': 212}, 'value': '8.3'}, {'type': {'displayName': 'Zone', 'value': 56}, 'value': 'Back'}, {'type': {'displayName': 'PassEndX', 'value': 140}, 'value': '17.5'}, {'type': {'displayName': 'Angle', 'value': 213}, 'value': '1.10'}, {'type': {'displayName': 'PassEndY', 'value': 141}, 'value': '94.9'}]",True,,,,,
1914099,SecondHalf,90,57,93,Pass,Unsuccessful,839,Villarreal,239872.0,Nicolas Pepe,26.2,96.5,27.2,96.7,,,,,"[{'type': {'displayName': 'OppositeRelatedEvent', 'value': 233}, 'value': '922'}, {'type': {'displayName': 'Offensive', 'value': 286}}, {'type': {'displayName': 'Chipped', 'value': 155}}, {'type': {'displayName': 'Zone', 'value': 56}, 'value': 'Back'}, {'type': {'displayName': 'PassEndX', 'value': 140}, 'value': '27.2'}, {'type': {'displayName': 'Angle', 'value': 213}, 'value': '0.13'}, {'type': {'displayName': 'PassEndY', 'value': 141}, 'value': '96.7'}, {'type': {'displayName': 'Length', 'value': 212}, 'value': '1.1'}]",True,,,,,
1914099,SecondHalf,90,57,93,BlockedPass,Successful,52,Real Madrid,317541.0,Brahim Díaz,72.8,3.3,,,,,,,"[{'type': {'displayName': 'Defensive', 'value': 285}}, {'type': {'displayName': 'Zone', 'value': 56}, 'value': 'Right'}, {'type': {'displayName': 'OppositeRelatedEvent', 'value': 233}, 'value': '795'}]",True,,,,,
1914099,SecondHalf,91,1,94,BallRecovery,Successful,52,Real Madrid,369109.0,Eduardo Camavinga,65.0,4.3,,,,,,,[],False,,,,,
1914099,SecondHalf,91,1,94,Pass,Successful,52,Real Madrid,369109.0,Eduardo Camavinga,65.0,4.3,72.7,21.4,,,,,"[{'type': {'displayName': 'Length', 'value': 212}, 'value': '14.2'}, {'type': {'displayName': 'Zone', 'value': 56}, 'value': 'Center'}, {'type': {'displayName': 'PassEndX', 'value': 140}, 'value': '72.7'}, {'type': {'displayName': 'PassEndY', 'value': 141}, 'value': '21.4'}, {'type': {'displayName': 'Angle', 'value': 213}, 'value': '0.96'}]",True,,,,,
1914099,SecondHalf,91,4,94,Dispossessed,Successful,52,Real Madrid,498798.0,Gonzalo García,72.8,24.8,,,,,,,"[{'type': {'displayName': 'Offensive', 'value': 286}}, {'type': {'displayName': 'Zone', 'value': 56}, 'value': 'Center'}, {'type': {'displayName': 'OppositeRelatedEvent', 'value': 233}, 'value': '797'}]",True,,,,,
1914099,SecondHalf,91,4,94,Tackle,Unsuccessful,839,Villarreal,434077.0,Renato Veiga,27.2,75.2,,,,,,,"[{'type': {'displayName': 'Zone', 'value': 56}, 'value': 'Back'}, {'type': {'displayName': 'Defensive', 'value': 285}}, {'type': {'displayName': 'OppositeRelatedEvent', 'value': 233}, 'value': '925'}, {'type': {'displayName': 'StandingSave', 'value': 178}}]",True,,,,,
1914099,SecondHalf,91,4,94,BallRecovery,Successful,839,Villarreal,434077.0,Renato Veiga,29.2,64.9,,,,,,,[],False,,,,,
1914099,SecondHalf,91,5,94,BallTouch,Successful,52,Real Madrid,498798.0,Gonzalo García,68.8,41.7,,,,,,,"[{'type': {'displayName': 'Zone', 'value': 56}, 'value': 'Center'}]",True,,,,,
1914099,SecondHalf,91,5,94,Pass,Successful,839,Villarreal,434077.0,Renato Veiga,29.1,65.2,36.6,54.7,,,,,"[{'type': {'displayName': 'Length', 'value': 212}, 'value': '10.6'}, {'type': {'displayName': 'PassEndY', 'value': 141}, 'value': '54.7'}, {'type': {'displayName': 'Angle', 'value': 213}, 'value': '5.55'}, {'type': {'displayName': 'PassEndX', 'value': 140}, 'value': '36.6'}, {'type': {'displayName': 'Zone', 'value': 56}, 'value': 'Back'}]",True,,,,,
1914099,SecondHalf,91,6,94,Pass,Unsuccessful,839,Villarreal,399047.0,Pape Gueye,37.1,60.3,47.3,72.1,,,,,"[{'type': {'displayName': 'Angle', 'value': 213}, 'value': '0.64'}, {'type': {'displayName': 'Length', 'value': 212}, 'value': '13.4'}, {'type': {'displayName': 'PassEndX', 'value': 140}, 'value': '47.3'}, {'type': {'displayName': 'PassEndY', 'value': 141}, 'value': '72.1'}, {'type': {'displayName': 'Zone', 'value': 56}, 'value': 'Back'}]",True,,,,,
1914099,SecondHalf,91,10,94,BallTouch,Successful,52,Real Madrid,437583.0,Álvaro Carreras,56.1,35.7,,,,,,,"[{'type': {'displayName': 'Zone', 'value': 56}, 'value': 'Center'}]",True,,,,,
1914099,SecondHalf,91,12,94,BallRecovery,Successful,52,Real Madrid,369109.0,Eduardo Camavinga,61.8,16.0,,,,,,,[],False,,,,,
1914099,SecondHalf,91,12,94,Pass,Successful,52,Real Madrid,369109.0,Eduardo Camavinga,61.8,16.0,70.1,7.2,,,,,"[{'type': {'displayName': 'PassEndY', 'value': 141}, 'value': '7.2'}, {'type': {'displayName': 'PassEndX', 'value': 140}, 'value': '70.1'}, {'type': {'displayName': 'Zone', 'value': 56}, 'value': 'Right'}, {'type': {'displayName': 'Length', 'value': 212}, 'value': '10.6'}, {'type': {'displayName': 'Angle', 'value': 213}, 'value': '5.68'}]",True,,,,,
1914099,SecondHalf,91,14,94,Pass,Successful,52,Real Madrid,300713.0,Kylian Mbappé,70.1,7.2,76.9,18.9,,,,,"[{'type': {'displayName': 'Length', 'value': 212}, 'value': '10.7'}, {'type': {'displayName': 'PassEndY', 'value': 141}, 'value': '18.9'}, {'type': {'displayName': 'Zone', 'value': 56}, 'value': 'Right'}, {'type': {'displayName': 'Angle', 'value': 213}, 'value': '0.84'}, {'type': {'displayName': 'PassEndX', 'value': 140}, 'value': '76.9'}]",True,,,,,
1914099,SecondHalf,91,17,94,Pass,Successful,52,Real Madrid,317541.0,Brahim Díaz,76.1,19.3,74.0,6.4,,,,,"[{'type': {'displayName': 'PassEndY', 'value': 141}, 'value': '6.4'}, {'type': {'displayName': 'PassEndX', 'value': 140}, 'value': '74.0'}, {'type': {'displayName': 'Angle', 'value': 213}, 'value': '4.47'}, {'type': {'displayName': 'Zone', 'value': 56}, 'value': 'Right'}, {'type': {'displayName': 'Length', 'value': 212}, 'value': '9.0'}]",True,,,,,
1914099,SecondHalf,91,19,94,Pass,Successful,52,Real Madrid,300713.0,Kylian Mbappé,74.0,6.4,69.8,12.1,,,,,"[{'type': {'displayName': 'Length', 'value': 212}, 'value': '5.9'}, {'type': {'displayName': 'PassEndY', 'value': 141}, 'value': '12.1'}, {'type': {'displayName': 'Zone', 'value': 56}, 'value': 'Right'}, {'type': {'displayName': 'Angle', 'value': 213}, 'value': '2.42'}, {'type': {'displayName': 'PassEndX', 'value': 140}, 'value': '69.8'}]",True,,,,,
1914099,SecondHalf,91,20,94,Pass,Successful,52,Real Madrid,369109.0,Eduardo Camavinga,69.8,12.1,72.7,23.1,,,,,"[{'type': {'displayName': 'Angle', 'value': 213}, 'value': '1.18'}, {'type': {'displayName': 'PassEndX', 'value': 140}, 'value': '72.7'}, {'type': {'displayName': 'Zone', 'value': 56}, 'value': 'Center'}, {'type': {'displayName': 'Length', 'value': 212}, 'value': '8.1'}, {'type': {'displayName': 'PassEndY', 'value': 141}, 'value': '23.1'}]",True,,,,,
1914099,SecondHalf,91,20,94,Pass,Successful,52,Real Madrid,317541.0,Brahim Díaz,72.7,23.1,68.6,11.4,,,,,"[{'type': {'displayName': 'Length', 'value': 212}, 'value': '9.0'}, {'type': {'displayName': 'PassEndX', 'value': 140}, 'value': '68.6'}, {'type': {'displayName': 'PassEndY', 'value': 141}, 'value': '11.4'}, {'type': {'displayName': 'Angle', 'value': 213}, 'value': '4.22'}, {'type': {'displayName': 'Zone', 'value': 56}, 'value': 'Right'}]",True,,,,,
1914099,SecondHalf,91,23,94,Pass,Successful,52,Real Madrid,369109.0,Eduardo Camavinga,68.6,11.4,70.9,22.3,,,,,"[{'type': {'displayName': 'Zone', 'value': 56}, 'value': 'Center'}, {'type': {'displayName': 'PassEndY', 'value': 141}, 'value': '22.3'}, {'type': {'displayName': 'Angle', 'value': 213}, 'value': '1.26'}, {'type': {'displayName': 'Length', 'value': 212}, 'value': '7.8'}, {'type': {'displayName': 'PassEndX', 'value': 140}, 'value': '70.9'}]",True,,,,,
1914099,SecondHalf,91,27,94,Pass,Successful,52,Real Madrid,317541.0,Brahim Díaz,62.3,18.6,69.1,8.4,,,,,"[{'type': {'displayName': 'Zone', 'value': 56}, 'value': 'Right'}, {'type': {'displayName': 'Angle', 'value': 213}, 'value': '5.51'}, {'type': {'displayName': 'PassEndX', 'value': 140}, 'value': '69.1'}, {'type': {'displayName': 'PassEndY', 'value': 141}, 'value': '8.4'}, {'type': {'displayName': 'Length', 'value': 212}, 'value': '10.0'}]",True,,,,,
1914099,SecondHalf,91,27,94,Pass,Successful,52,Real Madrid,369109.0,Eduardo Camavinga,69.1,8.4,60.0,19.2,,,,,"[{'type': {'displayName': 'Zone', 'value': 56}, 'value': 'Right'}, {'type': {'displayName': 'Angle', 'value': 213}, 'value': '2.49'}, {'type': {'displayName': 'PassEndY', 'value': 141}, 'value': '19.2'}, {'type': {'displayName': 'Length', 'value': 212}, 'value': '12.1'}, {'type': {'displayName': 'PassEndX', 'value': 140}, 'value': '60.0'}]",True,,,,,
1914099,SecondHalf,91,29,94,Pass,Successful,52,Real Madrid,317541.0,Brahim Díaz,57.4,21.4,32.7,42.1,,,,,"[{'type': {'displayName': 'Length', 'value': 212}, 'value': '29.5'}, {'type': {'displayName': 'Angle', 'value': 213}, 'value': '2.64'}, {'type': {'displayName': 'PassEndX', 'value': 140}, 'value': '32.7'}, {'type': {'displayName': 'Zone', 'value': 56}, 'value': 'Back'}, {'type': {'displayName': 'PassEndY', 'value': 141}, 'value': '42.1'}]",True,,,,,
1914099,SecondHalf,91,32,94,Pass,Successful,52,Real Madrid,534899.0,Raúl Asencio,32.7,42.1,35.5,78.0,,,,,"[{'type': {'displayName': 'PassEndX', 'value': 140}, 'value': '35.5'}, {'type': {'displayName': 'Zone', 'value': 56}, 'value': 'Back'}, {'type': {'displayName': 'Length', 'value': 212}, 'value': '24.6'}, {'type': {'displayName': 'PassEndY', 'value': 141}, 'value': '78.0'}, {'type': {'displayName': 'Angle', 'value': 213}, 'value': '1.45'}]",True,,,,,
1914099,SecondHalf,91,35,94,Pass,Successful,52,Real Madrid,468852.0,Dean Huijsen,35.5,78.0,53.1,96.7,,,,,"[{'type': {'displayName': 'Angle', 'value': 213}, 'value': '0.60'}, {'type': {'displayName': 'PassEndY', 'value': 141}, 'value': '96.7'}, {'type': {'displayName': 'Length', 'value': 212}, 'value': '22.4'}, {'type': {'displayName': 'Zone', 'value': 56}, 'value': 'Left'}, {'type': {'displayName': 'PassEndX', 'value': 140}, 'value': '53.1'}]",True,,,,,
1914099,SecondHalf,91,40,94,Pass,Successful,52,Real Madrid,337782.0,Vinícius Júnior,59.6,70.0,76.7,19.6,,,,,"[{'type': {'displayName': 'PassEndX', 'value': 140}, 'value': '76.7'}, {'type': {'displayName': 'Angle', 'value': 213}, 'value': '5.19'}, {'type': {'displayName': 'Length', 'value': 212}, 'value': '38.7'}, {'type': {'displayName': 'Longball', 'value': 1}}, {'type': {'displayName': 'PassEndY', 'value': 141}, 'value': '19.6'}, {'type': {'displayName': 'Zone', 'value': 56}, 'value': 'Right'}]",True,,,,,
1914099,SecondHalf,91,45,94,TakeOn,Unsuccessful,52,Real Madrid,300713.0,Kylian Mbappé,89.0,32.0,,,,,,,"[{'type': {'displayName': 'Zone', 'value': 56}, 'value': 'Center'}, {'type': {'displayName': 'Offensive', 'value': 286}}]",True,,,,,
1914099,SecondHalf,91,47,94,Foul,Successful,52,Real Madrid,300713.0,Kylian Mbappé,89.8,33.0,,,,,,,"[{'type': {'displayName': 'Offensive', 'value': 286}}, {'type': {'displayName': 'Zone', 'value': 56}, 'value': 'Center'}, {'type': {'displayName': 'Foul', 'value': 13}}, {'type': {'displayName': 'Penalty', 'value': 9}}, {'type': {'displayName': 'OppositeRelatedEvent', 'value': 233}, 'value': '803'}]",True,,,,,
1914099,SecondHalf,91,47,94,Foul,Unsuccessful,839,Villarreal,276489.0,Alfonso Pedraza,10.2,67.0,,,,,,,"[{'type': {'displayName': 'Penalty', 'value': 9}}, {'type': {'displayName': 'OppositeRelatedEvent', 'value': 233}, 'value': '942'}, {'type': {'displayName': 'Defensive', 'value': 285}}, {'type': {'displayName': 'Zone', 'value': 56}, 'value': 'Back'}, {'type': {'displayName': 'Foul', 'value': 13}}]",False,,,,,
1914099,SecondHalf,93,13,96,PenaltyFaced,Unsuccessful,839,Villarreal,400826.0,Luiz Júnior,0.0,0.0,,,,,,,"[{'type': {'displayName': 'KeeperMissed', 'value': 186}}, {'type': {'displayName': 'Penalty', 'value': 9}}, {'type': {'displayName': 'MissRight', 'value': 75}}, {'type': {'displayName': 'DivingSave', 'value': 179}}, {'type': {'displayName': 'Zone', 'value': 56}, 'value': 'Back'}, {'type': {'displayName': 'OppositeRelatedEvent', 'value': 233}, 'value': '945'}]",False,,,,,
1914099,SecondHalf,93,13,96,Goal,Successful,52,Real Madrid,300713.0,Kylian Mbappé,88.5,50.0,,,50.2,25.3,,,"[{'type': {'displayName': 'Penalty', 'value': 9}}, {'type': {'displayName': 'GoalMouthY', 'value': 102}, 'value': '50.2'}, {'type': {'displayName': 'BigChance', 'value': 214}}, {'type': {'displayName': 'Zone', 'value': 56}, 'value': 'Center'}, {'type': {'displayName': 'RightFoot', 'value': 20}}, {'type': {'displayName': 'BoxCentre', 'value': 17}}, {'type': {'displayName': 'HighCentre', 'value': 79}}, {'type': {'displayName': 'GoalMouthZ', 'value': 103}, 'value': '25.3'}]",True,True,True,,,
1914099,SecondHalf,94,20,97,Pass,Successful,839,Villarreal,445292.0,Tani Oluwaseyi,49.9,49.8,26.2,49.8,,,,,"[{'type': {'displayName': 'PassEndY', 'value': 141}, 'value': '49.8'}, {'type': {'displayName': 'Angle', 'value': 213}, 'value': '3.14'}, {'type': {'displayName': 'Zone', 'value': 56}, 'value': 'Back'}, {'type': {'displayName': 'PassEndX', 'value': 140}, 'value': '26.2'}, {'type': {'displayName': 'Length', 'value': 212}, 'value': '24.9'}]",True,,,,,
1914099,SecondHalf,94,25,97,End,Successful,839,Villarreal,,,0.0,0.0,,,,,,,[],False,,,,,
1914099,SecondHalf,94,25,97,End,Successful,52,Real Madrid,,,0.0,0.0,,,,,,,[],False,,,,,
1914099,PostGame,0,0,7,End,Successful,839,Villarreal,,,0.0,0.0,,,,,,,[],False,,,,,
1914099,PostGame,0,0,7,End,Successful,52,Real Madrid,,,0.0,0.0,,,,,,,[],False,,,,,
1914099,PreMatch,0,0,0,FormationSet,Successful,839,Villarreal,,,0.0,0.0,,,,,,,"[{'type': {'displayName': 'TeamFormation', 'value': 130}, 'value': '2'}, {'type': {'displayName': 'CaptainPlayerId', 'value': 194}, 'value': '97659'}, {'type': {'displayName': 'InvolvedPlayers', 'value': 30}, 'value': '400826,537235,276489,28186,335107,434077,371027,399047,389020,97659,448211,603190,448209,135366,445292,239872,238940,430301,396147'}, {'type': {'displayName': 'PlayerPosition', 'value': 44}, 'value': '1, 2, 2, 3, 2, 2, 3, 3, 4, 4, 3, 5, 5, 5, 5, 5, 5, 5, 5'}, {'type': {'displayName': 'TeamPlayerFormation', 'value': 131}, 'value': '1, 2, 3, 4, 5, 6, 7, 8, 9, 10, 11, 0, 0, 0, 0, 0, 0, 0, 0'}, {'type': {'displayName': 'JerseyNumber', 'value': 59}, 'value': '1, 26, 24, 10, 8, 12, 17, 18, 9, 7, 20, 37, 23, 22, 21, 19, 16, 4, 25'}]",False,,,,,
1914099,PreMatch,0,0,0,FormationSet,Successful,52,Real Madrid,,,0.0,0.0,,,,,,,"[{'type': {'displayName': 'CaptainPlayerId', 'value': 194}, 'value': '344644'}, {'type': {'displayName': 'PlayerPosition', 'value': 44}, 'value': '1, 2, 2, 3, 2, 2, 3, 3, 4, 4, 4, 5, 5, 5, 5, 5, 5, 5, 5, 5, 5, 5'}, {'type': {'displayName': 'JerseyNumber', 'value': 59}, 'value': '1, 8, 18, 6, 17, 24, 15, 5, 10, 30, 7, 28, 27, 21, 20, 19, 16, 11, 4, 2, 43, 13'}, {'type': {'displayName': 'TeamFormation', 'value': 130}, 'value': '4'}, {'type': {'displayName': 'TeamPlayerFormation', 'value': 131}, 'value': '1, 2, 3, 4, 5, 6, 7, 8, 9, 10, 11, 0, 0, 0, 0, 0, 0, 0, 0, 0, 0, 0'}, {'type': {'displayName': 'InvolvedPlayers', 'value': 30}, 'value': '73798,344644,437583,369109,534899,468852,415181,379868,300713,514810,337782,603671,546728,317541,422957,144890,498798,347862,39722,106883,456502,345031'}]",False,,,,,
