game_id,period,minute,second,expanded_minute,type,outcome_type,team_id,team,player_id,player,x,y,end_x,end_y,goal_mouth_y,goal_mouth_z,blocked_x,blocked_y,qualifiers,is_touch,is_shot,is_goal,card_type,related_event_id,related_player_id
1910889,FirstHalf,0,0,0,Start,Successful,42,Werder Bremen,,,0.0,0.0,,,,,,,[],False,,,,,
1910889,FirstHalf,0,0,0,Start,Successful,1211,Hoffenheim,,,0.0,0.0,,,,,,,[],False,,,,,
1910889,FirstHalf,0,0,0,Pass,Successful,42,Werder Bremen,569759.0,Salim Musah,49.9,50.5,23.8,67.3,,,,,"[{'type': {'displayName': 'Angle', 'value': 213}, 'value': '2.75'}, {'type': {'displayName': 'Length', 'value': 212}, 'value': '29.7'}, {'type': {'displayName': 'Zone', 'value': 56}, 'value': 'Back'}, {'type': {'displayName': 'PassEndX', 'value': 140}, 'value': '23.8'}, {'type': {'displayName': 'PassEndY', 'value': 141}, 'value': '67.3'}]",True,,,,,
1910889,FirstHalf,0,3,0,Pass,Unsuccessful,42,Werder Bremen,333227.0,Marco Friedl,24.3,64.6,64.7,16.0,,,,,"[{'type': {'displayName': 'PassEndX', 'value': 140}, 'value': '64.7'}, {'type': {'displayName': 'Zone', 'value': 56}, 'value': 'Right'}, {'type': {'displayName': 'Length', 'value': 212}, 'value': '53.8'}, {'type': {'displayName': 'Longball', 'value': 1}}, {'type': {'displayName': 'PassEndY', 'value': 141}, 'value': '16.0'}, {'type': {'displayName': 'Angle', 'value': 213}, 'value': '5.62'}]",True,,,,,
1910889,FirstHalf,0,6,0,Aerial,Successful,1211,Hoffenheim,302588.0,Bernardo,35.3,84.0,,,,,,,"[{'type': {'displayName': 'OppositeRelatedEvent', 'value': 233}, 'value': '5'}, {'type': {'displayName': 'Zone', 'value': 56}, 'value': 'Back'}, {'type': {'displayName': 'Defensive', 'value': 285}}]",False,,,,,
1910889,FirstHalf,0,6,0,Aerial,Unsuccessful,42,Werder Bremen,377280.0,Jens Stage,64.7,16.0,,,,,,,"[{'type': {'displayName': 'Offensive', 'value': 286}}, {'type': {'displayName': 'Zone', 'value': 56}, 'value': 'Right'}, {'type': {'displayName': 'OppositeRelatedEvent', 'value': 233}, 'value': '3'}]",False,,,,,
1910889,FirstHalf,0,6,0,Pass,Unsuccessful,1211,Hoffenheim,302588.0,Bernardo,35.3,84.0,39.7,81.2,,,,,"[{'type': {'displayName': 'Angle', 'value': 213}, 'value': '5.89'}, {'type': {'displayName': 'PassEndX', 'value': 140}, 'value': '39.7'}, {'type': {'displayName': 'Zone', 'value': 56}, 'value': 'Back'}, {'type': {'displayName': 'HeadPass', 'value': 3}}, {'type': {'displayName': 'PassEndY', 'value': 141}, 'value': '81.2'}, {'type': {'displayName': 'Length', 'value': 212}, 'value': '5.0'}]",True,,,,,
1910889,FirstHalf,0,8,0,Aerial,Successful,42,Werder Bremen,420405.0,Senne Lynen,60.3,18.8,,,,,,,"[{'type': {'displayName': 'Offensive', 'value': 286}}, {'type': {'displayName': 'OppositeRelatedEvent', 'value': 233}, 'value': '5'}, {'type': {'displayName': 'Zone', 'value': 56}, 'value': 'Right'}]",False,,,,,
1910889,FirstHalf,0,8,0,Aerial,Unsuccessful,1211,Hoffenheim,551965.0,Bazoumana Touré,39.7,81.2,,,,,,,"[{'type': {'displayName': 'Defensive', 'value': 285}}, {'type': {'displayName': 'Zone', 'value': 56}, 'value': 'Back'}, {'type': {'displayName': 'OppositeRelatedEvent', 'value': 233}, 'value': '6'}]",False,,,,,
1910889,FirstHalf,0,8,0,Interception,Successful,42,Werder Bremen,420405.0,Senne Lynen,59.3,12.6,,,,,,,"[{'type': {'displayName': 'Head', 'value': 15}}, {'type': {'displayName': 'Zone', 'value': 56}, 'value': 'Right'}]",True,,,,,
1910889,FirstHalf,0,25,0,Pass,Successful,1211,Hoffenheim,302588.0,Bernardo,36.2,100.0,22.6,92.1,,,,,"[{'type': {'displayName': 'Zone', 'value': 56}, 'value': 'Back'}, {'type': {'displayName': 'PassEndY', 'value': 141}, 'value': '92.1'}, {'type': {'displayName': 'ThrowIn', 'value': 107}}, {'type': {'displayName': 'PassEndX', 'value': 140}, 'value': '22.6'}, {'type': {'displayName': 'Angle', 'value': 213}, 'value': '3.53'}, {'type': {'displayName': 'Length', 'value': 212}, 'value': '15.5'}]",True,,,,,
1910889,FirstHalf,0,28,0,Pass,Successful,1211,Hoffenheim,402697.0,Albian Hajdari,22.6,92.1,7.7,64.5,,,,,"[{'type': {'displayName': 'Length', 'value': 212}, 'value': '24.4'}, {'type': {'displayName': 'PassEndY', 'value': 141}, 'value': '64.5'}, {'type': {'displayName': 'Angle', 'value': 213}, 'value': '4.02'}, {'type': {'displayName': 'PassEndX', 'value': 140}, 'value': '7.7'}, {'type': {'displayName': 'Zone', 'value': 56}, 'value': 'Back'}]",True,,,,,
1910889,FirstHalf,0,31,0,Pass,Successful,1211,Hoffenheim,77440.0,Oliver Baumann,7.8,61.2,22.1,58.8,,,,,"[{'type': {'displayName': 'Angle', 'value': 213}, 'value': '6.17'}, {'type': {'displayName': 'Length', 'value': 212}, 'value': '15.1'}, {'type': {'displayName': 'PassEndX', 'value': 140}, 'value': '22.1'}, {'type': {'displayName': 'Zone', 'value': 56}, 'value': 'Back'}, {'type': {'displayName': 'PassEndY', 'value': 141}, 'value': '58.8'}]",True,,,,,
1910889,FirstHalf,0,34,0,Pass,Successful,1211,Hoffenheim,510234.0,Leon Avdullahu,22.1,58.8,21.8,89.4,,,,,"[{'type': {'displayName': 'Length', 'value': 212}, 'value': '20.8'}, {'type': {'displayName': 'Zone', 'value': 56}, 'value': 'Back'}, {'type': {'displayName': 'PassEndY', 'value': 141}, 'value': '89.4'}, {'type': {'displayName': 'PassEndX', 'value': 140}, 'value': '21.8'}, {'type': {'displayName': 'Angle', 'value': 213}, 'value': '1.59'}]",True,,,,,
1910889,FirstHalf,0,38,0,Pass,Unsuccessful,1211,Hoffenheim,402697.0,Albian Hajdari,21.8,89.2,63.8,45.6,,,,,"[{'type': {'displayName': 'Length', 'value': 212}, 'value': '53.1'}, {'type': {'displayName': 'Zone', 'value': 56}, 'value': 'Center'}, {'type': {'displayName': 'Angle', 'value': 213}, 'value': '5.69'}, {'type': {'displayName': 'PassEndY', 'value': 141}, 'value': '45.6'}, {'type': {'displayName': 'Longball', 'value': 1}}, {'type': {'displayName': 'Chipped', 'value': 155}}, {'type': {'displayName': 'PassEndX', 'value': 140}, 'value': '63.8'}]",True,,,,,
1910889,FirstHalf,0,40,0,Pass,Successful,42,Werder Bremen,333227.0,Marco Friedl,35.9,59.8,44.6,50.3,,,,,"[{'type': {'displayName': 'HeadPass', 'value': 3}}, {'type': {'displayName': 'PassEndY', 'value': 141}, 'value': '50.3'}, {'type': {'displayName': 'Angle', 'value': 213}, 'value': '5.67'}, {'type': {'displayName': 'PassEndX', 'value': 140}, 'value': '44.6'}, {'type': {'displayName': 'Zone', 'value': 56}, 'value': 'Back'}, {'type': {'displayName': 'Length', 'value': 212}, 'value': '11.2'}]",True,,,,,
1910889,FirstHalf,0,42,0,Pass,Unsuccessful,42,Werder Bremen,431791.0,Cameron Puertas,44.6,50.2,52.0,60.1,,,,,"[{'type': {'displayName': 'PassEndX', 'value': 140}, 'value': '52.0'}, {'type': {'displayName': 'PassEndY', 'value': 141}, 'value': '60.1'}, {'type': {'displayName': 'Length', 'value': 212}, 'value': '10.3'}, {'type': {'displayName': 'HeadPass', 'value': 3}}, {'type': {'displayName': 'Zone', 'value': 56}, 'value': 'Center'}, {'type': {'displayName': 'Angle', 'value': 213}, 'value': '0.71'}]",True,,,,,
1910889,FirstHalf,0,43,0,Pass,Successful,1211,Hoffenheim,111372.0,Vladimír Coufal,49.2,43.8,59.2,26.8,,,,,"[{'type': {'displayName': 'Angle', 'value': 213}, 'value': '5.45'}, {'type': {'displayName': 'Length', 'value': 212}, 'value': '15.6'}, {'type': {'displayName': 'Chipped', 'value': 155}}, {'type': {'displayName': 'Zone', 'value': 56}, 'value': 'Center'}, {'type': {'displayName': 'PassEndX', 'value': 140}, 'value': '59.2'}, {'type': {'displayName': 'PassEndY', 'value': 141}, 'value': '26.8'}]",True,,,,,
1910889,FirstHalf,0,45,0,Pass,Successful,1211,Hoffenheim,75217.0,Andrej Kramaric,58.5,26.8,46.0,25.8,,,,,"[{'type': {'displayName': 'Length', 'value': 212}, 'value': '13.1'}, {'type': {'displayName': 'Zone', 'value': 56}, 'value': 'Back'}, {'type': {'displayName': 'LayOff', 'value': 156}}, {'type': {'displayName': 'HeadPass', 'value': 3}}, {'type': {'displayName': 'PassEndX', 'value': 140}, 'value': '46.0'}, {'type': {'displayName': 'PassEndY', 'value': 141}, 'value': '25.8'}, {'type': {'displayName': 'Angle', 'value': 213}, 'value': '3.19'}]",True,,,,,
1910889,FirstHalf,0,48,0,Pass,Successful,1211,Hoffenheim,111372.0,Vladimír Coufal,34.2,18.0,9.1,24.6,,,,,"[{'type': {'displayName': 'Angle', 'value': 213}, 'value': '2.97'}, {'type': {'displayName': 'Length', 'value': 212}, 'value': '26.7'}, {'type': {'displayName': 'Zone', 'value': 56}, 'value': 'Back'}, {'type': {'displayName': 'PassEndY', 'value': 141}, 'value': '24.6'}, {'type': {'displayName': 'PassEndX', 'value': 140}, 'value': '9.1'}]",True,,,,,
1910889,FirstHalf,0,53,0,Pass,Successful,1211,Hoffenheim,77440.0,Oliver Baumann,9.4,20.5,19.4,10.6,,,,,"[{'type': {'displayName': 'Zone', 'value': 56}, 'value': 'Back'}, {'type': {'displayName': 'Angle', 'value': 213}, 'value': '5.71'}, {'type': {'displayName': 'PassEndX', 'value': 140}, 'value': '19.4'}, {'type': {'displayName': 'Length', 'value': 212}, 'value': '12.5'}, {'type': {'displayName': 'PassEndY', 'value': 141}, 'value': '10.6'}]",True,,,,,
1910889,FirstHalf,0,56,0,Pass,Successful,1211,Hoffenheim,111372.0,Vladimír Coufal,19.4,10.6,24.4,29.1,,,,,"[{'type': {'displayName': 'Zone', 'value': 56}, 'value': 'Back'}, {'type': {'displayName': 'Length', 'value': 212}, 'value': '13.6'}, {'type': {'displayName': 'PassEndY', 'value': 141}, 'value': '29.1'}, {'type': {'displayName': 'PassEndX', 'value': 140}, 'value': '24.4'}, {'type': {'displayName': 'Angle', 'value': 213}, 'value': '1.18'}]",True,,,,,
1910889,FirstHalf,1,0,1,Pass,Successful,1211,Hoffenheim,356743.0,Ozan Kabak,26.8,29.8,29.8,61.9,,,,,"[{'type': {'displayName': 'Zone', 'value': 56}, 'value': 'Back'}, {'type': {'displayName': 'Length', 'value': 212}, 'value': '22.1'}, {'type': {'displayName': 'PassEndX', 'value': 140}, 'value': '29.8'}, {'type': {'displayName': 'Angle', 'value': 213}, 'value': '1.43'}, {'type': {'displayName': 'PassEndY', 'value': 141}, 'value': '61.9'}]",True,,,,,
1910889,FirstHalf,1,3,1,Pass,Unsuccessful,1211,Hoffenheim,402697.0,Albian Hajdari,33.9,63.9,67.6,86.1,,,,,"[{'type': {'displayName': 'Angle', 'value': 213}, 'value': '0.40'}, {'type': {'displayName': 'Chipped', 'value': 155}}, {'type': {'displayName': 'PassEndY', 'value': 141}, 'value': '86.1'}, {'type': {'displayName': 'Longball', 'value': 1}}, {'type': {'displayName': 'Length', 'value': 212}, 'value': '38.5'}, {'type': {'displayName': 'Zone', 'value': 56}, 'value': 'Left'}, {'type': {'displayName': 'PassEndX', 'value': 140}, 'value': '67.6'}]",True,,,,,
1910889,FirstHalf,1,5,1,Pass,Successful,42,Werder Bremen,379783.0,Yukinari Sugawara,27.2,12.6,32.7,8.6,,,,,"[{'type': {'displayName': 'Length', 'value': 212}, 'value': '6.4'}, {'type': {'displayName': 'PassEndX', 'value': 140}, 'value': '32.7'}, {'type': {'displayName': 'Zone', 'value': 56}, 'value': 'Back'}, {'type': {'displayName': 'Angle', 'value': 213}, 'value': '5.84'}, {'type': {'displayName': 'PassEndY', 'value': 141}, 'value': '8.6'}, {'type': {'displayName': 'HeadPass', 'value': 3}}]",True,,,,,
1910889,FirstHalf,1,6,1,Pass,Successful,42,Werder Bremen,438066.0,Justin Njinmah,32.9,8.6,37.6,9.9,,,,,"[{'type': {'displayName': 'Length', 'value': 212}, 'value': '5.0'}, {'type': {'displayName': 'Zone', 'value': 56}, 'value': 'Back'}, {'type': {'displayName': 'Chipped', 'value': 155}}, {'type': {'displayName': 'PassEndX', 'value': 140}, 'value': '37.6'}, {'type': {'displayName': 'PassEndY', 'value': 141}, 'value': '9.9'}, {'type': {'displayName': 'Angle', 'value': 213}, 'value': '0.18'}]",True,,,,,
1910889,FirstHalf,1,7,1,Pass,Successful,42,Werder Bremen,377280.0,Jens Stage,37.6,9.9,34.6,8.4,,,,,"[{'type': {'displayName': 'HeadPass', 'value': 3}}, {'type': {'displayName': 'PassEndY', 'value': 141}, 'value': '8.4'}, {'type': {'displayName': 'Length', 'value': 212}, 'value': '3.3'}, {'type': {'displayName': 'Zone', 'value': 56}, 'value': 'Back'}, {'type': {'displayName': 'Angle', 'value': 213}, 'value': '3.45'}, {'type': {'displayName': 'PassEndX', 'value': 140}, 'value': '34.6'}]",True,,,,,
1910889,FirstHalf,1,8,1,Pass,Unsuccessful,42,Werder Bremen,438066.0,Justin Njinmah,34.2,8.4,36.4,10.6,,,,,"[{'type': {'displayName': 'PassEndY', 'value': 141}, 'value': '10.6'}, {'type': {'displayName': 'Zone', 'value': 56}, 'value': 'Back'}, {'type': {'displayName': 'PassEndX', 'value': 140}, 'value': '36.4'}, {'type': {'displayName': 'Length', 'value': 212}, 'value': '2.8'}, {'type': {'displayName': 'HeadPass', 'value': 3}}, {'type': {'displayName': 'Angle', 'value': 213}, 'value': '0.57'}]",True,,,,,
1910889,FirstHalf,1,9,1,Pass,Successful,1211,Hoffenheim,361878.0,Wouter Burger,57.3,81.9,60.5,90.1,,,,,"[{'type': {'displayName': 'Angle', 'value': 213}, 'value': '1.03'}, {'type': {'displayName': 'Length', 'value': 212}, 'value': '6.5'}, {'type': {'displayName': 'Zone', 'value': 56}, 'value': 'Left'}, {'type': {'displayName': 'PassEndX', 'value': 140}, 'value': '60.5'}, {'type': {'displayName': 'HeadPass', 'value': 3}}, {'type': {'displayName': 'PassEndY', 'value': 141}, 'value': '90.1'}]",True,,,,,
1910889,FirstHalf,1,10,1,Pass,Successful,1211,Hoffenheim,302588.0,Bernardo,60.5,90.1,63.9,94.2,,,,,"[{'type': {'displayName': 'Zone', 'value': 56}, 'value': 'Left'}, {'type': {'displayName': 'Angle', 'value': 213}, 'value': '0.66'}, {'type': {'displayName': 'PassEndX', 'value': 140}, 'value': '63.9'}, {'type': {'displayName': 'PassEndY', 'value': 141}, 'value': '94.2'}, {'type': {'displayName': 'Length', 'value': 212}, 'value': '4.5'}]",True,,,,,
1910889,FirstHalf,1,13,1,Foul,Successful,1211,Hoffenheim,551965.0,Bazoumana Touré,65.3,94.4,,,,,,,"[{'type': {'displayName': 'Offensive', 'value': 286}}, {'type': {'displayName': 'OppositeRelatedEvent', 'value': 233}, 'value': '14'}, {'type': {'displayName': 'Foul', 'value': 13}}, {'type': {'displayName': 'Zone', 'value': 56}, 'value': 'Left'}]",True,,,,,
1910889,FirstHalf,1,13,1,Foul,Unsuccessful,42,Werder Bremen,379783.0,Yukinari Sugawara,34.7,5.6,,,,,,,"[{'type': {'displayName': 'Foul', 'value': 13}}, {'type': {'displayName': 'Zone', 'value': 56}, 'value': 'Back'}, {'type': {'displayName': 'StandingSave', 'value': 178}}, {'type': {'displayName': 'OppositeRelatedEvent', 'value': 233}, 'value': '21'}, {'type': {'displayName': 'Defensive', 'value': 285}}, {'type': {'displayName': 'RelatedEventId', 'value': 55}, 'value': '22'}]",False,,,,22.0,379783.0
1910889,FirstHalf,4,32,4,Card,Successful,42,Werder Bremen,379783.0,Yukinari Sugawara,0.0,0.0,,,,,,,"[{'type': {'displayName': 'Red', 'value': 33}}, {'type': {'displayName': 'RelatedEventId', 'value': 55}, 'value': '14'}]",False,,,Red,14.0,379783.0
1910889,FirstHalf,4,57,4,Pass,Unsuccessful,1211,Hoffenheim,361878.0,Wouter Burger,65.4,94.0,88.6,36.8,,,,,"[{'type': {'displayName': 'Chipped', 'value': 155}}, {'type': {'displayName': 'Length', 'value': 212}, 'value': '45.9'}, {'type': {'displayName': 'Cross', 'value': 2}}, {'type': {'displayName': 'LeftFoot', 'value': 72}}, {'type': {'displayName': 'Zone', 'value': 56}, 'value': 'Center'}, {'type': {'displayName': 'FreekickTaken', 'value': 5}}, {'type': {'displayName': 'Longball', 'value': 1}}, {'type': {'displayName': 'PassEndX', 'value': 140}, 'value': '88.6'}, {'type': {'displayName': 'Angle', 'value': 213}, 'value': '5.27'}, {'type': {'displayName': 'PassEndY', 'value': 141}, 'value': '36.8'}]",True,,,,,
1910889,FirstHalf,5,0,5,Clearance,Successful,42,Werder Bremen,407284.0,Olivier Deman,12.0,63.4,24.9,67.7,,,,,"[{'type': {'displayName': 'Length', 'value': 212}, 'value': '13.9'}, {'type': {'displayName': 'Zone', 'value': 56}, 'value': 'Back'}, {'type': {'displayName': 'PassEndX', 'value': 140}, 'value': '24.9'}, {'type': {'displayName': 'PassEndY', 'value': 141}, 'value': '67.7'}, {'type': {'displayName': 'Head', 'value': 15}}, {'type': {'displayName': 'Angle', 'value': 213}, 'value': '0.21'}]",True,,,,,
1910889,FirstHalf,5,1,5,Pass,Successful,1211,Hoffenheim,111372.0,Vladimír Coufal,73.6,31.0,80.0,11.8,,,,,"[{'type': {'displayName': 'Length', 'value': 212}, 'value': '14.7'}, {'type': {'displayName': 'Zone', 'value': 56}, 'value': 'Right'}, {'type': {'displayName': 'Angle', 'value': 213}, 'value': '5.19'}, {'type': {'displayName': 'PassEndX', 'value': 140}, 'value': '80.0'}, {'type': {'displayName': 'PassEndY', 'value': 141}, 'value': '11.8'}, {'type': {'displayName': 'HeadPass', 'value': 3}}]",True,,,,,
1910889,FirstHalf,5,5,5,Pass,Successful,1211,Hoffenheim,395001.0,Tim Lemperle,78.4,12.1,70.0,30.9,,,,,"[{'type': {'displayName': 'Zone', 'value': 56}, 'value': 'Center'}, {'type': {'displayName': 'PassEndY', 'value': 141}, 'value': '30.9'}, {'type': {'displayName': 'PassEndX', 'value': 140}, 'value': '70.0'}, {'type': {'displayName': 'Angle', 'value': 213}, 'value': '2.17'}, {'type': {'displayName': 'Length', 'value': 212}, 'value': '15.5'}]",True,,,,,
1910889,FirstHalf,5,8,5,Pass,Successful,1211,Hoffenheim,510234.0,Leon Avdullahu,70.0,30.9,70.0,58.3,,,,,"[{'type': {'displayName': 'Length', 'value': 212}, 'value': '18.6'}, {'type': {'displayName': 'Angle', 'value': 213}, 'value': '1.57'}, {'type': {'displayName': 'Zone', 'value': 56}, 'value': 'Center'}, {'type': {'displayName': 'PassEndX', 'value': 140}, 'value': '70.0'}, {'type': {'displayName': 'PassEndY', 'value': 141}, 'value': '58.3'}]",True,,,,,
1910889,FirstHalf,5,10,5,Pass,Successful,1211,Hoffenheim,361878.0,Wouter Burger,69.8,58.3,82.3,82.9,,,,,"[{'type': {'displayName': 'Zone', 'value': 56}, 'value': 'Left'}, {'type': {'displayName': 'PassEndY', 'value': 141}, 'value': '82.9'}, {'type': {'displayName': 'PassEndX', 'value': 140}, 'value': '82.3'}, {'type': {'displayName': 'Angle', 'value': 213}, 'value': '0.91'}, {'type': {'displayName': 'Length', 'value': 212}, 'value': '21.3'}]",True,,,,,
1910889,FirstHalf,5,14,5,TakeOn,Unsuccessful,1211,Hoffenheim,75217.0,Andrej Kramaric,87.9,74.6,,,,,,,"[{'type': {'displayName': 'OppositeRelatedEvent', 'value': 233}, 'value': '24'}, {'type': {'displayName': 'Offensive', 'value': 286}}, {'type': {'displayName': 'Zone', 'value': 56}, 'value': 'Center'}]",True,,,,,
1910889,FirstHalf,5,14,5,Tackle,Unsuccessful,42,Werder Bremen,420405.0,Senne Lynen,12.1,25.4,,,,,,,"[{'type': {'displayName': 'StandingSave', 'value': 178}}, {'type': {'displayName': 'OppositeRelatedEvent', 'value': 233}, 'value': '27'}, {'type': {'displayName': 'Zone', 'value': 56}, 'value': 'Back'}, {'type': {'displayName': 'Defensive', 'value': 285}}]",True,,,,,
1910889,FirstHalf,5,15,5,BallTouch,Successful,1211,Hoffenheim,75217.0,Andrej Kramaric,85.9,73.9,,,,,,,"[{'type': {'displayName': 'Zone', 'value': 56}, 'value': 'Center'}]",True,,,,,
1910889,FirstHalf,5,52,5,Pass,Unsuccessful,42,Werder Bremen,436119.0,Mio Backhaus,3.6,42.9,54.5,15.8,,,,,"[{'type': {'displayName': 'Chipped', 'value': 155}}, {'type': {'displayName': 'Length', 'value': 212}, 'value': '56.5'}, {'type': {'displayName': 'GoalKick', 'value': 124}}, {'type': {'displayName': 'Angle', 'value': 213}, 'value': '5.95'}, {'type': {'displayName': 'PassEndX', 'value': 140}, 'value': '54.5'}, {'type': {'displayName': 'PassEndY', 'value': 141}, 'value': '15.8'}, {'type': {'displayName': 'Longball', 'value': 1}}, {'type': {'displayName': 'Zone', 'value': 56}, 'value': 'Right'}, {'type': {'displayName': 'MissHigh', 'value': 74}}]",True,,,,,
1910889,FirstHalf,5,55,5,Aerial,Successful,1211,Hoffenheim,361878.0,Wouter Burger,45.5,84.2,,,,,,,"[{'type': {'displayName': 'Defensive', 'value': 285}}, {'type': {'displayName': 'Zone', 'value': 56}, 'value': 'Back'}, {'type': {'displayName': 'OppositeRelatedEvent', 'value': 233}, 'value': '27'}]",False,,,,,
1910889,FirstHalf,5,55,5,Aerial,Unsuccessful,42,Werder Bremen,569759.0,Salim Musah,54.5,15.8,,,,,,,"[{'type': {'displayName': 'Zone', 'value': 56}, 'value': 'Right'}, {'type': {'displayName': 'OppositeRelatedEvent', 'value': 233}, 'value': '30'}, {'type': {'displayName': 'Offensive', 'value': 286}}]",False,,,,,
1910889,FirstHalf,5,55,5,Pass,Unsuccessful,1211,Hoffenheim,361878.0,Wouter Burger,45.5,84.2,38.7,78.7,,,,,"[{'type': {'displayName': 'HeadPass', 'value': 3}}, {'type': {'displayName': 'PassEndY', 'value': 141}, 'value': '78.7'}, {'type': {'displayName': 'Angle', 'value': 213}, 'value': '3.62'}, {'type': {'displayName': 'PassEndX', 'value': 140}, 'value': '38.7'}, {'type': {'displayName': 'Zone', 'value': 56}, 'value': 'Back'}, {'type': {'displayName': 'Length', 'value': 212}, 'value': '8.1'}]",True,,,,,
1910889,FirstHalf,5,56,5,BallTouch,Successful,42,Werder Bremen,569759.0,Salim Musah,54.5,15.8,,,,,,,"[{'type': {'displayName': 'Zone', 'value': 56}, 'value': 'Right'}]",True,,,,,
1910889,FirstHalf,5,58,5,Pass,Successful,42,Werder Bremen,438066.0,Justin Njinmah,58.0,7.3,54.5,11.3,,,,,"[{'type': {'displayName': 'Length', 'value': 212}, 'value': '4.6'}, {'type': {'displayName': 'Zone', 'value': 56}, 'value': 'Right'}, {'type': {'displayName': 'PassEndX', 'value': 140}, 'value': '54.5'}, {'type': {'displayName': 'PassEndY', 'value': 141}, 'value': '11.3'}, {'type': {'displayName': 'Angle', 'value': 213}, 'value': '2.50'}]",True,,,,,
1910889,FirstHalf,5,59,5,BallTouch,Successful,42,Werder Bremen,377280.0,Jens Stage,54.5,11.3,,,,,,,"[{'type': {'displayName': 'Zone', 'value': 56}, 'value': 'Right'}]",True,,,,,
1910889,FirstHalf,6,1,6,Pass,Successful,42,Werder Bremen,431791.0,Cameron Puertas,41.8,24.6,35.1,12.6,,,,,"[{'type': {'displayName': 'Angle', 'value': 213}, 'value': '4.00'}, {'type': {'displayName': 'PassEndY', 'value': 141}, 'value': '12.6'}, {'type': {'displayName': 'PassEndX', 'value': 140}, 'value': '35.1'}, {'type': {'displayName': 'Zone', 'value': 56}, 'value': 'Back'}, {'type': {'displayName': 'Length', 'value': 212}, 'value': '10.8'}]",True,,,,,
1910889,FirstHalf,6,2,6,Pass,Successful,42,Werder Bremen,368176.0,Amos Pieper,35.1,12.6,35.4,42.8,,,,,"[{'type': {'displayName': 'Angle', 'value': 213}, 'value': '1.56'}, {'type': {'displayName': 'Length', 'value': 212}, 'value': '20.5'}, {'type': {'displayName': 'Zone', 'value': 56}, 'value': 'Back'}, {'type': {'displayName': 'PassEndX', 'value': 140}, 'value': '35.4'}, {'type': {'displayName': 'PassEndY', 'value': 141}, 'value': '42.8'}]",True,,,,,
1910889,FirstHalf,6,3,6,Pass,Successful,42,Werder Bremen,333227.0,Marco Friedl,35.4,43.6,35.0,73.6,,,,,"[{'type': {'displayName': 'Zone', 'value': 56}, 'value': 'Back'}, {'type': {'displayName': 'PassEndY', 'value': 141}, 'value': '73.6'}, {'type': {'displayName': 'Angle', 'value': 213}, 'value': '1.59'}, {'type': {'displayName': 'Length', 'value': 212}, 'value': '20.4'}, {'type': {'displayName': 'PassEndX', 'value': 140}, 'value': '35.0'}]",True,,,,,
1910889,FirstHalf,6,7,6,Pass,Unsuccessful,42,Werder Bremen,407284.0,Olivier Deman,38.1,73.1,77.5,71.0,,,,,"[{'type': {'displayName': 'PassEndX', 'value': 140}, 'value': '77.5'}, {'type': {'displayName': 'Zone', 'value': 56}, 'value': 'Center'}, {'type': {'displayName': 'Longball', 'value': 1}}, {'type': {'displayName': 'Length', 'value': 212}, 'value': '41.4'}, {'type': {'displayName': 'Chipped', 'value': 155}}, {'type': {'displayName': 'PassEndY', 'value': 141}, 'value': '71.0'}, {'type': {'displayName': 'Angle', 'value': 213}, 'value': '6.25'}]",True,,,,,
1910889,FirstHalf,6,9,6,Clearance,Successful,1211,Hoffenheim,356743.0,Ozan Kabak,28.2,37.8,37.3,19.5,,,,,"[{'type': {'displayName': 'PassEndX', 'value': 140}, 'value': '37.3'}, {'type': {'displayName': 'Angle', 'value': 213}, 'value': '5.37'}, {'type': {'displayName': 'Length', 'value': 212}, 'value': '15.7'}, {'type': {'displayName': 'Head', 'value': 15}}, {'type': {'displayName': 'PassEndY', 'value': 141}, 'value': '19.5'}, {'type': {'displayName': 'Zone', 'value': 56}, 'value': 'Back'}]",True,,,,,
1910889,FirstHalf,6,11,6,BallRecovery,Successful,1211,Hoffenheim,111372.0,Vladimír Coufal,37.1,19.2,,,,,,,[],False,,,,,
1910889,FirstHalf,6,14,6,Pass,Unsuccessful,1211,Hoffenheim,111372.0,Vladimír Coufal,35.5,14.2,64.5,26.1,,,,,"[{'type': {'displayName': 'Zone', 'value': 56}, 'value': 'Center'}, {'type': {'displayName': 'Angle', 'value': 213}, 'value': '0.26'}, {'type': {'displayName': 'PassEndX', 'value': 140}, 'value': '64.5'}, {'type': {'displayName': 'PassEndY', 'value': 141}, 'value': '26.1'}, {'type': {'displayName': 'Length', 'value': 212}, 'value': '31.5'}]",True,,,,,
1910889,FirstHalf,6,16,6,BallRecovery,Successful,42,Werder Bremen,333227.0,Marco Friedl,40.3,71.0,,,,,,,[],False,,,,,
1910889,FirstHalf,6,17,6,Pass,Successful,42,Werder Bremen,333227.0,Marco Friedl,40.3,71.0,56.5,43.6,,,,,"[{'type': {'displayName': 'PassEndY', 'value': 141}, 'value': '43.6'}, {'type': {'displayName': 'Zone', 'value': 56}, 'value': 'Center'}, {'type': {'displayName': 'PassEndX', 'value': 140}, 'value': '56.5'}, {'type': {'displayName': 'Angle', 'value': 213}, 'value': '5.45'}, {'type': {'displayName': 'Length', 'value': 212}, 'value': '25.2'}]",True,,,,,
1910889,FirstHalf,6,21,6,Pass,Successful,42,Werder Bremen,438066.0,Justin Njinmah,55.2,41.2,44.5,27.6,,,,,"[{'type': {'displayName': 'Zone', 'value': 56}, 'value': 'Back'}, {'type': {'displayName': 'PassEndX', 'value': 140}, 'value': '44.5'}, {'type': {'displayName': 'Length', 'value': 212}, 'value': '14.6'}, {'type': {'displayName': 'Angle', 'value': 213}, 'value': '3.83'}, {'type': {'displayName': 'PassEndY', 'value': 141}, 'value': '27.6'}]",True,,,,,
1910889,FirstHalf,6,22,6,Pass,Successful,42,Werder Bremen,377280.0,Jens Stage,45.4,30.5,33.1,42.1,,,,,"[{'type': {'displayName': 'Zone', 'value': 56}, 'value': 'Back'}, {'type': {'displayName': 'Angle', 'value': 213}, 'value': '2.59'}, {'type': {'displayName': 'Length', 'value': 212}, 'value': '15.1'}, {'type': {'displayName': 'PassEndX', 'value': 140}, 'value': '33.1'}, {'type': {'displayName': 'PassEndY', 'value': 141}, 'value': '42.1'}]",True,,,,,
1910889,FirstHalf,6,26,6,Pass,Successful,42,Werder Bremen,368176.0,Amos Pieper,25.0,44.4,12.2,54.5,,,,,"[{'type': {'displayName': 'PassEndX', 'value': 140}, 'value': '12.2'}, {'type': {'displayName': 'Zone', 'value': 56}, 'value': 'Back'}, {'type': {'displayName': 'Length', 'value': 212}, 'value': '15.1'}, {'type': {'displayName': 'Angle', 'value': 213}, 'value': '2.67'}, {'type': {'displayName': 'PassEndY', 'value': 141}, 'value': '54.5'}]",True,,,,,
1910889,FirstHalf,6,31,6,Pass,Successful,42,Werder Bremen,436119.0,Mio Backhaus,13.3,56.9,26.6,50.2,,,,,"[{'type': {'displayName': 'Length', 'value': 212}, 'value': '14.7'}, {'type': {'displayName': 'PassEndY', 'value': 141}, 'value': '50.2'}, {'type': {'displayName': 'Angle', 'value': 213}, 'value': '5.97'}, {'type': {'displayName': 'Zone', 'value': 56}, 'value': 'Back'}, {'type': {'displayName': 'PassEndX', 'value': 140}, 'value': '26.6'}]",True,,,,,
1910889,FirstHalf,6,32,6,Pass,Successful,42,Werder Bremen,431791.0,Cameron Puertas,27.1,47.6,19.1,41.2,,,,,"[{'type': {'displayName': 'PassEndX', 'value': 140}, 'value': '19.1'}, {'type': {'displayName': 'LayOff', 'value': 156}}, {'type': {'displayName': 'Angle', 'value': 213}, 'value': '3.62'}, {'type': {'displayName': 'Length', 'value': 212}, 'value': '9.5'}, {'type': {'displayName': 'Zone', 'value': 56}, 'value': 'Back'}, {'type': {'displayName': 'PassEndY', 'value': 141}, 'value': '41.2'}]",True,,,,,
1910889,FirstHalf,6,36,6,Pass,Successful,42,Werder Bremen,368176.0,Amos Pieper,20.1,38.7,46.9,40.1,,,,,"[{'type': {'displayName': 'Zone', 'value': 56}, 'value': 'Back'}, {'type': {'displayName': 'Length', 'value': 212}, 'value': '28.2'}, {'type': {'displayName': 'PassEndX', 'value': 140}, 'value': '46.9'}, {'type': {'displayName': 'Angle', 'value': 213}, 'value': '0.03'}, {'type': {'displayName': 'PassEndY', 'value': 141}, 'value': '40.1'}]",True,,,,,
1910889,FirstHalf,6,38,6,Pass,Unsuccessful,42,Werder Bremen,569759.0,Salim Musah,50.2,40.6,51.9,50.7,,,,,"[{'type': {'displayName': 'PassEndY', 'value': 141}, 'value': '50.7'}, {'type': {'displayName': 'Length', 'value': 212}, 'value': '7.1'}, {'type': {'displayName': 'Zone', 'value': 56}, 'value': 'Center'}, {'type': {'displayName': 'PassEndX', 'value': 140}, 'value': '51.9'}, {'type': {'displayName': 'Angle', 'value': 213}, 'value': '1.32'}]",True,,,,,
1910889,FirstHalf,6,39,6,TakeOn,Unsuccessful,1211,Hoffenheim,111372.0,Vladimír Coufal,41.0,42.7,,,,,,,"[{'type': {'displayName': 'Offensive', 'value': 286}}, {'type': {'displayName': 'Zone', 'value': 56}, 'value': 'Back'}, {'type': {'displayName': 'OverRun', 'value': 211}}]",True,,,,,
1910889,FirstHalf,6,45,6,Pass,Successful,42,Werder Bremen,431791.0,Cameron Puertas,45.3,42.4,45.1,34.0,,,,,"[{'type': {'displayName': 'Zone', 'value': 56}, 'value': 'Back'}, {'type': {'displayName': 'PassEndY', 'value': 141}, 'value': '34.0'}, {'type': {'displayName': 'PassEndX', 'value': 140}, 'value': '45.1'}, {'type': {'displayName': 'Length', 'value': 212}, 'value': '5.7'}, {'type': {'displayName': 'Angle', 'value': 213}, 'value': '4.68'}]",True,,,,,
1910889,FirstHalf,6,46,6,Pass,Unsuccessful,42,Werder Bremen,377280.0,Jens Stage,45.1,34.9,53.5,100.0,,,,,"[{'type': {'displayName': 'Zone', 'value': 56}, 'value': 'Left'}, {'type': {'displayName': 'PassEndX', 'value': 140}, 'value': '53.5'}, {'type': {'displayName': 'Angle', 'value': 213}, 'value': '1.38'}, {'type': {'displayName': 'Longball', 'value': 1}}, {'type': {'displayName': 'Chipped', 'value': 155}}, {'type': {'displayName': 'PassEndY', 'value': 141}, 'value': '100.0'}, {'type': {'displayName': 'Length', 'value': 212}, 'value': '45.8'}]",True,,,,,
1910889,FirstHalf,7,2,7,Pass,Successful,1211,Hoffenheim,111372.0,Vladimír Coufal,51.1,0.0,87.8,18.0,,,,,"[{'type': {'displayName': 'PassEndY', 'value': 141}, 'value': '18.0'}, {'type': {'displayName': 'ThrowIn', 'value': 107}}, {'type': {'displayName': 'Length', 'value': 212}, 'value': '40.8'}, {'type': {'displayName': 'Zone', 'value': 56}, 'value': 'Right'}, {'type': {'displayName': 'Longball', 'value': 1}}, {'type': {'displayName': 'PassEndX', 'value': 140}, 'value': '87.8'}, {'type': {'displayName': 'Angle', 'value': 213}, 'value': '0.34'}]",True,,,,,
1910889,FirstHalf,7,6,7,Pass,Unsuccessful,1211,Hoffenheim,395001.0,Tim Lemperle,90.5,18.6,89.3,87.3,,,,,"[{'type': {'displayName': 'Length', 'value': 212}, 'value': '46.7'}, {'type': {'displayName': 'Chipped', 'value': 155}}, {'type': {'displayName': 'Zone', 'value': 56}, 'value': 'Left'}, {'type': {'displayName': 'PassEndX', 'value': 140}, 'value': '89.3'}, {'type': {'displayName': 'PassEndY', 'value': 141}, 'value': '87.3'}, {'type': {'displayName': 'RightFoot', 'value': 20}}, {'type': {'displayName': 'Longball', 'value': 1}}, {'type': {'displayName': 'Angle', 'value': 213}, 'value': '1.60'}, {'type': {'displayName': 'Cross', 'value': 2}}]",True,,,,,
1910889,FirstHalf,7,12,7,BallRecovery,Successful,42,Werder Bremen,420405.0,Senne Lynen,7.4,6.1,,,,,,,[],False,,,,,
1910889,FirstHalf,7,14,7,Pass,Unsuccessful,42,Werder Bremen,420405.0,Senne Lynen,10.7,3.0,65.1,14.5,,,,,"[{'type': {'displayName': 'PassEndY', 'value': 141}, 'value': '14.5'}, {'type': {'displayName': 'Longball', 'value': 1}}, {'type': {'displayName': 'Angle', 'value': 213}, 'value': '0.14'}, {'type': {'displayName': 'Length', 'value': 212}, 'value': '57.7'}, {'type': {'displayName': 'PassEndX', 'value': 140}, 'value': '65.1'}, {'type': {'displayName': 'Chipped', 'value': 155}}, {'type': {'displayName': 'Zone', 'value': 56}, 'value': 'Right'}]",True,,,,,
1910889,FirstHalf,7,16,7,Pass,Successful,1211,Hoffenheim,402697.0,Albian Hajdari,29.1,87.7,43.3,93.4,,,,,"[{'type': {'displayName': 'Angle', 'value': 213}, 'value': '0.25'}, {'type': {'displayName': 'PassEndY', 'value': 141}, 'value': '93.4'}, {'type': {'displayName': 'Chipped', 'value': 155}}, {'type': {'displayName': 'Length', 'value': 212}, 'value': '15.4'}, {'type': {'displayName': 'Zone', 'value': 56}, 'value': 'Back'}, {'type': {'displayName': 'PassEndX', 'value': 140}, 'value': '43.3'}]",True,,,,,
1910889,FirstHalf,7,17,7,Pass,Successful,1211,Hoffenheim,302588.0,Bernardo,42.0,90.9,52.3,89.1,,,,,"[{'type': {'displayName': 'PassEndX', 'value': 140}, 'value': '52.3'}, {'type': {'displayName': 'Zone', 'value': 56}, 'value': 'Left'}, {'type': {'displayName': 'Angle', 'value': 213}, 'value': '6.17'}, {'type': {'displayName': 'Length', 'value': 212}, 'value': '10.9'}, {'type': {'displayName': 'PassEndY', 'value': 141}, 'value': '89.1'}, {'type': {'displayName': 'HeadPass', 'value': 3}}]",True,,,,,
1910889,FirstHalf,7,20,7,Pass,Successful,1211,Hoffenheim,361878.0,Wouter Burger,52.1,89.2,44.9,80.2,,,,,"[{'type': {'displayName': 'PassEndX', 'value': 140}, 'value': '44.9'}, {'type': {'displayName': 'Angle', 'value': 213}, 'value': '3.82'}, {'type': {'displayName': 'HeadPass', 'value': 3}}, {'type': {'displayName': 'PassEndY', 'value': 141}, 'value': '80.2'}, {'type': {'displayName': 'Length', 'value': 212}, 'value': '9.7'}, {'type': {'displayName': 'Zone', 'value': 56}, 'value': 'Back'}]",True,,,,,
1910889,FirstHalf,7,21,7,BallRecovery,Successful,1211,Hoffenheim,510234.0,Leon Avdullahu,45.0,79.5,,,,,,,[],False,,,,,
1910889,FirstHalf,7,26,7,Pass,Successful,1211,Hoffenheim,510234.0,Leon Avdullahu,52.3,59.7,54.3,22.8,,,,,"[{'type': {'displayName': 'Length', 'value': 212}, 'value': '25.2'}, {'type': {'displayName': 'Zone', 'value': 56}, 'value': 'Center'}, {'type': {'displayName': 'PassEndX', 'value': 140}, 'value': '54.3'}, {'type': {'displayName': 'PassEndY', 'value': 141}, 'value': '22.8'}, {'type': {'displayName': 'Angle', 'value': 213}, 'value': '4.80'}]",True,,,,,
1910889,FirstHalf,7,28,7,Pass,Successful,1211,Hoffenheim,111372.0,Vladimír Coufal,54.3,22.8,54.3,29.4,,,,,"[{'type': {'displayName': 'PassEndY', 'value': 141}, 'value': '29.4'}, {'type': {'displayName': 'Zone', 'value': 56}, 'value': 'Center'}, {'type': {'displayName': 'Angle', 'value': 213}, 'value': '1.57'}, {'type': {'displayName': 'PassEndX', 'value': 140}, 'value': '54.3'}, {'type': {'displayName': 'Length', 'value': 212}, 'value': '4.5'}]",True,,,,,
1910889,FirstHalf,7,33,7,Pass,Successful,1211,Hoffenheim,510234.0,Leon Avdullahu,51.7,48.9,55.5,82.3,,,,,"[{'type': {'displayName': 'PassEndX', 'value': 140}, 'value': '55.5'}, {'type': {'displayName': 'Zone', 'value': 56}, 'value': 'Left'}, {'type': {'displayName': 'Angle', 'value': 213}, 'value': '1.40'}, {'type': {'displayName': 'Length', 'value': 212}, 'value': '23.1'}, {'type': {'displayName': 'PassEndY', 'value': 141}, 'value': '82.3'}]",True,,,,,
1910889,FirstHalf,7,36,7,Pass,Successful,1211,Hoffenheim,402697.0,Albian Hajdari,55.5,82.3,61.0,92.4,,,,,"[{'type': {'displayName': 'Length', 'value': 212}, 'value': '9.0'}, {'type': {'displayName': 'Angle', 'value': 213}, 'value': '0.87'}, {'type': {'displayName': 'Zone', 'value': 56}, 'value': 'Left'}, {'type': {'displayName': 'PassEndY', 'value': 141}, 'value': '92.4'}, {'type': {'displayName': 'PassEndX', 'value': 140}, 'value': '61.0'}]",True,,,,,
1910889,FirstHalf,7,37,7,Pass,Successful,1211,Hoffenheim,302588.0,Bernardo,61.4,92.8,50.8,87.7,,,,,"[{'type': {'displayName': 'PassEndY', 'value': 141}, 'value': '87.7'}, {'type': {'displayName': 'Angle', 'value': 213}, 'value': '3.44'}, {'type': {'displayName': 'PassEndX', 'value': 140}, 'value': '50.8'}, {'type': {'displayName': 'Zone', 'value': 56}, 'value': 'Left'}, {'type': {'displayName': 'Length', 'value': 212}, 'value': '11.7'}]",True,,,,,
1910889,FirstHalf,7,41,7,Pass,Successful,1211,Hoffenheim,402697.0,Albian Hajdari,50.1,86.7,49.7,58.5,,,,,"[{'type': {'displayName': 'Length', 'value': 212}, 'value': '19.2'}, {'type': {'displayName': 'PassEndY', 'value': 141}, 'value': '58.5'}, {'type': {'displayName': 'Zone', 'value': 56}, 'value': 'Back'}, {'type': {'displayName': 'Angle', 'value': 213}, 'value': '4.69'}, {'type': {'displayName': 'PassEndX', 'value': 140}, 'value': '49.7'}]",True,,,,,
1910889,FirstHalf,7,44,7,Pass,Successful,1211,Hoffenheim,356743.0,Ozan Kabak,50.8,58.6,59.7,87.6,,,,,"[{'type': {'displayName': 'PassEndX', 'value': 140}, 'value': '59.7'}, {'type': {'displayName': 'Zone', 'value': 56}, 'value': 'Left'}, {'type': {'displayName': 'Angle', 'value': 213}, 'value': '1.13'}, {'type': {'displayName': 'Length', 'value': 212}, 'value': '21.8'}, {'type': {'displayName': 'PassEndY', 'value': 141}, 'value': '87.6'}]",True,,,,,
1910889,FirstHalf,7,47,7,Pass,Successful,1211,Hoffenheim,402697.0,Albian Hajdari,59.7,87.6,74.4,96.9,,,,,"[{'type': {'displayName': 'Zone', 'value': 56}, 'value': 'Left'}, {'type': {'displayName': 'PassEndX', 'value': 140}, 'value': '74.4'}, {'type': {'displayName': 'Length', 'value': 212}, 'value': '16.7'}, {'type': {'displayName': 'Angle', 'value': 213}, 'value': '0.39'}, {'type': {'displayName': 'PassEndY', 'value': 141}, 'value': '96.9'}]",True,,,,,
1910889,FirstHalf,7,49,7,Pass,Successful,1211,Hoffenheim,551965.0,Bazoumana Touré,74.4,96.7,68.0,92.8,,,,,"[{'type': {'displayName': 'PassEndY', 'value': 141}, 'value': '92.8'}, {'type': {'displayName': 'Zone', 'value': 56}, 'value': 'Left'}, {'type': {'displayName': 'Angle', 'value': 213}, 'value': '3.52'}, {'type': {'displayName': 'Length', 'value': 212}, 'value': '7.2'}, {'type': {'displayName': 'PassEndX', 'value': 140}, 'value': '68.0'}]",True,,,,,
1910889,FirstHalf,7,51,7,Pass,Successful,1211,Hoffenheim,302588.0,Bernardo,67.3,91.8,53.0,83.4,,,,,"[{'type': {'displayName': 'PassEndX', 'value': 140}, 'value': '53.0'}, {'type': {'displayName': 'Zone', 'value': 56}, 'value': 'Left'}, {'type': {'displayName': 'PassEndY', 'value': 141}, 'value': '83.4'}, {'type': {'displayName': 'Angle', 'value': 213}, 'value': '3.51'}, {'type': {'displayName': 'Length', 'value': 212}, 'value': '16.1'}]",True,,,,,
1910889,FirstHalf,7,53,7,Pass,Successful,1211,Hoffenheim,402697.0,Albian Hajdari,53.0,83.4,46.2,58.5,,,,,"[{'type': {'displayName': 'PassEndX', 'value': 140}, 'value': '46.2'}, {'type': {'displayName': 'Length', 'value': 212}, 'value': '18.4'}, {'type': {'displayName': 'Angle', 'value': 213}, 'value': '4.31'}, {'type': {'displayName': 'PassEndY', 'value': 141}, 'value': '58.5'}, {'type': {'displayName': 'Zone', 'value': 56}, 'value': 'Back'}]",True,,,,,
1910889,FirstHalf,7,56,7,Pass,Successful,1211,Hoffenheim,356743.0,Ozan Kabak,47.0,56.7,53.6,76.3,,,,,"[{'type': {'displayName': 'Length', 'value': 212}, 'value': '15.0'}, {'type': {'displayName': 'Angle', 'value': 213}, 'value': '1.09'}, {'type': {'displayName': 'PassEndX', 'value': 140}, 'value': '53.6'}, {'type': {'displayName': 'Zone', 'value': 56}, 'value': 'Center'}, {'type': {'displayName': 'PassEndY', 'value': 141}, 'value': '76.3'}]",True,,,,,
1910889,FirstHalf,7,59,7,Pass,Unsuccessful,1211,Hoffenheim,402697.0,Albian Hajdari,55.6,76.6,97.1,56.8,,,,,"[{'type': {'displayName': 'Zone', 'value': 56}, 'value': 'Center'}, {'type': {'displayName': 'Longball', 'value': 1}}, {'type': {'displayName': 'PassEndY', 'value': 141}, 'value': '56.8'}, {'type': {'displayName': 'Length', 'value': 212}, 'value': '45.6'}, {'type': {'displayName': 'Chipped', 'value': 155}}, {'type': {'displayName': 'Angle', 'value': 213}, 'value': '5.98'}, {'type': {'displayName': 'PassEndX', 'value': 140}, 'value': '97.1'}]",True,,,,,
1910889,FirstHalf,8,4,8,KeeperPickup,Successful,42,Werder Bremen,436119.0,Mio Backhaus,2.3,40.4,,,,,,,[],False,,,,,
1910889,FirstHalf,8,16,8,Pass,Successful,42,Werder Bremen,436119.0,Mio Backhaus,11.9,40.1,46.6,41.1,,,,,"[{'type': {'displayName': 'Length', 'value': 212}, 'value': '36.4'}, {'type': {'displayName': 'PassEndY', 'value': 141}, 'value': '41.1'}, {'type': {'displayName': 'Longball', 'value': 1}}, {'type': {'displayName': 'Chipped', 'value': 155}}, {'type': {'displayName': 'PassEndX', 'value': 140}, 'value': '46.6'}, {'type': {'displayName': 'Angle', 'value': 213}, 'value': '0.02'}, {'type': {'displayName': 'Zone', 'value': 56}, 'value': 'Back'}]",True,,,,,
1910889,FirstHalf,8,18,8,Pass,Successful,42,Werder Bremen,569759.0,Salim Musah,46.4,40.9,43.7,41.6,,,,,"[{'type': {'displayName': 'PassEndY', 'value': 141}, 'value': '41.6'}, {'type': {'displayName': 'PassEndX', 'value': 140}, 'value': '43.7'}, {'type': {'displayName': 'Angle', 'value': 213}, 'value': '2.98'}, {'type': {'displayName': 'Zone', 'value': 56}, 'value': 'Back'}, {'type': {'displayName': 'Length', 'value': 212}, 'value': '2.9'}]",True,,,,,
1910889,FirstHalf,8,20,8,Pass,Successful,42,Werder Bremen,383847.0,Romano Schmid,43.7,33.7,53.2,13.7,,,,,"[{'type': {'displayName': 'Length', 'value': 212}, 'value': '16.9'}, {'type': {'displayName': 'PassEndX', 'value': 140}, 'value': '53.2'}, {'type': {'displayName': 'Angle', 'value': 213}, 'value': '5.35'}, {'type': {'displayName': 'PassEndY', 'value': 141}, 'value': '13.7'}, {'type': {'displayName': 'Zone', 'value': 56}, 'value': 'Right'}]",True,,,,,
1910889,FirstHalf,8,22,8,Pass,Successful,42,Werder Bremen,377280.0,Jens Stage,53.9,12.6,52.3,18.9,,,,,"[{'type': {'displayName': 'PassEndY', 'value': 141}, 'value': '18.9'}, {'type': {'displayName': 'PassEndX', 'value': 140}, 'value': '52.3'}, {'type': {'displayName': 'Angle', 'value': 213}, 'value': '1.94'}, {'type': {'displayName': 'Length', 'value': 212}, 'value': '4.6'}, {'type': {'displayName': 'Zone', 'value': 56}, 'value': 'Right'}]",True,,,,,
1910889,FirstHalf,8,23,8,Pass,Successful,42,Werder Bremen,383847.0,Romano Schmid,52.3,18.4,54.1,9.6,,,,,"[{'type': {'displayName': 'PassEndY', 'value': 141}, 'value': '9.6'}, {'type': {'displayName': 'Zone', 'value': 56}, 'value': 'Right'}, {'type': {'displayName': 'Angle', 'value': 213}, 'value': '5.02'}, {'type': {'displayName': 'PassEndX', 'value': 140}, 'value': '54.1'}, {'type': {'displayName': 'Length', 'value': 212}, 'value': '6.3'}]",True,,,,,
1910889,FirstHalf,8,24,8,Pass,Successful,42,Werder Bremen,377280.0,Jens Stage,53.4,11.0,42.7,22.7,,,,,"[{'type': {'displayName': 'Zone', 'value': 56}, 'value': 'Back'}, {'type': {'displayName': 'Length', 'value': 212}, 'value': '13.8'}, {'type': {'displayName': 'Angle', 'value': 213}, 'value': '2.53'}, {'type': {'displayName': 'PassEndX', 'value': 140}, 'value': '42.7'}, {'type': {'displayName': 'PassEndY', 'value': 141}, 'value': '22.7'}]",True,,,,,
1910889,FirstHalf,8,25,8,Pass,Unsuccessful,42,Werder Bremen,420405.0,Senne Lynen,43.3,21.6,87.1,14.5,,,,,"[{'type': {'displayName': 'Length', 'value': 212}, 'value': '46.2'}, {'type': {'displayName': 'PassEndX', 'value': 140}, 'value': '87.1'}, {'type': {'displayName': 'Angle', 'value': 213}, 'value': '6.18'}, {'type': {'displayName': 'Chipped', 'value': 155}}, {'type': {'displayName': 'PassEndY', 'value': 141}, 'value': '14.5'}, {'type': {'displayName': 'Longball', 'value': 1}}, {'type': {'displayName': 'Zone', 'value': 56}, 'value': 'Right'}]",True,,,,,
1910889,FirstHalf,8,29,8,Clearance,Successful,1211,Hoffenheim,302588.0,Bernardo,15.1,85.3,32.0,59.1,,,,,"[{'type': {'displayName': 'PassEndX', 'value': 140}, 'value': '32.0'}, {'type': {'displayName': 'Angle', 'value': 213}, 'value': '5.50'}, {'type': {'displayName': 'Length', 'value': 212}, 'value': '25.1'}, {'type': {'displayName': 'PassEndY', 'value': 141}, 'value': '59.1'}, {'type': {'displayName': 'Zone', 'value': 56}, 'value': 'Back'}]",True,,,,,
1910889,FirstHalf,8,33,8,BallTouch,Successful,42,Werder Bremen,569759.0,Salim Musah,68.4,33.5,,,,,,,"[{'type': {'displayName': 'Zone', 'value': 56}, 'value': 'Center'}]",True,,,,,
1910889,FirstHalf,8,34,8,Pass,Successful,42,Werder Bremen,431791.0,Cameron Puertas,65.8,33.8,73.5,33.0,,,,,"[{'type': {'displayName': 'Angle', 'value': 213}, 'value': '6.22'}, {'type': {'displayName': 'PassEndX', 'value': 140}, 'value': '73.5'}, {'type': {'displayName': 'PassEndY', 'value': 141}, 'value': '33.0'}, {'type': {'displayName': 'Length', 'value': 212}, 'value': '8.1'}, {'type': {'displayName': 'Zone', 'value': 56}, 'value': 'Center'}]",True,,,,,
1910889,FirstHalf,8,36,8,Pass,Unsuccessful,42,Werder Bremen,383847.0,Romano Schmid,73.2,30.8,86.0,32.8,,,,,"[{'type': {'displayName': 'Throughball', 'value': 4}}, {'type': {'displayName': 'Length', 'value': 212}, 'value': '13.5'}, {'type': {'displayName': 'PassEndX', 'value': 140}, 'value': '86.0'}, {'type': {'displayName': 'Angle', 'value': 213}, 'value': '0.10'}, {'type': {'displayName': 'PassEndY', 'value': 141}, 'value': '32.8'}, {'type': {'displayName': 'Zone', 'value': 56}, 'value': 'Center'}]",True,,,,,
1910889,FirstHalf,8,37,8,Interception,Successful,1211,Hoffenheim,402697.0,Albian Hajdari,14.0,67.2,,,,,,,"[{'type': {'displayName': 'Zone', 'value': 56}, 'value': 'Back'}]",True,,,,,
1910889,FirstHalf,8,42,8,Pass,Successful,42,Werder Bremen,438066.0,Justin Njinmah,87.8,9.6,78.8,10.3,,,,,"[{'type': {'displayName': 'PassEndY', 'value': 141}, 'value': '10.3'}, {'type': {'displayName': 'Zone', 'value': 56}, 'value': 'Right'}, {'type': {'displayName': 'Length', 'value': 212}, 'value': '9.5'}, {'type': {'displayName': 'PassEndX', 'value': 140}, 'value': '78.8'}, {'type': {'displayName': 'Angle', 'value': 213}, 'value': '3.09'}]",True,,,,,
1910889,FirstHalf,8,43,8,Pass,Successful,42,Werder Bremen,377280.0,Jens Stage,78.6,10.3,80.5,8.4,,,,,"[{'type': {'displayName': 'Length', 'value': 212}, 'value': '2.4'}, {'type': {'displayName': 'Zone', 'value': 56}, 'value': 'Right'}, {'type': {'displayName': 'PassEndY', 'value': 141}, 'value': '8.4'}, {'type': {'displayName': 'Angle', 'value': 213}, 'value': '5.71'}, {'type': {'displayName': 'PassEndX', 'value': 140}, 'value': '80.5'}]",True,,,,,
1910889,FirstHalf,8,48,8,BallTouch,Successful,42,Werder Bremen,438066.0,Justin Njinmah,59.0,5.9,,,,,,,"[{'type': {'displayName': 'Zone', 'value': 56}, 'value': 'Right'}]",True,,,,,
1910889,FirstHalf,8,49,8,Clearance,Successful,42,Werder Bremen,368176.0,Amos Pieper,35.6,5.6,38.1,0.0,,,,,"[{'type': {'displayName': 'PassEndX', 'value': 140}, 'value': '38.1'}, {'type': {'displayName': 'Length', 'value': 212}, 'value': '5.1'}, {'type': {'displayName': 'Zone', 'value': 56}, 'value': 'Back'}, {'type': {'displayName': 'PassEndY', 'value': 141}, 'value': '0.0'}, {'type': {'displayName': 'Angle', 'value': 213}, 'value': '5.26'}]",True,,,,,
1910889,FirstHalf,8,59,8,Pass,Successful,1211,Hoffenheim,361878.0,Wouter Burger,50.8,100.0,38.6,84.7,,,,,"[{'type': {'displayName': 'Zone', 'value': 56}, 'value': 'Back'}, {'type': {'displayName': 'ThrowIn', 'value': 107}}, {'type': {'displayName': 'PassEndX', 'value': 140}, 'value': '38.6'}, {'type': {'displayName': 'Angle', 'value': 213}, 'value': '3.84'}, {'type': {'displayName': 'PassEndY', 'value': 141}, 'value': '84.7'}, {'type': {'displayName': 'Length', 'value': 212}, 'value': '16.7'}]",True,,,,,
1910889,FirstHalf,9,1,9,Pass,Successful,1211,Hoffenheim,402697.0,Albian Hajdari,38.6,84.7,44.6,91.0,,,,,"[{'type': {'displayName': 'PassEndY', 'value': 141}, 'value': '91.0'}, {'type': {'displayName': 'Angle', 'value': 213}, 'value': '0.60'}, {'type': {'displayName': 'Length', 'value': 212}, 'value': '7.6'}, {'type': {'displayName': 'Zone', 'value': 56}, 'value': 'Back'}, {'type': {'displayName': 'PassEndX', 'value': 140}, 'value': '44.6'}]",True,,,,,
1910889,FirstHalf,9,3,9,Pass,Successful,1211,Hoffenheim,302588.0,Bernardo,44.6,91.0,40.5,55.8,,,,,"[{'type': {'displayName': 'Angle', 'value': 213}, 'value': '4.53'}, {'type': {'displayName': 'PassEndX', 'value': 140}, 'value': '40.5'}, {'type': {'displayName': 'Zone', 'value': 56}, 'value': 'Back'}, {'type': {'displayName': 'PassEndY', 'value': 141}, 'value': '55.8'}, {'type': {'displayName': 'Length', 'value': 212}, 'value': '24.3'}]",True,,,,,
1910889,FirstHalf,9,10,9,Pass,Successful,1211,Hoffenheim,356743.0,Ozan Kabak,51.1,47.1,55.9,63.3,,,,,"[{'type': {'displayName': 'Angle', 'value': 213}, 'value': '1.14'}, {'type': {'displayName': 'PassEndY', 'value': 141}, 'value': '63.3'}, {'type': {'displayName': 'PassEndX', 'value': 140}, 'value': '55.9'}, {'type': {'displayName': 'Zone', 'value': 56}, 'value': 'Center'}, {'type': {'displayName': 'Length', 'value': 212}, 'value': '12.1'}]",True,,,,,
1910889,FirstHalf,9,13,9,Pass,Unsuccessful,1211,Hoffenheim,361878.0,Wouter Burger,57.8,63.7,75.6,60.7,,,,,"[{'type': {'displayName': 'PassEndY', 'value': 141}, 'value': '60.7'}, {'type': {'displayName': 'Zone', 'value': 56}, 'value': 'Center'}, {'type': {'displayName': 'Length', 'value': 212}, 'value': '18.8'}, {'type': {'displayName': 'Throughball', 'value': 4}}, {'type': {'displayName': 'Angle', 'value': 213}, 'value': '6.17'}, {'type': {'displayName': 'PassEndX', 'value': 140}, 'value': '75.6'}]",True,,,,,
1910889,FirstHalf,9,14,9,Interception,Successful,42,Werder Bremen,420405.0,Senne Lynen,24.4,39.3,,,,,,,"[{'type': {'displayName': 'Zone', 'value': 56}, 'value': 'Back'}]",True,,,,,
1910889,FirstHalf,9,16,9,Pass,Successful,1211,Hoffenheim,361878.0,Wouter Burger,67.2,67.8,77.5,91.3,,,,,"[{'type': {'displayName': 'Angle', 'value': 213}, 'value': '0.98'}, {'type': {'displayName': 'PassEndY', 'value': 141}, 'value': '91.3'}, {'type': {'displayName': 'PassEndX', 'value': 140}, 'value': '77.5'}, {'type': {'displayName': 'Zone', 'value': 56}, 'value': 'Left'}, {'type': {'displayName': 'Length', 'value': 212}, 'value': '19.3'}]",True,,,,,
1910889,FirstHalf,9,21,9,Pass,Successful,1211,Hoffenheim,551965.0,Bazoumana Touré,82.1,90.3,71.1,88.9,,,,,"[{'type': {'displayName': 'Angle', 'value': 213}, 'value': '3.22'}, {'type': {'displayName': 'PassEndX', 'value': 140}, 'value': '71.1'}, {'type': {'displayName': 'PassEndY', 'value': 141}, 'value': '88.9'}, {'type': {'displayName': 'Length', 'value': 212}, 'value': '11.6'}, {'type': {'displayName': 'Zone', 'value': 56}, 'value': 'Left'}]",True,,,,,
1910889,FirstHalf,9,23,9,Pass,Successful,1211,Hoffenheim,302588.0,Bernardo,71.0,88.8,67.5,58.9,,,,,"[{'type': {'displayName': 'Angle', 'value': 213}, 'value': '4.53'}, {'type': {'displayName': 'PassEndY', 'value': 141}, 'value': '58.9'}, {'type': {'displayName': 'Length', 'value': 212}, 'value': '20.7'}, {'type': {'displayName': 'PassEndX', 'value': 140}, 'value': '67.5'}, {'type': {'displayName': 'Zone', 'value': 56}, 'value': 'Center'}]",True,,,,,
1910889,FirstHalf,9,26,9,Pass,Successful,1211,Hoffenheim,510234.0,Leon Avdullahu,68.0,58.3,92.3,60.7,,,,,"[{'type': {'displayName': 'PassEndX', 'value': 140}, 'value': '92.3'}, {'type': {'displayName': 'ShotAssist', 'value': 210}, 'value': '13'}, {'type': {'displayName': 'Throughball', 'value': 4}}, {'type': {'displayName': 'PassEndY', 'value': 141}, 'value': '60.7'}, {'type': {'displayName': 'Zone', 'value': 56}, 'value': 'Center'}, {'type': {'displayName': 'Angle', 'value': 213}, 'value': '0.06'}, {'type': {'displayName': 'Chipped', 'value': 155}}, {'type': {'displayName': 'IntentionalAssist', 'value': 154}}, {'type': {'displayName': 'Length', 'value': 212}, 'value': '25.6'}, {'type': {'displayName': 'BigChanceCreated', 'value': 11112}}, {'type': {'displayName': 'KeyPass', 'value': 11113}}]",True,,,,,
1910889,FirstHalf,9,27,9,MissedShots,Successful,1211,Hoffenheim,428426.0,Fisnik Asllani,92.3,60.7,,,62.7,23.6,,,"[{'type': {'displayName': 'Zone', 'value': 56}, 'value': 'Center'}, {'type': {'displayName': 'LeftFoot', 'value': 72}}, {'type': {'displayName': 'GoalMouthY', 'value': 102}, 'value': '62.7'}, {'type': {'displayName': 'Assisted', 'value': 29}}, {'type': {'displayName': 'RegularPlay', 'value': 22}}, {'type': {'displayName': 'FirstTouch', 'value': 328}}, {'type': {'displayName': 'BigChance', 'value': 214}}, {'type': {'displayName': 'BoxCentre', 'value': 17}}, {'type': {'displayName': 'Volley', 'value': 108}}, {'type': {'displayName': 'GoalMouthZ', 'value': 103}, 'value': '23.6'}, {'type': {'displayName': 'RelatedEventId', 'value': 55}, 'value': '69'}, {'type': {'displayName': 'MissLeft', 'value': 73}}, {'type': {'displayName': 'IntentionalAssist', 'value': 154}}]",True,True,,,69.0,510234.0
1910889,FirstHalf,9,59,9,Pass,Unsuccessful,42,Werder Bremen,436119.0,Mio Backhaus,4.0,45.8,59.6,18.0,,,,,"[{'type': {'displayName': 'Longball', 'value': 1}}, {'type': {'displayName': 'Chipped', 'value': 155}}, {'type': {'displayName': 'Length', 'value': 212}, 'value': '61.4'}, {'type': {'displayName': 'Zone', 'value': 56}, 'value': 'Right'}, {'type': {'displayName': 'GoalKick', 'value': 124}}, {'type': {'displayName': 'Angle', 'value': 213}, 'value': '5.97'}, {'type': {'displayName': 'PassEndX', 'value': 140}, 'value': '59.6'}, {'type': {'displayName': 'MissHigh', 'value': 74}}, {'type': {'displayName': 'PassEndY', 'value': 141}, 'value': '18.0'}]",True,,,,,
1910889,FirstHalf,10,2,10,Pass,Successful,1211,Hoffenheim,402697.0,Albian Hajdari,40.8,84.6,64.7,67.9,,,,,"[{'type': {'displayName': 'HeadPass', 'value': 3}}, {'type': {'displayName': 'Zone', 'value': 56}, 'value': 'Center'}, {'type': {'displayName': 'Length', 'value': 212}, 'value': '27.5'}, {'type': {'displayName': 'Angle', 'value': 213}, 'value': '5.86'}, {'type': {'displayName': 'PassEndX', 'value': 140}, 'value': '64.7'}, {'type': {'displayName': 'PassEndY', 'value': 141}, 'value': '67.9'}]",True,,,,,
1910889,FirstHalf,10,3,10,Pass,Unsuccessful,1211,Hoffenheim,395001.0,Tim Lemperle,64.7,67.9,74.1,78.3,,,,,"[{'type': {'displayName': 'Zone', 'value': 56}, 'value': 'Center'}, {'type': {'displayName': 'HeadPass', 'value': 3}}, {'type': {'displayName': 'PassEndX', 'value': 140}, 'value': '74.1'}, {'type': {'displayName': 'Angle', 'value': 213}, 'value': '0.62'}, {'type': {'displayName': 'PassEndY', 'value': 141}, 'value': '78.3'}, {'type': {'displayName': 'Length', 'value': 212}, 'value': '12.1'}]",True,,,,,
1910889,FirstHalf,10,5,10,Pass,Successful,42,Werder Bremen,368176.0,Amos Pieper,25.1,26.3,23.9,48.8,,,,,"[{'type': {'displayName': 'Angle', 'value': 213}, 'value': '1.65'}, {'type': {'displayName': 'PassEndX', 'value': 140}, 'value': '23.9'}, {'type': {'displayName': 'HeadPass', 'value': 3}}, {'type': {'displayName': 'Length', 'value': 212}, 'value': '15.4'}, {'type': {'displayName': 'Zone', 'value': 56}, 'value': 'Back'}, {'type': {'displayName': 'PassEndY', 'value': 141}, 'value': '48.8'}]",True,,,,,
1910889,FirstHalf,10,9,10,Pass,Successful,42,Werder Bremen,333227.0,Marco Friedl,21.5,62.3,25.6,94.8,,,,,"[{'type': {'displayName': 'Zone', 'value': 56}, 'value': 'Back'}, {'type': {'displayName': 'Length', 'value': 212}, 'value': '22.5'}, {'type': {'displayName': 'PassEndX', 'value': 140}, 'value': '25.6'}, {'type': {'displayName': 'PassEndY', 'value': 141}, 'value': '94.8'}, {'type': {'displayName': 'Angle', 'value': 213}, 'value': '1.38'}]",True,,,,,
1910889,FirstHalf,10,13,10,Pass,Successful,42,Werder Bremen,407284.0,Olivier Deman,27.0,97.6,53.3,91.4,,,,,"[{'type': {'displayName': 'PassEndY', 'value': 141}, 'value': '91.4'}, {'type': {'displayName': 'Zone', 'value': 56}, 'value': 'Left'}, {'type': {'displayName': 'PassEndX', 'value': 140}, 'value': '53.3'}, {'type': {'displayName': 'Length', 'value': 212}, 'value': '27.9'}, {'type': {'displayName': 'Angle', 'value': 213}, 'value': '6.13'}]",True,,,,,
1910889,FirstHalf,10,16,10,BallTouch,Unsuccessful,42,Werder Bremen,569759.0,Salim Musah,53.2,92.1,,,,,,,"[{'type': {'displayName': 'Zone', 'value': 56}, 'value': 'Left'}]",True,,,,,
1910889,FirstHalf,10,23,10,Pass,Successful,1211,Hoffenheim,111372.0,Vladimír Coufal,59.7,0.0,62.9,6.7,,,,,"[{'type': {'displayName': 'Angle', 'value': 213}, 'value': '1.04'}, {'type': {'displayName': 'Length', 'value': 212}, 'value': '6.7'}, {'type': {'displayName': 'PassEndX', 'value': 140}, 'value': '62.9'}, {'type': {'displayName': 'Zone', 'value': 56}, 'value': 'Right'}, {'type': {'displayName': 'PassEndY', 'value': 141}, 'value': '6.7'}, {'type': {'displayName': 'ThrowIn', 'value': 107}}]",True,,,,,
1910889,FirstHalf,10,25,10,Pass,Successful,1211,Hoffenheim,75217.0,Andrej Kramaric,62.9,6.9,62.8,40.3,,,,,"[{'type': {'displayName': 'PassEndY', 'value': 141}, 'value': '40.3'}, {'type': {'displayName': 'Angle', 'value': 213}, 'value': '1.58'}, {'type': {'displayName': 'PassEndX', 'value': 140}, 'value': '62.8'}, {'type': {'displayName': 'Length', 'value': 212}, 'value': '22.7'}, {'type': {'displayName': 'Zone', 'value': 56}, 'value': 'Center'}]",True,,,,,
1910889,FirstHalf,10,29,10,Pass,Successful,1211,Hoffenheim,361878.0,Wouter Burger,64.2,40.6,74.1,59.1,,,,,"[{'type': {'displayName': 'Angle', 'value': 213}, 'value': '0.88'}, {'type': {'displayName': 'PassEndY', 'value': 141}, 'value': '59.1'}, {'type': {'displayName': 'PassEndX', 'value': 140}, 'value': '74.1'}, {'type': {'displayName': 'Length', 'value': 212}, 'value': '16.3'}, {'type': {'displayName': 'Zone', 'value': 56}, 'value': 'Center'}]",True,,,,,
1910889,FirstHalf,10,30,10,Pass,Successful,1211,Hoffenheim,428426.0,Fisnik Asllani,74.1,59.1,76.1,44.8,,,,,"[{'type': {'displayName': 'Angle', 'value': 213}, 'value': '4.93'}, {'type': {'displayName': 'PassEndY', 'value': 141}, 'value': '44.8'}, {'type': {'displayName': 'PassEndX', 'value': 140}, 'value': '76.1'}, {'type': {'displayName': 'Zone', 'value': 56}, 'value': 'Center'}, {'type': {'displayName': 'Length', 'value': 212}, 'value': '9.9'}]",True,,,,,
1910889,FirstHalf,10,31,10,Pass,Unsuccessful,1211,Hoffenheim,395001.0,Tim Lemperle,76.1,44.8,94.9,57.6,,,,,"[{'type': {'displayName': 'PassEndX', 'value': 140}, 'value': '94.9'}, {'type': {'displayName': 'PassEndY', 'value': 141}, 'value': '57.6'}, {'type': {'displayName': 'Zone', 'value': 56}, 'value': 'Center'}, {'type': {'displayName': 'Length', 'value': 212}, 'value': '21.6'}, {'type': {'displayName': 'Angle', 'value': 213}, 'value': '0.42'}]",True,,,,,
1910889,FirstHalf,10,40,10,KeeperPickup,Successful,42,Werder Bremen,436119.0,Mio Backhaus,6.2,39.1,,,,,,,[],False,,,,,
1910889,FirstHalf,10,50,10,Pass,Unsuccessful,42,Werder Bremen,436119.0,Mio Backhaus,13.7,36.5,60.2,38.4,,,,,"[{'type': {'displayName': 'PassEndX', 'value': 140}, 'value': '60.2'}, {'type': {'displayName': 'Zone', 'value': 56}, 'value': 'Center'}, {'type': {'displayName': 'Longball', 'value': 1}}, {'type': {'displayName': 'Length', 'value': 212}, 'value': '48.8'}, {'type': {'displayName': 'PassEndY', 'value': 141}, 'value': '38.4'}, {'type': {'displayName': 'Angle', 'value': 213}, 'value': '0.03'}]",True,,,,,
1910889,FirstHalf,10,52,10,Pass,Successful,1211,Hoffenheim,402697.0,Albian Hajdari,34.3,63.7,42.6,54.1,,,,,"[{'type': {'displayName': 'Zone', 'value': 56}, 'value': 'Back'}, {'type': {'displayName': 'Length', 'value': 212}, 'value': '10.9'}, {'type': {'displayName': 'PassEndY', 'value': 141}, 'value': '54.1'}, {'type': {'displayName': 'HeadPass', 'value': 3}}, {'type': {'displayName': 'Angle', 'value': 213}, 'value': '5.64'}, {'type': {'displayName': 'PassEndX', 'value': 140}, 'value': '42.6'}]",True,,,,,
1910889,FirstHalf,10,56,10,Pass,Successful,1211,Hoffenheim,510234.0,Leon Avdullahu,42.6,54.1,11.6,31.0,,,,,"[{'type': {'displayName': 'PassEndX', 'value': 140}, 'value': '11.6'}, {'type': {'displayName': 'Angle', 'value': 213}, 'value': '3.59'}, {'type': {'displayName': 'Chipped', 'value': 155}}, {'type': {'displayName': 'Length', 'value': 212}, 'value': '36.1'}, {'type': {'displayName': 'Zone', 'value': 56}, 'value': 'Back'}, {'type': {'displayName': 'PassEndY', 'value': 141}, 'value': '31.0'}, {'type': {'displayName': 'Longball', 'value': 1}}]",True,,,,,
1910889,FirstHalf,10,58,10,BallRecovery,Successful,1211,Hoffenheim,77440.0,Oliver Baumann,11.8,29.8,,,,,,,[],False,,,,,
1910889,FirstHalf,11,1,11,Pass,Unsuccessful,1211,Hoffenheim,77440.0,Oliver Baumann,15.8,21.7,70.3,43.2,,,,,"[{'type': {'displayName': 'PassEndY', 'value': 141}, 'value': '43.2'}, {'type': {'displayName': 'Length', 'value': 212}, 'value': '59.1'}, {'type': {'displayName': 'Longball', 'value': 1}}, {'type': {'displayName': 'Angle', 'value': 213}, 'value': '0.25'}, {'type': {'displayName': 'PassEndX', 'value': 140}, 'value': '70.3'}, {'type': {'displayName': 'Zone', 'value': 56}, 'value': 'Center'}]",True,,,,,
1910889,FirstHalf,11,3,11,Interception,Successful,42,Werder Bremen,333227.0,Marco Friedl,29.7,56.8,,,,,,,"[{'type': {'displayName': 'Head', 'value': 15}}, {'type': {'displayName': 'Zone', 'value': 56}, 'value': 'Back'}]",True,,,,,
1910889,FirstHalf,11,5,11,Pass,Successful,42,Werder Bremen,420405.0,Senne Lynen,24.8,45.1,5.9,43.8,,,,,"[{'type': {'displayName': 'PassEndY', 'value': 141}, 'value': '43.8'}, {'type': {'displayName': 'Length', 'value': 212}, 'value': '19.9'}, {'type': {'displayName': 'PassEndX', 'value': 140}, 'value': '5.9'}, {'type': {'displayName': 'Angle', 'value': 213}, 'value': '3.19'}, {'type': {'displayName': 'Zone', 'value': 56}, 'value': 'Back'}]",True,,,,,
1910889,FirstHalf,11,7,11,BallRecovery,Successful,42,Werder Bremen,436119.0,Mio Backhaus,7.2,50.7,,,,,,,[],False,,,,,
1910889,FirstHalf,11,9,11,Pass,Unsuccessful,42,Werder Bremen,436119.0,Mio Backhaus,7.5,57.9,36.6,55.6,,,,,"[{'type': {'displayName': 'Length', 'value': 212}, 'value': '30.6'}, {'type': {'displayName': 'PassEndX', 'value': 140}, 'value': '36.6'}, {'type': {'displayName': 'PassEndY', 'value': 141}, 'value': '55.6'}, {'type': {'displayName': 'Angle', 'value': 213}, 'value': '6.23'}, {'type': {'displayName': 'Zone', 'value': 56}, 'value': 'Back'}]",True,,,,,
1910889,FirstHalf,11,11,11,Interception,Successful,1211,Hoffenheim,361878.0,Wouter Burger,63.4,44.4,,,,,,,"[{'type': {'displayName': 'Zone', 'value': 56}, 'value': 'Center'}]",True,,,,,
1910889,FirstHalf,11,13,11,BallRecovery,Successful,1211,Hoffenheim,402697.0,Albian Hajdari,60.0,59.7,,,,,,,[],False,,,,,
1910889,FirstHalf,11,14,11,Pass,Successful,1211,Hoffenheim,402697.0,Albian Hajdari,60.0,59.7,67.1,61.2,,,,,"[{'type': {'displayName': 'PassEndX', 'value': 140}, 'value': '67.1'}, {'type': {'displayName': 'PassEndY', 'value': 141}, 'value': '61.2'}, {'type': {'displayName': 'Zone', 'value': 56}, 'value': 'Center'}, {'type': {'displayName': 'Angle', 'value': 213}, 'value': '0.14'}, {'type': {'displayName': 'Length', 'value': 212}, 'value': '7.5'}]",True,,,,,
1910889,FirstHalf,11,15,11,Pass,Successful,1211,Hoffenheim,75217.0,Andrej Kramaric,67.1,61.2,60.1,87.4,,,,,"[{'type': {'displayName': 'PassEndY', 'value': 141}, 'value': '87.4'}, {'type': {'displayName': 'PassEndX', 'value': 140}, 'value': '60.1'}, {'type': {'displayName': 'LayOff', 'value': 156}}, {'type': {'displayName': 'Length', 'value': 212}, 'value': '19.3'}, {'type': {'displayName': 'Zone', 'value': 56}, 'value': 'Left'}, {'type': {'displayName': 'Angle', 'value': 213}, 'value': '1.96'}]",True,,,,,
1910889,FirstHalf,11,17,11,Pass,Successful,1211,Hoffenheim,302588.0,Bernardo,60.7,87.4,61.6,71.4,,,,,"[{'type': {'displayName': 'Zone', 'value': 56}, 'value': 'Center'}, {'type': {'displayName': 'Length', 'value': 212}, 'value': '10.9'}, {'type': {'displayName': 'PassEndX', 'value': 140}, 'value': '61.6'}, {'type': {'displayName': 'Angle', 'value': 213}, 'value': '4.80'}, {'type': {'displayName': 'PassEndY', 'value': 141}, 'value': '71.4'}]",True,,,,,
1910889,FirstHalf,11,19,11,Pass,Successful,1211,Hoffenheim,402697.0,Albian Hajdari,63.2,72.1,69.6,65.4,,,,,"[{'type': {'displayName': 'Angle', 'value': 213}, 'value': '5.69'}, {'type': {'displayName': 'Length', 'value': 212}, 'value': '8.1'}, {'type': {'displayName': 'PassEndY', 'value': 141}, 'value': '65.4'}, {'type': {'displayName': 'Zone', 'value': 56}, 'value': 'Center'}, {'type': {'displayName': 'PassEndX', 'value': 140}, 'value': '69.6'}]",True,,,,,
1910889,FirstHalf,11,21,11,Pass,Successful,1211,Hoffenheim,361878.0,Wouter Burger,69.6,65.4,84.7,13.0,,,,,"[{'type': {'displayName': 'Zone', 'value': 56}, 'value': 'Right'}, {'type': {'displayName': 'PassEndX', 'value': 140}, 'value': '84.7'}, {'type': {'displayName': 'Longball', 'value': 1}}, {'type': {'displayName': 'Length', 'value': 212}, 'value': '39.0'}, {'type': {'displayName': 'Chipped', 'value': 155}}, {'type': {'displayName': 'PassEndY', 'value': 141}, 'value': '13.0'}, {'type': {'displayName': 'Angle', 'value': 213}, 'value': '5.13'}]",True,,,,,
1910889,FirstHalf,11,25,11,Pass,Unsuccessful,1211,Hoffenheim,111372.0,Vladimír Coufal,86.9,7.2,96.2,52.6,,,,,"[{'type': {'displayName': 'Chipped', 'value': 155}}, {'type': {'displayName': 'Longball', 'value': 1}}, {'type': {'displayName': 'Angle', 'value': 213}, 'value': '1.26'}, {'type': {'displayName': 'Zone', 'value': 56}, 'value': 'Center'}, {'type': {'displayName': 'RightFoot', 'value': 20}}, {'type': {'displayName': 'PassEndY', 'value': 141}, 'value': '52.6'}, {'type': {'displayName': 'PassEndX', 'value': 140}, 'value': '96.2'}, {'type': {'displayName': 'OppositeRelatedEvent', 'value': 233}, 'value': '83'}, {'type': {'displayName': 'Length', 'value': 212}, 'value': '32.4'}, {'type': {'displayName': 'Cross', 'value': 2}}]",True,,,,,
1910889,FirstHalf,11,27,11,Aerial,Successful,42,Werder Bremen,436119.0,Mio Backhaus,3.8,47.4,,,,,,,"[{'type': {'displayName': 'Defensive', 'value': 285}}, {'type': {'displayName': 'Zone', 'value': 56}, 'value': 'Back'}, {'type': {'displayName': 'OppositeRelatedEvent', 'value': 233}, 'value': '92'}]",False,,,,,
1910889,FirstHalf,11,27,11,Aerial,Unsuccessful,1211,Hoffenheim,395001.0,Tim Lemperle,96.2,52.6,,,,,,,"[{'type': {'displayName': 'OppositeRelatedEvent', 'value': 233}, 'value': '82'}, {'type': {'displayName': 'Zone', 'value': 56}, 'value': 'Center'}, {'type': {'displayName': 'Offensive', 'value': 286}}]",False,,,,,
1910889,FirstHalf,11,27,11,Claim,Successful,42,Werder Bremen,436119.0,Mio Backhaus,6.9,52.0,,,,,,,"[{'type': {'displayName': 'Zone', 'value': 56}, 'value': 'Back'}, {'type': {'displayName': 'OppositeRelatedEvent', 'value': 233}, 'value': '91'}, {'type': {'displayName': 'HighClaim', 'value': 88}}]",True,,,,,
1910889,FirstHalf,11,39,11,Pass,Unsuccessful,42,Werder Bremen,436119.0,Mio Backhaus,13.4,34.5,55.0,0.0,,,,,"[{'type': {'displayName': 'Zone', 'value': 56}, 'value': 'Right'}, {'type': {'displayName': 'Length', 'value': 212}, 'value': '50.1'}, {'type': {'displayName': 'Angle', 'value': 213}, 'value': '5.77'}, {'type': {'displayName': 'PassEndX', 'value': 140}, 'value': '55.0'}, {'type': {'displayName': 'Longball', 'value': 1}}, {'type': {'displayName': 'PassEndY', 'value': 141}, 'value': '0.0'}]",True,,,,,
1910889,FirstHalf,11,55,11,SubstitutionOff,Successful,42,Werder Bremen,569759.0,Salim Musah,0.0,0.0,,,,,,,"[{'type': {'displayName': 'RelatedEventId', 'value': 55}, 'value': '87'}, {'type': {'displayName': 'JerseyNumber', 'value': 59}, 'value': '29'}, {'type': {'displayName': 'PlayerPosition', 'value': 44}, 'value': 'Forward'}]",False,,,,87.0,538407.0
1910889,FirstHalf,11,55,11,SubstitutionOn,Successful,42,Werder Bremen,538407.0,Isaac Schmidt,0.0,0.0,,,,,,,"[{'type': {'displayName': 'PlayerPosition', 'value': 44}, 'value': 'Defender'}, {'type': {'displayName': 'FormationSlot', 'value': 145}, 'value': '9'}, {'type': {'displayName': 'JerseyNumber', 'value': 59}, 'value': '23'}, {'type': {'displayName': 'RelatedEventId', 'value': 55}, 'value': '86'}]",False,,,,86.0,569759.0
1910889,FirstHalf,12,0,12,FormationChange,Successful,42,Werder Bremen,,,0.0,0.0,,,,,,,"[{'type': {'displayName': 'TeamPlayerFormation', 'value': 131}, 'value': '1, 2, 3, 4, 5, 6, 8, 9, 10, 11, 0, 0, 0, 0, 0, 0, 0, 0'}, {'type': {'displayName': 'PlayerPosition', 'value': 44}, 'value': '1, 2, 2, 3, 2, 2, 3, 4, 3, 3, 5, 5, 5, 5, 5, 5, 5, 5'}, {'type': {'displayName': 'TeamFormation', 'value': 130}, 'value': '7'}, {'type': {'displayName': 'CaptainPlayerId', 'value': 194}, 'value': '333227'}, {'type': {'displayName': 'JerseyNumber', 'value': 59}, 'value': '30, 23, 2, 14, 5, 32, 6, 11, 18, 20, 25, 4, 31, 39, 24, 7, 17, 19'}, {'type': {'displayName': 'InvolvedPlayers', 'value': 30}, 'value': '436119,538407,407284,420405,368176,333227,377280,438066,431791,383847,104041,124597,554472,301024,549133,468855,385080,486741'}]",False,,,,,
1910889,FirstHalf,12,6,12,Pass,Successful,1211,Hoffenheim,302588.0,Bernardo,47.4,100.0,36.0,85.2,,,,,"[{'type': {'displayName': 'Zone', 'value': 56}, 'value': 'Back'}, {'type': {'displayName': 'Length', 'value': 212}, 'value': '16.3'}, {'type': {'displayName': 'Angle', 'value': 213}, 'value': '3.89'}, {'type': {'displayName': 'ThrowIn', 'value': 107}}, {'type': {'displayName': 'PassEndY', 'value': 141}, 'value': '85.2'}, {'type': {'displayName': 'PassEndX', 'value': 140}, 'value': '36.0'}]",True,,,,,
1910889,FirstHalf,12,11,12,Pass,Successful,1211,Hoffenheim,402697.0,Albian Hajdari,40.0,83.2,53.9,49.3,,,,,"[{'type': {'displayName': 'PassEndX', 'value': 140}, 'value': '53.9'}, {'type': {'displayName': 'Zone', 'value': 56}, 'value': 'Center'}, {'type': {'displayName': 'Length', 'value': 212}, 'value': '27.3'}, {'type': {'displayName': 'PassEndY', 'value': 141}, 'value': '49.3'}, {'type': {'displayName': 'Angle', 'value': 213}, 'value': '5.28'}]",True,,,,,
1910889,FirstHalf,12,12,12,Pass,Successful,1211,Hoffenheim,510234.0,Leon Avdullahu,54.5,49.0,62.0,10.0,,,,,"[{'type': {'displayName': 'Angle', 'value': 213}, 'value': '5.00'}, {'type': {'displayName': 'PassEndY', 'value': 141}, 'value': '10.0'}, {'type': {'displayName': 'Length', 'value': 212}, 'value': '27.7'}, {'type': {'displayName': 'PassEndX', 'value': 140}, 'value': '62.0'}, {'type': {'displayName': 'Zone', 'value': 56}, 'value': 'Right'}]",True,,,,,
1910889,FirstHalf,12,14,12,Pass,Successful,1211,Hoffenheim,111372.0,Vladimír Coufal,61.8,10.3,56.5,28.0,,,,,"[{'type': {'displayName': 'Length', 'value': 212}, 'value': '13.3'}, {'type': {'displayName': 'PassEndX', 'value': 140}, 'value': '56.5'}, {'type': {'displayName': 'Angle', 'value': 213}, 'value': '2.00'}, {'type': {'displayName': 'Zone', 'value': 56}, 'value': 'Center'}, {'type': {'displayName': 'PassEndY', 'value': 141}, 'value': '28.0'}]",True,,,,,
1910889,FirstHalf,12,16,12,Pass,Successful,1211,Hoffenheim,356743.0,Ozan Kabak,56.5,28.0,61.3,30.0,,,,,"[{'type': {'displayName': 'PassEndY', 'value': 141}, 'value': '30.0'}, {'type': {'displayName': 'PassEndX', 'value': 140}, 'value': '61.3'}, {'type': {'displayName': 'Zone', 'value': 56}, 'value': 'Center'}, {'type': {'displayName': 'Length', 'value': 212}, 'value': '5.2'}, {'type': {'displayName': 'Angle', 'value': 213}, 'value': '0.26'}]",True,,,,,
1910889,FirstHalf,12,17,12,Pass,Successful,1211,Hoffenheim,510234.0,Leon Avdullahu,61.3,30.0,61.3,52.2,,,,,"[{'type': {'displayName': 'PassEndX', 'value': 140}, 'value': '61.3'}, {'type': {'displayName': 'Angle', 'value': 213}, 'value': '1.57'}, {'type': {'displayName': 'Length', 'value': 212}, 'value': '15.1'}, {'type': {'displayName': 'Zone', 'value': 56}, 'value': 'Center'}, {'type': {'displayName': 'PassEndY', 'value': 141}, 'value': '52.2'}]",True,,,,,
1910889,FirstHalf,12,19,12,Pass,Successful,1211,Hoffenheim,361878.0,Wouter Burger,61.7,52.6,59.4,63.0,,,,,"[{'type': {'displayName': 'Angle', 'value': 213}, 'value': '1.90'}, {'type': {'displayName': 'Length', 'value': 212}, 'value': '7.5'}, {'type': {'displayName': 'PassEndX', 'value': 140}, 'value': '59.4'}, {'type': {'displayName': 'Zone', 'value': 56}, 'value': 'Center'}, {'type': {'displayName': 'PassEndY', 'value': 141}, 'value': '63.0'}]",True,,,,,
1910889,FirstHalf,12,21,12,Pass,Successful,1211,Hoffenheim,402697.0,Albian Hajdari,59.8,63.0,65.2,41.4,,,,,"[{'type': {'displayName': 'PassEndY', 'value': 141}, 'value': '41.4'}, {'type': {'displayName': 'Zone', 'value': 56}, 'value': 'Center'}, {'type': {'displayName': 'Length', 'value': 212}, 'value': '15.7'}, {'type': {'displayName': 'Angle', 'value': 213}, 'value': '5.08'}, {'type': {'displayName': 'PassEndX', 'value': 140}, 'value': '65.2'}]",True,,,,,
1910889,FirstHalf,12,22,12,Pass,Successful,1211,Hoffenheim,510234.0,Leon Avdullahu,65.2,41.4,72.8,32.1,,,,,"[{'type': {'displayName': 'PassEndX', 'value': 140}, 'value': '72.8'}, {'type': {'displayName': 'Zone', 'value': 56}, 'value': 'Center'}, {'type': {'displayName': 'PassEndY', 'value': 141}, 'value': '32.1'}, {'type': {'displayName': 'Angle', 'value': 213}, 'value': '5.61'}, {'type': {'displayName': 'Length', 'value': 212}, 'value': '10.2'}]",True,,,,,
1910889,FirstHalf,12,24,12,Pass,Successful,1211,Hoffenheim,428426.0,Fisnik Asllani,72.8,32.2,95.7,9.9,,,,,"[{'type': {'displayName': 'PassEndY', 'value': 141}, 'value': '9.9'}, {'type': {'displayName': 'Zone', 'value': 56}, 'value': 'Right'}, {'type': {'displayName': 'Length', 'value': 212}, 'value': '28.4'}, {'type': {'displayName': 'Angle', 'value': 213}, 'value': '5.72'}, {'type': {'displayName': 'PassEndX', 'value': 140}, 'value': '95.7'}]",True,,,,,
1910889,FirstHalf,12,26,12,Pass,Successful,1211,Hoffenheim,111372.0,Vladimír Coufal,97.0,12.3,92.4,45.6,,,,,"[{'type': {'displayName': 'RightFoot', 'value': 20}}, {'type': {'displayName': 'ShotAssist', 'value': 210}, 'value': '13'}, {'type': {'displayName': 'Length', 'value': 212}, 'value': '23.2'}, {'type': {'displayName': 'IntentionalAssist', 'value': 154}}, {'type': {'displayName': 'PassEndX', 'value': 140}, 'value': '92.4'}, {'type': {'displayName': 'Cross', 'value': 2}}, {'type': {'displayName': 'Angle', 'value': 213}, 'value': '1.78'}, {'type': {'displayName': 'PassEndY', 'value': 141}, 'value': '45.6'}, {'type': {'displayName': 'Zone', 'value': 56}, 'value': 'Center'}, {'type': {'displayName': 'KeyPass', 'value': 11113}}]",True,,,,,
1910889,FirstHalf,12,27,12,MissedShots,Successful,1211,Hoffenheim,361878.0,Wouter Burger,92.4,45.6,,,71.9,5.6,,,"[{'type': {'displayName': 'RelatedEventId', 'value': 55}, 'value': '104'}, {'type': {'displayName': 'Assisted', 'value': 29}}, {'type': {'displayName': 'GoalMouthZ', 'value': 103}, 'value': '5.6'}, {'type': {'displayName': 'RegularPlay', 'value': 22}}, {'type': {'displayName': 'LeftFoot', 'value': 72}}, {'type': {'displayName': 'MissLeft', 'value': 73}}, {'type': {'displayName': 'GoalMouthY', 'value': 102}, 'value': '71.9'}, {'type': {'displayName': 'FirstTouch', 'value': 328}}, {'type': {'displayName': 'Zone', 'value': 56}, 'value': 'Center'}, {'type': {'displayName': 'BoxCentre', 'value': 17}}, {'type': {'displayName': 'IntentionalAssist', 'value': 154}}]",True,True,,,104.0,111372.0
1910889,FirstHalf,12,58,12,Pass,Unsuccessful,42,Werder Bremen,436119.0,Mio Backhaus,4.0,48.7,60.2,11.1,,,,,"[{'type': {'displayName': 'Zone', 'value': 56}, 'value': 'Right'}, {'type': {'displayName': 'Longball', 'value': 1}}, {'type': {'displayName': 'PassEndY', 'value': 141}, 'value': '11.1'}, {'type': {'displayName': 'Length', 'value': 212}, 'value': '64.3'}, {'type': {'displayName': 'GoalKick', 'value': 124}}, {'type': {'displayName': 'Angle', 'value': 213}, 'value': '5.87'}, {'type': {'displayName': 'PassEndX', 'value': 140}, 'value': '60.2'}, {'type': {'displayName': 'MissHigh', 'value': 74}}]",True,,,,,
1910889,FirstHalf,13,1,13,Interception,Successful,1211,Hoffenheim,302588.0,Bernardo,39.8,88.9,,,,,,,"[{'type': {'displayName': 'Zone', 'value': 56}, 'value': 'Back'}]",True,,,,,
1910889,FirstHalf,13,20,13,Pass,Successful,42,Werder Bremen,538407.0,Isaac Schmidt,54.5,0.0,68.1,7.3,,,,,"[{'type': {'displayName': 'Length', 'value': 212}, 'value': '15.4'}, {'type': {'displayName': 'PassEndY', 'value': 141}, 'value': '7.3'}, {'type': {'displayName': 'Zone', 'value': 56}, 'value': 'Right'}, {'type': {'displayName': 'PassEndX', 'value': 140}, 'value': '68.1'}, {'type': {'displayName': 'Angle', 'value': 213}, 'value': '0.38'}, {'type': {'displayName': 'ThrowIn', 'value': 107}}]",True,,,,,
1910889,FirstHalf,13,23,13,BallTouch,Successful,42,Werder Bremen,438066.0,Justin Njinmah,68.0,7.3,,,,,,,"[{'type': {'displayName': 'Zone', 'value': 56}, 'value': 'Right'}]",True,,,,,
1910889,FirstHalf,13,24,13,BallTouch,Unsuccessful,42,Werder Bremen,538407.0,Isaac Schmidt,68.0,7.3,,,,,,,"[{'type': {'displayName': 'Zone', 'value': 56}, 'value': 'Right'}]",True,,,,,
1910889,FirstHalf,13,25,13,Clearance,Successful,1211,Hoffenheim,356743.0,Ozan Kabak,28.6,75.0,66.1,67.3,,,,,"[{'type': {'displayName': 'Length', 'value': 212}, 'value': '39.7'}, {'type': {'displayName': 'Angle', 'value': 213}, 'value': '6.15'}, {'type': {'displayName': 'PassEndY', 'value': 141}, 'value': '67.3'}, {'type': {'displayName': 'Zone', 'value': 56}, 'value': 'Center'}, {'type': {'displayName': 'PassEndX', 'value': 140}, 'value': '66.1'}]",True,,,,,
1910889,FirstHalf,13,28,13,Pass,Successful,42,Werder Bremen,368176.0,Amos Pieper,27.5,39.4,13.4,53.0,,,,,"[{'type': {'displayName': 'PassEndX', 'value': 140}, 'value': '13.4'}, {'type': {'displayName': 'Zone', 'value': 56}, 'value': 'Back'}, {'type': {'displayName': 'PassEndY', 'value': 141}, 'value': '53.0'}, {'type': {'displayName': 'Length', 'value': 212}, 'value': '17.5'}, {'type': {'displayName': 'Angle', 'value': 213}, 'value': '2.58'}]",True,,,,,
1910889,FirstHalf,13,32,13,Pass,Successful,42,Werder Bremen,436119.0,Mio Backhaus,18.5,63.8,27.5,90.4,,,,,"[{'type': {'displayName': 'Angle', 'value': 213}, 'value': '1.09'}, {'type': {'displayName': 'PassEndX', 'value': 140}, 'value': '27.5'}, {'type': {'displayName': 'Length', 'value': 212}, 'value': '20.4'}, {'type': {'displayName': 'Zone', 'value': 56}, 'value': 'Back'}, {'type': {'displayName': 'PassEndY', 'value': 141}, 'value': '90.4'}]",True,,,,,
1910889,FirstHalf,13,34,13,Pass,Successful,42,Werder Bremen,407284.0,Olivier Deman,25.9,88.7,4.0,52.5,,,,,"[{'type': {'displayName': 'Zone', 'value': 56}, 'value': 'Back'}, {'type': {'displayName': 'Longball', 'value': 1}}, {'type': {'displayName': 'PassEndX', 'value': 140}, 'value': '4.0'}, {'type': {'displayName': 'Length', 'value': 212}, 'value': '33.7'}, {'type': {'displayName': 'Angle', 'value': 213}, 'value': '3.96'}, {'type': {'displayName': 'PassEndY', 'value': 141}, 'value': '52.5'}]",True,,,,,
1910889,FirstHalf,13,38,13,Pass,Successful,42,Werder Bremen,436119.0,Mio Backhaus,3.5,50.3,3.0,20.2,,,,,"[{'type': {'displayName': 'Zone', 'value': 56}, 'value': 'Back'}, {'type': {'displayName': 'PassEndX', 'value': 140}, 'value': '3.0'}, {'type': {'displayName': 'PassEndY', 'value': 141}, 'value': '20.2'}, {'type': {'displayName': 'Angle', 'value': 213}, 'value': '4.69'}, {'type': {'displayName': 'Length', 'value': 212}, 'value': '20.5'}]",True,,,,,
1910889,FirstHalf,13,40,13,Pass,Successful,42,Werder Bremen,368176.0,Amos Pieper,2.8,17.5,10.0,3.7,,,,,"[{'type': {'displayName': 'PassEndX', 'value': 140}, 'value': '10.0'}, {'type': {'displayName': 'Zone', 'value': 56}, 'value': 'Back'}, {'type': {'displayName': 'Angle', 'value': 213}, 'value': '5.39'}, {'type': {'displayName': 'Length', 'value': 212}, 'value': '12.1'}, {'type': {'displayName': 'PassEndY', 'value': 141}, 'value': '3.7'}]",True,,,,,
1910889,FirstHalf,13,43,13,Pass,Successful,42,Werder Bremen,538407.0,Isaac Schmidt,12.6,5.4,52.7,6.4,,,,,"[{'type': {'displayName': 'PassEndY', 'value': 141}, 'value': '6.4'}, {'type': {'displayName': 'Chipped', 'value': 155}}, {'type': {'displayName': 'Angle', 'value': 213}, 'value': '0.02'}, {'type': {'displayName': 'Length', 'value': 212}, 'value': '42.1'}, {'type': {'displayName': 'Zone', 'value': 56}, 'value': 'Right'}, {'type': {'displayName': 'Longball', 'value': 1}}, {'type': {'displayName': 'PassEndX', 'value': 140}, 'value': '52.7'}]",True,,,,,
1910889,FirstHalf,13,48,13,Pass,Successful,42,Werder Bremen,377280.0,Jens Stage,66.2,6.6,91.1,20.2,,,,,"[{'type': {'displayName': 'Length', 'value': 212}, 'value': '27.7'}, {'type': {'displayName': 'Zone', 'value': 56}, 'value': 'Right'}, {'type': {'displayName': 'Angle', 'value': 213}, 'value': '0.34'}, {'type': {'displayName': 'PassEndX', 'value': 140}, 'value': '91.1'}, {'type': {'displayName': 'PassEndY', 'value': 141}, 'value': '20.2'}]",True,,,,,
1910889,FirstHalf,13,50,13,Pass,Successful,42,Werder Bremen,438066.0,Justin Njinmah,91.1,20.2,84.4,70.4,,,,,"[{'type': {'displayName': 'PassEndY', 'value': 141}, 'value': '70.4'}, {'type': {'displayName': 'Length', 'value': 212}, 'value': '34.9'}, {'type': {'displayName': 'Longball', 'value': 1}}, {'type': {'displayName': 'Zone', 'value': 56}, 'value': 'Center'}, {'type': {'displayName': 'Angle', 'value': 213}, 'value': '1.77'}, {'type': {'displayName': 'PassEndX', 'value': 140}, 'value': '84.4'}, {'type': {'displayName': 'Cross', 'value': 2}}, {'type': {'displayName': 'RightFoot', 'value': 20}}]",True,,,,,
1910889,FirstHalf,13,53,13,Pass,Successful,42,Werder Bremen,383847.0,Romano Schmid,84.4,71.0,80.9,68.2,,,,,"[{'type': {'displayName': 'Zone', 'value': 56}, 'value': 'Center'}, {'type': {'displayName': 'Length', 'value': 212}, 'value': '4.1'}, {'type': {'displayName': 'PassEndY', 'value': 141}, 'value': '68.2'}, {'type': {'displayName': 'PassEndX', 'value': 140}, 'value': '80.9'}, {'type': {'displayName': 'Angle', 'value': 213}, 'value': '3.62'}]",True,,,,,
1910889,FirstHalf,13,54,13,Pass,Successful,42,Werder Bremen,431791.0,Cameron Puertas,79.7,65.3,72.1,56.8,,,,,"[{'type': {'displayName': 'Zone', 'value': 56}, 'value': 'Center'}, {'type': {'displayName': 'IntentionalAssist', 'value': 154}}, {'type': {'displayName': 'PassEndY', 'value': 141}, 'value': '56.8'}, {'type': {'displayName': 'PassEndX', 'value': 140}, 'value': '72.1'}, {'type': {'displayName': 'ShotAssist', 'value': 210}, 'value': '13'}, {'type': {'displayName': 'Angle', 'value': 213}, 'value': '3.77'}, {'type': {'displayName': 'Length', 'value': 212}, 'value': '9.9'}, {'type': {'displayName': 'KeyPass', 'value': 11113}}]",True,,,,,
1910889,FirstHalf,13,55,13,MissedShots,Successful,42,Werder Bremen,407284.0,Olivier Deman,72.1,56.8,,,44.7,73.6,,,"[{'type': {'displayName': 'RegularPlay', 'value': 22}}, {'type': {'displayName': 'FirstTouch', 'value': 328}}, {'type': {'displayName': 'GoalMouthY', 'value': 102}, 'value': '44.7'}, {'type': {'displayName': 'IntentionalAssist', 'value': 154}}, {'type': {'displayName': 'RightFoot', 'value': 20}}, {'type': {'displayName': 'OutOfBoxCentre', 'value': 18}}, {'type': {'displayName': 'Assisted', 'value': 29}}, {'type': {'displayName': 'GoalMouthZ', 'value': 103}, 'value': '73.6'}, {'type': {'displayName': 'MissHigh', 'value': 74}}, {'type': {'displayName': 'RelatedEventId', 'value': 55}, 'value': '104'}, {'type': {'displayName': 'IndividualPlay', 'value': 215}}, {'type': {'displayName': 'Zone', 'value': 56}, 'value': 'Center'}]",True,True,,,104.0,431791.0
1910889,FirstHalf,14,15,14,Pass,Successful,1211,Hoffenheim,77440.0,Oliver Baumann,3.7,58.8,33.7,81.1,,,,,"[{'type': {'displayName': 'Zone', 'value': 56}, 'value': 'Back'}, {'type': {'displayName': 'PassEndY', 'value': 141}, 'value': '81.1'}, {'type': {'displayName': 'Length', 'value': 212}, 'value': '35.0'}, {'type': {'displayName': 'Longball', 'value': 1}}, {'type': {'displayName': 'PassEndX', 'value': 140}, 'value': '33.7'}, {'type': {'displayName': 'Angle', 'value': 213}, 'value': '0.45'}, {'type': {'displayName': 'GoalKick', 'value': 124}}]",True,,,,,
1910889,FirstHalf,14,17,14,Pass,Successful,1211,Hoffenheim,302588.0,Bernardo,34.2,81.0,35.6,36.9,,,,,"[{'type': {'displayName': 'Length', 'value': 212}, 'value': '30.0'}, {'type': {'displayName': 'Angle', 'value': 213}, 'value': '4.76'}, {'type': {'displayName': 'Zone', 'value': 56}, 'value': 'Back'}, {'type': {'displayName': 'PassEndX', 'value': 140}, 'value': '35.6'}, {'type': {'displayName': 'PassEndY', 'value': 141}, 'value': '36.9'}]",True,,,,,
1910889,FirstHalf,14,21,14,Pass,Successful,1211,Hoffenheim,356743.0,Ozan Kabak,43.1,27.4,47.1,34.2,,,,,"[{'type': {'displayName': 'PassEndX', 'value': 140}, 'value': '47.1'}, {'type': {'displayName': 'Length', 'value': 212}, 'value': '6.2'}, {'type': {'displayName': 'Angle', 'value': 213}, 'value': '0.83'}, {'type': {'displayName': 'Zone', 'value': 56}, 'value': 'Back'}, {'type': {'displayName': 'PassEndY', 'value': 141}, 'value': '34.2'}]",True,,,,,
1910889,FirstHalf,14,28,14,Pass,Successful,1211,Hoffenheim,510234.0,Leon Avdullahu,58.3,37.6,58.1,64.3,,,,,"[{'type': {'displayName': 'Angle', 'value': 213}, 'value': '1.58'}, {'type': {'displayName': 'Length', 'value': 212}, 'value': '18.2'}, {'type': {'displayName': 'PassEndX', 'value': 140}, 'value': '58.1'}, {'type': {'displayName': 'PassEndY', 'value': 141}, 'value': '64.3'}, {'type': {'displayName': 'Zone', 'value': 56}, 'value': 'Center'}]",True,,,,,
1910889,FirstHalf,14,31,14,Pass,Successful,1211,Hoffenheim,402697.0,Albian Hajdari,60.7,66.7,70.5,96.1,,,,,"[{'type': {'displayName': 'PassEndX', 'value': 140}, 'value': '70.5'}, {'type': {'displayName': 'Zone', 'value': 56}, 'value': 'Left'}, {'type': {'displayName': 'PassEndY', 'value': 141}, 'value': '96.1'}, {'type': {'displayName': 'Angle', 'value': 213}, 'value': '1.10'}, {'type': {'displayName': 'Length', 'value': 212}, 'value': '22.5'}]",True,,,,,
1910889,FirstHalf,14,34,14,Pass,Successful,1211,Hoffenheim,551965.0,Bazoumana Touré,76.3,93.0,89.6,27.4,,,,,"[{'type': {'displayName': 'Longball', 'value': 1}}, {'type': {'displayName': 'PassEndY', 'value': 141}, 'value': '27.4'}, {'type': {'displayName': 'Zone', 'value': 56}, 'value': 'Center'}, {'type': {'displayName': 'Angle', 'value': 213}, 'value': '5.02'}, {'type': {'displayName': 'LeftFoot', 'value': 72}}, {'type': {'displayName': 'PassEndX', 'value': 140}, 'value': '89.6'}, {'type': {'displayName': 'Chipped', 'value': 155}}, {'type': {'displayName': 'Cross', 'value': 2}}, {'type': {'displayName': 'Length', 'value': 212}, 'value': '46.7'}]",True,,,,,
1910889,FirstHalf,14,38,14,Pass,Successful,1211,Hoffenheim,111372.0,Vladimír Coufal,89.7,28.8,89.1,38.7,,,,,"[{'type': {'displayName': 'Angle', 'value': 213}, 'value': '1.66'}, {'type': {'displayName': 'Length', 'value': 212}, 'value': '6.8'}, {'type': {'displayName': 'PassEndY', 'value': 141}, 'value': '38.7'}, {'type': {'displayName': 'Zone', 'value': 56}, 'value': 'Center'}, {'type': {'displayName': 'PassEndX', 'value': 140}, 'value': '89.1'}]",True,,,,,
1910889,FirstHalf,14,40,14,Dispossessed,Successful,1211,Hoffenheim,75217.0,Andrej Kramaric,89.7,38.4,,,,,,,"[{'type': {'displayName': 'Zone', 'value': 56}, 'value': 'Center'}, {'type': {'displayName': 'OppositeRelatedEvent', 'value': 233}, 'value': '107'}, {'type': {'displayName': 'Offensive', 'value': 286}}]",True,,,,,
1910889,FirstHalf,14,40,14,Tackle,Successful,42,Werder Bremen,407284.0,Olivier Deman,10.3,61.6,,,,,,,"[{'type': {'displayName': 'StandingSave', 'value': 178}}, {'type': {'displayName': 'Defensive', 'value': 285}}, {'type': {'displayName': 'Zone', 'value': 56}, 'value': 'Back'}, {'type': {'displayName': 'LastMan', 'value': 14}}, {'type': {'displayName': 'OppositeRelatedEvent', 'value': 233}, 'value': '118'}]",True,,,,,
1910889,FirstHalf,14,41,14,Clearance,Successful,42,Werder Bremen,333227.0,Marco Friedl,6.9,62.1,55.4,91.2,,,,,"[{'type': {'displayName': 'PassEndX', 'value': 140}, 'value': '55.4'}, {'type': {'displayName': 'PassEndY', 'value': 141}, 'value': '91.2'}, {'type': {'displayName': 'Zone', 'value': 56}, 'value': 'Left'}, {'type': {'displayName': 'Length', 'value': 212}, 'value': '54.6'}, {'type': {'displayName': 'Angle', 'value': 213}, 'value': '0.37'}]",True,,,,,
1910889,FirstHalf,14,49,14,Pass,Successful,1211,Hoffenheim,356743.0,Ozan Kabak,46.6,15.9,64.1,28.5,,,,,"[{'type': {'displayName': 'Length', 'value': 212}, 'value': '20.3'}, {'type': {'displayName': 'Zone', 'value': 56}, 'value': 'Center'}, {'type': {'displayName': 'PassEndX', 'value': 140}, 'value': '64.1'}, {'type': {'displayName': 'Angle', 'value': 213}, 'value': '0.44'}, {'type': {'displayName': 'PassEndY', 'value': 141}, 'value': '28.5'}]",True,,,,,
1910889,FirstHalf,14,52,14,Pass,Unsuccessful,1211,Hoffenheim,510234.0,Leon Avdullahu,63.4,28.9,75.3,24.3,,,,,"[{'type': {'displayName': 'PassEndX', 'value': 140}, 'value': '75.3'}, {'type': {'displayName': 'PassEndY', 'value': 141}, 'value': '24.3'}, {'type': {'displayName': 'Zone', 'value': 56}, 'value': 'Center'}, {'type': {'displayName': 'Length', 'value': 212}, 'value': '12.9'}, {'type': {'displayName': 'Angle', 'value': 213}, 'value': '6.04'}]",True,,,,,
1910889,FirstHalf,14,54,14,BallRecovery,Successful,42,Werder Bremen,407284.0,Olivier Deman,22.2,83.5,,,,,,,[],False,,,,,
1910889,FirstHalf,14,55,14,Pass,Successful,42,Werder Bremen,407284.0,Olivier Deman,22.3,83.5,31.2,85.7,,,,,"[{'type': {'displayName': 'PassEndX', 'value': 140}, 'value': '31.2'}, {'type': {'displayName': 'Length', 'value': 212}, 'value': '9.5'}, {'type': {'displayName': 'Zone', 'value': 56}, 'value': 'Back'}, {'type': {'displayName': 'PassEndY', 'value': 141}, 'value': '85.7'}, {'type': {'displayName': 'Angle', 'value': 213}, 'value': '0.16'}]",True,,,,,
1910889,FirstHalf,14,56,14,Pass,Successful,42,Werder Bremen,383847.0,Romano Schmid,31.2,85.7,26.6,86.7,,,,,"[{'type': {'displayName': 'PassEndY', 'value': 141}, 'value': '86.7'}, {'type': {'displayName': 'Length', 'value': 212}, 'value': '4.9'}, {'type': {'displayName': 'PassEndX', 'value': 140}, 'value': '26.6'}, {'type': {'displayName': 'Angle', 'value': 213}, 'value': '3.00'}, {'type': {'displayName': 'Zone', 'value': 56}, 'value': 'Back'}]",True,,,,,
1910889,FirstHalf,14,59,14,Pass,Successful,42,Werder Bremen,407284.0,Olivier Deman,27.2,89.0,26.9,92.1,,,,,"[{'type': {'displayName': 'PassEndY', 'value': 141}, 'value': '92.1'}, {'type': {'displayName': 'Length', 'value': 212}, 'value': '2.1'}, {'type': {'displayName': 'Angle', 'value': 213}, 'value': '1.72'}, {'type': {'displayName': 'PassEndX', 'value': 140}, 'value': '26.9'}, {'type': {'displayName': 'Zone', 'value': 56}, 'value': 'Back'}]",True,,,,,
1910889,FirstHalf,15,0,15,Pass,Unsuccessful,42,Werder Bremen,383847.0,Romano Schmid,25.9,89.9,40.3,77.8,,,,,"[{'type': {'displayName': 'Length', 'value': 212}, 'value': '17.2'}, {'type': {'displayName': 'PassEndY', 'value': 141}, 'value': '77.8'}, {'type': {'displayName': 'PassEndX', 'value': 140}, 'value': '40.3'}, {'type': {'displayName': 'Angle', 'value': 213}, 'value': '5.78'}, {'type': {'displayName': 'Zone', 'value': 56}, 'value': 'Back'}]",True,,,,,
1910889,FirstHalf,15,2,15,Interception,Successful,1211,Hoffenheim,356743.0,Ozan Kabak,59.7,22.2,,,,,,,"[{'type': {'displayName': 'Zone', 'value': 56}, 'value': 'Center'}]",True,,,,,
1910889,FirstHalf,15,5,15,BallRecovery,Successful,1211,Hoffenheim,510234.0,Leon Avdullahu,59.9,28.3,,,,,,,[],False,,,,,
1910889,FirstHalf,15,6,15,Pass,Successful,1211,Hoffenheim,510234.0,Leon Avdullahu,59.9,28.3,61.6,38.5,,,,,"[{'type': {'displayName': 'PassEndX', 'value': 140}, 'value': '61.6'}, {'type': {'displayName': 'Angle', 'value': 213}, 'value': '1.32'}, {'type': {'displayName': 'PassEndY', 'value': 141}, 'value': '38.5'}, {'type': {'displayName': 'Length', 'value': 212}, 'value': '7.2'}, {'type': {'displayName': 'Zone', 'value': 56}, 'value': 'Center'}]",True,,,,,
1910889,FirstHalf,15,7,15,Pass,Successful,1211,Hoffenheim,75217.0,Andrej Kramaric,61.6,38.5,59.1,29.8,,,,,"[{'type': {'displayName': 'PassEndX', 'value': 140}, 'value': '59.1'}, {'type': {'displayName': 'Angle', 'value': 213}, 'value': '4.29'}, {'type': {'displayName': 'PassEndY', 'value': 141}, 'value': '29.8'}, {'type': {'displayName': 'Length', 'value': 212}, 'value': '6.5'}, {'type': {'displayName': 'Zone', 'value': 56}, 'value': 'Center'}]",True,,,,,
1910889,FirstHalf,15,8,15,Pass,Successful,1211,Hoffenheim,510234.0,Leon Avdullahu,59.2,31.6,61.0,67.9,,,,,"[{'type': {'displayName': 'Angle', 'value': 213}, 'value': '1.49'}, {'type': {'displayName': 'Zone', 'value': 56}, 'value': 'Center'}, {'type': {'displayName': 'Length', 'value': 212}, 'value': '24.8'}, {'type': {'displayName': 'PassEndX', 'value': 140}, 'value': '61.0'}, {'type': {'displayName': 'PassEndY', 'value': 141}, 'value': '67.9'}]",True,,,,,
1910889,FirstHalf,15,13,15,Pass,Successful,1211,Hoffenheim,302588.0,Bernardo,61.0,67.9,72.3,88.9,,,,,"[{'type': {'displayName': 'Length', 'value': 212}, 'value': '18.6'}, {'type': {'displayName': 'PassEndY', 'value': 141}, 'value': '88.9'}, {'type': {'displayName': 'Angle', 'value': 213}, 'value': '0.88'}, {'type': {'displayName': 'PassEndX', 'value': 140}, 'value': '72.3'}, {'type': {'displayName': 'Zone', 'value': 56}, 'value': 'Left'}]",True,,,,,
1910889,FirstHalf,15,14,15,Pass,Unsuccessful,1211,Hoffenheim,551965.0,Bazoumana Touré,72.4,88.9,90.5,76.8,,,,,"[{'type': {'displayName': 'Angle', 'value': 213}, 'value': '5.87'}, {'type': {'displayName': 'PassEndX', 'value': 140}, 'value': '90.5'}, {'type': {'displayName': 'Length', 'value': 212}, 'value': '20.7'}, {'type': {'displayName': 'Zone', 'value': 56}, 'value': 'Center'}, {'type': {'displayName': 'PassEndY', 'value': 141}, 'value': '76.8'}]",True,,,,,
1910889,FirstHalf,15,17,15,BallRecovery,Successful,42,Werder Bremen,420405.0,Senne Lynen,9.0,12.6,,,,,,,[],False,,,,,
1910889,FirstHalf,15,18,15,Pass,Successful,42,Werder Bremen,420405.0,Senne Lynen,9.0,12.6,16.5,19.0,,,,,"[{'type': {'displayName': 'PassEndY', 'value': 141}, 'value': '19.0'}, {'type': {'displayName': 'PassEndX', 'value': 140}, 'value': '16.5'}, {'type': {'displayName': 'Zone', 'value': 56}, 'value': 'Back'}, {'type': {'displayName': 'Length', 'value': 212}, 'value': '9.0'}, {'type': {'displayName': 'Angle', 'value': 213}, 'value': '0.50'}]",True,,,,,
1910889,FirstHalf,15,19,15,Pass,Successful,42,Werder Bremen,377280.0,Jens Stage,16.7,19.0,13.0,19.0,,,,,"[{'type': {'displayName': 'PassEndX', 'value': 140}, 'value': '13.0'}, {'type': {'displayName': 'Angle', 'value': 213}, 'value': '3.14'}, {'type': {'displayName': 'Zone', 'value': 56}, 'value': 'Back'}, {'type': {'displayName': 'Length', 'value': 212}, 'value': '3.9'}, {'type': {'displayName': 'PassEndY', 'value': 141}, 'value': '19.0'}]",True,,,,,
1910889,FirstHalf,15,20,15,Pass,Unsuccessful,42,Werder Bremen,538407.0,Isaac Schmidt,12.9,18.9,37.4,28.0,,,,,"[{'type': {'displayName': 'Angle', 'value': 213}, 'value': '0.24'}, {'type': {'displayName': 'Length', 'value': 212}, 'value': '26.5'}, {'type': {'displayName': 'PassEndY', 'value': 141}, 'value': '28.0'}, {'type': {'displayName': 'Chipped', 'value': 155}}, {'type': {'displayName': 'PassEndX', 'value': 140}, 'value': '37.4'}, {'type': {'displayName': 'Zone', 'value': 56}, 'value': 'Back'}]",True,,,,,
1910889,FirstHalf,15,21,15,Aerial,Successful,1211,Hoffenheim,402697.0,Albian Hajdari,62.6,72.0,,,,,,,"[{'type': {'displayName': 'Offensive', 'value': 286}}, {'type': {'displayName': 'Zone', 'value': 56}, 'value': 'Center'}, {'type': {'displayName': 'OppositeRelatedEvent', 'value': 233}, 'value': '118'}]",False,,,,,
1910889,FirstHalf,15,21,15,Aerial,Unsuccessful,42,Werder Bremen,438066.0,Justin Njinmah,37.4,28.0,,,,,,,"[{'type': {'displayName': 'Zone', 'value': 56}, 'value': 'Back'}, {'type': {'displayName': 'Defensive', 'value': 285}}, {'type': {'displayName': 'OppositeRelatedEvent', 'value': 233}, 'value': '129'}]",False,,,,,
1910889,FirstHalf,15,21,15,Pass,Successful,1211,Hoffenheim,402697.0,Albian Hajdari,62.6,72.0,65.6,84.6,,,,,"[{'type': {'displayName': 'Angle', 'value': 213}, 'value': '1.22'}, {'type': {'displayName': 'PassEndY', 'value': 141}, 'value': '84.6'}, {'type': {'displayName': 'HeadPass', 'value': 3}}, {'type': {'displayName': 'Length', 'value': 212}, 'value': '9.1'}, {'type': {'displayName': 'Zone', 'value': 56}, 'value': 'Left'}, {'type': {'displayName': 'PassEndX', 'value': 140}, 'value': '65.6'}]",True,,,,,
1910889,FirstHalf,15,23,15,Pass,Successful,1211,Hoffenheim,302588.0,Bernardo,65.3,84.7,67.5,75.0,,,,,"[{'type': {'displayName': 'PassEndX', 'value': 140}, 'value': '67.5'}, {'type': {'displayName': 'PassEndY', 'value': 141}, 'value': '75.0'}, {'type': {'displayName': 'HeadPass', 'value': 3}}, {'type': {'displayName': 'Zone', 'value': 56}, 'value': 'Center'}, {'type': {'displayName': 'Angle', 'value': 213}, 'value': '5.05'}, {'type': {'displayName': 'Length', 'value': 212}, 'value': '7.0'}]",True,,,,,
1910889,FirstHalf,15,26,15,BallRecovery,Successful,1211,Hoffenheim,361878.0,Wouter Burger,67.6,73.3,,,,,,,[],False,,,,,
1910889,FirstHalf,15,28,15,Pass,Successful,1211,Hoffenheim,361878.0,Wouter Burger,67.9,63.0,77.3,26.1,,,,,"[{'type': {'displayName': 'PassEndY', 'value': 141}, 'value': '26.1'}, {'type': {'displayName': 'PassEndX', 'value': 140}, 'value': '77.3'}, {'type': {'displayName': 'Zone', 'value': 56}, 'value': 'Center'}, {'type': {'displayName': 'Angle', 'value': 213}, 'value': '5.09'}, {'type': {'displayName': 'Length', 'value': 212}, 'value': '27.0'}]",True,,,,,
1910889,FirstHalf,15,32,15,Pass,Unsuccessful,1211,Hoffenheim,395001.0,Tim Lemperle,79.5,28.5,80.6,28.5,,,,,"[{'type': {'displayName': 'PassEndX', 'value': 140}, 'value': '80.6'}, {'type': {'displayName': 'Length', 'value': 212}, 'value': '1.2'}, {'type': {'displayName': 'OppositeRelatedEvent', 'value': 233}, 'value': '120'}, {'type': {'displayName': 'Zone', 'value': 56}, 'value': 'Center'}, {'type': {'displayName': 'Offensive', 'value': 286}}, {'type': {'displayName': 'Angle', 'value': 213}, 'value': '0.00'}, {'type': {'displayName': 'PassEndY', 'value': 141}, 'value': '28.5'}]",True,,,,,
1910889,FirstHalf,15,32,15,BlockedPass,Successful,42,Werder Bremen,333227.0,Marco Friedl,19.4,71.5,,,,,,,"[{'type': {'displayName': 'OppositeRelatedEvent', 'value': 233}, 'value': '134'}, {'type': {'displayName': 'Defensive', 'value': 285}}, {'type': {'displayName': 'Zone', 'value': 56}, 'value': 'Back'}]",True,,,,,
1910889,FirstHalf,15,34,15,Pass,Unsuccessful,42,Werder Bremen,333227.0,Marco Friedl,14.4,68.5,22.3,68.8,,,,,"[{'type': {'displayName': 'PassEndY', 'value': 141}, 'value': '68.8'}, {'type': {'displayName': 'PassEndX', 'value': 140}, 'value': '22.3'}, {'type': {'displayName': 'Angle', 'value': 213}, 'value': '0.02'}, {'type': {'displayName': 'Zone', 'value': 56}, 'value': 'Back'}, {'type': {'displayName': 'Length', 'value': 212}, 'value': '8.3'}]",True,,,,,
1910889,FirstHalf,17,13,17,Pass,Successful,1211,Hoffenheim,510234.0,Leon Avdullahu,64.0,13.6,64.5,42.0,,,,,"[{'type': {'displayName': 'Length', 'value': 212}, 'value': '19.3'}, {'type': {'displayName': 'PassEndY', 'value': 141}, 'value': '42.0'}, {'type': {'displayName': 'Angle', 'value': 213}, 'value': '1.54'}, {'type': {'displayName': 'PassEndX', 'value': 140}, 'value': '64.5'}, {'type': {'displayName': 'Zone', 'value': 56}, 'value': 'Center'}]",True,,,,,
1910889,FirstHalf,17,16,17,Pass,Successful,1211,Hoffenheim,361878.0,Wouter Burger,65.2,47.2,65.4,79.0,,,,,"[{'type': {'displayName': 'PassEndX', 'value': 140}, 'value': '65.4'}, {'type': {'displayName': 'Zone', 'value': 56}, 'value': 'Left'}, {'type': {'displayName': 'PassEndY', 'value': 141}, 'value': '79.0'}, {'type': {'displayName': 'Angle', 'value': 213}, 'value': '1.56'}, {'type': {'displayName': 'Length', 'value': 212}, 'value': '21.6'}]",True,,,,,
1910889,FirstHalf,17,18,17,Pass,Successful,1211,Hoffenheim,302588.0,Bernardo,65.4,79.0,62.1,60.7,,,,,"[{'type': {'displayName': 'PassEndX', 'value': 140}, 'value': '62.1'}, {'type': {'displayName': 'Angle', 'value': 213}, 'value': '4.44'}, {'type': {'displayName': 'Length', 'value': 212}, 'value': '12.9'}, {'type': {'displayName': 'PassEndY', 'value': 141}, 'value': '60.7'}, {'type': {'displayName': 'Zone', 'value': 56}, 'value': 'Center'}]",True,,,,,
1910889,FirstHalf,17,21,17,Pass,Successful,1211,Hoffenheim,402697.0,Albian Hajdari,62.1,60.7,63.9,42.4,,,,,"[{'type': {'displayName': 'Zone', 'value': 56}, 'value': 'Center'}, {'type': {'displayName': 'Length', 'value': 212}, 'value': '12.6'}, {'type': {'displayName': 'Angle', 'value': 213}, 'value': '4.86'}, {'type': {'displayName': 'PassEndX', 'value': 140}, 'value': '63.9'}, {'type': {'displayName': 'PassEndY', 'value': 141}, 'value': '42.4'}]",True,,,,,
1910889,FirstHalf,17,23,17,Pass,Successful,1211,Hoffenheim,356743.0,Ozan Kabak,64.3,41.8,68.2,23.1,,,,,"[{'type': {'displayName': 'Length', 'value': 212}, 'value': '13.4'}, {'type': {'displayName': 'Zone', 'value': 56}, 'value': 'Center'}, {'type': {'displayName': 'Angle', 'value': 213}, 'value': '5.02'}, {'type': {'displayName': 'PassEndX', 'value': 140}, 'value': '68.2'}, {'type': {'displayName': 'PassEndY', 'value': 141}, 'value': '23.1'}]",True,,,,,
1910889,FirstHalf,17,25,17,Pass,Successful,1211,Hoffenheim,510234.0,Leon Avdullahu,68.9,24.6,66.9,63.6,,,,,"[{'type': {'displayName': 'PassEndX', 'value': 140}, 'value': '66.9'}, {'type': {'displayName': 'Zone', 'value': 56}, 'value': 'Center'}, {'type': {'displayName': 'Length', 'value': 212}, 'value': '26.6'}, {'type': {'displayName': 'PassEndY', 'value': 141}, 'value': '63.6'}, {'type': {'displayName': 'Angle', 'value': 213}, 'value': '1.65'}]",True,,,,,
1910889,FirstHalf,17,27,17,Pass,Successful,1211,Hoffenheim,402697.0,Albian Hajdari,67.0,63.6,79.7,95.5,,,,,"[{'type': {'displayName': 'Zone', 'value': 56}, 'value': 'Left'}, {'type': {'displayName': 'Length', 'value': 212}, 'value': '25.5'}, {'type': {'displayName': 'Angle', 'value': 213}, 'value': '1.02'}, {'type': {'displayName': 'PassEndX', 'value': 140}, 'value': '79.7'}, {'type': {'displayName': 'PassEndY', 'value': 141}, 'value': '95.5'}]",True,,,,,
1910889,FirstHalf,17,30,17,Pass,Successful,1211,Hoffenheim,551965.0,Bazoumana Touré,79.7,95.4,91.1,78.6,,,,,"[{'type': {'displayName': 'Angle', 'value': 213}, 'value': '5.52'}, {'type': {'displayName': 'Length', 'value': 212}, 'value': '16.5'}, {'type': {'displayName': 'PassEndX', 'value': 140}, 'value': '91.1'}, {'type': {'displayName': 'Zone', 'value': 56}, 'value': 'Center'}, {'type': {'displayName': 'PassEndY', 'value': 141}, 'value': '78.6'}]",True,,,,,
1910889,FirstHalf,17,31,17,Pass,Unsuccessful,1211,Hoffenheim,361878.0,Wouter Burger,91.2,78.6,94.7,56.8,,,,,"[{'type': {'displayName': 'PassEndX', 'value': 140}, 'value': '94.7'}, {'type': {'displayName': 'Zone', 'value': 56}, 'value': 'Center'}, {'type': {'displayName': 'Angle', 'value': 213}, 'value': '4.96'}, {'type': {'displayName': 'LeftFoot', 'value': 72}}, {'type': {'displayName': 'PassEndY', 'value': 141}, 'value': '56.8'}, {'type': {'displayName': 'Cross', 'value': 2}}, {'type': {'displayName': 'Length', 'value': 212}, 'value': '15.3'}]",True,,,,,
1910889,FirstHalf,17,33,17,Clearance,Successful,42,Werder Bremen,368176.0,Amos Pieper,3.9,41.8,0.0,28.5,,,,,"[{'type': {'displayName': 'Zone', 'value': 56}, 'value': 'Back'}, {'type': {'displayName': 'Length', 'value': 212}, 'value': '10.6'}, {'type': {'displayName': 'PassEndX', 'value': 140}, 'value': '0.0'}, {'type': {'displayName': 'PassEndY', 'value': 141}, 'value': '28.5'}, {'type': {'displayName': 'Angle', 'value': 213}, 'value': '4.16'}]",True,,,,,
1910889,FirstHalf,17,34,17,CornerAwarded,Unsuccessful,42,Werder Bremen,368176.0,Amos Pieper,0.0,27.0,,,,,,,"[{'type': {'displayName': 'MissLeft', 'value': 73}}, {'type': {'displayName': 'Zone', 'value': 56}, 'value': 'Back'}, {'type': {'displayName': 'OppositeRelatedEvent', 'value': 233}, 'value': '147'}]",False,,,,,
1910889,FirstHalf,17,34,17,CornerAwarded,Successful,1211,Hoffenheim,361878.0,Wouter Burger,100.0,73.0,,,,,,,"[{'type': {'displayName': 'OppositeRelatedEvent', 'value': 233}, 'value': '126'}, {'type': {'displayName': 'MissLeft', 'value': 73}}, {'type': {'displayName': 'Zone', 'value': 56}, 'value': 'Center'}]",False,,,,,
1910889,FirstHalf,18,5,18,Pass,Unsuccessful,1211,Hoffenheim,111372.0,Vladimír Coufal,99.5,99.5,95.2,36.6,,,,,"[{'type': {'displayName': 'CornerTaken', 'value': 6}}, {'type': {'displayName': 'Longball', 'value': 1}}, {'type': {'displayName': 'PassEndY', 'value': 141}, 'value': '36.6'}, {'type': {'displayName': 'RightFoot', 'value': 20}}, {'type': {'displayName': 'Cross', 'value': 2}}, {'type': {'displayName': 'PassEndX', 'value': 140}, 'value': '95.2'}, {'type': {'displayName': 'Zone', 'value': 56}, 'value': 'Center'}, {'type': {'displayName': 'Angle', 'value': 213}, 'value': '4.61'}, {'type': {'displayName': 'Chipped', 'value': 155}}, {'type': {'displayName': 'Length', 'value': 212}, 'value': '43.0'}]",True,,,,,
1910889,FirstHalf,18,9,18,Aerial,Successful,42,Werder Bremen,407284.0,Olivier Deman,4.8,63.4,,,,,,,"[{'type': {'displayName': 'Zone', 'value': 56}, 'value': 'Back'}, {'type': {'displayName': 'OppositeRelatedEvent', 'value': 233}, 'value': '149'}, {'type': {'displayName': 'Defensive', 'value': 285}}]",False,,,,,
1910889,FirstHalf,18,9,18,Aerial,Unsuccessful,1211,Hoffenheim,395001.0,Tim Lemperle,95.2,36.6,,,,,,,"[{'type': {'displayName': 'Zone', 'value': 56}, 'value': 'Center'}, {'type': {'displayName': 'OppositeRelatedEvent', 'value': 233}, 'value': '127'}, {'type': {'displayName': 'Offensive', 'value': 286}}]",False,,,,,
1910889,FirstHalf,18,10,18,Clearance,Successful,42,Werder Bremen,407284.0,Olivier Deman,4.8,63.4,0.0,77.9,,,,,"[{'type': {'displayName': 'Head', 'value': 15}}, {'type': {'displayName': 'PassEndX', 'value': 140}, 'value': '0.0'}, {'type': {'displayName': 'Length', 'value': 212}, 'value': '11.6'}, {'type': {'displayName': 'Zone', 'value': 56}, 'value': 'Back'}, {'type': {'displayName': 'Angle', 'value': 213}, 'value': '2.13'}, {'type': {'displayName': 'PassEndY', 'value': 141}, 'value': '77.9'}]",True,,,,,
1910889,FirstHalf,18,11,18,CornerAwarded,Unsuccessful,42,Werder Bremen,407284.0,Olivier Deman,0.0,72.5,,,,,,,"[{'type': {'displayName': 'MissLeft', 'value': 73}}, {'type': {'displayName': 'Zone', 'value': 56}, 'value': 'Back'}, {'type': {'displayName': 'OppositeRelatedEvent', 'value': 233}, 'value': '150'}]",False,,,,,
1910889,FirstHalf,18,11,18,CornerAwarded,Successful,1211,Hoffenheim,111372.0,Vladimír Coufal,100.0,27.4,,,,,,,"[{'type': {'displayName': 'Zone', 'value': 56}, 'value': 'Center'}, {'type': {'displayName': 'OppositeRelatedEvent', 'value': 233}, 'value': '129'}, {'type': {'displayName': 'MissRight', 'value': 75}}]",False,,,,,
1910889,FirstHalf,18,33,18,Pass,Unsuccessful,1211,Hoffenheim,361878.0,Wouter Burger,99.5,0.5,91.3,43.5,,,,,"[{'type': {'displayName': 'OppositeRelatedEvent', 'value': 233}, 'value': '130'}, {'type': {'displayName': 'Angle', 'value': 213}, 'value': '1.86'}, {'type': {'displayName': 'LeftFoot', 'value': 72}}, {'type': {'displayName': 'PassEndX', 'value': 140}, 'value': '91.3'}, {'type': {'displayName': 'Cross', 'value': 2}}, {'type': {'displayName': 'Length', 'value': 212}, 'value': '30.5'}, {'type': {'displayName': 'Chipped', 'value': 155}}, {'type': {'displayName': 'Zone', 'value': 56}, 'value': 'Center'}, {'type': {'displayName': 'PassEndY', 'value': 141}, 'value': '43.5'}, {'type': {'displayName': 'CornerTaken', 'value': 6}}]",True,,,,,
1910889,FirstHalf,18,34,18,Aerial,Successful,42,Werder Bremen,436119.0,Mio Backhaus,8.7,56.5,,,,,,,"[{'type': {'displayName': 'OppositeRelatedEvent', 'value': 233}, 'value': '184'}, {'type': {'displayName': 'Zone', 'value': 56}, 'value': 'Back'}, {'type': {'displayName': 'Defensive', 'value': 285}}]",False,,,,,
1910889,FirstHalf,18,34,18,Aerial,Unsuccessful,1211,Hoffenheim,356743.0,Ozan Kabak,91.3,43.5,,,,,,,"[{'type': {'displayName': 'OppositeRelatedEvent', 'value': 233}, 'value': '145'}, {'type': {'displayName': 'Offensive', 'value': 286}}, {'type': {'displayName': 'Zone', 'value': 56}, 'value': 'Center'}]",False,,,,,
1910889,FirstHalf,18,34,18,Punch,Successful,42,Werder Bremen,436119.0,Mio Backhaus,8.7,56.5,4.8,52.8,,,,,"[{'type': {'displayName': 'Angle', 'value': 213}, 'value': '3.69'}, {'type': {'displayName': 'PassEndY', 'value': 141}, 'value': '52.8'}, {'type': {'displayName': 'OppositeRelatedEvent', 'value': 233}, 'value': '151'}, {'type': {'displayName': 'PassEndX', 'value': 140}, 'value': '4.8'}, {'type': {'displayName': 'Length', 'value': 212}, 'value': '4.8'}]",True,,,,,
1910889,FirstHalf,18,35,18,BallTouch,Successful,42,Werder Bremen,333227.0,Marco Friedl,2.6,50.6,,,,,,,"[{'type': {'displayName': 'Zone', 'value': 56}, 'value': 'Back'}]",True,,,,,
1910889,FirstHalf,18,37,18,SavedShot,Successful,1211,Hoffenheim,111372.0,Vladimír Coufal,81.2,49.5,,,48.7,19.0,90.7,49.1,"[{'type': {'displayName': 'OppositeRelatedEvent', 'value': 233}, 'value': '131'}, {'type': {'displayName': 'BlockedX', 'value': 146}, 'value': '90.7'}, {'type': {'displayName': 'FromCorner', 'value': 25}}, {'type': {'displayName': 'FirstTouch', 'value': 328}}, {'type': {'displayName': 'Blocked', 'value': 82}}, {'type': {'displayName': 'BlockedY', 'value': 147}, 'value': '49.1'}, {'type': {'displayName': 'Zone', 'value': 56}, 'value': 'Center'}, {'type': {'displayName': 'GoalMouthZ', 'value': 103}, 'value': '19'}, {'type': {'displayName': 'OutOfBoxCentre', 'value': 18}}, {'type': {'displayName': 'GoalMouthY', 'value': 102}, 'value': '48.7'}, {'type': {'displayName': 'Volley', 'value': 108}}, {'type': {'displayName': 'LowCentre', 'value': 78}}, {'type': {'displayName': 'RightFoot', 'value': 20}}]",True,True,,,,
1910889,FirstHalf,18,38,18,Save,Successful,42,Werder Bremen,377280.0,Jens Stage,10.3,50.4,,,,,,,"[{'type': {'displayName': 'Zone', 'value': 56}, 'value': 'Back'}, {'type': {'displayName': 'OutfielderBlock', 'value': 94}}, {'type': {'displayName': 'OppositeRelatedEvent', 'value': 233}, 'value': '152'}]",True,,,,,
1910889,FirstHalf,18,42,18,Pass,Successful,1211,Hoffenheim,111372.0,Vladimír Coufal,65.9,77.4,55.4,55.5,,,,,"[{'type': {'displayName': 'Angle', 'value': 213}, 'value': '4.08'}, {'type': {'displayName': 'Length', 'value': 212}, 'value': '18.5'}, {'type': {'displayName': 'Zone', 'value': 56}, 'value': 'Center'}, {'type': {'displayName': 'PassEndY', 'value': 141}, 'value': '55.5'}, {'type': {'displayName': 'PassEndX', 'value': 140}, 'value': '55.4'}]",True,,,,,
1910889,FirstHalf,18,44,18,Pass,Successful,1211,Hoffenheim,510234.0,Leon Avdullahu,55.5,55.5,62.5,34.5,,,,,"[{'type': {'displayName': 'Angle', 'value': 213}, 'value': '5.19'}, {'type': {'displayName': 'PassEndY', 'value': 141}, 'value': '34.5'}, {'type': {'displayName': 'Length', 'value': 212}, 'value': '16.1'}, {'type': {'displayName': 'PassEndX', 'value': 140}, 'value': '62.5'}, {'type': {'displayName': 'Zone', 'value': 56}, 'value': 'Center'}]",True,,,,,
1910889,FirstHalf,18,48,18,Pass,Unsuccessful,1211,Hoffenheim,551965.0,Bazoumana Touré,67.4,34.8,70.2,36.9,,,,,"[{'type': {'displayName': 'PassEndX', 'value': 140}, 'value': '70.2'}, {'type': {'displayName': 'Length', 'value': 212}, 'value': '3.3'}, {'type': {'displayName': 'PassEndY', 'value': 141}, 'value': '36.9'}, {'type': {'displayName': 'Zone', 'value': 56}, 'value': 'Center'}, {'type': {'displayName': 'Angle', 'value': 213}, 'value': '0.45'}]",True,,,,,
1910889,FirstHalf,18,49,18,Interception,Successful,42,Werder Bremen,420405.0,Senne Lynen,29.8,63.1,,,,,,,"[{'type': {'displayName': 'Zone', 'value': 56}, 'value': 'Back'}]",True,,,,,
1910889,FirstHalf,18,51,18,Dispossessed,Successful,1211,Hoffenheim,551965.0,Bazoumana Touré,73.0,31.9,,,,,,,"[{'type': {'displayName': 'Zone', 'value': 56}, 'value': 'Center'}, {'type': {'displayName': 'OppositeRelatedEvent', 'value': 233}, 'value': '164'}, {'type': {'displayName': 'Offensive', 'value': 286}}]",True,,,,,
1910889,FirstHalf,18,51,18,Tackle,Unsuccessful,42,Werder Bremen,420405.0,Senne Lynen,27.0,68.1,,,,,,,"[{'type': {'displayName': 'OppositeRelatedEvent', 'value': 233}, 'value': '156'}, {'type': {'displayName': 'StandingSave', 'value': 178}}, {'type': {'displayName': 'Defensive', 'value': 285}}, {'type': {'displayName': 'Zone', 'value': 56}, 'value': 'Back'}]",True,,,,,
1910889,FirstHalf,18,56,18,Pass,Successful,1211,Hoffenheim,551965.0,Bazoumana Touré,68.0,30.7,72.6,14.8,,,,,"[{'type': {'displayName': 'Zone', 'value': 56}, 'value': 'Right'}, {'type': {'displayName': 'PassEndY', 'value': 141}, 'value': '14.8'}, {'type': {'displayName': 'PassEndX', 'value': 140}, 'value': '72.6'}, {'type': {'displayName': 'Angle', 'value': 213}, 'value': '5.13'}, {'type': {'displayName': 'Length', 'value': 212}, 'value': '11.8'}]",True,,,,,
1910889,FirstHalf,18,58,18,Pass,Successful,1211,Hoffenheim,361878.0,Wouter Burger,72.6,15.3,69.2,57.1,,,,,"[{'type': {'displayName': 'PassEndY', 'value': 141}, 'value': '57.1'}, {'type': {'displayName': 'PassEndX', 'value': 140}, 'value': '69.2'}, {'type': {'displayName': 'Angle', 'value': 213}, 'value': '1.70'}, {'type': {'displayName': 'Zone', 'value': 56}, 'value': 'Center'}, {'type': {'displayName': 'Length', 'value': 212}, 'value': '28.6'}]",True,,,,,
1910889,FirstHalf,19,0,19,Pass,Unsuccessful,1211,Hoffenheim,302588.0,Bernardo,69.2,57.1,92.4,35.1,,,,,"[{'type': {'displayName': 'PassEndX', 'value': 140}, 'value': '92.4'}, {'type': {'displayName': 'Chipped', 'value': 155}}, {'type': {'displayName': 'Length', 'value': 212}, 'value': '28.6'}, {'type': {'displayName': 'PassEndY', 'value': 141}, 'value': '35.1'}, {'type': {'displayName': 'Zone', 'value': 56}, 'value': 'Center'}, {'type': {'displayName': 'Angle', 'value': 213}, 'value': '5.73'}]",True,,,,,
1910889,FirstHalf,19,1,19,Aerial,Successful,42,Werder Bremen,407284.0,Olivier Deman,7.6,64.9,,,,,,,"[{'type': {'displayName': 'Defensive', 'value': 285}}, {'type': {'displayName': 'Zone', 'value': 56}, 'value': 'Back'}, {'type': {'displayName': 'OppositeRelatedEvent', 'value': 233}, 'value': '160'}]",False,,,,,
1910889,FirstHalf,19,1,19,Aerial,Unsuccessful,1211,Hoffenheim,551965.0,Bazoumana Touré,92.4,35.1,,,,,,,"[{'type': {'displayName': 'Offensive', 'value': 286}}, {'type': {'displayName': 'OppositeRelatedEvent', 'value': 233}, 'value': '134'}, {'type': {'displayName': 'Zone', 'value': 56}, 'value': 'Center'}]",False,,,,,
1910889,FirstHalf,19,2,19,Clearance,Successful,42,Werder Bremen,407284.0,Olivier Deman,7.6,64.9,12.8,76.9,,,,,"[{'type': {'displayName': 'PassEndY', 'value': 141}, 'value': '76.9'}, {'type': {'displayName': 'Zone', 'value': 56}, 'value': 'Back'}, {'type': {'displayName': 'PassEndX', 'value': 140}, 'value': '12.8'}, {'type': {'displayName': 'Head', 'value': 15}}, {'type': {'displayName': 'Length', 'value': 212}, 'value': '9.8'}, {'type': {'displayName': 'Angle', 'value': 213}, 'value': '0.98'}]",True,,,,,
1910889,FirstHalf,19,3,19,BallRecovery,Successful,42,Werder Bremen,383847.0,Romano Schmid,13.8,80.0,,,,,,,[],False,,,,,
1910889,FirstHalf,19,8,19,Pass,Successful,42,Werder Bremen,383847.0,Romano Schmid,22.3,76.6,29.6,97.5,,,,,"[{'type': {'displayName': 'PassEndY', 'value': 141}, 'value': '97.5'}, {'type': {'displayName': 'PassEndX', 'value': 140}, 'value': '29.6'}, {'type': {'displayName': 'Length', 'value': 212}, 'value': '16.1'}, {'type': {'displayName': 'Zone', 'value': 56}, 'value': 'Back'}, {'type': {'displayName': 'Angle', 'value': 213}, 'value': '1.08'}]",True,,,,,
1910889,FirstHalf,19,11,19,Pass,Unsuccessful,42,Werder Bremen,407284.0,Olivier Deman,33.1,96.1,33.8,93.8,,,,,"[{'type': {'displayName': 'Zone', 'value': 56}, 'value': 'Back'}, {'type': {'displayName': 'PassEndX', 'value': 140}, 'value': '33.8'}, {'type': {'displayName': 'Chipped', 'value': 155}}, {'type': {'displayName': 'PassEndY', 'value': 141}, 'value': '93.8'}, {'type': {'displayName': 'Angle', 'value': 213}, 'value': '5.15'}, {'type': {'displayName': 'Length', 'value': 212}, 'value': '1.7'}]",True,,,,,
1910889,FirstHalf,19,13,19,BallTouch,Successful,1211,Hoffenheim,510234.0,Leon Avdullahu,60.1,14.5,,,,,,,"[{'type': {'displayName': 'Zone', 'value': 56}, 'value': 'Right'}]",True,,,,,
1910889,FirstHalf,19,17,19,BallRecovery,Successful,1211,Hoffenheim,395001.0,Tim Lemperle,55.5,74.1,,,,,,,[],False,,,,,
1910889,FirstHalf,19,18,19,Pass,Successful,1211,Hoffenheim,395001.0,Tim Lemperle,55.6,73.8,72.6,85.8,,,,,"[{'type': {'displayName': 'Angle', 'value': 213}, 'value': '0.43'}, {'type': {'displayName': 'PassEndX', 'value': 140}, 'value': '72.6'}, {'type': {'displayName': 'PassEndY', 'value': 141}, 'value': '85.8'}, {'type': {'displayName': 'Zone', 'value': 56}, 'value': 'Left'}, {'type': {'displayName': 'Length', 'value': 212}, 'value': '19.6'}]",True,,,,,
1910889,FirstHalf,19,20,19,Pass,Unsuccessful,1211,Hoffenheim,551965.0,Bazoumana Touré,82.7,82.0,97.1,55.2,,,,,"[{'type': {'displayName': 'LeftFoot', 'value': 72}}, {'type': {'displayName': 'PassEndY', 'value': 141}, 'value': '55.2'}, {'type': {'displayName': 'Zone', 'value': 56}, 'value': 'Center'}, {'type': {'displayName': 'PassEndX', 'value': 140}, 'value': '97.1'}, {'type': {'displayName': 'Chipped', 'value': 155}}, {'type': {'displayName': 'Length', 'value': 212}, 'value': '23.7'}, {'type': {'displayName': 'Angle', 'value': 213}, 'value': '5.40'}, {'type': {'displayName': 'Cross', 'value': 2}}]",True,,,,,
1910889,FirstHalf,19,21,19,Punch,Successful,42,Werder Bremen,436119.0,Mio Backhaus,2.9,44.8,3.8,41.2,,,,,"[{'type': {'displayName': 'Length', 'value': 212}, 'value': '2.6'}, {'type': {'displayName': 'Angle', 'value': 213}, 'value': '5.08'}, {'type': {'displayName': 'PassEndX', 'value': 140}, 'value': '3.8'}, {'type': {'displayName': 'PassEndY', 'value': 141}, 'value': '41.2'}]",True,,,,,
1910889,FirstHalf,19,22,19,BallTouch,Successful,42,Werder Bremen,333227.0,Marco Friedl,10.7,41.6,,,,,,,"[{'type': {'displayName': 'Zone', 'value': 56}, 'value': 'Back'}]",True,,,,,
1910889,FirstHalf,19,24,19,CornerAwarded,Unsuccessful,42,Werder Bremen,333227.0,Marco Friedl,0.0,19.6,,,,,,,"[{'type': {'displayName': 'MissLeft', 'value': 73}}, {'type': {'displayName': 'OppositeRelatedEvent', 'value': 233}, 'value': '165'}, {'type': {'displayName': 'Zone', 'value': 56}, 'value': 'Back'}]",False,,,,,
1910889,FirstHalf,19,24,19,CornerAwarded,Successful,1211,Hoffenheim,551965.0,Bazoumana Touré,100.0,80.4,,,,,,,"[{'type': {'displayName': 'MissLeft', 'value': 73}}, {'type': {'displayName': 'OppositeRelatedEvent', 'value': 233}, 'value': '140'}, {'type': {'displayName': 'Zone', 'value': 56}, 'value': 'Left'}]",False,,,,,
1910889,FirstHalf,20,26,20,Pass,Unsuccessful,1211,Hoffenheim,111372.0,Vladimír Coufal,99.5,99.5,93.0,67.2,,,,,"[{'type': {'displayName': 'PassEndY', 'value': 141}, 'value': '67.2'}, {'type': {'displayName': 'PassEndX', 'value': 140}, 'value': '93.0'}, {'type': {'displayName': 'Angle', 'value': 213}, 'value': '4.41'}, {'type': {'displayName': 'Chipped', 'value': 155}}, {'type': {'displayName': 'Zone', 'value': 56}, 'value': 'Center'}, {'type': {'displayName': 'Length', 'value': 212}, 'value': '23.0'}, {'type': {'displayName': 'RightFoot', 'value': 20}}, {'type': {'displayName': 'CornerTaken', 'value': 6}}, {'type': {'displayName': 'Cross', 'value': 2}}]",True,,,,,
1910889,FirstHalf,20,27,20,Clearance,Successful,42,Werder Bremen,538407.0,Isaac Schmidt,4.8,37.4,31.5,0.0,,,,,"[{'type': {'displayName': 'PassEndY', 'value': 141}, 'value': '0.0'}, {'type': {'displayName': 'PassEndX', 'value': 140}, 'value': '31.5'}, {'type': {'displayName': 'Length', 'value': 212}, 'value': '38.2'}, {'type': {'displayName': 'Zone', 'value': 56}, 'value': 'Back'}, {'type': {'displayName': 'Angle', 'value': 213}, 'value': '5.54'}]",True,,,,,
1910889,FirstHalf,20,39,20,Pass,Successful,1211,Hoffenheim,111372.0,Vladimír Coufal,67.5,100.0,55.0,78.6,,,,,"[{'type': {'displayName': 'PassEndY', 'value': 141}, 'value': '78.6'}, {'type': {'displayName': 'Zone', 'value': 56}, 'value': 'Center'}, {'type': {'displayName': 'PassEndX', 'value': 140}, 'value': '55.0'}, {'type': {'displayName': 'ThrowIn', 'value': 107}}, {'type': {'displayName': 'Length', 'value': 212}, 'value': '20.1'}, {'type': {'displayName': 'Angle', 'value': 213}, 'value': '4.00'}]",True,,,,,
1910889,FirstHalf,20,41,20,Pass,Successful,1211,Hoffenheim,510234.0,Leon Avdullahu,55.0,78.6,60.4,51.4,,,,,"[{'type': {'displayName': 'Zone', 'value': 56}, 'value': 'Center'}, {'type': {'displayName': 'Angle', 'value': 213}, 'value': '5.01'}, {'type': {'displayName': 'PassEndX', 'value': 140}, 'value': '60.4'}, {'type': {'displayName': 'PassEndY', 'value': 141}, 'value': '51.4'}, {'type': {'displayName': 'Length', 'value': 212}, 'value': '19.3'}]",True,,,,,
1910889,FirstHalf,20,44,20,Pass,Successful,1211,Hoffenheim,361878.0,Wouter Burger,60.3,51.9,70.5,92.7,,,,,"[{'type': {'displayName': 'Length', 'value': 212}, 'value': '29.7'}, {'type': {'displayName': 'Angle', 'value': 213}, 'value': '1.20'}, {'type': {'displayName': 'PassEndX', 'value': 140}, 'value': '70.5'}, {'type': {'displayName': 'PassEndY', 'value': 141}, 'value': '92.7'}, {'type': {'displayName': 'Zone', 'value': 56}, 'value': 'Left'}]",True,,,,,
1910889,FirstHalf,20,48,20,Pass,Successful,1211,Hoffenheim,551965.0,Bazoumana Touré,72.9,92.2,92.3,80.1,,,,,"[{'type': {'displayName': 'Length', 'value': 212}, 'value': '22.0'}, {'type': {'displayName': 'Zone', 'value': 56}, 'value': 'Left'}, {'type': {'displayName': 'Angle', 'value': 213}, 'value': '5.90'}, {'type': {'displayName': 'PassEndX', 'value': 140}, 'value': '92.3'}, {'type': {'displayName': 'PassEndY', 'value': 141}, 'value': '80.1'}]",True,,,,,
1910889,FirstHalf,20,51,20,Pass,Successful,1211,Hoffenheim,428426.0,Fisnik Asllani,94.0,79.3,88.2,70.0,,,,,"[{'type': {'displayName': 'PassEndX', 'value': 140}, 'value': '88.2'}, {'type': {'displayName': 'Zone', 'value': 56}, 'value': 'Center'}, {'type': {'displayName': 'PassEndY', 'value': 141}, 'value': '70.0'}, {'type': {'displayName': 'Angle', 'value': 213}, 'value': '3.95'}, {'type': {'displayName': 'Length', 'value': 212}, 'value': '8.8'}]",True,,,,,
1910889,FirstHalf,20,53,20,Pass,Successful,1211,Hoffenheim,361878.0,Wouter Burger,88.6,72.0,85.8,90.9,,,,,"[{'type': {'displayName': 'Zone', 'value': 56}, 'value': 'Left'}, {'type': {'displayName': 'Length', 'value': 212}, 'value': '13.2'}, {'type': {'displayName': 'PassEndX', 'value': 140}, 'value': '85.8'}, {'type': {'displayName': 'PassEndY', 'value': 141}, 'value': '90.9'}, {'type': {'displayName': 'Angle', 'value': 213}, 'value': '1.80'}]",True,,,,,
1910889,FirstHalf,20,55,20,TakeOn,Unsuccessful,1211,Hoffenheim,551965.0,Bazoumana Touré,85.8,90.9,,,,,,,"[{'type': {'displayName': 'Zone', 'value': 56}, 'value': 'Left'}, {'type': {'displayName': 'Offensive', 'value': 286}}, {'type': {'displayName': 'OverRun', 'value': 211}}]",True,,,,,
1910889,FirstHalf,20,56,20,Clearance,Successful,42,Werder Bremen,431791.0,Cameron Puertas,5.3,23.9,8.1,0.0,,,,,"[{'type': {'displayName': 'Angle', 'value': 213}, 'value': '4.89'}, {'type': {'displayName': 'Length', 'value': 212}, 'value': '17.0'}, {'type': {'displayName': 'Zone', 'value': 56}, 'value': 'Back'}, {'type': {'displayName': 'PassEndY', 'value': 141}, 'value': '0.0'}, {'type': {'displayName': 'PassEndX', 'value': 140}, 'value': '8.1'}]",True,,,,,
1910889,FirstHalf,21,5,21,Pass,Successful,1211,Hoffenheim,302588.0,Bernardo,81.4,100.0,70.5,90.9,,,,,"[{'type': {'displayName': 'Angle', 'value': 213}, 'value': '3.71'}, {'type': {'displayName': 'ThrowIn', 'value': 107}}, {'type': {'displayName': 'Length', 'value': 212}, 'value': '13.6'}, {'type': {'displayName': 'PassEndX', 'value': 140}, 'value': '70.5'}, {'type': {'displayName': 'PassEndY', 'value': 141}, 'value': '90.9'}, {'type': {'displayName': 'Zone', 'value': 56}, 'value': 'Left'}]",True,,,,,
1910889,FirstHalf,21,6,21,Pass,Unsuccessful,1211,Hoffenheim,402697.0,Albian Hajdari,71.1,89.9,90.3,43.0,,,,,"[{'type': {'displayName': 'Longball', 'value': 1}}, {'type': {'displayName': 'Cross', 'value': 2}}, {'type': {'displayName': 'Zone', 'value': 56}, 'value': 'Center'}, {'type': {'displayName': 'PassEndY', 'value': 141}, 'value': '43.0'}, {'type': {'displayName': 'Length', 'value': 212}, 'value': '37.7'}, {'type': {'displayName': 'Chipped', 'value': 155}}, {'type': {'displayName': 'LeftFoot', 'value': 72}}, {'type': {'displayName': 'Angle', 'value': 213}, 'value': '5.28'}, {'type': {'displayName': 'PassEndX', 'value': 140}, 'value': '90.3'}]",True,,,,,
1910889,FirstHalf,21,8,21,Clearance,Successful,42,Werder Bremen,333227.0,Marco Friedl,8.0,56.1,36.5,97.8,,,,,"[{'type': {'displayName': 'Head', 'value': 15}}, {'type': {'displayName': 'PassEndX', 'value': 140}, 'value': '36.5'}, {'type': {'displayName': 'Angle', 'value': 213}, 'value': '0.76'}, {'type': {'displayName': 'Length', 'value': 212}, 'value': '41.2'}, {'type': {'displayName': 'Zone', 'value': 56}, 'value': 'Back'}, {'type': {'displayName': 'PassEndY', 'value': 141}, 'value': '97.8'}]",True,,,,,
1910889,FirstHalf,21,17,21,Pass,Successful,1211,Hoffenheim,111372.0,Vladimír Coufal,61.2,9.4,57.6,34.0,,,,,"[{'type': {'displayName': 'Length', 'value': 212}, 'value': '17.1'}, {'type': {'displayName': 'PassEndX', 'value': 140}, 'value': '57.6'}, {'type': {'displayName': 'Angle', 'value': 213}, 'value': '1.79'}, {'type': {'displayName': 'PassEndY', 'value': 141}, 'value': '34.0'}, {'type': {'displayName': 'Zone', 'value': 56}, 'value': 'Center'}]",True,,,,,
1910889,FirstHalf,21,18,21,Pass,Successful,1211,Hoffenheim,510234.0,Leon Avdullahu,58.5,34.2,57.9,60.4,,,,,"[{'type': {'displayName': 'Length', 'value': 212}, 'value': '17.8'}, {'type': {'displayName': 'Zone', 'value': 56}, 'value': 'Center'}, {'type': {'displayName': 'PassEndX', 'value': 140}, 'value': '57.9'}, {'type': {'displayName': 'PassEndY', 'value': 141}, 'value': '60.4'}, {'type': {'displayName': 'Angle', 'value': 213}, 'value': '1.61'}]",True,,,,,
1910889,FirstHalf,21,21,21,Pass,Successful,1211,Hoffenheim,402697.0,Albian Hajdari,60.0,62.7,69.7,93.9,,,,,"[{'type': {'displayName': 'Angle', 'value': 213}, 'value': '1.12'}, {'type': {'displayName': 'PassEndX', 'value': 140}, 'value': '69.7'}, {'type': {'displayName': 'PassEndY', 'value': 141}, 'value': '93.9'}, {'type': {'displayName': 'Zone', 'value': 56}, 'value': 'Left'}, {'type': {'displayName': 'Length', 'value': 212}, 'value': '23.5'}]",True,,,,,
1910889,FirstHalf,21,25,21,Pass,Unsuccessful,1211,Hoffenheim,551965.0,Bazoumana Touré,76.7,92.4,91.4,35.8,,,,,"[{'type': {'displayName': 'LeftFoot', 'value': 72}}, {'type': {'displayName': 'PassEndY', 'value': 141}, 'value': '35.8'}, {'type': {'displayName': 'Chipped', 'value': 155}}, {'type': {'displayName': 'Angle', 'value': 213}, 'value': '5.09'}, {'type': {'displayName': 'Cross', 'value': 2}}, {'type': {'displayName': 'Length', 'value': 212}, 'value': '41.5'}, {'type': {'displayName': 'Longball', 'value': 1}}, {'type': {'displayName': 'Zone', 'value': 56}, 'value': 'Center'}, {'type': {'displayName': 'PassEndX', 'value': 140}, 'value': '91.4'}]",True,,,,,
1910889,FirstHalf,21,27,21,BallTouch,Successful,42,Werder Bremen,383847.0,Romano Schmid,6.1,63.0,,,,,,,"[{'type': {'displayName': 'Zone', 'value': 56}, 'value': 'Back'}]",True,,,,,
1910889,FirstHalf,21,30,21,KeeperPickup,Successful,42,Werder Bremen,436119.0,Mio Backhaus,6.0,63.8,,,,,,,[],False,,,,,
1910889,FirstHalf,21,33,21,Pass,Successful,42,Werder Bremen,436119.0,Mio Backhaus,10.7,69.7,62.2,87.9,,,,,"[{'type': {'displayName': 'PassEndY', 'value': 141}, 'value': '87.9'}, {'type': {'displayName': 'Longball', 'value': 1}}, {'type': {'displayName': 'Angle', 'value': 213}, 'value': '0.22'}, {'type': {'displayName': 'Length', 'value': 212}, 'value': '55.5'}, {'type': {'displayName': 'Zone', 'value': 56}, 'value': 'Left'}, {'type': {'displayName': 'PassEndX', 'value': 140}, 'value': '62.2'}]",True,,,,,
1910889,FirstHalf,21,37,21,TakeOn,Unsuccessful,42,Werder Bremen,438066.0,Justin Njinmah,68.6,86.8,,,,,,,"[{'type': {'displayName': 'Zone', 'value': 56}, 'value': 'Left'}, {'type': {'displayName': 'Offensive', 'value': 286}}, {'type': {'displayName': 'OppositeRelatedEvent', 'value': 233}, 'value': '182'}]",True,,,,,
1910889,FirstHalf,21,37,21,Tackle,Successful,1211,Hoffenheim,402697.0,Albian Hajdari,31.4,13.2,,,,,,,"[{'type': {'displayName': 'StandingSave', 'value': 178}}, {'type': {'displayName': 'OppositeRelatedEvent', 'value': 233}, 'value': '153'}, {'type': {'displayName': 'Defensive', 'value': 285}}, {'type': {'displayName': 'Zone', 'value': 56}, 'value': 'Back'}]",True,,,,,
1910889,FirstHalf,21,39,21,CornerAwarded,Successful,42,Werder Bremen,438066.0,Justin Njinmah,86.8,89.4,,,,,,,"[{'type': {'displayName': 'Zone', 'value': 56}, 'value': 'Left'}, {'type': {'displayName': 'MissLeft', 'value': 73}}, {'type': {'displayName': 'OppositeRelatedEvent', 'value': 233}, 'value': '183'}]",False,,,,,
1910889,FirstHalf,21,39,21,CornerAwarded,Unsuccessful,1211,Hoffenheim,402697.0,Albian Hajdari,13.2,10.6,,,,,,,"[{'type': {'displayName': 'OppositeRelatedEvent', 'value': 233}, 'value': '154'}, {'type': {'displayName': 'MissLeft', 'value': 73}}, {'type': {'displayName': 'Zone', 'value': 56}, 'value': 'Back'}]",False,,,,,
1910889,FirstHalf,22,22,22,Pass,Unsuccessful,42,Werder Bremen,431791.0,Cameron Puertas,99.5,99.5,97.4,59.9,,,,,"[{'type': {'displayName': 'PassEndX', 'value': 140}, 'value': '97.4'}, {'type': {'displayName': 'Length', 'value': 212}, 'value': '27.0'}, {'type': {'displayName': 'Angle', 'value': 213}, 'value': '4.63'}, {'type': {'displayName': 'RightFoot', 'value': 20}}, {'type': {'displayName': 'Chipped', 'value': 155}}, {'type': {'displayName': 'Cross', 'value': 2}}, {'type': {'displayName': 'PassEndY', 'value': 141}, 'value': '59.9'}, {'type': {'displayName': 'Zone', 'value': 56}, 'value': 'Center'}, {'type': {'displayName': 'CornerTaken', 'value': 6}}]",True,,,,,
1910889,FirstHalf,22,23,22,Clearance,Successful,1211,Hoffenheim,361878.0,Wouter Burger,3.0,43.9,20.4,19.6,,,,,"[{'type': {'displayName': 'PassEndY', 'value': 141}, 'value': '19.6'}, {'type': {'displayName': 'Length', 'value': 212}, 'value': '24.6'}, {'type': {'displayName': 'PassEndX', 'value': 140}, 'value': '20.4'}, {'type': {'displayName': 'Angle', 'value': 213}, 'value': '5.55'}, {'type': {'displayName': 'Head', 'value': 15}}, {'type': {'displayName': 'Zone', 'value': 56}, 'value': 'Back'}]",True,,,,,
1910889,FirstHalf,22,25,22,Pass,Successful,42,Werder Bremen,383847.0,Romano Schmid,77.9,80.1,83.3,87.2,,,,,"[{'type': {'displayName': 'PassEndY', 'value': 141}, 'value': '87.2'}, {'type': {'displayName': 'Angle', 'value': 213}, 'value': '0.71'}, {'type': {'displayName': 'PassEndX', 'value': 140}, 'value': '83.3'}, {'type': {'displayName': 'Zone', 'value': 56}, 'value': 'Left'}, {'type': {'displayName': 'Length', 'value': 212}, 'value': '7.4'}]",True,,,,,
1910889,FirstHalf,22,29,22,Pass,Unsuccessful,42,Werder Bremen,431791.0,Cameron Puertas,83.1,82.6,86.6,58.2,,,,,"[{'type': {'displayName': 'Chipped', 'value': 155}}, {'type': {'displayName': 'Zone', 'value': 56}, 'value': 'Center'}, {'type': {'displayName': 'Angle', 'value': 213}, 'value': '4.93'}, {'type': {'displayName': 'PassEndY', 'value': 141}, 'value': '58.2'}, {'type': {'displayName': 'RightFoot', 'value': 20}}, {'type': {'displayName': 'Cross', 'value': 2}}, {'type': {'displayName': 'PassEndX', 'value': 140}, 'value': '86.6'}, {'type': {'displayName': 'Length', 'value': 212}, 'value': '17.0'}]",True,,,,,
1910889,FirstHalf,22,31,22,Clearance,Successful,1211,Hoffenheim,361878.0,Wouter Burger,11.0,37.8,20.6,28.0,,,,,"[{'type': {'displayName': 'Zone', 'value': 56}, 'value': 'Back'}, {'type': {'displayName': 'Length', 'value': 212}, 'value': '12.1'}, {'type': {'displayName': 'PassEndY', 'value': 141}, 'value': '28.0'}, {'type': {'displayName': 'PassEndX', 'value': 140}, 'value': '20.6'}, {'type': {'displayName': 'Angle', 'value': 213}, 'value': '5.70'}, {'type': {'displayName': 'Head', 'value': 15}}]",True,,,,,
1910889,FirstHalf,22,33,22,BallRecovery,Successful,1211,Hoffenheim,395001.0,Tim Lemperle,22.3,31.9,,,,,,,[],False,,,,,
1910889,FirstHalf,22,34,22,Pass,Unsuccessful,1211,Hoffenheim,395001.0,Tim Lemperle,22.5,32.1,31.3,65.1,,,,,"[{'type': {'displayName': 'PassEndX', 'value': 140}, 'value': '31.3'}, {'type': {'displayName': 'Angle', 'value': 213}, 'value': '1.18'}, {'type': {'displayName': 'Length', 'value': 212}, 'value': '24.3'}, {'type': {'displayName': 'Longball', 'value': 1}}, {'type': {'displayName': 'PassEndY', 'value': 141}, 'value': '65.1'}, {'type': {'displayName': 'Zone', 'value': 56}, 'value': 'Back'}]",True,,,,,
1910889,FirstHalf,22,35,22,BallRecovery,Successful,42,Werder Bremen,538407.0,Isaac Schmidt,77.5,36.4,,,,,,,[],False,,,,,
1910889,FirstHalf,22,37,22,TakeOn,Unsuccessful,42,Werder Bremen,538407.0,Isaac Schmidt,75.6,39.3,,,,,,,"[{'type': {'displayName': 'OppositeRelatedEvent', 'value': 233}, 'value': '189'}, {'type': {'displayName': 'Zone', 'value': 56}, 'value': 'Center'}, {'type': {'displayName': 'Offensive', 'value': 286}}]",True,,,,,
1910889,FirstHalf,22,37,22,Tackle,Successful,1211,Hoffenheim,361878.0,Wouter Burger,24.4,60.7,,,,,,,"[{'type': {'displayName': 'Defensive', 'value': 285}}, {'type': {'displayName': 'OppositeRelatedEvent', 'value': 233}, 'value': '159'}, {'type': {'displayName': 'Zone', 'value': 56}, 'value': 'Back'}, {'type': {'displayName': 'StandingSave', 'value': 178}}]",True,,,,,
1910889,FirstHalf,22,38,22,Clearance,Successful,1211,Hoffenheim,395001.0,Tim Lemperle,22.7,57.9,13.9,75.4,,,,,"[{'type': {'displayName': 'Length', 'value': 212}, 'value': '15.1'}, {'type': {'displayName': 'PassEndY', 'value': 141}, 'value': '75.4'}, {'type': {'displayName': 'PassEndX', 'value': 140}, 'value': '13.9'}, {'type': {'displayName': 'Angle', 'value': 213}, 'value': '2.23'}, {'type': {'displayName': 'Zone', 'value': 56}, 'value': 'Back'}]",True,,,,,
1910889,FirstHalf,22,41,22,Pass,Unsuccessful,42,Werder Bremen,377280.0,Jens Stage,90.8,36.4,91.7,48.8,,,,,"[{'type': {'displayName': 'Zone', 'value': 56}, 'value': 'Center'}, {'type': {'displayName': 'PassEndX', 'value': 140}, 'value': '91.7'}, {'type': {'displayName': 'PassEndY', 'value': 141}, 'value': '48.8'}, {'type': {'displayName': 'Length', 'value': 212}, 'value': '8.5'}, {'type': {'displayName': 'Angle', 'value': 213}, 'value': '1.46'}]",True,,,,,
1910889,FirstHalf,22,42,22,Clearance,Successful,1211,Hoffenheim,356743.0,Ozan Kabak,10.6,52.3,12.7,81.9,,,,,"[{'type': {'displayName': 'Length', 'value': 212}, 'value': '20.2'}, {'type': {'displayName': 'Zone', 'value': 56}, 'value': 'Back'}, {'type': {'displayName': 'PassEndX', 'value': 140}, 'value': '12.7'}, {'type': {'displayName': 'PassEndY', 'value': 141}, 'value': '81.9'}, {'type': {'displayName': 'Angle', 'value': 213}, 'value': '1.46'}]",True,,,,,
1910889,FirstHalf,22,43,22,BallRecovery,Successful,1211,Hoffenheim,302588.0,Bernardo,11.4,83.2,,,,,,,[],False,,,,,
1910889,FirstHalf,22,44,22,Pass,Unsuccessful,1211,Hoffenheim,302588.0,Bernardo,11.4,83.2,13.6,83.5,,,,,"[{'type': {'displayName': 'Offensive', 'value': 286}}, {'type': {'displayName': 'PassEndY', 'value': 141}, 'value': '83.5'}, {'type': {'displayName': 'Zone', 'value': 56}, 'value': 'Back'}, {'type': {'displayName': 'PassEndX', 'value': 140}, 'value': '13.6'}, {'type': {'displayName': 'Length', 'value': 212}, 'value': '2.3'}, {'type': {'displayName': 'Angle', 'value': 213}, 'value': '0.09'}, {'type': {'displayName': 'OppositeRelatedEvent', 'value': 233}, 'value': '162'}]",True,,,,,
1910889,FirstHalf,22,44,22,BlockedPass,Successful,42,Werder Bremen,377280.0,Jens Stage,86.4,16.5,,,,,,,"[{'type': {'displayName': 'OppositeRelatedEvent', 'value': 233}, 'value': '192'}, {'type': {'displayName': 'Zone', 'value': 56}, 'value': 'Right'}, {'type': {'displayName': 'Defensive', 'value': 285}}]",True,,,,,
1910889,FirstHalf,22,52,22,Pass,Successful,1211,Hoffenheim,510234.0,Leon Avdullahu,20.8,100.0,10.8,78.1,,,,,"[{'type': {'displayName': 'ThrowIn', 'value': 107}}, {'type': {'displayName': 'PassEndX', 'value': 140}, 'value': '10.8'}, {'type': {'displayName': 'Angle', 'value': 213}, 'value': '4.13'}, {'type': {'displayName': 'PassEndY', 'value': 141}, 'value': '78.1'}, {'type': {'displayName': 'Zone', 'value': 56}, 'value': 'Back'}, {'type': {'displayName': 'Length', 'value': 212}, 'value': '19.1'}]",True,,,,,
1910889,FirstHalf,22,53,22,Pass,Successful,1211,Hoffenheim,402697.0,Albian Hajdari,10.8,78.1,15.3,48.9,,,,,"[{'type': {'displayName': 'PassEndX', 'value': 140}, 'value': '15.3'}, {'type': {'displayName': 'Zone', 'value': 56}, 'value': 'Back'}, {'type': {'displayName': 'PassEndY', 'value': 141}, 'value': '48.9'}, {'type': {'displayName': 'Length', 'value': 212}, 'value': '20.4'}, {'type': {'displayName': 'Angle', 'value': 213}, 'value': '4.95'}]",True,,,,,
1910889,FirstHalf,23,1,23,Pass,Successful,1211,Hoffenheim,356743.0,Ozan Kabak,31.9,33.9,47.0,5.1,,,,,"[{'type': {'displayName': 'PassEndX', 'value': 140}, 'value': '47.0'}, {'type': {'displayName': 'PassEndY', 'value': 141}, 'value': '5.1'}, {'type': {'displayName': 'Angle', 'value': 213}, 'value': '5.39'}, {'type': {'displayName': 'Length', 'value': 212}, 'value': '25.2'}, {'type': {'displayName': 'Zone', 'value': 56}, 'value': 'Back'}]",True,,,,,
1910889,FirstHalf,23,7,23,Pass,Successful,1211,Hoffenheim,75217.0,Andrej Kramaric,47.7,5.5,44.5,24.9,,,,,"[{'type': {'displayName': 'PassEndY', 'value': 141}, 'value': '24.9'}, {'type': {'displayName': 'Length', 'value': 212}, 'value': '13.6'}, {'type': {'displayName': 'Angle', 'value': 213}, 'value': '1.82'}, {'type': {'displayName': 'PassEndX', 'value': 140}, 'value': '44.5'}, {'type': {'displayName': 'Zone', 'value': 56}, 'value': 'Back'}]",True,,,,,
1910889,FirstHalf,23,12,23,Pass,Successful,1211,Hoffenheim,356743.0,Ozan Kabak,55.3,29.5,55.8,74.7,,,,,"[{'type': {'displayName': 'Length', 'value': 212}, 'value': '30.7'}, {'type': {'displayName': 'Angle', 'value': 213}, 'value': '1.55'}, {'type': {'displayName': 'PassEndX', 'value': 140}, 'value': '55.8'}, {'type': {'displayName': 'Zone', 'value': 56}, 'value': 'Center'}, {'type': {'displayName': 'PassEndY', 'value': 141}, 'value': '74.7'}]",True,,,,,
1910889,FirstHalf,23,14,23,Pass,Successful,1211,Hoffenheim,402697.0,Albian Hajdari,55.8,74.5,63.9,92.1,,,,,"[{'type': {'displayName': 'PassEndY', 'value': 141}, 'value': '92.1'}, {'type': {'displayName': 'PassEndX', 'value': 140}, 'value': '63.9'}, {'type': {'displayName': 'Angle', 'value': 213}, 'value': '0.95'}, {'type': {'displayName': 'Zone', 'value': 56}, 'value': 'Left'}, {'type': {'displayName': 'Length', 'value': 212}, 'value': '14.7'}]",True,,,,,
1910889,FirstHalf,23,15,23,Pass,Successful,1211,Hoffenheim,361878.0,Wouter Burger,66.6,90.4,87.0,26.5,,,,,"[{'type': {'displayName': 'Longball', 'value': 1}}, {'type': {'displayName': 'PassEndY', 'value': 141}, 'value': '26.5'}, {'type': {'displayName': 'Zone', 'value': 56}, 'value': 'Center'}, {'type': {'displayName': 'Length', 'value': 212}, 'value': '48.4'}, {'type': {'displayName': 'PassEndX', 'value': 140}, 'value': '87.0'}, {'type': {'displayName': 'Angle', 'value': 213}, 'value': '5.17'}, {'type': {'displayName': 'Chipped', 'value': 155}}]",True,,,,,
1910889,FirstHalf,23,17,23,Pass,Unsuccessful,1211,Hoffenheim,75217.0,Andrej Kramaric,87.1,25.6,88.8,48.6,,,,,"[{'type': {'displayName': 'PassEndX', 'value': 140}, 'value': '88.8'}, {'type': {'displayName': 'RightFoot', 'value': 20}}, {'type': {'displayName': 'Cross', 'value': 2}}, {'type': {'displayName': 'Angle', 'value': 213}, 'value': '1.46'}, {'type': {'displayName': 'Length', 'value': 212}, 'value': '15.7'}, {'type': {'displayName': 'Zone', 'value': 56}, 'value': 'Center'}, {'type': {'displayName': 'PassEndY', 'value': 141}, 'value': '48.6'}]",True,,,,,
1910889,FirstHalf,23,19,23,Clearance,Successful,42,Werder Bremen,333227.0,Marco Friedl,7.0,49.7,24.8,100.0,,,,,"[{'type': {'displayName': 'Angle', 'value': 213}, 'value': '1.08'}, {'type': {'displayName': 'PassEndY', 'value': 141}, 'value': '100.0'}, {'type': {'displayName': 'Zone', 'value': 56}, 'value': 'Back'}, {'type': {'displayName': 'Length', 'value': 212}, 'value': '39.8'}, {'type': {'displayName': 'PassEndX', 'value': 140}, 'value': '24.8'}]",True,,,,,
1910889,FirstHalf,23,27,23,Pass,Successful,1211,Hoffenheim,75217.0,Andrej Kramaric,81.6,0.0,70.5,21.0,,,,,"[{'type': {'displayName': 'PassEndX', 'value': 140}, 'value': '70.5'}, {'type': {'displayName': 'Zone', 'value': 56}, 'value': 'Right'}, {'type': {'displayName': 'Length', 'value': 212}, 'value': '19.1'}, {'type': {'displayName': 'Angle', 'value': 213}, 'value': '2.23'}, {'type': {'displayName': 'PassEndY', 'value': 141}, 'value': '21.0'}, {'type': {'displayName': 'ThrowIn', 'value': 107}}]",True,,,,,
1910889,FirstHalf,23,29,23,Pass,Successful,1211,Hoffenheim,510234.0,Leon Avdullahu,70.5,21.0,60.8,28.9,,,,,"[{'type': {'displayName': 'Length', 'value': 212}, 'value': '11.5'}, {'type': {'displayName': 'Angle', 'value': 213}, 'value': '2.66'}, {'type': {'displayName': 'PassEndY', 'value': 141}, 'value': '28.9'}, {'type': {'displayName': 'PassEndX', 'value': 140}, 'value': '60.8'}, {'type': {'displayName': 'Zone', 'value': 56}, 'value': 'Center'}]",True,,,,,
1910889,FirstHalf,23,33,23,Pass,Successful,1211,Hoffenheim,356743.0,Ozan Kabak,60.8,28.9,71.6,21.4,,,,,"[{'type': {'displayName': 'Angle', 'value': 213}, 'value': '5.86'}, {'type': {'displayName': 'PassEndY', 'value': 141}, 'value': '21.4'}, {'type': {'displayName': 'Length', 'value': 212}, 'value': '12.4'}, {'type': {'displayName': 'PassEndX', 'value': 140}, 'value': '71.6'}, {'type': {'displayName': 'Zone', 'value': 56}, 'value': 'Center'}]",True,,,,,
1910889,FirstHalf,23,37,23,Pass,Successful,1211,Hoffenheim,361878.0,Wouter Burger,71.6,20.7,73.8,9.7,,,,,"[{'type': {'displayName': 'PassEndX', 'value': 140}, 'value': '73.8'}, {'type': {'displayName': 'Zone', 'value': 56}, 'value': 'Right'}, {'type': {'displayName': 'Length', 'value': 212}, 'value': '7.8'}, {'type': {'displayName': 'Angle', 'value': 213}, 'value': '5.01'}, {'type': {'displayName': 'PassEndY', 'value': 141}, 'value': '9.7'}]",True,,,,,
1910889,FirstHalf,23,43,23,Pass,Successful,1211,Hoffenheim,75217.0,Andrej Kramaric,72.4,14.1,73.3,6.1,,,,,"[{'type': {'displayName': 'Angle', 'value': 213}, 'value': '4.88'}, {'type': {'displayName': 'Length', 'value': 212}, 'value': '5.5'}, {'type': {'displayName': 'PassEndY', 'value': 141}, 'value': '6.1'}, {'type': {'displayName': 'Zone', 'value': 56}, 'value': 'Right'}, {'type': {'displayName': 'PassEndX', 'value': 140}, 'value': '73.3'}]",True,,,,,
1910889,FirstHalf,23,45,23,Pass,Successful,1211,Hoffenheim,111372.0,Vladimír Coufal,73.3,6.0,68.5,18.4,,,,,"[{'type': {'displayName': 'Zone', 'value': 56}, 'value': 'Right'}, {'type': {'displayName': 'PassEndY', 'value': 141}, 'value': '18.4'}, {'type': {'displayName': 'PassEndX', 'value': 140}, 'value': '68.5'}, {'type': {'displayName': 'Length', 'value': 212}, 'value': '9.8'}, {'type': {'displayName': 'Angle', 'value': 213}, 'value': '2.11'}]",True,,,,,
1910889,FirstHalf,23,46,23,Pass,Unsuccessful,1211,Hoffenheim,510234.0,Leon Avdullahu,69.8,19.9,81.8,23.3,,,,,"[{'type': {'displayName': 'Zone', 'value': 56}, 'value': 'Center'}, {'type': {'displayName': 'PassEndX', 'value': 140}, 'value': '81.8'}, {'type': {'displayName': 'Angle', 'value': 213}, 'value': '0.18'}, {'type': {'displayName': 'Length', 'value': 212}, 'value': '12.8'}, {'type': {'displayName': 'PassEndY', 'value': 141}, 'value': '23.3'}]",True,,,,,
1910889,FirstHalf,23,47,23,Interception,Successful,42,Werder Bremen,407284.0,Olivier Deman,18.2,76.7,,,,,,,"[{'type': {'displayName': 'Zone', 'value': 56}, 'value': 'Back'}]",True,,,,,
1910889,FirstHalf,23,48,23,BallTouch,Unsuccessful,1211,Hoffenheim,361878.0,Wouter Burger,72.5,27.1,,,,,,,"[{'type': {'displayName': 'Zone', 'value': 56}, 'value': 'Center'}]",True,,,,,
1910889,FirstHalf,23,49,23,BallRecovery,Successful,42,Werder Bremen,438066.0,Justin Njinmah,26.4,55.9,,,,,,,[],False,,,,,
1910889,FirstHalf,23,50,23,Pass,Successful,42,Werder Bremen,438066.0,Justin Njinmah,26.5,53.7,28.2,42.6,,,,,"[{'type': {'displayName': 'PassEndY', 'value': 141}, 'value': '42.6'}, {'type': {'displayName': 'PassEndX', 'value': 140}, 'value': '28.2'}, {'type': {'displayName': 'Zone', 'value': 56}, 'value': 'Back'}, {'type': {'displayName': 'Length', 'value': 212}, 'value': '7.8'}, {'type': {'displayName': 'Angle', 'value': 213}, 'value': '4.94'}]",True,,,,,
1910889,FirstHalf,23,51,23,Pass,Successful,42,Werder Bremen,377280.0,Jens Stage,28.8,41.1,18.3,46.6,,,,,"[{'type': {'displayName': 'Angle', 'value': 213}, 'value': '2.81'}, {'type': {'displayName': 'PassEndY', 'value': 141}, 'value': '46.6'}, {'type': {'displayName': 'LayOff', 'value': 156}}, {'type': {'displayName': 'PassEndX', 'value': 140}, 'value': '18.3'}, {'type': {'displayName': 'Zone', 'value': 56}, 'value': 'Back'}, {'type': {'displayName': 'Length', 'value': 212}, 'value': '11.6'}]",True,,,,,
1910889,FirstHalf,23,54,23,Pass,Unsuccessful,42,Werder Bremen,368176.0,Amos Pieper,18.3,46.6,36.5,73.4,,,,,"[{'type': {'displayName': 'Zone', 'value': 56}, 'value': 'Back'}, {'type': {'displayName': 'Chipped', 'value': 155}}, {'type': {'displayName': 'PassEndX', 'value': 140}, 'value': '36.5'}, {'type': {'displayName': 'Angle', 'value': 213}, 'value': '0.76'}, {'type': {'displayName': 'PassEndY', 'value': 141}, 'value': '73.4'}, {'type': {'displayName': 'Length', 'value': 212}, 'value': '26.4'}]",True,,,,,
1910889,FirstHalf,23,55,23,Pass,Successful,1211,Hoffenheim,111372.0,Vladimír Coufal,65.6,25.2,59.3,39.0,,,,,"[{'type': {'displayName': 'Angle', 'value': 213}, 'value': '2.18'}, {'type': {'displayName': 'PassEndX', 'value': 140}, 'value': '59.3'}, {'type': {'displayName': 'Zone', 'value': 56}, 'value': 'Center'}, {'type': {'displayName': 'Length', 'value': 212}, 'value': '11.5'}, {'type': {'displayName': 'PassEndY', 'value': 141}, 'value': '39.0'}]",True,,,,,
1910889,FirstHalf,23,57,23,BallRecovery,Successful,1211,Hoffenheim,356743.0,Ozan Kabak,59.3,39.0,,,,,,,[],False,,,,,
1910889,FirstHalf,23,58,23,Pass,Successful,1211,Hoffenheim,356743.0,Ozan Kabak,59.3,39.0,64.4,44.7,,,,,"[{'type': {'displayName': 'PassEndY', 'value': 141}, 'value': '44.7'}, {'type': {'displayName': 'PassEndX', 'value': 140}, 'value': '64.4'}, {'type': {'displayName': 'Angle', 'value': 213}, 'value': '0.63'}, {'type': {'displayName': 'Zone', 'value': 56}, 'value': 'Center'}, {'type': {'displayName': 'Length', 'value': 212}, 'value': '6.6'}]",True,,,,,
1910889,FirstHalf,24,2,24,Pass,Successful,1211,Hoffenheim,361878.0,Wouter Burger,63.4,46.5,71.7,32.2,,,,,"[{'type': {'displayName': 'Angle', 'value': 213}, 'value': '5.44'}, {'type': {'displayName': 'PassEndY', 'value': 141}, 'value': '32.2'}, {'type': {'displayName': 'PassEndX', 'value': 140}, 'value': '71.7'}, {'type': {'displayName': 'Length', 'value': 212}, 'value': '13.1'}, {'type': {'displayName': 'Zone', 'value': 56}, 'value': 'Center'}]",True,,,,,
1910889,FirstHalf,24,4,24,Pass,Successful,1211,Hoffenheim,75217.0,Andrej Kramaric,71.7,32.2,66.8,31.9,,,,,"[{'type': {'displayName': 'PassEndX', 'value': 140}, 'value': '66.8'}, {'type': {'displayName': 'PassEndY', 'value': 141}, 'value': '31.9'}, {'type': {'displayName': 'Angle', 'value': 213}, 'value': '3.18'}, {'type': {'displayName': 'Length', 'value': 212}, 'value': '5.1'}, {'type': {'displayName': 'Zone', 'value': 56}, 'value': 'Center'}]",True,,,,,
1910889,FirstHalf,24,6,24,Pass,Successful,1211,Hoffenheim,510234.0,Leon Avdullahu,66.7,31.8,77.3,4.5,,,,,"[{'type': {'displayName': 'Angle', 'value': 213}, 'value': '5.25'}, {'type': {'displayName': 'PassEndY', 'value': 141}, 'value': '4.5'}, {'type': {'displayName': 'PassEndX', 'value': 140}, 'value': '77.3'}, {'type': {'displayName': 'Zone', 'value': 56}, 'value': 'Right'}, {'type': {'displayName': 'Length', 'value': 212}, 'value': '21.6'}]",True,,,,,
1910889,FirstHalf,24,9,24,Pass,Successful,1211,Hoffenheim,111372.0,Vladimír Coufal,79.0,6.7,80.2,20.4,,,,,"[{'type': {'displayName': 'PassEndY', 'value': 141}, 'value': '20.4'}, {'type': {'displayName': 'Length', 'value': 212}, 'value': '9.4'}, {'type': {'displayName': 'Angle', 'value': 213}, 'value': '1.44'}, {'type': {'displayName': 'Zone', 'value': 56}, 'value': 'Right'}, {'type': {'displayName': 'PassEndX', 'value': 140}, 'value': '80.2'}]",True,,,,,
1910889,FirstHalf,24,11,24,Pass,Successful,1211,Hoffenheim,75217.0,Andrej Kramaric,80.2,20.5,68.9,20.1,,,,,"[{'type': {'displayName': 'Zone', 'value': 56}, 'value': 'Right'}, {'type': {'displayName': 'Length', 'value': 212}, 'value': '11.9'}, {'type': {'displayName': 'Angle', 'value': 213}, 'value': '3.16'}, {'type': {'displayName': 'PassEndY', 'value': 141}, 'value': '20.1'}, {'type': {'displayName': 'PassEndX', 'value': 140}, 'value': '68.9'}, {'type': {'displayName': 'LayOff', 'value': 156}}]",True,,,,,
1910889,FirstHalf,24,14,24,Pass,Successful,1211,Hoffenheim,510234.0,Leon Avdullahu,70.8,23.2,69.8,60.9,,,,,"[{'type': {'displayName': 'PassEndX', 'value': 140}, 'value': '69.8'}, {'type': {'displayName': 'PassEndY', 'value': 141}, 'value': '60.9'}, {'type': {'displayName': 'Zone', 'value': 56}, 'value': 'Center'}, {'type': {'displayName': 'Length', 'value': 212}, 'value': '25.7'}, {'type': {'displayName': 'Angle', 'value': 213}, 'value': '1.61'}]",True,,,,,
1910889,FirstHalf,24,17,24,Pass,Successful,1211,Hoffenheim,402697.0,Albian Hajdari,69.8,60.9,68.0,69.9,,,,,"[{'type': {'displayName': 'Angle', 'value': 213}, 'value': '1.87'}, {'type': {'displayName': 'PassEndX', 'value': 140}, 'value': '68.0'}, {'type': {'displayName': 'Zone', 'value': 56}, 'value': 'Center'}, {'type': {'displayName': 'Length', 'value': 212}, 'value': '6.4'}, {'type': {'displayName': 'PassEndY', 'value': 141}, 'value': '69.9'}]",True,,,,,
1910889,FirstHalf,24,18,24,Pass,Successful,1211,Hoffenheim,361878.0,Wouter Burger,68.1,70.0,68.1,46.2,,,,,"[{'type': {'displayName': 'Angle', 'value': 213}, 'value': '4.71'}, {'type': {'displayName': 'Zone', 'value': 56}, 'value': 'Center'}, {'type': {'displayName': 'PassEndX', 'value': 140}, 'value': '68.1'}, {'type': {'displayName': 'Length', 'value': 212}, 'value': '16.2'}, {'type': {'displayName': 'PassEndY', 'value': 141}, 'value': '46.2'}]",True,,,,,
1910889,FirstHalf,24,21,24,Pass,Successful,1211,Hoffenheim,356743.0,Ozan Kabak,68.6,46.6,80.5,12.3,,,,,"[{'type': {'displayName': 'Zone', 'value': 56}, 'value': 'Right'}, {'type': {'displayName': 'Angle', 'value': 213}, 'value': '5.20'}, {'type': {'displayName': 'PassEndX', 'value': 140}, 'value': '80.5'}, {'type': {'displayName': 'Length', 'value': 212}, 'value': '26.5'}, {'type': {'displayName': 'PassEndY', 'value': 141}, 'value': '12.3'}]",True,,,,,
1910889,FirstHalf,24,24,24,Pass,Successful,1211,Hoffenheim,111372.0,Vladimír Coufal,83.2,13.1,91.1,47.4,,,,,"[{'type': {'displayName': 'Angle', 'value': 213}, 'value': '1.23'}, {'type': {'displayName': 'Chipped', 'value': 155}}, {'type': {'displayName': 'RightFoot', 'value': 20}}, {'type': {'displayName': 'Cross', 'value': 2}}, {'type': {'displayName': 'PassEndX', 'value': 140}, 'value': '91.1'}, {'type': {'displayName': 'ShotAssist', 'value': 210}, 'value': '13'}, {'type': {'displayName': 'IntentionalAssist', 'value': 154}}, {'type': {'displayName': 'PassEndY', 'value': 141}, 'value': '47.4'}, {'type': {'displayName': 'Zone', 'value': 56}, 'value': 'Center'}, {'type': {'displayName': 'Length', 'value': 212}, 'value': '24.8'}, {'type': {'displayName': 'KeyPass', 'value': 11113}}]",True,,,,,
1910889,FirstHalf,24,25,24,MissedShots,Successful,1211,Hoffenheim,75217.0,Andrej Kramaric,91.1,47.4,,,62.9,11.1,,,"[{'type': {'displayName': 'GoalMouthZ', 'value': 103}, 'value': '11.1'}, {'type': {'displayName': 'BoxCentre', 'value': 17}}, {'type': {'displayName': 'Assisted', 'value': 29}}, {'type': {'displayName': 'Zone', 'value': 56}, 'value': 'Center'}, {'type': {'displayName': 'Head', 'value': 15}}, {'type': {'displayName': 'GoalMouthY', 'value': 102}, 'value': '62.9'}, {'type': {'displayName': 'IntentionalAssist', 'value': 154}}, {'type': {'displayName': 'FirstTouch', 'value': 328}}, {'type': {'displayName': 'MissLeft', 'value': 73}}, {'type': {'displayName': 'RegularPlay', 'value': 22}}, {'type': {'displayName': 'RelatedEventId', 'value': 55}, 'value': '223'}]",True,True,,,223.0,111372.0
1910889,FirstHalf,24,59,24,Pass,Unsuccessful,42,Werder Bremen,436119.0,Mio Backhaus,3.9,45.0,67.7,42.3,,,,,"[{'type': {'displayName': 'Zone', 'value': 56}, 'value': 'Center'}, {'type': {'displayName': 'Length', 'value': 212}, 'value': '67.0'}, {'type': {'displayName': 'GoalKick', 'value': 124}}, {'type': {'displayName': 'Longball', 'value': 1}}, {'type': {'displayName': 'PassEndY', 'value': 141}, 'value': '42.3'}, {'type': {'displayName': 'PassEndX', 'value': 140}, 'value': '67.7'}, {'type': {'displayName': 'Angle', 'value': 213}, 'value': '6.26'}, {'type': {'displayName': 'MissHigh', 'value': 74}}]",True,,,,,
1910889,FirstHalf,25,1,25,Pass,Successful,1211,Hoffenheim,356743.0,Ozan Kabak,35.5,60.9,41.0,60.0,,,,,"[{'type': {'displayName': 'PassEndX', 'value': 140}, 'value': '41.0'}, {'type': {'displayName': 'Zone', 'value': 56}, 'value': 'Back'}, {'type': {'displayName': 'Length', 'value': 212}, 'value': '5.8'}, {'type': {'displayName': 'HeadPass', 'value': 3}}, {'type': {'displayName': 'PassEndY', 'value': 141}, 'value': '60.0'}, {'type': {'displayName': 'Angle', 'value': 213}, 'value': '6.18'}]",True,,,,,
1910889,FirstHalf,25,2,25,BallRecovery,Successful,1211,Hoffenheim,510234.0,Leon Avdullahu,40.6,59.7,,,,,,,[],False,,,,,
1910889,FirstHalf,25,3,25,Pass,Successful,1211,Hoffenheim,510234.0,Leon Avdullahu,39.7,55.8,39.7,33.3,,,,,"[{'type': {'displayName': 'Angle', 'value': 213}, 'value': '4.71'}, {'type': {'displayName': 'Length', 'value': 212}, 'value': '15.3'}, {'type': {'displayName': 'PassEndX', 'value': 140}, 'value': '39.7'}, {'type': {'displayName': 'Zone', 'value': 56}, 'value': 'Back'}, {'type': {'displayName': 'PassEndY', 'value': 141}, 'value': '33.3'}]",True,,,,,
1910889,FirstHalf,25,5,25,Pass,Successful,1211,Hoffenheim,111372.0,Vladimír Coufal,39.8,33.0,68.8,24.9,,,,,"[{'type': {'displayName': 'PassEndY', 'value': 141}, 'value': '24.9'}, {'type': {'displayName': 'Length', 'value': 212}, 'value': '30.9'}, {'type': {'displayName': 'Angle', 'value': 213}, 'value': '6.10'}, {'type': {'displayName': 'Zone', 'value': 56}, 'value': 'Center'}, {'type': {'displayName': 'PassEndX', 'value': 140}, 'value': '68.8'}]",True,,,,,
1910889,FirstHalf,25,8,25,Pass,Unsuccessful,1211,Hoffenheim,395001.0,Tim Lemperle,71.2,19.0,88.0,54.6,,,,,"[{'type': {'displayName': 'Chipped', 'value': 155}}, {'type': {'displayName': 'Angle', 'value': 213}, 'value': '0.94'}, {'type': {'displayName': 'Zone', 'value': 56}, 'value': 'Center'}, {'type': {'displayName': 'PassEndY', 'value': 141}, 'value': '54.6'}, {'type': {'displayName': 'PassEndX', 'value': 140}, 'value': '88.0'}, {'type': {'displayName': 'Length', 'value': 212}, 'value': '30.0'}]",True,,,,,
1910889,FirstHalf,25,10,25,KeeperPickup,Successful,42,Werder Bremen,436119.0,Mio Backhaus,7.3,48.0,,,,,,,[],False,,,,,
1910889,FirstHalf,25,23,25,Pass,Successful,42,Werder Bremen,436119.0,Mio Backhaus,8.8,51.5,20.4,37.5,,,,,"[{'type': {'displayName': 'Zone', 'value': 56}, 'value': 'Back'}, {'type': {'displayName': 'PassEndX', 'value': 140}, 'value': '20.4'}, {'type': {'displayName': 'PassEndY', 'value': 141}, 'value': '37.5'}, {'type': {'displayName': 'Angle', 'value': 213}, 'value': '5.62'}, {'type': {'displayName': 'Length', 'value': 212}, 'value': '15.5'}]",True,,,,,
1910889,FirstHalf,25,24,25,Pass,Unsuccessful,42,Werder Bremen,377280.0,Jens Stage,22.2,34.0,0.0,24.9,,,,,"[{'type': {'displayName': 'Length', 'value': 212}, 'value': '26.2'}, {'type': {'displayName': 'PassEndX', 'value': 140}, 'value': '0.0'}, {'type': {'displayName': 'LayOff', 'value': 156}}, {'type': {'displayName': 'Angle', 'value': 213}, 'value': '3.38'}, {'type': {'displayName': 'PassEndY', 'value': 141}, 'value': '24.9'}, {'type': {'displayName': 'Zone', 'value': 56}, 'value': 'Back'}]",True,,,,,
1910889,FirstHalf,25,27,25,CornerAwarded,Unsuccessful,42,Werder Bremen,377280.0,Jens Stage,0.0,18.1,,,,,,,"[{'type': {'displayName': 'OppositeRelatedEvent', 'value': 233}, 'value': '231'}, {'type': {'displayName': 'Zone', 'value': 56}, 'value': 'Back'}, {'type': {'displayName': 'MissLeft', 'value': 73}}]",False,,,,,
1910889,FirstHalf,25,27,25,CornerAwarded,Successful,1211,Hoffenheim,395001.0,Tim Lemperle,100.0,81.8,,,,,,,"[{'type': {'displayName': 'MissLeft', 'value': 73}}, {'type': {'displayName': 'Zone', 'value': 56}, 'value': 'Left'}, {'type': {'displayName': 'OppositeRelatedEvent', 'value': 233}, 'value': '182'}]",False,,,,,
1910889,FirstHalf,25,33,25,Pass,Successful,1211,Hoffenheim,428426.0,Fisnik Asllani,99.5,99.5,94.5,69.1,,,,,"[{'type': {'displayName': 'Angle', 'value': 213}, 'value': '4.46'}, {'type': {'displayName': 'CornerTaken', 'value': 6}}, {'type': {'displayName': 'PassEndY', 'value': 141}, 'value': '69.1'}, {'type': {'displayName': 'Length', 'value': 212}, 'value': '21.3'}, {'type': {'displayName': 'PassEndX', 'value': 140}, 'value': '94.5'}, {'type': {'displayName': 'Zone', 'value': 56}, 'value': 'Center'}]",True,,,,,
1910889,FirstHalf,25,35,25,Pass,Successful,1211,Hoffenheim,75217.0,Andrej Kramaric,95.3,68.5,87.7,65.6,,,,,"[{'type': {'displayName': 'ShotAssist', 'value': 210}, 'value': '16'}, {'type': {'displayName': 'IntentionalAssist', 'value': 154}}, {'type': {'displayName': 'FromCorner', 'value': 25}}, {'type': {'displayName': 'PassEndX', 'value': 140}, 'value': '87.7'}, {'type': {'displayName': 'Angle', 'value': 213}, 'value': '3.38'}, {'type': {'displayName': 'Zone', 'value': 56}, 'value': 'Center'}, {'type': {'displayName': 'PassEndY', 'value': 141}, 'value': '65.6'}, {'type': {'displayName': 'Length', 'value': 212}, 'value': '8.2'}, {'type': {'displayName': 'IntentionalGoalAssist', 'value': 11111}}, {'type': {'displayName': 'KeyPass', 'value': 11113}}]",True,,,,,
1910889,FirstHalf,25,37,25,Goal,Successful,1211,Hoffenheim,551965.0,Bazoumana Touré,87.7,65.6,,,47.8,25.9,,,"[{'type': {'displayName': 'GoalMouthZ', 'value': 103}, 'value': '25.9'}, {'type': {'displayName': 'RelatedEventId', 'value': 55}, 'value': '233'}, {'type': {'displayName': 'HighRight', 'value': 81}}, {'type': {'displayName': 'FirstTouch', 'value': 328}}, {'type': {'displayName': 'BoxLeft', 'value': 64}}, {'type': {'displayName': 'Assisted', 'value': 29}}, {'type': {'displayName': 'FromCorner', 'value': 25}}, {'type': {'displayName': 'LeftFoot', 'value': 72}}, {'type': {'displayName': 'Zone', 'value': 56}, 'value': 'Center'}, {'type': {'displayName': 'GoalMouthY', 'value': 102}, 'value': '47.8'}, {'type': {'displayName': 'IntentionalAssist', 'value': 154}}]",True,True,True,,233.0,75217.0
1910889,FirstHalf,26,25,26,Pass,Successful,42,Werder Bremen,438066.0,Justin Njinmah,49.4,49.8,23.5,25.1,,,,,"[{'type': {'displayName': 'Length', 'value': 212}, 'value': '32.0'}, {'type': {'displayName': 'PassEndX', 'value': 140}, 'value': '23.5'}, {'type': {'displayName': 'Zone', 'value': 56}, 'value': 'Back'}, {'type': {'displayName': 'Angle', 'value': 213}, 'value': '3.69'}, {'type': {'displayName': 'PassEndY', 'value': 141}, 'value': '25.1'}]",True,,,,,
1910889,FirstHalf,26,26,26,Pass,Unsuccessful,42,Werder Bremen,368176.0,Amos Pieper,17.4,9.4,27.3,16.8,,,,,"[{'type': {'displayName': 'Length', 'value': 212}, 'value': '11.5'}, {'type': {'displayName': 'Zone', 'value': 56}, 'value': 'Back'}, {'type': {'displayName': 'PassEndX', 'value': 140}, 'value': '27.3'}, {'type': {'displayName': 'PassEndY', 'value': 141}, 'value': '16.8'}, {'type': {'displayName': 'Angle', 'value': 213}, 'value': '0.45'}]",True,,,,,
1910889,FirstHalf,26,28,26,BallRecovery,Successful,1211,Hoffenheim,302588.0,Bernardo,70.1,87.1,,,,,,,[],False,,,,,
1910889,FirstHalf,26,29,26,Pass,Successful,1211,Hoffenheim,302588.0,Bernardo,70.0,87.0,76.0,91.3,,,,,"[{'type': {'displayName': 'PassEndX', 'value': 140}, 'value': '76.0'}, {'type': {'displayName': 'Zone', 'value': 56}, 'value': 'Left'}, {'type': {'displayName': 'Angle', 'value': 213}, 'value': '0.43'}, {'type': {'displayName': 'PassEndY', 'value': 141}, 'value': '91.3'}, {'type': {'displayName': 'Length', 'value': 212}, 'value': '6.9'}]",True,,,,,
1910889,FirstHalf,26,30,26,Pass,Successful,1211,Hoffenheim,551965.0,Bazoumana Touré,72.5,91.0,76.0,96.0,,,,,"[{'type': {'displayName': 'PassEndY', 'value': 141}, 'value': '96.0'}, {'type': {'displayName': 'Zone', 'value': 56}, 'value': 'Left'}, {'type': {'displayName': 'PassEndX', 'value': 140}, 'value': '76.0'}, {'type': {'displayName': 'Length', 'value': 212}, 'value': '5.0'}, {'type': {'displayName': 'Angle', 'value': 213}, 'value': '0.75'}]",True,,,,,
1910889,FirstHalf,26,35,26,Pass,Successful,1211,Hoffenheim,428426.0,Fisnik Asllani,75.7,91.5,71.9,88.2,,,,,"[{'type': {'displayName': 'Angle', 'value': 213}, 'value': '3.65'}, {'type': {'displayName': 'PassEndY', 'value': 141}, 'value': '88.2'}, {'type': {'displayName': 'Length', 'value': 212}, 'value': '4.6'}, {'type': {'displayName': 'PassEndX', 'value': 140}, 'value': '71.9'}, {'type': {'displayName': 'Zone', 'value': 56}, 'value': 'Left'}]",True,,,,,
1910889,FirstHalf,26,36,26,Pass,Successful,1211,Hoffenheim,551965.0,Bazoumana Touré,71.9,88.2,65.2,71.4,,,,,"[{'type': {'displayName': 'PassEndX', 'value': 140}, 'value': '65.2'}, {'type': {'displayName': 'Zone', 'value': 56}, 'value': 'Center'}, {'type': {'displayName': 'PassEndY', 'value': 141}, 'value': '71.4'}, {'type': {'displayName': 'Angle', 'value': 213}, 'value': '4.16'}, {'type': {'displayName': 'Length', 'value': 212}, 'value': '13.4'}]",True,,,,,
1910889,FirstHalf,26,39,26,Pass,Successful,1211,Hoffenheim,510234.0,Leon Avdullahu,66.6,68.5,65.0,43.8,,,,,"[{'type': {'displayName': 'PassEndY', 'value': 141}, 'value': '43.8'}, {'type': {'displayName': 'Zone', 'value': 56}, 'value': 'Center'}, {'type': {'displayName': 'Angle', 'value': 213}, 'value': '4.61'}, {'type': {'displayName': 'PassEndX', 'value': 140}, 'value': '65.0'}, {'type': {'displayName': 'Length', 'value': 212}, 'value': '16.9'}]",True,,,,,
1910889,FirstHalf,26,43,26,Pass,Successful,1211,Hoffenheim,356743.0,Ozan Kabak,65.1,44.1,64.8,61.6,,,,,"[{'type': {'displayName': 'Zone', 'value': 56}, 'value': 'Center'}, {'type': {'displayName': 'PassEndX', 'value': 140}, 'value': '64.8'}, {'type': {'displayName': 'Length', 'value': 212}, 'value': '11.9'}, {'type': {'displayName': 'Angle', 'value': 213}, 'value': '1.60'}, {'type': {'displayName': 'PassEndY', 'value': 141}, 'value': '61.6'}]",True,,,,,
1910889,FirstHalf,26,44,26,Pass,Successful,1211,Hoffenheim,402697.0,Albian Hajdari,64.8,61.6,69.1,89.5,,,,,"[{'type': {'displayName': 'Length', 'value': 212}, 'value': '19.5'}, {'type': {'displayName': 'Zone', 'value': 56}, 'value': 'Left'}, {'type': {'displayName': 'PassEndY', 'value': 141}, 'value': '89.5'}, {'type': {'displayName': 'PassEndX', 'value': 140}, 'value': '69.1'}, {'type': {'displayName': 'Angle', 'value': 213}, 'value': '1.34'}]",True,,,,,
1910889,FirstHalf,26,45,26,Pass,Successful,1211,Hoffenheim,551965.0,Bazoumana Touré,70.9,88.5,78.0,92.4,,,,,"[{'type': {'displayName': 'Angle', 'value': 213}, 'value': '0.34'}, {'type': {'displayName': 'PassEndX', 'value': 140}, 'value': '78.0'}, {'type': {'displayName': 'PassEndY', 'value': 141}, 'value': '92.4'}, {'type': {'displayName': 'Length', 'value': 212}, 'value': '7.9'}, {'type': {'displayName': 'Zone', 'value': 56}, 'value': 'Left'}]",True,,,,,
1910889,FirstHalf,26,48,26,Pass,Successful,1211,Hoffenheim,428426.0,Fisnik Asllani,75.8,93.7,74.4,81.3,,,,,"[{'type': {'displayName': 'Length', 'value': 212}, 'value': '8.6'}, {'type': {'displayName': 'Zone', 'value': 56}, 'value': 'Left'}, {'type': {'displayName': 'PassEndX', 'value': 140}, 'value': '74.4'}, {'type': {'displayName': 'PassEndY', 'value': 141}, 'value': '81.3'}, {'type': {'displayName': 'Angle', 'value': 213}, 'value': '4.54'}]",True,,,,,
1910889,FirstHalf,26,49,26,Pass,Unsuccessful,1211,Hoffenheim,551965.0,Bazoumana Touré,74.4,81.3,72.0,86.4,,,,,"[{'type': {'displayName': 'PassEndY', 'value': 141}, 'value': '86.4'}, {'type': {'displayName': 'Length', 'value': 212}, 'value': '4.3'}, {'type': {'displayName': 'Angle', 'value': 213}, 'value': '2.20'}, {'type': {'displayName': 'PassEndX', 'value': 140}, 'value': '72.0'}, {'type': {'displayName': 'Zone', 'value': 56}, 'value': 'Left'}]",True,,,,,
1910889,FirstHalf,26,50,26,Interception,Successful,42,Werder Bremen,538407.0,Isaac Schmidt,28.0,13.6,,,,,,,"[{'type': {'displayName': 'Zone', 'value': 56}, 'value': 'Back'}]",True,,,,,
1910889,FirstHalf,26,52,26,BallTouch,Unsuccessful,1211,Hoffenheim,510234.0,Leon Avdullahu,65.9,69.7,,,,,,,"[{'type': {'displayName': 'Zone', 'value': 56}, 'value': 'Center'}]",True,,,,,
1910889,FirstHalf,27,12,27,Pass,Successful,42,Werder Bremen,538407.0,Isaac Schmidt,50.9,0.0,60.3,4.4,,,,,"[{'type': {'displayName': 'PassEndX', 'value': 140}, 'value': '60.3'}, {'type': {'displayName': 'Length', 'value': 212}, 'value': '10.4'}, {'type': {'displayName': 'ThrowIn', 'value': 107}}, {'type': {'displayName': 'Zone', 'value': 56}, 'value': 'Right'}, {'type': {'displayName': 'PassEndY', 'value': 141}, 'value': '4.4'}, {'type': {'displayName': 'Angle', 'value': 213}, 'value': '0.33'}]",True,,,,,
1910889,FirstHalf,27,14,27,Pass,Unsuccessful,42,Werder Bremen,438066.0,Justin Njinmah,60.3,4.4,62.9,20.6,,,,,"[{'type': {'displayName': 'Angle', 'value': 213}, 'value': '1.33'}, {'type': {'displayName': 'Chipped', 'value': 155}}, {'type': {'displayName': 'PassEndX', 'value': 140}, 'value': '62.9'}, {'type': {'displayName': 'Zone', 'value': 56}, 'value': 'Right'}, {'type': {'displayName': 'Length', 'value': 212}, 'value': '11.3'}, {'type': {'displayName': 'PassEndY', 'value': 141}, 'value': '20.6'}]",True,,,,,
1910889,FirstHalf,27,15,27,Pass,Unsuccessful,1211,Hoffenheim,356743.0,Ozan Kabak,36.0,78.7,74.4,85.9,,,,,"[{'type': {'displayName': 'Angle', 'value': 213}, 'value': '0.12'}, {'type': {'displayName': 'Zone', 'value': 56}, 'value': 'Left'}, {'type': {'displayName': 'Length', 'value': 212}, 'value': '40.6'}, {'type': {'displayName': 'Longball', 'value': 1}}, {'type': {'displayName': 'PassEndY', 'value': 141}, 'value': '85.9'}, {'type': {'displayName': 'PassEndX', 'value': 140}, 'value': '74.4'}]",True,,,,,
1910889,FirstHalf,27,18,27,Pass,Successful,42,Werder Bremen,368176.0,Amos Pieper,23.8,15.0,31.1,18.0,,,,,"[{'type': {'displayName': 'HeadPass', 'value': 3}}, {'type': {'displayName': 'Length', 'value': 212}, 'value': '7.9'}, {'type': {'displayName': 'PassEndX', 'value': 140}, 'value': '31.1'}, {'type': {'displayName': 'Angle', 'value': 213}, 'value': '0.26'}, {'type': {'displayName': 'Zone', 'value': 56}, 'value': 'Back'}, {'type': {'displayName': 'PassEndY', 'value': 141}, 'value': '18.0'}]",True,,,,,
1910889,FirstHalf,27,19,27,Pass,Unsuccessful,42,Werder Bremen,420405.0,Senne Lynen,27.9,18.4,38.3,37.0,,,,,"[{'type': {'displayName': 'PassEndX', 'value': 140}, 'value': '38.3'}, {'type': {'displayName': 'PassEndY', 'value': 141}, 'value': '37.0'}, {'type': {'displayName': 'Length', 'value': 212}, 'value': '16.7'}, {'type': {'displayName': 'Angle', 'value': 213}, 'value': '0.86'}, {'type': {'displayName': 'Zone', 'value': 56}, 'value': 'Back'}]",True,,,,,
1910889,FirstHalf,27,21,27,Interception,Successful,1211,Hoffenheim,75217.0,Andrej Kramaric,61.7,63.0,,,,,,,"[{'type': {'displayName': 'Zone', 'value': 56}, 'value': 'Center'}]",True,,,,,
1910889,FirstHalf,27,27,27,Pass,Unsuccessful,42,Werder Bremen,383847.0,Romano Schmid,46.9,22.7,65.7,22.7,,,,,"[{'type': {'displayName': 'Length', 'value': 212}, 'value': '19.7'}, {'type': {'displayName': 'PassEndX', 'value': 140}, 'value': '65.7'}, {'type': {'displayName': 'Chipped', 'value': 155}}, {'type': {'displayName': 'Angle', 'value': 213}, 'value': '0.00'}, {'type': {'displayName': 'Zone', 'value': 56}, 'value': 'Center'}, {'type': {'displayName': 'PassEndY', 'value': 141}, 'value': '22.7'}]",True,,,,,
1910889,FirstHalf,27,28,27,Clearance,Successful,1211,Hoffenheim,302588.0,Bernardo,32.8,76.5,41.8,61.6,,,,,"[{'type': {'displayName': 'PassEndX', 'value': 140}, 'value': '41.8'}, {'type': {'displayName': 'Zone', 'value': 56}, 'value': 'Back'}, {'type': {'displayName': 'Angle', 'value': 213}, 'value': '5.46'}, {'type': {'displayName': 'Length', 'value': 212}, 'value': '13.9'}, {'type': {'displayName': 'Head', 'value': 15}}, {'type': {'displayName': 'PassEndY', 'value': 141}, 'value': '61.6'}]",True,,,,,
1910889,FirstHalf,27,30,27,BallRecovery,Successful,1211,Hoffenheim,356743.0,Ozan Kabak,41.8,61.6,,,,,,,[],False,,,,,
1910889,FirstHalf,27,31,27,Pass,Unsuccessful,1211,Hoffenheim,356743.0,Ozan Kabak,41.8,61.6,100.0,84.1,,,,,"[{'type': {'displayName': 'Length', 'value': 212}, 'value': '63.2'}, {'type': {'displayName': 'PassEndY', 'value': 141}, 'value': '84.1'}, {'type': {'displayName': 'Zone', 'value': 56}, 'value': 'Left'}, {'type': {'displayName': 'Longball', 'value': 1}}, {'type': {'displayName': 'Chipped', 'value': 155}}, {'type': {'displayName': 'PassEndX', 'value': 140}, 'value': '100.0'}, {'type': {'displayName': 'Angle', 'value': 213}, 'value': '0.24'}]",True,,,,,
1910889,FirstHalf,28,4,28,Pass,Unsuccessful,42,Werder Bremen,436119.0,Mio Backhaus,4.0,49.5,57.6,14.3,,,,,"[{'type': {'displayName': 'Chipped', 'value': 155}}, {'type': {'displayName': 'Zone', 'value': 56}, 'value': 'Right'}, {'type': {'displayName': 'Angle', 'value': 213}, 'value': '5.88'}, {'type': {'displayName': 'PassEndY', 'value': 141}, 'value': '14.3'}, {'type': {'displayName': 'Longball', 'value': 1}}, {'type': {'displayName': 'PassEndX', 'value': 140}, 'value': '57.6'}, {'type': {'displayName': 'GoalKick', 'value': 124}}, {'type': {'displayName': 'Length', 'value': 212}, 'value': '61.2'}, {'type': {'displayName': 'MissHigh', 'value': 74}}]",True,,,,,
1910889,FirstHalf,28,5,28,Interception,Successful,1211,Hoffenheim,302588.0,Bernardo,42.4,85.7,,,,,,,"[{'type': {'displayName': 'Zone', 'value': 56}, 'value': 'Back'}, {'type': {'displayName': 'Head', 'value': 15}}]",True,,,,,
1910889,FirstHalf,28,14,28,Pass,Successful,42,Werder Bremen,538407.0,Isaac Schmidt,57.2,0.0,38.0,10.6,,,,,"[{'type': {'displayName': 'PassEndY', 'value': 141}, 'value': '10.6'}, {'type': {'displayName': 'Angle', 'value': 213}, 'value': '2.75'}, {'type': {'displayName': 'Longball', 'value': 1}}, {'type': {'displayName': 'ThrowIn', 'value': 107}}, {'type': {'displayName': 'Zone', 'value': 56}, 'value': 'Back'}, {'type': {'displayName': 'Length', 'value': 212}, 'value': '21.8'}, {'type': {'displayName': 'PassEndX', 'value': 140}, 'value': '38.0'}]",True,,,,,
1910889,FirstHalf,28,17,28,Pass,Successful,42,Werder Bremen,368176.0,Amos Pieper,38.0,9.9,66.1,33.7,,,,,"[{'type': {'displayName': 'Zone', 'value': 56}, 'value': 'Center'}, {'type': {'displayName': 'PassEndY', 'value': 141}, 'value': '33.7'}, {'type': {'displayName': 'Longball', 'value': 1}}, {'type': {'displayName': 'Chipped', 'value': 155}}, {'type': {'displayName': 'Angle', 'value': 213}, 'value': '0.50'}, {'type': {'displayName': 'PassEndX', 'value': 140}, 'value': '66.1'}, {'type': {'displayName': 'Length', 'value': 212}, 'value': '33.7'}]",True,,,,,
1910889,FirstHalf,28,20,28,Pass,Unsuccessful,42,Werder Bremen,383847.0,Romano Schmid,65.3,33.2,65.4,29.3,,,,,"[{'type': {'displayName': 'PassEndY', 'value': 141}, 'value': '29.3'}, {'type': {'displayName': 'Zone', 'value': 56}, 'value': 'Center'}, {'type': {'displayName': 'Length', 'value': 212}, 'value': '2.7'}, {'type': {'displayName': 'PassEndX', 'value': 140}, 'value': '65.4'}, {'type': {'displayName': 'Angle', 'value': 213}, 'value': '4.75'}]",True,,,,,
1910889,FirstHalf,28,21,28,Pass,Unsuccessful,1211,Hoffenheim,302588.0,Bernardo,33.7,73.2,35.3,66.0,,,,,"[{'type': {'displayName': 'PassEndY', 'value': 141}, 'value': '66.0'}, {'type': {'displayName': 'Zone', 'value': 56}, 'value': 'Back'}, {'type': {'displayName': 'Angle', 'value': 213}, 'value': '5.04'}, {'type': {'displayName': 'PassEndX', 'value': 140}, 'value': '35.3'}, {'type': {'displayName': 'Length', 'value': 212}, 'value': '5.2'}]",True,,,,,
1910889,FirstHalf,28,22,28,Pass,Successful,42,Werder Bremen,377280.0,Jens Stage,64.8,31.7,69.0,48.7,,,,,"[{'type': {'displayName': 'PassEndX', 'value': 140}, 'value': '69.0'}, {'type': {'displayName': 'Zone', 'value': 56}, 'value': 'Center'}, {'type': {'displayName': 'Length', 'value': 212}, 'value': '12.4'}, {'type': {'displayName': 'PassEndY', 'value': 141}, 'value': '48.7'}, {'type': {'displayName': 'Angle', 'value': 213}, 'value': '1.21'}]",True,,,,,
1910889,FirstHalf,28,25,28,Pass,Successful,42,Werder Bremen,383847.0,Romano Schmid,69.8,54.4,83.9,70.3,,,,,"[{'type': {'displayName': 'Zone', 'value': 56}, 'value': 'Center'}, {'type': {'displayName': 'ShotAssist', 'value': 210}, 'value': '15'}, {'type': {'displayName': 'Length', 'value': 212}, 'value': '18.3'}, {'type': {'displayName': 'IntentionalAssist', 'value': 154}}, {'type': {'displayName': 'Angle', 'value': 213}, 'value': '0.63'}, {'type': {'displayName': 'PassEndX', 'value': 140}, 'value': '83.9'}, {'type': {'displayName': 'PassEndY', 'value': 141}, 'value': '70.3'}, {'type': {'displayName': 'KeyPass', 'value': 11113}}]",True,,,,,
1910889,FirstHalf,28,27,28,SavedShot,Successful,42,Werder Bremen,407284.0,Olivier Deman,83.9,70.3,,,51.2,13.9,96.7,54.7,"[{'type': {'displayName': 'IntentionalAssist', 'value': 154}}, {'type': {'displayName': 'BlockedX', 'value': 146}, 'value': '96.7'}, {'type': {'displayName': 'LeftFoot', 'value': 72}}, {'type': {'displayName': 'BoxLeft', 'value': 64}}, {'type': {'displayName': 'BlockedY', 'value': 147}, 'value': '54.7'}, {'type': {'displayName': 'LowCentre', 'value': 78}}, {'type': {'displayName': 'GoalMouthY', 'value': 102}, 'value': '51.2'}, {'type': {'displayName': 'RelatedEventId', 'value': 55}, 'value': '199'}, {'type': {'displayName': 'Zone', 'value': 56}, 'value': 'Center'}, {'type': {'displayName': 'OppositeRelatedEvent', 'value': 233}, 'value': '261'}, {'type': {'displayName': 'RegularPlay', 'value': 22}}, {'type': {'displayName': 'Assisted', 'value': 29}}, {'type': {'displayName': 'GoalMouthZ', 'value': 103}, 'value': '13.9'}, {'type': {'displayName': 'FirstTouch', 'value': 328}}]",True,True,,,199.0,383847.0
1910889,FirstHalf,28,28,28,Save,Successful,1211,Hoffenheim,77440.0,Oliver Baumann,3.9,44.9,,,,,,,"[{'type': {'displayName': 'Hands', 'value': 182}}, {'type': {'displayName': 'ParriedDanger', 'value': 174}}, {'type': {'displayName': 'OppositeRelatedEvent', 'value': 233}, 'value': '200'}, {'type': {'displayName': 'Zone', 'value': 56}, 'value': 'Back'}, {'type': {'displayName': 'DivingSave', 'value': 179}}, {'type': {'displayName': 'KeeperSaveInTheBox', 'value': 11115}}]",True,,,,,
1910889,FirstHalf,28,31,28,Pass,Successful,42,Werder Bremen,431791.0,Cameron Puertas,86.0,52.8,74.7,49.9,,,,,"[{'type': {'displayName': 'IntentionalAssist', 'value': 154}}, {'type': {'displayName': 'PassEndX', 'value': 140}, 'value': '74.7'}, {'type': {'displayName': 'Angle', 'value': 213}, 'value': '3.31'}, {'type': {'displayName': 'Length', 'value': 212}, 'value': '12.0'}, {'type': {'displayName': 'PassEndY', 'value': 141}, 'value': '49.9'}, {'type': {'displayName': 'ShotAssist', 'value': 210}, 'value': '13'}, {'type': {'displayName': 'Zone', 'value': 56}, 'value': 'Center'}, {'type': {'displayName': 'KeyPass', 'value': 11113}}]",True,,,,,
1910889,FirstHalf,28,32,28,MissedShots,Successful,42,Werder Bremen,420405.0,Senne Lynen,74.7,49.9,,,47.1,70.8,,,"[{'type': {'displayName': 'FirstTouch', 'value': 328}}, {'type': {'displayName': 'RightFoot', 'value': 20}}, {'type': {'displayName': 'Zone', 'value': 56}, 'value': 'Center'}, {'type': {'displayName': 'IntentionalAssist', 'value': 154}}, {'type': {'displayName': 'MissHigh', 'value': 74}}, {'type': {'displayName': 'RegularPlay', 'value': 22}}, {'type': {'displayName': 'Assisted', 'value': 29}}, {'type': {'displayName': 'OutOfBoxCentre', 'value': 18}}, {'type': {'displayName': 'GoalMouthY', 'value': 102}, 'value': '47.1'}, {'type': {'displayName': 'RelatedEventId', 'value': 55}, 'value': '201'}, {'type': {'displayName': 'GoalMouthZ', 'value': 103}, 'value': '70.8'}]",True,True,,,201.0,431791.0
1910889,FirstHalf,28,55,28,Pass,Successful,1211,Hoffenheim,77440.0,Oliver Baumann,4.3,43.6,27.4,7.6,,,,,"[{'type': {'displayName': 'Angle', 'value': 213}, 'value': '5.49'}, {'type': {'displayName': 'PassEndY', 'value': 141}, 'value': '7.6'}, {'type': {'displayName': 'PassEndX', 'value': 140}, 'value': '27.4'}, {'type': {'displayName': 'Longball', 'value': 1}}, {'type': {'displayName': 'GoalKick', 'value': 124}}, {'type': {'displayName': 'Zone', 'value': 56}, 'value': 'Back'}, {'type': {'displayName': 'Length', 'value': 212}, 'value': '34.5'}]",True,,,,,
1910889,FirstHalf,28,57,28,Pass,Successful,1211,Hoffenheim,111372.0,Vladimír Coufal,41.4,8.4,40.6,27.1,,,,,"[{'type': {'displayName': 'Zone', 'value': 56}, 'value': 'Back'}, {'type': {'displayName': 'PassEndX', 'value': 140}, 'value': '40.6'}, {'type': {'displayName': 'Length', 'value': 212}, 'value': '12.7'}, {'type': {'displayName': 'PassEndY', 'value': 141}, 'value': '27.1'}, {'type': {'displayName': 'Angle', 'value': 213}, 'value': '1.64'}]",True,,,,,
1910889,FirstHalf,28,59,28,Pass,Successful,1211,Hoffenheim,510234.0,Leon Avdullahu,42.7,30.3,46.7,69.9,,,,,"[{'type': {'displayName': 'Angle', 'value': 213}, 'value': '1.42'}, {'type': {'displayName': 'PassEndX', 'value': 140}, 'value': '46.7'}, {'type': {'displayName': 'Length', 'value': 212}, 'value': '27.3'}, {'type': {'displayName': 'PassEndY', 'value': 141}, 'value': '69.9'}, {'type': {'displayName': 'Zone', 'value': 56}, 'value': 'Back'}]",True,,,,,
1910889,FirstHalf,29,2,29,Pass,Successful,1211,Hoffenheim,402697.0,Albian Hajdari,46.7,70.0,61.9,94.8,,,,,"[{'type': {'displayName': 'Zone', 'value': 56}, 'value': 'Left'}, {'type': {'displayName': 'PassEndX', 'value': 140}, 'value': '61.9'}, {'type': {'displayName': 'PassEndY', 'value': 141}, 'value': '94.8'}, {'type': {'displayName': 'Angle', 'value': 213}, 'value': '0.81'}, {'type': {'displayName': 'Length', 'value': 212}, 'value': '23.2'}]",True,,,,,
1910889,FirstHalf,29,6,29,Pass,Successful,1211,Hoffenheim,551965.0,Bazoumana Touré,70.5,90.3,69.8,93.7,,,,,"[{'type': {'displayName': 'Zone', 'value': 56}, 'value': 'Left'}, {'type': {'displayName': 'PassEndY', 'value': 141}, 'value': '93.7'}, {'type': {'displayName': 'PassEndX', 'value': 140}, 'value': '69.8'}, {'type': {'displayName': 'Angle', 'value': 213}, 'value': '1.88'}, {'type': {'displayName': 'Length', 'value': 212}, 'value': '2.4'}]",True,,,,,
1910889,FirstHalf,29,7,29,Pass,Unsuccessful,1211,Hoffenheim,361878.0,Wouter Burger,71.6,84.3,72.2,78.6,,,,,"[{'type': {'displayName': 'Angle', 'value': 213}, 'value': '4.87'}, {'type': {'displayName': 'PassEndY', 'value': 141}, 'value': '78.6'}, {'type': {'displayName': 'PassEndX', 'value': 140}, 'value': '72.2'}, {'type': {'displayName': 'Length', 'value': 212}, 'value': '3.9'}, {'type': {'displayName': 'Zone', 'value': 56}, 'value': 'Center'}]",True,,,,,
1910889,FirstHalf,29,8,29,Interception,Successful,42,Werder Bremen,420405.0,Senne Lynen,27.8,21.4,,,,,,,"[{'type': {'displayName': 'Zone', 'value': 56}, 'value': 'Back'}]",True,,,,,
1910889,FirstHalf,29,9,29,BallTouch,Successful,1211,Hoffenheim,361878.0,Wouter Burger,72.8,82.8,,,,,,,"[{'type': {'displayName': 'Zone', 'value': 56}, 'value': 'Left'}]",True,,,,,
1910889,FirstHalf,29,10,29,BallRecovery,Successful,42,Werder Bremen,420405.0,Senne Lynen,25.0,6.9,,,,,,,[],False,,,,,
1910889,FirstHalf,29,11,29,BallTouch,Unsuccessful,42,Werder Bremen,420405.0,Senne Lynen,26.3,29.0,,,,,,,"[{'type': {'displayName': 'Zone', 'value': 56}, 'value': 'Back'}]",True,,,,,
1910889,FirstHalf,29,12,29,Pass,Unsuccessful,1211,Hoffenheim,302588.0,Bernardo,70.8,70.3,71.5,67.9,,,,,"[{'type': {'displayName': 'Angle', 'value': 213}, 'value': '5.14'}, {'type': {'displayName': 'Length', 'value': 212}, 'value': '1.8'}, {'type': {'displayName': 'PassEndY', 'value': 141}, 'value': '67.9'}, {'type': {'displayName': 'Zone', 'value': 56}, 'value': 'Center'}, {'type': {'displayName': 'PassEndX', 'value': 140}, 'value': '71.5'}]",True,,,,,
1910889,FirstHalf,29,13,29,BallTouch,Successful,42,Werder Bremen,420405.0,Senne Lynen,31.7,21.4,,,,,,,"[{'type': {'displayName': 'Zone', 'value': 56}, 'value': 'Back'}]",True,,,,,
1910889,FirstHalf,29,14,29,BallRecovery,Successful,1211,Hoffenheim,428426.0,Fisnik Asllani,63.4,62.7,,,,,,,[],False,,,,,
1910889,FirstHalf,29,14,29,Pass,Unsuccessful,1211,Hoffenheim,428426.0,Fisnik Asllani,69.3,60.6,71.8,64.9,,,,,"[{'type': {'displayName': 'Length', 'value': 212}, 'value': '3.9'}, {'type': {'displayName': 'Angle', 'value': 213}, 'value': '0.84'}, {'type': {'displayName': 'Zone', 'value': 56}, 'value': 'Center'}, {'type': {'displayName': 'PassEndY', 'value': 141}, 'value': '64.9'}, {'type': {'displayName': 'PassEndX', 'value': 140}, 'value': '71.8'}]",True,,,,,
1910889,FirstHalf,29,14,29,Interception,Successful,42,Werder Bremen,420405.0,Senne Lynen,28.2,35.1,,,,,,,"[{'type': {'displayName': 'Zone', 'value': 56}, 'value': 'Back'}]",True,,,,,
1910889,FirstHalf,29,15,29,BallRecovery,Successful,42,Werder Bremen,420405.0,Senne Lynen,23.9,38.9,,,,,,,[],False,,,,,
1910889,FirstHalf,29,16,29,Pass,Successful,42,Werder Bremen,420405.0,Senne Lynen,24.3,38.9,27.8,58.9,,,,,"[{'type': {'displayName': 'PassEndY', 'value': 141}, 'value': '58.9'}, {'type': {'displayName': 'Zone', 'value': 56}, 'value': 'Back'}, {'type': {'displayName': 'PassEndX', 'value': 140}, 'value': '27.8'}, {'type': {'displayName': 'Length', 'value': 212}, 'value': '14.1'}, {'type': {'displayName': 'Angle', 'value': 213}, 'value': '1.31'}]",True,,,,,
1910889,FirstHalf,29,21,29,Pass,Successful,42,Werder Bremen,383847.0,Romano Schmid,34.0,68.5,60.3,93.1,,,,,"[{'type': {'displayName': 'Zone', 'value': 56}, 'value': 'Left'}, {'type': {'displayName': 'Length', 'value': 212}, 'value': '32.3'}, {'type': {'displayName': 'Longball', 'value': 1}}, {'type': {'displayName': 'ShotAssist', 'value': 210}, 'value': '13'}, {'type': {'displayName': 'Chipped', 'value': 155}}, {'type': {'displayName': 'PassEndX', 'value': 140}, 'value': '60.3'}, {'type': {'displayName': 'PassEndY', 'value': 141}, 'value': '93.1'}, {'type': {'displayName': 'Angle', 'value': 213}, 'value': '0.54'}, {'type': {'displayName': 'KeyPass', 'value': 11113}}]",True,,,,,
1910889,FirstHalf,29,25,29,MissedShots,Successful,42,Werder Bremen,438066.0,Justin Njinmah,83.0,67.1,,,44.7,62.5,,,"[{'type': {'displayName': 'RelatedEventId', 'value': 55}, 'value': '209'}, {'type': {'displayName': 'Assisted', 'value': 29}}, {'type': {'displayName': 'GoalMouthY', 'value': 102}, 'value': '44.7'}, {'type': {'displayName': 'GoalMouthZ', 'value': 103}, 'value': '62.5'}, {'type': {'displayName': 'Zone', 'value': 56}, 'value': 'Center'}, {'type': {'displayName': 'FastBreak', 'value': 23}}, {'type': {'displayName': 'OutOfBoxCentre', 'value': 18}}, {'type': {'displayName': 'IndividualPlay', 'value': 215}}, {'type': {'displayName': 'RightFoot', 'value': 20}}, {'type': {'displayName': 'MissHigh', 'value': 74}}]",True,True,,,209.0,383847.0
1910889,FirstHalf,29,40,29,Pass,Successful,1211,Hoffenheim,77440.0,Oliver Baumann,3.6,57.5,25.5,70.7,,,,,"[{'type': {'displayName': 'Length', 'value': 212}, 'value': '24.7'}, {'type': {'displayName': 'PassEndY', 'value': 141}, 'value': '70.7'}, {'type': {'displayName': 'Zone', 'value': 56}, 'value': 'Back'}, {'type': {'displayName': 'GoalKick', 'value': 124}}, {'type': {'displayName': 'Angle', 'value': 213}, 'value': '0.37'}, {'type': {'displayName': 'PassEndX', 'value': 140}, 'value': '25.5'}]",True,,,,,
1910889,FirstHalf,29,42,29,Pass,Successful,1211,Hoffenheim,402697.0,Albian Hajdari,27.2,67.9,35.7,84.6,,,,,"[{'type': {'displayName': 'PassEndX', 'value': 140}, 'value': '35.7'}, {'type': {'displayName': 'Zone', 'value': 56}, 'value': 'Back'}, {'type': {'displayName': 'Length', 'value': 212}, 'value': '14.4'}, {'type': {'displayName': 'PassEndY', 'value': 141}, 'value': '84.6'}, {'type': {'displayName': 'Angle', 'value': 213}, 'value': '0.90'}]",True,,,,,
1910889,FirstHalf,29,46,29,Pass,Successful,1211,Hoffenheim,510234.0,Leon Avdullahu,40.5,66.4,43.9,31.9,,,,,"[{'type': {'displayName': 'Zone', 'value': 56}, 'value': 'Back'}, {'type': {'displayName': 'PassEndY', 'value': 141}, 'value': '31.9'}, {'type': {'displayName': 'PassEndX', 'value': 140}, 'value': '43.9'}, {'type': {'displayName': 'Angle', 'value': 213}, 'value': '4.86'}, {'type': {'displayName': 'Length', 'value': 212}, 'value': '23.7'}]",True,,,,,
1910889,FirstHalf,29,50,29,Pass,Successful,1211,Hoffenheim,111372.0,Vladimír Coufal,46.3,35.5,44.7,64.6,,,,,"[{'type': {'displayName': 'Angle', 'value': 213}, 'value': '1.66'}, {'type': {'displayName': 'PassEndY', 'value': 141}, 'value': '64.6'}, {'type': {'displayName': 'Length', 'value': 212}, 'value': '19.9'}, {'type': {'displayName': 'PassEndX', 'value': 140}, 'value': '44.7'}, {'type': {'displayName': 'Zone', 'value': 56}, 'value': 'Back'}]",True,,,,,
1910889,FirstHalf,29,52,29,Pass,Successful,1211,Hoffenheim,402697.0,Albian Hajdari,46.0,63.1,59.5,93.6,,,,,"[{'type': {'displayName': 'Angle', 'value': 213}, 'value': '0.97'}, {'type': {'displayName': 'PassEndX', 'value': 140}, 'value': '59.5'}, {'type': {'displayName': 'PassEndY', 'value': 141}, 'value': '93.6'}, {'type': {'displayName': 'Length', 'value': 212}, 'value': '25.1'}, {'type': {'displayName': 'Zone', 'value': 56}, 'value': 'Left'}]",True,,,,,
1910889,FirstHalf,29,58,29,Pass,Successful,1211,Hoffenheim,551965.0,Bazoumana Touré,63.4,96.0,63.8,79.8,,,,,"[{'type': {'displayName': 'Angle', 'value': 213}, 'value': '4.75'}, {'type': {'displayName': 'PassEndY', 'value': 141}, 'value': '79.8'}, {'type': {'displayName': 'Length', 'value': 212}, 'value': '11.0'}, {'type': {'displayName': 'Zone', 'value': 56}, 'value': 'Left'}, {'type': {'displayName': 'PassEndX', 'value': 140}, 'value': '63.8'}]",True,,,,,
1910889,FirstHalf,30,0,30,Pass,Successful,1211,Hoffenheim,361878.0,Wouter Burger,63.8,79.8,56.7,83.1,,,,,"[{'type': {'displayName': 'Length', 'value': 212}, 'value': '7.8'}, {'type': {'displayName': 'Zone', 'value': 56}, 'value': 'Left'}, {'type': {'displayName': 'Angle', 'value': 213}, 'value': '2.85'}, {'type': {'displayName': 'PassEndY', 'value': 141}, 'value': '83.1'}, {'type': {'displayName': 'PassEndX', 'value': 140}, 'value': '56.7'}]",True,,,,,
1910889,FirstHalf,30,2,30,Pass,Successful,1211,Hoffenheim,302588.0,Bernardo,58.4,79.0,62.9,43.0,,,,,"[{'type': {'displayName': 'Length', 'value': 212}, 'value': '24.9'}, {'type': {'displayName': 'Angle', 'value': 213}, 'value': '4.90'}, {'type': {'displayName': 'PassEndX', 'value': 140}, 'value': '62.9'}, {'type': {'displayName': 'Zone', 'value': 56}, 'value': 'Center'}, {'type': {'displayName': 'PassEndY', 'value': 141}, 'value': '43.0'}]",True,,,,,
1910889,FirstHalf,30,5,30,Pass,Successful,1211,Hoffenheim,356743.0,Ozan Kabak,64.1,42.3,70.6,18.6,,,,,"[{'type': {'displayName': 'Length', 'value': 212}, 'value': '17.5'}, {'type': {'displayName': 'PassEndX', 'value': 140}, 'value': '70.6'}, {'type': {'displayName': 'Angle', 'value': 213}, 'value': '5.11'}, {'type': {'displayName': 'Zone', 'value': 56}, 'value': 'Right'}, {'type': {'displayName': 'PassEndY', 'value': 141}, 'value': '18.6'}]",True,,,,,
1910889,FirstHalf,30,12,30,Pass,Successful,1211,Hoffenheim,75217.0,Andrej Kramaric,71.1,21.6,73.7,11.7,,,,,"[{'type': {'displayName': 'Length', 'value': 212}, 'value': '7.3'}, {'type': {'displayName': 'Angle', 'value': 213}, 'value': '5.10'}, {'type': {'displayName': 'Zone', 'value': 56}, 'value': 'Right'}, {'type': {'displayName': 'PassEndX', 'value': 140}, 'value': '73.7'}, {'type': {'displayName': 'PassEndY', 'value': 141}, 'value': '11.7'}]",True,,,,,
1910889,FirstHalf,30,14,30,Pass,Successful,1211,Hoffenheim,111372.0,Vladimír Coufal,72.5,18.1,72.6,27.7,,,,,"[{'type': {'displayName': 'Length', 'value': 212}, 'value': '6.5'}, {'type': {'displayName': 'Angle', 'value': 213}, 'value': '1.55'}, {'type': {'displayName': 'PassEndX', 'value': 140}, 'value': '72.6'}, {'type': {'displayName': 'PassEndY', 'value': 141}, 'value': '27.7'}, {'type': {'displayName': 'Zone', 'value': 56}, 'value': 'Center'}]",True,,,,,
1910889,FirstHalf,30,15,30,Pass,Successful,1211,Hoffenheim,510234.0,Leon Avdullahu,72.6,27.7,83.0,13.6,,,,,"[{'type': {'displayName': 'Length', 'value': 212}, 'value': '14.5'}, {'type': {'displayName': 'PassEndY', 'value': 141}, 'value': '13.6'}, {'type': {'displayName': 'Zone', 'value': 56}, 'value': 'Right'}, {'type': {'displayName': 'Angle', 'value': 213}, 'value': '5.56'}, {'type': {'displayName': 'PassEndX', 'value': 140}, 'value': '83.0'}]",True,,,,,
1910889,FirstHalf,30,16,30,Pass,Unsuccessful,1211,Hoffenheim,75217.0,Andrej Kramaric,85.6,14.5,94.6,54.9,,,,,"[{'type': {'displayName': 'Zone', 'value': 56}, 'value': 'Center'}, {'type': {'displayName': 'PassEndY', 'value': 141}, 'value': '54.9'}, {'type': {'displayName': 'Chipped', 'value': 155}}, {'type': {'displayName': 'OppositeRelatedEvent', 'value': 233}, 'value': '213'}, {'type': {'displayName': 'Angle', 'value': 213}, 'value': '1.24'}, {'type': {'displayName': 'Cross', 'value': 2}}, {'type': {'displayName': 'RightFoot', 'value': 20}}, {'type': {'displayName': 'Length', 'value': 212}, 'value': '29.1'}, {'type': {'displayName': 'PassEndX', 'value': 140}, 'value': '94.6'}]",True,,,,,
1910889,FirstHalf,30,18,30,Claim,Successful,42,Werder Bremen,436119.0,Mio Backhaus,5.4,45.1,,,,,,,"[{'type': {'displayName': 'HighClaim', 'value': 88}}, {'type': {'displayName': 'OppositeRelatedEvent', 'value': 233}, 'value': '284'}, {'type': {'displayName': 'Zone', 'value': 56}, 'value': 'Back'}]",True,,,,,
1910889,FirstHalf,30,34,30,Pass,Unsuccessful,42,Werder Bremen,436119.0,Mio Backhaus,12.0,45.5,83.2,27.6,,,,,"[{'type': {'displayName': 'Longball', 'value': 1}}, {'type': {'displayName': 'PassEndY', 'value': 141}, 'value': '27.6'}, {'type': {'displayName': 'Length', 'value': 212}, 'value': '75.7'}, {'type': {'displayName': 'Angle', 'value': 213}, 'value': '6.12'}, {'type': {'displayName': 'PassEndX', 'value': 140}, 'value': '83.2'}, {'type': {'displayName': 'Zone', 'value': 56}, 'value': 'Center'}]",True,,,,,
1910889,FirstHalf,30,39,30,BallRecovery,Successful,1211,Hoffenheim,77440.0,Oliver Baumann,26.3,71.2,,,,,,,[],False,,,,,
1910889,FirstHalf,30,41,30,Pass,Successful,1211,Hoffenheim,77440.0,Oliver Baumann,26.3,71.2,33.4,70.8,,,,,"[{'type': {'displayName': 'PassEndX', 'value': 140}, 'value': '33.4'}, {'type': {'displayName': 'Zone', 'value': 56}, 'value': 'Back'}, {'type': {'displayName': 'Length', 'value': 212}, 'value': '7.5'}, {'type': {'displayName': 'Angle', 'value': 213}, 'value': '6.25'}, {'type': {'displayName': 'PassEndY', 'value': 141}, 'value': '70.8'}]",True,,,,,
1910889,FirstHalf,30,43,30,Pass,Successful,1211,Hoffenheim,402697.0,Albian Hajdari,37.8,67.5,45.7,41.1,,,,,"[{'type': {'displayName': 'Angle', 'value': 213}, 'value': '5.15'}, {'type': {'displayName': 'PassEndY', 'value': 141}, 'value': '41.1'}, {'type': {'displayName': 'Zone', 'value': 56}, 'value': 'Back'}, {'type': {'displayName': 'Length', 'value': 212}, 'value': '19.8'}, {'type': {'displayName': 'PassEndX', 'value': 140}, 'value': '45.7'}]",True,,,,,
1910889,FirstHalf,30,46,30,Pass,Successful,1211,Hoffenheim,356743.0,Ozan Kabak,47.2,43.3,57.5,41.5,,,,,"[{'type': {'displayName': 'PassEndX', 'value': 140}, 'value': '57.5'}, {'type': {'displayName': 'Angle', 'value': 213}, 'value': '6.17'}, {'type': {'displayName': 'Zone', 'value': 56}, 'value': 'Center'}, {'type': {'displayName': 'Length', 'value': 212}, 'value': '10.9'}, {'type': {'displayName': 'PassEndY', 'value': 141}, 'value': '41.5'}]",True,,,,,
1910889,FirstHalf,30,48,30,Pass,Successful,1211,Hoffenheim,510234.0,Leon Avdullahu,57.5,41.5,50.3,62.2,,,,,"[{'type': {'displayName': 'PassEndY', 'value': 141}, 'value': '62.2'}, {'type': {'displayName': 'Zone', 'value': 56}, 'value': 'Center'}, {'type': {'displayName': 'PassEndX', 'value': 140}, 'value': '50.3'}, {'type': {'displayName': 'Length', 'value': 212}, 'value': '16.0'}, {'type': {'displayName': 'Angle', 'value': 213}, 'value': '2.06'}]",True,,,,,
1910889,FirstHalf,30,55,30,Pass,Successful,1211,Hoffenheim,402697.0,Albian Hajdari,58.0,63.4,64.1,90.0,,,,,"[{'type': {'displayName': 'PassEndY', 'value': 141}, 'value': '90.0'}, {'type': {'displayName': 'PassEndX', 'value': 140}, 'value': '64.1'}, {'type': {'displayName': 'Length', 'value': 212}, 'value': '19.2'}, {'type': {'displayName': 'Angle', 'value': 213}, 'value': '1.23'}, {'type': {'displayName': 'Zone', 'value': 56}, 'value': 'Left'}]",True,,,,,
1910889,FirstHalf,30,56,30,Pass,Successful,1211,Hoffenheim,361878.0,Wouter Burger,64.1,90.0,60.1,74.4,,,,,"[{'type': {'displayName': 'Angle', 'value': 213}, 'value': '4.34'}, {'type': {'displayName': 'PassEndY', 'value': 141}, 'value': '74.4'}, {'type': {'displayName': 'PassEndX', 'value': 140}, 'value': '60.1'}, {'type': {'displayName': 'Zone', 'value': 56}, 'value': 'Center'}, {'type': {'displayName': 'Length', 'value': 212}, 'value': '11.4'}]",True,,,,,
1910889,FirstHalf,30,58,30,Pass,Successful,1211,Hoffenheim,402697.0,Albian Hajdari,59.0,71.2,57.3,52.0,,,,,"[{'type': {'displayName': 'PassEndX', 'value': 140}, 'value': '57.3'}, {'type': {'displayName': 'Zone', 'value': 56}, 'value': 'Center'}, {'type': {'displayName': 'Angle', 'value': 213}, 'value': '4.58'}, {'type': {'displayName': 'PassEndY', 'value': 141}, 'value': '52.0'}, {'type': {'displayName': 'Length', 'value': 212}, 'value': '13.2'}]",True,,,,,
1910889,FirstHalf,31,1,31,Pass,Successful,1211,Hoffenheim,510234.0,Leon Avdullahu,56.9,51.3,63.1,21.6,,,,,"[{'type': {'displayName': 'PassEndY', 'value': 141}, 'value': '21.6'}, {'type': {'displayName': 'Zone', 'value': 56}, 'value': 'Center'}, {'type': {'displayName': 'Length', 'value': 212}, 'value': '21.2'}, {'type': {'displayName': 'PassEndX', 'value': 140}, 'value': '63.1'}, {'type': {'displayName': 'Angle', 'value': 213}, 'value': '5.02'}]",True,,,,,
1910889,FirstHalf,31,5,31,Pass,Successful,1211,Hoffenheim,356743.0,Ozan Kabak,63.0,21.6,70.7,4.8,,,,,"[{'type': {'displayName': 'Zone', 'value': 56}, 'value': 'Right'}, {'type': {'displayName': 'Length', 'value': 212}, 'value': '14.0'}, {'type': {'displayName': 'PassEndX', 'value': 140}, 'value': '70.7'}, {'type': {'displayName': 'PassEndY', 'value': 141}, 'value': '4.8'}, {'type': {'displayName': 'Angle', 'value': 213}, 'value': '5.33'}]",True,,,,,
1910889,FirstHalf,31,6,31,Pass,Successful,1211,Hoffenheim,111372.0,Vladimír Coufal,70.7,4.8,59.2,21.6,,,,,"[{'type': {'displayName': 'PassEndX', 'value': 140}, 'value': '59.2'}, {'type': {'displayName': 'Zone', 'value': 56}, 'value': 'Center'}, {'type': {'displayName': 'Length', 'value': 212}, 'value': '16.6'}, {'type': {'displayName': 'Angle', 'value': 213}, 'value': '2.38'}, {'type': {'displayName': 'PassEndY', 'value': 141}, 'value': '21.6'}]",True,,,,,
1910889,FirstHalf,31,9,31,Pass,Successful,1211,Hoffenheim,356743.0,Ozan Kabak,60.1,22.5,58.4,34.0,,,,,"[{'type': {'displayName': 'Angle', 'value': 213}, 'value': '1.80'}, {'type': {'displayName': 'PassEndX', 'value': 140}, 'value': '58.4'}, {'type': {'displayName': 'Zone', 'value': 56}, 'value': 'Center'}, {'type': {'displayName': 'Length', 'value': 212}, 'value': '8.0'}, {'type': {'displayName': 'PassEndY', 'value': 141}, 'value': '34.0'}]",True,,,,,
1910889,FirstHalf,31,11,31,Pass,Successful,1211,Hoffenheim,510234.0,Leon Avdullahu,61.0,36.6,64.5,55.0,,,,,"[{'type': {'displayName': 'Length', 'value': 212}, 'value': '13.0'}, {'type': {'displayName': 'PassEndX', 'value': 140}, 'value': '64.5'}, {'type': {'displayName': 'Angle', 'value': 213}, 'value': '1.29'}, {'type': {'displayName': 'PassEndY', 'value': 141}, 'value': '55.0'}, {'type': {'displayName': 'Zone', 'value': 56}, 'value': 'Center'}]",True,,,,,
1910889,FirstHalf,31,13,31,Pass,Successful,1211,Hoffenheim,302588.0,Bernardo,64.5,56.1,67.9,78.7,,,,,"[{'type': {'displayName': 'Length', 'value': 212}, 'value': '15.8'}, {'type': {'displayName': 'PassEndY', 'value': 141}, 'value': '78.7'}, {'type': {'displayName': 'Zone', 'value': 56}, 'value': 'Center'}, {'type': {'displayName': 'Angle', 'value': 213}, 'value': '1.34'}, {'type': {'displayName': 'PassEndX', 'value': 140}, 'value': '67.9'}]",True,,,,,
1910889,FirstHalf,31,18,31,Pass,Successful,1211,Hoffenheim,361878.0,Wouter Burger,69.2,78.7,70.4,62.7,,,,,"[{'type': {'displayName': 'Angle', 'value': 213}, 'value': '4.83'}, {'type': {'displayName': 'Length', 'value': 212}, 'value': '11.0'}, {'type': {'displayName': 'PassEndY', 'value': 141}, 'value': '62.7'}, {'type': {'displayName': 'Zone', 'value': 56}, 'value': 'Center'}, {'type': {'displayName': 'PassEndX', 'value': 140}, 'value': '70.4'}]",True,,,,,
1910889,FirstHalf,31,20,31,Pass,Successful,1211,Hoffenheim,302588.0,Bernardo,70.2,62.8,68.4,49.5,,,,,"[{'type': {'displayName': 'PassEndX', 'value': 140}, 'value': '68.4'}, {'type': {'displayName': 'Zone', 'value': 56}, 'value': 'Center'}, {'type': {'displayName': 'Angle', 'value': 213}, 'value': '4.51'}, {'type': {'displayName': 'PassEndY', 'value': 141}, 'value': '49.5'}, {'type': {'displayName': 'Length', 'value': 212}, 'value': '9.2'}]",True,,,,,
1910889,FirstHalf,31,22,31,Pass,Successful,1211,Hoffenheim,510234.0,Leon Avdullahu,68.1,49.6,84.4,8.7,,,,,"[{'type': {'displayName': 'Length', 'value': 212}, 'value': '32.7'}, {'type': {'displayName': 'Zone', 'value': 56}, 'value': 'Right'}, {'type': {'displayName': 'PassEndX', 'value': 140}, 'value': '84.4'}, {'type': {'displayName': 'Angle', 'value': 213}, 'value': '5.26'}, {'type': {'displayName': 'PassEndY', 'value': 141}, 'value': '8.7'}, {'type': {'displayName': 'Longball', 'value': 1}}]",True,,,,,
1910889,FirstHalf,31,26,31,Challenge,Unsuccessful,42,Werder Bremen,407284.0,Olivier Deman,13.9,86.9,,,,,,,"[{'type': {'displayName': 'Defensive', 'value': 285}}, {'type': {'displayName': 'Zone', 'value': 56}, 'value': 'Back'}, {'type': {'displayName': 'OppositeRelatedEvent', 'value': 233}, 'value': '302'}]",False,,,,,
1910889,FirstHalf,31,26,31,TakeOn,Successful,1211,Hoffenheim,111372.0,Vladimír Coufal,86.1,13.1,,,,,,,"[{'type': {'displayName': 'Offensive', 'value': 286}}, {'type': {'displayName': 'Zone', 'value': 56}, 'value': 'Right'}, {'type': {'displayName': 'OppositeRelatedEvent', 'value': 233}, 'value': '216'}]",True,,,,,
1910889,FirstHalf,31,27,31,Pass,Successful,1211,Hoffenheim,111372.0,Vladimír Coufal,86.3,9.0,78.9,12.9,,,,,"[{'type': {'displayName': 'Angle', 'value': 213}, 'value': '2.81'}, {'type': {'displayName': 'PassEndY', 'value': 141}, 'value': '12.9'}, {'type': {'displayName': 'Length', 'value': 212}, 'value': '8.2'}, {'type': {'displayName': 'PassEndX', 'value': 140}, 'value': '78.9'}, {'type': {'displayName': 'Zone', 'value': 56}, 'value': 'Right'}]",True,,,,,
1910889,FirstHalf,31,30,31,Pass,Successful,1211,Hoffenheim,356743.0,Ozan Kabak,78.4,14.4,93.3,36.0,,,,,"[{'type': {'displayName': 'IntentionalAssist', 'value': 154}}, {'type': {'displayName': 'Zone', 'value': 56}, 'value': 'Center'}, {'type': {'displayName': 'PassEndX', 'value': 140}, 'value': '93.3'}, {'type': {'displayName': 'Angle', 'value': 213}, 'value': '0.75'}, {'type': {'displayName': 'PassEndY', 'value': 141}, 'value': '36.0'}, {'type': {'displayName': 'Length', 'value': 212}, 'value': '21.5'}, {'type': {'displayName': 'ShotAssist', 'value': 210}, 'value': '15'}, {'type': {'displayName': 'KeyPass', 'value': 11113}}]",True,,,,,
1910889,FirstHalf,31,31,31,SavedShot,Successful,1211,Hoffenheim,428426.0,Fisnik Asllani,93.3,36.0,,,46.2,24.1,98.6,45.7,"[{'type': {'displayName': 'FirstTouch', 'value': 328}}, {'type': {'displayName': 'Zone', 'value': 56}, 'value': 'Center'}, {'type': {'displayName': 'OppositeRelatedEvent', 'value': 233}, 'value': '217'}, {'type': {'displayName': 'IntentionalAssist', 'value': 154}}, {'type': {'displayName': 'GoalMouthY', 'value': 102}, 'value': '46.2'}, {'type': {'displayName': 'RightFoot', 'value': 20}}, {'type': {'displayName': 'HighRight', 'value': 81}}, {'type': {'displayName': 'GoalMouthZ', 'value': 103}, 'value': '24.1'}, {'type': {'displayName': 'BoxRight', 'value': 63}}, {'type': {'displayName': 'BlockedY', 'value': 147}, 'value': '45.7'}, {'type': {'displayName': 'Assisted', 'value': 29}}, {'type': {'displayName': 'BlockedX', 'value': 146}, 'value': '98.6'}, {'type': {'displayName': 'RegularPlay', 'value': 22}}, {'type': {'displayName': 'RelatedEventId', 'value': 55}, 'value': '304'}]",True,True,,,304.0,356743.0
1910889,FirstHalf,31,31,31,Save,Successful,42,Werder Bremen,436119.0,Mio Backhaus,1.5,53.2,,,,,,,"[{'type': {'displayName': 'ParriedSafe', 'value': 173}}, {'type': {'displayName': 'OppositeRelatedEvent', 'value': 233}, 'value': '305'}, {'type': {'displayName': 'Zone', 'value': 56}, 'value': 'Back'}, {'type': {'displayName': 'Hands', 'value': 182}}, {'type': {'displayName': 'DivingSave', 'value': 179}}, {'type': {'displayName': 'KeeperSaveInTheBox', 'value': 11115}}]",True,,,,,
1910889,FirstHalf,31,33,31,CornerAwarded,Unsuccessful,42,Werder Bremen,436119.0,Mio Backhaus,0.7,59.2,,,,,,,"[{'type': {'displayName': 'Zone', 'value': 56}, 'value': 'Back'}, {'type': {'displayName': 'MissLeft', 'value': 73}}, {'type': {'displayName': 'OppositeRelatedEvent', 'value': 233}, 'value': '306'}]",False,,,,,
1910889,FirstHalf,31,33,31,CornerAwarded,Successful,1211,Hoffenheim,428426.0,Fisnik Asllani,99.4,40.7,,,,,,,"[{'type': {'displayName': 'OppositeRelatedEvent', 'value': 233}, 'value': '218'}, {'type': {'displayName': 'MissRight', 'value': 75}}, {'type': {'displayName': 'Zone', 'value': 56}, 'value': 'Center'}]",False,,,,,
1910889,FirstHalf,31,56,31,Pass,Successful,1211,Hoffenheim,361878.0,Wouter Burger,99.7,0.6,89.0,10.3,,,,,"[{'type': {'displayName': 'Angle', 'value': 213}, 'value': '2.61'}, {'type': {'displayName': 'PassEndX', 'value': 140}, 'value': '89.0'}, {'type': {'displayName': 'CornerTaken', 'value': 6}}, {'type': {'displayName': 'PassEndY', 'value': 141}, 'value': '10.3'}, {'type': {'displayName': 'Zone', 'value': 56}, 'value': 'Right'}, {'type': {'displayName': 'Length', 'value': 212}, 'value': '13.0'}]",True,,,,,
1910889,FirstHalf,31,59,31,Pass,Successful,1211,Hoffenheim,75217.0,Andrej Kramaric,89.0,10.3,81.7,11.5,,,,,"[{'type': {'displayName': 'PassEndY', 'value': 141}, 'value': '11.5'}, {'type': {'displayName': 'PassEndX', 'value': 140}, 'value': '81.7'}, {'type': {'displayName': 'Angle', 'value': 213}, 'value': '3.04'}, {'type': {'displayName': 'Length', 'value': 212}, 'value': '7.7'}, {'type': {'displayName': 'Zone', 'value': 56}, 'value': 'Right'}]",True,,,,,
1910889,FirstHalf,32,0,32,Pass,Successful,1211,Hoffenheim,361878.0,Wouter Burger,81.7,11.5,77.5,32.5,,,,,"[{'type': {'displayName': 'PassEndX', 'value': 140}, 'value': '77.5'}, {'type': {'displayName': 'Zone', 'value': 56}, 'value': 'Center'}, {'type': {'displayName': 'PassEndY', 'value': 141}, 'value': '32.5'}, {'type': {'displayName': 'Length', 'value': 212}, 'value': '14.9'}, {'type': {'displayName': 'Angle', 'value': 213}, 'value': '1.87'}]",True,,,,,
1910889,FirstHalf,32,1,32,Pass,Successful,1211,Hoffenheim,510234.0,Leon Avdullahu,77.4,32.5,74.1,66.4,,,,,"[{'type': {'displayName': 'Zone', 'value': 56}, 'value': 'Center'}, {'type': {'displayName': 'Length', 'value': 212}, 'value': '23.3'}, {'type': {'displayName': 'PassEndY', 'value': 141}, 'value': '66.4'}, {'type': {'displayName': 'PassEndX', 'value': 140}, 'value': '74.1'}, {'type': {'displayName': 'Angle', 'value': 213}, 'value': '1.72'}]",True,,,,,
1910889,FirstHalf,32,3,32,Pass,Unsuccessful,1211,Hoffenheim,111372.0,Vladimír Coufal,73.6,66.0,88.8,31.0,,,,,"[{'type': {'displayName': 'PassEndY', 'value': 141}, 'value': '31.0'}, {'type': {'displayName': 'PassEndX', 'value': 140}, 'value': '88.8'}, {'type': {'displayName': 'Length', 'value': 212}, 'value': '28.7'}, {'type': {'displayName': 'Chipped', 'value': 155}}, {'type': {'displayName': 'Zone', 'value': 56}, 'value': 'Center'}, {'type': {'displayName': 'Angle', 'value': 213}, 'value': '5.30'}]",True,,,,,
1910889,FirstHalf,32,6,32,Clearance,Successful,42,Werder Bremen,438066.0,Justin Njinmah,11.9,73.6,23.0,97.1,,,,,"[{'type': {'displayName': 'Length', 'value': 212}, 'value': '19.8'}, {'type': {'displayName': 'PassEndX', 'value': 140}, 'value': '23.0'}, {'type': {'displayName': 'Zone', 'value': 56}, 'value': 'Back'}, {'type': {'displayName': 'Head', 'value': 15}}, {'type': {'displayName': 'Angle', 'value': 213}, 'value': '0.94'}, {'type': {'displayName': 'PassEndY', 'value': 141}, 'value': '97.1'}]",True,,,,,
1910889,FirstHalf,32,13,32,Pass,Unsuccessful,1211,Hoffenheim,361878.0,Wouter Burger,77.9,10.6,86.2,68.2,,,,,"[{'type': {'displayName': 'Longball', 'value': 1}}, {'type': {'displayName': 'Length', 'value': 212}, 'value': '40.1'}, {'type': {'displayName': 'Angle', 'value': 213}, 'value': '1.35'}, {'type': {'displayName': 'PassEndX', 'value': 140}, 'value': '86.2'}, {'type': {'displayName': 'Zone', 'value': 56}, 'value': 'Center'}, {'type': {'displayName': 'PassEndY', 'value': 141}, 'value': '68.2'}]",True,,,,,
1910889,FirstHalf,32,18,32,Interception,Successful,42,Werder Bremen,538407.0,Isaac Schmidt,13.8,31.8,,,,,,,"[{'type': {'displayName': 'Zone', 'value': 56}, 'value': 'Back'}]",True,,,,,
1910889,FirstHalf,32,19,32,BallRecovery,Successful,42,Werder Bremen,538407.0,Isaac Schmidt,20.0,14.3,,,,,,,[],False,,,,,
1910889,FirstHalf,32,22,32,Pass,Successful,42,Werder Bremen,538407.0,Isaac Schmidt,34.3,18.0,51.8,6.8,,,,,"[{'type': {'displayName': 'PassEndY', 'value': 141}, 'value': '6.8'}, {'type': {'displayName': 'PassEndX', 'value': 140}, 'value': '51.8'}, {'type': {'displayName': 'Angle', 'value': 213}, 'value': '5.89'}, {'type': {'displayName': 'Zone', 'value': 56}, 'value': 'Right'}, {'type': {'displayName': 'Length', 'value': 212}, 'value': '19.9'}]",True,,,,,
1910889,FirstHalf,32,24,32,Pass,Unsuccessful,42,Werder Bremen,383847.0,Romano Schmid,52.7,7.1,65.7,39.9,,,,,"[{'type': {'displayName': 'Zone', 'value': 56}, 'value': 'Center'}, {'type': {'displayName': 'PassEndY', 'value': 141}, 'value': '39.9'}, {'type': {'displayName': 'PassEndX', 'value': 140}, 'value': '65.7'}, {'type': {'displayName': 'Angle', 'value': 213}, 'value': '1.02'}, {'type': {'displayName': 'Length', 'value': 212}, 'value': '26.1'}]",True,,,,,
1910889,FirstHalf,32,27,32,BallRecovery,Successful,1211,Hoffenheim,510234.0,Leon Avdullahu,35.1,59.5,,,,,,,[],False,,,,,
1910889,FirstHalf,32,28,32,Pass,Successful,1211,Hoffenheim,510234.0,Leon Avdullahu,35.1,59.5,47.4,50.2,,,,,"[{'type': {'displayName': 'Zone', 'value': 56}, 'value': 'Back'}, {'type': {'displayName': 'Length', 'value': 212}, 'value': '14.4'}, {'type': {'displayName': 'PassEndY', 'value': 141}, 'value': '50.2'}, {'type': {'displayName': 'Angle', 'value': 213}, 'value': '5.83'}, {'type': {'displayName': 'PassEndX', 'value': 140}, 'value': '47.4'}]",True,,,,,
1910889,FirstHalf,32,31,32,Pass,Successful,1211,Hoffenheim,428426.0,Fisnik Asllani,51.8,51.1,44.1,54.7,,,,,"[{'type': {'displayName': 'Zone', 'value': 56}, 'value': 'Back'}, {'type': {'displayName': 'PassEndY', 'value': 141}, 'value': '54.7'}, {'type': {'displayName': 'PassEndX', 'value': 140}, 'value': '44.1'}, {'type': {'displayName': 'Length', 'value': 212}, 'value': '8.4'}, {'type': {'displayName': 'Angle', 'value': 213}, 'value': '2.85'}]",True,,,,,
1910889,FirstHalf,32,37,32,Pass,Successful,1211,Hoffenheim,510234.0,Leon Avdullahu,55.8,65.1,57.3,80.8,,,,,"[{'type': {'displayName': 'Length', 'value': 212}, 'value': '10.8'}, {'type': {'displayName': 'Angle', 'value': 213}, 'value': '1.42'}, {'type': {'displayName': 'PassEndX', 'value': 140}, 'value': '57.3'}, {'type': {'displayName': 'PassEndY', 'value': 141}, 'value': '80.8'}, {'type': {'displayName': 'Zone', 'value': 56}, 'value': 'Left'}]",True,,,,,
1910889,FirstHalf,32,41,32,Pass,Successful,1211,Hoffenheim,302588.0,Bernardo,66.1,86.5,84.5,79.6,,,,,"[{'type': {'displayName': 'PassEndX', 'value': 140}, 'value': '84.5'}, {'type': {'displayName': 'PassEndY', 'value': 141}, 'value': '79.6'}, {'type': {'displayName': 'Zone', 'value': 56}, 'value': 'Left'}, {'type': {'displayName': 'Length', 'value': 212}, 'value': '19.9'}, {'type': {'displayName': 'Angle', 'value': 213}, 'value': '6.04'}]",True,,,,,
1910889,FirstHalf,32,43,32,BallTouch,Unsuccessful,1211,Hoffenheim,395001.0,Tim Lemperle,85.2,81.7,,,,,,,"[{'type': {'displayName': 'Zone', 'value': 56}, 'value': 'Left'}]",True,,,,,
1910889,FirstHalf,32,45,32,Clearance,Successful,42,Werder Bremen,368176.0,Amos Pieper,6.6,14.5,8.7,0.0,,,,,"[{'type': {'displayName': 'Zone', 'value': 56}, 'value': 'Back'}, {'type': {'displayName': 'PassEndY', 'value': 141}, 'value': '0.0'}, {'type': {'displayName': 'PassEndX', 'value': 140}, 'value': '8.7'}, {'type': {'displayName': 'Length', 'value': 212}, 'value': '10.6'}, {'type': {'displayName': 'Angle', 'value': 213}, 'value': '4.92'}]",True,,,,,
1910889,FirstHalf,32,52,32,Pass,Successful,1211,Hoffenheim,395001.0,Tim Lemperle,82.1,100.0,67.1,89.8,,,,,"[{'type': {'displayName': 'Angle', 'value': 213}, 'value': '3.59'}, {'type': {'displayName': 'PassEndY', 'value': 141}, 'value': '89.8'}, {'type': {'displayName': 'PassEndX', 'value': 140}, 'value': '67.1'}, {'type': {'displayName': 'ThrowIn', 'value': 107}}, {'type': {'displayName': 'Length', 'value': 212}, 'value': '17.5'}, {'type': {'displayName': 'Zone', 'value': 56}, 'value': 'Left'}]",True,,,,,
1910889,FirstHalf,32,54,32,Pass,Successful,1211,Hoffenheim,510234.0,Leon Avdullahu,67.2,89.8,82.2,97.8,,,,,"[{'type': {'displayName': 'PassEndX', 'value': 140}, 'value': '82.2'}, {'type': {'displayName': 'Length', 'value': 212}, 'value': '16.7'}, {'type': {'displayName': 'Zone', 'value': 56}, 'value': 'Left'}, {'type': {'displayName': 'Angle', 'value': 213}, 'value': '0.33'}, {'type': {'displayName': 'PassEndY', 'value': 141}, 'value': '97.8'}]",True,,,,,
1910889,FirstHalf,32,58,32,Pass,Successful,1211,Hoffenheim,551965.0,Bazoumana Touré,80.9,96.3,71.7,93.1,,,,,"[{'type': {'displayName': 'Angle', 'value': 213}, 'value': '3.36'}, {'type': {'displayName': 'PassEndY', 'value': 141}, 'value': '93.1'}, {'type': {'displayName': 'Length', 'value': 212}, 'value': '9.9'}, {'type': {'displayName': 'Zone', 'value': 56}, 'value': 'Left'}, {'type': {'displayName': 'PassEndX', 'value': 140}, 'value': '71.7'}]",True,,,,,
1910889,FirstHalf,33,1,33,Pass,Successful,1211,Hoffenheim,302588.0,Bernardo,70.8,91.8,74.7,97.3,,,,,"[{'type': {'displayName': 'PassEndX', 'value': 140}, 'value': '74.7'}, {'type': {'displayName': 'Angle', 'value': 213}, 'value': '0.74'}, {'type': {'displayName': 'Length', 'value': 212}, 'value': '5.5'}, {'type': {'displayName': 'Zone', 'value': 56}, 'value': 'Left'}, {'type': {'displayName': 'PassEndY', 'value': 141}, 'value': '97.3'}]",True,,,,,
1910889,FirstHalf,33,2,33,TakeOn,Unsuccessful,1211,Hoffenheim,551965.0,Bazoumana Touré,77.6,93.0,,,,,,,"[{'type': {'displayName': 'OppositeRelatedEvent', 'value': 233}, 'value': '226'}, {'type': {'displayName': 'Offensive', 'value': 286}}, {'type': {'displayName': 'Zone', 'value': 56}, 'value': 'Left'}]",True,,,,,
1910889,FirstHalf,33,2,33,Tackle,Unsuccessful,42,Werder Bremen,538407.0,Isaac Schmidt,22.4,6.9,,,,,,,"[{'type': {'displayName': 'Defensive', 'value': 285}}, {'type': {'displayName': 'OppositeRelatedEvent', 'value': 233}, 'value': '324'}, {'type': {'displayName': 'StandingSave', 'value': 178}}, {'type': {'displayName': 'Zone', 'value': 56}, 'value': 'Back'}]",True,,,,,
1910889,FirstHalf,33,3,33,BallTouch,Successful,1211,Hoffenheim,551965.0,Bazoumana Touré,74.7,97.2,,,,,,,"[{'type': {'displayName': 'Zone', 'value': 56}, 'value': 'Left'}]",True,,,,,
1910889,FirstHalf,33,4,33,Pass,Unsuccessful,42,Werder Bremen,538407.0,Isaac Schmidt,17.8,3.5,18.4,3.5,,,,,"[{'type': {'displayName': 'OppositeRelatedEvent', 'value': 233}, 'value': '363'}, {'type': {'displayName': 'PassEndX', 'value': 140}, 'value': '18.4'}, {'type': {'displayName': 'Angle', 'value': 213}, 'value': '0.00'}, {'type': {'displayName': 'Length', 'value': 212}, 'value': '0.6'}, {'type': {'displayName': 'Offensive', 'value': 286}}, {'type': {'displayName': 'Zone', 'value': 56}, 'value': 'Back'}, {'type': {'displayName': 'PassEndY', 'value': 141}, 'value': '3.5'}]",True,,,,,
1910889,FirstHalf,33,4,33,BlockedPass,Successful,1211,Hoffenheim,551965.0,Bazoumana Touré,81.6,96.5,,,,,,,"[{'type': {'displayName': 'Zone', 'value': 56}, 'value': 'Left'}, {'type': {'displayName': 'Defensive', 'value': 285}}, {'type': {'displayName': 'OppositeRelatedEvent', 'value': 233}, 'value': '227'}]",True,,,,,
1910889,FirstHalf,33,5,33,BallTouch,Unsuccessful,1211,Hoffenheim,551965.0,Bazoumana Touré,71.2,91.8,,,,,,,"[{'type': {'displayName': 'Zone', 'value': 56}, 'value': 'Left'}]",True,,,,,
1910889,FirstHalf,33,8,33,BallRecovery,Successful,42,Werder Bremen,420405.0,Senne Lynen,17.4,18.9,,,,,,,[],False,,,,,
1910889,FirstHalf,33,9,33,Pass,Successful,42,Werder Bremen,420405.0,Senne Lynen,17.4,18.9,27.2,14.8,,,,,"[{'type': {'displayName': 'Zone', 'value': 56}, 'value': 'Back'}, {'type': {'displayName': 'Length', 'value': 212}, 'value': '10.7'}, {'type': {'displayName': 'PassEndX', 'value': 140}, 'value': '27.2'}, {'type': {'displayName': 'Angle', 'value': 213}, 'value': '6.02'}, {'type': {'displayName': 'PassEndY', 'value': 141}, 'value': '14.8'}]",True,,,,,
1910889,FirstHalf,33,10,33,Pass,Successful,42,Werder Bremen,438066.0,Justin Njinmah,27.2,14.8,22.4,10.5,,,,,"[{'type': {'displayName': 'LayOff', 'value': 156}}, {'type': {'displayName': 'Angle', 'value': 213}, 'value': '3.67'}, {'type': {'displayName': 'Length', 'value': 212}, 'value': '5.8'}, {'type': {'displayName': 'PassEndX', 'value': 140}, 'value': '22.4'}, {'type': {'displayName': 'PassEndY', 'value': 141}, 'value': '10.5'}, {'type': {'displayName': 'Zone', 'value': 56}, 'value': 'Back'}]",True,,,,,
1910889,FirstHalf,33,11,33,Pass,Successful,42,Werder Bremen,377280.0,Jens Stage,23.0,9.6,62.0,18.2,,,,,"[{'type': {'displayName': 'Length', 'value': 212}, 'value': '41.4'}, {'type': {'displayName': 'PassEndX', 'value': 140}, 'value': '62.0'}, {'type': {'displayName': 'Angle', 'value': 213}, 'value': '0.14'}, {'type': {'displayName': 'Longball', 'value': 1}}, {'type': {'displayName': 'PassEndY', 'value': 141}, 'value': '18.2'}, {'type': {'displayName': 'Zone', 'value': 56}, 'value': 'Right'}]",True,,,,,
1910889,FirstHalf,33,14,33,Pass,Successful,42,Werder Bremen,438066.0,Justin Njinmah,74.3,21.7,75.1,39.6,,,,,"[{'type': {'displayName': 'Angle', 'value': 213}, 'value': '1.50'}, {'type': {'displayName': 'Length', 'value': 212}, 'value': '12.2'}, {'type': {'displayName': 'PassEndX', 'value': 140}, 'value': '75.1'}, {'type': {'displayName': 'PassEndY', 'value': 141}, 'value': '39.6'}, {'type': {'displayName': 'Zone', 'value': 56}, 'value': 'Center'}]",True,,,,,
1910889,FirstHalf,33,21,33,Pass,Unsuccessful,42,Werder Bremen,383847.0,Romano Schmid,79.8,45.8,77.2,59.1,,,,,"[{'type': {'displayName': 'Zone', 'value': 56}, 'value': 'Center'}, {'type': {'displayName': 'PassEndX', 'value': 140}, 'value': '77.2'}, {'type': {'displayName': 'Angle', 'value': 213}, 'value': '1.86'}, {'type': {'displayName': 'Length', 'value': 212}, 'value': '9.4'}, {'type': {'displayName': 'PassEndY', 'value': 141}, 'value': '59.1'}]",True,,,,,
1910889,FirstHalf,33,25,33,BallRecovery,Successful,1211,Hoffenheim,75217.0,Andrej Kramaric,38.0,49.3,,,,,,,[],False,,,,,
1910889,FirstHalf,33,26,33,Pass,Successful,1211,Hoffenheim,75217.0,Andrej Kramaric,38.5,49.3,37.7,54.4,,,,,"[{'type': {'displayName': 'Length', 'value': 212}, 'value': '3.6'}, {'type': {'displayName': 'Zone', 'value': 56}, 'value': 'Back'}, {'type': {'displayName': 'PassEndY', 'value': 141}, 'value': '54.4'}, {'type': {'displayName': 'PassEndX', 'value': 140}, 'value': '37.7'}, {'type': {'displayName': 'Angle', 'value': 213}, 'value': '1.81'}]",True,,,,,
1910889,FirstHalf,33,28,33,Pass,Successful,1211,Hoffenheim,361878.0,Wouter Burger,37.8,54.4,53.1,18.7,,,,,"[{'type': {'displayName': 'Length', 'value': 212}, 'value': '29.1'}, {'type': {'displayName': 'PassEndX', 'value': 140}, 'value': '53.1'}, {'type': {'displayName': 'Angle', 'value': 213}, 'value': '5.30'}, {'type': {'displayName': 'Zone', 'value': 56}, 'value': 'Right'}, {'type': {'displayName': 'PassEndY', 'value': 141}, 'value': '18.7'}, {'type': {'displayName': 'ShotAssist', 'value': 210}, 'value': '13'}, {'type': {'displayName': 'KeyPass', 'value': 11113}}]",True,,,,,
1910889,FirstHalf,33,36,33,MissedShots,Successful,1211,Hoffenheim,428426.0,Fisnik Asllani,76.2,33.3,,,40.3,9.7,,,"[{'type': {'displayName': 'OutOfBoxCentre', 'value': 18}}, {'type': {'displayName': 'MissRight', 'value': 75}}, {'type': {'displayName': 'GoalMouthZ', 'value': 103}, 'value': '9.7'}, {'type': {'displayName': 'FastBreak', 'value': 23}}, {'type': {'displayName': 'RelatedEventId', 'value': 55}, 'value': '330'}, {'type': {'displayName': 'GoalMouthY', 'value': 102}, 'value': '40.3'}, {'type': {'displayName': 'RightFoot', 'value': 20}}, {'type': {'displayName': 'Zone', 'value': 56}, 'value': 'Center'}, {'type': {'displayName': 'Assisted', 'value': 29}}, {'type': {'displayName': 'IndividualPlay', 'value': 215}}]",True,True,,,330.0,361878.0
1910889,FirstHalf,34,8,34,Pass,Unsuccessful,42,Werder Bremen,436119.0,Mio Backhaus,3.4,45.1,62.0,37.9,,,,,"[{'type': {'displayName': 'Zone', 'value': 56}, 'value': 'Center'}, {'type': {'displayName': 'MissHigh', 'value': 74}}, {'type': {'displayName': 'Angle', 'value': 213}, 'value': '6.20'}, {'type': {'displayName': 'Length', 'value': 212}, 'value': '61.7'}, {'type': {'displayName': 'GoalKick', 'value': 124}}, {'type': {'displayName': 'Chipped', 'value': 155}}, {'type': {'displayName': 'PassEndX', 'value': 140}, 'value': '62.0'}, {'type': {'displayName': 'PassEndY', 'value': 141}, 'value': '37.9'}, {'type': {'displayName': 'Longball', 'value': 1}}]",True,,,,,
1910889,FirstHalf,34,11,34,Pass,Unsuccessful,1211,Hoffenheim,356743.0,Ozan Kabak,36.4,61.2,65.6,60.3,,,,,"[{'type': {'displayName': 'HeadPass', 'value': 3}}, {'type': {'displayName': 'PassEndY', 'value': 141}, 'value': '60.3'}, {'type': {'displayName': 'PassEndX', 'value': 140}, 'value': '65.6'}, {'type': {'displayName': 'Zone', 'value': 56}, 'value': 'Center'}, {'type': {'displayName': 'Length', 'value': 212}, 'value': '30.7'}, {'type': {'displayName': 'Angle', 'value': 213}, 'value': '6.26'}]",True,,,,,
1910889,FirstHalf,34,13,34,Pass,Successful,42,Werder Bremen,333227.0,Marco Friedl,35.3,41.2,39.8,43.1,,,,,"[{'type': {'displayName': 'PassEndX', 'value': 140}, 'value': '39.8'}, {'type': {'displayName': 'PassEndY', 'value': 141}, 'value': '43.1'}, {'type': {'displayName': 'Length', 'value': 212}, 'value': '4.9'}, {'type': {'displayName': 'Zone', 'value': 56}, 'value': 'Back'}, {'type': {'displayName': 'Angle', 'value': 213}, 'value': '0.27'}]",True,,,,,
1910889,FirstHalf,34,14,34,Pass,Successful,42,Werder Bremen,431791.0,Cameron Puertas,39.8,43.1,37.4,41.6,,,,,"[{'type': {'displayName': 'Zone', 'value': 56}, 'value': 'Back'}, {'type': {'displayName': 'PassEndX', 'value': 140}, 'value': '37.4'}, {'type': {'displayName': 'Angle', 'value': 213}, 'value': '3.53'}, {'type': {'displayName': 'Length', 'value': 212}, 'value': '2.7'}, {'type': {'displayName': 'PassEndY', 'value': 141}, 'value': '41.6'}]",True,,,,,
1910889,FirstHalf,34,15,34,Pass,Successful,42,Werder Bremen,420405.0,Senne Lynen,37.9,41.6,34.6,73.7,,,,,"[{'type': {'displayName': 'Length', 'value': 212}, 'value': '22.1'}, {'type': {'displayName': 'PassEndX', 'value': 140}, 'value': '34.6'}, {'type': {'displayName': 'PassEndY', 'value': 141}, 'value': '73.7'}, {'type': {'displayName': 'Zone', 'value': 56}, 'value': 'Back'}, {'type': {'displayName': 'Angle', 'value': 213}, 'value': '1.73'}]",True,,,,,
1910889,FirstHalf,34,18,34,Pass,Unsuccessful,42,Werder Bremen,407284.0,Olivier Deman,34.7,73.7,37.6,74.2,,,,,"[{'type': {'displayName': 'Length', 'value': 212}, 'value': '3.1'}, {'type': {'displayName': 'Zone', 'value': 56}, 'value': 'Back'}, {'type': {'displayName': 'PassEndX', 'value': 140}, 'value': '37.6'}, {'type': {'displayName': 'OppositeRelatedEvent', 'value': 233}, 'value': '334'}, {'type': {'displayName': 'Angle', 'value': 213}, 'value': '0.11'}, {'type': {'displayName': 'Offensive', 'value': 286}}, {'type': {'displayName': 'PassEndY', 'value': 141}, 'value': '74.2'}]",True,,,,,
1910889,FirstHalf,34,18,34,BlockedPass,Successful,1211,Hoffenheim,75217.0,Andrej Kramaric,62.4,25.8,,,,,,,"[{'type': {'displayName': 'Defensive', 'value': 285}}, {'type': {'displayName': 'OppositeRelatedEvent', 'value': 233}, 'value': '239'}, {'type': {'displayName': 'Zone', 'value': 56}, 'value': 'Center'}]",True,,,,,
1910889,FirstHalf,34,20,34,BallRecovery,Successful,1211,Hoffenheim,395001.0,Tim Lemperle,75.3,27.1,,,,,,,[],False,,,,,
1910889,FirstHalf,34,22,34,Pass,Unsuccessful,1211,Hoffenheim,395001.0,Tim Lemperle,79.3,25.6,89.4,53.8,,,,,"[{'type': {'displayName': 'Zone', 'value': 56}, 'value': 'Center'}, {'type': {'displayName': 'Angle', 'value': 213}, 'value': '1.07'}, {'type': {'displayName': 'PassEndX', 'value': 140}, 'value': '89.4'}, {'type': {'displayName': 'Length', 'value': 212}, 'value': '21.9'}, {'type': {'displayName': 'PassEndY', 'value': 141}, 'value': '53.8'}]",True,,,,,
1910889,FirstHalf,34,24,34,BallRecovery,Successful,42,Werder Bremen,368176.0,Amos Pieper,8.4,44.4,,,,,,,[],False,,,,,
1910889,FirstHalf,34,25,34,Pass,Successful,42,Werder Bremen,368176.0,Amos Pieper,8.6,45.0,20.8,69.5,,,,,"[{'type': {'displayName': 'Length', 'value': 212}, 'value': '21.0'}, {'type': {'displayName': 'Zone', 'value': 56}, 'value': 'Back'}, {'type': {'displayName': 'PassEndX', 'value': 140}, 'value': '20.8'}, {'type': {'displayName': 'Angle', 'value': 213}, 'value': '0.92'}, {'type': {'displayName': 'Chipped', 'value': 155}}, {'type': {'displayName': 'PassEndY', 'value': 141}, 'value': '69.5'}]",True,,,,,
1910889,FirstHalf,34,29,34,Pass,Successful,42,Werder Bremen,431791.0,Cameron Puertas,10.9,71.4,3.0,60.9,,,,,"[{'type': {'displayName': 'Angle', 'value': 213}, 'value': '3.85'}, {'type': {'displayName': 'Length', 'value': 212}, 'value': '10.9'}, {'type': {'displayName': 'PassEndY', 'value': 141}, 'value': '60.9'}, {'type': {'displayName': 'Zone', 'value': 56}, 'value': 'Back'}, {'type': {'displayName': 'PassEndX', 'value': 140}, 'value': '3.0'}]",True,,,,,
1910889,FirstHalf,34,31,34,Pass,Unsuccessful,42,Werder Bremen,436119.0,Mio Backhaus,3.8,59.9,54.4,97.7,,,,,"[{'type': {'displayName': 'PassEndY', 'value': 141}, 'value': '97.7'}, {'type': {'displayName': 'Longball', 'value': 1}}, {'type': {'displayName': 'Zone', 'value': 56}, 'value': 'Left'}, {'type': {'displayName': 'Length', 'value': 212}, 'value': '59.0'}, {'type': {'displayName': 'Angle', 'value': 213}, 'value': '0.45'}, {'type': {'displayName': 'PassEndX', 'value': 140}, 'value': '54.4'}]",True,,,,,
1910889,FirstHalf,34,35,34,BallRecovery,Successful,1211,Hoffenheim,111372.0,Vladimír Coufal,44.0,5.4,,,,,,,[],False,,,,,
1910889,FirstHalf,34,39,34,Pass,Successful,1211,Hoffenheim,111372.0,Vladimír Coufal,53.0,8.5,74.0,3.7,,,,,"[{'type': {'displayName': 'PassEndX', 'value': 140}, 'value': '74.0'}, {'type': {'displayName': 'Zone', 'value': 56}, 'value': 'Right'}, {'type': {'displayName': 'Length', 'value': 212}, 'value': '22.3'}, {'type': {'displayName': 'Angle', 'value': 213}, 'value': '6.14'}, {'type': {'displayName': 'PassEndY', 'value': 141}, 'value': '3.7'}]",True,,,,,
1910889,FirstHalf,34,47,34,Pass,Successful,1211,Hoffenheim,510234.0,Leon Avdullahu,75.9,9.3,68.7,28.5,,,,,"[{'type': {'displayName': 'Angle', 'value': 213}, 'value': '2.10'}, {'type': {'displayName': 'Length', 'value': 212}, 'value': '15.1'}, {'type': {'displayName': 'Zone', 'value': 56}, 'value': 'Center'}, {'type': {'displayName': 'PassEndX', 'value': 140}, 'value': '68.7'}, {'type': {'displayName': 'PassEndY', 'value': 141}, 'value': '28.5'}]",True,,,,,
1910889,FirstHalf,34,49,34,Pass,Successful,1211,Hoffenheim,356743.0,Ozan Kabak,68.6,28.6,67.1,41.8,,,,,"[{'type': {'displayName': 'PassEndY', 'value': 141}, 'value': '41.8'}, {'type': {'displayName': 'Zone', 'value': 56}, 'value': 'Center'}, {'type': {'displayName': 'Length', 'value': 212}, 'value': '9.1'}, {'type': {'displayName': 'PassEndX', 'value': 140}, 'value': '67.1'}, {'type': {'displayName': 'Angle', 'value': 213}, 'value': '1.74'}]",True,,,,,
1910889,FirstHalf,34,51,34,Pass,Successful,1211,Hoffenheim,402697.0,Albian Hajdari,67.1,41.8,66.7,70.9,,,,,"[{'type': {'displayName': 'PassEndY', 'value': 141}, 'value': '70.9'}, {'type': {'displayName': 'PassEndX', 'value': 140}, 'value': '66.7'}, {'type': {'displayName': 'Angle', 'value': 213}, 'value': '1.59'}, {'type': {'displayName': 'Length', 'value': 212}, 'value': '19.8'}, {'type': {'displayName': 'Zone', 'value': 56}, 'value': 'Center'}]",True,,,,,
1910889,FirstHalf,34,52,34,Pass,Successful,1211,Hoffenheim,302588.0,Bernardo,66.7,70.2,82.3,93.4,,,,,"[{'type': {'displayName': 'Length', 'value': 212}, 'value': '22.7'}, {'type': {'displayName': 'PassEndY', 'value': 141}, 'value': '93.4'}, {'type': {'displayName': 'Zone', 'value': 56}, 'value': 'Left'}, {'type': {'displayName': 'Angle', 'value': 213}, 'value': '0.77'}, {'type': {'displayName': 'PassEndX', 'value': 140}, 'value': '82.3'}]",True,,,,,
1910889,FirstHalf,34,56,34,Pass,Successful,1211,Hoffenheim,551965.0,Bazoumana Touré,82.1,93.3,75.8,69.9,,,,,"[{'type': {'displayName': 'PassEndY', 'value': 141}, 'value': '69.9'}, {'type': {'displayName': 'PassEndX', 'value': 140}, 'value': '75.8'}, {'type': {'displayName': 'Zone', 'value': 56}, 'value': 'Center'}, {'type': {'displayName': 'Length', 'value': 212}, 'value': '17.2'}, {'type': {'displayName': 'Angle', 'value': 213}, 'value': '4.32'}]",True,,,,,
1910889,FirstHalf,34,58,34,Pass,Successful,1211,Hoffenheim,361878.0,Wouter Burger,73.7,68.4,74.6,42.4,,,,,"[{'type': {'displayName': 'Angle', 'value': 213}, 'value': '4.77'}, {'type': {'displayName': 'PassEndX', 'value': 140}, 'value': '74.6'}, {'type': {'displayName': 'PassEndY', 'value': 141}, 'value': '42.4'}, {'type': {'displayName': 'Length', 'value': 212}, 'value': '17.7'}, {'type': {'displayName': 'Zone', 'value': 56}, 'value': 'Center'}]",True,,,,,
1910889,FirstHalf,35,1,35,Pass,Successful,1211,Hoffenheim,510234.0,Leon Avdullahu,74.2,41.4,83.4,6.3,,,,,"[{'type': {'displayName': 'PassEndX', 'value': 140}, 'value': '83.4'}, {'type': {'displayName': 'Angle', 'value': 213}, 'value': '5.10'}, {'type': {'displayName': 'Length', 'value': 212}, 'value': '25.7'}, {'type': {'displayName': 'Zone', 'value': 56}, 'value': 'Right'}, {'type': {'displayName': 'PassEndY', 'value': 141}, 'value': '6.3'}]",True,,,,,
1910889,FirstHalf,35,4,35,TakeOn,Unsuccessful,1211,Hoffenheim,111372.0,Vladimír Coufal,88.1,11.2,,,,,,,"[{'type': {'displayName': 'Zone', 'value': 56}, 'value': 'Right'}, {'type': {'displayName': 'OppositeRelatedEvent', 'value': 233}, 'value': '245'}, {'type': {'displayName': 'Offensive', 'value': 286}}]",True,,,,,
1910889,FirstHalf,35,4,35,Tackle,Successful,42,Werder Bremen,407284.0,Olivier Deman,11.9,88.8,,,,,,,"[{'type': {'displayName': 'OppositeRelatedEvent', 'value': 233}, 'value': '347'}, {'type': {'displayName': 'Zone', 'value': 56}, 'value': 'Back'}, {'type': {'displayName': 'StandingSave', 'value': 178}}, {'type': {'displayName': 'Defensive', 'value': 285}}]",True,,,,,
1910889,FirstHalf,35,6,35,BallRecovery,Successful,42,Werder Bremen,407284.0,Olivier Deman,7.5,83.3,,,,,,,[],False,,,,,
1910889,FirstHalf,35,9,35,Pass,Unsuccessful,42,Werder Bremen,407284.0,Olivier Deman,8.3,78.9,64.0,100.0,,,,,"[{'type': {'displayName': 'Length', 'value': 212}, 'value': '60.6'}, {'type': {'displayName': 'PassEndX', 'value': 140}, 'value': '64.0'}, {'type': {'displayName': 'Angle', 'value': 213}, 'value': '0.26'}, {'type': {'displayName': 'Longball', 'value': 1}}, {'type': {'displayName': 'Zone', 'value': 56}, 'value': 'Left'}, {'type': {'displayName': 'PassEndY', 'value': 141}, 'value': '100.0'}]",True,,,,,
1910889,FirstHalf,35,17,35,Pass,Successful,1211,Hoffenheim,77440.0,Oliver Baumann,40.5,0.0,40.3,18.7,,,,,"[{'type': {'displayName': 'Angle', 'value': 213}, 'value': '1.59'}, {'type': {'displayName': 'PassEndY', 'value': 141}, 'value': '18.7'}, {'type': {'displayName': 'PassEndX', 'value': 140}, 'value': '40.3'}, {'type': {'displayName': 'Length', 'value': 212}, 'value': '13.9'}, {'type': {'displayName': 'Zone', 'value': 56}, 'value': 'Back'}, {'type': {'displayName': 'ThrowIn', 'value': 107}}]",True,,,,,
1910889,FirstHalf,35,20,35,Pass,Successful,1211,Hoffenheim,402697.0,Albian Hajdari,40.8,21.9,50.3,20.7,,,,,"[{'type': {'displayName': 'PassEndY', 'value': 141}, 'value': '20.7'}, {'type': {'displayName': 'Length', 'value': 212}, 'value': '10.0'}, {'type': {'displayName': 'PassEndX', 'value': 140}, 'value': '50.3'}, {'type': {'displayName': 'Angle', 'value': 213}, 'value': '6.20'}, {'type': {'displayName': 'Zone', 'value': 56}, 'value': 'Right'}]",True,,,,,
1910889,FirstHalf,35,22,35,Pass,Successful,1211,Hoffenheim,356743.0,Ozan Kabak,51.6,21.3,69.0,4.3,,,,,"[{'type': {'displayName': 'Angle', 'value': 213}, 'value': '5.72'}, {'type': {'displayName': 'Length', 'value': 212}, 'value': '21.6'}, {'type': {'displayName': 'Zone', 'value': 56}, 'value': 'Right'}, {'type': {'displayName': 'PassEndX', 'value': 140}, 'value': '69.0'}, {'type': {'displayName': 'PassEndY', 'value': 141}, 'value': '4.3'}]",True,,,,,
1910889,FirstHalf,35,27,35,Pass,Successful,1211,Hoffenheim,111372.0,Vladimír Coufal,69.1,4.5,66.5,28.3,,,,,"[{'type': {'displayName': 'Zone', 'value': 56}, 'value': 'Center'}, {'type': {'displayName': 'Length', 'value': 212}, 'value': '16.4'}, {'type': {'displayName': 'PassEndY', 'value': 141}, 'value': '28.3'}, {'type': {'displayName': 'Angle', 'value': 213}, 'value': '1.74'}, {'type': {'displayName': 'PassEndX', 'value': 140}, 'value': '66.5'}]",True,,,,,
1910889,FirstHalf,35,31,35,Pass,Successful,1211,Hoffenheim,510234.0,Leon Avdullahu,68.7,29.1,72.7,31.5,,,,,"[{'type': {'displayName': 'Length', 'value': 212}, 'value': '4.5'}, {'type': {'displayName': 'Angle', 'value': 213}, 'value': '0.37'}, {'type': {'displayName': 'PassEndX', 'value': 140}, 'value': '72.7'}, {'type': {'displayName': 'Zone', 'value': 56}, 'value': 'Center'}, {'type': {'displayName': 'PassEndY', 'value': 141}, 'value': '31.5'}]",True,,,,,
1910889,FirstHalf,35,32,35,Pass,Successful,1211,Hoffenheim,361878.0,Wouter Burger,72.8,31.5,74.8,3.6,,,,,"[{'type': {'displayName': 'PassEndX', 'value': 140}, 'value': '74.8'}, {'type': {'displayName': 'Length', 'value': 212}, 'value': '19.1'}, {'type': {'displayName': 'Angle', 'value': 213}, 'value': '4.82'}, {'type': {'displayName': 'PassEndY', 'value': 141}, 'value': '3.6'}, {'type': {'displayName': 'Zone', 'value': 56}, 'value': 'Right'}]",True,,,,,
1910889,FirstHalf,35,36,35,Pass,Successful,1211,Hoffenheim,111372.0,Vladimír Coufal,75.0,4.6,69.6,33.0,,,,,"[{'type': {'displayName': 'Length', 'value': 212}, 'value': '20.1'}, {'type': {'displayName': 'Zone', 'value': 56}, 'value': 'Center'}, {'type': {'displayName': 'PassEndY', 'value': 141}, 'value': '33.0'}, {'type': {'displayName': 'PassEndX', 'value': 140}, 'value': '69.6'}, {'type': {'displayName': 'Angle', 'value': 213}, 'value': '1.86'}]",True,,,,,
1910889,FirstHalf,35,38,35,Pass,Successful,1211,Hoffenheim,510234.0,Leon Avdullahu,69.5,33.0,66.8,48.0,,,,,"[{'type': {'displayName': 'PassEndX', 'value': 140}, 'value': '66.8'}, {'type': {'displayName': 'Length', 'value': 212}, 'value': '10.6'}, {'type': {'displayName': 'Zone', 'value': 56}, 'value': 'Center'}, {'type': {'displayName': 'PassEndY', 'value': 141}, 'value': '48.0'}, {'type': {'displayName': 'Angle', 'value': 213}, 'value': '1.84'}]",True,,,,,
1910889,FirstHalf,35,41,35,Pass,Successful,1211,Hoffenheim,402697.0,Albian Hajdari,66.3,47.1,69.1,21.4,,,,,"[{'type': {'displayName': 'Angle', 'value': 213}, 'value': '4.88'}, {'type': {'displayName': 'PassEndY', 'value': 141}, 'value': '21.4'}, {'type': {'displayName': 'PassEndX', 'value': 140}, 'value': '69.1'}, {'type': {'displayName': 'Zone', 'value': 56}, 'value': 'Center'}, {'type': {'displayName': 'Length', 'value': 212}, 'value': '17.7'}]",True,,,,,
1910889,FirstHalf,35,43,35,Pass,Unsuccessful,1211,Hoffenheim,356743.0,Ozan Kabak,70.0,21.3,72.8,26.4,,,,,"[{'type': {'displayName': 'RightFoot', 'value': 20}}, {'type': {'displayName': 'PassEndY', 'value': 141}, 'value': '26.4'}, {'type': {'displayName': 'Zone', 'value': 56}, 'value': 'Center'}, {'type': {'displayName': 'Angle', 'value': 213}, 'value': '0.87'}, {'type': {'displayName': 'PassEndX', 'value': 140}, 'value': '72.8'}, {'type': {'displayName': 'Length', 'value': 212}, 'value': '4.5'}, {'type': {'displayName': 'Cross', 'value': 2}}, {'type': {'displayName': 'Chipped', 'value': 155}}]",True,,,,,
1910889,FirstHalf,35,44,35,Interception,Successful,42,Werder Bremen,431791.0,Cameron Puertas,27.2,73.6,,,,,,,"[{'type': {'displayName': 'Zone', 'value': 56}, 'value': 'Back'}]",True,,,,,
1910889,FirstHalf,35,45,35,Challenge,Unsuccessful,42,Werder Bremen,383847.0,Romano Schmid,11.8,84.9,,,,,,,"[{'type': {'displayName': 'Zone', 'value': 56}, 'value': 'Back'}, {'type': {'displayName': 'OppositeRelatedEvent', 'value': 233}, 'value': '359'}, {'type': {'displayName': 'Defensive', 'value': 285}}]",False,,,,,
1910889,FirstHalf,35,45,35,TakeOn,Successful,1211,Hoffenheim,111372.0,Vladimír Coufal,88.2,15.1,,,,,,,"[{'type': {'displayName': 'OppositeRelatedEvent', 'value': 233}, 'value': '256'}, {'type': {'displayName': 'Offensive', 'value': 286}}, {'type': {'displayName': 'Zone', 'value': 56}, 'value': 'Right'}]",True,,,,,
1910889,FirstHalf,35,49,35,Pass,Successful,1211,Hoffenheim,111372.0,Vladimír Coufal,87.5,19.3,90.4,46.3,,,,,"[{'type': {'displayName': 'Length', 'value': 212}, 'value': '18.6'}, {'type': {'displayName': 'Angle', 'value': 213}, 'value': '1.41'}, {'type': {'displayName': 'PassEndY', 'value': 141}, 'value': '46.3'}, {'type': {'displayName': 'Zone', 'value': 56}, 'value': 'Center'}, {'type': {'displayName': 'PassEndX', 'value': 140}, 'value': '90.4'}]",True,,,,,
1910889,FirstHalf,35,51,35,BallTouch,Unsuccessful,1211,Hoffenheim,361878.0,Wouter Burger,90.5,45.9,,,,,,,"[{'type': {'displayName': 'Zone', 'value': 56}, 'value': 'Center'}]",True,,,,,
1910889,FirstHalf,36,20,36,Pass,Unsuccessful,42,Werder Bremen,436119.0,Mio Backhaus,4.1,46.6,59.7,40.7,,,,,"[{'type': {'displayName': 'Zone', 'value': 56}, 'value': 'Center'}, {'type': {'displayName': 'Longball', 'value': 1}}, {'type': {'displayName': 'PassEndY', 'value': 141}, 'value': '40.7'}, {'type': {'displayName': 'Angle', 'value': 213}, 'value': '6.21'}, {'type': {'displayName': 'GoalKick', 'value': 124}}, {'type': {'displayName': 'Chipped', 'value': 155}}, {'type': {'displayName': 'Length', 'value': 212}, 'value': '58.5'}, {'type': {'displayName': 'PassEndX', 'value': 140}, 'value': '59.7'}, {'type': {'displayName': 'MissHigh', 'value': 74}}]",True,,,,,
1910889,FirstHalf,36,22,36,Pass,Successful,1211,Hoffenheim,356743.0,Ozan Kabak,40.2,64.3,45.3,65.2,,,,,"[{'type': {'displayName': 'Zone', 'value': 56}, 'value': 'Back'}, {'type': {'displayName': 'PassEndY', 'value': 141}, 'value': '65.2'}, {'type': {'displayName': 'Length', 'value': 212}, 'value': '5.4'}, {'type': {'displayName': 'Angle', 'value': 213}, 'value': '0.11'}, {'type': {'displayName': 'PassEndX', 'value': 140}, 'value': '45.3'}]",True,,,,,
1910889,FirstHalf,36,23,36,BallRecovery,Successful,1211,Hoffenheim,510234.0,Leon Avdullahu,44.9,64.8,,,,,,,[],False,,,,,
1910889,FirstHalf,36,24,36,Pass,Successful,1211,Hoffenheim,510234.0,Leon Avdullahu,44.9,64.8,34.6,65.4,,,,,"[{'type': {'displayName': 'Angle', 'value': 213}, 'value': '3.10'}, {'type': {'displayName': 'Zone', 'value': 56}, 'value': 'Back'}, {'type': {'displayName': 'PassEndX', 'value': 140}, 'value': '34.6'}, {'type': {'displayName': 'Length', 'value': 212}, 'value': '10.8'}, {'type': {'displayName': 'PassEndY', 'value': 141}, 'value': '65.4'}]",True,,,,,
1910889,FirstHalf,36,26,36,Pass,Successful,1211,Hoffenheim,402697.0,Albian Hajdari,35.2,64.9,38.4,34.9,,,,,"[{'type': {'displayName': 'Zone', 'value': 56}, 'value': 'Back'}, {'type': {'displayName': 'PassEndX', 'value': 140}, 'value': '38.4'}, {'type': {'displayName': 'Angle', 'value': 213}, 'value': '4.88'}, {'type': {'displayName': 'Length', 'value': 212}, 'value': '20.7'}, {'type': {'displayName': 'PassEndY', 'value': 141}, 'value': '34.9'}]",True,,,,,
1910889,FirstHalf,36,29,36,Pass,Successful,1211,Hoffenheim,111372.0,Vladimír Coufal,39.4,35.5,39.0,64.3,,,,,"[{'type': {'displayName': 'Length', 'value': 212}, 'value': '19.6'}, {'type': {'displayName': 'PassEndX', 'value': 140}, 'value': '39.0'}, {'type': {'displayName': 'Angle', 'value': 213}, 'value': '1.59'}, {'type': {'displayName': 'Zone', 'value': 56}, 'value': 'Back'}, {'type': {'displayName': 'PassEndY', 'value': 141}, 'value': '64.3'}]",True,,,,,
1910889,FirstHalf,36,31,36,Pass,Successful,1211,Hoffenheim,402697.0,Albian Hajdari,39.4,64.8,59.2,91.9,,,,,"[{'type': {'displayName': 'Length', 'value': 212}, 'value': '27.8'}, {'type': {'displayName': 'PassEndY', 'value': 141}, 'value': '91.9'}, {'type': {'displayName': 'Zone', 'value': 56}, 'value': 'Left'}, {'type': {'displayName': 'Angle', 'value': 213}, 'value': '0.73'}, {'type': {'displayName': 'PassEndX', 'value': 140}, 'value': '59.2'}]",True,,,,,
1910889,FirstHalf,36,33,36,Pass,Successful,1211,Hoffenheim,361878.0,Wouter Burger,59.2,91.9,53.4,85.0,,,,,"[{'type': {'displayName': 'Angle', 'value': 213}, 'value': '3.80'}, {'type': {'displayName': 'PassEndY', 'value': 141}, 'value': '85.0'}, {'type': {'displayName': 'PassEndX', 'value': 140}, 'value': '53.4'}, {'type': {'displayName': 'Zone', 'value': 56}, 'value': 'Left'}, {'type': {'displayName': 'Length', 'value': 212}, 'value': '7.7'}]",True,,,,,
1910889,FirstHalf,36,37,36,Pass,Successful,1211,Hoffenheim,302588.0,Bernardo,55.0,83.4,54.2,52.3,,,,,"[{'type': {'displayName': 'PassEndY', 'value': 141}, 'value': '52.3'}, {'type': {'displayName': 'PassEndX', 'value': 140}, 'value': '54.2'}, {'type': {'displayName': 'Angle', 'value': 213}, 'value': '4.67'}, {'type': {'displayName': 'Zone', 'value': 56}, 'value': 'Center'}, {'type': {'displayName': 'Length', 'value': 212}, 'value': '21.2'}]",True,,,,,
1910889,FirstHalf,36,39,36,Pass,Successful,1211,Hoffenheim,356743.0,Ozan Kabak,54.3,48.9,68.2,22.0,,,,,"[{'type': {'displayName': 'Zone', 'value': 56}, 'value': 'Center'}, {'type': {'displayName': 'Angle', 'value': 213}, 'value': '5.39'}, {'type': {'displayName': 'PassEndX', 'value': 140}, 'value': '68.2'}, {'type': {'displayName': 'Length', 'value': 212}, 'value': '23.4'}, {'type': {'displayName': 'PassEndY', 'value': 141}, 'value': '22.0'}]",True,,,,,
1910889,FirstHalf,36,44,36,Pass,Successful,1211,Hoffenheim,75217.0,Andrej Kramaric,70.5,22.6,66.2,34.2,,,,,"[{'type': {'displayName': 'PassEndY', 'value': 141}, 'value': '34.2'}, {'type': {'displayName': 'Zone', 'value': 56}, 'value': 'Center'}, {'type': {'displayName': 'PassEndX', 'value': 140}, 'value': '66.2'}, {'type': {'displayName': 'Length', 'value': 212}, 'value': '9.1'}, {'type': {'displayName': 'Angle', 'value': 213}, 'value': '2.09'}]",True,,,,,
1910889,FirstHalf,36,48,36,Pass,Successful,1211,Hoffenheim,356743.0,Ozan Kabak,65.3,33.3,63.2,41.5,,,,,"[{'type': {'displayName': 'Length', 'value': 212}, 'value': '6.0'}, {'type': {'displayName': 'Angle', 'value': 213}, 'value': '1.95'}, {'type': {'displayName': 'Zone', 'value': 56}, 'value': 'Center'}, {'type': {'displayName': 'PassEndY', 'value': 141}, 'value': '41.5'}, {'type': {'displayName': 'PassEndX', 'value': 140}, 'value': '63.2'}]",True,,,,,
1910889,FirstHalf,36,51,36,Pass,Successful,1211,Hoffenheim,510234.0,Leon Avdullahu,64.9,41.1,70.0,32.4,,,,,"[{'type': {'displayName': 'Angle', 'value': 213}, 'value': '5.45'}, {'type': {'displayName': 'PassEndY', 'value': 141}, 'value': '32.4'}, {'type': {'displayName': 'PassEndX', 'value': 140}, 'value': '70.0'}, {'type': {'displayName': 'Zone', 'value': 56}, 'value': 'Center'}, {'type': {'displayName': 'Length', 'value': 212}, 'value': '8.0'}]",True,,,,,
1910889,FirstHalf,36,53,36,BallTouch,Unsuccessful,1211,Hoffenheim,356743.0,Ozan Kabak,71.4,27.7,,,,,,,"[{'type': {'displayName': 'Zone', 'value': 56}, 'value': 'Center'}]",True,,,,,
1910889,FirstHalf,36,54,36,BallRecovery,Successful,42,Werder Bremen,383847.0,Romano Schmid,26.4,83.0,,,,,,,[],False,,,,,
1910889,FirstHalf,36,55,36,Pass,Unsuccessful,42,Werder Bremen,383847.0,Romano Schmid,26.8,86.9,29.2,87.0,,,,,"[{'type': {'displayName': 'PassEndX', 'value': 140}, 'value': '29.2'}, {'type': {'displayName': 'Angle', 'value': 213}, 'value': '0.03'}, {'type': {'displayName': 'Offensive', 'value': 286}}, {'type': {'displayName': 'OppositeRelatedEvent', 'value': 233}, 'value': '378'}, {'type': {'displayName': 'PassEndY', 'value': 141}, 'value': '87.0'}, {'type': {'displayName': 'Zone', 'value': 56}, 'value': 'Back'}, {'type': {'displayName': 'Length', 'value': 212}, 'value': '2.5'}]",True,,,,,
1910889,FirstHalf,36,55,36,BlockedPass,Successful,1211,Hoffenheim,356743.0,Ozan Kabak,70.8,13.0,,,,,,,"[{'type': {'displayName': 'OppositeRelatedEvent', 'value': 233}, 'value': '254'}, {'type': {'displayName': 'Zone', 'value': 56}, 'value': 'Right'}, {'type': {'displayName': 'Defensive', 'value': 285}}]",True,,,,,
1910889,FirstHalf,36,58,36,Pass,Successful,1211,Hoffenheim,510234.0,Leon Avdullahu,62.7,4.5,77.8,9.0,,,,,"[{'type': {'displayName': 'Length', 'value': 212}, 'value': '16.1'}, {'type': {'displayName': 'Zone', 'value': 56}, 'value': 'Right'}, {'type': {'displayName': 'PassEndX', 'value': 140}, 'value': '77.8'}, {'type': {'displayName': 'PassEndY', 'value': 141}, 'value': '9.0'}, {'type': {'displayName': 'Angle', 'value': 213}, 'value': '0.19'}]",True,,,,,
1910889,FirstHalf,36,59,36,BallRecovery,Successful,1211,Hoffenheim,75217.0,Andrej Kramaric,75.6,8.4,,,,,,,[],False,,,,,
1910889,FirstHalf,37,0,37,Pass,Successful,1211,Hoffenheim,75217.0,Andrej Kramaric,75.6,8.4,74.2,37.9,,,,,"[{'type': {'displayName': 'PassEndX', 'value': 140}, 'value': '74.2'}, {'type': {'displayName': 'Length', 'value': 212}, 'value': '20.1'}, {'type': {'displayName': 'Angle', 'value': 213}, 'value': '1.64'}, {'type': {'displayName': 'PassEndY', 'value': 141}, 'value': '37.9'}, {'type': {'displayName': 'Zone', 'value': 56}, 'value': 'Center'}]",True,,,,,
1910889,FirstHalf,37,2,37,Pass,Successful,1211,Hoffenheim,361878.0,Wouter Burger,73.8,36.9,78.4,43.9,,,,,"[{'type': {'displayName': 'Zone', 'value': 56}, 'value': 'Center'}, {'type': {'displayName': 'PassEndY', 'value': 141}, 'value': '43.9'}, {'type': {'displayName': 'Angle', 'value': 213}, 'value': '0.78'}, {'type': {'displayName': 'Length', 'value': 212}, 'value': '6.8'}, {'type': {'displayName': 'PassEndX', 'value': 140}, 'value': '78.4'}]",True,,,,,
1910889,FirstHalf,37,3,37,Pass,Successful,1211,Hoffenheim,395001.0,Tim Lemperle,78.4,43.9,71.0,42.3,,,,,"[{'type': {'displayName': 'Zone', 'value': 56}, 'value': 'Center'}, {'type': {'displayName': 'Length', 'value': 212}, 'value': '7.8'}, {'type': {'displayName': 'Angle', 'value': 213}, 'value': '3.28'}, {'type': {'displayName': 'ShotAssist', 'value': 210}, 'value': '13'}, {'type': {'displayName': 'PassEndY', 'value': 141}, 'value': '42.3'}, {'type': {'displayName': 'LayOff', 'value': 156}}, {'type': {'displayName': 'PassEndX', 'value': 140}, 'value': '71.0'}, {'type': {'displayName': 'KeyPass', 'value': 11113}}]",True,,,,,
1910889,FirstHalf,37,6,37,MissedShots,Successful,1211,Hoffenheim,361878.0,Wouter Burger,73.1,48.9,,,54.3,84.7,,,"[{'type': {'displayName': 'Zone', 'value': 56}, 'value': 'Center'}, {'type': {'displayName': 'LeftFoot', 'value': 72}}, {'type': {'displayName': 'RelatedEventId', 'value': 55}, 'value': '383'}, {'type': {'displayName': 'GoalMouthZ', 'value': 103}, 'value': '84.7'}, {'type': {'displayName': 'RegularPlay', 'value': 22}}, {'type': {'displayName': 'MissHigh', 'value': 74}}, {'type': {'displayName': 'IndividualPlay', 'value': 215}}, {'type': {'displayName': 'OutOfBoxCentre', 'value': 18}}, {'type': {'displayName': 'GoalMouthY', 'value': 102}, 'value': '54.3'}, {'type': {'displayName': 'Assisted', 'value': 29}}]",True,True,,,383.0,395001.0
1910889,FirstHalf,37,36,37,Pass,Successful,42,Werder Bremen,436119.0,Mio Backhaus,3.2,51.2,56.2,16.2,,,,,"[{'type': {'displayName': 'GoalKick', 'value': 124}}, {'type': {'displayName': 'PassEndX', 'value': 140}, 'value': '56.2'}, {'type': {'displayName': 'Length', 'value': 212}, 'value': '60.5'}, {'type': {'displayName': 'MissHigh', 'value': 74}}, {'type': {'displayName': 'Zone', 'value': 56}, 'value': 'Right'}, {'type': {'displayName': 'Chipped', 'value': 155}}, {'type': {'displayName': 'Longball', 'value': 1}}, {'type': {'displayName': 'PassEndY', 'value': 141}, 'value': '16.2'}, {'type': {'displayName': 'Angle', 'value': 213}, 'value': '5.88'}]",True,,,,,
1910889,FirstHalf,37,37,37,Aerial,Successful,42,Werder Bremen,538407.0,Isaac Schmidt,56.2,16.2,,,,,,,"[{'type': {'displayName': 'Offensive', 'value': 286}}, {'type': {'displayName': 'Zone', 'value': 56}, 'value': 'Right'}, {'type': {'displayName': 'OppositeRelatedEvent', 'value': 233}, 'value': '1126'}]",False,,,,,
1910889,FirstHalf,37,37,37,Aerial,Unsuccessful,1211,Hoffenheim,551965.0,Bazoumana Touré,43.8,83.8,,,,,,,"[{'type': {'displayName': 'Zone', 'value': 56}, 'value': 'Back'}, {'type': {'displayName': 'OppositeRelatedEvent', 'value': 233}, 'value': '697'}, {'type': {'displayName': 'Defensive', 'value': 285}}]",False,,,,,
1910889,FirstHalf,37,37,37,Pass,Unsuccessful,42,Werder Bremen,538407.0,Isaac Schmidt,56.2,16.2,61.5,7.0,,,,,"[{'type': {'displayName': 'PassEndX', 'value': 140}, 'value': '61.5'}, {'type': {'displayName': 'Angle', 'value': 213}, 'value': '5.44'}, {'type': {'displayName': 'Length', 'value': 212}, 'value': '8.4'}, {'type': {'displayName': 'PassEndY', 'value': 141}, 'value': '7.0'}, {'type': {'displayName': 'Zone', 'value': 56}, 'value': 'Right'}]",True,,,,,
1910889,FirstHalf,37,38,37,BallTouch,Successful,1211,Hoffenheim,302588.0,Bernardo,39.1,86.5,,,,,,,"[{'type': {'displayName': 'Zone', 'value': 56}, 'value': 'Back'}]",True,,,,,
1910889,FirstHalf,37,39,37,BallTouch,Successful,42,Werder Bremen,538407.0,Isaac Schmidt,55.9,16.2,,,,,,,"[{'type': {'displayName': 'Zone', 'value': 56}, 'value': 'Right'}]",True,,,,,
1910889,FirstHalf,37,40,37,Pass,Unsuccessful,42,Werder Bremen,377280.0,Jens Stage,63.6,4.4,92.6,29.0,,,,,"[{'type': {'displayName': 'PassEndY', 'value': 141}, 'value': '29.0'}, {'type': {'displayName': 'Longball', 'value': 1}}, {'type': {'displayName': 'Zone', 'value': 56}, 'value': 'Center'}, {'type': {'displayName': 'Angle', 'value': 213}, 'value': '0.50'}, {'type': {'displayName': 'Length', 'value': 212}, 'value': '34.7'}, {'type': {'displayName': 'PassEndX', 'value': 140}, 'value': '92.6'}, {'type': {'displayName': 'Chipped', 'value': 155}}]",True,,,,,
1910889,FirstHalf,37,43,37,KeeperPickup,Successful,1211,Hoffenheim,77440.0,Oliver Baumann,9.8,67.5,,,,,,,[],False,,,,,
1910889,FirstHalf,37,49,37,Pass,Successful,1211,Hoffenheim,77440.0,Oliver Baumann,11.2,63.4,20.4,59.8,,,,,"[{'type': {'displayName': 'KeeperThrow', 'value': 123}}, {'type': {'displayName': 'PassEndY', 'value': 141}, 'value': '59.8'}, {'type': {'displayName': 'Zone', 'value': 56}, 'value': 'Back'}, {'type': {'displayName': 'Angle', 'value': 213}, 'value': '6.03'}, {'type': {'displayName': 'PassEndX', 'value': 140}, 'value': '20.4'}, {'type': {'displayName': 'Length', 'value': 212}, 'value': '10.0'}]",True,,,,,
1910889,FirstHalf,37,50,37,Pass,Successful,1211,Hoffenheim,356743.0,Ozan Kabak,20.9,59.8,22.9,77.5,,,,,"[{'type': {'displayName': 'Zone', 'value': 56}, 'value': 'Back'}, {'type': {'displayName': 'PassEndY', 'value': 141}, 'value': '77.5'}, {'type': {'displayName': 'PassEndX', 'value': 140}, 'value': '22.9'}, {'type': {'displayName': 'Length', 'value': 212}, 'value': '12.2'}, {'type': {'displayName': 'Angle', 'value': 213}, 'value': '1.40'}]",True,,,,,
1910889,FirstHalf,38,1,38,Pass,Unsuccessful,1211,Hoffenheim,402697.0,Albian Hajdari,56.3,73.2,100.0,22.2,,,,,"[{'type': {'displayName': 'Zone', 'value': 56}, 'value': 'Center'}, {'type': {'displayName': 'PassEndX', 'value': 140}, 'value': '100.0'}, {'type': {'displayName': 'Angle', 'value': 213}, 'value': '5.65'}, {'type': {'displayName': 'Length', 'value': 212}, 'value': '58.4'}, {'type': {'displayName': 'Chipped', 'value': 155}}, {'type': {'displayName': 'PassEndY', 'value': 141}, 'value': '22.2'}, {'type': {'displayName': 'Longball', 'value': 1}}]",True,,,,,
1910889,FirstHalf,38,31,38,Pass,Successful,42,Werder Bremen,436119.0,Mio Backhaus,3.3,45.8,59.2,15.0,,,,,"[{'type': {'displayName': 'GoalKick', 'value': 124}}, {'type': {'displayName': 'Length', 'value': 212}, 'value': '62.3'}, {'type': {'displayName': 'Chipped', 'value': 155}}, {'type': {'displayName': 'PassEndX', 'value': 140}, 'value': '59.2'}, {'type': {'displayName': 'Longball', 'value': 1}}, {'type': {'displayName': 'MissHigh', 'value': 74}}, {'type': {'displayName': 'Zone', 'value': 56}, 'value': 'Right'}, {'type': {'displayName': 'PassEndY', 'value': 141}, 'value': '15.0'}, {'type': {'displayName': 'Angle', 'value': 213}, 'value': '5.94'}]",True,,,,,
1910889,FirstHalf,38,34,38,Aerial,Successful,42,Werder Bremen,377280.0,Jens Stage,59.2,15.0,,,,,,,"[{'type': {'displayName': 'OppositeRelatedEvent', 'value': 233}, 'value': '392'}, {'type': {'displayName': 'Offensive', 'value': 286}}, {'type': {'displayName': 'Zone', 'value': 56}, 'value': 'Right'}]",False,,,,,
1910889,FirstHalf,38,34,38,Aerial,Unsuccessful,1211,Hoffenheim,302588.0,Bernardo,40.8,85.0,,,,,,,"[{'type': {'displayName': 'OppositeRelatedEvent', 'value': 233}, 'value': '262'}, {'type': {'displayName': 'Zone', 'value': 56}, 'value': 'Back'}, {'type': {'displayName': 'Defensive', 'value': 285}}]",False,,,,,
1910889,FirstHalf,38,35,38,BallTouch,Unsuccessful,42,Werder Bremen,377280.0,Jens Stage,55.6,16.5,,,,,,,"[{'type': {'displayName': 'Zone', 'value': 56}, 'value': 'Right'}]",True,,,,,
1910889,FirstHalf,38,36,38,Pass,Unsuccessful,1211,Hoffenheim,302588.0,Bernardo,36.9,65.5,43.3,100.0,,,,,"[{'type': {'displayName': 'PassEndY', 'value': 141}, 'value': '100.0'}, {'type': {'displayName': 'Length', 'value': 212}, 'value': '25.2'}, {'type': {'displayName': 'HeadPass', 'value': 3}}, {'type': {'displayName': 'Angle', 'value': 213}, 'value': '1.30'}, {'type': {'displayName': 'PassEndX', 'value': 140}, 'value': '43.3'}, {'type': {'displayName': 'Zone', 'value': 56}, 'value': 'Back'}]",True,,,,,
1910889,FirstHalf,38,47,38,Pass,Successful,42,Werder Bremen,538407.0,Isaac Schmidt,61.2,0.0,60.7,13.3,,,,,"[{'type': {'displayName': 'Angle', 'value': 213}, 'value': '1.62'}, {'type': {'displayName': 'Length', 'value': 212}, 'value': '9.7'}, {'type': {'displayName': 'PassEndY', 'value': 141}, 'value': '13.3'}, {'type': {'displayName': 'Zone', 'value': 56}, 'value': 'Right'}, {'type': {'displayName': 'ThrowIn', 'value': 107}}, {'type': {'displayName': 'PassEndX', 'value': 140}, 'value': '60.7'}]",True,,,,,
1910889,FirstHalf,38,49,38,Pass,Successful,42,Werder Bremen,431791.0,Cameron Puertas,60.6,13.7,74.3,18.9,,,,,"[{'type': {'displayName': 'Chipped', 'value': 155}}, {'type': {'displayName': 'PassEndY', 'value': 141}, 'value': '18.9'}, {'type': {'displayName': 'PassEndX', 'value': 140}, 'value': '74.3'}, {'type': {'displayName': 'Zone', 'value': 56}, 'value': 'Right'}, {'type': {'displayName': 'Angle', 'value': 213}, 'value': '0.24'}, {'type': {'displayName': 'Length', 'value': 212}, 'value': '14.8'}]",True,,,,,
1910889,FirstHalf,38,50,38,Aerial,Successful,42,Werder Bremen,438066.0,Justin Njinmah,74.3,18.9,,,,,,,"[{'type': {'displayName': 'Zone', 'value': 56}, 'value': 'Right'}, {'type': {'displayName': 'OppositeRelatedEvent', 'value': 233}, 'value': '395'}, {'type': {'displayName': 'Offensive', 'value': 286}}]",False,,,,,
1910889,FirstHalf,38,50,38,Aerial,Unsuccessful,1211,Hoffenheim,302588.0,Bernardo,25.7,81.1,,,,,,,"[{'type': {'displayName': 'OppositeRelatedEvent', 'value': 233}, 'value': '273'}, {'type': {'displayName': 'Defensive', 'value': 285}}, {'type': {'displayName': 'Zone', 'value': 56}, 'value': 'Back'}]",False,,,,,
1910889,FirstHalf,38,50,38,Pass,Unsuccessful,42,Werder Bremen,438066.0,Justin Njinmah,74.3,18.9,79.5,44.3,,,,,"[{'type': {'displayName': 'Length', 'value': 212}, 'value': '18.1'}, {'type': {'displayName': 'PassEndY', 'value': 141}, 'value': '44.3'}, {'type': {'displayName': 'Angle', 'value': 213}, 'value': '1.26'}, {'type': {'displayName': 'PassEndX', 'value': 140}, 'value': '79.5'}, {'type': {'displayName': 'HeadPass', 'value': 3}}, {'type': {'displayName': 'Zone', 'value': 56}, 'value': 'Center'}]",True,,,,,
1910889,FirstHalf,38,54,38,BallRecovery,Successful,1211,Hoffenheim,111372.0,Vladimír Coufal,30.5,50.7,,,,,,,[],False,,,,,
1910889,FirstHalf,39,0,39,Pass,Successful,1211,Hoffenheim,111372.0,Vladimír Coufal,46.6,32.4,61.8,6.3,,,,,"[{'type': {'displayName': 'Angle', 'value': 213}, 'value': '5.44'}, {'type': {'displayName': 'Length', 'value': 212}, 'value': '23.9'}, {'type': {'displayName': 'Zone', 'value': 56}, 'value': 'Right'}, {'type': {'displayName': 'PassEndX', 'value': 140}, 'value': '61.8'}, {'type': {'displayName': 'PassEndY', 'value': 141}, 'value': '6.3'}]",True,,,,,
1910889,FirstHalf,39,4,39,Pass,Successful,1211,Hoffenheim,75217.0,Andrej Kramaric,66.6,7.9,63.7,35.2,,,,,"[{'type': {'displayName': 'Angle', 'value': 213}, 'value': '1.73'}, {'type': {'displayName': 'PassEndY', 'value': 141}, 'value': '35.2'}, {'type': {'displayName': 'Length', 'value': 212}, 'value': '18.8'}, {'type': {'displayName': 'Zone', 'value': 56}, 'value': 'Center'}, {'type': {'displayName': 'PassEndX', 'value': 140}, 'value': '63.7'}]",True,,,,,
1910889,FirstHalf,39,8,39,Pass,Successful,1211,Hoffenheim,510234.0,Leon Avdullahu,68.1,43.2,67.4,74.2,,,,,"[{'type': {'displayName': 'Length', 'value': 212}, 'value': '21.1'}, {'type': {'displayName': 'Angle', 'value': 213}, 'value': '1.61'}, {'type': {'displayName': 'PassEndX', 'value': 140}, 'value': '67.4'}, {'type': {'displayName': 'Zone', 'value': 56}, 'value': 'Center'}, {'type': {'displayName': 'PassEndY', 'value': 141}, 'value': '74.2'}]",True,,,,,
1910889,FirstHalf,39,11,39,Pass,Successful,1211,Hoffenheim,302588.0,Bernardo,67.4,73.6,89.0,25.3,,,,,"[{'type': {'displayName': 'PassEndX', 'value': 140}, 'value': '89.0'}, {'type': {'displayName': 'PassEndY', 'value': 141}, 'value': '25.3'}, {'type': {'displayName': 'Angle', 'value': 213}, 'value': '5.32'}, {'type': {'displayName': 'Chipped', 'value': 155}}, {'type': {'displayName': 'Length', 'value': 212}, 'value': '39.9'}, {'type': {'displayName': 'Zone', 'value': 56}, 'value': 'Center'}, {'type': {'displayName': 'Longball', 'value': 1}}]",True,,,,,
1910889,FirstHalf,39,15,39,Aerial,Successful,1211,Hoffenheim,111372.0,Vladimír Coufal,89.0,25.3,,,,,,,"[{'type': {'displayName': 'Zone', 'value': 56}, 'value': 'Center'}, {'type': {'displayName': 'OppositeRelatedEvent', 'value': 233}, 'value': '268'}, {'type': {'displayName': 'Offensive', 'value': 286}}]",False,,,,,
1910889,FirstHalf,39,15,39,Aerial,Unsuccessful,42,Werder Bremen,407284.0,Olivier Deman,11.0,74.7,,,,,,,"[{'type': {'displayName': 'OppositeRelatedEvent', 'value': 233}, 'value': '401'}, {'type': {'displayName': 'Defensive', 'value': 285}}, {'type': {'displayName': 'Zone', 'value': 56}, 'value': 'Back'}]",False,,,,,
1910889,FirstHalf,39,15,39,Pass,Successful,1211,Hoffenheim,111372.0,Vladimír Coufal,89.0,25.3,81.3,43.8,,,,,"[{'type': {'displayName': 'HeadPass', 'value': 3}}, {'type': {'displayName': 'Zone', 'value': 56}, 'value': 'Center'}, {'type': {'displayName': 'Length', 'value': 212}, 'value': '15.0'}, {'type': {'displayName': 'PassEndY', 'value': 141}, 'value': '43.8'}, {'type': {'displayName': 'PassEndX', 'value': 140}, 'value': '81.3'}, {'type': {'displayName': 'Angle', 'value': 213}, 'value': '2.14'}]",True,,,,,
1910889,FirstHalf,39,16,39,Pass,Unsuccessful,1211,Hoffenheim,428426.0,Fisnik Asllani,81.3,43.8,75.6,55.2,,,,,"[{'type': {'displayName': 'Zone', 'value': 56}, 'value': 'Center'}, {'type': {'displayName': 'Length', 'value': 212}, 'value': '9.8'}, {'type': {'displayName': 'PassEndY', 'value': 141}, 'value': '55.2'}, {'type': {'displayName': 'PassEndX', 'value': 140}, 'value': '75.6'}, {'type': {'displayName': 'Angle', 'value': 213}, 'value': '2.23'}]",True,,,,,
1910889,FirstHalf,39,19,39,Dispossessed,Successful,42,Werder Bremen,438066.0,Justin Njinmah,23.6,37.3,,,,,,,"[{'type': {'displayName': 'OppositeRelatedEvent', 'value': 233}, 'value': '404'}, {'type': {'displayName': 'Zone', 'value': 56}, 'value': 'Back'}, {'type': {'displayName': 'Defensive', 'value': 285}}]",True,,,,,
1910889,FirstHalf,39,19,39,Tackle,Successful,1211,Hoffenheim,402697.0,Albian Hajdari,76.4,62.7,,,,,,,"[{'type': {'displayName': 'Zone', 'value': 56}, 'value': 'Center'}, {'type': {'displayName': 'StandingSave', 'value': 178}}, {'type': {'displayName': 'OppositeRelatedEvent', 'value': 233}, 'value': '271'}, {'type': {'displayName': 'Offensive', 'value': 286}}]",True,,,,,
1910889,FirstHalf,39,39,39,Pass,Successful,42,Werder Bremen,538407.0,Isaac Schmidt,9.6,0.0,12.2,7.1,,,,,"[{'type': {'displayName': 'PassEndY', 'value': 141}, 'value': '7.1'}, {'type': {'displayName': 'Zone', 'value': 56}, 'value': 'Back'}, {'type': {'displayName': 'Length', 'value': 212}, 'value': '5.8'}, {'type': {'displayName': 'ThrowIn', 'value': 107}}, {'type': {'displayName': 'PassEndX', 'value': 140}, 'value': '12.2'}, {'type': {'displayName': 'Angle', 'value': 213}, 'value': '1.08'}]",True,,,,,
1910889,FirstHalf,39,40,39,TakeOn,Unsuccessful,42,Werder Bremen,431791.0,Cameron Puertas,16.9,8.4,,,,,,,"[{'type': {'displayName': 'Defensive', 'value': 285}}, {'type': {'displayName': 'Zone', 'value': 56}, 'value': 'Back'}, {'type': {'displayName': 'OppositeRelatedEvent', 'value': 233}, 'value': '406'}]",True,,,,,
1910889,FirstHalf,39,40,39,Tackle,Successful,1211,Hoffenheim,551965.0,Bazoumana Touré,83.1,91.6,,,,,,,"[{'type': {'displayName': 'OppositeRelatedEvent', 'value': 233}, 'value': '275'}, {'type': {'displayName': 'Zone', 'value': 56}, 'value': 'Left'}, {'type': {'displayName': 'Offensive', 'value': 286}}]",True,,,,,
1910889,FirstHalf,40,9,40,Pass,Unsuccessful,42,Werder Bremen,436119.0,Mio Backhaus,3.2,41.9,51.9,27.6,,,,,"[{'type': {'displayName': 'Zone', 'value': 56}, 'value': 'Center'}, {'type': {'displayName': 'Chipped', 'value': 155}}, {'type': {'displayName': 'MissHigh', 'value': 74}}, {'type': {'displayName': 'Longball', 'value': 1}}, {'type': {'displayName': 'Angle', 'value': 213}, 'value': '6.10'}, {'type': {'displayName': 'PassEndY', 'value': 141}, 'value': '27.6'}, {'type': {'displayName': 'GoalKick', 'value': 124}}, {'type': {'displayName': 'PassEndX', 'value': 140}, 'value': '51.9'}, {'type': {'displayName': 'Length', 'value': 212}, 'value': '52.1'}]",True,,,,,
1910889,FirstHalf,40,11,40,Aerial,Successful,1211,Hoffenheim,302588.0,Bernardo,48.1,72.4,,,,,,,"[{'type': {'displayName': 'Zone', 'value': 56}, 'value': 'Back'}, {'type': {'displayName': 'Defensive', 'value': 285}}, {'type': {'displayName': 'OppositeRelatedEvent', 'value': 233}, 'value': '278'}]",False,,,,,
1910889,FirstHalf,40,11,40,Aerial,Unsuccessful,42,Werder Bremen,377280.0,Jens Stage,51.9,27.6,,,,,,,"[{'type': {'displayName': 'Zone', 'value': 56}, 'value': 'Center'}, {'type': {'displayName': 'Offensive', 'value': 286}}, {'type': {'displayName': 'OppositeRelatedEvent', 'value': 233}, 'value': '408'}]",False,,,,,
1910889,FirstHalf,40,11,40,Pass,Unsuccessful,1211,Hoffenheim,302588.0,Bernardo,48.1,72.4,66.0,100.0,,,,,"[{'type': {'displayName': 'PassEndY', 'value': 141}, 'value': '100.0'}, {'type': {'displayName': 'Angle', 'value': 213}, 'value': '0.80'}, {'type': {'displayName': 'HeadPass', 'value': 3}}, {'type': {'displayName': 'Zone', 'value': 56}, 'value': 'Left'}, {'type': {'displayName': 'Length', 'value': 212}, 'value': '27.1'}, {'type': {'displayName': 'PassEndX', 'value': 140}, 'value': '66.0'}]",True,,,,,
1910889,FirstHalf,40,28,40,Pass,Successful,42,Werder Bremen,538407.0,Isaac Schmidt,26.9,0.0,50.4,10.5,,,,,"[{'type': {'displayName': 'PassEndX', 'value': 140}, 'value': '50.4'}, {'type': {'displayName': 'Zone', 'value': 56}, 'value': 'Right'}, {'type': {'displayName': 'Longball', 'value': 1}}, {'type': {'displayName': 'Length', 'value': 212}, 'value': '25.9'}, {'type': {'displayName': 'Angle', 'value': 213}, 'value': '0.31'}, {'type': {'displayName': 'ThrowIn', 'value': 107}}, {'type': {'displayName': 'PassEndY', 'value': 141}, 'value': '10.5'}]",True,,,,,
1910889,FirstHalf,40,30,40,Pass,Unsuccessful,42,Werder Bremen,377280.0,Jens Stage,51.2,12.6,58.0,9.1,,,,,"[{'type': {'displayName': 'Angle', 'value': 213}, 'value': '5.96'}, {'type': {'displayName': 'PassEndY', 'value': 141}, 'value': '9.1'}, {'type': {'displayName': 'PassEndX', 'value': 140}, 'value': '58.0'}, {'type': {'displayName': 'Length', 'value': 212}, 'value': '7.5'}, {'type': {'displayName': 'HeadPass', 'value': 3}}, {'type': {'displayName': 'Zone', 'value': 56}, 'value': 'Right'}]",True,,,,,
1910889,FirstHalf,40,31,40,Pass,Unsuccessful,1211,Hoffenheim,302588.0,Bernardo,37.4,89.5,51.0,86.2,,,,,"[{'type': {'displayName': 'PassEndY', 'value': 141}, 'value': '86.2'}, {'type': {'displayName': 'Length', 'value': 212}, 'value': '14.5'}, {'type': {'displayName': 'Zone', 'value': 56}, 'value': 'Left'}, {'type': {'displayName': 'PassEndX', 'value': 140}, 'value': '51.0'}, {'type': {'displayName': 'Angle', 'value': 213}, 'value': '6.13'}, {'type': {'displayName': 'HeadPass', 'value': 3}}]",True,,,,,
1910889,FirstHalf,40,33,40,Pass,Unsuccessful,42,Werder Bremen,538407.0,Isaac Schmidt,49.4,12.6,49.3,29.3,,,,,"[{'type': {'displayName': 'PassEndX', 'value': 140}, 'value': '49.3'}, {'type': {'displayName': 'Zone', 'value': 56}, 'value': 'Back'}, {'type': {'displayName': 'PassEndY', 'value': 141}, 'value': '29.3'}, {'type': {'displayName': 'Length', 'value': 212}, 'value': '11.4'}, {'type': {'displayName': 'Angle', 'value': 213}, 'value': '1.58'}]",True,,,,,
1910889,FirstHalf,40,34,40,Pass,Unsuccessful,1211,Hoffenheim,111372.0,Vladimír Coufal,50.3,70.1,52.0,70.1,,,,,"[{'type': {'displayName': 'OppositeRelatedEvent', 'value': 233}, 'value': '296'}, {'type': {'displayName': 'PassEndX', 'value': 140}, 'value': '52.0'}, {'type': {'displayName': 'Angle', 'value': 213}, 'value': '6.28'}, {'type': {'displayName': 'Zone', 'value': 56}, 'value': 'Center'}, {'type': {'displayName': 'Length', 'value': 212}, 'value': '1.8'}, {'type': {'displayName': 'PassEndY', 'value': 141}, 'value': '70.1'}, {'type': {'displayName': 'Offensive', 'value': 286}}]",True,,,,,
1910889,FirstHalf,40,34,40,BlockedPass,Successful,42,Werder Bremen,383847.0,Romano Schmid,48.0,29.9,,,,,,,"[{'type': {'displayName': 'Zone', 'value': 56}, 'value': 'Back'}, {'type': {'displayName': 'OppositeRelatedEvent', 'value': 233}, 'value': '412'}, {'type': {'displayName': 'Defensive', 'value': 285}}]",True,,,,,
1910889,FirstHalf,40,50,40,Card,Successful,42,Werder Bremen,431791.0,Cameron Puertas,0.0,0.0,,,,,,,"[{'type': {'displayName': 'Yellow', 'value': 31}}]",False,,,Yellow,,
1910889,FirstHalf,41,21,41,Pass,Successful,1211,Hoffenheim,302588.0,Bernardo,70.9,100.0,64.8,91.2,,,,,"[{'type': {'displayName': 'Length', 'value': 212}, 'value': '9.1'}, {'type': {'displayName': 'Zone', 'value': 56}, 'value': 'Left'}, {'type': {'displayName': 'Angle', 'value': 213}, 'value': '3.94'}, {'type': {'displayName': 'PassEndX', 'value': 140}, 'value': '64.8'}, {'type': {'displayName': 'PassEndY', 'value': 141}, 'value': '91.2'}, {'type': {'displayName': 'ThrowIn', 'value': 107}}]",True,,,,,
1910889,FirstHalf,41,22,41,Pass,Successful,1211,Hoffenheim,402697.0,Albian Hajdari,64.8,91.2,69.4,96.3,,,,,"[{'type': {'displayName': 'Zone', 'value': 56}, 'value': 'Left'}, {'type': {'displayName': 'PassEndY', 'value': 141}, 'value': '96.3'}, {'type': {'displayName': 'PassEndX', 'value': 140}, 'value': '69.4'}, {'type': {'displayName': 'Angle', 'value': 213}, 'value': '0.62'}, {'type': {'displayName': 'Length', 'value': 212}, 'value': '5.9'}]",True,,,,,
1910889,FirstHalf,41,23,41,Pass,Successful,1211,Hoffenheim,302588.0,Bernardo,69.4,96.3,62.7,87.6,,,,,"[{'type': {'displayName': 'PassEndY', 'value': 141}, 'value': '87.6'}, {'type': {'displayName': 'Angle', 'value': 213}, 'value': '3.84'}, {'type': {'displayName': 'Length', 'value': 212}, 'value': '9.2'}, {'type': {'displayName': 'Zone', 'value': 56}, 'value': 'Left'}, {'type': {'displayName': 'PassEndX', 'value': 140}, 'value': '62.7'}]",True,,,,,
1910889,FirstHalf,41,25,41,Pass,Successful,1211,Hoffenheim,402697.0,Albian Hajdari,62.3,86.7,60.0,55.5,,,,,"[{'type': {'displayName': 'Angle', 'value': 213}, 'value': '4.60'}, {'type': {'displayName': 'PassEndX', 'value': 140}, 'value': '60.0'}, {'type': {'displayName': 'Zone', 'value': 56}, 'value': 'Center'}, {'type': {'displayName': 'Length', 'value': 212}, 'value': '21.4'}, {'type': {'displayName': 'PassEndY', 'value': 141}, 'value': '55.5'}]",True,,,,,
1910889,FirstHalf,41,27,41,Pass,Successful,1211,Hoffenheim,356743.0,Ozan Kabak,58.8,54.6,62.0,33.6,,,,,"[{'type': {'displayName': 'Angle', 'value': 213}, 'value': '4.94'}, {'type': {'displayName': 'PassEndX', 'value': 140}, 'value': '62.0'}, {'type': {'displayName': 'PassEndY', 'value': 141}, 'value': '33.6'}, {'type': {'displayName': 'Length', 'value': 212}, 'value': '14.7'}, {'type': {'displayName': 'Zone', 'value': 56}, 'value': 'Center'}]",True,,,,,
1910889,FirstHalf,41,31,41,Pass,Unsuccessful,1211,Hoffenheim,361878.0,Wouter Burger,64.8,34.6,93.0,50.4,,,,,"[{'type': {'displayName': 'PassEndY', 'value': 141}, 'value': '50.4'}, {'type': {'displayName': 'Length', 'value': 212}, 'value': '31.5'}, {'type': {'displayName': 'Zone', 'value': 56}, 'value': 'Center'}, {'type': {'displayName': 'PassEndX', 'value': 140}, 'value': '93.0'}, {'type': {'displayName': 'Angle', 'value': 213}, 'value': '0.35'}, {'type': {'displayName': 'Chipped', 'value': 155}}]",True,,,,,
1910889,FirstHalf,41,34,41,Foul,Successful,42,Werder Bremen,436119.0,Mio Backhaus,9.1,49.2,,,,,,,"[{'type': {'displayName': 'Defensive', 'value': 285}}, {'type': {'displayName': 'OppositeRelatedEvent', 'value': 233}, 'value': '421'}, {'type': {'displayName': 'Zone', 'value': 56}, 'value': 'Back'}, {'type': {'displayName': 'Foul', 'value': 13}}]",True,,,,,
1910889,FirstHalf,41,34,41,Foul,Unsuccessful,1211,Hoffenheim,428426.0,Fisnik Asllani,90.9,50.8,,,,,,,"[{'type': {'displayName': 'Zone', 'value': 56}, 'value': 'Center'}, {'type': {'displayName': 'Foul', 'value': 13}}, {'type': {'displayName': 'StandingSave', 'value': 178}}, {'type': {'displayName': 'Offensive', 'value': 286}}, {'type': {'displayName': 'OppositeRelatedEvent', 'value': 233}, 'value': '288'}]",False,,,,,
1910889,FirstHalf,42,3,42,Pass,Unsuccessful,42,Werder Bremen,436119.0,Mio Backhaus,9.4,44.4,54.5,11.0,,,,,"[{'type': {'displayName': 'Length', 'value': 212}, 'value': '52.5'}, {'type': {'displayName': 'PassEndY', 'value': 141}, 'value': '11.0'}, {'type': {'displayName': 'FreekickTaken', 'value': 5}}, {'type': {'displayName': 'Zone', 'value': 56}, 'value': 'Right'}, {'type': {'displayName': 'Angle', 'value': 213}, 'value': '5.84'}, {'type': {'displayName': 'Longball', 'value': 1}}, {'type': {'displayName': 'PassEndX', 'value': 140}, 'value': '54.5'}]",True,,,,,
1910889,FirstHalf,42,4,42,Pass,Unsuccessful,1211,Hoffenheim,302588.0,Bernardo,39.8,87.4,51.1,87.1,,,,,"[{'type': {'displayName': 'HeadPass', 'value': 3}}, {'type': {'displayName': 'Zone', 'value': 56}, 'value': 'Left'}, {'type': {'displayName': 'PassEndY', 'value': 141}, 'value': '87.1'}, {'type': {'displayName': 'Length', 'value': 212}, 'value': '11.9'}, {'type': {'displayName': 'PassEndX', 'value': 140}, 'value': '51.1'}, {'type': {'displayName': 'Angle', 'value': 213}, 'value': '6.27'}]",True,,,,,
1910889,FirstHalf,42,5,42,Aerial,Successful,42,Werder Bremen,420405.0,Senne Lynen,48.9,12.9,,,,,,,"[{'type': {'displayName': 'Defensive', 'value': 285}}, {'type': {'displayName': 'Zone', 'value': 56}, 'value': 'Back'}, {'type': {'displayName': 'OppositeRelatedEvent', 'value': 233}, 'value': '423'}]",False,,,,,
1910889,FirstHalf,42,5,42,Aerial,Unsuccessful,1211,Hoffenheim,428426.0,Fisnik Asllani,51.1,87.1,,,,,,,"[{'type': {'displayName': 'Offensive', 'value': 286}}, {'type': {'displayName': 'OppositeRelatedEvent', 'value': 233}, 'value': '290'}, {'type': {'displayName': 'Zone', 'value': 56}, 'value': 'Left'}]",False,,,,,
1910889,FirstHalf,42,6,42,BallTouch,Unsuccessful,42,Werder Bremen,420405.0,Senne Lynen,42.3,12.5,,,,,,,"[{'type': {'displayName': 'Zone', 'value': 56}, 'value': 'Back'}]",True,,,,,
1910889,FirstHalf,42,7,42,Pass,Unsuccessful,1211,Hoffenheim,395001.0,Tim Lemperle,54.1,81.0,51.8,81.9,,,,,"[{'type': {'displayName': 'Angle', 'value': 213}, 'value': '2.89'}, {'type': {'displayName': 'PassEndY', 'value': 141}, 'value': '81.9'}, {'type': {'displayName': 'PassEndX', 'value': 140}, 'value': '51.8'}, {'type': {'displayName': 'Length', 'value': 212}, 'value': '2.5'}, {'type': {'displayName': 'HeadPass', 'value': 3}}, {'type': {'displayName': 'Zone', 'value': 56}, 'value': 'Left'}]",True,,,,,
1910889,FirstHalf,42,9,42,Pass,Successful,42,Werder Bremen,431791.0,Cameron Puertas,40.7,16.8,30.5,17.2,,,,,"[{'type': {'displayName': 'PassEndY', 'value': 141}, 'value': '17.2'}, {'type': {'displayName': 'Angle', 'value': 213}, 'value': '3.12'}, {'type': {'displayName': 'Zone', 'value': 56}, 'value': 'Back'}, {'type': {'displayName': 'PassEndX', 'value': 140}, 'value': '30.5'}, {'type': {'displayName': 'Length', 'value': 212}, 'value': '10.7'}]",True,,,,,
1910889,FirstHalf,42,10,42,Pass,Successful,42,Werder Bremen,420405.0,Senne Lynen,27.5,18.4,6.2,46.0,,,,,"[{'type': {'displayName': 'Angle', 'value': 213}, 'value': '2.44'}, {'type': {'displayName': 'PassEndY', 'value': 141}, 'value': '46.0'}, {'type': {'displayName': 'PassEndX', 'value': 140}, 'value': '6.2'}, {'type': {'displayName': 'Zone', 'value': 56}, 'value': 'Back'}, {'type': {'displayName': 'Length', 'value': 212}, 'value': '29.2'}]",True,,,,,
1910889,FirstHalf,42,16,42,Pass,Unsuccessful,42,Werder Bremen,436119.0,Mio Backhaus,15.0,46.6,57.0,90.9,,,,,"[{'type': {'displayName': 'PassEndX', 'value': 140}, 'value': '57.0'}, {'type': {'displayName': 'Length', 'value': 212}, 'value': '53.4'}, {'type': {'displayName': 'PassEndY', 'value': 141}, 'value': '90.9'}, {'type': {'displayName': 'Longball', 'value': 1}}, {'type': {'displayName': 'Chipped', 'value': 155}}, {'type': {'displayName': 'Angle', 'value': 213}, 'value': '0.60'}, {'type': {'displayName': 'Zone', 'value': 56}, 'value': 'Left'}]",True,,,,,
1910889,FirstHalf,42,21,42,BallRecovery,Successful,1211,Hoffenheim,111372.0,Vladimír Coufal,43.9,11.2,,,,,,,[],False,,,,,
1910889,FirstHalf,42,28,42,Pass,Successful,1211,Hoffenheim,111372.0,Vladimír Coufal,55.3,16.8,57.9,38.7,,,,,"[{'type': {'displayName': 'Length', 'value': 212}, 'value': '15.1'}, {'type': {'displayName': 'PassEndX', 'value': 140}, 'value': '57.9'}, {'type': {'displayName': 'Angle', 'value': 213}, 'value': '1.39'}, {'type': {'displayName': 'Zone', 'value': 56}, 'value': 'Center'}, {'type': {'displayName': 'PassEndY', 'value': 141}, 'value': '38.7'}]",True,,,,,
1910889,FirstHalf,42,36,42,Pass,Successful,1211,Hoffenheim,510234.0,Leon Avdullahu,66.2,70.8,67.3,59.7,,,,,"[{'type': {'displayName': 'Length', 'value': 212}, 'value': '7.6'}, {'type': {'displayName': 'Angle', 'value': 213}, 'value': '4.86'}, {'type': {'displayName': 'PassEndX', 'value': 140}, 'value': '67.3'}, {'type': {'displayName': 'PassEndY', 'value': 141}, 'value': '59.7'}, {'type': {'displayName': 'Zone', 'value': 56}, 'value': 'Center'}]",True,,,,,
1910889,FirstHalf,42,38,42,Pass,Successful,1211,Hoffenheim,361878.0,Wouter Burger,67.5,59.7,68.4,69.7,,,,,"[{'type': {'displayName': 'Zone', 'value': 56}, 'value': 'Center'}, {'type': {'displayName': 'PassEndY', 'value': 141}, 'value': '69.7'}, {'type': {'displayName': 'Angle', 'value': 213}, 'value': '1.43'}, {'type': {'displayName': 'Length', 'value': 212}, 'value': '6.9'}, {'type': {'displayName': 'PassEndX', 'value': 140}, 'value': '68.4'}]",True,,,,,
1910889,FirstHalf,42,39,42,Pass,Successful,1211,Hoffenheim,510234.0,Leon Avdullahu,68.4,68.5,67.4,40.5,,,,,"[{'type': {'displayName': 'PassEndX', 'value': 140}, 'value': '67.4'}, {'type': {'displayName': 'Zone', 'value': 56}, 'value': 'Center'}, {'type': {'displayName': 'Length', 'value': 212}, 'value': '19.1'}, {'type': {'displayName': 'Angle', 'value': 213}, 'value': '4.66'}, {'type': {'displayName': 'PassEndY', 'value': 141}, 'value': '40.5'}]",True,,,,,
1910889,FirstHalf,42,42,42,Pass,Successful,1211,Hoffenheim,356743.0,Ozan Kabak,67.3,40.2,73.9,17.2,,,,,"[{'type': {'displayName': 'Zone', 'value': 56}, 'value': 'Right'}, {'type': {'displayName': 'PassEndX', 'value': 140}, 'value': '73.9'}, {'type': {'displayName': 'Length', 'value': 212}, 'value': '17.1'}, {'type': {'displayName': 'Angle', 'value': 213}, 'value': '5.13'}, {'type': {'displayName': 'PassEndY', 'value': 141}, 'value': '17.2'}]",True,,,,,
1910889,FirstHalf,42,45,42,Pass,Successful,1211,Hoffenheim,111372.0,Vladimír Coufal,73.4,18.0,76.7,27.4,,,,,"[{'type': {'displayName': 'Length', 'value': 212}, 'value': '7.3'}, {'type': {'displayName': 'Zone', 'value': 56}, 'value': 'Center'}, {'type': {'displayName': 'PassEndX', 'value': 140}, 'value': '76.7'}, {'type': {'displayName': 'PassEndY', 'value': 141}, 'value': '27.4'}, {'type': {'displayName': 'Angle', 'value': 213}, 'value': '1.07'}]",True,,,,,
1910889,FirstHalf,42,46,42,Pass,Successful,1211,Hoffenheim,75217.0,Andrej Kramaric,76.7,27.9,71.6,20.2,,,,,"[{'type': {'displayName': 'PassEndY', 'value': 141}, 'value': '20.2'}, {'type': {'displayName': 'Length', 'value': 212}, 'value': '7.5'}, {'type': {'displayName': 'Zone', 'value': 56}, 'value': 'Right'}, {'type': {'displayName': 'PassEndX', 'value': 140}, 'value': '71.6'}, {'type': {'displayName': 'Angle', 'value': 213}, 'value': '3.92'}]",True,,,,,
1910889,FirstHalf,42,48,42,Pass,Successful,1211,Hoffenheim,111372.0,Vladimír Coufal,71.2,20.4,62.4,37.8,,,,,"[{'type': {'displayName': 'Angle', 'value': 213}, 'value': '2.23'}, {'type': {'displayName': 'Length', 'value': 212}, 'value': '15.0'}, {'type': {'displayName': 'Zone', 'value': 56}, 'value': 'Center'}, {'type': {'displayName': 'PassEndX', 'value': 140}, 'value': '62.4'}, {'type': {'displayName': 'PassEndY', 'value': 141}, 'value': '37.8'}]",True,,,,,
1910889,FirstHalf,42,52,42,Pass,Successful,1211,Hoffenheim,356743.0,Ozan Kabak,62.0,37.9,60.6,68.2,,,,,"[{'type': {'displayName': 'Length', 'value': 212}, 'value': '20.7'}, {'type': {'displayName': 'Zone', 'value': 56}, 'value': 'Center'}, {'type': {'displayName': 'Angle', 'value': 213}, 'value': '1.64'}, {'type': {'displayName': 'PassEndY', 'value': 141}, 'value': '68.2'}, {'type': {'displayName': 'PassEndX', 'value': 140}, 'value': '60.6'}]",True,,,,,
1910889,FirstHalf,42,54,42,Pass,Successful,1211,Hoffenheim,402697.0,Albian Hajdari,60.6,68.2,63.6,87.7,,,,,"[{'type': {'displayName': 'PassEndY', 'value': 141}, 'value': '87.7'}, {'type': {'displayName': 'Angle', 'value': 213}, 'value': '1.34'}, {'type': {'displayName': 'PassEndX', 'value': 140}, 'value': '63.6'}, {'type': {'displayName': 'Zone', 'value': 56}, 'value': 'Left'}, {'type': {'displayName': 'Length', 'value': 212}, 'value': '13.6'}]",True,,,,,
1910889,FirstHalf,42,57,42,Pass,Unsuccessful,1211,Hoffenheim,395001.0,Tim Lemperle,63.5,85.0,70.4,82.2,,,,,"[{'type': {'displayName': 'Angle', 'value': 213}, 'value': '6.03'}, {'type': {'displayName': 'Length', 'value': 212}, 'value': '7.5'}, {'type': {'displayName': 'PassEndY', 'value': 141}, 'value': '82.2'}, {'type': {'displayName': 'Zone', 'value': 56}, 'value': 'Left'}, {'type': {'displayName': 'PassEndX', 'value': 140}, 'value': '70.4'}]",True,,,,,
1910889,FirstHalf,43,0,43,Pass,Successful,42,Werder Bremen,368176.0,Amos Pieper,23.9,32.7,26.2,43.1,,,,,"[{'type': {'displayName': 'Zone', 'value': 56}, 'value': 'Back'}, {'type': {'displayName': 'PassEndY', 'value': 141}, 'value': '43.1'}, {'type': {'displayName': 'PassEndX', 'value': 140}, 'value': '26.2'}, {'type': {'displayName': 'Angle', 'value': 213}, 'value': '1.24'}, {'type': {'displayName': 'Length', 'value': 212}, 'value': '7.5'}]",True,,,,,
1910889,FirstHalf,43,1,43,BallRecovery,Successful,42,Werder Bremen,431791.0,Cameron Puertas,26.3,43.9,,,,,,,[],False,,,,,
1910889,FirstHalf,43,2,43,Pass,Successful,42,Werder Bremen,431791.0,Cameron Puertas,27.0,45.1,36.7,59.6,,,,,"[{'type': {'displayName': 'Length', 'value': 212}, 'value': '14.2'}, {'type': {'displayName': 'PassEndX', 'value': 140}, 'value': '36.7'}, {'type': {'displayName': 'Angle', 'value': 213}, 'value': '0.77'}, {'type': {'displayName': 'Zone', 'value': 56}, 'value': 'Back'}, {'type': {'displayName': 'PassEndY', 'value': 141}, 'value': '59.6'}]",True,,,,,
1910889,FirstHalf,43,6,43,Pass,Unsuccessful,42,Werder Bremen,383847.0,Romano Schmid,46.4,59.8,72.8,54.4,,,,,"[{'type': {'displayName': 'PassEndX', 'value': 140}, 'value': '72.8'}, {'type': {'displayName': 'Angle', 'value': 213}, 'value': '6.15'}, {'type': {'displayName': 'Throughball', 'value': 4}}, {'type': {'displayName': 'Zone', 'value': 56}, 'value': 'Center'}, {'type': {'displayName': 'Length', 'value': 212}, 'value': '28.0'}, {'type': {'displayName': 'PassEndY', 'value': 141}, 'value': '54.4'}]",True,,,,,
1910889,FirstHalf,43,7,43,BallRecovery,Successful,1211,Hoffenheim,77440.0,Oliver Baumann,28.9,45.3,,,,,,,[],False,,,,,
1910889,FirstHalf,43,9,43,Pass,Successful,1211,Hoffenheim,77440.0,Oliver Baumann,28.8,45.3,43.1,24.7,,,,,"[{'type': {'displayName': 'PassEndY', 'value': 141}, 'value': '24.7'}, {'type': {'displayName': 'Angle', 'value': 213}, 'value': '5.53'}, {'type': {'displayName': 'Length', 'value': 212}, 'value': '20.5'}, {'type': {'displayName': 'Zone', 'value': 56}, 'value': 'Back'}, {'type': {'displayName': 'PassEndX', 'value': 140}, 'value': '43.1'}]",True,,,,,
1910889,FirstHalf,43,14,43,Pass,Successful,1211,Hoffenheim,361878.0,Wouter Burger,45.8,22.5,65.4,7.9,,,,,"[{'type': {'displayName': 'Angle', 'value': 213}, 'value': '5.83'}, {'type': {'displayName': 'PassEndX', 'value': 140}, 'value': '65.4'}, {'type': {'displayName': 'PassEndY', 'value': 141}, 'value': '7.9'}, {'type': {'displayName': 'Length', 'value': 212}, 'value': '22.8'}, {'type': {'displayName': 'Zone', 'value': 56}, 'value': 'Right'}]",True,,,,,
1910889,FirstHalf,43,18,43,Pass,Successful,1211,Hoffenheim,75217.0,Andrej Kramaric,69.7,18.7,69.2,33.6,,,,,"[{'type': {'displayName': 'PassEndY', 'value': 141}, 'value': '33.6'}, {'type': {'displayName': 'Angle', 'value': 213}, 'value': '1.62'}, {'type': {'displayName': 'Length', 'value': 212}, 'value': '10.1'}, {'type': {'displayName': 'Zone', 'value': 56}, 'value': 'Center'}, {'type': {'displayName': 'PassEndX', 'value': 140}, 'value': '69.2'}]",True,,,,,
1910889,FirstHalf,43,19,43,Pass,Successful,1211,Hoffenheim,510234.0,Leon Avdullahu,69.2,33.6,68.7,27.3,,,,,"[{'type': {'displayName': 'PassEndY', 'value': 141}, 'value': '27.3'}, {'type': {'displayName': 'PassEndX', 'value': 140}, 'value': '68.7'}, {'type': {'displayName': 'Zone', 'value': 56}, 'value': 'Center'}, {'type': {'displayName': 'Angle', 'value': 213}, 'value': '4.59'}, {'type': {'displayName': 'Length', 'value': 212}, 'value': '4.3'}]",True,,,,,
1910889,FirstHalf,43,20,43,Pass,Successful,1211,Hoffenheim,75217.0,Andrej Kramaric,68.7,27.3,61.7,47.7,,,,,"[{'type': {'displayName': 'PassEndX', 'value': 140}, 'value': '61.7'}, {'type': {'displayName': 'Zone', 'value': 56}, 'value': 'Center'}, {'type': {'displayName': 'PassEndY', 'value': 141}, 'value': '47.7'}, {'type': {'displayName': 'Length', 'value': 212}, 'value': '15.7'}, {'type': {'displayName': 'Angle', 'value': 213}, 'value': '2.06'}]",True,,,,,
1910889,FirstHalf,43,25,43,Pass,Successful,1211,Hoffenheim,356743.0,Ozan Kabak,65.8,48.1,66.9,71.5,,,,,"[{'type': {'displayName': 'Angle', 'value': 213}, 'value': '1.50'}, {'type': {'displayName': 'PassEndX', 'value': 140}, 'value': '66.9'}, {'type': {'displayName': 'Zone', 'value': 56}, 'value': 'Center'}, {'type': {'displayName': 'Length', 'value': 212}, 'value': '16.0'}, {'type': {'displayName': 'PassEndY', 'value': 141}, 'value': '71.5'}]",True,,,,,
1910889,FirstHalf,43,27,43,Pass,Successful,1211,Hoffenheim,402697.0,Albian Hajdari,66.6,70.0,79.7,91.9,,,,,"[{'type': {'displayName': 'PassEndY', 'value': 141}, 'value': '91.9'}, {'type': {'displayName': 'Length', 'value': 212}, 'value': '20.3'}, {'type': {'displayName': 'Angle', 'value': 213}, 'value': '0.83'}, {'type': {'displayName': 'Zone', 'value': 56}, 'value': 'Left'}, {'type': {'displayName': 'PassEndX', 'value': 140}, 'value': '79.7'}]",True,,,,,
1910889,FirstHalf,43,30,43,Pass,Unsuccessful,1211,Hoffenheim,551965.0,Bazoumana Touré,87.3,90.3,90.7,39.9,,,,,"[{'type': {'displayName': 'Cross', 'value': 2}}, {'type': {'displayName': 'PassEndX', 'value': 140}, 'value': '90.7'}, {'type': {'displayName': 'Length', 'value': 212}, 'value': '34.5'}, {'type': {'displayName': 'Zone', 'value': 56}, 'value': 'Center'}, {'type': {'displayName': 'Chipped', 'value': 155}}, {'type': {'displayName': 'Angle', 'value': 213}, 'value': '4.82'}, {'type': {'displayName': 'PassEndY', 'value': 141}, 'value': '39.9'}, {'type': {'displayName': 'Longball', 'value': 1}}, {'type': {'displayName': 'LeftFoot', 'value': 72}}]",True,,,,,
1910889,FirstHalf,43,32,43,Clearance,Successful,42,Werder Bremen,407284.0,Olivier Deman,4.8,61.8,8.0,100.0,,,,,"[{'type': {'displayName': 'Zone', 'value': 56}, 'value': 'Back'}, {'type': {'displayName': 'PassEndY', 'value': 141}, 'value': '100.0'}, {'type': {'displayName': 'Angle', 'value': 213}, 'value': '1.45'}, {'type': {'displayName': 'Length', 'value': 212}, 'value': '27.3'}, {'type': {'displayName': 'Head', 'value': 15}}, {'type': {'displayName': 'PassEndX', 'value': 140}, 'value': '8.0'}]",True,,,,,
1910889,FirstHalf,43,57,43,Pass,Unsuccessful,1211,Hoffenheim,111372.0,Vladimír Coufal,89.1,0.0,91.6,39.6,,,,,"[{'type': {'displayName': 'PassEndY', 'value': 141}, 'value': '39.6'}, {'type': {'displayName': 'PassEndX', 'value': 140}, 'value': '91.6'}, {'type': {'displayName': 'Length', 'value': 212}, 'value': '27.6'}, {'type': {'displayName': 'Zone', 'value': 56}, 'value': 'Center'}, {'type': {'displayName': 'ThrowIn', 'value': 107}}, {'type': {'displayName': 'Longball', 'value': 1}}, {'type': {'displayName': 'Angle', 'value': 213}, 'value': '1.48'}]",True,,,,,
1910889,FirstHalf,43,59,43,Aerial,Successful,42,Werder Bremen,407284.0,Olivier Deman,8.4,60.4,,,,,,,"[{'type': {'displayName': 'Zone', 'value': 56}, 'value': 'Back'}, {'type': {'displayName': 'OppositeRelatedEvent', 'value': 233}, 'value': '448'}, {'type': {'displayName': 'Defensive', 'value': 285}}]",False,,,,,
1910889,FirstHalf,43,59,43,Aerial,Unsuccessful,1211,Hoffenheim,356743.0,Ozan Kabak,91.6,39.6,,,,,,,"[{'type': {'displayName': 'Zone', 'value': 56}, 'value': 'Center'}, {'type': {'displayName': 'OppositeRelatedEvent', 'value': 233}, 'value': '303'}, {'type': {'displayName': 'Offensive', 'value': 286}}]",False,,,,,
1910889,FirstHalf,43,59,43,BallTouch,Successful,42,Werder Bremen,407284.0,Olivier Deman,8.4,60.4,,,,,,,"[{'type': {'displayName': 'Zone', 'value': 56}, 'value': 'Back'}]",True,,,,,
1910889,FirstHalf,44,1,44,Clearance,Successful,42,Werder Bremen,368176.0,Amos Pieper,6.9,56.4,13.0,87.0,,,,,"[{'type': {'displayName': 'PassEndY', 'value': 141}, 'value': '87.0'}, {'type': {'displayName': 'PassEndX', 'value': 140}, 'value': '13.0'}, {'type': {'displayName': 'Zone', 'value': 56}, 'value': 'Back'}, {'type': {'displayName': 'Length', 'value': 212}, 'value': '21.8'}, {'type': {'displayName': 'Angle', 'value': 213}, 'value': '1.27'}]",True,,,,,
1910889,FirstHalf,44,2,44,Clearance,Successful,42,Werder Bremen,383847.0,Romano Schmid,13.3,87.9,15.3,90.2,,,,,"[{'type': {'displayName': 'Length', 'value': 212}, 'value': '2.6'}, {'type': {'displayName': 'Angle', 'value': 213}, 'value': '0.64'}, {'type': {'displayName': 'Zone', 'value': 56}, 'value': 'Back'}, {'type': {'displayName': 'PassEndX', 'value': 140}, 'value': '15.3'}, {'type': {'displayName': 'Head', 'value': 15}}, {'type': {'displayName': 'PassEndY', 'value': 141}, 'value': '90.2'}]",True,,,,,
1910889,FirstHalf,44,4,44,BallTouch,Successful,1211,Hoffenheim,111372.0,Vladimír Coufal,79.4,14.8,,,,,,,"[{'type': {'displayName': 'Zone', 'value': 56}, 'value': 'Right'}]",True,,,,,
1910889,FirstHalf,44,8,44,Pass,Successful,1211,Hoffenheim,510234.0,Leon Avdullahu,72.6,15.4,70.8,32.8,,,,,"[{'type': {'displayName': 'PassEndX', 'value': 140}, 'value': '70.8'}, {'type': {'displayName': 'PassEndY', 'value': 141}, 'value': '32.8'}, {'type': {'displayName': 'Angle', 'value': 213}, 'value': '1.73'}, {'type': {'displayName': 'Length', 'value': 212}, 'value': '12.0'}, {'type': {'displayName': 'Zone', 'value': 56}, 'value': 'Center'}]",True,,,,,
1910889,FirstHalf,44,10,44,Pass,Successful,1211,Hoffenheim,302588.0,Bernardo,70.5,33.6,70.4,55.0,,,,,"[{'type': {'displayName': 'PassEndX', 'value': 140}, 'value': '70.4'}, {'type': {'displayName': 'PassEndY', 'value': 141}, 'value': '55.0'}, {'type': {'displayName': 'Angle', 'value': 213}, 'value': '1.58'}, {'type': {'displayName': 'Length', 'value': 212}, 'value': '14.6'}, {'type': {'displayName': 'Zone', 'value': 56}, 'value': 'Center'}]",True,,,,,
1910889,FirstHalf,44,12,44,Pass,Successful,1211,Hoffenheim,402697.0,Albian Hajdari,70.3,54.4,75.7,71.1,,,,,"[{'type': {'displayName': 'PassEndX', 'value': 140}, 'value': '75.7'}, {'type': {'displayName': 'Length', 'value': 212}, 'value': '12.7'}, {'type': {'displayName': 'Zone', 'value': 56}, 'value': 'Center'}, {'type': {'displayName': 'PassEndY', 'value': 141}, 'value': '71.1'}, {'type': {'displayName': 'Angle', 'value': 213}, 'value': '1.11'}]",True,,,,,
1910889,FirstHalf,44,14,44,Pass,Successful,1211,Hoffenheim,361878.0,Wouter Burger,75.3,71.7,74.5,82.9,,,,,"[{'type': {'displayName': 'PassEndY', 'value': 141}, 'value': '82.9'}, {'type': {'displayName': 'Length', 'value': 212}, 'value': '7.7'}, {'type': {'displayName': 'Angle', 'value': 213}, 'value': '1.68'}, {'type': {'displayName': 'Zone', 'value': 56}, 'value': 'Left'}, {'type': {'displayName': 'PassEndX', 'value': 140}, 'value': '74.5'}]",True,,,,,
1910889,FirstHalf,44,20,44,Dispossessed,Successful,1211,Hoffenheim,75217.0,Andrej Kramaric,70.4,56.7,,,,,,,"[{'type': {'displayName': 'OppositeRelatedEvent', 'value': 233}, 'value': '307'}, {'type': {'displayName': 'Zone', 'value': 56}, 'value': 'Center'}, {'type': {'displayName': 'Offensive', 'value': 286}}]",True,,,,,
1910889,FirstHalf,44,20,44,Tackle,Unsuccessful,42,Werder Bremen,420405.0,Senne Lynen,29.6,43.3,,,,,,,"[{'type': {'displayName': 'Defensive', 'value': 285}}, {'type': {'displayName': 'OppositeRelatedEvent', 'value': 233}, 'value': '454'}, {'type': {'displayName': 'Zone', 'value': 56}, 'value': 'Back'}, {'type': {'displayName': 'StandingSave', 'value': 178}}]",True,,,,,
1910889,FirstHalf,44,25,44,Pass,Successful,1211,Hoffenheim,302588.0,Bernardo,62.9,47.7,63.7,64.3,,,,,"[{'type': {'displayName': 'Length', 'value': 212}, 'value': '11.3'}, {'type': {'displayName': 'PassEndY', 'value': 141}, 'value': '64.3'}, {'type': {'displayName': 'Angle', 'value': 213}, 'value': '1.50'}, {'type': {'displayName': 'Zone', 'value': 56}, 'value': 'Center'}, {'type': {'displayName': 'PassEndX', 'value': 140}, 'value': '63.7'}]",True,,,,,
1910889,FirstHalf,44,27,44,Pass,Successful,1211,Hoffenheim,402697.0,Albian Hajdari,63.7,64.3,74.2,89.2,,,,,"[{'type': {'displayName': 'Length', 'value': 212}, 'value': '20.2'}, {'type': {'displayName': 'PassEndX', 'value': 140}, 'value': '74.2'}, {'type': {'displayName': 'Angle', 'value': 213}, 'value': '0.99'}, {'type': {'displayName': 'Zone', 'value': 56}, 'value': 'Left'}, {'type': {'displayName': 'PassEndY', 'value': 141}, 'value': '89.2'}]",True,,,,,
1910889,FirstHalf,44,32,44,Pass,Successful,1211,Hoffenheim,551965.0,Bazoumana Touré,74.2,89.2,61.5,81.1,,,,,"[{'type': {'displayName': 'Zone', 'value': 56}, 'value': 'Left'}, {'type': {'displayName': 'Length', 'value': 212}, 'value': '14.4'}, {'type': {'displayName': 'Angle', 'value': 213}, 'value': '3.53'}, {'type': {'displayName': 'PassEndX', 'value': 140}, 'value': '61.5'}, {'type': {'displayName': 'PassEndY', 'value': 141}, 'value': '81.1'}]",True,,,,,
1910889,FirstHalf,44,33,44,Pass,Successful,1211,Hoffenheim,402697.0,Albian Hajdari,62.0,80.2,69.1,53.4,,,,,"[{'type': {'displayName': 'Length', 'value': 212}, 'value': '19.7'}, {'type': {'displayName': 'Angle', 'value': 213}, 'value': '5.10'}, {'type': {'displayName': 'PassEndX', 'value': 140}, 'value': '69.1'}, {'type': {'displayName': 'Zone', 'value': 56}, 'value': 'Center'}, {'type': {'displayName': 'PassEndY', 'value': 141}, 'value': '53.4'}]",True,,,,,
1910889,FirstHalf,44,36,44,Pass,Successful,1211,Hoffenheim,510234.0,Leon Avdullahu,68.4,49.2,76.2,36.7,,,,,"[{'type': {'displayName': 'Zone', 'value': 56}, 'value': 'Center'}, {'type': {'displayName': 'Length', 'value': 212}, 'value': '11.8'}, {'type': {'displayName': 'PassEndY', 'value': 141}, 'value': '36.7'}, {'type': {'displayName': 'Angle', 'value': 213}, 'value': '5.48'}, {'type': {'displayName': 'PassEndX', 'value': 140}, 'value': '76.2'}]",True,,,,,
1910889,FirstHalf,44,37,44,Pass,Successful,1211,Hoffenheim,428426.0,Fisnik Asllani,75.9,36.9,66.1,34.5,,,,,"[{'type': {'displayName': 'Zone', 'value': 56}, 'value': 'Center'}, {'type': {'displayName': 'Length', 'value': 212}, 'value': '10.4'}, {'type': {'displayName': 'PassEndY', 'value': 141}, 'value': '34.5'}, {'type': {'displayName': 'LayOff', 'value': 156}}, {'type': {'displayName': 'Angle', 'value': 213}, 'value': '3.30'}, {'type': {'displayName': 'PassEndX', 'value': 140}, 'value': '66.1'}]",True,,,,,
1910889,FirstHalf,44,39,44,Pass,Successful,1211,Hoffenheim,510234.0,Leon Avdullahu,66.8,34.3,74.7,7.9,,,,,"[{'type': {'displayName': 'Angle', 'value': 213}, 'value': '5.15'}, {'type': {'displayName': 'Zone', 'value': 56}, 'value': 'Right'}, {'type': {'displayName': 'PassEndX', 'value': 140}, 'value': '74.7'}, {'type': {'displayName': 'PassEndY', 'value': 141}, 'value': '7.9'}, {'type': {'displayName': 'Length', 'value': 212}, 'value': '19.8'}]",True,,,,,
1910889,FirstHalf,44,40,44,Pass,Successful,1211,Hoffenheim,111372.0,Vladimír Coufal,74.7,7.9,74.1,14.4,,,,,"[{'type': {'displayName': 'PassEndY', 'value': 141}, 'value': '14.4'}, {'type': {'displayName': 'PassEndX', 'value': 140}, 'value': '74.1'}, {'type': {'displayName': 'Zone', 'value': 56}, 'value': 'Right'}, {'type': {'displayName': 'Length', 'value': 212}, 'value': '4.5'}, {'type': {'displayName': 'Angle', 'value': 213}, 'value': '1.71'}]",True,,,,,
1910889,FirstHalf,44,44,44,Pass,Successful,1211,Hoffenheim,510234.0,Leon Avdullahu,71.9,24.4,69.2,56.1,,,,,"[{'type': {'displayName': 'PassEndY', 'value': 141}, 'value': '56.1'}, {'type': {'displayName': 'Zone', 'value': 56}, 'value': 'Center'}, {'type': {'displayName': 'PassEndX', 'value': 140}, 'value': '69.2'}, {'type': {'displayName': 'Angle', 'value': 213}, 'value': '1.70'}, {'type': {'displayName': 'Length', 'value': 212}, 'value': '21.7'}]",True,,,,,
1910889,FirstHalf,44,46,44,Pass,Successful,1211,Hoffenheim,402697.0,Albian Hajdari,69.5,57.1,82.6,87.4,,,,,"[{'type': {'displayName': 'PassEndX', 'value': 140}, 'value': '82.6'}, {'type': {'displayName': 'Zone', 'value': 56}, 'value': 'Left'}, {'type': {'displayName': 'Length', 'value': 212}, 'value': '24.8'}, {'type': {'displayName': 'PassEndY', 'value': 141}, 'value': '87.4'}, {'type': {'displayName': 'Angle', 'value': 213}, 'value': '0.98'}]",True,,,,,
1910889,FirstHalf,44,54,44,TakeOn,Unsuccessful,1211,Hoffenheim,551965.0,Bazoumana Touré,92.6,78.3,,,,,,,"[{'type': {'displayName': 'Offensive', 'value': 286}}, {'type': {'displayName': 'OppositeRelatedEvent', 'value': 233}, 'value': '308'}, {'type': {'displayName': 'Zone', 'value': 56}, 'value': 'Center'}]",True,,,,,
1910889,FirstHalf,44,54,44,Tackle,Successful,42,Werder Bremen,538407.0,Isaac Schmidt,7.4,21.7,,,,,,,"[{'type': {'displayName': 'Zone', 'value': 56}, 'value': 'Back'}, {'type': {'displayName': 'Defensive', 'value': 285}}, {'type': {'displayName': 'OppositeRelatedEvent', 'value': 233}, 'value': '465'}]",True,,,,,
1910889,FirstHalf,44,55,44,CornerAwarded,Unsuccessful,42,Werder Bremen,538407.0,Isaac Schmidt,2.8,21.6,,,,,,,"[{'type': {'displayName': 'OppositeRelatedEvent', 'value': 233}, 'value': '466'}, {'type': {'displayName': 'Zone', 'value': 56}, 'value': 'Back'}, {'type': {'displayName': 'MissLeft', 'value': 73}}]",False,,,,,
1910889,FirstHalf,44,55,44,CornerAwarded,Successful,1211,Hoffenheim,551965.0,Bazoumana Touré,97.2,78.4,,,,,,,"[{'type': {'displayName': 'Zone', 'value': 56}, 'value': 'Center'}, {'type': {'displayName': 'OppositeRelatedEvent', 'value': 233}, 'value': '309'}, {'type': {'displayName': 'MissLeft', 'value': 73}}]",False,,,,,
1910889,FirstHalf,45,22,45,Pass,Successful,1211,Hoffenheim,75217.0,Andrej Kramaric,99.5,99.5,93.2,66.6,,,,,"[{'type': {'displayName': 'CornerTaken', 'value': 6}}, {'type': {'displayName': 'PassEndY', 'value': 141}, 'value': '66.6'}, {'type': {'displayName': 'Angle', 'value': 213}, 'value': '4.42'}, {'type': {'displayName': 'Zone', 'value': 56}, 'value': 'Center'}, {'type': {'displayName': 'PassEndX', 'value': 140}, 'value': '93.2'}, {'type': {'displayName': 'Length', 'value': 212}, 'value': '23.3'}]",True,,,,,
1910889,FirstHalf,45,23,45,Pass,Unsuccessful,1211,Hoffenheim,428426.0,Fisnik Asllani,93.8,69.0,81.6,63.3,,,,,"[{'type': {'displayName': 'PassEndX', 'value': 140}, 'value': '81.6'}, {'type': {'displayName': 'Zone', 'value': 56}, 'value': 'Center'}, {'type': {'displayName': 'Angle', 'value': 213}, 'value': '3.44'}, {'type': {'displayName': 'Length', 'value': 212}, 'value': '13.4'}, {'type': {'displayName': 'PassEndY', 'value': 141}, 'value': '63.3'}]",True,,,,,
1910889,FirstHalf,45,26,45,Clearance,Successful,42,Werder Bremen,538407.0,Isaac Schmidt,15.7,33.2,44.7,47.6,,,,,"[{'type': {'displayName': 'PassEndY', 'value': 141}, 'value': '47.6'}, {'type': {'displayName': 'Zone', 'value': 56}, 'value': 'Back'}, {'type': {'displayName': 'PassEndX', 'value': 140}, 'value': '44.7'}, {'type': {'displayName': 'Length', 'value': 212}, 'value': '32.0'}, {'type': {'displayName': 'Angle', 'value': 213}, 'value': '0.31'}]",True,,,,,
1910889,FirstHalf,45,32,45,Pass,Successful,1211,Hoffenheim,510234.0,Leon Avdullahu,56.4,51.6,64.7,85.6,,,,,"[{'type': {'displayName': 'Length', 'value': 212}, 'value': '24.7'}, {'type': {'displayName': 'Angle', 'value': 213}, 'value': '1.21'}, {'type': {'displayName': 'Zone', 'value': 56}, 'value': 'Left'}, {'type': {'displayName': 'PassEndY', 'value': 141}, 'value': '85.6'}, {'type': {'displayName': 'PassEndX', 'value': 140}, 'value': '64.7'}]",True,,,,,
1910889,FirstHalf,45,34,45,Pass,Unsuccessful,1211,Hoffenheim,551965.0,Bazoumana Touré,71.7,85.7,90.2,40.5,,,,,"[{'type': {'displayName': 'PassEndY', 'value': 141}, 'value': '40.5'}, {'type': {'displayName': 'Length', 'value': 212}, 'value': '36.4'}, {'type': {'displayName': 'Cross', 'value': 2}}, {'type': {'displayName': 'Longball', 'value': 1}}, {'type': {'displayName': 'Zone', 'value': 56}, 'value': 'Center'}, {'type': {'displayName': 'PassEndX', 'value': 140}, 'value': '90.2'}, {'type': {'displayName': 'Angle', 'value': 213}, 'value': '5.28'}, {'type': {'displayName': 'Chipped', 'value': 155}}, {'type': {'displayName': 'LeftFoot', 'value': 72}}]",True,,,,,
1910889,FirstHalf,45,36,45,Aerial,Successful,42,Werder Bremen,407284.0,Olivier Deman,9.8,59.5,,,,,,,"[{'type': {'displayName': 'Zone', 'value': 56}, 'value': 'Back'}, {'type': {'displayName': 'Defensive', 'value': 285}}, {'type': {'displayName': 'OppositeRelatedEvent', 'value': 233}, 'value': '472'}]",False,,,,,
1910889,FirstHalf,45,36,45,Aerial,Unsuccessful,1211,Hoffenheim,356743.0,Ozan Kabak,90.2,40.5,,,,,,,"[{'type': {'displayName': 'Zone', 'value': 56}, 'value': 'Center'}, {'type': {'displayName': 'OppositeRelatedEvent', 'value': 233}, 'value': '311'}, {'type': {'displayName': 'Offensive', 'value': 286}}]",False,,,,,
1910889,FirstHalf,45,37,45,Clearance,Successful,42,Werder Bremen,407284.0,Olivier Deman,9.8,59.5,9.7,57.6,,,,,"[{'type': {'displayName': 'Angle', 'value': 213}, 'value': '4.63'}, {'type': {'displayName': 'Zone', 'value': 56}, 'value': 'Back'}, {'type': {'displayName': 'Length', 'value': 212}, 'value': '1.3'}, {'type': {'displayName': 'PassEndX', 'value': 140}, 'value': '9.7'}, {'type': {'displayName': 'Head', 'value': 15}}, {'type': {'displayName': 'PassEndY', 'value': 141}, 'value': '57.6'}]",True,,,,,
1910889,FirstHalf,45,38,45,BallTouch,Successful,1211,Hoffenheim,356743.0,Ozan Kabak,89.9,36.9,,,,,,,"[{'type': {'displayName': 'Zone', 'value': 56}, 'value': 'Center'}]",True,,,,,
1910889,FirstHalf,45,41,45,Pass,Successful,1211,Hoffenheim,395001.0,Tim Lemperle,88.8,21.3,81.8,31.5,,,,,"[{'type': {'displayName': 'Zone', 'value': 56}, 'value': 'Center'}, {'type': {'displayName': 'Length', 'value': 212}, 'value': '10.1'}, {'type': {'displayName': 'Angle', 'value': 213}, 'value': '2.39'}, {'type': {'displayName': 'PassEndX', 'value': 140}, 'value': '81.8'}, {'type': {'displayName': 'PassEndY', 'value': 141}, 'value': '31.5'}]",True,,,,,
1910889,FirstHalf,45,43,45,Pass,Unsuccessful,1211,Hoffenheim,302588.0,Bernardo,81.8,31.8,96.7,57.9,,,,,"[{'type': {'displayName': 'Angle', 'value': 213}, 'value': '0.85'}, {'type': {'displayName': 'Length', 'value': 212}, 'value': '23.7'}, {'type': {'displayName': 'PassEndY', 'value': 141}, 'value': '57.9'}, {'type': {'displayName': 'PassEndX', 'value': 140}, 'value': '96.7'}, {'type': {'displayName': 'Zone', 'value': 56}, 'value': 'Center'}, {'type': {'displayName': 'Chipped', 'value': 155}}]",True,,,,,
1910889,FirstHalf,45,45,45,Claim,Successful,42,Werder Bremen,436119.0,Mio Backhaus,3.3,42.1,,,,,,,"[{'type': {'displayName': 'HighClaim', 'value': 88}}, {'type': {'displayName': 'Zone', 'value': 56}, 'value': 'Back'}]",True,,,,,
1910889,FirstHalf,46,1,46,Pass,Unsuccessful,42,Werder Bremen,436119.0,Mio Backhaus,10.1,29.5,52.3,11.5,,,,,"[{'type': {'displayName': 'Length', 'value': 212}, 'value': '46.0'}, {'type': {'displayName': 'Zone', 'value': 56}, 'value': 'Right'}, {'type': {'displayName': 'Longball', 'value': 1}}, {'type': {'displayName': 'Chipped', 'value': 155}}, {'type': {'displayName': 'PassEndX', 'value': 140}, 'value': '52.3'}, {'type': {'displayName': 'PassEndY', 'value': 141}, 'value': '11.5'}, {'type': {'displayName': 'Angle', 'value': 213}, 'value': '6.01'}]",True,,,,,
1910889,FirstHalf,46,3,46,Interception,Successful,1211,Hoffenheim,302588.0,Bernardo,47.7,88.5,,,,,,,"[{'type': {'displayName': 'Zone', 'value': 56}, 'value': 'Back'}, {'type': {'displayName': 'Head', 'value': 15}}]",True,,,,,
1910889,FirstHalf,46,8,46,Pass,Successful,42,Werder Bremen,368176.0,Amos Pieper,20.0,12.8,7.0,46.1,,,,,"[{'type': {'displayName': 'PassEndY', 'value': 141}, 'value': '46.1'}, {'type': {'displayName': 'Zone', 'value': 56}, 'value': 'Back'}, {'type': {'displayName': 'PassEndX', 'value': 140}, 'value': '7.0'}, {'type': {'displayName': 'Angle', 'value': 213}, 'value': '2.11'}, {'type': {'displayName': 'Length', 'value': 212}, 'value': '26.4'}]",True,,,,,
1910889,FirstHalf,46,12,46,Pass,Successful,42,Werder Bremen,436119.0,Mio Backhaus,4.5,57.4,22.7,93.9,,,,,"[{'type': {'displayName': 'PassEndY', 'value': 141}, 'value': '93.9'}, {'type': {'displayName': 'Angle', 'value': 213}, 'value': '0.91'}, {'type': {'displayName': 'Length', 'value': 212}, 'value': '31.3'}, {'type': {'displayName': 'Zone', 'value': 56}, 'value': 'Back'}, {'type': {'displayName': 'PassEndX', 'value': 140}, 'value': '22.7'}]",True,,,,,
1910889,FirstHalf,46,17,46,Pass,Successful,42,Werder Bremen,407284.0,Olivier Deman,16.4,89.5,3.9,77.6,,,,,"[{'type': {'displayName': 'Length', 'value': 212}, 'value': '15.4'}, {'type': {'displayName': 'Zone', 'value': 56}, 'value': 'Back'}, {'type': {'displayName': 'PassEndY', 'value': 141}, 'value': '77.6'}, {'type': {'displayName': 'PassEndX', 'value': 140}, 'value': '3.9'}, {'type': {'displayName': 'Angle', 'value': 213}, 'value': '3.69'}]",True,,,,,
1910889,FirstHalf,46,18,46,Pass,Successful,42,Werder Bremen,436119.0,Mio Backhaus,4.5,75.4,37.4,64.6,,,,,"[{'type': {'displayName': 'PassEndX', 'value': 140}, 'value': '37.4'}, {'type': {'displayName': 'PassEndY', 'value': 141}, 'value': '64.6'}, {'type': {'displayName': 'Angle', 'value': 213}, 'value': '6.07'}, {'type': {'displayName': 'Longball', 'value': 1}}, {'type': {'displayName': 'Zone', 'value': 56}, 'value': 'Back'}, {'type': {'displayName': 'Length', 'value': 212}, 'value': '35.3'}]",True,,,,,
1910889,FirstHalf,46,19,46,Pass,Unsuccessful,42,Werder Bremen,383847.0,Romano Schmid,37.6,64.3,29.5,66.3,,,,,"[{'type': {'displayName': 'Angle', 'value': 213}, 'value': '2.98'}, {'type': {'displayName': 'PassEndY', 'value': 141}, 'value': '66.3'}, {'type': {'displayName': 'PassEndX', 'value': 140}, 'value': '29.5'}, {'type': {'displayName': 'Length', 'value': 212}, 'value': '8.6'}, {'type': {'displayName': 'Zone', 'value': 56}, 'value': 'Back'}]",True,,,,,
1910889,FirstHalf,46,21,46,Interception,Successful,1211,Hoffenheim,428426.0,Fisnik Asllani,70.5,33.7,,,,,,,"[{'type': {'displayName': 'Zone', 'value': 56}, 'value': 'Center'}]",True,,,,,
1910889,FirstHalf,46,22,46,Pass,Successful,1211,Hoffenheim,361878.0,Wouter Burger,67.3,39.6,73.3,40.8,,,,,"[{'type': {'displayName': 'Length', 'value': 212}, 'value': '6.4'}, {'type': {'displayName': 'PassEndX', 'value': 140}, 'value': '73.3'}, {'type': {'displayName': 'Zone', 'value': 56}, 'value': 'Center'}, {'type': {'displayName': 'Angle', 'value': 213}, 'value': '0.13'}, {'type': {'displayName': 'PassEndY', 'value': 141}, 'value': '40.8'}]",True,,,,,
1910889,FirstHalf,46,23,46,BallRecovery,Successful,1211,Hoffenheim,75217.0,Andrej Kramaric,71.7,41.7,,,,,,,[],False,,,,,
1910889,FirstHalf,46,24,46,Pass,Successful,1211,Hoffenheim,75217.0,Andrej Kramaric,73.3,40.8,73.5,52.0,,,,,"[{'type': {'displayName': 'Zone', 'value': 56}, 'value': 'Center'}, {'type': {'displayName': 'PassEndX', 'value': 140}, 'value': '73.5'}, {'type': {'displayName': 'Angle', 'value': 213}, 'value': '1.54'}, {'type': {'displayName': 'PassEndY', 'value': 141}, 'value': '52.0'}, {'type': {'displayName': 'Length', 'value': 212}, 'value': '7.6'}]",True,,,,,
1910889,FirstHalf,46,25,46,Pass,Successful,1211,Hoffenheim,111372.0,Vladimír Coufal,76.8,53.8,85.5,46.0,,,,,"[{'type': {'displayName': 'IntentionalAssist', 'value': 154}}, {'type': {'displayName': 'Throughball', 'value': 4}}, {'type': {'displayName': 'PassEndY', 'value': 141}, 'value': '46.0'}, {'type': {'displayName': 'ShotAssist', 'value': 210}, 'value': '15'}, {'type': {'displayName': 'Length', 'value': 212}, 'value': '10.6'}, {'type': {'displayName': 'Zone', 'value': 56}, 'value': 'Center'}, {'type': {'displayName': 'Angle', 'value': 213}, 'value': '5.76'}, {'type': {'displayName': 'PassEndX', 'value': 140}, 'value': '85.5'}, {'type': {'displayName': 'KeyPass', 'value': 11113}}]",True,,,,,
1910889,FirstHalf,46,26,46,SavedShot,Successful,1211,Hoffenheim,395001.0,Tim Lemperle,85.8,49.1,,,51.3,5.7,97.6,49.6,"[{'type': {'displayName': 'RelatedEventId', 'value': 55}, 'value': '481'}, {'type': {'displayName': 'OppositeRelatedEvent', 'value': 233}, 'value': '320'}, {'type': {'displayName': 'BlockedY', 'value': 147}, 'value': '49.6'}, {'type': {'displayName': 'LeftFoot', 'value': 72}}, {'type': {'displayName': 'BoxCentre', 'value': 17}}, {'type': {'displayName': 'Assisted', 'value': 29}}, {'type': {'displayName': 'GoalMouthZ', 'value': 103}, 'value': '5.7'}, {'type': {'displayName': 'IntentionalAssist', 'value': 154}}, {'type': {'displayName': 'Zone', 'value': 56}, 'value': 'Center'}, {'type': {'displayName': 'GoalMouthY', 'value': 102}, 'value': '51.3'}, {'type': {'displayName': 'BlockedX', 'value': 146}, 'value': '97.6'}, {'type': {'displayName': 'LowCentre', 'value': 78}}, {'type': {'displayName': 'RegularPlay', 'value': 22}}]",True,True,,,481.0,111372.0
1910889,FirstHalf,46,26,46,Save,Successful,42,Werder Bremen,436119.0,Mio Backhaus,3.5,50.7,,,,,,,"[{'type': {'displayName': 'OppositeRelatedEvent', 'value': 233}, 'value': '482'}, {'type': {'displayName': 'Hands', 'value': 182}}, {'type': {'displayName': 'Collected', 'value': 177}}, {'type': {'displayName': 'Zone', 'value': 56}, 'value': 'Back'}, {'type': {'displayName': 'KeeperSaveInTheBox', 'value': 11115}}]",True,,,,,
1910889,FirstHalf,46,28,46,KeeperPickup,Successful,42,Werder Bremen,436119.0,Mio Backhaus,3.5,50.7,,,,,,,[],False,,,,,
1910889,FirstHalf,46,34,46,Pass,Successful,42,Werder Bremen,436119.0,Mio Backhaus,8.1,57.4,22.2,87.7,,,,,"[{'type': {'displayName': 'Angle', 'value': 213}, 'value': '0.95'}, {'type': {'displayName': 'Length', 'value': 212}, 'value': '25.4'}, {'type': {'displayName': 'PassEndX', 'value': 140}, 'value': '22.2'}, {'type': {'displayName': 'Zone', 'value': 56}, 'value': 'Back'}, {'type': {'displayName': 'PassEndY', 'value': 141}, 'value': '87.7'}, {'type': {'displayName': 'KeeperThrow', 'value': 123}}]",True,,,,,
1910889,FirstHalf,46,36,46,Pass,Successful,42,Werder Bremen,383847.0,Romano Schmid,22.3,89.9,46.0,87.5,,,,,"[{'type': {'displayName': 'Zone', 'value': 56}, 'value': 'Back'}, {'type': {'displayName': 'Angle', 'value': 213}, 'value': '6.22'}, {'type': {'displayName': 'Length', 'value': 212}, 'value': '24.9'}, {'type': {'displayName': 'PassEndX', 'value': 140}, 'value': '46.0'}, {'type': {'displayName': 'PassEndY', 'value': 141}, 'value': '87.5'}]",True,,,,,
1910889,FirstHalf,46,39,46,Pass,Successful,42,Werder Bremen,438066.0,Justin Njinmah,43.8,87.5,29.8,91.4,,,,,"[{'type': {'displayName': 'Zone', 'value': 56}, 'value': 'Back'}, {'type': {'displayName': 'PassEndY', 'value': 141}, 'value': '91.4'}, {'type': {'displayName': 'Angle', 'value': 213}, 'value': '2.96'}, {'type': {'displayName': 'PassEndX', 'value': 140}, 'value': '29.8'}, {'type': {'displayName': 'Length', 'value': 212}, 'value': '14.9'}]",True,,,,,
1910889,FirstHalf,46,43,46,Pass,Successful,42,Werder Bremen,431791.0,Cameron Puertas,19.0,89.4,2.5,71.4,,,,,"[{'type': {'displayName': 'Length', 'value': 212}, 'value': '21.2'}, {'type': {'displayName': 'Angle', 'value': 213}, 'value': '3.76'}, {'type': {'displayName': 'PassEndX', 'value': 140}, 'value': '2.5'}, {'type': {'displayName': 'PassEndY', 'value': 141}, 'value': '71.4'}, {'type': {'displayName': 'Zone', 'value': 56}, 'value': 'Back'}]",True,,,,,
1910889,FirstHalf,46,45,46,Pass,Unsuccessful,42,Werder Bremen,436119.0,Mio Backhaus,2.5,71.4,24.1,100.0,,,,,"[{'type': {'displayName': 'Angle', 'value': 213}, 'value': '0.73'}, {'type': {'displayName': 'PassEndX', 'value': 140}, 'value': '24.1'}, {'type': {'displayName': 'Length', 'value': 212}, 'value': '30.6'}, {'type': {'displayName': 'PassEndY', 'value': 141}, 'value': '100.0'}, {'type': {'displayName': 'Longball', 'value': 1}}, {'type': {'displayName': 'Zone', 'value': 56}, 'value': 'Back'}]",True,,,,,
1910889,FirstHalf,46,55,46,Pass,Successful,1211,Hoffenheim,111372.0,Vladimír Coufal,79.5,0.0,85.2,4.5,,,,,"[{'type': {'displayName': 'PassEndY', 'value': 141}, 'value': '4.5'}, {'type': {'displayName': 'Zone', 'value': 56}, 'value': 'Right'}, {'type': {'displayName': 'Angle', 'value': 213}, 'value': '0.54'}, {'type': {'displayName': 'ThrowIn', 'value': 107}}, {'type': {'displayName': 'Length', 'value': 212}, 'value': '7.0'}, {'type': {'displayName': 'PassEndX', 'value': 140}, 'value': '85.2'}]",True,,,,,
1910889,FirstHalf,46,56,46,Pass,Unsuccessful,1211,Hoffenheim,510234.0,Leon Avdullahu,85.6,4.8,79.8,4.5,,,,,"[{'type': {'displayName': 'PassEndX', 'value': 140}, 'value': '79.8'}, {'type': {'displayName': 'Angle', 'value': 213}, 'value': '3.18'}, {'type': {'displayName': 'PassEndY', 'value': 141}, 'value': '4.5'}, {'type': {'displayName': 'Length', 'value': 212}, 'value': '6.1'}, {'type': {'displayName': 'Zone', 'value': 56}, 'value': 'Right'}]",True,,,,,
1910889,FirstHalf,47,0,47,TakeOn,Unsuccessful,42,Werder Bremen,431791.0,Cameron Puertas,16.6,93.8,,,,,,,"[{'type': {'displayName': 'OppositeRelatedEvent', 'value': 233}, 'value': '486'}, {'type': {'displayName': 'Zone', 'value': 56}, 'value': 'Back'}, {'type': {'displayName': 'Defensive', 'value': 285}}]",True,,,,,
1910889,FirstHalf,47,0,47,Tackle,Unsuccessful,1211,Hoffenheim,111372.0,Vladimír Coufal,83.4,6.2,,,,,,,"[{'type': {'displayName': 'OppositeRelatedEvent', 'value': 233}, 'value': '328'}, {'type': {'displayName': 'Zone', 'value': 56}, 'value': 'Right'}, {'type': {'displayName': 'StandingSave', 'value': 178}}, {'type': {'displayName': 'Offensive', 'value': 286}}]",True,,,,,
1910889,FirstHalf,47,1,47,BallRecovery,Successful,42,Werder Bremen,407284.0,Olivier Deman,11.0,72.6,,,,,,,[],False,,,,,
1910889,FirstHalf,47,3,47,Pass,Successful,42,Werder Bremen,407284.0,Olivier Deman,11.0,72.4,23.8,72.9,,,,,"[{'type': {'displayName': 'Zone', 'value': 56}, 'value': 'Back'}, {'type': {'displayName': 'PassEndY', 'value': 141}, 'value': '72.9'}, {'type': {'displayName': 'PassEndX', 'value': 140}, 'value': '23.8'}, {'type': {'displayName': 'Length', 'value': 212}, 'value': '13.4'}, {'type': {'displayName': 'Angle', 'value': 213}, 'value': '0.03'}]",True,,,,,
1910889,FirstHalf,47,5,47,Pass,Successful,42,Werder Bremen,383847.0,Romano Schmid,22.9,72.9,17.1,83.7,,,,,"[{'type': {'displayName': 'Angle', 'value': 213}, 'value': '2.26'}, {'type': {'displayName': 'PassEndY', 'value': 141}, 'value': '83.7'}, {'type': {'displayName': 'Length', 'value': 212}, 'value': '9.5'}, {'type': {'displayName': 'Zone', 'value': 56}, 'value': 'Back'}, {'type': {'displayName': 'PassEndX', 'value': 140}, 'value': '17.1'}]",True,,,,,
1910889,FirstHalf,47,6,47,Pass,Successful,42,Werder Bremen,407284.0,Olivier Deman,20.5,85.8,37.9,97.0,,,,,"[{'type': {'displayName': 'Zone', 'value': 56}, 'value': 'Back'}, {'type': {'displayName': 'PassEndY', 'value': 141}, 'value': '97.0'}, {'type': {'displayName': 'Angle', 'value': 213}, 'value': '0.39'}, {'type': {'displayName': 'PassEndX', 'value': 140}, 'value': '37.9'}, {'type': {'displayName': 'Length', 'value': 212}, 'value': '19.8'}]",True,,,,,
1910889,FirstHalf,47,9,47,Pass,Successful,42,Werder Bremen,431791.0,Cameron Puertas,49.3,93.8,67.4,87.9,,,,,"[{'type': {'displayName': 'PassEndY', 'value': 141}, 'value': '87.9'}, {'type': {'displayName': 'ShotAssist', 'value': 210}, 'value': '15'}, {'type': {'displayName': 'Angle', 'value': 213}, 'value': '6.08'}, {'type': {'displayName': 'Zone', 'value': 56}, 'value': 'Left'}, {'type': {'displayName': 'Length', 'value': 212}, 'value': '19.4'}, {'type': {'displayName': 'PassEndX', 'value': 140}, 'value': '67.4'}, {'type': {'displayName': 'IntentionalAssist', 'value': 154}}, {'type': {'displayName': 'KeyPass', 'value': 11113}}]",True,,,,,
1910889,FirstHalf,47,14,47,SavedShot,Successful,42,Werder Bremen,438066.0,Justin Njinmah,93.0,66.4,,,52.4,19.0,94.3,63.7,"[{'type': {'displayName': 'GoalMouthY', 'value': 102}, 'value': '52.4'}, {'type': {'displayName': 'LowLeft', 'value': 76}}, {'type': {'displayName': 'BoxLeft', 'value': 64}}, {'type': {'displayName': 'RelatedEventId', 'value': 55}, 'value': '334'}, {'type': {'displayName': 'BlockedY', 'value': 147}, 'value': '63.7'}, {'type': {'displayName': 'RightFoot', 'value': 20}}, {'type': {'displayName': 'IntentionalAssist', 'value': 154}}, {'type': {'displayName': 'Blocked', 'value': 82}}, {'type': {'displayName': 'BlockedX', 'value': 146}, 'value': '94.3'}, {'type': {'displayName': 'GoalMouthZ', 'value': 103}, 'value': '19'}, {'type': {'displayName': 'Zone', 'value': 56}, 'value': 'Center'}, {'type': {'displayName': 'FastBreak', 'value': 23}}, {'type': {'displayName': 'Assisted', 'value': 29}}, {'type': {'displayName': 'OppositeRelatedEvent', 'value': 233}, 'value': '488'}]",True,True,,,334.0,431791.0
1910889,FirstHalf,47,14,47,Save,Successful,1211,Hoffenheim,402697.0,Albian Hajdari,5.8,36.6,,,,,,,"[{'type': {'displayName': 'OppositeRelatedEvent', 'value': 233}, 'value': '335'}, {'type': {'displayName': 'OutfielderBlock', 'value': 94}}, {'type': {'displayName': 'Zone', 'value': 56}, 'value': 'Back'}]",True,,,,,
1910889,FirstHalf,47,17,47,Clearance,Successful,1211,Hoffenheim,402697.0,Albian Hajdari,6.5,32.7,9.6,29.8,,,,,"[{'type': {'displayName': 'Zone', 'value': 56}, 'value': 'Back'}, {'type': {'displayName': 'Head', 'value': 15}}, {'type': {'displayName': 'PassEndX', 'value': 140}, 'value': '9.6'}, {'type': {'displayName': 'Length', 'value': 212}, 'value': '3.8'}, {'type': {'displayName': 'Angle', 'value': 213}, 'value': '5.74'}, {'type': {'displayName': 'PassEndY', 'value': 141}, 'value': '29.8'}]",True,,,,,
1910889,FirstHalf,47,19,47,KeeperPickup,Successful,1211,Hoffenheim,77440.0,Oliver Baumann,11.4,30.0,,,,,,,[],False,,,,,
1910889,FirstHalf,47,21,47,Pass,Successful,1211,Hoffenheim,77440.0,Oliver Baumann,11.5,27.6,28.3,15.4,,,,,"[{'type': {'displayName': 'Length', 'value': 212}, 'value': '19.5'}, {'type': {'displayName': 'Zone', 'value': 56}, 'value': 'Back'}, {'type': {'displayName': 'Angle', 'value': 213}, 'value': '5.84'}, {'type': {'displayName': 'PassEndY', 'value': 141}, 'value': '15.4'}, {'type': {'displayName': 'KeeperThrow', 'value': 123}}, {'type': {'displayName': 'PassEndX', 'value': 140}, 'value': '28.3'}]",True,,,,,
1910889,FirstHalf,47,27,47,Pass,Successful,1211,Hoffenheim,111372.0,Vladimír Coufal,41.6,13.0,43.9,28.2,,,,,"[{'type': {'displayName': 'PassEndY', 'value': 141}, 'value': '28.2'}, {'type': {'displayName': 'PassEndX', 'value': 140}, 'value': '43.9'}, {'type': {'displayName': 'Angle', 'value': 213}, 'value': '1.34'}, {'type': {'displayName': 'Length', 'value': 212}, 'value': '10.6'}, {'type': {'displayName': 'Zone', 'value': 56}, 'value': 'Back'}]",True,,,,,
1910889,FirstHalf,47,28,47,Pass,Successful,1211,Hoffenheim,361878.0,Wouter Burger,43.9,28.2,53.9,66.6,,,,,"[{'type': {'displayName': 'Length', 'value': 212}, 'value': '28.1'}, {'type': {'displayName': 'PassEndY', 'value': 141}, 'value': '66.6'}, {'type': {'displayName': 'Zone', 'value': 56}, 'value': 'Center'}, {'type': {'displayName': 'Angle', 'value': 213}, 'value': '1.19'}, {'type': {'displayName': 'PassEndX', 'value': 140}, 'value': '53.9'}]",True,,,,,
1910889,FirstHalf,47,29,47,Pass,Successful,1211,Hoffenheim,75217.0,Andrej Kramaric,53.9,66.6,46.0,81.9,,,,,"[{'type': {'displayName': 'PassEndY', 'value': 141}, 'value': '81.9'}, {'type': {'displayName': 'Length', 'value': 212}, 'value': '13.3'}, {'type': {'displayName': 'Zone', 'value': 56}, 'value': 'Back'}, {'type': {'displayName': 'Angle', 'value': 213}, 'value': '2.24'}, {'type': {'displayName': 'PassEndX', 'value': 140}, 'value': '46.0'}]",True,,,,,
1910889,FirstHalf,47,34,47,Pass,Successful,1211,Hoffenheim,551965.0,Bazoumana Touré,45.9,81.9,56.8,92.8,,,,,"[{'type': {'displayName': 'Zone', 'value': 56}, 'value': 'Left'}, {'type': {'displayName': 'Length', 'value': 212}, 'value': '13.6'}, {'type': {'displayName': 'PassEndY', 'value': 141}, 'value': '92.8'}, {'type': {'displayName': 'PassEndX', 'value': 140}, 'value': '56.8'}, {'type': {'displayName': 'Angle', 'value': 213}, 'value': '0.57'}]",True,,,,,
1910889,FirstHalf,47,40,47,Pass,Successful,1211,Hoffenheim,395001.0,Tim Lemperle,65.9,71.4,64.4,43.0,,,,,"[{'type': {'displayName': 'Angle', 'value': 213}, 'value': '4.63'}, {'type': {'displayName': 'PassEndX', 'value': 140}, 'value': '64.4'}, {'type': {'displayName': 'Zone', 'value': 56}, 'value': 'Center'}, {'type': {'displayName': 'PassEndY', 'value': 141}, 'value': '43.0'}, {'type': {'displayName': 'Length', 'value': 212}, 'value': '19.4'}]",True,,,,,
1910889,FirstHalf,47,44,47,Pass,Successful,1211,Hoffenheim,510234.0,Leon Avdullahu,64.6,43.3,65.7,57.6,,,,,"[{'type': {'displayName': 'Angle', 'value': 213}, 'value': '1.45'}, {'type': {'displayName': 'PassEndY', 'value': 141}, 'value': '57.6'}, {'type': {'displayName': 'PassEndX', 'value': 140}, 'value': '65.7'}, {'type': {'displayName': 'Length', 'value': 212}, 'value': '9.8'}, {'type': {'displayName': 'Zone', 'value': 56}, 'value': 'Center'}]",True,,,,,
1910889,FirstHalf,47,45,47,Pass,Successful,1211,Hoffenheim,428426.0,Fisnik Asllani,65.7,57.6,65.0,42.6,,,,,"[{'type': {'displayName': 'PassEndY', 'value': 141}, 'value': '42.6'}, {'type': {'displayName': 'PassEndX', 'value': 140}, 'value': '65.0'}, {'type': {'displayName': 'Zone', 'value': 56}, 'value': 'Center'}, {'type': {'displayName': 'Length', 'value': 212}, 'value': '10.2'}, {'type': {'displayName': 'Angle', 'value': 213}, 'value': '4.64'}]",True,,,,,
1910889,FirstHalf,47,46,47,Pass,Successful,1211,Hoffenheim,510234.0,Leon Avdullahu,65.6,40.9,74.9,11.2,,,,,"[{'type': {'displayName': 'PassEndX', 'value': 140}, 'value': '74.9'}, {'type': {'displayName': 'Zone', 'value': 56}, 'value': 'Right'}, {'type': {'displayName': 'Length', 'value': 212}, 'value': '22.4'}, {'type': {'displayName': 'Angle', 'value': 213}, 'value': '5.16'}, {'type': {'displayName': 'PassEndY', 'value': 141}, 'value': '11.2'}]",True,,,,,
1910889,FirstHalf,47,52,47,Pass,Successful,1211,Hoffenheim,111372.0,Vladimír Coufal,72.7,19.6,86.8,14.1,,,,,"[{'type': {'displayName': 'Angle', 'value': 213}, 'value': '6.04'}, {'type': {'displayName': 'Zone', 'value': 56}, 'value': 'Right'}, {'type': {'displayName': 'PassEndX', 'value': 140}, 'value': '86.8'}, {'type': {'displayName': 'PassEndY', 'value': 141}, 'value': '14.1'}, {'type': {'displayName': 'Length', 'value': 212}, 'value': '15.3'}]",True,,,,,
1910889,FirstHalf,47,54,47,Pass,Successful,1211,Hoffenheim,75217.0,Andrej Kramaric,86.8,14.1,79.1,11.1,,,,,"[{'type': {'displayName': 'Length', 'value': 212}, 'value': '8.3'}, {'type': {'displayName': 'Angle', 'value': 213}, 'value': '3.39'}, {'type': {'displayName': 'PassEndX', 'value': 140}, 'value': '79.1'}, {'type': {'displayName': 'PassEndY', 'value': 141}, 'value': '11.1'}, {'type': {'displayName': 'Zone', 'value': 56}, 'value': 'Right'}]",True,,,,,
1910889,FirstHalf,47,57,47,Pass,Successful,1211,Hoffenheim,111372.0,Vladimír Coufal,79.1,11.1,87.4,27.9,,,,,"[{'type': {'displayName': 'Length', 'value': 212}, 'value': '14.4'}, {'type': {'displayName': 'Angle', 'value': 213}, 'value': '0.92'}, {'type': {'displayName': 'Zone', 'value': 56}, 'value': 'Center'}, {'type': {'displayName': 'PassEndY', 'value': 141}, 'value': '27.9'}, {'type': {'displayName': 'PassEndX', 'value': 140}, 'value': '87.4'}]",True,,,,,
1910889,FirstHalf,47,59,47,Pass,Successful,1211,Hoffenheim,428426.0,Fisnik Asllani,87.4,27.9,90.0,15.4,,,,,"[{'type': {'displayName': 'PassEndX', 'value': 140}, 'value': '90.0'}, {'type': {'displayName': 'Zone', 'value': 56}, 'value': 'Right'}, {'type': {'displayName': 'PassEndY', 'value': 141}, 'value': '15.4'}, {'type': {'displayName': 'Length', 'value': 212}, 'value': '8.9'}, {'type': {'displayName': 'Angle', 'value': 213}, 'value': '5.02'}]",True,,,,,
1910889,FirstHalf,48,1,48,TakeOn,Unsuccessful,1211,Hoffenheim,75217.0,Andrej Kramaric,90.0,16.2,,,,,,,"[{'type': {'displayName': 'Zone', 'value': 56}, 'value': 'Right'}, {'type': {'displayName': 'Offensive', 'value': 286}}, {'type': {'displayName': 'OverRun', 'value': 211}}]",True,,,,,
1910889,FirstHalf,48,2,48,BallRecovery,Successful,42,Werder Bremen,431791.0,Cameron Puertas,12.7,78.4,,,,,,,[],False,,,,,
1910889,FirstHalf,48,3,48,Pass,Successful,42,Werder Bremen,431791.0,Cameron Puertas,12.4,78.3,13.7,88.9,,,,,"[{'type': {'displayName': 'Angle', 'value': 213}, 'value': '1.38'}, {'type': {'displayName': 'Length', 'value': 212}, 'value': '7.3'}, {'type': {'displayName': 'PassEndY', 'value': 141}, 'value': '88.9'}, {'type': {'displayName': 'Zone', 'value': 56}, 'value': 'Back'}, {'type': {'displayName': 'PassEndX', 'value': 140}, 'value': '13.7'}]",True,,,,,
1910889,FirstHalf,48,5,48,Pass,Unsuccessful,42,Werder Bremen,407284.0,Olivier Deman,13.7,88.9,34.0,89.0,,,,,"[{'type': {'displayName': 'Length', 'value': 212}, 'value': '21.3'}, {'type': {'displayName': 'Zone', 'value': 56}, 'value': 'Back'}, {'type': {'displayName': 'PassEndY', 'value': 141}, 'value': '89.0'}, {'type': {'displayName': 'Chipped', 'value': 155}}, {'type': {'displayName': 'Angle', 'value': 213}, 'value': '0.00'}, {'type': {'displayName': 'PassEndX', 'value': 140}, 'value': '34.0'}]",True,,,,,
1910889,FirstHalf,48,7,48,Pass,Successful,1211,Hoffenheim,356743.0,Ozan Kabak,60.6,18.0,67.1,15.3,,,,,"[{'type': {'displayName': 'Zone', 'value': 56}, 'value': 'Right'}, {'type': {'displayName': 'PassEndX', 'value': 140}, 'value': '67.1'}, {'type': {'displayName': 'Length', 'value': 212}, 'value': '7.1'}, {'type': {'displayName': 'HeadPass', 'value': 3}}, {'type': {'displayName': 'PassEndY', 'value': 141}, 'value': '15.3'}, {'type': {'displayName': 'Angle', 'value': 213}, 'value': '6.02'}]",True,,,,,
1910889,FirstHalf,48,9,48,Pass,Successful,1211,Hoffenheim,510234.0,Leon Avdullahu,66.9,15.4,64.3,11.4,,,,,"[{'type': {'displayName': 'PassEndY', 'value': 141}, 'value': '11.4'}, {'type': {'displayName': 'PassEndX', 'value': 140}, 'value': '64.3'}, {'type': {'displayName': 'Length', 'value': 212}, 'value': '3.9'}, {'type': {'displayName': 'Zone', 'value': 56}, 'value': 'Right'}, {'type': {'displayName': 'Angle', 'value': 213}, 'value': '3.93'}]",True,,,,,
1910889,FirstHalf,48,11,48,BallRecovery,Successful,1211,Hoffenheim,111372.0,Vladimír Coufal,63.7,10.8,,,,,,,[],False,,,,,
1910889,FirstHalf,48,12,48,Pass,Successful,1211,Hoffenheim,111372.0,Vladimír Coufal,63.7,10.8,60.3,15.7,,,,,"[{'type': {'displayName': 'PassEndY', 'value': 141}, 'value': '15.7'}, {'type': {'displayName': 'Zone', 'value': 56}, 'value': 'Right'}, {'type': {'displayName': 'PassEndX', 'value': 140}, 'value': '60.3'}, {'type': {'displayName': 'Angle', 'value': 213}, 'value': '2.39'}, {'type': {'displayName': 'Length', 'value': 212}, 'value': '4.9'}]",True,,,,,
1910889,FirstHalf,48,13,48,Pass,Successful,1211,Hoffenheim,356743.0,Ozan Kabak,60.3,16.0,57.5,34.6,,,,,"[{'type': {'displayName': 'PassEndY', 'value': 141}, 'value': '34.6'}, {'type': {'displayName': 'Length', 'value': 212}, 'value': '13.0'}, {'type': {'displayName': 'Zone', 'value': 56}, 'value': 'Center'}, {'type': {'displayName': 'PassEndX', 'value': 140}, 'value': '57.5'}, {'type': {'displayName': 'Angle', 'value': 213}, 'value': '1.80'}]",True,,,,,
1910889,FirstHalf,48,16,48,Pass,Successful,1211,Hoffenheim,402697.0,Albian Hajdari,57.6,34.6,62.4,51.1,,,,,"[{'type': {'displayName': 'PassEndY', 'value': 141}, 'value': '51.1'}, {'type': {'displayName': 'Angle', 'value': 213}, 'value': '1.15'}, {'type': {'displayName': 'PassEndX', 'value': 140}, 'value': '62.4'}, {'type': {'displayName': 'Length', 'value': 212}, 'value': '12.3'}, {'type': {'displayName': 'Zone', 'value': 56}, 'value': 'Center'}]",True,,,,,
1910889,FirstHalf,48,19,48,Pass,Unsuccessful,1211,Hoffenheim,361878.0,Wouter Burger,65.2,52.2,94.5,34.0,,,,,"[{'type': {'displayName': 'Chipped', 'value': 155}}, {'type': {'displayName': 'Angle', 'value': 213}, 'value': '5.90'}, {'type': {'displayName': 'PassEndY', 'value': 141}, 'value': '34.0'}, {'type': {'displayName': 'Throughball', 'value': 4}}, {'type': {'displayName': 'PassEndX', 'value': 140}, 'value': '94.5'}, {'type': {'displayName': 'Longball', 'value': 1}}, {'type': {'displayName': 'Zone', 'value': 56}, 'value': 'Center'}, {'type': {'displayName': 'Length', 'value': 212}, 'value': '33.2'}]",True,,,,,
1910889,FirstHalf,48,22,48,Claim,Successful,42,Werder Bremen,436119.0,Mio Backhaus,5.5,66.0,,,,,,,"[{'type': {'displayName': 'Zone', 'value': 56}, 'value': 'Back'}, {'type': {'displayName': 'HighClaim', 'value': 88}}]",True,,,,,
1910889,FirstHalf,48,39,48,Pass,Unsuccessful,42,Werder Bremen,436119.0,Mio Backhaus,11.9,56.7,55.2,50.2,,,,,"[{'type': {'displayName': 'Length', 'value': 212}, 'value': '45.7'}, {'type': {'displayName': 'PassEndX', 'value': 140}, 'value': '55.2'}, {'type': {'displayName': 'PassEndY', 'value': 141}, 'value': '50.2'}, {'type': {'displayName': 'Angle', 'value': 213}, 'value': '6.19'}, {'type': {'displayName': 'Longball', 'value': 1}}, {'type': {'displayName': 'Zone', 'value': 56}, 'value': 'Center'}]",True,,,,,
1910889,FirstHalf,48,40,48,BallTouch,Successful,1211,Hoffenheim,402697.0,Albian Hajdari,38.5,71.2,,,,,,,"[{'type': {'displayName': 'Zone', 'value': 56}, 'value': 'Back'}]",True,,,,,
1910889,FirstHalf,48,43,48,Pass,Successful,1211,Hoffenheim,356743.0,Ozan Kabak,42.8,54.9,62.0,68.5,,,,,"[{'type': {'displayName': 'Zone', 'value': 56}, 'value': 'Center'}, {'type': {'displayName': 'Length', 'value': 212}, 'value': '22.2'}, {'type': {'displayName': 'HeadPass', 'value': 3}}, {'type': {'displayName': 'PassEndX', 'value': 140}, 'value': '62.0'}, {'type': {'displayName': 'PassEndY', 'value': 141}, 'value': '68.5'}, {'type': {'displayName': 'Angle', 'value': 213}, 'value': '0.43'}]",True,,,,,
1910889,FirstHalf,48,44,48,Pass,Successful,1211,Hoffenheim,395001.0,Tim Lemperle,62.0,68.5,58.3,70.0,,,,,"[{'type': {'displayName': 'Zone', 'value': 56}, 'value': 'Center'}, {'type': {'displayName': 'PassEndX', 'value': 140}, 'value': '58.3'}, {'type': {'displayName': 'Length', 'value': 212}, 'value': '4.0'}, {'type': {'displayName': 'Angle', 'value': 213}, 'value': '2.88'}, {'type': {'displayName': 'PassEndY', 'value': 141}, 'value': '70.0'}]",True,,,,,
1910889,FirstHalf,48,45,48,BallTouch,Successful,1211,Hoffenheim,428426.0,Fisnik Asllani,58.3,70.2,,,,,,,"[{'type': {'displayName': 'Zone', 'value': 56}, 'value': 'Center'}]",True,,,,,
1910889,FirstHalf,48,46,48,BallRecovery,Successful,1211,Hoffenheim,551965.0,Bazoumana Touré,58.3,70.2,,,,,,,[],False,,,,,
1910889,FirstHalf,48,47,48,TakeOn,Unsuccessful,1211,Hoffenheim,551965.0,Bazoumana Touré,67.3,80.9,,,,,,,"[{'type': {'displayName': 'OppositeRelatedEvent', 'value': 233}, 'value': '344'}, {'type': {'displayName': 'Zone', 'value': 56}, 'value': 'Left'}, {'type': {'displayName': 'Offensive', 'value': 286}}]",True,,,,,
1910889,FirstHalf,48,47,48,Tackle,Successful,42,Werder Bremen,420405.0,Senne Lynen,32.7,19.1,,,,,,,"[{'type': {'displayName': 'StandingSave', 'value': 178}}, {'type': {'displayName': 'OppositeRelatedEvent', 'value': 233}, 'value': '516'}, {'type': {'displayName': 'Defensive', 'value': 285}}, {'type': {'displayName': 'Zone', 'value': 56}, 'value': 'Back'}]",True,,,,,
1910889,FirstHalf,48,54,48,Pass,Successful,1211,Hoffenheim,395001.0,Tim Lemperle,69.4,100.0,65.4,93.0,,,,,"[{'type': {'displayName': 'PassEndX', 'value': 140}, 'value': '65.4'}, {'type': {'displayName': 'Zone', 'value': 56}, 'value': 'Left'}, {'type': {'displayName': 'Length', 'value': 212}, 'value': '6.5'}, {'type': {'displayName': 'ThrowIn', 'value': 107}}, {'type': {'displayName': 'PassEndY', 'value': 141}, 'value': '93.0'}, {'type': {'displayName': 'Angle', 'value': 213}, 'value': '4.01'}]",True,,,,,
1910889,FirstHalf,48,55,48,Pass,Successful,1211,Hoffenheim,302588.0,Bernardo,65.4,92.8,68.4,71.4,,,,,"[{'type': {'displayName': 'PassEndX', 'value': 140}, 'value': '68.4'}, {'type': {'displayName': 'Zone', 'value': 56}, 'value': 'Center'}, {'type': {'displayName': 'Angle', 'value': 213}, 'value': '4.93'}, {'type': {'displayName': 'PassEndY', 'value': 141}, 'value': '71.4'}, {'type': {'displayName': 'Length', 'value': 212}, 'value': '14.9'}]",True,,,,,
1910889,FirstHalf,48,57,48,Pass,Successful,1211,Hoffenheim,428426.0,Fisnik Asllani,68.2,71.1,65.2,82.6,,,,,"[{'type': {'displayName': 'Zone', 'value': 56}, 'value': 'Left'}, {'type': {'displayName': 'Length', 'value': 212}, 'value': '8.4'}, {'type': {'displayName': 'Angle', 'value': 213}, 'value': '1.95'}, {'type': {'displayName': 'PassEndX', 'value': 140}, 'value': '65.2'}, {'type': {'displayName': 'PassEndY', 'value': 141}, 'value': '82.6'}]",True,,,,,
1910889,FirstHalf,49,0,49,Pass,Successful,1211,Hoffenheim,361878.0,Wouter Burger,65.0,82.0,72.7,88.3,,,,,"[{'type': {'displayName': 'PassEndY', 'value': 141}, 'value': '88.3'}, {'type': {'displayName': 'Angle', 'value': 213}, 'value': '0.49'}, {'type': {'displayName': 'Zone', 'value': 56}, 'value': 'Left'}, {'type': {'displayName': 'PassEndX', 'value': 140}, 'value': '72.7'}, {'type': {'displayName': 'Length', 'value': 212}, 'value': '9.1'}]",True,,,,,
1910889,FirstHalf,49,1,49,Pass,Successful,1211,Hoffenheim,395001.0,Tim Lemperle,72.7,88.3,68.1,82.3,,,,,"[{'type': {'displayName': 'Angle', 'value': 213}, 'value': '3.84'}, {'type': {'displayName': 'PassEndX', 'value': 140}, 'value': '68.1'}, {'type': {'displayName': 'Zone', 'value': 56}, 'value': 'Left'}, {'type': {'displayName': 'Length', 'value': 212}, 'value': '6.3'}, {'type': {'displayName': 'PassEndY', 'value': 141}, 'value': '82.3'}]",True,,,,,
1910889,FirstHalf,49,2,49,Pass,Successful,1211,Hoffenheim,361878.0,Wouter Burger,68.7,80.7,91.5,17.5,,,,,"[{'type': {'displayName': 'Chipped', 'value': 155}}, {'type': {'displayName': 'Zone', 'value': 56}, 'value': 'Right'}, {'type': {'displayName': 'PassEndX', 'value': 140}, 'value': '91.5'}, {'type': {'displayName': 'Angle', 'value': 213}, 'value': '5.22'}, {'type': {'displayName': 'Longball', 'value': 1}}, {'type': {'displayName': 'Length', 'value': 212}, 'value': '49.2'}, {'type': {'displayName': 'PassEndY', 'value': 141}, 'value': '17.5'}]",True,,,,,
1910889,FirstHalf,49,5,49,Pass,Unsuccessful,1211,Hoffenheim,111372.0,Vladimír Coufal,91.5,17.5,94.6,49.9,,,,,"[{'type': {'displayName': 'Angle', 'value': 213}, 'value': '1.42'}, {'type': {'displayName': 'Cross', 'value': 2}}, {'type': {'displayName': 'RightFoot', 'value': 20}}, {'type': {'displayName': 'PassEndY', 'value': 141}, 'value': '49.9'}, {'type': {'displayName': 'Length', 'value': 212}, 'value': '22.3'}, {'type': {'displayName': 'Chipped', 'value': 155}}, {'type': {'displayName': 'Zone', 'value': 56}, 'value': 'Center'}, {'type': {'displayName': 'PassEndX', 'value': 140}, 'value': '94.6'}]",True,,,,,
1910889,FirstHalf,49,7,49,Clearance,Successful,42,Werder Bremen,368176.0,Amos Pieper,6.1,50.7,0.0,89.4,,,,,"[{'type': {'displayName': 'PassEndY', 'value': 141}, 'value': '89.4'}, {'type': {'displayName': 'Head', 'value': 15}}, {'type': {'displayName': 'Angle', 'value': 213}, 'value': '1.85'}, {'type': {'displayName': 'Zone', 'value': 56}, 'value': 'Back'}, {'type': {'displayName': 'PassEndX', 'value': 140}, 'value': '0.0'}, {'type': {'displayName': 'Length', 'value': 212}, 'value': '27.4'}]",True,,,,,
1910889,FirstHalf,49,10,49,CornerAwarded,Unsuccessful,42,Werder Bremen,368176.0,Amos Pieper,0.0,84.8,,,,,,,"[{'type': {'displayName': 'OppositeRelatedEvent', 'value': 233}, 'value': '527'}, {'type': {'displayName': 'MissLeft', 'value': 73}}, {'type': {'displayName': 'Zone', 'value': 56}, 'value': 'Back'}]",False,,,,,
1910889,FirstHalf,49,10,49,CornerAwarded,Successful,1211,Hoffenheim,111372.0,Vladimír Coufal,100.0,15.2,,,,,,,"[{'type': {'displayName': 'OppositeRelatedEvent', 'value': 233}, 'value': '347'}, {'type': {'displayName': 'MissRight', 'value': 75}}, {'type': {'displayName': 'Zone', 'value': 56}, 'value': 'Right'}]",False,,,,,
1910889,FirstHalf,49,14,49,End,Successful,42,Werder Bremen,,,0.0,0.0,,,,,,,[],False,,,,,
1910889,FirstHalf,49,14,49,End,Successful,1211,Hoffenheim,,,0.0,0.0,,,,,,,[],False,,,,,
1910889,SecondHalf,45,0,50,Start,Successful,42,Werder Bremen,,,0.0,0.0,,,,,,,[],False,,,,,
1910889,SecondHalf,45,0,50,Start,Successful,1211,Hoffenheim,,,0.0,0.0,,,,,,,[],False,,,,,
1910889,SecondHalf,45,0,50,Pass,Successful,1211,Hoffenheim,395001.0,Tim Lemperle,49.7,50.2,28.7,52.0,,,,,"[{'type': {'displayName': 'Zone', 'value': 56}, 'value': 'Back'}, {'type': {'displayName': 'PassEndX', 'value': 140}, 'value': '28.7'}, {'type': {'displayName': 'Length', 'value': 212}, 'value': '22.1'}, {'type': {'displayName': 'PassEndY', 'value': 141}, 'value': '52.0'}, {'type': {'displayName': 'Angle', 'value': 213}, 'value': '3.09'}]",True,,,,,
1910889,SecondHalf,45,3,50,BallTouch,Successful,1211,Hoffenheim,402697.0,Albian Hajdari,29.8,49.6,,,,,,,"[{'type': {'displayName': 'Zone', 'value': 56}, 'value': 'Back'}]",True,,,,,
1910889,SecondHalf,45,5,50,Pass,Unsuccessful,1211,Hoffenheim,77440.0,Oliver Baumann,30.4,52.0,88.7,22.0,,,,,"[{'type': {'displayName': 'Length', 'value': 212}, 'value': '64.5'}, {'type': {'displayName': 'PassEndY', 'value': 141}, 'value': '22.0'}, {'type': {'displayName': 'Angle', 'value': 213}, 'value': '5.96'}, {'type': {'displayName': 'Longball', 'value': 1}}, {'type': {'displayName': 'PassEndX', 'value': 140}, 'value': '88.7'}, {'type': {'displayName': 'Zone', 'value': 56}, 'value': 'Center'}]",True,,,,,
1910889,SecondHalf,45,8,50,Pass,Successful,42,Werder Bremen,407284.0,Olivier Deman,11.9,73.7,16.2,90.2,,,,,"[{'type': {'displayName': 'Zone', 'value': 56}, 'value': 'Back'}, {'type': {'displayName': 'PassEndY', 'value': 141}, 'value': '90.2'}, {'type': {'displayName': 'HeadPass', 'value': 3}}, {'type': {'displayName': 'Length', 'value': 212}, 'value': '12.1'}, {'type': {'displayName': 'PassEndX', 'value': 140}, 'value': '16.2'}, {'type': {'displayName': 'Angle', 'value': 213}, 'value': '1.19'}]",True,,,,,
1910889,SecondHalf,45,10,50,Pass,Unsuccessful,42,Werder Bremen,383847.0,Romano Schmid,16.5,88.9,48.5,65.0,,,,,"[{'type': {'displayName': 'Longball', 'value': 1}}, {'type': {'displayName': 'Zone', 'value': 56}, 'value': 'Back'}, {'type': {'displayName': 'PassEndX', 'value': 140}, 'value': '48.5'}, {'type': {'displayName': 'Angle', 'value': 213}, 'value': '5.83'}, {'type': {'displayName': 'Length', 'value': 212}, 'value': '37.3'}, {'type': {'displayName': 'PassEndY', 'value': 141}, 'value': '65.0'}]",True,,,,,
1910889,SecondHalf,45,13,50,Interception,Successful,1211,Hoffenheim,302588.0,Bernardo,51.5,35.0,,,,,,,"[{'type': {'displayName': 'Head', 'value': 15}}, {'type': {'displayName': 'Zone', 'value': 56}, 'value': 'Center'}]",True,,,,,
1910889,SecondHalf,45,16,50,Pass,Successful,1211,Hoffenheim,510234.0,Leon Avdullahu,63.5,36.9,60.5,54.3,,,,,"[{'type': {'displayName': 'Angle', 'value': 213}, 'value': '1.83'}, {'type': {'displayName': 'PassEndX', 'value': 140}, 'value': '60.5'}, {'type': {'displayName': 'Length', 'value': 212}, 'value': '12.2'}, {'type': {'displayName': 'PassEndY', 'value': 141}, 'value': '54.3'}, {'type': {'displayName': 'Zone', 'value': 56}, 'value': 'Center'}]",True,,,,,
1910889,SecondHalf,45,17,50,Pass,Successful,1211,Hoffenheim,551965.0,Bazoumana Touré,60.5,54.3,38.8,45.6,,,,,"[{'type': {'displayName': 'Zone', 'value': 56}, 'value': 'Back'}, {'type': {'displayName': 'Length', 'value': 212}, 'value': '23.5'}, {'type': {'displayName': 'Angle', 'value': 213}, 'value': '3.40'}, {'type': {'displayName': 'PassEndY', 'value': 141}, 'value': '45.6'}, {'type': {'displayName': 'PassEndX', 'value': 140}, 'value': '38.8'}]",True,,,,,
1910889,SecondHalf,45,18,50,Pass,Successful,1211,Hoffenheim,302588.0,Bernardo,39.7,45.6,48.1,11.7,,,,,"[{'type': {'displayName': 'Length', 'value': 212}, 'value': '24.7'}, {'type': {'displayName': 'PassEndX', 'value': 140}, 'value': '48.1'}, {'type': {'displayName': 'Zone', 'value': 56}, 'value': 'Back'}, {'type': {'displayName': 'Angle', 'value': 213}, 'value': '5.08'}, {'type': {'displayName': 'PassEndY', 'value': 141}, 'value': '11.7'}]",True,,,,,
1910889,SecondHalf,45,27,50,Pass,Successful,1211,Hoffenheim,111372.0,Vladimír Coufal,63.9,5.2,60.6,30.1,,,,,"[{'type': {'displayName': 'Length', 'value': 212}, 'value': '17.3'}, {'type': {'displayName': 'PassEndY', 'value': 141}, 'value': '30.1'}, {'type': {'displayName': 'Angle', 'value': 213}, 'value': '1.77'}, {'type': {'displayName': 'PassEndX', 'value': 140}, 'value': '60.6'}, {'type': {'displayName': 'Zone', 'value': 56}, 'value': 'Center'}]",True,,,,,
1910889,SecondHalf,45,29,50,Pass,Successful,1211,Hoffenheim,510234.0,Leon Avdullahu,61.0,31.6,57.4,65.4,,,,,"[{'type': {'displayName': 'PassEndY', 'value': 141}, 'value': '65.4'}, {'type': {'displayName': 'Angle', 'value': 213}, 'value': '1.73'}, {'type': {'displayName': 'PassEndX', 'value': 140}, 'value': '57.4'}, {'type': {'displayName': 'Zone', 'value': 56}, 'value': 'Center'}, {'type': {'displayName': 'Length', 'value': 212}, 'value': '23.3'}]",True,,,,,
1910889,SecondHalf,45,32,50,Pass,Successful,1211,Hoffenheim,302588.0,Bernardo,57.8,65.4,71.0,95.2,,,,,"[{'type': {'displayName': 'PassEndX', 'value': 140}, 'value': '71.0'}, {'type': {'displayName': 'Zone', 'value': 56}, 'value': 'Left'}, {'type': {'displayName': 'Length', 'value': 212}, 'value': '24.6'}, {'type': {'displayName': 'PassEndY', 'value': 141}, 'value': '95.2'}, {'type': {'displayName': 'Angle', 'value': 213}, 'value': '0.97'}]",True,,,,,
1910889,SecondHalf,45,36,50,Pass,Successful,1211,Hoffenheim,551965.0,Bazoumana Touré,73.9,90.1,62.5,72.6,,,,,"[{'type': {'displayName': 'Angle', 'value': 213}, 'value': '3.92'}, {'type': {'displayName': 'PassEndX', 'value': 140}, 'value': '62.5'}, {'type': {'displayName': 'Length', 'value': 212}, 'value': '16.9'}, {'type': {'displayName': 'Zone', 'value': 56}, 'value': 'Center'}, {'type': {'displayName': 'PassEndY', 'value': 141}, 'value': '72.6'}]",True,,,,,
1910889,SecondHalf,45,38,50,Pass,Successful,1211,Hoffenheim,302588.0,Bernardo,62.5,72.6,62.8,39.1,,,,,"[{'type': {'displayName': 'Angle', 'value': 213}, 'value': '4.73'}, {'type': {'displayName': 'Length', 'value': 212}, 'value': '22.8'}, {'type': {'displayName': 'PassEndX', 'value': 140}, 'value': '62.8'}, {'type': {'displayName': 'Zone', 'value': 56}, 'value': 'Center'}, {'type': {'displayName': 'PassEndY', 'value': 141}, 'value': '39.1'}]",True,,,,,
1910889,SecondHalf,45,41,50,Pass,Successful,1211,Hoffenheim,356743.0,Ozan Kabak,63.7,37.6,75.4,5.1,,,,,"[{'type': {'displayName': 'Length', 'value': 212}, 'value': '25.3'}, {'type': {'displayName': 'Zone', 'value': 56}, 'value': 'Right'}, {'type': {'displayName': 'PassEndY', 'value': 141}, 'value': '5.1'}, {'type': {'displayName': 'PassEndX', 'value': 140}, 'value': '75.4'}, {'type': {'displayName': 'Angle', 'value': 213}, 'value': '5.22'}]",True,,,,,
1910889,SecondHalf,45,44,50,Pass,Successful,1211,Hoffenheim,111372.0,Vladimír Coufal,73.7,6.1,65.4,28.0,,,,,"[{'type': {'displayName': 'PassEndX', 'value': 140}, 'value': '65.4'}, {'type': {'displayName': 'PassEndY', 'value': 141}, 'value': '28.0'}, {'type': {'displayName': 'Angle', 'value': 213}, 'value': '2.10'}, {'type': {'displayName': 'Zone', 'value': 56}, 'value': 'Center'}, {'type': {'displayName': 'Length', 'value': 212}, 'value': '17.3'}]",True,,,,,
1910889,SecondHalf,45,48,50,Pass,Successful,1211,Hoffenheim,356743.0,Ozan Kabak,65.3,26.5,82.6,6.1,,,,,"[{'type': {'displayName': 'PassEndY', 'value': 141}, 'value': '6.1'}, {'type': {'displayName': 'PassEndX', 'value': 140}, 'value': '82.6'}, {'type': {'displayName': 'Angle', 'value': 213}, 'value': '5.63'}, {'type': {'displayName': 'Zone', 'value': 56}, 'value': 'Right'}, {'type': {'displayName': 'Length', 'value': 212}, 'value': '22.9'}]",True,,,,,
1910889,SecondHalf,45,50,50,Pass,Successful,1211,Hoffenheim,111372.0,Vladimír Coufal,82.6,6.4,92.4,52.4,,,,,"[{'type': {'displayName': 'IntentionalAssist', 'value': 154}}, {'type': {'displayName': 'PassEndY', 'value': 141}, 'value': '52.4'}, {'type': {'displayName': 'Angle', 'value': 213}, 'value': '1.25'}, {'type': {'displayName': 'RightFoot', 'value': 20}}, {'type': {'displayName': 'Chipped', 'value': 155}}, {'type': {'displayName': 'Longball', 'value': 1}}, {'type': {'displayName': 'Length', 'value': 212}, 'value': '32.9'}, {'type': {'displayName': 'Cross', 'value': 2}}, {'type': {'displayName': 'ShotAssist', 'value': 210}, 'value': '13'}, {'type': {'displayName': 'Zone', 'value': 56}, 'value': 'Center'}, {'type': {'displayName': 'PassEndX', 'value': 140}, 'value': '92.4'}, {'type': {'displayName': 'BigChanceCreated', 'value': 11112}}, {'type': {'displayName': 'KeyPass', 'value': 11113}}]",True,,,,,
1910889,SecondHalf,45,52,50,MissedShots,Successful,1211,Hoffenheim,395001.0,Tim Lemperle,92.4,52.4,,,58.0,15.3,,,"[{'type': {'displayName': 'RegularPlay', 'value': 22}}, {'type': {'displayName': 'GoalMouthY', 'value': 102}, 'value': '58.0'}, {'type': {'displayName': 'BigChance', 'value': 214}}, {'type': {'displayName': 'RelatedEventId', 'value': 55}, 'value': '547'}, {'type': {'displayName': 'BoxCentre', 'value': 17}}, {'type': {'displayName': 'Assisted', 'value': 29}}, {'type': {'displayName': 'GoalMouthZ', 'value': 103}, 'value': '15.3'}, {'type': {'displayName': 'Zone', 'value': 56}, 'value': 'Center'}, {'type': {'displayName': 'Head', 'value': 15}}, {'type': {'displayName': 'IntentionalAssist', 'value': 154}}, {'type': {'displayName': 'FirstTouch', 'value': 328}}]",True,True,,,547.0,111372.0
1910889,SecondHalf,46,48,51,Pass,Successful,42,Werder Bremen,436119.0,Mio Backhaus,4.2,45.1,54.9,3.9,,,,,"[{'type': {'displayName': 'Longball', 'value': 1}}, {'type': {'displayName': 'PassEndX', 'value': 140}, 'value': '54.9'}, {'type': {'displayName': 'Zone', 'value': 56}, 'value': 'Right'}, {'type': {'displayName': 'GoalKick', 'value': 124}}, {'type': {'displayName': 'Length', 'value': 212}, 'value': '60.2'}, {'type': {'displayName': 'Angle', 'value': 213}, 'value': '5.80'}, {'type': {'displayName': 'MissHigh', 'value': 74}}, {'type': {'displayName': 'PassEndY', 'value': 141}, 'value': '3.9'}, {'type': {'displayName': 'Chipped', 'value': 155}}]",True,,,,,
1910889,SecondHalf,46,49,51,BallTouch,Successful,42,Werder Bremen,377280.0,Jens Stage,54.9,3.9,,,,,,,"[{'type': {'displayName': 'Zone', 'value': 56}, 'value': 'Right'}]",True,,,,,
1910889,SecondHalf,46,52,51,Pass,Successful,1211,Hoffenheim,361878.0,Wouter Burger,45.4,90.1,32.1,93.9,,,,,"[{'type': {'displayName': 'PassEndY', 'value': 141}, 'value': '93.9'}, {'type': {'displayName': 'Zone', 'value': 56}, 'value': 'Back'}, {'type': {'displayName': 'PassEndX', 'value': 140}, 'value': '32.1'}, {'type': {'displayName': 'Length', 'value': 212}, 'value': '14.2'}, {'type': {'displayName': 'Angle', 'value': 213}, 'value': '2.96'}]",True,,,,,
1910889,SecondHalf,46,53,51,BallRecovery,Successful,1211,Hoffenheim,302588.0,Bernardo,32.1,93.9,,,,,,,[],False,,,,,
1910889,SecondHalf,46,54,51,Pass,Successful,1211,Hoffenheim,302588.0,Bernardo,32.1,93.9,27.5,85.8,,,,,"[{'type': {'displayName': 'PassEndY', 'value': 141}, 'value': '85.8'}, {'type': {'displayName': 'Angle', 'value': 213}, 'value': '3.99'}, {'type': {'displayName': 'Length', 'value': 212}, 'value': '7.3'}, {'type': {'displayName': 'Zone', 'value': 56}, 'value': 'Back'}, {'type': {'displayName': 'PassEndX', 'value': 140}, 'value': '27.5'}]",True,,,,,
1910889,SecondHalf,46,55,51,Pass,Successful,1211,Hoffenheim,402697.0,Albian Hajdari,27.5,85.8,38.7,89.2,,,,,"[{'type': {'displayName': 'PassEndX', 'value': 140}, 'value': '38.7'}, {'type': {'displayName': 'Zone', 'value': 56}, 'value': 'Back'}, {'type': {'displayName': 'PassEndY', 'value': 141}, 'value': '89.2'}, {'type': {'displayName': 'Length', 'value': 212}, 'value': '12.0'}, {'type': {'displayName': 'Angle', 'value': 213}, 'value': '0.19'}]",True,,,,,
1910889,SecondHalf,46,56,51,Pass,Successful,1211,Hoffenheim,361878.0,Wouter Burger,38.7,89.1,34.6,94.6,,,,,"[{'type': {'displayName': 'PassEndX', 'value': 140}, 'value': '34.6'}, {'type': {'displayName': 'Zone', 'value': 56}, 'value': 'Back'}, {'type': {'displayName': 'Length', 'value': 212}, 'value': '5.7'}, {'type': {'displayName': 'PassEndY', 'value': 141}, 'value': '94.6'}, {'type': {'displayName': 'Angle', 'value': 213}, 'value': '2.43'}]",True,,,,,
1910889,SecondHalf,46,58,51,Pass,Unsuccessful,1211,Hoffenheim,302588.0,Bernardo,34.6,94.6,62.7,63.4,,,,,"[{'type': {'displayName': 'Angle', 'value': 213}, 'value': '5.66'}, {'type': {'displayName': 'PassEndX', 'value': 140}, 'value': '62.7'}, {'type': {'displayName': 'Zone', 'value': 56}, 'value': 'Center'}, {'type': {'displayName': 'Length', 'value': 212}, 'value': '36.3'}, {'type': {'displayName': 'PassEndY', 'value': 141}, 'value': '63.4'}, {'type': {'displayName': 'Chipped', 'value': 155}}, {'type': {'displayName': 'Longball', 'value': 1}}]",True,,,,,
1910889,SecondHalf,47,2,52,BallRecovery,Successful,42,Werder Bremen,333227.0,Marco Friedl,38.3,41.4,,,,,,,[],False,,,,,
1910889,SecondHalf,47,3,52,Pass,Successful,42,Werder Bremen,333227.0,Marco Friedl,37.8,42.4,34.7,61.3,,,,,"[{'type': {'displayName': 'PassEndY', 'value': 141}, 'value': '61.3'}, {'type': {'displayName': 'PassEndX', 'value': 140}, 'value': '34.7'}, {'type': {'displayName': 'Angle', 'value': 213}, 'value': '1.82'}, {'type': {'displayName': 'Length', 'value': 212}, 'value': '13.3'}, {'type': {'displayName': 'Zone', 'value': 56}, 'value': 'Back'}]",True,,,,,
1910889,SecondHalf,47,4,52,Pass,Successful,42,Werder Bremen,407284.0,Olivier Deman,32.9,59.8,15.1,43.1,,,,,"[{'type': {'displayName': 'PassEndX', 'value': 140}, 'value': '15.1'}, {'type': {'displayName': 'PassEndY', 'value': 141}, 'value': '43.1'}, {'type': {'displayName': 'Angle', 'value': 213}, 'value': '3.69'}, {'type': {'displayName': 'Length', 'value': 212}, 'value': '21.9'}, {'type': {'displayName': 'Zone', 'value': 56}, 'value': 'Back'}]",True,,,,,
1910889,SecondHalf,47,6,52,Pass,Successful,42,Werder Bremen,436119.0,Mio Backhaus,15.1,43.1,18.5,7.6,,,,,"[{'type': {'displayName': 'PassEndY', 'value': 141}, 'value': '7.6'}, {'type': {'displayName': 'PassEndX', 'value': 140}, 'value': '18.5'}, {'type': {'displayName': 'Length', 'value': 212}, 'value': '24.4'}, {'type': {'displayName': 'Zone', 'value': 56}, 'value': 'Back'}, {'type': {'displayName': 'Angle', 'value': 213}, 'value': '4.86'}]",True,,,,,
1910889,SecondHalf,47,8,52,Pass,Unsuccessful,42,Werder Bremen,368176.0,Amos Pieper,18.2,7.4,63.6,28.6,,,,,"[{'type': {'displayName': 'PassEndX', 'value': 140}, 'value': '63.6'}, {'type': {'displayName': 'Angle', 'value': 213}, 'value': '0.29'}, {'type': {'displayName': 'Chipped', 'value': 155}}, {'type': {'displayName': 'Length', 'value': 212}, 'value': '49.8'}, {'type': {'displayName': 'PassEndY', 'value': 141}, 'value': '28.6'}, {'type': {'displayName': 'Longball', 'value': 1}}, {'type': {'displayName': 'Zone', 'value': 56}, 'value': 'Center'}]",True,,,,,
1910889,SecondHalf,47,12,52,BallRecovery,Successful,1211,Hoffenheim,402697.0,Albian Hajdari,37.0,71.7,,,,,,,[],False,,,,,
1910889,SecondHalf,47,13,52,Pass,Successful,1211,Hoffenheim,402697.0,Albian Hajdari,36.5,71.7,38.3,46.0,,,,,"[{'type': {'displayName': 'Angle', 'value': 213}, 'value': '4.82'}, {'type': {'displayName': 'Length', 'value': 212}, 'value': '17.6'}, {'type': {'displayName': 'Zone', 'value': 56}, 'value': 'Back'}, {'type': {'displayName': 'PassEndX', 'value': 140}, 'value': '38.3'}, {'type': {'displayName': 'PassEndY', 'value': 141}, 'value': '46.0'}]",True,,,,,
1910889,SecondHalf,47,19,52,Pass,Successful,1211,Hoffenheim,356743.0,Ozan Kabak,46.4,40.3,75.0,85.2,,,,,"[{'type': {'displayName': 'Zone', 'value': 56}, 'value': 'Left'}, {'type': {'displayName': 'PassEndY', 'value': 141}, 'value': '85.2'}, {'type': {'displayName': 'Longball', 'value': 1}}, {'type': {'displayName': 'Chipped', 'value': 155}}, {'type': {'displayName': 'Angle', 'value': 213}, 'value': '0.79'}, {'type': {'displayName': 'PassEndX', 'value': 140}, 'value': '75.0'}, {'type': {'displayName': 'Length', 'value': 212}, 'value': '42.8'}]",True,,,,,
1910889,SecondHalf,47,20,52,Aerial,Successful,1211,Hoffenheim,551965.0,Bazoumana Touré,75.0,85.2,,,,,,,"[{'type': {'displayName': 'OppositeRelatedEvent', 'value': 233}, 'value': '362'}, {'type': {'displayName': 'Zone', 'value': 56}, 'value': 'Left'}, {'type': {'displayName': 'Offensive', 'value': 286}}]",False,,,,,
1910889,SecondHalf,47,20,52,Aerial,Unsuccessful,42,Werder Bremen,538407.0,Isaac Schmidt,25.0,14.8,,,,,,,"[{'type': {'displayName': 'Zone', 'value': 56}, 'value': 'Back'}, {'type': {'displayName': 'OppositeRelatedEvent', 'value': 233}, 'value': '559'}, {'type': {'displayName': 'Defensive', 'value': 285}}]",False,,,,,
1910889,SecondHalf,47,20,52,Pass,Unsuccessful,1211,Hoffenheim,551965.0,Bazoumana Touré,75.0,85.2,74.9,71.4,,,,,"[{'type': {'displayName': 'PassEndX', 'value': 140}, 'value': '74.9'}, {'type': {'displayName': 'Angle', 'value': 213}, 'value': '4.70'}, {'type': {'displayName': 'Zone', 'value': 56}, 'value': 'Center'}, {'type': {'displayName': 'PassEndY', 'value': 141}, 'value': '71.4'}, {'type': {'displayName': 'HeadPass', 'value': 3}}, {'type': {'displayName': 'Length', 'value': 212}, 'value': '9.4'}]",True,,,,,
1910889,SecondHalf,47,22,52,BallRecovery,Successful,42,Werder Bremen,420405.0,Senne Lynen,26.8,24.8,,,,,,,[],False,,,,,
1910889,SecondHalf,47,23,52,Pass,Successful,42,Werder Bremen,420405.0,Senne Lynen,25.3,24.9,32.7,24.9,,,,,"[{'type': {'displayName': 'PassEndX', 'value': 140}, 'value': '32.7'}, {'type': {'displayName': 'Zone', 'value': 56}, 'value': 'Back'}, {'type': {'displayName': 'Length', 'value': 212}, 'value': '7.8'}, {'type': {'displayName': 'PassEndY', 'value': 141}, 'value': '24.9'}, {'type': {'displayName': 'Angle', 'value': 213}, 'value': '0.00'}]",True,,,,,
1910889,SecondHalf,47,25,52,Pass,Successful,42,Werder Bremen,377280.0,Jens Stage,33.3,26.1,30.0,29.5,,,,,"[{'type': {'displayName': 'Length', 'value': 212}, 'value': '4.2'}, {'type': {'displayName': 'PassEndX', 'value': 140}, 'value': '30.0'}, {'type': {'displayName': 'PassEndY', 'value': 141}, 'value': '29.5'}, {'type': {'displayName': 'LayOff', 'value': 156}}, {'type': {'displayName': 'Angle', 'value': 213}, 'value': '2.55'}, {'type': {'displayName': 'Zone', 'value': 56}, 'value': 'Back'}]",True,,,,,
1910889,SecondHalf,47,27,52,Pass,Successful,42,Werder Bremen,420405.0,Senne Lynen,33.4,34.2,39.8,57.2,,,,,"[{'type': {'displayName': 'Zone', 'value': 56}, 'value': 'Back'}, {'type': {'displayName': 'Angle', 'value': 213}, 'value': '1.16'}, {'type': {'displayName': 'Length', 'value': 212}, 'value': '17.0'}, {'type': {'displayName': 'PassEndX', 'value': 140}, 'value': '39.8'}, {'type': {'displayName': 'PassEndY', 'value': 141}, 'value': '57.2'}]",True,,,,,
1910889,SecondHalf,47,30,52,Pass,Successful,42,Werder Bremen,431791.0,Cameron Puertas,39.8,57.4,61.7,11.1,,,,,"[{'type': {'displayName': 'PassEndX', 'value': 140}, 'value': '61.7'}, {'type': {'displayName': 'Zone', 'value': 56}, 'value': 'Right'}, {'type': {'displayName': 'PassEndY', 'value': 141}, 'value': '11.1'}, {'type': {'displayName': 'Chipped', 'value': 155}}, {'type': {'displayName': 'Angle', 'value': 213}, 'value': '5.34'}, {'type': {'displayName': 'Longball', 'value': 1}}, {'type': {'displayName': 'Length', 'value': 212}, 'value': '39.0'}]",True,,,,,
1910889,SecondHalf,47,33,52,Pass,Successful,42,Werder Bremen,538407.0,Isaac Schmidt,64.2,16.8,67.1,26.1,,,,,"[{'type': {'displayName': 'PassEndY', 'value': 141}, 'value': '26.1'}, {'type': {'displayName': 'PassEndX', 'value': 140}, 'value': '67.1'}, {'type': {'displayName': 'Length', 'value': 212}, 'value': '7.0'}, {'type': {'displayName': 'Angle', 'value': 213}, 'value': '1.12'}, {'type': {'displayName': 'Zone', 'value': 56}, 'value': 'Center'}]",True,,,,,
1910889,SecondHalf,47,34,52,Pass,Successful,42,Werder Bremen,377280.0,Jens Stage,68.3,25.4,79.8,11.0,,,,,"[{'type': {'displayName': 'Length', 'value': 212}, 'value': '15.5'}, {'type': {'displayName': 'Angle', 'value': 213}, 'value': '5.60'}, {'type': {'displayName': 'PassEndY', 'value': 141}, 'value': '11.0'}, {'type': {'displayName': 'Zone', 'value': 56}, 'value': 'Right'}, {'type': {'displayName': 'PassEndX', 'value': 140}, 'value': '79.8'}]",True,,,,,
1910889,SecondHalf,47,39,52,Pass,Unsuccessful,42,Werder Bremen,538407.0,Isaac Schmidt,86.4,23.4,79.1,30.3,,,,,"[{'type': {'displayName': 'Angle', 'value': 213}, 'value': '2.59'}, {'type': {'displayName': 'Length', 'value': 212}, 'value': '9.0'}, {'type': {'displayName': 'PassEndX', 'value': 140}, 'value': '79.1'}, {'type': {'displayName': 'Zone', 'value': 56}, 'value': 'Center'}, {'type': {'displayName': 'PassEndY', 'value': 141}, 'value': '30.3'}]",True,,,,,
1910889,SecondHalf,47,41,52,Pass,Successful,1211,Hoffenheim,428426.0,Fisnik Asllani,26.4,68.8,23.1,72.3,,,,,"[{'type': {'displayName': 'Angle', 'value': 213}, 'value': '2.54'}, {'type': {'displayName': 'Length', 'value': 212}, 'value': '4.2'}, {'type': {'displayName': 'PassEndY', 'value': 141}, 'value': '72.3'}, {'type': {'displayName': 'Zone', 'value': 56}, 'value': 'Back'}, {'type': {'displayName': 'PassEndX', 'value': 140}, 'value': '23.1'}]",True,,,,,
1910889,SecondHalf,47,42,52,BallRecovery,Successful,1211,Hoffenheim,361878.0,Wouter Burger,23.1,72.7,,,,,,,[],False,,,,,
1910889,SecondHalf,47,43,52,Pass,Successful,1211,Hoffenheim,361878.0,Wouter Burger,23.1,72.7,32.2,79.9,,,,,"[{'type': {'displayName': 'Angle', 'value': 213}, 'value': '0.47'}, {'type': {'displayName': 'PassEndX', 'value': 140}, 'value': '32.2'}, {'type': {'displayName': 'PassEndY', 'value': 141}, 'value': '79.9'}, {'type': {'displayName': 'Length', 'value': 212}, 'value': '10.7'}, {'type': {'displayName': 'Zone', 'value': 56}, 'value': 'Back'}]",True,,,,,
1910889,SecondHalf,47,45,52,Pass,Successful,1211,Hoffenheim,428426.0,Fisnik Asllani,32.2,79.9,24.4,83.2,,,,,"[{'type': {'displayName': 'Zone', 'value': 56}, 'value': 'Back'}, {'type': {'displayName': 'PassEndY', 'value': 141}, 'value': '83.2'}, {'type': {'displayName': 'Angle', 'value': 213}, 'value': '2.87'}, {'type': {'displayName': 'PassEndX', 'value': 140}, 'value': '24.4'}, {'type': {'displayName': 'Length', 'value': 212}, 'value': '8.5'}]",True,,,,,
1910889,SecondHalf,47,46,52,Pass,Unsuccessful,1211,Hoffenheim,302588.0,Bernardo,24.3,83.2,73.8,58.6,,,,,"[{'type': {'displayName': 'Angle', 'value': 213}, 'value': '5.97'}, {'type': {'displayName': 'PassEndY', 'value': 141}, 'value': '58.6'}, {'type': {'displayName': 'Length', 'value': 212}, 'value': '54.6'}, {'type': {'displayName': 'Longball', 'value': 1}}, {'type': {'displayName': 'PassEndX', 'value': 140}, 'value': '73.8'}, {'type': {'displayName': 'Zone', 'value': 56}, 'value': 'Center'}]",True,,,,,
1910889,SecondHalf,47,49,52,BallRecovery,Successful,42,Werder Bremen,436119.0,Mio Backhaus,32.7,41.9,,,,,,,[],False,,,,,
1910889,SecondHalf,47,50,52,Pass,Successful,42,Werder Bremen,436119.0,Mio Backhaus,33.1,44.4,44.4,10.3,,,,,"[{'type': {'displayName': 'PassEndX', 'value': 140}, 'value': '44.4'}, {'type': {'displayName': 'Angle', 'value': 213}, 'value': '5.19'}, {'type': {'displayName': 'Zone', 'value': 56}, 'value': 'Back'}, {'type': {'displayName': 'PassEndY', 'value': 141}, 'value': '10.3'}, {'type': {'displayName': 'Length', 'value': 212}, 'value': '26.0'}]",True,,,,,
1910889,SecondHalf,47,54,52,Pass,Successful,42,Werder Bremen,368176.0,Amos Pieper,43.5,12.3,45.5,31.0,,,,,"[{'type': {'displayName': 'Angle', 'value': 213}, 'value': '1.41'}, {'type': {'displayName': 'Length', 'value': 212}, 'value': '12.9'}, {'type': {'displayName': 'Zone', 'value': 56}, 'value': 'Back'}, {'type': {'displayName': 'PassEndX', 'value': 140}, 'value': '45.5'}, {'type': {'displayName': 'PassEndY', 'value': 141}, 'value': '31.0'}]",True,,,,,
1910889,SecondHalf,47,58,52,Pass,Successful,42,Werder Bremen,431791.0,Cameron Puertas,42.1,17.5,59.6,15.8,,,,,"[{'type': {'displayName': 'Angle', 'value': 213}, 'value': '6.22'}, {'type': {'displayName': 'Length', 'value': 212}, 'value': '18.4'}, {'type': {'displayName': 'PassEndX', 'value': 140}, 'value': '59.6'}, {'type': {'displayName': 'Zone', 'value': 56}, 'value': 'Right'}, {'type': {'displayName': 'PassEndY', 'value': 141}, 'value': '15.8'}]",True,,,,,
1910889,SecondHalf,48,0,53,Pass,Successful,42,Werder Bremen,538407.0,Isaac Schmidt,59.4,19.0,60.0,27.3,,,,,"[{'type': {'displayName': 'Length', 'value': 212}, 'value': '5.7'}, {'type': {'displayName': 'Angle', 'value': 213}, 'value': '1.46'}, {'type': {'displayName': 'PassEndY', 'value': 141}, 'value': '27.3'}, {'type': {'displayName': 'Zone', 'value': 56}, 'value': 'Center'}, {'type': {'displayName': 'PassEndX', 'value': 140}, 'value': '60.0'}]",True,,,,,
1910889,SecondHalf,48,1,53,Pass,Successful,42,Werder Bremen,377280.0,Jens Stage,59.9,28.1,45.4,29.8,,,,,"[{'type': {'displayName': 'PassEndX', 'value': 140}, 'value': '45.4'}, {'type': {'displayName': 'Zone', 'value': 56}, 'value': 'Back'}, {'type': {'displayName': 'PassEndY', 'value': 141}, 'value': '29.8'}, {'type': {'displayName': 'Angle', 'value': 213}, 'value': '3.07'}, {'type': {'displayName': 'Length', 'value': 212}, 'value': '15.3'}]",True,,,,,
1910889,SecondHalf,48,2,53,Pass,Successful,42,Werder Bremen,420405.0,Senne Lynen,45.5,30.6,49.2,69.7,,,,,"[{'type': {'displayName': 'Angle', 'value': 213}, 'value': '1.43'}, {'type': {'displayName': 'PassEndY', 'value': 141}, 'value': '69.7'}, {'type': {'displayName': 'Zone', 'value': 56}, 'value': 'Back'}, {'type': {'displayName': 'Length', 'value': 212}, 'value': '26.9'}, {'type': {'displayName': 'PassEndX', 'value': 140}, 'value': '49.2'}]",True,,,,,
1910889,SecondHalf,48,9,53,Pass,Successful,42,Werder Bremen,407284.0,Olivier Deman,70.2,81.5,77.6,86.9,,,,,"[{'type': {'displayName': 'Length', 'value': 212}, 'value': '8.6'}, {'type': {'displayName': 'PassEndY', 'value': 141}, 'value': '86.9'}, {'type': {'displayName': 'Zone', 'value': 56}, 'value': 'Left'}, {'type': {'displayName': 'Angle', 'value': 213}, 'value': '0.44'}, {'type': {'displayName': 'PassEndX', 'value': 140}, 'value': '77.6'}]",True,,,,,
1910889,SecondHalf,48,10,53,Pass,Unsuccessful,42,Werder Bremen,383847.0,Romano Schmid,77.6,86.9,97.5,52.4,,,,,"[{'type': {'displayName': 'Length', 'value': 212}, 'value': '31.4'}, {'type': {'displayName': 'RightFoot', 'value': 20}}, {'type': {'displayName': 'Zone', 'value': 56}, 'value': 'Center'}, {'type': {'displayName': 'Angle', 'value': 213}, 'value': '5.44'}, {'type': {'displayName': 'Chipped', 'value': 155}}, {'type': {'displayName': 'Cross', 'value': 2}}, {'type': {'displayName': 'PassEndY', 'value': 141}, 'value': '52.4'}, {'type': {'displayName': 'PassEndX', 'value': 140}, 'value': '97.5'}]",True,,,,,
1910889,SecondHalf,48,13,53,KeeperPickup,Successful,1211,Hoffenheim,77440.0,Oliver Baumann,3.0,49.6,,,,,,,[],False,,,,,
1910889,SecondHalf,48,25,53,Pass,Successful,1211,Hoffenheim,77440.0,Oliver Baumann,13.4,55.6,29.6,77.4,,,,,"[{'type': {'displayName': 'KeeperThrow', 'value': 123}}, {'type': {'displayName': 'PassEndY', 'value': 141}, 'value': '77.4'}, {'type': {'displayName': 'PassEndX', 'value': 140}, 'value': '29.6'}, {'type': {'displayName': 'Zone', 'value': 56}, 'value': 'Back'}, {'type': {'displayName': 'Length', 'value': 212}, 'value': '22.6'}, {'type': {'displayName': 'Angle', 'value': 213}, 'value': '0.72'}]",True,,,,,
1910889,SecondHalf,48,26,53,BallTouch,Successful,1211,Hoffenheim,302588.0,Bernardo,29.1,76.3,,,,,,,"[{'type': {'displayName': 'Zone', 'value': 56}, 'value': 'Back'}]",True,,,,,
1910889,SecondHalf,48,27,53,Pass,Unsuccessful,1211,Hoffenheim,510234.0,Leon Avdullahu,34.1,72.4,47.2,51.3,,,,,"[{'type': {'displayName': 'Length', 'value': 212}, 'value': '19.9'}, {'type': {'displayName': 'PassEndX', 'value': 140}, 'value': '47.2'}, {'type': {'displayName': 'Angle', 'value': 213}, 'value': '5.48'}, {'type': {'displayName': 'PassEndY', 'value': 141}, 'value': '51.3'}, {'type': {'displayName': 'Zone', 'value': 56}, 'value': 'Back'}]",True,,,,,
1910889,SecondHalf,48,28,53,Interception,Successful,42,Werder Bremen,420405.0,Senne Lynen,52.8,48.7,,,,,,,"[{'type': {'displayName': 'Zone', 'value': 56}, 'value': 'Center'}]",True,,,,,
1910889,SecondHalf,48,30,53,BallRecovery,Successful,42,Werder Bremen,431791.0,Cameron Puertas,52.6,52.0,,,,,,,[],False,,,,,
1910889,SecondHalf,48,32,53,Pass,Successful,42,Werder Bremen,431791.0,Cameron Puertas,53.1,53.2,66.2,56.6,,,,,"[{'type': {'displayName': 'Zone', 'value': 56}, 'value': 'Center'}, {'type': {'displayName': 'PassEndX', 'value': 140}, 'value': '66.2'}, {'type': {'displayName': 'Length', 'value': 212}, 'value': '13.9'}, {'type': {'displayName': 'Angle', 'value': 213}, 'value': '0.17'}, {'type': {'displayName': 'PassEndY', 'value': 141}, 'value': '56.6'}]",True,,,,,
1910889,SecondHalf,48,33,53,Pass,Successful,42,Werder Bremen,383847.0,Romano Schmid,74.7,57.7,89.1,64.6,,,,,"[{'type': {'displayName': 'Zone', 'value': 56}, 'value': 'Center'}, {'type': {'displayName': 'IntentionalAssist', 'value': 154}}, {'type': {'displayName': 'Angle', 'value': 213}, 'value': '0.30'}, {'type': {'displayName': 'PassEndY', 'value': 141}, 'value': '64.6'}, {'type': {'displayName': 'ShotAssist', 'value': 210}, 'value': '13'}, {'type': {'displayName': 'PassEndX', 'value': 140}, 'value': '89.1'}, {'type': {'displayName': 'Length', 'value': 212}, 'value': '15.8'}, {'type': {'displayName': 'KeyPass', 'value': 11113}}]",True,,,,,
1910889,SecondHalf,48,36,53,TakeOn,Successful,42,Werder Bremen,438066.0,Justin Njinmah,87.8,67.8,,,,,,,"[{'type': {'displayName': 'OppositeRelatedEvent', 'value': 233}, 'value': '571'}, {'type': {'displayName': 'Offensive', 'value': 286}}, {'type': {'displayName': 'Zone', 'value': 56}, 'value': 'Center'}]",True,,,,,
1910889,SecondHalf,48,36,53,Challenge,Unsuccessful,1211,Hoffenheim,510234.0,Leon Avdullahu,12.2,32.2,,,,,,,"[{'type': {'displayName': 'Defensive', 'value': 285}}, {'type': {'displayName': 'OppositeRelatedEvent', 'value': 233}, 'value': '384'}, {'type': {'displayName': 'Zone', 'value': 56}, 'value': 'Back'}]",False,,,,,
1910889,SecondHalf,48,40,53,MissedShots,Successful,42,Werder Bremen,438066.0,Justin Njinmah,80.2,58.9,,,41.3,65.3,,,"[{'type': {'displayName': 'RightFoot', 'value': 20}}, {'type': {'displayName': 'GoalMouthY', 'value': 102}, 'value': '41.3'}, {'type': {'displayName': 'IntentionalAssist', 'value': 154}}, {'type': {'displayName': 'OutOfBoxCentre', 'value': 18}}, {'type': {'displayName': 'IndividualPlay', 'value': 215}}, {'type': {'displayName': 'RelatedEventId', 'value': 55}, 'value': '383'}, {'type': {'displayName': 'FastBreak', 'value': 23}}, {'type': {'displayName': 'Zone', 'value': 56}, 'value': 'Center'}, {'type': {'displayName': 'HighRight', 'value': 81}}, {'type': {'displayName': 'GoalMouthZ', 'value': 103}, 'value': '65.3'}, {'type': {'displayName': 'Assisted', 'value': 29}}]",True,True,,,383.0,383847.0
1910889,SecondHalf,48,52,53,Pass,Successful,1211,Hoffenheim,402697.0,Albian Hajdari,4.7,58.2,4.8,53.4,,,,,"[{'type': {'displayName': 'PassEndY', 'value': 141}, 'value': '53.4'}, {'type': {'displayName': 'GoalKick', 'value': 124}}, {'type': {'displayName': 'PassEndX', 'value': 140}, 'value': '4.8'}, {'type': {'displayName': 'Angle', 'value': 213}, 'value': '4.74'}, {'type': {'displayName': 'Zone', 'value': 56}, 'value': 'Back'}, {'type': {'displayName': 'Length', 'value': 212}, 'value': '3.3'}]",True,,,,,
1910889,SecondHalf,48,53,53,Pass,Successful,1211,Hoffenheim,77440.0,Oliver Baumann,4.8,53.4,11.4,62.4,,,,,"[{'type': {'displayName': 'Zone', 'value': 56}, 'value': 'Back'}, {'type': {'displayName': 'Length', 'value': 212}, 'value': '9.2'}, {'type': {'displayName': 'PassEndX', 'value': 140}, 'value': '11.4'}, {'type': {'displayName': 'Angle', 'value': 213}, 'value': '0.72'}, {'type': {'displayName': 'PassEndY', 'value': 141}, 'value': '62.4'}]",True,,,,,
1910889,SecondHalf,48,57,53,Pass,Successful,1211,Hoffenheim,402697.0,Albian Hajdari,18.3,58.0,26.3,22.2,,,,,"[{'type': {'displayName': 'Length', 'value': 212}, 'value': '25.8'}, {'type': {'displayName': 'PassEndY', 'value': 141}, 'value': '22.2'}, {'type': {'displayName': 'Angle', 'value': 213}, 'value': '5.04'}, {'type': {'displayName': 'Zone', 'value': 56}, 'value': 'Back'}, {'type': {'displayName': 'PassEndX', 'value': 140}, 'value': '26.3'}]",True,,,,,
1910889,SecondHalf,49,6,54,Pass,Successful,1211,Hoffenheim,356743.0,Ozan Kabak,42.2,19.5,55.5,3.0,,,,,"[{'type': {'displayName': 'PassEndY', 'value': 141}, 'value': '3.0'}, {'type': {'displayName': 'Zone', 'value': 56}, 'value': 'Right'}, {'type': {'displayName': 'Length', 'value': 212}, 'value': '17.9'}, {'type': {'displayName': 'PassEndX', 'value': 140}, 'value': '55.5'}, {'type': {'displayName': 'Angle', 'value': 213}, 'value': '5.61'}]",True,,,,,
1910889,SecondHalf,49,11,54,Pass,Successful,1211,Hoffenheim,111372.0,Vladimír Coufal,55.0,18.0,51.1,40.8,,,,,"[{'type': {'displayName': 'PassEndY', 'value': 141}, 'value': '40.8'}, {'type': {'displayName': 'Angle', 'value': 213}, 'value': '1.83'}, {'type': {'displayName': 'Length', 'value': 212}, 'value': '16.0'}, {'type': {'displayName': 'PassEndX', 'value': 140}, 'value': '51.1'}, {'type': {'displayName': 'Zone', 'value': 56}, 'value': 'Center'}]",True,,,,,
1910889,SecondHalf,49,13,54,Pass,Successful,1211,Hoffenheim,402697.0,Albian Hajdari,52.4,42.1,55.5,67.3,,,,,"[{'type': {'displayName': 'PassEndY', 'value': 141}, 'value': '67.3'}, {'type': {'displayName': 'PassEndX', 'value': 140}, 'value': '55.5'}, {'type': {'displayName': 'Angle', 'value': 213}, 'value': '1.38'}, {'type': {'displayName': 'Zone', 'value': 56}, 'value': 'Center'}, {'type': {'displayName': 'Length', 'value': 212}, 'value': '17.4'}]",True,,,,,
1910889,SecondHalf,49,15,54,Pass,Successful,1211,Hoffenheim,302588.0,Bernardo,55.8,67.5,55.2,49.3,,,,,"[{'type': {'displayName': 'Angle', 'value': 213}, 'value': '4.66'}, {'type': {'displayName': 'PassEndX', 'value': 140}, 'value': '55.2'}, {'type': {'displayName': 'Zone', 'value': 56}, 'value': 'Center'}, {'type': {'displayName': 'PassEndY', 'value': 141}, 'value': '49.3'}, {'type': {'displayName': 'Length', 'value': 212}, 'value': '12.4'}]",True,,,,,
1910889,SecondHalf,49,17,54,Pass,Successful,1211,Hoffenheim,402697.0,Albian Hajdari,57.9,49.9,60.2,26.4,,,,,"[{'type': {'displayName': 'Angle', 'value': 213}, 'value': '4.86'}, {'type': {'displayName': 'PassEndY', 'value': 141}, 'value': '26.4'}, {'type': {'displayName': 'Zone', 'value': 56}, 'value': 'Center'}, {'type': {'displayName': 'Length', 'value': 212}, 'value': '16.2'}, {'type': {'displayName': 'PassEndX', 'value': 140}, 'value': '60.2'}]",True,,,,,
1910889,SecondHalf,49,21,54,Pass,Successful,1211,Hoffenheim,356743.0,Ozan Kabak,61.7,25.0,87.7,25.6,,,,,"[{'type': {'displayName': 'Angle', 'value': 213}, 'value': '0.01'}, {'type': {'displayName': 'Length', 'value': 212}, 'value': '27.3'}, {'type': {'displayName': 'Zone', 'value': 56}, 'value': 'Center'}, {'type': {'displayName': 'PassEndX', 'value': 140}, 'value': '87.7'}, {'type': {'displayName': 'PassEndY', 'value': 141}, 'value': '25.6'}]",True,,,,,
1910889,SecondHalf,49,24,54,Dispossessed,Successful,1211,Hoffenheim,111372.0,Vladimír Coufal,87.6,19.4,,,,,,,"[{'type': {'displayName': 'OppositeRelatedEvent', 'value': 233}, 'value': '387'}, {'type': {'displayName': 'Offensive', 'value': 286}}, {'type': {'displayName': 'Zone', 'value': 56}, 'value': 'Right'}]",True,,,,,
1910889,SecondHalf,49,24,54,Tackle,Unsuccessful,42,Werder Bremen,431791.0,Cameron Puertas,12.4,80.6,,,,,,,"[{'type': {'displayName': 'StandingSave', 'value': 178}}, {'type': {'displayName': 'Zone', 'value': 56}, 'value': 'Back'}, {'type': {'displayName': 'OppositeRelatedEvent', 'value': 233}, 'value': '582'}, {'type': {'displayName': 'Defensive', 'value': 285}}]",True,,,,,
1910889,SecondHalf,49,25,54,BallTouch,Unsuccessful,1211,Hoffenheim,111372.0,Vladimír Coufal,87.9,21.1,,,,,,,"[{'type': {'displayName': 'Zone', 'value': 56}, 'value': 'Right'}]",True,,,,,
1910889,SecondHalf,49,26,54,BallRecovery,Successful,42,Werder Bremen,431791.0,Cameron Puertas,17.1,91.7,,,,,,,[],False,,,,,
1910889,SecondHalf,49,27,54,Pass,Unsuccessful,42,Werder Bremen,431791.0,Cameron Puertas,27.3,97.5,30.9,97.1,,,,,"[{'type': {'displayName': 'Angle', 'value': 213}, 'value': '6.21'}, {'type': {'displayName': 'PassEndY', 'value': 141}, 'value': '97.1'}, {'type': {'displayName': 'Zone', 'value': 56}, 'value': 'Back'}, {'type': {'displayName': 'Length', 'value': 212}, 'value': '3.8'}, {'type': {'displayName': 'PassEndX', 'value': 140}, 'value': '30.9'}]",True,,,,,
1910889,SecondHalf,49,28,54,BallTouch,Successful,1211,Hoffenheim,356743.0,Ozan Kabak,76.0,19.8,,,,,,,"[{'type': {'displayName': 'Zone', 'value': 56}, 'value': 'Right'}]",True,,,,,
1910889,SecondHalf,49,33,54,Pass,Unsuccessful,42,Werder Bremen,383847.0,Romano Schmid,35.7,97.0,38.6,96.8,,,,,"[{'type': {'displayName': 'Offensive', 'value': 286}}, {'type': {'displayName': 'PassEndY', 'value': 141}, 'value': '96.8'}, {'type': {'displayName': 'Zone', 'value': 56}, 'value': 'Back'}, {'type': {'displayName': 'Length', 'value': 212}, 'value': '3.0'}, {'type': {'displayName': 'PassEndX', 'value': 140}, 'value': '38.6'}, {'type': {'displayName': 'Angle', 'value': 213}, 'value': '6.24'}, {'type': {'displayName': 'OppositeRelatedEvent', 'value': 233}, 'value': '585'}]",True,,,,,
1910889,SecondHalf,49,33,54,BlockedPass,Successful,1211,Hoffenheim,510234.0,Leon Avdullahu,61.4,3.2,,,,,,,"[{'type': {'displayName': 'Zone', 'value': 56}, 'value': 'Right'}, {'type': {'displayName': 'Defensive', 'value': 285}}, {'type': {'displayName': 'OppositeRelatedEvent', 'value': 233}, 'value': '390'}]",True,,,,,
1910889,SecondHalf,49,35,54,Pass,Successful,42,Werder Bremen,383847.0,Romano Schmid,37.6,96.6,40.0,85.8,,,,,"[{'type': {'displayName': 'PassEndY', 'value': 141}, 'value': '85.8'}, {'type': {'displayName': 'Length', 'value': 212}, 'value': '7.8'}, {'type': {'displayName': 'Angle', 'value': 213}, 'value': '5.04'}, {'type': {'displayName': 'PassEndX', 'value': 140}, 'value': '40.0'}, {'type': {'displayName': 'Zone', 'value': 56}, 'value': 'Back'}]",True,,,,,
1910889,SecondHalf,49,36,54,Pass,Successful,42,Werder Bremen,407284.0,Olivier Deman,42.0,85.7,78.5,76.1,,,,,"[{'type': {'displayName': 'Throughball', 'value': 4}}, {'type': {'displayName': 'IntentionalAssist', 'value': 154}}, {'type': {'displayName': 'Angle', 'value': 213}, 'value': '6.11'}, {'type': {'displayName': 'PassEndX', 'value': 140}, 'value': '78.5'}, {'type': {'displayName': 'Longball', 'value': 1}}, {'type': {'displayName': 'Length', 'value': 212}, 'value': '38.9'}, {'type': {'displayName': 'ShotAssist', 'value': 210}, 'value': '15'}, {'type': {'displayName': 'PassEndY', 'value': 141}, 'value': '76.1'}, {'type': {'displayName': 'Zone', 'value': 56}, 'value': 'Center'}, {'type': {'displayName': 'BigChanceCreated', 'value': 11112}}, {'type': {'displayName': 'KeyPass', 'value': 11113}}]",True,,,,,
1910889,SecondHalf,49,40,54,SavedShot,Successful,42,Werder Bremen,438066.0,Justin Njinmah,88.2,63.9,,,50.8,3.8,93.3,57.0,"[{'type': {'displayName': 'GoalMouthZ', 'value': 103}, 'value': '3.8'}, {'type': {'displayName': 'LowCentre', 'value': 78}}, {'type': {'displayName': 'FastBreak', 'value': 23}}, {'type': {'displayName': 'BlockedX', 'value': 146}, 'value': '93.3'}, {'type': {'displayName': 'Zone', 'value': 56}, 'value': 'Center'}, {'type': {'displayName': 'OppositeRelatedEvent', 'value': 233}, 'value': '587'}, {'type': {'displayName': 'BlockedY', 'value': 147}, 'value': '57.0'}, {'type': {'displayName': 'Assisted', 'value': 29}}, {'type': {'displayName': 'BoxLeft', 'value': 64}}, {'type': {'displayName': 'RelatedEventId', 'value': 55}, 'value': '392'}, {'type': {'displayName': 'OneOnOne', 'value': 89}}, {'type': {'displayName': 'RightFoot', 'value': 20}}, {'type': {'displayName': 'IntentionalAssist', 'value': 154}}, {'type': {'displayName': 'GoalMouthY', 'value': 102}, 'value': '50.8'}, {'type': {'displayName': 'BigChance', 'value': 214}}]",True,True,,,392.0,407284.0
1910889,SecondHalf,49,41,54,Save,Successful,1211,Hoffenheim,77440.0,Oliver Baumann,7.3,43.3,,,,,,,"[{'type': {'displayName': 'OppositeRelatedEvent', 'value': 233}, 'value': '393'}, {'type': {'displayName': 'DivingSave', 'value': 179}}, {'type': {'displayName': 'Feet', 'value': 183}}, {'type': {'displayName': 'Zone', 'value': 56}, 'value': 'Back'}, {'type': {'displayName': 'ParriedSafe', 'value': 173}}, {'type': {'displayName': 'KeeperSaveInTheBox', 'value': 11115}}]",True,,,,,
1910889,SecondHalf,50,0,55,Pass,Successful,42,Werder Bremen,407284.0,Olivier Deman,87.2,100.0,80.3,97.1,,,,,"[{'type': {'displayName': 'Angle', 'value': 213}, 'value': '3.48'}, {'type': {'displayName': 'Length', 'value': 212}, 'value': '7.7'}, {'type': {'displayName': 'PassEndX', 'value': 140}, 'value': '80.3'}, {'type': {'displayName': 'PassEndY', 'value': 141}, 'value': '97.1'}, {'type': {'displayName': 'ThrowIn', 'value': 107}}, {'type': {'displayName': 'Zone', 'value': 56}, 'value': 'Left'}]",True,,,,,
1910889,SecondHalf,50,1,55,Pass,Successful,42,Werder Bremen,431791.0,Cameron Puertas,81.0,94.9,84.4,95.9,,,,,"[{'type': {'displayName': 'PassEndX', 'value': 140}, 'value': '84.4'}, {'type': {'displayName': 'Length', 'value': 212}, 'value': '3.6'}, {'type': {'displayName': 'Zone', 'value': 56}, 'value': 'Left'}, {'type': {'displayName': 'PassEndY', 'value': 141}, 'value': '95.9'}, {'type': {'displayName': 'Angle', 'value': 213}, 'value': '0.19'}]",True,,,,,
1910889,SecondHalf,50,2,55,TakeOn,Unsuccessful,42,Werder Bremen,407284.0,Olivier Deman,77.8,94.6,,,,,,,"[{'type': {'displayName': 'OppositeRelatedEvent', 'value': 233}, 'value': '589'}, {'type': {'displayName': 'Zone', 'value': 56}, 'value': 'Left'}, {'type': {'displayName': 'Offensive', 'value': 286}}]",True,,,,,
1910889,SecondHalf,50,2,55,Tackle,Unsuccessful,1211,Hoffenheim,75217.0,Andrej Kramaric,22.2,5.4,,,,,,,"[{'type': {'displayName': 'StandingSave', 'value': 178}}, {'type': {'displayName': 'Zone', 'value': 56}, 'value': 'Back'}, {'type': {'displayName': 'Defensive', 'value': 285}}, {'type': {'displayName': 'OppositeRelatedEvent', 'value': 233}, 'value': '401'}]",True,,,,,
1910889,SecondHalf,50,3,55,BallTouch,Successful,42,Werder Bremen,407284.0,Olivier Deman,80.2,97.6,,,,,,,"[{'type': {'displayName': 'Zone', 'value': 56}, 'value': 'Left'}]",True,,,,,
1910889,SecondHalf,50,5,55,BallRecovery,Successful,1211,Hoffenheim,510234.0,Leon Avdullahu,28.2,9.4,,,,,,,[],False,,,,,
1910889,SecondHalf,50,6,55,Pass,Successful,1211,Hoffenheim,510234.0,Leon Avdullahu,28.2,9.4,32.9,20.4,,,,,"[{'type': {'displayName': 'Zone', 'value': 56}, 'value': 'Back'}, {'type': {'displayName': 'Length', 'value': 212}, 'value': '9.0'}, {'type': {'displayName': 'Angle', 'value': 213}, 'value': '0.99'}, {'type': {'displayName': 'PassEndX', 'value': 140}, 'value': '32.9'}, {'type': {'displayName': 'PassEndY', 'value': 141}, 'value': '20.4'}]",True,,,,,
1910889,SecondHalf,50,7,55,Foul,Successful,1211,Hoffenheim,428426.0,Fisnik Asllani,31.7,20.4,,,,,,,"[{'type': {'displayName': 'Zone', 'value': 56}, 'value': 'Back'}, {'type': {'displayName': 'Defensive', 'value': 285}}, {'type': {'displayName': 'OppositeRelatedEvent', 'value': 233}, 'value': '397'}, {'type': {'displayName': 'Foul', 'value': 13}}]",True,,,,,
1910889,SecondHalf,50,7,55,Foul,Unsuccessful,42,Werder Bremen,333227.0,Marco Friedl,68.4,79.6,,,,,,,"[{'type': {'displayName': 'Zone', 'value': 56}, 'value': 'Left'}, {'type': {'displayName': 'Foul', 'value': 13}}, {'type': {'displayName': 'StandingSave', 'value': 178}}, {'type': {'displayName': 'OppositeRelatedEvent', 'value': 233}, 'value': '592'}, {'type': {'displayName': 'Offensive', 'value': 286}}]",False,,,,,
1910889,SecondHalf,50,13,55,Pass,Successful,1211,Hoffenheim,361878.0,Wouter Burger,32.4,31.2,32.7,25.8,,,,,"[{'type': {'displayName': 'Length', 'value': 212}, 'value': '3.7'}, {'type': {'displayName': 'PassEndX', 'value': 140}, 'value': '32.7'}, {'type': {'displayName': 'Zone', 'value': 56}, 'value': 'Back'}, {'type': {'displayName': 'FreekickTaken', 'value': 5}}, {'type': {'displayName': 'Angle', 'value': 213}, 'value': '4.80'}, {'type': {'displayName': 'PassEndY', 'value': 141}, 'value': '25.8'}]",True,,,,,
1910889,SecondHalf,50,15,55,Pass,Successful,1211,Hoffenheim,111372.0,Vladimír Coufal,33.7,23.7,36.0,37.5,,,,,"[{'type': {'displayName': 'PassEndY', 'value': 141}, 'value': '37.5'}, {'type': {'displayName': 'Zone', 'value': 56}, 'value': 'Back'}, {'type': {'displayName': 'Length', 'value': 212}, 'value': '9.7'}, {'type': {'displayName': 'PassEndX', 'value': 140}, 'value': '36.0'}, {'type': {'displayName': 'Angle', 'value': 213}, 'value': '1.32'}]",True,,,,,
1910889,SecondHalf,50,17,55,Pass,Successful,1211,Hoffenheim,510234.0,Leon Avdullahu,36.4,37.5,36.8,73.3,,,,,"[{'type': {'displayName': 'Zone', 'value': 56}, 'value': 'Back'}, {'type': {'displayName': 'Length', 'value': 212}, 'value': '24.3'}, {'type': {'displayName': 'PassEndY', 'value': 141}, 'value': '73.3'}, {'type': {'displayName': 'PassEndX', 'value': 140}, 'value': '36.8'}, {'type': {'displayName': 'Angle', 'value': 213}, 'value': '1.55'}]",True,,,,,
1910889,SecondHalf,50,23,55,Pass,Successful,1211,Hoffenheim,302588.0,Bernardo,42.3,74.1,67.4,88.2,,,,,"[{'type': {'displayName': 'PassEndY', 'value': 141}, 'value': '88.2'}, {'type': {'displayName': 'Zone', 'value': 56}, 'value': 'Left'}, {'type': {'displayName': 'Angle', 'value': 213}, 'value': '0.35'}, {'type': {'displayName': 'PassEndX', 'value': 140}, 'value': '67.4'}, {'type': {'displayName': 'Length', 'value': 212}, 'value': '28.0'}]",True,,,,,
1910889,SecondHalf,50,26,55,Pass,Successful,1211,Hoffenheim,75217.0,Andrej Kramaric,67.6,88.2,71.9,92.2,,,,,"[{'type': {'displayName': 'Angle', 'value': 213}, 'value': '0.54'}, {'type': {'displayName': 'Zone', 'value': 56}, 'value': 'Left'}, {'type': {'displayName': 'PassEndX', 'value': 140}, 'value': '71.9'}, {'type': {'displayName': 'Length', 'value': 212}, 'value': '5.3'}, {'type': {'displayName': 'PassEndY', 'value': 141}, 'value': '92.2'}]",True,,,,,
1910889,SecondHalf,50,28,55,Pass,Successful,1211,Hoffenheim,551965.0,Bazoumana Touré,72.2,92.1,69.8,85.8,,,,,"[{'type': {'displayName': 'Zone', 'value': 56}, 'value': 'Left'}, {'type': {'displayName': 'PassEndY', 'value': 141}, 'value': '85.8'}, {'type': {'displayName': 'Angle', 'value': 213}, 'value': '4.18'}, {'type': {'displayName': 'PassEndX', 'value': 140}, 'value': '69.8'}, {'type': {'displayName': 'Length', 'value': 212}, 'value': '5.0'}]",True,,,,,
1910889,SecondHalf,50,29,55,Pass,Successful,1211,Hoffenheim,75217.0,Andrej Kramaric,70.8,81.6,68.7,69.7,,,,,"[{'type': {'displayName': 'Zone', 'value': 56}, 'value': 'Center'}, {'type': {'displayName': 'PassEndX', 'value': 140}, 'value': '68.7'}, {'type': {'displayName': 'Angle', 'value': 213}, 'value': '4.45'}, {'type': {'displayName': 'PassEndY', 'value': 141}, 'value': '69.7'}, {'type': {'displayName': 'Length', 'value': 212}, 'value': '8.4'}]",True,,,,,
1910889,SecondHalf,50,32,55,Pass,Successful,1211,Hoffenheim,510234.0,Leon Avdullahu,68.4,70.0,67.3,38.4,,,,,"[{'type': {'displayName': 'Length', 'value': 212}, 'value': '21.5'}, {'type': {'displayName': 'Angle', 'value': 213}, 'value': '4.66'}, {'type': {'displayName': 'Zone', 'value': 56}, 'value': 'Center'}, {'type': {'displayName': 'PassEndX', 'value': 140}, 'value': '67.3'}, {'type': {'displayName': 'PassEndY', 'value': 141}, 'value': '38.4'}]",True,,,,,
1910889,SecondHalf,50,34,55,Pass,Successful,1211,Hoffenheim,356743.0,Ozan Kabak,67.9,38.7,82.6,8.2,,,,,"[{'type': {'displayName': 'Zone', 'value': 56}, 'value': 'Right'}, {'type': {'displayName': 'PassEndX', 'value': 140}, 'value': '82.6'}, {'type': {'displayName': 'Length', 'value': 212}, 'value': '25.9'}, {'type': {'displayName': 'PassEndY', 'value': 141}, 'value': '8.2'}, {'type': {'displayName': 'Angle', 'value': 213}, 'value': '5.35'}]",True,,,,,
1910889,SecondHalf,50,37,55,Pass,Successful,1211,Hoffenheim,111372.0,Vladimír Coufal,81.1,7.3,96.7,17.7,,,,,"[{'type': {'displayName': 'PassEndY', 'value': 141}, 'value': '17.7'}, {'type': {'displayName': 'Zone', 'value': 56}, 'value': 'Right'}, {'type': {'displayName': 'PassEndX', 'value': 140}, 'value': '96.7'}, {'type': {'displayName': 'Angle', 'value': 213}, 'value': '0.41'}, {'type': {'displayName': 'Length', 'value': 212}, 'value': '17.8'}]",True,,,,,
1910889,SecondHalf,50,40,55,Pass,Successful,1211,Hoffenheim,361878.0,Wouter Burger,95.7,15.1,82.1,6.0,,,,,"[{'type': {'displayName': 'Zone', 'value': 56}, 'value': 'Right'}, {'type': {'displayName': 'PassEndY', 'value': 141}, 'value': '6.0'}, {'type': {'displayName': 'PassEndX', 'value': 140}, 'value': '82.1'}, {'type': {'displayName': 'Length', 'value': 212}, 'value': '15.6'}, {'type': {'displayName': 'Angle', 'value': 213}, 'value': '3.55'}]",True,,,,,
1910889,SecondHalf,50,42,55,Pass,Successful,1211,Hoffenheim,111372.0,Vladimír Coufal,81.9,6.4,68.5,18.4,,,,,"[{'type': {'displayName': 'PassEndX', 'value': 140}, 'value': '68.5'}, {'type': {'displayName': 'Length', 'value': 212}, 'value': '16.3'}, {'type': {'displayName': 'Angle', 'value': 213}, 'value': '2.62'}, {'type': {'displayName': 'PassEndY', 'value': 141}, 'value': '18.4'}, {'type': {'displayName': 'Zone', 'value': 56}, 'value': 'Right'}]",True,,,,,
1910889,SecondHalf,50,45,55,Pass,Successful,1211,Hoffenheim,356743.0,Ozan Kabak,69.4,19.5,85.9,6.7,,,,,"[{'type': {'displayName': 'Angle', 'value': 213}, 'value': '5.82'}, {'type': {'displayName': 'PassEndY', 'value': 141}, 'value': '6.7'}, {'type': {'displayName': 'Zone', 'value': 56}, 'value': 'Right'}, {'type': {'displayName': 'PassEndX', 'value': 140}, 'value': '85.9'}, {'type': {'displayName': 'Length', 'value': 212}, 'value': '19.4'}]",True,,,,,
1910889,SecondHalf,50,49,55,Challenge,Unsuccessful,42,Werder Bremen,407284.0,Olivier Deman,6.5,89.4,,,,,,,"[{'type': {'displayName': 'OppositeRelatedEvent', 'value': 233}, 'value': '606'}, {'type': {'displayName': 'Defensive', 'value': 285}}, {'type': {'displayName': 'Zone', 'value': 56}, 'value': 'Back'}]",False,,,,,
1910889,SecondHalf,50,49,55,TakeOn,Successful,1211,Hoffenheim,111372.0,Vladimír Coufal,93.5,10.6,,,,,,,"[{'type': {'displayName': 'OppositeRelatedEvent', 'value': 233}, 'value': '399'}, {'type': {'displayName': 'Offensive', 'value': 286}}, {'type': {'displayName': 'Zone', 'value': 56}, 'value': 'Right'}]",True,,,,,
1910889,SecondHalf,50,52,55,Pass,Unsuccessful,1211,Hoffenheim,111372.0,Vladimír Coufal,99.3,36.0,97.4,42.1,,,,,"[{'type': {'displayName': 'Zone', 'value': 56}, 'value': 'Center'}, {'type': {'displayName': 'PassEndY', 'value': 141}, 'value': '42.1'}, {'type': {'displayName': 'PassEndX', 'value': 140}, 'value': '97.4'}, {'type': {'displayName': 'Length', 'value': 212}, 'value': '4.6'}, {'type': {'displayName': 'Angle', 'value': 213}, 'value': '2.02'}]",True,,,,,
1910889,SecondHalf,50,53,55,KeeperPickup,Successful,42,Werder Bremen,436119.0,Mio Backhaus,3.4,56.2,,,,,,,[],False,,,,,
1910889,SecondHalf,51,12,56,Pass,Unsuccessful,42,Werder Bremen,436119.0,Mio Backhaus,12.7,60.4,68.2,83.0,,,,,"[{'type': {'displayName': 'Length', 'value': 212}, 'value': '60.3'}, {'type': {'displayName': 'PassEndX', 'value': 140}, 'value': '68.2'}, {'type': {'displayName': 'PassEndY', 'value': 141}, 'value': '83.0'}, {'type': {'displayName': 'Angle', 'value': 213}, 'value': '0.26'}, {'type': {'displayName': 'Longball', 'value': 1}}, {'type': {'displayName': 'Zone', 'value': 56}, 'value': 'Left'}]",True,,,,,
1910889,SecondHalf,51,15,56,Interception,Successful,1211,Hoffenheim,356743.0,Ozan Kabak,31.8,17.0,,,,,,,"[{'type': {'displayName': 'Zone', 'value': 56}, 'value': 'Back'}]",True,,,,,
1910889,SecondHalf,51,17,56,BallRecovery,Successful,1211,Hoffenheim,510234.0,Leon Avdullahu,44.9,37.0,,,,,,,[],False,,,,,
1910889,SecondHalf,51,23,56,Pass,Successful,1211,Hoffenheim,510234.0,Leon Avdullahu,56.0,54.9,61.7,74.8,,,,,"[{'type': {'displayName': 'Angle', 'value': 213}, 'value': '1.15'}, {'type': {'displayName': 'PassEndX', 'value': 140}, 'value': '61.7'}, {'type': {'displayName': 'Zone', 'value': 56}, 'value': 'Center'}, {'type': {'displayName': 'Length', 'value': 212}, 'value': '14.8'}, {'type': {'displayName': 'PassEndY', 'value': 141}, 'value': '74.8'}]",True,,,,,
1910889,SecondHalf,51,26,56,Pass,Successful,1211,Hoffenheim,551965.0,Bazoumana Touré,66.1,83.4,79.2,89.8,,,,,"[{'type': {'displayName': 'PassEndY', 'value': 141}, 'value': '89.8'}, {'type': {'displayName': 'Length', 'value': 212}, 'value': '14.4'}, {'type': {'displayName': 'PassEndX', 'value': 140}, 'value': '79.2'}, {'type': {'displayName': 'Zone', 'value': 56}, 'value': 'Left'}, {'type': {'displayName': 'Angle', 'value': 213}, 'value': '0.31'}]",True,,,,,
1910889,SecondHalf,51,28,56,Pass,Successful,1211,Hoffenheim,395001.0,Tim Lemperle,82.7,86.7,80.2,66.0,,,,,"[{'type': {'displayName': 'PassEndX', 'value': 140}, 'value': '80.2'}, {'type': {'displayName': 'Length', 'value': 212}, 'value': '14.3'}, {'type': {'displayName': 'Angle', 'value': 213}, 'value': '4.53'}, {'type': {'displayName': 'Zone', 'value': 56}, 'value': 'Center'}, {'type': {'displayName': 'PassEndY', 'value': 141}, 'value': '66.0'}]",True,,,,,
1910889,SecondHalf,51,33,56,Pass,Successful,1211,Hoffenheim,75217.0,Andrej Kramaric,83.4,69.4,76.2,61.6,,,,,"[{'type': {'displayName': 'Angle', 'value': 213}, 'value': '3.75'}, {'type': {'displayName': 'Zone', 'value': 56}, 'value': 'Center'}, {'type': {'displayName': 'PassEndX', 'value': 140}, 'value': '76.2'}, {'type': {'displayName': 'PassEndY', 'value': 141}, 'value': '61.6'}, {'type': {'displayName': 'Length', 'value': 212}, 'value': '9.2'}]",True,,,,,
1910889,SecondHalf,51,36,56,Pass,Successful,1211,Hoffenheim,510234.0,Leon Avdullahu,76.2,61.6,94.1,30.4,,,,,"[{'type': {'displayName': 'PassEndX', 'value': 140}, 'value': '94.1'}, {'type': {'displayName': 'PassEndY', 'value': 141}, 'value': '30.4'}, {'type': {'displayName': 'Length', 'value': 212}, 'value': '28.3'}, {'type': {'displayName': 'Zone', 'value': 56}, 'value': 'Center'}, {'type': {'displayName': 'Angle', 'value': 213}, 'value': '5.44'}, {'type': {'displayName': 'Chipped', 'value': 155}}]",True,,,,,
1910889,SecondHalf,51,38,56,Pass,Unsuccessful,1211,Hoffenheim,111372.0,Vladimír Coufal,94.2,30.3,88.5,42.0,,,,,"[{'type': {'displayName': 'Zone', 'value': 56}, 'value': 'Center'}, {'type': {'displayName': 'PassEndX', 'value': 140}, 'value': '88.5'}, {'type': {'displayName': 'Angle', 'value': 213}, 'value': '2.22'}, {'type': {'displayName': 'Length', 'value': 212}, 'value': '10.0'}, {'type': {'displayName': 'PassEndY', 'value': 141}, 'value': '42.0'}]",True,,,,,
1910889,SecondHalf,51,39,56,Pass,Successful,42,Werder Bremen,420405.0,Senne Lynen,12.0,52.5,16.3,55.4,,,,,"[{'type': {'displayName': 'Length', 'value': 212}, 'value': '4.9'}, {'type': {'displayName': 'Angle', 'value': 213}, 'value': '0.41'}, {'type': {'displayName': 'PassEndX', 'value': 140}, 'value': '16.3'}, {'type': {'displayName': 'PassEndY', 'value': 141}, 'value': '55.4'}, {'type': {'displayName': 'Zone', 'value': 56}, 'value': 'Back'}]",True,,,,,
1910889,SecondHalf,51,40,56,Pass,Successful,42,Werder Bremen,377280.0,Jens Stage,16.9,55.9,12.2,84.7,,,,,"[{'type': {'displayName': 'Angle', 'value': 213}, 'value': '1.82'}, {'type': {'displayName': 'PassEndX', 'value': 140}, 'value': '12.2'}, {'type': {'displayName': 'Length', 'value': 212}, 'value': '20.2'}, {'type': {'displayName': 'Zone', 'value': 56}, 'value': 'Back'}, {'type': {'displayName': 'PassEndY', 'value': 141}, 'value': '84.7'}]",True,,,,,
1910889,SecondHalf,51,41,56,Pass,Unsuccessful,42,Werder Bremen,407284.0,Olivier Deman,12.0,85.2,12.6,85.2,,,,,"[{'type': {'displayName': 'Length', 'value': 212}, 'value': '0.6'}, {'type': {'displayName': 'Zone', 'value': 56}, 'value': 'Back'}, {'type': {'displayName': 'Offensive', 'value': 286}}, {'type': {'displayName': 'PassEndY', 'value': 141}, 'value': '85.2'}, {'type': {'displayName': 'PassEndX', 'value': 140}, 'value': '12.6'}, {'type': {'displayName': 'Angle', 'value': 213}, 'value': '0.00'}, {'type': {'displayName': 'OppositeRelatedEvent', 'value': 233}, 'value': '616'}]",True,,,,,
1910889,SecondHalf,51,41,56,BlockedPass,Successful,1211,Hoffenheim,356743.0,Ozan Kabak,87.4,14.8,,,,,,,"[{'type': {'displayName': 'Defensive', 'value': 285}}, {'type': {'displayName': 'Zone', 'value': 56}, 'value': 'Right'}, {'type': {'displayName': 'OppositeRelatedEvent', 'value': 233}, 'value': '407'}]",True,,,,,
1910889,SecondHalf,52,0,57,Pass,Successful,42,Werder Bremen,407284.0,Olivier Deman,15.8,100.0,20.3,97.1,,,,,"[{'type': {'displayName': 'Length', 'value': 212}, 'value': '5.5'}, {'type': {'displayName': 'PassEndX', 'value': 140}, 'value': '20.3'}, {'type': {'displayName': 'PassEndY', 'value': 141}, 'value': '97.1'}, {'type': {'displayName': 'Angle', 'value': 213}, 'value': '5.75'}, {'type': {'displayName': 'Zone', 'value': 56}, 'value': 'Back'}, {'type': {'displayName': 'ThrowIn', 'value': 107}}]",True,,,,,
1910889,SecondHalf,52,2,57,Pass,Successful,42,Werder Bremen,383847.0,Romano Schmid,20.9,96.6,9.6,93.9,,,,,"[{'type': {'displayName': 'PassEndY', 'value': 141}, 'value': '93.9'}, {'type': {'displayName': 'Angle', 'value': 213}, 'value': '3.30'}, {'type': {'displayName': 'Length', 'value': 212}, 'value': '12.0'}, {'type': {'displayName': 'Zone', 'value': 56}, 'value': 'Back'}, {'type': {'displayName': 'PassEndX', 'value': 140}, 'value': '9.6'}]",True,,,,,
1910889,SecondHalf,52,5,57,Pass,Successful,42,Werder Bremen,420405.0,Senne Lynen,10.4,85.5,45.9,8.3,,,,,"[{'type': {'displayName': 'Longball', 'value': 1}}, {'type': {'displayName': 'PassEndY', 'value': 141}, 'value': '8.3'}, {'type': {'displayName': 'Zone', 'value': 56}, 'value': 'Back'}, {'type': {'displayName': 'Length', 'value': 212}, 'value': '64.4'}, {'type': {'displayName': 'PassEndX', 'value': 140}, 'value': '45.9'}, {'type': {'displayName': 'Angle', 'value': 213}, 'value': '5.33'}, {'type': {'displayName': 'Chipped', 'value': 155}}]",True,,,,,
1910889,SecondHalf,52,7,57,GoodSkill,Successful,42,Werder Bremen,538407.0,Isaac Schmidt,45.9,8.3,,,,,,,[],True,,,,,
1910889,SecondHalf,52,11,57,Pass,Successful,42,Werder Bremen,538407.0,Isaac Schmidt,45.4,10.5,42.5,19.0,,,,,"[{'type': {'displayName': 'Angle', 'value': 213}, 'value': '2.06'}, {'type': {'displayName': 'PassEndY', 'value': 141}, 'value': '19.0'}, {'type': {'displayName': 'PassEndX', 'value': 140}, 'value': '42.5'}, {'type': {'displayName': 'Zone', 'value': 56}, 'value': 'Back'}, {'type': {'displayName': 'Length', 'value': 212}, 'value': '6.5'}]",True,,,,,
1910889,SecondHalf,52,16,57,Pass,Successful,42,Werder Bremen,377280.0,Jens Stage,35.8,17.5,31.5,11.8,,,,,"[{'type': {'displayName': 'Length', 'value': 212}, 'value': '6.0'}, {'type': {'displayName': 'PassEndY', 'value': 141}, 'value': '11.8'}, {'type': {'displayName': 'Zone', 'value': 56}, 'value': 'Back'}, {'type': {'displayName': 'Angle', 'value': 213}, 'value': '3.85'}, {'type': {'displayName': 'PassEndX', 'value': 140}, 'value': '31.5'}]",True,,,,,
1910889,SecondHalf,52,19,57,Pass,Successful,42,Werder Bremen,368176.0,Amos Pieper,24.5,21.2,12.0,37.4,,,,,"[{'type': {'displayName': 'Angle', 'value': 213}, 'value': '2.44'}, {'type': {'displayName': 'PassEndX', 'value': 140}, 'value': '12.0'}, {'type': {'displayName': 'Length', 'value': 212}, 'value': '17.1'}, {'type': {'displayName': 'Zone', 'value': 56}, 'value': 'Back'}, {'type': {'displayName': 'PassEndY', 'value': 141}, 'value': '37.4'}]",True,,,,,
1910889,SecondHalf,52,25,57,Pass,Successful,42,Werder Bremen,436119.0,Mio Backhaus,15.4,34.5,63.5,4.1,,,,,"[{'type': {'displayName': 'Length', 'value': 212}, 'value': '54.6'}, {'type': {'displayName': 'Longball', 'value': 1}}, {'type': {'displayName': 'Zone', 'value': 56}, 'value': 'Right'}, {'type': {'displayName': 'PassEndX', 'value': 140}, 'value': '63.5'}, {'type': {'displayName': 'Angle', 'value': 213}, 'value': '5.89'}, {'type': {'displayName': 'Chipped', 'value': 155}}, {'type': {'displayName': 'PassEndY', 'value': 141}, 'value': '4.1'}]",True,,,,,
1910889,SecondHalf,52,32,57,Pass,Unsuccessful,42,Werder Bremen,538407.0,Isaac Schmidt,55.5,10.5,55.6,17.5,,,,,"[{'type': {'displayName': 'Length', 'value': 212}, 'value': '4.8'}, {'type': {'displayName': 'PassEndX', 'value': 140}, 'value': '55.6'}, {'type': {'displayName': 'Angle', 'value': 213}, 'value': '1.55'}, {'type': {'displayName': 'Zone', 'value': 56}, 'value': 'Right'}, {'type': {'displayName': 'PassEndY', 'value': 141}, 'value': '17.5'}]",True,,,,,
1910889,SecondHalf,52,33,57,Interception,Successful,1211,Hoffenheim,302588.0,Bernardo,44.4,82.5,,,,,,,"[{'type': {'displayName': 'Zone', 'value': 56}, 'value': 'Back'}]",True,,,,,
1910889,SecondHalf,52,35,57,Pass,Successful,42,Werder Bremen,420405.0,Senne Lynen,49.8,32.7,58.3,48.0,,,,,"[{'type': {'displayName': 'Angle', 'value': 213}, 'value': '0.86'}, {'type': {'displayName': 'PassEndY', 'value': 141}, 'value': '48.0'}, {'type': {'displayName': 'Zone', 'value': 56}, 'value': 'Center'}, {'type': {'displayName': 'Length', 'value': 212}, 'value': '13.7'}, {'type': {'displayName': 'PassEndX', 'value': 140}, 'value': '58.3'}]",True,,,,,
1910889,SecondHalf,52,36,57,Pass,Successful,42,Werder Bremen,383847.0,Romano Schmid,58.3,48.0,55.2,59.6,,,,,"[{'type': {'displayName': 'Zone', 'value': 56}, 'value': 'Center'}, {'type': {'displayName': 'PassEndY', 'value': 141}, 'value': '59.6'}, {'type': {'displayName': 'Angle', 'value': 213}, 'value': '1.96'}, {'type': {'displayName': 'PassEndX', 'value': 140}, 'value': '55.2'}, {'type': {'displayName': 'Length', 'value': 212}, 'value': '8.5'}]",True,,,,,
1910889,SecondHalf,52,39,57,Pass,Successful,42,Werder Bremen,431791.0,Cameron Puertas,58.6,61.1,81.9,95.8,,,,,"[{'type': {'displayName': 'Length', 'value': 212}, 'value': '34.0'}, {'type': {'displayName': 'Angle', 'value': 213}, 'value': '0.77'}, {'type': {'displayName': 'PassEndX', 'value': 140}, 'value': '81.9'}, {'type': {'displayName': 'Longball', 'value': 1}}, {'type': {'displayName': 'PassEndY', 'value': 141}, 'value': '95.8'}, {'type': {'displayName': 'Zone', 'value': 56}, 'value': 'Left'}]",True,,,,,
1910889,SecondHalf,52,42,57,Pass,Unsuccessful,42,Werder Bremen,407284.0,Olivier Deman,86.0,94.9,88.5,88.2,,,,,"[{'type': {'displayName': 'PassEndX', 'value': 140}, 'value': '88.5'}, {'type': {'displayName': 'Zone', 'value': 56}, 'value': 'Left'}, {'type': {'displayName': 'LeftFoot', 'value': 72}}, {'type': {'displayName': 'Length', 'value': 212}, 'value': '5.3'}, {'type': {'displayName': 'Cross', 'value': 2}}, {'type': {'displayName': 'PassEndY', 'value': 141}, 'value': '88.2'}, {'type': {'displayName': 'Chipped', 'value': 155}}, {'type': {'displayName': 'Angle', 'value': 213}, 'value': '5.24'}]",True,,,,,
1910889,SecondHalf,52,43,57,BallTouch,Successful,1211,Hoffenheim,428426.0,Fisnik Asllani,17.5,15.0,,,,,,,"[{'type': {'displayName': 'Zone', 'value': 56}, 'value': 'Back'}]",True,,,,,
1910889,SecondHalf,52,45,57,Clearance,Successful,1211,Hoffenheim,361878.0,Wouter Burger,14.5,43.6,31.0,49.0,,,,,"[{'type': {'displayName': 'PassEndY', 'value': 141}, 'value': '49.0'}, {'type': {'displayName': 'Zone', 'value': 56}, 'value': 'Back'}, {'type': {'displayName': 'Angle', 'value': 213}, 'value': '0.21'}, {'type': {'displayName': 'Head', 'value': 15}}, {'type': {'displayName': 'Length', 'value': 212}, 'value': '17.7'}, {'type': {'displayName': 'PassEndX', 'value': 140}, 'value': '31.0'}]",True,,,,,
1910889,SecondHalf,52,48,57,Pass,Successful,42,Werder Bremen,420405.0,Senne Lynen,73.2,33.8,82.7,22.6,,,,,"[{'type': {'displayName': 'ShotAssist', 'value': 210}, 'value': '15'}, {'type': {'displayName': 'PassEndX', 'value': 140}, 'value': '82.7'}, {'type': {'displayName': 'Angle', 'value': 213}, 'value': '5.63'}, {'type': {'displayName': 'PassEndY', 'value': 141}, 'value': '22.6'}, {'type': {'displayName': 'Zone', 'value': 56}, 'value': 'Center'}, {'type': {'displayName': 'Length', 'value': 212}, 'value': '12.6'}, {'type': {'displayName': 'KeyPass', 'value': 11113}}]",True,,,,,
1910889,SecondHalf,52,53,57,SavedShot,Successful,42,Werder Bremen,438066.0,Justin Njinmah,87.4,29.7,,,53.6,2.8,89.7,33.0,"[{'type': {'displayName': 'BlockedY', 'value': 147}, 'value': '33.0'}, {'type': {'displayName': 'GoalMouthY', 'value': 102}, 'value': '53.6'}, {'type': {'displayName': 'RelatedEventId', 'value': 55}, 'value': '422'}, {'type': {'displayName': 'Blocked', 'value': 82}}, {'type': {'displayName': 'RegularPlay', 'value': 22}}, {'type': {'displayName': 'LowLeft', 'value': 76}}, {'type': {'displayName': 'IndividualPlay', 'value': 215}}, {'type': {'displayName': 'OppositeRelatedEvent', 'value': 233}, 'value': '622'}, {'type': {'displayName': 'BlockedX', 'value': 146}, 'value': '89.7'}, {'type': {'displayName': 'Zone', 'value': 56}, 'value': 'Center'}, {'type': {'displayName': 'GoalMouthZ', 'value': 103}, 'value': '2.8'}, {'type': {'displayName': 'Assisted', 'value': 29}}, {'type': {'displayName': 'BoxRight', 'value': 63}}, {'type': {'displayName': 'RightFoot', 'value': 20}}]",True,True,,,422.0,420405.0
1910889,SecondHalf,52,53,57,Save,Successful,1211,Hoffenheim,402697.0,Albian Hajdari,9.9,66.8,,,,,,,"[{'type': {'displayName': 'OutfielderBlock', 'value': 94}}, {'type': {'displayName': 'Zone', 'value': 56}, 'value': 'Back'}, {'type': {'displayName': 'OppositeRelatedEvent', 'value': 233}, 'value': '423'}]",True,,,,,
1910889,SecondHalf,52,57,57,KeeperPickup,Successful,1211,Hoffenheim,77440.0,Oliver Baumann,6.1,46.3,,,,,,,[],False,,,,,
1910889,SecondHalf,53,1,58,Pass,Successful,1211,Hoffenheim,77440.0,Oliver Baumann,12.5,44.7,20.9,12.9,,,,,"[{'type': {'displayName': 'PassEndY', 'value': 141}, 'value': '12.9'}, {'type': {'displayName': 'Zone', 'value': 56}, 'value': 'Back'}, {'type': {'displayName': 'Length', 'value': 212}, 'value': '23.4'}, {'type': {'displayName': 'Angle', 'value': 213}, 'value': '5.10'}, {'type': {'displayName': 'PassEndX', 'value': 140}, 'value': '20.9'}, {'type': {'displayName': 'KeeperThrow', 'value': 123}}]",True,,,,,
1910889,SecondHalf,53,6,58,Pass,Successful,1211,Hoffenheim,111372.0,Vladimír Coufal,32.7,9.4,26.1,39.7,,,,,"[{'type': {'displayName': 'PassEndY', 'value': 141}, 'value': '39.7'}, {'type': {'displayName': 'Length', 'value': 212}, 'value': '21.7'}, {'type': {'displayName': 'Angle', 'value': 213}, 'value': '1.90'}, {'type': {'displayName': 'PassEndX', 'value': 140}, 'value': '26.1'}, {'type': {'displayName': 'Zone', 'value': 56}, 'value': 'Back'}]",True,,,,,
1910889,SecondHalf,53,14,58,Pass,Successful,1211,Hoffenheim,356743.0,Ozan Kabak,48.0,30.9,59.0,7.2,,,,,"[{'type': {'displayName': 'Zone', 'value': 56}, 'value': 'Right'}, {'type': {'displayName': 'Angle', 'value': 213}, 'value': '5.33'}, {'type': {'displayName': 'PassEndX', 'value': 140}, 'value': '59.0'}, {'type': {'displayName': 'PassEndY', 'value': 141}, 'value': '7.2'}, {'type': {'displayName': 'Length', 'value': 212}, 'value': '19.8'}]",True,,,,,
1910889,SecondHalf,53,17,58,Pass,Successful,1211,Hoffenheim,111372.0,Vladimír Coufal,61.5,8.1,56.1,31.9,,,,,"[{'type': {'displayName': 'Angle', 'value': 213}, 'value': '1.91'}, {'type': {'displayName': 'PassEndY', 'value': 141}, 'value': '31.9'}, {'type': {'displayName': 'Length', 'value': 212}, 'value': '17.1'}, {'type': {'displayName': 'PassEndX', 'value': 140}, 'value': '56.1'}, {'type': {'displayName': 'Zone', 'value': 56}, 'value': 'Center'}]",True,,,,,
1910889,SecondHalf,53,21,58,Pass,Successful,1211,Hoffenheim,356743.0,Ozan Kabak,59.3,32.1,54.8,52.2,,,,,"[{'type': {'displayName': 'Zone', 'value': 56}, 'value': 'Center'}, {'type': {'displayName': 'Angle', 'value': 213}, 'value': '1.90'}, {'type': {'displayName': 'PassEndX', 'value': 140}, 'value': '54.8'}, {'type': {'displayName': 'PassEndY', 'value': 141}, 'value': '52.2'}, {'type': {'displayName': 'Length', 'value': 212}, 'value': '14.5'}]",True,,,,,
1910889,SecondHalf,53,23,58,Pass,Successful,1211,Hoffenheim,402697.0,Albian Hajdari,55.4,54.0,72.4,90.6,,,,,"[{'type': {'displayName': 'PassEndY', 'value': 141}, 'value': '90.6'}, {'type': {'displayName': 'Angle', 'value': 213}, 'value': '0.95'}, {'type': {'displayName': 'Length', 'value': 212}, 'value': '30.6'}, {'type': {'displayName': 'Zone', 'value': 56}, 'value': 'Left'}, {'type': {'displayName': 'PassEndX', 'value': 140}, 'value': '72.4'}]",True,,,,,
1910889,SecondHalf,53,28,58,Pass,Successful,1211,Hoffenheim,551965.0,Bazoumana Touré,72.7,87.7,76.3,69.0,,,,,"[{'type': {'displayName': 'Length', 'value': 212}, 'value': '13.3'}, {'type': {'displayName': 'Angle', 'value': 213}, 'value': '5.00'}, {'type': {'displayName': 'PassEndX', 'value': 140}, 'value': '76.3'}, {'type': {'displayName': 'Zone', 'value': 56}, 'value': 'Center'}, {'type': {'displayName': 'PassEndY', 'value': 141}, 'value': '69.0'}]",True,,,,,
1910889,SecondHalf,53,32,58,Pass,Unsuccessful,1211,Hoffenheim,428426.0,Fisnik Asllani,74.8,65.2,100.0,9.3,,,,,"[{'type': {'displayName': 'Zone', 'value': 56}, 'value': 'Right'}, {'type': {'displayName': 'Length', 'value': 212}, 'value': '46.7'}, {'type': {'displayName': 'Longball', 'value': 1}}, {'type': {'displayName': 'PassEndX', 'value': 140}, 'value': '100.0'}, {'type': {'displayName': 'PassEndY', 'value': 141}, 'value': '9.3'}, {'type': {'displayName': 'Angle', 'value': 213}, 'value': '5.33'}, {'type': {'displayName': 'Chipped', 'value': 155}}]",True,,,,,
1910889,SecondHalf,54,1,59,Pass,Successful,42,Werder Bremen,436119.0,Mio Backhaus,3.6,40.4,54.8,39.6,,,,,"[{'type': {'displayName': 'MissHigh', 'value': 74}}, {'type': {'displayName': 'Angle', 'value': 213}, 'value': '6.27'}, {'type': {'displayName': 'GoalKick', 'value': 124}}, {'type': {'displayName': 'Chipped', 'value': 155}}, {'type': {'displayName': 'PassEndY', 'value': 141}, 'value': '39.6'}, {'type': {'displayName': 'Longball', 'value': 1}}, {'type': {'displayName': 'Length', 'value': 212}, 'value': '53.8'}, {'type': {'displayName': 'PassEndX', 'value': 140}, 'value': '54.8'}, {'type': {'displayName': 'Zone', 'value': 56}, 'value': 'Center'}]",True,,,,,
1910889,SecondHalf,54,2,59,Pass,Successful,42,Werder Bremen,383847.0,Romano Schmid,56.1,40.7,73.8,45.6,,,,,"[{'type': {'displayName': 'Angle', 'value': 213}, 'value': '0.18'}, {'type': {'displayName': 'Length', 'value': 212}, 'value': '18.9'}, {'type': {'displayName': 'IntentionalAssist', 'value': 154}}, {'type': {'displayName': 'Zone', 'value': 56}, 'value': 'Center'}, {'type': {'displayName': 'PassEndX', 'value': 140}, 'value': '73.8'}, {'type': {'displayName': 'PassEndY', 'value': 141}, 'value': '45.6'}, {'type': {'displayName': 'ShotAssist', 'value': 210}, 'value': '15'}, {'type': {'displayName': 'HeadPass', 'value': 3}}, {'type': {'displayName': 'KeyPass', 'value': 11113}}]",True,,,,,
1910889,SecondHalf,54,5,59,SavedShot,Successful,42,Werder Bremen,438066.0,Justin Njinmah,81.1,53.0,,,51.8,19.0,84.5,52.5,"[{'type': {'displayName': 'GoalMouthZ', 'value': 103}, 'value': '19'}, {'type': {'displayName': 'Assisted', 'value': 29}}, {'type': {'displayName': 'OutOfBoxCentre', 'value': 18}}, {'type': {'displayName': 'OppositeRelatedEvent', 'value': 233}, 'value': '633'}, {'type': {'displayName': 'BlockedY', 'value': 147}, 'value': '52.5'}, {'type': {'displayName': 'Blocked', 'value': 82}}, {'type': {'displayName': 'RegularPlay', 'value': 22}}, {'type': {'displayName': 'RelatedEventId', 'value': 55}, 'value': '427'}, {'type': {'displayName': 'BlockedX', 'value': 146}, 'value': '84.5'}, {'type': {'displayName': 'LeftFoot', 'value': 72}}, {'type': {'displayName': 'IntentionalAssist', 'value': 154}}, {'type': {'displayName': 'GoalMouthY', 'value': 102}, 'value': '51.8'}, {'type': {'displayName': 'Zone', 'value': 56}, 'value': 'Center'}, {'type': {'displayName': 'LowLeft', 'value': 76}}]",True,True,,,427.0,383847.0
1910889,SecondHalf,54,6,59,Save,Successful,1211,Hoffenheim,402697.0,Albian Hajdari,15.5,47.5,,,,,,,"[{'type': {'displayName': 'OutfielderBlock', 'value': 94}}, {'type': {'displayName': 'Zone', 'value': 56}, 'value': 'Back'}, {'type': {'displayName': 'OppositeRelatedEvent', 'value': 233}, 'value': '428'}]",True,,,,,
1910889,SecondHalf,54,7,59,CornerAwarded,Successful,42,Werder Bremen,438066.0,Justin Njinmah,93.8,65.0,,,,,,,"[{'type': {'displayName': 'OppositeRelatedEvent', 'value': 233}, 'value': '634'}, {'type': {'displayName': 'MissLeft', 'value': 73}}, {'type': {'displayName': 'Zone', 'value': 56}, 'value': 'Center'}]",False,,,,,
1910889,SecondHalf,54,7,59,CornerAwarded,Unsuccessful,1211,Hoffenheim,402697.0,Albian Hajdari,6.2,35.0,,,,,,,"[{'type': {'displayName': 'OppositeRelatedEvent', 'value': 233}, 'value': '429'}, {'type': {'displayName': 'Zone', 'value': 56}, 'value': 'Back'}, {'type': {'displayName': 'MissLeft', 'value': 73}}]",False,,,,,
1910889,SecondHalf,54,43,59,Pass,Successful,42,Werder Bremen,431791.0,Cameron Puertas,99.7,99.5,88.9,83.8,,,,,"[{'type': {'displayName': 'Angle', 'value': 213}, 'value': '3.90'}, {'type': {'displayName': 'PassEndX', 'value': 140}, 'value': '88.9'}, {'type': {'displayName': 'Length', 'value': 212}, 'value': '15.6'}, {'type': {'displayName': 'PassEndY', 'value': 141}, 'value': '83.8'}, {'type': {'displayName': 'Zone', 'value': 56}, 'value': 'Left'}, {'type': {'displayName': 'CornerTaken', 'value': 6}}]",True,,,,,
1910889,SecondHalf,54,44,59,Pass,Unsuccessful,42,Werder Bremen,383847.0,Romano Schmid,88.1,83.3,100.0,32.7,,,,,"[{'type': {'displayName': 'PassEndY', 'value': 141}, 'value': '32.7'}, {'type': {'displayName': 'PassEndX', 'value': 140}, 'value': '100.0'}, {'type': {'displayName': 'Chipped', 'value': 155}}, {'type': {'displayName': 'Cross', 'value': 2}}, {'type': {'displayName': 'Longball', 'value': 1}}, {'type': {'displayName': 'Length', 'value': 212}, 'value': '37.4'}, {'type': {'displayName': 'Angle', 'value': 213}, 'value': '5.11'}, {'type': {'displayName': 'RightFoot', 'value': 20}}, {'type': {'displayName': 'Zone', 'value': 56}, 'value': 'Center'}]",True,,,,,
1910889,SecondHalf,54,54,59,Pass,Successful,1211,Hoffenheim,77440.0,Oliver Baumann,3.3,55.9,14.9,86.2,,,,,"[{'type': {'displayName': 'PassEndY', 'value': 141}, 'value': '86.2'}, {'type': {'displayName': 'Zone', 'value': 56}, 'value': 'Back'}, {'type': {'displayName': 'Angle', 'value': 213}, 'value': '1.04'}, {'type': {'displayName': 'Length', 'value': 212}, 'value': '23.9'}, {'type': {'displayName': 'PassEndX', 'value': 140}, 'value': '14.9'}, {'type': {'displayName': 'GoalKick', 'value': 124}}]",True,,,,,
1910889,SecondHalf,54,59,59,Pass,Successful,1211,Hoffenheim,302588.0,Bernardo,26.0,75.4,28.0,33.0,,,,,"[{'type': {'displayName': 'PassEndY', 'value': 141}, 'value': '33.0'}, {'type': {'displayName': 'Angle', 'value': 213}, 'value': '4.79'}, {'type': {'displayName': 'Length', 'value': 212}, 'value': '28.9'}, {'type': {'displayName': 'Zone', 'value': 56}, 'value': 'Back'}, {'type': {'displayName': 'PassEndX', 'value': 140}, 'value': '28.0'}]",True,,,,,
1910889,SecondHalf,55,6,60,Pass,Successful,1211,Hoffenheim,356743.0,Ozan Kabak,49.3,32.5,52.1,55.3,,,,,"[{'type': {'displayName': 'Angle', 'value': 213}, 'value': '1.38'}, {'type': {'displayName': 'Length', 'value': 212}, 'value': '15.8'}, {'type': {'displayName': 'Zone', 'value': 56}, 'value': 'Center'}, {'type': {'displayName': 'PassEndY', 'value': 141}, 'value': '55.3'}, {'type': {'displayName': 'PassEndX', 'value': 140}, 'value': '52.1'}]",True,,,,,
1910889,SecondHalf,55,14,60,Pass,Successful,1211,Hoffenheim,510234.0,Leon Avdullahu,70.1,73.6,73.5,62.4,,,,,"[{'type': {'displayName': 'PassEndX', 'value': 140}, 'value': '73.5'}, {'type': {'displayName': 'Angle', 'value': 213}, 'value': '5.15'}, {'type': {'displayName': 'Zone', 'value': 56}, 'value': 'Center'}, {'type': {'displayName': 'Length', 'value': 212}, 'value': '8.4'}, {'type': {'displayName': 'PassEndY', 'value': 141}, 'value': '62.4'}]",True,,,,,
1910889,SecondHalf,55,15,60,Pass,Successful,1211,Hoffenheim,75217.0,Andrej Kramaric,73.5,62.4,70.6,70.6,,,,,"[{'type': {'displayName': 'Zone', 'value': 56}, 'value': 'Center'}, {'type': {'displayName': 'PassEndY', 'value': 141}, 'value': '70.6'}, {'type': {'displayName': 'PassEndX', 'value': 140}, 'value': '70.6'}, {'type': {'displayName': 'Length', 'value': 212}, 'value': '6.4'}, {'type': {'displayName': 'Angle', 'value': 213}, 'value': '2.07'}]",True,,,,,
1910889,SecondHalf,55,16,60,Pass,Successful,1211,Hoffenheim,510234.0,Leon Avdullahu,70.6,70.6,73.8,87.0,,,,,"[{'type': {'displayName': 'Angle', 'value': 213}, 'value': '1.28'}, {'type': {'displayName': 'Length', 'value': 212}, 'value': '11.6'}, {'type': {'displayName': 'PassEndX', 'value': 140}, 'value': '73.8'}, {'type': {'displayName': 'PassEndY', 'value': 141}, 'value': '87.0'}, {'type': {'displayName': 'Zone', 'value': 56}, 'value': 'Left'}]",True,,,,,
1910889,SecondHalf,55,18,60,Pass,Successful,1211,Hoffenheim,302588.0,Bernardo,73.8,87.0,69.1,73.5,,,,,"[{'type': {'displayName': 'Angle', 'value': 213}, 'value': '4.22'}, {'type': {'displayName': 'PassEndX', 'value': 140}, 'value': '69.1'}, {'type': {'displayName': 'PassEndY', 'value': 141}, 'value': '73.5'}, {'type': {'displayName': 'Length', 'value': 212}, 'value': '10.4'}, {'type': {'displayName': 'Zone', 'value': 56}, 'value': 'Center'}]",True,,,,,
1910889,SecondHalf,55,20,60,Pass,Successful,1211,Hoffenheim,510234.0,Leon Avdullahu,69.1,73.5,73.5,64.3,,,,,"[{'type': {'displayName': 'Zone', 'value': 56}, 'value': 'Center'}, {'type': {'displayName': 'PassEndY', 'value': 141}, 'value': '64.3'}, {'type': {'displayName': 'Angle', 'value': 213}, 'value': '5.35'}, {'type': {'displayName': 'PassEndX', 'value': 140}, 'value': '73.5'}, {'type': {'displayName': 'Length', 'value': 212}, 'value': '7.8'}]",True,,,,,
1910889,SecondHalf,55,21,60,Pass,Successful,1211,Hoffenheim,361878.0,Wouter Burger,73.5,64.3,76.2,68.5,,,,,"[{'type': {'displayName': 'Zone', 'value': 56}, 'value': 'Center'}, {'type': {'displayName': 'Length', 'value': 212}, 'value': '4.0'}, {'type': {'displayName': 'Angle', 'value': 213}, 'value': '0.79'}, {'type': {'displayName': 'PassEndX', 'value': 140}, 'value': '76.2'}, {'type': {'displayName': 'PassEndY', 'value': 141}, 'value': '68.5'}]",True,,,,,
1910889,SecondHalf,55,22,60,Pass,Successful,1211,Hoffenheim,428426.0,Fisnik Asllani,76.2,68.5,75.5,61.8,,,,,"[{'type': {'displayName': 'PassEndX', 'value': 140}, 'value': '75.5'}, {'type': {'displayName': 'Zone', 'value': 56}, 'value': 'Center'}, {'type': {'displayName': 'Angle', 'value': 213}, 'value': '4.55'}, {'type': {'displayName': 'PassEndY', 'value': 141}, 'value': '61.8'}, {'type': {'displayName': 'Length', 'value': 212}, 'value': '4.6'}]",True,,,,,
1910889,SecondHalf,55,23,60,Pass,Successful,1211,Hoffenheim,361878.0,Wouter Burger,75.5,61.8,83.4,68.1,,,,,"[{'type': {'displayName': 'Length', 'value': 212}, 'value': '9.3'}, {'type': {'displayName': 'PassEndY', 'value': 141}, 'value': '68.1'}, {'type': {'displayName': 'Angle', 'value': 213}, 'value': '0.48'}, {'type': {'displayName': 'Zone', 'value': 56}, 'value': 'Center'}, {'type': {'displayName': 'PassEndX', 'value': 140}, 'value': '83.4'}]",True,,,,,
1910889,SecondHalf,55,24,60,BallTouch,Unsuccessful,1211,Hoffenheim,428426.0,Fisnik Asllani,83.5,68.1,,,,,,,"[{'type': {'displayName': 'Zone', 'value': 56}, 'value': 'Center'}]",True,,,,,
1910889,SecondHalf,55,25,60,Clearance,Successful,42,Werder Bremen,368176.0,Amos Pieper,14.0,35.5,15.8,30.1,,,,,"[{'type': {'displayName': 'PassEndX', 'value': 140}, 'value': '15.8'}, {'type': {'displayName': 'Zone', 'value': 56}, 'value': 'Back'}, {'type': {'displayName': 'PassEndY', 'value': 141}, 'value': '30.1'}, {'type': {'displayName': 'Angle', 'value': 213}, 'value': '5.19'}, {'type': {'displayName': 'Length', 'value': 212}, 'value': '4.1'}]",True,,,,,
1910889,SecondHalf,55,26,60,Pass,Successful,1211,Hoffenheim,551965.0,Bazoumana Touré,80.5,73.8,77.7,57.6,,,,,"[{'type': {'displayName': 'PassEndX', 'value': 140}, 'value': '77.7'}, {'type': {'displayName': 'Zone', 'value': 56}, 'value': 'Center'}, {'type': {'displayName': 'Length', 'value': 212}, 'value': '11.4'}, {'type': {'displayName': 'Angle', 'value': 213}, 'value': '4.45'}, {'type': {'displayName': 'HeadPass', 'value': 3}}, {'type': {'displayName': 'PassEndY', 'value': 141}, 'value': '57.6'}]",True,,,,,
1910889,SecondHalf,55,27,60,BallTouch,Unsuccessful,1211,Hoffenheim,361878.0,Wouter Burger,77.7,57.9,,,,,,,"[{'type': {'displayName': 'Zone', 'value': 56}, 'value': 'Center'}]",True,,,,,
1910889,SecondHalf,55,28,60,BallRecovery,Successful,42,Werder Bremen,383847.0,Romano Schmid,24.1,38.2,,,,,,,[],False,,,,,
1910889,SecondHalf,55,29,60,Pass,Unsuccessful,42,Werder Bremen,383847.0,Romano Schmid,26.3,38.1,33.7,40.4,,,,,"[{'type': {'displayName': 'PassEndX', 'value': 140}, 'value': '33.7'}, {'type': {'displayName': 'Length', 'value': 212}, 'value': '7.9'}, {'type': {'displayName': 'Zone', 'value': 56}, 'value': 'Back'}, {'type': {'displayName': 'PassEndY', 'value': 141}, 'value': '40.4'}, {'type': {'displayName': 'Angle', 'value': 213}, 'value': '0.20'}]",True,,,,,
1910889,SecondHalf,55,30,60,Interception,Successful,1211,Hoffenheim,402697.0,Albian Hajdari,66.3,59.6,,,,,,,"[{'type': {'displayName': 'Zone', 'value': 56}, 'value': 'Center'}]",True,,,,,
1910889,SecondHalf,55,31,60,BallRecovery,Successful,1211,Hoffenheim,361878.0,Wouter Burger,70.3,38.2,,,,,,,[],False,,,,,
1910889,SecondHalf,55,32,60,Pass,Successful,1211,Hoffenheim,361878.0,Wouter Burger,70.6,37.6,80.5,14.1,,,,,"[{'type': {'displayName': 'Length', 'value': 212}, 'value': '19.1'}, {'type': {'displayName': 'Angle', 'value': 213}, 'value': '5.29'}, {'type': {'displayName': 'PassEndY', 'value': 141}, 'value': '14.1'}, {'type': {'displayName': 'Zone', 'value': 56}, 'value': 'Right'}, {'type': {'displayName': 'PassEndX', 'value': 140}, 'value': '80.5'}]",True,,,,,
1910889,SecondHalf,55,36,60,Pass,Successful,1211,Hoffenheim,395001.0,Tim Lemperle,79.6,27.4,86.3,35.1,,,,,"[{'type': {'displayName': 'Length', 'value': 212}, 'value': '8.8'}, {'type': {'displayName': 'PassEndY', 'value': 141}, 'value': '35.1'}, {'type': {'displayName': 'Zone', 'value': 56}, 'value': 'Center'}, {'type': {'displayName': 'Angle', 'value': 213}, 'value': '0.64'}, {'type': {'displayName': 'PassEndX', 'value': 140}, 'value': '86.3'}]",True,,,,,
1910889,SecondHalf,55,39,60,Pass,Successful,1211,Hoffenheim,428426.0,Fisnik Asllani,86.3,35.1,85.1,40.3,,,,,"[{'type': {'displayName': 'Length', 'value': 212}, 'value': '3.8'}, {'type': {'displayName': 'PassEndY', 'value': 141}, 'value': '40.3'}, {'type': {'displayName': 'Angle', 'value': 213}, 'value': '1.91'}, {'type': {'displayName': 'Zone', 'value': 56}, 'value': 'Center'}, {'type': {'displayName': 'PassEndX', 'value': 140}, 'value': '85.1'}]",True,,,,,
1910889,SecondHalf,55,41,60,Pass,Successful,1211,Hoffenheim,75217.0,Andrej Kramaric,86.0,35.8,86.6,31.9,,,,,"[{'type': {'displayName': 'PassEndY', 'value': 141}, 'value': '31.9'}, {'type': {'displayName': 'PassEndX', 'value': 140}, 'value': '86.6'}, {'type': {'displayName': 'Angle', 'value': 213}, 'value': '4.95'}, {'type': {'displayName': 'Length', 'value': 212}, 'value': '2.7'}, {'type': {'displayName': 'Zone', 'value': 56}, 'value': 'Center'}]",True,,,,,
1910889,SecondHalf,55,42,60,Pass,Unsuccessful,1211,Hoffenheim,428426.0,Fisnik Asllani,86.6,31.9,88.4,35.7,,,,,"[{'type': {'displayName': 'Zone', 'value': 56}, 'value': 'Center'}, {'type': {'displayName': 'Length', 'value': 212}, 'value': '3.2'}, {'type': {'displayName': 'Offensive', 'value': 286}}, {'type': {'displayName': 'PassEndX', 'value': 140}, 'value': '88.4'}, {'type': {'displayName': 'OppositeRelatedEvent', 'value': 233}, 'value': '437'}, {'type': {'displayName': 'PassEndY', 'value': 141}, 'value': '35.7'}, {'type': {'displayName': 'Angle', 'value': 213}, 'value': '0.94'}]",True,,,,,
1910889,SecondHalf,55,42,60,BlockedPass,Successful,42,Werder Bremen,407284.0,Olivier Deman,11.6,64.3,,,,,,,"[{'type': {'displayName': 'Defensive', 'value': 285}}, {'type': {'displayName': 'OppositeRelatedEvent', 'value': 233}, 'value': '656'}, {'type': {'displayName': 'Zone', 'value': 56}, 'value': 'Back'}]",True,,,,,
1910889,SecondHalf,55,44,60,Clearance,Successful,42,Werder Bremen,407284.0,Olivier Deman,14.6,64.5,23.4,100.0,,,,,"[{'type': {'displayName': 'PassEndX', 'value': 140}, 'value': '23.4'}, {'type': {'displayName': 'PassEndY', 'value': 141}, 'value': '100.0'}, {'type': {'displayName': 'Zone', 'value': 56}, 'value': 'Back'}, {'type': {'displayName': 'Angle', 'value': 213}, 'value': '1.21'}, {'type': {'displayName': 'Length', 'value': 212}, 'value': '26.5'}]",True,,,,,
1910889,SecondHalf,55,59,60,Pass,Successful,1211,Hoffenheim,111372.0,Vladimír Coufal,74.2,0.0,70.3,3.9,,,,,"[{'type': {'displayName': 'Length', 'value': 212}, 'value': '5.6'}, {'type': {'displayName': 'PassEndX', 'value': 140}, 'value': '70.3'}, {'type': {'displayName': 'Zone', 'value': 56}, 'value': 'Right'}, {'type': {'displayName': 'Angle', 'value': 213}, 'value': '2.39'}, {'type': {'displayName': 'ThrowIn', 'value': 107}}, {'type': {'displayName': 'PassEndY', 'value': 141}, 'value': '3.9'}]",True,,,,,
1910889,SecondHalf,56,2,61,Pass,Successful,1211,Hoffenheim,361878.0,Wouter Burger,71.7,5.8,82.7,3.1,,,,,"[{'type': {'displayName': 'Angle', 'value': 213}, 'value': '6.13'}, {'type': {'displayName': 'PassEndX', 'value': 140}, 'value': '82.7'}, {'type': {'displayName': 'Zone', 'value': 56}, 'value': 'Right'}, {'type': {'displayName': 'PassEndY', 'value': 141}, 'value': '3.1'}, {'type': {'displayName': 'Length', 'value': 212}, 'value': '11.7'}]",True,,,,,
1910889,SecondHalf,56,4,61,Pass,Successful,1211,Hoffenheim,111372.0,Vladimír Coufal,81.9,3.7,62.3,13.9,,,,,"[{'type': {'displayName': 'Angle', 'value': 213}, 'value': '2.82'}, {'type': {'displayName': 'Length', 'value': 212}, 'value': '21.7'}, {'type': {'displayName': 'Zone', 'value': 56}, 'value': 'Right'}, {'type': {'displayName': 'PassEndX', 'value': 140}, 'value': '62.3'}, {'type': {'displayName': 'PassEndY', 'value': 141}, 'value': '13.9'}]",True,,,,,
1910889,SecondHalf,56,6,61,Pass,Successful,1211,Hoffenheim,356743.0,Ozan Kabak,62.2,16.0,62.0,38.1,,,,,"[{'type': {'displayName': 'Zone', 'value': 56}, 'value': 'Center'}, {'type': {'displayName': 'PassEndY', 'value': 141}, 'value': '38.1'}, {'type': {'displayName': 'PassEndX', 'value': 140}, 'value': '62.0'}, {'type': {'displayName': 'Length', 'value': 212}, 'value': '15.0'}, {'type': {'displayName': 'Angle', 'value': 213}, 'value': '1.58'}]",True,,,,,
1910889,SecondHalf,56,8,61,Pass,Successful,1211,Hoffenheim,402697.0,Albian Hajdari,63.5,39.3,99.2,14.7,,,,,"[{'type': {'displayName': 'Chipped', 'value': 155}}, {'type': {'displayName': 'PassEndY', 'value': 141}, 'value': '14.7'}, {'type': {'displayName': 'Longball', 'value': 1}}, {'type': {'displayName': 'PassEndX', 'value': 140}, 'value': '99.2'}, {'type': {'displayName': 'Angle', 'value': 213}, 'value': '5.86'}, {'type': {'displayName': 'Zone', 'value': 56}, 'value': 'Right'}, {'type': {'displayName': 'Length', 'value': 212}, 'value': '41.0'}]",True,,,,,
1910889,SecondHalf,56,11,61,Pass,Unsuccessful,1211,Hoffenheim,111372.0,Vladimír Coufal,99.2,14.7,92.4,100.0,,,,,"[{'type': {'displayName': 'PassEndX', 'value': 140}, 'value': '92.4'}, {'type': {'displayName': 'Length', 'value': 212}, 'value': '59.5'}, {'type': {'displayName': 'Cross', 'value': 2}}, {'type': {'displayName': 'RightFoot', 'value': 20}}, {'type': {'displayName': 'Angle', 'value': 213}, 'value': '1.69'}, {'type': {'displayName': 'Chipped', 'value': 155}}, {'type': {'displayName': 'PassEndY', 'value': 141}, 'value': '100.0'}, {'type': {'displayName': 'Zone', 'value': 56}, 'value': 'Left'}, {'type': {'displayName': 'Longball', 'value': 1}}]",True,,,,,
1910889,SecondHalf,56,53,61,SubstitutionOff,Successful,1211,Hoffenheim,551965.0,Bazoumana Touré,0.0,0.0,,,,,,,"[{'type': {'displayName': 'JerseyNumber', 'value': 59}, 'value': '29'}, {'type': {'displayName': 'RelatedEventId', 'value': 55}, 'value': '666'}, {'type': {'displayName': 'PlayerPosition', 'value': 44}, 'value': 'Forward'}]",False,,,,666.0,418588.0
1910889,SecondHalf,56,53,61,SubstitutionOn,Successful,1211,Hoffenheim,418588.0,Alexander Prass,0.0,0.0,,,,,,,"[{'type': {'displayName': 'JerseyNumber', 'value': 59}, 'value': '22'}, {'type': {'displayName': 'RelatedEventId', 'value': 55}, 'value': '665'}, {'type': {'displayName': 'PlayerPosition', 'value': 44}, 'value': 'Midfielder'}, {'type': {'displayName': 'FormationSlot', 'value': 145}, 'value': '11'}]",False,,,,665.0,551965.0
1910889,SecondHalf,57,1,62,Pass,Successful,42,Werder Bremen,538407.0,Isaac Schmidt,6.7,0.0,7.3,12.8,,,,,"[{'type': {'displayName': 'Zone', 'value': 56}, 'value': 'Back'}, {'type': {'displayName': 'ThrowIn', 'value': 107}}, {'type': {'displayName': 'Length', 'value': 212}, 'value': '10.1'}, {'type': {'displayName': 'PassEndY', 'value': 141}, 'value': '12.8'}, {'type': {'displayName': 'Angle', 'value': 213}, 'value': '1.51'}, {'type': {'displayName': 'PassEndX', 'value': 140}, 'value': '7.3'}]",True,,,,,
1910889,SecondHalf,57,2,62,Pass,Unsuccessful,42,Werder Bremen,368176.0,Amos Pieper,7.3,12.8,24.2,11.8,,,,,"[{'type': {'displayName': 'Angle', 'value': 213}, 'value': '6.24'}, {'type': {'displayName': 'Length', 'value': 212}, 'value': '17.8'}, {'type': {'displayName': 'PassEndX', 'value': 140}, 'value': '24.2'}, {'type': {'displayName': 'Zone', 'value': 56}, 'value': 'Back'}, {'type': {'displayName': 'PassEndY', 'value': 141}, 'value': '11.8'}, {'type': {'displayName': 'Longball', 'value': 1}}]",True,,,,,
1910889,SecondHalf,57,3,62,Pass,Successful,1211,Hoffenheim,302588.0,Bernardo,71.8,87.9,78.1,89.4,,,,,"[{'type': {'displayName': 'Angle', 'value': 213}, 'value': '0.15'}, {'type': {'displayName': 'PassEndY', 'value': 141}, 'value': '89.4'}, {'type': {'displayName': 'Length', 'value': 212}, 'value': '6.7'}, {'type': {'displayName': 'Zone', 'value': 56}, 'value': 'Left'}, {'type': {'displayName': 'PassEndX', 'value': 140}, 'value': '78.1'}]",True,,,,,
1910889,SecondHalf,57,4,62,BallRecovery,Successful,1211,Hoffenheim,418588.0,Alexander Prass,78.2,89.2,,,,,,,[],False,,,,,
1910889,SecondHalf,57,5,62,Pass,Unsuccessful,1211,Hoffenheim,418588.0,Alexander Prass,78.2,89.2,78.2,78.7,,,,,"[{'type': {'displayName': 'Zone', 'value': 56}, 'value': 'Center'}, {'type': {'displayName': 'PassEndY', 'value': 141}, 'value': '78.7'}, {'type': {'displayName': 'Angle', 'value': 213}, 'value': '4.71'}, {'type': {'displayName': 'PassEndX', 'value': 140}, 'value': '78.2'}, {'type': {'displayName': 'Length', 'value': 212}, 'value': '7.1'}]",True,,,,,
1910889,SecondHalf,57,7,62,Interception,Successful,42,Werder Bremen,420405.0,Senne Lynen,21.8,21.3,,,,,,,"[{'type': {'displayName': 'Zone', 'value': 56}, 'value': 'Back'}]",True,,,,,
1910889,SecondHalf,57,8,62,Pass,Successful,42,Werder Bremen,377280.0,Jens Stage,32.9,16.8,32.7,20.4,,,,,"[{'type': {'displayName': 'Length', 'value': 212}, 'value': '2.5'}, {'type': {'displayName': 'Zone', 'value': 56}, 'value': 'Back'}, {'type': {'displayName': 'Angle', 'value': 213}, 'value': '1.66'}, {'type': {'displayName': 'PassEndY', 'value': 141}, 'value': '20.4'}, {'type': {'displayName': 'PassEndX', 'value': 140}, 'value': '32.7'}]",True,,,,,
1910889,SecondHalf,57,9,62,Pass,Successful,42,Werder Bremen,420405.0,Senne Lynen,32.7,20.4,35.2,14.8,,,,,"[{'type': {'displayName': 'Length', 'value': 212}, 'value': '4.6'}, {'type': {'displayName': 'PassEndY', 'value': 141}, 'value': '14.8'}, {'type': {'displayName': 'Angle', 'value': 213}, 'value': '5.32'}, {'type': {'displayName': 'PassEndX', 'value': 140}, 'value': '35.2'}, {'type': {'displayName': 'Zone', 'value': 56}, 'value': 'Back'}]",True,,,,,
1910889,SecondHalf,57,11,62,BallRecovery,Successful,42,Werder Bremen,377280.0,Jens Stage,32.7,20.4,,,,,,,[],False,,,,,
1910889,SecondHalf,57,12,62,Pass,Successful,42,Werder Bremen,377280.0,Jens Stage,35.2,14.8,39.1,18.5,,,,,"[{'type': {'displayName': 'Length', 'value': 212}, 'value': '4.8'}, {'type': {'displayName': 'Zone', 'value': 56}, 'value': 'Back'}, {'type': {'displayName': 'PassEndY', 'value': 141}, 'value': '18.5'}, {'type': {'displayName': 'PassEndX', 'value': 140}, 'value': '39.1'}, {'type': {'displayName': 'Angle', 'value': 213}, 'value': '0.55'}]",True,,,,,
1910889,SecondHalf,57,14,62,BallTouch,Unsuccessful,42,Werder Bremen,438066.0,Justin Njinmah,40.4,15.8,,,,,,,"[{'type': {'displayName': 'Zone', 'value': 56}, 'value': 'Back'}]",True,,,,,
1910889,SecondHalf,57,16,62,BallRecovery,Successful,1211,Hoffenheim,418588.0,Alexander Prass,35.0,56.5,,,,,,,[],False,,,,,
1910889,SecondHalf,57,18,62,Pass,Successful,1211,Hoffenheim,418588.0,Alexander Prass,44.0,87.6,28.9,66.6,,,,,"[{'type': {'displayName': 'PassEndX', 'value': 140}, 'value': '28.9'}, {'type': {'displayName': 'Angle', 'value': 213}, 'value': '3.87'}, {'type': {'displayName': 'Zone', 'value': 56}, 'value': 'Back'}, {'type': {'displayName': 'PassEndY', 'value': 141}, 'value': '66.6'}, {'type': {'displayName': 'Length', 'value': 212}, 'value': '21.3'}]",True,,,,,
1910889,SecondHalf,57,20,62,Pass,Successful,1211,Hoffenheim,77440.0,Oliver Baumann,35.1,56.4,51.8,15.0,,,,,"[{'type': {'displayName': 'Angle', 'value': 213}, 'value': '5.27'}, {'type': {'displayName': 'PassEndY', 'value': 141}, 'value': '15.0'}, {'type': {'displayName': 'Length', 'value': 212}, 'value': '33.2'}, {'type': {'displayName': 'PassEndX', 'value': 140}, 'value': '51.8'}, {'type': {'displayName': 'Zone', 'value': 56}, 'value': 'Right'}, {'type': {'displayName': 'Longball', 'value': 1}}]",True,,,,,
1910889,SecondHalf,57,22,62,Pass,Successful,1211,Hoffenheim,111372.0,Vladimír Coufal,58.0,13.3,64.7,5.8,,,,,"[{'type': {'displayName': 'Length', 'value': 212}, 'value': '8.7'}, {'type': {'displayName': 'Zone', 'value': 56}, 'value': 'Right'}, {'type': {'displayName': 'PassEndX', 'value': 140}, 'value': '64.7'}, {'type': {'displayName': 'PassEndY', 'value': 141}, 'value': '5.8'}, {'type': {'displayName': 'Angle', 'value': 213}, 'value': '5.66'}]",True,,,,,
1910889,SecondHalf,57,27,62,Pass,Successful,1211,Hoffenheim,75217.0,Andrej Kramaric,64.1,12.4,58.8,22.0,,,,,"[{'type': {'displayName': 'Length', 'value': 212}, 'value': '8.6'}, {'type': {'displayName': 'PassEndY', 'value': 141}, 'value': '22.0'}, {'type': {'displayName': 'Zone', 'value': 56}, 'value': 'Center'}, {'type': {'displayName': 'Angle', 'value': 213}, 'value': '2.28'}, {'type': {'displayName': 'PassEndX', 'value': 140}, 'value': '58.8'}]",True,,,,,
1910889,SecondHalf,57,28,62,Pass,Successful,1211,Hoffenheim,356743.0,Ozan Kabak,58.8,22.2,61.7,34.9,,,,,"[{'type': {'displayName': 'Angle', 'value': 213}, 'value': '1.23'}, {'type': {'displayName': 'Length', 'value': 212}, 'value': '9.2'}, {'type': {'displayName': 'PassEndX', 'value': 140}, 'value': '61.7'}, {'type': {'displayName': 'PassEndY', 'value': 141}, 'value': '34.9'}, {'type': {'displayName': 'Zone', 'value': 56}, 'value': 'Center'}]",True,,,,,
1910889,SecondHalf,57,31,62,Pass,Successful,1211,Hoffenheim,510234.0,Leon Avdullahu,62.1,35.8,71.9,62.4,,,,,"[{'type': {'displayName': 'PassEndY', 'value': 141}, 'value': '62.4'}, {'type': {'displayName': 'Zone', 'value': 56}, 'value': 'Center'}, {'type': {'displayName': 'PassEndX', 'value': 140}, 'value': '71.9'}, {'type': {'displayName': 'Angle', 'value': 213}, 'value': '1.05'}, {'type': {'displayName': 'Length', 'value': 212}, 'value': '20.8'}]",True,,,,,
1910889,SecondHalf,57,32,62,Pass,Unsuccessful,1211,Hoffenheim,395001.0,Tim Lemperle,71.9,62.4,72.6,50.4,,,,,"[{'type': {'displayName': 'Angle', 'value': 213}, 'value': '4.80'}, {'type': {'displayName': 'Length', 'value': 212}, 'value': '8.2'}, {'type': {'displayName': 'PassEndX', 'value': 140}, 'value': '72.6'}, {'type': {'displayName': 'Zone', 'value': 56}, 'value': 'Center'}, {'type': {'displayName': 'PassEndY', 'value': 141}, 'value': '50.4'}]",True,,,,,
1910889,SecondHalf,57,33,62,Interception,Successful,42,Werder Bremen,420405.0,Senne Lynen,27.4,49.6,,,,,,,"[{'type': {'displayName': 'Zone', 'value': 56}, 'value': 'Back'}]",True,,,,,
1910889,SecondHalf,57,36,62,Pass,Successful,1211,Hoffenheim,302588.0,Bernardo,67.9,65.2,71.5,84.6,,,,,"[{'type': {'displayName': 'Length', 'value': 212}, 'value': '13.7'}, {'type': {'displayName': 'PassEndX', 'value': 140}, 'value': '71.5'}, {'type': {'displayName': 'Angle', 'value': 213}, 'value': '1.29'}, {'type': {'displayName': 'Zone', 'value': 56}, 'value': 'Left'}, {'type': {'displayName': 'PassEndY', 'value': 141}, 'value': '84.6'}]",True,,,,,
1910889,SecondHalf,57,39,62,Pass,Successful,1211,Hoffenheim,418588.0,Alexander Prass,71.5,85.8,60.9,66.6,,,,,"[{'type': {'displayName': 'Length', 'value': 212}, 'value': '17.2'}, {'type': {'displayName': 'PassEndX', 'value': 140}, 'value': '60.9'}, {'type': {'displayName': 'Angle', 'value': 213}, 'value': '4.01'}, {'type': {'displayName': 'Zone', 'value': 56}, 'value': 'Center'}, {'type': {'displayName': 'PassEndY', 'value': 141}, 'value': '66.6'}]",True,,,,,
1910889,SecondHalf,57,40,62,Pass,Successful,1211,Hoffenheim,302588.0,Bernardo,60.9,66.6,63.1,44.8,,,,,"[{'type': {'displayName': 'PassEndY', 'value': 141}, 'value': '44.8'}, {'type': {'displayName': 'Zone', 'value': 56}, 'value': 'Center'}, {'type': {'displayName': 'Angle', 'value': 213}, 'value': '4.87'}, {'type': {'displayName': 'PassEndX', 'value': 140}, 'value': '63.1'}, {'type': {'displayName': 'Length', 'value': 212}, 'value': '15.0'}]",True,,,,,
1910889,SecondHalf,57,42,62,Pass,Successful,1211,Hoffenheim,402697.0,Albian Hajdari,63.5,45.3,65.2,27.1,,,,,"[{'type': {'displayName': 'Length', 'value': 212}, 'value': '12.5'}, {'type': {'displayName': 'Zone', 'value': 56}, 'value': 'Center'}, {'type': {'displayName': 'Angle', 'value': 213}, 'value': '4.86'}, {'type': {'displayName': 'PassEndX', 'value': 140}, 'value': '65.2'}, {'type': {'displayName': 'PassEndY', 'value': 141}, 'value': '27.1'}]",True,,,,,
1910889,SecondHalf,57,44,62,Pass,Successful,1211,Hoffenheim,356743.0,Ozan Kabak,65.8,27.4,81.2,3.7,,,,,"[{'type': {'displayName': 'PassEndX', 'value': 140}, 'value': '81.2'}, {'type': {'displayName': 'Zone', 'value': 56}, 'value': 'Right'}, {'type': {'displayName': 'PassEndY', 'value': 141}, 'value': '3.7'}, {'type': {'displayName': 'Angle', 'value': 213}, 'value': '5.50'}, {'type': {'displayName': 'Length', 'value': 212}, 'value': '22.8'}]",True,,,,,
1910889,SecondHalf,57,47,62,Pass,Successful,1211,Hoffenheim,111372.0,Vladimír Coufal,76.7,7.3,69.8,18.9,,,,,"[{'type': {'displayName': 'PassEndY', 'value': 141}, 'value': '18.9'}, {'type': {'displayName': 'Length', 'value': 212}, 'value': '10.7'}, {'type': {'displayName': 'Angle', 'value': 213}, 'value': '2.31'}, {'type': {'displayName': 'Zone', 'value': 56}, 'value': 'Right'}, {'type': {'displayName': 'PassEndX', 'value': 140}, 'value': '69.8'}]",True,,,,,
1910889,SecondHalf,57,51,62,Pass,Successful,1211,Hoffenheim,356743.0,Ozan Kabak,68.6,21.7,79.6,4.8,,,,,"[{'type': {'displayName': 'PassEndX', 'value': 140}, 'value': '79.6'}, {'type': {'displayName': 'PassEndY', 'value': 141}, 'value': '4.8'}, {'type': {'displayName': 'Angle', 'value': 213}, 'value': '5.50'}, {'type': {'displayName': 'Length', 'value': 212}, 'value': '16.3'}, {'type': {'displayName': 'Zone', 'value': 56}, 'value': 'Right'}]",True,,,,,
1910889,SecondHalf,57,54,62,Pass,Unsuccessful,1211,Hoffenheim,361878.0,Wouter Burger,80.3,7.4,100.0,61.3,,,,,"[{'type': {'displayName': 'Longball', 'value': 1}}, {'type': {'displayName': 'LeftFoot', 'value': 72}}, {'type': {'displayName': 'Cross', 'value': 2}}, {'type': {'displayName': 'Zone', 'value': 56}, 'value': 'Center'}, {'type': {'displayName': 'Length', 'value': 212}, 'value': '42.5'}, {'type': {'displayName': 'Chipped', 'value': 155}}, {'type': {'displayName': 'Angle', 'value': 213}, 'value': '1.04'}, {'type': {'displayName': 'PassEndY', 'value': 141}, 'value': '61.3'}, {'type': {'displayName': 'PassEndX', 'value': 140}, 'value': '100.0'}]",True,,,,,
1910889,SecondHalf,58,32,63,Pass,Unsuccessful,42,Werder Bremen,436119.0,Mio Backhaus,4.2,40.9,57.2,8.6,,,,,"[{'type': {'displayName': 'PassEndX', 'value': 140}, 'value': '57.2'}, {'type': {'displayName': 'PassEndY', 'value': 141}, 'value': '8.6'}, {'type': {'displayName': 'Longball', 'value': 1}}, {'type': {'displayName': 'GoalKick', 'value': 124}}, {'type': {'displayName': 'Zone', 'value': 56}, 'value': 'Right'}, {'type': {'displayName': 'Angle', 'value': 213}, 'value': '5.91'}, {'type': {'displayName': 'Length', 'value': 212}, 'value': '59.8'}]",True,,,,,
1910889,SecondHalf,58,33,63,Aerial,Successful,1211,Hoffenheim,302588.0,Bernardo,42.8,91.4,,,,,,,"[{'type': {'displayName': 'Zone', 'value': 56}, 'value': 'Back'}, {'type': {'displayName': 'Defensive', 'value': 285}}, {'type': {'displayName': 'OppositeRelatedEvent', 'value': 233}, 'value': '451'}]",False,,,,,
1910889,SecondHalf,58,33,63,Aerial,Unsuccessful,42,Werder Bremen,377280.0,Jens Stage,57.2,8.6,,,,,,,"[{'type': {'displayName': 'Offensive', 'value': 286}}, {'type': {'displayName': 'OppositeRelatedEvent', 'value': 233}, 'value': '688'}, {'type': {'displayName': 'Zone', 'value': 56}, 'value': 'Right'}]",False,,,,,
1910889,SecondHalf,58,34,63,Pass,Unsuccessful,1211,Hoffenheim,302588.0,Bernardo,42.8,91.4,72.4,86.7,,,,,"[{'type': {'displayName': 'Length', 'value': 212}, 'value': '31.2'}, {'type': {'displayName': 'PassEndY', 'value': 141}, 'value': '86.7'}, {'type': {'displayName': 'Zone', 'value': 56}, 'value': 'Left'}, {'type': {'displayName': 'HeadPass', 'value': 3}}, {'type': {'displayName': 'PassEndX', 'value': 140}, 'value': '72.4'}, {'type': {'displayName': 'Angle', 'value': 213}, 'value': '6.18'}]",True,,,,,
1910889,SecondHalf,58,38,63,Clearance,Successful,42,Werder Bremen,368176.0,Amos Pieper,22.8,5.2,19.2,0.0,,,,,"[{'type': {'displayName': 'Zone', 'value': 56}, 'value': 'Back'}, {'type': {'displayName': 'PassEndY', 'value': 141}, 'value': '0.0'}, {'type': {'displayName': 'PassEndX', 'value': 140}, 'value': '19.2'}, {'type': {'displayName': 'Angle', 'value': 213}, 'value': '3.98'}, {'type': {'displayName': 'Length', 'value': 212}, 'value': '5.7'}]",True,,,,,
1910889,SecondHalf,58,42,63,Pass,Successful,1211,Hoffenheim,395001.0,Tim Lemperle,79.3,100.0,83.4,90.4,,,,,"[{'type': {'displayName': 'ThrowIn', 'value': 107}}, {'type': {'displayName': 'Angle', 'value': 213}, 'value': '5.22'}, {'type': {'displayName': 'PassEndX', 'value': 140}, 'value': '83.4'}, {'type': {'displayName': 'Length', 'value': 212}, 'value': '8.9'}, {'type': {'displayName': 'Zone', 'value': 56}, 'value': 'Left'}, {'type': {'displayName': 'PassEndY', 'value': 141}, 'value': '90.4'}]",True,,,,,
1910889,SecondHalf,58,43,63,Pass,Successful,1211,Hoffenheim,418588.0,Alexander Prass,83.3,90.4,82.1,94.6,,,,,"[{'type': {'displayName': 'Length', 'value': 212}, 'value': '3.1'}, {'type': {'displayName': 'Angle', 'value': 213}, 'value': '1.99'}, {'type': {'displayName': 'PassEndX', 'value': 140}, 'value': '82.1'}, {'type': {'displayName': 'Zone', 'value': 56}, 'value': 'Left'}, {'type': {'displayName': 'PassEndY', 'value': 141}, 'value': '94.6'}]",True,,,,,
1910889,SecondHalf,58,44,63,Pass,Successful,1211,Hoffenheim,395001.0,Tim Lemperle,82.1,94.6,80.1,91.0,,,,,"[{'type': {'displayName': 'Angle', 'value': 213}, 'value': '4.00'}, {'type': {'displayName': 'Length', 'value': 212}, 'value': '3.2'}, {'type': {'displayName': 'PassEndX', 'value': 140}, 'value': '80.1'}, {'type': {'displayName': 'Zone', 'value': 56}, 'value': 'Left'}, {'type': {'displayName': 'PassEndY', 'value': 141}, 'value': '91.0'}]",True,,,,,
1910889,SecondHalf,58,46,63,Pass,Successful,1211,Hoffenheim,361878.0,Wouter Burger,80.1,91.0,81.9,94.9,,,,,"[{'type': {'displayName': 'Length', 'value': 212}, 'value': '3.3'}, {'type': {'displayName': 'PassEndY', 'value': 141}, 'value': '94.9'}, {'type': {'displayName': 'Zone', 'value': 56}, 'value': 'Left'}, {'type': {'displayName': 'PassEndX', 'value': 140}, 'value': '81.9'}, {'type': {'displayName': 'Angle', 'value': 213}, 'value': '0.95'}]",True,,,,,
1910889,SecondHalf,58,48,63,Pass,Successful,1211,Hoffenheim,395001.0,Tim Lemperle,81.9,94.9,70.7,86.8,,,,,"[{'type': {'displayName': 'Angle', 'value': 213}, 'value': '3.58'}, {'type': {'displayName': 'PassEndX', 'value': 140}, 'value': '70.7'}, {'type': {'displayName': 'PassEndY', 'value': 141}, 'value': '86.8'}, {'type': {'displayName': 'Zone', 'value': 56}, 'value': 'Left'}, {'type': {'displayName': 'Length', 'value': 212}, 'value': '13.0'}]",True,,,,,
1910889,SecondHalf,58,51,63,Pass,Successful,1211,Hoffenheim,302588.0,Bernardo,70.7,86.8,63.6,57.9,,,,,"[{'type': {'displayName': 'PassEndY', 'value': 141}, 'value': '57.9'}, {'type': {'displayName': 'Angle', 'value': 213}, 'value': '4.35'}, {'type': {'displayName': 'PassEndX', 'value': 140}, 'value': '63.6'}, {'type': {'displayName': 'Length', 'value': 212}, 'value': '21.0'}, {'type': {'displayName': 'Zone', 'value': 56}, 'value': 'Center'}]",True,,,,,
1910889,SecondHalf,58,55,63,Pass,Successful,1211,Hoffenheim,402697.0,Albian Hajdari,64.4,57.0,65.1,42.0,,,,,"[{'type': {'displayName': 'PassEndY', 'value': 141}, 'value': '42.0'}, {'type': {'displayName': 'PassEndX', 'value': 140}, 'value': '65.1'}, {'type': {'displayName': 'Angle', 'value': 213}, 'value': '4.78'}, {'type': {'displayName': 'Length', 'value': 212}, 'value': '10.2'}, {'type': {'displayName': 'Zone', 'value': 56}, 'value': 'Center'}]",True,,,,,
1910889,SecondHalf,58,58,63,Pass,Successful,1211,Hoffenheim,356743.0,Ozan Kabak,65.1,41.8,72.8,20.8,,,,,"[{'type': {'displayName': 'Length', 'value': 212}, 'value': '16.4'}, {'type': {'displayName': 'Zone', 'value': 56}, 'value': 'Right'}, {'type': {'displayName': 'PassEndX', 'value': 140}, 'value': '72.8'}, {'type': {'displayName': 'Angle', 'value': 213}, 'value': '5.23'}, {'type': {'displayName': 'PassEndY', 'value': 141}, 'value': '20.8'}]",True,,,,,
1910889,SecondHalf,59,1,64,Pass,Successful,1211,Hoffenheim,75217.0,Andrej Kramaric,75.8,20.4,77.5,8.1,,,,,"[{'type': {'displayName': 'PassEndY', 'value': 141}, 'value': '8.1'}, {'type': {'displayName': 'Zone', 'value': 56}, 'value': 'Right'}, {'type': {'displayName': 'Length', 'value': 212}, 'value': '8.6'}, {'type': {'displayName': 'Angle', 'value': 213}, 'value': '4.92'}, {'type': {'displayName': 'PassEndX', 'value': 140}, 'value': '77.5'}]",True,,,,,
1910889,SecondHalf,59,3,64,Pass,Successful,1211,Hoffenheim,111372.0,Vladimír Coufal,77.6,8.1,90.9,10.8,,,,,"[{'type': {'displayName': 'PassEndY', 'value': 141}, 'value': '10.8'}, {'type': {'displayName': 'Angle', 'value': 213}, 'value': '0.13'}, {'type': {'displayName': 'Zone', 'value': 56}, 'value': 'Right'}, {'type': {'displayName': 'PassEndX', 'value': 140}, 'value': '90.9'}, {'type': {'displayName': 'Length', 'value': 212}, 'value': '14.1'}]",True,,,,,
1910889,SecondHalf,59,6,64,Pass,Unsuccessful,1211,Hoffenheim,75217.0,Andrej Kramaric,90.3,8.4,88.1,9.9,,,,,"[{'type': {'displayName': 'Offensive', 'value': 286}}, {'type': {'displayName': 'PassEndX', 'value': 140}, 'value': '88.1'}, {'type': {'displayName': 'Angle', 'value': 213}, 'value': '2.73'}, {'type': {'displayName': 'Length', 'value': 212}, 'value': '2.5'}, {'type': {'displayName': 'OppositeRelatedEvent', 'value': 233}, 'value': '454'}, {'type': {'displayName': 'PassEndY', 'value': 141}, 'value': '9.9'}, {'type': {'displayName': 'Zone', 'value': 56}, 'value': 'Right'}]",True,,,,,
1910889,SecondHalf,59,6,64,BlockedPass,Successful,42,Werder Bremen,407284.0,Olivier Deman,11.9,90.1,,,,,,,"[{'type': {'displayName': 'OppositeRelatedEvent', 'value': 233}, 'value': '701'}, {'type': {'displayName': 'Zone', 'value': 56}, 'value': 'Back'}, {'type': {'displayName': 'Defensive', 'value': 285}}]",True,,,,,
1910889,SecondHalf,59,14,64,Pass,Successful,1211,Hoffenheim,111372.0,Vladimír Coufal,85.7,0.0,77.6,15.7,,,,,"[{'type': {'displayName': 'Zone', 'value': 56}, 'value': 'Right'}, {'type': {'displayName': 'PassEndX', 'value': 140}, 'value': '77.6'}, {'type': {'displayName': 'Length', 'value': 212}, 'value': '14.0'}, {'type': {'displayName': 'PassEndY', 'value': 141}, 'value': '15.7'}, {'type': {'displayName': 'ThrowIn', 'value': 107}}, {'type': {'displayName': 'Angle', 'value': 213}, 'value': '2.23'}]",True,,,,,
1910889,SecondHalf,59,15,64,Pass,Unsuccessful,1211,Hoffenheim,510234.0,Leon Avdullahu,78.1,13.9,87.1,45.1,,,,,"[{'type': {'displayName': 'Zone', 'value': 56}, 'value': 'Center'}, {'type': {'displayName': 'RightFoot', 'value': 20}}, {'type': {'displayName': 'PassEndX', 'value': 140}, 'value': '87.1'}, {'type': {'displayName': 'Angle', 'value': 213}, 'value': '1.15'}, {'type': {'displayName': 'Cross', 'value': 2}}, {'type': {'displayName': 'PassEndY', 'value': 141}, 'value': '45.1'}, {'type': {'displayName': 'Chipped', 'value': 155}}, {'type': {'displayName': 'Length', 'value': 212}, 'value': '23.2'}]",True,,,,,
1910889,SecondHalf,59,17,64,Clearance,Successful,42,Werder Bremen,420405.0,Senne Lynen,13.5,59.4,24.8,60.8,,,,,"[{'type': {'displayName': 'Length', 'value': 212}, 'value': '11.9'}, {'type': {'displayName': 'Angle', 'value': 213}, 'value': '0.08'}, {'type': {'displayName': 'PassEndX', 'value': 140}, 'value': '24.8'}, {'type': {'displayName': 'PassEndY', 'value': 141}, 'value': '60.8'}, {'type': {'displayName': 'Zone', 'value': 56}, 'value': 'Back'}, {'type': {'displayName': 'Head', 'value': 15}}]",True,,,,,
1910889,SecondHalf,59,18,64,Pass,Successful,1211,Hoffenheim,402697.0,Albian Hajdari,76.7,38.5,82.6,7.8,,,,,"[{'type': {'displayName': 'PassEndX', 'value': 140}, 'value': '82.6'}, {'type': {'displayName': 'Length', 'value': 212}, 'value': '21.8'}, {'type': {'displayName': 'PassEndY', 'value': 141}, 'value': '7.8'}, {'type': {'displayName': 'Zone', 'value': 56}, 'value': 'Right'}, {'type': {'displayName': 'Angle', 'value': 213}, 'value': '5.00'}, {'type': {'displayName': 'Chipped', 'value': 155}}]",True,,,,,
1910889,SecondHalf,59,19,64,Pass,Successful,1211,Hoffenheim,111372.0,Vladimír Coufal,82.6,7.8,86.4,16.9,,,,,"[{'type': {'displayName': 'PassEndY', 'value': 141}, 'value': '16.9'}, {'type': {'displayName': 'Length', 'value': 212}, 'value': '7.4'}, {'type': {'displayName': 'Zone', 'value': 56}, 'value': 'Right'}, {'type': {'displayName': 'PassEndX', 'value': 140}, 'value': '86.4'}, {'type': {'displayName': 'HeadPass', 'value': 3}}, {'type': {'displayName': 'Angle', 'value': 213}, 'value': '1.00'}]",True,,,,,
1910889,SecondHalf,59,23,64,Pass,Unsuccessful,1211,Hoffenheim,75217.0,Andrej Kramaric,88.2,21.9,90.4,49.8,,,,,"[{'type': {'displayName': 'Length', 'value': 212}, 'value': '19.1'}, {'type': {'displayName': 'RightFoot', 'value': 20}}, {'type': {'displayName': 'Cross', 'value': 2}}, {'type': {'displayName': 'PassEndX', 'value': 140}, 'value': '90.4'}, {'type': {'displayName': 'PassEndY', 'value': 141}, 'value': '49.8'}, {'type': {'displayName': 'Angle', 'value': 213}, 'value': '1.45'}, {'type': {'displayName': 'Chipped', 'value': 155}}, {'type': {'displayName': 'Zone', 'value': 56}, 'value': 'Center'}]",True,,,,,
1910889,SecondHalf,59,24,64,Clearance,Successful,42,Werder Bremen,333227.0,Marco Friedl,7.6,53.7,39.9,64.3,,,,,"[{'type': {'displayName': 'PassEndY', 'value': 141}, 'value': '64.3'}, {'type': {'displayName': 'Length', 'value': 212}, 'value': '34.7'}, {'type': {'displayName': 'Zone', 'value': 56}, 'value': 'Back'}, {'type': {'displayName': 'Angle', 'value': 213}, 'value': '0.21'}, {'type': {'displayName': 'PassEndX', 'value': 140}, 'value': '39.9'}]",True,,,,,
1910889,SecondHalf,59,29,64,Pass,Successful,1211,Hoffenheim,402697.0,Albian Hajdari,58.6,37.0,60.9,21.1,,,,,"[{'type': {'displayName': 'Angle', 'value': 213}, 'value': '4.93'}, {'type': {'displayName': 'PassEndY', 'value': 141}, 'value': '21.1'}, {'type': {'displayName': 'Length', 'value': 212}, 'value': '11.1'}, {'type': {'displayName': 'Zone', 'value': 56}, 'value': 'Right'}, {'type': {'displayName': 'PassEndX', 'value': 140}, 'value': '60.9'}]",True,,,,,
1910889,SecondHalf,59,32,64,Pass,Successful,1211,Hoffenheim,510234.0,Leon Avdullahu,64.7,19.9,77.9,5.4,,,,,"[{'type': {'displayName': 'PassEndX', 'value': 140}, 'value': '77.9'}, {'type': {'displayName': 'Length', 'value': 212}, 'value': '17.0'}, {'type': {'displayName': 'Zone', 'value': 56}, 'value': 'Right'}, {'type': {'displayName': 'PassEndY', 'value': 141}, 'value': '5.4'}, {'type': {'displayName': 'Angle', 'value': 213}, 'value': '5.66'}]",True,,,,,
1910889,SecondHalf,59,34,64,Pass,Successful,1211,Hoffenheim,111372.0,Vladimír Coufal,79.4,6.4,81.8,15.7,,,,,"[{'type': {'displayName': 'Length', 'value': 212}, 'value': '6.8'}, {'type': {'displayName': 'Angle', 'value': 213}, 'value': '1.19'}, {'type': {'displayName': 'PassEndX', 'value': 140}, 'value': '81.8'}, {'type': {'displayName': 'PassEndY', 'value': 141}, 'value': '15.7'}, {'type': {'displayName': 'Zone', 'value': 56}, 'value': 'Right'}]",True,,,,,
1910889,SecondHalf,59,36,64,Pass,Successful,1211,Hoffenheim,75217.0,Andrej Kramaric,81.9,15.9,81.7,6.9,,,,,"[{'type': {'displayName': 'PassEndY', 'value': 141}, 'value': '6.9'}, {'type': {'displayName': 'PassEndX', 'value': 140}, 'value': '81.7'}, {'type': {'displayName': 'Angle', 'value': 213}, 'value': '4.68'}, {'type': {'displayName': 'Length', 'value': 212}, 'value': '6.1'}, {'type': {'displayName': 'Zone', 'value': 56}, 'value': 'Right'}]",True,,,,,
1910889,SecondHalf,59,37,64,Pass,Successful,1211,Hoffenheim,111372.0,Vladimír Coufal,81.7,6.9,77.0,15.9,,,,,"[{'type': {'displayName': 'Zone', 'value': 56}, 'value': 'Right'}, {'type': {'displayName': 'PassEndY', 'value': 141}, 'value': '15.9'}, {'type': {'displayName': 'Angle', 'value': 213}, 'value': '2.25'}, {'type': {'displayName': 'Length', 'value': 212}, 'value': '7.9'}, {'type': {'displayName': 'PassEndX', 'value': 140}, 'value': '77.0'}]",True,,,,,
1910889,SecondHalf,59,39,64,Pass,Successful,1211,Hoffenheim,361878.0,Wouter Burger,76.9,15.9,64.3,10.3,,,,,"[{'type': {'displayName': 'Length', 'value': 212}, 'value': '13.8'}, {'type': {'displayName': 'Zone', 'value': 56}, 'value': 'Right'}, {'type': {'displayName': 'Angle', 'value': 213}, 'value': '3.42'}, {'type': {'displayName': 'PassEndX', 'value': 140}, 'value': '64.3'}, {'type': {'displayName': 'PassEndY', 'value': 141}, 'value': '10.3'}]",True,,,,,
1910889,SecondHalf,59,41,64,Pass,Successful,1211,Hoffenheim,510234.0,Leon Avdullahu,65.1,11.1,63.8,50.5,,,,,"[{'type': {'displayName': 'Zone', 'value': 56}, 'value': 'Center'}, {'type': {'displayName': 'PassEndX', 'value': 140}, 'value': '63.8'}, {'type': {'displayName': 'Length', 'value': 212}, 'value': '26.8'}, {'type': {'displayName': 'PassEndY', 'value': 141}, 'value': '50.5'}, {'type': {'displayName': 'Angle', 'value': 213}, 'value': '1.62'}]",True,,,,,
1910889,SecondHalf,59,44,64,Pass,Successful,1211,Hoffenheim,302588.0,Bernardo,64.9,51.7,77.6,87.0,,,,,"[{'type': {'displayName': 'PassEndY', 'value': 141}, 'value': '87.0'}, {'type': {'displayName': 'Angle', 'value': 213}, 'value': '1.06'}, {'type': {'displayName': 'PassEndX', 'value': 140}, 'value': '77.6'}, {'type': {'displayName': 'Zone', 'value': 56}, 'value': 'Left'}, {'type': {'displayName': 'Length', 'value': 212}, 'value': '27.5'}]",True,,,,,
1910889,SecondHalf,59,48,64,Pass,Successful,1211,Hoffenheim,418588.0,Alexander Prass,80.6,92.1,82.2,55.6,,,,,"[{'type': {'displayName': 'Length', 'value': 212}, 'value': '24.9'}, {'type': {'displayName': 'Zone', 'value': 56}, 'value': 'Center'}, {'type': {'displayName': 'PassEndY', 'value': 141}, 'value': '55.6'}, {'type': {'displayName': 'PassEndX', 'value': 140}, 'value': '82.2'}, {'type': {'displayName': 'Angle', 'value': 213}, 'value': '4.78'}]",True,,,,,
1910889,SecondHalf,59,50,64,Pass,Successful,1211,Hoffenheim,75217.0,Andrej Kramaric,82.2,55.5,78.3,56.4,,,,,"[{'type': {'displayName': 'Angle', 'value': 213}, 'value': '2.99'}, {'type': {'displayName': 'PassEndX', 'value': 140}, 'value': '78.3'}, {'type': {'displayName': 'Length', 'value': 212}, 'value': '4.1'}, {'type': {'displayName': 'PassEndY', 'value': 141}, 'value': '56.4'}, {'type': {'displayName': 'Zone', 'value': 56}, 'value': 'Center'}]",True,,,,,
1910889,SecondHalf,59,52,64,Pass,Successful,1211,Hoffenheim,510234.0,Leon Avdullahu,78.3,56.4,88.2,40.9,,,,,"[{'type': {'displayName': 'Length', 'value': 212}, 'value': '14.8'}, {'type': {'displayName': 'Zone', 'value': 56}, 'value': 'Center'}, {'type': {'displayName': 'PassEndY', 'value': 141}, 'value': '40.9'}, {'type': {'displayName': 'Angle', 'value': 213}, 'value': '5.49'}, {'type': {'displayName': 'PassEndX', 'value': 140}, 'value': '88.2'}]",True,,,,,
1910889,SecondHalf,59,53,64,Pass,Successful,1211,Hoffenheim,356743.0,Ozan Kabak,88.2,40.9,94.0,29.1,,,,,"[{'type': {'displayName': 'PassEndY', 'value': 141}, 'value': '29.1'}, {'type': {'displayName': 'Angle', 'value': 213}, 'value': '5.36'}, {'type': {'displayName': 'Zone', 'value': 56}, 'value': 'Center'}, {'type': {'displayName': 'PassEndX', 'value': 140}, 'value': '94.0'}, {'type': {'displayName': 'Length', 'value': 212}, 'value': '10.1'}]",True,,,,,
1910889,SecondHalf,59,55,64,Pass,Unsuccessful,1211,Hoffenheim,111372.0,Vladimír Coufal,94.4,28.3,94.9,33.7,,,,,"[{'type': {'displayName': 'Offensive', 'value': 286}}, {'type': {'displayName': 'PassEndX', 'value': 140}, 'value': '94.9'}, {'type': {'displayName': 'Angle', 'value': 213}, 'value': '1.43'}, {'type': {'displayName': 'Zone', 'value': 56}, 'value': 'Center'}, {'type': {'displayName': 'OppositeRelatedEvent', 'value': 233}, 'value': '459'}, {'type': {'displayName': 'PassEndY', 'value': 141}, 'value': '33.7'}, {'type': {'displayName': 'Length', 'value': 212}, 'value': '3.7'}]",True,,,,,
1910889,SecondHalf,59,55,64,BlockedPass,Successful,42,Werder Bremen,407284.0,Olivier Deman,5.1,66.3,,,,,,,"[{'type': {'displayName': 'Zone', 'value': 56}, 'value': 'Back'}, {'type': {'displayName': 'OppositeRelatedEvent', 'value': 233}, 'value': '720'}, {'type': {'displayName': 'Defensive', 'value': 285}}]",True,,,,,
1910889,SecondHalf,59,57,64,CornerAwarded,Unsuccessful,42,Werder Bremen,407284.0,Olivier Deman,4.0,70.4,,,,,,,"[{'type': {'displayName': 'MissLeft', 'value': 73}}, {'type': {'displayName': 'Zone', 'value': 56}, 'value': 'Back'}, {'type': {'displayName': 'OppositeRelatedEvent', 'value': 233}, 'value': '721'}]",False,,,,,
1910889,SecondHalf,59,57,64,CornerAwarded,Successful,1211,Hoffenheim,111372.0,Vladimír Coufal,95.9,29.6,,,,,,,"[{'type': {'displayName': 'OppositeRelatedEvent', 'value': 233}, 'value': '460'}, {'type': {'displayName': 'MissRight', 'value': 75}}, {'type': {'displayName': 'Zone', 'value': 56}, 'value': 'Center'}]",False,,,,,
1910889,SecondHalf,60,12,65,Pass,Successful,1211,Hoffenheim,361878.0,Wouter Burger,99.5,0.5,91.2,18.1,,,,,"[{'type': {'displayName': 'Angle', 'value': 213}, 'value': '2.20'}, {'type': {'displayName': 'PassEndY', 'value': 141}, 'value': '18.1'}, {'type': {'displayName': 'CornerTaken', 'value': 6}}, {'type': {'displayName': 'Length', 'value': 212}, 'value': '14.8'}, {'type': {'displayName': 'Zone', 'value': 56}, 'value': 'Right'}, {'type': {'displayName': 'PassEndX', 'value': 140}, 'value': '91.2'}]",True,,,,,
1910889,SecondHalf,60,13,65,Pass,Successful,1211,Hoffenheim,111372.0,Vladimír Coufal,92.8,19.0,88.4,18.7,,,,,"[{'type': {'displayName': 'Zone', 'value': 56}, 'value': 'Right'}, {'type': {'displayName': 'PassEndX', 'value': 140}, 'value': '88.4'}, {'type': {'displayName': 'Length', 'value': 212}, 'value': '4.6'}, {'type': {'displayName': 'Angle', 'value': 213}, 'value': '3.19'}, {'type': {'displayName': 'PassEndY', 'value': 141}, 'value': '18.7'}]",True,,,,,
1910889,SecondHalf,60,15,65,Pass,Successful,1211,Hoffenheim,361878.0,Wouter Burger,88.4,18.7,74.5,30.3,,,,,"[{'type': {'displayName': 'Angle', 'value': 213}, 'value': '2.65'}, {'type': {'displayName': 'PassEndY', 'value': 141}, 'value': '30.3'}, {'type': {'displayName': 'ShotAssist', 'value': 210}, 'value': '15'}, {'type': {'displayName': 'PassEndX', 'value': 140}, 'value': '74.5'}, {'type': {'displayName': 'Length', 'value': 212}, 'value': '16.6'}, {'type': {'displayName': 'Zone', 'value': 56}, 'value': 'Center'}, {'type': {'displayName': 'KeyPass', 'value': 11113}}]",True,,,,,
1910889,SecondHalf,60,16,65,SavedShot,Successful,1211,Hoffenheim,418588.0,Alexander Prass,75.6,31.1,,,45.5,27.8,98.0,49.3,"[{'type': {'displayName': 'BlockedY', 'value': 147}, 'value': '49.3'}, {'type': {'displayName': 'HighRight', 'value': 81}}, {'type': {'displayName': 'LeftFoot', 'value': 72}}, {'type': {'displayName': 'GoalMouthZ', 'value': 103}, 'value': '27.8'}, {'type': {'displayName': 'RelatedEventId', 'value': 55}, 'value': '724'}, {'type': {'displayName': 'OutOfBoxCentre', 'value': 18}}, {'type': {'displayName': 'BlockedX', 'value': 146}, 'value': '98.0'}, {'type': {'displayName': 'FromCorner', 'value': 25}}, {'type': {'displayName': 'Assisted', 'value': 29}}, {'type': {'displayName': 'IndividualPlay', 'value': 215}}, {'type': {'displayName': 'GoalMouthY', 'value': 102}, 'value': '45.5'}, {'type': {'displayName': 'Zone', 'value': 56}, 'value': 'Center'}, {'type': {'displayName': 'OppositeRelatedEvent', 'value': 233}, 'value': '461'}]",True,True,,,724.0,361878.0
1910889,SecondHalf,60,16,65,Save,Successful,42,Werder Bremen,436119.0,Mio Backhaus,1.4,53.9,,,,,,,"[{'type': {'displayName': 'Hands', 'value': 182}}, {'type': {'displayName': 'OppositeRelatedEvent', 'value': 233}, 'value': '725'}, {'type': {'displayName': 'Zone', 'value': 56}, 'value': 'Back'}, {'type': {'displayName': 'DivingSave', 'value': 179}}, {'type': {'displayName': 'ParriedSafe', 'value': 173}}, {'type': {'displayName': 'KeeperSaveObox', 'value': 11117}}]",True,,,,,
1910889,SecondHalf,60,18,65,CornerAwarded,Unsuccessful,42,Werder Bremen,436119.0,Mio Backhaus,0.8,56.0,,,,,,,"[{'type': {'displayName': 'MissLeft', 'value': 73}}, {'type': {'displayName': 'Zone', 'value': 56}, 'value': 'Back'}, {'type': {'displayName': 'OppositeRelatedEvent', 'value': 233}, 'value': '726'}]",False,,,,,
1910889,SecondHalf,60,18,65,CornerAwarded,Successful,1211,Hoffenheim,418588.0,Alexander Prass,99.2,44.0,,,,,,,"[{'type': {'displayName': 'Zone', 'value': 56}, 'value': 'Center'}, {'type': {'displayName': 'MissRight', 'value': 75}}, {'type': {'displayName': 'OppositeRelatedEvent', 'value': 233}, 'value': '462'}]",False,,,,,
1910889,SecondHalf,60,27,65,Pass,Successful,1211,Hoffenheim,361878.0,Wouter Burger,99.5,0.5,92.7,8.5,,,,,"[{'type': {'displayName': 'Angle', 'value': 213}, 'value': '2.49'}, {'type': {'displayName': 'PassEndX', 'value': 140}, 'value': '92.7'}, {'type': {'displayName': 'CornerTaken', 'value': 6}}, {'type': {'displayName': 'Zone', 'value': 56}, 'value': 'Right'}, {'type': {'displayName': 'PassEndY', 'value': 141}, 'value': '8.5'}, {'type': {'displayName': 'Length', 'value': 212}, 'value': '9.0'}]",True,,,,,
1910889,SecondHalf,60,29,65,Pass,Successful,1211,Hoffenheim,428426.0,Fisnik Asllani,95.3,13.8,90.8,16.0,,,,,"[{'type': {'displayName': 'Angle', 'value': 213}, 'value': '2.83'}, {'type': {'displayName': 'PassEndX', 'value': 140}, 'value': '90.8'}, {'type': {'displayName': 'Zone', 'value': 56}, 'value': 'Right'}, {'type': {'displayName': 'Length', 'value': 212}, 'value': '5.0'}, {'type': {'displayName': 'PassEndY', 'value': 141}, 'value': '16.0'}]",True,,,,,
1910889,SecondHalf,60,30,65,Pass,Unsuccessful,1211,Hoffenheim,361878.0,Wouter Burger,90.8,16.0,98.1,49.9,,,,,"[{'type': {'displayName': 'Zone', 'value': 56}, 'value': 'Center'}, {'type': {'displayName': 'Cross', 'value': 2}}, {'type': {'displayName': 'PassEndX', 'value': 140}, 'value': '98.1'}, {'type': {'displayName': 'Length', 'value': 212}, 'value': '24.3'}, {'type': {'displayName': 'LeftFoot', 'value': 72}}, {'type': {'displayName': 'Chipped', 'value': 155}}, {'type': {'displayName': 'PassEndY', 'value': 141}, 'value': '49.9'}, {'type': {'displayName': 'Angle', 'value': 213}, 'value': '1.25'}]",True,,,,,
1910889,SecondHalf,60,32,65,BallTouch,Successful,42,Werder Bremen,383847.0,Romano Schmid,98.6,57.2,,,,,,,"[{'type': {'displayName': 'Zone', 'value': 56}, 'value': 'Center'}]",True,,,,,
1910889,SecondHalf,60,33,65,SavedShot,Successful,1211,Hoffenheim,356743.0,Ozan Kabak,92.4,48.9,,,53.9,19.0,96.3,51.4,"[{'type': {'displayName': 'GoalMouthY', 'value': 102}, 'value': '53.9'}, {'type': {'displayName': 'BlockedY', 'value': 147}, 'value': '51.4'}, {'type': {'displayName': 'SixYardBlock', 'value': 100}}, {'type': {'displayName': 'FromCorner', 'value': 25}}, {'type': {'displayName': 'Blocked', 'value': 82}}, {'type': {'displayName': 'LowLeft', 'value': 76}}, {'type': {'displayName': 'BlockedX', 'value': 146}, 'value': '96.3'}, {'type': {'displayName': 'Zone', 'value': 56}, 'value': 'Center'}, {'type': {'displayName': 'RightFoot', 'value': 20}}, {'type': {'displayName': 'GoalMouthZ', 'value': 103}, 'value': '19'}, {'type': {'displayName': 'BoxCentre', 'value': 17}}]",True,True,,,,
1910889,SecondHalf,60,34,65,BallTouch,Successful,1211,Hoffenheim,402697.0,Albian Hajdari,95.7,52.5,,,,,,,"[{'type': {'displayName': 'Zone', 'value': 56}, 'value': 'Center'}]",True,,,,,
1910889,SecondHalf,60,40,65,BallTouch,Unsuccessful,1211,Hoffenheim,395001.0,Tim Lemperle,94.0,82.1,,,,,,,"[{'type': {'displayName': 'Zone', 'value': 56}, 'value': 'Left'}]",True,,,,,
1910889,SecondHalf,61,12,66,Pass,Successful,42,Werder Bremen,436119.0,Mio Backhaus,4.1,40.7,63.0,23.6,,,,,"[{'type': {'displayName': 'Length', 'value': 212}, 'value': '62.9'}, {'type': {'displayName': 'PassEndX', 'value': 140}, 'value': '63.0'}, {'type': {'displayName': 'Longball', 'value': 1}}, {'type': {'displayName': 'Angle', 'value': 213}, 'value': '6.10'}, {'type': {'displayName': 'PassEndY', 'value': 141}, 'value': '23.6'}, {'type': {'displayName': 'Zone', 'value': 56}, 'value': 'Center'}, {'type': {'displayName': 'GoalKick', 'value': 124}}, {'type': {'displayName': 'MissHigh', 'value': 74}}]",True,,,,,
1910889,SecondHalf,61,13,66,Aerial,Successful,42,Werder Bremen,377280.0,Jens Stage,63.0,23.6,,,,,,,"[{'type': {'displayName': 'Zone', 'value': 56}, 'value': 'Center'}, {'type': {'displayName': 'OppositeRelatedEvent', 'value': 233}, 'value': '733'}, {'type': {'displayName': 'Offensive', 'value': 286}}]",False,,,,,
1910889,SecondHalf,61,13,66,Aerial,Unsuccessful,1211,Hoffenheim,402697.0,Albian Hajdari,37.0,76.4,,,,,,,"[{'type': {'displayName': 'Zone', 'value': 56}, 'value': 'Back'}, {'type': {'displayName': 'Defensive', 'value': 285}}, {'type': {'displayName': 'OppositeRelatedEvent', 'value': 233}, 'value': '468'}]",False,,,,,
1910889,SecondHalf,61,14,66,Pass,Unsuccessful,42,Werder Bremen,377280.0,Jens Stage,63.0,23.6,73.0,21.2,,,,,"[{'type': {'displayName': 'Length', 'value': 212}, 'value': '10.6'}, {'type': {'displayName': 'Zone', 'value': 56}, 'value': 'Center'}, {'type': {'displayName': 'PassEndX', 'value': 140}, 'value': '73.0'}, {'type': {'displayName': 'HeadPass', 'value': 3}}, {'type': {'displayName': 'Angle', 'value': 213}, 'value': '6.13'}, {'type': {'displayName': 'PassEndY', 'value': 141}, 'value': '21.2'}]",True,,,,,
1910889,SecondHalf,61,15,66,Pass,Successful,1211,Hoffenheim,302588.0,Bernardo,31.1,71.5,38.5,70.6,,,,,"[{'type': {'displayName': 'PassEndY', 'value': 141}, 'value': '70.6'}, {'type': {'displayName': 'HeadPass', 'value': 3}}, {'type': {'displayName': 'Zone', 'value': 56}, 'value': 'Back'}, {'type': {'displayName': 'PassEndX', 'value': 140}, 'value': '38.5'}, {'type': {'displayName': 'Length', 'value': 212}, 'value': '7.8'}, {'type': {'displayName': 'Angle', 'value': 213}, 'value': '6.20'}]",True,,,,,
1910889,SecondHalf,61,16,66,BallTouch,Unsuccessful,1211,Hoffenheim,402697.0,Albian Hajdari,37.3,72.0,,,,,,,"[{'type': {'displayName': 'Zone', 'value': 56}, 'value': 'Back'}]",True,,,,,
1910889,SecondHalf,61,17,66,Pass,Successful,42,Werder Bremen,538407.0,Isaac Schmidt,68.3,18.0,66.9,23.1,,,,,"[{'type': {'displayName': 'PassEndX', 'value': 140}, 'value': '66.9'}, {'type': {'displayName': 'Zone', 'value': 56}, 'value': 'Center'}, {'type': {'displayName': 'PassEndY', 'value': 141}, 'value': '23.1'}, {'type': {'displayName': 'Length', 'value': 212}, 'value': '3.8'}, {'type': {'displayName': 'Angle', 'value': 213}, 'value': '1.97'}]",True,,,,,
1910889,SecondHalf,61,18,66,Pass,Unsuccessful,42,Werder Bremen,377280.0,Jens Stage,66.9,23.4,72.5,19.0,,,,,"[{'type': {'displayName': 'Length', 'value': 212}, 'value': '6.6'}, {'type': {'displayName': 'Zone', 'value': 56}, 'value': 'Right'}, {'type': {'displayName': 'PassEndY', 'value': 141}, 'value': '19.0'}, {'type': {'displayName': 'Angle', 'value': 213}, 'value': '5.81'}, {'type': {'displayName': 'PassEndX', 'value': 140}, 'value': '72.5'}]",True,,,,,
1910889,SecondHalf,61,19,66,BallTouch,Successful,1211,Hoffenheim,402697.0,Albian Hajdari,36.6,73.0,,,,,,,"[{'type': {'displayName': 'Zone', 'value': 56}, 'value': 'Back'}]",True,,,,,
1910889,SecondHalf,61,26,66,Pass,Unsuccessful,42,Werder Bremen,438066.0,Justin Njinmah,78.4,3.2,76.1,3.9,,,,,"[{'type': {'displayName': 'Length', 'value': 212}, 'value': '2.5'}, {'type': {'displayName': 'PassEndY', 'value': 141}, 'value': '3.9'}, {'type': {'displayName': 'Zone', 'value': 56}, 'value': 'Right'}, {'type': {'displayName': 'OppositeRelatedEvent', 'value': 233}, 'value': '737'}, {'type': {'displayName': 'Angle', 'value': 213}, 'value': '2.95'}, {'type': {'displayName': 'PassEndX', 'value': 140}, 'value': '76.1'}, {'type': {'displayName': 'Offensive', 'value': 286}}]",True,,,,,
1910889,SecondHalf,61,26,66,BlockedPass,Successful,1211,Hoffenheim,418588.0,Alexander Prass,23.9,96.1,,,,,,,"[{'type': {'displayName': 'Defensive', 'value': 285}}, {'type': {'displayName': 'Zone', 'value': 56}, 'value': 'Back'}, {'type': {'displayName': 'OppositeRelatedEvent', 'value': 233}, 'value': '472'}]",True,,,,,
1910889,SecondHalf,61,27,66,Pass,Successful,1211,Hoffenheim,302588.0,Bernardo,25.5,89.4,19.4,77.7,,,,,"[{'type': {'displayName': 'PassEndY', 'value': 141}, 'value': '77.7'}, {'type': {'displayName': 'Zone', 'value': 56}, 'value': 'Back'}, {'type': {'displayName': 'Length', 'value': 212}, 'value': '10.2'}, {'type': {'displayName': 'PassEndX', 'value': 140}, 'value': '19.4'}, {'type': {'displayName': 'Angle', 'value': 213}, 'value': '4.03'}]",True,,,,,
1910889,SecondHalf,61,28,66,BallRecovery,Successful,1211,Hoffenheim,402697.0,Albian Hajdari,19.4,77.7,,,,,,,[],False,,,,,
1910889,SecondHalf,61,29,66,Pass,Successful,1211,Hoffenheim,402697.0,Albian Hajdari,19.4,77.7,32.9,89.8,,,,,"[{'type': {'displayName': 'PassEndX', 'value': 140}, 'value': '32.9'}, {'type': {'displayName': 'Zone', 'value': 56}, 'value': 'Back'}, {'type': {'displayName': 'PassEndY', 'value': 141}, 'value': '89.8'}, {'type': {'displayName': 'Angle', 'value': 213}, 'value': '0.53'}, {'type': {'displayName': 'Length', 'value': 212}, 'value': '16.4'}]",True,,,,,
1910889,SecondHalf,61,30,66,Pass,Unsuccessful,1211,Hoffenheim,361878.0,Wouter Burger,32.9,89.8,36.8,96.0,,,,,"[{'type': {'displayName': 'PassEndY', 'value': 141}, 'value': '96.0'}, {'type': {'displayName': 'Length', 'value': 212}, 'value': '5.9'}, {'type': {'displayName': 'Zone', 'value': 56}, 'value': 'Back'}, {'type': {'displayName': 'Angle', 'value': 213}, 'value': '0.80'}, {'type': {'displayName': 'PassEndX', 'value': 140}, 'value': '36.8'}]",True,,,,,
1910889,SecondHalf,61,31,66,Interception,Successful,42,Werder Bremen,431791.0,Cameron Puertas,63.2,4.0,,,,,,,"[{'type': {'displayName': 'Zone', 'value': 56}, 'value': 'Right'}]",True,,,,,
1910889,SecondHalf,61,40,66,Pass,Successful,1211,Hoffenheim,361878.0,Wouter Burger,40.5,100.0,31.5,78.9,,,,,"[{'type': {'displayName': 'PassEndY', 'value': 141}, 'value': '78.9'}, {'type': {'displayName': 'ThrowIn', 'value': 107}}, {'type': {'displayName': 'PassEndX', 'value': 140}, 'value': '31.5'}, {'type': {'displayName': 'Length', 'value': 212}, 'value': '18.3'}, {'type': {'displayName': 'Zone', 'value': 56}, 'value': 'Back'}, {'type': {'displayName': 'Angle', 'value': 213}, 'value': '4.17'}]",True,,,,,
1910889,SecondHalf,61,42,66,Pass,Successful,1211,Hoffenheim,402697.0,Albian Hajdari,31.5,78.6,33.2,44.5,,,,,"[{'type': {'displayName': 'Angle', 'value': 213}, 'value': '4.79'}, {'type': {'displayName': 'Length', 'value': 212}, 'value': '23.3'}, {'type': {'displayName': 'PassEndX', 'value': 140}, 'value': '33.2'}, {'type': {'displayName': 'Zone', 'value': 56}, 'value': 'Back'}, {'type': {'displayName': 'PassEndY', 'value': 141}, 'value': '44.5'}]",True,,,,,
1910889,SecondHalf,61,45,66,Pass,Successful,1211,Hoffenheim,356743.0,Ozan Kabak,35.3,42.6,51.3,9.4,,,,,"[{'type': {'displayName': 'Angle', 'value': 213}, 'value': '5.35'}, {'type': {'displayName': 'PassEndY', 'value': 141}, 'value': '9.4'}, {'type': {'displayName': 'PassEndX', 'value': 140}, 'value': '51.3'}, {'type': {'displayName': 'Length', 'value': 212}, 'value': '28.1'}, {'type': {'displayName': 'Zone', 'value': 56}, 'value': 'Right'}]",True,,,,,
1910889,SecondHalf,61,50,66,Pass,Successful,1211,Hoffenheim,111372.0,Vladimír Coufal,52.4,11.7,56.3,6.3,,,,,"[{'type': {'displayName': 'PassEndY', 'value': 141}, 'value': '6.3'}, {'type': {'displayName': 'Zone', 'value': 56}, 'value': 'Right'}, {'type': {'displayName': 'Length', 'value': 212}, 'value': '5.5'}, {'type': {'displayName': 'PassEndX', 'value': 140}, 'value': '56.3'}, {'type': {'displayName': 'Angle', 'value': 213}, 'value': '5.55'}]",True,,,,,
1910889,SecondHalf,61,51,66,Pass,Successful,1211,Hoffenheim,75217.0,Andrej Kramaric,60.0,6.4,58.2,31.9,,,,,"[{'type': {'displayName': 'PassEndX', 'value': 140}, 'value': '58.2'}, {'type': {'displayName': 'Length', 'value': 212}, 'value': '17.4'}, {'type': {'displayName': 'Angle', 'value': 213}, 'value': '1.68'}, {'type': {'displayName': 'Zone', 'value': 56}, 'value': 'Center'}, {'type': {'displayName': 'PassEndY', 'value': 141}, 'value': '31.9'}]",True,,,,,
1910889,SecondHalf,61,54,66,Pass,Unsuccessful,1211,Hoffenheim,510234.0,Leon Avdullahu,62.4,31.3,79.9,51.9,,,,,"[{'type': {'displayName': 'Angle', 'value': 213}, 'value': '0.65'}, {'type': {'displayName': 'Length', 'value': 212}, 'value': '23.1'}, {'type': {'displayName': 'PassEndX', 'value': 140}, 'value': '79.9'}, {'type': {'displayName': 'PassEndY', 'value': 141}, 'value': '51.9'}, {'type': {'displayName': 'Zone', 'value': 56}, 'value': 'Center'}]",True,,,,,
1910889,SecondHalf,61,56,66,Interception,Successful,42,Werder Bremen,368176.0,Amos Pieper,20.1,48.1,,,,,,,"[{'type': {'displayName': 'Zone', 'value': 56}, 'value': 'Back'}]",True,,,,,
1910889,SecondHalf,61,57,66,Pass,Unsuccessful,42,Werder Bremen,420405.0,Senne Lynen,23.7,58.1,30.4,53.7,,,,,"[{'type': {'displayName': 'Zone', 'value': 56}, 'value': 'Back'}, {'type': {'displayName': 'PassEndY', 'value': 141}, 'value': '53.7'}, {'type': {'displayName': 'PassEndX', 'value': 140}, 'value': '30.4'}, {'type': {'displayName': 'Angle', 'value': 213}, 'value': '5.88'}, {'type': {'displayName': 'Length', 'value': 212}, 'value': '7.6'}]",True,,,,,
1910889,SecondHalf,61,58,66,Interception,Successful,1211,Hoffenheim,510234.0,Leon Avdullahu,69.6,46.3,,,,,,,"[{'type': {'displayName': 'Zone', 'value': 56}, 'value': 'Center'}]",True,,,,,
1910889,SecondHalf,62,0,67,Pass,Successful,1211,Hoffenheim,510234.0,Leon Avdullahu,66.2,45.9,63.4,56.7,,,,,"[{'type': {'displayName': 'Length', 'value': 212}, 'value': '7.9'}, {'type': {'displayName': 'Zone', 'value': 56}, 'value': 'Center'}, {'type': {'displayName': 'PassEndX', 'value': 140}, 'value': '63.4'}, {'type': {'displayName': 'PassEndY', 'value': 141}, 'value': '56.7'}, {'type': {'displayName': 'Angle', 'value': 213}, 'value': '1.95'}]",True,,,,,
1910889,SecondHalf,62,1,67,Pass,Successful,1211,Hoffenheim,302588.0,Bernardo,66.2,59.2,69.6,75.3,,,,,"[{'type': {'displayName': 'Angle', 'value': 213}, 'value': '1.26'}, {'type': {'displayName': 'PassEndX', 'value': 140}, 'value': '69.6'}, {'type': {'displayName': 'Zone', 'value': 56}, 'value': 'Center'}, {'type': {'displayName': 'PassEndY', 'value': 141}, 'value': '75.3'}, {'type': {'displayName': 'Length', 'value': 212}, 'value': '11.5'}]",True,,,,,
1910889,SecondHalf,62,4,67,Pass,Unsuccessful,1211,Hoffenheim,418588.0,Alexander Prass,71.2,76.0,86.1,56.5,,,,,"[{'type': {'displayName': 'Cross', 'value': 2}}, {'type': {'displayName': 'PassEndY', 'value': 141}, 'value': '56.5'}, {'type': {'displayName': 'Length', 'value': 212}, 'value': '20.5'}, {'type': {'displayName': 'Zone', 'value': 56}, 'value': 'Center'}, {'type': {'displayName': 'LeftFoot', 'value': 72}}, {'type': {'displayName': 'Chipped', 'value': 155}}, {'type': {'displayName': 'Angle', 'value': 213}, 'value': '5.58'}, {'type': {'displayName': 'PassEndX', 'value': 140}, 'value': '86.1'}]",True,,,,,
1910889,SecondHalf,62,6,67,Clearance,Successful,42,Werder Bremen,368176.0,Amos Pieper,13.5,42.3,22.2,60.3,,,,,"[{'type': {'displayName': 'PassEndX', 'value': 140}, 'value': '22.2'}, {'type': {'displayName': 'Zone', 'value': 56}, 'value': 'Back'}, {'type': {'displayName': 'Length', 'value': 212}, 'value': '15.3'}, {'type': {'displayName': 'PassEndY', 'value': 141}, 'value': '60.3'}, {'type': {'displayName': 'Angle', 'value': 213}, 'value': '0.93'}, {'type': {'displayName': 'Head', 'value': 15}}]",True,,,,,
1910889,SecondHalf,62,7,67,Pass,Unsuccessful,1211,Hoffenheim,111372.0,Vladimír Coufal,81.9,44.5,85.9,55.5,,,,,"[{'type': {'displayName': 'PassEndY', 'value': 141}, 'value': '55.5'}, {'type': {'displayName': 'PassEndX', 'value': 140}, 'value': '85.9'}, {'type': {'displayName': 'Zone', 'value': 56}, 'value': 'Center'}, {'type': {'displayName': 'Length', 'value': 212}, 'value': '8.6'}, {'type': {'displayName': 'Angle', 'value': 213}, 'value': '1.06'}]",True,,,,,
1910889,SecondHalf,62,8,67,Interception,Successful,42,Werder Bremen,420405.0,Senne Lynen,14.1,44.5,,,,,,,"[{'type': {'displayName': 'Zone', 'value': 56}, 'value': 'Back'}]",True,,,,,
1910889,SecondHalf,62,11,67,Pass,Successful,1211,Hoffenheim,302588.0,Bernardo,69.5,66.4,71.8,62.4,,,,,"[{'type': {'displayName': 'Angle', 'value': 213}, 'value': '5.44'}, {'type': {'displayName': 'PassEndY', 'value': 141}, 'value': '62.4'}, {'type': {'displayName': 'PassEndX', 'value': 140}, 'value': '71.8'}, {'type': {'displayName': 'Zone', 'value': 56}, 'value': 'Center'}, {'type': {'displayName': 'Length', 'value': 212}, 'value': '3.6'}]",True,,,,,
1910889,SecondHalf,62,14,67,Pass,Successful,1211,Hoffenheim,510234.0,Leon Avdullahu,70.6,61.8,70.8,39.3,,,,,"[{'type': {'displayName': 'PassEndX', 'value': 140}, 'value': '70.8'}, {'type': {'displayName': 'ShotAssist', 'value': 210}, 'value': '13'}, {'type': {'displayName': 'PassEndY', 'value': 141}, 'value': '39.3'}, {'type': {'displayName': 'Zone', 'value': 56}, 'value': 'Center'}, {'type': {'displayName': 'Angle', 'value': 213}, 'value': '4.73'}, {'type': {'displayName': 'Length', 'value': 212}, 'value': '15.3'}, {'type': {'displayName': 'KeyPass', 'value': 11113}}]",True,,,,,
1910889,SecondHalf,62,16,67,MissedShots,Successful,1211,Hoffenheim,356743.0,Ozan Kabak,72.1,37.6,,,65.2,5.6,,,"[{'type': {'displayName': 'OutOfBoxCentre', 'value': 18}}, {'type': {'displayName': 'GoalMouthY', 'value': 102}, 'value': '65.2'}, {'type': {'displayName': 'IndividualPlay', 'value': 215}}, {'type': {'displayName': 'MissLeft', 'value': 73}}, {'type': {'displayName': 'RightFoot', 'value': 20}}, {'type': {'displayName': 'Assisted', 'value': 29}}, {'type': {'displayName': 'GoalMouthZ', 'value': 103}, 'value': '5.6'}, {'type': {'displayName': 'RelatedEventId', 'value': 55}, 'value': '755'}, {'type': {'displayName': 'Zone', 'value': 56}, 'value': 'Center'}, {'type': {'displayName': 'RegularPlay', 'value': 22}}]",True,True,,,755.0,510234.0
1910889,SecondHalf,62,48,67,Pass,Unsuccessful,42,Werder Bremen,436119.0,Mio Backhaus,4.5,39.1,69.6,20.2,,,,,"[{'type': {'displayName': 'PassEndX', 'value': 140}, 'value': '69.6'}, {'type': {'displayName': 'Zone', 'value': 56}, 'value': 'Right'}, {'type': {'displayName': 'Length', 'value': 212}, 'value': '69.6'}, {'type': {'displayName': 'Longball', 'value': 1}}, {'type': {'displayName': 'PassEndY', 'value': 141}, 'value': '20.2'}, {'type': {'displayName': 'Chipped', 'value': 155}}, {'type': {'displayName': 'GoalKick', 'value': 124}}, {'type': {'displayName': 'MissHigh', 'value': 74}}, {'type': {'displayName': 'Angle', 'value': 213}, 'value': '6.10'}]",True,,,,,
1910889,SecondHalf,62,51,67,Pass,Unsuccessful,1211,Hoffenheim,402697.0,Albian Hajdari,25.2,87.3,61.9,69.6,,,,,"[{'type': {'displayName': 'Length', 'value': 212}, 'value': '40.4'}, {'type': {'displayName': 'Zone', 'value': 56}, 'value': 'Center'}, {'type': {'displayName': 'PassEndX', 'value': 140}, 'value': '61.9'}, {'type': {'displayName': 'PassEndY', 'value': 141}, 'value': '69.6'}, {'type': {'displayName': 'Longball', 'value': 1}}, {'type': {'displayName': 'Angle', 'value': 213}, 'value': '5.98'}]",True,,,,,
1910889,SecondHalf,62,57,67,Pass,Successful,42,Werder Bremen,431791.0,Cameron Puertas,40.3,30.6,55.3,40.1,,,,,"[{'type': {'displayName': 'PassEndY', 'value': 141}, 'value': '40.1'}, {'type': {'displayName': 'Longball', 'value': 1}}, {'type': {'displayName': 'Zone', 'value': 56}, 'value': 'Center'}, {'type': {'displayName': 'Length', 'value': 212}, 'value': '17.0'}, {'type': {'displayName': 'PassEndX', 'value': 140}, 'value': '55.3'}, {'type': {'displayName': 'Angle', 'value': 213}, 'value': '0.39'}]",True,,,,,
1910889,SecondHalf,63,0,68,BallTouch,Unsuccessful,42,Werder Bremen,383847.0,Romano Schmid,54.9,40.9,,,,,,,"[{'type': {'displayName': 'Zone', 'value': 56}, 'value': 'Center'}]",True,,,,,
1910889,SecondHalf,63,1,68,BallRecovery,Successful,1211,Hoffenheim,75217.0,Andrej Kramaric,47.6,50.1,,,,,,,[],False,,,,,
1910889,SecondHalf,63,2,68,Pass,Successful,1211,Hoffenheim,75217.0,Andrej Kramaric,47.6,50.1,39.8,31.8,,,,,"[{'type': {'displayName': 'Zone', 'value': 56}, 'value': 'Back'}, {'type': {'displayName': 'Length', 'value': 212}, 'value': '14.9'}, {'type': {'displayName': 'PassEndY', 'value': 141}, 'value': '31.8'}, {'type': {'displayName': 'PassEndX', 'value': 140}, 'value': '39.8'}, {'type': {'displayName': 'Angle', 'value': 213}, 'value': '4.13'}]",True,,,,,
1910889,SecondHalf,63,6,68,Dispossessed,Successful,1211,Hoffenheim,111372.0,Vladimír Coufal,39.7,12.9,,,,,,,"[{'type': {'displayName': 'Offensive', 'value': 286}}, {'type': {'displayName': 'Zone', 'value': 56}, 'value': 'Back'}, {'type': {'displayName': 'OppositeRelatedEvent', 'value': 233}, 'value': '483'}]",True,,,,,
1910889,SecondHalf,63,6,68,Tackle,Successful,42,Werder Bremen,383847.0,Romano Schmid,60.3,87.1,,,,,,,"[{'type': {'displayName': 'StandingSave', 'value': 178}}, {'type': {'displayName': 'Defensive', 'value': 285}}, {'type': {'displayName': 'OppositeRelatedEvent', 'value': 233}, 'value': '762'}, {'type': {'displayName': 'Zone', 'value': 56}, 'value': 'Left'}]",True,,,,,
1910889,SecondHalf,63,7,68,BallRecovery,Successful,42,Werder Bremen,407284.0,Olivier Deman,60.0,94.6,,,,,,,[],False,,,,,
1910889,SecondHalf,63,9,68,Pass,Unsuccessful,42,Werder Bremen,407284.0,Olivier Deman,57.6,97.0,59.0,97.8,,,,,"[{'type': {'displayName': 'Zone', 'value': 56}, 'value': 'Left'}, {'type': {'displayName': 'Length', 'value': 212}, 'value': '1.6'}, {'type': {'displayName': 'PassEndX', 'value': 140}, 'value': '59.0'}, {'type': {'displayName': 'PassEndY', 'value': 141}, 'value': '97.8'}, {'type': {'displayName': 'Angle', 'value': 213}, 'value': '0.35'}, {'type': {'displayName': 'OppositeRelatedEvent', 'value': 233}, 'value': '764'}, {'type': {'displayName': 'Offensive', 'value': 286}}]",True,,,,,
1910889,SecondHalf,63,9,68,BlockedPass,Successful,1211,Hoffenheim,111372.0,Vladimír Coufal,41.0,2.2,,,,,,,"[{'type': {'displayName': 'Defensive', 'value': 285}}, {'type': {'displayName': 'Zone', 'value': 56}, 'value': 'Back'}, {'type': {'displayName': 'OppositeRelatedEvent', 'value': 233}, 'value': '485'}]",True,,,,,
1910889,SecondHalf,63,40,68,Pass,Successful,42,Werder Bremen,407284.0,Olivier Deman,61.7,100.0,70.2,78.1,,,,,"[{'type': {'displayName': 'Zone', 'value': 56}, 'value': 'Center'}, {'type': {'displayName': 'Length', 'value': 212}, 'value': '18.1'}, {'type': {'displayName': 'PassEndY', 'value': 141}, 'value': '78.1'}, {'type': {'displayName': 'PassEndX', 'value': 140}, 'value': '70.2'}, {'type': {'displayName': 'ThrowIn', 'value': 107}}, {'type': {'displayName': 'Angle', 'value': 213}, 'value': '5.23'}]",True,,,,,
1910889,SecondHalf,63,43,68,Aerial,Successful,42,Werder Bremen,377280.0,Jens Stage,70.2,78.1,,,,,,,"[{'type': {'displayName': 'OppositeRelatedEvent', 'value': 233}, 'value': '766'}, {'type': {'displayName': 'Zone', 'value': 56}, 'value': 'Center'}, {'type': {'displayName': 'Offensive', 'value': 286}}]",False,,,,,
1910889,SecondHalf,63,43,68,Aerial,Unsuccessful,1211,Hoffenheim,111372.0,Vladimír Coufal,29.8,21.9,,,,,,,"[{'type': {'displayName': 'OppositeRelatedEvent', 'value': 233}, 'value': '488'}, {'type': {'displayName': 'Defensive', 'value': 285}}, {'type': {'displayName': 'Zone', 'value': 56}, 'value': 'Back'}]",False,,,,,
1910889,SecondHalf,63,43,68,Pass,Unsuccessful,42,Werder Bremen,377280.0,Jens Stage,70.2,78.1,71.7,57.1,,,,,"[{'type': {'displayName': 'Angle', 'value': 213}, 'value': '4.82'}, {'type': {'displayName': 'Zone', 'value': 56}, 'value': 'Center'}, {'type': {'displayName': 'Length', 'value': 212}, 'value': '14.4'}, {'type': {'displayName': 'HeadPass', 'value': 3}}, {'type': {'displayName': 'PassEndX', 'value': 140}, 'value': '71.7'}, {'type': {'displayName': 'PassEndY', 'value': 141}, 'value': '57.1'}]",True,,,,,
1910889,SecondHalf,63,45,68,BallRecovery,Successful,1211,Hoffenheim,302588.0,Bernardo,29.0,51.3,,,,,,,[],False,,,,,
1910889,SecondHalf,63,46,68,Pass,Successful,1211,Hoffenheim,302588.0,Bernardo,28.9,51.7,8.6,59.7,,,,,"[{'type': {'displayName': 'PassEndY', 'value': 141}, 'value': '59.7'}, {'type': {'displayName': 'Zone', 'value': 56}, 'value': 'Back'}, {'type': {'displayName': 'Angle', 'value': 213}, 'value': '2.89'}, {'type': {'displayName': 'Length', 'value': 212}, 'value': '22.0'}, {'type': {'displayName': 'PassEndX', 'value': 140}, 'value': '8.6'}]",True,,,,,
1910889,SecondHalf,63,49,68,Pass,Successful,1211,Hoffenheim,77440.0,Oliver Baumann,9.3,55.0,14.5,21.1,,,,,"[{'type': {'displayName': 'PassEndX', 'value': 140}, 'value': '14.5'}, {'type': {'displayName': 'PassEndY', 'value': 141}, 'value': '21.1'}, {'type': {'displayName': 'Angle', 'value': 213}, 'value': '4.94'}, {'type': {'displayName': 'Length', 'value': 212}, 'value': '23.7'}, {'type': {'displayName': 'Zone', 'value': 56}, 'value': 'Back'}]",True,,,,,
1910889,SecondHalf,64,0,69,Pass,Successful,1211,Hoffenheim,356743.0,Ozan Kabak,44.1,32.2,46.1,54.4,,,,,"[{'type': {'displayName': 'PassEndY', 'value': 141}, 'value': '54.4'}, {'type': {'displayName': 'Length', 'value': 212}, 'value': '15.2'}, {'type': {'displayName': 'Angle', 'value': 213}, 'value': '1.43'}, {'type': {'displayName': 'Zone', 'value': 56}, 'value': 'Back'}, {'type': {'displayName': 'PassEndX', 'value': 140}, 'value': '46.1'}]",True,,,,,
1910889,SecondHalf,64,3,69,Pass,Successful,1211,Hoffenheim,510234.0,Leon Avdullahu,54.1,54.9,58.6,77.8,,,,,"[{'type': {'displayName': 'PassEndX', 'value': 140}, 'value': '58.6'}, {'type': {'displayName': 'PassEndY', 'value': 141}, 'value': '77.8'}, {'type': {'displayName': 'Angle', 'value': 213}, 'value': '1.28'}, {'type': {'displayName': 'Length', 'value': 212}, 'value': '16.3'}, {'type': {'displayName': 'Zone', 'value': 56}, 'value': 'Center'}]",True,,,,,
1910889,SecondHalf,64,5,69,Pass,Successful,1211,Hoffenheim,302588.0,Bernardo,61.7,78.6,77.2,95.7,,,,,"[{'type': {'displayName': 'PassEndY', 'value': 141}, 'value': '95.7'}, {'type': {'displayName': 'Zone', 'value': 56}, 'value': 'Left'}, {'type': {'displayName': 'PassEndX', 'value': 140}, 'value': '77.2'}, {'type': {'displayName': 'Angle', 'value': 213}, 'value': '0.62'}, {'type': {'displayName': 'Length', 'value': 212}, 'value': '20.0'}]",True,,,,,
1910889,SecondHalf,64,10,69,Pass,Successful,1211,Hoffenheim,418588.0,Alexander Prass,75.9,94.3,69.2,66.3,,,,,"[{'type': {'displayName': 'Angle', 'value': 213}, 'value': '4.36'}, {'type': {'displayName': 'Length', 'value': 212}, 'value': '20.3'}, {'type': {'displayName': 'Zone', 'value': 56}, 'value': 'Center'}, {'type': {'displayName': 'PassEndX', 'value': 140}, 'value': '69.2'}, {'type': {'displayName': 'PassEndY', 'value': 141}, 'value': '66.3'}]",True,,,,,
1910889,SecondHalf,64,12,69,Pass,Successful,1211,Hoffenheim,510234.0,Leon Avdullahu,70.0,65.1,75.9,66.1,,,,,"[{'type': {'displayName': 'PassEndX', 'value': 140}, 'value': '75.9'}, {'type': {'displayName': 'Zone', 'value': 56}, 'value': 'Center'}, {'type': {'displayName': 'Length', 'value': 212}, 'value': '6.2'}, {'type': {'displayName': 'Angle', 'value': 213}, 'value': '0.11'}, {'type': {'displayName': 'PassEndY', 'value': 141}, 'value': '66.1'}]",True,,,,,
1910889,SecondHalf,64,13,69,Challenge,Unsuccessful,42,Werder Bremen,431791.0,Cameron Puertas,24.8,41.3,,,,,,,"[{'type': {'displayName': 'Defensive', 'value': 285}}, {'type': {'displayName': 'Zone', 'value': 56}, 'value': 'Back'}, {'type': {'displayName': 'OppositeRelatedEvent', 'value': 233}, 'value': '775'}]",False,,,,,
1910889,SecondHalf,64,13,69,TakeOn,Successful,1211,Hoffenheim,428426.0,Fisnik Asllani,75.2,58.7,,,,,,,"[{'type': {'displayName': 'Zone', 'value': 56}, 'value': 'Center'}, {'type': {'displayName': 'Offensive', 'value': 286}}, {'type': {'displayName': 'OppositeRelatedEvent', 'value': 233}, 'value': '490'}]",True,,,,,
1910889,SecondHalf,64,15,69,Pass,Unsuccessful,1211,Hoffenheim,428426.0,Fisnik Asllani,73.4,55.6,100.0,24.1,,,,,"[{'type': {'displayName': 'Zone', 'value': 56}, 'value': 'Center'}, {'type': {'displayName': 'Longball', 'value': 1}}, {'type': {'displayName': 'PassEndY', 'value': 141}, 'value': '24.1'}, {'type': {'displayName': 'Chipped', 'value': 155}}, {'type': {'displayName': 'PassEndX', 'value': 140}, 'value': '100.0'}, {'type': {'displayName': 'Length', 'value': 212}, 'value': '35.6'}, {'type': {'displayName': 'Angle', 'value': 213}, 'value': '5.64'}]",True,,,,,
1910889,SecondHalf,64,48,69,Pass,Unsuccessful,42,Werder Bremen,436119.0,Mio Backhaus,4.0,41.4,57.7,6.4,,,,,"[{'type': {'displayName': 'Length', 'value': 212}, 'value': '61.2'}, {'type': {'displayName': 'Longball', 'value': 1}}, {'type': {'displayName': 'PassEndX', 'value': 140}, 'value': '57.7'}, {'type': {'displayName': 'Zone', 'value': 56}, 'value': 'Right'}, {'type': {'displayName': 'GoalKick', 'value': 124}}, {'type': {'displayName': 'Angle', 'value': 213}, 'value': '5.88'}, {'type': {'displayName': 'PassEndY', 'value': 141}, 'value': '6.4'}]",True,,,,,
1910889,SecondHalf,64,50,69,Pass,Unsuccessful,1211,Hoffenheim,302588.0,Bernardo,49.7,94.0,79.1,66.0,,,,,"[{'type': {'displayName': 'HeadPass', 'value': 3}}, {'type': {'displayName': 'Length', 'value': 212}, 'value': '36.3'}, {'type': {'displayName': 'Zone', 'value': 56}, 'value': 'Center'}, {'type': {'displayName': 'PassEndX', 'value': 140}, 'value': '79.1'}, {'type': {'displayName': 'PassEndY', 'value': 141}, 'value': '66.0'}, {'type': {'displayName': 'Longball', 'value': 1}}, {'type': {'displayName': 'Angle', 'value': 213}, 'value': '5.73'}]",True,,,,,
1910889,SecondHalf,64,53,69,Pass,Successful,42,Werder Bremen,333227.0,Marco Friedl,17.3,25.9,11.1,30.0,,,,,"[{'type': {'displayName': 'PassEndY', 'value': 141}, 'value': '30.0'}, {'type': {'displayName': 'PassEndX', 'value': 140}, 'value': '11.1'}, {'type': {'displayName': 'Zone', 'value': 56}, 'value': 'Back'}, {'type': {'displayName': 'Angle', 'value': 213}, 'value': '2.74'}, {'type': {'displayName': 'Length', 'value': 212}, 'value': '7.1'}]",True,,,,,
1910889,SecondHalf,64,56,69,KeeperPickup,Successful,42,Werder Bremen,436119.0,Mio Backhaus,12.2,31.7,,,,,,,[],False,,,,,
1910889,SecondHalf,65,3,70,Pass,Successful,42,Werder Bremen,436119.0,Mio Backhaus,13.7,40.1,47.5,34.2,,,,,"[{'type': {'displayName': 'Angle', 'value': 213}, 'value': '6.17'}, {'type': {'displayName': 'Chipped', 'value': 155}}, {'type': {'displayName': 'PassEndY', 'value': 141}, 'value': '34.2'}, {'type': {'displayName': 'Length', 'value': 212}, 'value': '35.7'}, {'type': {'displayName': 'Longball', 'value': 1}}, {'type': {'displayName': 'PassEndX', 'value': 140}, 'value': '47.5'}, {'type': {'displayName': 'Zone', 'value': 56}, 'value': 'Back'}]",True,,,,,
1910889,SecondHalf,65,6,70,Pass,Successful,42,Werder Bremen,377280.0,Jens Stage,46.2,35.7,56.1,37.9,,,,,"[{'type': {'displayName': 'HeadPass', 'value': 3}}, {'type': {'displayName': 'Length', 'value': 212}, 'value': '10.5'}, {'type': {'displayName': 'Zone', 'value': 56}, 'value': 'Center'}, {'type': {'displayName': 'Angle', 'value': 213}, 'value': '0.14'}, {'type': {'displayName': 'PassEndX', 'value': 140}, 'value': '56.1'}, {'type': {'displayName': 'PassEndY', 'value': 141}, 'value': '37.9'}]",True,,,,,
1910889,SecondHalf,65,8,70,Pass,Successful,42,Werder Bremen,438066.0,Justin Njinmah,56.1,39.1,53.5,51.7,,,,,"[{'type': {'displayName': 'PassEndX', 'value': 140}, 'value': '53.5'}, {'type': {'displayName': 'Zone', 'value': 56}, 'value': 'Center'}, {'type': {'displayName': 'PassEndY', 'value': 141}, 'value': '51.7'}, {'type': {'displayName': 'Length', 'value': 212}, 'value': '9.0'}, {'type': {'displayName': 'Angle', 'value': 213}, 'value': '1.88'}]",True,,,,,
1910889,SecondHalf,65,10,70,Pass,Unsuccessful,42,Werder Bremen,383847.0,Romano Schmid,54.2,51.5,77.3,34.0,,,,,"[{'type': {'displayName': 'Chipped', 'value': 155}}, {'type': {'displayName': 'PassEndX', 'value': 140}, 'value': '77.3'}, {'type': {'displayName': 'Zone', 'value': 56}, 'value': 'Center'}, {'type': {'displayName': 'Angle', 'value': 213}, 'value': '5.83'}, {'type': {'displayName': 'PassEndY', 'value': 141}, 'value': '34.0'}, {'type': {'displayName': 'Length', 'value': 212}, 'value': '27.0'}]",True,,,,,
1910889,SecondHalf,65,13,70,Foul,Successful,42,Werder Bremen,377280.0,Jens Stage,74.0,37.8,,,,,,,"[{'type': {'displayName': 'Zone', 'value': 56}, 'value': 'Center'}, {'type': {'displayName': 'OppositeRelatedEvent', 'value': 233}, 'value': '780'}, {'type': {'displayName': 'Offensive', 'value': 286}}, {'type': {'displayName': 'Foul', 'value': 13}}]",True,,,,,
1910889,SecondHalf,65,13,70,Foul,Unsuccessful,1211,Hoffenheim,302588.0,Bernardo,26.0,62.2,,,,,,,"[{'type': {'displayName': 'RelatedEventId', 'value': 55}, 'value': '781'}, {'type': {'displayName': 'Defensive', 'value': 285}}, {'type': {'displayName': 'OppositeRelatedEvent', 'value': 233}, 'value': '500'}, {'type': {'displayName': 'Foul', 'value': 13}}, {'type': {'displayName': 'StandingSave', 'value': 178}}, {'type': {'displayName': 'Zone', 'value': 56}, 'value': 'Back'}]",False,,,,781.0,302588.0
1910889,SecondHalf,65,17,70,Card,Successful,1211,Hoffenheim,302588.0,Bernardo,0.0,0.0,,,,,,,"[{'type': {'displayName': 'RelatedEventId', 'value': 55}, 'value': '780'}, {'type': {'displayName': 'Yellow', 'value': 31}}, {'type': {'displayName': 'Foul', 'value': 13}, 'value': '243'}]",False,,,Yellow,780.0,302588.0
1910889,SecondHalf,67,14,72,MissedShots,Successful,42,Werder Bremen,431791.0,Cameron Puertas,73.1,34.0,,,43.4,75.0,,,"[{'type': {'displayName': 'GoalMouthY', 'value': 102}, 'value': '43.4'}, {'type': {'displayName': 'DirectFreekick', 'value': 26}}, {'type': {'displayName': 'RightFoot', 'value': 20}}, {'type': {'displayName': 'HighRight', 'value': 81}}, {'type': {'displayName': 'Zone', 'value': 56}, 'value': 'Center'}, {'type': {'displayName': 'GoalMouthZ', 'value': 103}, 'value': '75'}, {'type': {'displayName': 'OutOfBoxCentre', 'value': 18}}]",True,True,,,,
1910889,SecondHalf,67,34,72,Pass,Successful,1211,Hoffenheim,77440.0,Oliver Baumann,3.1,53.5,28.7,82.6,,,,,"[{'type': {'displayName': 'Longball', 'value': 1}}, {'type': {'displayName': 'Length', 'value': 212}, 'value': '33.4'}, {'type': {'displayName': 'Zone', 'value': 56}, 'value': 'Back'}, {'type': {'displayName': 'PassEndY', 'value': 141}, 'value': '82.6'}, {'type': {'displayName': 'GoalKick', 'value': 124}}, {'type': {'displayName': 'PassEndX', 'value': 140}, 'value': '28.7'}, {'type': {'displayName': 'Angle', 'value': 213}, 'value': '0.63'}]",True,,,,,
1910889,SecondHalf,67,35,72,Pass,Successful,1211,Hoffenheim,302588.0,Bernardo,28.9,81.9,56.7,92.5,,,,,"[{'type': {'displayName': 'Angle', 'value': 213}, 'value': '0.24'}, {'type': {'displayName': 'Zone', 'value': 56}, 'value': 'Left'}, {'type': {'displayName': 'PassEndY', 'value': 141}, 'value': '92.5'}, {'type': {'displayName': 'PassEndX', 'value': 140}, 'value': '56.7'}, {'type': {'displayName': 'Length', 'value': 212}, 'value': '30.1'}]",True,,,,,
1910889,SecondHalf,67,38,72,Pass,Successful,1211,Hoffenheim,75217.0,Andrej Kramaric,58.1,90.7,57.4,71.7,,,,,"[{'type': {'displayName': 'PassEndY', 'value': 141}, 'value': '71.7'}, {'type': {'displayName': 'PassEndX', 'value': 140}, 'value': '57.4'}, {'type': {'displayName': 'Angle', 'value': 213}, 'value': '4.66'}, {'type': {'displayName': 'Length', 'value': 212}, 'value': '12.9'}, {'type': {'displayName': 'Zone', 'value': 56}, 'value': 'Center'}]",True,,,,,
1910889,SecondHalf,67,39,72,Pass,Successful,1211,Hoffenheim,510234.0,Leon Avdullahu,57.6,71.7,59.1,40.2,,,,,"[{'type': {'displayName': 'Zone', 'value': 56}, 'value': 'Center'}, {'type': {'displayName': 'PassEndY', 'value': 141}, 'value': '40.2'}, {'type': {'displayName': 'PassEndX', 'value': 140}, 'value': '59.1'}, {'type': {'displayName': 'Length', 'value': 212}, 'value': '21.5'}, {'type': {'displayName': 'Angle', 'value': 213}, 'value': '4.79'}]",True,,,,,
1910889,SecondHalf,67,41,72,Pass,Successful,1211,Hoffenheim,356743.0,Ozan Kabak,59.6,40.6,72.9,6.3,,,,,"[{'type': {'displayName': 'Angle', 'value': 213}, 'value': '5.25'}, {'type': {'displayName': 'PassEndY', 'value': 141}, 'value': '6.3'}, {'type': {'displayName': 'PassEndX', 'value': 140}, 'value': '72.9'}, {'type': {'displayName': 'Length', 'value': 212}, 'value': '27.2'}, {'type': {'displayName': 'Zone', 'value': 56}, 'value': 'Right'}]",True,,,,,
1910889,SecondHalf,67,44,72,Pass,Successful,1211,Hoffenheim,111372.0,Vladimír Coufal,72.9,6.3,66.0,27.3,,,,,"[{'type': {'displayName': 'PassEndY', 'value': 141}, 'value': '27.3'}, {'type': {'displayName': 'Zone', 'value': 56}, 'value': 'Center'}, {'type': {'displayName': 'PassEndX', 'value': 140}, 'value': '66.0'}, {'type': {'displayName': 'Length', 'value': 212}, 'value': '16.0'}, {'type': {'displayName': 'Angle', 'value': 213}, 'value': '2.04'}]",True,,,,,
1910889,SecondHalf,67,46,72,Pass,Successful,1211,Hoffenheim,356743.0,Ozan Kabak,66.0,27.3,64.4,42.1,,,,,"[{'type': {'displayName': 'PassEndY', 'value': 141}, 'value': '42.1'}, {'type': {'displayName': 'PassEndX', 'value': 140}, 'value': '64.4'}, {'type': {'displayName': 'Angle', 'value': 213}, 'value': '1.74'}, {'type': {'displayName': 'Zone', 'value': 56}, 'value': 'Center'}, {'type': {'displayName': 'Length', 'value': 212}, 'value': '10.2'}]",True,,,,,
1910889,SecondHalf,67,48,72,Pass,Successful,1211,Hoffenheim,402697.0,Albian Hajdari,62.4,39.6,67.2,8.4,,,,,"[{'type': {'displayName': 'Length', 'value': 212}, 'value': '21.8'}, {'type': {'displayName': 'PassEndX', 'value': 140}, 'value': '67.2'}, {'type': {'displayName': 'Zone', 'value': 56}, 'value': 'Right'}, {'type': {'displayName': 'Angle', 'value': 213}, 'value': '4.95'}, {'type': {'displayName': 'PassEndY', 'value': 141}, 'value': '8.4'}]",True,,,,,
1910889,SecondHalf,67,51,72,Pass,Successful,1211,Hoffenheim,361878.0,Wouter Burger,72.8,11.2,89.4,29.2,,,,,"[{'type': {'displayName': 'PassEndY', 'value': 141}, 'value': '29.2'}, {'type': {'displayName': 'PassEndX', 'value': 140}, 'value': '89.4'}, {'type': {'displayName': 'Angle', 'value': 213}, 'value': '0.61'}, {'type': {'displayName': 'Zone', 'value': 56}, 'value': 'Center'}, {'type': {'displayName': 'Length', 'value': 212}, 'value': '21.3'}]",True,,,,,
1910889,SecondHalf,67,54,72,Pass,Unsuccessful,1211,Hoffenheim,428426.0,Fisnik Asllani,92.2,28.6,87.7,30.9,,,,,"[{'type': {'displayName': 'Length', 'value': 212}, 'value': '5.0'}, {'type': {'displayName': 'Angle', 'value': 213}, 'value': '2.82'}, {'type': {'displayName': 'Zone', 'value': 56}, 'value': 'Center'}, {'type': {'displayName': 'PassEndX', 'value': 140}, 'value': '87.7'}, {'type': {'displayName': 'PassEndY', 'value': 141}, 'value': '30.9'}]",True,,,,,
1910889,SecondHalf,67,55,72,BallTouch,Successful,42,Werder Bremen,431791.0,Cameron Puertas,9.2,77.3,,,,,,,"[{'type': {'displayName': 'Zone', 'value': 56}, 'value': 'Back'}]",True,,,,,
1910889,SecondHalf,67,56,72,BallRecovery,Successful,42,Werder Bremen,407284.0,Olivier Deman,9.0,84.2,,,,,,,[],False,,,,,
1910889,SecondHalf,67,57,72,Pass,Unsuccessful,42,Werder Bremen,407284.0,Olivier Deman,8.8,84.2,52.1,75.6,,,,,"[{'type': {'displayName': 'Chipped', 'value': 155}}, {'type': {'displayName': 'Longball', 'value': 1}}, {'type': {'displayName': 'Zone', 'value': 56}, 'value': 'Center'}, {'type': {'displayName': 'PassEndX', 'value': 140}, 'value': '52.1'}, {'type': {'displayName': 'Length', 'value': 212}, 'value': '45.8'}, {'type': {'displayName': 'PassEndY', 'value': 141}, 'value': '75.6'}, {'type': {'displayName': 'Angle', 'value': 213}, 'value': '6.16'}]",True,,,,,
1910889,SecondHalf,67,59,72,BallRecovery,Successful,1211,Hoffenheim,402697.0,Albian Hajdari,44.6,21.0,,,,,,,[],False,,,,,
1910889,SecondHalf,68,1,73,Pass,Successful,1211,Hoffenheim,402697.0,Albian Hajdari,43.5,23.8,56.9,13.5,,,,,"[{'type': {'displayName': 'PassEndX', 'value': 140}, 'value': '56.9'}, {'type': {'displayName': 'PassEndY', 'value': 141}, 'value': '13.5'}, {'type': {'displayName': 'Angle', 'value': 213}, 'value': '5.82'}, {'type': {'displayName': 'Zone', 'value': 56}, 'value': 'Right'}, {'type': {'displayName': 'Length', 'value': 212}, 'value': '15.7'}]",True,,,,,
1910889,SecondHalf,68,4,73,Pass,Successful,1211,Hoffenheim,356743.0,Ozan Kabak,57.1,13.3,70.3,3.3,,,,,"[{'type': {'displayName': 'Length', 'value': 212}, 'value': '15.4'}, {'type': {'displayName': 'Angle', 'value': 213}, 'value': '5.83'}, {'type': {'displayName': 'PassEndY', 'value': 141}, 'value': '3.3'}, {'type': {'displayName': 'PassEndX', 'value': 140}, 'value': '70.3'}, {'type': {'displayName': 'Zone', 'value': 56}, 'value': 'Right'}]",True,,,,,
1910889,SecondHalf,68,6,73,Pass,Successful,1211,Hoffenheim,111372.0,Vladimír Coufal,70.3,3.9,93.9,18.4,,,,,"[{'type': {'displayName': 'PassEndX', 'value': 140}, 'value': '93.9'}, {'type': {'displayName': 'PassEndY', 'value': 141}, 'value': '18.4'}, {'type': {'displayName': 'Angle', 'value': 213}, 'value': '0.38'}, {'type': {'displayName': 'Zone', 'value': 56}, 'value': 'Right'}, {'type': {'displayName': 'Length', 'value': 212}, 'value': '26.7'}]",True,,,,,
1910889,SecondHalf,68,11,73,Pass,Successful,1211,Hoffenheim,361878.0,Wouter Burger,94.0,18.4,86.2,16.3,,,,,"[{'type': {'displayName': 'Zone', 'value': 56}, 'value': 'Right'}, {'type': {'displayName': 'PassEndY', 'value': 141}, 'value': '16.3'}, {'type': {'displayName': 'PassEndX', 'value': 140}, 'value': '86.2'}, {'type': {'displayName': 'Angle', 'value': 213}, 'value': '3.31'}, {'type': {'displayName': 'Length', 'value': 212}, 'value': '8.3'}]",True,,,,,
1910889,SecondHalf,68,13,73,Pass,Unsuccessful,1211,Hoffenheim,111372.0,Vladimír Coufal,87.3,16.8,92.6,56.4,,,,,"[{'type': {'displayName': 'Cross', 'value': 2}}, {'type': {'displayName': 'RightFoot', 'value': 20}}, {'type': {'displayName': 'Zone', 'value': 56}, 'value': 'Center'}, {'type': {'displayName': 'Length', 'value': 212}, 'value': '27.5'}, {'type': {'displayName': 'Angle', 'value': 213}, 'value': '1.37'}, {'type': {'displayName': 'Chipped', 'value': 155}}, {'type': {'displayName': 'PassEndY', 'value': 141}, 'value': '56.4'}, {'type': {'displayName': 'PassEndX', 'value': 140}, 'value': '92.6'}]",True,,,,,
1910889,SecondHalf,68,14,73,Clearance,Successful,42,Werder Bremen,538407.0,Isaac Schmidt,9.3,41.1,37.9,28.5,,,,,"[{'type': {'displayName': 'Zone', 'value': 56}, 'value': 'Back'}, {'type': {'displayName': 'Length', 'value': 212}, 'value': '31.2'}, {'type': {'displayName': 'PassEndY', 'value': 141}, 'value': '28.5'}, {'type': {'displayName': 'PassEndX', 'value': 140}, 'value': '37.9'}, {'type': {'displayName': 'Angle', 'value': 213}, 'value': '6.01'}, {'type': {'displayName': 'Head', 'value': 15}}]",True,,,,,
1910889,SecondHalf,68,20,73,Pass,Successful,1211,Hoffenheim,302588.0,Bernardo,62.6,73.0,61.6,51.4,,,,,"[{'type': {'displayName': 'Angle', 'value': 213}, 'value': '4.64'}, {'type': {'displayName': 'Zone', 'value': 56}, 'value': 'Center'}, {'type': {'displayName': 'PassEndY', 'value': 141}, 'value': '51.4'}, {'type': {'displayName': 'PassEndX', 'value': 140}, 'value': '61.6'}, {'type': {'displayName': 'Length', 'value': 212}, 'value': '14.7'}]",True,,,,,
1910889,SecondHalf,68,22,73,Pass,Successful,1211,Hoffenheim,402697.0,Albian Hajdari,61.8,51.1,67.1,41.2,,,,,"[{'type': {'displayName': 'Zone', 'value': 56}, 'value': 'Center'}, {'type': {'displayName': 'PassEndY', 'value': 141}, 'value': '41.2'}, {'type': {'displayName': 'Length', 'value': 212}, 'value': '8.7'}, {'type': {'displayName': 'PassEndX', 'value': 140}, 'value': '67.1'}, {'type': {'displayName': 'Angle', 'value': 213}, 'value': '5.40'}]",True,,,,,
1910889,SecondHalf,68,26,73,Pass,Successful,1211,Hoffenheim,510234.0,Leon Avdullahu,68.5,48.4,73.7,71.4,,,,,"[{'type': {'displayName': 'PassEndX', 'value': 140}, 'value': '73.7'}, {'type': {'displayName': 'PassEndY', 'value': 141}, 'value': '71.4'}, {'type': {'displayName': 'Angle', 'value': 213}, 'value': '1.23'}, {'type': {'displayName': 'Zone', 'value': 56}, 'value': 'Center'}, {'type': {'displayName': 'Length', 'value': 212}, 'value': '16.6'}]",True,,,,,
1910889,SecondHalf,68,29,73,Pass,Successful,1211,Hoffenheim,75217.0,Andrej Kramaric,76.3,74.2,88.5,86.2,,,,,"[{'type': {'displayName': 'Zone', 'value': 56}, 'value': 'Left'}, {'type': {'displayName': 'PassEndY', 'value': 141}, 'value': '86.2'}, {'type': {'displayName': 'Angle', 'value': 213}, 'value': '0.57'}, {'type': {'displayName': 'Length', 'value': 212}, 'value': '15.2'}, {'type': {'displayName': 'PassEndX', 'value': 140}, 'value': '88.5'}]",True,,,,,
1910889,SecondHalf,68,32,73,Pass,Successful,1211,Hoffenheim,418588.0,Alexander Prass,84.4,87.6,68.9,77.2,,,,,"[{'type': {'displayName': 'Angle', 'value': 213}, 'value': '3.55'}, {'type': {'displayName': 'Length', 'value': 212}, 'value': '17.7'}, {'type': {'displayName': 'PassEndX', 'value': 140}, 'value': '68.9'}, {'type': {'displayName': 'PassEndY', 'value': 141}, 'value': '77.2'}, {'type': {'displayName': 'Zone', 'value': 56}, 'value': 'Center'}]",True,,,,,
1910889,SecondHalf,68,34,73,Pass,Successful,1211,Hoffenheim,510234.0,Leon Avdullahu,67.2,75.4,67.2,33.3,,,,,"[{'type': {'displayName': 'PassEndY', 'value': 141}, 'value': '33.3'}, {'type': {'displayName': 'Length', 'value': 212}, 'value': '28.6'}, {'type': {'displayName': 'Angle', 'value': 213}, 'value': '4.71'}, {'type': {'displayName': 'Zone', 'value': 56}, 'value': 'Center'}, {'type': {'displayName': 'PassEndX', 'value': 140}, 'value': '67.2'}]",True,,,,,
1910889,SecondHalf,68,36,73,Pass,Successful,1211,Hoffenheim,356743.0,Ozan Kabak,67.2,33.3,64.9,45.0,,,,,"[{'type': {'displayName': 'PassEndX', 'value': 140}, 'value': '64.9'}, {'type': {'displayName': 'PassEndY', 'value': 141}, 'value': '45.0'}, {'type': {'displayName': 'Angle', 'value': 213}, 'value': '1.87'}, {'type': {'displayName': 'Length', 'value': 212}, 'value': '8.3'}, {'type': {'displayName': 'Zone', 'value': 56}, 'value': 'Center'}]",True,,,,,
1910889,SecondHalf,68,41,73,Pass,Successful,1211,Hoffenheim,402697.0,Albian Hajdari,62.8,47.2,64.5,28.3,,,,,"[{'type': {'displayName': 'Length', 'value': 212}, 'value': '13.0'}, {'type': {'displayName': 'PassEndY', 'value': 141}, 'value': '28.3'}, {'type': {'displayName': 'PassEndX', 'value': 140}, 'value': '64.5'}, {'type': {'displayName': 'Angle', 'value': 213}, 'value': '4.85'}, {'type': {'displayName': 'Zone', 'value': 56}, 'value': 'Center'}]",True,,,,,
1910889,SecondHalf,68,43,73,Pass,Successful,1211,Hoffenheim,356743.0,Ozan Kabak,65.2,30.4,74.7,5.1,,,,,"[{'type': {'displayName': 'Angle', 'value': 213}, 'value': '5.24'}, {'type': {'displayName': 'Length', 'value': 212}, 'value': '19.9'}, {'type': {'displayName': 'PassEndY', 'value': 141}, 'value': '5.1'}, {'type': {'displayName': 'Zone', 'value': 56}, 'value': 'Right'}, {'type': {'displayName': 'PassEndX', 'value': 140}, 'value': '74.7'}]",True,,,,,
1910889,SecondHalf,68,45,73,Pass,Successful,1211,Hoffenheim,111372.0,Vladimír Coufal,74.6,6.3,63.4,25.3,,,,,"[{'type': {'displayName': 'PassEndY', 'value': 141}, 'value': '25.3'}, {'type': {'displayName': 'Zone', 'value': 56}, 'value': 'Center'}, {'type': {'displayName': 'Length', 'value': 212}, 'value': '17.5'}, {'type': {'displayName': 'Angle', 'value': 213}, 'value': '2.31'}, {'type': {'displayName': 'PassEndX', 'value': 140}, 'value': '63.4'}]",True,,,,,
1910889,SecondHalf,68,47,73,Pass,Successful,1211,Hoffenheim,356743.0,Ozan Kabak,63.8,25.2,63.1,39.4,,,,,"[{'type': {'displayName': 'PassEndY', 'value': 141}, 'value': '39.4'}, {'type': {'displayName': 'Zone', 'value': 56}, 'value': 'Center'}, {'type': {'displayName': 'Length', 'value': 212}, 'value': '9.7'}, {'type': {'displayName': 'PassEndX', 'value': 140}, 'value': '63.1'}, {'type': {'displayName': 'Angle', 'value': 213}, 'value': '1.65'}]",True,,,,,
1910889,SecondHalf,68,51,73,Pass,Successful,1211,Hoffenheim,402697.0,Albian Hajdari,63.5,42.3,77.1,18.1,,,,,"[{'type': {'displayName': 'Zone', 'value': 56}, 'value': 'Right'}, {'type': {'displayName': 'PassEndY', 'value': 141}, 'value': '18.1'}, {'type': {'displayName': 'Angle', 'value': 213}, 'value': '5.43'}, {'type': {'displayName': 'Length', 'value': 212}, 'value': '21.8'}, {'type': {'displayName': 'PassEndX', 'value': 140}, 'value': '77.1'}]",True,,,,,
1910889,SecondHalf,68,55,73,Pass,Unsuccessful,1211,Hoffenheim,361878.0,Wouter Burger,79.4,18.6,90.0,46.9,,,,,"[{'type': {'displayName': 'PassEndY', 'value': 141}, 'value': '46.9'}, {'type': {'displayName': 'Chipped', 'value': 155}}, {'type': {'displayName': 'PassEndX', 'value': 140}, 'value': '90.0'}, {'type': {'displayName': 'Angle', 'value': 213}, 'value': '1.05'}, {'type': {'displayName': 'Length', 'value': 212}, 'value': '22.2'}, {'type': {'displayName': 'Zone', 'value': 56}, 'value': 'Center'}, {'type': {'displayName': 'Cross', 'value': 2}}, {'type': {'displayName': 'LeftFoot', 'value': 72}}]",True,,,,,
1910889,SecondHalf,68,58,73,Clearance,Successful,42,Werder Bremen,333227.0,Marco Friedl,9.7,58.6,24.2,84.2,,,,,"[{'type': {'displayName': 'Length', 'value': 212}, 'value': '23.1'}, {'type': {'displayName': 'Head', 'value': 15}}, {'type': {'displayName': 'PassEndX', 'value': 140}, 'value': '24.2'}, {'type': {'displayName': 'PassEndY', 'value': 141}, 'value': '84.2'}, {'type': {'displayName': 'Angle', 'value': 213}, 'value': '0.85'}, {'type': {'displayName': 'Zone', 'value': 56}, 'value': 'Back'}]",True,,,,,
1910889,SecondHalf,69,0,74,Pass,Successful,1211,Hoffenheim,356743.0,Ozan Kabak,71.4,15.9,71.7,7.0,,,,,"[{'type': {'displayName': 'Length', 'value': 212}, 'value': '6.1'}, {'type': {'displayName': 'PassEndY', 'value': 141}, 'value': '7.0'}, {'type': {'displayName': 'Angle', 'value': 213}, 'value': '4.76'}, {'type': {'displayName': 'PassEndX', 'value': 140}, 'value': '71.7'}, {'type': {'displayName': 'Zone', 'value': 56}, 'value': 'Right'}]",True,,,,,
1910889,SecondHalf,69,2,74,Pass,Successful,1211,Hoffenheim,111372.0,Vladimír Coufal,71.7,6.9,73.3,15.3,,,,,"[{'type': {'displayName': 'PassEndY', 'value': 141}, 'value': '15.3'}, {'type': {'displayName': 'Angle', 'value': 213}, 'value': '1.28'}, {'type': {'displayName': 'PassEndX', 'value': 140}, 'value': '73.3'}, {'type': {'displayName': 'Length', 'value': 212}, 'value': '6.0'}, {'type': {'displayName': 'Zone', 'value': 56}, 'value': 'Right'}]",True,,,,,
1910889,SecondHalf,69,3,74,Pass,Successful,1211,Hoffenheim,356743.0,Ozan Kabak,73.3,15.3,69.0,19.5,,,,,"[{'type': {'displayName': 'Length', 'value': 212}, 'value': '5.3'}, {'type': {'displayName': 'PassEndY', 'value': 141}, 'value': '19.5'}, {'type': {'displayName': 'Angle', 'value': 213}, 'value': '2.58'}, {'type': {'displayName': 'Zone', 'value': 56}, 'value': 'Right'}, {'type': {'displayName': 'PassEndX', 'value': 140}, 'value': '69.0'}]",True,,,,,
1910889,SecondHalf,69,5,74,Pass,Successful,1211,Hoffenheim,510234.0,Leon Avdullahu,69.0,19.5,56.0,24.7,,,,,"[{'type': {'displayName': 'Length', 'value': 212}, 'value': '14.1'}, {'type': {'displayName': 'PassEndX', 'value': 140}, 'value': '56.0'}, {'type': {'displayName': 'Zone', 'value': 56}, 'value': 'Center'}, {'type': {'displayName': 'Angle', 'value': 213}, 'value': '2.89'}, {'type': {'displayName': 'PassEndY', 'value': 141}, 'value': '24.7'}]",True,,,,,
1910889,SecondHalf,69,14,74,Pass,Successful,1211,Hoffenheim,402697.0,Albian Hajdari,61.2,41.4,63.7,34.8,,,,,"[{'type': {'displayName': 'Zone', 'value': 56}, 'value': 'Center'}, {'type': {'displayName': 'PassEndX', 'value': 140}, 'value': '63.7'}, {'type': {'displayName': 'Angle', 'value': 213}, 'value': '5.24'}, {'type': {'displayName': 'PassEndY', 'value': 141}, 'value': '34.8'}, {'type': {'displayName': 'Length', 'value': 212}, 'value': '5.2'}]",True,,,,,
1910889,SecondHalf,69,17,74,Pass,Successful,1211,Hoffenheim,510234.0,Leon Avdullahu,67.8,32.4,80.1,10.0,,,,,"[{'type': {'displayName': 'PassEndX', 'value': 140}, 'value': '80.1'}, {'type': {'displayName': 'Zone', 'value': 56}, 'value': 'Right'}, {'type': {'displayName': 'Length', 'value': 212}, 'value': '20.0'}, {'type': {'displayName': 'PassEndY', 'value': 141}, 'value': '10.0'}, {'type': {'displayName': 'Angle', 'value': 213}, 'value': '5.42'}]",True,,,,,
1910889,SecondHalf,69,20,74,Pass,Successful,1211,Hoffenheim,111372.0,Vladimír Coufal,80.2,9.7,94.9,20.2,,,,,"[{'type': {'displayName': 'Zone', 'value': 56}, 'value': 'Right'}, {'type': {'displayName': 'PassEndX', 'value': 140}, 'value': '94.9'}, {'type': {'displayName': 'Length', 'value': 212}, 'value': '17.0'}, {'type': {'displayName': 'PassEndY', 'value': 141}, 'value': '20.2'}, {'type': {'displayName': 'Angle', 'value': 213}, 'value': '0.43'}]",True,,,,,
1910889,SecondHalf,69,22,74,Pass,Unsuccessful,1211,Hoffenheim,361878.0,Wouter Burger,95.0,20.4,87.2,41.2,,,,,"[{'type': {'displayName': 'Zone', 'value': 56}, 'value': 'Center'}, {'type': {'displayName': 'Angle', 'value': 213}, 'value': '2.10'}, {'type': {'displayName': 'PassEndY', 'value': 141}, 'value': '41.2'}, {'type': {'displayName': 'PassEndX', 'value': 140}, 'value': '87.2'}, {'type': {'displayName': 'Cross', 'value': 2}}, {'type': {'displayName': 'RightFoot', 'value': 20}}, {'type': {'displayName': 'Length', 'value': 212}, 'value': '16.3'}]",True,,,,,
1910889,SecondHalf,69,26,74,Interception,Successful,42,Werder Bremen,420405.0,Senne Lynen,12.8,58.8,,,,,,,"[{'type': {'displayName': 'Zone', 'value': 56}, 'value': 'Back'}]",True,,,,,
1910889,SecondHalf,69,27,74,BallRecovery,Successful,42,Werder Bremen,383847.0,Romano Schmid,10.9,78.4,,,,,,,[],False,,,,,
1910889,SecondHalf,69,28,74,Pass,Successful,42,Werder Bremen,383847.0,Romano Schmid,11.7,79.6,6.8,80.8,,,,,"[{'type': {'displayName': 'Zone', 'value': 56}, 'value': 'Back'}, {'type': {'displayName': 'PassEndY', 'value': 141}, 'value': '80.8'}, {'type': {'displayName': 'Angle', 'value': 213}, 'value': '2.98'}, {'type': {'displayName': 'Length', 'value': 212}, 'value': '5.2'}, {'type': {'displayName': 'PassEndX', 'value': 140}, 'value': '6.8'}]",True,,,,,
1910889,SecondHalf,69,29,74,Pass,Unsuccessful,42,Werder Bremen,407284.0,Olivier Deman,8.4,82.0,52.5,86.3,,,,,"[{'type': {'displayName': 'Length', 'value': 212}, 'value': '46.4'}, {'type': {'displayName': 'Zone', 'value': 56}, 'value': 'Left'}, {'type': {'displayName': 'Longball', 'value': 1}}, {'type': {'displayName': 'PassEndX', 'value': 140}, 'value': '52.5'}, {'type': {'displayName': 'PassEndY', 'value': 141}, 'value': '86.3'}, {'type': {'displayName': 'Angle', 'value': 213}, 'value': '0.06'}]",True,,,,,
1910889,SecondHalf,69,31,74,Interception,Successful,1211,Hoffenheim,402697.0,Albian Hajdari,47.5,13.7,,,,,,,"[{'type': {'displayName': 'Zone', 'value': 56}, 'value': 'Back'}, {'type': {'displayName': 'LastMan', 'value': 14}}]",True,,,,,
1910889,SecondHalf,69,34,74,BallRecovery,Successful,1211,Hoffenheim,77440.0,Oliver Baumann,32.2,51.6,,,,,,,[],False,,,,,
1910889,SecondHalf,69,35,74,Pass,Successful,1211,Hoffenheim,77440.0,Oliver Baumann,32.2,51.6,58.7,88.3,,,,,"[{'type': {'displayName': 'PassEndX', 'value': 140}, 'value': '58.7'}, {'type': {'displayName': 'Length', 'value': 212}, 'value': '37.4'}, {'type': {'displayName': 'Zone', 'value': 56}, 'value': 'Left'}, {'type': {'displayName': 'PassEndY', 'value': 141}, 'value': '88.3'}, {'type': {'displayName': 'Angle', 'value': 213}, 'value': '0.73'}, {'type': {'displayName': 'Longball', 'value': 1}}]",True,,,,,
1910889,SecondHalf,69,39,74,Pass,Successful,1211,Hoffenheim,418588.0,Alexander Prass,58.7,88.3,61.9,72.7,,,,,"[{'type': {'displayName': 'Length', 'value': 212}, 'value': '11.1'}, {'type': {'displayName': 'PassEndY', 'value': 141}, 'value': '72.7'}, {'type': {'displayName': 'Zone', 'value': 56}, 'value': 'Center'}, {'type': {'displayName': 'PassEndX', 'value': 140}, 'value': '61.9'}, {'type': {'displayName': 'Angle', 'value': 213}, 'value': '5.02'}]",True,,,,,
1910889,SecondHalf,69,42,74,Pass,Successful,1211,Hoffenheim,75217.0,Andrej Kramaric,64.8,69.7,70.8,64.8,,,,,"[{'type': {'displayName': 'PassEndX', 'value': 140}, 'value': '70.8'}, {'type': {'displayName': 'Zone', 'value': 56}, 'value': 'Center'}, {'type': {'displayName': 'Angle', 'value': 213}, 'value': '5.80'}, {'type': {'displayName': 'PassEndY', 'value': 141}, 'value': '64.8'}, {'type': {'displayName': 'Length', 'value': 212}, 'value': '7.1'}]",True,,,,,
1910889,SecondHalf,69,43,74,Pass,Unsuccessful,1211,Hoffenheim,395001.0,Tim Lemperle,70.8,64.8,70.6,58.5,,,,,"[{'type': {'displayName': 'PassEndY', 'value': 141}, 'value': '58.5'}, {'type': {'displayName': 'PassEndX', 'value': 140}, 'value': '70.6'}, {'type': {'displayName': 'Zone', 'value': 56}, 'value': 'Center'}, {'type': {'displayName': 'Length', 'value': 212}, 'value': '4.3'}, {'type': {'displayName': 'Angle', 'value': 213}, 'value': '4.66'}]",True,,,,,
1910889,SecondHalf,69,44,74,Interception,Successful,42,Werder Bremen,431791.0,Cameron Puertas,29.4,41.5,,,,,,,"[{'type': {'displayName': 'Zone', 'value': 56}, 'value': 'Back'}]",True,,,,,
1910889,SecondHalf,69,45,74,BallTouch,Successful,1211,Hoffenheim,428426.0,Fisnik Asllani,71.1,57.1,,,,,,,"[{'type': {'displayName': 'Zone', 'value': 56}, 'value': 'Center'}]",True,,,,,
1910889,SecondHalf,69,46,74,Pass,Successful,42,Werder Bremen,420405.0,Senne Lynen,20.8,37.5,3.8,41.1,,,,,"[{'type': {'displayName': 'Angle', 'value': 213}, 'value': '3.01'}, {'type': {'displayName': 'PassEndX', 'value': 140}, 'value': '3.8'}, {'type': {'displayName': 'Zone', 'value': 56}, 'value': 'Back'}, {'type': {'displayName': 'PassEndY', 'value': 141}, 'value': '41.1'}, {'type': {'displayName': 'Length', 'value': 212}, 'value': '18.0'}]",True,,,,,
1910889,SecondHalf,69,47,74,BallRecovery,Successful,42,Werder Bremen,436119.0,Mio Backhaus,3.6,40.1,,,,,,,[],False,,,,,
1910889,SecondHalf,69,48,74,Pass,Successful,42,Werder Bremen,436119.0,Mio Backhaus,3.6,40.1,12.2,15.7,,,,,"[{'type': {'displayName': 'Angle', 'value': 213}, 'value': '5.21'}, {'type': {'displayName': 'PassEndY', 'value': 141}, 'value': '15.7'}, {'type': {'displayName': 'PassEndX', 'value': 140}, 'value': '12.2'}, {'type': {'displayName': 'Length', 'value': 212}, 'value': '18.9'}, {'type': {'displayName': 'Zone', 'value': 56}, 'value': 'Back'}]",True,,,,,
1910889,SecondHalf,69,50,74,Pass,Successful,42,Werder Bremen,538407.0,Isaac Schmidt,12.4,14.8,32.0,2.5,,,,,"[{'type': {'displayName': 'PassEndX', 'value': 140}, 'value': '32.0'}, {'type': {'displayName': 'Angle', 'value': 213}, 'value': '5.90'}, {'type': {'displayName': 'Zone', 'value': 56}, 'value': 'Back'}, {'type': {'displayName': 'PassEndY', 'value': 141}, 'value': '2.5'}, {'type': {'displayName': 'Length', 'value': 212}, 'value': '22.2'}]",True,,,,,
1910889,SecondHalf,69,57,74,TakeOn,Unsuccessful,42,Werder Bremen,420405.0,Senne Lynen,33.3,4.4,,,,,,,"[{'type': {'displayName': 'Zone', 'value': 56}, 'value': 'Back'}, {'type': {'displayName': 'Offensive', 'value': 286}}, {'type': {'displayName': 'OppositeRelatedEvent', 'value': 233}, 'value': '828'}]",True,,,,,
1910889,SecondHalf,69,57,74,Tackle,Successful,1211,Hoffenheim,75217.0,Andrej Kramaric,66.7,95.6,,,,,,,"[{'type': {'displayName': 'Defensive', 'value': 285}}, {'type': {'displayName': 'Zone', 'value': 56}, 'value': 'Left'}, {'type': {'displayName': 'StandingSave', 'value': 178}}, {'type': {'displayName': 'OppositeRelatedEvent', 'value': 233}, 'value': '517'}]",True,,,,,
1910889,SecondHalf,70,22,75,SubstitutionOff,Successful,42,Werder Bremen,383847.0,Romano Schmid,0.0,0.0,,,,,,,"[{'type': {'displayName': 'JerseyNumber', 'value': 59}, 'value': '20'}, {'type': {'displayName': 'RelatedEventId', 'value': 55}, 'value': '520'}, {'type': {'displayName': 'PlayerPosition', 'value': 44}, 'value': 'Midfielder'}]",False,,,,520.0,385080.0
1910889,SecondHalf,70,22,75,SubstitutionOn,Successful,42,Werder Bremen,385080.0,Marco Grüll,0.0,0.0,,,,,,,"[{'type': {'displayName': 'RelatedEventId', 'value': 55}, 'value': '519'}, {'type': {'displayName': 'FormationSlot', 'value': 145}, 'value': '11'}, {'type': {'displayName': 'JerseyNumber', 'value': 59}, 'value': '17'}, {'type': {'displayName': 'PlayerPosition', 'value': 44}, 'value': 'Midfielder'}]",False,,,,519.0,383847.0
1910889,SecondHalf,70,25,75,SubstitutionOff,Successful,42,Werder Bremen,377280.0,Jens Stage,0.0,0.0,,,,,,,"[{'type': {'displayName': 'RelatedEventId', 'value': 55}, 'value': '522'}, {'type': {'displayName': 'JerseyNumber', 'value': 59}, 'value': '6'}, {'type': {'displayName': 'PlayerPosition', 'value': 44}, 'value': 'Midfielder'}]",False,,,,522.0,468855.0
1910889,SecondHalf,70,25,75,SubstitutionOn,Successful,42,Werder Bremen,468855.0,Samuel Mbangula,0.0,0.0,,,,,,,"[{'type': {'displayName': 'JerseyNumber', 'value': 59}, 'value': '7'}, {'type': {'displayName': 'RelatedEventId', 'value': 55}, 'value': '521'}, {'type': {'displayName': 'PlayerPosition', 'value': 44}, 'value': 'Midfielder'}, {'type': {'displayName': 'FormationSlot', 'value': 145}, 'value': '8'}]",False,,,,521.0,377280.0
1910889,SecondHalf,70,27,75,FormationChange,Successful,42,Werder Bremen,,,0.0,0.0,,,,,,,"[{'type': {'displayName': 'TeamFormation', 'value': 130}, 'value': '7'}, {'type': {'displayName': 'CaptainPlayerId', 'value': 194}, 'value': '333227'}, {'type': {'displayName': 'InvolvedPlayers', 'value': 30}, 'value': '436119,538407,407284,368176,333227,385080,420405,438066,431791,468855,104041,124597,554472,301024,549133,486741'}, {'type': {'displayName': 'PlayerPosition', 'value': 44}, 'value': '1, 2, 2, 2, 2, 3, 3, 4, 3, 3, 5, 5, 5, 5, 5, 5'}, {'type': {'displayName': 'JerseyNumber', 'value': 59}, 'value': '30, 23, 2, 5, 32, 17, 14, 11, 18, 7, 25, 4, 31, 39, 24, 19'}, {'type': {'displayName': 'TeamPlayerFormation', 'value': 131}, 'value': '1, 2, 3, 5, 6, 7, 8, 9, 10, 11, 0, 0, 0, 0, 0, 0'}]",False,,,,,
1910889,SecondHalf,70,46,75,SubstitutionOff,Successful,1211,Hoffenheim,395001.0,Tim Lemperle,0.0,0.0,,,,,,,"[{'type': {'displayName': 'JerseyNumber', 'value': 59}, 'value': '19'}, {'type': {'displayName': 'PlayerPosition', 'value': 44}, 'value': 'Forward'}, {'type': {'displayName': 'RelatedEventId', 'value': 55}, 'value': '833'}]",False,,,,833.0,513605.0
1910889,SecondHalf,70,46,75,SubstitutionOn,Successful,1211,Hoffenheim,513605.0,Cole Campbell,0.0,0.0,,,,,,,"[{'type': {'displayName': 'JerseyNumber', 'value': 59}, 'value': '20'}, {'type': {'displayName': 'RelatedEventId', 'value': 55}, 'value': '832'}, {'type': {'displayName': 'FormationSlot', 'value': 145}, 'value': '9'}, {'type': {'displayName': 'PlayerPosition', 'value': 44}, 'value': 'Midfielder'}]",False,,,,832.0,395001.0
1910889,SecondHalf,70,52,75,SubstitutionOff,Successful,1211,Hoffenheim,302588.0,Bernardo,0.0,0.0,,,,,,,"[{'type': {'displayName': 'JerseyNumber', 'value': 59}, 'value': '13'}, {'type': {'displayName': 'PlayerPosition', 'value': 44}, 'value': 'Defender'}, {'type': {'displayName': 'RelatedEventId', 'value': 55}, 'value': '831'}]",False,,,,831.0,428031.0
1910889,SecondHalf,70,52,75,SubstitutionOn,Successful,1211,Hoffenheim,428031.0,Robin Hranác,0.0,0.0,,,,,,,"[{'type': {'displayName': 'JerseyNumber', 'value': 59}, 'value': '2'}, {'type': {'displayName': 'PlayerPosition', 'value': 44}, 'value': 'Defender'}, {'type': {'displayName': 'FormationSlot', 'value': 145}, 'value': '3'}, {'type': {'displayName': 'RelatedEventId', 'value': 55}, 'value': '830'}]",False,,,,830.0,302588.0
1910889,SecondHalf,70,53,75,FormationChange,Successful,1211,Hoffenheim,,,0.0,0.0,,,,,,,"[{'type': {'displayName': 'InvolvedPlayers', 'value': 30}, 'value': '77440,111372,402697,361878,428031,356743,513605,510234,428426,75217,418588,404449,132349,444548,278125,517609,399385'}, {'type': {'displayName': 'CaptainPlayerId', 'value': 194}, 'value': '77440'}, {'type': {'displayName': 'JerseyNumber', 'value': 59}, 'value': '1, 34, 21, 18, 2, 5, 20, 7, 11, 27, 22, 37, 25, 10, 6, 33, 23'}, {'type': {'displayName': 'TeamPlayerFormation', 'value': 131}, 'value': '1, 2, 3, 4, 5, 6, 7, 8, 9, 10, 11, 0, 0, 0, 0, 0, 0'}, {'type': {'displayName': 'TeamFormation', 'value': 130}, 'value': '8'}, {'type': {'displayName': 'PlayerPosition', 'value': 44}, 'value': '1, 2, 2, 3, 2, 2, 3, 3, 4, 3, 3, 5, 5, 5, 5, 5, 5'}]",False,,,,,
1910889,SecondHalf,71,11,76,Pass,Successful,42,Werder Bremen,538407.0,Isaac Schmidt,52.7,0.0,34.7,6.9,,,,,"[{'type': {'displayName': 'PassEndY', 'value': 141}, 'value': '6.9'}, {'type': {'displayName': 'ThrowIn', 'value': 107}}, {'type': {'displayName': 'Length', 'value': 212}, 'value': '19.8'}, {'type': {'displayName': 'Angle', 'value': 213}, 'value': '2.84'}, {'type': {'displayName': 'PassEndX', 'value': 140}, 'value': '34.7'}, {'type': {'displayName': 'Zone', 'value': 56}, 'value': 'Back'}]",True,,,,,
1910889,SecondHalf,71,14,76,Pass,Unsuccessful,42,Werder Bremen,368176.0,Amos Pieper,34.9,6.9,71.8,12.6,,,,,"[{'type': {'displayName': 'PassEndX', 'value': 140}, 'value': '71.8'}, {'type': {'displayName': 'Angle', 'value': 213}, 'value': '0.10'}, {'type': {'displayName': 'Zone', 'value': 56}, 'value': 'Right'}, {'type': {'displayName': 'Length', 'value': 212}, 'value': '38.9'}, {'type': {'displayName': 'PassEndY', 'value': 141}, 'value': '12.6'}, {'type': {'displayName': 'Chipped', 'value': 155}}, {'type': {'displayName': 'Longball', 'value': 1}}]",True,,,,,
1910889,SecondHalf,71,17,76,Pass,Unsuccessful,1211,Hoffenheim,356743.0,Ozan Kabak,33.1,83.7,46.9,79.0,,,,,"[{'type': {'displayName': 'Length', 'value': 212}, 'value': '14.8'}, {'type': {'displayName': 'Angle', 'value': 213}, 'value': '6.07'}, {'type': {'displayName': 'PassEndY', 'value': 141}, 'value': '79.0'}, {'type': {'displayName': 'HeadPass', 'value': 3}}, {'type': {'displayName': 'Zone', 'value': 56}, 'value': 'Back'}, {'type': {'displayName': 'PassEndX', 'value': 140}, 'value': '46.9'}]",True,,,,,
1910889,SecondHalf,71,19,76,Pass,Successful,42,Werder Bremen,538407.0,Isaac Schmidt,59.2,24.6,61.3,37.9,,,,,"[{'type': {'displayName': 'Length', 'value': 212}, 'value': '9.3'}, {'type': {'displayName': 'Zone', 'value': 56}, 'value': 'Center'}, {'type': {'displayName': 'PassEndY', 'value': 141}, 'value': '37.9'}, {'type': {'displayName': 'PassEndX', 'value': 140}, 'value': '61.3'}, {'type': {'displayName': 'Angle', 'value': 213}, 'value': '1.33'}]",True,,,,,
1910889,SecondHalf,71,24,76,Pass,Successful,42,Werder Bremen,468855.0,Samuel Mbangula,67.6,66.7,72.2,77.3,,,,,"[{'type': {'displayName': 'PassEndY', 'value': 141}, 'value': '77.3'}, {'type': {'displayName': 'Angle', 'value': 213}, 'value': '0.98'}, {'type': {'displayName': 'Length', 'value': 212}, 'value': '8.7'}, {'type': {'displayName': 'PassEndX', 'value': 140}, 'value': '72.2'}, {'type': {'displayName': 'Zone', 'value': 56}, 'value': 'Center'}]",True,,,,,
1910889,SecondHalf,71,25,76,TakeOn,Unsuccessful,42,Werder Bremen,407284.0,Olivier Deman,74.6,80.2,,,,,,,"[{'type': {'displayName': 'OppositeRelatedEvent', 'value': 233}, 'value': '835'}, {'type': {'displayName': 'Offensive', 'value': 286}}, {'type': {'displayName': 'Zone', 'value': 56}, 'value': 'Left'}]",True,,,,,
1910889,SecondHalf,71,25,76,Tackle,Unsuccessful,1211,Hoffenheim,111372.0,Vladimír Coufal,25.4,19.8,,,,,,,"[{'type': {'displayName': 'OppositeRelatedEvent', 'value': 233}, 'value': '528'}, {'type': {'displayName': 'StandingSave', 'value': 178}}, {'type': {'displayName': 'Zone', 'value': 56}, 'value': 'Back'}, {'type': {'displayName': 'Defensive', 'value': 285}}]",True,,,,,
1910889,SecondHalf,71,26,76,BallTouch,Successful,42,Werder Bremen,407284.0,Olivier Deman,72.3,77.4,,,,,,,"[{'type': {'displayName': 'Zone', 'value': 56}, 'value': 'Center'}]",True,,,,,
1910889,SecondHalf,71,28,76,KeeperPickup,Successful,1211,Hoffenheim,77440.0,Oliver Baumann,8.2,27.9,,,,,,,[],False,,,,,
1910889,SecondHalf,71,37,76,BallTouch,Successful,1211,Hoffenheim,77440.0,Oliver Baumann,10.4,28.5,,,,,,,"[{'type': {'displayName': 'Zone', 'value': 56}, 'value': 'Back'}]",True,,,,,
1910889,SecondHalf,73,5,78,Pass,Unsuccessful,42,Werder Bremen,468855.0,Samuel Mbangula,85.8,100.0,93.6,67.3,,,,,"[{'type': {'displayName': 'Length', 'value': 212}, 'value': '23.8'}, {'type': {'displayName': 'Longball', 'value': 1}}, {'type': {'displayName': 'Zone', 'value': 56}, 'value': 'Center'}, {'type': {'displayName': 'ThrowIn', 'value': 107}}, {'type': {'displayName': 'PassEndY', 'value': 141}, 'value': '67.3'}, {'type': {'displayName': 'Angle', 'value': 213}, 'value': '5.06'}, {'type': {'displayName': 'PassEndX', 'value': 140}, 'value': '93.6'}]",True,,,,,
1910889,SecondHalf,73,9,78,BallRecovery,Successful,1211,Hoffenheim,77440.0,Oliver Baumann,15.8,17.4,,,,,,,[],False,,,,,
1910889,SecondHalf,73,12,78,Pass,Successful,1211,Hoffenheim,77440.0,Oliver Baumann,16.2,27.4,30.7,77.5,,,,,"[{'type': {'displayName': 'PassEndY', 'value': 141}, 'value': '77.5'}, {'type': {'displayName': 'Zone', 'value': 56}, 'value': 'Back'}, {'type': {'displayName': 'Longball', 'value': 1}}, {'type': {'displayName': 'Angle', 'value': 213}, 'value': '1.15'}, {'type': {'displayName': 'Length', 'value': 212}, 'value': '37.3'}, {'type': {'displayName': 'PassEndX', 'value': 140}, 'value': '30.7'}]",True,,,,,
1910889,SecondHalf,73,18,78,Pass,Successful,1211,Hoffenheim,402697.0,Albian Hajdari,50.6,74.1,95.6,26.2,,,,,"[{'type': {'displayName': 'PassEndY', 'value': 141}, 'value': '26.2'}, {'type': {'displayName': 'Chipped', 'value': 155}}, {'type': {'displayName': 'Length', 'value': 212}, 'value': '57.4'}, {'type': {'displayName': 'Longball', 'value': 1}}, {'type': {'displayName': 'PassEndX', 'value': 140}, 'value': '95.6'}, {'type': {'displayName': 'Angle', 'value': 213}, 'value': '5.68'}, {'type': {'displayName': 'Zone', 'value': 56}, 'value': 'Center'}]",True,,,,,
1910889,SecondHalf,73,22,78,BallTouch,Unsuccessful,1211,Hoffenheim,513605.0,Cole Campbell,95.6,26.2,,,,,,,"[{'type': {'displayName': 'Zone', 'value': 56}, 'value': 'Center'}]",True,,,,,
1910889,SecondHalf,73,50,78,Pass,Unsuccessful,42,Werder Bremen,436119.0,Mio Backhaus,4.0,53.5,57.6,72.6,,,,,"[{'type': {'displayName': 'GoalKick', 'value': 124}}, {'type': {'displayName': 'PassEndX', 'value': 140}, 'value': '57.6'}, {'type': {'displayName': 'Angle', 'value': 213}, 'value': '0.23'}, {'type': {'displayName': 'Longball', 'value': 1}}, {'type': {'displayName': 'MissHigh', 'value': 74}}, {'type': {'displayName': 'Length', 'value': 212}, 'value': '57.8'}, {'type': {'displayName': 'Zone', 'value': 56}, 'value': 'Center'}, {'type': {'displayName': 'PassEndY', 'value': 141}, 'value': '72.6'}]",True,,,,,
1910889,SecondHalf,73,52,78,BallTouch,Unsuccessful,1211,Hoffenheim,513605.0,Cole Campbell,48.3,28.3,,,,,,,"[{'type': {'displayName': 'Zone', 'value': 56}, 'value': 'Back'}]",True,,,,,
1910889,SecondHalf,73,54,78,Pass,Successful,42,Werder Bremen,420405.0,Senne Lynen,56.2,72.9,59.9,86.5,,,,,"[{'type': {'displayName': 'Zone', 'value': 56}, 'value': 'Left'}, {'type': {'displayName': 'Angle', 'value': 213}, 'value': '1.17'}, {'type': {'displayName': 'Length', 'value': 212}, 'value': '10.0'}, {'type': {'displayName': 'PassEndX', 'value': 140}, 'value': '59.9'}, {'type': {'displayName': 'PassEndY', 'value': 141}, 'value': '86.5'}]",True,,,,,
1910889,SecondHalf,73,55,78,Pass,Successful,42,Werder Bremen,468855.0,Samuel Mbangula,61.4,88.0,46.2,87.4,,,,,"[{'type': {'displayName': 'Length', 'value': 212}, 'value': '16.0'}, {'type': {'displayName': 'PassEndX', 'value': 140}, 'value': '46.2'}, {'type': {'displayName': 'Angle', 'value': 213}, 'value': '3.17'}, {'type': {'displayName': 'Zone', 'value': 56}, 'value': 'Back'}, {'type': {'displayName': 'PassEndY', 'value': 141}, 'value': '87.4'}]",True,,,,,
1910889,SecondHalf,73,56,78,Pass,Successful,42,Werder Bremen,407284.0,Olivier Deman,46.1,87.4,34.7,67.2,,,,,"[{'type': {'displayName': 'Zone', 'value': 56}, 'value': 'Back'}, {'type': {'displayName': 'PassEndX', 'value': 140}, 'value': '34.7'}, {'type': {'displayName': 'Length', 'value': 212}, 'value': '18.2'}, {'type': {'displayName': 'PassEndY', 'value': 141}, 'value': '67.2'}, {'type': {'displayName': 'Angle', 'value': 213}, 'value': '4.00'}]",True,,,,,
1910889,SecondHalf,73,58,78,Pass,Successful,42,Werder Bremen,333227.0,Marco Friedl,34.4,62.8,16.0,41.6,,,,,"[{'type': {'displayName': 'PassEndX', 'value': 140}, 'value': '16.0'}, {'type': {'displayName': 'Zone', 'value': 56}, 'value': 'Back'}, {'type': {'displayName': 'PassEndY', 'value': 141}, 'value': '41.6'}, {'type': {'displayName': 'Length', 'value': 212}, 'value': '24.1'}, {'type': {'displayName': 'Angle', 'value': 213}, 'value': '3.78'}]",True,,,,,
1910889,SecondHalf,74,2,79,Pass,Successful,42,Werder Bremen,436119.0,Mio Backhaus,16.0,41.6,28.5,39.6,,,,,"[{'type': {'displayName': 'Length', 'value': 212}, 'value': '13.2'}, {'type': {'displayName': 'Angle', 'value': 213}, 'value': '6.18'}, {'type': {'displayName': 'PassEndX', 'value': 140}, 'value': '28.5'}, {'type': {'displayName': 'PassEndY', 'value': 141}, 'value': '39.6'}, {'type': {'displayName': 'Zone', 'value': 56}, 'value': 'Back'}]",True,,,,,
1910889,SecondHalf,74,3,79,Pass,Successful,42,Werder Bremen,431791.0,Cameron Puertas,28.0,37.2,34.3,5.9,,,,,"[{'type': {'displayName': 'PassEndY', 'value': 141}, 'value': '5.9'}, {'type': {'displayName': 'Zone', 'value': 56}, 'value': 'Back'}, {'type': {'displayName': 'PassEndX', 'value': 140}, 'value': '34.3'}, {'type': {'displayName': 'Angle', 'value': 213}, 'value': '5.01'}, {'type': {'displayName': 'Length', 'value': 212}, 'value': '22.3'}]",True,,,,,
1910889,SecondHalf,74,8,79,Pass,Successful,42,Werder Bremen,538407.0,Isaac Schmidt,26.4,9.6,20.0,12.6,,,,,"[{'type': {'displayName': 'Length', 'value': 212}, 'value': '7.0'}, {'type': {'displayName': 'Zone', 'value': 56}, 'value': 'Back'}, {'type': {'displayName': 'Angle', 'value': 213}, 'value': '2.85'}, {'type': {'displayName': 'PassEndY', 'value': 141}, 'value': '12.6'}, {'type': {'displayName': 'PassEndX', 'value': 140}, 'value': '20.0'}]",True,,,,,
1910889,SecondHalf,74,9,79,Pass,Unsuccessful,42,Werder Bremen,368176.0,Amos Pieper,20.8,13.1,57.4,19.9,,,,,"[{'type': {'displayName': 'PassEndY', 'value': 141}, 'value': '19.9'}, {'type': {'displayName': 'Length', 'value': 212}, 'value': '38.7'}, {'type': {'displayName': 'Zone', 'value': 56}, 'value': 'Right'}, {'type': {'displayName': 'PassEndX', 'value': 140}, 'value': '57.4'}, {'type': {'displayName': 'Angle', 'value': 213}, 'value': '0.12'}, {'type': {'displayName': 'Chipped', 'value': 155}}, {'type': {'displayName': 'Longball', 'value': 1}}]",True,,,,,
1910889,SecondHalf,74,11,79,Aerial,Successful,1211,Hoffenheim,356743.0,Ozan Kabak,42.6,80.1,,,,,,,"[{'type': {'displayName': 'OppositeRelatedEvent', 'value': 233}, 'value': '544'}, {'type': {'displayName': 'Defensive', 'value': 285}}, {'type': {'displayName': 'Zone', 'value': 56}, 'value': 'Back'}]",False,,,,,
1910889,SecondHalf,74,11,79,Aerial,Unsuccessful,42,Werder Bremen,385080.0,Marco Grüll,57.4,19.9,,,,,,,"[{'type': {'displayName': 'OppositeRelatedEvent', 'value': 233}, 'value': '847'}, {'type': {'displayName': 'Offensive', 'value': 286}}, {'type': {'displayName': 'Zone', 'value': 56}, 'value': 'Right'}]",False,,,,,
1910889,SecondHalf,74,12,79,Pass,Successful,1211,Hoffenheim,356743.0,Ozan Kabak,42.6,80.1,59.4,86.1,,,,,"[{'type': {'displayName': 'Zone', 'value': 56}, 'value': 'Left'}, {'type': {'displayName': 'PassEndY', 'value': 141}, 'value': '86.1'}, {'type': {'displayName': 'PassEndX', 'value': 140}, 'value': '59.4'}, {'type': {'displayName': 'Angle', 'value': 213}, 'value': '0.23'}, {'type': {'displayName': 'HeadPass', 'value': 3}}, {'type': {'displayName': 'Length', 'value': 212}, 'value': '18.1'}]",True,,,,,
1910889,SecondHalf,74,13,79,BallTouch,Successful,1211,Hoffenheim,361878.0,Wouter Burger,59.4,86.1,,,,,,,"[{'type': {'displayName': 'Zone', 'value': 56}, 'value': 'Left'}]",True,,,,,
1910889,SecondHalf,74,14,79,Pass,Successful,1211,Hoffenheim,402697.0,Albian Hajdari,49.6,88.2,67.0,96.6,,,,,"[{'type': {'displayName': 'PassEndY', 'value': 141}, 'value': '96.6'}, {'type': {'displayName': 'Angle', 'value': 213}, 'value': '0.30'}, {'type': {'displayName': 'HeadPass', 'value': 3}}, {'type': {'displayName': 'Zone', 'value': 56}, 'value': 'Left'}, {'type': {'displayName': 'PassEndX', 'value': 140}, 'value': '67.0'}, {'type': {'displayName': 'Length', 'value': 212}, 'value': '19.1'}]",True,,,,,
1910889,SecondHalf,74,16,79,Dispossessed,Successful,1211,Hoffenheim,418588.0,Alexander Prass,65.5,95.7,,,,,,,"[{'type': {'displayName': 'Zone', 'value': 56}, 'value': 'Left'}, {'type': {'displayName': 'Offensive', 'value': 286}}, {'type': {'displayName': 'OppositeRelatedEvent', 'value': 233}, 'value': '545'}]",True,,,,,
1910889,SecondHalf,74,16,79,Tackle,Successful,42,Werder Bremen,431791.0,Cameron Puertas,34.5,4.3,,,,,,,"[{'type': {'displayName': 'Zone', 'value': 56}, 'value': 'Back'}, {'type': {'displayName': 'Defensive', 'value': 285}}, {'type': {'displayName': 'OppositeRelatedEvent', 'value': 233}, 'value': '851'}, {'type': {'displayName': 'StandingSave', 'value': 178}}]",True,,,,,
1910889,SecondHalf,74,17,79,Pass,Successful,42,Werder Bremen,431791.0,Cameron Puertas,41.1,3.9,46.5,3.2,,,,,"[{'type': {'displayName': 'PassEndY', 'value': 141}, 'value': '3.2'}, {'type': {'displayName': 'PassEndX', 'value': 140}, 'value': '46.5'}, {'type': {'displayName': 'Length', 'value': 212}, 'value': '5.7'}, {'type': {'displayName': 'Angle', 'value': 213}, 'value': '6.20'}, {'type': {'displayName': 'Zone', 'value': 56}, 'value': 'Back'}]",True,,,,,
1910889,SecondHalf,74,18,79,Pass,Unsuccessful,42,Werder Bremen,385080.0,Marco Grüll,45.4,1.5,46.4,2.9,,,,,"[{'type': {'displayName': 'PassEndY', 'value': 141}, 'value': '2.9'}, {'type': {'displayName': 'Zone', 'value': 56}, 'value': 'Back'}, {'type': {'displayName': 'Length', 'value': 212}, 'value': '1.4'}, {'type': {'displayName': 'Offensive', 'value': 286}}, {'type': {'displayName': 'OppositeRelatedEvent', 'value': 233}, 'value': '929'}, {'type': {'displayName': 'PassEndX', 'value': 140}, 'value': '46.4'}, {'type': {'displayName': 'Angle', 'value': 213}, 'value': '0.74'}]",True,,,,,
1910889,SecondHalf,74,18,79,BlockedPass,Successful,1211,Hoffenheim,402697.0,Albian Hajdari,53.6,97.1,,,,,,,"[{'type': {'displayName': 'OppositeRelatedEvent', 'value': 233}, 'value': '547'}, {'type': {'displayName': 'Zone', 'value': 56}, 'value': 'Left'}, {'type': {'displayName': 'Defensive', 'value': 285}}]",True,,,,,
1910889,SecondHalf,74,20,79,BallRecovery,Successful,1211,Hoffenheim,361878.0,Wouter Burger,49.1,70.3,,,,,,,[],False,,,,,
1910889,SecondHalf,74,24,79,Pass,Successful,1211,Hoffenheim,361878.0,Wouter Burger,49.1,70.3,42.4,31.9,,,,,"[{'type': {'displayName': 'Zone', 'value': 56}, 'value': 'Back'}, {'type': {'displayName': 'Angle', 'value': 213}, 'value': '4.45'}, {'type': {'displayName': 'PassEndX', 'value': 140}, 'value': '42.4'}, {'type': {'displayName': 'PassEndY', 'value': 141}, 'value': '31.9'}, {'type': {'displayName': 'Length', 'value': 212}, 'value': '27.0'}]",True,,,,,
1910889,SecondHalf,74,31,79,Pass,Successful,1211,Hoffenheim,428031.0,Robin Hranác,41.0,35.0,42.3,64.2,,,,,"[{'type': {'displayName': 'Zone', 'value': 56}, 'value': 'Back'}, {'type': {'displayName': 'PassEndX', 'value': 140}, 'value': '42.3'}, {'type': {'displayName': 'PassEndY', 'value': 141}, 'value': '64.2'}, {'type': {'displayName': 'Length', 'value': 212}, 'value': '19.9'}, {'type': {'displayName': 'Angle', 'value': 213}, 'value': '1.50'}]",True,,,,,
1910889,SecondHalf,74,34,79,Pass,Successful,1211,Hoffenheim,356743.0,Ozan Kabak,47.3,39.6,56.2,15.7,,,,,"[{'type': {'displayName': 'PassEndY', 'value': 141}, 'value': '15.7'}, {'type': {'displayName': 'Zone', 'value': 56}, 'value': 'Right'}, {'type': {'displayName': 'PassEndX', 'value': 140}, 'value': '56.2'}, {'type': {'displayName': 'Length', 'value': 212}, 'value': '18.7'}, {'type': {'displayName': 'Angle', 'value': 213}, 'value': '5.23'}]",True,,,,,
1910889,SecondHalf,74,35,79,Pass,Successful,1211,Hoffenheim,111372.0,Vladimír Coufal,56.3,15.9,71.1,6.3,,,,,"[{'type': {'displayName': 'Length', 'value': 212}, 'value': '16.9'}, {'type': {'displayName': 'Zone', 'value': 56}, 'value': 'Right'}, {'type': {'displayName': 'PassEndX', 'value': 140}, 'value': '71.1'}, {'type': {'displayName': 'PassEndY', 'value': 141}, 'value': '6.3'}, {'type': {'displayName': 'Angle', 'value': 213}, 'value': '5.89'}]",True,,,,,
1910889,SecondHalf,74,36,79,Pass,Successful,1211,Hoffenheim,513605.0,Cole Campbell,70.3,6.6,60.1,14.1,,,,,"[{'type': {'displayName': 'PassEndY', 'value': 141}, 'value': '14.1'}, {'type': {'displayName': 'PassEndX', 'value': 140}, 'value': '60.1'}, {'type': {'displayName': 'Angle', 'value': 213}, 'value': '2.70'}, {'type': {'displayName': 'Length', 'value': 212}, 'value': '11.9'}, {'type': {'displayName': 'Zone', 'value': 56}, 'value': 'Right'}]",True,,,,,
1910889,SecondHalf,74,37,79,Pass,Successful,1211,Hoffenheim,111372.0,Vladimír Coufal,60.2,13.9,72.8,6.0,,,,,"[{'type': {'displayName': 'Length', 'value': 212}, 'value': '14.3'}, {'type': {'displayName': 'Angle', 'value': 213}, 'value': '5.90'}, {'type': {'displayName': 'PassEndX', 'value': 140}, 'value': '72.8'}, {'type': {'displayName': 'Zone', 'value': 56}, 'value': 'Right'}, {'type': {'displayName': 'PassEndY', 'value': 141}, 'value': '6.0'}]",True,,,,,
1910889,SecondHalf,74,42,79,Pass,Successful,1211,Hoffenheim,513605.0,Cole Campbell,73.8,12.7,68.0,22.5,,,,,"[{'type': {'displayName': 'PassEndX', 'value': 140}, 'value': '68.0'}, {'type': {'displayName': 'Length', 'value': 212}, 'value': '9.0'}, {'type': {'displayName': 'Angle', 'value': 213}, 'value': '2.31'}, {'type': {'displayName': 'PassEndY', 'value': 141}, 'value': '22.5'}, {'type': {'displayName': 'Zone', 'value': 56}, 'value': 'Center'}]",True,,,,,
1910889,SecondHalf,74,46,79,Pass,Successful,1211,Hoffenheim,510234.0,Leon Avdullahu,71.6,23.5,90.0,31.5,,,,,"[{'type': {'displayName': 'Length', 'value': 212}, 'value': '20.1'}, {'type': {'displayName': 'Zone', 'value': 56}, 'value': 'Center'}, {'type': {'displayName': 'PassEndY', 'value': 141}, 'value': '31.5'}, {'type': {'displayName': 'PassEndX', 'value': 140}, 'value': '90.0'}, {'type': {'displayName': 'Angle', 'value': 213}, 'value': '0.27'}]",True,,,,,
1910889,SecondHalf,74,49,79,Pass,Successful,1211,Hoffenheim,75217.0,Andrej Kramaric,88.5,28.2,90.4,17.2,,,,,"[{'type': {'displayName': 'Length', 'value': 212}, 'value': '7.7'}, {'type': {'displayName': 'Angle', 'value': 213}, 'value': '4.97'}, {'type': {'displayName': 'PassEndX', 'value': 140}, 'value': '90.4'}, {'type': {'displayName': 'Zone', 'value': 56}, 'value': 'Right'}, {'type': {'displayName': 'PassEndY', 'value': 141}, 'value': '17.2'}]",True,,,,,
1910889,SecondHalf,74,53,79,Pass,Unsuccessful,1211,Hoffenheim,513605.0,Cole Campbell,96.3,20.7,96.0,23.4,,,,,"[{'type': {'displayName': 'PassEndX', 'value': 140}, 'value': '96.0'}, {'type': {'displayName': 'Angle', 'value': 213}, 'value': '1.74'}, {'type': {'displayName': 'Length', 'value': 212}, 'value': '1.9'}, {'type': {'displayName': 'Cross', 'value': 2}}, {'type': {'displayName': 'PassEndY', 'value': 141}, 'value': '23.4'}, {'type': {'displayName': 'Zone', 'value': 56}, 'value': 'Center'}, {'type': {'displayName': 'RightFoot', 'value': 20}}]",True,,,,,
1910889,SecondHalf,74,54,79,BallTouch,Successful,42,Werder Bremen,407284.0,Olivier Deman,4.3,77.4,,,,,,,"[{'type': {'displayName': 'Zone', 'value': 56}, 'value': 'Back'}]",True,,,,,
1910889,SecondHalf,74,56,79,KeeperPickup,Successful,42,Werder Bremen,436119.0,Mio Backhaus,2.8,57.1,,,,,,,[],False,,,,,
1910889,SecondHalf,75,0,80,Pass,Unsuccessful,42,Werder Bremen,436119.0,Mio Backhaus,14.4,52.3,55.8,86.7,,,,,"[{'type': {'displayName': 'Length', 'value': 212}, 'value': '49.4'}, {'type': {'displayName': 'PassEndY', 'value': 141}, 'value': '86.7'}, {'type': {'displayName': 'Longball', 'value': 1}}, {'type': {'displayName': 'Angle', 'value': 213}, 'value': '0.49'}, {'type': {'displayName': 'PassEndX', 'value': 140}, 'value': '55.8'}, {'type': {'displayName': 'Zone', 'value': 56}, 'value': 'Left'}]",True,,,,,
1910889,SecondHalf,75,2,80,Pass,Successful,1211,Hoffenheim,428031.0,Robin Hranác,47.9,11.8,57.8,15.7,,,,,"[{'type': {'displayName': 'PassEndY', 'value': 141}, 'value': '15.7'}, {'type': {'displayName': 'Angle', 'value': 213}, 'value': '0.25'}, {'type': {'displayName': 'Length', 'value': 212}, 'value': '10.7'}, {'type': {'displayName': 'PassEndX', 'value': 140}, 'value': '57.8'}, {'type': {'displayName': 'Zone', 'value': 56}, 'value': 'Right'}]",True,,,,,
1910889,SecondHalf,75,3,80,BallRecovery,Successful,1211,Hoffenheim,111372.0,Vladimír Coufal,57.8,15.7,,,,,,,[],False,,,,,
1910889,SecondHalf,75,4,80,Pass,Successful,1211,Hoffenheim,111372.0,Vladimír Coufal,57.8,15.7,63.4,29.2,,,,,"[{'type': {'displayName': 'PassEndX', 'value': 140}, 'value': '63.4'}, {'type': {'displayName': 'Angle', 'value': 213}, 'value': '1.00'}, {'type': {'displayName': 'Length', 'value': 212}, 'value': '10.9'}, {'type': {'displayName': 'PassEndY', 'value': 141}, 'value': '29.2'}, {'type': {'displayName': 'Zone', 'value': 56}, 'value': 'Center'}]",True,,,,,
1910889,SecondHalf,75,6,80,Pass,Successful,1211,Hoffenheim,510234.0,Leon Avdullahu,66.9,31.5,63.0,44.5,,,,,"[{'type': {'displayName': 'PassEndY', 'value': 141}, 'value': '44.5'}, {'type': {'displayName': 'Angle', 'value': 213}, 'value': '2.00'}, {'type': {'displayName': 'Zone', 'value': 56}, 'value': 'Center'}, {'type': {'displayName': 'PassEndX', 'value': 140}, 'value': '63.0'}, {'type': {'displayName': 'Length', 'value': 212}, 'value': '9.7'}]",True,,,,,
1910889,SecondHalf,75,7,80,Pass,Successful,1211,Hoffenheim,361878.0,Wouter Burger,64.6,43.5,63.9,96.6,,,,,"[{'type': {'displayName': 'Length', 'value': 212}, 'value': '36.1'}, {'type': {'displayName': 'PassEndY', 'value': 141}, 'value': '96.6'}, {'type': {'displayName': 'Longball', 'value': 1}}, {'type': {'displayName': 'Angle', 'value': 213}, 'value': '1.59'}, {'type': {'displayName': 'Zone', 'value': 56}, 'value': 'Left'}, {'type': {'displayName': 'PassEndX', 'value': 140}, 'value': '63.9'}]",True,,,,,
1910889,SecondHalf,75,15,80,Pass,Successful,1211,Hoffenheim,402697.0,Albian Hajdari,63.8,95.5,62.1,70.6,,,,,"[{'type': {'displayName': 'PassEndX', 'value': 140}, 'value': '62.1'}, {'type': {'displayName': 'PassEndY', 'value': 141}, 'value': '70.6'}, {'type': {'displayName': 'Zone', 'value': 56}, 'value': 'Center'}, {'type': {'displayName': 'Angle', 'value': 213}, 'value': '4.61'}, {'type': {'displayName': 'Length', 'value': 212}, 'value': '17.0'}]",True,,,,,
1910889,SecondHalf,75,21,80,Pass,Successful,1211,Hoffenheim,356743.0,Ozan Kabak,68.4,61.3,68.5,32.5,,,,,"[{'type': {'displayName': 'Angle', 'value': 213}, 'value': '4.72'}, {'type': {'displayName': 'Length', 'value': 212}, 'value': '19.6'}, {'type': {'displayName': 'PassEndX', 'value': 140}, 'value': '68.5'}, {'type': {'displayName': 'Zone', 'value': 56}, 'value': 'Center'}, {'type': {'displayName': 'PassEndY', 'value': 141}, 'value': '32.5'}]",True,,,,,
1910889,SecondHalf,75,23,80,Pass,Successful,1211,Hoffenheim,428031.0,Robin Hranác,72.4,30.4,88.4,10.2,,,,,"[{'type': {'displayName': 'Angle', 'value': 213}, 'value': '5.60'}, {'type': {'displayName': 'PassEndX', 'value': 140}, 'value': '88.4'}, {'type': {'displayName': 'Zone', 'value': 56}, 'value': 'Right'}, {'type': {'displayName': 'PassEndY', 'value': 141}, 'value': '10.2'}, {'type': {'displayName': 'Length', 'value': 212}, 'value': '21.7'}]",True,,,,,
1910889,SecondHalf,75,29,80,Pass,Successful,1211,Hoffenheim,513605.0,Cole Campbell,88.8,19.3,75.4,31.5,,,,,"[{'type': {'displayName': 'PassEndX', 'value': 140}, 'value': '75.4'}, {'type': {'displayName': 'PassEndY', 'value': 141}, 'value': '31.5'}, {'type': {'displayName': 'Length', 'value': 212}, 'value': '16.3'}, {'type': {'displayName': 'Zone', 'value': 56}, 'value': 'Center'}, {'type': {'displayName': 'Angle', 'value': 213}, 'value': '2.61'}]",True,,,,,
1910889,SecondHalf,75,31,80,Pass,Successful,1211,Hoffenheim,510234.0,Leon Avdullahu,75.4,31.3,78.9,43.8,,,,,"[{'type': {'displayName': 'Zone', 'value': 56}, 'value': 'Center'}, {'type': {'displayName': 'Angle', 'value': 213}, 'value': '1.16'}, {'type': {'displayName': 'Length', 'value': 212}, 'value': '9.3'}, {'type': {'displayName': 'PassEndX', 'value': 140}, 'value': '78.9'}, {'type': {'displayName': 'PassEndY', 'value': 141}, 'value': '43.8'}]",True,,,,,
1910889,SecondHalf,75,32,80,Pass,Successful,1211,Hoffenheim,361878.0,Wouter Burger,78.9,43.8,82.5,54.6,,,,,"[{'type': {'displayName': 'PassEndY', 'value': 141}, 'value': '54.6'}, {'type': {'displayName': 'Length', 'value': 212}, 'value': '8.3'}, {'type': {'displayName': 'Zone', 'value': 56}, 'value': 'Center'}, {'type': {'displayName': 'Angle', 'value': 213}, 'value': '1.10'}, {'type': {'displayName': 'PassEndX', 'value': 140}, 'value': '82.5'}]",True,,,,,
1910889,SecondHalf,75,33,80,Pass,Unsuccessful,1211,Hoffenheim,428426.0,Fisnik Asllani,82.6,52.9,82.6,50.7,,,,,"[{'type': {'displayName': 'PassEndX', 'value': 140}, 'value': '82.6'}, {'type': {'displayName': 'Angle', 'value': 213}, 'value': '4.71'}, {'type': {'displayName': 'Zone', 'value': 56}, 'value': 'Center'}, {'type': {'displayName': 'PassEndY', 'value': 141}, 'value': '50.7'}, {'type': {'displayName': 'Length', 'value': 212}, 'value': '1.5'}]",True,,,,,
1910889,SecondHalf,75,35,80,BallTouch,Successful,42,Werder Bremen,420405.0,Senne Lynen,14.9,58.6,,,,,,,"[{'type': {'displayName': 'Zone', 'value': 56}, 'value': 'Back'}]",True,,,,,
1910889,SecondHalf,75,37,80,Clearance,Successful,42,Werder Bremen,407284.0,Olivier Deman,10.7,59.6,60.4,0.0,,,,,"[{'type': {'displayName': 'Angle', 'value': 213}, 'value': '5.61'}, {'type': {'displayName': 'PassEndX', 'value': 140}, 'value': '60.4'}, {'type': {'displayName': 'Length', 'value': 212}, 'value': '66.7'}, {'type': {'displayName': 'PassEndY', 'value': 141}, 'value': '0.0'}, {'type': {'displayName': 'Zone', 'value': 56}, 'value': 'Right'}]",True,,,,,
1910889,SecondHalf,75,46,80,Pass,Successful,1211,Hoffenheim,77440.0,Oliver Baumann,44.6,100.0,47.7,92.5,,,,,"[{'type': {'displayName': 'ThrowIn', 'value': 107}}, {'type': {'displayName': 'PassEndX', 'value': 140}, 'value': '47.7'}, {'type': {'displayName': 'Zone', 'value': 56}, 'value': 'Back'}, {'type': {'displayName': 'PassEndY', 'value': 141}, 'value': '92.5'}, {'type': {'displayName': 'Length', 'value': 212}, 'value': '7.1'}, {'type': {'displayName': 'Angle', 'value': 213}, 'value': '5.19'}]",True,,,,,
1910889,SecondHalf,75,55,80,Pass,Successful,1211,Hoffenheim,402697.0,Albian Hajdari,61.6,77.7,60.4,35.7,,,,,"[{'type': {'displayName': 'Length', 'value': 212}, 'value': '28.6'}, {'type': {'displayName': 'Zone', 'value': 56}, 'value': 'Center'}, {'type': {'displayName': 'PassEndX', 'value': 140}, 'value': '60.4'}, {'type': {'displayName': 'PassEndY', 'value': 141}, 'value': '35.7'}, {'type': {'displayName': 'Angle', 'value': 213}, 'value': '4.67'}]",True,,,,,
1910889,SecondHalf,75,58,80,Pass,Successful,1211,Hoffenheim,428031.0,Robin Hranác,62.2,34.3,80.6,7.5,,,,,"[{'type': {'displayName': 'Length', 'value': 212}, 'value': '26.6'}, {'type': {'displayName': 'Zone', 'value': 56}, 'value': 'Right'}, {'type': {'displayName': 'Angle', 'value': 213}, 'value': '5.53'}, {'type': {'displayName': 'PassEndX', 'value': 140}, 'value': '80.6'}, {'type': {'displayName': 'PassEndY', 'value': 141}, 'value': '7.5'}]",True,,,,,
1910889,SecondHalf,76,4,81,Pass,Successful,1211,Hoffenheim,513605.0,Cole Campbell,84.5,12.9,89.1,10.2,,,,,"[{'type': {'displayName': 'Length', 'value': 212}, 'value': '5.2'}, {'type': {'displayName': 'PassEndX', 'value': 140}, 'value': '89.1'}, {'type': {'displayName': 'Angle', 'value': 213}, 'value': '5.92'}, {'type': {'displayName': 'Zone', 'value': 56}, 'value': 'Right'}, {'type': {'displayName': 'PassEndY', 'value': 141}, 'value': '10.2'}]",True,,,,,
1910889,SecondHalf,76,5,81,Challenge,Unsuccessful,42,Werder Bremen,468855.0,Samuel Mbangula,11.1,86.4,,,,,,,"[{'type': {'displayName': 'OppositeRelatedEvent', 'value': 233}, 'value': '880'}, {'type': {'displayName': 'Defensive', 'value': 285}}, {'type': {'displayName': 'Zone', 'value': 56}, 'value': 'Back'}]",False,,,,,
1910889,SecondHalf,76,5,81,TakeOn,Successful,1211,Hoffenheim,111372.0,Vladimír Coufal,88.9,13.6,,,,,,,"[{'type': {'displayName': 'Zone', 'value': 56}, 'value': 'Right'}, {'type': {'displayName': 'Offensive', 'value': 286}}, {'type': {'displayName': 'OppositeRelatedEvent', 'value': 233}, 'value': '554'}]",True,,,,,
1910889,SecondHalf,76,7,81,BallTouch,Unsuccessful,1211,Hoffenheim,111372.0,Vladimír Coufal,89.6,11.4,,,,,,,"[{'type': {'displayName': 'Zone', 'value': 56}, 'value': 'Right'}]",True,,,,,
1910889,SecondHalf,76,9,81,Pass,Successful,42,Werder Bremen,431791.0,Cameron Puertas,5.2,84.0,13.5,93.8,,,,,"[{'type': {'displayName': 'Angle', 'value': 213}, 'value': '0.65'}, {'type': {'displayName': 'PassEndY', 'value': 141}, 'value': '93.8'}, {'type': {'displayName': 'PassEndX', 'value': 140}, 'value': '13.5'}, {'type': {'displayName': 'Zone', 'value': 56}, 'value': 'Back'}, {'type': {'displayName': 'Length', 'value': 212}, 'value': '11.0'}]",True,,,,,
1910889,SecondHalf,76,11,81,BallRecovery,Successful,42,Werder Bremen,468855.0,Samuel Mbangula,13.5,93.8,,,,,,,[],False,,,,,
1910889,SecondHalf,76,15,81,Pass,Successful,42,Werder Bremen,468855.0,Samuel Mbangula,12.1,96.3,23.0,95.6,,,,,"[{'type': {'displayName': 'Angle', 'value': 213}, 'value': '6.24'}, {'type': {'displayName': 'Chipped', 'value': 155}}, {'type': {'displayName': 'PassEndX', 'value': 140}, 'value': '23.0'}, {'type': {'displayName': 'Zone', 'value': 56}, 'value': 'Back'}, {'type': {'displayName': 'Length', 'value': 212}, 'value': '11.5'}, {'type': {'displayName': 'PassEndY', 'value': 141}, 'value': '95.6'}]",True,,,,,
1910889,SecondHalf,76,16,81,BallTouch,Successful,42,Werder Bremen,438066.0,Justin Njinmah,22.7,95.6,,,,,,,"[{'type': {'displayName': 'Zone', 'value': 56}, 'value': 'Back'}]",True,,,,,
1910889,SecondHalf,76,18,81,BallTouch,Successful,1211,Hoffenheim,428031.0,Robin Hranác,73.7,6.7,,,,,,,"[{'type': {'displayName': 'Zone', 'value': 56}, 'value': 'Right'}]",True,,,,,
1910889,SecondHalf,76,38,81,Pass,Successful,42,Werder Bremen,407284.0,Olivier Deman,35.6,100.0,48.6,85.3,,,,,"[{'type': {'displayName': 'ThrowIn', 'value': 107}}, {'type': {'displayName': 'PassEndY', 'value': 141}, 'value': '85.3'}, {'type': {'displayName': 'PassEndX', 'value': 140}, 'value': '48.6'}, {'type': {'displayName': 'Length', 'value': 212}, 'value': '17.5'}, {'type': {'displayName': 'Zone', 'value': 56}, 'value': 'Back'}, {'type': {'displayName': 'Angle', 'value': 213}, 'value': '5.61'}]",True,,,,,
1910889,SecondHalf,76,41,81,BallTouch,Unsuccessful,42,Werder Bremen,385080.0,Marco Grüll,48.6,85.3,,,,,,,"[{'type': {'displayName': 'Zone', 'value': 56}, 'value': 'Back'}]",True,,,,,
1910889,SecondHalf,76,43,81,BallTouch,Successful,1211,Hoffenheim,402697.0,Albian Hajdari,65.8,19.6,,,,,,,"[{'type': {'displayName': 'Zone', 'value': 56}, 'value': 'Right'}]",True,,,,,
1910889,SecondHalf,76,44,81,BallRecovery,Successful,1211,Hoffenheim,361878.0,Wouter Burger,65.8,16.9,,,,,,,[],False,,,,,
1910889,SecondHalf,76,45,81,Pass,Successful,1211,Hoffenheim,361878.0,Wouter Burger,65.8,16.9,67.9,24.4,,,,,"[{'type': {'displayName': 'PassEndX', 'value': 140}, 'value': '67.9'}, {'type': {'displayName': 'Zone', 'value': 56}, 'value': 'Center'}, {'type': {'displayName': 'PassEndY', 'value': 141}, 'value': '24.4'}, {'type': {'displayName': 'Angle', 'value': 213}, 'value': '1.16'}, {'type': {'displayName': 'Length', 'value': 212}, 'value': '5.6'}]",True,,,,,
1910889,SecondHalf,76,46,81,Pass,Successful,1211,Hoffenheim,510234.0,Leon Avdullahu,67.9,24.6,72.3,20.2,,,,,"[{'type': {'displayName': 'Zone', 'value': 56}, 'value': 'Right'}, {'type': {'displayName': 'PassEndX', 'value': 140}, 'value': '72.3'}, {'type': {'displayName': 'Angle', 'value': 213}, 'value': '5.71'}, {'type': {'displayName': 'Length', 'value': 212}, 'value': '5.5'}, {'type': {'displayName': 'PassEndY', 'value': 141}, 'value': '20.2'}]",True,,,,,
1910889,SecondHalf,76,47,81,TakeOn,Unsuccessful,1211,Hoffenheim,361878.0,Wouter Burger,73.0,21.1,,,,,,,"[{'type': {'displayName': 'OppositeRelatedEvent', 'value': 233}, 'value': '562'}, {'type': {'displayName': 'Offensive', 'value': 286}}, {'type': {'displayName': 'Zone', 'value': 56}, 'value': 'Center'}]",True,,,,,
1910889,SecondHalf,76,47,81,Tackle,Unsuccessful,42,Werder Bremen,333227.0,Marco Friedl,27.0,78.9,,,,,,,"[{'type': {'displayName': 'Defensive', 'value': 285}}, {'type': {'displayName': 'Zone', 'value': 56}, 'value': 'Back'}, {'type': {'displayName': 'StandingSave', 'value': 178}}, {'type': {'displayName': 'OppositeRelatedEvent', 'value': 233}, 'value': '889'}]",True,,,,,
1910889,SecondHalf,76,48,81,BallTouch,Successful,1211,Hoffenheim,361878.0,Wouter Burger,72.6,21.3,,,,,,,"[{'type': {'displayName': 'Zone', 'value': 56}, 'value': 'Center'}]",True,,,,,
1910889,SecondHalf,76,50,81,Pass,Successful,42,Werder Bremen,468855.0,Samuel Mbangula,20.2,85.7,19.1,83.6,,,,,"[{'type': {'displayName': 'PassEndX', 'value': 140}, 'value': '19.1'}, {'type': {'displayName': 'Zone', 'value': 56}, 'value': 'Back'}, {'type': {'displayName': 'Length', 'value': 212}, 'value': '1.8'}, {'type': {'displayName': 'Angle', 'value': 213}, 'value': '4.03'}, {'type': {'displayName': 'PassEndY', 'value': 141}, 'value': '83.6'}]",True,,,,,
1910889,SecondHalf,76,51,81,Pass,Unsuccessful,42,Werder Bremen,333227.0,Marco Friedl,18.2,85.3,23.7,87.4,,,,,"[{'type': {'displayName': 'PassEndY', 'value': 141}, 'value': '87.4'}, {'type': {'displayName': 'PassEndX', 'value': 140}, 'value': '23.7'}, {'type': {'displayName': 'Length', 'value': 212}, 'value': '5.9'}, {'type': {'displayName': 'Angle', 'value': 213}, 'value': '0.24'}, {'type': {'displayName': 'Zone', 'value': 56}, 'value': 'Back'}]",True,,,,,
1910889,SecondHalf,76,54,81,Pass,Successful,1211,Hoffenheim,510234.0,Leon Avdullahu,71.3,15.3,65.1,10.2,,,,,"[{'type': {'displayName': 'PassEndX', 'value': 140}, 'value': '65.1'}, {'type': {'displayName': 'Length', 'value': 212}, 'value': '7.4'}, {'type': {'displayName': 'Angle', 'value': 213}, 'value': '3.63'}, {'type': {'displayName': 'Zone', 'value': 56}, 'value': 'Right'}, {'type': {'displayName': 'PassEndY', 'value': 141}, 'value': '10.2'}]",True,,,,,
1910889,SecondHalf,76,55,81,Pass,Successful,1211,Hoffenheim,111372.0,Vladimír Coufal,65.1,10.2,61.0,40.6,,,,,"[{'type': {'displayName': 'Length', 'value': 212}, 'value': '21.1'}, {'type': {'displayName': 'PassEndX', 'value': 140}, 'value': '61.0'}, {'type': {'displayName': 'Angle', 'value': 213}, 'value': '1.78'}, {'type': {'displayName': 'PassEndY', 'value': 141}, 'value': '40.6'}, {'type': {'displayName': 'Zone', 'value': 56}, 'value': 'Center'}]",True,,,,,
1910889,SecondHalf,76,56,81,Pass,Successful,1211,Hoffenheim,402697.0,Albian Hajdari,61.0,40.6,65.0,61.6,,,,,"[{'type': {'displayName': 'Length', 'value': 212}, 'value': '14.9'}, {'type': {'displayName': 'PassEndX', 'value': 140}, 'value': '65.0'}, {'type': {'displayName': 'Angle', 'value': 213}, 'value': '1.28'}, {'type': {'displayName': 'Zone', 'value': 56}, 'value': 'Center'}, {'type': {'displayName': 'PassEndY', 'value': 141}, 'value': '61.6'}]",True,,,,,
1910889,SecondHalf,76,59,81,Pass,Successful,1211,Hoffenheim,418588.0,Alexander Prass,67.5,61.9,73.1,75.0,,,,,"[{'type': {'displayName': 'Length', 'value': 212}, 'value': '10.7'}, {'type': {'displayName': 'Zone', 'value': 56}, 'value': 'Center'}, {'type': {'displayName': 'Angle', 'value': 213}, 'value': '0.99'}, {'type': {'displayName': 'PassEndX', 'value': 140}, 'value': '73.1'}, {'type': {'displayName': 'PassEndY', 'value': 141}, 'value': '75.0'}]",True,,,,,
1910889,SecondHalf,77,7,82,Challenge,Unsuccessful,42,Werder Bremen,420405.0,Senne Lynen,11.0,25.4,,,,,,,"[{'type': {'displayName': 'Zone', 'value': 56}, 'value': 'Back'}, {'type': {'displayName': 'OppositeRelatedEvent', 'value': 233}, 'value': '895'}, {'type': {'displayName': 'Defensive', 'value': 285}}]",False,,,,,
1910889,SecondHalf,77,7,82,TakeOn,Successful,1211,Hoffenheim,75217.0,Andrej Kramaric,89.0,74.6,,,,,,,"[{'type': {'displayName': 'Zone', 'value': 56}, 'value': 'Center'}, {'type': {'displayName': 'OppositeRelatedEvent', 'value': 233}, 'value': '565'}, {'type': {'displayName': 'Offensive', 'value': 286}}]",True,,,,,
1910889,SecondHalf,77,9,82,Dispossessed,Successful,1211,Hoffenheim,75217.0,Andrej Kramaric,88.5,74.9,,,,,,,"[{'type': {'displayName': 'Offensive', 'value': 286}}, {'type': {'displayName': 'OppositeRelatedEvent', 'value': 233}, 'value': '566'}, {'type': {'displayName': 'Zone', 'value': 56}, 'value': 'Center'}]",True,,,,,
1910889,SecondHalf,77,9,82,Tackle,Successful,42,Werder Bremen,420405.0,Senne Lynen,11.5,25.1,,,,,,,"[{'type': {'displayName': 'StandingSave', 'value': 178}}, {'type': {'displayName': 'Defensive', 'value': 285}}, {'type': {'displayName': 'OppositeRelatedEvent', 'value': 233}, 'value': '896'}, {'type': {'displayName': 'Zone', 'value': 56}, 'value': 'Back'}]",True,,,,,
1910889,SecondHalf,77,10,82,Clearance,Successful,42,Werder Bremen,385080.0,Marco Grüll,9.3,19.7,11.3,18.7,,,,,"[{'type': {'displayName': 'PassEndX', 'value': 140}, 'value': '11.3'}, {'type': {'displayName': 'Angle', 'value': 213}, 'value': '5.97'}, {'type': {'displayName': 'OppositeRelatedEvent', 'value': 233}, 'value': '897'}, {'type': {'displayName': 'PassEndY', 'value': 141}, 'value': '18.7'}, {'type': {'displayName': 'Zone', 'value': 56}, 'value': 'Back'}, {'type': {'displayName': 'Length', 'value': 212}, 'value': '2.2'}]",True,,,,,
1910889,SecondHalf,77,10,82,BlockedPass,Successful,1211,Hoffenheim,418588.0,Alexander Prass,84.6,79.5,,,,,,,"[{'type': {'displayName': 'Defensive', 'value': 285}}, {'type': {'displayName': 'Zone', 'value': 56}, 'value': 'Left'}, {'type': {'displayName': 'OppositeRelatedEvent', 'value': 233}, 'value': '567'}]",True,,,,,
1910889,SecondHalf,77,12,82,Pass,Successful,1211,Hoffenheim,75217.0,Andrej Kramaric,90.1,72.9,79.8,69.1,,,,,"[{'type': {'displayName': 'Angle', 'value': 213}, 'value': '3.38'}, {'type': {'displayName': 'ShotAssist', 'value': 210}, 'value': '15'}, {'type': {'displayName': 'PassEndX', 'value': 140}, 'value': '79.8'}, {'type': {'displayName': 'PassEndY', 'value': 141}, 'value': '69.1'}, {'type': {'displayName': 'Length', 'value': 212}, 'value': '11.1'}, {'type': {'displayName': 'Zone', 'value': 56}, 'value': 'Center'}, {'type': {'displayName': 'KeyPass', 'value': 11113}}]",True,,,,,
1910889,SecondHalf,77,15,82,SavedShot,Successful,1211,Hoffenheim,402697.0,Albian Hajdari,79.7,69.1,,,46.1,2.8,83.8,65.0,"[{'type': {'displayName': 'BlockedX', 'value': 146}, 'value': '83.8'}, {'type': {'displayName': 'Blocked', 'value': 82}}, {'type': {'displayName': 'GoalMouthY', 'value': 102}, 'value': '46.1'}, {'type': {'displayName': 'OutOfBoxCentre', 'value': 18}}, {'type': {'displayName': 'Assisted', 'value': 29}}, {'type': {'displayName': 'LowRight', 'value': 80}}, {'type': {'displayName': 'BlockedY', 'value': 147}, 'value': '65.0'}, {'type': {'displayName': 'RelatedEventId', 'value': 55}, 'value': '898'}, {'type': {'displayName': 'OppositeRelatedEvent', 'value': 233}, 'value': '568'}, {'type': {'displayName': 'RegularPlay', 'value': 22}}, {'type': {'displayName': 'GoalMouthZ', 'value': 103}, 'value': '2.8'}, {'type': {'displayName': 'Zone', 'value': 56}, 'value': 'Center'}, {'type': {'displayName': 'LeftFoot', 'value': 72}}]",True,True,,,898.0,75217.0
1910889,SecondHalf,77,15,82,Save,Successful,42,Werder Bremen,431791.0,Cameron Puertas,15.5,37.2,,,,,,,"[{'type': {'displayName': 'OppositeRelatedEvent', 'value': 233}, 'value': '899'}, {'type': {'displayName': 'Zone', 'value': 56}, 'value': 'Back'}, {'type': {'displayName': 'OutfielderBlock', 'value': 94}}]",True,,,,,
1910889,SecondHalf,77,18,82,Pass,Successful,1211,Hoffenheim,361878.0,Wouter Burger,67.9,39.1,67.6,10.2,,,,,"[{'type': {'displayName': 'Zone', 'value': 56}, 'value': 'Right'}, {'type': {'displayName': 'PassEndX', 'value': 140}, 'value': '67.6'}, {'type': {'displayName': 'Length', 'value': 212}, 'value': '19.7'}, {'type': {'displayName': 'PassEndY', 'value': 141}, 'value': '10.2'}, {'type': {'displayName': 'Angle', 'value': 213}, 'value': '4.70'}]",True,,,,,
1910889,SecondHalf,77,23,82,Pass,Successful,1211,Hoffenheim,111372.0,Vladimír Coufal,68.5,8.8,70.1,23.5,,,,,"[{'type': {'displayName': 'PassEndY', 'value': 141}, 'value': '23.5'}, {'type': {'displayName': 'Length', 'value': 212}, 'value': '10.1'}, {'type': {'displayName': 'PassEndX', 'value': 140}, 'value': '70.1'}, {'type': {'displayName': 'Angle', 'value': 213}, 'value': '1.40'}, {'type': {'displayName': 'Zone', 'value': 56}, 'value': 'Center'}]",True,,,,,
1910889,SecondHalf,77,27,82,Pass,Successful,1211,Hoffenheim,361878.0,Wouter Burger,70.0,29.1,68.4,60.6,,,,,"[{'type': {'displayName': 'Length', 'value': 212}, 'value': '21.5'}, {'type': {'displayName': 'Zone', 'value': 56}, 'value': 'Center'}, {'type': {'displayName': 'PassEndX', 'value': 140}, 'value': '68.4'}, {'type': {'displayName': 'PassEndY', 'value': 141}, 'value': '60.6'}, {'type': {'displayName': 'Angle', 'value': 213}, 'value': '1.65'}]",True,,,,,
1910889,SecondHalf,77,29,82,Pass,Successful,1211,Hoffenheim,402697.0,Albian Hajdari,68.4,60.6,68.7,30.7,,,,,"[{'type': {'displayName': 'PassEndY', 'value': 141}, 'value': '30.7'}, {'type': {'displayName': 'Length', 'value': 212}, 'value': '20.3'}, {'type': {'displayName': 'Zone', 'value': 56}, 'value': 'Center'}, {'type': {'displayName': 'Angle', 'value': 213}, 'value': '4.73'}, {'type': {'displayName': 'PassEndX', 'value': 140}, 'value': '68.7'}]",True,,,,,
1910889,SecondHalf,77,32,82,Pass,Successful,1211,Hoffenheim,428031.0,Robin Hranác,68.3,30.1,87.8,8.1,,,,,"[{'type': {'displayName': 'Angle', 'value': 213}, 'value': '5.65'}, {'type': {'displayName': 'PassEndY', 'value': 141}, 'value': '8.1'}, {'type': {'displayName': 'PassEndX', 'value': 140}, 'value': '87.8'}, {'type': {'displayName': 'Zone', 'value': 56}, 'value': 'Right'}, {'type': {'displayName': 'Length', 'value': 212}, 'value': '25.4'}]",True,,,,,
1910889,SecondHalf,77,37,82,Pass,Successful,1211,Hoffenheim,513605.0,Cole Campbell,86.2,13.0,90.7,32.8,,,,,"[{'type': {'displayName': 'Length', 'value': 212}, 'value': '14.3'}, {'type': {'displayName': 'Zone', 'value': 56}, 'value': 'Center'}, {'type': {'displayName': 'PassEndY', 'value': 141}, 'value': '32.8'}, {'type': {'displayName': 'PassEndX', 'value': 140}, 'value': '90.7'}, {'type': {'displayName': 'Angle', 'value': 213}, 'value': '1.23'}]",True,,,,,
1910889,SecondHalf,77,39,82,Pass,Unsuccessful,1211,Hoffenheim,510234.0,Leon Avdullahu,91.9,32.8,85.9,36.6,,,,,"[{'type': {'displayName': 'Length', 'value': 212}, 'value': '6.8'}, {'type': {'displayName': 'PassEndX', 'value': 140}, 'value': '85.9'}, {'type': {'displayName': 'PassEndY', 'value': 141}, 'value': '36.6'}, {'type': {'displayName': 'Angle', 'value': 213}, 'value': '2.75'}, {'type': {'displayName': 'Zone', 'value': 56}, 'value': 'Center'}]",True,,,,,
1910889,SecondHalf,77,40,82,Interception,Successful,42,Werder Bremen,420405.0,Senne Lynen,14.1,63.4,,,,,,,"[{'type': {'displayName': 'Zone', 'value': 56}, 'value': 'Back'}]",True,,,,,
1910889,SecondHalf,77,41,82,Clearance,Successful,42,Werder Bremen,368176.0,Amos Pieper,8.7,49.0,46.5,70.5,,,,,"[{'type': {'displayName': 'PassEndY', 'value': 141}, 'value': '70.5'}, {'type': {'displayName': 'PassEndX', 'value': 140}, 'value': '46.5'}, {'type': {'displayName': 'Angle', 'value': 213}, 'value': '0.35'}, {'type': {'displayName': 'Zone', 'value': 56}, 'value': 'Back'}, {'type': {'displayName': 'Length', 'value': 212}, 'value': '42.3'}]",True,,,,,
1910889,SecondHalf,77,44,82,Pass,Successful,1211,Hoffenheim,428031.0,Robin Hranác,58.7,30.7,66.3,21.3,,,,,"[{'type': {'displayName': 'Angle', 'value': 213}, 'value': '5.61'}, {'type': {'displayName': 'Length', 'value': 212}, 'value': '10.2'}, {'type': {'displayName': 'PassEndY', 'value': 141}, 'value': '21.3'}, {'type': {'displayName': 'HeadPass', 'value': 3}}, {'type': {'displayName': 'PassEndX', 'value': 140}, 'value': '66.3'}, {'type': {'displayName': 'Zone', 'value': 56}, 'value': 'Center'}]",True,,,,,
1910889,SecondHalf,77,47,82,Pass,Successful,1211,Hoffenheim,361878.0,Wouter Burger,66.5,23.1,73.7,29.5,,,,,"[{'type': {'displayName': 'Length', 'value': 212}, 'value': '8.7'}, {'type': {'displayName': 'PassEndX', 'value': 140}, 'value': '73.7'}, {'type': {'displayName': 'Angle', 'value': 213}, 'value': '0.52'}, {'type': {'displayName': 'PassEndY', 'value': 141}, 'value': '29.5'}, {'type': {'displayName': 'Zone', 'value': 56}, 'value': 'Center'}]",True,,,,,
1910889,SecondHalf,77,49,82,Pass,Successful,1211,Hoffenheim,510234.0,Leon Avdullahu,73.0,29.5,68.3,13.5,,,,,"[{'type': {'displayName': 'PassEndX', 'value': 140}, 'value': '68.3'}, {'type': {'displayName': 'PassEndY', 'value': 141}, 'value': '13.5'}, {'type': {'displayName': 'LayOff', 'value': 156}}, {'type': {'displayName': 'Angle', 'value': 213}, 'value': '4.29'}, {'type': {'displayName': 'Zone', 'value': 56}, 'value': 'Right'}, {'type': {'displayName': 'Length', 'value': 212}, 'value': '11.9'}]",True,,,,,
1910889,SecondHalf,77,50,82,Pass,Successful,1211,Hoffenheim,513605.0,Cole Campbell,70.8,14.1,87.1,10.3,,,,,"[{'type': {'displayName': 'Angle', 'value': 213}, 'value': '6.13'}, {'type': {'displayName': 'PassEndX', 'value': 140}, 'value': '87.1'}, {'type': {'displayName': 'Length', 'value': 212}, 'value': '17.3'}, {'type': {'displayName': 'Zone', 'value': 56}, 'value': 'Right'}, {'type': {'displayName': 'PassEndY', 'value': 141}, 'value': '10.3'}]",True,,,,,
1910889,SecondHalf,77,53,82,Pass,Successful,1211,Hoffenheim,111372.0,Vladimír Coufal,89.0,10.3,80.9,7.6,,,,,"[{'type': {'displayName': 'Length', 'value': 212}, 'value': '8.7'}, {'type': {'displayName': 'PassEndY', 'value': 141}, 'value': '7.6'}, {'type': {'displayName': 'Zone', 'value': 56}, 'value': 'Right'}, {'type': {'displayName': 'Angle', 'value': 213}, 'value': '3.35'}, {'type': {'displayName': 'PassEndX', 'value': 140}, 'value': '80.9'}]",True,,,,,
1910889,SecondHalf,77,55,82,Pass,Successful,1211,Hoffenheim,513605.0,Cole Campbell,81.4,7.6,79.8,15.3,,,,,"[{'type': {'displayName': 'Length', 'value': 212}, 'value': '5.5'}, {'type': {'displayName': 'Zone', 'value': 56}, 'value': 'Right'}, {'type': {'displayName': 'Angle', 'value': 213}, 'value': '1.88'}, {'type': {'displayName': 'PassEndY', 'value': 141}, 'value': '15.3'}, {'type': {'displayName': 'PassEndX', 'value': 140}, 'value': '79.8'}]",True,,,,,
1910889,SecondHalf,77,57,82,Pass,Successful,1211,Hoffenheim,510234.0,Leon Avdullahu,79.8,16.0,90.8,10.6,,,,,"[{'type': {'displayName': 'Zone', 'value': 56}, 'value': 'Right'}, {'type': {'displayName': 'PassEndX', 'value': 140}, 'value': '90.8'}, {'type': {'displayName': 'Angle', 'value': 213}, 'value': '5.98'}, {'type': {'displayName': 'Length', 'value': 212}, 'value': '12.1'}, {'type': {'displayName': 'PassEndY', 'value': 141}, 'value': '10.6'}]",True,,,,,
1910889,SecondHalf,77,59,82,Pass,Unsuccessful,1211,Hoffenheim,111372.0,Vladimír Coufal,90.8,10.6,87.0,100.0,,,,,"[{'type': {'displayName': 'Chipped', 'value': 155}}, {'type': {'displayName': 'PassEndX', 'value': 140}, 'value': '87.0'}, {'type': {'displayName': 'Longball', 'value': 1}}, {'type': {'displayName': 'Cross', 'value': 2}}, {'type': {'displayName': 'PassEndY', 'value': 141}, 'value': '100.0'}, {'type': {'displayName': 'Zone', 'value': 56}, 'value': 'Left'}, {'type': {'displayName': 'RightFoot', 'value': 20}}, {'type': {'displayName': 'Angle', 'value': 213}, 'value': '1.64'}, {'type': {'displayName': 'Length', 'value': 212}, 'value': '61.5'}]",True,,,,,
1910889,SecondHalf,78,24,83,Pass,Successful,42,Werder Bremen,538407.0,Isaac Schmidt,21.0,0.0,17.8,11.0,,,,,"[{'type': {'displayName': 'Zone', 'value': 56}, 'value': 'Back'}, {'type': {'displayName': 'ThrowIn', 'value': 107}}, {'type': {'displayName': 'PassEndY', 'value': 141}, 'value': '11.0'}, {'type': {'displayName': 'Angle', 'value': 213}, 'value': '1.95'}, {'type': {'displayName': 'PassEndX', 'value': 140}, 'value': '17.8'}, {'type': {'displayName': 'Length', 'value': 212}, 'value': '9.0'}]",True,,,,,
1910889,SecondHalf,78,26,83,BallTouch,Unsuccessful,42,Werder Bremen,431791.0,Cameron Puertas,17.5,5.9,,,,,,,"[{'type': {'displayName': 'Zone', 'value': 56}, 'value': 'Back'}]",True,,,,,
1910889,SecondHalf,78,45,83,Pass,Successful,1211,Hoffenheim,402697.0,Albian Hajdari,87.7,100.0,88.8,82.9,,,,,"[{'type': {'displayName': 'ThrowIn', 'value': 107}}, {'type': {'displayName': 'PassEndY', 'value': 141}, 'value': '82.9'}, {'type': {'displayName': 'PassEndX', 'value': 140}, 'value': '88.8'}, {'type': {'displayName': 'Zone', 'value': 56}, 'value': 'Left'}, {'type': {'displayName': 'Angle', 'value': 213}, 'value': '4.81'}, {'type': {'displayName': 'Length', 'value': 212}, 'value': '12.3'}]",True,,,,,
1910889,SecondHalf,78,46,83,Pass,Successful,1211,Hoffenheim,75217.0,Andrej Kramaric,89.0,83.4,85.5,91.6,,,,,"[{'type': {'displayName': 'PassEndX', 'value': 140}, 'value': '85.5'}, {'type': {'displayName': 'Length', 'value': 212}, 'value': '6.7'}, {'type': {'displayName': 'Angle', 'value': 213}, 'value': '2.15'}, {'type': {'displayName': 'Zone', 'value': 56}, 'value': 'Left'}, {'type': {'displayName': 'PassEndY', 'value': 141}, 'value': '91.6'}]",True,,,,,
1910889,SecondHalf,78,49,83,Pass,Successful,1211,Hoffenheim,402697.0,Albian Hajdari,84.9,92.7,73.1,84.0,,,,,"[{'type': {'displayName': 'Length', 'value': 212}, 'value': '13.7'}, {'type': {'displayName': 'Zone', 'value': 56}, 'value': 'Left'}, {'type': {'displayName': 'PassEndY', 'value': 141}, 'value': '84.0'}, {'type': {'displayName': 'PassEndX', 'value': 140}, 'value': '73.1'}, {'type': {'displayName': 'Angle', 'value': 213}, 'value': '3.59'}]",True,,,,,
1910889,SecondHalf,78,53,83,Pass,Successful,1211,Hoffenheim,510234.0,Leon Avdullahu,73.1,83.7,74.4,69.7,,,,,"[{'type': {'displayName': 'Zone', 'value': 56}, 'value': 'Center'}, {'type': {'displayName': 'PassEndX', 'value': 140}, 'value': '74.4'}, {'type': {'displayName': 'Length', 'value': 212}, 'value': '9.6'}, {'type': {'displayName': 'PassEndY', 'value': 141}, 'value': '69.7'}, {'type': {'displayName': 'Angle', 'value': 213}, 'value': '4.85'}]",True,,,,,
1910889,SecondHalf,78,54,83,Pass,Successful,1211,Hoffenheim,428426.0,Fisnik Asllani,74.2,69.7,72.0,83.4,,,,,"[{'type': {'displayName': 'Angle', 'value': 213}, 'value': '1.81'}, {'type': {'displayName': 'PassEndY', 'value': 141}, 'value': '83.4'}, {'type': {'displayName': 'Length', 'value': 212}, 'value': '9.6'}, {'type': {'displayName': 'Zone', 'value': 56}, 'value': 'Left'}, {'type': {'displayName': 'PassEndX', 'value': 140}, 'value': '72.0'}]",True,,,,,
1910889,SecondHalf,78,55,83,Pass,Successful,1211,Hoffenheim,510234.0,Leon Avdullahu,72.0,83.4,78.1,93.7,,,,,"[{'type': {'displayName': 'PassEndY', 'value': 141}, 'value': '93.7'}, {'type': {'displayName': 'Zone', 'value': 56}, 'value': 'Left'}, {'type': {'displayName': 'Length', 'value': 212}, 'value': '9.5'}, {'type': {'displayName': 'Angle', 'value': 213}, 'value': '0.83'}, {'type': {'displayName': 'PassEndX', 'value': 140}, 'value': '78.1'}]",True,,,,,
1910889,SecondHalf,78,57,83,Pass,Unsuccessful,1211,Hoffenheim,402697.0,Albian Hajdari,79.1,93.8,93.5,44.2,,,,,"[{'type': {'displayName': 'Chipped', 'value': 155}}, {'type': {'displayName': 'Zone', 'value': 56}, 'value': 'Center'}, {'type': {'displayName': 'Length', 'value': 212}, 'value': '37.0'}, {'type': {'displayName': 'Longball', 'value': 1}}, {'type': {'displayName': 'Cross', 'value': 2}}, {'type': {'displayName': 'Angle', 'value': 213}, 'value': '5.13'}, {'type': {'displayName': 'PassEndY', 'value': 141}, 'value': '44.2'}, {'type': {'displayName': 'PassEndX', 'value': 140}, 'value': '93.5'}, {'type': {'displayName': 'LeftFoot', 'value': 72}}]",True,,,,,
1910889,SecondHalf,79,0,84,Aerial,Successful,42,Werder Bremen,407284.0,Olivier Deman,6.5,55.8,,,,,,,"[{'type': {'displayName': 'Zone', 'value': 56}, 'value': 'Back'}, {'type': {'displayName': 'Defensive', 'value': 285}}, {'type': {'displayName': 'OppositeRelatedEvent', 'value': 233}, 'value': '924'}]",False,,,,,
1910889,SecondHalf,79,0,84,Aerial,Unsuccessful,1211,Hoffenheim,513605.0,Cole Campbell,93.5,44.2,,,,,,,"[{'type': {'displayName': 'Zone', 'value': 56}, 'value': 'Center'}, {'type': {'displayName': 'Offensive', 'value': 286}}, {'type': {'displayName': 'OppositeRelatedEvent', 'value': 233}, 'value': '576'}]",False,,,,,
1910889,SecondHalf,79,0,84,Clearance,Successful,42,Werder Bremen,407284.0,Olivier Deman,6.5,55.8,6.5,60.6,,,,,"[{'type': {'displayName': 'Head', 'value': 15}}, {'type': {'displayName': 'Zone', 'value': 56}, 'value': 'Back'}, {'type': {'displayName': 'Length', 'value': 212}, 'value': '3.3'}, {'type': {'displayName': 'PassEndY', 'value': 141}, 'value': '60.6'}, {'type': {'displayName': 'PassEndX', 'value': 140}, 'value': '6.5'}, {'type': {'displayName': 'Angle', 'value': 213}, 'value': '1.57'}]",True,,,,,
1910889,SecondHalf,79,1,84,BallTouch,Successful,1211,Hoffenheim,513605.0,Cole Campbell,92.8,39.7,,,,,,,"[{'type': {'displayName': 'Zone', 'value': 56}, 'value': 'Center'}]",True,,,,,
1910889,SecondHalf,79,26,84,SubstitutionOff,Successful,42,Werder Bremen,538407.0,Isaac Schmidt,0.0,0.0,,,,,,,"[{'type': {'displayName': 'JerseyNumber', 'value': 59}, 'value': '23'}, {'type': {'displayName': 'PlayerPosition', 'value': 44}, 'value': 'Defender'}, {'type': {'displayName': 'RelatedEventId', 'value': 55}, 'value': '580'}]",False,,,,580.0,301024.0
1910889,SecondHalf,79,26,84,SubstitutionOn,Successful,42,Werder Bremen,301024.0,Max Wöber,0.0,0.0,,,,,,,"[{'type': {'displayName': 'JerseyNumber', 'value': 59}, 'value': '39'}, {'type': {'displayName': 'PlayerPosition', 'value': 44}, 'value': 'Defender'}, {'type': {'displayName': 'RelatedEventId', 'value': 55}, 'value': '579'}, {'type': {'displayName': 'FormationSlot', 'value': 145}, 'value': '2'}]",False,,,,579.0,538407.0
1910889,SecondHalf,79,27,84,FormationChange,Successful,42,Werder Bremen,,,0.0,0.0,,,,,,,"[{'type': {'displayName': 'JerseyNumber', 'value': 59}, 'value': '30, 5, 2, 32, 39, 17, 14, 11, 18, 7, 25, 4, 31, 24, 19'}, {'type': {'displayName': 'TeamPlayerFormation', 'value': 131}, 'value': '1, 2, 3, 5, 6, 7, 8, 9, 10, 11, 0, 0, 0, 0, 0'}, {'type': {'displayName': 'PlayerPosition', 'value': 44}, 'value': '1, 2, 2, 2, 2, 3, 3, 4, 3, 3, 5, 5, 5, 5, 5'}, {'type': {'displayName': 'InvolvedPlayers', 'value': 30}, 'value': '436119,368176,407284,333227,301024,385080,420405,438066,431791,468855,104041,124597,554472,549133,486741'}, {'type': {'displayName': 'TeamFormation', 'value': 130}, 'value': '7'}, {'type': {'displayName': 'CaptainPlayerId', 'value': 194}, 'value': '333227'}]",False,,,,,
1910889,SecondHalf,79,37,84,Pass,Unsuccessful,42,Werder Bremen,436119.0,Mio Backhaus,4.3,53.2,66.2,83.0,,,,,"[{'type': {'displayName': 'Longball', 'value': 1}}, {'type': {'displayName': 'GoalKick', 'value': 124}}, {'type': {'displayName': 'PassEndX', 'value': 140}, 'value': '66.2'}, {'type': {'displayName': 'Angle', 'value': 213}, 'value': '0.30'}, {'type': {'displayName': 'PassEndY', 'value': 141}, 'value': '83.0'}, {'type': {'displayName': 'Zone', 'value': 56}, 'value': 'Left'}, {'type': {'displayName': 'MissHigh', 'value': 74}}, {'type': {'displayName': 'Length', 'value': 212}, 'value': '68.1'}, {'type': {'displayName': 'Chipped', 'value': 155}}]",True,,,,,
1910889,SecondHalf,79,40,84,Pass,Unsuccessful,1211,Hoffenheim,428031.0,Robin Hranác,39.5,20.7,63.5,13.0,,,,,"[{'type': {'displayName': 'Zone', 'value': 56}, 'value': 'Right'}, {'type': {'displayName': 'PassEndY', 'value': 141}, 'value': '13.0'}, {'type': {'displayName': 'Length', 'value': 212}, 'value': '25.7'}, {'type': {'displayName': 'Angle', 'value': 213}, 'value': '6.08'}, {'type': {'displayName': 'PassEndX', 'value': 140}, 'value': '63.5'}, {'type': {'displayName': 'HeadPass', 'value': 3}}]",True,,,,,
1910889,SecondHalf,79,46,84,Pass,Unsuccessful,42,Werder Bremen,301024.0,Max Wöber,37.3,92.1,61.3,83.5,,,,,"[{'type': {'displayName': 'Length', 'value': 212}, 'value': '25.9'}, {'type': {'displayName': 'Zone', 'value': 56}, 'value': 'Left'}, {'type': {'displayName': 'Longball', 'value': 1}}, {'type': {'displayName': 'PassEndX', 'value': 140}, 'value': '61.3'}, {'type': {'displayName': 'PassEndY', 'value': 141}, 'value': '83.5'}, {'type': {'displayName': 'Angle', 'value': 213}, 'value': '6.06'}]",True,,,,,
1910889,SecondHalf,81,10,86,BallRecovery,Successful,1211,Hoffenheim,428031.0,Robin Hranác,48.8,36.9,,,,,,,[],False,,,,,
1910889,SecondHalf,81,12,86,Pass,Successful,1211,Hoffenheim,428031.0,Robin Hranác,40.8,26.4,41.5,39.1,,,,,"[{'type': {'displayName': 'Angle', 'value': 213}, 'value': '1.49'}, {'type': {'displayName': 'PassEndX', 'value': 140}, 'value': '41.5'}, {'type': {'displayName': 'Length', 'value': 212}, 'value': '8.7'}, {'type': {'displayName': 'Zone', 'value': 56}, 'value': 'Back'}, {'type': {'displayName': 'PassEndY', 'value': 141}, 'value': '39.1'}]",True,,,,,
1910889,SecondHalf,81,21,86,Pass,Successful,1211,Hoffenheim,356743.0,Ozan Kabak,48.8,36.9,63.9,33.9,,,,,"[{'type': {'displayName': 'Length', 'value': 212}, 'value': '16.0'}, {'type': {'displayName': 'Angle', 'value': 213}, 'value': '6.16'}, {'type': {'displayName': 'Zone', 'value': 56}, 'value': 'Center'}, {'type': {'displayName': 'PassEndY', 'value': 141}, 'value': '33.9'}, {'type': {'displayName': 'PassEndX', 'value': 140}, 'value': '63.9'}]",True,,,,,
1910889,SecondHalf,81,22,86,Pass,Successful,1211,Hoffenheim,361878.0,Wouter Burger,64.8,36.3,58.5,38.1,,,,,"[{'type': {'displayName': 'Length', 'value': 212}, 'value': '6.7'}, {'type': {'displayName': 'Zone', 'value': 56}, 'value': 'Center'}, {'type': {'displayName': 'PassEndX', 'value': 140}, 'value': '58.5'}, {'type': {'displayName': 'PassEndY', 'value': 141}, 'value': '38.1'}, {'type': {'displayName': 'Angle', 'value': 213}, 'value': '2.96'}]",True,,,,,
1910889,SecondHalf,81,23,86,Pass,Successful,1211,Hoffenheim,356743.0,Ozan Kabak,58.5,38.2,61.2,27.6,,,,,"[{'type': {'displayName': 'Length', 'value': 212}, 'value': '7.7'}, {'type': {'displayName': 'Zone', 'value': 56}, 'value': 'Center'}, {'type': {'displayName': 'PassEndX', 'value': 140}, 'value': '61.2'}, {'type': {'displayName': 'Angle', 'value': 213}, 'value': '5.09'}, {'type': {'displayName': 'PassEndY', 'value': 141}, 'value': '27.6'}]",True,,,,,
1910889,SecondHalf,81,23,86,Pass,Successful,1211,Hoffenheim,510234.0,Leon Avdullahu,61.2,27.4,59.3,39.7,,,,,"[{'type': {'displayName': 'PassEndY', 'value': 141}, 'value': '39.7'}, {'type': {'displayName': 'Angle', 'value': 213}, 'value': '1.80'}, {'type': {'displayName': 'Length', 'value': 212}, 'value': '8.6'}, {'type': {'displayName': 'Zone', 'value': 56}, 'value': 'Center'}, {'type': {'displayName': 'PassEndX', 'value': 140}, 'value': '59.3'}]",True,,,,,
1910889,SecondHalf,81,26,86,Pass,Successful,1211,Hoffenheim,356743.0,Ozan Kabak,59.3,41.2,64.4,49.0,,,,,"[{'type': {'displayName': 'Angle', 'value': 213}, 'value': '0.78'}, {'type': {'displayName': 'PassEndY', 'value': 141}, 'value': '49.0'}, {'type': {'displayName': 'Length', 'value': 212}, 'value': '7.5'}, {'type': {'displayName': 'PassEndX', 'value': 140}, 'value': '64.4'}, {'type': {'displayName': 'Zone', 'value': 56}, 'value': 'Center'}]",True,,,,,
1910889,SecondHalf,81,29,86,Pass,Successful,1211,Hoffenheim,361878.0,Wouter Burger,64.7,49.0,66.2,13.8,,,,,"[{'type': {'displayName': 'PassEndX', 'value': 140}, 'value': '66.2'}, {'type': {'displayName': 'Angle', 'value': 213}, 'value': '4.78'}, {'type': {'displayName': 'Zone', 'value': 56}, 'value': 'Right'}, {'type': {'displayName': 'PassEndY', 'value': 141}, 'value': '13.8'}, {'type': {'displayName': 'Length', 'value': 212}, 'value': '24.0'}]",True,,,,,
1910889,SecondHalf,81,31,86,Pass,Successful,1211,Hoffenheim,111372.0,Vladimír Coufal,70.4,13.5,79.5,6.1,,,,,"[{'type': {'displayName': 'Length', 'value': 212}, 'value': '10.8'}, {'type': {'displayName': 'PassEndY', 'value': 141}, 'value': '6.1'}, {'type': {'displayName': 'Angle', 'value': 213}, 'value': '5.80'}, {'type': {'displayName': 'PassEndX', 'value': 140}, 'value': '79.5'}, {'type': {'displayName': 'Zone', 'value': 56}, 'value': 'Right'}]",True,,,,,
1910889,SecondHalf,81,34,86,Pass,Successful,1211,Hoffenheim,513605.0,Cole Campbell,79.5,8.4,68.3,19.8,,,,,"[{'type': {'displayName': 'Length', 'value': 212}, 'value': '14.1'}, {'type': {'displayName': 'PassEndY', 'value': 141}, 'value': '19.8'}, {'type': {'displayName': 'Zone', 'value': 56}, 'value': 'Right'}, {'type': {'displayName': 'PassEndX', 'value': 140}, 'value': '68.3'}, {'type': {'displayName': 'Angle', 'value': 213}, 'value': '2.56'}]",True,,,,,
1910889,SecondHalf,81,37,86,Pass,Successful,1211,Hoffenheim,510234.0,Leon Avdullahu,69.0,19.8,68.8,40.6,,,,,"[{'type': {'displayName': 'Angle', 'value': 213}, 'value': '1.59'}, {'type': {'displayName': 'PassEndY', 'value': 141}, 'value': '40.6'}, {'type': {'displayName': 'PassEndX', 'value': 140}, 'value': '68.8'}, {'type': {'displayName': 'Zone', 'value': 56}, 'value': 'Center'}, {'type': {'displayName': 'Length', 'value': 212}, 'value': '14.1'}]",True,,,,,
1910889,SecondHalf,81,39,86,Pass,Successful,1211,Hoffenheim,361878.0,Wouter Burger,69.0,38.4,62.3,21.4,,,,,"[{'type': {'displayName': 'PassEndY', 'value': 141}, 'value': '21.4'}, {'type': {'displayName': 'Length', 'value': 212}, 'value': '13.5'}, {'type': {'displayName': 'Angle', 'value': 213}, 'value': '4.17'}, {'type': {'displayName': 'Zone', 'value': 56}, 'value': 'Center'}, {'type': {'displayName': 'PassEndX', 'value': 140}, 'value': '62.3'}]",True,,,,,
1910889,SecondHalf,81,40,86,Pass,Successful,1211,Hoffenheim,428031.0,Robin Hranác,62.3,21.4,69.2,11.7,,,,,"[{'type': {'displayName': 'PassEndY', 'value': 141}, 'value': '11.7'}, {'type': {'displayName': 'PassEndX', 'value': 140}, 'value': '69.2'}, {'type': {'displayName': 'Length', 'value': 212}, 'value': '9.8'}, {'type': {'displayName': 'Zone', 'value': 56}, 'value': 'Right'}, {'type': {'displayName': 'Angle', 'value': 213}, 'value': '5.54'}]",True,,,,,
1910889,SecondHalf,81,42,86,Pass,Successful,1211,Hoffenheim,510234.0,Leon Avdullahu,68.9,12.0,59.6,41.4,,,,,"[{'type': {'displayName': 'Angle', 'value': 213}, 'value': '2.03'}, {'type': {'displayName': 'PassEndX', 'value': 140}, 'value': '59.6'}, {'type': {'displayName': 'Length', 'value': 212}, 'value': '22.2'}, {'type': {'displayName': 'Zone', 'value': 56}, 'value': 'Center'}, {'type': {'displayName': 'PassEndY', 'value': 141}, 'value': '41.4'}]",True,,,,,
1910889,SecondHalf,81,47,86,Pass,Successful,1211,Hoffenheim,356743.0,Ozan Kabak,66.4,41.2,66.8,19.8,,,,,"[{'type': {'displayName': 'Angle', 'value': 213}, 'value': '4.74'}, {'type': {'displayName': 'PassEndY', 'value': 141}, 'value': '19.8'}, {'type': {'displayName': 'Length', 'value': 212}, 'value': '14.6'}, {'type': {'displayName': 'Zone', 'value': 56}, 'value': 'Right'}, {'type': {'displayName': 'PassEndX', 'value': 140}, 'value': '66.8'}]",True,,,,,
1910889,SecondHalf,81,48,86,Pass,Successful,1211,Hoffenheim,510234.0,Leon Avdullahu,66.8,19.6,63.4,35.2,,,,,"[{'type': {'displayName': 'PassEndX', 'value': 140}, 'value': '63.4'}, {'type': {'displayName': 'Length', 'value': 212}, 'value': '11.2'}, {'type': {'displayName': 'Angle', 'value': 213}, 'value': '1.90'}, {'type': {'displayName': 'Zone', 'value': 56}, 'value': 'Center'}, {'type': {'displayName': 'PassEndY', 'value': 141}, 'value': '35.2'}]",True,,,,,
1910889,SecondHalf,81,51,86,Pass,Successful,1211,Hoffenheim,361878.0,Wouter Burger,66.5,38.7,61.0,13.0,,,,,"[{'type': {'displayName': 'PassEndY', 'value': 141}, 'value': '13.0'}, {'type': {'displayName': 'PassEndX', 'value': 140}, 'value': '61.0'}, {'type': {'displayName': 'Zone', 'value': 56}, 'value': 'Right'}, {'type': {'displayName': 'Length', 'value': 212}, 'value': '18.4'}, {'type': {'displayName': 'Angle', 'value': 213}, 'value': '4.39'}]",True,,,,,
1910889,SecondHalf,81,54,86,Pass,Successful,1211,Hoffenheim,428031.0,Robin Hranác,61.2,13.3,60.8,37.2,,,,,"[{'type': {'displayName': 'Angle', 'value': 213}, 'value': '1.60'}, {'type': {'displayName': 'PassEndX', 'value': 140}, 'value': '60.8'}, {'type': {'displayName': 'Zone', 'value': 56}, 'value': 'Center'}, {'type': {'displayName': 'PassEndY', 'value': 141}, 'value': '37.2'}, {'type': {'displayName': 'Length', 'value': 212}, 'value': '16.3'}]",True,,,,,
1910889,SecondHalf,81,56,86,Pass,Successful,1211,Hoffenheim,361878.0,Wouter Burger,61.2,36.6,61.3,13.8,,,,,"[{'type': {'displayName': 'Length', 'value': 212}, 'value': '15.5'}, {'type': {'displayName': 'PassEndX', 'value': 140}, 'value': '61.3'}, {'type': {'displayName': 'Angle', 'value': 213}, 'value': '4.72'}, {'type': {'displayName': 'Zone', 'value': 56}, 'value': 'Right'}, {'type': {'displayName': 'PassEndY', 'value': 141}, 'value': '13.8'}]",True,,,,,
1910889,SecondHalf,82,0,87,Pass,Unsuccessful,1211,Hoffenheim,428031.0,Robin Hranác,64.3,7.6,97.6,16.5,,,,,"[{'type': {'displayName': 'PassEndX', 'value': 140}, 'value': '97.6'}, {'type': {'displayName': 'Zone', 'value': 56}, 'value': 'Right'}, {'type': {'displayName': 'Longball', 'value': 1}}, {'type': {'displayName': 'Length', 'value': 212}, 'value': '35.5'}, {'type': {'displayName': 'PassEndY', 'value': 141}, 'value': '16.5'}, {'type': {'displayName': 'Chipped', 'value': 155}}, {'type': {'displayName': 'Angle', 'value': 213}, 'value': '0.17'}]",True,,,,,
1910889,SecondHalf,82,6,87,BallRecovery,Successful,42,Werder Bremen,301024.0,Max Wöber,4.0,85.2,,,,,,,[],False,,,,,
1910889,SecondHalf,82,8,87,Pass,Unsuccessful,42,Werder Bremen,301024.0,Max Wöber,6.2,91.1,48.7,87.9,,,,,"[{'type': {'displayName': 'Length', 'value': 212}, 'value': '44.7'}, {'type': {'displayName': 'Longball', 'value': 1}}, {'type': {'displayName': 'Zone', 'value': 56}, 'value': 'Back'}, {'type': {'displayName': 'PassEndX', 'value': 140}, 'value': '48.7'}, {'type': {'displayName': 'PassEndY', 'value': 141}, 'value': '87.9'}, {'type': {'displayName': 'Angle', 'value': 213}, 'value': '6.23'}]",True,,,,,
1910889,SecondHalf,82,11,87,Pass,Successful,1211,Hoffenheim,428031.0,Robin Hranác,51.4,8.8,69.1,13.2,,,,,"[{'type': {'displayName': 'PassEndY', 'value': 141}, 'value': '13.2'}, {'type': {'displayName': 'Length', 'value': 212}, 'value': '18.8'}, {'type': {'displayName': 'Zone', 'value': 56}, 'value': 'Right'}, {'type': {'displayName': 'HeadPass', 'value': 3}}, {'type': {'displayName': 'PassEndX', 'value': 140}, 'value': '69.1'}, {'type': {'displayName': 'Angle', 'value': 213}, 'value': '0.16'}]",True,,,,,
1910889,SecondHalf,82,12,87,Pass,Successful,1211,Hoffenheim,513605.0,Cole Campbell,69.1,13.2,63.5,7.5,,,,,"[{'type': {'displayName': 'PassEndY', 'value': 141}, 'value': '7.5'}, {'type': {'displayName': 'LayOff', 'value': 156}}, {'type': {'displayName': 'Length', 'value': 212}, 'value': '7.0'}, {'type': {'displayName': 'Angle', 'value': 213}, 'value': '3.72'}, {'type': {'displayName': 'PassEndX', 'value': 140}, 'value': '63.5'}, {'type': {'displayName': 'Zone', 'value': 56}, 'value': 'Right'}]",True,,,,,
1910889,SecondHalf,82,14,87,BallRecovery,Successful,1211,Hoffenheim,111372.0,Vladimír Coufal,63.9,8.7,,,,,,,[],False,,,,,
1910889,SecondHalf,82,14,87,Pass,Successful,1211,Hoffenheim,111372.0,Vladimír Coufal,63.9,8.7,68.0,16.8,,,,,"[{'type': {'displayName': 'PassEndY', 'value': 141}, 'value': '16.8'}, {'type': {'displayName': 'PassEndX', 'value': 140}, 'value': '68.0'}, {'type': {'displayName': 'Angle', 'value': 213}, 'value': '0.91'}, {'type': {'displayName': 'Length', 'value': 212}, 'value': '7.0'}, {'type': {'displayName': 'Zone', 'value': 56}, 'value': 'Right'}]",True,,,,,
1910889,SecondHalf,82,17,87,Pass,Successful,1211,Hoffenheim,510234.0,Leon Avdullahu,67.0,23.7,60.5,47.5,,,,,"[{'type': {'displayName': 'PassEndY', 'value': 141}, 'value': '47.5'}, {'type': {'displayName': 'Angle', 'value': 213}, 'value': '1.97'}, {'type': {'displayName': 'Zone', 'value': 56}, 'value': 'Center'}, {'type': {'displayName': 'PassEndX', 'value': 140}, 'value': '60.5'}, {'type': {'displayName': 'Length', 'value': 212}, 'value': '17.6'}]",True,,,,,
1910889,SecondHalf,82,20,87,Pass,Successful,1211,Hoffenheim,402697.0,Albian Hajdari,65.3,54.9,82.5,77.7,,,,,"[{'type': {'displayName': 'PassEndY', 'value': 141}, 'value': '77.7'}, {'type': {'displayName': 'PassEndX', 'value': 140}, 'value': '82.5'}, {'type': {'displayName': 'Zone', 'value': 56}, 'value': 'Center'}, {'type': {'displayName': 'Length', 'value': 212}, 'value': '23.8'}, {'type': {'displayName': 'Angle', 'value': 213}, 'value': '0.71'}]",True,,,,,
1910889,SecondHalf,82,23,87,Challenge,Unsuccessful,42,Werder Bremen,385080.0,Marco Grüll,12.3,26.2,,,,,,,"[{'type': {'displayName': 'Zone', 'value': 56}, 'value': 'Back'}, {'type': {'displayName': 'Defensive', 'value': 285}}, {'type': {'displayName': 'OppositeRelatedEvent', 'value': 233}, 'value': '958'}]",False,,,,,
1910889,SecondHalf,82,23,87,TakeOn,Successful,1211,Hoffenheim,75217.0,Andrej Kramaric,87.7,73.8,,,,,,,"[{'type': {'displayName': 'Zone', 'value': 56}, 'value': 'Center'}, {'type': {'displayName': 'OppositeRelatedEvent', 'value': 233}, 'value': '588'}, {'type': {'displayName': 'Offensive', 'value': 286}}]",True,,,,,
1910889,SecondHalf,82,25,87,Pass,Unsuccessful,1211,Hoffenheim,75217.0,Andrej Kramaric,89.1,74.4,88.8,73.2,,,,,"[{'type': {'displayName': 'Length', 'value': 212}, 'value': '0.9'}, {'type': {'displayName': 'Zone', 'value': 56}, 'value': 'Center'}, {'type': {'displayName': 'Offensive', 'value': 286}}, {'type': {'displayName': 'PassEndY', 'value': 141}, 'value': '73.2'}, {'type': {'displayName': 'OppositeRelatedEvent', 'value': 233}, 'value': '589'}, {'type': {'displayName': 'PassEndX', 'value': 140}, 'value': '88.8'}, {'type': {'displayName': 'Angle', 'value': 213}, 'value': '4.34'}]",True,,,,,
1910889,SecondHalf,82,25,87,BlockedPass,Successful,42,Werder Bremen,385080.0,Marco Grüll,11.2,26.8,,,,,,,"[{'type': {'displayName': 'OppositeRelatedEvent', 'value': 233}, 'value': '959'}, {'type': {'displayName': 'Zone', 'value': 56}, 'value': 'Back'}, {'type': {'displayName': 'Defensive', 'value': 285}}]",True,,,,,
1910889,SecondHalf,82,27,87,BallRecovery,Successful,42,Werder Bremen,385080.0,Marco Grüll,11.3,35.4,,,,,,,[],False,,,,,
1910889,SecondHalf,82,29,87,Pass,Successful,42,Werder Bremen,385080.0,Marco Grüll,15.5,30.6,44.6,3.4,,,,,"[{'type': {'displayName': 'Length', 'value': 212}, 'value': '35.7'}, {'type': {'displayName': 'PassEndY', 'value': 141}, 'value': '3.4'}, {'type': {'displayName': 'Zone', 'value': 56}, 'value': 'Back'}, {'type': {'displayName': 'Longball', 'value': 1}}, {'type': {'displayName': 'PassEndX', 'value': 140}, 'value': '44.6'}, {'type': {'displayName': 'Angle', 'value': 213}, 'value': '5.74'}]",True,,,,,
1910889,SecondHalf,82,33,87,Foul,Successful,42,Werder Bremen,438066.0,Justin Njinmah,44.0,8.8,,,,,,,"[{'type': {'displayName': 'Offensive', 'value': 286}}, {'type': {'displayName': 'Zone', 'value': 56}, 'value': 'Back'}, {'type': {'displayName': 'Foul', 'value': 13}}, {'type': {'displayName': 'OppositeRelatedEvent', 'value': 233}, 'value': '960'}]",True,,,,,
1910889,SecondHalf,82,33,87,Foul,Unsuccessful,1211,Hoffenheim,356743.0,Ozan Kabak,56.0,91.2,,,,,,,"[{'type': {'displayName': 'StandingSave', 'value': 178}}, {'type': {'displayName': 'Zone', 'value': 56}, 'value': 'Left'}, {'type': {'displayName': 'OppositeRelatedEvent', 'value': 233}, 'value': '592'}, {'type': {'displayName': 'Foul', 'value': 13}}, {'type': {'displayName': 'Defensive', 'value': 285}}]",False,,,,,
1910889,SecondHalf,82,52,87,Pass,Successful,42,Werder Bremen,368176.0,Amos Pieper,44.8,6.4,28.3,29.5,,,,,"[{'type': {'displayName': 'PassEndX', 'value': 140}, 'value': '28.3'}, {'type': {'displayName': 'Angle', 'value': 213}, 'value': '2.41'}, {'type': {'displayName': 'Length', 'value': 212}, 'value': '23.4'}, {'type': {'displayName': 'PassEndY', 'value': 141}, 'value': '29.5'}, {'type': {'displayName': 'FreekickTaken', 'value': 5}}, {'type': {'displayName': 'Zone', 'value': 56}, 'value': 'Back'}]",True,,,,,
1910889,SecondHalf,82,57,87,Pass,Successful,42,Werder Bremen,436119.0,Mio Backhaus,31.5,32.0,63.9,90.9,,,,,"[{'type': {'displayName': 'PassEndX', 'value': 140}, 'value': '63.9'}, {'type': {'displayName': 'Length', 'value': 212}, 'value': '52.6'}, {'type': {'displayName': 'PassEndY', 'value': 141}, 'value': '90.9'}, {'type': {'displayName': 'Chipped', 'value': 155}}, {'type': {'displayName': 'Longball', 'value': 1}}, {'type': {'displayName': 'Angle', 'value': 213}, 'value': '0.87'}, {'type': {'displayName': 'Zone', 'value': 56}, 'value': 'Left'}]",True,,,,,
1910889,SecondHalf,82,59,87,Pass,Unsuccessful,42,Werder Bremen,407284.0,Olivier Deman,63.9,90.9,71.6,63.6,,,,,"[{'type': {'displayName': 'Zone', 'value': 56}, 'value': 'Center'}, {'type': {'displayName': 'PassEndY', 'value': 141}, 'value': '63.6'}, {'type': {'displayName': 'Angle', 'value': 213}, 'value': '5.12'}, {'type': {'displayName': 'PassEndX', 'value': 140}, 'value': '71.6'}, {'type': {'displayName': 'Length', 'value': 212}, 'value': '20.2'}]",True,,,,,
1910889,SecondHalf,83,2,88,BallRecovery,Successful,1211,Hoffenheim,356743.0,Ozan Kabak,28.1,34.5,,,,,,,[],False,,,,,
1910889,SecondHalf,83,3,88,Pass,Successful,1211,Hoffenheim,356743.0,Ozan Kabak,28.1,34.5,29.2,22.3,,,,,"[{'type': {'displayName': 'Zone', 'value': 56}, 'value': 'Back'}, {'type': {'displayName': 'PassEndX', 'value': 140}, 'value': '29.2'}, {'type': {'displayName': 'Length', 'value': 212}, 'value': '8.4'}, {'type': {'displayName': 'PassEndY', 'value': 141}, 'value': '22.3'}, {'type': {'displayName': 'Angle', 'value': 213}, 'value': '4.85'}]",True,,,,,
1910889,SecondHalf,83,4,88,Pass,Successful,1211,Hoffenheim,428031.0,Robin Hranác,28.6,22.3,7.0,42.7,,,,,"[{'type': {'displayName': 'PassEndY', 'value': 141}, 'value': '42.7'}, {'type': {'displayName': 'Length', 'value': 212}, 'value': '26.6'}, {'type': {'displayName': 'Zone', 'value': 56}, 'value': 'Back'}, {'type': {'displayName': 'Angle', 'value': 213}, 'value': '2.59'}, {'type': {'displayName': 'PassEndX', 'value': 140}, 'value': '7.0'}]",True,,,,,
1910889,SecondHalf,83,7,88,Pass,Successful,1211,Hoffenheim,77440.0,Oliver Baumann,5.9,33.0,11.7,8.4,,,,,"[{'type': {'displayName': 'PassEndY', 'value': 141}, 'value': '8.4'}, {'type': {'displayName': 'Zone', 'value': 56}, 'value': 'Back'}, {'type': {'displayName': 'Length', 'value': 212}, 'value': '17.8'}, {'type': {'displayName': 'PassEndX', 'value': 140}, 'value': '11.7'}, {'type': {'displayName': 'Angle', 'value': 213}, 'value': '5.06'}]",True,,,,,
1910889,SecondHalf,83,12,88,Pass,Unsuccessful,1211,Hoffenheim,428031.0,Robin Hranác,11.8,8.2,64.3,0.0,,,,,"[{'type': {'displayName': 'Length', 'value': 212}, 'value': '55.5'}, {'type': {'displayName': 'Chipped', 'value': 155}}, {'type': {'displayName': 'Longball', 'value': 1}}, {'type': {'displayName': 'Angle', 'value': 213}, 'value': '6.17'}, {'type': {'displayName': 'PassEndY', 'value': 141}, 'value': '0.0'}, {'type': {'displayName': 'PassEndX', 'value': 140}, 'value': '64.3'}, {'type': {'displayName': 'Zone', 'value': 56}, 'value': 'Right'}]",True,,,,,
1910889,SecondHalf,83,34,88,Pass,Successful,42,Werder Bremen,301024.0,Max Wöber,46.6,100.0,67.6,90.1,,,,,"[{'type': {'displayName': 'Angle', 'value': 213}, 'value': '5.96'}, {'type': {'displayName': 'PassEndY', 'value': 141}, 'value': '90.1'}, {'type': {'displayName': 'Longball', 'value': 1}}, {'type': {'displayName': 'PassEndX', 'value': 140}, 'value': '67.6'}, {'type': {'displayName': 'Length', 'value': 212}, 'value': '23.2'}, {'type': {'displayName': 'Zone', 'value': 56}, 'value': 'Left'}, {'type': {'displayName': 'ThrowIn', 'value': 107}}]",True,,,,,
1910889,SecondHalf,83,36,88,Pass,Unsuccessful,42,Werder Bremen,407284.0,Olivier Deman,67.6,90.1,69.8,88.9,,,,,"[{'type': {'displayName': 'HeadPass', 'value': 3}}, {'type': {'displayName': 'Length', 'value': 212}, 'value': '2.4'}, {'type': {'displayName': 'PassEndX', 'value': 140}, 'value': '69.8'}, {'type': {'displayName': 'Zone', 'value': 56}, 'value': 'Left'}, {'type': {'displayName': 'Angle', 'value': 213}, 'value': '5.94'}, {'type': {'displayName': 'PassEndY', 'value': 141}, 'value': '88.9'}]",True,,,,,
1910889,SecondHalf,83,38,88,BallTouch,Successful,1211,Hoffenheim,111372.0,Vladimír Coufal,29.7,13.2,,,,,,,"[{'type': {'displayName': 'Zone', 'value': 56}, 'value': 'Back'}]",True,,,,,
1910889,SecondHalf,83,41,88,BallTouch,Unsuccessful,42,Werder Bremen,407284.0,Olivier Deman,71.8,93.6,,,,,,,"[{'type': {'displayName': 'Zone', 'value': 56}, 'value': 'Left'}]",True,,,,,
1910889,SecondHalf,83,41,88,BallRecovery,Successful,1211,Hoffenheim,513605.0,Cole Campbell,24.1,10.2,,,,,,,[],False,,,,,
1910889,SecondHalf,83,42,88,Pass,Successful,1211,Hoffenheim,513605.0,Cole Campbell,21.3,9.7,21.8,25.0,,,,,"[{'type': {'displayName': 'Zone', 'value': 56}, 'value': 'Back'}, {'type': {'displayName': 'Length', 'value': 212}, 'value': '10.4'}, {'type': {'displayName': 'PassEndY', 'value': 141}, 'value': '25.0'}, {'type': {'displayName': 'PassEndX', 'value': 140}, 'value': '21.8'}, {'type': {'displayName': 'Angle', 'value': 213}, 'value': '1.52'}]",True,,,,,
1910889,SecondHalf,83,44,88,Pass,Successful,1211,Hoffenheim,428031.0,Robin Hranác,21.9,24.9,29.7,25.2,,,,,"[{'type': {'displayName': 'PassEndX', 'value': 140}, 'value': '29.7'}, {'type': {'displayName': 'Zone', 'value': 56}, 'value': 'Back'}, {'type': {'displayName': 'Angle', 'value': 213}, 'value': '0.02'}, {'type': {'displayName': 'Length', 'value': 212}, 'value': '8.2'}, {'type': {'displayName': 'PassEndY', 'value': 141}, 'value': '25.2'}]",True,,,,,
1910889,SecondHalf,83,45,88,Pass,Unsuccessful,1211,Hoffenheim,361878.0,Wouter Burger,29.4,27.9,36.1,48.6,,,,,"[{'type': {'displayName': 'PassEndX', 'value': 140}, 'value': '36.1'}, {'type': {'displayName': 'Angle', 'value': 213}, 'value': '1.11'}, {'type': {'displayName': 'PassEndY', 'value': 141}, 'value': '48.6'}, {'type': {'displayName': 'Zone', 'value': 56}, 'value': 'Back'}, {'type': {'displayName': 'Length', 'value': 212}, 'value': '15.7'}]",True,,,,,
1910889,SecondHalf,83,47,88,Interception,Successful,42,Werder Bremen,420405.0,Senne Lynen,63.9,51.4,,,,,,,"[{'type': {'displayName': 'Zone', 'value': 56}, 'value': 'Center'}]",True,,,,,
1910889,SecondHalf,83,48,88,BallRecovery,Successful,42,Werder Bremen,468855.0,Samuel Mbangula,66.3,52.2,,,,,,,[],False,,,,,
1910889,SecondHalf,83,52,88,Pass,Successful,42,Werder Bremen,468855.0,Samuel Mbangula,75.1,73.1,82.4,90.6,,,,,"[{'type': {'displayName': 'Angle', 'value': 213}, 'value': '1.00'}, {'type': {'displayName': 'PassEndX', 'value': 140}, 'value': '82.4'}, {'type': {'displayName': 'Zone', 'value': 56}, 'value': 'Left'}, {'type': {'displayName': 'PassEndY', 'value': 141}, 'value': '90.6'}, {'type': {'displayName': 'Length', 'value': 212}, 'value': '14.2'}]",True,,,,,
1910889,SecondHalf,83,53,88,Pass,Unsuccessful,42,Werder Bremen,407284.0,Olivier Deman,78.6,89.9,89.9,48.7,,,,,"[{'type': {'displayName': 'Length', 'value': 212}, 'value': '30.4'}, {'type': {'displayName': 'Zone', 'value': 56}, 'value': 'Center'}, {'type': {'displayName': 'Cross', 'value': 2}}, {'type': {'displayName': 'LeftFoot', 'value': 72}}, {'type': {'displayName': 'PassEndY', 'value': 141}, 'value': '48.7'}, {'type': {'displayName': 'PassEndX', 'value': 140}, 'value': '89.9'}, {'type': {'displayName': 'Chipped', 'value': 155}}, {'type': {'displayName': 'Angle', 'value': 213}, 'value': '5.11'}]",True,,,,,
1910889,SecondHalf,83,57,88,Clearance,Successful,1211,Hoffenheim,356743.0,Ozan Kabak,10.1,45.0,14.4,60.6,,,,,"[{'type': {'displayName': 'Head', 'value': 15}}, {'type': {'displayName': 'Length', 'value': 212}, 'value': '11.5'}, {'type': {'displayName': 'PassEndY', 'value': 141}, 'value': '60.6'}, {'type': {'displayName': 'Zone', 'value': 56}, 'value': 'Back'}, {'type': {'displayName': 'Angle', 'value': 213}, 'value': '1.17'}, {'type': {'displayName': 'PassEndX', 'value': 140}, 'value': '14.4'}]",True,,,,,
1910889,SecondHalf,83,59,88,Pass,Unsuccessful,42,Werder Bremen,385080.0,Marco Grüll,83.9,31.7,84.2,31.7,,,,,"[{'type': {'displayName': 'PassEndX', 'value': 140}, 'value': '84.2'}, {'type': {'displayName': 'Angle', 'value': 213}, 'value': '0.00'}, {'type': {'displayName': 'PassEndY', 'value': 141}, 'value': '31.7'}, {'type': {'displayName': 'OppositeRelatedEvent', 'value': 233}, 'value': '976'}, {'type': {'displayName': 'Length', 'value': 212}, 'value': '0.3'}, {'type': {'displayName': 'Zone', 'value': 56}, 'value': 'Center'}, {'type': {'displayName': 'Offensive', 'value': 286}}]",True,,,,,
1910889,SecondHalf,83,59,88,BlockedPass,Successful,1211,Hoffenheim,418588.0,Alexander Prass,15.8,68.3,,,,,,,"[{'type': {'displayName': 'Defensive', 'value': 285}}, {'type': {'displayName': 'Zone', 'value': 56}, 'value': 'Back'}, {'type': {'displayName': 'OppositeRelatedEvent', 'value': 233}, 'value': '605'}]",True,,,,,
1910889,SecondHalf,84,0,89,Pass,Successful,1211,Hoffenheim,510234.0,Leon Avdullahu,12.0,47.7,11.9,60.0,,,,,"[{'type': {'displayName': 'Zone', 'value': 56}, 'value': 'Back'}, {'type': {'displayName': 'PassEndY', 'value': 141}, 'value': '60.0'}, {'type': {'displayName': 'PassEndX', 'value': 140}, 'value': '11.9'}, {'type': {'displayName': 'Length', 'value': 212}, 'value': '8.4'}, {'type': {'displayName': 'Angle', 'value': 213}, 'value': '1.58'}]",True,,,,,
1910889,SecondHalf,84,2,89,BallRecovery,Successful,1211,Hoffenheim,402697.0,Albian Hajdari,11.9,60.0,,,,,,,[],False,,,,,
1910889,SecondHalf,84,2,89,Pass,Successful,1211,Hoffenheim,402697.0,Albian Hajdari,11.9,60.0,28.6,92.7,,,,,"[{'type': {'displayName': 'Zone', 'value': 56}, 'value': 'Back'}, {'type': {'displayName': 'Length', 'value': 212}, 'value': '28.3'}, {'type': {'displayName': 'PassEndX', 'value': 140}, 'value': '28.6'}, {'type': {'displayName': 'Angle', 'value': 213}, 'value': '0.90'}, {'type': {'displayName': 'PassEndY', 'value': 141}, 'value': '92.7'}]",True,,,,,
1910889,SecondHalf,84,5,89,Dispossessed,Successful,1211,Hoffenheim,418588.0,Alexander Prass,28.6,92.9,,,,,,,"[{'type': {'displayName': 'Defensive', 'value': 285}}, {'type': {'displayName': 'OppositeRelatedEvent', 'value': 233}, 'value': '606'}, {'type': {'displayName': 'Zone', 'value': 56}, 'value': 'Back'}]",True,,,,,
1910889,SecondHalf,84,5,89,Tackle,Unsuccessful,42,Werder Bremen,385080.0,Marco Grüll,71.4,7.1,,,,,,,"[{'type': {'displayName': 'Zone', 'value': 56}, 'value': 'Right'}, {'type': {'displayName': 'StandingSave', 'value': 178}}, {'type': {'displayName': 'OppositeRelatedEvent', 'value': 233}, 'value': '980'}, {'type': {'displayName': 'Offensive', 'value': 286}}]",True,,,,,
1910889,SecondHalf,84,9,89,Pass,Successful,1211,Hoffenheim,402697.0,Albian Hajdari,22.9,76.2,26.7,25.2,,,,,"[{'type': {'displayName': 'PassEndX', 'value': 140}, 'value': '26.7'}, {'type': {'displayName': 'Length', 'value': 212}, 'value': '34.9'}, {'type': {'displayName': 'Angle', 'value': 213}, 'value': '4.83'}, {'type': {'displayName': 'Zone', 'value': 56}, 'value': 'Back'}, {'type': {'displayName': 'Longball', 'value': 1}}, {'type': {'displayName': 'PassEndY', 'value': 141}, 'value': '25.2'}]",True,,,,,
1910889,SecondHalf,84,15,89,Pass,Unsuccessful,1211,Hoffenheim,111372.0,Vladimír Coufal,37.8,19.3,78.1,19.6,,,,,"[{'type': {'displayName': 'Longball', 'value': 1}}, {'type': {'displayName': 'Angle', 'value': 213}, 'value': '0.00'}, {'type': {'displayName': 'Length', 'value': 212}, 'value': '42.3'}, {'type': {'displayName': 'PassEndX', 'value': 140}, 'value': '78.1'}, {'type': {'displayName': 'PassEndY', 'value': 141}, 'value': '19.6'}, {'type': {'displayName': 'Chipped', 'value': 155}}, {'type': {'displayName': 'Zone', 'value': 56}, 'value': 'Right'}]",True,,,,,
1910889,SecondHalf,84,19,89,Pass,Successful,42,Werder Bremen,301024.0,Max Wöber,26.5,74.9,35.2,72.9,,,,,"[{'type': {'displayName': 'Zone', 'value': 56}, 'value': 'Back'}, {'type': {'displayName': 'Length', 'value': 212}, 'value': '9.2'}, {'type': {'displayName': 'HeadPass', 'value': 3}}, {'type': {'displayName': 'PassEndX', 'value': 140}, 'value': '35.2'}, {'type': {'displayName': 'PassEndY', 'value': 141}, 'value': '72.9'}, {'type': {'displayName': 'Angle', 'value': 213}, 'value': '6.14'}]",True,,,,,
1910889,SecondHalf,84,21,89,BallRecovery,Successful,42,Werder Bremen,431791.0,Cameron Puertas,36.6,73.2,,,,,,,[],False,,,,,
1910889,SecondHalf,84,21,89,Pass,Successful,42,Werder Bremen,431791.0,Cameron Puertas,37.2,74.4,38.7,92.4,,,,,"[{'type': {'displayName': 'Length', 'value': 212}, 'value': '12.3'}, {'type': {'displayName': 'Zone', 'value': 56}, 'value': 'Back'}, {'type': {'displayName': 'PassEndY', 'value': 141}, 'value': '92.4'}, {'type': {'displayName': 'PassEndX', 'value': 140}, 'value': '38.7'}, {'type': {'displayName': 'Angle', 'value': 213}, 'value': '1.44'}]",True,,,,,
1910889,SecondHalf,84,24,89,Pass,Unsuccessful,42,Werder Bremen,407284.0,Olivier Deman,39.7,96.8,67.1,90.7,,,,,"[{'type': {'displayName': 'PassEndY', 'value': 141}, 'value': '90.7'}, {'type': {'displayName': 'Length', 'value': 212}, 'value': '29.1'}, {'type': {'displayName': 'Angle', 'value': 213}, 'value': '6.14'}, {'type': {'displayName': 'PassEndX', 'value': 140}, 'value': '67.1'}, {'type': {'displayName': 'Zone', 'value': 56}, 'value': 'Left'}]",True,,,,,
1910889,SecondHalf,84,28,89,Interception,Successful,1211,Hoffenheim,428031.0,Robin Hranác,32.9,9.3,,,,,,,"[{'type': {'displayName': 'Zone', 'value': 56}, 'value': 'Back'}]",True,,,,,
1910889,SecondHalf,84,29,89,BallRecovery,Successful,1211,Hoffenheim,111372.0,Vladimír Coufal,37.7,7.6,,,,,,,[],False,,,,,
1910889,SecondHalf,84,29,89,Pass,Successful,1211,Hoffenheim,111372.0,Vladimír Coufal,37.7,7.6,30.8,29.1,,,,,"[{'type': {'displayName': 'PassEndY', 'value': 141}, 'value': '29.1'}, {'type': {'displayName': 'PassEndX', 'value': 140}, 'value': '30.8'}, {'type': {'displayName': 'Angle', 'value': 213}, 'value': '2.03'}, {'type': {'displayName': 'Length', 'value': 212}, 'value': '16.3'}, {'type': {'displayName': 'Zone', 'value': 56}, 'value': 'Back'}]",True,,,,,
1910889,SecondHalf,84,32,89,Pass,Successful,1211,Hoffenheim,356743.0,Ozan Kabak,31.1,29.8,42.2,46.3,,,,,"[{'type': {'displayName': 'Length', 'value': 212}, 'value': '16.2'}, {'type': {'displayName': 'PassEndX', 'value': 140}, 'value': '42.2'}, {'type': {'displayName': 'Angle', 'value': 213}, 'value': '0.77'}, {'type': {'displayName': 'Zone', 'value': 56}, 'value': 'Back'}, {'type': {'displayName': 'PassEndY', 'value': 141}, 'value': '46.3'}]",True,,,,,
1910889,SecondHalf,84,35,89,Pass,Successful,1211,Hoffenheim,361878.0,Wouter Burger,44.0,46.3,42.4,56.1,,,,,"[{'type': {'displayName': 'PassEndX', 'value': 140}, 'value': '42.4'}, {'type': {'displayName': 'PassEndY', 'value': 141}, 'value': '56.1'}, {'type': {'displayName': 'Zone', 'value': 56}, 'value': 'Back'}, {'type': {'displayName': 'Angle', 'value': 213}, 'value': '1.82'}, {'type': {'displayName': 'Length', 'value': 212}, 'value': '6.9'}]",True,,,,,
1910889,SecondHalf,84,36,89,Pass,Successful,1211,Hoffenheim,402697.0,Albian Hajdari,42.4,56.1,42.3,36.9,,,,,"[{'type': {'displayName': 'Zone', 'value': 56}, 'value': 'Back'}, {'type': {'displayName': 'PassEndY', 'value': 141}, 'value': '36.9'}, {'type': {'displayName': 'PassEndX', 'value': 140}, 'value': '42.3'}, {'type': {'displayName': 'Angle', 'value': 213}, 'value': '4.70'}, {'type': {'displayName': 'Length', 'value': 212}, 'value': '13.1'}]",True,,,,,
1910889,SecondHalf,84,39,89,Pass,Successful,1211,Hoffenheim,356743.0,Ozan Kabak,49.5,33.9,53.3,24.6,,,,,"[{'type': {'displayName': 'Angle', 'value': 213}, 'value': '5.28'}, {'type': {'displayName': 'PassEndY', 'value': 141}, 'value': '24.6'}, {'type': {'displayName': 'PassEndX', 'value': 140}, 'value': '53.3'}, {'type': {'displayName': 'Zone', 'value': 56}, 'value': 'Center'}, {'type': {'displayName': 'Length', 'value': 212}, 'value': '7.5'}]",True,,,,,
1910889,SecondHalf,84,45,89,Pass,Successful,1211,Hoffenheim,510234.0,Leon Avdullahu,67.9,39.0,67.9,51.7,,,,,"[{'type': {'displayName': 'PassEndY', 'value': 141}, 'value': '51.7'}, {'type': {'displayName': 'Angle', 'value': 213}, 'value': '1.57'}, {'type': {'displayName': 'Length', 'value': 212}, 'value': '8.6'}, {'type': {'displayName': 'Zone', 'value': 56}, 'value': 'Center'}, {'type': {'displayName': 'PassEndX', 'value': 140}, 'value': '67.9'}]",True,,,,,
1910889,SecondHalf,84,47,89,Pass,Successful,1211,Hoffenheim,361878.0,Wouter Burger,66.8,52.5,67.2,71.4,,,,,"[{'type': {'displayName': 'PassEndX', 'value': 140}, 'value': '67.2'}, {'type': {'displayName': 'Zone', 'value': 56}, 'value': 'Center'}, {'type': {'displayName': 'PassEndY', 'value': 141}, 'value': '71.4'}, {'type': {'displayName': 'Length', 'value': 212}, 'value': '12.9'}, {'type': {'displayName': 'Angle', 'value': 213}, 'value': '1.54'}]",True,,,,,
1910889,SecondHalf,84,49,89,Pass,Successful,1211,Hoffenheim,402697.0,Albian Hajdari,67.1,71.1,79.5,92.2,,,,,"[{'type': {'displayName': 'Zone', 'value': 56}, 'value': 'Left'}, {'type': {'displayName': 'PassEndX', 'value': 140}, 'value': '79.5'}, {'type': {'displayName': 'Angle', 'value': 213}, 'value': '0.83'}, {'type': {'displayName': 'Length', 'value': 212}, 'value': '19.4'}, {'type': {'displayName': 'PassEndY', 'value': 141}, 'value': '92.2'}]",True,,,,,
1910889,SecondHalf,84,55,89,Pass,Successful,1211,Hoffenheim,418588.0,Alexander Prass,82.3,83.0,77.4,75.4,,,,,"[{'type': {'displayName': 'Angle', 'value': 213}, 'value': '3.93'}, {'type': {'displayName': 'Length', 'value': 212}, 'value': '7.3'}, {'type': {'displayName': 'Zone', 'value': 56}, 'value': 'Center'}, {'type': {'displayName': 'PassEndY', 'value': 141}, 'value': '75.4'}, {'type': {'displayName': 'PassEndX', 'value': 140}, 'value': '77.4'}]",True,,,,,
1910889,SecondHalf,84,56,89,Pass,Successful,1211,Hoffenheim,75217.0,Andrej Kramaric,77.9,72.6,77.5,83.0,,,,,"[{'type': {'displayName': 'PassEndY', 'value': 141}, 'value': '83.0'}, {'type': {'displayName': 'Zone', 'value': 56}, 'value': 'Left'}, {'type': {'displayName': 'Angle', 'value': 213}, 'value': '1.63'}, {'type': {'displayName': 'PassEndX', 'value': 140}, 'value': '77.5'}, {'type': {'displayName': 'Length', 'value': 212}, 'value': '7.1'}]",True,,,,,
1910889,SecondHalf,84,58,89,Pass,Successful,1211,Hoffenheim,402697.0,Albian Hajdari,75.6,79.0,75.3,71.2,,,,,"[{'type': {'displayName': 'Angle', 'value': 213}, 'value': '4.65'}, {'type': {'displayName': 'Length', 'value': 212}, 'value': '5.3'}, {'type': {'displayName': 'PassEndY', 'value': 141}, 'value': '71.2'}, {'type': {'displayName': 'Zone', 'value': 56}, 'value': 'Center'}, {'type': {'displayName': 'PassEndX', 'value': 140}, 'value': '75.3'}]",True,,,,,
1910889,SecondHalf,84,59,89,Pass,Successful,1211,Hoffenheim,75217.0,Andrej Kramaric,74.4,70.9,76.3,87.6,,,,,"[{'type': {'displayName': 'PassEndY', 'value': 141}, 'value': '87.6'}, {'type': {'displayName': 'Zone', 'value': 56}, 'value': 'Left'}, {'type': {'displayName': 'Length', 'value': 212}, 'value': '11.5'}, {'type': {'displayName': 'Angle', 'value': 213}, 'value': '1.40'}, {'type': {'displayName': 'PassEndX', 'value': 140}, 'value': '76.3'}]",True,,,,,
1910889,SecondHalf,85,1,90,Pass,Successful,1211,Hoffenheim,402697.0,Albian Hajdari,76.4,88.2,97.1,75.1,,,,,"[{'type': {'displayName': 'Zone', 'value': 56}, 'value': 'Center'}, {'type': {'displayName': 'Length', 'value': 212}, 'value': '23.5'}, {'type': {'displayName': 'PassEndY', 'value': 141}, 'value': '75.1'}, {'type': {'displayName': 'PassEndX', 'value': 140}, 'value': '97.1'}, {'type': {'displayName': 'Angle', 'value': 213}, 'value': '5.89'}]",True,,,,,
1910889,SecondHalf,85,6,90,Pass,Successful,1211,Hoffenheim,428426.0,Fisnik Asllani,97.7,74.8,93.3,77.7,,,,,"[{'type': {'displayName': 'PassEndY', 'value': 141}, 'value': '77.7'}, {'type': {'displayName': 'Angle', 'value': 213}, 'value': '2.74'}, {'type': {'displayName': 'Zone', 'value': 56}, 'value': 'Center'}, {'type': {'displayName': 'PassEndX', 'value': 140}, 'value': '93.3'}, {'type': {'displayName': 'Length', 'value': 212}, 'value': '5.0'}]",True,,,,,
1910889,SecondHalf,85,7,90,Pass,Successful,1211,Hoffenheim,418588.0,Alexander Prass,93.3,77.7,84.7,64.2,,,,,"[{'type': {'displayName': 'PassEndY', 'value': 141}, 'value': '64.2'}, {'type': {'displayName': 'Zone', 'value': 56}, 'value': 'Center'}, {'type': {'displayName': 'PassEndX', 'value': 140}, 'value': '84.7'}, {'type': {'displayName': 'Angle', 'value': 213}, 'value': '3.94'}, {'type': {'displayName': 'Length', 'value': 212}, 'value': '12.9'}]",True,,,,,
1910889,SecondHalf,85,10,90,Pass,Unsuccessful,1211,Hoffenheim,75217.0,Andrej Kramaric,82.1,64.6,92.5,86.8,,,,,"[{'type': {'displayName': 'PassEndY', 'value': 141}, 'value': '86.8'}, {'type': {'displayName': 'Zone', 'value': 56}, 'value': 'Left'}, {'type': {'displayName': 'PassEndX', 'value': 140}, 'value': '92.5'}, {'type': {'displayName': 'Length', 'value': 212}, 'value': '18.6'}, {'type': {'displayName': 'Angle', 'value': 213}, 'value': '0.94'}]",True,,,,,
1910889,SecondHalf,85,19,90,Foul,Successful,42,Werder Bremen,385080.0,Marco Grüll,6.8,12.4,,,,,,,"[{'type': {'displayName': 'Zone', 'value': 56}, 'value': 'Back'}, {'type': {'displayName': 'Defensive', 'value': 285}}, {'type': {'displayName': 'OppositeRelatedEvent', 'value': 233}, 'value': '1001'}, {'type': {'displayName': 'Foul', 'value': 13}}]",True,,,,,
1910889,SecondHalf,85,19,90,Foul,Unsuccessful,1211,Hoffenheim,418588.0,Alexander Prass,93.2,87.6,,,,,,,"[{'type': {'displayName': 'StandingSave', 'value': 178}}, {'type': {'displayName': 'Foul', 'value': 13}}, {'type': {'displayName': 'OppositeRelatedEvent', 'value': 233}, 'value': '613'}, {'type': {'displayName': 'Offensive', 'value': 286}}, {'type': {'displayName': 'Zone', 'value': 56}, 'value': 'Left'}]",False,,,,,
1910889,SecondHalf,85,41,90,Pass,Successful,42,Werder Bremen,436119.0,Mio Backhaus,9.7,13.1,57.7,55.0,,,,,"[{'type': {'displayName': 'Angle', 'value': 213}, 'value': '0.51'}, {'type': {'displayName': 'FreekickTaken', 'value': 5}}, {'type': {'displayName': 'Zone', 'value': 56}, 'value': 'Center'}, {'type': {'displayName': 'PassEndY', 'value': 141}, 'value': '55.0'}, {'type': {'displayName': 'PassEndX', 'value': 140}, 'value': '57.7'}, {'type': {'displayName': 'Length', 'value': 212}, 'value': '57.9'}, {'type': {'displayName': 'Longball', 'value': 1}}]",True,,,,,
1910889,SecondHalf,85,42,90,Aerial,Successful,42,Werder Bremen,468855.0,Samuel Mbangula,57.7,55.0,,,,,,,"[{'type': {'displayName': 'Zone', 'value': 56}, 'value': 'Center'}, {'type': {'displayName': 'Offensive', 'value': 286}}, {'type': {'displayName': 'OppositeRelatedEvent', 'value': 233}, 'value': '1002'}]",False,,,,,
1910889,SecondHalf,85,42,90,Aerial,Unsuccessful,1211,Hoffenheim,428031.0,Robin Hranác,42.3,45.0,,,,,,,"[{'type': {'displayName': 'Zone', 'value': 56}, 'value': 'Back'}, {'type': {'displayName': 'OppositeRelatedEvent', 'value': 233}, 'value': '615'}, {'type': {'displayName': 'Defensive', 'value': 285}}]",False,,,,,
1910889,SecondHalf,85,43,90,Pass,Unsuccessful,42,Werder Bremen,468855.0,Samuel Mbangula,57.7,55.0,63.9,44.1,,,,,"[{'type': {'displayName': 'PassEndX', 'value': 140}, 'value': '63.9'}, {'type': {'displayName': 'Zone', 'value': 56}, 'value': 'Center'}, {'type': {'displayName': 'Angle', 'value': 213}, 'value': '5.43'}, {'type': {'displayName': 'Length', 'value': 212}, 'value': '9.9'}, {'type': {'displayName': 'HeadPass', 'value': 3}}, {'type': {'displayName': 'PassEndY', 'value': 141}, 'value': '44.1'}]",True,,,,,
1910889,SecondHalf,85,44,90,Pass,Successful,1211,Hoffenheim,356743.0,Ozan Kabak,33.7,48.4,54.6,51.6,,,,,"[{'type': {'displayName': 'Angle', 'value': 213}, 'value': '0.10'}, {'type': {'displayName': 'HeadPass', 'value': 3}}, {'type': {'displayName': 'PassEndY', 'value': 141}, 'value': '51.6'}, {'type': {'displayName': 'Length', 'value': 212}, 'value': '22.1'}, {'type': {'displayName': 'Zone', 'value': 56}, 'value': 'Center'}, {'type': {'displayName': 'PassEndX', 'value': 140}, 'value': '54.6'}]",True,,,,,
1910889,SecondHalf,85,47,90,Pass,Successful,1211,Hoffenheim,428426.0,Fisnik Asllani,54.6,51.6,44.4,56.7,,,,,"[{'type': {'displayName': 'Zone', 'value': 56}, 'value': 'Back'}, {'type': {'displayName': 'Angle', 'value': 213}, 'value': '2.83'}, {'type': {'displayName': 'PassEndX', 'value': 140}, 'value': '44.4'}, {'type': {'displayName': 'Length', 'value': 212}, 'value': '11.3'}, {'type': {'displayName': 'HeadPass', 'value': 3}}, {'type': {'displayName': 'PassEndY', 'value': 141}, 'value': '56.7'}]",True,,,,,
1910889,SecondHalf,85,48,90,BallRecovery,Successful,1211,Hoffenheim,361878.0,Wouter Burger,44.4,56.7,,,,,,,[],False,,,,,
1910889,SecondHalf,85,50,90,Pass,Unsuccessful,1211,Hoffenheim,361878.0,Wouter Burger,44.4,56.7,70.1,41.7,,,,,"[{'type': {'displayName': 'PassEndX', 'value': 140}, 'value': '70.1'}, {'type': {'displayName': 'Length', 'value': 212}, 'value': '28.8'}, {'type': {'displayName': 'Longball', 'value': 1}}, {'type': {'displayName': 'Zone', 'value': 56}, 'value': 'Center'}, {'type': {'displayName': 'Angle', 'value': 213}, 'value': '5.92'}, {'type': {'displayName': 'PassEndY', 'value': 141}, 'value': '41.7'}]",True,,,,,
1910889,SecondHalf,85,50,90,BallRecovery,Successful,42,Werder Bremen,301024.0,Max Wöber,38.3,59.9,,,,,,,[],False,,,,,
1910889,SecondHalf,85,55,90,Pass,Successful,42,Werder Bremen,301024.0,Max Wöber,53.3,53.7,89.7,68.3,,,,,"[{'type': {'displayName': 'Longball', 'value': 1}}, {'type': {'displayName': 'Length', 'value': 212}, 'value': '39.5'}, {'type': {'displayName': 'Zone', 'value': 56}, 'value': 'Center'}, {'type': {'displayName': 'Chipped', 'value': 155}}, {'type': {'displayName': 'Angle', 'value': 213}, 'value': '0.25'}, {'type': {'displayName': 'PassEndX', 'value': 140}, 'value': '89.7'}, {'type': {'displayName': 'PassEndY', 'value': 141}, 'value': '68.3'}]",True,,,,,
1910889,SecondHalf,85,58,90,TakeOn,Unsuccessful,42,Werder Bremen,438066.0,Justin Njinmah,89.4,69.9,,,,,,,"[{'type': {'displayName': 'OppositeRelatedEvent', 'value': 233}, 'value': '1007'}, {'type': {'displayName': 'Offensive', 'value': 286}}, {'type': {'displayName': 'Zone', 'value': 56}, 'value': 'Center'}]",True,,,,,
1910889,SecondHalf,85,58,90,Tackle,Successful,1211,Hoffenheim,428031.0,Robin Hranác,10.6,30.1,,,,,,,"[{'type': {'displayName': 'Zone', 'value': 56}, 'value': 'Back'}, {'type': {'displayName': 'Defensive', 'value': 285}}, {'type': {'displayName': 'OppositeRelatedEvent', 'value': 233}, 'value': '620'}, {'type': {'displayName': 'StandingSave', 'value': 178}}]",True,,,,,
1910889,SecondHalf,86,3,91,BallRecovery,Successful,1211,Hoffenheim,428031.0,Robin Hranác,9.6,20.5,,,,,,,[],False,,,,,
1910889,SecondHalf,86,3,91,Pass,Unsuccessful,1211,Hoffenheim,428031.0,Robin Hranác,9.7,18.8,52.1,6.4,,,,,"[{'type': {'displayName': 'Length', 'value': 212}, 'value': '45.3'}, {'type': {'displayName': 'PassEndY', 'value': 141}, 'value': '6.4'}, {'type': {'displayName': 'Zone', 'value': 56}, 'value': 'Right'}, {'type': {'displayName': 'Longball', 'value': 1}}, {'type': {'displayName': 'Angle', 'value': 213}, 'value': '6.10'}, {'type': {'displayName': 'PassEndX', 'value': 140}, 'value': '52.1'}]",True,,,,,
1910889,SecondHalf,86,9,91,Pass,Successful,42,Werder Bremen,333227.0,Marco Friedl,34.6,94.6,14.4,65.5,,,,,"[{'type': {'displayName': 'PassEndY', 'value': 141}, 'value': '65.5'}, {'type': {'displayName': 'Zone', 'value': 56}, 'value': 'Back'}, {'type': {'displayName': 'Angle', 'value': 213}, 'value': '3.89'}, {'type': {'displayName': 'PassEndX', 'value': 140}, 'value': '14.4'}, {'type': {'displayName': 'Length', 'value': 212}, 'value': '29.0'}]",True,,,,,
1910889,SecondHalf,86,15,91,BallRecovery,Successful,42,Werder Bremen,436119.0,Mio Backhaus,12.3,56.6,,,,,,,[],False,,,,,
1910889,SecondHalf,86,20,91,Pass,Successful,42,Werder Bremen,436119.0,Mio Backhaus,18.1,39.2,34.9,50.5,,,,,"[{'type': {'displayName': 'Angle', 'value': 213}, 'value': '0.41'}, {'type': {'displayName': 'Zone', 'value': 56}, 'value': 'Back'}, {'type': {'displayName': 'Length', 'value': 212}, 'value': '19.2'}, {'type': {'displayName': 'PassEndX', 'value': 140}, 'value': '34.9'}, {'type': {'displayName': 'PassEndY', 'value': 141}, 'value': '50.5'}]",True,,,,,
1910889,SecondHalf,86,22,91,Pass,Successful,42,Werder Bremen,420405.0,Senne Lynen,36.5,56.4,42.6,92.1,,,,,"[{'type': {'displayName': 'Zone', 'value': 56}, 'value': 'Back'}, {'type': {'displayName': 'PassEndY', 'value': 141}, 'value': '92.1'}, {'type': {'displayName': 'PassEndX', 'value': 140}, 'value': '42.6'}, {'type': {'displayName': 'Angle', 'value': 213}, 'value': '1.31'}, {'type': {'displayName': 'Length', 'value': 212}, 'value': '25.1'}]",True,,,,,
1910889,SecondHalf,86,25,91,Pass,Successful,42,Werder Bremen,301024.0,Max Wöber,56.9,91.6,80.4,73.9,,,,,"[{'type': {'displayName': 'Length', 'value': 212}, 'value': '27.5'}, {'type': {'displayName': 'Zone', 'value': 56}, 'value': 'Center'}, {'type': {'displayName': 'PassEndX', 'value': 140}, 'value': '80.4'}, {'type': {'displayName': 'PassEndY', 'value': 141}, 'value': '73.9'}, {'type': {'displayName': 'Angle', 'value': 213}, 'value': '5.83'}]",True,,,,,
1910889,SecondHalf,86,33,91,Pass,Successful,42,Werder Bremen,438066.0,Justin Njinmah,83.6,81.0,96.2,80.1,,,,,"[{'type': {'displayName': 'PassEndY', 'value': 141}, 'value': '80.1'}, {'type': {'displayName': 'Zone', 'value': 56}, 'value': 'Left'}, {'type': {'displayName': 'Angle', 'value': 213}, 'value': '6.24'}, {'type': {'displayName': 'PassEndX', 'value': 140}, 'value': '96.2'}, {'type': {'displayName': 'Length', 'value': 212}, 'value': '13.2'}]",True,,,,,
1910889,SecondHalf,86,36,91,Pass,Successful,42,Werder Bremen,301024.0,Max Wöber,93.6,83.0,95.5,55.0,,,,,"[{'type': {'displayName': 'Angle', 'value': 213}, 'value': '4.82'}, {'type': {'displayName': 'Chipped', 'value': 155}}, {'type': {'displayName': 'Zone', 'value': 56}, 'value': 'Center'}, {'type': {'displayName': 'LeftFoot', 'value': 72}}, {'type': {'displayName': 'PassEndY', 'value': 141}, 'value': '55.0'}, {'type': {'displayName': 'PassEndX', 'value': 140}, 'value': '95.5'}, {'type': {'displayName': 'IntentionalAssist', 'value': 154}}, {'type': {'displayName': 'Length', 'value': 212}, 'value': '19.1'}, {'type': {'displayName': 'ShotAssist', 'value': 210}, 'value': '15'}, {'type': {'displayName': 'Cross', 'value': 2}}, {'type': {'displayName': 'BigChanceCreated', 'value': 11112}}, {'type': {'displayName': 'KeyPass', 'value': 11113}}]",True,,,,,
1910889,SecondHalf,86,37,91,Aerial,Successful,42,Werder Bremen,385080.0,Marco Grüll,95.5,55.0,,,,,,,"[{'type': {'displayName': 'OppositeRelatedEvent', 'value': 233}, 'value': '1011'}, {'type': {'displayName': 'Zone', 'value': 56}, 'value': 'Center'}, {'type': {'displayName': 'Offensive', 'value': 286}}]",False,,,,,
1910889,SecondHalf,86,37,91,Aerial,Unsuccessful,1211,Hoffenheim,402697.0,Albian Hajdari,4.5,45.0,,,,,,,"[{'type': {'displayName': 'OppositeRelatedEvent', 'value': 233}, 'value': '629'}, {'type': {'displayName': 'Defensive', 'value': 285}}, {'type': {'displayName': 'Zone', 'value': 56}, 'value': 'Back'}]",False,,,,,
1910889,SecondHalf,86,37,91,SavedShot,Successful,42,Werder Bremen,385080.0,Marco Grüll,95.5,55.0,,,46.4,23.6,96.3,54.2,"[{'type': {'displayName': 'Zone', 'value': 56}, 'value': 'Center'}, {'type': {'displayName': 'IntentionalAssist', 'value': 154}}, {'type': {'displayName': 'RegularPlay', 'value': 22}}, {'type': {'displayName': 'SixYardBlock', 'value': 100}}, {'type': {'displayName': 'FirstTouch', 'value': 328}}, {'type': {'displayName': 'BigChance', 'value': 214}}, {'type': {'displayName': 'GoalMouthY', 'value': 102}, 'value': '46.4'}, {'type': {'displayName': 'RelatedEventId', 'value': 55}, 'value': '628'}, {'type': {'displayName': 'Blocked', 'value': 82}}, {'type': {'displayName': 'GoalMouthZ', 'value': 103}, 'value': '23.6'}, {'type': {'displayName': 'BlockedX', 'value': 146}, 'value': '96.3'}, {'type': {'displayName': 'Head', 'value': 15}}, {'type': {'displayName': 'HighRight', 'value': 81}}, {'type': {'displayName': 'OppositeRelatedEvent', 'value': 233}, 'value': '1012'}, {'type': {'displayName': 'SmallBoxCentre', 'value': 16}}, {'type': {'displayName': 'Assisted', 'value': 29}}, {'type': {'displayName': 'BlockedY', 'value': 147}, 'value': '54.2'}]",True,True,,,628.0,301024.0
1910889,SecondHalf,86,37,91,Save,Successful,1211,Hoffenheim,402697.0,Albian Hajdari,2.8,43.9,,,,,,,"[{'type': {'displayName': 'OppositeRelatedEvent', 'value': 233}, 'value': '630'}, {'type': {'displayName': 'Zone', 'value': 56}, 'value': 'Back'}, {'type': {'displayName': 'OutfielderBlock', 'value': 94}}]",True,,,,,
1910889,SecondHalf,86,39,91,CornerAwarded,Successful,42,Werder Bremen,385080.0,Marco Grüll,98.3,61.3,,,,,,,"[{'type': {'displayName': 'OppositeRelatedEvent', 'value': 233}, 'value': '1013'}, {'type': {'displayName': 'MissLeft', 'value': 73}}, {'type': {'displayName': 'Zone', 'value': 56}, 'value': 'Center'}]",False,,,,,
1910889,SecondHalf,86,39,91,CornerAwarded,Unsuccessful,1211,Hoffenheim,402697.0,Albian Hajdari,1.7,38.7,,,,,,,"[{'type': {'displayName': 'OppositeRelatedEvent', 'value': 233}, 'value': '631'}, {'type': {'displayName': 'MissLeft', 'value': 73}}, {'type': {'displayName': 'Zone', 'value': 56}, 'value': 'Back'}]",False,,,,,
1910889,SecondHalf,87,2,92,Card,Successful,42,Werder Bremen,438066.0,Justin Njinmah,0.0,0.0,,,,,,,"[{'type': {'displayName': 'Yellow', 'value': 31}}]",False,,,Yellow,,
1910889,SecondHalf,87,5,92,Card,Successful,42,Werder Bremen,,,0.0,0.0,,,,,,,"[{'type': {'displayName': 'Yellow', 'value': 31}}]",False,,,Yellow,,
1910889,SecondHalf,87,47,92,Pass,Unsuccessful,42,Werder Bremen,431791.0,Cameron Puertas,99.8,99.1,91.8,41.8,,,,,"[{'type': {'displayName': 'RightFoot', 'value': 20}}, {'type': {'displayName': 'Length', 'value': 212}, 'value': '39.9'}, {'type': {'displayName': 'Zone', 'value': 56}, 'value': 'Center'}, {'type': {'displayName': 'Chipped', 'value': 155}}, {'type': {'displayName': 'PassEndY', 'value': 141}, 'value': '41.8'}, {'type': {'displayName': 'PassEndX', 'value': 140}, 'value': '91.8'}, {'type': {'displayName': 'CornerTaken', 'value': 6}}, {'type': {'displayName': 'Longball', 'value': 1}}, {'type': {'displayName': 'Cross', 'value': 2}}, {'type': {'displayName': 'Angle', 'value': 213}, 'value': '4.50'}]",True,,,,,
1910889,SecondHalf,87,49,92,Clearance,Successful,1211,Hoffenheim,356743.0,Ozan Kabak,10.8,58.5,13.1,49.3,,,,,"[{'type': {'displayName': 'Length', 'value': 212}, 'value': '6.7'}, {'type': {'displayName': 'PassEndY', 'value': 141}, 'value': '49.3'}, {'type': {'displayName': 'PassEndX', 'value': 140}, 'value': '13.1'}, {'type': {'displayName': 'Angle', 'value': 213}, 'value': '5.08'}, {'type': {'displayName': 'Head', 'value': 15}}, {'type': {'displayName': 'Zone', 'value': 56}, 'value': 'Back'}]",True,,,,,
1910889,SecondHalf,87,50,92,Aerial,Successful,1211,Hoffenheim,510234.0,Leon Avdullahu,13.1,49.3,,,,,,,"[{'type': {'displayName': 'Zone', 'value': 56}, 'value': 'Back'}, {'type': {'displayName': 'OppositeRelatedEvent', 'value': 233}, 'value': '635'}, {'type': {'displayName': 'Defensive', 'value': 285}}]",False,,,,,
1910889,SecondHalf,87,50,92,Aerial,Unsuccessful,42,Werder Bremen,438066.0,Justin Njinmah,86.9,50.7,,,,,,,"[{'type': {'displayName': 'OppositeRelatedEvent', 'value': 233}, 'value': '1015'}, {'type': {'displayName': 'Offensive', 'value': 286}}, {'type': {'displayName': 'Zone', 'value': 56}, 'value': 'Center'}]",False,,,,,
1910889,SecondHalf,87,51,92,Clearance,Successful,1211,Hoffenheim,510234.0,Leon Avdullahu,13.1,49.3,22.9,49.0,,,,,"[{'type': {'displayName': 'Head', 'value': 15}}, {'type': {'displayName': 'PassEndX', 'value': 140}, 'value': '22.9'}, {'type': {'displayName': 'PassEndY', 'value': 141}, 'value': '49.0'}, {'type': {'displayName': 'Angle', 'value': 213}, 'value': '6.26'}, {'type': {'displayName': 'Zone', 'value': 56}, 'value': 'Back'}, {'type': {'displayName': 'Length', 'value': 212}, 'value': '10.3'}]",True,,,,,
1910889,SecondHalf,87,55,92,BallRecovery,Successful,1211,Hoffenheim,75217.0,Andrej Kramaric,25.4,50.8,,,,,,,[],False,,,,,
1910889,SecondHalf,87,55,92,Pass,Unsuccessful,1211,Hoffenheim,75217.0,Andrej Kramaric,25.4,50.8,61.6,60.4,,,,,"[{'type': {'displayName': 'Throughball', 'value': 4}}, {'type': {'displayName': 'Length', 'value': 212}, 'value': '38.6'}, {'type': {'displayName': 'Angle', 'value': 213}, 'value': '0.17'}, {'type': {'displayName': 'PassEndX', 'value': 140}, 'value': '61.6'}, {'type': {'displayName': 'Zone', 'value': 56}, 'value': 'Center'}, {'type': {'displayName': 'PassEndY', 'value': 141}, 'value': '60.4'}, {'type': {'displayName': 'Longball', 'value': 1}}]",True,,,,,
1910889,SecondHalf,87,56,92,KeeperSweeper,Successful,42,Werder Bremen,436119.0,Mio Backhaus,43.8,36.2,,,,,,,"[{'type': {'displayName': 'Zone', 'value': 56}, 'value': 'Back'}]",False,,,,,
1910889,SecondHalf,88,0,93,Clearance,Successful,42,Werder Bremen,436119.0,Mio Backhaus,45.1,35.5,100.0,10.5,,,,,"[{'type': {'displayName': 'Length', 'value': 212}, 'value': '62.1'}, {'type': {'displayName': 'PassEndY', 'value': 141}, 'value': '10.5'}, {'type': {'displayName': 'Angle', 'value': 213}, 'value': '6.01'}, {'type': {'displayName': 'Zone', 'value': 56}, 'value': 'Right'}, {'type': {'displayName': 'PassEndX', 'value': 140}, 'value': '100.0'}]",True,,,,,
1910889,SecondHalf,88,27,93,SubstitutionOff,Successful,1211,Hoffenheim,75217.0,Andrej Kramaric,0.0,0.0,,,,,,,"[{'type': {'displayName': 'PlayerPosition', 'value': 44}, 'value': 'Forward'}, {'type': {'displayName': 'RelatedEventId', 'value': 55}, 'value': '1021'}, {'type': {'displayName': 'JerseyNumber', 'value': 59}, 'value': '27'}]",False,,,,1021.0,278125.0
1910889,SecondHalf,88,27,93,SubstitutionOn,Successful,1211,Hoffenheim,278125.0,Grischa Prömel,0.0,0.0,,,,,,,"[{'type': {'displayName': 'FormationSlot', 'value': 145}, 'value': '10'}, {'type': {'displayName': 'PlayerPosition', 'value': 44}, 'value': 'Midfielder'}, {'type': {'displayName': 'JerseyNumber', 'value': 59}, 'value': '6'}, {'type': {'displayName': 'RelatedEventId', 'value': 55}, 'value': '1020'}]",False,,,,1020.0,75217.0
1910889,SecondHalf,88,35,93,SubstitutionOff,Successful,1211,Hoffenheim,428426.0,Fisnik Asllani,0.0,0.0,,,,,,,"[{'type': {'displayName': 'RelatedEventId', 'value': 55}, 'value': '1023'}, {'type': {'displayName': 'PlayerPosition', 'value': 44}, 'value': 'Forward'}, {'type': {'displayName': 'JerseyNumber', 'value': 59}, 'value': '11'}]",False,,,,1023.0,399385.0
1910889,SecondHalf,88,35,93,SubstitutionOn,Successful,1211,Hoffenheim,399385.0,Adam Hlozek,0.0,0.0,,,,,,,"[{'type': {'displayName': 'RelatedEventId', 'value': 55}, 'value': '1022'}, {'type': {'displayName': 'FormationSlot', 'value': 145}, 'value': '9'}, {'type': {'displayName': 'PlayerPosition', 'value': 44}, 'value': 'Forward'}, {'type': {'displayName': 'JerseyNumber', 'value': 59}, 'value': '23'}]",False,,,,1022.0,428426.0
1910889,SecondHalf,88,48,93,Pass,Successful,1211,Hoffenheim,77440.0,Oliver Baumann,3.2,56.4,17.9,47.8,,,,,"[{'type': {'displayName': 'GoalKick', 'value': 124}}, {'type': {'displayName': 'Angle', 'value': 213}, 'value': '5.92'}, {'type': {'displayName': 'Zone', 'value': 56}, 'value': 'Back'}, {'type': {'displayName': 'PassEndY', 'value': 141}, 'value': '47.8'}, {'type': {'displayName': 'PassEndX', 'value': 140}, 'value': '17.9'}, {'type': {'displayName': 'Length', 'value': 212}, 'value': '16.5'}]",True,,,,,
1910889,SecondHalf,88,53,93,Pass,Successful,1211,Hoffenheim,510234.0,Leon Avdullahu,19.4,50.7,22.1,90.9,,,,,"[{'type': {'displayName': 'PassEndY', 'value': 141}, 'value': '90.9'}, {'type': {'displayName': 'PassEndX', 'value': 140}, 'value': '22.1'}, {'type': {'displayName': 'Zone', 'value': 56}, 'value': 'Back'}, {'type': {'displayName': 'Angle', 'value': 213}, 'value': '1.47'}, {'type': {'displayName': 'Length', 'value': 212}, 'value': '27.5'}]",True,,,,,
1910889,SecondHalf,88,59,93,Pass,Unsuccessful,1211,Hoffenheim,402697.0,Albian Hajdari,22.2,91.0,76.3,92.5,,,,,"[{'type': {'displayName': 'Chipped', 'value': 155}}, {'type': {'displayName': 'Longball', 'value': 1}}, {'type': {'displayName': 'Length', 'value': 212}, 'value': '56.8'}, {'type': {'displayName': 'PassEndY', 'value': 141}, 'value': '92.5'}, {'type': {'displayName': 'Zone', 'value': 56}, 'value': 'Left'}, {'type': {'displayName': 'Angle', 'value': 213}, 'value': '0.02'}, {'type': {'displayName': 'PassEndX', 'value': 140}, 'value': '76.3'}]",True,,,,,
1910889,SecondHalf,89,1,94,BallTouch,Unsuccessful,42,Werder Bremen,333227.0,Marco Friedl,29.3,6.6,,,,,,,"[{'type': {'displayName': 'Zone', 'value': 56}, 'value': 'Back'}]",True,,,,,
1910889,SecondHalf,89,10,94,Pass,Successful,1211,Hoffenheim,278125.0,Grischa Prömel,80.5,100.0,67.8,94.2,,,,,"[{'type': {'displayName': 'Length', 'value': 212}, 'value': '14.1'}, {'type': {'displayName': 'PassEndX', 'value': 140}, 'value': '67.8'}, {'type': {'displayName': 'Zone', 'value': 56}, 'value': 'Left'}, {'type': {'displayName': 'Angle', 'value': 213}, 'value': '3.47'}, {'type': {'displayName': 'ThrowIn', 'value': 107}}, {'type': {'displayName': 'PassEndY', 'value': 141}, 'value': '94.2'}]",True,,,,,
1910889,SecondHalf,89,16,94,Pass,Unsuccessful,1211,Hoffenheim,418588.0,Alexander Prass,82.4,65.1,85.7,64.9,,,,,"[{'type': {'displayName': 'Offensive', 'value': 286}}, {'type': {'displayName': 'PassEndY', 'value': 141}, 'value': '64.9'}, {'type': {'displayName': 'OppositeRelatedEvent', 'value': 233}, 'value': '641'}, {'type': {'displayName': 'Angle', 'value': 213}, 'value': '6.24'}, {'type': {'displayName': 'Length', 'value': 212}, 'value': '3.5'}, {'type': {'displayName': 'Zone', 'value': 56}, 'value': 'Center'}, {'type': {'displayName': 'PassEndX', 'value': 140}, 'value': '85.7'}]",True,,,,,
1910889,SecondHalf,89,16,94,BlockedPass,Successful,42,Werder Bremen,333227.0,Marco Friedl,14.3,35.1,,,,,,,"[{'type': {'displayName': 'Defensive', 'value': 285}}, {'type': {'displayName': 'OppositeRelatedEvent', 'value': 233}, 'value': '1030'}, {'type': {'displayName': 'Zone', 'value': 56}, 'value': 'Back'}]",True,,,,,
1910889,SecondHalf,89,19,94,BallRecovery,Successful,42,Werder Bremen,420405.0,Senne Lynen,25.3,33.7,,,,,,,[],False,,,,,
1910889,SecondHalf,89,19,94,Pass,Successful,42,Werder Bremen,420405.0,Senne Lynen,25.9,35.2,27.8,50.2,,,,,"[{'type': {'displayName': 'PassEndY', 'value': 141}, 'value': '50.2'}, {'type': {'displayName': 'Zone', 'value': 56}, 'value': 'Back'}, {'type': {'displayName': 'PassEndX', 'value': 140}, 'value': '27.8'}, {'type': {'displayName': 'Length', 'value': 212}, 'value': '10.4'}, {'type': {'displayName': 'Angle', 'value': 213}, 'value': '1.38'}]",True,,,,,
1910889,SecondHalf,89,20,94,Pass,Unsuccessful,42,Werder Bremen,468855.0,Samuel Mbangula,27.8,50.2,51.1,38.4,,,,,"[{'type': {'displayName': 'PassEndY', 'value': 141}, 'value': '38.4'}, {'type': {'displayName': 'PassEndX', 'value': 140}, 'value': '51.1'}, {'type': {'displayName': 'Length', 'value': 212}, 'value': '25.7'}, {'type': {'displayName': 'Angle', 'value': 213}, 'value': '5.97'}, {'type': {'displayName': 'Zone', 'value': 56}, 'value': 'Center'}, {'type': {'displayName': 'Chipped', 'value': 155}}]",True,,,,,
1910889,SecondHalf,89,21,94,Interception,Successful,1211,Hoffenheim,510234.0,Leon Avdullahu,48.9,61.6,,,,,,,"[{'type': {'displayName': 'Zone', 'value': 56}, 'value': 'Back'}]",True,,,,,
1910889,SecondHalf,89,22,94,Pass,Successful,1211,Hoffenheim,361878.0,Wouter Burger,62.4,61.3,62.4,69.1,,,,,"[{'type': {'displayName': 'Zone', 'value': 56}, 'value': 'Center'}, {'type': {'displayName': 'PassEndX', 'value': 140}, 'value': '62.4'}, {'type': {'displayName': 'Length', 'value': 212}, 'value': '5.3'}, {'type': {'displayName': 'PassEndY', 'value': 141}, 'value': '69.1'}, {'type': {'displayName': 'Angle', 'value': 213}, 'value': '1.57'}]",True,,,,,
1910889,SecondHalf,89,23,94,BallRecovery,Successful,1211,Hoffenheim,402697.0,Albian Hajdari,62.5,69.1,,,,,,,[],False,,,,,
1910889,SecondHalf,89,23,94,Pass,Successful,1211,Hoffenheim,402697.0,Albian Hajdari,62.5,69.1,66.4,61.8,,,,,"[{'type': {'displayName': 'Length', 'value': 212}, 'value': '6.4'}, {'type': {'displayName': 'Zone', 'value': 56}, 'value': 'Center'}, {'type': {'displayName': 'PassEndY', 'value': 141}, 'value': '61.8'}, {'type': {'displayName': 'PassEndX', 'value': 140}, 'value': '66.4'}, {'type': {'displayName': 'Angle', 'value': 213}, 'value': '5.40'}]",True,,,,,
1910889,SecondHalf,89,26,94,Pass,Successful,1211,Hoffenheim,278125.0,Grischa Prömel,67.5,65.5,69.0,83.5,,,,,"[{'type': {'displayName': 'Length', 'value': 212}, 'value': '12.3'}, {'type': {'displayName': 'Zone', 'value': 56}, 'value': 'Left'}, {'type': {'displayName': 'PassEndY', 'value': 141}, 'value': '83.5'}, {'type': {'displayName': 'PassEndX', 'value': 140}, 'value': '69.0'}, {'type': {'displayName': 'Angle', 'value': 213}, 'value': '1.44'}]",True,,,,,
1910889,SecondHalf,89,29,94,Pass,Successful,1211,Hoffenheim,418588.0,Alexander Prass,68.8,83.8,70.9,67.8,,,,,"[{'type': {'displayName': 'Angle', 'value': 213}, 'value': '4.91'}, {'type': {'displayName': 'PassEndY', 'value': 141}, 'value': '67.8'}, {'type': {'displayName': 'Length', 'value': 212}, 'value': '11.1'}, {'type': {'displayName': 'Zone', 'value': 56}, 'value': 'Center'}, {'type': {'displayName': 'PassEndX', 'value': 140}, 'value': '70.9'}]",True,,,,,
1910889,SecondHalf,89,31,94,Pass,Successful,1211,Hoffenheim,278125.0,Grischa Prömel,72.7,68.8,93.4,79.0,,,,,"[{'type': {'displayName': 'PassEndX', 'value': 140}, 'value': '93.4'}, {'type': {'displayName': 'Length', 'value': 212}, 'value': '22.8'}, {'type': {'displayName': 'Angle', 'value': 213}, 'value': '0.31'}, {'type': {'displayName': 'Zone', 'value': 56}, 'value': 'Left'}, {'type': {'displayName': 'PassEndY', 'value': 141}, 'value': '79.0'}]",True,,,,,
1910889,SecondHalf,89,35,94,Pass,Unsuccessful,1211,Hoffenheim,402697.0,Albian Hajdari,97.0,73.3,95.2,55.9,,,,,"[{'type': {'displayName': 'Angle', 'value': 213}, 'value': '4.55'}, {'type': {'displayName': 'PassEndX', 'value': 140}, 'value': '95.2'}, {'type': {'displayName': 'Zone', 'value': 56}, 'value': 'Center'}, {'type': {'displayName': 'Length', 'value': 212}, 'value': '12.0'}, {'type': {'displayName': 'PassEndY', 'value': 141}, 'value': '55.9'}]",True,,,,,
1910889,SecondHalf,89,37,94,Clearance,Successful,42,Werder Bremen,436119.0,Mio Backhaus,3.4,43.8,7.2,43.3,,,,,"[{'type': {'displayName': 'Zone', 'value': 56}, 'value': 'Back'}, {'type': {'displayName': 'Angle', 'value': 213}, 'value': '6.20'}, {'type': {'displayName': 'Length', 'value': 212}, 'value': '4.0'}, {'type': {'displayName': 'PassEndX', 'value': 140}, 'value': '7.2'}, {'type': {'displayName': 'PassEndY', 'value': 141}, 'value': '43.3'}]",True,,,,,
1910889,SecondHalf,89,38,94,Clearance,Successful,42,Werder Bremen,301024.0,Max Wöber,8.2,44.3,5.9,36.7,,,,,"[{'type': {'displayName': 'PassEndX', 'value': 140}, 'value': '5.9'}, {'type': {'displayName': 'Zone', 'value': 56}, 'value': 'Back'}, {'type': {'displayName': 'PassEndY', 'value': 141}, 'value': '36.7'}, {'type': {'displayName': 'Angle', 'value': 213}, 'value': '4.28'}, {'type': {'displayName': 'Length', 'value': 212}, 'value': '5.7'}]",True,,,,,
1910889,SecondHalf,89,39,94,Clearance,Successful,42,Werder Bremen,420405.0,Senne Lynen,5.7,36.2,23.5,38.6,,,,,"[{'type': {'displayName': 'Angle', 'value': 213}, 'value': '0.09'}, {'type': {'displayName': 'PassEndY', 'value': 141}, 'value': '38.6'}, {'type': {'displayName': 'Length', 'value': 212}, 'value': '18.8'}, {'type': {'displayName': 'Zone', 'value': 56}, 'value': 'Back'}, {'type': {'displayName': 'PassEndX', 'value': 140}, 'value': '23.5'}]",True,,,,,
1910889,SecondHalf,89,40,94,Pass,Successful,1211,Hoffenheim,361878.0,Wouter Burger,75.8,65.1,78.0,97.0,,,,,"[{'type': {'displayName': 'HeadPass', 'value': 3}}, {'type': {'displayName': 'Angle', 'value': 213}, 'value': '1.46'}, {'type': {'displayName': 'Length', 'value': 212}, 'value': '21.8'}, {'type': {'displayName': 'PassEndX', 'value': 140}, 'value': '78.0'}, {'type': {'displayName': 'Zone', 'value': 56}, 'value': 'Left'}, {'type': {'displayName': 'PassEndY', 'value': 141}, 'value': '97.0'}]",True,,,,,
1910889,SecondHalf,89,45,94,Pass,Successful,1211,Hoffenheim,418588.0,Alexander Prass,78.0,96.9,68.4,91.9,,,,,"[{'type': {'displayName': 'Zone', 'value': 56}, 'value': 'Left'}, {'type': {'displayName': 'Length', 'value': 212}, 'value': '10.6'}, {'type': {'displayName': 'Angle', 'value': 213}, 'value': '3.47'}, {'type': {'displayName': 'PassEndY', 'value': 141}, 'value': '91.9'}, {'type': {'displayName': 'PassEndX', 'value': 140}, 'value': '68.4'}]",True,,,,,
1910889,SecondHalf,89,50,94,Pass,Successful,1211,Hoffenheim,510234.0,Leon Avdullahu,72.8,79.5,72.8,75.4,,,,,"[{'type': {'displayName': 'PassEndY', 'value': 141}, 'value': '75.4'}, {'type': {'displayName': 'PassEndX', 'value': 140}, 'value': '72.8'}, {'type': {'displayName': 'Zone', 'value': 56}, 'value': 'Center'}, {'type': {'displayName': 'Angle', 'value': 213}, 'value': '4.71'}, {'type': {'displayName': 'Length', 'value': 212}, 'value': '2.8'}]",True,,,,,
1910889,SecondHalf,89,51,94,Pass,Successful,1211,Hoffenheim,361878.0,Wouter Burger,72.8,75.4,71.7,83.1,,,,,"[{'type': {'displayName': 'Angle', 'value': 213}, 'value': '1.79'}, {'type': {'displayName': 'Length', 'value': 212}, 'value': '5.4'}, {'type': {'displayName': 'PassEndX', 'value': 140}, 'value': '71.7'}, {'type': {'displayName': 'PassEndY', 'value': 141}, 'value': '83.1'}, {'type': {'displayName': 'Zone', 'value': 56}, 'value': 'Left'}]",True,,,,,
1910889,SecondHalf,89,52,94,Pass,Successful,1211,Hoffenheim,510234.0,Leon Avdullahu,71.7,83.1,77.2,64.9,,,,,"[{'type': {'displayName': 'PassEndX', 'value': 140}, 'value': '77.2'}, {'type': {'displayName': 'Zone', 'value': 56}, 'value': 'Center'}, {'type': {'displayName': 'PassEndY', 'value': 141}, 'value': '64.9'}, {'type': {'displayName': 'Angle', 'value': 213}, 'value': '5.15'}, {'type': {'displayName': 'Length', 'value': 212}, 'value': '13.7'}]",True,,,,,
1910889,SecondHalf,89,58,94,Pass,Successful,1211,Hoffenheim,278125.0,Grischa Prömel,77.8,47.5,91.2,18.7,,,,,"[{'type': {'displayName': 'PassEndX', 'value': 140}, 'value': '91.2'}, {'type': {'displayName': 'Zone', 'value': 56}, 'value': 'Right'}, {'type': {'displayName': 'PassEndY', 'value': 141}, 'value': '18.7'}, {'type': {'displayName': 'Length', 'value': 212}, 'value': '24.1'}, {'type': {'displayName': 'Angle', 'value': 213}, 'value': '5.34'}]",True,,,,,
1910889,SecondHalf,90,0,95,Pass,Unsuccessful,1211,Hoffenheim,111372.0,Vladimír Coufal,91.3,18.7,91.6,54.7,,,,,"[{'type': {'displayName': 'Chipped', 'value': 155}}, {'type': {'displayName': 'Angle', 'value': 213}, 'value': '1.56'}, {'type': {'displayName': 'PassEndX', 'value': 140}, 'value': '91.6'}, {'type': {'displayName': 'Cross', 'value': 2}}, {'type': {'displayName': 'PassEndY', 'value': 141}, 'value': '54.7'}, {'type': {'displayName': 'Zone', 'value': 56}, 'value': 'Center'}, {'type': {'displayName': 'Length', 'value': 212}, 'value': '24.5'}, {'type': {'displayName': 'RightFoot', 'value': 20}}]",True,,,,,
1910889,SecondHalf,90,2,95,Clearance,Successful,42,Werder Bremen,368176.0,Amos Pieper,7.4,44.6,31.3,57.4,,,,,"[{'type': {'displayName': 'Length', 'value': 212}, 'value': '26.6'}, {'type': {'displayName': 'Head', 'value': 15}}, {'type': {'displayName': 'PassEndY', 'value': 141}, 'value': '57.4'}, {'type': {'displayName': 'Zone', 'value': 56}, 'value': 'Back'}, {'type': {'displayName': 'Angle', 'value': 213}, 'value': '0.33'}, {'type': {'displayName': 'PassEndX', 'value': 140}, 'value': '31.3'}]",True,,,,,
1910889,SecondHalf,90,6,95,Pass,Successful,1211,Hoffenheim,361878.0,Wouter Burger,69.4,34.3,76.1,5.8,,,,,"[{'type': {'displayName': 'Zone', 'value': 56}, 'value': 'Right'}, {'type': {'displayName': 'Length', 'value': 212}, 'value': '20.6'}, {'type': {'displayName': 'PassEndX', 'value': 140}, 'value': '76.1'}, {'type': {'displayName': 'PassEndY', 'value': 141}, 'value': '5.8'}, {'type': {'displayName': 'Angle', 'value': 213}, 'value': '5.06'}]",True,,,,,
1910889,SecondHalf,90,8,95,Pass,Successful,1211,Hoffenheim,111372.0,Vladimír Coufal,76.2,6.0,73.9,18.3,,,,,"[{'type': {'displayName': 'PassEndY', 'value': 141}, 'value': '18.3'}, {'type': {'displayName': 'Length', 'value': 212}, 'value': '8.7'}, {'type': {'displayName': 'Zone', 'value': 56}, 'value': 'Right'}, {'type': {'displayName': 'PassEndX', 'value': 140}, 'value': '73.9'}, {'type': {'displayName': 'Angle', 'value': 213}, 'value': '1.85'}]",True,,,,,
1910889,SecondHalf,90,10,95,Pass,Successful,1211,Hoffenheim,361878.0,Wouter Burger,72.5,18.3,64.0,51.6,,,,,"[{'type': {'displayName': 'Length', 'value': 212}, 'value': '24.3'}, {'type': {'displayName': 'Angle', 'value': 213}, 'value': '1.95'}, {'type': {'displayName': 'PassEndX', 'value': 140}, 'value': '64.0'}, {'type': {'displayName': 'PassEndY', 'value': 141}, 'value': '51.6'}, {'type': {'displayName': 'Zone', 'value': 56}, 'value': 'Center'}]",True,,,,,
1910889,SecondHalf,90,15,95,Pass,Successful,1211,Hoffenheim,510234.0,Leon Avdullahu,69.0,52.3,74.6,32.7,,,,,"[{'type': {'displayName': 'Length', 'value': 212}, 'value': '14.6'}, {'type': {'displayName': 'Angle', 'value': 213}, 'value': '5.13'}, {'type': {'displayName': 'PassEndX', 'value': 140}, 'value': '74.6'}, {'type': {'displayName': 'PassEndY', 'value': 141}, 'value': '32.7'}, {'type': {'displayName': 'Zone', 'value': 56}, 'value': 'Center'}]",True,,,,,
1910889,SecondHalf,90,18,95,Pass,Successful,1211,Hoffenheim,513605.0,Cole Campbell,74.4,33.0,68.3,16.8,,,,,"[{'type': {'displayName': 'Angle', 'value': 213}, 'value': '4.19'}, {'type': {'displayName': 'Length', 'value': 212}, 'value': '12.7'}, {'type': {'displayName': 'PassEndX', 'value': 140}, 'value': '68.3'}, {'type': {'displayName': 'Zone', 'value': 56}, 'value': 'Right'}, {'type': {'displayName': 'PassEndY', 'value': 141}, 'value': '16.8'}]",True,,,,,
1910889,SecondHalf,90,20,95,Pass,Successful,1211,Hoffenheim,361878.0,Wouter Burger,69.6,17.1,82.8,9.9,,,,,"[{'type': {'displayName': 'Zone', 'value': 56}, 'value': 'Right'}, {'type': {'displayName': 'PassEndY', 'value': 141}, 'value': '9.9'}, {'type': {'displayName': 'PassEndX', 'value': 140}, 'value': '82.8'}, {'type': {'displayName': 'Angle', 'value': 213}, 'value': '5.94'}, {'type': {'displayName': 'Length', 'value': 212}, 'value': '14.7'}]",True,,,,,
1910889,SecondHalf,90,23,95,Dispossessed,Successful,1211,Hoffenheim,513605.0,Cole Campbell,78.5,6.9,,,,,,,"[{'type': {'displayName': 'Zone', 'value': 56}, 'value': 'Right'}, {'type': {'displayName': 'Offensive', 'value': 286}}, {'type': {'displayName': 'OppositeRelatedEvent', 'value': 233}, 'value': '650'}]",True,,,,,
1910889,SecondHalf,90,23,95,Tackle,Successful,42,Werder Bremen,407284.0,Olivier Deman,21.4,93.0,,,,,,,"[{'type': {'displayName': 'Zone', 'value': 56}, 'value': 'Back'}, {'type': {'displayName': 'Defensive', 'value': 285}}, {'type': {'displayName': 'OppositeRelatedEvent', 'value': 233}, 'value': '1052'}, {'type': {'displayName': 'StandingSave', 'value': 178}}]",True,,,,,
1910889,SecondHalf,90,46,95,Pass,Successful,1211,Hoffenheim,111372.0,Vladimír Coufal,67.1,0.0,56.9,17.4,,,,,"[{'type': {'displayName': 'PassEndX', 'value': 140}, 'value': '56.9'}, {'type': {'displayName': 'ThrowIn', 'value': 107}}, {'type': {'displayName': 'PassEndY', 'value': 141}, 'value': '17.4'}, {'type': {'displayName': 'Angle', 'value': 213}, 'value': '2.28'}, {'type': {'displayName': 'Zone', 'value': 56}, 'value': 'Right'}, {'type': {'displayName': 'Length', 'value': 212}, 'value': '16.4'}]",True,,,,,
1910889,SecondHalf,90,52,95,Pass,Successful,1211,Hoffenheim,361878.0,Wouter Burger,56.8,17.7,34.3,17.5,,,,,"[{'type': {'displayName': 'PassEndX', 'value': 140}, 'value': '34.3'}, {'type': {'displayName': 'PassEndY', 'value': 141}, 'value': '17.5'}, {'type': {'displayName': 'Angle', 'value': 213}, 'value': '3.15'}, {'type': {'displayName': 'Length', 'value': 212}, 'value': '23.6'}, {'type': {'displayName': 'Zone', 'value': 56}, 'value': 'Back'}]",True,,,,,
1910889,SecondHalf,90,53,95,Pass,Successful,1211,Hoffenheim,428031.0,Robin Hranác,34.3,17.5,25.4,48.6,,,,,"[{'type': {'displayName': 'Length', 'value': 212}, 'value': '23.1'}, {'type': {'displayName': 'Angle', 'value': 213}, 'value': '1.99'}, {'type': {'displayName': 'PassEndX', 'value': 140}, 'value': '25.4'}, {'type': {'displayName': 'PassEndY', 'value': 141}, 'value': '48.6'}, {'type': {'displayName': 'Zone', 'value': 56}, 'value': 'Back'}]",True,,,,,
1910889,SecondHalf,90,55,95,Pass,Successful,1211,Hoffenheim,77440.0,Oliver Baumann,24.5,48.7,29.8,37.8,,,,,"[{'type': {'displayName': 'Zone', 'value': 56}, 'value': 'Back'}, {'type': {'displayName': 'PassEndX', 'value': 140}, 'value': '29.8'}, {'type': {'displayName': 'Angle', 'value': 213}, 'value': '5.36'}, {'type': {'displayName': 'PassEndY', 'value': 141}, 'value': '37.8'}, {'type': {'displayName': 'Length', 'value': 212}, 'value': '9.3'}]",True,,,,,
1910889,SecondHalf,90,56,95,Pass,Successful,1211,Hoffenheim,356743.0,Ozan Kabak,29.8,37.5,33.3,15.3,,,,,"[{'type': {'displayName': 'PassEndX', 'value': 140}, 'value': '33.3'}, {'type': {'displayName': 'Zone', 'value': 56}, 'value': 'Back'}, {'type': {'displayName': 'Length', 'value': 212}, 'value': '15.5'}, {'type': {'displayName': 'Angle', 'value': 213}, 'value': '4.95'}, {'type': {'displayName': 'PassEndY', 'value': 141}, 'value': '15.3'}]",True,,,,,
1910889,SecondHalf,90,57,95,Pass,Successful,1211,Hoffenheim,428031.0,Robin Hranác,33.3,14.7,38.6,10.5,,,,,"[{'type': {'displayName': 'Zone', 'value': 56}, 'value': 'Back'}, {'type': {'displayName': 'PassEndX', 'value': 140}, 'value': '38.6'}, {'type': {'displayName': 'Length', 'value': 212}, 'value': '6.3'}, {'type': {'displayName': 'PassEndY', 'value': 141}, 'value': '10.5'}, {'type': {'displayName': 'Angle', 'value': 213}, 'value': '5.81'}]",True,,,,,
1910889,SecondHalf,90,59,95,Dispossessed,Successful,1211,Hoffenheim,111372.0,Vladimír Coufal,39.4,8.1,,,,,,,"[{'type': {'displayName': 'Offensive', 'value': 286}}, {'type': {'displayName': 'Zone', 'value': 56}, 'value': 'Back'}, {'type': {'displayName': 'OppositeRelatedEvent', 'value': 233}, 'value': '652'}]",True,,,,,
1910889,SecondHalf,90,59,95,Tackle,Successful,42,Werder Bremen,407284.0,Olivier Deman,60.6,91.9,,,,,,,"[{'type': {'displayName': 'Defensive', 'value': 285}}, {'type': {'displayName': 'StandingSave', 'value': 178}}, {'type': {'displayName': 'OppositeRelatedEvent', 'value': 233}, 'value': '1061'}, {'type': {'displayName': 'Zone', 'value': 56}, 'value': 'Left'}]",True,,,,,
1910889,SecondHalf,91,18,96,Pass,Successful,1211,Hoffenheim,77440.0,Oliver Baumann,3.8,43.2,22.0,84.4,,,,,"[{'type': {'displayName': 'PassEndY', 'value': 141}, 'value': '84.4'}, {'type': {'displayName': 'Angle', 'value': 213}, 'value': '0.97'}, {'type': {'displayName': 'Longball', 'value': 1}}, {'type': {'displayName': 'GoalKick', 'value': 124}}, {'type': {'displayName': 'Zone', 'value': 56}, 'value': 'Back'}, {'type': {'displayName': 'Length', 'value': 212}, 'value': '33.9'}, {'type': {'displayName': 'PassEndX', 'value': 140}, 'value': '22.0'}]",True,,,,,
1910889,SecondHalf,91,19,96,Pass,Successful,1211,Hoffenheim,402697.0,Albian Hajdari,21.9,84.1,25.8,90.9,,,,,"[{'type': {'displayName': 'Length', 'value': 212}, 'value': '6.2'}, {'type': {'displayName': 'PassEndX', 'value': 140}, 'value': '25.8'}, {'type': {'displayName': 'Angle', 'value': 213}, 'value': '0.85'}, {'type': {'displayName': 'PassEndY', 'value': 141}, 'value': '90.9'}, {'type': {'displayName': 'Zone', 'value': 56}, 'value': 'Back'}]",True,,,,,
1910889,SecondHalf,91,23,96,Challenge,Unsuccessful,42,Werder Bremen,385080.0,Marco Grüll,74.8,8.2,,,,,,,"[{'type': {'displayName': 'Zone', 'value': 56}, 'value': 'Right'}, {'type': {'displayName': 'OppositeRelatedEvent', 'value': 233}, 'value': '1119'}, {'type': {'displayName': 'Offensive', 'value': 286}}]",False,,,,,
1910889,SecondHalf,91,23,96,TakeOn,Successful,1211,Hoffenheim,510234.0,Leon Avdullahu,25.1,91.8,,,,,,,"[{'type': {'displayName': 'Defensive', 'value': 285}}, {'type': {'displayName': 'OppositeRelatedEvent', 'value': 233}, 'value': '653'}, {'type': {'displayName': 'Zone', 'value': 56}, 'value': 'Back'}]",True,,,,,
1910889,SecondHalf,91,24,96,Pass,Successful,1211,Hoffenheim,510234.0,Leon Avdullahu,28.3,94.3,19.7,80.5,,,,,"[{'type': {'displayName': 'PassEndX', 'value': 140}, 'value': '19.7'}, {'type': {'displayName': 'Length', 'value': 212}, 'value': '13.0'}, {'type': {'displayName': 'Angle', 'value': 213}, 'value': '3.95'}, {'type': {'displayName': 'Zone', 'value': 56}, 'value': 'Back'}, {'type': {'displayName': 'PassEndY', 'value': 141}, 'value': '80.5'}]",True,,,,,
1910889,SecondHalf,91,27,96,Pass,Successful,1211,Hoffenheim,402697.0,Albian Hajdari,19.8,84.4,41.3,82.9,,,,,"[{'type': {'displayName': 'Zone', 'value': 56}, 'value': 'Back'}, {'type': {'displayName': 'Longball', 'value': 1}}, {'type': {'displayName': 'PassEndY', 'value': 141}, 'value': '82.9'}, {'type': {'displayName': 'Length', 'value': 212}, 'value': '22.6'}, {'type': {'displayName': 'PassEndX', 'value': 140}, 'value': '41.3'}, {'type': {'displayName': 'Angle', 'value': 213}, 'value': '6.24'}]",True,,,,,
1910889,SecondHalf,91,29,96,Pass,Successful,1211,Hoffenheim,399385.0,Adam Hlozek,42.9,80.7,37.2,88.0,,,,,"[{'type': {'displayName': 'PassEndY', 'value': 141}, 'value': '88.0'}, {'type': {'displayName': 'Zone', 'value': 56}, 'value': 'Back'}, {'type': {'displayName': 'Length', 'value': 212}, 'value': '7.8'}, {'type': {'displayName': 'PassEndX', 'value': 140}, 'value': '37.2'}, {'type': {'displayName': 'Angle', 'value': 213}, 'value': '2.45'}, {'type': {'displayName': 'LayOff', 'value': 156}}]",True,,,,,
1910889,SecondHalf,91,29,96,Pass,Successful,1211,Hoffenheim,418588.0,Alexander Prass,41.0,76.6,40.4,67.3,,,,,"[{'type': {'displayName': 'Length', 'value': 212}, 'value': '6.4'}, {'type': {'displayName': 'Angle', 'value': 213}, 'value': '4.61'}, {'type': {'displayName': 'Zone', 'value': 56}, 'value': 'Back'}, {'type': {'displayName': 'PassEndX', 'value': 140}, 'value': '40.4'}, {'type': {'displayName': 'PassEndY', 'value': 141}, 'value': '67.3'}]",True,,,,,
1910889,SecondHalf,91,36,96,Foul,Successful,1211,Hoffenheim,278125.0,Grischa Prömel,39.8,55.9,,,,,,,"[{'type': {'displayName': 'OppositeRelatedEvent', 'value': 233}, 'value': '656'}, {'type': {'displayName': 'Zone', 'value': 56}, 'value': 'Back'}, {'type': {'displayName': 'Offensive', 'value': 286}}, {'type': {'displayName': 'Foul', 'value': 13}}]",True,,,,,
1910889,SecondHalf,91,36,96,Foul,Unsuccessful,42,Werder Bremen,431791.0,Cameron Puertas,60.2,44.1,,,,,,,"[{'type': {'displayName': 'Zone', 'value': 56}, 'value': 'Center'}, {'type': {'displayName': 'StandingSave', 'value': 178}}, {'type': {'displayName': 'Defensive', 'value': 285}}, {'type': {'displayName': 'Foul', 'value': 13}}, {'type': {'displayName': 'OppositeRelatedEvent', 'value': 233}, 'value': '1069'}]",False,,,,,
1910889,SecondHalf,91,50,96,Pass,Successful,1211,Hoffenheim,402697.0,Albian Hajdari,47.4,60.1,56.1,57.3,,,,,"[{'type': {'displayName': 'FreekickTaken', 'value': 5}}, {'type': {'displayName': 'Length', 'value': 212}, 'value': '9.3'}, {'type': {'displayName': 'Zone', 'value': 56}, 'value': 'Center'}, {'type': {'displayName': 'Angle', 'value': 213}, 'value': '6.08'}, {'type': {'displayName': 'PassEndY', 'value': 141}, 'value': '57.3'}, {'type': {'displayName': 'PassEndX', 'value': 140}, 'value': '56.1'}]",True,,,,,
1910889,SecondHalf,91,50,96,Pass,Successful,1211,Hoffenheim,278125.0,Grischa Prömel,56.1,57.3,54.7,75.0,,,,,"[{'type': {'displayName': 'PassEndY', 'value': 141}, 'value': '75.0'}, {'type': {'displayName': 'Zone', 'value': 56}, 'value': 'Center'}, {'type': {'displayName': 'Angle', 'value': 213}, 'value': '1.69'}, {'type': {'displayName': 'PassEndX', 'value': 140}, 'value': '54.7'}, {'type': {'displayName': 'Length', 'value': 212}, 'value': '12.1'}]",True,,,,,
1910889,SecondHalf,91,54,96,Pass,Successful,1211,Hoffenheim,510234.0,Leon Avdullahu,54.9,75.1,64.0,76.3,,,,,"[{'type': {'displayName': 'Zone', 'value': 56}, 'value': 'Center'}, {'type': {'displayName': 'PassEndY', 'value': 141}, 'value': '76.3'}, {'type': {'displayName': 'Angle', 'value': 213}, 'value': '0.09'}, {'type': {'displayName': 'PassEndX', 'value': 140}, 'value': '64.0'}, {'type': {'displayName': 'Length', 'value': 212}, 'value': '9.6'}]",True,,,,,
1910889,SecondHalf,91,57,96,Pass,Successful,1211,Hoffenheim,399385.0,Adam Hlozek,73.1,88.5,75.5,81.8,,,,,"[{'type': {'displayName': 'PassEndX', 'value': 140}, 'value': '75.5'}, {'type': {'displayName': 'PassEndY', 'value': 141}, 'value': '81.8'}, {'type': {'displayName': 'Zone', 'value': 56}, 'value': 'Left'}, {'type': {'displayName': 'Angle', 'value': 213}, 'value': '5.22'}, {'type': {'displayName': 'Length', 'value': 212}, 'value': '5.2'}]",True,,,,,
1910889,SecondHalf,91,58,96,Pass,Unsuccessful,1211,Hoffenheim,278125.0,Grischa Prömel,87.3,76.9,89.3,73.3,,,,,"[{'type': {'displayName': 'Chipped', 'value': 155}}, {'type': {'displayName': 'Zone', 'value': 56}, 'value': 'Center'}, {'type': {'displayName': 'Angle', 'value': 213}, 'value': '5.42'}, {'type': {'displayName': 'Length', 'value': 212}, 'value': '3.2'}, {'type': {'displayName': 'PassEndY', 'value': 141}, 'value': '73.3'}, {'type': {'displayName': 'PassEndX', 'value': 140}, 'value': '89.3'}]",True,,,,,
1910889,SecondHalf,91,59,96,BallTouch,Successful,42,Werder Bremen,333227.0,Marco Friedl,13.8,27.1,,,,,,,"[{'type': {'displayName': 'Zone', 'value': 56}, 'value': 'Back'}]",True,,,,,
1910889,SecondHalf,92,0,97,BallRecovery,Successful,42,Werder Bremen,431791.0,Cameron Puertas,14.5,24.5,,,,,,,[],False,,,,,
1910889,SecondHalf,92,0,97,Pass,Successful,42,Werder Bremen,431791.0,Cameron Puertas,12.4,21.9,10.1,22.2,,,,,"[{'type': {'displayName': 'Zone', 'value': 56}, 'value': 'Back'}, {'type': {'displayName': 'Angle', 'value': 213}, 'value': '3.06'}, {'type': {'displayName': 'Length', 'value': 212}, 'value': '2.4'}, {'type': {'displayName': 'PassEndX', 'value': 140}, 'value': '10.1'}, {'type': {'displayName': 'PassEndY', 'value': 141}, 'value': '22.2'}]",True,,,,,
1910889,SecondHalf,92,1,97,Pass,Successful,42,Werder Bremen,368176.0,Amos Pieper,8.7,23.4,38.8,36.5,,,,,"[{'type': {'displayName': 'Angle', 'value': 213}, 'value': '0.27'}, {'type': {'displayName': 'Length', 'value': 212}, 'value': '32.8'}, {'type': {'displayName': 'Zone', 'value': 56}, 'value': 'Back'}, {'type': {'displayName': 'PassEndX', 'value': 140}, 'value': '38.8'}, {'type': {'displayName': 'Longball', 'value': 1}}, {'type': {'displayName': 'PassEndY', 'value': 141}, 'value': '36.5'}]",True,,,,,
1910889,SecondHalf,92,4,97,Pass,Successful,42,Werder Bremen,438066.0,Justin Njinmah,39.6,36.4,39.4,33.8,,,,,"[{'type': {'displayName': 'LayOff', 'value': 156}}, {'type': {'displayName': 'PassEndX', 'value': 140}, 'value': '39.4'}, {'type': {'displayName': 'Zone', 'value': 56}, 'value': 'Back'}, {'type': {'displayName': 'Length', 'value': 212}, 'value': '1.8'}, {'type': {'displayName': 'HeadPass', 'value': 3}}, {'type': {'displayName': 'PassEndY', 'value': 141}, 'value': '33.8'}, {'type': {'displayName': 'Angle', 'value': 213}, 'value': '4.59'}]",True,,,,,
1910889,SecondHalf,92,8,97,Pass,Unsuccessful,42,Werder Bremen,468855.0,Samuel Mbangula,40.6,36.5,55.3,100.0,,,,,"[{'type': {'displayName': 'PassEndY', 'value': 141}, 'value': '100.0'}, {'type': {'displayName': 'Angle', 'value': 213}, 'value': '1.23'}, {'type': {'displayName': 'Longball', 'value': 1}}, {'type': {'displayName': 'Zone', 'value': 56}, 'value': 'Left'}, {'type': {'displayName': 'Length', 'value': 212}, 'value': '46.6'}, {'type': {'displayName': 'Chipped', 'value': 155}}, {'type': {'displayName': 'PassEndX', 'value': 140}, 'value': '55.3'}]",True,,,,,
1910889,SecondHalf,92,20,97,Pass,Successful,1211,Hoffenheim,111372.0,Vladimír Coufal,46.6,0.0,45.3,18.1,,,,,"[{'type': {'displayName': 'Angle', 'value': 213}, 'value': '1.68'}, {'type': {'displayName': 'PassEndX', 'value': 140}, 'value': '45.3'}, {'type': {'displayName': 'Length', 'value': 212}, 'value': '13.0'}, {'type': {'displayName': 'ThrowIn', 'value': 107}}, {'type': {'displayName': 'Zone', 'value': 56}, 'value': 'Back'}, {'type': {'displayName': 'PassEndY', 'value': 141}, 'value': '18.1'}]",True,,,,,
1910889,SecondHalf,92,25,97,Pass,Successful,1211,Hoffenheim,361878.0,Wouter Burger,39.3,18.6,15.4,45.7,,,,,"[{'type': {'displayName': 'Length', 'value': 212}, 'value': '31.1'}, {'type': {'displayName': 'Angle', 'value': 213}, 'value': '2.51'}, {'type': {'displayName': 'Zone', 'value': 56}, 'value': 'Back'}, {'type': {'displayName': 'PassEndY', 'value': 141}, 'value': '45.7'}, {'type': {'displayName': 'PassEndX', 'value': 140}, 'value': '15.4'}]",True,,,,,
1910889,SecondHalf,92,31,97,Pass,Unsuccessful,1211,Hoffenheim,77440.0,Oliver Baumann,18.9,54.6,61.8,84.1,,,,,"[{'type': {'displayName': 'Chipped', 'value': 155}}, {'type': {'displayName': 'Length', 'value': 212}, 'value': '49.3'}, {'type': {'displayName': 'Zone', 'value': 56}, 'value': 'Left'}, {'type': {'displayName': 'PassEndY', 'value': 141}, 'value': '84.1'}, {'type': {'displayName': 'Angle', 'value': 213}, 'value': '0.42'}, {'type': {'displayName': 'PassEndX', 'value': 140}, 'value': '61.8'}, {'type': {'displayName': 'Longball', 'value': 1}}]",True,,,,,
1910889,SecondHalf,92,33,97,Aerial,Successful,42,Werder Bremen,368176.0,Amos Pieper,38.2,15.9,,,,,,,"[{'type': {'displayName': 'Zone', 'value': 56}, 'value': 'Back'}, {'type': {'displayName': 'OppositeRelatedEvent', 'value': 233}, 'value': '1079'}, {'type': {'displayName': 'Defensive', 'value': 285}}]",False,,,,,
1910889,SecondHalf,92,33,97,Aerial,Unsuccessful,1211,Hoffenheim,418588.0,Alexander Prass,61.8,84.1,,,,,,,"[{'type': {'displayName': 'Zone', 'value': 56}, 'value': 'Left'}, {'type': {'displayName': 'Offensive', 'value': 286}}, {'type': {'displayName': 'OppositeRelatedEvent', 'value': 233}, 'value': '664'}]",False,,,,,
1910889,SecondHalf,92,33,97,Pass,Unsuccessful,42,Werder Bremen,368176.0,Amos Pieper,38.2,15.9,51.4,11.1,,,,,"[{'type': {'displayName': 'PassEndX', 'value': 140}, 'value': '51.4'}, {'type': {'displayName': 'Length', 'value': 212}, 'value': '14.2'}, {'type': {'displayName': 'PassEndY', 'value': 141}, 'value': '11.1'}, {'type': {'displayName': 'Angle', 'value': 213}, 'value': '6.05'}, {'type': {'displayName': 'Zone', 'value': 56}, 'value': 'Right'}, {'type': {'displayName': 'HeadPass', 'value': 3}}]",True,,,,,
1910889,SecondHalf,92,35,97,Interception,Successful,1211,Hoffenheim,402697.0,Albian Hajdari,48.6,88.9,,,,,,,"[{'type': {'displayName': 'Zone', 'value': 56}, 'value': 'Back'}]",True,,,,,
1910889,SecondHalf,92,36,97,Pass,Successful,42,Werder Bremen,368176.0,Amos Pieper,45.1,4.2,64.2,4.2,,,,,"[{'type': {'displayName': 'Length', 'value': 212}, 'value': '20.1'}, {'type': {'displayName': 'Angle', 'value': 213}, 'value': '0.00'}, {'type': {'displayName': 'Zone', 'value': 56}, 'value': 'Right'}, {'type': {'displayName': 'PassEndX', 'value': 140}, 'value': '64.2'}, {'type': {'displayName': 'PassEndY', 'value': 141}, 'value': '4.2'}]",True,,,,,
1910889,SecondHalf,92,38,97,BallRecovery,Successful,42,Werder Bremen,385080.0,Marco Grüll,66.7,5.6,,,,,,,[],False,,,,,
1910889,SecondHalf,92,39,97,TakeOn,Successful,42,Werder Bremen,385080.0,Marco Grüll,66.2,11.3,,,,,,,"[{'type': {'displayName': 'Offensive', 'value': 286}}, {'type': {'displayName': 'Zone', 'value': 56}, 'value': 'Right'}, {'type': {'displayName': 'OppositeRelatedEvent', 'value': 233}, 'value': '1081'}]",True,,,,,
1910889,SecondHalf,92,39,97,Challenge,Unsuccessful,1211,Hoffenheim,510234.0,Leon Avdullahu,33.8,88.7,,,,,,,"[{'type': {'displayName': 'OppositeRelatedEvent', 'value': 233}, 'value': '668'}, {'type': {'displayName': 'Defensive', 'value': 285}}, {'type': {'displayName': 'Zone', 'value': 56}, 'value': 'Back'}]",False,,,,,
1910889,SecondHalf,92,43,97,Pass,Unsuccessful,42,Werder Bremen,385080.0,Marco Grüll,86.4,9.3,100.0,75.1,,,,,"[{'type': {'displayName': 'Angle', 'value': 213}, 'value': '1.22'}, {'type': {'displayName': 'RightFoot', 'value': 20}}, {'type': {'displayName': 'Chipped', 'value': 155}}, {'type': {'displayName': 'PassEndY', 'value': 141}, 'value': '75.1'}, {'type': {'displayName': 'Length', 'value': 212}, 'value': '47.6'}, {'type': {'displayName': 'Longball', 'value': 1}}, {'type': {'displayName': 'Cross', 'value': 2}}, {'type': {'displayName': 'Zone', 'value': 56}, 'value': 'Center'}, {'type': {'displayName': 'PassEndX', 'value': 140}, 'value': '100.0'}]",True,,,,,
1910889,SecondHalf,92,57,97,Pass,Successful,1211,Hoffenheim,77440.0,Oliver Baumann,3.2,52.8,15.5,66.3,,,,,"[{'type': {'displayName': 'Angle', 'value': 213}, 'value': '0.62'}, {'type': {'displayName': 'GoalKick', 'value': 124}}, {'type': {'displayName': 'PassEndY', 'value': 141}, 'value': '66.3'}, {'type': {'displayName': 'Length', 'value': 212}, 'value': '15.8'}, {'type': {'displayName': 'PassEndX', 'value': 140}, 'value': '15.5'}, {'type': {'displayName': 'Zone', 'value': 56}, 'value': 'Back'}]",True,,,,,
1910889,SecondHalf,93,3,98,Pass,Successful,1211,Hoffenheim,510234.0,Leon Avdullahu,17.2,69.4,33.6,91.5,,,,,"[{'type': {'displayName': 'Length', 'value': 212}, 'value': '22.9'}, {'type': {'displayName': 'PassEndY', 'value': 141}, 'value': '91.5'}, {'type': {'displayName': 'Angle', 'value': 213}, 'value': '0.72'}, {'type': {'displayName': 'Zone', 'value': 56}, 'value': 'Back'}, {'type': {'displayName': 'PassEndX', 'value': 140}, 'value': '33.6'}]",True,,,,,
1910889,SecondHalf,93,8,98,Pass,Successful,1211,Hoffenheim,361878.0,Wouter Burger,33.9,91.5,66.4,90.7,,,,,"[{'type': {'displayName': 'Length', 'value': 212}, 'value': '34.1'}, {'type': {'displayName': 'Zone', 'value': 56}, 'value': 'Left'}, {'type': {'displayName': 'PassEndY', 'value': 141}, 'value': '90.7'}, {'type': {'displayName': 'PassEndX', 'value': 140}, 'value': '66.4'}, {'type': {'displayName': 'Longball', 'value': 1}}, {'type': {'displayName': 'Angle', 'value': 213}, 'value': '6.27'}]",True,,,,,
1910889,SecondHalf,93,13,98,BallTouch,Unsuccessful,1211,Hoffenheim,399385.0,Adam Hlozek,74.0,92.4,,,,,,,"[{'type': {'displayName': 'Zone', 'value': 56}, 'value': 'Left'}]",True,,,,,
1910889,SecondHalf,93,17,98,Pass,Successful,42,Werder Bremen,368176.0,Amos Pieper,12.9,0.0,4.7,33.2,,,,,"[{'type': {'displayName': 'Angle', 'value': 213}, 'value': '1.92'}, {'type': {'displayName': 'ThrowIn', 'value': 107}}, {'type': {'displayName': 'PassEndY', 'value': 141}, 'value': '33.2'}, {'type': {'displayName': 'PassEndX', 'value': 140}, 'value': '4.7'}, {'type': {'displayName': 'Longball', 'value': 1}}, {'type': {'displayName': 'Zone', 'value': 56}, 'value': 'Back'}, {'type': {'displayName': 'Length', 'value': 212}, 'value': '24.9'}]",True,,,,,
1910889,SecondHalf,93,23,98,Pass,Unsuccessful,42,Werder Bremen,436119.0,Mio Backhaus,9.4,45.3,77.6,49.7,,,,,"[{'type': {'displayName': 'PassEndX', 'value': 140}, 'value': '77.6'}, {'type': {'displayName': 'Length', 'value': 212}, 'value': '71.7'}, {'type': {'displayName': 'Zone', 'value': 56}, 'value': 'Center'}, {'type': {'displayName': 'Angle', 'value': 213}, 'value': '0.04'}, {'type': {'displayName': 'PassEndY', 'value': 141}, 'value': '49.7'}, {'type': {'displayName': 'Longball', 'value': 1}}]",True,,,,,
1910889,SecondHalf,93,27,98,KeeperPickup,Successful,1211,Hoffenheim,77440.0,Oliver Baumann,9.1,50.1,,,,,,,[],False,,,,,
1910889,SecondHalf,93,36,98,Pass,Successful,1211,Hoffenheim,77440.0,Oliver Baumann,12.7,50.8,25.1,79.6,,,,,"[{'type': {'displayName': 'PassEndX', 'value': 140}, 'value': '25.1'}, {'type': {'displayName': 'Length', 'value': 212}, 'value': '23.5'}, {'type': {'displayName': 'Angle', 'value': 213}, 'value': '0.98'}, {'type': {'displayName': 'KeeperThrow', 'value': 123}}, {'type': {'displayName': 'PassEndY', 'value': 141}, 'value': '79.6'}, {'type': {'displayName': 'Zone', 'value': 56}, 'value': 'Back'}]",True,,,,,
1910889,SecondHalf,93,37,98,Pass,Successful,1211,Hoffenheim,402697.0,Albian Hajdari,25.1,79.6,48.5,75.7,,,,,"[{'type': {'displayName': 'Length', 'value': 212}, 'value': '24.7'}, {'type': {'displayName': 'PassEndY', 'value': 141}, 'value': '75.7'}, {'type': {'displayName': 'PassEndX', 'value': 140}, 'value': '48.5'}, {'type': {'displayName': 'Angle', 'value': 213}, 'value': '6.18'}, {'type': {'displayName': 'Zone', 'value': 56}, 'value': 'Back'}]",True,,,,,
1910889,SecondHalf,93,39,98,Pass,Successful,1211,Hoffenheim,278125.0,Grischa Prömel,48.3,77.5,59.5,94.3,,,,,"[{'type': {'displayName': 'Angle', 'value': 213}, 'value': '0.77'}, {'type': {'displayName': 'PassEndY', 'value': 141}, 'value': '94.3'}, {'type': {'displayName': 'Length', 'value': 212}, 'value': '16.4'}, {'type': {'displayName': 'Zone', 'value': 56}, 'value': 'Left'}, {'type': {'displayName': 'PassEndX', 'value': 140}, 'value': '59.5'}]",True,,,,,
1910889,SecondHalf,93,41,98,Pass,Successful,1211,Hoffenheim,418588.0,Alexander Prass,61.3,89.2,57.2,66.9,,,,,"[{'type': {'displayName': 'PassEndX', 'value': 140}, 'value': '57.2'}, {'type': {'displayName': 'Zone', 'value': 56}, 'value': 'Center'}, {'type': {'displayName': 'Length', 'value': 212}, 'value': '15.8'}, {'type': {'displayName': 'PassEndY', 'value': 141}, 'value': '66.9'}, {'type': {'displayName': 'Angle', 'value': 213}, 'value': '4.44'}]",True,,,,,
1910889,SecondHalf,93,44,98,Pass,Successful,1211,Hoffenheim,510234.0,Leon Avdullahu,57.1,66.9,71.1,48.4,,,,,"[{'type': {'displayName': 'Length', 'value': 212}, 'value': '19.3'}, {'type': {'displayName': 'PassEndX', 'value': 140}, 'value': '71.1'}, {'type': {'displayName': 'PassEndY', 'value': 141}, 'value': '48.4'}, {'type': {'displayName': 'Angle', 'value': 213}, 'value': '5.58'}, {'type': {'displayName': 'Zone', 'value': 56}, 'value': 'Center'}]",True,,,,,
1910889,SecondHalf,93,45,98,Pass,Successful,1211,Hoffenheim,513605.0,Cole Campbell,71.2,48.4,72.0,57.4,,,,,"[{'type': {'displayName': 'PassEndX', 'value': 140}, 'value': '72.0'}, {'type': {'displayName': 'Angle', 'value': 213}, 'value': '1.43'}, {'type': {'displayName': 'Zone', 'value': 56}, 'value': 'Center'}, {'type': {'displayName': 'PassEndY', 'value': 141}, 'value': '57.4'}, {'type': {'displayName': 'Length', 'value': 212}, 'value': '6.2'}]",True,,,,,
1910889,SecondHalf,93,49,98,Pass,Successful,1211,Hoffenheim,399385.0,Adam Hlozek,71.3,43.2,81.1,23.1,,,,,"[{'type': {'displayName': 'PassEndX', 'value': 140}, 'value': '81.1'}, {'type': {'displayName': 'PassEndY', 'value': 141}, 'value': '23.1'}, {'type': {'displayName': 'Zone', 'value': 56}, 'value': 'Center'}, {'type': {'displayName': 'Length', 'value': 212}, 'value': '17.1'}, {'type': {'displayName': 'Angle', 'value': 213}, 'value': '5.36'}]",True,,,,,
1910889,SecondHalf,93,52,98,Pass,Successful,1211,Hoffenheim,111372.0,Vladimír Coufal,79.9,19.6,75.2,32.4,,,,,"[{'type': {'displayName': 'Length', 'value': 212}, 'value': '10.0'}, {'type': {'displayName': 'PassEndX', 'value': 140}, 'value': '75.2'}, {'type': {'displayName': 'Angle', 'value': 213}, 'value': '2.09'}, {'type': {'displayName': 'PassEndY', 'value': 141}, 'value': '32.4'}, {'type': {'displayName': 'Zone', 'value': 56}, 'value': 'Center'}]",True,,,,,
1910889,SecondHalf,93,55,98,Pass,Successful,1211,Hoffenheim,510234.0,Leon Avdullahu,73.2,36.9,73.2,24.7,,,,,"[{'type': {'displayName': 'Length', 'value': 212}, 'value': '8.3'}, {'type': {'displayName': 'Zone', 'value': 56}, 'value': 'Center'}, {'type': {'displayName': 'Angle', 'value': 213}, 'value': '4.71'}, {'type': {'displayName': 'PassEndX', 'value': 140}, 'value': '73.2'}, {'type': {'displayName': 'PassEndY', 'value': 141}, 'value': '24.7'}]",True,,,,,
1910889,SecondHalf,93,56,98,Pass,Successful,1211,Hoffenheim,111372.0,Vladimír Coufal,70.9,24.9,70.5,55.0,,,,,"[{'type': {'displayName': 'Length', 'value': 212}, 'value': '20.5'}, {'type': {'displayName': 'Zone', 'value': 56}, 'value': 'Center'}, {'type': {'displayName': 'PassEndY', 'value': 141}, 'value': '55.0'}, {'type': {'displayName': 'Angle', 'value': 213}, 'value': '1.59'}, {'type': {'displayName': 'PassEndX', 'value': 140}, 'value': '70.5'}, {'type': {'displayName': 'ShotAssist', 'value': 210}, 'value': '13'}, {'type': {'displayName': 'KeyPass', 'value': 11113}}]",True,,,,,
1910889,SecondHalf,93,59,98,MissedShots,Successful,1211,Hoffenheim,361878.0,Wouter Burger,70.9,55.0,,,42.4,43.1,,,"[{'type': {'displayName': 'RegularPlay', 'value': 22}}, {'type': {'displayName': 'RelatedEventId', 'value': 55}, 'value': '1098'}, {'type': {'displayName': 'GoalMouthZ', 'value': 103}, 'value': '43.1'}, {'type': {'displayName': 'IndividualPlay', 'value': 215}}, {'type': {'displayName': 'Zone', 'value': 56}, 'value': 'Center'}, {'type': {'displayName': 'OutOfBoxCentre', 'value': 18}}, {'type': {'displayName': 'GoalMouthY', 'value': 102}, 'value': '42.4'}, {'type': {'displayName': 'LeftFoot', 'value': 72}}, {'type': {'displayName': 'Assisted', 'value': 29}}]",True,True,,,1098.0,111372.0
1910889,SecondHalf,94,20,99,Pass,Successful,42,Werder Bremen,436119.0,Mio Backhaus,4.1,55.7,59.2,67.5,,,,,"[{'type': {'displayName': 'Longball', 'value': 1}}, {'type': {'displayName': 'Zone', 'value': 56}, 'value': 'Center'}, {'type': {'displayName': 'Length', 'value': 212}, 'value': '58.4'}, {'type': {'displayName': 'MissHigh', 'value': 74}}, {'type': {'displayName': 'GoalKick', 'value': 124}}, {'type': {'displayName': 'Angle', 'value': 213}, 'value': '0.14'}, {'type': {'displayName': 'PassEndY', 'value': 141}, 'value': '67.5'}, {'type': {'displayName': 'PassEndX', 'value': 140}, 'value': '59.2'}]",True,,,,,
1910889,SecondHalf,94,21,99,Aerial,Successful,42,Werder Bremen,301024.0,Max Wöber,59.2,67.5,,,,,,,"[{'type': {'displayName': 'Offensive', 'value': 286}}, {'type': {'displayName': 'Zone', 'value': 56}, 'value': 'Center'}, {'type': {'displayName': 'OppositeRelatedEvent', 'value': 233}, 'value': '1101'}]",False,,,,,
1910889,SecondHalf,94,21,99,Aerial,Unsuccessful,1211,Hoffenheim,356743.0,Ozan Kabak,40.8,32.5,,,,,,,"[{'type': {'displayName': 'Zone', 'value': 56}, 'value': 'Back'}, {'type': {'displayName': 'Defensive', 'value': 285}}, {'type': {'displayName': 'OppositeRelatedEvent', 'value': 233}, 'value': '678'}]",False,,,,,
1910889,SecondHalf,94,22,99,Pass,Unsuccessful,42,Werder Bremen,301024.0,Max Wöber,59.2,67.5,63.6,71.5,,,,,"[{'type': {'displayName': 'HeadPass', 'value': 3}}, {'type': {'displayName': 'Length', 'value': 212}, 'value': '5.4'}, {'type': {'displayName': 'Zone', 'value': 56}, 'value': 'Center'}, {'type': {'displayName': 'Angle', 'value': 213}, 'value': '0.53'}, {'type': {'displayName': 'PassEndY', 'value': 141}, 'value': '71.5'}, {'type': {'displayName': 'PassEndX', 'value': 140}, 'value': '63.6'}]",True,,,,,
1910889,SecondHalf,94,22,99,Pass,Successful,1211,Hoffenheim,111372.0,Vladimír Coufal,34.1,28.8,45.4,44.5,,,,,"[{'type': {'displayName': 'PassEndY', 'value': 141}, 'value': '44.5'}, {'type': {'displayName': 'HeadPass', 'value': 3}}, {'type': {'displayName': 'Angle', 'value': 213}, 'value': '0.73'}, {'type': {'displayName': 'Zone', 'value': 56}, 'value': 'Back'}, {'type': {'displayName': 'PassEndX', 'value': 140}, 'value': '45.4'}, {'type': {'displayName': 'Length', 'value': 212}, 'value': '16.0'}]",True,,,,,
1910889,SecondHalf,94,24,99,Aerial,Successful,1211,Hoffenheim,399385.0,Adam Hlozek,45.4,44.5,,,,,,,"[{'type': {'displayName': 'Defensive', 'value': 285}}, {'type': {'displayName': 'OppositeRelatedEvent', 'value': 233}, 'value': '680'}, {'type': {'displayName': 'Zone', 'value': 56}, 'value': 'Back'}]",False,,,,,
1910889,SecondHalf,94,24,99,Aerial,Unsuccessful,42,Werder Bremen,431791.0,Cameron Puertas,54.6,55.5,,,,,,,"[{'type': {'displayName': 'OppositeRelatedEvent', 'value': 233}, 'value': '1103'}, {'type': {'displayName': 'Offensive', 'value': 286}}, {'type': {'displayName': 'Zone', 'value': 56}, 'value': 'Center'}]",False,,,,,
1910889,SecondHalf,94,25,99,Pass,Unsuccessful,1211,Hoffenheim,399385.0,Adam Hlozek,45.4,44.5,45.2,28.0,,,,,"[{'type': {'displayName': 'Zone', 'value': 56}, 'value': 'Back'}, {'type': {'displayName': 'Angle', 'value': 213}, 'value': '4.69'}, {'type': {'displayName': 'PassEndX', 'value': 140}, 'value': '45.2'}, {'type': {'displayName': 'Length', 'value': 212}, 'value': '11.2'}, {'type': {'displayName': 'PassEndY', 'value': 141}, 'value': '28.0'}, {'type': {'displayName': 'HeadPass', 'value': 3}}]",True,,,,,
1910889,SecondHalf,94,25,99,Aerial,Successful,42,Werder Bremen,407284.0,Olivier Deman,54.8,72.0,,,,,,,"[{'type': {'displayName': 'Offensive', 'value': 286}}, {'type': {'displayName': 'Zone', 'value': 56}, 'value': 'Center'}, {'type': {'displayName': 'OppositeRelatedEvent', 'value': 233}, 'value': '1105'}]",False,,,,,
1910889,SecondHalf,94,25,99,Aerial,Unsuccessful,1211,Hoffenheim,510234.0,Leon Avdullahu,45.2,28.0,,,,,,,"[{'type': {'displayName': 'OppositeRelatedEvent', 'value': 233}, 'value': '681'}, {'type': {'displayName': 'Zone', 'value': 56}, 'value': 'Back'}, {'type': {'displayName': 'Defensive', 'value': 285}}]",False,,,,,
1910889,SecondHalf,94,26,99,BallTouch,Successful,42,Werder Bremen,407284.0,Olivier Deman,55.8,63.5,,,,,,,"[{'type': {'displayName': 'Zone', 'value': 56}, 'value': 'Center'}]",True,,,,,
1910889,SecondHalf,94,28,99,BallTouch,Successful,1211,Hoffenheim,510234.0,Leon Avdullahu,43.1,32.8,,,,,,,"[{'type': {'displayName': 'Zone', 'value': 56}, 'value': 'Back'}]",True,,,,,
1910889,SecondHalf,94,29,99,BallRecovery,Successful,1211,Hoffenheim,361878.0,Wouter Burger,40.6,35.8,,,,,,,[],False,,,,,
1910889,SecondHalf,94,30,99,Pass,Unsuccessful,1211,Hoffenheim,361878.0,Wouter Burger,40.4,35.4,67.1,0.0,,,,,"[{'type': {'displayName': 'Length', 'value': 212}, 'value': '37.4'}, {'type': {'displayName': 'Angle', 'value': 213}, 'value': '5.56'}, {'type': {'displayName': 'Longball', 'value': 1}}, {'type': {'displayName': 'Zone', 'value': 56}, 'value': 'Right'}, {'type': {'displayName': 'PassEndY', 'value': 141}, 'value': '0.0'}, {'type': {'displayName': 'PassEndX', 'value': 140}, 'value': '67.1'}]",True,,,,,
1910889,SecondHalf,94,35,99,Pass,Successful,42,Werder Bremen,333227.0,Marco Friedl,20.5,100.0,14.7,60.8,,,,,"[{'type': {'displayName': 'Angle', 'value': 213}, 'value': '4.49'}, {'type': {'displayName': 'PassEndX', 'value': 140}, 'value': '14.7'}, {'type': {'displayName': 'ThrowIn', 'value': 107}}, {'type': {'displayName': 'Length', 'value': 212}, 'value': '28.2'}, {'type': {'displayName': 'PassEndY', 'value': 141}, 'value': '60.8'}, {'type': {'displayName': 'Zone', 'value': 56}, 'value': 'Back'}, {'type': {'displayName': 'Longball', 'value': 1}}]",True,,,,,
1910889,SecondHalf,94,43,99,Pass,Successful,42,Werder Bremen,436119.0,Mio Backhaus,28.6,37.0,70.3,22.7,,,,,"[{'type': {'displayName': 'Angle', 'value': 213}, 'value': '6.06'}, {'type': {'displayName': 'PassEndY', 'value': 141}, 'value': '22.7'}, {'type': {'displayName': 'PassEndX', 'value': 140}, 'value': '70.3'}, {'type': {'displayName': 'Longball', 'value': 1}}, {'type': {'displayName': 'Chipped', 'value': 155}}, {'type': {'displayName': 'Zone', 'value': 56}, 'value': 'Center'}, {'type': {'displayName': 'Length', 'value': 212}, 'value': '44.9'}]",True,,,,,
1910889,SecondHalf,94,45,99,Aerial,Successful,42,Werder Bremen,385080.0,Marco Grüll,70.3,22.7,,,,,,,"[{'type': {'displayName': 'Offensive', 'value': 286}}, {'type': {'displayName': 'Zone', 'value': 56}, 'value': 'Center'}, {'type': {'displayName': 'OppositeRelatedEvent', 'value': 233}, 'value': '1110'}]",False,,,,,
1910889,SecondHalf,94,45,99,Aerial,Unsuccessful,1211,Hoffenheim,402697.0,Albian Hajdari,29.7,77.3,,,,,,,"[{'type': {'displayName': 'Zone', 'value': 56}, 'value': 'Back'}, {'type': {'displayName': 'OppositeRelatedEvent', 'value': 233}, 'value': '687'}, {'type': {'displayName': 'Defensive', 'value': 285}}]",False,,,,,
1910889,SecondHalf,94,45,99,Pass,Unsuccessful,42,Werder Bremen,385080.0,Marco Grüll,70.3,22.7,75.6,22.9,,,,,"[{'type': {'displayName': 'Zone', 'value': 56}, 'value': 'Center'}, {'type': {'displayName': 'Angle', 'value': 213}, 'value': '0.02'}, {'type': {'displayName': 'PassEndY', 'value': 141}, 'value': '22.9'}, {'type': {'displayName': 'Length', 'value': 212}, 'value': '5.6'}, {'type': {'displayName': 'HeadPass', 'value': 3}}, {'type': {'displayName': 'PassEndX', 'value': 140}, 'value': '75.6'}]",True,,,,,
1910889,SecondHalf,94,47,99,BallTouch,Successful,1211,Hoffenheim,402697.0,Albian Hajdari,35.9,73.6,,,,,,,"[{'type': {'displayName': 'Zone', 'value': 56}, 'value': 'Back'}]",True,,,,,
1910889,SecondHalf,94,47,99,Pass,Unsuccessful,1211,Hoffenheim,418588.0,Alexander Prass,33.8,84.6,35.2,84.3,,,,,"[{'type': {'displayName': 'Longball', 'value': 1}}, {'type': {'displayName': 'Length', 'value': 212}, 'value': '1.5'}, {'type': {'displayName': 'PassEndY', 'value': 141}, 'value': '84.3'}, {'type': {'displayName': 'Zone', 'value': 56}, 'value': 'Back'}, {'type': {'displayName': 'Angle', 'value': 213}, 'value': '6.15'}, {'type': {'displayName': 'PassEndX', 'value': 140}, 'value': '35.2'}]",True,,,,,
1910889,SecondHalf,94,54,99,Pass,Unsuccessful,42,Werder Bremen,368176.0,Amos Pieper,60.9,0.0,85.2,7.4,,,,,"[{'type': {'displayName': 'Length', 'value': 212}, 'value': '26.2'}, {'type': {'displayName': 'Longball', 'value': 1}}, {'type': {'displayName': 'Angle', 'value': 213}, 'value': '0.23'}, {'type': {'displayName': 'ThrowIn', 'value': 107}}, {'type': {'displayName': 'PassEndY', 'value': 141}, 'value': '7.4'}, {'type': {'displayName': 'Zone', 'value': 56}, 'value': 'Right'}, {'type': {'displayName': 'PassEndX', 'value': 140}, 'value': '85.2'}]",True,,,,,
1910889,SecondHalf,94,55,99,Clearance,Successful,1211,Hoffenheim,402697.0,Albian Hajdari,16.2,87.0,27.2,100.0,,,,,"[{'type': {'displayName': 'Head', 'value': 15}}, {'type': {'displayName': 'Zone', 'value': 56}, 'value': 'Back'}, {'type': {'displayName': 'PassEndY', 'value': 141}, 'value': '100.0'}, {'type': {'displayName': 'Length', 'value': 212}, 'value': '14.8'}, {'type': {'displayName': 'PassEndX', 'value': 140}, 'value': '27.2'}, {'type': {'displayName': 'Angle', 'value': 213}, 'value': '0.67'}]",True,,,,,
1910889,SecondHalf,95,3,100,End,Successful,42,Werder Bremen,,,0.0,0.0,,,,,,,[],False,,,,,
1910889,SecondHalf,95,3,100,End,Successful,1211,Hoffenheim,,,0.0,0.0,,,,,,,[],False,,,,,
1910889,PostGame,0,0,10,End,Successful,42,Werder Bremen,,,0.0,0.0,,,,,,,[],False,,,,,
1910889,PostGame,0,0,10,End,Successful,1211,Hoffenheim,,,0.0,0.0,,,,,,,[],False,,,,,
1910889,PreMatch,0,0,0,FormationSet,Successful,1211,Hoffenheim,,,0.0,0.0,,,,,,,"[{'type': {'displayName': 'PlayerPosition', 'value': 44}, 'value': '1, 2, 2, 3, 2, 2, 3, 3, 4, 3, 3, 5, 5, 5, 5, 5, 5, 5, 5, 5'}, {'type': {'displayName': 'TeamFormation', 'value': 130}, 'value': '8'}, {'type': {'displayName': 'TeamPlayerFormation', 'value': 131}, 'value': '1, 2, 3, 4, 5, 6, 7, 8, 9, 10, 11, 0, 0, 0, 0, 0, 0, 0, 0, 0'}, {'type': {'displayName': 'CaptainPlayerId', 'value': 194}, 'value': '77440'}, {'type': {'displayName': 'JerseyNumber', 'value': 59}, 'value': '1, 34, 13, 18, 5, 21, 27, 7, 19, 11, 29, 37, 25, 2, 22, 10, 6, 33, 23, 20'}, {'type': {'displayName': 'InvolvedPlayers', 'value': 30}, 'value': '77440,111372,302588,361878,356743,402697,75217,510234,395001,428426,551965,404449,132349,428031,418588,444548,278125,517609,399385,513605'}]",False,,,,,
1910889,PreMatch,0,0,0,FormationSet,Successful,42,Werder Bremen,,,0.0,0.0,,,,,,,"[{'type': {'displayName': 'JerseyNumber', 'value': 59}, 'value': '30, 3, 2, 14, 5, 32, 11, 6, 29, 18, 20, 25, 4, 23, 31, 39, 24, 7, 17, 19'}, {'type': {'displayName': 'CaptainPlayerId', 'value': 194}, 'value': '333227'}, {'type': {'displayName': 'InvolvedPlayers', 'value': 30}, 'value': '436119,379783,407284,420405,368176,333227,438066,377280,569759,431791,383847,104041,124597,538407,554472,301024,549133,468855,385080,486741'}, {'type': {'displayName': 'TeamPlayerFormation', 'value': 131}, 'value': '1, 2, 3, 4, 5, 6, 7, 8, 9, 10, 11, 0, 0, 0, 0, 0, 0, 0, 0, 0'}, {'type': {'displayName': 'PlayerPosition', 'value': 44}, 'value': '1, 2, 2, 3, 2, 2, 3, 3, 4, 3, 3, 5, 5, 5, 5, 5, 5, 5, 5, 5'}, {'type': {'displayName': 'TeamFormation', 'value': 130}, 'value': '7'}]",False,,,,,
