game_id,period,minute,second,expanded_minute,type,outcome_type,team_id,team,player_id,player,x,y,end_x,end_y,goal_mouth_y,goal_mouth_z,blocked_x,blocked_y,qualifiers,is_touch,is_shot,is_goal,card_type,related_event_id,related_player_id
1901113,FirstHalf,0,0.0,0,Start,Successful,87,Juventus,,,0.0,0.0,,,,,,,[],False,,,,,
1901113,FirstHalf,0,0.0,0,Start,Successful,78,Cagliari,,,0.0,0.0,,,,,,,[],False,,,,,
1901113,FirstHalf,0,0.0,0,Pass,Successful,87,Juventus,273539.0,Manuel Locatelli,50.0,50.0,49.8,45.3,,,,,"[{'type': {'displayName': 'PassEndY', 'value': 141}, 'value': '45.3'}, {'type': {'displayName': 'PassEndX', 'value': 140}, 'value': '49.8'}, {'type': {'displayName': 'Zone', 'value': 56}, 'value': 'Back'}, {'type': {'displayName': 'Length', 'value': 212}, 'value': '3.2'}, {'type': {'displayName': 'Angle', 'value': 213}, 'value': '4.65'}]",True,,,,,
1901113,FirstHalf,0,5.0,0,Pass,Successful,87,Juventus,494525.0,Kenan Yildiz,57.3,28.5,67.3,4.5,,,,,"[{'type': {'displayName': 'PassEndX', 'value': 140}, 'value': '67.3'}, {'type': {'displayName': 'Length', 'value': 212}, 'value': '19.4'}, {'type': {'displayName': 'PassEndY', 'value': 141}, 'value': '4.5'}, {'type': {'displayName': 'Angle', 'value': 213}, 'value': '5.28'}, {'type': {'displayName': 'Zone', 'value': 56}, 'value': 'Right'}]",True,,,,,
1901113,FirstHalf,0,6.0,0,Pass,Unsuccessful,87,Juventus,391836.0,Pierre Kalulu,67.3,4.5,86.7,37.5,,,,,"[{'type': {'displayName': 'Chipped', 'value': 155}}, {'type': {'displayName': 'Cross', 'value': 2}}, {'type': {'displayName': 'Angle', 'value': 213}, 'value': '0.83'}, {'type': {'displayName': 'PassEndX', 'value': 140}, 'value': '86.7'}, {'type': {'displayName': 'Length', 'value': 212}, 'value': '30.3'}, {'type': {'displayName': 'PassEndY', 'value': 141}, 'value': '37.5'}, {'type': {'displayName': 'RightFoot', 'value': 20}}, {'type': {'displayName': 'Zone', 'value': 56}, 'value': 'Center'}]",True,,,,,
1901113,FirstHalf,0,7.0,0,Clearance,Successful,78,Cagliari,255292.0,Sebastiano Luperto,14.3,64.0,30.9,76.2,,,,,"[{'type': {'displayName': 'Head', 'value': 15}}, {'type': {'displayName': 'PassEndY', 'value': 141}, 'value': '76.2'}, {'type': {'displayName': 'PassEndX', 'value': 140}, 'value': '30.9'}, {'type': {'displayName': 'Zone', 'value': 56}, 'value': 'Back'}, {'type': {'displayName': 'Length', 'value': 212}, 'value': '19.3'}, {'type': {'displayName': 'Angle', 'value': 213}, 'value': '0.44'}]",True,,,,,
1901113,FirstHalf,0,9.0,0,Pass,Unsuccessful,78,Cagliari,371397.0,Sebastiano Esposito,30.4,76.9,47.7,69.1,,,,,"[{'type': {'displayName': 'PassEndX', 'value': 140}, 'value': '47.7'}, {'type': {'displayName': 'Zone', 'value': 56}, 'value': 'Back'}, {'type': {'displayName': 'Angle', 'value': 213}, 'value': '6.00'}, {'type': {'displayName': 'Length', 'value': 212}, 'value': '18.9'}, {'type': {'displayName': 'PassEndY', 'value': 141}, 'value': '69.1'}]",True,,,,,
1901113,FirstHalf,0,11.0,0,Pass,Successful,87,Juventus,332419.0,Lloyd Kelly,52.3,26.4,27.9,43.6,,,,,"[{'type': {'displayName': 'PassEndY', 'value': 141}, 'value': '43.6'}, {'type': {'displayName': 'PassEndX', 'value': 140}, 'value': '27.9'}, {'type': {'displayName': 'Length', 'value': 212}, 'value': '28.2'}, {'type': {'displayName': 'Zone', 'value': 56}, 'value': 'Back'}, {'type': {'displayName': 'Angle', 'value': 213}, 'value': '2.71'}]",True,,,,,
1901113,FirstHalf,0,15.0,0,Pass,Successful,87,Juventus,78880.0,Mattia Perin,22.9,43.8,28.0,24.7,,,,,"[{'type': {'displayName': 'PassEndX', 'value': 140}, 'value': '28.0'}, {'type': {'displayName': 'Zone', 'value': 56}, 'value': 'Back'}, {'type': {'displayName': 'Angle', 'value': 213}, 'value': '5.10'}, {'type': {'displayName': 'Length', 'value': 212}, 'value': '14.0'}, {'type': {'displayName': 'PassEndY', 'value': 141}, 'value': '24.7'}]",True,,,,,
1901113,FirstHalf,0,19.0,0,Pass,Successful,87,Juventus,339875.0,Bremer,31.8,27.6,41.2,36.6,,,,,"[{'type': {'displayName': 'PassEndY', 'value': 141}, 'value': '36.6'}, {'type': {'displayName': 'Angle', 'value': 213}, 'value': '0.56'}, {'type': {'displayName': 'Zone', 'value': 56}, 'value': 'Back'}, {'type': {'displayName': 'PassEndX', 'value': 140}, 'value': '41.2'}, {'type': {'displayName': 'Length', 'value': 212}, 'value': '11.6'}]",True,,,,,
1901113,FirstHalf,0,21.0,0,Pass,Successful,87,Juventus,273539.0,Manuel Locatelli,41.6,36.6,27.8,65.8,,,,,"[{'type': {'displayName': 'Angle', 'value': 213}, 'value': '2.20'}, {'type': {'displayName': 'Length', 'value': 212}, 'value': '24.6'}, {'type': {'displayName': 'LayOff', 'value': 156}}, {'type': {'displayName': 'PassEndX', 'value': 140}, 'value': '27.8'}, {'type': {'displayName': 'PassEndY', 'value': 141}, 'value': '65.8'}, {'type': {'displayName': 'Zone', 'value': 56}, 'value': 'Back'}]",True,,,,,
1901113,FirstHalf,0,28.0,0,Pass,Successful,87,Juventus,332419.0,Lloyd Kelly,50.3,69.3,55.5,91.3,,,,,"[{'type': {'displayName': 'PassEndY', 'value': 141}, 'value': '91.3'}, {'type': {'displayName': 'PassEndX', 'value': 140}, 'value': '55.5'}, {'type': {'displayName': 'Length', 'value': 212}, 'value': '15.9'}, {'type': {'displayName': 'Zone', 'value': 56}, 'value': 'Left'}, {'type': {'displayName': 'Angle', 'value': 213}, 'value': '1.22'}]",True,,,,,
1901113,FirstHalf,0,33.0,0,Pass,Successful,87,Juventus,343308.0,Teun Koopmeiners,55.1,93.4,60.0,88.2,,,,,"[{'type': {'displayName': 'PassEndY', 'value': 141}, 'value': '88.2'}, {'type': {'displayName': 'Zone', 'value': 56}, 'value': 'Left'}, {'type': {'displayName': 'PassEndX', 'value': 140}, 'value': '60.0'}, {'type': {'displayName': 'Length', 'value': 212}, 'value': '6.2'}, {'type': {'displayName': 'Angle', 'value': 213}, 'value': '5.68'}]",True,,,,,
1901113,FirstHalf,0,33.0,0,Pass,Successful,87,Juventus,423440.0,Andrea Cambiaso,60.0,88.2,53.5,93.4,,,,,"[{'type': {'displayName': 'Zone', 'value': 56}, 'value': 'Left'}, {'type': {'displayName': 'Length', 'value': 212}, 'value': '7.7'}, {'type': {'displayName': 'PassEndY', 'value': 141}, 'value': '93.4'}, {'type': {'displayName': 'PassEndX', 'value': 140}, 'value': '53.5'}, {'type': {'displayName': 'Angle', 'value': 213}, 'value': '2.66'}]",True,,,,,
1901113,FirstHalf,0,34.0,0,Pass,Successful,87,Juventus,343308.0,Teun Koopmeiners,53.5,93.4,62.4,95.7,,,,,"[{'type': {'displayName': 'PassEndX', 'value': 140}, 'value': '62.4'}, {'type': {'displayName': 'Angle', 'value': 213}, 'value': '0.17'}, {'type': {'displayName': 'Zone', 'value': 56}, 'value': 'Left'}, {'type': {'displayName': 'Length', 'value': 212}, 'value': '9.5'}, {'type': {'displayName': 'PassEndY', 'value': 141}, 'value': '95.7'}]",True,,,,,
1901113,FirstHalf,0,36.0,0,Pass,Successful,87,Juventus,494525.0,Kenan Yildiz,56.8,95.8,44.7,83.8,,,,,"[{'type': {'displayName': 'Length', 'value': 212}, 'value': '15.1'}, {'type': {'displayName': 'Angle', 'value': 213}, 'value': '3.71'}, {'type': {'displayName': 'PassEndX', 'value': 140}, 'value': '44.7'}, {'type': {'displayName': 'Zone', 'value': 56}, 'value': 'Back'}, {'type': {'displayName': 'PassEndY', 'value': 141}, 'value': '83.8'}]",True,,,,,
1901113,FirstHalf,0,37.0,0,Pass,Successful,87,Juventus,273539.0,Manuel Locatelli,44.7,83.8,64.9,95.7,,,,,"[{'type': {'displayName': 'Angle', 'value': 213}, 'value': '0.36'}, {'type': {'displayName': 'Length', 'value': 212}, 'value': '22.7'}, {'type': {'displayName': 'PassEndX', 'value': 140}, 'value': '64.9'}, {'type': {'displayName': 'PassEndY', 'value': 141}, 'value': '95.7'}, {'type': {'displayName': 'Zone', 'value': 56}, 'value': 'Left'}]",True,,,,,
1901113,FirstHalf,0,39.0,0,Pass,Successful,87,Juventus,423440.0,Andrea Cambiaso,64.9,95.7,72.7,82.6,,,,,"[{'type': {'displayName': 'Angle', 'value': 213}, 'value': '5.46'}, {'type': {'displayName': 'Zone', 'value': 56}, 'value': 'Left'}, {'type': {'displayName': 'PassEndY', 'value': 141}, 'value': '82.6'}, {'type': {'displayName': 'Length', 'value': 212}, 'value': '12.1'}, {'type': {'displayName': 'PassEndX', 'value': 140}, 'value': '72.7'}]",True,,,,,
1901113,FirstHalf,0,40.0,0,Pass,Successful,87,Juventus,383855.0,Jonathan David,72.7,82.6,81.3,94.6,,,,,"[{'type': {'displayName': 'Angle', 'value': 213}, 'value': '0.73'}, {'type': {'displayName': 'PassEndX', 'value': 140}, 'value': '81.3'}, {'type': {'displayName': 'Length', 'value': 212}, 'value': '12.2'}, {'type': {'displayName': 'Zone', 'value': 56}, 'value': 'Left'}, {'type': {'displayName': 'PassEndY', 'value': 141}, 'value': '94.6'}]",True,,,,,
1901113,FirstHalf,0,42.0,0,Pass,Successful,87,Juventus,343308.0,Teun Koopmeiners,81.8,94.6,96.9,90.9,,,,,"[{'type': {'displayName': 'Angle', 'value': 213}, 'value': '6.13'}, {'type': {'displayName': 'Length', 'value': 212}, 'value': '16.1'}, {'type': {'displayName': 'PassEndX', 'value': 140}, 'value': '96.9'}, {'type': {'displayName': 'PassEndY', 'value': 141}, 'value': '90.9'}, {'type': {'displayName': 'Zone', 'value': 56}, 'value': 'Left'}]",True,,,,,
1901113,FirstHalf,0,46.0,0,BallTouch,Unsuccessful,87,Juventus,423440.0,Andrea Cambiaso,96.8,91.6,,,,,,,"[{'type': {'displayName': 'Zone', 'value': 56}, 'value': 'Left'}]",True,,,,,
1901113,FirstHalf,1,8.0,1,Pass,Successful,78,Cagliari,255292.0,Sebastiano Luperto,5.0,61.3,5.6,83.8,,,,,"[{'type': {'displayName': 'GoalKick', 'value': 124}}, {'type': {'displayName': 'Angle', 'value': 213}, 'value': '1.53'}, {'type': {'displayName': 'Length', 'value': 212}, 'value': '15.3'}, {'type': {'displayName': 'PassEndX', 'value': 140}, 'value': '5.6'}, {'type': {'displayName': 'PassEndY', 'value': 141}, 'value': '83.8'}, {'type': {'displayName': 'Zone', 'value': 56}, 'value': 'Back'}]",True,,,,,
1901113,FirstHalf,1,11.0,1,Pass,Successful,78,Cagliari,424534.0,Adam Obert,5.9,83.8,31.7,96.4,,,,,"[{'type': {'displayName': 'Angle', 'value': 213}, 'value': '0.31'}, {'type': {'displayName': 'Length', 'value': 212}, 'value': '28.4'}, {'type': {'displayName': 'PassEndY', 'value': 141}, 'value': '96.4'}, {'type': {'displayName': 'Zone', 'value': 56}, 'value': 'Back'}, {'type': {'displayName': 'PassEndX', 'value': 140}, 'value': '31.7'}]",True,,,,,
1901113,FirstHalf,1,13.0,1,Pass,Unsuccessful,78,Cagliari,371397.0,Sebastiano Esposito,31.5,95.8,35.4,80.8,,,,,"[{'type': {'displayName': 'PassEndY', 'value': 141}, 'value': '80.8'}, {'type': {'displayName': 'Length', 'value': 212}, 'value': '11.0'}, {'type': {'displayName': 'Zone', 'value': 56}, 'value': 'Back'}, {'type': {'displayName': 'Angle', 'value': 213}, 'value': '5.09'}, {'type': {'displayName': 'PassEndX', 'value': 140}, 'value': '35.4'}]",True,,,,,
1901113,FirstHalf,1,14.0,1,Interception,Successful,87,Juventus,343308.0,Teun Koopmeiners,64.6,19.2,,,,,,,"[{'type': {'displayName': 'Zone', 'value': 56}, 'value': 'Right'}]",True,,,,,
1901113,FirstHalf,1,15.0,1,BallRecovery,Successful,87,Juventus,273539.0,Manuel Locatelli,60.3,19.8,,,,,,,[],False,,,,,
1901113,FirstHalf,1,15.0,1,Pass,Successful,87,Juventus,273539.0,Manuel Locatelli,60.3,19.8,65.4,24.1,,,,,"[{'type': {'displayName': 'Length', 'value': 212}, 'value': '6.1'}, {'type': {'displayName': 'PassEndY', 'value': 141}, 'value': '24.1'}, {'type': {'displayName': 'PassEndX', 'value': 140}, 'value': '65.4'}, {'type': {'displayName': 'Zone', 'value': 56}, 'value': 'Center'}, {'type': {'displayName': 'Angle', 'value': 213}, 'value': '0.50'}]",True,,,,,
1901113,FirstHalf,1,17.0,1,Pass,Unsuccessful,87,Juventus,425080.0,Fabio Miretti,65.7,24.1,76.1,9.0,,,,,"[{'type': {'displayName': 'PassEndX', 'value': 140}, 'value': '76.1'}, {'type': {'displayName': 'PassEndY', 'value': 141}, 'value': '9.0'}, {'type': {'displayName': 'Length', 'value': 212}, 'value': '15.0'}, {'type': {'displayName': 'Angle', 'value': 213}, 'value': '5.53'}, {'type': {'displayName': 'Zone', 'value': 56}, 'value': 'Right'}]",True,,,,,
1901113,FirstHalf,1,18.0,1,Interception,Successful,78,Cagliari,424534.0,Adam Obert,23.9,91.0,,,,,,,"[{'type': {'displayName': 'Zone', 'value': 56}, 'value': 'Back'}]",True,,,,,
1901113,FirstHalf,1,18.0,1,Pass,Successful,87,Juventus,273539.0,Manuel Locatelli,69.6,5.1,83.6,3.7,,,,,"[{'type': {'displayName': 'Length', 'value': 212}, 'value': '14.7'}, {'type': {'displayName': 'PassEndY', 'value': 141}, 'value': '3.7'}, {'type': {'displayName': 'PassEndX', 'value': 140}, 'value': '83.6'}, {'type': {'displayName': 'Zone', 'value': 56}, 'value': 'Right'}, {'type': {'displayName': 'Angle', 'value': 213}, 'value': '6.22'}]",True,,,,,
1901113,FirstHalf,1,23.0,1,Pass,Unsuccessful,87,Juventus,338275.0,Weston McKennie,95.7,12.5,93.9,16.0,,,,,"[{'type': {'displayName': 'RightFoot', 'value': 20}}, {'type': {'displayName': 'Zone', 'value': 56}, 'value': 'Right'}, {'type': {'displayName': 'PassEndY', 'value': 141}, 'value': '16.0'}, {'type': {'displayName': 'Length', 'value': 212}, 'value': '3.0'}, {'type': {'displayName': 'OppositeRelatedEvent', 'value': 233}, 'value': '10'}, {'type': {'displayName': 'Offensive', 'value': 286}}, {'type': {'displayName': 'Cross', 'value': 2}}, {'type': {'displayName': 'Angle', 'value': 213}, 'value': '2.24'}, {'type': {'displayName': 'PassEndX', 'value': 140}, 'value': '93.9'}]",True,,,,,
1901113,FirstHalf,1,23.0,1,Clearance,Successful,78,Cagliari,424534.0,Adam Obert,5.5,87.7,,,,,,,"[{'type': {'displayName': 'BlockedCross', 'value': 185}}, {'type': {'displayName': 'Zone', 'value': 56}, 'value': 'Back'}, {'type': {'displayName': 'OppositeRelatedEvent', 'value': 233}, 'value': '26'}]",True,,,,,
1901113,FirstHalf,1,24.0,1,CornerAwarded,Unsuccessful,78,Cagliari,424534.0,Adam Obert,0.0,87.0,,,,,,,"[{'type': {'displayName': 'Zone', 'value': 56}, 'value': 'Back'}, {'type': {'displayName': 'MissLeft', 'value': 73}}, {'type': {'displayName': 'OppositeRelatedEvent', 'value': 233}, 'value': '27'}]",False,,,,,
1901113,FirstHalf,1,24.0,1,CornerAwarded,Successful,87,Juventus,338275.0,Weston McKennie,100.0,13.0,,,,,,,"[{'type': {'displayName': 'OppositeRelatedEvent', 'value': 233}, 'value': '11'}, {'type': {'displayName': 'MissRight', 'value': 75}}, {'type': {'displayName': 'Zone', 'value': 56}, 'value': 'Right'}]",False,,,,,
1901113,FirstHalf,1,47.0,1,Pass,Successful,87,Juventus,343308.0,Teun Koopmeiners,99.5,0.5,94.7,3.0,,,,,"[{'type': {'displayName': 'PassEndY', 'value': 141}, 'value': '3.0'}, {'type': {'displayName': 'Length', 'value': 212}, 'value': '5.3'}, {'type': {'displayName': 'CornerTaken', 'value': 6}}, {'type': {'displayName': 'Zone', 'value': 56}, 'value': 'Right'}, {'type': {'displayName': 'PassEndX', 'value': 140}, 'value': '94.7'}, {'type': {'displayName': 'Angle', 'value': 213}, 'value': '2.82'}]",True,,,,,
1901113,FirstHalf,1,48.0,1,Pass,Successful,87,Juventus,494525.0,Kenan Yildiz,94.7,4.5,85.9,7.2,,,,,"[{'type': {'displayName': 'PassEndX', 'value': 140}, 'value': '85.9'}, {'type': {'displayName': 'Zone', 'value': 56}, 'value': 'Right'}, {'type': {'displayName': 'Length', 'value': 212}, 'value': '9.4'}, {'type': {'displayName': 'Angle', 'value': 213}, 'value': '2.95'}, {'type': {'displayName': 'PassEndY', 'value': 141}, 'value': '7.2'}]",True,,,,,
1901113,FirstHalf,1,50.0,1,Pass,Successful,87,Juventus,343308.0,Teun Koopmeiners,85.9,7.2,75.5,15.3,,,,,"[{'type': {'displayName': 'PassEndX', 'value': 140}, 'value': '75.5'}, {'type': {'displayName': 'Angle', 'value': 213}, 'value': '2.67'}, {'type': {'displayName': 'PassEndY', 'value': 141}, 'value': '15.3'}, {'type': {'displayName': 'Length', 'value': 212}, 'value': '12.2'}, {'type': {'displayName': 'Zone', 'value': 56}, 'value': 'Right'}]",True,,,,,
1901113,FirstHalf,1,52.0,1,Pass,Unsuccessful,87,Juventus,391836.0,Pierre Kalulu,78.7,13.2,93.4,60.1,,,,,"[{'type': {'displayName': 'PassEndY', 'value': 141}, 'value': '60.1'}, {'type': {'displayName': 'Chipped', 'value': 155}}, {'type': {'displayName': 'Longball', 'value': 1}}, {'type': {'displayName': 'Angle', 'value': 213}, 'value': '1.12'}, {'type': {'displayName': 'Length', 'value': 212}, 'value': '35.4'}, {'type': {'displayName': 'Cross', 'value': 2}}, {'type': {'displayName': 'Zone', 'value': 56}, 'value': 'Center'}, {'type': {'displayName': 'PassEndX', 'value': 140}, 'value': '93.4'}, {'type': {'displayName': 'RightFoot', 'value': 20}}]",True,,,,,
1901113,FirstHalf,1,57.0,1,Foul,Successful,78,Cagliari,141269.0,Luca Mazzitelli,5.6,40.4,,,,,,,"[{'type': {'displayName': 'Foul', 'value': 13}}, {'type': {'displayName': 'OppositeRelatedEvent', 'value': 233}, 'value': '32'}, {'type': {'displayName': 'Defensive', 'value': 285}}, {'type': {'displayName': 'Zone', 'value': 56}, 'value': 'Back'}]",True,,,,,
1901113,FirstHalf,1,57.0,1,Foul,Unsuccessful,87,Juventus,332419.0,Lloyd Kelly,94.4,59.6,,,,,,,"[{'type': {'displayName': 'Offensive', 'value': 286}}, {'type': {'displayName': 'Foul', 'value': 13}}, {'type': {'displayName': 'OppositeRelatedEvent', 'value': 233}, 'value': '12'}, {'type': {'displayName': 'Zone', 'value': 56}, 'value': 'Center'}]",False,,,,,
1901113,FirstHalf,2,11.0,2,Pass,Successful,78,Cagliari,362780.0,Elia Caprile,9.3,40.8,8.3,64.6,,,,,"[{'type': {'displayName': 'FreekickTaken', 'value': 5}}, {'type': {'displayName': 'Angle', 'value': 213}, 'value': '1.64'}, {'type': {'displayName': 'PassEndX', 'value': 140}, 'value': '8.3'}, {'type': {'displayName': 'PassEndY', 'value': 141}, 'value': '64.6'}, {'type': {'displayName': 'Zone', 'value': 56}, 'value': 'Back'}, {'type': {'displayName': 'Length', 'value': 212}, 'value': '16.2'}]",True,,,,,
1901113,FirstHalf,2,13.0,2,Pass,Successful,78,Cagliari,255292.0,Sebastiano Luperto,8.3,64.6,3.3,39.4,,,,,"[{'type': {'displayName': 'PassEndX', 'value': 140}, 'value': '3.3'}, {'type': {'displayName': 'PassEndY', 'value': 141}, 'value': '39.4'}, {'type': {'displayName': 'Length', 'value': 212}, 'value': '17.9'}, {'type': {'displayName': 'Angle', 'value': 213}, 'value': '4.42'}, {'type': {'displayName': 'Zone', 'value': 56}, 'value': 'Back'}]",True,,,,,
1901113,FirstHalf,2,14.0,2,Pass,Successful,78,Cagliari,362780.0,Elia Caprile,3.3,39.4,12.1,14.4,,,,,"[{'type': {'displayName': 'Length', 'value': 212}, 'value': '19.3'}, {'type': {'displayName': 'PassEndY', 'value': 141}, 'value': '14.4'}, {'type': {'displayName': 'PassEndX', 'value': 140}, 'value': '12.1'}, {'type': {'displayName': 'Angle', 'value': 213}, 'value': '5.21'}, {'type': {'displayName': 'Zone', 'value': 56}, 'value': 'Back'}]",True,,,,,
1901113,FirstHalf,2,16.0,2,Pass,Unsuccessful,78,Cagliari,318432.0,Yerry Mina,12.2,10.8,51.9,9.7,,,,,"[{'type': {'displayName': 'PassEndX', 'value': 140}, 'value': '51.9'}, {'type': {'displayName': 'Angle', 'value': 213}, 'value': '6.27'}, {'type': {'displayName': 'Longball', 'value': 1}}, {'type': {'displayName': 'Chipped', 'value': 155}}, {'type': {'displayName': 'Length', 'value': 212}, 'value': '41.7'}, {'type': {'displayName': 'Zone', 'value': 56}, 'value': 'Right'}, {'type': {'displayName': 'PassEndY', 'value': 141}, 'value': '9.7'}]",True,,,,,
1901113,FirstHalf,2,21.0,2,Pass,Unsuccessful,87,Juventus,332419.0,Lloyd Kelly,45.4,88.6,61.8,100.0,,,,,"[{'type': {'displayName': 'Angle', 'value': 213}, 'value': '0.43'}, {'type': {'displayName': 'PassEndY', 'value': 141}, 'value': '100.0'}, {'type': {'displayName': 'HeadPass', 'value': 3}}, {'type': {'displayName': 'Length', 'value': 212}, 'value': '18.9'}, {'type': {'displayName': 'Zone', 'value': 56}, 'value': 'Left'}, {'type': {'displayName': 'PassEndX', 'value': 140}, 'value': '61.8'}]",True,,,,,
1901113,FirstHalf,2,34.0,2,Pass,Successful,78,Cagliari,450142.0,Zé Pedro,32.5,0.0,15.4,9.9,,,,,"[{'type': {'displayName': 'PassEndX', 'value': 140}, 'value': '15.4'}, {'type': {'displayName': 'Angle', 'value': 213}, 'value': '2.72'}, {'type': {'displayName': 'Zone', 'value': 56}, 'value': 'Back'}, {'type': {'displayName': 'Length', 'value': 212}, 'value': '19.6'}, {'type': {'displayName': 'ThrowIn', 'value': 107}}, {'type': {'displayName': 'PassEndY', 'value': 141}, 'value': '9.9'}]",True,,,,,
1901113,FirstHalf,2,37.0,2,Pass,Successful,78,Cagliari,318432.0,Yerry Mina,13.9,16.8,6.4,51.1,,,,,"[{'type': {'displayName': 'Zone', 'value': 56}, 'value': 'Back'}, {'type': {'displayName': 'Length', 'value': 212}, 'value': '24.6'}, {'type': {'displayName': 'PassEndY', 'value': 141}, 'value': '51.1'}, {'type': {'displayName': 'PassEndX', 'value': 140}, 'value': '6.4'}, {'type': {'displayName': 'Angle', 'value': 213}, 'value': '1.90'}]",True,,,,,
1901113,FirstHalf,2,39.0,2,Pass,Unsuccessful,78,Cagliari,362780.0,Elia Caprile,6.3,51.4,41.9,28.0,,,,,"[{'type': {'displayName': 'Longball', 'value': 1}}, {'type': {'displayName': 'Angle', 'value': 213}, 'value': '5.88'}, {'type': {'displayName': 'Zone', 'value': 56}, 'value': 'Back'}, {'type': {'displayName': 'PassEndX', 'value': 140}, 'value': '41.9'}, {'type': {'displayName': 'PassEndY', 'value': 141}, 'value': '28.0'}, {'type': {'displayName': 'Length', 'value': 212}, 'value': '40.6'}]",True,,,,,
1901113,FirstHalf,2,43.0,2,Pass,Unsuccessful,87,Juventus,332419.0,Lloyd Kelly,55.2,70.6,68.0,75.7,,,,,"[{'type': {'displayName': 'Zone', 'value': 56}, 'value': 'Center'}, {'type': {'displayName': 'PassEndY', 'value': 141}, 'value': '75.7'}, {'type': {'displayName': 'PassEndX', 'value': 140}, 'value': '68.0'}, {'type': {'displayName': 'Angle', 'value': 213}, 'value': '0.25'}, {'type': {'displayName': 'HeadPass', 'value': 3}}, {'type': {'displayName': 'Length', 'value': 212}, 'value': '13.9'}]",True,,,,,
1901113,FirstHalf,2,43.0,2,Pass,Unsuccessful,78,Cagliari,450142.0,Zé Pedro,27.7,22.0,54.7,35.4,,,,,"[{'type': {'displayName': 'Length', 'value': 212}, 'value': '29.8'}, {'type': {'displayName': 'PassEndX', 'value': 140}, 'value': '54.7'}, {'type': {'displayName': 'PassEndY', 'value': 141}, 'value': '35.4'}, {'type': {'displayName': 'HeadPass', 'value': 3}}, {'type': {'displayName': 'Angle', 'value': 213}, 'value': '0.31'}, {'type': {'displayName': 'Zone', 'value': 56}, 'value': 'Center'}]",True,,,,,
1901113,FirstHalf,2,47.0,2,BallRecovery,Successful,87,Juventus,339875.0,Bremer,48.5,76.6,,,,,,,[],False,,,,,
1901113,FirstHalf,2,49.0,2,BallTouch,Successful,87,Juventus,339875.0,Bremer,52.6,79.5,,,,,,,"[{'type': {'displayName': 'Zone', 'value': 56}, 'value': 'Left'}]",True,,,,,
1901113,FirstHalf,2,51.0,2,Pass,Successful,87,Juventus,494525.0,Kenan Yildiz,41.7,97.8,34.8,78.7,,,,,"[{'type': {'displayName': 'Length', 'value': 212}, 'value': '14.9'}, {'type': {'displayName': 'PassEndY', 'value': 141}, 'value': '78.7'}, {'type': {'displayName': 'Zone', 'value': 56}, 'value': 'Back'}, {'type': {'displayName': 'PassEndX', 'value': 140}, 'value': '34.8'}, {'type': {'displayName': 'Angle', 'value': 213}, 'value': '4.20'}]",True,,,,,
1901113,FirstHalf,2,53.0,2,Pass,Successful,87,Juventus,423440.0,Andrea Cambiaso,31.7,78.1,44.5,74.1,,,,,"[{'type': {'displayName': 'Length', 'value': 212}, 'value': '13.7'}, {'type': {'displayName': 'PassEndY', 'value': 141}, 'value': '74.1'}, {'type': {'displayName': 'Angle', 'value': 213}, 'value': '6.08'}, {'type': {'displayName': 'Zone', 'value': 56}, 'value': 'Back'}, {'type': {'displayName': 'PassEndX', 'value': 140}, 'value': '44.5'}]",True,,,,,
1901113,FirstHalf,2,57.0,2,Pass,Successful,87,Juventus,343308.0,Teun Koopmeiners,55.9,69.6,61.8,78.1,,,,,"[{'type': {'displayName': 'PassEndX', 'value': 140}, 'value': '61.8'}, {'type': {'displayName': 'PassEndY', 'value': 141}, 'value': '78.1'}, {'type': {'displayName': 'Length', 'value': 212}, 'value': '8.5'}, {'type': {'displayName': 'Angle', 'value': 213}, 'value': '0.75'}, {'type': {'displayName': 'Zone', 'value': 56}, 'value': 'Center'}]",True,,,,,
1901113,FirstHalf,3,2.0,3,Pass,Unsuccessful,87,Juventus,339875.0,Bremer,61.4,75.1,65.8,34.8,,,,,"[{'type': {'displayName': 'Angle', 'value': 213}, 'value': '4.88'}, {'type': {'displayName': 'Length', 'value': 212}, 'value': '27.8'}, {'type': {'displayName': 'Zone', 'value': 56}, 'value': 'Center'}, {'type': {'displayName': 'PassEndY', 'value': 141}, 'value': '34.8'}, {'type': {'displayName': 'PassEndX', 'value': 140}, 'value': '65.8'}]",True,,,,,
1901113,FirstHalf,3,2.0,3,Interception,Successful,78,Cagliari,371397.0,Sebastiano Esposito,34.2,65.2,,,,,,,"[{'type': {'displayName': 'Zone', 'value': 56}, 'value': 'Back'}]",True,,,,,
1901113,FirstHalf,3,5.0,3,BallRecovery,Successful,78,Cagliari,141269.0,Luca Mazzitelli,21.7,84.3,,,,,,,[],False,,,,,
1901113,FirstHalf,3,5.0,3,Pass,Unsuccessful,78,Cagliari,141269.0,Luca Mazzitelli,21.7,84.3,52.1,81.3,,,,,"[{'type': {'displayName': 'Zone', 'value': 56}, 'value': 'Left'}, {'type': {'displayName': 'Length', 'value': 212}, 'value': '32.0'}, {'type': {'displayName': 'Longball', 'value': 1}}, {'type': {'displayName': 'Angle', 'value': 213}, 'value': '6.22'}, {'type': {'displayName': 'PassEndY', 'value': 141}, 'value': '81.3'}, {'type': {'displayName': 'PassEndX', 'value': 140}, 'value': '52.1'}]",True,,,,,
1901113,FirstHalf,3,11.0,3,BallRecovery,Successful,87,Juventus,273539.0,Manuel Locatelli,41.2,7.4,,,,,,,[],False,,,,,
1901113,FirstHalf,3,11.0,3,Pass,Successful,87,Juventus,273539.0,Manuel Locatelli,36.9,3.7,57.7,3.6,,,,,"[{'type': {'displayName': 'Angle', 'value': 213}, 'value': '6.28'}, {'type': {'displayName': 'PassEndY', 'value': 141}, 'value': '3.6'}, {'type': {'displayName': 'PassEndX', 'value': 140}, 'value': '57.7'}, {'type': {'displayName': 'Length', 'value': 212}, 'value': '21.8'}, {'type': {'displayName': 'Zone', 'value': 56}, 'value': 'Right'}]",True,,,,,
1901113,FirstHalf,3,12.0,3,Pass,Successful,87,Juventus,391836.0,Pierre Kalulu,57.7,3.6,52.1,22.0,,,,,"[{'type': {'displayName': 'Length', 'value': 212}, 'value': '13.8'}, {'type': {'displayName': 'PassEndY', 'value': 141}, 'value': '22.0'}, {'type': {'displayName': 'PassEndX', 'value': 140}, 'value': '52.1'}, {'type': {'displayName': 'Zone', 'value': 56}, 'value': 'Center'}, {'type': {'displayName': 'Angle', 'value': 213}, 'value': '2.01'}]",True,,,,,
1901113,FirstHalf,3,16.0,3,Pass,Successful,87,Juventus,425080.0,Fabio Miretti,52.1,23.1,42.6,56.4,,,,,"[{'type': {'displayName': 'Length', 'value': 212}, 'value': '24.7'}, {'type': {'displayName': 'Angle', 'value': 213}, 'value': '1.99'}, {'type': {'displayName': 'PassEndX', 'value': 140}, 'value': '42.6'}, {'type': {'displayName': 'PassEndY', 'value': 141}, 'value': '56.4'}, {'type': {'displayName': 'Zone', 'value': 56}, 'value': 'Back'}]",True,,,,,
1901113,FirstHalf,3,20.0,3,Pass,Successful,87,Juventus,332419.0,Lloyd Kelly,42.6,56.4,56.4,80.2,,,,,"[{'type': {'displayName': 'Length', 'value': 212}, 'value': '21.7'}, {'type': {'displayName': 'Zone', 'value': 56}, 'value': 'Left'}, {'type': {'displayName': 'Angle', 'value': 213}, 'value': '0.84'}, {'type': {'displayName': 'PassEndX', 'value': 140}, 'value': '56.4'}, {'type': {'displayName': 'PassEndY', 'value': 141}, 'value': '80.2'}]",True,,,,,
1901113,FirstHalf,3,23.0,3,Pass,Successful,87,Juventus,343308.0,Teun Koopmeiners,56.1,79.6,42.9,66.6,,,,,"[{'type': {'displayName': 'Zone', 'value': 56}, 'value': 'Back'}, {'type': {'displayName': 'Length', 'value': 212}, 'value': '16.4'}, {'type': {'displayName': 'PassEndY', 'value': 141}, 'value': '66.6'}, {'type': {'displayName': 'PassEndX', 'value': 140}, 'value': '42.9'}, {'type': {'displayName': 'Angle', 'value': 213}, 'value': '3.71'}]",True,,,,,
1901113,FirstHalf,3,24.0,3,Pass,Successful,87,Juventus,332419.0,Lloyd Kelly,42.9,66.6,54.1,54.9,,,,,"[{'type': {'displayName': 'Zone', 'value': 56}, 'value': 'Center'}, {'type': {'displayName': 'Length', 'value': 212}, 'value': '14.2'}, {'type': {'displayName': 'PassEndY', 'value': 141}, 'value': '54.9'}, {'type': {'displayName': 'PassEndX', 'value': 140}, 'value': '54.1'}, {'type': {'displayName': 'Angle', 'value': 213}, 'value': '5.69'}]",True,,,,,
1901113,FirstHalf,3,25.0,3,Pass,Successful,87,Juventus,425080.0,Fabio Miretti,54.1,54.9,42.7,45.6,,,,,"[{'type': {'displayName': 'PassEndX', 'value': 140}, 'value': '42.7'}, {'type': {'displayName': 'PassEndY', 'value': 141}, 'value': '45.6'}, {'type': {'displayName': 'Angle', 'value': 213}, 'value': '3.63'}, {'type': {'displayName': 'LayOff', 'value': 156}}, {'type': {'displayName': 'Length', 'value': 212}, 'value': '13.5'}, {'type': {'displayName': 'Zone', 'value': 56}, 'value': 'Back'}]",True,,,,,
1901113,FirstHalf,3,28.0,3,Pass,Successful,87,Juventus,339875.0,Bremer,42.7,45.6,67.1,30.9,,,,,"[{'type': {'displayName': 'Zone', 'value': 56}, 'value': 'Center'}, {'type': {'displayName': 'Length', 'value': 212}, 'value': '27.5'}, {'type': {'displayName': 'PassEndX', 'value': 140}, 'value': '67.1'}, {'type': {'displayName': 'Angle', 'value': 213}, 'value': '5.91'}, {'type': {'displayName': 'PassEndY', 'value': 141}, 'value': '30.9'}]",True,,,,,
1901113,FirstHalf,3,30.0,3,Pass,Successful,87,Juventus,338275.0,Weston McKennie,67.6,25.5,84.8,5.2,,,,,"[{'type': {'displayName': 'PassEndY', 'value': 141}, 'value': '5.2'}, {'type': {'displayName': 'Length', 'value': 212}, 'value': '22.7'}, {'type': {'displayName': 'Angle', 'value': 213}, 'value': '5.63'}, {'type': {'displayName': 'Zone', 'value': 56}, 'value': 'Right'}, {'type': {'displayName': 'PassEndX', 'value': 140}, 'value': '84.8'}]",True,,,,,
1901113,FirstHalf,3,33.0,3,Pass,Successful,87,Juventus,391836.0,Pierre Kalulu,81.9,5.2,67.6,14.5,,,,,"[{'type': {'displayName': 'Angle', 'value': 213}, 'value': '2.74'}, {'type': {'displayName': 'PassEndY', 'value': 141}, 'value': '14.5'}, {'type': {'displayName': 'PassEndX', 'value': 140}, 'value': '67.6'}, {'type': {'displayName': 'Zone', 'value': 56}, 'value': 'Right'}, {'type': {'displayName': 'Length', 'value': 212}, 'value': '16.3'}]",True,,,,,
1901113,FirstHalf,3,36.0,3,Pass,Successful,87,Juventus,273539.0,Manuel Locatelli,67.6,14.5,88.3,27.1,,,,,"[{'type': {'displayName': 'PassEndY', 'value': 141}, 'value': '27.1'}, {'type': {'displayName': 'PassEndX', 'value': 140}, 'value': '88.3'}, {'type': {'displayName': 'Zone', 'value': 56}, 'value': 'Center'}, {'type': {'displayName': 'Angle', 'value': 213}, 'value': '0.38'}, {'type': {'displayName': 'Length', 'value': 212}, 'value': '23.4'}]",True,,,,,
1901113,FirstHalf,3,38.0,3,Pass,Successful,87,Juventus,423440.0,Andrea Cambiaso,88.3,27.1,77.8,31.9,,,,,"[{'type': {'displayName': 'Angle', 'value': 213}, 'value': '2.85'}, {'type': {'displayName': 'Zone', 'value': 56}, 'value': 'Center'}, {'type': {'displayName': 'PassEndY', 'value': 141}, 'value': '31.9'}, {'type': {'displayName': 'PassEndX', 'value': 140}, 'value': '77.8'}, {'type': {'displayName': 'Length', 'value': 212}, 'value': '11.5'}]",True,,,,,
1901113,FirstHalf,3,39.0,3,Pass,Unsuccessful,87,Juventus,338275.0,Weston McKennie,77.8,31.9,83.6,35.2,,,,,"[{'type': {'displayName': 'Zone', 'value': 56}, 'value': 'Center'}, {'type': {'displayName': 'PassEndY', 'value': 141}, 'value': '35.2'}, {'type': {'displayName': 'Offensive', 'value': 286}}, {'type': {'displayName': 'Angle', 'value': 213}, 'value': '0.35'}, {'type': {'displayName': 'PassEndX', 'value': 140}, 'value': '83.6'}, {'type': {'displayName': 'Length', 'value': 212}, 'value': '6.5'}, {'type': {'displayName': 'OppositeRelatedEvent', 'value': 233}, 'value': '27'}]",True,,,,,
1901113,FirstHalf,3,39.0,3,BlockedPass,Successful,78,Cagliari,141269.0,Luca Mazzitelli,16.4,64.8,,,,,,,"[{'type': {'displayName': 'OppositeRelatedEvent', 'value': 233}, 'value': '55'}, {'type': {'displayName': 'Zone', 'value': 56}, 'value': 'Back'}, {'type': {'displayName': 'Defensive', 'value': 285}}]",True,,,,,
1901113,FirstHalf,3,41.0,3,BallTouch,Successful,87,Juventus,338275.0,Weston McKennie,81.9,34.8,,,,,,,"[{'type': {'displayName': 'Zone', 'value': 56}, 'value': 'Center'}]",True,,,,,
1901113,FirstHalf,3,42.0,3,Clearance,Successful,78,Cagliari,369883.0,Gianluca Gaetano,15.6,62.1,23.6,0.0,,,,,"[{'type': {'displayName': 'Angle', 'value': 213}, 'value': '4.90'}, {'type': {'displayName': 'PassEndY', 'value': 141}, 'value': '0.0'}, {'type': {'displayName': 'PassEndX', 'value': 140}, 'value': '23.6'}, {'type': {'displayName': 'Zone', 'value': 56}, 'value': 'Back'}, {'type': {'displayName': 'Length', 'value': 212}, 'value': '44.1'}]",True,,,,,
1901113,FirstHalf,3,52.0,3,Pass,Successful,87,Juventus,494525.0,Kenan Yildiz,67.1,100.0,92.6,74.8,,,,,"[{'type': {'displayName': 'PassEndY', 'value': 141}, 'value': '74.8'}, {'type': {'displayName': 'Zone', 'value': 56}, 'value': 'Center'}, {'type': {'displayName': 'Length', 'value': 212}, 'value': '32.3'}, {'type': {'displayName': 'ThrowIn', 'value': 107}}, {'type': {'displayName': 'Angle', 'value': 213}, 'value': '5.69'}, {'type': {'displayName': 'Longball', 'value': 1}}, {'type': {'displayName': 'PassEndX', 'value': 140}, 'value': '92.6'}]",True,,,,,
1901113,FirstHalf,3,56.0,3,Pass,Successful,87,Juventus,383855.0,Jonathan David,92.6,74.8,88.9,84.9,,,,,"[{'type': {'displayName': 'Length', 'value': 212}, 'value': '7.9'}, {'type': {'displayName': 'Zone', 'value': 56}, 'value': 'Left'}, {'type': {'displayName': 'PassEndX', 'value': 140}, 'value': '88.9'}, {'type': {'displayName': 'PassEndY', 'value': 141}, 'value': '84.9'}, {'type': {'displayName': 'Chipped', 'value': 155}}, {'type': {'displayName': 'Angle', 'value': 213}, 'value': '2.09'}]",True,,,,,
1901113,FirstHalf,3,57.0,3,Pass,Unsuccessful,87,Juventus,423440.0,Andrea Cambiaso,88.9,84.9,91.2,66.7,,,,,"[{'type': {'displayName': 'PassEndY', 'value': 141}, 'value': '66.7'}, {'type': {'displayName': 'LeftFoot', 'value': 72}}, {'type': {'displayName': 'Angle', 'value': 213}, 'value': '4.91'}, {'type': {'displayName': 'Zone', 'value': 56}, 'value': 'Center'}, {'type': {'displayName': 'PassEndX', 'value': 140}, 'value': '91.2'}, {'type': {'displayName': 'Length', 'value': 212}, 'value': '12.6'}, {'type': {'displayName': 'Cross', 'value': 2}}]",True,,,,,
1901113,FirstHalf,3,58.0,3,BallTouch,Successful,78,Cagliari,255292.0,Sebastiano Luperto,6.7,23.7,,,,,,,"[{'type': {'displayName': 'Zone', 'value': 56}, 'value': 'Back'}]",True,,,,,
1901113,FirstHalf,3,58.0,3,BallTouch,Successful,78,Cagliari,450142.0,Zé Pedro,11.5,13.5,,,,,,,"[{'type': {'displayName': 'Zone', 'value': 56}, 'value': 'Back'}]",True,,,,,
1901113,FirstHalf,3,59.0,3,BallRecovery,Successful,78,Cagliari,481154.0,Marco Palestra,12.1,6.4,,,,,,,[],False,,,,,
1901113,FirstHalf,4,,4,OffsideGiven,Unsuccessful,87,Juventus,494525.0,Kenan Yildiz,87.0,87.9,,,,,,,[],False,,,,,
1901113,FirstHalf,4,2.0,4,Pass,Unsuccessful,78,Cagliari,481154.0,Marco Palestra,9.9,4.9,31.8,5.1,,,,,"[{'type': {'displayName': 'Longball', 'value': 1}}, {'type': {'displayName': 'Zone', 'value': 56}, 'value': 'Back'}, {'type': {'displayName': 'PassEndX', 'value': 140}, 'value': '31.8'}, {'type': {'displayName': 'Length', 'value': 212}, 'value': '23.0'}, {'type': {'displayName': 'PassEndY', 'value': 141}, 'value': '5.1'}, {'type': {'displayName': 'Angle', 'value': 213}, 'value': '0.01'}]",True,,,,,
1901113,FirstHalf,4,4.0,4,Aerial,Successful,87,Juventus,332419.0,Lloyd Kelly,68.2,94.9,,,,,,,"[{'type': {'displayName': 'Zone', 'value': 56}, 'value': 'Left'}, {'type': {'displayName': 'Offensive', 'value': 286}}, {'type': {'displayName': 'OppositeRelatedEvent', 'value': 233}, 'value': '35'}]",False,,,,,
1901113,FirstHalf,4,4.0,4,Aerial,Unsuccessful,78,Cagliari,457171.0,Semih Kiliçsoy,31.8,5.1,,,,,,,"[{'type': {'displayName': 'Zone', 'value': 56}, 'value': 'Back'}, {'type': {'displayName': 'Defensive', 'value': 285}}, {'type': {'displayName': 'OppositeRelatedEvent', 'value': 233}, 'value': '61'}]",False,,,,,
1901113,FirstHalf,4,5.0,4,Pass,Successful,87,Juventus,332419.0,Lloyd Kelly,68.2,94.9,42.7,97.6,,,,,"[{'type': {'displayName': 'PassEndX', 'value': 140}, 'value': '42.7'}, {'type': {'displayName': 'Length', 'value': 212}, 'value': '26.8'}, {'type': {'displayName': 'Angle', 'value': 213}, 'value': '3.07'}, {'type': {'displayName': 'PassEndY', 'value': 141}, 'value': '97.6'}, {'type': {'displayName': 'Zone', 'value': 56}, 'value': 'Back'}, {'type': {'displayName': 'HeadPass', 'value': 3}}]",True,,,,,
1901113,FirstHalf,4,8.0,4,BallRecovery,Successful,87,Juventus,339875.0,Bremer,40.3,96.7,,,,,,,[],False,,,,,
1901113,FirstHalf,4,14.0,4,Pass,Successful,87,Juventus,339875.0,Bremer,30.4,70.8,41.6,87.3,,,,,"[{'type': {'displayName': 'PassEndY', 'value': 141}, 'value': '87.3'}, {'type': {'displayName': 'Length', 'value': 212}, 'value': '16.3'}, {'type': {'displayName': 'Angle', 'value': 213}, 'value': '0.76'}, {'type': {'displayName': 'PassEndX', 'value': 140}, 'value': '41.6'}, {'type': {'displayName': 'Zone', 'value': 56}, 'value': 'Back'}]",True,,,,,
1901113,FirstHalf,4,17.0,4,Pass,Successful,87,Juventus,332419.0,Lloyd Kelly,39.7,91.6,53.4,89.7,,,,,"[{'type': {'displayName': 'Zone', 'value': 56}, 'value': 'Left'}, {'type': {'displayName': 'PassEndX', 'value': 140}, 'value': '53.4'}, {'type': {'displayName': 'Angle', 'value': 213}, 'value': '6.19'}, {'type': {'displayName': 'Length', 'value': 212}, 'value': '14.4'}, {'type': {'displayName': 'PassEndY', 'value': 141}, 'value': '89.7'}]",True,,,,,
1901113,FirstHalf,4,18.0,4,Pass,Successful,87,Juventus,423440.0,Andrea Cambiaso,53.4,89.7,41.0,90.4,,,,,"[{'type': {'displayName': 'PassEndY', 'value': 141}, 'value': '90.4'}, {'type': {'displayName': 'Length', 'value': 212}, 'value': '13.0'}, {'type': {'displayName': 'Angle', 'value': 213}, 'value': '3.11'}, {'type': {'displayName': 'LayOff', 'value': 156}}, {'type': {'displayName': 'PassEndX', 'value': 140}, 'value': '41.0'}, {'type': {'displayName': 'Zone', 'value': 56}, 'value': 'Back'}]",True,,,,,
1901113,FirstHalf,4,23.0,4,Pass,Successful,87,Juventus,332419.0,Lloyd Kelly,50.8,72.0,56.5,67.9,,,,,"[{'type': {'displayName': 'Length', 'value': 212}, 'value': '6.6'}, {'type': {'displayName': 'PassEndY', 'value': 141}, 'value': '67.9'}, {'type': {'displayName': 'Angle', 'value': 213}, 'value': '5.85'}, {'type': {'displayName': 'Zone', 'value': 56}, 'value': 'Center'}, {'type': {'displayName': 'PassEndX', 'value': 140}, 'value': '56.5'}]",True,,,,,
1901113,FirstHalf,4,24.0,4,Pass,Successful,87,Juventus,273539.0,Manuel Locatelli,55.3,70.8,59.3,95.8,,,,,"[{'type': {'displayName': 'PassEndY', 'value': 141}, 'value': '95.8'}, {'type': {'displayName': 'PassEndX', 'value': 140}, 'value': '59.3'}, {'type': {'displayName': 'Zone', 'value': 56}, 'value': 'Left'}, {'type': {'displayName': 'Length', 'value': 212}, 'value': '17.5'}, {'type': {'displayName': 'Angle', 'value': 213}, 'value': '1.33'}]",True,,,,,
1901113,FirstHalf,4,26.0,4,Pass,Successful,87,Juventus,423440.0,Andrea Cambiaso,59.3,95.8,53.7,90.9,,,,,"[{'type': {'displayName': 'PassEndX', 'value': 140}, 'value': '53.7'}, {'type': {'displayName': 'PassEndY', 'value': 141}, 'value': '90.9'}, {'type': {'displayName': 'Length', 'value': 212}, 'value': '6.8'}, {'type': {'displayName': 'Angle', 'value': 213}, 'value': '3.66'}, {'type': {'displayName': 'Zone', 'value': 56}, 'value': 'Left'}]",True,,,,,
1901113,FirstHalf,4,30.0,4,Pass,Successful,87,Juventus,273539.0,Manuel Locatelli,57.2,77.7,54.2,62.8,,,,,"[{'type': {'displayName': 'Length', 'value': 212}, 'value': '10.6'}, {'type': {'displayName': 'Zone', 'value': 56}, 'value': 'Center'}, {'type': {'displayName': 'PassEndY', 'value': 141}, 'value': '62.8'}, {'type': {'displayName': 'PassEndX', 'value': 140}, 'value': '54.2'}, {'type': {'displayName': 'Angle', 'value': 213}, 'value': '4.41'}]",True,,,,,
1901113,FirstHalf,4,33.0,4,Challenge,Unsuccessful,78,Cagliari,371397.0,Sebastiano Esposito,42.4,39.2,,,,,,,"[{'type': {'displayName': 'OppositeRelatedEvent', 'value': 233}, 'value': '71'}, {'type': {'displayName': 'Defensive', 'value': 285}}, {'type': {'displayName': 'Zone', 'value': 56}, 'value': 'Back'}]",False,,,,,
1901113,FirstHalf,4,33.0,4,TakeOn,Successful,87,Juventus,425080.0,Fabio Miretti,57.6,60.8,,,,,,,"[{'type': {'displayName': 'Zone', 'value': 56}, 'value': 'Center'}, {'type': {'displayName': 'OppositeRelatedEvent', 'value': 233}, 'value': '37'}, {'type': {'displayName': 'Offensive', 'value': 286}}]",True,,,,,
1901113,FirstHalf,4,34.0,4,TakeOn,Unsuccessful,87,Juventus,425080.0,Fabio Miretti,62.4,63.2,,,,,,,"[{'type': {'displayName': 'OppositeRelatedEvent', 'value': 233}, 'value': '38'}, {'type': {'displayName': 'Zone', 'value': 56}, 'value': 'Center'}, {'type': {'displayName': 'Offensive', 'value': 286}}]",True,,,,,
1901113,FirstHalf,4,34.0,4,Tackle,Unsuccessful,78,Cagliari,141269.0,Luca Mazzitelli,37.6,36.8,,,,,,,"[{'type': {'displayName': 'StandingSave', 'value': 178}}, {'type': {'displayName': 'Zone', 'value': 56}, 'value': 'Back'}, {'type': {'displayName': 'Defensive', 'value': 285}}, {'type': {'displayName': 'OppositeRelatedEvent', 'value': 233}, 'value': '72'}]",True,,,,,
1901113,FirstHalf,4,34.0,4,BallTouch,Successful,87,Juventus,425080.0,Fabio Miretti,66.6,63.5,,,,,,,"[{'type': {'displayName': 'Zone', 'value': 56}, 'value': 'Center'}]",True,,,,,
1901113,FirstHalf,4,35.0,4,BallTouch,Unsuccessful,78,Cagliari,369883.0,Gianluca Gaetano,36.8,36.6,,,,,,,"[{'type': {'displayName': 'Zone', 'value': 56}, 'value': 'Back'}]",True,,,,,
1901113,FirstHalf,4,37.0,4,OffsidePass,Successful,87,Juventus,425080.0,Fabio Miretti,76.4,67.1,87.0,87.9,,,,,"[{'type': {'displayName': 'PassEndY', 'value': 141}, 'value': '87.9'}, {'type': {'displayName': 'PlayerCaughtOffside', 'value': 7}, 'value': '494525'}, {'type': {'displayName': 'Zone', 'value': 56}, 'value': 'Left'}, {'type': {'displayName': 'PassEndX', 'value': 140}, 'value': '87.0'}]",True,,,,,
1901113,FirstHalf,4,37.0,4,OffsideProvoked,Successful,78,Cagliari,450142.0,Zé Pedro,20.8,26.4,,,,,,,[],False,,,,,
1901113,FirstHalf,5,21.0,5,Pass,Unsuccessful,78,Cagliari,362780.0,Elia Caprile,15.7,29.5,55.2,30.7,,,,,"[{'type': {'displayName': 'PassEndY', 'value': 141}, 'value': '30.7'}, {'type': {'displayName': 'Angle', 'value': 213}, 'value': '0.02'}, {'type': {'displayName': 'Longball', 'value': 1}}, {'type': {'displayName': 'FreekickTaken', 'value': 5}}, {'type': {'displayName': 'Zone', 'value': 56}, 'value': 'Center'}, {'type': {'displayName': 'PassEndX', 'value': 140}, 'value': '55.2'}, {'type': {'displayName': 'Length', 'value': 212}, 'value': '41.5'}, {'type': {'displayName': 'IndirectFreekickTaken', 'value': 241}}]",True,,,,,
1901113,FirstHalf,5,23.0,5,BallTouch,Successful,87,Juventus,425080.0,Fabio Miretti,46.4,71.5,,,,,,,"[{'type': {'displayName': 'Zone', 'value': 56}, 'value': 'Back'}]",True,,,,,
1901113,FirstHalf,5,25.0,5,BallRecovery,Successful,87,Juventus,273539.0,Manuel Locatelli,35.9,57.6,,,,,,,[],False,,,,,
1901113,FirstHalf,5,25.0,5,Pass,Successful,87,Juventus,273539.0,Manuel Locatelli,35.9,57.6,39.2,34.8,,,,,"[{'type': {'displayName': 'PassEndY', 'value': 141}, 'value': '34.8'}, {'type': {'displayName': 'PassEndX', 'value': 140}, 'value': '39.2'}, {'type': {'displayName': 'Length', 'value': 212}, 'value': '15.9'}, {'type': {'displayName': 'Angle', 'value': 213}, 'value': '4.93'}, {'type': {'displayName': 'Zone', 'value': 56}, 'value': 'Back'}]",True,,,,,
1901113,FirstHalf,5,30.0,5,Pass,Successful,87,Juventus,338275.0,Weston McKennie,57.7,20.1,68.6,3.7,,,,,"[{'type': {'displayName': 'PassEndX', 'value': 140}, 'value': '68.6'}, {'type': {'displayName': 'PassEndY', 'value': 141}, 'value': '3.7'}, {'type': {'displayName': 'Angle', 'value': 213}, 'value': '5.51'}, {'type': {'displayName': 'Length', 'value': 212}, 'value': '16.0'}, {'type': {'displayName': 'Zone', 'value': 56}, 'value': 'Right'}]",True,,,,,
1901113,FirstHalf,5,32.0,5,TakeOn,Unsuccessful,87,Juventus,391836.0,Pierre Kalulu,71.1,6.1,,,,,,,"[{'type': {'displayName': 'Zone', 'value': 56}, 'value': 'Right'}, {'type': {'displayName': 'OppositeRelatedEvent', 'value': 233}, 'value': '45'}, {'type': {'displayName': 'Offensive', 'value': 286}}]",True,,,,,
1901113,FirstHalf,5,32.0,5,Tackle,Unsuccessful,78,Cagliari,424534.0,Adam Obert,28.9,93.9,,,,,,,"[{'type': {'displayName': 'OppositeRelatedEvent', 'value': 233}, 'value': '81'}, {'type': {'displayName': 'StandingSave', 'value': 178}}, {'type': {'displayName': 'Zone', 'value': 56}, 'value': 'Back'}, {'type': {'displayName': 'Defensive', 'value': 285}}]",True,,,,,
1901113,FirstHalf,5,36.0,5,Pass,Successful,87,Juventus,391836.0,Pierre Kalulu,61.0,4.0,54.3,13.3,,,,,"[{'type': {'displayName': 'PassEndX', 'value': 140}, 'value': '54.3'}, {'type': {'displayName': 'Angle', 'value': 213}, 'value': '2.41'}, {'type': {'displayName': 'PassEndY', 'value': 141}, 'value': '13.3'}, {'type': {'displayName': 'Length', 'value': 212}, 'value': '9.5'}, {'type': {'displayName': 'Zone', 'value': 56}, 'value': 'Right'}]",True,,,,,
1901113,FirstHalf,5,37.0,5,Pass,Successful,87,Juventus,273539.0,Manuel Locatelli,54.3,13.3,66.1,25.0,,,,,"[{'type': {'displayName': 'Angle', 'value': 213}, 'value': '0.57'}, {'type': {'displayName': 'Length', 'value': 212}, 'value': '14.7'}, {'type': {'displayName': 'PassEndX', 'value': 140}, 'value': '66.1'}, {'type': {'displayName': 'PassEndY', 'value': 141}, 'value': '25.0'}, {'type': {'displayName': 'Zone', 'value': 56}, 'value': 'Center'}]",True,,,,,
1901113,FirstHalf,5,38.0,5,Pass,Successful,87,Juventus,383855.0,Jonathan David,66.1,25.0,54.9,41.4,,,,,"[{'type': {'displayName': 'PassEndY', 'value': 141}, 'value': '41.4'}, {'type': {'displayName': 'Angle', 'value': 213}, 'value': '2.38'}, {'type': {'displayName': 'PassEndX', 'value': 140}, 'value': '54.9'}, {'type': {'displayName': 'Zone', 'value': 56}, 'value': 'Center'}, {'type': {'displayName': 'Length', 'value': 212}, 'value': '16.2'}]",True,,,,,
1901113,FirstHalf,5,40.0,5,Pass,Successful,87,Juventus,343308.0,Teun Koopmeiners,54.9,41.4,41.8,38.1,,,,,"[{'type': {'displayName': 'Angle', 'value': 213}, 'value': '3.30'}, {'type': {'displayName': 'PassEndX', 'value': 140}, 'value': '41.8'}, {'type': {'displayName': 'PassEndY', 'value': 141}, 'value': '38.1'}, {'type': {'displayName': 'Length', 'value': 212}, 'value': '13.9'}, {'type': {'displayName': 'Zone', 'value': 56}, 'value': 'Back'}]",True,,,,,
1901113,FirstHalf,5,42.0,5,Pass,Successful,87,Juventus,339875.0,Bremer,46.2,37.9,65.0,64.8,,,,,"[{'type': {'displayName': 'Length', 'value': 212}, 'value': '26.9'}, {'type': {'displayName': 'PassEndY', 'value': 141}, 'value': '64.8'}, {'type': {'displayName': 'Angle', 'value': 213}, 'value': '0.75'}, {'type': {'displayName': 'Zone', 'value': 56}, 'value': 'Center'}, {'type': {'displayName': 'PassEndX', 'value': 140}, 'value': '65.0'}]",True,,,,,
1901113,FirstHalf,5,44.0,5,Pass,Successful,87,Juventus,423440.0,Andrea Cambiaso,64.7,65.2,69.5,61.9,,,,,"[{'type': {'displayName': 'PassEndY', 'value': 141}, 'value': '61.9'}, {'type': {'displayName': 'PassEndX', 'value': 140}, 'value': '69.5'}, {'type': {'displayName': 'Angle', 'value': 213}, 'value': '5.86'}, {'type': {'displayName': 'Zone', 'value': 56}, 'value': 'Center'}, {'type': {'displayName': 'Length', 'value': 212}, 'value': '5.5'}]",True,,,,,
1901113,FirstHalf,5,46.0,5,Pass,Successful,87,Juventus,425080.0,Fabio Miretti,70.3,61.9,68.4,42.1,,,,,"[{'type': {'displayName': 'Angle', 'value': 213}, 'value': '4.57'}, {'type': {'displayName': 'PassEndY', 'value': 141}, 'value': '42.1'}, {'type': {'displayName': 'Length', 'value': 212}, 'value': '13.6'}, {'type': {'displayName': 'PassEndX', 'value': 140}, 'value': '68.4'}, {'type': {'displayName': 'Zone', 'value': 56}, 'value': 'Center'}]",True,,,,,
1901113,FirstHalf,5,48.0,5,Pass,Successful,87,Juventus,383855.0,Jonathan David,69.0,40.2,69.3,11.4,,,,,"[{'type': {'displayName': 'PassEndY', 'value': 141}, 'value': '11.4'}, {'type': {'displayName': 'Length', 'value': 212}, 'value': '19.6'}, {'type': {'displayName': 'Zone', 'value': 56}, 'value': 'Right'}, {'type': {'displayName': 'Angle', 'value': 213}, 'value': '4.73'}, {'type': {'displayName': 'PassEndX', 'value': 140}, 'value': '69.3'}]",True,,,,,
1901113,FirstHalf,5,50.0,5,Pass,Successful,87,Juventus,391836.0,Pierre Kalulu,70.4,14.2,61.7,23.4,,,,,"[{'type': {'displayName': 'Length', 'value': 212}, 'value': '11.1'}, {'type': {'displayName': 'Angle', 'value': 213}, 'value': '2.54'}, {'type': {'displayName': 'Zone', 'value': 56}, 'value': 'Center'}, {'type': {'displayName': 'PassEndX', 'value': 140}, 'value': '61.7'}, {'type': {'displayName': 'PassEndY', 'value': 141}, 'value': '23.4'}]",True,,,,,
1901113,FirstHalf,5,53.0,5,Pass,Unsuccessful,87,Juventus,273539.0,Manuel Locatelli,60.8,31.2,82.3,40.2,,,,,"[{'type': {'displayName': 'Angle', 'value': 213}, 'value': '0.26'}, {'type': {'displayName': 'Length', 'value': 212}, 'value': '23.4'}, {'type': {'displayName': 'Zone', 'value': 56}, 'value': 'Center'}, {'type': {'displayName': 'PassEndX', 'value': 140}, 'value': '82.3'}, {'type': {'displayName': 'PassEndY', 'value': 141}, 'value': '40.2'}]",True,,,,,
1901113,FirstHalf,5,55.0,5,Clearance,Successful,78,Cagliari,318432.0,Yerry Mina,19.1,64.3,24.9,85.5,,,,,"[{'type': {'displayName': 'PassEndY', 'value': 141}, 'value': '85.5'}, {'type': {'displayName': 'Length', 'value': 212}, 'value': '15.6'}, {'type': {'displayName': 'Zone', 'value': 56}, 'value': 'Back'}, {'type': {'displayName': 'Angle', 'value': 213}, 'value': '1.17'}, {'type': {'displayName': 'PassEndX', 'value': 140}, 'value': '24.9'}]",True,,,,,
1901113,FirstHalf,5,57.0,5,Pass,Unsuccessful,78,Cagliari,141269.0,Luca Mazzitelli,24.9,85.3,60.0,46.3,,,,,"[{'type': {'displayName': 'PassEndX', 'value': 140}, 'value': '60.0'}, {'type': {'displayName': 'PassEndY', 'value': 141}, 'value': '46.3'}, {'type': {'displayName': 'Angle', 'value': 213}, 'value': '5.66'}, {'type': {'displayName': 'Longball', 'value': 1}}, {'type': {'displayName': 'Length', 'value': 212}, 'value': '45.4'}, {'type': {'displayName': 'Zone', 'value': 56}, 'value': 'Center'}, {'type': {'displayName': 'Chipped', 'value': 155}}]",True,,,,,
1901113,FirstHalf,6,3.0,6,Pass,Successful,87,Juventus,332419.0,Lloyd Kelly,36.6,61.7,48.1,62.2,,,,,"[{'type': {'displayName': 'Zone', 'value': 56}, 'value': 'Back'}, {'type': {'displayName': 'Angle', 'value': 213}, 'value': '0.03'}, {'type': {'displayName': 'Length', 'value': 212}, 'value': '12.1'}, {'type': {'displayName': 'PassEndX', 'value': 140}, 'value': '48.1'}, {'type': {'displayName': 'PassEndY', 'value': 141}, 'value': '62.2'}]",True,,,,,
1901113,FirstHalf,6,6.0,6,Pass,Successful,87,Juventus,343308.0,Teun Koopmeiners,51.4,65.4,66.2,64.3,,,,,"[{'type': {'displayName': 'Length', 'value': 212}, 'value': '15.6'}, {'type': {'displayName': 'Zone', 'value': 56}, 'value': 'Center'}, {'type': {'displayName': 'Angle', 'value': 213}, 'value': '6.24'}, {'type': {'displayName': 'PassEndX', 'value': 140}, 'value': '66.2'}, {'type': {'displayName': 'PassEndY', 'value': 141}, 'value': '64.3'}]",True,,,,,
1901113,FirstHalf,6,7.0,6,Pass,Successful,87,Juventus,383855.0,Jonathan David,65.9,64.5,63.0,79.5,,,,,"[{'type': {'displayName': 'PassEndY', 'value': 141}, 'value': '79.5'}, {'type': {'displayName': 'Length', 'value': 212}, 'value': '10.6'}, {'type': {'displayName': 'PassEndX', 'value': 140}, 'value': '63.0'}, {'type': {'displayName': 'Zone', 'value': 56}, 'value': 'Left'}, {'type': {'displayName': 'Angle', 'value': 213}, 'value': '1.86'}]",True,,,,,
1901113,FirstHalf,6,12.0,6,Pass,Successful,87,Juventus,423440.0,Andrea Cambiaso,68.0,90.9,80.3,96.3,,,,,"[{'type': {'displayName': 'Angle', 'value': 213}, 'value': '0.28'}, {'type': {'displayName': 'Zone', 'value': 56}, 'value': 'Left'}, {'type': {'displayName': 'PassEndX', 'value': 140}, 'value': '80.3'}, {'type': {'displayName': 'PassEndY', 'value': 141}, 'value': '96.3'}, {'type': {'displayName': 'Length', 'value': 212}, 'value': '13.4'}]",True,,,,,
1901113,FirstHalf,6,15.0,6,Pass,Successful,87,Juventus,494525.0,Kenan Yildiz,87.8,91.9,85.9,76.2,,,,,"[{'type': {'displayName': 'Zone', 'value': 56}, 'value': 'Center'}, {'type': {'displayName': 'Length', 'value': 212}, 'value': '10.9'}, {'type': {'displayName': 'Angle', 'value': 213}, 'value': '4.53'}, {'type': {'displayName': 'PassEndY', 'value': 141}, 'value': '76.2'}, {'type': {'displayName': 'PassEndX', 'value': 140}, 'value': '85.9'}]",True,,,,,
1901113,FirstHalf,6,16.0,6,Pass,Successful,87,Juventus,423440.0,Andrea Cambiaso,87.2,75.8,84.6,83.0,,,,,"[{'type': {'displayName': 'Angle', 'value': 213}, 'value': '2.08'}, {'type': {'displayName': 'PassEndX', 'value': 140}, 'value': '84.6'}, {'type': {'displayName': 'PassEndY', 'value': 141}, 'value': '83.0'}, {'type': {'displayName': 'Length', 'value': 212}, 'value': '5.6'}, {'type': {'displayName': 'Zone', 'value': 56}, 'value': 'Left'}]",True,,,,,
1901113,FirstHalf,6,16.0,6,Pass,Unsuccessful,87,Juventus,494525.0,Kenan Yildiz,83.9,80.8,96.6,40.9,,,,,"[{'type': {'displayName': 'PassEndX', 'value': 140}, 'value': '96.6'}, {'type': {'displayName': 'Zone', 'value': 56}, 'value': 'Center'}, {'type': {'displayName': 'RightFoot', 'value': 20}}, {'type': {'displayName': 'Angle', 'value': 213}, 'value': '5.17'}, {'type': {'displayName': 'Length', 'value': 212}, 'value': '30.2'}, {'type': {'displayName': 'Cross', 'value': 2}}, {'type': {'displayName': 'Chipped', 'value': 155}}, {'type': {'displayName': 'PassEndY', 'value': 141}, 'value': '40.9'}]",True,,,,,
1901113,FirstHalf,6,20.0,6,Clearance,Successful,78,Cagliari,424534.0,Adam Obert,0.9,60.9,2.4,100.0,,,,,"[{'type': {'displayName': 'PassEndY', 'value': 141}, 'value': '100.0'}, {'type': {'displayName': 'Angle', 'value': 213}, 'value': '1.51'}, {'type': {'displayName': 'Length', 'value': 212}, 'value': '27.2'}, {'type': {'displayName': 'PassEndX', 'value': 140}, 'value': '2.4'}, {'type': {'displayName': 'Zone', 'value': 56}, 'value': 'Back'}]",True,,,,,
1901113,FirstHalf,6,50.0,6,Pass,Unsuccessful,87,Juventus,338275.0,Weston McKennie,89.4,0.0,80.4,70.5,,,,,"[{'type': {'displayName': 'Zone', 'value': 56}, 'value': 'Center'}, {'type': {'displayName': 'Length', 'value': 212}, 'value': '50.1'}, {'type': {'displayName': 'PassEndY', 'value': 141}, 'value': '70.5'}, {'type': {'displayName': 'PassEndX', 'value': 140}, 'value': '80.4'}, {'type': {'displayName': 'Angle', 'value': 213}, 'value': '1.76'}, {'type': {'displayName': 'ThrowIn', 'value': 107}}, {'type': {'displayName': 'Longball', 'value': 1}}]",True,,,,,
1901113,FirstHalf,6,56.0,6,BallRecovery,Successful,78,Cagliari,481154.0,Marco Palestra,21.3,19.0,,,,,,,[],False,,,,,
1901113,FirstHalf,7,7.0,7,Foul,Successful,78,Cagliari,481154.0,Marco Palestra,77.0,8.2,,,,,,,"[{'type': {'displayName': 'Offensive', 'value': 286}}, {'type': {'displayName': 'Foul', 'value': 13}}, {'type': {'displayName': 'OppositeRelatedEvent', 'value': 233}, 'value': '101'}, {'type': {'displayName': 'Zone', 'value': 56}, 'value': 'Right'}]",True,,,,,
1901113,FirstHalf,7,7.0,7,Foul,Unsuccessful,87,Juventus,343308.0,Teun Koopmeiners,23.0,91.8,,,,,,,"[{'type': {'displayName': 'OppositeRelatedEvent', 'value': 233}, 'value': '51'}, {'type': {'displayName': 'Zone', 'value': 56}, 'value': 'Back'}, {'type': {'displayName': 'Foul', 'value': 13}}, {'type': {'displayName': 'Defensive', 'value': 285}}]",False,,,,,
1901113,FirstHalf,8,5.0,8,Pass,Unsuccessful,78,Cagliari,371397.0,Sebastiano Esposito,79.1,3.4,100.0,48.0,,,,,"[{'type': {'displayName': 'Longball', 'value': 1}}, {'type': {'displayName': 'PassEndX', 'value': 140}, 'value': '100.0'}, {'type': {'displayName': 'Chipped', 'value': 155}}, {'type': {'displayName': 'PassEndY', 'value': 141}, 'value': '48.0'}, {'type': {'displayName': 'Angle', 'value': 213}, 'value': '0.92'}, {'type': {'displayName': 'RightFoot', 'value': 20}}, {'type': {'displayName': 'Cross', 'value': 2}}, {'type': {'displayName': 'Length', 'value': 212}, 'value': '38.1'}, {'type': {'displayName': 'Zone', 'value': 56}, 'value': 'Center'}, {'type': {'displayName': 'FreekickTaken', 'value': 5}}]",True,,,,,
1901113,FirstHalf,8,18.0,8,Pass,Successful,87,Juventus,78880.0,Mattia Perin,4.0,47.7,13.4,88.0,,,,,"[{'type': {'displayName': 'Zone', 'value': 56}, 'value': 'Back'}, {'type': {'displayName': 'Length', 'value': 212}, 'value': '29.1'}, {'type': {'displayName': 'PassEndY', 'value': 141}, 'value': '88.0'}, {'type': {'displayName': 'PassEndX', 'value': 140}, 'value': '13.4'}, {'type': {'displayName': 'GoalKick', 'value': 124}}, {'type': {'displayName': 'Angle', 'value': 213}, 'value': '1.23'}]",True,,,,,
1901113,FirstHalf,8,22.0,8,Pass,Successful,87,Juventus,423440.0,Andrea Cambiaso,17.1,82.3,14.4,66.4,,,,,"[{'type': {'displayName': 'PassEndY', 'value': 141}, 'value': '66.4'}, {'type': {'displayName': 'PassEndX', 'value': 140}, 'value': '14.4'}, {'type': {'displayName': 'Angle', 'value': 213}, 'value': '4.46'}, {'type': {'displayName': 'Length', 'value': 212}, 'value': '11.2'}, {'type': {'displayName': 'Zone', 'value': 56}, 'value': 'Back'}]",True,,,,,
1901113,FirstHalf,8,23.0,8,Pass,Successful,87,Juventus,273539.0,Manuel Locatelli,13.9,67.2,3.4,80.1,,,,,"[{'type': {'displayName': 'Angle', 'value': 213}, 'value': '2.47'}, {'type': {'displayName': 'PassEndY', 'value': 141}, 'value': '80.1'}, {'type': {'displayName': 'PassEndX', 'value': 140}, 'value': '3.4'}, {'type': {'displayName': 'Zone', 'value': 56}, 'value': 'Back'}, {'type': {'displayName': 'Length', 'value': 212}, 'value': '14.1'}]",True,,,,,
1901113,FirstHalf,8,28.0,8,Pass,Successful,87,Juventus,332419.0,Lloyd Kelly,27.3,86.9,45.4,64.0,,,,,"[{'type': {'displayName': 'Length', 'value': 212}, 'value': '24.6'}, {'type': {'displayName': 'PassEndY', 'value': 141}, 'value': '64.0'}, {'type': {'displayName': 'Angle', 'value': 213}, 'value': '5.60'}, {'type': {'displayName': 'Zone', 'value': 56}, 'value': 'Back'}, {'type': {'displayName': 'PassEndX', 'value': 140}, 'value': '45.4'}]",True,,,,,
1901113,FirstHalf,8,33.0,8,BallTouch,Unsuccessful,87,Juventus,425080.0,Fabio Miretti,53.1,54.1,,,,,,,"[{'type': {'displayName': 'Zone', 'value': 56}, 'value': 'Center'}]",True,,,,,
1901113,FirstHalf,8,35.0,8,BallRecovery,Successful,78,Cagliari,141269.0,Luca Mazzitelli,49.0,45.7,,,,,,,[],False,,,,,
1901113,FirstHalf,8,35.0,8,Pass,Successful,78,Cagliari,141269.0,Luca Mazzitelli,49.0,45.7,61.2,40.5,,,,,"[{'type': {'displayName': 'Zone', 'value': 56}, 'value': 'Center'}, {'type': {'displayName': 'Length', 'value': 212}, 'value': '13.3'}, {'type': {'displayName': 'PassEndX', 'value': 140}, 'value': '61.2'}, {'type': {'displayName': 'PassEndY', 'value': 141}, 'value': '40.5'}, {'type': {'displayName': 'Angle', 'value': 213}, 'value': '6.01'}]",True,,,,,
1901113,FirstHalf,8,36.0,8,Pass,Unsuccessful,78,Cagliari,457171.0,Semih Kiliçsoy,61.2,40.5,68.3,57.1,,,,,"[{'type': {'displayName': 'Angle', 'value': 213}, 'value': '0.99'}, {'type': {'displayName': 'PassEndX', 'value': 140}, 'value': '68.3'}, {'type': {'displayName': 'Zone', 'value': 56}, 'value': 'Center'}, {'type': {'displayName': 'PassEndY', 'value': 141}, 'value': '57.1'}, {'type': {'displayName': 'Length', 'value': 212}, 'value': '13.5'}]",True,,,,,
1901113,FirstHalf,8,38.0,8,BallRecovery,Successful,87,Juventus,339875.0,Bremer,29.4,43.0,,,,,,,[],False,,,,,
1901113,FirstHalf,8,38.0,8,Pass,Successful,87,Juventus,339875.0,Bremer,29.4,43.0,58.3,34.5,,,,,"[{'type': {'displayName': 'Length', 'value': 212}, 'value': '30.9'}, {'type': {'displayName': 'Angle', 'value': 213}, 'value': '6.09'}, {'type': {'displayName': 'Zone', 'value': 56}, 'value': 'Center'}, {'type': {'displayName': 'PassEndX', 'value': 140}, 'value': '58.3'}, {'type': {'displayName': 'PassEndY', 'value': 141}, 'value': '34.5'}]",True,,,,,
1901113,FirstHalf,8,39.0,8,Pass,Successful,87,Juventus,383855.0,Jonathan David,60.3,33.0,43.1,11.1,,,,,"[{'type': {'displayName': 'PassEndX', 'value': 140}, 'value': '43.1'}, {'type': {'displayName': 'PassEndY', 'value': 141}, 'value': '11.1'}, {'type': {'displayName': 'Zone', 'value': 56}, 'value': 'Back'}, {'type': {'displayName': 'Angle', 'value': 213}, 'value': '3.83'}, {'type': {'displayName': 'Length', 'value': 212}, 'value': '23.4'}]",True,,,,,
1901113,FirstHalf,8,41.0,8,Pass,Successful,87,Juventus,391836.0,Pierre Kalulu,43.1,11.1,77.9,3.0,,,,,"[{'type': {'displayName': 'PassEndY', 'value': 141}, 'value': '3.0'}, {'type': {'displayName': 'Longball', 'value': 1}}, {'type': {'displayName': 'Angle', 'value': 213}, 'value': '6.13'}, {'type': {'displayName': 'PassEndX', 'value': 140}, 'value': '77.9'}, {'type': {'displayName': 'Zone', 'value': 56}, 'value': 'Right'}, {'type': {'displayName': 'Length', 'value': 212}, 'value': '37.0'}]",True,,,,,
1901113,FirstHalf,8,47.0,8,Pass,Successful,87,Juventus,383855.0,Jonathan David,73.1,9.7,70.5,32.2,,,,,"[{'type': {'displayName': 'PassEndY', 'value': 141}, 'value': '32.2'}, {'type': {'displayName': 'Zone', 'value': 56}, 'value': 'Center'}, {'type': {'displayName': 'PassEndX', 'value': 140}, 'value': '70.5'}, {'type': {'displayName': 'Angle', 'value': 213}, 'value': '1.75'}, {'type': {'displayName': 'Length', 'value': 212}, 'value': '15.5'}]",True,,,,,
1901113,FirstHalf,8,50.0,8,Pass,Successful,87,Juventus,425080.0,Fabio Miretti,70.5,32.2,66.9,45.7,,,,,"[{'type': {'displayName': 'PassEndX', 'value': 140}, 'value': '66.9'}, {'type': {'displayName': 'PassEndY', 'value': 141}, 'value': '45.7'}, {'type': {'displayName': 'Angle', 'value': 213}, 'value': '1.96'}, {'type': {'displayName': 'Length', 'value': 212}, 'value': '9.9'}, {'type': {'displayName': 'Zone', 'value': 56}, 'value': 'Center'}]",True,,,,,
1901113,FirstHalf,8,51.0,8,Pass,Successful,87,Juventus,273539.0,Manuel Locatelli,66.4,49.0,66.6,65.4,,,,,"[{'type': {'displayName': 'Length', 'value': 212}, 'value': '11.2'}, {'type': {'displayName': 'Angle', 'value': 213}, 'value': '1.55'}, {'type': {'displayName': 'Zone', 'value': 56}, 'value': 'Center'}, {'type': {'displayName': 'PassEndY', 'value': 141}, 'value': '65.4'}, {'type': {'displayName': 'PassEndX', 'value': 140}, 'value': '66.6'}]",True,,,,,
1901113,FirstHalf,8,53.0,8,Pass,Successful,87,Juventus,423440.0,Andrea Cambiaso,66.6,65.4,65.8,50.2,,,,,"[{'type': {'displayName': 'PassEndX', 'value': 140}, 'value': '65.8'}, {'type': {'displayName': 'Zone', 'value': 56}, 'value': 'Center'}, {'type': {'displayName': 'Angle', 'value': 213}, 'value': '4.63'}, {'type': {'displayName': 'Length', 'value': 212}, 'value': '10.4'}, {'type': {'displayName': 'PassEndY', 'value': 141}, 'value': '50.2'}]",True,,,,,
1901113,FirstHalf,8,54.0,8,Pass,Successful,87,Juventus,273539.0,Manuel Locatelli,65.8,50.2,71.9,8.5,,,,,"[{'type': {'displayName': 'Zone', 'value': 56}, 'value': 'Right'}, {'type': {'displayName': 'Angle', 'value': 213}, 'value': '4.93'}, {'type': {'displayName': 'Length', 'value': 212}, 'value': '29.1'}, {'type': {'displayName': 'PassEndY', 'value': 141}, 'value': '8.5'}, {'type': {'displayName': 'PassEndX', 'value': 140}, 'value': '71.9'}]",True,,,,,
1901113,FirstHalf,8,57.0,8,Pass,Successful,87,Juventus,391836.0,Pierre Kalulu,71.9,8.5,66.4,34.8,,,,,"[{'type': {'displayName': 'PassEndY', 'value': 141}, 'value': '34.8'}, {'type': {'displayName': 'PassEndX', 'value': 140}, 'value': '66.4'}, {'type': {'displayName': 'Zone', 'value': 56}, 'value': 'Center'}, {'type': {'displayName': 'Length', 'value': 212}, 'value': '18.8'}, {'type': {'displayName': 'Angle', 'value': 213}, 'value': '1.88'}]",True,,,,,
1901113,FirstHalf,9,0.0,9,Pass,Successful,87,Juventus,273539.0,Manuel Locatelli,66.2,34.9,76.8,50.5,,,,,"[{'type': {'displayName': 'Zone', 'value': 56}, 'value': 'Center'}, {'type': {'displayName': 'Length', 'value': 212}, 'value': '15.4'}, {'type': {'displayName': 'PassEndY', 'value': 141}, 'value': '50.5'}, {'type': {'displayName': 'Angle', 'value': 213}, 'value': '0.76'}, {'type': {'displayName': 'PassEndX', 'value': 140}, 'value': '76.8'}]",True,,,,,
1901113,FirstHalf,9,2.0,9,Dispossessed,Successful,87,Juventus,494525.0,Kenan Yildiz,75.8,48.4,,,,,,,"[{'type': {'displayName': 'OppositeRelatedEvent', 'value': 233}, 'value': '58'}, {'type': {'displayName': 'Offensive', 'value': 286}}, {'type': {'displayName': 'Zone', 'value': 56}, 'value': 'Center'}]",True,,,,,
1901113,FirstHalf,9,2.0,9,Tackle,Successful,78,Cagliari,450142.0,Zé Pedro,24.2,51.6,,,,,,,"[{'type': {'displayName': 'Defensive', 'value': 285}}, {'type': {'displayName': 'Zone', 'value': 56}, 'value': 'Back'}, {'type': {'displayName': 'OppositeRelatedEvent', 'value': 233}, 'value': '119'}, {'type': {'displayName': 'StandingSave', 'value': 178}}]",True,,,,,
1901113,FirstHalf,9,4.0,9,BallTouch,Unsuccessful,78,Cagliari,369883.0,Gianluca Gaetano,20.9,50.1,,,,,,,"[{'type': {'displayName': 'Zone', 'value': 56}, 'value': 'Back'}]",True,,,,,
1901113,FirstHalf,9,4.0,9,BallTouch,Unsuccessful,87,Juventus,383855.0,Jonathan David,78.4,53.5,,,,,,,"[{'type': {'displayName': 'Zone', 'value': 56}, 'value': 'Center'}]",True,,,,,
1901113,FirstHalf,9,5.0,9,Pass,Unsuccessful,78,Cagliari,450142.0,Zé Pedro,22.2,52.8,32.6,46.8,,,,,"[{'type': {'displayName': 'Length', 'value': 212}, 'value': '11.7'}, {'type': {'displayName': 'PassEndX', 'value': 140}, 'value': '32.6'}, {'type': {'displayName': 'Zone', 'value': 56}, 'value': 'Back'}, {'type': {'displayName': 'Chipped', 'value': 155}}, {'type': {'displayName': 'PassEndY', 'value': 141}, 'value': '46.8'}, {'type': {'displayName': 'Angle', 'value': 213}, 'value': '5.93'}]",True,,,,,
1901113,FirstHalf,9,7.0,9,Interception,Successful,87,Juventus,332419.0,Lloyd Kelly,68.0,44.2,,,,,,,"[{'type': {'displayName': 'Zone', 'value': 56}, 'value': 'Center'}]",True,,,,,
1901113,FirstHalf,9,7.0,9,BallRecovery,Successful,78,Cagliari,371397.0,Sebastiano Esposito,29.0,58.9,,,,,,,[],False,,,,,
1901113,FirstHalf,9,9.0,9,Dispossessed,Successful,78,Cagliari,371397.0,Sebastiano Esposito,32.4,57.5,,,,,,,"[{'type': {'displayName': 'OppositeRelatedEvent', 'value': 233}, 'value': '122'}, {'type': {'displayName': 'Zone', 'value': 56}, 'value': 'Back'}, {'type': {'displayName': 'Defensive', 'value': 285}}]",True,,,,,
1901113,FirstHalf,9,9.0,9,Tackle,Successful,87,Juventus,343308.0,Teun Koopmeiners,67.6,42.5,,,,,,,"[{'type': {'displayName': 'Zone', 'value': 56}, 'value': 'Center'}, {'type': {'displayName': 'OppositeRelatedEvent', 'value': 233}, 'value': '64'}, {'type': {'displayName': 'StandingSave', 'value': 178}}, {'type': {'displayName': 'Offensive', 'value': 286}}]",True,,,,,
1901113,FirstHalf,9,11.0,9,BallRecovery,Successful,87,Juventus,425080.0,Fabio Miretti,67.6,41.2,,,,,,,[],False,,,,,
1901113,FirstHalf,9,11.0,9,Pass,Successful,87,Juventus,425080.0,Fabio Miretti,67.6,41.2,86.7,77.5,,,,,"[{'type': {'displayName': 'Chipped', 'value': 155}}, {'type': {'displayName': 'Zone', 'value': 56}, 'value': 'Center'}, {'type': {'displayName': 'Length', 'value': 212}, 'value': '31.8'}, {'type': {'displayName': 'Angle', 'value': 213}, 'value': '0.89'}, {'type': {'displayName': 'PassEndY', 'value': 141}, 'value': '77.5'}, {'type': {'displayName': 'PassEndX', 'value': 140}, 'value': '86.7'}]",True,,,,,
1901113,FirstHalf,9,19.0,9,BallTouch,Unsuccessful,87,Juventus,383855.0,Jonathan David,92.9,76.0,,,,,,,"[{'type': {'displayName': 'Zone', 'value': 56}, 'value': 'Center'}]",True,,,,,
1901113,FirstHalf,9,54.0,9,Pass,Successful,78,Cagliari,255292.0,Sebastiano Luperto,5.1,61.9,3.2,83.8,,,,,"[{'type': {'displayName': 'PassEndY', 'value': 141}, 'value': '83.8'}, {'type': {'displayName': 'Angle', 'value': 213}, 'value': '1.70'}, {'type': {'displayName': 'GoalKick', 'value': 124}}, {'type': {'displayName': 'Length', 'value': 212}, 'value': '15.0'}, {'type': {'displayName': 'Zone', 'value': 56}, 'value': 'Back'}, {'type': {'displayName': 'PassEndX', 'value': 140}, 'value': '3.2'}]",True,,,,,
1901113,FirstHalf,9,57.0,9,Pass,Unsuccessful,78,Cagliari,424534.0,Adam Obert,3.8,88.6,30.6,68.8,,,,,"[{'type': {'displayName': 'PassEndX', 'value': 140}, 'value': '30.6'}, {'type': {'displayName': 'Longball', 'value': 1}}, {'type': {'displayName': 'PassEndY', 'value': 141}, 'value': '68.8'}, {'type': {'displayName': 'Length', 'value': 212}, 'value': '31.2'}, {'type': {'displayName': 'Angle', 'value': 213}, 'value': '5.84'}, {'type': {'displayName': 'Zone', 'value': 56}, 'value': 'Back'}]",True,,,,,
1901113,FirstHalf,9,59.0,9,Pass,Successful,87,Juventus,343308.0,Teun Koopmeiners,65.4,29.5,76.6,37.6,,,,,"[{'type': {'displayName': 'Angle', 'value': 213}, 'value': '0.44'}, {'type': {'displayName': 'PassEndY', 'value': 141}, 'value': '37.6'}, {'type': {'displayName': 'Chipped', 'value': 155}}, {'type': {'displayName': 'Length', 'value': 212}, 'value': '13.0'}, {'type': {'displayName': 'Zone', 'value': 56}, 'value': 'Center'}, {'type': {'displayName': 'PassEndX', 'value': 140}, 'value': '76.6'}]",True,,,,,
1901113,FirstHalf,10,1.0,10,BallTouch,Unsuccessful,87,Juventus,383855.0,Jonathan David,72.6,42.6,,,,,,,"[{'type': {'displayName': 'Zone', 'value': 56}, 'value': 'Center'}]",True,,,,,
1901113,FirstHalf,10,1.0,10,Pass,Successful,78,Cagliari,141269.0,Luca Mazzitelli,21.6,68.1,29.5,47.7,,,,,"[{'type': {'displayName': 'Zone', 'value': 56}, 'value': 'Back'}, {'type': {'displayName': 'PassEndY', 'value': 141}, 'value': '47.7'}, {'type': {'displayName': 'Length', 'value': 212}, 'value': '16.2'}, {'type': {'displayName': 'Angle', 'value': 213}, 'value': '5.25'}, {'type': {'displayName': 'PassEndX', 'value': 140}, 'value': '29.5'}]",True,,,,,
1901113,FirstHalf,10,3.0,10,Pass,Successful,78,Cagliari,356176.0,Michel Adopo,29.5,47.7,19.3,35.1,,,,,"[{'type': {'displayName': 'PassEndY', 'value': 141}, 'value': '35.1'}, {'type': {'displayName': 'Length', 'value': 212}, 'value': '13.7'}, {'type': {'displayName': 'Zone', 'value': 56}, 'value': 'Back'}, {'type': {'displayName': 'Angle', 'value': 213}, 'value': '3.82'}, {'type': {'displayName': 'PassEndX', 'value': 140}, 'value': '19.3'}]",True,,,,,
1901113,FirstHalf,10,5.0,10,Pass,Successful,78,Cagliari,450142.0,Zé Pedro,21.3,27.4,36.9,2.4,,,,,"[{'type': {'displayName': 'Angle', 'value': 213}, 'value': '5.48'}, {'type': {'displayName': 'PassEndX', 'value': 140}, 'value': '36.9'}, {'type': {'displayName': 'PassEndY', 'value': 141}, 'value': '2.4'}, {'type': {'displayName': 'Zone', 'value': 56}, 'value': 'Back'}, {'type': {'displayName': 'Length', 'value': 212}, 'value': '23.6'}]",True,,,,,
1901113,FirstHalf,10,10.0,10,BallTouch,Unsuccessful,78,Cagliari,481154.0,Marco Palestra,34.0,5.7,,,,,,,"[{'type': {'displayName': 'Zone', 'value': 56}, 'value': 'Back'}]",True,,,,,
1901113,FirstHalf,10,12.0,10,BallRecovery,Successful,87,Juventus,423440.0,Andrea Cambiaso,67.1,83.0,,,,,,,[],False,,,,,
1901113,FirstHalf,10,12.0,10,Pass,Successful,87,Juventus,423440.0,Andrea Cambiaso,65.4,81.6,73.8,73.2,,,,,"[{'type': {'displayName': 'PassEndX', 'value': 140}, 'value': '73.8'}, {'type': {'displayName': 'PassEndY', 'value': 141}, 'value': '73.2'}, {'type': {'displayName': 'Angle', 'value': 213}, 'value': '5.71'}, {'type': {'displayName': 'Length', 'value': 212}, 'value': '10.5'}, {'type': {'displayName': 'Zone', 'value': 56}, 'value': 'Center'}]",True,,,,,
1901113,FirstHalf,10,13.0,10,Pass,Successful,87,Juventus,425080.0,Fabio Miretti,74.2,77.7,74.2,88.5,,,,,"[{'type': {'displayName': 'PassEndY', 'value': 141}, 'value': '88.5'}, {'type': {'displayName': 'Angle', 'value': 213}, 'value': '1.57'}, {'type': {'displayName': 'Length', 'value': 212}, 'value': '7.3'}, {'type': {'displayName': 'Zone', 'value': 56}, 'value': 'Left'}, {'type': {'displayName': 'PassEndX', 'value': 140}, 'value': '74.2'}]",True,,,,,
1901113,FirstHalf,10,14.0,10,TakeOn,Unsuccessful,87,Juventus,494525.0,Kenan Yildiz,74.8,92.2,,,,,,,"[{'type': {'displayName': 'Offensive', 'value': 286}}, {'type': {'displayName': 'Zone', 'value': 56}, 'value': 'Left'}, {'type': {'displayName': 'OppositeRelatedEvent', 'value': 233}, 'value': '72'}]",True,,,,,
1901113,FirstHalf,10,14.0,10,Tackle,Successful,78,Cagliari,481154.0,Marco Palestra,25.2,7.8,,,,,,,"[{'type': {'displayName': 'Defensive', 'value': 285}}, {'type': {'displayName': 'StandingSave', 'value': 178}}, {'type': {'displayName': 'Zone', 'value': 56}, 'value': 'Back'}, {'type': {'displayName': 'OppositeRelatedEvent', 'value': 233}, 'value': '133'}]",True,,,,,
1901113,FirstHalf,10,16.0,10,Dispossessed,Successful,78,Cagliari,481154.0,Marco Palestra,24.5,4.9,,,,,,,"[{'type': {'displayName': 'Zone', 'value': 56}, 'value': 'Back'}, {'type': {'displayName': 'Defensive', 'value': 285}}, {'type': {'displayName': 'OppositeRelatedEvent', 'value': 233}, 'value': '135'}]",True,,,,,
1901113,FirstHalf,10,16.0,10,Tackle,Successful,87,Juventus,494525.0,Kenan Yildiz,75.5,95.1,,,,,,,"[{'type': {'displayName': 'Offensive', 'value': 286}}, {'type': {'displayName': 'Zone', 'value': 56}, 'value': 'Left'}, {'type': {'displayName': 'OppositeRelatedEvent', 'value': 233}, 'value': '74'}, {'type': {'displayName': 'StandingSave', 'value': 178}}]",True,,,,,
1901113,FirstHalf,10,44.0,10,Pass,Unsuccessful,78,Cagliari,450142.0,Zé Pedro,20.5,0.0,35.4,13.0,,,,,"[{'type': {'displayName': 'Length', 'value': 212}, 'value': '18.5'}, {'type': {'displayName': 'Angle', 'value': 213}, 'value': '0.56'}, {'type': {'displayName': 'PassEndX', 'value': 140}, 'value': '35.4'}, {'type': {'displayName': 'Zone', 'value': 56}, 'value': 'Back'}, {'type': {'displayName': 'ThrowIn', 'value': 107}}, {'type': {'displayName': 'PassEndY', 'value': 141}, 'value': '13.0'}]",True,,,,,
1901113,FirstHalf,10,45.0,10,Pass,Successful,87,Juventus,343308.0,Teun Koopmeiners,54.9,90.0,68.8,72.1,,,,,"[{'type': {'displayName': 'Angle', 'value': 213}, 'value': '5.59'}, {'type': {'displayName': 'HeadPass', 'value': 3}}, {'type': {'displayName': 'PassEndX', 'value': 140}, 'value': '68.8'}, {'type': {'displayName': 'Zone', 'value': 56}, 'value': 'Center'}, {'type': {'displayName': 'PassEndY', 'value': 141}, 'value': '72.1'}, {'type': {'displayName': 'Length', 'value': 212}, 'value': '19.0'}]",True,,,,,
1901113,FirstHalf,10,45.0,10,Pass,Successful,87,Juventus,425080.0,Fabio Miretti,62.3,74.8,69.4,73.6,,,,,"[{'type': {'displayName': 'PassEndX', 'value': 140}, 'value': '69.4'}, {'type': {'displayName': 'PassEndY', 'value': 141}, 'value': '73.6'}, {'type': {'displayName': 'Length', 'value': 212}, 'value': '7.5'}, {'type': {'displayName': 'Angle', 'value': 213}, 'value': '6.17'}, {'type': {'displayName': 'Zone', 'value': 56}, 'value': 'Center'}]",True,,,,,
1901113,FirstHalf,10,49.0,10,BallRecovery,Successful,87,Juventus,383855.0,Jonathan David,68.8,70.2,,,,,,,[],False,,,,,
1901113,FirstHalf,10,50.0,10,Pass,Successful,87,Juventus,383855.0,Jonathan David,71.0,65.7,67.8,45.7,,,,,"[{'type': {'displayName': 'Angle', 'value': 213}, 'value': '4.47'}, {'type': {'displayName': 'Zone', 'value': 56}, 'value': 'Center'}, {'type': {'displayName': 'PassEndX', 'value': 140}, 'value': '67.8'}, {'type': {'displayName': 'Length', 'value': 212}, 'value': '14.0'}, {'type': {'displayName': 'PassEndY', 'value': 141}, 'value': '45.7'}]",True,,,,,
1901113,FirstHalf,10,52.0,10,Pass,Successful,87,Juventus,338275.0,Weston McKennie,67.6,45.7,67.8,59.2,,,,,"[{'type': {'displayName': 'PassEndY', 'value': 141}, 'value': '59.2'}, {'type': {'displayName': 'Zone', 'value': 56}, 'value': 'Center'}, {'type': {'displayName': 'Length', 'value': 212}, 'value': '9.2'}, {'type': {'displayName': 'Angle', 'value': 213}, 'value': '1.55'}, {'type': {'displayName': 'PassEndX', 'value': 140}, 'value': '67.8'}]",True,,,,,
1901113,FirstHalf,10,54.0,10,Pass,Successful,87,Juventus,273539.0,Manuel Locatelli,67.0,55.2,63.1,38.5,,,,,"[{'type': {'displayName': 'PassEndY', 'value': 141}, 'value': '38.5'}, {'type': {'displayName': 'Length', 'value': 212}, 'value': '12.1'}, {'type': {'displayName': 'Angle', 'value': 213}, 'value': '4.37'}, {'type': {'displayName': 'PassEndX', 'value': 140}, 'value': '63.1'}, {'type': {'displayName': 'Zone', 'value': 56}, 'value': 'Center'}]",True,,,,,
1901113,FirstHalf,10,57.0,10,Pass,Successful,87,Juventus,338275.0,Weston McKennie,66.5,22.0,62.2,5.2,,,,,"[{'type': {'displayName': 'PassEndY', 'value': 141}, 'value': '5.2'}, {'type': {'displayName': 'Angle', 'value': 213}, 'value': '4.34'}, {'type': {'displayName': 'Length', 'value': 212}, 'value': '12.3'}, {'type': {'displayName': 'Zone', 'value': 56}, 'value': 'Right'}, {'type': {'displayName': 'PassEndX', 'value': 140}, 'value': '62.2'}]",True,,,,,
1901113,FirstHalf,10,59.0,10,Pass,Successful,87,Juventus,391836.0,Pierre Kalulu,57.2,17.4,40.9,23.2,,,,,"[{'type': {'displayName': 'PassEndY', 'value': 141}, 'value': '23.2'}, {'type': {'displayName': 'Angle', 'value': 213}, 'value': '2.92'}, {'type': {'displayName': 'PassEndX', 'value': 140}, 'value': '40.9'}, {'type': {'displayName': 'Zone', 'value': 56}, 'value': 'Back'}, {'type': {'displayName': 'Length', 'value': 212}, 'value': '17.6'}]",True,,,,,
1901113,FirstHalf,11,6.0,11,Pass,Successful,87,Juventus,339875.0,Bremer,42.4,27.0,54.1,9.3,,,,,"[{'type': {'displayName': 'Zone', 'value': 56}, 'value': 'Right'}, {'type': {'displayName': 'Length', 'value': 212}, 'value': '17.2'}, {'type': {'displayName': 'Angle', 'value': 213}, 'value': '5.51'}, {'type': {'displayName': 'PassEndY', 'value': 141}, 'value': '9.3'}, {'type': {'displayName': 'PassEndX', 'value': 140}, 'value': '54.1'}]",True,,,,,
1901113,FirstHalf,11,8.0,11,Pass,Successful,87,Juventus,391836.0,Pierre Kalulu,54.1,7.8,64.2,4.9,,,,,"[{'type': {'displayName': 'Zone', 'value': 56}, 'value': 'Right'}, {'type': {'displayName': 'Angle', 'value': 213}, 'value': '6.10'}, {'type': {'displayName': 'PassEndY', 'value': 141}, 'value': '4.9'}, {'type': {'displayName': 'PassEndX', 'value': 140}, 'value': '64.2'}, {'type': {'displayName': 'Length', 'value': 212}, 'value': '10.8'}]",True,,,,,
1901113,FirstHalf,11,9.0,11,Pass,Successful,87,Juventus,338275.0,Weston McKennie,64.2,4.9,66.2,20.1,,,,,"[{'type': {'displayName': 'Zone', 'value': 56}, 'value': 'Right'}, {'type': {'displayName': 'Angle', 'value': 213}, 'value': '1.37'}, {'type': {'displayName': 'Length', 'value': 212}, 'value': '10.5'}, {'type': {'displayName': 'PassEndY', 'value': 141}, 'value': '20.1'}, {'type': {'displayName': 'PassEndX', 'value': 140}, 'value': '66.2'}]",True,,,,,
1901113,FirstHalf,11,10.0,11,Pass,Unsuccessful,87,Juventus,383855.0,Jonathan David,66.2,20.1,61.6,21.1,,,,,"[{'type': {'displayName': 'Length', 'value': 212}, 'value': '4.9'}, {'type': {'displayName': 'PassEndY', 'value': 141}, 'value': '21.1'}, {'type': {'displayName': 'PassEndX', 'value': 140}, 'value': '61.6'}, {'type': {'displayName': 'Zone', 'value': 56}, 'value': 'Right'}, {'type': {'displayName': 'Angle', 'value': 213}, 'value': '3.00'}]",True,,,,,
1901113,FirstHalf,11,11.0,11,Pass,Successful,78,Cagliari,369883.0,Gianluca Gaetano,39.5,75.8,35.5,81.4,,,,,"[{'type': {'displayName': 'PassEndX', 'value': 140}, 'value': '35.5'}, {'type': {'displayName': 'Length', 'value': 212}, 'value': '5.7'}, {'type': {'displayName': 'PassEndY', 'value': 141}, 'value': '81.4'}, {'type': {'displayName': 'Zone', 'value': 56}, 'value': 'Back'}, {'type': {'displayName': 'Angle', 'value': 213}, 'value': '2.41'}]",True,,,,,
1901113,FirstHalf,11,12.0,11,BallRecovery,Successful,78,Cagliari,141269.0,Luca Mazzitelli,32.1,83.7,,,,,,,[],False,,,,,
1901113,FirstHalf,11,13.0,11,Pass,Successful,78,Cagliari,141269.0,Luca Mazzitelli,32.1,83.7,43.8,83.5,,,,,"[{'type': {'displayName': 'Length', 'value': 212}, 'value': '12.3'}, {'type': {'displayName': 'PassEndX', 'value': 140}, 'value': '43.8'}, {'type': {'displayName': 'Zone', 'value': 56}, 'value': 'Back'}, {'type': {'displayName': 'PassEndY', 'value': 141}, 'value': '83.5'}, {'type': {'displayName': 'Angle', 'value': 213}, 'value': '6.27'}]",True,,,,,
1901113,FirstHalf,11,18.0,11,Pass,Unsuccessful,78,Cagliari,457171.0,Semih Kiliçsoy,58.7,81.0,59.6,78.7,,,,,"[{'type': {'displayName': 'Length', 'value': 212}, 'value': '1.8'}, {'type': {'displayName': 'Angle', 'value': 213}, 'value': '5.26'}, {'type': {'displayName': 'Zone', 'value': 56}, 'value': 'Center'}, {'type': {'displayName': 'Offensive', 'value': 286}}, {'type': {'displayName': 'OppositeRelatedEvent', 'value': 233}, 'value': '149'}, {'type': {'displayName': 'PassEndX', 'value': 140}, 'value': '59.6'}, {'type': {'displayName': 'PassEndY', 'value': 141}, 'value': '78.7'}]",True,,,,,
1901113,FirstHalf,11,18.0,11,BlockedPass,Successful,87,Juventus,383855.0,Jonathan David,40.4,21.3,,,,,,,"[{'type': {'displayName': 'Defensive', 'value': 285}}, {'type': {'displayName': 'Zone', 'value': 56}, 'value': 'Back'}, {'type': {'displayName': 'OppositeRelatedEvent', 'value': 233}, 'value': '81'}]",True,,,,,
1901113,FirstHalf,11,21.0,11,Pass,Successful,87,Juventus,338275.0,Weston McKennie,38.3,33.3,30.0,27.7,,,,,"[{'type': {'displayName': 'Angle', 'value': 213}, 'value': '3.55'}, {'type': {'displayName': 'PassEndY', 'value': 141}, 'value': '27.7'}, {'type': {'displayName': 'Length', 'value': 212}, 'value': '9.5'}, {'type': {'displayName': 'Zone', 'value': 56}, 'value': 'Back'}, {'type': {'displayName': 'PassEndX', 'value': 140}, 'value': '30.0'}]",True,,,,,
1901113,FirstHalf,11,22.0,11,BallRecovery,Successful,87,Juventus,339875.0,Bremer,30.0,27.7,,,,,,,[],False,,,,,
1901113,FirstHalf,11,22.0,11,Pass,Successful,87,Juventus,339875.0,Bremer,30.0,27.7,44.0,41.4,,,,,"[{'type': {'displayName': 'PassEndY', 'value': 141}, 'value': '41.4'}, {'type': {'displayName': 'Length', 'value': 212}, 'value': '17.4'}, {'type': {'displayName': 'PassEndX', 'value': 140}, 'value': '44.0'}, {'type': {'displayName': 'Angle', 'value': 213}, 'value': '0.56'}, {'type': {'displayName': 'Zone', 'value': 56}, 'value': 'Back'}]",True,,,,,
1901113,FirstHalf,11,26.0,11,Pass,Unsuccessful,87,Juventus,425080.0,Fabio Miretti,44.3,42.1,55.2,100.0,,,,,"[{'type': {'displayName': 'PassEndY', 'value': 141}, 'value': '100.0'}, {'type': {'displayName': 'Longball', 'value': 1}}, {'type': {'displayName': 'Chipped', 'value': 155}}, {'type': {'displayName': 'Length', 'value': 212}, 'value': '41.8'}, {'type': {'displayName': 'Angle', 'value': 213}, 'value': '1.29'}, {'type': {'displayName': 'Zone', 'value': 56}, 'value': 'Left'}, {'type': {'displayName': 'PassEndX', 'value': 140}, 'value': '55.2'}]",True,,,,,
1901113,FirstHalf,11,49.0,11,Pass,Successful,78,Cagliari,450142.0,Zé Pedro,44.9,0.0,22.8,6.9,,,,,"[{'type': {'displayName': 'Length', 'value': 212}, 'value': '23.9'}, {'type': {'displayName': 'Zone', 'value': 56}, 'value': 'Back'}, {'type': {'displayName': 'PassEndX', 'value': 140}, 'value': '22.8'}, {'type': {'displayName': 'Longball', 'value': 1}}, {'type': {'displayName': 'PassEndY', 'value': 141}, 'value': '6.9'}, {'type': {'displayName': 'Angle', 'value': 213}, 'value': '2.89'}, {'type': {'displayName': 'ThrowIn', 'value': 107}}]",True,,,,,
1901113,FirstHalf,11,53.0,11,Pass,Successful,78,Cagliari,318432.0,Yerry Mina,22.8,9.6,7.1,45.9,,,,,"[{'type': {'displayName': 'Length', 'value': 212}, 'value': '29.7'}, {'type': {'displayName': 'PassEndY', 'value': 141}, 'value': '45.9'}, {'type': {'displayName': 'Zone', 'value': 56}, 'value': 'Back'}, {'type': {'displayName': 'PassEndX', 'value': 140}, 'value': '7.1'}, {'type': {'displayName': 'Angle', 'value': 213}, 'value': '2.16'}]",True,,,,,
1901113,FirstHalf,11,56.0,11,Pass,Successful,78,Cagliari,362780.0,Elia Caprile,7.1,45.9,13.2,76.3,,,,,"[{'type': {'displayName': 'PassEndY', 'value': 141}, 'value': '76.3'}, {'type': {'displayName': 'PassEndX', 'value': 140}, 'value': '13.2'}, {'type': {'displayName': 'Zone', 'value': 56}, 'value': 'Back'}, {'type': {'displayName': 'Angle', 'value': 213}, 'value': '1.27'}, {'type': {'displayName': 'Length', 'value': 212}, 'value': '21.6'}]",True,,,,,
1901113,FirstHalf,12,0.0,12,Pass,Successful,78,Cagliari,255292.0,Sebastiano Luperto,13.1,77.7,18.3,94.6,,,,,"[{'type': {'displayName': 'Angle', 'value': 213}, 'value': '1.13'}, {'type': {'displayName': 'PassEndX', 'value': 140}, 'value': '18.3'}, {'type': {'displayName': 'Zone', 'value': 56}, 'value': 'Back'}, {'type': {'displayName': 'PassEndY', 'value': 141}, 'value': '94.6'}, {'type': {'displayName': 'Length', 'value': 212}, 'value': '12.7'}]",True,,,,,
1901113,FirstHalf,12,1.0,12,Pass,Successful,78,Cagliari,424534.0,Adam Obert,17.4,92.4,35.0,76.1,,,,,"[{'type': {'displayName': 'Length', 'value': 212}, 'value': '21.5'}, {'type': {'displayName': 'Angle', 'value': 213}, 'value': '5.74'}, {'type': {'displayName': 'Zone', 'value': 56}, 'value': 'Back'}, {'type': {'displayName': 'PassEndX', 'value': 140}, 'value': '35.0'}, {'type': {'displayName': 'PassEndY', 'value': 141}, 'value': '76.1'}]",True,,,,,
1901113,FirstHalf,12,4.0,12,Dispossessed,Successful,78,Cagliari,371397.0,Sebastiano Esposito,33.0,68.8,,,,,,,"[{'type': {'displayName': 'Zone', 'value': 56}, 'value': 'Back'}, {'type': {'displayName': 'Defensive', 'value': 285}}, {'type': {'displayName': 'OppositeRelatedEvent', 'value': 233}, 'value': '155'}]",True,,,,,
1901113,FirstHalf,12,4.0,12,Tackle,Successful,87,Juventus,343308.0,Teun Koopmeiners,67.0,31.2,,,,,,,"[{'type': {'displayName': 'OppositeRelatedEvent', 'value': 233}, 'value': '88'}, {'type': {'displayName': 'StandingSave', 'value': 178}}, {'type': {'displayName': 'Offensive', 'value': 286}}, {'type': {'displayName': 'Zone', 'value': 56}, 'value': 'Center'}]",True,,,,,
1901113,FirstHalf,12,4.0,12,BallRecovery,Successful,87,Juventus,343308.0,Teun Koopmeiners,63.7,44.2,,,,,,,[],False,,,,,
1901113,FirstHalf,12,4.0,12,Pass,Successful,87,Juventus,343308.0,Teun Koopmeiners,63.7,44.2,70.5,52.8,,,,,"[{'type': {'displayName': 'Angle', 'value': 213}, 'value': '0.69'}, {'type': {'displayName': 'PassEndY', 'value': 141}, 'value': '52.8'}, {'type': {'displayName': 'Length', 'value': 212}, 'value': '9.2'}, {'type': {'displayName': 'PassEndX', 'value': 140}, 'value': '70.5'}, {'type': {'displayName': 'Zone', 'value': 56}, 'value': 'Center'}]",True,,,,,
1901113,FirstHalf,12,6.0,12,Pass,Successful,87,Juventus,383855.0,Jonathan David,69.2,49.6,61.9,27.1,,,,,"[{'type': {'displayName': 'PassEndY', 'value': 141}, 'value': '27.1'}, {'type': {'displayName': 'Length', 'value': 212}, 'value': '17.1'}, {'type': {'displayName': 'Angle', 'value': 213}, 'value': '4.25'}, {'type': {'displayName': 'PassEndX', 'value': 140}, 'value': '61.9'}, {'type': {'displayName': 'Zone', 'value': 56}, 'value': 'Center'}]",True,,,,,
1901113,FirstHalf,12,9.0,12,Pass,Successful,87,Juventus,391836.0,Pierre Kalulu,61.5,18.0,73.6,4.0,,,,,"[{'type': {'displayName': 'Zone', 'value': 56}, 'value': 'Right'}, {'type': {'displayName': 'PassEndX', 'value': 140}, 'value': '73.6'}, {'type': {'displayName': 'Length', 'value': 212}, 'value': '15.9'}, {'type': {'displayName': 'Angle', 'value': 213}, 'value': '5.64'}, {'type': {'displayName': 'PassEndY', 'value': 141}, 'value': '4.0'}]",True,,,,,
1901113,FirstHalf,12,10.0,12,Pass,Successful,87,Juventus,338275.0,Weston McKennie,73.6,4.0,65.1,9.4,,,,,"[{'type': {'displayName': 'Angle', 'value': 213}, 'value': '2.75'}, {'type': {'displayName': 'PassEndX', 'value': 140}, 'value': '65.1'}, {'type': {'displayName': 'Length', 'value': 212}, 'value': '9.7'}, {'type': {'displayName': 'Zone', 'value': 56}, 'value': 'Right'}, {'type': {'displayName': 'PassEndY', 'value': 141}, 'value': '9.4'}]",True,,,,,
1901113,FirstHalf,12,11.0,12,Pass,Successful,87,Juventus,391836.0,Pierre Kalulu,62.8,11.4,50.9,20.2,,,,,"[{'type': {'displayName': 'Length', 'value': 212}, 'value': '13.9'}, {'type': {'displayName': 'PassEndY', 'value': 141}, 'value': '20.2'}, {'type': {'displayName': 'PassEndX', 'value': 140}, 'value': '50.9'}, {'type': {'displayName': 'Angle', 'value': 213}, 'value': '2.69'}, {'type': {'displayName': 'Zone', 'value': 56}, 'value': 'Right'}]",True,,,,,
1901113,FirstHalf,12,15.0,12,Pass,Successful,87,Juventus,339875.0,Bremer,49.8,19.9,44.0,57.4,,,,,"[{'type': {'displayName': 'PassEndX', 'value': 140}, 'value': '44.0'}, {'type': {'displayName': 'Zone', 'value': 56}, 'value': 'Back'}, {'type': {'displayName': 'Angle', 'value': 213}, 'value': '1.81'}, {'type': {'displayName': 'Length', 'value': 212}, 'value': '26.2'}, {'type': {'displayName': 'PassEndY', 'value': 141}, 'value': '57.4'}]",True,,,,,
1901113,FirstHalf,12,19.0,12,Pass,Successful,87,Juventus,332419.0,Lloyd Kelly,57.5,68.1,59.2,92.5,,,,,"[{'type': {'displayName': 'Zone', 'value': 56}, 'value': 'Left'}, {'type': {'displayName': 'Angle', 'value': 213}, 'value': '1.46'}, {'type': {'displayName': 'PassEndX', 'value': 140}, 'value': '59.2'}, {'type': {'displayName': 'Length', 'value': 212}, 'value': '16.7'}, {'type': {'displayName': 'PassEndY', 'value': 141}, 'value': '92.5'}]",True,,,,,
1901113,FirstHalf,12,22.0,12,Pass,Successful,87,Juventus,343308.0,Teun Koopmeiners,58.2,92.7,66.6,95.5,,,,,"[{'type': {'displayName': 'Length', 'value': 212}, 'value': '9.0'}, {'type': {'displayName': 'Zone', 'value': 56}, 'value': 'Left'}, {'type': {'displayName': 'PassEndX', 'value': 140}, 'value': '66.6'}, {'type': {'displayName': 'Angle', 'value': 213}, 'value': '0.21'}, {'type': {'displayName': 'PassEndY', 'value': 141}, 'value': '95.5'}]",True,,,,,
1901113,FirstHalf,12,25.0,12,Pass,Successful,87,Juventus,494525.0,Kenan Yildiz,67.7,77.5,78.4,72.0,,,,,"[{'type': {'displayName': 'PassEndX', 'value': 140}, 'value': '78.4'}, {'type': {'displayName': 'Angle', 'value': 213}, 'value': '5.96'}, {'type': {'displayName': 'Length', 'value': 212}, 'value': '11.8'}, {'type': {'displayName': 'Zone', 'value': 56}, 'value': 'Center'}, {'type': {'displayName': 'PassEndY', 'value': 141}, 'value': '72.0'}]",True,,,,,
1901113,FirstHalf,12,26.0,12,Pass,Successful,87,Juventus,383855.0,Jonathan David,74.2,76.8,66.6,92.4,,,,,"[{'type': {'displayName': 'LayOff', 'value': 156}}, {'type': {'displayName': 'Length', 'value': 212}, 'value': '13.3'}, {'type': {'displayName': 'Angle', 'value': 213}, 'value': '2.22'}, {'type': {'displayName': 'PassEndX', 'value': 140}, 'value': '66.6'}, {'type': {'displayName': 'Zone', 'value': 56}, 'value': 'Left'}, {'type': {'displayName': 'PassEndY', 'value': 141}, 'value': '92.4'}]",True,,,,,
1901113,FirstHalf,12,29.0,12,Pass,Successful,87,Juventus,423440.0,Andrea Cambiaso,70.7,98.4,67.5,83.5,,,,,"[{'type': {'displayName': 'PassEndX', 'value': 140}, 'value': '67.5'}, {'type': {'displayName': 'Angle', 'value': 213}, 'value': '4.39'}, {'type': {'displayName': 'PassEndY', 'value': 141}, 'value': '83.5'}, {'type': {'displayName': 'Length', 'value': 212}, 'value': '10.7'}, {'type': {'displayName': 'Zone', 'value': 56}, 'value': 'Left'}]",True,,,,,
1901113,FirstHalf,12,31.0,12,Pass,Successful,87,Juventus,494525.0,Kenan Yildiz,67.5,83.5,60.4,95.4,,,,,"[{'type': {'displayName': 'Angle', 'value': 213}, 'value': '2.32'}, {'type': {'displayName': 'Length', 'value': 212}, 'value': '11.0'}, {'type': {'displayName': 'Zone', 'value': 56}, 'value': 'Left'}, {'type': {'displayName': 'PassEndX', 'value': 140}, 'value': '60.4'}, {'type': {'displayName': 'PassEndY', 'value': 141}, 'value': '95.4'}]",True,,,,,
1901113,FirstHalf,12,33.0,12,Pass,Successful,87,Juventus,343308.0,Teun Koopmeiners,60.4,95.4,57.5,84.7,,,,,"[{'type': {'displayName': 'Length', 'value': 212}, 'value': '7.9'}, {'type': {'displayName': 'Angle', 'value': 213}, 'value': '4.32'}, {'type': {'displayName': 'PassEndY', 'value': 141}, 'value': '84.7'}, {'type': {'displayName': 'Zone', 'value': 56}, 'value': 'Left'}, {'type': {'displayName': 'PassEndX', 'value': 140}, 'value': '57.5'}]",True,,,,,
1901113,FirstHalf,12,33.0,12,Pass,Successful,87,Juventus,273539.0,Manuel Locatelli,57.5,84.7,62.7,84.3,,,,,"[{'type': {'displayName': 'Zone', 'value': 56}, 'value': 'Left'}, {'type': {'displayName': 'PassEndY', 'value': 141}, 'value': '84.3'}, {'type': {'displayName': 'Length', 'value': 212}, 'value': '5.5'}, {'type': {'displayName': 'Angle', 'value': 213}, 'value': '6.23'}, {'type': {'displayName': 'PassEndX', 'value': 140}, 'value': '62.7'}]",True,,,,,
1901113,FirstHalf,12,34.0,12,Pass,Successful,87,Juventus,494525.0,Kenan Yildiz,63.1,84.0,59.9,68.7,,,,,"[{'type': {'displayName': 'PassEndY', 'value': 141}, 'value': '68.7'}, {'type': {'displayName': 'PassEndX', 'value': 140}, 'value': '59.9'}, {'type': {'displayName': 'LayOff', 'value': 156}}, {'type': {'displayName': 'Angle', 'value': 213}, 'value': '4.40'}, {'type': {'displayName': 'Zone', 'value': 56}, 'value': 'Center'}, {'type': {'displayName': 'Length', 'value': 212}, 'value': '10.9'}]",True,,,,,
1901113,FirstHalf,12,36.0,12,Pass,Successful,87,Juventus,425080.0,Fabio Miretti,61.6,68.2,61.3,44.1,,,,,"[{'type': {'displayName': 'PassEndY', 'value': 141}, 'value': '44.1'}, {'type': {'displayName': 'PassEndX', 'value': 140}, 'value': '61.3'}, {'type': {'displayName': 'Zone', 'value': 56}, 'value': 'Center'}, {'type': {'displayName': 'Length', 'value': 212}, 'value': '16.4'}, {'type': {'displayName': 'Angle', 'value': 213}, 'value': '4.69'}]",True,,,,,
1901113,FirstHalf,12,38.0,12,Pass,Successful,87,Juventus,339875.0,Bremer,62.8,38.7,75.4,6.0,,,,,"[{'type': {'displayName': 'PassEndX', 'value': 140}, 'value': '75.4'}, {'type': {'displayName': 'Angle', 'value': 213}, 'value': '5.25'}, {'type': {'displayName': 'Length', 'value': 212}, 'value': '25.9'}, {'type': {'displayName': 'Zone', 'value': 56}, 'value': 'Right'}, {'type': {'displayName': 'PassEndY', 'value': 141}, 'value': '6.0'}]",True,,,,,
1901113,FirstHalf,12,41.0,12,Pass,Unsuccessful,87,Juventus,391836.0,Pierre Kalulu,76.0,5.8,76.0,20.5,,,,,"[{'type': {'displayName': 'PassEndY', 'value': 141}, 'value': '20.5'}, {'type': {'displayName': 'PassEndX', 'value': 140}, 'value': '76.0'}, {'type': {'displayName': 'Length', 'value': 212}, 'value': '10.0'}, {'type': {'displayName': 'Angle', 'value': 213}, 'value': '1.57'}, {'type': {'displayName': 'Zone', 'value': 56}, 'value': 'Right'}]",True,,,,,
1901113,FirstHalf,12,43.0,12,Foul,Successful,78,Cagliari,255292.0,Sebastiano Luperto,27.4,83.0,,,,,,,"[{'type': {'displayName': 'Foul', 'value': 13}}, {'type': {'displayName': 'Defensive', 'value': 285}}, {'type': {'displayName': 'Zone', 'value': 56}, 'value': 'Back'}, {'type': {'displayName': 'OppositeRelatedEvent', 'value': 233}, 'value': '176'}]",True,,,,,
1901113,FirstHalf,12,43.0,12,Foul,Unsuccessful,87,Juventus,338275.0,Weston McKennie,72.6,17.0,,,,,,,"[{'type': {'displayName': 'OppositeRelatedEvent', 'value': 233}, 'value': '89'}, {'type': {'displayName': 'Foul', 'value': 13}}, {'type': {'displayName': 'Offensive', 'value': 286}}, {'type': {'displayName': 'Zone', 'value': 56}, 'value': 'Right'}]",False,,,,,
1901113,FirstHalf,13,31.0,13,Pass,Successful,78,Cagliari,362780.0,Elia Caprile,26.9,80.5,68.0,3.3,,,,,"[{'type': {'displayName': 'Length', 'value': 212}, 'value': '68.0'}, {'type': {'displayName': 'Angle', 'value': 213}, 'value': '5.40'}, {'type': {'displayName': 'PassEndX', 'value': 140}, 'value': '68.0'}, {'type': {'displayName': 'Zone', 'value': 56}, 'value': 'Right'}, {'type': {'displayName': 'Longball', 'value': 1}}, {'type': {'displayName': 'FreekickTaken', 'value': 5}}, {'type': {'displayName': 'PassEndY', 'value': 141}, 'value': '3.3'}]",True,,,,,
1901113,FirstHalf,13,36.0,13,BallTouch,Unsuccessful,78,Cagliari,481154.0,Marco Palestra,68.0,3.3,,,,,,,"[{'type': {'displayName': 'Zone', 'value': 56}, 'value': 'Right'}]",True,,,,,
1901113,FirstHalf,13,37.0,13,BallRecovery,Successful,87,Juventus,423440.0,Andrea Cambiaso,20.9,96.4,,,,,,,[],False,,,,,
1901113,FirstHalf,13,37.0,13,Pass,Successful,87,Juventus,423440.0,Andrea Cambiaso,19.7,96.4,22.6,87.1,,,,,"[{'type': {'displayName': 'PassEndY', 'value': 141}, 'value': '87.1'}, {'type': {'displayName': 'Length', 'value': 212}, 'value': '7.0'}, {'type': {'displayName': 'Zone', 'value': 56}, 'value': 'Back'}, {'type': {'displayName': 'PassEndX', 'value': 140}, 'value': '22.6'}, {'type': {'displayName': 'Angle', 'value': 213}, 'value': '5.16'}]",True,,,,,
1901113,FirstHalf,13,38.0,13,Pass,Successful,87,Juventus,343308.0,Teun Koopmeiners,22.6,87.1,31.2,97.2,,,,,"[{'type': {'displayName': 'Zone', 'value': 56}, 'value': 'Back'}, {'type': {'displayName': 'Angle', 'value': 213}, 'value': '0.65'}, {'type': {'displayName': 'Length', 'value': 212}, 'value': '11.3'}, {'type': {'displayName': 'PassEndY', 'value': 141}, 'value': '97.2'}, {'type': {'displayName': 'PassEndX', 'value': 140}, 'value': '31.2'}]",True,,,,,
1901113,FirstHalf,13,41.0,13,TakeOn,Unsuccessful,87,Juventus,332419.0,Lloyd Kelly,35.9,93.9,,,,,,,"[{'type': {'displayName': 'Zone', 'value': 56}, 'value': 'Back'}, {'type': {'displayName': 'Offensive', 'value': 286}}]",True,,,,,
1901113,FirstHalf,13,42.0,13,Foul,Successful,87,Juventus,332419.0,Lloyd Kelly,34.5,97.8,,,,,,,"[{'type': {'displayName': 'Zone', 'value': 56}, 'value': 'Back'}, {'type': {'displayName': 'Offensive', 'value': 286}}, {'type': {'displayName': 'Foul', 'value': 13}}, {'type': {'displayName': 'OppositeRelatedEvent', 'value': 233}, 'value': '92'}]",True,,,,,
1901113,FirstHalf,13,42.0,13,Foul,Unsuccessful,78,Cagliari,450142.0,Zé Pedro,65.5,2.2,,,,,,,"[{'type': {'displayName': 'OppositeRelatedEvent', 'value': 233}, 'value': '180'}, {'type': {'displayName': 'Foul', 'value': 13}}, {'type': {'displayName': 'Zone', 'value': 56}, 'value': 'Right'}, {'type': {'displayName': 'Defensive', 'value': 285}}]",False,,,,,
1901113,FirstHalf,13,52.0,13,Pass,Successful,87,Juventus,494525.0,Kenan Yildiz,36.6,98.1,27.8,84.0,,,,,"[{'type': {'displayName': 'Length', 'value': 212}, 'value': '13.3'}, {'type': {'displayName': 'Zone', 'value': 56}, 'value': 'Back'}, {'type': {'displayName': 'Angle', 'value': 213}, 'value': '3.95'}, {'type': {'displayName': 'PassEndX', 'value': 140}, 'value': '27.8'}, {'type': {'displayName': 'FreekickTaken', 'value': 5}}, {'type': {'displayName': 'PassEndY', 'value': 141}, 'value': '84.0'}]",True,,,,,
1901113,FirstHalf,13,54.0,13,Pass,Successful,87,Juventus,423440.0,Andrea Cambiaso,29.7,77.4,33.1,44.8,,,,,"[{'type': {'displayName': 'PassEndY', 'value': 141}, 'value': '44.8'}, {'type': {'displayName': 'Length', 'value': 212}, 'value': '22.5'}, {'type': {'displayName': 'Angle', 'value': 213}, 'value': '4.87'}, {'type': {'displayName': 'Zone', 'value': 56}, 'value': 'Back'}, {'type': {'displayName': 'PassEndX', 'value': 140}, 'value': '33.1'}]",True,,,,,
1901113,FirstHalf,13,58.0,13,Pass,Successful,87,Juventus,273539.0,Manuel Locatelli,31.8,43.9,58.5,27.7,,,,,"[{'type': {'displayName': 'Zone', 'value': 56}, 'value': 'Center'}, {'type': {'displayName': 'PassEndX', 'value': 140}, 'value': '58.5'}, {'type': {'displayName': 'Angle', 'value': 213}, 'value': '5.91'}, {'type': {'displayName': 'PassEndY', 'value': 141}, 'value': '27.7'}, {'type': {'displayName': 'Length', 'value': 212}, 'value': '30.1'}]",True,,,,,
1901113,FirstHalf,13,59.0,13,Pass,Successful,87,Juventus,338275.0,Weston McKennie,58.5,27.7,54.8,4.6,,,,,"[{'type': {'displayName': 'PassEndX', 'value': 140}, 'value': '54.8'}, {'type': {'displayName': 'Angle', 'value': 213}, 'value': '4.47'}, {'type': {'displayName': 'Length', 'value': 212}, 'value': '16.2'}, {'type': {'displayName': 'PassEndY', 'value': 141}, 'value': '4.6'}, {'type': {'displayName': 'Zone', 'value': 56}, 'value': 'Right'}]",True,,,,,
1901113,FirstHalf,14,3.0,14,Pass,Successful,87,Juventus,391836.0,Pierre Kalulu,52.1,4.0,59.3,30.4,,,,,"[{'type': {'displayName': 'Zone', 'value': 56}, 'value': 'Center'}, {'type': {'displayName': 'PassEndX', 'value': 140}, 'value': '59.3'}, {'type': {'displayName': 'Length', 'value': 212}, 'value': '19.5'}, {'type': {'displayName': 'PassEndY', 'value': 141}, 'value': '30.4'}, {'type': {'displayName': 'Angle', 'value': 213}, 'value': '1.17'}]",True,,,,,
1901113,FirstHalf,14,4.0,14,Pass,Successful,87,Juventus,425080.0,Fabio Miretti,59.3,30.4,44.8,30.6,,,,,"[{'type': {'displayName': 'LayOff', 'value': 156}}, {'type': {'displayName': 'Zone', 'value': 56}, 'value': 'Back'}, {'type': {'displayName': 'Length', 'value': 212}, 'value': '15.2'}, {'type': {'displayName': 'PassEndY', 'value': 141}, 'value': '30.6'}, {'type': {'displayName': 'PassEndX', 'value': 140}, 'value': '44.8'}, {'type': {'displayName': 'Angle', 'value': 213}, 'value': '3.13'}]",True,,,,,
1901113,FirstHalf,14,5.0,14,Pass,Successful,87,Juventus,273539.0,Manuel Locatelli,44.9,30.6,36.9,35.2,,,,,"[{'type': {'displayName': 'Length', 'value': 212}, 'value': '9.0'}, {'type': {'displayName': 'PassEndY', 'value': 141}, 'value': '35.2'}, {'type': {'displayName': 'Zone', 'value': 56}, 'value': 'Back'}, {'type': {'displayName': 'PassEndX', 'value': 140}, 'value': '36.9'}, {'type': {'displayName': 'Angle', 'value': 213}, 'value': '2.79'}]",True,,,,,
1901113,FirstHalf,14,9.0,14,Pass,Successful,87,Juventus,339875.0,Bremer,36.3,33.9,42.5,37.6,,,,,"[{'type': {'displayName': 'Length', 'value': 212}, 'value': '7.0'}, {'type': {'displayName': 'Angle', 'value': 213}, 'value': '0.37'}, {'type': {'displayName': 'PassEndX', 'value': 140}, 'value': '42.5'}, {'type': {'displayName': 'Zone', 'value': 56}, 'value': 'Back'}, {'type': {'displayName': 'PassEndY', 'value': 141}, 'value': '37.6'}]",True,,,,,
1901113,FirstHalf,14,15.0,14,Pass,Successful,87,Juventus,273539.0,Manuel Locatelli,48.5,66.6,58.8,90.1,,,,,"[{'type': {'displayName': 'PassEndX', 'value': 140}, 'value': '58.8'}, {'type': {'displayName': 'Angle', 'value': 213}, 'value': '0.98'}, {'type': {'displayName': 'Length', 'value': 212}, 'value': '19.3'}, {'type': {'displayName': 'Zone', 'value': 56}, 'value': 'Left'}, {'type': {'displayName': 'PassEndY', 'value': 141}, 'value': '90.1'}]",True,,,,,
1901113,FirstHalf,14,19.0,14,Pass,Successful,87,Juventus,343308.0,Teun Koopmeiners,63.2,93.4,56.4,85.5,,,,,"[{'type': {'displayName': 'PassEndY', 'value': 141}, 'value': '85.5'}, {'type': {'displayName': 'Length', 'value': 212}, 'value': '8.9'}, {'type': {'displayName': 'PassEndX', 'value': 140}, 'value': '56.4'}, {'type': {'displayName': 'Angle', 'value': 213}, 'value': '3.79'}, {'type': {'displayName': 'Zone', 'value': 56}, 'value': 'Left'}]",True,,,,,
1901113,FirstHalf,14,21.0,14,Pass,Successful,87,Juventus,273539.0,Manuel Locatelli,56.8,85.5,61.9,71.8,,,,,"[{'type': {'displayName': 'Angle', 'value': 213}, 'value': '5.23'}, {'type': {'displayName': 'PassEndX', 'value': 140}, 'value': '61.9'}, {'type': {'displayName': 'PassEndY', 'value': 141}, 'value': '71.8'}, {'type': {'displayName': 'Length', 'value': 212}, 'value': '10.7'}, {'type': {'displayName': 'Zone', 'value': 56}, 'value': 'Center'}]",True,,,,,
1901113,FirstHalf,14,22.0,14,Pass,Successful,87,Juventus,423440.0,Andrea Cambiaso,61.9,71.8,59.1,83.8,,,,,"[{'type': {'displayName': 'Length', 'value': 212}, 'value': '8.7'}, {'type': {'displayName': 'Zone', 'value': 56}, 'value': 'Left'}, {'type': {'displayName': 'PassEndX', 'value': 140}, 'value': '59.1'}, {'type': {'displayName': 'PassEndY', 'value': 141}, 'value': '83.8'}, {'type': {'displayName': 'Angle', 'value': 213}, 'value': '1.92'}]",True,,,,,
1901113,FirstHalf,14,24.0,14,Pass,Successful,87,Juventus,273539.0,Manuel Locatelli,58.4,83.7,69.4,21.0,,,,,"[{'type': {'displayName': 'Zone', 'value': 56}, 'value': 'Right'}, {'type': {'displayName': 'Chipped', 'value': 155}}, {'type': {'displayName': 'Length', 'value': 212}, 'value': '44.2'}, {'type': {'displayName': 'PassEndY', 'value': 141}, 'value': '21.0'}, {'type': {'displayName': 'PassEndX', 'value': 140}, 'value': '69.4'}, {'type': {'displayName': 'Longball', 'value': 1}}, {'type': {'displayName': 'Angle', 'value': 213}, 'value': '4.98'}]",True,,,,,
1901113,FirstHalf,14,27.0,14,Aerial,Successful,87,Juventus,391836.0,Pierre Kalulu,69.4,21.0,,,,,,,"[{'type': {'displayName': 'OppositeRelatedEvent', 'value': 233}, 'value': '93'}, {'type': {'displayName': 'Zone', 'value': 56}, 'value': 'Right'}, {'type': {'displayName': 'Offensive', 'value': 286}}]",False,,,,,
1901113,FirstHalf,14,27.0,14,Aerial,Unsuccessful,78,Cagliari,424534.0,Adam Obert,30.6,79.0,,,,,,,"[{'type': {'displayName': 'OppositeRelatedEvent', 'value': 233}, 'value': '194'}, {'type': {'displayName': 'Defensive', 'value': 285}}, {'type': {'displayName': 'Zone', 'value': 56}, 'value': 'Back'}]",False,,,,,
1901113,FirstHalf,14,27.0,14,Pass,Successful,87,Juventus,391836.0,Pierre Kalulu,69.4,21.0,86.7,39.1,,,,,"[{'type': {'displayName': 'HeadPass', 'value': 3}}, {'type': {'displayName': 'Zone', 'value': 56}, 'value': 'Center'}, {'type': {'displayName': 'Angle', 'value': 213}, 'value': '0.60'}, {'type': {'displayName': 'PassEndY', 'value': 141}, 'value': '39.1'}, {'type': {'displayName': 'Length', 'value': 212}, 'value': '21.9'}, {'type': {'displayName': 'PassEndX', 'value': 140}, 'value': '86.7'}]",True,,,,,
1901113,FirstHalf,14,30.0,14,Dispossessed,Successful,87,Juventus,425080.0,Fabio Miretti,87.1,39.6,,,,,,,"[{'type': {'displayName': 'Zone', 'value': 56}, 'value': 'Center'}, {'type': {'displayName': 'OppositeRelatedEvent', 'value': 233}, 'value': '95'}, {'type': {'displayName': 'Offensive', 'value': 286}}]",True,,,,,
1901113,FirstHalf,14,30.0,14,Tackle,Successful,78,Cagliari,141269.0,Luca Mazzitelli,12.9,60.4,,,,,,,"[{'type': {'displayName': 'OppositeRelatedEvent', 'value': 233}, 'value': '202'}, {'type': {'displayName': 'Zone', 'value': 56}, 'value': 'Back'}, {'type': {'displayName': 'Defensive', 'value': 285}}, {'type': {'displayName': 'StandingSave', 'value': 178}}]",True,,,,,
1901113,FirstHalf,14,31.0,14,Foul,Successful,78,Cagliari,141269.0,Luca Mazzitelli,11.9,60.2,,,,,,,"[{'type': {'displayName': 'Defensive', 'value': 285}}, {'type': {'displayName': 'OppositeRelatedEvent', 'value': 233}, 'value': '203'}, {'type': {'displayName': 'Foul', 'value': 13}}, {'type': {'displayName': 'Zone', 'value': 56}, 'value': 'Back'}]",True,,,,,
1901113,FirstHalf,14,31.0,14,Foul,Unsuccessful,87,Juventus,425080.0,Fabio Miretti,88.1,39.8,,,,,,,"[{'type': {'displayName': 'Foul', 'value': 13}}, {'type': {'displayName': 'OppositeRelatedEvent', 'value': 233}, 'value': '96'}, {'type': {'displayName': 'Zone', 'value': 56}, 'value': 'Center'}, {'type': {'displayName': 'Offensive', 'value': 286}}]",False,,,,,
1901113,FirstHalf,17,0.0,17,Pass,Unsuccessful,78,Cagliari,362780.0,Elia Caprile,14.4,63.3,72.2,69.7,,,,,"[{'type': {'displayName': 'PassEndY', 'value': 141}, 'value': '69.7'}, {'type': {'displayName': 'Longball', 'value': 1}}, {'type': {'displayName': 'PassEndX', 'value': 140}, 'value': '72.2'}, {'type': {'displayName': 'Zone', 'value': 56}, 'value': 'Center'}, {'type': {'displayName': 'Angle', 'value': 213}, 'value': '0.07'}, {'type': {'displayName': 'FreekickTaken', 'value': 5}}, {'type': {'displayName': 'Length', 'value': 212}, 'value': '60.8'}]",True,,,,,
1901113,FirstHalf,17,4.0,17,Clearance,Successful,87,Juventus,339875.0,Bremer,23.8,23.7,28.4,27.4,,,,,"[{'type': {'displayName': 'Zone', 'value': 56}, 'value': 'Back'}, {'type': {'displayName': 'Angle', 'value': 213}, 'value': '0.48'}, {'type': {'displayName': 'PassEndX', 'value': 140}, 'value': '28.4'}, {'type': {'displayName': 'PassEndY', 'value': 141}, 'value': '27.4'}, {'type': {'displayName': 'Length', 'value': 212}, 'value': '5.4'}, {'type': {'displayName': 'Head', 'value': 15}}]",True,,,,,
1901113,FirstHalf,17,5.0,17,Pass,Unsuccessful,78,Cagliari,457171.0,Semih Kiliçsoy,72.0,67.5,68.3,63.4,,,,,"[{'type': {'displayName': 'HeadPass', 'value': 3}}, {'type': {'displayName': 'Zone', 'value': 56}, 'value': 'Center'}, {'type': {'displayName': 'Angle', 'value': 213}, 'value': '3.76'}, {'type': {'displayName': 'PassEndY', 'value': 141}, 'value': '63.4'}, {'type': {'displayName': 'PassEndX', 'value': 140}, 'value': '68.3'}, {'type': {'displayName': 'Length', 'value': 212}, 'value': '4.8'}]",True,,,,,
1901113,FirstHalf,17,6.0,17,BallTouch,Successful,87,Juventus,273539.0,Manuel Locatelli,28.8,32.8,,,,,,,"[{'type': {'displayName': 'Zone', 'value': 56}, 'value': 'Back'}]",True,,,,,
1901113,FirstHalf,17,7.0,17,BallTouch,Successful,87,Juventus,494525.0,Kenan Yildiz,38.8,73.6,,,,,,,"[{'type': {'displayName': 'Zone', 'value': 56}, 'value': 'Back'}]",True,,,,,
1901113,FirstHalf,17,10.0,17,BallRecovery,Successful,87,Juventus,425080.0,Fabio Miretti,34.0,60.4,,,,,,,[],False,,,,,
1901113,FirstHalf,17,10.0,17,Pass,Successful,87,Juventus,425080.0,Fabio Miretti,34.0,60.4,31.9,83.7,,,,,"[{'type': {'displayName': 'PassEndY', 'value': 141}, 'value': '83.7'}, {'type': {'displayName': 'Length', 'value': 212}, 'value': '16.0'}, {'type': {'displayName': 'Angle', 'value': 213}, 'value': '1.71'}, {'type': {'displayName': 'Zone', 'value': 56}, 'value': 'Back'}, {'type': {'displayName': 'PassEndX', 'value': 140}, 'value': '31.9'}]",True,,,,,
1901113,FirstHalf,17,12.0,17,Pass,Successful,87,Juventus,423440.0,Andrea Cambiaso,31.2,86.2,18.0,72.6,,,,,"[{'type': {'displayName': 'PassEndY', 'value': 141}, 'value': '72.6'}, {'type': {'displayName': 'Length', 'value': 212}, 'value': '16.7'}, {'type': {'displayName': 'PassEndX', 'value': 140}, 'value': '18.0'}, {'type': {'displayName': 'Zone', 'value': 56}, 'value': 'Back'}, {'type': {'displayName': 'Angle', 'value': 213}, 'value': '3.73'}]",True,,,,,
1901113,FirstHalf,17,14.0,17,Pass,Successful,87,Juventus,332419.0,Lloyd Kelly,20.1,75.9,33.4,82.9,,,,,"[{'type': {'displayName': 'PassEndX', 'value': 140}, 'value': '33.4'}, {'type': {'displayName': 'Length', 'value': 212}, 'value': '14.8'}, {'type': {'displayName': 'PassEndY', 'value': 141}, 'value': '82.9'}, {'type': {'displayName': 'Angle', 'value': 213}, 'value': '0.33'}, {'type': {'displayName': 'Zone', 'value': 56}, 'value': 'Back'}]",True,,,,,
1901113,FirstHalf,17,16.0,17,Pass,Successful,87,Juventus,425080.0,Fabio Miretti,31.4,83.7,44.0,96.6,,,,,"[{'type': {'displayName': 'Zone', 'value': 56}, 'value': 'Back'}, {'type': {'displayName': 'Length', 'value': 212}, 'value': '15.9'}, {'type': {'displayName': 'PassEndY', 'value': 141}, 'value': '96.6'}, {'type': {'displayName': 'PassEndX', 'value': 140}, 'value': '44.0'}, {'type': {'displayName': 'Angle', 'value': 213}, 'value': '0.59'}]",True,,,,,
1901113,FirstHalf,17,18.0,17,Pass,Unsuccessful,87,Juventus,383855.0,Jonathan David,41.8,98.1,44.3,98.1,,,,,"[{'type': {'displayName': 'Angle', 'value': 213}, 'value': '0.00'}, {'type': {'displayName': 'Offensive', 'value': 286}}, {'type': {'displayName': 'PassEndX', 'value': 140}, 'value': '44.3'}, {'type': {'displayName': 'Length', 'value': 212}, 'value': '2.6'}, {'type': {'displayName': 'OppositeRelatedEvent', 'value': 233}, 'value': '100'}, {'type': {'displayName': 'Zone', 'value': 56}, 'value': 'Back'}, {'type': {'displayName': 'PassEndY', 'value': 141}, 'value': '98.1'}]",True,,,,,
1901113,FirstHalf,17,18.0,17,BlockedPass,Successful,78,Cagliari,318432.0,Yerry Mina,55.7,1.9,,,,,,,"[{'type': {'displayName': 'OppositeRelatedEvent', 'value': 233}, 'value': '212'}, {'type': {'displayName': 'Defensive', 'value': 285}}, {'type': {'displayName': 'Zone', 'value': 56}, 'value': 'Right'}]",True,,,,,
1901113,FirstHalf,17,27.0,17,Pass,Successful,87,Juventus,423440.0,Andrea Cambiaso,41.4,100.0,26.8,79.9,,,,,"[{'type': {'displayName': 'PassEndY', 'value': 141}, 'value': '79.9'}, {'type': {'displayName': 'Length', 'value': 212}, 'value': '21.2'}, {'type': {'displayName': 'Zone', 'value': 56}, 'value': 'Back'}, {'type': {'displayName': 'ThrowIn', 'value': 107}}, {'type': {'displayName': 'Angle', 'value': 213}, 'value': '3.91'}, {'type': {'displayName': 'PassEndX', 'value': 140}, 'value': '26.8'}]",True,,,,,
1901113,FirstHalf,17,30.0,17,Pass,Successful,87,Juventus,332419.0,Lloyd Kelly,26.6,77.7,28.9,53.7,,,,,"[{'type': {'displayName': 'Length', 'value': 212}, 'value': '16.5'}, {'type': {'displayName': 'PassEndY', 'value': 141}, 'value': '53.7'}, {'type': {'displayName': 'PassEndX', 'value': 140}, 'value': '28.9'}, {'type': {'displayName': 'Zone', 'value': 56}, 'value': 'Back'}, {'type': {'displayName': 'Angle', 'value': 213}, 'value': '4.86'}]",True,,,,,
1901113,FirstHalf,17,35.0,17,Pass,Successful,87,Juventus,273539.0,Manuel Locatelli,36.5,33.6,37.1,64.8,,,,,"[{'type': {'displayName': 'Zone', 'value': 56}, 'value': 'Back'}, {'type': {'displayName': 'Angle', 'value': 213}, 'value': '1.54'}, {'type': {'displayName': 'PassEndY', 'value': 141}, 'value': '64.8'}, {'type': {'displayName': 'Length', 'value': 212}, 'value': '21.2'}, {'type': {'displayName': 'PassEndX', 'value': 140}, 'value': '37.1'}]",True,,,,,
1901113,FirstHalf,17,41.0,17,Pass,Successful,87,Juventus,332419.0,Lloyd Kelly,46.5,68.1,54.5,56.7,,,,,"[{'type': {'displayName': 'PassEndY', 'value': 141}, 'value': '56.7'}, {'type': {'displayName': 'Length', 'value': 212}, 'value': '11.4'}, {'type': {'displayName': 'PassEndX', 'value': 140}, 'value': '54.5'}, {'type': {'displayName': 'Zone', 'value': 56}, 'value': 'Center'}, {'type': {'displayName': 'Angle', 'value': 213}, 'value': '5.54'}]",True,,,,,
1901113,FirstHalf,17,42.0,17,Pass,Successful,87,Juventus,425080.0,Fabio Miretti,54.5,56.7,40.1,42.0,,,,,"[{'type': {'displayName': 'Length', 'value': 212}, 'value': '18.1'}, {'type': {'displayName': 'PassEndY', 'value': 141}, 'value': '42.0'}, {'type': {'displayName': 'PassEndX', 'value': 140}, 'value': '40.1'}, {'type': {'displayName': 'Zone', 'value': 56}, 'value': 'Back'}, {'type': {'displayName': 'Angle', 'value': 213}, 'value': '3.73'}]",True,,,,,
1901113,FirstHalf,17,43.0,17,Pass,Successful,87,Juventus,273539.0,Manuel Locatelli,40.1,42.0,44.8,17.2,,,,,"[{'type': {'displayName': 'PassEndX', 'value': 140}, 'value': '44.8'}, {'type': {'displayName': 'Angle', 'value': 213}, 'value': '5.00'}, {'type': {'displayName': 'Zone', 'value': 56}, 'value': 'Back'}, {'type': {'displayName': 'Length', 'value': 212}, 'value': '17.6'}, {'type': {'displayName': 'PassEndY', 'value': 141}, 'value': '17.2'}]",True,,,,,
1901113,FirstHalf,17,50.0,17,Pass,Successful,87,Juventus,339875.0,Bremer,51.4,16.2,48.4,42.7,,,,,"[{'type': {'displayName': 'Zone', 'value': 56}, 'value': 'Back'}, {'type': {'displayName': 'Length', 'value': 212}, 'value': '18.3'}, {'type': {'displayName': 'Angle', 'value': 213}, 'value': '1.74'}, {'type': {'displayName': 'PassEndY', 'value': 141}, 'value': '42.7'}, {'type': {'displayName': 'PassEndX', 'value': 140}, 'value': '48.4'}]",True,,,,,
1901113,FirstHalf,17,51.0,17,Pass,Successful,87,Juventus,425080.0,Fabio Miretti,48.1,44.2,41.4,71.2,,,,,"[{'type': {'displayName': 'Zone', 'value': 56}, 'value': 'Back'}, {'type': {'displayName': 'Angle', 'value': 213}, 'value': '1.94'}, {'type': {'displayName': 'Length', 'value': 212}, 'value': '19.7'}, {'type': {'displayName': 'PassEndY', 'value': 141}, 'value': '71.2'}, {'type': {'displayName': 'PassEndX', 'value': 140}, 'value': '41.4'}]",True,,,,,
1901113,FirstHalf,17,55.0,17,Pass,Successful,87,Juventus,332419.0,Lloyd Kelly,45.8,77.5,75.8,97.5,,,,,"[{'type': {'displayName': 'PassEndX', 'value': 140}, 'value': '75.8'}, {'type': {'displayName': 'Angle', 'value': 213}, 'value': '0.41'}, {'type': {'displayName': 'PassEndY', 'value': 141}, 'value': '97.5'}, {'type': {'displayName': 'Longball', 'value': 1}}, {'type': {'displayName': 'Length', 'value': 212}, 'value': '34.3'}, {'type': {'displayName': 'Zone', 'value': 56}, 'value': 'Left'}]",True,,,,,
1901113,FirstHalf,17,58.0,17,Pass,Successful,87,Juventus,494525.0,Kenan Yildiz,79.1,95.1,90.2,83.7,,,,,"[{'type': {'displayName': 'PassEndX', 'value': 140}, 'value': '90.2'}, {'type': {'displayName': 'Zone', 'value': 56}, 'value': 'Left'}, {'type': {'displayName': 'Length', 'value': 212}, 'value': '14.0'}, {'type': {'displayName': 'PassEndY', 'value': 141}, 'value': '83.7'}, {'type': {'displayName': 'Angle', 'value': 213}, 'value': '5.70'}]",True,,,,,
1901113,FirstHalf,18,0.0,18,Pass,Unsuccessful,87,Juventus,423440.0,Andrea Cambiaso,91.9,83.1,91.5,78.9,,,,,"[{'type': {'displayName': 'Zone', 'value': 56}, 'value': 'Left'}, {'type': {'displayName': 'Angle', 'value': 213}, 'value': '4.57'}, {'type': {'displayName': 'Length', 'value': 212}, 'value': '2.9'}, {'type': {'displayName': 'PassEndX', 'value': 140}, 'value': '91.5'}, {'type': {'displayName': 'PassEndY', 'value': 141}, 'value': '78.9'}]",True,,,,,
1901113,FirstHalf,18,1.0,18,BallTouch,Successful,78,Cagliari,369883.0,Gianluca Gaetano,4.0,20.5,,,,,,,"[{'type': {'displayName': 'Zone', 'value': 56}, 'value': 'Back'}]",True,,,,,
1901113,FirstHalf,18,2.0,18,Clearance,Successful,78,Cagliari,318432.0,Yerry Mina,2.2,28.8,0.0,25.0,,,,,"[{'type': {'displayName': 'Angle', 'value': 213}, 'value': '3.83'}, {'type': {'displayName': 'PassEndX', 'value': 140}, 'value': '0.0'}, {'type': {'displayName': 'Zone', 'value': 56}, 'value': 'Back'}, {'type': {'displayName': 'Length', 'value': 212}, 'value': '4.1'}, {'type': {'displayName': 'PassEndY', 'value': 141}, 'value': '25.0'}]",True,,,,,
1901113,FirstHalf,18,4.0,18,CornerAwarded,Unsuccessful,78,Cagliari,318432.0,Yerry Mina,0.0,25.0,,,,,,,"[{'type': {'displayName': 'MissLeft', 'value': 73}}, {'type': {'displayName': 'Zone', 'value': 56}, 'value': 'Back'}, {'type': {'displayName': 'OppositeRelatedEvent', 'value': 233}, 'value': '225'}]",False,,,,,
1901113,FirstHalf,18,4.0,18,CornerAwarded,Successful,87,Juventus,423440.0,Andrea Cambiaso,100.0,75.0,,,,,,,"[{'type': {'displayName': 'Zone', 'value': 56}, 'value': 'Center'}, {'type': {'displayName': 'MissLeft', 'value': 73}}, {'type': {'displayName': 'OppositeRelatedEvent', 'value': 233}, 'value': '104'}]",False,,,,,
1901113,FirstHalf,18,25.0,18,Pass,Successful,87,Juventus,494525.0,Kenan Yildiz,99.5,99.5,85.5,84.0,,,,,"[{'type': {'displayName': 'Length', 'value': 212}, 'value': '18.1'}, {'type': {'displayName': 'PassEndX', 'value': 140}, 'value': '85.5'}, {'type': {'displayName': 'Angle', 'value': 213}, 'value': '3.76'}, {'type': {'displayName': 'Zone', 'value': 56}, 'value': 'Left'}, {'type': {'displayName': 'CornerTaken', 'value': 6}}, {'type': {'displayName': 'PassEndY', 'value': 141}, 'value': '84.0'}]",True,,,,,
1901113,FirstHalf,18,26.0,18,Pass,Unsuccessful,87,Juventus,423440.0,Andrea Cambiaso,85.5,84.0,95.8,50.4,,,,,"[{'type': {'displayName': 'LeftFoot', 'value': 72}}, {'type': {'displayName': 'Chipped', 'value': 155}}, {'type': {'displayName': 'Angle', 'value': 213}, 'value': '5.15'}, {'type': {'displayName': 'Zone', 'value': 56}, 'value': 'Center'}, {'type': {'displayName': 'Length', 'value': 212}, 'value': '25.3'}, {'type': {'displayName': 'PassEndY', 'value': 141}, 'value': '50.4'}, {'type': {'displayName': 'PassEndX', 'value': 140}, 'value': '95.8'}, {'type': {'displayName': 'Cross', 'value': 2}}]",True,,,,,
1901113,FirstHalf,18,28.0,18,Aerial,Successful,78,Cagliari,255292.0,Sebastiano Luperto,4.2,49.6,,,,,,,"[{'type': {'displayName': 'Defensive', 'value': 285}}, {'type': {'displayName': 'OppositeRelatedEvent', 'value': 233}, 'value': '228'}, {'type': {'displayName': 'Zone', 'value': 56}, 'value': 'Back'}]",False,,,,,
1901113,FirstHalf,18,28.0,18,Aerial,Unsuccessful,87,Juventus,339875.0,Bremer,95.8,50.4,,,,,,,"[{'type': {'displayName': 'Zone', 'value': 56}, 'value': 'Center'}, {'type': {'displayName': 'OppositeRelatedEvent', 'value': 233}, 'value': '105'}, {'type': {'displayName': 'Offensive', 'value': 286}}]",False,,,,,
1901113,FirstHalf,18,29.0,18,Clearance,Successful,78,Cagliari,255292.0,Sebastiano Luperto,4.2,49.6,17.0,77.4,,,,,"[{'type': {'displayName': 'Head', 'value': 15}}, {'type': {'displayName': 'Length', 'value': 212}, 'value': '23.2'}, {'type': {'displayName': 'Zone', 'value': 56}, 'value': 'Back'}, {'type': {'displayName': 'Angle', 'value': 213}, 'value': '0.95'}, {'type': {'displayName': 'PassEndX', 'value': 140}, 'value': '17.0'}, {'type': {'displayName': 'PassEndY', 'value': 141}, 'value': '77.4'}]",True,,,,,
1901113,FirstHalf,18,32.0,18,Pass,Unsuccessful,87,Juventus,332419.0,Lloyd Kelly,86.4,21.7,91.5,58.6,,,,,"[{'type': {'displayName': 'Length', 'value': 212}, 'value': '25.7'}, {'type': {'displayName': 'LeftFoot', 'value': 72}}, {'type': {'displayName': 'PassEndY', 'value': 141}, 'value': '58.6'}, {'type': {'displayName': 'Cross', 'value': 2}}, {'type': {'displayName': 'Chipped', 'value': 155}}, {'type': {'displayName': 'Zone', 'value': 56}, 'value': 'Center'}, {'type': {'displayName': 'PassEndX', 'value': 140}, 'value': '91.5'}, {'type': {'displayName': 'Angle', 'value': 213}, 'value': '1.36'}]",True,,,,,
1901113,FirstHalf,18,34.0,18,Clearance,Successful,78,Cagliari,450142.0,Zé Pedro,9.7,44.5,19.4,58.2,,,,,"[{'type': {'displayName': 'Length', 'value': 212}, 'value': '13.8'}, {'type': {'displayName': 'PassEndX', 'value': 140}, 'value': '19.4'}, {'type': {'displayName': 'Head', 'value': 15}}, {'type': {'displayName': 'PassEndY', 'value': 141}, 'value': '58.2'}, {'type': {'displayName': 'Zone', 'value': 56}, 'value': 'Back'}, {'type': {'displayName': 'Angle', 'value': 213}, 'value': '0.74'}]",True,,,,,
1901113,FirstHalf,18,34.0,18,BallTouch,Successful,87,Juventus,338275.0,Weston McKennie,79.2,52.5,,,,,,,"[{'type': {'displayName': 'Zone', 'value': 56}, 'value': 'Center'}]",True,,,,,
1901113,FirstHalf,18,39.0,18,BallTouch,Unsuccessful,87,Juventus,332419.0,Lloyd Kelly,78.9,44.5,,,,,,,"[{'type': {'displayName': 'Zone', 'value': 56}, 'value': 'Center'}]",True,,,,,
1901113,FirstHalf,18,39.0,18,Clearance,Successful,78,Cagliari,369883.0,Gianluca Gaetano,22.3,55.6,23.5,57.4,,,,,"[{'type': {'displayName': 'PassEndX', 'value': 140}, 'value': '23.5'}, {'type': {'displayName': 'Angle', 'value': 213}, 'value': '0.77'}, {'type': {'displayName': 'Zone', 'value': 56}, 'value': 'Back'}, {'type': {'displayName': 'Length', 'value': 212}, 'value': '1.8'}, {'type': {'displayName': 'OppositeRelatedEvent', 'value': 233}, 'value': '232'}, {'type': {'displayName': 'PassEndY', 'value': 141}, 'value': '57.4'}]",True,,,,,
1901113,FirstHalf,18,39.0,18,BlockedPass,Successful,87,Juventus,332419.0,Lloyd Kelly,78.9,44.7,,,,,,,"[{'type': {'displayName': 'OppositeRelatedEvent', 'value': 233}, 'value': '109'}, {'type': {'displayName': 'Defensive', 'value': 285}}, {'type': {'displayName': 'Zone', 'value': 56}, 'value': 'Center'}]",True,,,,,
1901113,FirstHalf,18,41.0,18,BallRecovery,Successful,78,Cagliari,369883.0,Gianluca Gaetano,25.1,57.3,,,,,,,[],False,,,,,
1901113,FirstHalf,18,41.0,18,Pass,Successful,78,Cagliari,369883.0,Gianluca Gaetano,25.1,57.3,29.9,45.3,,,,,"[{'type': {'displayName': 'Angle', 'value': 213}, 'value': '5.27'}, {'type': {'displayName': 'PassEndX', 'value': 140}, 'value': '29.9'}, {'type': {'displayName': 'Zone', 'value': 56}, 'value': 'Back'}, {'type': {'displayName': 'PassEndY', 'value': 141}, 'value': '45.3'}, {'type': {'displayName': 'Length', 'value': 212}, 'value': '9.6'}]",True,,,,,
1901113,FirstHalf,18,43.0,18,Pass,Successful,78,Cagliari,371397.0,Sebastiano Esposito,29.9,45.3,34.3,60.9,,,,,"[{'type': {'displayName': 'Angle', 'value': 213}, 'value': '1.16'}, {'type': {'displayName': 'PassEndX', 'value': 140}, 'value': '34.3'}, {'type': {'displayName': 'Zone', 'value': 56}, 'value': 'Back'}, {'type': {'displayName': 'PassEndY', 'value': 141}, 'value': '60.9'}, {'type': {'displayName': 'Length', 'value': 212}, 'value': '11.6'}]",True,,,,,
1901113,FirstHalf,18,45.0,18,BallTouch,Unsuccessful,78,Cagliari,457171.0,Semih Kiliçsoy,34.3,61.2,,,,,,,"[{'type': {'displayName': 'Zone', 'value': 56}, 'value': 'Back'}]",True,,,,,
1901113,FirstHalf,18,45.0,18,BallRecovery,Successful,87,Juventus,383855.0,Jonathan David,61.3,43.5,,,,,,,[],False,,,,,
1901113,FirstHalf,18,46.0,18,Pass,Successful,87,Juventus,383855.0,Jonathan David,63.5,43.3,61.6,56.8,,,,,"[{'type': {'displayName': 'Zone', 'value': 56}, 'value': 'Center'}, {'type': {'displayName': 'Angle', 'value': 213}, 'value': '1.78'}, {'type': {'displayName': 'PassEndX', 'value': 140}, 'value': '61.6'}, {'type': {'displayName': 'PassEndY', 'value': 141}, 'value': '56.8'}, {'type': {'displayName': 'Length', 'value': 212}, 'value': '9.4'}]",True,,,,,
1901113,FirstHalf,18,48.0,18,Pass,Successful,87,Juventus,425080.0,Fabio Miretti,62.2,59.1,62.7,71.7,,,,,"[{'type': {'displayName': 'Angle', 'value': 213}, 'value': '1.51'}, {'type': {'displayName': 'PassEndX', 'value': 140}, 'value': '62.7'}, {'type': {'displayName': 'Zone', 'value': 56}, 'value': 'Center'}, {'type': {'displayName': 'PassEndY', 'value': 141}, 'value': '71.7'}, {'type': {'displayName': 'Length', 'value': 212}, 'value': '8.6'}]",True,,,,,
1901113,FirstHalf,18,49.0,18,Pass,Successful,87,Juventus,339875.0,Bremer,62.7,71.7,63.4,64.6,,,,,"[{'type': {'displayName': 'PassEndX', 'value': 140}, 'value': '63.4'}, {'type': {'displayName': 'Zone', 'value': 56}, 'value': 'Center'}, {'type': {'displayName': 'Angle', 'value': 213}, 'value': '4.86'}, {'type': {'displayName': 'Length', 'value': 212}, 'value': '4.9'}, {'type': {'displayName': 'PassEndY', 'value': 141}, 'value': '64.6'}]",True,,,,,
1901113,FirstHalf,18,50.0,18,Pass,Successful,87,Juventus,425080.0,Fabio Miretti,63.8,64.6,57.2,67.3,,,,,"[{'type': {'displayName': 'Length', 'value': 212}, 'value': '7.2'}, {'type': {'displayName': 'PassEndY', 'value': 141}, 'value': '67.3'}, {'type': {'displayName': 'PassEndX', 'value': 140}, 'value': '57.2'}, {'type': {'displayName': 'Zone', 'value': 56}, 'value': 'Center'}, {'type': {'displayName': 'Angle', 'value': 213}, 'value': '2.88'}]",True,,,,,
1901113,FirstHalf,18,51.0,18,Pass,Successful,87,Juventus,423440.0,Andrea Cambiaso,57.2,67.3,52.7,42.3,,,,,"[{'type': {'displayName': 'Angle', 'value': 213}, 'value': '4.44'}, {'type': {'displayName': 'Zone', 'value': 56}, 'value': 'Center'}, {'type': {'displayName': 'PassEndX', 'value': 140}, 'value': '52.7'}, {'type': {'displayName': 'PassEndY', 'value': 141}, 'value': '42.3'}, {'type': {'displayName': 'Length', 'value': 212}, 'value': '17.6'}]",True,,,,,
1901113,FirstHalf,18,53.0,18,Pass,Successful,87,Juventus,273539.0,Manuel Locatelli,52.7,42.3,47.9,59.7,,,,,"[{'type': {'displayName': 'Length', 'value': 212}, 'value': '12.9'}, {'type': {'displayName': 'PassEndY', 'value': 141}, 'value': '59.7'}, {'type': {'displayName': 'Zone', 'value': 56}, 'value': 'Back'}, {'type': {'displayName': 'PassEndX', 'value': 140}, 'value': '47.9'}, {'type': {'displayName': 'Angle', 'value': 213}, 'value': '1.97'}]",True,,,,,
1901113,FirstHalf,18,56.0,18,Pass,Successful,87,Juventus,332419.0,Lloyd Kelly,47.9,59.7,55.9,79.6,,,,,"[{'type': {'displayName': 'Length', 'value': 212}, 'value': '15.9'}, {'type': {'displayName': 'PassEndY', 'value': 141}, 'value': '79.6'}, {'type': {'displayName': 'Angle', 'value': 213}, 'value': '1.02'}, {'type': {'displayName': 'Zone', 'value': 56}, 'value': 'Left'}, {'type': {'displayName': 'PassEndX', 'value': 140}, 'value': '55.9'}]",True,,,,,
1901113,FirstHalf,18,58.0,18,Pass,Successful,87,Juventus,423440.0,Andrea Cambiaso,55.9,79.6,54.8,70.2,,,,,"[{'type': {'displayName': 'Angle', 'value': 213}, 'value': '4.53'}, {'type': {'displayName': 'Length', 'value': 212}, 'value': '6.5'}, {'type': {'displayName': 'Zone', 'value': 56}, 'value': 'Center'}, {'type': {'displayName': 'PassEndY', 'value': 141}, 'value': '70.2'}, {'type': {'displayName': 'PassEndX', 'value': 140}, 'value': '54.8'}]",True,,,,,
1901113,FirstHalf,19,1.0,19,Pass,Successful,87,Juventus,343308.0,Teun Koopmeiners,53.3,68.1,59.8,55.5,,,,,"[{'type': {'displayName': 'Zone', 'value': 56}, 'value': 'Center'}, {'type': {'displayName': 'PassEndY', 'value': 141}, 'value': '55.5'}, {'type': {'displayName': 'Length', 'value': 212}, 'value': '11.0'}, {'type': {'displayName': 'Angle', 'value': 213}, 'value': '5.39'}, {'type': {'displayName': 'PassEndX', 'value': 140}, 'value': '59.8'}]",True,,,,,
1901113,FirstHalf,19,2.0,19,Pass,Successful,87,Juventus,425080.0,Fabio Miretti,60.2,51.6,56.1,34.9,,,,,"[{'type': {'displayName': 'Length', 'value': 212}, 'value': '12.1'}, {'type': {'displayName': 'Angle', 'value': 213}, 'value': '4.35'}, {'type': {'displayName': 'PassEndY', 'value': 141}, 'value': '34.9'}, {'type': {'displayName': 'Zone', 'value': 56}, 'value': 'Center'}, {'type': {'displayName': 'PassEndX', 'value': 140}, 'value': '56.1'}]",True,,,,,
1901113,FirstHalf,19,3.0,19,Pass,Successful,87,Juventus,273539.0,Manuel Locatelli,55.9,34.8,43.6,68.1,,,,,"[{'type': {'displayName': 'Zone', 'value': 56}, 'value': 'Back'}, {'type': {'displayName': 'PassEndX', 'value': 140}, 'value': '43.6'}, {'type': {'displayName': 'PassEndY', 'value': 141}, 'value': '68.1'}, {'type': {'displayName': 'Angle', 'value': 213}, 'value': '2.09'}, {'type': {'displayName': 'Length', 'value': 212}, 'value': '26.1'}]",True,,,,,
1901113,FirstHalf,19,7.0,19,Pass,Successful,87,Juventus,332419.0,Lloyd Kelly,41.4,69.4,57.3,75.6,,,,,"[{'type': {'displayName': 'Zone', 'value': 56}, 'value': 'Center'}, {'type': {'displayName': 'Length', 'value': 212}, 'value': '17.2'}, {'type': {'displayName': 'PassEndY', 'value': 141}, 'value': '75.6'}, {'type': {'displayName': 'PassEndX', 'value': 140}, 'value': '57.3'}, {'type': {'displayName': 'Angle', 'value': 213}, 'value': '0.25'}]",True,,,,,
1901113,FirstHalf,19,8.0,19,Pass,Successful,87,Juventus,383855.0,Jonathan David,55.7,78.0,61.6,96.9,,,,,"[{'type': {'displayName': 'Length', 'value': 212}, 'value': '14.3'}, {'type': {'displayName': 'Zone', 'value': 56}, 'value': 'Left'}, {'type': {'displayName': 'Angle', 'value': 213}, 'value': '1.12'}, {'type': {'displayName': 'PassEndX', 'value': 140}, 'value': '61.6'}, {'type': {'displayName': 'PassEndY', 'value': 141}, 'value': '96.9'}]",True,,,,,
1901113,FirstHalf,19,11.0,19,Pass,Successful,87,Juventus,494525.0,Kenan Yildiz,61.0,97.1,84.9,76.7,,,,,"[{'type': {'displayName': 'Chipped', 'value': 155}}, {'type': {'displayName': 'Zone', 'value': 56}, 'value': 'Center'}, {'type': {'displayName': 'PassEndY', 'value': 141}, 'value': '76.7'}, {'type': {'displayName': 'Length', 'value': 212}, 'value': '28.7'}, {'type': {'displayName': 'Angle', 'value': 213}, 'value': '5.78'}, {'type': {'displayName': 'PassEndX', 'value': 140}, 'value': '84.9'}]",True,,,,,
1901113,FirstHalf,19,17.0,19,Pass,Successful,87,Juventus,425080.0,Fabio Miretti,79.6,81.7,70.6,66.6,,,,,"[{'type': {'displayName': 'Angle', 'value': 213}, 'value': '3.97'}, {'type': {'displayName': 'PassEndX', 'value': 140}, 'value': '70.6'}, {'type': {'displayName': 'Length', 'value': 212}, 'value': '14.0'}, {'type': {'displayName': 'Zone', 'value': 56}, 'value': 'Center'}, {'type': {'displayName': 'PassEndY', 'value': 141}, 'value': '66.6'}]",True,,,,,
1901113,FirstHalf,19,18.0,19,Pass,Successful,87,Juventus,273539.0,Manuel Locatelli,70.6,66.6,67.6,79.2,,,,,"[{'type': {'displayName': 'PassEndX', 'value': 140}, 'value': '67.6'}, {'type': {'displayName': 'Zone', 'value': 56}, 'value': 'Left'}, {'type': {'displayName': 'Angle', 'value': 213}, 'value': '1.92'}, {'type': {'displayName': 'Length', 'value': 212}, 'value': '9.1'}, {'type': {'displayName': 'PassEndY', 'value': 141}, 'value': '79.2'}]",True,,,,,
1901113,FirstHalf,19,20.0,19,Pass,Successful,87,Juventus,343308.0,Teun Koopmeiners,67.6,79.2,85.2,76.8,,,,,"[{'type': {'displayName': 'Length', 'value': 212}, 'value': '18.6'}, {'type': {'displayName': 'PassEndX', 'value': 140}, 'value': '85.2'}, {'type': {'displayName': 'PassEndY', 'value': 141}, 'value': '76.8'}, {'type': {'displayName': 'Angle', 'value': 213}, 'value': '6.20'}, {'type': {'displayName': 'Zone', 'value': 56}, 'value': 'Center'}]",True,,,,,
1901113,FirstHalf,19,21.0,19,Pass,Unsuccessful,87,Juventus,423440.0,Andrea Cambiaso,85.2,76.8,90.2,64.6,,,,,"[{'type': {'displayName': 'PassEndX', 'value': 140}, 'value': '90.2'}, {'type': {'displayName': 'PassEndY', 'value': 141}, 'value': '64.6'}, {'type': {'displayName': 'Angle', 'value': 213}, 'value': '5.28'}, {'type': {'displayName': 'Length', 'value': 212}, 'value': '9.8'}, {'type': {'displayName': 'Zone', 'value': 56}, 'value': 'Center'}]",True,,,,,
1901113,FirstHalf,19,22.0,19,Clearance,Successful,78,Cagliari,318432.0,Yerry Mina,12.2,31.1,14.8,28.9,,,,,"[{'type': {'displayName': 'Length', 'value': 212}, 'value': '3.1'}, {'type': {'displayName': 'PassEndY', 'value': 141}, 'value': '28.9'}, {'type': {'displayName': 'PassEndX', 'value': 140}, 'value': '14.8'}, {'type': {'displayName': 'Zone', 'value': 56}, 'value': 'Back'}, {'type': {'displayName': 'Angle', 'value': 213}, 'value': '5.78'}]",True,,,,,
1901113,FirstHalf,19,23.0,19,BallTouch,Successful,87,Juventus,425080.0,Fabio Miretti,85.1,70.2,,,,,,,"[{'type': {'displayName': 'Zone', 'value': 56}, 'value': 'Center'}]",True,,,,,
1901113,FirstHalf,19,51.0,19,Pass,Successful,78,Cagliari,450142.0,Zé Pedro,46.5,0.0,23.6,3.7,,,,,"[{'type': {'displayName': 'Longball', 'value': 1}}, {'type': {'displayName': 'Zone', 'value': 56}, 'value': 'Back'}, {'type': {'displayName': 'PassEndY', 'value': 141}, 'value': '3.7'}, {'type': {'displayName': 'Length', 'value': 212}, 'value': '24.3'}, {'type': {'displayName': 'Angle', 'value': 213}, 'value': '3.00'}, {'type': {'displayName': 'ThrowIn', 'value': 107}}, {'type': {'displayName': 'PassEndX', 'value': 140}, 'value': '23.6'}]",True,,,,,
1901113,FirstHalf,19,53.0,19,Pass,Successful,78,Cagliari,318432.0,Yerry Mina,21.8,3.7,7.4,48.4,,,,,"[{'type': {'displayName': 'Length', 'value': 212}, 'value': '33.9'}, {'type': {'displayName': 'Angle', 'value': 213}, 'value': '2.03'}, {'type': {'displayName': 'Longball', 'value': 1}}, {'type': {'displayName': 'Zone', 'value': 56}, 'value': 'Back'}, {'type': {'displayName': 'PassEndY', 'value': 141}, 'value': '48.4'}, {'type': {'displayName': 'PassEndX', 'value': 140}, 'value': '7.4'}]",True,,,,,
1901113,FirstHalf,19,57.0,19,Pass,Successful,78,Cagliari,362780.0,Elia Caprile,7.4,48.4,13.2,82.2,,,,,"[{'type': {'displayName': 'Zone', 'value': 56}, 'value': 'Back'}, {'type': {'displayName': 'PassEndY', 'value': 141}, 'value': '82.2'}, {'type': {'displayName': 'Angle', 'value': 213}, 'value': '1.31'}, {'type': {'displayName': 'PassEndX', 'value': 140}, 'value': '13.2'}, {'type': {'displayName': 'Length', 'value': 212}, 'value': '23.8'}]",True,,,,,
1901113,FirstHalf,19,58.0,19,Pass,Successful,78,Cagliari,255292.0,Sebastiano Luperto,13.2,82.2,14.7,97.0,,,,,"[{'type': {'displayName': 'Length', 'value': 212}, 'value': '10.2'}, {'type': {'displayName': 'PassEndY', 'value': 141}, 'value': '97.0'}, {'type': {'displayName': 'Zone', 'value': 56}, 'value': 'Back'}, {'type': {'displayName': 'PassEndX', 'value': 140}, 'value': '14.7'}, {'type': {'displayName': 'Angle', 'value': 213}, 'value': '1.42'}]",True,,,,,
1901113,FirstHalf,20,0.0,20,Pass,Unsuccessful,78,Cagliari,424534.0,Adam Obert,14.7,97.0,16.1,97.2,,,,,"[{'type': {'displayName': 'Length', 'value': 212}, 'value': '1.5'}, {'type': {'displayName': 'Zone', 'value': 56}, 'value': 'Back'}, {'type': {'displayName': 'PassEndX', 'value': 140}, 'value': '16.1'}, {'type': {'displayName': 'Offensive', 'value': 286}}, {'type': {'displayName': 'PassEndY', 'value': 141}, 'value': '97.2'}, {'type': {'displayName': 'Angle', 'value': 213}, 'value': '0.09'}, {'type': {'displayName': 'OppositeRelatedEvent', 'value': 233}, 'value': '254'}]",True,,,,,
1901113,FirstHalf,20,0.0,20,BlockedPass,Successful,87,Juventus,338275.0,Weston McKennie,83.9,2.8,,,,,,,"[{'type': {'displayName': 'OppositeRelatedEvent', 'value': 233}, 'value': '121'}, {'type': {'displayName': 'Zone', 'value': 56}, 'value': 'Right'}, {'type': {'displayName': 'Defensive', 'value': 285}}]",True,,,,,
1901113,FirstHalf,20,7.0,20,Pass,Successful,78,Cagliari,424534.0,Adam Obert,17.6,100.0,33.8,92.2,,,,,"[{'type': {'displayName': 'Length', 'value': 212}, 'value': '18.1'}, {'type': {'displayName': 'ThrowIn', 'value': 107}}, {'type': {'displayName': 'Angle', 'value': 213}, 'value': '5.93'}, {'type': {'displayName': 'PassEndY', 'value': 141}, 'value': '92.2'}, {'type': {'displayName': 'PassEndX', 'value': 140}, 'value': '33.8'}, {'type': {'displayName': 'Zone', 'value': 56}, 'value': 'Back'}]",True,,,,,
1901113,FirstHalf,20,9.0,20,BallTouch,Unsuccessful,78,Cagliari,371397.0,Sebastiano Esposito,30.4,97.5,,,,,,,"[{'type': {'displayName': 'Zone', 'value': 56}, 'value': 'Back'}]",True,,,,,
1901113,FirstHalf,20,16.0,20,Pass,Successful,87,Juventus,338275.0,Weston McKennie,67.8,0.0,76.2,17.0,,,,,"[{'type': {'displayName': 'Angle', 'value': 213}, 'value': '0.94'}, {'type': {'displayName': 'Zone', 'value': 56}, 'value': 'Right'}, {'type': {'displayName': 'ThrowIn', 'value': 107}}, {'type': {'displayName': 'PassEndX', 'value': 140}, 'value': '76.2'}, {'type': {'displayName': 'Length', 'value': 212}, 'value': '15.0'}, {'type': {'displayName': 'PassEndY', 'value': 141}, 'value': '17.0'}]",True,,,,,
1901113,FirstHalf,20,18.0,20,Foul,Successful,78,Cagliari,,,23.1,80.6,,,,,,,"[{'type': {'displayName': 'OppositeRelatedEvent', 'value': 233}, 'value': '258'}, {'type': {'displayName': 'Zone', 'value': 56}, 'value': 'Back'}, {'type': {'displayName': 'Defensive', 'value': 285}}]",True,,,,,
1901113,FirstHalf,20,18.0,20,Foul,Unsuccessful,87,Juventus,425080.0,Fabio Miretti,76.9,19.4,,,,,,,"[{'type': {'displayName': 'Offensive', 'value': 286}}, {'type': {'displayName': 'OppositeRelatedEvent', 'value': 233}, 'value': '126'}, {'type': {'displayName': 'Zone', 'value': 56}, 'value': 'Right'}]",False,,,,,
1901113,FirstHalf,20,38.0,20,Pass,Unsuccessful,78,Cagliari,255292.0,Sebastiano Luperto,21.9,77.1,54.1,83.5,,,,,"[{'type': {'displayName': 'PassEndY', 'value': 141}, 'value': '83.5'}, {'type': {'displayName': 'Length', 'value': 212}, 'value': '34.1'}, {'type': {'displayName': 'Zone', 'value': 56}, 'value': 'Left'}, {'type': {'displayName': 'Longball', 'value': 1}}, {'type': {'displayName': 'PassEndX', 'value': 140}, 'value': '54.1'}, {'type': {'displayName': 'Chipped', 'value': 155}}, {'type': {'displayName': 'Angle', 'value': 213}, 'value': '0.13'}, {'type': {'displayName': 'FreekickTaken', 'value': 5}}]",True,,,,,
1901113,FirstHalf,20,41.0,20,Pass,Successful,87,Juventus,391836.0,Pierre Kalulu,41.6,20.4,53.9,22.0,,,,,"[{'type': {'displayName': 'PassEndY', 'value': 141}, 'value': '22.0'}, {'type': {'displayName': 'Zone', 'value': 56}, 'value': 'Center'}, {'type': {'displayName': 'PassEndX', 'value': 140}, 'value': '53.9'}, {'type': {'displayName': 'Angle', 'value': 213}, 'value': '0.08'}, {'type': {'displayName': 'Length', 'value': 212}, 'value': '13.0'}]",True,,,,,
1901113,FirstHalf,20,43.0,20,BallRecovery,Successful,87,Juventus,273539.0,Manuel Locatelli,53.8,22.2,,,,,,,[],False,,,,,
1901113,FirstHalf,20,43.0,20,Pass,Successful,87,Juventus,273539.0,Manuel Locatelli,53.8,22.2,57.4,6.9,,,,,"[{'type': {'displayName': 'PassEndX', 'value': 140}, 'value': '57.4'}, {'type': {'displayName': 'Zone', 'value': 56}, 'value': 'Right'}, {'type': {'displayName': 'Angle', 'value': 213}, 'value': '5.06'}, {'type': {'displayName': 'Length', 'value': 212}, 'value': '11.1'}, {'type': {'displayName': 'PassEndY', 'value': 141}, 'value': '6.9'}]",True,,,,,
1901113,FirstHalf,20,44.0,20,Pass,Successful,87,Juventus,338275.0,Weston McKennie,57.4,6.9,50.6,22.2,,,,,"[{'type': {'displayName': 'PassEndX', 'value': 140}, 'value': '50.6'}, {'type': {'displayName': 'Zone', 'value': 56}, 'value': 'Center'}, {'type': {'displayName': 'PassEndY', 'value': 141}, 'value': '22.2'}, {'type': {'displayName': 'Angle', 'value': 213}, 'value': '2.17'}, {'type': {'displayName': 'Length', 'value': 212}, 'value': '12.6'}]",True,,,,,
1901113,FirstHalf,20,44.0,20,Pass,Successful,87,Juventus,273539.0,Manuel Locatelli,50.6,22.2,65.6,7.9,,,,,"[{'type': {'displayName': 'Angle', 'value': 213}, 'value': '5.73'}, {'type': {'displayName': 'PassEndX', 'value': 140}, 'value': '65.6'}, {'type': {'displayName': 'PassEndY', 'value': 141}, 'value': '7.9'}, {'type': {'displayName': 'Length', 'value': 212}, 'value': '18.5'}, {'type': {'displayName': 'Zone', 'value': 56}, 'value': 'Right'}]",True,,,,,
1901113,FirstHalf,20,45.0,20,Pass,Unsuccessful,87,Juventus,425080.0,Fabio Miretti,65.6,7.9,65.7,14.8,,,,,"[{'type': {'displayName': 'PassEndX', 'value': 140}, 'value': '65.7'}, {'type': {'displayName': 'Zone', 'value': 56}, 'value': 'Right'}, {'type': {'displayName': 'Angle', 'value': 213}, 'value': '1.55'}, {'type': {'displayName': 'Length', 'value': 212}, 'value': '4.7'}, {'type': {'displayName': 'PassEndY', 'value': 141}, 'value': '14.8'}]",True,,,,,
1901113,FirstHalf,20,47.0,20,BallRecovery,Successful,78,Cagliari,255292.0,Sebastiano Luperto,32.1,82.6,,,,,,,[],False,,,,,
1901113,FirstHalf,20,47.0,20,Pass,Unsuccessful,78,Cagliari,255292.0,Sebastiano Luperto,32.1,82.6,36.8,71.4,,,,,"[{'type': {'displayName': 'Angle', 'value': 213}, 'value': '5.29'}, {'type': {'displayName': 'Length', 'value': 212}, 'value': '9.1'}, {'type': {'displayName': 'PassEndX', 'value': 140}, 'value': '36.8'}, {'type': {'displayName': 'Zone', 'value': 56}, 'value': 'Back'}, {'type': {'displayName': 'PassEndY', 'value': 141}, 'value': '71.4'}]",True,,,,,
1901113,FirstHalf,20,48.0,20,Interception,Successful,87,Juventus,273539.0,Manuel Locatelli,63.2,28.6,,,,,,,"[{'type': {'displayName': 'Zone', 'value': 56}, 'value': 'Center'}]",True,,,,,
1901113,FirstHalf,20,48.0,20,BallRecovery,Successful,87,Juventus,273539.0,Manuel Locatelli,58.3,26.4,,,,,,,[],False,,,,,
1901113,FirstHalf,20,49.0,20,Pass,Successful,87,Juventus,273539.0,Manuel Locatelli,58.3,26.4,76.0,26.4,,,,,"[{'type': {'displayName': 'PassEndX', 'value': 140}, 'value': '76.0'}, {'type': {'displayName': 'Angle', 'value': 213}, 'value': '0.00'}, {'type': {'displayName': 'Length', 'value': 212}, 'value': '18.6'}, {'type': {'displayName': 'Zone', 'value': 56}, 'value': 'Center'}, {'type': {'displayName': 'PassEndY', 'value': 141}, 'value': '26.4'}]",True,,,,,
1901113,FirstHalf,20,51.0,20,BallTouch,Unsuccessful,87,Juventus,383855.0,Jonathan David,77.4,24.1,,,,,,,"[{'type': {'displayName': 'Zone', 'value': 56}, 'value': 'Center'}]",True,,,,,
1901113,FirstHalf,20,53.0,20,Foul,Successful,78,Cagliari,318432.0,Yerry Mina,21.2,78.8,,,,,,,"[{'type': {'displayName': 'Defensive', 'value': 285}}, {'type': {'displayName': 'Foul', 'value': 13}}, {'type': {'displayName': 'OppositeRelatedEvent', 'value': 233}, 'value': '269'}, {'type': {'displayName': 'Zone', 'value': 56}, 'value': 'Back'}]",True,,,,,
1901113,FirstHalf,20,53.0,20,Foul,Unsuccessful,87,Juventus,383855.0,Jonathan David,78.8,21.2,,,,,,,"[{'type': {'displayName': 'Zone', 'value': 56}, 'value': 'Center'}, {'type': {'displayName': 'Offensive', 'value': 286}}, {'type': {'displayName': 'OppositeRelatedEvent', 'value': 233}, 'value': '130'}, {'type': {'displayName': 'Foul', 'value': 13}}]",False,,,,,
1901113,FirstHalf,21,21.0,21,Pass,Unsuccessful,78,Cagliari,362780.0,Elia Caprile,21.9,72.7,64.6,83.8,,,,,"[{'type': {'displayName': 'Angle', 'value': 213}, 'value': '0.17'}, {'type': {'displayName': 'PassEndY', 'value': 141}, 'value': '83.8'}, {'type': {'displayName': 'PassEndX', 'value': 140}, 'value': '64.6'}, {'type': {'displayName': 'FreekickTaken', 'value': 5}}, {'type': {'displayName': 'Zone', 'value': 56}, 'value': 'Left'}, {'type': {'displayName': 'Length', 'value': 212}, 'value': '45.5'}, {'type': {'displayName': 'Longball', 'value': 1}}]",True,,,,,
1901113,FirstHalf,21,24.0,21,Pass,Unsuccessful,87,Juventus,273539.0,Manuel Locatelli,31.8,16.8,35.8,16.0,,,,,"[{'type': {'displayName': 'HeadPass', 'value': 3}}, {'type': {'displayName': 'PassEndY', 'value': 141}, 'value': '16.0'}, {'type': {'displayName': 'PassEndX', 'value': 140}, 'value': '35.8'}, {'type': {'displayName': 'Zone', 'value': 56}, 'value': 'Back'}, {'type': {'displayName': 'Length', 'value': 212}, 'value': '4.2'}, {'type': {'displayName': 'Angle', 'value': 213}, 'value': '6.15'}]",True,,,,,
1901113,FirstHalf,21,25.0,21,BallTouch,Successful,78,Cagliari,141269.0,Luca Mazzitelli,65.3,84.9,,,,,,,"[{'type': {'displayName': 'Zone', 'value': 56}, 'value': 'Left'}]",True,,,,,
1901113,FirstHalf,21,37.0,21,Pass,Successful,87,Juventus,391836.0,Pierre Kalulu,31.4,0.0,20.8,23.1,,,,,"[{'type': {'displayName': 'PassEndX', 'value': 140}, 'value': '20.8'}, {'type': {'displayName': 'PassEndY', 'value': 141}, 'value': '23.1'}, {'type': {'displayName': 'Angle', 'value': 213}, 'value': '2.16'}, {'type': {'displayName': 'ThrowIn', 'value': 107}}, {'type': {'displayName': 'Length', 'value': 212}, 'value': '20.0'}, {'type': {'displayName': 'Zone', 'value': 56}, 'value': 'Back'}]",True,,,,,
1901113,FirstHalf,21,41.0,21,Pass,Successful,87,Juventus,339875.0,Bremer,27.2,41.1,31.2,73.4,,,,,"[{'type': {'displayName': 'Length', 'value': 212}, 'value': '22.4'}, {'type': {'displayName': 'PassEndX', 'value': 140}, 'value': '31.2'}, {'type': {'displayName': 'PassEndY', 'value': 141}, 'value': '73.4'}, {'type': {'displayName': 'Angle', 'value': 213}, 'value': '1.38'}, {'type': {'displayName': 'Zone', 'value': 56}, 'value': 'Back'}]",True,,,,,
1901113,FirstHalf,21,42.0,21,Pass,Unsuccessful,87,Juventus,332419.0,Lloyd Kelly,42.0,72.7,78.1,14.1,,,,,"[{'type': {'displayName': 'Zone', 'value': 56}, 'value': 'Right'}, {'type': {'displayName': 'Longball', 'value': 1}}, {'type': {'displayName': 'PassEndX', 'value': 140}, 'value': '78.1'}, {'type': {'displayName': 'Length', 'value': 212}, 'value': '55.0'}, {'type': {'displayName': 'Angle', 'value': 213}, 'value': '5.47'}, {'type': {'displayName': 'PassEndY', 'value': 141}, 'value': '14.1'}, {'type': {'displayName': 'Chipped', 'value': 155}}]",True,,,,,
1901113,FirstHalf,21,46.0,21,Clearance,Successful,78,Cagliari,424534.0,Adam Obert,21.1,84.6,26.9,100.0,,,,,"[{'type': {'displayName': 'Angle', 'value': 213}, 'value': '1.07'}, {'type': {'displayName': 'Head', 'value': 15}}, {'type': {'displayName': 'PassEndX', 'value': 140}, 'value': '26.9'}, {'type': {'displayName': 'PassEndY', 'value': 141}, 'value': '100.0'}, {'type': {'displayName': 'Length', 'value': 212}, 'value': '12.6'}, {'type': {'displayName': 'Zone', 'value': 56}, 'value': 'Back'}]",True,,,,,
1901113,FirstHalf,21,56.0,21,Pass,Successful,87,Juventus,338275.0,Weston McKennie,76.3,0.0,63.4,6.0,,,,,"[{'type': {'displayName': 'PassEndY', 'value': 141}, 'value': '6.0'}, {'type': {'displayName': 'Length', 'value': 212}, 'value': '14.2'}, {'type': {'displayName': 'Zone', 'value': 56}, 'value': 'Right'}, {'type': {'displayName': 'ThrowIn', 'value': 107}}, {'type': {'displayName': 'Angle', 'value': 213}, 'value': '2.84'}, {'type': {'displayName': 'PassEndX', 'value': 140}, 'value': '63.4'}]",True,,,,,
1901113,FirstHalf,22,1.0,22,Pass,Successful,87,Juventus,273539.0,Manuel Locatelli,61.1,16.2,66.4,34.6,,,,,"[{'type': {'displayName': 'PassEndY', 'value': 141}, 'value': '34.6'}, {'type': {'displayName': 'Zone', 'value': 56}, 'value': 'Center'}, {'type': {'displayName': 'Angle', 'value': 213}, 'value': '1.15'}, {'type': {'displayName': 'Length', 'value': 212}, 'value': '13.7'}, {'type': {'displayName': 'PassEndX', 'value': 140}, 'value': '66.4'}]",True,,,,,
1901113,FirstHalf,22,2.0,22,Pass,Successful,87,Juventus,425080.0,Fabio Miretti,65.1,43.6,53.9,59.4,,,,,"[{'type': {'displayName': 'PassEndY', 'value': 141}, 'value': '59.4'}, {'type': {'displayName': 'Zone', 'value': 56}, 'value': 'Center'}, {'type': {'displayName': 'Length', 'value': 212}, 'value': '15.9'}, {'type': {'displayName': 'Angle', 'value': 213}, 'value': '2.40'}, {'type': {'displayName': 'PassEndX', 'value': 140}, 'value': '53.9'}]",True,,,,,
1901113,FirstHalf,22,6.0,22,Pass,Successful,87,Juventus,343308.0,Teun Koopmeiners,53.0,59.1,61.0,57.9,,,,,"[{'type': {'displayName': 'PassEndX', 'value': 140}, 'value': '61.0'}, {'type': {'displayName': 'Zone', 'value': 56}, 'value': 'Center'}, {'type': {'displayName': 'Angle', 'value': 213}, 'value': '6.19'}, {'type': {'displayName': 'PassEndY', 'value': 141}, 'value': '57.9'}, {'type': {'displayName': 'Length', 'value': 212}, 'value': '8.4'}]",True,,,,,
1901113,FirstHalf,22,8.0,22,Pass,Unsuccessful,87,Juventus,425080.0,Fabio Miretti,60.8,58.7,48.0,59.3,,,,,"[{'type': {'displayName': 'PassEndX', 'value': 140}, 'value': '48.0'}, {'type': {'displayName': 'Angle', 'value': 213}, 'value': '3.11'}, {'type': {'displayName': 'Length', 'value': 212}, 'value': '13.4'}, {'type': {'displayName': 'PassEndY', 'value': 141}, 'value': '59.3'}, {'type': {'displayName': 'Zone', 'value': 56}, 'value': 'Back'}]",True,,,,,
1901113,FirstHalf,22,11.0,22,BallRecovery,Successful,78,Cagliari,369883.0,Gianluca Gaetano,52.3,41.7,,,,,,,[],False,,,,,
1901113,FirstHalf,22,12.0,22,Pass,Successful,78,Cagliari,369883.0,Gianluca Gaetano,66.2,33.7,78.3,14.4,,,,,"[{'type': {'displayName': 'Zone', 'value': 56}, 'value': 'Right'}, {'type': {'displayName': 'PassEndY', 'value': 141}, 'value': '14.4'}, {'type': {'displayName': 'Length', 'value': 212}, 'value': '18.3'}, {'type': {'displayName': 'Angle', 'value': 213}, 'value': '5.48'}, {'type': {'displayName': 'PassEndX', 'value': 140}, 'value': '78.3'}]",True,,,,,
1901113,FirstHalf,22,14.0,22,TakeOn,Unsuccessful,78,Cagliari,481154.0,Marco Palestra,80.0,12.2,,,,,,,"[{'type': {'displayName': 'OppositeRelatedEvent', 'value': 233}, 'value': '282'}, {'type': {'displayName': 'Zone', 'value': 56}, 'value': 'Right'}, {'type': {'displayName': 'Offensive', 'value': 286}}]",True,,,,,
1901113,FirstHalf,22,14.0,22,Tackle,Successful,87,Juventus,423440.0,Andrea Cambiaso,20.0,87.8,,,,,,,"[{'type': {'displayName': 'Defensive', 'value': 285}}, {'type': {'displayName': 'Zone', 'value': 56}, 'value': 'Back'}, {'type': {'displayName': 'OppositeRelatedEvent', 'value': 233}, 'value': '140'}, {'type': {'displayName': 'StandingSave', 'value': 178}}]",True,,,,,
1901113,FirstHalf,22,19.0,22,Pass,Successful,87,Juventus,423440.0,Andrea Cambiaso,3.4,97.8,6.4,75.9,,,,,"[{'type': {'displayName': 'Length', 'value': 212}, 'value': '15.2'}, {'type': {'displayName': 'PassEndX', 'value': 140}, 'value': '6.4'}, {'type': {'displayName': 'Zone', 'value': 56}, 'value': 'Back'}, {'type': {'displayName': 'PassEndY', 'value': 141}, 'value': '75.9'}, {'type': {'displayName': 'Angle', 'value': 213}, 'value': '4.92'}]",True,,,,,
1901113,FirstHalf,22,21.0,22,BallRecovery,Successful,87,Juventus,425080.0,Fabio Miretti,6.4,75.9,,,,,,,[],False,,,,,
1901113,FirstHalf,22,22.0,22,Pass,Successful,87,Juventus,425080.0,Fabio Miretti,7.8,76.5,28.6,96.9,,,,,"[{'type': {'displayName': 'Length', 'value': 212}, 'value': '25.9'}, {'type': {'displayName': 'Zone', 'value': 56}, 'value': 'Back'}, {'type': {'displayName': 'PassEndX', 'value': 140}, 'value': '28.6'}, {'type': {'displayName': 'PassEndY', 'value': 141}, 'value': '96.9'}, {'type': {'displayName': 'Angle', 'value': 213}, 'value': '0.57'}]",True,,,,,
1901113,FirstHalf,22,25.0,22,Pass,Successful,87,Juventus,494525.0,Kenan Yildiz,26.7,96.9,15.5,3.7,,,,,"[{'type': {'displayName': 'Longball', 'value': 1}}, {'type': {'displayName': 'PassEndY', 'value': 141}, 'value': '3.7'}, {'type': {'displayName': 'Zone', 'value': 56}, 'value': 'Back'}, {'type': {'displayName': 'PassEndX', 'value': 140}, 'value': '15.5'}, {'type': {'displayName': 'Length', 'value': 212}, 'value': '64.5'}, {'type': {'displayName': 'Angle', 'value': 213}, 'value': '4.53'}]",True,,,,,
1901113,FirstHalf,22,30.0,22,Pass,Unsuccessful,87,Juventus,391836.0,Pierre Kalulu,15.3,3.7,32.0,12.3,,,,,"[{'type': {'displayName': 'PassEndY', 'value': 141}, 'value': '12.3'}, {'type': {'displayName': 'Longball', 'value': 1}}, {'type': {'displayName': 'Angle', 'value': 213}, 'value': '0.32'}, {'type': {'displayName': 'Length', 'value': 212}, 'value': '18.5'}, {'type': {'displayName': 'PassEndX', 'value': 140}, 'value': '32.0'}, {'type': {'displayName': 'Zone', 'value': 56}, 'value': 'Back'}]",True,,,,,
1901113,FirstHalf,22,32.0,22,Pass,Unsuccessful,78,Cagliari,141269.0,Luca Mazzitelli,67.5,87.9,91.2,100.0,,,,,"[{'type': {'displayName': 'PassEndY', 'value': 141}, 'value': '100.0'}, {'type': {'displayName': 'PassEndX', 'value': 140}, 'value': '91.2'}, {'type': {'displayName': 'Length', 'value': 212}, 'value': '26.4'}, {'type': {'displayName': 'Zone', 'value': 56}, 'value': 'Left'}, {'type': {'displayName': 'Angle', 'value': 213}, 'value': '0.34'}, {'type': {'displayName': 'HeadPass', 'value': 3}}]",True,,,,,
1901113,FirstHalf,23,2.0,23,Pass,Successful,87,Juventus,391836.0,Pierre Kalulu,15.0,0.0,25.0,19.0,,,,,"[{'type': {'displayName': 'Zone', 'value': 56}, 'value': 'Back'}, {'type': {'displayName': 'ThrowIn', 'value': 107}}, {'type': {'displayName': 'PassEndY', 'value': 141}, 'value': '19.0'}, {'type': {'displayName': 'Length', 'value': 212}, 'value': '17.0'}, {'type': {'displayName': 'Angle', 'value': 213}, 'value': '0.90'}, {'type': {'displayName': 'PassEndX', 'value': 140}, 'value': '25.0'}]",True,,,,,
1901113,FirstHalf,23,3.0,23,Pass,Unsuccessful,87,Juventus,425080.0,Fabio Miretti,25.0,19.0,31.2,13.3,,,,,"[{'type': {'displayName': 'Angle', 'value': 213}, 'value': '5.75'}, {'type': {'displayName': 'Length', 'value': 212}, 'value': '7.6'}, {'type': {'displayName': 'Zone', 'value': 56}, 'value': 'Back'}, {'type': {'displayName': 'PassEndY', 'value': 141}, 'value': '13.3'}, {'type': {'displayName': 'PassEndX', 'value': 140}, 'value': '31.2'}]",True,,,,,
1901113,FirstHalf,23,4.0,23,BallRecovery,Successful,78,Cagliari,141269.0,Luca Mazzitelli,65.2,83.1,,,,,,,[],False,,,,,
1901113,FirstHalf,23,4.0,23,Pass,Successful,78,Cagliari,141269.0,Luca Mazzitelli,65.2,83.1,65.4,64.6,,,,,"[{'type': {'displayName': 'Length', 'value': 212}, 'value': '12.6'}, {'type': {'displayName': 'PassEndY', 'value': 141}, 'value': '64.6'}, {'type': {'displayName': 'Zone', 'value': 56}, 'value': 'Center'}, {'type': {'displayName': 'PassEndX', 'value': 140}, 'value': '65.4'}, {'type': {'displayName': 'Angle', 'value': 213}, 'value': '4.73'}]",True,,,,,
1901113,FirstHalf,23,6.0,23,Pass,Unsuccessful,78,Cagliari,369883.0,Gianluca Gaetano,64.8,65.4,64.1,66.2,,,,,"[{'type': {'displayName': 'Zone', 'value': 56}, 'value': 'Center'}, {'type': {'displayName': 'Length', 'value': 212}, 'value': '0.9'}, {'type': {'displayName': 'OppositeRelatedEvent', 'value': 233}, 'value': '291'}, {'type': {'displayName': 'Offensive', 'value': 286}}, {'type': {'displayName': 'Angle', 'value': 213}, 'value': '2.50'}, {'type': {'displayName': 'PassEndY', 'value': 141}, 'value': '66.2'}, {'type': {'displayName': 'PassEndX', 'value': 140}, 'value': '64.1'}]",True,,,,,
1901113,FirstHalf,23,6.0,23,BlockedPass,Successful,87,Juventus,383855.0,Jonathan David,35.9,33.8,,,,,,,"[{'type': {'displayName': 'Zone', 'value': 56}, 'value': 'Back'}, {'type': {'displayName': 'Defensive', 'value': 285}}, {'type': {'displayName': 'OppositeRelatedEvent', 'value': 233}, 'value': '145'}, {'type': {'displayName': 'KeyPass', 'value': 11113}}]",True,,,,,
1901113,FirstHalf,23,7.0,23,BallRecovery,Successful,87,Juventus,425080.0,Fabio Miretti,38.2,25.3,,,,,,,[],False,,,,,
1901113,FirstHalf,23,7.0,23,MissedShots,Successful,87,Juventus,425080.0,Fabio Miretti,45.4,26.7,,,32.1,6.9,,,"[{'type': {'displayName': 'Zone', 'value': 56}, 'value': 'Back'}, {'type': {'displayName': 'GoalMouthY', 'value': 102}, 'value': '32.1'}, {'type': {'displayName': 'RelatedEventId', 'value': 55}, 'value': '291'}, {'type': {'displayName': 'FastBreak', 'value': 23}}, {'type': {'displayName': 'RightFoot', 'value': 20}}, {'type': {'displayName': 'MissRight', 'value': 75}}, {'type': {'displayName': 'Assisted', 'value': 29}}, {'type': {'displayName': 'GoalMouthZ', 'value': 103}, 'value': '6.9'}, {'type': {'displayName': 'IndividualPlay', 'value': 215}}, {'type': {'displayName': 'ThirtyFivePlusCentre', 'value': 19}}]",True,True,,,291.0,383855.0
1901113,FirstHalf,23,44.0,23,Pass,Successful,78,Cagliari,362780.0,Elia Caprile,5.0,51.0,62.1,66.1,,,,,"[{'type': {'displayName': 'PassEndY', 'value': 141}, 'value': '66.1'}, {'type': {'displayName': 'Longball', 'value': 1}}, {'type': {'displayName': 'PassEndX', 'value': 140}, 'value': '62.1'}, {'type': {'displayName': 'GoalKick', 'value': 124}}, {'type': {'displayName': 'Zone', 'value': 56}, 'value': 'Center'}, {'type': {'displayName': 'Angle', 'value': 213}, 'value': '0.17'}, {'type': {'displayName': 'MissHigh', 'value': 74}}, {'type': {'displayName': 'Length', 'value': 212}, 'value': '60.8'}]",True,,,,,
1901113,FirstHalf,23,47.0,23,Pass,Unsuccessful,78,Cagliari,141269.0,Luca Mazzitelli,62.4,66.3,78.6,59.7,,,,,"[{'type': {'displayName': 'PassEndX', 'value': 140}, 'value': '78.6'}, {'type': {'displayName': 'PassEndY', 'value': 141}, 'value': '59.7'}, {'type': {'displayName': 'Angle', 'value': 213}, 'value': '6.03'}, {'type': {'displayName': 'Length', 'value': 212}, 'value': '17.6'}, {'type': {'displayName': 'Zone', 'value': 56}, 'value': 'Center'}]",True,,,,,
1901113,FirstHalf,23,49.0,23,BallRecovery,Successful,87,Juventus,332419.0,Lloyd Kelly,23.0,37.5,,,,,,,[],False,,,,,
1901113,FirstHalf,23,49.0,23,Pass,Successful,87,Juventus,332419.0,Lloyd Kelly,23.0,37.5,10.3,53.4,,,,,"[{'type': {'displayName': 'Angle', 'value': 213}, 'value': '2.46'}, {'type': {'displayName': 'PassEndY', 'value': 141}, 'value': '53.4'}, {'type': {'displayName': 'PassEndX', 'value': 140}, 'value': '10.3'}, {'type': {'displayName': 'Zone', 'value': 56}, 'value': 'Back'}, {'type': {'displayName': 'Length', 'value': 212}, 'value': '17.2'}]",True,,,,,
1901113,FirstHalf,23,52.0,23,Pass,Successful,87,Juventus,78880.0,Mattia Perin,10.5,51.6,15.4,29.4,,,,,"[{'type': {'displayName': 'PassEndX', 'value': 140}, 'value': '15.4'}, {'type': {'displayName': 'Zone', 'value': 56}, 'value': 'Back'}, {'type': {'displayName': 'Angle', 'value': 213}, 'value': '5.04'}, {'type': {'displayName': 'Length', 'value': 212}, 'value': '15.9'}, {'type': {'displayName': 'PassEndY', 'value': 141}, 'value': '29.4'}]",True,,,,,
1901113,FirstHalf,23,56.0,23,Pass,Successful,87,Juventus,339875.0,Bremer,18.3,30.1,39.6,34.5,,,,,"[{'type': {'displayName': 'Length', 'value': 212}, 'value': '22.6'}, {'type': {'displayName': 'Zone', 'value': 56}, 'value': 'Back'}, {'type': {'displayName': 'Angle', 'value': 213}, 'value': '0.13'}, {'type': {'displayName': 'PassEndX', 'value': 140}, 'value': '39.6'}, {'type': {'displayName': 'PassEndY', 'value': 141}, 'value': '34.5'}]",True,,,,,
1901113,FirstHalf,23,57.0,23,Pass,Successful,87,Juventus,425080.0,Fabio Miretti,40.3,32.7,41.7,57.6,,,,,"[{'type': {'displayName': 'PassEndY', 'value': 141}, 'value': '57.6'}, {'type': {'displayName': 'Zone', 'value': 56}, 'value': 'Back'}, {'type': {'displayName': 'PassEndX', 'value': 140}, 'value': '41.7'}, {'type': {'displayName': 'Angle', 'value': 213}, 'value': '1.48'}, {'type': {'displayName': 'Length', 'value': 212}, 'value': '17.0'}]",True,,,,,
1901113,FirstHalf,23,59.0,23,Pass,Successful,87,Juventus,383855.0,Jonathan David,45.7,61.5,64.1,94.3,,,,,"[{'type': {'displayName': 'PassEndY', 'value': 141}, 'value': '94.3'}, {'type': {'displayName': 'PassEndX', 'value': 140}, 'value': '64.1'}, {'type': {'displayName': 'Zone', 'value': 56}, 'value': 'Left'}, {'type': {'displayName': 'Angle', 'value': 213}, 'value': '0.86'}, {'type': {'displayName': 'Length', 'value': 212}, 'value': '29.5'}]",True,,,,,
1901113,FirstHalf,24,6.0,24,Pass,Unsuccessful,87,Juventus,494525.0,Kenan Yildiz,84.2,65.0,86.3,63.4,,,,,"[{'type': {'displayName': 'Angle', 'value': 213}, 'value': '5.82'}, {'type': {'displayName': 'PassEndX', 'value': 140}, 'value': '86.3'}, {'type': {'displayName': 'Zone', 'value': 56}, 'value': 'Center'}, {'type': {'displayName': 'PassEndY', 'value': 141}, 'value': '63.4'}, {'type': {'displayName': 'Length', 'value': 212}, 'value': '2.5'}]",True,,,,,
1901113,FirstHalf,24,7.0,24,BallTouch,Successful,78,Cagliari,318432.0,Yerry Mina,15.1,34.0,,,,,,,"[{'type': {'displayName': 'Zone', 'value': 56}, 'value': 'Back'}]",True,,,,,
1901113,FirstHalf,24,7.0,24,Pass,Unsuccessful,87,Juventus,383855.0,Jonathan David,89.1,64.0,87.4,55.8,,,,,"[{'type': {'displayName': 'Zone', 'value': 56}, 'value': 'Center'}, {'type': {'displayName': 'Length', 'value': 212}, 'value': '5.9'}, {'type': {'displayName': 'PassEndY', 'value': 141}, 'value': '55.8'}, {'type': {'displayName': 'PassEndX', 'value': 140}, 'value': '87.4'}, {'type': {'displayName': 'Angle', 'value': 213}, 'value': '4.40'}]",True,,,,,
1901113,FirstHalf,24,9.0,24,BallTouch,Successful,78,Cagliari,141269.0,Luca Mazzitelli,13.0,48.7,,,,,,,"[{'type': {'displayName': 'Zone', 'value': 56}, 'value': 'Back'}]",True,,,,,
1901113,FirstHalf,24,10.0,24,SavedShot,Successful,87,Juventus,425080.0,Fabio Miretti,85.9,42.5,,,50.0,8.2,98.1,48.6,"[{'type': {'displayName': 'FirstTouch', 'value': 328}}, {'type': {'displayName': 'GoalMouthY', 'value': 102}, 'value': '50.0'}, {'type': {'displayName': 'LowCentre', 'value': 78}}, {'type': {'displayName': 'BlockedY', 'value': 147}, 'value': '48.6'}, {'type': {'displayName': 'RegularPlay', 'value': 22}}, {'type': {'displayName': 'Zone', 'value': 56}, 'value': 'Center'}, {'type': {'displayName': 'RightFoot', 'value': 20}}, {'type': {'displayName': 'BoxCentre', 'value': 17}}, {'type': {'displayName': 'OppositeRelatedEvent', 'value': 233}, 'value': '151'}, {'type': {'displayName': 'GoalMouthZ', 'value': 103}, 'value': '8.2'}, {'type': {'displayName': 'BlockedX', 'value': 146}, 'value': '98.1'}]",True,True,,,,
1901113,FirstHalf,24,10.0,24,Save,Successful,78,Cagliari,362780.0,Elia Caprile,1.0,51.7,,,,,,,"[{'type': {'displayName': 'Hands', 'value': 182}}, {'type': {'displayName': 'Zone', 'value': 56}, 'value': 'Back'}, {'type': {'displayName': 'ParriedDanger', 'value': 174}}, {'type': {'displayName': 'OppositeRelatedEvent', 'value': 233}, 'value': '303'}, {'type': {'displayName': 'KeeperSaveInTheBox', 'value': 11115}}]",True,,,,,
1901113,FirstHalf,24,15.0,24,Pass,Unsuccessful,78,Cagliari,424534.0,Adam Obert,4.4,85.0,6.1,84.9,,,,,"[{'type': {'displayName': 'Length', 'value': 212}, 'value': '1.8'}, {'type': {'displayName': 'Zone', 'value': 56}, 'value': 'Back'}, {'type': {'displayName': 'Longball', 'value': 1}}, {'type': {'displayName': 'OppositeRelatedEvent', 'value': 233}, 'value': '304'}, {'type': {'displayName': 'Offensive', 'value': 286}}, {'type': {'displayName': 'Angle', 'value': 213}, 'value': '6.25'}, {'type': {'displayName': 'PassEndX', 'value': 140}, 'value': '6.1'}, {'type': {'displayName': 'PassEndY', 'value': 141}, 'value': '84.9'}]",True,,,,,
1901113,FirstHalf,24,15.0,24,BlockedPass,Successful,87,Juventus,425080.0,Fabio Miretti,93.9,15.1,,,,,,,"[{'type': {'displayName': 'Zone', 'value': 56}, 'value': 'Right'}, {'type': {'displayName': 'Defensive', 'value': 285}}, {'type': {'displayName': 'OppositeRelatedEvent', 'value': 233}, 'value': '152'}]",True,,,,,
1901113,FirstHalf,24,51.0,24,Pass,Unsuccessful,78,Cagliari,362780.0,Elia Caprile,5.2,51.4,61.6,76.5,,,,,"[{'type': {'displayName': 'Length', 'value': 212}, 'value': '61.6'}, {'type': {'displayName': 'Longball', 'value': 1}}, {'type': {'displayName': 'Zone', 'value': 56}, 'value': 'Center'}, {'type': {'displayName': 'PassEndX', 'value': 140}, 'value': '61.6'}, {'type': {'displayName': 'PassEndY', 'value': 141}, 'value': '76.5'}, {'type': {'displayName': 'MissHigh', 'value': 74}}, {'type': {'displayName': 'Angle', 'value': 213}, 'value': '0.28'}, {'type': {'displayName': 'GoalKick', 'value': 124}}]",True,,,,,
1901113,FirstHalf,24,54.0,24,Aerial,Successful,87,Juventus,273539.0,Manuel Locatelli,38.4,23.5,,,,,,,"[{'type': {'displayName': 'Defensive', 'value': 285}}, {'type': {'displayName': 'OppositeRelatedEvent', 'value': 233}, 'value': '156'}, {'type': {'displayName': 'Zone', 'value': 56}, 'value': 'Back'}]",False,,,,,
1901113,FirstHalf,24,54.0,24,Aerial,Unsuccessful,78,Cagliari,141269.0,Luca Mazzitelli,61.6,76.5,,,,,,,"[{'type': {'displayName': 'Offensive', 'value': 286}}, {'type': {'displayName': 'Zone', 'value': 56}, 'value': 'Center'}, {'type': {'displayName': 'OppositeRelatedEvent', 'value': 233}, 'value': '306'}]",False,,,,,
1901113,FirstHalf,24,55.0,24,Pass,Unsuccessful,87,Juventus,273539.0,Manuel Locatelli,38.4,23.5,39.4,38.4,,,,,"[{'type': {'displayName': 'PassEndX', 'value': 140}, 'value': '39.4'}, {'type': {'displayName': 'HeadPass', 'value': 3}}, {'type': {'displayName': 'PassEndY', 'value': 141}, 'value': '38.4'}, {'type': {'displayName': 'Length', 'value': 212}, 'value': '10.2'}, {'type': {'displayName': 'Angle', 'value': 213}, 'value': '1.47'}, {'type': {'displayName': 'Zone', 'value': 56}, 'value': 'Back'}]",True,,,,,
1901113,FirstHalf,24,58.0,24,Pass,Successful,78,Cagliari,356176.0,Michel Adopo,59.4,63.4,44.2,42.9,,,,,"[{'type': {'displayName': 'PassEndY', 'value': 141}, 'value': '42.9'}, {'type': {'displayName': 'Angle', 'value': 213}, 'value': '3.86'}, {'type': {'displayName': 'PassEndX', 'value': 140}, 'value': '44.2'}, {'type': {'displayName': 'Zone', 'value': 56}, 'value': 'Back'}, {'type': {'displayName': 'Chipped', 'value': 155}}, {'type': {'displayName': 'Length', 'value': 212}, 'value': '21.2'}]",True,,,,,
1901113,FirstHalf,25,0.0,25,Pass,Successful,78,Cagliari,450142.0,Zé Pedro,44.0,44.1,35.1,54.9,,,,,"[{'type': {'displayName': 'Zone', 'value': 56}, 'value': 'Back'}, {'type': {'displayName': 'Length', 'value': 212}, 'value': '11.9'}, {'type': {'displayName': 'Angle', 'value': 213}, 'value': '2.48'}, {'type': {'displayName': 'PassEndY', 'value': 141}, 'value': '54.9'}, {'type': {'displayName': 'PassEndX', 'value': 140}, 'value': '35.1'}]",True,,,,,
1901113,FirstHalf,25,3.0,25,Pass,Successful,78,Cagliari,318432.0,Yerry Mina,34.7,54.6,7.8,46.0,,,,,"[{'type': {'displayName': 'PassEndX', 'value': 140}, 'value': '7.8'}, {'type': {'displayName': 'Angle', 'value': 213}, 'value': '3.35'}, {'type': {'displayName': 'Length', 'value': 212}, 'value': '28.8'}, {'type': {'displayName': 'Zone', 'value': 56}, 'value': 'Back'}, {'type': {'displayName': 'PassEndY', 'value': 141}, 'value': '46.0'}]",True,,,,,
1901113,FirstHalf,25,7.0,25,Pass,Unsuccessful,78,Cagliari,362780.0,Elia Caprile,7.8,45.6,59.7,19.3,,,,,"[{'type': {'displayName': 'Zone', 'value': 56}, 'value': 'Right'}, {'type': {'displayName': 'PassEndX', 'value': 140}, 'value': '59.7'}, {'type': {'displayName': 'Length', 'value': 212}, 'value': '57.4'}, {'type': {'displayName': 'Angle', 'value': 213}, 'value': '5.97'}, {'type': {'displayName': 'Longball', 'value': 1}}, {'type': {'displayName': 'PassEndY', 'value': 141}, 'value': '19.3'}, {'type': {'displayName': 'Chipped', 'value': 155}}]",True,,,,,
1901113,FirstHalf,25,10.0,25,Pass,Successful,87,Juventus,332419.0,Lloyd Kelly,34.1,79.8,52.7,92.7,,,,,"[{'type': {'displayName': 'Length', 'value': 212}, 'value': '21.4'}, {'type': {'displayName': 'PassEndX', 'value': 140}, 'value': '52.7'}, {'type': {'displayName': 'Zone', 'value': 56}, 'value': 'Left'}, {'type': {'displayName': 'HeadPass', 'value': 3}}, {'type': {'displayName': 'PassEndY', 'value': 141}, 'value': '92.7'}, {'type': {'displayName': 'Angle', 'value': 213}, 'value': '0.42'}]",True,,,,,
1901113,FirstHalf,25,13.0,25,Foul,Successful,87,Juventus,494525.0,Kenan Yildiz,44.9,95.2,,,,,,,"[{'type': {'displayName': 'OppositeRelatedEvent', 'value': 233}, 'value': '161'}, {'type': {'displayName': 'Foul', 'value': 13}}, {'type': {'displayName': 'Offensive', 'value': 286}}, {'type': {'displayName': 'Zone', 'value': 56}, 'value': 'Back'}]",True,,,,,
1901113,FirstHalf,25,13.0,25,Foul,Unsuccessful,78,Cagliari,450142.0,Zé Pedro,55.1,4.8,,,,,,,"[{'type': {'displayName': 'OppositeRelatedEvent', 'value': 233}, 'value': '309'}, {'type': {'displayName': 'Zone', 'value': 56}, 'value': 'Right'}, {'type': {'displayName': 'Defensive', 'value': 285}}, {'type': {'displayName': 'Foul', 'value': 13}}]",False,,,,,
1901113,FirstHalf,25,28.0,25,Pass,Successful,87,Juventus,423440.0,Andrea Cambiaso,46.8,93.4,38.1,69.7,,,,,"[{'type': {'displayName': 'Zone', 'value': 56}, 'value': 'Back'}, {'type': {'displayName': 'PassEndY', 'value': 141}, 'value': '69.7'}, {'type': {'displayName': 'FreekickTaken', 'value': 5}}, {'type': {'displayName': 'Length', 'value': 212}, 'value': '18.5'}, {'type': {'displayName': 'Angle', 'value': 213}, 'value': '4.20'}, {'type': {'displayName': 'PassEndX', 'value': 140}, 'value': '38.1'}]",True,,,,,
1901113,FirstHalf,25,32.0,25,Pass,Successful,87,Juventus,332419.0,Lloyd Kelly,44.0,55.8,53.7,90.0,,,,,"[{'type': {'displayName': 'Length', 'value': 212}, 'value': '25.4'}, {'type': {'displayName': 'PassEndY', 'value': 141}, 'value': '90.0'}, {'type': {'displayName': 'Zone', 'value': 56}, 'value': 'Left'}, {'type': {'displayName': 'PassEndX', 'value': 140}, 'value': '53.7'}, {'type': {'displayName': 'Angle', 'value': 213}, 'value': '1.16'}]",True,,,,,
1901113,FirstHalf,25,35.0,25,Pass,Successful,87,Juventus,343308.0,Teun Koopmeiners,52.3,92.1,67.1,97.2,,,,,"[{'type': {'displayName': 'Angle', 'value': 213}, 'value': '0.22'}, {'type': {'displayName': 'Length', 'value': 212}, 'value': '15.9'}, {'type': {'displayName': 'PassEndY', 'value': 141}, 'value': '97.2'}, {'type': {'displayName': 'PassEndX', 'value': 140}, 'value': '67.1'}, {'type': {'displayName': 'Zone', 'value': 56}, 'value': 'Left'}]",True,,,,,
1901113,FirstHalf,25,38.0,25,Pass,Successful,87,Juventus,494525.0,Kenan Yildiz,66.0,96.4,59.3,72.3,,,,,"[{'type': {'displayName': 'Length', 'value': 212}, 'value': '17.8'}, {'type': {'displayName': 'Zone', 'value': 56}, 'value': 'Center'}, {'type': {'displayName': 'PassEndX', 'value': 140}, 'value': '59.3'}, {'type': {'displayName': 'PassEndY', 'value': 141}, 'value': '72.3'}, {'type': {'displayName': 'Angle', 'value': 213}, 'value': '4.31'}]",True,,,,,
1901113,FirstHalf,25,41.0,25,Pass,Successful,87,Juventus,273539.0,Manuel Locatelli,59.3,70.3,60.5,38.7,,,,,"[{'type': {'displayName': 'Zone', 'value': 56}, 'value': 'Center'}, {'type': {'displayName': 'PassEndY', 'value': 141}, 'value': '38.7'}, {'type': {'displayName': 'PassEndX', 'value': 140}, 'value': '60.5'}, {'type': {'displayName': 'Angle', 'value': 213}, 'value': '4.77'}, {'type': {'displayName': 'Length', 'value': 212}, 'value': '21.5'}]",True,,,,,
1901113,FirstHalf,25,44.0,25,Pass,Successful,87,Juventus,339875.0,Bremer,61.0,38.7,72.2,12.1,,,,,"[{'type': {'displayName': 'Angle', 'value': 213}, 'value': '5.29'}, {'type': {'displayName': 'Length', 'value': 212}, 'value': '21.6'}, {'type': {'displayName': 'Zone', 'value': 56}, 'value': 'Right'}, {'type': {'displayName': 'PassEndY', 'value': 141}, 'value': '12.1'}, {'type': {'displayName': 'PassEndX', 'value': 140}, 'value': '72.2'}]",True,,,,,
1901113,FirstHalf,25,47.0,25,Pass,Successful,87,Juventus,391836.0,Pierre Kalulu,72.7,10.8,67.0,36.4,,,,,"[{'type': {'displayName': 'Length', 'value': 212}, 'value': '18.4'}, {'type': {'displayName': 'Zone', 'value': 56}, 'value': 'Center'}, {'type': {'displayName': 'PassEndX', 'value': 140}, 'value': '67.0'}, {'type': {'displayName': 'PassEndY', 'value': 141}, 'value': '36.4'}, {'type': {'displayName': 'Angle', 'value': 213}, 'value': '1.90'}]",True,,,,,
1901113,FirstHalf,25,50.0,25,Pass,Successful,87,Juventus,273539.0,Manuel Locatelli,66.1,35.4,78.5,40.6,,,,,"[{'type': {'displayName': 'Angle', 'value': 213}, 'value': '0.27'}, {'type': {'displayName': 'PassEndY', 'value': 141}, 'value': '40.6'}, {'type': {'displayName': 'PassEndX', 'value': 140}, 'value': '78.5'}, {'type': {'displayName': 'Length', 'value': 212}, 'value': '13.5'}, {'type': {'displayName': 'Zone', 'value': 56}, 'value': 'Center'}]",True,,,,,
1901113,FirstHalf,25,52.0,25,Pass,Successful,87,Juventus,383855.0,Jonathan David,78.5,40.6,79.4,22.8,,,,,"[{'type': {'displayName': 'Length', 'value': 212}, 'value': '12.1'}, {'type': {'displayName': 'Zone', 'value': 56}, 'value': 'Center'}, {'type': {'displayName': 'PassEndY', 'value': 141}, 'value': '22.8'}, {'type': {'displayName': 'PassEndX', 'value': 140}, 'value': '79.4'}, {'type': {'displayName': 'Angle', 'value': 213}, 'value': '4.79'}]",True,,,,,
1901113,FirstHalf,25,54.0,25,Pass,Successful,87,Juventus,425080.0,Fabio Miretti,77.6,19.6,77.6,32.2,,,,,"[{'type': {'displayName': 'Length', 'value': 212}, 'value': '8.6'}, {'type': {'displayName': 'PassEndY', 'value': 141}, 'value': '32.2'}, {'type': {'displayName': 'Zone', 'value': 56}, 'value': 'Center'}, {'type': {'displayName': 'PassEndX', 'value': 140}, 'value': '77.6'}, {'type': {'displayName': 'Angle', 'value': 213}, 'value': '1.57'}]",True,,,,,
1901113,FirstHalf,25,58.0,25,Foul,Successful,87,Juventus,383855.0,Jonathan David,77.0,31.5,,,,,,,"[{'type': {'displayName': 'Zone', 'value': 56}, 'value': 'Center'}, {'type': {'displayName': 'OppositeRelatedEvent', 'value': 233}, 'value': '163'}, {'type': {'displayName': 'Offensive', 'value': 286}}, {'type': {'displayName': 'Foul', 'value': 13}}]",True,,,,,
1901113,FirstHalf,25,58.0,25,Foul,Unsuccessful,78,Cagliari,141269.0,Luca Mazzitelli,23.0,68.5,,,,,,,"[{'type': {'displayName': 'Foul', 'value': 13}}, {'type': {'displayName': 'OppositeRelatedEvent', 'value': 233}, 'value': '320'}, {'type': {'displayName': 'Defensive', 'value': 285}}, {'type': {'displayName': 'Zone', 'value': 56}, 'value': 'Back'}]",False,,,,,
1901113,FirstHalf,27,5.0,27,Pass,Successful,87,Juventus,343308.0,Teun Koopmeiners,78.6,31.0,79.6,41.2,,,,,"[{'type': {'displayName': 'Angle', 'value': 213}, 'value': '1.42'}, {'type': {'displayName': 'PassEndX', 'value': 140}, 'value': '79.6'}, {'type': {'displayName': 'FreekickTaken', 'value': 5}}, {'type': {'displayName': 'PassEndY', 'value': 141}, 'value': '41.2'}, {'type': {'displayName': 'Length', 'value': 212}, 'value': '7.0'}, {'type': {'displayName': 'Zone', 'value': 56}, 'value': 'Center'}]",True,,,,,
1901113,FirstHalf,27,6.0,27,Pass,Successful,87,Juventus,273539.0,Manuel Locatelli,79.6,41.2,78.7,38.3,,,,,"[{'type': {'displayName': 'Zone', 'value': 56}, 'value': 'Center'}, {'type': {'displayName': 'ShotAssist', 'value': 210}, 'value': '15'}, {'type': {'displayName': 'Length', 'value': 212}, 'value': '2.2'}, {'type': {'displayName': 'Angle', 'value': 213}, 'value': '4.27'}, {'type': {'displayName': 'PassEndY', 'value': 141}, 'value': '38.3'}, {'type': {'displayName': 'PassEndX', 'value': 140}, 'value': '78.7'}, {'type': {'displayName': 'IntentionalAssist', 'value': 154}}, {'type': {'displayName': 'KeyPass', 'value': 11113}}]",True,,,,,
1901113,FirstHalf,27,7.0,27,SavedShot,Successful,87,Juventus,343308.0,Teun Koopmeiners,78.7,38.3,,,49.9,19.0,80.5,39.3,"[{'type': {'displayName': 'GoalMouthZ', 'value': 103}, 'value': '19'}, {'type': {'displayName': 'GoalMouthY', 'value': 102}, 'value': '49.9'}, {'type': {'displayName': 'BlockedY', 'value': 147}, 'value': '39.3'}, {'type': {'displayName': 'BlockedX', 'value': 146}, 'value': '80.5'}, {'type': {'displayName': 'Blocked', 'value': 82}}, {'type': {'displayName': 'RelatedEventId', 'value': 55}, 'value': '322'}, {'type': {'displayName': 'LowCentre', 'value': 78}}, {'type': {'displayName': 'OutOfBoxCentre', 'value': 18}}, {'type': {'displayName': 'OppositeRelatedEvent', 'value': 233}, 'value': '164'}, {'type': {'displayName': 'SetPiece', 'value': 24}}, {'type': {'displayName': 'Assisted', 'value': 29}}, {'type': {'displayName': 'IntentionalAssist', 'value': 154}}, {'type': {'displayName': 'LeftFoot', 'value': 72}}, {'type': {'displayName': 'Zone', 'value': 56}, 'value': 'Center'}, {'type': {'displayName': 'FirstTouch', 'value': 328}}]",True,True,,,322.0,273539.0
1901113,FirstHalf,27,7.0,27,Save,Successful,78,Cagliari,356176.0,Michel Adopo,19.9,62.8,,,,,,,"[{'type': {'displayName': 'OutfielderBlock', 'value': 94}}, {'type': {'displayName': 'Zone', 'value': 56}, 'value': 'Back'}, {'type': {'displayName': 'OppositeRelatedEvent', 'value': 233}, 'value': '323'}]",True,,,,,
1901113,FirstHalf,27,10.0,27,BallRecovery,Successful,78,Cagliari,371397.0,Sebastiano Esposito,22.5,70.7,,,,,,,[],False,,,,,
1901113,FirstHalf,27,11.0,27,Pass,Successful,78,Cagliari,371397.0,Sebastiano Esposito,44.9,67.3,64.3,81.3,,,,,"[{'type': {'displayName': 'Zone', 'value': 56}, 'value': 'Left'}, {'type': {'displayName': 'PassEndX', 'value': 140}, 'value': '64.3'}, {'type': {'displayName': 'Length', 'value': 212}, 'value': '22.5'}, {'type': {'displayName': 'PassEndY', 'value': 141}, 'value': '81.3'}, {'type': {'displayName': 'Angle', 'value': 213}, 'value': '0.44'}]",True,,,,,
1901113,FirstHalf,27,16.0,27,Pass,Unsuccessful,78,Cagliari,356176.0,Michel Adopo,76.8,70.0,91.7,52.5,,,,,"[{'type': {'displayName': 'Length', 'value': 212}, 'value': '19.7'}, {'type': {'displayName': 'PassEndY', 'value': 141}, 'value': '52.5'}, {'type': {'displayName': 'PassEndX', 'value': 140}, 'value': '91.7'}, {'type': {'displayName': 'Angle', 'value': 213}, 'value': '5.63'}, {'type': {'displayName': 'Zone', 'value': 56}, 'value': 'Center'}]",True,,,,,
1901113,FirstHalf,27,19.0,27,KeeperPickup,Successful,87,Juventus,78880.0,Mattia Perin,14.3,42.6,,,,,,,[],False,,,,,
1901113,FirstHalf,27,19.0,27,Pass,Successful,87,Juventus,78880.0,Mattia Perin,11.8,42.3,29.8,45.7,,,,,"[{'type': {'displayName': 'Zone', 'value': 56}, 'value': 'Back'}, {'type': {'displayName': 'Angle', 'value': 213}, 'value': '0.12'}, {'type': {'displayName': 'KeeperThrow', 'value': 123}}, {'type': {'displayName': 'Length', 'value': 212}, 'value': '19.0'}, {'type': {'displayName': 'PassEndY', 'value': 141}, 'value': '45.7'}, {'type': {'displayName': 'PassEndX', 'value': 140}, 'value': '29.8'}]",True,,,,,
1901113,FirstHalf,27,25.0,27,Pass,Successful,87,Juventus,425080.0,Fabio Miretti,37.6,64.9,36.9,33.9,,,,,"[{'type': {'displayName': 'Angle', 'value': 213}, 'value': '4.68'}, {'type': {'displayName': 'Zone', 'value': 56}, 'value': 'Back'}, {'type': {'displayName': 'PassEndX', 'value': 140}, 'value': '36.9'}, {'type': {'displayName': 'PassEndY', 'value': 141}, 'value': '33.9'}, {'type': {'displayName': 'Length', 'value': 212}, 'value': '21.1'}]",True,,,,,
1901113,FirstHalf,27,28.0,27,Pass,Successful,87,Juventus,391836.0,Pierre Kalulu,37.8,32.4,44.9,8.4,,,,,"[{'type': {'displayName': 'Angle', 'value': 213}, 'value': '5.14'}, {'type': {'displayName': 'PassEndX', 'value': 140}, 'value': '44.9'}, {'type': {'displayName': 'PassEndY', 'value': 141}, 'value': '8.4'}, {'type': {'displayName': 'Zone', 'value': 56}, 'value': 'Back'}, {'type': {'displayName': 'Length', 'value': 212}, 'value': '17.9'}]",True,,,,,
1901113,FirstHalf,27,31.0,27,Pass,Successful,87,Juventus,338275.0,Weston McKennie,53.3,5.7,41.4,27.0,,,,,"[{'type': {'displayName': 'PassEndY', 'value': 141}, 'value': '27.0'}, {'type': {'displayName': 'PassEndX', 'value': 140}, 'value': '41.4'}, {'type': {'displayName': 'Zone', 'value': 56}, 'value': 'Back'}, {'type': {'displayName': 'Angle', 'value': 213}, 'value': '2.28'}, {'type': {'displayName': 'Length', 'value': 212}, 'value': '19.1'}]",True,,,,,
1901113,FirstHalf,27,36.0,27,Pass,Successful,87,Juventus,273539.0,Manuel Locatelli,45.8,32.8,59.8,39.7,,,,,"[{'type': {'displayName': 'Angle', 'value': 213}, 'value': '0.31'}, {'type': {'displayName': 'Length', 'value': 212}, 'value': '15.4'}, {'type': {'displayName': 'PassEndX', 'value': 140}, 'value': '59.8'}, {'type': {'displayName': 'Zone', 'value': 56}, 'value': 'Center'}, {'type': {'displayName': 'PassEndY', 'value': 141}, 'value': '39.7'}]",True,,,,,
1901113,FirstHalf,27,38.0,27,Pass,Successful,87,Juventus,425080.0,Fabio Miretti,59.8,39.7,46.7,30.3,,,,,"[{'type': {'displayName': 'PassEndY', 'value': 141}, 'value': '30.3'}, {'type': {'displayName': 'Angle', 'value': 213}, 'value': '3.58'}, {'type': {'displayName': 'PassEndX', 'value': 140}, 'value': '46.7'}, {'type': {'displayName': 'LayOff', 'value': 156}}, {'type': {'displayName': 'Zone', 'value': 56}, 'value': 'Back'}, {'type': {'displayName': 'Length', 'value': 212}, 'value': '15.2'}]",True,,,,,
1901113,FirstHalf,27,40.0,27,Pass,Successful,87,Juventus,273539.0,Manuel Locatelli,46.7,30.3,56.4,37.8,,,,,"[{'type': {'displayName': 'PassEndY', 'value': 141}, 'value': '37.8'}, {'type': {'displayName': 'Zone', 'value': 56}, 'value': 'Center'}, {'type': {'displayName': 'Angle', 'value': 213}, 'value': '0.46'}, {'type': {'displayName': 'PassEndX', 'value': 140}, 'value': '56.4'}, {'type': {'displayName': 'Length', 'value': 212}, 'value': '11.4'}]",True,,,,,
1901113,FirstHalf,27,42.0,27,Pass,Successful,87,Juventus,425080.0,Fabio Miretti,54.9,42.9,45.7,95.7,,,,,"[{'type': {'displayName': 'Longball', 'value': 1}}, {'type': {'displayName': 'PassEndY', 'value': 141}, 'value': '95.7'}, {'type': {'displayName': 'PassEndX', 'value': 140}, 'value': '45.7'}, {'type': {'displayName': 'Length', 'value': 212}, 'value': '37.2'}, {'type': {'displayName': 'Zone', 'value': 56}, 'value': 'Back'}, {'type': {'displayName': 'Angle', 'value': 213}, 'value': '1.83'}]",True,,,,,
1901113,FirstHalf,27,47.0,27,Pass,Successful,87,Juventus,332419.0,Lloyd Kelly,48.1,93.0,52.4,66.7,,,,,"[{'type': {'displayName': 'PassEndX', 'value': 140}, 'value': '52.4'}, {'type': {'displayName': 'PassEndY', 'value': 141}, 'value': '66.7'}, {'type': {'displayName': 'Length', 'value': 212}, 'value': '18.4'}, {'type': {'displayName': 'Angle', 'value': 213}, 'value': '4.96'}, {'type': {'displayName': 'Zone', 'value': 56}, 'value': 'Center'}]",True,,,,,
1901113,FirstHalf,27,51.0,27,Pass,Unsuccessful,87,Juventus,343308.0,Teun Koopmeiners,54.6,70.2,83.4,14.7,,,,,"[{'type': {'displayName': 'Length', 'value': 212}, 'value': '48.4'}, {'type': {'displayName': 'Zone', 'value': 56}, 'value': 'Right'}, {'type': {'displayName': 'Longball', 'value': 1}}, {'type': {'displayName': 'Angle', 'value': 213}, 'value': '5.39'}, {'type': {'displayName': 'PassEndX', 'value': 140}, 'value': '83.4'}, {'type': {'displayName': 'Chipped', 'value': 155}}, {'type': {'displayName': 'PassEndY', 'value': 141}, 'value': '14.7'}]",True,,,,,
1901113,FirstHalf,27,56.0,27,Clearance,Successful,78,Cagliari,424534.0,Adam Obert,21.1,87.3,32.0,84.4,,,,,"[{'type': {'displayName': 'Zone', 'value': 56}, 'value': 'Back'}, {'type': {'displayName': 'Length', 'value': 212}, 'value': '11.6'}, {'type': {'displayName': 'PassEndY', 'value': 141}, 'value': '84.4'}, {'type': {'displayName': 'PassEndX', 'value': 140}, 'value': '32.0'}, {'type': {'displayName': 'Head', 'value': 15}}, {'type': {'displayName': 'Angle', 'value': 213}, 'value': '6.11'}]",True,,,,,
1901113,FirstHalf,27,58.0,27,BallRecovery,Successful,78,Cagliari,371397.0,Sebastiano Esposito,26.4,88.0,,,,,,,[],False,,,,,
1901113,FirstHalf,27,59.0,27,Pass,Successful,78,Cagliari,371397.0,Sebastiano Esposito,26.4,88.0,22.2,91.2,,,,,"[{'type': {'displayName': 'PassEndY', 'value': 141}, 'value': '91.2'}, {'type': {'displayName': 'Zone', 'value': 56}, 'value': 'Back'}, {'type': {'displayName': 'Angle', 'value': 213}, 'value': '2.68'}, {'type': {'displayName': 'PassEndX', 'value': 140}, 'value': '22.2'}, {'type': {'displayName': 'Length', 'value': 212}, 'value': '4.9'}]",True,,,,,
1901113,FirstHalf,28,0.0,28,Pass,Unsuccessful,78,Cagliari,424534.0,Adam Obert,23.1,87.7,39.3,71.4,,,,,"[{'type': {'displayName': 'Length', 'value': 212}, 'value': '20.3'}, {'type': {'displayName': 'Angle', 'value': 213}, 'value': '5.71'}, {'type': {'displayName': 'PassEndY', 'value': 141}, 'value': '71.4'}, {'type': {'displayName': 'PassEndX', 'value': 140}, 'value': '39.3'}, {'type': {'displayName': 'Zone', 'value': 56}, 'value': 'Back'}]",True,,,,,
1901113,FirstHalf,28,1.0,28,Pass,Unsuccessful,87,Juventus,343308.0,Teun Koopmeiners,62.8,27.3,64.7,37.9,,,,,"[{'type': {'displayName': 'Zone', 'value': 56}, 'value': 'Center'}, {'type': {'displayName': 'PassEndY', 'value': 141}, 'value': '37.9'}, {'type': {'displayName': 'PassEndX', 'value': 140}, 'value': '64.7'}, {'type': {'displayName': 'Length', 'value': 212}, 'value': '7.5'}, {'type': {'displayName': 'Angle', 'value': 213}, 'value': '1.30'}]",True,,,,,
1901113,FirstHalf,28,2.0,28,Interception,Successful,78,Cagliari,369883.0,Gianluca Gaetano,35.3,62.1,,,,,,,"[{'type': {'displayName': 'Zone', 'value': 56}, 'value': 'Back'}]",True,,,,,
1901113,FirstHalf,28,7.0,28,Pass,Unsuccessful,78,Cagliari,424534.0,Adam Obert,66.0,58.3,74.9,31.9,,,,,"[{'type': {'displayName': 'PassEndY', 'value': 141}, 'value': '31.9'}, {'type': {'displayName': 'PassEndX', 'value': 140}, 'value': '74.9'}, {'type': {'displayName': 'Zone', 'value': 56}, 'value': 'Center'}, {'type': {'displayName': 'Length', 'value': 212}, 'value': '20.2'}, {'type': {'displayName': 'Angle', 'value': 213}, 'value': '5.19'}]",True,,,,,
1901113,FirstHalf,28,9.0,28,BallRecovery,Successful,87,Juventus,423440.0,Andrea Cambiaso,24.6,68.5,,,,,,,[],False,,,,,
1901113,FirstHalf,28,11.0,28,Pass,Successful,87,Juventus,423440.0,Andrea Cambiaso,24.9,67.5,26.9,25.0,,,,,"[{'type': {'displayName': 'Zone', 'value': 56}, 'value': 'Back'}, {'type': {'displayName': 'Length', 'value': 212}, 'value': '29.0'}, {'type': {'displayName': 'PassEndY', 'value': 141}, 'value': '25.0'}, {'type': {'displayName': 'PassEndX', 'value': 140}, 'value': '26.9'}, {'type': {'displayName': 'Angle', 'value': 213}, 'value': '4.78'}]",True,,,,,
1901113,FirstHalf,28,15.0,28,Pass,Successful,87,Juventus,338275.0,Weston McKennie,26.9,25.0,23.8,37.8,,,,,"[{'type': {'displayName': 'Zone', 'value': 56}, 'value': 'Back'}, {'type': {'displayName': 'Angle', 'value': 213}, 'value': '1.93'}, {'type': {'displayName': 'PassEndX', 'value': 140}, 'value': '23.8'}, {'type': {'displayName': 'Length', 'value': 212}, 'value': '9.3'}, {'type': {'displayName': 'PassEndY', 'value': 141}, 'value': '37.8'}]",True,,,,,
1901113,FirstHalf,28,17.0,28,Pass,Successful,87,Juventus,339875.0,Bremer,21.7,39.0,34.0,33.1,,,,,"[{'type': {'displayName': 'Zone', 'value': 56}, 'value': 'Back'}, {'type': {'displayName': 'Angle', 'value': 213}, 'value': '5.98'}, {'type': {'displayName': 'PassEndY', 'value': 141}, 'value': '33.1'}, {'type': {'displayName': 'PassEndX', 'value': 140}, 'value': '34.0'}, {'type': {'displayName': 'Length', 'value': 212}, 'value': '13.5'}]",True,,,,,
1901113,FirstHalf,28,23.0,28,Pass,Successful,87,Juventus,425080.0,Fabio Miretti,41.0,36.0,33.2,60.7,,,,,"[{'type': {'displayName': 'PassEndX', 'value': 140}, 'value': '33.2'}, {'type': {'displayName': 'Angle', 'value': 213}, 'value': '2.02'}, {'type': {'displayName': 'Length', 'value': 212}, 'value': '18.7'}, {'type': {'displayName': 'PassEndY', 'value': 141}, 'value': '60.7'}, {'type': {'displayName': 'Zone', 'value': 56}, 'value': 'Back'}]",True,,,,,
1901113,FirstHalf,28,28.0,28,Pass,Successful,87,Juventus,339875.0,Bremer,38.5,60.3,53.8,82.3,,,,,"[{'type': {'displayName': 'PassEndX', 'value': 140}, 'value': '53.8'}, {'type': {'displayName': 'PassEndY', 'value': 141}, 'value': '82.3'}, {'type': {'displayName': 'Angle', 'value': 213}, 'value': '0.75'}, {'type': {'displayName': 'Length', 'value': 212}, 'value': '22.0'}, {'type': {'displayName': 'Zone', 'value': 56}, 'value': 'Left'}]",True,,,,,
1901113,FirstHalf,28,29.0,28,Pass,Successful,87,Juventus,383855.0,Jonathan David,53.8,83.4,61.6,94.5,,,,,"[{'type': {'displayName': 'Angle', 'value': 213}, 'value': '0.74'}, {'type': {'displayName': 'Length', 'value': 212}, 'value': '11.1'}, {'type': {'displayName': 'PassEndX', 'value': 140}, 'value': '61.6'}, {'type': {'displayName': 'PassEndY', 'value': 141}, 'value': '94.5'}, {'type': {'displayName': 'Zone', 'value': 56}, 'value': 'Left'}]",True,,,,,
1901113,FirstHalf,28,31.0,28,Pass,Successful,87,Juventus,494525.0,Kenan Yildiz,62.3,94.5,52.6,75.6,,,,,"[{'type': {'displayName': 'PassEndX', 'value': 140}, 'value': '52.6'}, {'type': {'displayName': 'Zone', 'value': 56}, 'value': 'Center'}, {'type': {'displayName': 'Angle', 'value': 213}, 'value': '4.04'}, {'type': {'displayName': 'PassEndY', 'value': 141}, 'value': '75.6'}, {'type': {'displayName': 'Length', 'value': 212}, 'value': '16.4'}]",True,,,,,
1901113,FirstHalf,28,33.0,28,Pass,Successful,87,Juventus,343308.0,Teun Koopmeiners,52.6,75.6,58.1,66.1,,,,,"[{'type': {'displayName': 'PassEndY', 'value': 141}, 'value': '66.1'}, {'type': {'displayName': 'Length', 'value': 212}, 'value': '8.7'}, {'type': {'displayName': 'Angle', 'value': 213}, 'value': '5.44'}, {'type': {'displayName': 'Zone', 'value': 56}, 'value': 'Center'}, {'type': {'displayName': 'PassEndX', 'value': 140}, 'value': '58.1'}]",True,,,,,
1901113,FirstHalf,28,34.0,28,Pass,Successful,87,Juventus,423440.0,Andrea Cambiaso,58.1,66.1,54.9,73.8,,,,,"[{'type': {'displayName': 'Angle', 'value': 213}, 'value': '2.14'}, {'type': {'displayName': 'Zone', 'value': 56}, 'value': 'Center'}, {'type': {'displayName': 'PassEndX', 'value': 140}, 'value': '54.9'}, {'type': {'displayName': 'PassEndY', 'value': 141}, 'value': '73.8'}, {'type': {'displayName': 'Length', 'value': 212}, 'value': '6.2'}]",True,,,,,
1901113,FirstHalf,28,36.0,28,Pass,Successful,87,Juventus,343308.0,Teun Koopmeiners,53.3,75.6,39.0,72.0,,,,,"[{'type': {'displayName': 'PassEndX', 'value': 140}, 'value': '39.0'}, {'type': {'displayName': 'Zone', 'value': 56}, 'value': 'Back'}, {'type': {'displayName': 'Angle', 'value': 213}, 'value': '3.30'}, {'type': {'displayName': 'Length', 'value': 212}, 'value': '15.2'}, {'type': {'displayName': 'PassEndY', 'value': 141}, 'value': '72.0'}]",True,,,,,
1901113,FirstHalf,28,39.0,28,Pass,Successful,87,Juventus,332419.0,Lloyd Kelly,39.0,72.0,37.5,14.4,,,,,"[{'type': {'displayName': 'Zone', 'value': 56}, 'value': 'Back'}, {'type': {'displayName': 'Angle', 'value': 213}, 'value': '4.67'}, {'type': {'displayName': 'PassEndX', 'value': 140}, 'value': '37.5'}, {'type': {'displayName': 'Length', 'value': 212}, 'value': '39.2'}, {'type': {'displayName': 'PassEndY', 'value': 141}, 'value': '14.4'}, {'type': {'displayName': 'Longball', 'value': 1}}]",True,,,,,
1901113,FirstHalf,28,44.0,28,Pass,Successful,87,Juventus,273539.0,Manuel Locatelli,39.1,16.6,38.6,70.0,,,,,"[{'type': {'displayName': 'Chipped', 'value': 155}}, {'type': {'displayName': 'PassEndY', 'value': 141}, 'value': '70.0'}, {'type': {'displayName': 'Angle', 'value': 213}, 'value': '1.59'}, {'type': {'displayName': 'Length', 'value': 212}, 'value': '36.3'}, {'type': {'displayName': 'Longball', 'value': 1}}, {'type': {'displayName': 'PassEndX', 'value': 140}, 'value': '38.6'}, {'type': {'displayName': 'Zone', 'value': 56}, 'value': 'Back'}]",True,,,,,
1901113,FirstHalf,28,48.0,28,Pass,Successful,87,Juventus,332419.0,Lloyd Kelly,42.4,71.2,54.8,93.4,,,,,"[{'type': {'displayName': 'Length', 'value': 212}, 'value': '19.9'}, {'type': {'displayName': 'PassEndY', 'value': 141}, 'value': '93.4'}, {'type': {'displayName': 'Zone', 'value': 56}, 'value': 'Left'}, {'type': {'displayName': 'PassEndX', 'value': 140}, 'value': '54.8'}, {'type': {'displayName': 'Angle', 'value': 213}, 'value': '0.86'}]",True,,,,,
1901113,FirstHalf,28,53.0,28,Pass,Successful,87,Juventus,343308.0,Teun Koopmeiners,54.2,93.7,40.9,72.4,,,,,"[{'type': {'displayName': 'PassEndX', 'value': 140}, 'value': '40.9'}, {'type': {'displayName': 'Zone', 'value': 56}, 'value': 'Back'}, {'type': {'displayName': 'Angle', 'value': 213}, 'value': '3.95'}, {'type': {'displayName': 'Length', 'value': 212}, 'value': '20.1'}, {'type': {'displayName': 'PassEndY', 'value': 141}, 'value': '72.4'}]",True,,,,,
1901113,FirstHalf,28,55.0,28,Pass,Successful,87,Juventus,332419.0,Lloyd Kelly,41.4,68.7,44.4,24.1,,,,,"[{'type': {'displayName': 'Zone', 'value': 56}, 'value': 'Back'}, {'type': {'displayName': 'PassEndY', 'value': 141}, 'value': '24.1'}, {'type': {'displayName': 'PassEndX', 'value': 140}, 'value': '44.4'}, {'type': {'displayName': 'Angle', 'value': 213}, 'value': '4.82'}, {'type': {'displayName': 'Length', 'value': 212}, 'value': '30.5'}]",True,,,,,
1901113,FirstHalf,28,57.0,28,Pass,Successful,87,Juventus,273539.0,Manuel Locatelli,42.9,23.5,58.0,5.1,,,,,"[{'type': {'displayName': 'Angle', 'value': 213}, 'value': '5.62'}, {'type': {'displayName': 'Zone', 'value': 56}, 'value': 'Right'}, {'type': {'displayName': 'PassEndX', 'value': 140}, 'value': '58.0'}, {'type': {'displayName': 'PassEndY', 'value': 141}, 'value': '5.1'}, {'type': {'displayName': 'Length', 'value': 212}, 'value': '20.2'}]",True,,,,,
1901113,FirstHalf,29,2.0,29,Pass,Successful,87,Juventus,391836.0,Pierre Kalulu,57.8,4.5,79.4,16.2,,,,,"[{'type': {'displayName': 'PassEndX', 'value': 140}, 'value': '79.4'}, {'type': {'displayName': 'Zone', 'value': 56}, 'value': 'Right'}, {'type': {'displayName': 'Length', 'value': 212}, 'value': '24.0'}, {'type': {'displayName': 'Angle', 'value': 213}, 'value': '0.34'}, {'type': {'displayName': 'Chipped', 'value': 155}}, {'type': {'displayName': 'PassEndY', 'value': 141}, 'value': '16.2'}]",True,,,,,
1901113,FirstHalf,29,6.0,29,BallTouch,Unsuccessful,87,Juventus,383855.0,Jonathan David,80.1,10.3,,,,,,,"[{'type': {'displayName': 'Zone', 'value': 56}, 'value': 'Right'}]",True,,,,,
1901113,FirstHalf,29,25.0,29,Pass,Unsuccessful,78,Cagliari,424534.0,Adam Obert,23.2,100.0,47.9,96.3,,,,,"[{'type': {'displayName': 'Length', 'value': 212}, 'value': '26.1'}, {'type': {'displayName': 'PassEndX', 'value': 140}, 'value': '47.9'}, {'type': {'displayName': 'PassEndY', 'value': 141}, 'value': '96.3'}, {'type': {'displayName': 'Longball', 'value': 1}}, {'type': {'displayName': 'Zone', 'value': 56}, 'value': 'Back'}, {'type': {'displayName': 'ThrowIn', 'value': 107}}, {'type': {'displayName': 'Angle', 'value': 213}, 'value': '6.16'}]",True,,,,,
1901113,FirstHalf,29,27.0,29,Aerial,Successful,87,Juventus,343308.0,Teun Koopmeiners,52.1,3.7,,,,,,,"[{'type': {'displayName': 'OppositeRelatedEvent', 'value': 233}, 'value': '176'}, {'type': {'displayName': 'Offensive', 'value': 286}}, {'type': {'displayName': 'Zone', 'value': 56}, 'value': 'Right'}]",False,,,,,
1901113,FirstHalf,29,27.0,29,Aerial,Unsuccessful,78,Cagliari,457171.0,Semih Kiliçsoy,47.9,96.3,,,,,,,"[{'type': {'displayName': 'Defensive', 'value': 285}}, {'type': {'displayName': 'Zone', 'value': 56}, 'value': 'Back'}, {'type': {'displayName': 'OppositeRelatedEvent', 'value': 233}, 'value': '356'}]",False,,,,,
1901113,FirstHalf,29,27.0,29,Pass,Successful,87,Juventus,343308.0,Teun Koopmeiners,52.1,3.7,56.8,15.6,,,,,"[{'type': {'displayName': 'PassEndX', 'value': 140}, 'value': '56.8'}, {'type': {'displayName': 'PassEndY', 'value': 141}, 'value': '15.6'}, {'type': {'displayName': 'Zone', 'value': 56}, 'value': 'Right'}, {'type': {'displayName': 'Angle', 'value': 213}, 'value': '1.02'}, {'type': {'displayName': 'HeadPass', 'value': 3}}, {'type': {'displayName': 'Length', 'value': 212}, 'value': '9.5'}]",True,,,,,
1901113,FirstHalf,29,28.0,29,Pass,Successful,87,Juventus,273539.0,Manuel Locatelli,56.8,15.7,56.8,3.0,,,,,"[{'type': {'displayName': 'PassEndY', 'value': 141}, 'value': '3.0'}, {'type': {'displayName': 'Zone', 'value': 56}, 'value': 'Right'}, {'type': {'displayName': 'HeadPass', 'value': 3}}, {'type': {'displayName': 'Length', 'value': 212}, 'value': '8.6'}, {'type': {'displayName': 'Angle', 'value': 213}, 'value': '4.71'}, {'type': {'displayName': 'PassEndX', 'value': 140}, 'value': '56.8'}]",True,,,,,
1901113,FirstHalf,29,30.0,29,Pass,Unsuccessful,87,Juventus,391836.0,Pierre Kalulu,56.1,4.5,51.9,18.1,,,,,"[{'type': {'displayName': 'Length', 'value': 212}, 'value': '10.2'}, {'type': {'displayName': 'Chipped', 'value': 155}}, {'type': {'displayName': 'PassEndY', 'value': 141}, 'value': '18.1'}, {'type': {'displayName': 'Zone', 'value': 56}, 'value': 'Right'}, {'type': {'displayName': 'PassEndX', 'value': 140}, 'value': '51.9'}, {'type': {'displayName': 'Angle', 'value': 213}, 'value': '2.02'}]",True,,,,,
1901113,FirstHalf,29,35.0,29,Foul,Successful,87,Juventus,,,53.0,12.0,,,,,,,"[{'type': {'displayName': 'Zone', 'value': 56}, 'value': 'Right'}, {'type': {'displayName': 'OppositeRelatedEvent', 'value': 233}, 'value': '177'}, {'type': {'displayName': 'Offensive', 'value': 286}}]",True,,,,,
1901113,FirstHalf,29,35.0,29,Foul,Unsuccessful,78,Cagliari,371397.0,Sebastiano Esposito,47.0,88.0,,,,,,,"[{'type': {'displayName': 'Zone', 'value': 56}, 'value': 'Back'}, {'type': {'displayName': 'OppositeRelatedEvent', 'value': 233}, 'value': '360'}, {'type': {'displayName': 'Defensive', 'value': 285}}]",False,,,,,
1901113,FirstHalf,29,37.0,29,Pass,Successful,87,Juventus,343308.0,Teun Koopmeiners,44.0,27.1,47.8,5.8,,,,,"[{'type': {'displayName': 'Length', 'value': 212}, 'value': '15.0'}, {'type': {'displayName': 'FreekickTaken', 'value': 5}}, {'type': {'displayName': 'PassEndY', 'value': 141}, 'value': '5.8'}, {'type': {'displayName': 'Zone', 'value': 56}, 'value': 'Back'}, {'type': {'displayName': 'PassEndX', 'value': 140}, 'value': '47.8'}, {'type': {'displayName': 'Angle', 'value': 213}, 'value': '4.98'}]",True,,,,,
1901113,FirstHalf,29,40.0,29,Pass,Successful,87,Juventus,391836.0,Pierre Kalulu,47.1,6.3,36.6,24.0,,,,,"[{'type': {'displayName': 'Angle', 'value': 213}, 'value': '2.31'}, {'type': {'displayName': 'PassEndX', 'value': 140}, 'value': '36.6'}, {'type': {'displayName': 'Zone', 'value': 56}, 'value': 'Back'}, {'type': {'displayName': 'PassEndY', 'value': 141}, 'value': '24.0'}, {'type': {'displayName': 'Length', 'value': 212}, 'value': '16.3'}]",True,,,,,
1901113,FirstHalf,29,41.0,29,Pass,Successful,87,Juventus,339875.0,Bremer,36.6,24.0,35.3,66.4,,,,,"[{'type': {'displayName': 'Length', 'value': 212}, 'value': '28.9'}, {'type': {'displayName': 'Zone', 'value': 56}, 'value': 'Back'}, {'type': {'displayName': 'PassEndX', 'value': 140}, 'value': '35.3'}, {'type': {'displayName': 'PassEndY', 'value': 141}, 'value': '66.4'}, {'type': {'displayName': 'Angle', 'value': 213}, 'value': '1.62'}]",True,,,,,
1901113,FirstHalf,29,47.0,29,Pass,Successful,87,Juventus,332419.0,Lloyd Kelly,43.5,73.5,53.8,56.7,,,,,"[{'type': {'displayName': 'Length', 'value': 212}, 'value': '15.7'}, {'type': {'displayName': 'Angle', 'value': 213}, 'value': '5.47'}, {'type': {'displayName': 'PassEndY', 'value': 141}, 'value': '56.7'}, {'type': {'displayName': 'Zone', 'value': 56}, 'value': 'Center'}, {'type': {'displayName': 'PassEndX', 'value': 140}, 'value': '53.8'}]",True,,,,,
1901113,FirstHalf,29,48.0,29,Pass,Successful,87,Juventus,273539.0,Manuel Locatelli,53.8,56.7,44.1,35.7,,,,,"[{'type': {'displayName': 'Zone', 'value': 56}, 'value': 'Back'}, {'type': {'displayName': 'Length', 'value': 212}, 'value': '17.5'}, {'type': {'displayName': 'LayOff', 'value': 156}}, {'type': {'displayName': 'PassEndY', 'value': 141}, 'value': '35.7'}, {'type': {'displayName': 'PassEndX', 'value': 140}, 'value': '44.1'}, {'type': {'displayName': 'Angle', 'value': 213}, 'value': '4.09'}]",True,,,,,
1901113,FirstHalf,29,52.0,29,Pass,Unsuccessful,87,Juventus,339875.0,Bremer,50.9,32.7,80.0,88.8,,,,,"[{'type': {'displayName': 'PassEndY', 'value': 141}, 'value': '88.8'}, {'type': {'displayName': 'Longball', 'value': 1}}, {'type': {'displayName': 'Chipped', 'value': 155}}, {'type': {'displayName': 'Length', 'value': 212}, 'value': '48.9'}, {'type': {'displayName': 'Angle', 'value': 213}, 'value': '0.90'}, {'type': {'displayName': 'Zone', 'value': 56}, 'value': 'Left'}, {'type': {'displayName': 'PassEndX', 'value': 140}, 'value': '80.0'}]",True,,,,,
1901113,FirstHalf,29,57.0,29,BallRecovery,Successful,78,Cagliari,481154.0,Marco Palestra,9.3,19.8,,,,,,,[],False,,,,,
1901113,FirstHalf,29,59.0,29,BallTouch,Unsuccessful,78,Cagliari,481154.0,Marco Palestra,9.3,19.8,,,,,,,"[{'type': {'displayName': 'Zone', 'value': 56}, 'value': 'Back'}]",True,,,,,
1901113,FirstHalf,30,0.0,30,BallRecovery,Successful,87,Juventus,494525.0,Kenan Yildiz,96.8,80.5,,,,,,,[],False,,,,,
1901113,FirstHalf,30,2.0,30,BallTouch,Unsuccessful,87,Juventus,494525.0,Kenan Yildiz,96.8,76.8,,,,,,,"[{'type': {'displayName': 'Zone', 'value': 56}, 'value': 'Center'}]",True,,,,,
1901113,FirstHalf,30,4.0,30,Foul,Successful,78,Cagliari,,,3.4,23.2,,,,,,,"[{'type': {'displayName': 'Defensive', 'value': 285}}, {'type': {'displayName': 'IndirectFreekickTaken', 'value': 241}}, {'type': {'displayName': 'OppositeRelatedEvent', 'value': 233}, 'value': '369'}, {'type': {'displayName': 'Zone', 'value': 56}, 'value': 'Back'}]",True,,,,,
1901113,FirstHalf,30,4.0,30,Foul,Unsuccessful,87,Juventus,494525.0,Kenan Yildiz,96.6,76.8,,,,,,,"[{'type': {'displayName': 'OppositeRelatedEvent', 'value': 233}, 'value': '181'}, {'type': {'displayName': 'Offensive', 'value': 286}}, {'type': {'displayName': 'Zone', 'value': 56}, 'value': 'Center'}, {'type': {'displayName': 'IndirectFreekickTaken', 'value': 241}}, {'type': {'displayName': 'RelatedEventId', 'value': 55}, 'value': '370'}]",False,,,,370.0,494525.0
1901113,FirstHalf,30,9.0,30,Card,Successful,87,Juventus,494525.0,Kenan Yildiz,0.0,0.0,,,,,,,"[{'type': {'displayName': 'Yellow', 'value': 31}}, {'type': {'displayName': 'RelatedEventId', 'value': 55}, 'value': '369'}]",False,,,Yellow,369.0,494525.0
1901113,FirstHalf,30,57.0,30,Pass,Successful,78,Cagliari,362780.0,Elia Caprile,7.0,22.9,54.9,8.1,,,,,"[{'type': {'displayName': 'Angle', 'value': 213}, 'value': '6.09'}, {'type': {'displayName': 'PassEndY', 'value': 141}, 'value': '8.1'}, {'type': {'displayName': 'IndirectFreekickTaken', 'value': 241}}, {'type': {'displayName': 'Length', 'value': 212}, 'value': '51.3'}, {'type': {'displayName': 'FreekickTaken', 'value': 5}}, {'type': {'displayName': 'Zone', 'value': 56}, 'value': 'Right'}, {'type': {'displayName': 'Longball', 'value': 1}}, {'type': {'displayName': 'PassEndX', 'value': 140}, 'value': '54.9'}]",True,,,,,
1901113,FirstHalf,31,2.0,31,Aerial,Successful,78,Cagliari,356176.0,Michel Adopo,54.9,8.1,,,,,,,"[{'type': {'displayName': 'Zone', 'value': 56}, 'value': 'Right'}, {'type': {'displayName': 'Offensive', 'value': 286}}, {'type': {'displayName': 'OppositeRelatedEvent', 'value': 233}, 'value': '371'}]",False,,,,,
1901113,FirstHalf,31,2.0,31,Aerial,Unsuccessful,87,Juventus,343308.0,Teun Koopmeiners,45.1,91.9,,,,,,,"[{'type': {'displayName': 'Defensive', 'value': 285}}, {'type': {'displayName': 'Zone', 'value': 56}, 'value': 'Back'}, {'type': {'displayName': 'OppositeRelatedEvent', 'value': 233}, 'value': '183'}]",False,,,,,
1901113,FirstHalf,31,3.0,31,BallTouch,Unsuccessful,78,Cagliari,356176.0,Michel Adopo,55.4,8.5,,,,,,,"[{'type': {'displayName': 'Zone', 'value': 56}, 'value': 'Right'}]",True,,,,,
1901113,FirstHalf,31,11.0,31,Pass,Successful,87,Juventus,423440.0,Andrea Cambiaso,36.3,100.0,27.5,75.0,,,,,"[{'type': {'displayName': 'Zone', 'value': 56}, 'value': 'Back'}, {'type': {'displayName': 'Length', 'value': 212}, 'value': '20.2'}, {'type': {'displayName': 'PassEndY', 'value': 141}, 'value': '75.0'}, {'type': {'displayName': 'PassEndX', 'value': 140}, 'value': '27.5'}, {'type': {'displayName': 'ThrowIn', 'value': 107}}, {'type': {'displayName': 'Angle', 'value': 213}, 'value': '4.24'}]",True,,,,,
1901113,FirstHalf,31,13.0,31,Pass,Successful,87,Juventus,332419.0,Lloyd Kelly,28.2,64.5,30.7,13.2,,,,,"[{'type': {'displayName': 'Longball', 'value': 1}}, {'type': {'displayName': 'Zone', 'value': 56}, 'value': 'Back'}, {'type': {'displayName': 'Angle', 'value': 213}, 'value': '4.79'}, {'type': {'displayName': 'PassEndY', 'value': 141}, 'value': '13.2'}, {'type': {'displayName': 'Length', 'value': 212}, 'value': '35.0'}, {'type': {'displayName': 'PassEndX', 'value': 140}, 'value': '30.7'}]",True,,,,,
1901113,FirstHalf,31,18.0,31,Pass,Successful,87,Juventus,391836.0,Pierre Kalulu,39.1,10.8,26.3,18.1,,,,,"[{'type': {'displayName': 'PassEndY', 'value': 141}, 'value': '18.1'}, {'type': {'displayName': 'Angle', 'value': 213}, 'value': '2.79'}, {'type': {'displayName': 'Length', 'value': 212}, 'value': '14.3'}, {'type': {'displayName': 'Zone', 'value': 56}, 'value': 'Back'}, {'type': {'displayName': 'PassEndX', 'value': 140}, 'value': '26.3'}]",True,,,,,
1901113,FirstHalf,31,20.0,31,Pass,Successful,87,Juventus,339875.0,Bremer,26.5,18.9,28.9,66.1,,,,,"[{'type': {'displayName': 'PassEndX', 'value': 140}, 'value': '28.9'}, {'type': {'displayName': 'Length', 'value': 212}, 'value': '32.2'}, {'type': {'displayName': 'Zone', 'value': 56}, 'value': 'Back'}, {'type': {'displayName': 'Angle', 'value': 213}, 'value': '1.49'}, {'type': {'displayName': 'Longball', 'value': 1}}, {'type': {'displayName': 'PassEndY', 'value': 141}, 'value': '66.1'}]",True,,,,,
1901113,FirstHalf,31,30.0,31,Pass,Successful,87,Juventus,332419.0,Lloyd Kelly,60.0,70.5,60.3,94.2,,,,,"[{'type': {'displayName': 'Angle', 'value': 213}, 'value': '1.55'}, {'type': {'displayName': 'PassEndX', 'value': 140}, 'value': '60.3'}, {'type': {'displayName': 'PassEndY', 'value': 141}, 'value': '94.2'}, {'type': {'displayName': 'Zone', 'value': 56}, 'value': 'Left'}, {'type': {'displayName': 'Length', 'value': 212}, 'value': '16.1'}]",True,,,,,
1901113,FirstHalf,31,31.0,31,Pass,Successful,87,Juventus,343308.0,Teun Koopmeiners,60.3,94.2,65.3,95.1,,,,,"[{'type': {'displayName': 'Angle', 'value': 213}, 'value': '0.12'}, {'type': {'displayName': 'Length', 'value': 212}, 'value': '5.3'}, {'type': {'displayName': 'PassEndX', 'value': 140}, 'value': '65.3'}, {'type': {'displayName': 'Zone', 'value': 56}, 'value': 'Left'}, {'type': {'displayName': 'PassEndY', 'value': 141}, 'value': '95.1'}]",True,,,,,
1901113,FirstHalf,31,35.0,31,Pass,Successful,87,Juventus,494525.0,Kenan Yildiz,58.2,68.2,58.4,41.7,,,,,"[{'type': {'displayName': 'PassEndX', 'value': 140}, 'value': '58.4'}, {'type': {'displayName': 'Zone', 'value': 56}, 'value': 'Center'}, {'type': {'displayName': 'Angle', 'value': 213}, 'value': '4.72'}, {'type': {'displayName': 'PassEndY', 'value': 141}, 'value': '41.7'}, {'type': {'displayName': 'Length', 'value': 212}, 'value': '18.0'}]",True,,,,,
1901113,FirstHalf,31,37.0,31,Pass,Successful,87,Juventus,339875.0,Bremer,59.8,39.3,78.1,4.8,,,,,"[{'type': {'displayName': 'Zone', 'value': 56}, 'value': 'Right'}, {'type': {'displayName': 'PassEndX', 'value': 140}, 'value': '78.1'}, {'type': {'displayName': 'Angle', 'value': 213}, 'value': '5.40'}, {'type': {'displayName': 'Length', 'value': 212}, 'value': '30.3'}, {'type': {'displayName': 'PassEndY', 'value': 141}, 'value': '4.8'}]",True,,,,,
1901113,FirstHalf,31,40.0,31,Pass,Successful,87,Juventus,391836.0,Pierre Kalulu,77.2,3.9,91.3,18.1,,,,,"[{'type': {'displayName': 'PassEndX', 'value': 140}, 'value': '91.3'}, {'type': {'displayName': 'Zone', 'value': 56}, 'value': 'Right'}, {'type': {'displayName': 'Length', 'value': 212}, 'value': '17.7'}, {'type': {'displayName': 'PassEndY', 'value': 141}, 'value': '18.1'}, {'type': {'displayName': 'Angle', 'value': 213}, 'value': '0.58'}]",True,,,,,
1901113,FirstHalf,31,42.0,31,Pass,Unsuccessful,87,Juventus,338275.0,Weston McKennie,94.2,17.2,94.3,21.9,,,,,"[{'type': {'displayName': 'PassEndX', 'value': 140}, 'value': '94.3'}, {'type': {'displayName': 'Zone', 'value': 56}, 'value': 'Center'}, {'type': {'displayName': 'Angle', 'value': 213}, 'value': '1.54'}, {'type': {'displayName': 'Cross', 'value': 2}}, {'type': {'displayName': 'Chipped', 'value': 155}}, {'type': {'displayName': 'Length', 'value': 212}, 'value': '3.2'}, {'type': {'displayName': 'PassEndY', 'value': 141}, 'value': '21.9'}, {'type': {'displayName': 'RightFoot', 'value': 20}}]",True,,,,,
1901113,FirstHalf,31,43.0,31,BallTouch,Successful,78,Cagliari,371397.0,Sebastiano Esposito,7.9,80.0,,,,,,,"[{'type': {'displayName': 'Zone', 'value': 56}, 'value': 'Back'}]",True,,,,,
1901113,FirstHalf,31,45.0,31,Clearance,Successful,78,Cagliari,318432.0,Yerry Mina,6.7,54.4,3.9,79.2,,,,,"[{'type': {'displayName': 'PassEndX', 'value': 140}, 'value': '3.9'}, {'type': {'displayName': 'Angle', 'value': 213}, 'value': '1.74'}, {'type': {'displayName': 'PassEndY', 'value': 141}, 'value': '79.2'}, {'type': {'displayName': 'Head', 'value': 15}}, {'type': {'displayName': 'Length', 'value': 212}, 'value': '17.1'}, {'type': {'displayName': 'Zone', 'value': 56}, 'value': 'Back'}]",True,,,,,
1901113,FirstHalf,31,46.0,31,Clearance,Successful,78,Cagliari,371397.0,Sebastiano Esposito,4.0,79.6,0.0,57.9,,,,,"[{'type': {'displayName': 'Angle', 'value': 213}, 'value': '4.37'}, {'type': {'displayName': 'Zone', 'value': 56}, 'value': 'Back'}, {'type': {'displayName': 'PassEndY', 'value': 141}, 'value': '57.9'}, {'type': {'displayName': 'PassEndX', 'value': 140}, 'value': '0.0'}, {'type': {'displayName': 'Length', 'value': 212}, 'value': '15.7'}]",True,,,,,
1901113,FirstHalf,31,47.0,31,CornerAwarded,Unsuccessful,78,Cagliari,371397.0,Sebastiano Esposito,0.0,58.4,,,,,,,"[{'type': {'displayName': 'MissLeft', 'value': 73}}, {'type': {'displayName': 'Zone', 'value': 56}, 'value': 'Back'}, {'type': {'displayName': 'OppositeRelatedEvent', 'value': 233}, 'value': '383'}]",False,,,,,
1901113,FirstHalf,31,47.0,31,CornerAwarded,Successful,87,Juventus,338275.0,Weston McKennie,100.0,41.6,,,,,,,"[{'type': {'displayName': 'MissRight', 'value': 75}}, {'type': {'displayName': 'Zone', 'value': 56}, 'value': 'Center'}, {'type': {'displayName': 'OppositeRelatedEvent', 'value': 233}, 'value': '188'}]",False,,,,,
1901113,FirstHalf,32,25.0,32,Pass,Unsuccessful,87,Juventus,343308.0,Teun Koopmeiners,99.5,0.5,94.7,57.9,,,,,"[{'type': {'displayName': 'Angle', 'value': 213}, 'value': '1.70'}, {'type': {'displayName': 'Length', 'value': 212}, 'value': '39.4'}, {'type': {'displayName': 'Cross', 'value': 2}}, {'type': {'displayName': 'Zone', 'value': 56}, 'value': 'Center'}, {'type': {'displayName': 'CornerTaken', 'value': 6}}, {'type': {'displayName': 'Chipped', 'value': 155}}, {'type': {'displayName': 'LeftFoot', 'value': 72}}, {'type': {'displayName': 'PassEndY', 'value': 141}, 'value': '57.9'}, {'type': {'displayName': 'PassEndX', 'value': 140}, 'value': '94.7'}, {'type': {'displayName': 'Longball', 'value': 1}}]",True,,,,,
1901113,FirstHalf,32,29.0,32,Clearance,Successful,78,Cagliari,255292.0,Sebastiano Luperto,7.2,40.8,16.3,11.7,,,,,"[{'type': {'displayName': 'Angle', 'value': 213}, 'value': '5.16'}, {'type': {'displayName': 'Length', 'value': 212}, 'value': '22.0'}, {'type': {'displayName': 'PassEndX', 'value': 140}, 'value': '16.3'}, {'type': {'displayName': 'Head', 'value': 15}}, {'type': {'displayName': 'Zone', 'value': 56}, 'value': 'Back'}, {'type': {'displayName': 'PassEndY', 'value': 141}, 'value': '11.7'}]",True,,,,,
1901113,FirstHalf,32,31.0,32,Pass,Successful,87,Juventus,423440.0,Andrea Cambiaso,85.1,90.0,84.3,63.4,,,,,"[{'type': {'displayName': 'IntentionalAssist', 'value': 154}}, {'type': {'displayName': 'Zone', 'value': 56}, 'value': 'Center'}, {'type': {'displayName': 'PassEndY', 'value': 141}, 'value': '63.4'}, {'type': {'displayName': 'Length', 'value': 212}, 'value': '18.1'}, {'type': {'displayName': 'Angle', 'value': 213}, 'value': '4.67'}, {'type': {'displayName': 'PassEndX', 'value': 140}, 'value': '84.3'}, {'type': {'displayName': 'ShotAssist', 'value': 210}, 'value': '15'}, {'type': {'displayName': 'KeyPass', 'value': 11113}}]",True,,,,,
1901113,FirstHalf,32,34.0,32,SavedShot,Successful,87,Juventus,425080.0,Fabio Miretti,83.1,61.5,,,50.4,19.0,86.0,59.6,"[{'type': {'displayName': 'RelatedEventId', 'value': 55}, 'value': '385'}, {'type': {'displayName': 'Assisted', 'value': 29}}, {'type': {'displayName': 'Zone', 'value': 56}, 'value': 'Center'}, {'type': {'displayName': 'OppositeRelatedEvent', 'value': 233}, 'value': '191'}, {'type': {'displayName': 'GoalMouthY', 'value': 102}, 'value': '50.4'}, {'type': {'displayName': 'GoalMouthZ', 'value': 103}, 'value': '19'}, {'type': {'displayName': 'Blocked', 'value': 82}}, {'type': {'displayName': 'BlockedY', 'value': 147}, 'value': '59.6'}, {'type': {'displayName': 'RightFoot', 'value': 20}}, {'type': {'displayName': 'FromCorner', 'value': 25}}, {'type': {'displayName': 'BlockedX', 'value': 146}, 'value': '86.0'}, {'type': {'displayName': 'LowCentre', 'value': 78}}, {'type': {'displayName': 'BoxCentre', 'value': 17}}, {'type': {'displayName': 'IntentionalAssist', 'value': 154}}]",True,True,,,385.0,423440.0
1901113,FirstHalf,32,34.0,32,Save,Successful,78,Cagliari,141269.0,Luca Mazzitelli,15.0,39.1,,,,,,,"[{'type': {'displayName': 'OutfielderBlock', 'value': 94}}, {'type': {'displayName': 'Zone', 'value': 56}, 'value': 'Back'}, {'type': {'displayName': 'OppositeRelatedEvent', 'value': 233}, 'value': '386'}]",True,,,,,
1901113,FirstHalf,32,41.0,32,Pass,Successful,87,Juventus,391836.0,Pierre Kalulu,48.5,25.6,61.8,7.6,,,,,"[{'type': {'displayName': 'Length', 'value': 212}, 'value': '18.6'}, {'type': {'displayName': 'PassEndY', 'value': 141}, 'value': '7.6'}, {'type': {'displayName': 'PassEndX', 'value': 140}, 'value': '61.8'}, {'type': {'displayName': 'Angle', 'value': 213}, 'value': '5.56'}, {'type': {'displayName': 'Zone', 'value': 56}, 'value': 'Right'}]",True,,,,,
1901113,FirstHalf,32,42.0,32,Pass,Successful,87,Juventus,494525.0,Kenan Yildiz,60.6,8.4,52.7,42.1,,,,,"[{'type': {'displayName': 'Angle', 'value': 213}, 'value': '1.92'}, {'type': {'displayName': 'PassEndY', 'value': 141}, 'value': '42.1'}, {'type': {'displayName': 'Zone', 'value': 56}, 'value': 'Center'}, {'type': {'displayName': 'Length', 'value': 212}, 'value': '24.4'}, {'type': {'displayName': 'PassEndX', 'value': 140}, 'value': '52.7'}]",True,,,,,
1901113,FirstHalf,32,48.0,32,Pass,Successful,87,Juventus,425080.0,Fabio Miretti,59.7,54.7,57.3,21.0,,,,,"[{'type': {'displayName': 'Angle', 'value': 213}, 'value': '4.60'}, {'type': {'displayName': 'Zone', 'value': 56}, 'value': 'Right'}, {'type': {'displayName': 'PassEndX', 'value': 140}, 'value': '57.3'}, {'type': {'displayName': 'PassEndY', 'value': 141}, 'value': '21.0'}, {'type': {'displayName': 'Length', 'value': 212}, 'value': '23.1'}]",True,,,,,
1901113,FirstHalf,32,52.0,32,Pass,Successful,87,Juventus,391836.0,Pierre Kalulu,59.1,16.3,73.2,4.9,,,,,"[{'type': {'displayName': 'Angle', 'value': 213}, 'value': '5.80'}, {'type': {'displayName': 'Zone', 'value': 56}, 'value': 'Right'}, {'type': {'displayName': 'PassEndX', 'value': 140}, 'value': '73.2'}, {'type': {'displayName': 'PassEndY', 'value': 141}, 'value': '4.9'}, {'type': {'displayName': 'Length', 'value': 212}, 'value': '16.7'}]",True,,,,,
1901113,FirstHalf,32,54.0,32,Pass,Successful,87,Juventus,338275.0,Weston McKennie,72.8,5.1,79.0,24.6,,,,,"[{'type': {'displayName': 'PassEndX', 'value': 140}, 'value': '79.0'}, {'type': {'displayName': 'PassEndY', 'value': 141}, 'value': '24.6'}, {'type': {'displayName': 'Chipped', 'value': 155}}, {'type': {'displayName': 'Angle', 'value': 213}, 'value': '1.11'}, {'type': {'displayName': 'Zone', 'value': 56}, 'value': 'Center'}, {'type': {'displayName': 'Length', 'value': 212}, 'value': '14.8'}]",True,,,,,
1901113,FirstHalf,32,55.0,32,Pass,Successful,87,Juventus,383855.0,Jonathan David,79.0,24.6,92.2,6.7,,,,,"[{'type': {'displayName': 'PassEndX', 'value': 140}, 'value': '92.2'}, {'type': {'displayName': 'Angle', 'value': 213}, 'value': '5.56'}, {'type': {'displayName': 'HeadPass', 'value': 3}}, {'type': {'displayName': 'Zone', 'value': 56}, 'value': 'Right'}, {'type': {'displayName': 'Length', 'value': 212}, 'value': '18.4'}, {'type': {'displayName': 'PassEndY', 'value': 141}, 'value': '6.7'}]",True,,,,,
1901113,FirstHalf,32,58.0,32,BallTouch,Unsuccessful,87,Juventus,494525.0,Kenan Yildiz,92.9,6.3,,,,,,,"[{'type': {'displayName': 'Zone', 'value': 56}, 'value': 'Right'}]",True,,,,,
1901113,FirstHalf,33,0.0,33,BallRecovery,Successful,78,Cagliari,255292.0,Sebastiano Luperto,7.3,94.9,,,,,,,[],False,,,,,
1901113,FirstHalf,33,1.0,33,Pass,Unsuccessful,78,Cagliari,255292.0,Sebastiano Luperto,9.9,96.0,31.5,76.8,,,,,"[{'type': {'displayName': 'PassEndY', 'value': 141}, 'value': '76.8'}, {'type': {'displayName': 'Length', 'value': 212}, 'value': '26.2'}, {'type': {'displayName': 'PassEndX', 'value': 140}, 'value': '31.5'}, {'type': {'displayName': 'Chipped', 'value': 155}}, {'type': {'displayName': 'Zone', 'value': 56}, 'value': 'Back'}, {'type': {'displayName': 'Angle', 'value': 213}, 'value': '5.76'}]",True,,,,,
1901113,FirstHalf,33,3.0,33,Pass,Unsuccessful,87,Juventus,273539.0,Manuel Locatelli,66.7,27.3,75.2,22.8,,,,,"[{'type': {'displayName': 'Angle', 'value': 213}, 'value': '5.95'}, {'type': {'displayName': 'Length', 'value': 212}, 'value': '9.4'}, {'type': {'displayName': 'PassEndY', 'value': 141}, 'value': '22.8'}, {'type': {'displayName': 'PassEndX', 'value': 140}, 'value': '75.2'}, {'type': {'displayName': 'Zone', 'value': 56}, 'value': 'Center'}]",True,,,,,
1901113,FirstHalf,33,5.0,33,Clearance,Successful,78,Cagliari,141269.0,Luca Mazzitelli,24.7,80.4,31.1,100.0,,,,,"[{'type': {'displayName': 'PassEndX', 'value': 140}, 'value': '31.1'}, {'type': {'displayName': 'Zone', 'value': 56}, 'value': 'Back'}, {'type': {'displayName': 'Angle', 'value': 213}, 'value': '1.12'}, {'type': {'displayName': 'Length', 'value': 212}, 'value': '15.5'}, {'type': {'displayName': 'PassEndY', 'value': 141}, 'value': '100.0'}]",True,,,,,
1901113,FirstHalf,33,9.0,33,Pass,Successful,87,Juventus,338275.0,Weston McKennie,70.6,0.0,75.6,12.6,,,,,"[{'type': {'displayName': 'Angle', 'value': 213}, 'value': '1.04'}, {'type': {'displayName': 'Length', 'value': 212}, 'value': '10.4'}, {'type': {'displayName': 'Zone', 'value': 56}, 'value': 'Right'}, {'type': {'displayName': 'ThrowIn', 'value': 107}}, {'type': {'displayName': 'PassEndX', 'value': 140}, 'value': '75.6'}, {'type': {'displayName': 'PassEndY', 'value': 141}, 'value': '12.6'}]",True,,,,,
1901113,FirstHalf,33,12.0,33,Foul,Successful,87,Juventus,425080.0,Fabio Miretti,78.9,6.2,,,,,,,"[{'type': {'displayName': 'Zone', 'value': 56}, 'value': 'Right'}, {'type': {'displayName': 'Foul', 'value': 13}}, {'type': {'displayName': 'Offensive', 'value': 286}}, {'type': {'displayName': 'OppositeRelatedEvent', 'value': 233}, 'value': '197'}]",True,,,,,
1901113,FirstHalf,33,12.0,33,Foul,Unsuccessful,78,Cagliari,141269.0,Luca Mazzitelli,21.1,93.8,,,,,,,"[{'type': {'displayName': 'Foul', 'value': 13}}, {'type': {'displayName': 'OppositeRelatedEvent', 'value': 233}, 'value': '397'}, {'type': {'displayName': 'Defensive', 'value': 285}}, {'type': {'displayName': 'Zone', 'value': 56}, 'value': 'Back'}]",False,,,,,
1901113,FirstHalf,33,52.0,33,Pass,Successful,87,Juventus,423440.0,Andrea Cambiaso,71.8,7.3,72.5,5.1,,,,,"[{'type': {'displayName': 'FreekickTaken', 'value': 5}}, {'type': {'displayName': 'Angle', 'value': 213}, 'value': '5.17'}, {'type': {'displayName': 'Length', 'value': 212}, 'value': '1.7'}, {'type': {'displayName': 'PassEndX', 'value': 140}, 'value': '72.5'}, {'type': {'displayName': 'PassEndY', 'value': 141}, 'value': '5.1'}, {'type': {'displayName': 'Zone', 'value': 56}, 'value': 'Right'}]",True,,,,,
1901113,FirstHalf,33,54.0,33,Pass,Successful,87,Juventus,273539.0,Manuel Locatelli,72.9,6.0,68.5,23.8,,,,,"[{'type': {'displayName': 'Length', 'value': 212}, 'value': '13.0'}, {'type': {'displayName': 'PassEndY', 'value': 141}, 'value': '23.8'}, {'type': {'displayName': 'Zone', 'value': 56}, 'value': 'Center'}, {'type': {'displayName': 'PassEndX', 'value': 140}, 'value': '68.5'}, {'type': {'displayName': 'Angle', 'value': 213}, 'value': '1.94'}]",True,,,,,
1901113,FirstHalf,33,56.0,33,Pass,Successful,87,Juventus,423440.0,Andrea Cambiaso,67.5,36.3,87.9,29.5,,,,,"[{'type': {'displayName': 'PassEndY', 'value': 141}, 'value': '29.5'}, {'type': {'displayName': 'Angle', 'value': 213}, 'value': '6.07'}, {'type': {'displayName': 'Length', 'value': 212}, 'value': '21.9'}, {'type': {'displayName': 'ShotAssist', 'value': 210}, 'value': '15'}, {'type': {'displayName': 'Zone', 'value': 56}, 'value': 'Center'}, {'type': {'displayName': 'IntentionalAssist', 'value': 154}}, {'type': {'displayName': 'PassEndX', 'value': 140}, 'value': '87.9'}, {'type': {'displayName': 'KeyPass', 'value': 11113}}]",True,,,,,
1901113,FirstHalf,33,58.0,33,SavedShot,Successful,87,Juventus,425080.0,Fabio Miretti,90.3,30.9,,,52.3,19.0,92.0,34.7,"[{'type': {'displayName': 'IntentionalAssist', 'value': 154}}, {'type': {'displayName': 'GoalMouthY', 'value': 102}, 'value': '52.3'}, {'type': {'displayName': 'LowLeft', 'value': 76}}, {'type': {'displayName': 'OppositeRelatedEvent', 'value': 233}, 'value': '198'}, {'type': {'displayName': 'GoalMouthZ', 'value': 103}, 'value': '19'}, {'type': {'displayName': 'Zone', 'value': 56}, 'value': 'Center'}, {'type': {'displayName': 'BlockedY', 'value': 147}, 'value': '34.7'}, {'type': {'displayName': 'SetPiece', 'value': 24}}, {'type': {'displayName': 'RightFoot', 'value': 20}}, {'type': {'displayName': 'RelatedEventId', 'value': 55}, 'value': '400'}, {'type': {'displayName': 'BlockedX', 'value': 146}, 'value': '92.0'}, {'type': {'displayName': 'Blocked', 'value': 82}}, {'type': {'displayName': 'BoxRight', 'value': 63}}, {'type': {'displayName': 'Assisted', 'value': 29}}]",True,True,,,400.0,423440.0
1901113,FirstHalf,33,58.0,33,Save,Successful,78,Cagliari,424534.0,Adam Obert,8.7,65.8,,,,,,,"[{'type': {'displayName': 'Zone', 'value': 56}, 'value': 'Back'}, {'type': {'displayName': 'OppositeRelatedEvent', 'value': 233}, 'value': '402'}, {'type': {'displayName': 'OutfielderBlock', 'value': 94}}]",True,,,,,
1901113,FirstHalf,34,3.0,34,Pass,Successful,87,Juventus,423440.0,Andrea Cambiaso,71.1,60.0,69.2,78.7,,,,,"[{'type': {'displayName': 'Angle', 'value': 213}, 'value': '1.73'}, {'type': {'displayName': 'Zone', 'value': 56}, 'value': 'Center'}, {'type': {'displayName': 'PassEndX', 'value': 140}, 'value': '69.2'}, {'type': {'displayName': 'Length', 'value': 212}, 'value': '12.9'}, {'type': {'displayName': 'PassEndY', 'value': 141}, 'value': '78.7'}]",True,,,,,
1901113,FirstHalf,34,4.0,34,Pass,Unsuccessful,87,Juventus,391836.0,Pierre Kalulu,69.2,78.7,78.0,93.6,,,,,"[{'type': {'displayName': 'PassEndY', 'value': 141}, 'value': '93.6'}, {'type': {'displayName': 'Length', 'value': 212}, 'value': '13.7'}, {'type': {'displayName': 'PassEndX', 'value': 140}, 'value': '78.0'}, {'type': {'displayName': 'Angle', 'value': 213}, 'value': '0.83'}, {'type': {'displayName': 'Zone', 'value': 56}, 'value': 'Left'}]",True,,,,,
1901113,FirstHalf,34,5.0,34,Interception,Successful,78,Cagliari,141269.0,Luca Mazzitelli,22.0,6.4,,,,,,,"[{'type': {'displayName': 'Zone', 'value': 56}, 'value': 'Back'}]",True,,,,,
1901113,FirstHalf,34,20.0,34,Pass,Successful,87,Juventus,343308.0,Teun Koopmeiners,78.1,100.0,77.4,77.4,,,,,"[{'type': {'displayName': 'Length', 'value': 212}, 'value': '16.2'}, {'type': {'displayName': 'Zone', 'value': 56}, 'value': 'Center'}, {'type': {'displayName': 'ThrowIn', 'value': 107}}, {'type': {'displayName': 'Angle', 'value': 213}, 'value': '4.67'}, {'type': {'displayName': 'PassEndX', 'value': 140}, 'value': '77.4'}, {'type': {'displayName': 'PassEndY', 'value': 141}, 'value': '77.4'}]",True,,,,,
1901113,FirstHalf,34,21.0,34,Pass,Successful,87,Juventus,494525.0,Kenan Yildiz,77.4,77.4,67.5,91.9,,,,,"[{'type': {'displayName': 'Length', 'value': 212}, 'value': '14.3'}, {'type': {'displayName': 'PassEndX', 'value': 140}, 'value': '67.5'}, {'type': {'displayName': 'PassEndY', 'value': 141}, 'value': '91.9'}, {'type': {'displayName': 'Zone', 'value': 56}, 'value': 'Left'}, {'type': {'displayName': 'Angle', 'value': 213}, 'value': '2.38'}]",True,,,,,
1901113,FirstHalf,34,23.0,34,Pass,Successful,87,Juventus,332419.0,Lloyd Kelly,67.5,91.9,76.4,96.7,,,,,"[{'type': {'displayName': 'PassEndY', 'value': 141}, 'value': '96.7'}, {'type': {'displayName': 'Length', 'value': 212}, 'value': '9.9'}, {'type': {'displayName': 'Angle', 'value': 213}, 'value': '0.34'}, {'type': {'displayName': 'Zone', 'value': 56}, 'value': 'Left'}, {'type': {'displayName': 'PassEndX', 'value': 140}, 'value': '76.4'}]",True,,,,,
1901113,FirstHalf,34,24.0,34,Pass,Successful,87,Juventus,343308.0,Teun Koopmeiners,76.1,96.9,86.5,96.1,,,,,"[{'type': {'displayName': 'PassEndX', 'value': 140}, 'value': '86.5'}, {'type': {'displayName': 'Length', 'value': 212}, 'value': '10.9'}, {'type': {'displayName': 'PassEndY', 'value': 141}, 'value': '96.1'}, {'type': {'displayName': 'Angle', 'value': 213}, 'value': '6.23'}, {'type': {'displayName': 'Zone', 'value': 56}, 'value': 'Left'}]",True,,,,,
1901113,FirstHalf,34,26.0,34,BallTouch,Unsuccessful,87,Juventus,423440.0,Andrea Cambiaso,87.4,95.8,,,,,,,"[{'type': {'displayName': 'Zone', 'value': 56}, 'value': 'Left'}]",True,,,,,
1901113,FirstHalf,34,47.0,34,Pass,Successful,78,Cagliari,362780.0,Elia Caprile,5.0,49.2,15.7,9.6,,,,,"[{'type': {'displayName': 'Angle', 'value': 213}, 'value': '5.11'}, {'type': {'displayName': 'GoalKick', 'value': 124}}, {'type': {'displayName': 'PassEndX', 'value': 140}, 'value': '15.7'}, {'type': {'displayName': 'Zone', 'value': 56}, 'value': 'Back'}, {'type': {'displayName': 'PassEndY', 'value': 141}, 'value': '9.6'}, {'type': {'displayName': 'Length', 'value': 212}, 'value': '29.2'}]",True,,,,,
1901113,FirstHalf,34,50.0,34,Pass,Successful,78,Cagliari,450142.0,Zé Pedro,15.7,9.6,34.0,3.4,,,,,"[{'type': {'displayName': 'Length', 'value': 212}, 'value': '19.7'}, {'type': {'displayName': 'PassEndY', 'value': 141}, 'value': '3.4'}, {'type': {'displayName': 'Zone', 'value': 56}, 'value': 'Back'}, {'type': {'displayName': 'PassEndX', 'value': 140}, 'value': '34.0'}, {'type': {'displayName': 'Angle', 'value': 213}, 'value': '6.07'}]",True,,,,,
1901113,FirstHalf,34,52.0,34,Foul,Successful,78,Cagliari,481154.0,Marco Palestra,35.1,5.6,,,,,,,"[{'type': {'displayName': 'OppositeRelatedEvent', 'value': 233}, 'value': '412'}, {'type': {'displayName': 'Zone', 'value': 56}, 'value': 'Back'}, {'type': {'displayName': 'Offensive', 'value': 286}}, {'type': {'displayName': 'Foul', 'value': 13}}]",True,,,,,
1901113,FirstHalf,34,52.0,34,Foul,Unsuccessful,87,Juventus,423440.0,Andrea Cambiaso,64.9,94.4,,,,,,,"[{'type': {'displayName': 'Defensive', 'value': 285}}, {'type': {'displayName': 'OppositeRelatedEvent', 'value': 233}, 'value': '204'}, {'type': {'displayName': 'Foul', 'value': 13}}, {'type': {'displayName': 'Zone', 'value': 56}, 'value': 'Left'}]",False,,,,,
1901113,FirstHalf,35,8.0,35,Pass,Successful,78,Cagliari,450142.0,Zé Pedro,33.8,3.4,18.8,24.0,,,,,"[{'type': {'displayName': 'Zone', 'value': 56}, 'value': 'Back'}, {'type': {'displayName': 'Angle', 'value': 213}, 'value': '2.41'}, {'type': {'displayName': 'FreekickTaken', 'value': 5}}, {'type': {'displayName': 'Length', 'value': 212}, 'value': '21.1'}, {'type': {'displayName': 'PassEndX', 'value': 140}, 'value': '18.8'}, {'type': {'displayName': 'PassEndY', 'value': 141}, 'value': '24.0'}]",True,,,,,
1901113,FirstHalf,35,11.0,35,Pass,Successful,78,Cagliari,318432.0,Yerry Mina,18.8,24.0,14.3,52.6,,,,,"[{'type': {'displayName': 'Angle', 'value': 213}, 'value': '1.81'}, {'type': {'displayName': 'Zone', 'value': 56}, 'value': 'Back'}, {'type': {'displayName': 'PassEndX', 'value': 140}, 'value': '14.3'}, {'type': {'displayName': 'Length', 'value': 212}, 'value': '20.0'}, {'type': {'displayName': 'PassEndY', 'value': 141}, 'value': '52.6'}]",True,,,,,
1901113,FirstHalf,35,14.0,35,Pass,Successful,78,Cagliari,369883.0,Gianluca Gaetano,14.3,52.6,23.5,51.7,,,,,"[{'type': {'displayName': 'PassEndX', 'value': 140}, 'value': '23.5'}, {'type': {'displayName': 'Zone', 'value': 56}, 'value': 'Back'}, {'type': {'displayName': 'Angle', 'value': 213}, 'value': '6.22'}, {'type': {'displayName': 'Length', 'value': 212}, 'value': '9.7'}, {'type': {'displayName': 'PassEndY', 'value': 141}, 'value': '51.7'}]",True,,,,,
1901113,FirstHalf,35,16.0,35,Pass,Successful,78,Cagliari,141269.0,Luca Mazzitelli,23.5,51.7,18.6,23.7,,,,,"[{'type': {'displayName': 'Zone', 'value': 56}, 'value': 'Back'}, {'type': {'displayName': 'PassEndY', 'value': 141}, 'value': '23.7'}, {'type': {'displayName': 'Length', 'value': 212}, 'value': '19.7'}, {'type': {'displayName': 'Angle', 'value': 213}, 'value': '4.45'}, {'type': {'displayName': 'PassEndX', 'value': 140}, 'value': '18.6'}]",True,,,,,
1901113,FirstHalf,35,17.0,35,Pass,Successful,78,Cagliari,318432.0,Yerry Mina,18.6,23.7,34.2,24.3,,,,,"[{'type': {'displayName': 'Length', 'value': 212}, 'value': '16.4'}, {'type': {'displayName': 'Angle', 'value': 213}, 'value': '0.02'}, {'type': {'displayName': 'PassEndX', 'value': 140}, 'value': '34.2'}, {'type': {'displayName': 'Zone', 'value': 56}, 'value': 'Back'}, {'type': {'displayName': 'PassEndY', 'value': 141}, 'value': '24.3'}]",True,,,,,
1901113,FirstHalf,35,18.0,35,Pass,Successful,78,Cagliari,356176.0,Michel Adopo,33.6,24.6,26.6,39.1,,,,,"[{'type': {'displayName': 'Zone', 'value': 56}, 'value': 'Back'}, {'type': {'displayName': 'Angle', 'value': 213}, 'value': '2.21'}, {'type': {'displayName': 'LayOff', 'value': 156}}, {'type': {'displayName': 'PassEndX', 'value': 140}, 'value': '26.6'}, {'type': {'displayName': 'Length', 'value': 212}, 'value': '12.3'}, {'type': {'displayName': 'PassEndY', 'value': 141}, 'value': '39.1'}]",True,,,,,
1901113,FirstHalf,35,19.0,35,BallTouch,Successful,78,Cagliari,141269.0,Luca Mazzitelli,26.3,41.8,,,,,,,"[{'type': {'displayName': 'Zone', 'value': 56}, 'value': 'Back'}]",True,,,,,
1901113,FirstHalf,35,21.0,35,TakeOn,Unsuccessful,87,Juventus,425080.0,Fabio Miretti,75.2,45.2,,,,,,,"[{'type': {'displayName': 'OppositeRelatedEvent', 'value': 233}, 'value': '211'}, {'type': {'displayName': 'Zone', 'value': 56}, 'value': 'Center'}, {'type': {'displayName': 'Offensive', 'value': 286}}]",True,,,,,
1901113,FirstHalf,35,21.0,35,Tackle,Successful,78,Cagliari,369883.0,Gianluca Gaetano,24.8,54.8,,,,,,,"[{'type': {'displayName': 'Zone', 'value': 56}, 'value': 'Back'}, {'type': {'displayName': 'Defensive', 'value': 285}}, {'type': {'displayName': 'OppositeRelatedEvent', 'value': 233}, 'value': '413'}, {'type': {'displayName': 'StandingSave', 'value': 178}}]",True,,,,,
1901113,FirstHalf,35,24.0,35,Pass,Successful,78,Cagliari,141269.0,Luca Mazzitelli,26.5,42.6,32.2,66.0,,,,,"[{'type': {'displayName': 'Angle', 'value': 213}, 'value': '1.21'}, {'type': {'displayName': 'Zone', 'value': 56}, 'value': 'Back'}, {'type': {'displayName': 'PassEndX', 'value': 140}, 'value': '32.2'}, {'type': {'displayName': 'PassEndY', 'value': 141}, 'value': '66.0'}, {'type': {'displayName': 'Length', 'value': 212}, 'value': '17.0'}]",True,,,,,
1901113,FirstHalf,35,27.0,35,Pass,Successful,78,Cagliari,371397.0,Sebastiano Esposito,29.5,74.4,30.8,94.2,,,,,"[{'type': {'displayName': 'PassEndY', 'value': 141}, 'value': '94.2'}, {'type': {'displayName': 'Length', 'value': 212}, 'value': '13.5'}, {'type': {'displayName': 'PassEndX', 'value': 140}, 'value': '30.8'}, {'type': {'displayName': 'Zone', 'value': 56}, 'value': 'Back'}, {'type': {'displayName': 'Angle', 'value': 213}, 'value': '1.47'}]",True,,,,,
1901113,FirstHalf,35,28.0,35,Pass,Successful,78,Cagliari,424534.0,Adam Obert,30.8,94.2,25.3,85.3,,,,,"[{'type': {'displayName': 'Angle', 'value': 213}, 'value': '3.95'}, {'type': {'displayName': 'PassEndX', 'value': 140}, 'value': '25.3'}, {'type': {'displayName': 'Zone', 'value': 56}, 'value': 'Back'}, {'type': {'displayName': 'PassEndY', 'value': 141}, 'value': '85.3'}, {'type': {'displayName': 'Length', 'value': 212}, 'value': '8.4'}]",True,,,,,
1901113,FirstHalf,35,30.0,35,Pass,Successful,78,Cagliari,371397.0,Sebastiano Esposito,25.3,85.3,36.8,45.9,,,,,"[{'type': {'displayName': 'Zone', 'value': 56}, 'value': 'Back'}, {'type': {'displayName': 'PassEndX', 'value': 140}, 'value': '36.8'}, {'type': {'displayName': 'PassEndY', 'value': 141}, 'value': '45.9'}, {'type': {'displayName': 'Angle', 'value': 213}, 'value': '5.14'}, {'type': {'displayName': 'Length', 'value': 212}, 'value': '29.4'}]",True,,,,,
1901113,FirstHalf,35,34.0,35,Pass,Successful,78,Cagliari,356176.0,Michel Adopo,43.2,45.6,47.3,57.6,,,,,"[{'type': {'displayName': 'PassEndY', 'value': 141}, 'value': '57.6'}, {'type': {'displayName': 'PassEndX', 'value': 140}, 'value': '47.3'}, {'type': {'displayName': 'Zone', 'value': 56}, 'value': 'Back'}, {'type': {'displayName': 'Angle', 'value': 213}, 'value': '1.09'}, {'type': {'displayName': 'Length', 'value': 212}, 'value': '9.2'}]",True,,,,,
1901113,FirstHalf,35,35.0,35,Pass,Successful,78,Cagliari,457171.0,Semih Kiliçsoy,47.3,57.6,45.8,56.4,,,,,"[{'type': {'displayName': 'Zone', 'value': 56}, 'value': 'Back'}, {'type': {'displayName': 'PassEndX', 'value': 140}, 'value': '45.8'}, {'type': {'displayName': 'Angle', 'value': 213}, 'value': '3.62'}, {'type': {'displayName': 'Length', 'value': 212}, 'value': '1.8'}, {'type': {'displayName': 'PassEndY', 'value': 141}, 'value': '56.4'}]",True,,,,,
1901113,FirstHalf,35,38.0,35,Pass,Successful,78,Cagliari,356176.0,Michel Adopo,63.5,69.4,66.2,94.9,,,,,"[{'type': {'displayName': 'Angle', 'value': 213}, 'value': '1.41'}, {'type': {'displayName': 'Zone', 'value': 56}, 'value': 'Left'}, {'type': {'displayName': 'PassEndX', 'value': 140}, 'value': '66.2'}, {'type': {'displayName': 'PassEndY', 'value': 141}, 'value': '94.9'}, {'type': {'displayName': 'Length', 'value': 212}, 'value': '17.6'}]",True,,,,,
1901113,FirstHalf,35,42.0,35,Pass,Successful,78,Cagliari,424534.0,Adam Obert,68.6,80.4,59.3,62.2,,,,,"[{'type': {'displayName': 'PassEndX', 'value': 140}, 'value': '59.3'}, {'type': {'displayName': 'Angle', 'value': 213}, 'value': '4.04'}, {'type': {'displayName': 'Length', 'value': 212}, 'value': '15.8'}, {'type': {'displayName': 'Zone', 'value': 56}, 'value': 'Center'}, {'type': {'displayName': 'PassEndY', 'value': 141}, 'value': '62.2'}]",True,,,,,
1901113,FirstHalf,35,45.0,35,Pass,Successful,78,Cagliari,369883.0,Gianluca Gaetano,59.3,62.2,52.6,42.3,,,,,"[{'type': {'displayName': 'Length', 'value': 212}, 'value': '15.3'}, {'type': {'displayName': 'Zone', 'value': 56}, 'value': 'Center'}, {'type': {'displayName': 'PassEndX', 'value': 140}, 'value': '52.6'}, {'type': {'displayName': 'PassEndY', 'value': 141}, 'value': '42.3'}, {'type': {'displayName': 'Angle', 'value': 213}, 'value': '4.23'}]",True,,,,,
1901113,FirstHalf,35,48.0,35,Pass,Successful,78,Cagliari,318432.0,Yerry Mina,53.2,38.2,65.9,1.8,,,,,"[{'type': {'displayName': 'Angle', 'value': 213}, 'value': '5.21'}, {'type': {'displayName': 'Zone', 'value': 56}, 'value': 'Right'}, {'type': {'displayName': 'Length', 'value': 212}, 'value': '28.1'}, {'type': {'displayName': 'PassEndY', 'value': 141}, 'value': '1.8'}, {'type': {'displayName': 'PassEndX', 'value': 140}, 'value': '65.9'}]",True,,,,,
1901113,FirstHalf,35,50.0,35,Pass,Successful,78,Cagliari,481154.0,Marco Palestra,64.7,1.8,42.2,9.3,,,,,"[{'type': {'displayName': 'PassEndY', 'value': 141}, 'value': '9.3'}, {'type': {'displayName': 'Zone', 'value': 56}, 'value': 'Back'}, {'type': {'displayName': 'Length', 'value': 212}, 'value': '24.2'}, {'type': {'displayName': 'Angle', 'value': 213}, 'value': '2.93'}, {'type': {'displayName': 'PassEndX', 'value': 140}, 'value': '42.2'}]",True,,,,,
1901113,FirstHalf,35,54.0,35,Pass,Successful,78,Cagliari,450142.0,Zé Pedro,42.2,9.3,25.8,25.9,,,,,"[{'type': {'displayName': 'PassEndX', 'value': 140}, 'value': '25.8'}, {'type': {'displayName': 'PassEndY', 'value': 141}, 'value': '25.9'}, {'type': {'displayName': 'Angle', 'value': 213}, 'value': '2.56'}, {'type': {'displayName': 'Length', 'value': 212}, 'value': '20.6'}, {'type': {'displayName': 'Zone', 'value': 56}, 'value': 'Back'}]",True,,,,,
1901113,FirstHalf,35,56.0,35,Pass,Successful,78,Cagliari,318432.0,Yerry Mina,27.9,35.6,26.5,71.8,,,,,"[{'type': {'displayName': 'PassEndY', 'value': 141}, 'value': '71.8'}, {'type': {'displayName': 'Angle', 'value': 213}, 'value': '1.63'}, {'type': {'displayName': 'Length', 'value': 212}, 'value': '24.7'}, {'type': {'displayName': 'Zone', 'value': 56}, 'value': 'Back'}, {'type': {'displayName': 'PassEndX', 'value': 140}, 'value': '26.5'}]",True,,,,,
1901113,FirstHalf,35,59.0,35,Pass,Successful,78,Cagliari,255292.0,Sebastiano Luperto,23.1,62.4,24.4,93.4,,,,,"[{'type': {'displayName': 'Length', 'value': 212}, 'value': '21.1'}, {'type': {'displayName': 'PassEndY', 'value': 141}, 'value': '93.4'}, {'type': {'displayName': 'PassEndX', 'value': 140}, 'value': '24.4'}, {'type': {'displayName': 'Zone', 'value': 56}, 'value': 'Back'}, {'type': {'displayName': 'Angle', 'value': 213}, 'value': '1.51'}]",True,,,,,
1901113,FirstHalf,36,2.0,36,Pass,Unsuccessful,78,Cagliari,141269.0,Luca Mazzitelli,24.5,94.5,58.3,84.4,,,,,"[{'type': {'displayName': 'Zone', 'value': 56}, 'value': 'Left'}, {'type': {'displayName': 'Length', 'value': 212}, 'value': '36.1'}, {'type': {'displayName': 'Angle', 'value': 213}, 'value': '6.09'}, {'type': {'displayName': 'Longball', 'value': 1}}, {'type': {'displayName': 'PassEndX', 'value': 140}, 'value': '58.3'}, {'type': {'displayName': 'PassEndY', 'value': 141}, 'value': '84.4'}]",True,,,,,
1901113,FirstHalf,36,5.0,36,Pass,Unsuccessful,87,Juventus,273539.0,Manuel Locatelli,35.6,9.0,53.1,0.0,,,,,"[{'type': {'displayName': 'HeadPass', 'value': 3}}, {'type': {'displayName': 'Angle', 'value': 213}, 'value': '5.93'}, {'type': {'displayName': 'PassEndX', 'value': 140}, 'value': '53.1'}, {'type': {'displayName': 'PassEndY', 'value': 141}, 'value': '0.0'}, {'type': {'displayName': 'Length', 'value': 212}, 'value': '19.6'}, {'type': {'displayName': 'Zone', 'value': 56}, 'value': 'Right'}]",True,,,,,
1901113,FirstHalf,36,17.0,36,Pass,Successful,78,Cagliari,424534.0,Adam Obert,45.9,100.0,43.9,90.1,,,,,"[{'type': {'displayName': 'Length', 'value': 212}, 'value': '7.6'}, {'type': {'displayName': 'Zone', 'value': 56}, 'value': 'Back'}, {'type': {'displayName': 'ThrowIn', 'value': 107}}, {'type': {'displayName': 'PassEndX', 'value': 140}, 'value': '43.9'}, {'type': {'displayName': 'PassEndY', 'value': 141}, 'value': '90.1'}, {'type': {'displayName': 'Angle', 'value': 213}, 'value': '4.43'}]",True,,,,,
1901113,FirstHalf,36,18.0,36,Pass,Successful,78,Cagliari,369883.0,Gianluca Gaetano,43.9,90.4,43.9,94.5,,,,,"[{'type': {'displayName': 'PassEndX', 'value': 140}, 'value': '43.9'}, {'type': {'displayName': 'PassEndY', 'value': 141}, 'value': '94.5'}, {'type': {'displayName': 'Length', 'value': 212}, 'value': '2.8'}, {'type': {'displayName': 'Angle', 'value': 213}, 'value': '1.57'}, {'type': {'displayName': 'Zone', 'value': 56}, 'value': 'Back'}]",True,,,,,
1901113,FirstHalf,36,19.0,36,Pass,Successful,78,Cagliari,424534.0,Adam Obert,44.1,96.0,24.8,87.3,,,,,"[{'type': {'displayName': 'Angle', 'value': 213}, 'value': '3.43'}, {'type': {'displayName': 'PassEndY', 'value': 141}, 'value': '87.3'}, {'type': {'displayName': 'PassEndX', 'value': 140}, 'value': '24.8'}, {'type': {'displayName': 'Zone', 'value': 56}, 'value': 'Back'}, {'type': {'displayName': 'Length', 'value': 212}, 'value': '21.1'}]",True,,,,,
1901113,FirstHalf,36,22.0,36,Pass,Successful,78,Cagliari,255292.0,Sebastiano Luperto,24.6,84.1,21.5,46.0,,,,,"[{'type': {'displayName': 'PassEndX', 'value': 140}, 'value': '21.5'}, {'type': {'displayName': 'Angle', 'value': 213}, 'value': '4.59'}, {'type': {'displayName': 'PassEndY', 'value': 141}, 'value': '46.0'}, {'type': {'displayName': 'Length', 'value': 212}, 'value': '26.1'}, {'type': {'displayName': 'Zone', 'value': 56}, 'value': 'Back'}]",True,,,,,
1901113,FirstHalf,36,25.0,36,Pass,Successful,78,Cagliari,318432.0,Yerry Mina,21.5,46.0,22.4,11.8,,,,,"[{'type': {'displayName': 'Zone', 'value': 56}, 'value': 'Back'}, {'type': {'displayName': 'Length', 'value': 212}, 'value': '23.3'}, {'type': {'displayName': 'Angle', 'value': 213}, 'value': '4.75'}, {'type': {'displayName': 'PassEndY', 'value': 141}, 'value': '11.8'}, {'type': {'displayName': 'PassEndX', 'value': 140}, 'value': '22.4'}]",True,,,,,
1901113,FirstHalf,36,27.0,36,Pass,Successful,78,Cagliari,450142.0,Zé Pedro,22.4,11.8,36.8,3.4,,,,,"[{'type': {'displayName': 'PassEndY', 'value': 141}, 'value': '3.4'}, {'type': {'displayName': 'PassEndX', 'value': 140}, 'value': '36.8'}, {'type': {'displayName': 'Zone', 'value': 56}, 'value': 'Back'}, {'type': {'displayName': 'Angle', 'value': 213}, 'value': '5.92'}, {'type': {'displayName': 'Length', 'value': 212}, 'value': '16.2'}]",True,,,,,
1901113,FirstHalf,36,29.0,36,Pass,Unsuccessful,78,Cagliari,481154.0,Marco Palestra,36.8,3.4,39.9,3.4,,,,,"[{'type': {'displayName': 'Angle', 'value': 213}, 'value': '0.00'}, {'type': {'displayName': 'Length', 'value': 212}, 'value': '3.3'}, {'type': {'displayName': 'PassEndX', 'value': 140}, 'value': '39.9'}, {'type': {'displayName': 'Zone', 'value': 56}, 'value': 'Back'}, {'type': {'displayName': 'PassEndY', 'value': 141}, 'value': '3.4'}]",True,,,,,
1901113,FirstHalf,36,30.0,36,BallTouch,Successful,87,Juventus,423440.0,Andrea Cambiaso,56.9,94.3,,,,,,,"[{'type': {'displayName': 'Zone', 'value': 56}, 'value': 'Left'}]",True,,,,,
1901113,FirstHalf,36,41.0,36,Pass,Successful,78,Cagliari,450142.0,Zé Pedro,48.4,0.0,26.4,4.9,,,,,"[{'type': {'displayName': 'Angle', 'value': 213}, 'value': '2.95'}, {'type': {'displayName': 'PassEndX', 'value': 140}, 'value': '26.4'}, {'type': {'displayName': 'Zone', 'value': 56}, 'value': 'Back'}, {'type': {'displayName': 'PassEndY', 'value': 141}, 'value': '4.9'}, {'type': {'displayName': 'Length', 'value': 212}, 'value': '23.5'}, {'type': {'displayName': 'Longball', 'value': 1}}, {'type': {'displayName': 'ThrowIn', 'value': 107}}]",True,,,,,
1901113,FirstHalf,36,45.0,36,Pass,Successful,78,Cagliari,318432.0,Yerry Mina,24.1,6.9,9.4,45.9,,,,,"[{'type': {'displayName': 'PassEndY', 'value': 141}, 'value': '45.9'}, {'type': {'displayName': 'Length', 'value': 212}, 'value': '30.7'}, {'type': {'displayName': 'Angle', 'value': 213}, 'value': '2.10'}, {'type': {'displayName': 'Zone', 'value': 56}, 'value': 'Back'}, {'type': {'displayName': 'PassEndX', 'value': 140}, 'value': '9.4'}]",True,,,,,
1901113,FirstHalf,36,51.0,36,Pass,Successful,78,Cagliari,362780.0,Elia Caprile,12.1,48.7,13.6,22.3,,,,,"[{'type': {'displayName': 'Angle', 'value': 213}, 'value': '4.80'}, {'type': {'displayName': 'Length', 'value': 212}, 'value': '18.0'}, {'type': {'displayName': 'PassEndX', 'value': 140}, 'value': '13.6'}, {'type': {'displayName': 'Zone', 'value': 56}, 'value': 'Back'}, {'type': {'displayName': 'PassEndY', 'value': 141}, 'value': '22.3'}]",True,,,,,
1901113,FirstHalf,36,55.0,36,Pass,Unsuccessful,78,Cagliari,318432.0,Yerry Mina,14.1,18.0,58.6,42.9,,,,,"[{'type': {'displayName': 'Angle', 'value': 213}, 'value': '0.35'}, {'type': {'displayName': 'PassEndY', 'value': 141}, 'value': '42.9'}, {'type': {'displayName': 'Zone', 'value': 56}, 'value': 'Center'}, {'type': {'displayName': 'PassEndX', 'value': 140}, 'value': '58.6'}, {'type': {'displayName': 'Longball', 'value': 1}}, {'type': {'displayName': 'Length', 'value': 212}, 'value': '49.7'}]",True,,,,,
1901113,FirstHalf,36,57.0,36,Pass,Unsuccessful,87,Juventus,339875.0,Bremer,39.6,56.4,55.2,33.6,,,,,"[{'type': {'displayName': 'PassEndX', 'value': 140}, 'value': '55.2'}, {'type': {'displayName': 'Length', 'value': 212}, 'value': '22.6'}, {'type': {'displayName': 'PassEndY', 'value': 141}, 'value': '33.6'}, {'type': {'displayName': 'HeadPass', 'value': 3}}, {'type': {'displayName': 'Angle', 'value': 213}, 'value': '5.53'}, {'type': {'displayName': 'Zone', 'value': 56}, 'value': 'Center'}]",True,,,,,
1901113,FirstHalf,37,0.0,37,Pass,Unsuccessful,78,Cagliari,141269.0,Luca Mazzitelli,48.1,64.2,51.2,65.4,,,,,"[{'type': {'displayName': 'Angle', 'value': 213}, 'value': '0.25'}, {'type': {'displayName': 'Length', 'value': 212}, 'value': '3.4'}, {'type': {'displayName': 'PassEndY', 'value': 141}, 'value': '65.4'}, {'type': {'displayName': 'PassEndX', 'value': 140}, 'value': '51.2'}, {'type': {'displayName': 'Zone', 'value': 56}, 'value': 'Center'}]",True,,,,,
1901113,FirstHalf,37,2.0,37,BallRecovery,Successful,87,Juventus,338275.0,Weston McKennie,42.7,32.1,,,,,,,[],False,,,,,
1901113,FirstHalf,37,2.0,37,Pass,Successful,87,Juventus,338275.0,Weston McKennie,42.7,32.1,46.9,40.0,,,,,"[{'type': {'displayName': 'Zone', 'value': 56}, 'value': 'Back'}, {'type': {'displayName': 'Angle', 'value': 213}, 'value': '0.88'}, {'type': {'displayName': 'Length', 'value': 212}, 'value': '7.0'}, {'type': {'displayName': 'PassEndY', 'value': 141}, 'value': '40.0'}, {'type': {'displayName': 'PassEndX', 'value': 140}, 'value': '46.9'}]",True,,,,,
1901113,FirstHalf,37,4.0,37,Pass,Successful,87,Juventus,273539.0,Manuel Locatelli,46.9,40.0,65.0,71.4,,,,,"[{'type': {'displayName': 'PassEndY', 'value': 141}, 'value': '71.4'}, {'type': {'displayName': 'Angle', 'value': 213}, 'value': '0.84'}, {'type': {'displayName': 'PassEndX', 'value': 140}, 'value': '65.0'}, {'type': {'displayName': 'Length', 'value': 212}, 'value': '28.6'}, {'type': {'displayName': 'Zone', 'value': 56}, 'value': 'Center'}]",True,,,,,
1901113,FirstHalf,37,7.0,37,Pass,Successful,87,Juventus,425080.0,Fabio Miretti,70.4,75.7,75.3,92.4,,,,,"[{'type': {'displayName': 'Angle', 'value': 213}, 'value': '1.15'}, {'type': {'displayName': 'PassEndX', 'value': 140}, 'value': '75.3'}, {'type': {'displayName': 'PassEndY', 'value': 141}, 'value': '92.4'}, {'type': {'displayName': 'Length', 'value': 212}, 'value': '12.5'}, {'type': {'displayName': 'Zone', 'value': 56}, 'value': 'Left'}]",True,,,,,
1901113,FirstHalf,37,14.0,37,Pass,Unsuccessful,87,Juventus,494525.0,Kenan Yildiz,90.3,79.2,90.9,77.2,,,,,"[{'type': {'displayName': 'LeftFoot', 'value': 72}}, {'type': {'displayName': 'Offensive', 'value': 286}}, {'type': {'displayName': 'PassEndX', 'value': 140}, 'value': '90.9'}, {'type': {'displayName': 'OppositeRelatedEvent', 'value': 233}, 'value': '241'}, {'type': {'displayName': 'Angle', 'value': 213}, 'value': '5.15'}, {'type': {'displayName': 'Chipped', 'value': 155}}, {'type': {'displayName': 'Cross', 'value': 2}}, {'type': {'displayName': 'Length', 'value': 212}, 'value': '1.5'}, {'type': {'displayName': 'PassEndY', 'value': 141}, 'value': '77.2'}, {'type': {'displayName': 'Zone', 'value': 56}, 'value': 'Center'}]",True,,,,,
1901113,FirstHalf,37,14.0,37,Clearance,Successful,78,Cagliari,450142.0,Zé Pedro,9.1,22.8,,,,,,,"[{'type': {'displayName': 'Zone', 'value': 56}, 'value': 'Back'}, {'type': {'displayName': 'BlockedCross', 'value': 185}}, {'type': {'displayName': 'OppositeRelatedEvent', 'value': 233}, 'value': '424'}]",True,,,,,
1901113,FirstHalf,37,15.0,37,CornerAwarded,Unsuccessful,78,Cagliari,450142.0,Zé Pedro,0.0,26.4,,,,,,,"[{'type': {'displayName': 'OppositeRelatedEvent', 'value': 233}, 'value': '425'}, {'type': {'displayName': 'MissLeft', 'value': 73}}, {'type': {'displayName': 'Zone', 'value': 56}, 'value': 'Back'}]",False,,,,,
1901113,FirstHalf,37,15.0,37,CornerAwarded,Successful,87,Juventus,494525.0,Kenan Yildiz,100.0,73.5,,,,,,,"[{'type': {'displayName': 'Zone', 'value': 56}, 'value': 'Center'}, {'type': {'displayName': 'MissLeft', 'value': 73}}, {'type': {'displayName': 'OppositeRelatedEvent', 'value': 233}, 'value': '242'}]",False,,,,,
1901113,FirstHalf,37,52.0,37,Pass,Unsuccessful,87,Juventus,343308.0,Teun Koopmeiners,99.5,99.5,94.7,56.4,,,,,"[{'type': {'displayName': 'Angle', 'value': 213}, 'value': '4.54'}, {'type': {'displayName': 'PassEndX', 'value': 140}, 'value': '94.7'}, {'type': {'displayName': 'LeftFoot', 'value': 72}}, {'type': {'displayName': 'Zone', 'value': 56}, 'value': 'Center'}, {'type': {'displayName': 'CornerTaken', 'value': 6}}, {'type': {'displayName': 'Length', 'value': 212}, 'value': '29.7'}, {'type': {'displayName': 'Cross', 'value': 2}}, {'type': {'displayName': 'Chipped', 'value': 155}}, {'type': {'displayName': 'PassEndY', 'value': 141}, 'value': '56.4'}]",True,,,,,
1901113,FirstHalf,37,55.0,37,Aerial,Successful,78,Cagliari,318432.0,Yerry Mina,5.3,43.6,,,,,,,"[{'type': {'displayName': 'Zone', 'value': 56}, 'value': 'Back'}, {'type': {'displayName': 'Defensive', 'value': 285}}, {'type': {'displayName': 'OppositeRelatedEvent', 'value': 233}, 'value': '427'}]",False,,,,,
1901113,FirstHalf,37,55.0,37,Aerial,Unsuccessful,87,Juventus,425080.0,Fabio Miretti,94.7,56.4,,,,,,,"[{'type': {'displayName': 'OppositeRelatedEvent', 'value': 233}, 'value': '243'}, {'type': {'displayName': 'Zone', 'value': 56}, 'value': 'Center'}, {'type': {'displayName': 'Offensive', 'value': 286}}]",False,,,,,
1901113,FirstHalf,37,55.0,37,Clearance,Successful,78,Cagliari,318432.0,Yerry Mina,5.3,43.6,0.0,59.7,,,,,"[{'type': {'displayName': 'Zone', 'value': 56}, 'value': 'Back'}, {'type': {'displayName': 'PassEndY', 'value': 141}, 'value': '59.7'}, {'type': {'displayName': 'Head', 'value': 15}}, {'type': {'displayName': 'Length', 'value': 212}, 'value': '12.8'}, {'type': {'displayName': 'Angle', 'value': 213}, 'value': '2.11'}, {'type': {'displayName': 'PassEndX', 'value': 140}, 'value': '0.0'}]",True,,,,,
1901113,FirstHalf,37,57.0,37,CornerAwarded,Unsuccessful,78,Cagliari,318432.0,Yerry Mina,0.0,58.4,,,,,,,"[{'type': {'displayName': 'Zone', 'value': 56}, 'value': 'Back'}, {'type': {'displayName': 'OppositeRelatedEvent', 'value': 233}, 'value': '428'}, {'type': {'displayName': 'MissLeft', 'value': 73}}]",False,,,,,
1901113,FirstHalf,37,57.0,37,CornerAwarded,Successful,87,Juventus,343308.0,Teun Koopmeiners,100.0,41.6,,,,,,,"[{'type': {'displayName': 'OppositeRelatedEvent', 'value': 233}, 'value': '245'}, {'type': {'displayName': 'MissLeft', 'value': 73}}, {'type': {'displayName': 'Zone', 'value': 56}, 'value': 'Center'}]",False,,,,,
1901113,FirstHalf,38,28.0,38,Pass,Successful,87,Juventus,343308.0,Teun Koopmeiners,99.5,0.6,95.6,3.3,,,,,"[{'type': {'displayName': 'Zone', 'value': 56}, 'value': 'Right'}, {'type': {'displayName': 'Length', 'value': 212}, 'value': '4.5'}, {'type': {'displayName': 'CornerTaken', 'value': 6}}, {'type': {'displayName': 'Angle', 'value': 213}, 'value': '2.72'}, {'type': {'displayName': 'PassEndY', 'value': 141}, 'value': '3.3'}, {'type': {'displayName': 'PassEndX', 'value': 140}, 'value': '95.6'}]",True,,,,,
1901113,FirstHalf,38,31.0,38,Pass,Successful,87,Juventus,494525.0,Kenan Yildiz,93.5,17.1,85.7,15.3,,,,,"[{'type': {'displayName': 'Zone', 'value': 56}, 'value': 'Right'}, {'type': {'displayName': 'Length', 'value': 212}, 'value': '8.3'}, {'type': {'displayName': 'PassEndY', 'value': 141}, 'value': '15.3'}, {'type': {'displayName': 'PassEndX', 'value': 140}, 'value': '85.7'}, {'type': {'displayName': 'Angle', 'value': 213}, 'value': '3.29'}]",True,,,,,
1901113,FirstHalf,38,32.0,38,Pass,Successful,87,Juventus,343308.0,Teun Koopmeiners,85.0,15.4,95.6,63.1,,,,,"[{'type': {'displayName': 'Zone', 'value': 56}, 'value': 'Center'}, {'type': {'displayName': 'Longball', 'value': 1}}, {'type': {'displayName': 'PassEndY', 'value': 141}, 'value': '63.1'}, {'type': {'displayName': 'Cross', 'value': 2}}, {'type': {'displayName': 'Length', 'value': 212}, 'value': '34.3'}, {'type': {'displayName': 'Angle', 'value': 213}, 'value': '1.24'}, {'type': {'displayName': 'Chipped', 'value': 155}}, {'type': {'displayName': 'PassEndX', 'value': 140}, 'value': '95.6'}, {'type': {'displayName': 'LeftFoot', 'value': 72}}]",True,,,,,
1901113,FirstHalf,38,38.0,38,Foul,Successful,78,Cagliari,141269.0,Luca Mazzitelli,3.8,37.4,,,,,,,"[{'type': {'displayName': 'OppositeRelatedEvent', 'value': 233}, 'value': '432'}, {'type': {'displayName': 'Foul', 'value': 13}}, {'type': {'displayName': 'Zone', 'value': 56}, 'value': 'Back'}, {'type': {'displayName': 'Defensive', 'value': 285}}]",True,,,,,
1901113,FirstHalf,38,38.0,38,Foul,Unsuccessful,87,Juventus,332419.0,Lloyd Kelly,96.2,62.6,,,,,,,"[{'type': {'displayName': 'Foul', 'value': 13}}, {'type': {'displayName': 'OppositeRelatedEvent', 'value': 233}, 'value': '247'}, {'type': {'displayName': 'Offensive', 'value': 286}}, {'type': {'displayName': 'Zone', 'value': 56}, 'value': 'Center'}]",False,,,,,
1901113,FirstHalf,39,5.0,39,Pass,Successful,78,Cagliari,362780.0,Elia Caprile,7.4,38.8,63.2,33.7,,,,,"[{'type': {'displayName': 'PassEndY', 'value': 141}, 'value': '33.7'}, {'type': {'displayName': 'PassEndX', 'value': 140}, 'value': '63.2'}, {'type': {'displayName': 'Longball', 'value': 1}}, {'type': {'displayName': 'Angle', 'value': 213}, 'value': '6.22'}, {'type': {'displayName': 'Length', 'value': 212}, 'value': '58.7'}, {'type': {'displayName': 'Zone', 'value': 56}, 'value': 'Center'}, {'type': {'displayName': 'FreekickTaken', 'value': 5}}]",True,,,,,
1901113,FirstHalf,39,10.0,39,Pass,Successful,78,Cagliari,457171.0,Semih Kiliçsoy,63.2,33.7,61.3,41.2,,,,,"[{'type': {'displayName': 'Length', 'value': 212}, 'value': '5.5'}, {'type': {'displayName': 'Angle', 'value': 213}, 'value': '1.94'}, {'type': {'displayName': 'HeadPass', 'value': 3}}, {'type': {'displayName': 'PassEndX', 'value': 140}, 'value': '61.3'}, {'type': {'displayName': 'Zone', 'value': 56}, 'value': 'Center'}, {'type': {'displayName': 'PassEndY', 'value': 141}, 'value': '41.2'}]",True,,,,,
1901113,FirstHalf,39,11.0,39,Dispossessed,Successful,78,Cagliari,141269.0,Luca Mazzitelli,61.3,45.6,,,,,,,"[{'type': {'displayName': 'Offensive', 'value': 286}}, {'type': {'displayName': 'OppositeRelatedEvent', 'value': 233}, 'value': '433'}, {'type': {'displayName': 'Zone', 'value': 56}, 'value': 'Center'}]",True,,,,,
1901113,FirstHalf,39,11.0,39,Tackle,Unsuccessful,87,Juventus,338275.0,Weston McKennie,38.7,54.4,,,,,,,"[{'type': {'displayName': 'StandingSave', 'value': 178}}, {'type': {'displayName': 'OppositeRelatedEvent', 'value': 233}, 'value': '251'}, {'type': {'displayName': 'Defensive', 'value': 285}}, {'type': {'displayName': 'Zone', 'value': 56}, 'value': 'Back'}]",True,,,,,
1901113,FirstHalf,39,12.0,39,Pass,Successful,78,Cagliari,356176.0,Michel Adopo,57.7,35.1,60.6,79.8,,,,,"[{'type': {'displayName': 'PassEndY', 'value': 141}, 'value': '79.8'}, {'type': {'displayName': 'Chipped', 'value': 155}}, {'type': {'displayName': 'Length', 'value': 212}, 'value': '30.5'}, {'type': {'displayName': 'Zone', 'value': 56}, 'value': 'Left'}, {'type': {'displayName': 'PassEndX', 'value': 140}, 'value': '60.6'}, {'type': {'displayName': 'Angle', 'value': 213}, 'value': '1.47'}]",True,,,,,
1901113,FirstHalf,39,17.0,39,Pass,Successful,78,Cagliari,424534.0,Adam Obert,63.4,73.5,67.1,61.3,,,,,"[{'type': {'displayName': 'Length', 'value': 212}, 'value': '9.2'}, {'type': {'displayName': 'Zone', 'value': 56}, 'value': 'Center'}, {'type': {'displayName': 'Angle', 'value': 213}, 'value': '5.15'}, {'type': {'displayName': 'PassEndX', 'value': 140}, 'value': '67.1'}, {'type': {'displayName': 'PassEndY', 'value': 141}, 'value': '61.3'}]",True,,,,,
1901113,FirstHalf,39,20.0,39,Pass,Successful,78,Cagliari,457171.0,Semih Kiliçsoy,67.8,74.7,64.3,89.1,,,,,"[{'type': {'displayName': 'Zone', 'value': 56}, 'value': 'Left'}, {'type': {'displayName': 'PassEndX', 'value': 140}, 'value': '64.3'}, {'type': {'displayName': 'Length', 'value': 212}, 'value': '10.5'}, {'type': {'displayName': 'PassEndY', 'value': 141}, 'value': '89.1'}, {'type': {'displayName': 'Angle', 'value': 213}, 'value': '1.93'}]",True,,,,,
1901113,FirstHalf,39,21.0,39,Pass,Successful,78,Cagliari,424534.0,Adam Obert,64.3,89.1,56.9,76.3,,,,,"[{'type': {'displayName': 'Angle', 'value': 213}, 'value': '3.98'}, {'type': {'displayName': 'Length', 'value': 212}, 'value': '11.7'}, {'type': {'displayName': 'Zone', 'value': 56}, 'value': 'Center'}, {'type': {'displayName': 'PassEndX', 'value': 140}, 'value': '56.9'}, {'type': {'displayName': 'PassEndY', 'value': 141}, 'value': '76.3'}]",True,,,,,
1901113,FirstHalf,39,22.0,39,Pass,Successful,78,Cagliari,369883.0,Gianluca Gaetano,56.9,76.3,63.9,68.5,,,,,"[{'type': {'displayName': 'PassEndY', 'value': 141}, 'value': '68.5'}, {'type': {'displayName': 'Zone', 'value': 56}, 'value': 'Center'}, {'type': {'displayName': 'Length', 'value': 212}, 'value': '9.1'}, {'type': {'displayName': 'Angle', 'value': 213}, 'value': '5.66'}, {'type': {'displayName': 'PassEndX', 'value': 140}, 'value': '63.9'}]",True,,,,,
1901113,FirstHalf,39,24.0,39,Pass,Successful,78,Cagliari,371397.0,Sebastiano Esposito,63.9,68.5,61.9,69.1,,,,,"[{'type': {'displayName': 'PassEndY', 'value': 141}, 'value': '69.1'}, {'type': {'displayName': 'LayOff', 'value': 156}}, {'type': {'displayName': 'Angle', 'value': 213}, 'value': '2.95'}, {'type': {'displayName': 'Length', 'value': 212}, 'value': '2.1'}, {'type': {'displayName': 'Zone', 'value': 56}, 'value': 'Center'}, {'type': {'displayName': 'PassEndX', 'value': 140}, 'value': '61.9'}]",True,,,,,
1901113,FirstHalf,39,25.0,39,Pass,Successful,78,Cagliari,457171.0,Semih Kiliçsoy,64.0,64.6,69.1,70.9,,,,,"[{'type': {'displayName': 'Length', 'value': 212}, 'value': '6.9'}, {'type': {'displayName': 'PassEndY', 'value': 141}, 'value': '70.9'}, {'type': {'displayName': 'Angle', 'value': 213}, 'value': '0.67'}, {'type': {'displayName': 'Zone', 'value': 56}, 'value': 'Center'}, {'type': {'displayName': 'PassEndX', 'value': 140}, 'value': '69.1'}]",True,,,,,
1901113,FirstHalf,39,28.0,39,Pass,Successful,78,Cagliari,371397.0,Sebastiano Esposito,73.9,66.9,77.9,81.1,,,,,"[{'type': {'displayName': 'Length', 'value': 212}, 'value': '10.5'}, {'type': {'displayName': 'PassEndX', 'value': 140}, 'value': '77.9'}, {'type': {'displayName': 'PassEndY', 'value': 141}, 'value': '81.1'}, {'type': {'displayName': 'Angle', 'value': 213}, 'value': '1.16'}, {'type': {'displayName': 'Zone', 'value': 56}, 'value': 'Left'}]",True,,,,,
1901113,FirstHalf,39,29.0,39,Pass,Successful,78,Cagliari,424534.0,Adam Obert,77.6,81.7,88.0,87.0,,,,,"[{'type': {'displayName': 'PassEndY', 'value': 141}, 'value': '87.0'}, {'type': {'displayName': 'PassEndX', 'value': 140}, 'value': '88.0'}, {'type': {'displayName': 'Zone', 'value': 56}, 'value': 'Left'}, {'type': {'displayName': 'Length', 'value': 212}, 'value': '11.5'}, {'type': {'displayName': 'Angle', 'value': 213}, 'value': '0.32'}]",True,,,,,
1901113,FirstHalf,39,31.0,39,Pass,Unsuccessful,78,Cagliari,141269.0,Luca Mazzitelli,85.5,87.0,90.5,49.6,,,,,"[{'type': {'displayName': 'Angle', 'value': 213}, 'value': '4.92'}, {'type': {'displayName': 'Chipped', 'value': 155}}, {'type': {'displayName': 'PassEndX', 'value': 140}, 'value': '90.5'}, {'type': {'displayName': 'RightFoot', 'value': 20}}, {'type': {'displayName': 'Zone', 'value': 56}, 'value': 'Center'}, {'type': {'displayName': 'Cross', 'value': 2}}, {'type': {'displayName': 'PassEndY', 'value': 141}, 'value': '49.6'}, {'type': {'displayName': 'Length', 'value': 212}, 'value': '26.0'}]",True,,,,,
1901113,FirstHalf,39,32.0,39,Aerial,Successful,87,Juventus,332419.0,Lloyd Kelly,9.5,50.4,,,,,,,"[{'type': {'displayName': 'Zone', 'value': 56}, 'value': 'Back'}, {'type': {'displayName': 'OppositeRelatedEvent', 'value': 233}, 'value': '262'}, {'type': {'displayName': 'Defensive', 'value': 285}}]",False,,,,,
1901113,FirstHalf,39,32.0,39,Aerial,Unsuccessful,78,Cagliari,356176.0,Michel Adopo,90.5,49.6,,,,,,,"[{'type': {'displayName': 'OppositeRelatedEvent', 'value': 233}, 'value': '434'}, {'type': {'displayName': 'Offensive', 'value': 286}}, {'type': {'displayName': 'Zone', 'value': 56}, 'value': 'Center'}]",False,,,,,
1901113,FirstHalf,39,33.0,39,Clearance,Successful,87,Juventus,332419.0,Lloyd Kelly,9.5,50.4,23.9,50.8,,,,,"[{'type': {'displayName': 'Zone', 'value': 56}, 'value': 'Back'}, {'type': {'displayName': 'Angle', 'value': 213}, 'value': '0.02'}, {'type': {'displayName': 'Head', 'value': 15}}, {'type': {'displayName': 'PassEndY', 'value': 141}, 'value': '50.8'}, {'type': {'displayName': 'PassEndX', 'value': 140}, 'value': '23.9'}, {'type': {'displayName': 'Length', 'value': 212}, 'value': '15.1'}]",True,,,,,
1901113,FirstHalf,39,35.0,39,Foul,Successful,87,Juventus,494525.0,Kenan Yildiz,22.8,52.9,,,,,,,"[{'type': {'displayName': 'Foul', 'value': 13}}, {'type': {'displayName': 'Zone', 'value': 56}, 'value': 'Back'}, {'type': {'displayName': 'Defensive', 'value': 285}}, {'type': {'displayName': 'OppositeRelatedEvent', 'value': 233}, 'value': '263'}]",True,,,,,
1901113,FirstHalf,39,35.0,39,Foul,Unsuccessful,78,Cagliari,450142.0,Zé Pedro,77.2,47.1,,,,,,,"[{'type': {'displayName': 'Offensive', 'value': 286}}, {'type': {'displayName': 'Foul', 'value': 13}}, {'type': {'displayName': 'OppositeRelatedEvent', 'value': 233}, 'value': '436'}, {'type': {'displayName': 'Zone', 'value': 56}, 'value': 'Center'}]",False,,,,,
1901113,FirstHalf,39,53.0,39,Pass,Successful,87,Juventus,78880.0,Mattia Perin,9.5,45.8,13.8,61.3,,,,,"[{'type': {'displayName': 'PassEndY', 'value': 141}, 'value': '61.3'}, {'type': {'displayName': 'Angle', 'value': 213}, 'value': '1.17'}, {'type': {'displayName': 'Zone', 'value': 56}, 'value': 'Back'}, {'type': {'displayName': 'PassEndX', 'value': 140}, 'value': '13.8'}, {'type': {'displayName': 'Length', 'value': 212}, 'value': '11.5'}, {'type': {'displayName': 'FreekickTaken', 'value': 5}}]",True,,,,,
1901113,FirstHalf,39,58.0,39,Pass,Successful,87,Juventus,332419.0,Lloyd Kelly,28.6,59.4,28.4,38.7,,,,,"[{'type': {'displayName': 'Length', 'value': 212}, 'value': '14.1'}, {'type': {'displayName': 'PassEndX', 'value': 140}, 'value': '28.4'}, {'type': {'displayName': 'PassEndY', 'value': 141}, 'value': '38.7'}, {'type': {'displayName': 'Zone', 'value': 56}, 'value': 'Back'}, {'type': {'displayName': 'Angle', 'value': 213}, 'value': '4.70'}]",True,,,,,
1901113,FirstHalf,40,1.0,40,Pass,Successful,87,Juventus,339875.0,Bremer,30.4,38.5,35.7,76.8,,,,,"[{'type': {'displayName': 'Length', 'value': 212}, 'value': '26.6'}, {'type': {'displayName': 'PassEndX', 'value': 140}, 'value': '35.7'}, {'type': {'displayName': 'PassEndY', 'value': 141}, 'value': '76.8'}, {'type': {'displayName': 'Angle', 'value': 213}, 'value': '1.36'}, {'type': {'displayName': 'Zone', 'value': 56}, 'value': 'Back'}]",True,,,,,
1901113,FirstHalf,40,6.0,40,Pass,Successful,87,Juventus,423440.0,Andrea Cambiaso,38.2,69.0,34.4,35.4,,,,,"[{'type': {'displayName': 'Length', 'value': 212}, 'value': '23.2'}, {'type': {'displayName': 'Angle', 'value': 213}, 'value': '4.54'}, {'type': {'displayName': 'Zone', 'value': 56}, 'value': 'Back'}, {'type': {'displayName': 'PassEndY', 'value': 141}, 'value': '35.4'}, {'type': {'displayName': 'PassEndX', 'value': 140}, 'value': '34.4'}]",True,,,,,
1901113,FirstHalf,40,13.0,40,Pass,Successful,87,Juventus,339875.0,Bremer,51.4,26.1,61.6,4.6,,,,,"[{'type': {'displayName': 'Zone', 'value': 56}, 'value': 'Right'}, {'type': {'displayName': 'Angle', 'value': 213}, 'value': '5.34'}, {'type': {'displayName': 'PassEndX', 'value': 140}, 'value': '61.6'}, {'type': {'displayName': 'PassEndY', 'value': 141}, 'value': '4.6'}, {'type': {'displayName': 'Length', 'value': 212}, 'value': '18.1'}]",True,,,,,
1901113,FirstHalf,40,16.0,40,Pass,Successful,87,Juventus,391836.0,Pierre Kalulu,61.7,5.2,47.5,18.9,,,,,"[{'type': {'displayName': 'Zone', 'value': 56}, 'value': 'Back'}, {'type': {'displayName': 'PassEndX', 'value': 140}, 'value': '47.5'}, {'type': {'displayName': 'Length', 'value': 212}, 'value': '17.6'}, {'type': {'displayName': 'Angle', 'value': 213}, 'value': '2.58'}, {'type': {'displayName': 'PassEndY', 'value': 141}, 'value': '18.9'}]",True,,,,,
1901113,FirstHalf,40,21.0,40,BallTouch,Unsuccessful,87,Juventus,339875.0,Bremer,57.1,29.5,,,,,,,"[{'type': {'displayName': 'Zone', 'value': 56}, 'value': 'Center'}]",True,,,,,
1901113,FirstHalf,40,21.0,40,Pass,Successful,78,Cagliari,369883.0,Gianluca Gaetano,39.4,61.5,52.6,60.9,,,,,"[{'type': {'displayName': 'Zone', 'value': 56}, 'value': 'Center'}, {'type': {'displayName': 'Angle', 'value': 213}, 'value': '6.25'}, {'type': {'displayName': 'PassEndX', 'value': 140}, 'value': '52.6'}, {'type': {'displayName': 'PassEndY', 'value': 141}, 'value': '60.9'}, {'type': {'displayName': 'Length', 'value': 212}, 'value': '13.9'}]",True,,,,,
1901113,FirstHalf,40,23.0,40,BallRecovery,Successful,78,Cagliari,457171.0,Semih Kiliçsoy,54.0,59.3,,,,,,,[],False,,,,,
1901113,FirstHalf,40,25.0,40,Dispossessed,Successful,78,Cagliari,457171.0,Semih Kiliçsoy,61.6,66.8,,,,,,,"[{'type': {'displayName': 'Offensive', 'value': 286}}, {'type': {'displayName': 'Zone', 'value': 56}, 'value': 'Center'}, {'type': {'displayName': 'OppositeRelatedEvent', 'value': 233}, 'value': '444'}]",True,,,,,
1901113,FirstHalf,40,25.0,40,Tackle,Unsuccessful,87,Juventus,343308.0,Teun Koopmeiners,38.4,33.2,,,,,,,"[{'type': {'displayName': 'Zone', 'value': 56}, 'value': 'Back'}, {'type': {'displayName': 'OppositeRelatedEvent', 'value': 233}, 'value': '266'}, {'type': {'displayName': 'Defensive', 'value': 285}}]",True,,,,,
1901113,FirstHalf,40,27.0,40,TakeOn,Successful,78,Cagliari,457171.0,Semih Kiliçsoy,61.0,71.2,,,,,,,"[{'type': {'displayName': 'Offensive', 'value': 286}}, {'type': {'displayName': 'Zone', 'value': 56}, 'value': 'Center'}, {'type': {'displayName': 'OppositeRelatedEvent', 'value': 233}, 'value': '445'}]",True,,,,,
1901113,FirstHalf,40,27.0,40,Challenge,Unsuccessful,87,Juventus,391836.0,Pierre Kalulu,39.0,28.8,,,,,,,"[{'type': {'displayName': 'Zone', 'value': 56}, 'value': 'Back'}, {'type': {'displayName': 'OppositeRelatedEvent', 'value': 233}, 'value': '267'}, {'type': {'displayName': 'Defensive', 'value': 285}}]",False,,,,,
1901113,FirstHalf,40,29.0,40,Pass,Successful,78,Cagliari,457171.0,Semih Kiliçsoy,59.3,66.4,64.9,8.4,,,,,"[{'type': {'displayName': 'Longball', 'value': 1}}, {'type': {'displayName': 'Zone', 'value': 56}, 'value': 'Right'}, {'type': {'displayName': 'PassEndY', 'value': 141}, 'value': '8.4'}, {'type': {'displayName': 'Length', 'value': 212}, 'value': '39.9'}, {'type': {'displayName': 'Chipped', 'value': 155}}, {'type': {'displayName': 'Angle', 'value': 213}, 'value': '4.86'}, {'type': {'displayName': 'PassEndX', 'value': 140}, 'value': '64.9'}]",True,,,,,
1901113,FirstHalf,40,34.0,40,TakeOn,Successful,78,Cagliari,481154.0,Marco Palestra,72.5,9.0,,,,,,,"[{'type': {'displayName': 'Zone', 'value': 56}, 'value': 'Right'}, {'type': {'displayName': 'OppositeRelatedEvent', 'value': 233}, 'value': '446'}, {'type': {'displayName': 'Offensive', 'value': 286}}]",True,,,,,
1901113,FirstHalf,40,34.0,40,Challenge,Unsuccessful,87,Juventus,423440.0,Andrea Cambiaso,27.5,91.0,,,,,,,"[{'type': {'displayName': 'Zone', 'value': 56}, 'value': 'Back'}, {'type': {'displayName': 'OppositeRelatedEvent', 'value': 233}, 'value': '269'}, {'type': {'displayName': 'Defensive', 'value': 285}}]",False,,,,,
1901113,FirstHalf,40,40.0,40,BallTouch,Unsuccessful,78,Cagliari,481154.0,Marco Palestra,92.2,29.4,,,,,,,"[{'type': {'displayName': 'Zone', 'value': 56}, 'value': 'Center'}]",True,,,,,
1901113,FirstHalf,40,42.0,40,Foul,Successful,87,Juventus,,,7.6,71.1,,,,,,,"[{'type': {'displayName': 'Zone', 'value': 56}, 'value': 'Back'}, {'type': {'displayName': 'OppositeRelatedEvent', 'value': 233}, 'value': '271'}, {'type': {'displayName': 'Defensive', 'value': 285}}]",True,,,,,
1901113,FirstHalf,40,42.0,40,Foul,Unsuccessful,78,Cagliari,481154.0,Marco Palestra,92.4,28.9,,,,,,,"[{'type': {'displayName': 'Offensive', 'value': 286}}, {'type': {'displayName': 'Zone', 'value': 56}, 'value': 'Center'}, {'type': {'displayName': 'OppositeRelatedEvent', 'value': 233}, 'value': '449'}]",False,,,,,
1901113,FirstHalf,41,11.0,41,Pass,Successful,87,Juventus,78880.0,Mattia Perin,10.4,69.1,33.4,54.1,,,,,"[{'type': {'displayName': 'Zone', 'value': 56}, 'value': 'Back'}, {'type': {'displayName': 'FreekickTaken', 'value': 5}}, {'type': {'displayName': 'Length', 'value': 212}, 'value': '26.2'}, {'type': {'displayName': 'PassEndY', 'value': 141}, 'value': '54.1'}, {'type': {'displayName': 'PassEndX', 'value': 140}, 'value': '33.4'}, {'type': {'displayName': 'Angle', 'value': 213}, 'value': '5.88'}]",True,,,,,
1901113,FirstHalf,41,12.0,41,Pass,Successful,87,Juventus,273539.0,Manuel Locatelli,33.5,54.1,33.6,37.2,,,,,"[{'type': {'displayName': 'PassEndY', 'value': 141}, 'value': '37.2'}, {'type': {'displayName': 'Angle', 'value': 213}, 'value': '4.72'}, {'type': {'displayName': 'Zone', 'value': 56}, 'value': 'Back'}, {'type': {'displayName': 'PassEndX', 'value': 140}, 'value': '33.6'}, {'type': {'displayName': 'Length', 'value': 212}, 'value': '11.5'}]",True,,,,,
1901113,FirstHalf,41,19.0,41,Pass,Successful,87,Juventus,339875.0,Bremer,48.1,31.0,45.5,71.8,,,,,"[{'type': {'displayName': 'Zone', 'value': 56}, 'value': 'Back'}, {'type': {'displayName': 'Angle', 'value': 213}, 'value': '1.67'}, {'type': {'displayName': 'Length', 'value': 212}, 'value': '27.9'}, {'type': {'displayName': 'PassEndY', 'value': 141}, 'value': '71.8'}, {'type': {'displayName': 'PassEndX', 'value': 140}, 'value': '45.5'}]",True,,,,,
1901113,FirstHalf,41,22.0,41,Pass,Successful,87,Juventus,332419.0,Lloyd Kelly,51.8,72.9,61.4,77.1,,,,,"[{'type': {'displayName': 'Angle', 'value': 213}, 'value': '0.28'}, {'type': {'displayName': 'PassEndX', 'value': 140}, 'value': '61.4'}, {'type': {'displayName': 'PassEndY', 'value': 141}, 'value': '77.1'}, {'type': {'displayName': 'Zone', 'value': 56}, 'value': 'Center'}, {'type': {'displayName': 'Length', 'value': 212}, 'value': '10.5'}]",True,,,,,
1901113,FirstHalf,41,24.0,41,Pass,Successful,87,Juventus,425080.0,Fabio Miretti,61.5,77.1,52.9,67.5,,,,,"[{'type': {'displayName': 'PassEndY', 'value': 141}, 'value': '67.5'}, {'type': {'displayName': 'Length', 'value': 212}, 'value': '11.1'}, {'type': {'displayName': 'Angle', 'value': 213}, 'value': '3.77'}, {'type': {'displayName': 'Zone', 'value': 56}, 'value': 'Center'}, {'type': {'displayName': 'PassEndX', 'value': 140}, 'value': '52.9'}]",True,,,,,
1901113,FirstHalf,41,28.0,41,Pass,Successful,87,Juventus,332419.0,Lloyd Kelly,56.9,65.1,60.8,35.5,,,,,"[{'type': {'displayName': 'Length', 'value': 212}, 'value': '20.5'}, {'type': {'displayName': 'Zone', 'value': 56}, 'value': 'Center'}, {'type': {'displayName': 'Angle', 'value': 213}, 'value': '4.91'}, {'type': {'displayName': 'PassEndX', 'value': 140}, 'value': '60.8'}, {'type': {'displayName': 'PassEndY', 'value': 141}, 'value': '35.5'}]",True,,,,,
1901113,FirstHalf,41,30.0,41,Pass,Successful,87,Juventus,339875.0,Bremer,60.0,33.9,70.6,29.4,,,,,"[{'type': {'displayName': 'PassEndY', 'value': 141}, 'value': '29.4'}, {'type': {'displayName': 'PassEndX', 'value': 140}, 'value': '70.6'}, {'type': {'displayName': 'Zone', 'value': 56}, 'value': 'Center'}, {'type': {'displayName': 'Angle', 'value': 213}, 'value': '6.01'}, {'type': {'displayName': 'Length', 'value': 212}, 'value': '11.5'}]",True,,,,,
1901113,FirstHalf,41,32.0,41,Pass,Successful,87,Juventus,338275.0,Weston McKennie,70.6,29.4,72.7,40.8,,,,,"[{'type': {'displayName': 'Zone', 'value': 56}, 'value': 'Center'}, {'type': {'displayName': 'Angle', 'value': 213}, 'value': '1.29'}, {'type': {'displayName': 'PassEndX', 'value': 140}, 'value': '72.7'}, {'type': {'displayName': 'Length', 'value': 212}, 'value': '8.1'}, {'type': {'displayName': 'PassEndY', 'value': 141}, 'value': '40.8'}]",True,,,,,
1901113,FirstHalf,41,33.0,41,Pass,Successful,87,Juventus,383855.0,Jonathan David,72.5,39.9,57.1,69.4,,,,,"[{'type': {'displayName': 'PassEndX', 'value': 140}, 'value': '57.1'}, {'type': {'displayName': 'Zone', 'value': 56}, 'value': 'Center'}, {'type': {'displayName': 'Angle', 'value': 213}, 'value': '2.25'}, {'type': {'displayName': 'Length', 'value': 212}, 'value': '25.8'}, {'type': {'displayName': 'PassEndY', 'value': 141}, 'value': '69.4'}]",True,,,,,
1901113,FirstHalf,41,36.0,41,Pass,Successful,87,Juventus,332419.0,Lloyd Kelly,57.1,69.4,69.3,95.8,,,,,"[{'type': {'displayName': 'PassEndY', 'value': 141}, 'value': '95.8'}, {'type': {'displayName': 'Length', 'value': 212}, 'value': '22.1'}, {'type': {'displayName': 'Angle', 'value': 213}, 'value': '0.95'}, {'type': {'displayName': 'Zone', 'value': 56}, 'value': 'Left'}, {'type': {'displayName': 'PassEndX', 'value': 140}, 'value': '69.3'}]",True,,,,,
1901113,FirstHalf,41,41.0,41,BallTouch,Unsuccessful,87,Juventus,494525.0,Kenan Yildiz,72.8,95.8,,,,,,,"[{'type': {'displayName': 'Zone', 'value': 56}, 'value': 'Left'}]",True,,,,,
1901113,FirstHalf,41,42.0,41,BallRecovery,Successful,78,Cagliari,356176.0,Michel Adopo,25.1,12.4,,,,,,,[],False,,,,,
1901113,FirstHalf,41,43.0,41,Pass,Successful,78,Cagliari,356176.0,Michel Adopo,25.4,13.6,31.8,38.2,,,,,"[{'type': {'displayName': 'PassEndY', 'value': 141}, 'value': '38.2'}, {'type': {'displayName': 'Angle', 'value': 213}, 'value': '1.19'}, {'type': {'displayName': 'Zone', 'value': 56}, 'value': 'Back'}, {'type': {'displayName': 'Length', 'value': 212}, 'value': '18.0'}, {'type': {'displayName': 'PassEndX', 'value': 140}, 'value': '31.8'}]",True,,,,,
1901113,FirstHalf,41,45.0,41,Pass,Successful,78,Cagliari,457171.0,Semih Kiliçsoy,32.8,42.6,23.6,54.1,,,,,"[{'type': {'displayName': 'Angle', 'value': 213}, 'value': '2.46'}, {'type': {'displayName': 'PassEndX', 'value': 140}, 'value': '23.6'}, {'type': {'displayName': 'PassEndY', 'value': 141}, 'value': '54.1'}, {'type': {'displayName': 'Length', 'value': 212}, 'value': '12.4'}, {'type': {'displayName': 'Zone', 'value': 56}, 'value': 'Back'}]",True,,,,,
1901113,FirstHalf,41,47.0,41,Pass,Successful,78,Cagliari,255292.0,Sebastiano Luperto,23.6,54.1,21.3,29.7,,,,,"[{'type': {'displayName': 'Length', 'value': 212}, 'value': '16.8'}, {'type': {'displayName': 'PassEndX', 'value': 140}, 'value': '21.3'}, {'type': {'displayName': 'Zone', 'value': 56}, 'value': 'Back'}, {'type': {'displayName': 'Angle', 'value': 213}, 'value': '4.57'}, {'type': {'displayName': 'PassEndY', 'value': 141}, 'value': '29.7'}]",True,,,,,
1901113,FirstHalf,41,49.0,41,Pass,Successful,78,Cagliari,318432.0,Yerry Mina,21.4,29.7,20.0,64.3,,,,,"[{'type': {'displayName': 'Length', 'value': 212}, 'value': '23.6'}, {'type': {'displayName': 'Angle', 'value': 213}, 'value': '1.63'}, {'type': {'displayName': 'Zone', 'value': 56}, 'value': 'Back'}, {'type': {'displayName': 'PassEndX', 'value': 140}, 'value': '20.0'}, {'type': {'displayName': 'PassEndY', 'value': 141}, 'value': '64.3'}]",True,,,,,
1901113,FirstHalf,41,51.0,41,Pass,Successful,78,Cagliari,255292.0,Sebastiano Luperto,21.1,68.4,35.9,69.6,,,,,"[{'type': {'displayName': 'Zone', 'value': 56}, 'value': 'Back'}, {'type': {'displayName': 'Angle', 'value': 213}, 'value': '0.05'}, {'type': {'displayName': 'Length', 'value': 212}, 'value': '15.6'}, {'type': {'displayName': 'PassEndX', 'value': 140}, 'value': '35.9'}, {'type': {'displayName': 'PassEndY', 'value': 141}, 'value': '69.6'}]",True,,,,,
1901113,FirstHalf,41,53.0,41,Pass,Successful,78,Cagliari,141269.0,Luca Mazzitelli,35.9,69.6,30.5,61.5,,,,,"[{'type': {'displayName': 'LayOff', 'value': 156}}, {'type': {'displayName': 'Zone', 'value': 56}, 'value': 'Back'}, {'type': {'displayName': 'PassEndY', 'value': 141}, 'value': '61.5'}, {'type': {'displayName': 'Angle', 'value': 213}, 'value': '3.91'}, {'type': {'displayName': 'PassEndX', 'value': 140}, 'value': '30.5'}, {'type': {'displayName': 'Length', 'value': 212}, 'value': '7.9'}]",True,,,,,
1901113,FirstHalf,41,55.0,41,Pass,Successful,78,Cagliari,369883.0,Gianluca Gaetano,30.5,61.5,44.4,62.5,,,,,"[{'type': {'displayName': 'Zone', 'value': 56}, 'value': 'Back'}, {'type': {'displayName': 'Length', 'value': 212}, 'value': '14.6'}, {'type': {'displayName': 'PassEndY', 'value': 141}, 'value': '62.5'}, {'type': {'displayName': 'PassEndX', 'value': 140}, 'value': '44.4'}, {'type': {'displayName': 'Angle', 'value': 213}, 'value': '0.05'}]",True,,,,,
1901113,FirstHalf,41,57.0,41,Pass,Unsuccessful,78,Cagliari,457171.0,Semih Kiliçsoy,37.1,78.7,35.1,76.8,,,,,"[{'type': {'displayName': 'Zone', 'value': 56}, 'value': 'Back'}, {'type': {'displayName': 'Length', 'value': 212}, 'value': '2.5'}, {'type': {'displayName': 'Offensive', 'value': 286}}, {'type': {'displayName': 'Angle', 'value': 213}, 'value': '3.69'}, {'type': {'displayName': 'OppositeRelatedEvent', 'value': 233}, 'value': '461'}, {'type': {'displayName': 'PassEndY', 'value': 141}, 'value': '76.8'}, {'type': {'displayName': 'PassEndX', 'value': 140}, 'value': '35.1'}]",True,,,,,
1901113,FirstHalf,41,57.0,41,BlockedPass,Successful,87,Juventus,383855.0,Jonathan David,64.9,23.2,,,,,,,"[{'type': {'displayName': 'Zone', 'value': 56}, 'value': 'Center'}, {'type': {'displayName': 'OppositeRelatedEvent', 'value': 233}, 'value': '281'}, {'type': {'displayName': 'Defensive', 'value': 285}}]",True,,,,,
1901113,FirstHalf,42,1.0,42,BallRecovery,Successful,87,Juventus,383855.0,Jonathan David,63.5,7.8,,,,,,,[],False,,,,,
1901113,FirstHalf,42,1.0,42,Pass,Successful,87,Juventus,383855.0,Jonathan David,63.2,4.9,57.2,8.7,,,,,"[{'type': {'displayName': 'Angle', 'value': 213}, 'value': '2.75'}, {'type': {'displayName': 'Zone', 'value': 56}, 'value': 'Right'}, {'type': {'displayName': 'PassEndX', 'value': 140}, 'value': '57.2'}, {'type': {'displayName': 'PassEndY', 'value': 141}, 'value': '8.7'}, {'type': {'displayName': 'Length', 'value': 212}, 'value': '6.8'}]",True,,,,,
1901113,FirstHalf,42,2.0,42,Pass,Successful,87,Juventus,338275.0,Weston McKennie,57.2,8.7,58.1,28.3,,,,,"[{'type': {'displayName': 'PassEndY', 'value': 141}, 'value': '28.3'}, {'type': {'displayName': 'Zone', 'value': 56}, 'value': 'Center'}, {'type': {'displayName': 'Length', 'value': 212}, 'value': '13.4'}, {'type': {'displayName': 'Angle', 'value': 213}, 'value': '1.50'}, {'type': {'displayName': 'PassEndX', 'value': 140}, 'value': '58.1'}]",True,,,,,
1901113,FirstHalf,42,3.0,42,Pass,Successful,87,Juventus,343308.0,Teun Koopmeiners,58.1,28.3,54.3,22.2,,,,,"[{'type': {'displayName': 'Angle', 'value': 213}, 'value': '3.95'}, {'type': {'displayName': 'PassEndX', 'value': 140}, 'value': '54.3'}, {'type': {'displayName': 'PassEndY', 'value': 141}, 'value': '22.2'}, {'type': {'displayName': 'Length', 'value': 212}, 'value': '5.8'}, {'type': {'displayName': 'Zone', 'value': 56}, 'value': 'Center'}]",True,,,,,
1901113,FirstHalf,42,4.0,42,Pass,Successful,87,Juventus,391836.0,Pierre Kalulu,53.4,26.2,44.7,57.7,,,,,"[{'type': {'displayName': 'PassEndY', 'value': 141}, 'value': '57.7'}, {'type': {'displayName': 'PassEndX', 'value': 140}, 'value': '44.7'}, {'type': {'displayName': 'Angle', 'value': 213}, 'value': '1.97'}, {'type': {'displayName': 'Zone', 'value': 56}, 'value': 'Back'}, {'type': {'displayName': 'Length', 'value': 212}, 'value': '23.3'}]",True,,,,,
1901113,FirstHalf,42,11.0,42,Pass,Successful,87,Juventus,332419.0,Lloyd Kelly,56.3,64.0,62.2,47.7,,,,,"[{'type': {'displayName': 'PassEndY', 'value': 141}, 'value': '47.7'}, {'type': {'displayName': 'Length', 'value': 212}, 'value': '12.7'}, {'type': {'displayName': 'Zone', 'value': 56}, 'value': 'Center'}, {'type': {'displayName': 'PassEndX', 'value': 140}, 'value': '62.2'}, {'type': {'displayName': 'Angle', 'value': 213}, 'value': '5.22'}]",True,,,,,
1901113,FirstHalf,42,13.0,42,Pass,Successful,87,Juventus,343308.0,Teun Koopmeiners,61.9,48.7,84.4,6.1,,,,,"[{'type': {'displayName': 'PassEndX', 'value': 140}, 'value': '84.4'}, {'type': {'displayName': 'Zone', 'value': 56}, 'value': 'Right'}, {'type': {'displayName': 'Longball', 'value': 1}}, {'type': {'displayName': 'Chipped', 'value': 155}}, {'type': {'displayName': 'Angle', 'value': 213}, 'value': '5.40'}, {'type': {'displayName': 'PassEndY', 'value': 141}, 'value': '6.1'}, {'type': {'displayName': 'Length', 'value': 212}, 'value': '37.4'}]",True,,,,,
1901113,FirstHalf,42,16.0,42,Pass,Unsuccessful,87,Juventus,338275.0,Weston McKennie,83.7,6.1,84.4,15.1,,,,,"[{'type': {'displayName': 'Zone', 'value': 56}, 'value': 'Right'}, {'type': {'displayName': 'Angle', 'value': 213}, 'value': '1.45'}, {'type': {'displayName': 'Length', 'value': 212}, 'value': '6.2'}, {'type': {'displayName': 'PassEndY', 'value': 141}, 'value': '15.1'}, {'type': {'displayName': 'PassEndX', 'value': 140}, 'value': '84.4'}]",True,,,,,
1901113,FirstHalf,42,16.0,42,BallTouch,Successful,78,Cagliari,424534.0,Adam Obert,15.6,84.9,,,,,,,"[{'type': {'displayName': 'Zone', 'value': 56}, 'value': 'Back'}]",True,,,,,
1901113,FirstHalf,42,18.0,42,CornerAwarded,Unsuccessful,78,Cagliari,424534.0,Adam Obert,0.0,76.3,,,,,,,"[{'type': {'displayName': 'Zone', 'value': 56}, 'value': 'Back'}, {'type': {'displayName': 'MissLeft', 'value': 73}}, {'type': {'displayName': 'OppositeRelatedEvent', 'value': 233}, 'value': '470'}]",False,,,,,
1901113,FirstHalf,42,18.0,42,CornerAwarded,Successful,87,Juventus,338275.0,Weston McKennie,100.0,23.7,,,,,,,"[{'type': {'displayName': 'OppositeRelatedEvent', 'value': 233}, 'value': '283'}, {'type': {'displayName': 'Zone', 'value': 56}, 'value': 'Center'}, {'type': {'displayName': 'MissRight', 'value': 75}}]",False,,,,,
1901113,FirstHalf,42,47.0,42,Pass,Unsuccessful,87,Juventus,343308.0,Teun Koopmeiners,99.5,0.5,94.9,58.6,,,,,"[{'type': {'displayName': 'Zone', 'value': 56}, 'value': 'Center'}, {'type': {'displayName': 'Longball', 'value': 1}}, {'type': {'displayName': 'Angle', 'value': 213}, 'value': '1.69'}, {'type': {'displayName': 'PassEndY', 'value': 141}, 'value': '58.6'}, {'type': {'displayName': 'CornerTaken', 'value': 6}}, {'type': {'displayName': 'Cross', 'value': 2}}, {'type': {'displayName': 'Length', 'value': 212}, 'value': '39.8'}, {'type': {'displayName': 'LeftFoot', 'value': 72}}, {'type': {'displayName': 'Chipped', 'value': 155}}, {'type': {'displayName': 'PassEndX', 'value': 140}, 'value': '94.9'}]",True,,,,,
1901113,FirstHalf,42,50.0,42,Clearance,Successful,78,Cagliari,255292.0,Sebastiano Luperto,6.7,47.4,18.6,38.5,,,,,"[{'type': {'displayName': 'Zone', 'value': 56}, 'value': 'Back'}, {'type': {'displayName': 'Angle', 'value': 213}, 'value': '5.83'}, {'type': {'displayName': 'PassEndX', 'value': 140}, 'value': '18.6'}, {'type': {'displayName': 'PassEndY', 'value': 141}, 'value': '38.5'}, {'type': {'displayName': 'Length', 'value': 212}, 'value': '13.9'}, {'type': {'displayName': 'Head', 'value': 15}}]",True,,,,,
1901113,FirstHalf,42,50.0,42,Pass,Successful,87,Juventus,423440.0,Andrea Cambiaso,76.8,67.9,72.9,57.3,,,,,"[{'type': {'displayName': 'ShotAssist', 'value': 210}, 'value': '13'}, {'type': {'displayName': 'IntentionalAssist', 'value': 154}}, {'type': {'displayName': 'PassEndX', 'value': 140}, 'value': '72.9'}, {'type': {'displayName': 'PassEndY', 'value': 141}, 'value': '57.3'}, {'type': {'displayName': 'Length', 'value': 212}, 'value': '8.3'}, {'type': {'displayName': 'Angle', 'value': 213}, 'value': '4.20'}, {'type': {'displayName': 'Zone', 'value': 56}, 'value': 'Center'}, {'type': {'displayName': 'KeyPass', 'value': 11113}}]",True,,,,,
1901113,FirstHalf,42,52.0,42,MissedShots,Successful,87,Juventus,273539.0,Manuel Locatelli,72.8,53.8,,,17.0,6.9,,,"[{'type': {'displayName': 'GoalMouthY', 'value': 102}, 'value': '17.0'}, {'type': {'displayName': 'RightFoot', 'value': 20}}, {'type': {'displayName': 'FirstTouch', 'value': 328}}, {'type': {'displayName': 'MissRight', 'value': 75}}, {'type': {'displayName': 'Zone', 'value': 56}, 'value': 'Center'}, {'type': {'displayName': 'IntentionalAssist', 'value': 154}}, {'type': {'displayName': 'OutOfBoxCentre', 'value': 18}}, {'type': {'displayName': 'Assisted', 'value': 29}}, {'type': {'displayName': 'FromCorner', 'value': 25}}, {'type': {'displayName': 'RelatedEventId', 'value': 55}, 'value': '472'}, {'type': {'displayName': 'GoalMouthZ', 'value': 103}, 'value': '6.9'}]",True,True,,,472.0,423440.0
1901113,FirstHalf,43,33.0,43,Pass,Unsuccessful,78,Cagliari,362780.0,Elia Caprile,4.9,58.8,54.6,100.0,,,,,"[{'type': {'displayName': 'GoalKick', 'value': 124}}, {'type': {'displayName': 'PassEndX', 'value': 140}, 'value': '54.6'}, {'type': {'displayName': 'MissHigh', 'value': 74}}, {'type': {'displayName': 'Angle', 'value': 213}, 'value': '0.51'}, {'type': {'displayName': 'Zone', 'value': 56}, 'value': 'Left'}, {'type': {'displayName': 'Longball', 'value': 1}}, {'type': {'displayName': 'Length', 'value': 212}, 'value': '59.7'}, {'type': {'displayName': 'PassEndY', 'value': 141}, 'value': '100.0'}]",True,,,,,
1901113,FirstHalf,43,43.0,43,Pass,Successful,87,Juventus,338275.0,Weston McKennie,51.4,0.0,54.6,17.4,,,,,"[{'type': {'displayName': 'Angle', 'value': 213}, 'value': '1.31'}, {'type': {'displayName': 'PassEndY', 'value': 141}, 'value': '17.4'}, {'type': {'displayName': 'PassEndX', 'value': 140}, 'value': '54.6'}, {'type': {'displayName': 'Zone', 'value': 56}, 'value': 'Right'}, {'type': {'displayName': 'ThrowIn', 'value': 107}}, {'type': {'displayName': 'Length', 'value': 212}, 'value': '12.8'}]",True,,,,,
1901113,FirstHalf,43,43.0,43,Pass,Successful,87,Juventus,273539.0,Manuel Locatelli,54.6,17.4,65.2,4.8,,,,,"[{'type': {'displayName': 'Zone', 'value': 56}, 'value': 'Right'}, {'type': {'displayName': 'Angle', 'value': 213}, 'value': '5.63'}, {'type': {'displayName': 'PassEndY', 'value': 141}, 'value': '4.8'}, {'type': {'displayName': 'PassEndX', 'value': 140}, 'value': '65.2'}, {'type': {'displayName': 'Length', 'value': 212}, 'value': '14.0'}]",True,,,,,
1901113,FirstHalf,43,44.0,43,Pass,Successful,87,Juventus,391836.0,Pierre Kalulu,65.2,4.8,63.8,17.7,,,,,"[{'type': {'displayName': 'Zone', 'value': 56}, 'value': 'Right'}, {'type': {'displayName': 'PassEndX', 'value': 140}, 'value': '63.8'}, {'type': {'displayName': 'PassEndY', 'value': 141}, 'value': '17.7'}, {'type': {'displayName': 'Length', 'value': 212}, 'value': '8.9'}, {'type': {'displayName': 'Angle', 'value': 213}, 'value': '1.74'}]",True,,,,,
1901113,FirstHalf,43,45.0,43,Pass,Unsuccessful,87,Juventus,273539.0,Manuel Locatelli,65.0,14.8,68.6,15.7,,,,,"[{'type': {'displayName': 'PassEndY', 'value': 141}, 'value': '15.7'}, {'type': {'displayName': 'OppositeRelatedEvent', 'value': 233}, 'value': '288'}, {'type': {'displayName': 'Offensive', 'value': 286}}, {'type': {'displayName': 'Length', 'value': 212}, 'value': '3.8'}, {'type': {'displayName': 'PassEndX', 'value': 140}, 'value': '68.6'}, {'type': {'displayName': 'Angle', 'value': 213}, 'value': '0.16'}, {'type': {'displayName': 'Zone', 'value': 56}, 'value': 'Right'}]",True,,,,,
1901113,FirstHalf,43,45.0,43,BlockedPass,Successful,78,Cagliari,369883.0,Gianluca Gaetano,31.4,84.3,,,,,,,"[{'type': {'displayName': 'OppositeRelatedEvent', 'value': 233}, 'value': '479'}, {'type': {'displayName': 'Zone', 'value': 56}, 'value': 'Back'}, {'type': {'displayName': 'Defensive', 'value': 285}}]",True,,,,,
1901113,FirstHalf,43,46.0,43,BallTouch,Successful,87,Juventus,273539.0,Manuel Locatelli,68.7,14.7,,,,,,,"[{'type': {'displayName': 'Zone', 'value': 56}, 'value': 'Right'}]",True,,,,,
1901113,FirstHalf,43,47.0,43,BallTouch,Successful,78,Cagliari,369883.0,Gianluca Gaetano,29.1,90.0,,,,,,,"[{'type': {'displayName': 'Zone', 'value': 56}, 'value': 'Back'}]",True,,,,,
1901113,FirstHalf,43,47.0,43,Pass,Successful,87,Juventus,273539.0,Manuel Locatelli,66.6,17.2,72.8,31.6,,,,,"[{'type': {'displayName': 'Angle', 'value': 213}, 'value': '0.98'}, {'type': {'displayName': 'Length', 'value': 212}, 'value': '11.8'}, {'type': {'displayName': 'Zone', 'value': 56}, 'value': 'Center'}, {'type': {'displayName': 'PassEndX', 'value': 140}, 'value': '72.8'}, {'type': {'displayName': 'PassEndY', 'value': 141}, 'value': '31.6'}]",True,,,,,
1901113,FirstHalf,43,49.0,43,Pass,Successful,87,Juventus,383855.0,Jonathan David,72.8,25.8,70.4,23.5,,,,,"[{'type': {'displayName': 'PassEndY', 'value': 141}, 'value': '23.5'}, {'type': {'displayName': 'PassEndX', 'value': 140}, 'value': '70.4'}, {'type': {'displayName': 'Zone', 'value': 56}, 'value': 'Center'}, {'type': {'displayName': 'Angle', 'value': 213}, 'value': '3.70'}, {'type': {'displayName': 'Length', 'value': 212}, 'value': '3.0'}]",True,,,,,
1901113,FirstHalf,43,50.0,43,Pass,Unsuccessful,87,Juventus,425080.0,Fabio Miretti,74.0,39.4,100.0,85.0,,,,,"[{'type': {'displayName': 'PassEndX', 'value': 140}, 'value': '100.0'}, {'type': {'displayName': 'PassEndY', 'value': 141}, 'value': '85.0'}, {'type': {'displayName': 'Angle', 'value': 213}, 'value': '0.83'}, {'type': {'displayName': 'Longball', 'value': 1}}, {'type': {'displayName': 'Chipped', 'value': 155}}, {'type': {'displayName': 'Length', 'value': 212}, 'value': '42.0'}, {'type': {'displayName': 'Zone', 'value': 56}, 'value': 'Left'}]",True,,,,,
1901113,FirstHalf,44,20.0,44,Pass,Unsuccessful,78,Cagliari,362780.0,Elia Caprile,4.7,43.6,53.8,24.9,,,,,"[{'type': {'displayName': 'MissHigh', 'value': 74}}, {'type': {'displayName': 'Longball', 'value': 1}}, {'type': {'displayName': 'Zone', 'value': 56}, 'value': 'Center'}, {'type': {'displayName': 'PassEndX', 'value': 140}, 'value': '53.8'}, {'type': {'displayName': 'PassEndY', 'value': 141}, 'value': '24.9'}, {'type': {'displayName': 'Length', 'value': 212}, 'value': '53.1'}, {'type': {'displayName': 'GoalKick', 'value': 124}}, {'type': {'displayName': 'Angle', 'value': 213}, 'value': '6.04'}]",True,,,,,
1901113,FirstHalf,44,24.0,44,Aerial,Successful,87,Juventus,332419.0,Lloyd Kelly,46.2,75.1,,,,,,,"[{'type': {'displayName': 'OppositeRelatedEvent', 'value': 233}, 'value': '292'}, {'type': {'displayName': 'Zone', 'value': 56}, 'value': 'Back'}, {'type': {'displayName': 'Defensive', 'value': 285}}]",False,,,,,
1901113,FirstHalf,44,24.0,44,Aerial,Unsuccessful,78,Cagliari,356176.0,Michel Adopo,53.8,24.9,,,,,,,"[{'type': {'displayName': 'Zone', 'value': 56}, 'value': 'Center'}, {'type': {'displayName': 'Offensive', 'value': 286}}, {'type': {'displayName': 'OppositeRelatedEvent', 'value': 233}, 'value': '484'}]",False,,,,,
1901113,FirstHalf,44,25.0,44,Pass,Unsuccessful,87,Juventus,332419.0,Lloyd Kelly,41.2,70.3,43.9,68.3,,,,,"[{'type': {'displayName': 'Zone', 'value': 56}, 'value': 'Back'}, {'type': {'displayName': 'HeadPass', 'value': 3}}, {'type': {'displayName': 'Length', 'value': 212}, 'value': '3.1'}, {'type': {'displayName': 'Angle', 'value': 213}, 'value': '5.84'}, {'type': {'displayName': 'PassEndY', 'value': 141}, 'value': '68.3'}, {'type': {'displayName': 'PassEndX', 'value': 140}, 'value': '43.9'}]",True,,,,,
1901113,FirstHalf,44,25.0,44,BallTouch,Successful,78,Cagliari,356176.0,Michel Adopo,57.8,29.4,,,,,,,"[{'type': {'displayName': 'Zone', 'value': 56}, 'value': 'Center'}]",True,,,,,
1901113,FirstHalf,44,26.0,44,Pass,Successful,87,Juventus,425080.0,Fabio Miretti,42.0,74.1,40.9,78.0,,,,,"[{'type': {'displayName': 'Angle', 'value': 213}, 'value': '1.98'}, {'type': {'displayName': 'Zone', 'value': 56}, 'value': 'Back'}, {'type': {'displayName': 'PassEndX', 'value': 140}, 'value': '40.9'}, {'type': {'displayName': 'PassEndY', 'value': 141}, 'value': '78.0'}, {'type': {'displayName': 'Length', 'value': 212}, 'value': '2.9'}]",True,,,,,
1901113,FirstHalf,44,27.0,44,BallRecovery,Successful,87,Juventus,332419.0,Lloyd Kelly,44.5,78.6,,,,,,,[],False,,,,,
1901113,FirstHalf,44,32.0,44,Pass,Unsuccessful,87,Juventus,332419.0,Lloyd Kelly,65.6,95.5,85.2,42.3,,,,,"[{'type': {'displayName': 'Longball', 'value': 1}}, {'type': {'displayName': 'Chipped', 'value': 155}}, {'type': {'displayName': 'PassEndY', 'value': 141}, 'value': '42.3'}, {'type': {'displayName': 'Zone', 'value': 56}, 'value': 'Center'}, {'type': {'displayName': 'PassEndX', 'value': 140}, 'value': '85.2'}, {'type': {'displayName': 'Length', 'value': 212}, 'value': '41.6'}, {'type': {'displayName': 'Angle', 'value': 213}, 'value': '5.23'}]",True,,,,,
1901113,FirstHalf,44,35.0,44,Clearance,Successful,78,Cagliari,424534.0,Adam Obert,14.7,51.7,11.8,100.0,,,,,"[{'type': {'displayName': 'Head', 'value': 15}}, {'type': {'displayName': 'PassEndX', 'value': 140}, 'value': '11.8'}, {'type': {'displayName': 'Length', 'value': 212}, 'value': '33.6'}, {'type': {'displayName': 'Zone', 'value': 56}, 'value': 'Back'}, {'type': {'displayName': 'Angle', 'value': 213}, 'value': '1.66'}, {'type': {'displayName': 'PassEndY', 'value': 141}, 'value': '100.0'}]",True,,,,,
1901113,FirstHalf,44,45.0,44,Pass,Successful,87,Juventus,338275.0,Weston McKennie,89.0,0.0,86.5,31.0,,,,,"[{'type': {'displayName': 'Angle', 'value': 213}, 'value': '1.69'}, {'type': {'displayName': 'Longball', 'value': 1}}, {'type': {'displayName': 'PassEndX', 'value': 140}, 'value': '86.5'}, {'type': {'displayName': 'Zone', 'value': 56}, 'value': 'Center'}, {'type': {'displayName': 'Length', 'value': 212}, 'value': '22.0'}, {'type': {'displayName': 'ThrowIn', 'value': 107}}, {'type': {'displayName': 'PassEndY', 'value': 141}, 'value': '31.0'}]",True,,,,,
1901113,FirstHalf,44,46.0,44,Pass,Successful,87,Juventus,425080.0,Fabio Miretti,78.3,21.3,71.8,4.5,,,,,"[{'type': {'displayName': 'Zone', 'value': 56}, 'value': 'Right'}, {'type': {'displayName': 'Length', 'value': 212}, 'value': '13.3'}, {'type': {'displayName': 'Angle', 'value': 213}, 'value': '4.17'}, {'type': {'displayName': 'PassEndY', 'value': 141}, 'value': '4.5'}, {'type': {'displayName': 'PassEndX', 'value': 140}, 'value': '71.8'}]",True,,,,,
1901113,FirstHalf,44,49.0,44,Pass,Successful,87,Juventus,391836.0,Pierre Kalulu,70.5,8.7,51.5,7.8,,,,,"[{'type': {'displayName': 'Length', 'value': 212}, 'value': '20.0'}, {'type': {'displayName': 'Zone', 'value': 56}, 'value': 'Right'}, {'type': {'displayName': 'Angle', 'value': 213}, 'value': '3.17'}, {'type': {'displayName': 'PassEndX', 'value': 140}, 'value': '51.5'}, {'type': {'displayName': 'PassEndY', 'value': 141}, 'value': '7.8'}]",True,,,,,
1901113,FirstHalf,44,53.0,44,Pass,Successful,87,Juventus,339875.0,Bremer,51.2,7.8,59.8,25.6,,,,,"[{'type': {'displayName': 'Angle', 'value': 213}, 'value': '0.93'}, {'type': {'displayName': 'Zone', 'value': 56}, 'value': 'Center'}, {'type': {'displayName': 'PassEndX', 'value': 140}, 'value': '59.8'}, {'type': {'displayName': 'PassEndY', 'value': 141}, 'value': '25.6'}, {'type': {'displayName': 'Length', 'value': 212}, 'value': '15.1'}]",True,,,,,
1901113,FirstHalf,44,55.0,44,Pass,Successful,87,Juventus,273539.0,Manuel Locatelli,59.8,25.6,43.6,47.2,,,,,"[{'type': {'displayName': 'PassEndY', 'value': 141}, 'value': '47.2'}, {'type': {'displayName': 'Length', 'value': 212}, 'value': '22.5'}, {'type': {'displayName': 'Zone', 'value': 56}, 'value': 'Back'}, {'type': {'displayName': 'Angle', 'value': 213}, 'value': '2.43'}, {'type': {'displayName': 'LayOff', 'value': 156}}, {'type': {'displayName': 'PassEndX', 'value': 140}, 'value': '43.6'}]",True,,,,,
1901113,FirstHalf,45,0.0,45,Pass,Successful,87,Juventus,332419.0,Lloyd Kelly,54.6,63.2,96.9,19.0,,,,,"[{'type': {'displayName': 'Angle', 'value': 213}, 'value': '5.69'}, {'type': {'displayName': 'Longball', 'value': 1}}, {'type': {'displayName': 'PassEndX', 'value': 140}, 'value': '96.9'}, {'type': {'displayName': 'PassEndY', 'value': 141}, 'value': '19.0'}, {'type': {'displayName': 'Length', 'value': 212}, 'value': '53.6'}, {'type': {'displayName': 'Chipped', 'value': 155}}, {'type': {'displayName': 'Zone', 'value': 56}, 'value': 'Right'}]",True,,,,,
1901113,FirstHalf,45,4.0,45,Pass,Unsuccessful,87,Juventus,391836.0,Pierre Kalulu,96.0,22.9,89.3,53.2,,,,,"[{'type': {'displayName': 'PassEndX', 'value': 140}, 'value': '89.3'}, {'type': {'displayName': 'PassEndY', 'value': 141}, 'value': '53.2'}, {'type': {'displayName': 'Length', 'value': 212}, 'value': '21.8'}, {'type': {'displayName': 'Angle', 'value': 213}, 'value': '1.90'}, {'type': {'displayName': 'Zone', 'value': 56}, 'value': 'Center'}]",True,,,,,
1901113,FirstHalf,45,6.0,45,Clearance,Successful,78,Cagliari,318432.0,Yerry Mina,7.0,48.3,25.9,28.9,,,,,"[{'type': {'displayName': 'PassEndX', 'value': 140}, 'value': '25.9'}, {'type': {'displayName': 'Angle', 'value': 213}, 'value': '5.70'}, {'type': {'displayName': 'Zone', 'value': 56}, 'value': 'Back'}, {'type': {'displayName': 'Length', 'value': 212}, 'value': '23.8'}, {'type': {'displayName': 'PassEndY', 'value': 141}, 'value': '28.9'}]",True,,,,,
1901113,FirstHalf,45,7.0,45,Pass,Successful,87,Juventus,343308.0,Teun Koopmeiners,70.4,67.8,71.4,43.8,,,,,"[{'type': {'displayName': 'Length', 'value': 212}, 'value': '16.4'}, {'type': {'displayName': 'Angle', 'value': 213}, 'value': '4.78'}, {'type': {'displayName': 'PassEndX', 'value': 140}, 'value': '71.4'}, {'type': {'displayName': 'PassEndY', 'value': 141}, 'value': '43.8'}, {'type': {'displayName': 'Zone', 'value': 56}, 'value': 'Center'}]",True,,,,,
1901113,FirstHalf,45,9.0,45,Pass,Successful,87,Juventus,273539.0,Manuel Locatelli,69.0,41.5,82.7,8.2,,,,,"[{'type': {'displayName': 'Zone', 'value': 56}, 'value': 'Right'}, {'type': {'displayName': 'Length', 'value': 212}, 'value': '26.8'}, {'type': {'displayName': 'PassEndY', 'value': 141}, 'value': '8.2'}, {'type': {'displayName': 'Angle', 'value': 213}, 'value': '5.28'}, {'type': {'displayName': 'PassEndX', 'value': 140}, 'value': '82.7'}]",True,,,,,
1901113,FirstHalf,45,12.0,45,Pass,Successful,87,Juventus,338275.0,Weston McKennie,82.1,8.5,73.5,31.9,,,,,"[{'type': {'displayName': 'Length', 'value': 212}, 'value': '18.3'}, {'type': {'displayName': 'PassEndX', 'value': 140}, 'value': '73.5'}, {'type': {'displayName': 'Zone', 'value': 56}, 'value': 'Center'}, {'type': {'displayName': 'Angle', 'value': 213}, 'value': '2.09'}, {'type': {'displayName': 'PassEndY', 'value': 141}, 'value': '31.9'}]",True,,,,,
1901113,FirstHalf,45,15.0,45,Challenge,Unsuccessful,78,Cagliari,141269.0,Luca Mazzitelli,19.0,70.1,,,,,,,"[{'type': {'displayName': 'OppositeRelatedEvent', 'value': 233}, 'value': '500'}, {'type': {'displayName': 'Zone', 'value': 56}, 'value': 'Back'}, {'type': {'displayName': 'Defensive', 'value': 285}}]",False,,,,,
1901113,FirstHalf,45,15.0,45,TakeOn,Successful,87,Juventus,273539.0,Manuel Locatelli,81.0,29.9,,,,,,,"[{'type': {'displayName': 'OppositeRelatedEvent', 'value': 233}, 'value': '297'}, {'type': {'displayName': 'Offensive', 'value': 286}}, {'type': {'displayName': 'Zone', 'value': 56}, 'value': 'Center'}]",True,,,,,
1901113,FirstHalf,45,16.0,45,Pass,Successful,87,Juventus,273539.0,Manuel Locatelli,76.1,29.2,87.2,7.2,,,,,"[{'type': {'displayName': 'Angle', 'value': 213}, 'value': '5.37'}, {'type': {'displayName': 'Zone', 'value': 56}, 'value': 'Right'}, {'type': {'displayName': 'PassEndX', 'value': 140}, 'value': '87.2'}, {'type': {'displayName': 'PassEndY', 'value': 141}, 'value': '7.2'}, {'type': {'displayName': 'Length', 'value': 212}, 'value': '19.0'}]",True,,,,,
1901113,FirstHalf,45,19.0,45,Pass,Unsuccessful,87,Juventus,391836.0,Pierre Kalulu,88.5,7.8,87.5,54.6,,,,,"[{'type': {'displayName': 'RightFoot', 'value': 20}}, {'type': {'displayName': 'PassEndX', 'value': 140}, 'value': '87.5'}, {'type': {'displayName': 'Length', 'value': 212}, 'value': '31.8'}, {'type': {'displayName': 'Chipped', 'value': 155}}, {'type': {'displayName': 'Cross', 'value': 2}}, {'type': {'displayName': 'Angle', 'value': 213}, 'value': '1.60'}, {'type': {'displayName': 'Zone', 'value': 56}, 'value': 'Center'}, {'type': {'displayName': 'PassEndY', 'value': 141}, 'value': '54.6'}]",True,,,,,
1901113,FirstHalf,45,22.0,45,Clearance,Successful,78,Cagliari,356176.0,Michel Adopo,11.5,46.4,20.2,72.4,,,,,"[{'type': {'displayName': 'Angle', 'value': 213}, 'value': '1.09'}, {'type': {'displayName': 'Length', 'value': 212}, 'value': '19.9'}, {'type': {'displayName': 'Head', 'value': 15}}, {'type': {'displayName': 'PassEndX', 'value': 140}, 'value': '20.2'}, {'type': {'displayName': 'Zone', 'value': 56}, 'value': 'Back'}, {'type': {'displayName': 'PassEndY', 'value': 141}, 'value': '72.4'}]",True,,,,,
1901113,FirstHalf,45,24.0,45,Clearance,Successful,78,Cagliari,141269.0,Luca Mazzitelli,19.2,71.5,33.5,61.0,,,,,"[{'type': {'displayName': 'PassEndX', 'value': 140}, 'value': '33.5'}, {'type': {'displayName': 'PassEndY', 'value': 141}, 'value': '61.0'}, {'type': {'displayName': 'Angle', 'value': 213}, 'value': '5.84'}, {'type': {'displayName': 'Length', 'value': 212}, 'value': '16.6'}, {'type': {'displayName': 'Zone', 'value': 56}, 'value': 'Back'}]",True,,,,,
1901113,FirstHalf,45,25.0,45,Pass,Successful,87,Juventus,339875.0,Bremer,55.9,33.4,65.2,51.9,,,,,"[{'type': {'displayName': 'Angle', 'value': 213}, 'value': '0.91'}, {'type': {'displayName': 'Zone', 'value': 56}, 'value': 'Center'}, {'type': {'displayName': 'PassEndX', 'value': 140}, 'value': '65.2'}, {'type': {'displayName': 'HeadPass', 'value': 3}}, {'type': {'displayName': 'PassEndY', 'value': 141}, 'value': '51.9'}, {'type': {'displayName': 'Length', 'value': 212}, 'value': '15.9'}]",True,,,,,
1901113,FirstHalf,45,27.0,45,Pass,Successful,87,Juventus,423440.0,Andrea Cambiaso,64.8,62.0,47.7,64.0,,,,,"[{'type': {'displayName': 'HeadPass', 'value': 3}}, {'type': {'displayName': 'PassEndX', 'value': 140}, 'value': '47.7'}, {'type': {'displayName': 'PassEndY', 'value': 141}, 'value': '64.0'}, {'type': {'displayName': 'LayOff', 'value': 156}}, {'type': {'displayName': 'Length', 'value': 212}, 'value': '18.0'}, {'type': {'displayName': 'Angle', 'value': 213}, 'value': '3.07'}, {'type': {'displayName': 'Zone', 'value': 56}, 'value': 'Back'}]",True,,,,,
1901113,FirstHalf,45,34.0,45,Pass,Successful,87,Juventus,343308.0,Teun Koopmeiners,52.1,64.2,53.2,43.9,,,,,"[{'type': {'displayName': 'PassEndX', 'value': 140}, 'value': '53.2'}, {'type': {'displayName': 'Angle', 'value': 213}, 'value': '4.80'}, {'type': {'displayName': 'Zone', 'value': 56}, 'value': 'Center'}, {'type': {'displayName': 'Length', 'value': 212}, 'value': '13.9'}, {'type': {'displayName': 'PassEndY', 'value': 141}, 'value': '43.9'}]",True,,,,,
1901113,FirstHalf,45,37.0,45,Pass,Successful,87,Juventus,273539.0,Manuel Locatelli,52.9,41.2,63.0,10.5,,,,,"[{'type': {'displayName': 'PassEndX', 'value': 140}, 'value': '63.0'}, {'type': {'displayName': 'Length', 'value': 212}, 'value': '23.4'}, {'type': {'displayName': 'PassEndY', 'value': 141}, 'value': '10.5'}, {'type': {'displayName': 'Angle', 'value': 213}, 'value': '5.18'}, {'type': {'displayName': 'Zone', 'value': 56}, 'value': 'Right'}]",True,,,,,
1901113,FirstHalf,45,39.0,45,Pass,Successful,87,Juventus,339875.0,Bremer,63.0,10.5,67.9,2.2,,,,,"[{'type': {'displayName': 'PassEndX', 'value': 140}, 'value': '67.9'}, {'type': {'displayName': 'Zone', 'value': 56}, 'value': 'Right'}, {'type': {'displayName': 'PassEndY', 'value': 141}, 'value': '2.2'}, {'type': {'displayName': 'Length', 'value': 212}, 'value': '7.6'}, {'type': {'displayName': 'Angle', 'value': 213}, 'value': '5.45'}]",True,,,,,
1901113,FirstHalf,45,42.0,45,Pass,Successful,87,Juventus,391836.0,Pierre Kalulu,58.0,21.1,44.3,30.6,,,,,"[{'type': {'displayName': 'Length', 'value': 212}, 'value': '15.8'}, {'type': {'displayName': 'Zone', 'value': 56}, 'value': 'Back'}, {'type': {'displayName': 'PassEndX', 'value': 140}, 'value': '44.3'}, {'type': {'displayName': 'PassEndY', 'value': 141}, 'value': '30.6'}, {'type': {'displayName': 'Angle', 'value': 213}, 'value': '2.72'}]",True,,,,,
1901113,FirstHalf,45,48.0,45,Pass,Successful,87,Juventus,273539.0,Manuel Locatelli,55.2,21.7,76.1,4.9,,,,,"[{'type': {'displayName': 'Angle', 'value': 213}, 'value': '5.80'}, {'type': {'displayName': 'PassEndY', 'value': 141}, 'value': '4.9'}, {'type': {'displayName': 'Length', 'value': 212}, 'value': '24.7'}, {'type': {'displayName': 'PassEndX', 'value': 140}, 'value': '76.1'}, {'type': {'displayName': 'Zone', 'value': 56}, 'value': 'Right'}]",True,,,,,
1901113,FirstHalf,45,53.0,45,Pass,Unsuccessful,87,Juventus,425080.0,Fabio Miretti,78.6,15.0,100.0,68.1,,,,,"[{'type': {'displayName': 'PassEndX', 'value': 140}, 'value': '100.0'}, {'type': {'displayName': 'Longball', 'value': 1}}, {'type': {'displayName': 'LeftFoot', 'value': 72}}, {'type': {'displayName': 'Angle', 'value': 213}, 'value': '0.99'}, {'type': {'displayName': 'Cross', 'value': 2}}, {'type': {'displayName': 'Chipped', 'value': 155}}, {'type': {'displayName': 'Length', 'value': 212}, 'value': '43.1'}, {'type': {'displayName': 'Zone', 'value': 56}, 'value': 'Center'}, {'type': {'displayName': 'PassEndY', 'value': 141}, 'value': '68.1'}]",True,,,,,
1901113,FirstHalf,46,27.0,46,Pass,Unsuccessful,78,Cagliari,362780.0,Elia Caprile,5.3,39.7,59.3,26.4,,,,,"[{'type': {'displayName': 'PassEndX', 'value': 140}, 'value': '59.3'}, {'type': {'displayName': 'MissHigh', 'value': 74}}, {'type': {'displayName': 'Angle', 'value': 213}, 'value': '6.13'}, {'type': {'displayName': 'Longball', 'value': 1}}, {'type': {'displayName': 'GoalKick', 'value': 124}}, {'type': {'displayName': 'Zone', 'value': 56}, 'value': 'Center'}, {'type': {'displayName': 'Length', 'value': 212}, 'value': '57.4'}, {'type': {'displayName': 'PassEndY', 'value': 141}, 'value': '26.4'}]",True,,,,,
1901113,FirstHalf,46,31.0,46,Pass,Successful,87,Juventus,273539.0,Manuel Locatelli,28.0,65.1,34.0,74.8,,,,,"[{'type': {'displayName': 'HeadPass', 'value': 3}}, {'type': {'displayName': 'Zone', 'value': 56}, 'value': 'Back'}, {'type': {'displayName': 'Angle', 'value': 213}, 'value': '0.81'}, {'type': {'displayName': 'Length', 'value': 212}, 'value': '9.1'}, {'type': {'displayName': 'PassEndY', 'value': 141}, 'value': '74.8'}, {'type': {'displayName': 'PassEndX', 'value': 140}, 'value': '34.0'}]",True,,,,,
1901113,FirstHalf,46,32.0,46,Foul,Successful,87,Juventus,343308.0,Teun Koopmeiners,40.2,80.1,,,,,,,"[{'type': {'displayName': 'AerialFoul', 'value': 264}}, {'type': {'displayName': 'Foul', 'value': 13}}, {'type': {'displayName': 'OppositeRelatedEvent', 'value': 233}, 'value': '303'}, {'type': {'displayName': 'Zone', 'value': 56}, 'value': 'Back'}, {'type': {'displayName': 'Offensive', 'value': 286}}]",True,,,,,
1901113,FirstHalf,46,32.0,46,Foul,Unsuccessful,78,Cagliari,356176.0,Michel Adopo,59.8,19.9,,,,,,,"[{'type': {'displayName': 'OppositeRelatedEvent', 'value': 233}, 'value': '513'}, {'type': {'displayName': 'AerialFoul', 'value': 264}}, {'type': {'displayName': 'Zone', 'value': 56}, 'value': 'Right'}, {'type': {'displayName': 'Foul', 'value': 13}}, {'type': {'displayName': 'Defensive', 'value': 285}}]",False,,,,,
1901113,FirstHalf,46,40.0,46,Pass,Successful,87,Juventus,343308.0,Teun Koopmeiners,39.1,70.3,45.7,62.2,,,,,"[{'type': {'displayName': 'PassEndY', 'value': 141}, 'value': '62.2'}, {'type': {'displayName': 'FreekickTaken', 'value': 5}}, {'type': {'displayName': 'PassEndX', 'value': 140}, 'value': '45.7'}, {'type': {'displayName': 'Length', 'value': 212}, 'value': '8.9'}, {'type': {'displayName': 'Angle', 'value': 213}, 'value': '5.61'}, {'type': {'displayName': 'Zone', 'value': 56}, 'value': 'Back'}]",True,,,,,
1901113,FirstHalf,46,42.0,46,Pass,Successful,87,Juventus,273539.0,Manuel Locatelli,47.1,62.5,35.1,71.2,,,,,"[{'type': {'displayName': 'Zone', 'value': 56}, 'value': 'Back'}, {'type': {'displayName': 'Angle', 'value': 213}, 'value': '2.70'}, {'type': {'displayName': 'PassEndY', 'value': 141}, 'value': '71.2'}, {'type': {'displayName': 'PassEndX', 'value': 140}, 'value': '35.1'}, {'type': {'displayName': 'Length', 'value': 212}, 'value': '13.9'}]",True,,,,,
1901113,FirstHalf,46,46.0,46,Pass,Successful,87,Juventus,332419.0,Lloyd Kelly,43.7,57.3,46.0,33.1,,,,,"[{'type': {'displayName': 'PassEndY', 'value': 141}, 'value': '33.1'}, {'type': {'displayName': 'Length', 'value': 212}, 'value': '16.6'}, {'type': {'displayName': 'Angle', 'value': 213}, 'value': '4.86'}, {'type': {'displayName': 'PassEndX', 'value': 140}, 'value': '46.0'}, {'type': {'displayName': 'Zone', 'value': 56}, 'value': 'Back'}]",True,,,,,
1901113,FirstHalf,46,48.0,46,Pass,Successful,87,Juventus,339875.0,Bremer,51.4,26.2,57.0,4.8,,,,,"[{'type': {'displayName': 'Length', 'value': 212}, 'value': '15.7'}, {'type': {'displayName': 'PassEndY', 'value': 141}, 'value': '4.8'}, {'type': {'displayName': 'PassEndX', 'value': 140}, 'value': '57.0'}, {'type': {'displayName': 'Zone', 'value': 56}, 'value': 'Right'}, {'type': {'displayName': 'Angle', 'value': 213}, 'value': '5.10'}]",True,,,,,
1901113,FirstHalf,46,51.0,46,Pass,Successful,87,Juventus,391836.0,Pierre Kalulu,57.7,5.8,53.2,42.6,,,,,"[{'type': {'displayName': 'Length', 'value': 212}, 'value': '25.5'}, {'type': {'displayName': 'PassEndY', 'value': 141}, 'value': '42.6'}, {'type': {'displayName': 'PassEndX', 'value': 140}, 'value': '53.2'}, {'type': {'displayName': 'Zone', 'value': 56}, 'value': 'Center'}, {'type': {'displayName': 'Angle', 'value': 213}, 'value': '1.76'}]",True,,,,,
1901113,FirstHalf,46,54.0,46,Pass,Successful,87,Juventus,273539.0,Manuel Locatelli,53.5,43.3,62.3,77.8,,,,,"[{'type': {'displayName': 'PassEndY', 'value': 141}, 'value': '77.8'}, {'type': {'displayName': 'Angle', 'value': 213}, 'value': '1.20'}, {'type': {'displayName': 'Length', 'value': 212}, 'value': '25.2'}, {'type': {'displayName': 'Zone', 'value': 56}, 'value': 'Center'}, {'type': {'displayName': 'PassEndX', 'value': 140}, 'value': '62.3'}]",True,,,,,
1901113,FirstHalf,46,58.0,46,Pass,Successful,87,Juventus,343308.0,Teun Koopmeiners,62.0,81.4,64.3,92.8,,,,,"[{'type': {'displayName': 'PassEndY', 'value': 141}, 'value': '92.8'}, {'type': {'displayName': 'Length', 'value': 212}, 'value': '8.1'}, {'type': {'displayName': 'PassEndX', 'value': 140}, 'value': '64.3'}, {'type': {'displayName': 'Angle', 'value': 213}, 'value': '1.27'}, {'type': {'displayName': 'Zone', 'value': 56}, 'value': 'Left'}]",True,,,,,
1901113,FirstHalf,46,59.0,46,Pass,Successful,87,Juventus,494525.0,Kenan Yildiz,64.3,92.8,66.3,77.5,,,,,"[{'type': {'displayName': 'PassEndY', 'value': 141}, 'value': '77.5'}, {'type': {'displayName': 'Zone', 'value': 56}, 'value': 'Center'}, {'type': {'displayName': 'PassEndX', 'value': 140}, 'value': '66.3'}, {'type': {'displayName': 'Length', 'value': 212}, 'value': '10.6'}, {'type': {'displayName': 'Angle', 'value': 213}, 'value': '4.91'}]",True,,,,,
1901113,FirstHalf,46,59.0,46,Pass,Unsuccessful,87,Juventus,423440.0,Andrea Cambiaso,67.2,76.3,59.7,74.2,,,,,"[{'type': {'displayName': 'Angle', 'value': 213}, 'value': '3.32'}, {'type': {'displayName': 'Zone', 'value': 56}, 'value': 'Center'}, {'type': {'displayName': 'PassEndX', 'value': 140}, 'value': '59.7'}, {'type': {'displayName': 'Length', 'value': 212}, 'value': '8.0'}, {'type': {'displayName': 'PassEndY', 'value': 141}, 'value': '74.2'}]",True,,,,,
1901113,FirstHalf,47,0.0,47,BallRecovery,Successful,78,Cagliari,356176.0,Michel Adopo,38.4,28.5,,,,,,,[],False,,,,,
1901113,FirstHalf,47,1.0,47,Pass,Successful,78,Cagliari,356176.0,Michel Adopo,38.4,28.5,45.4,47.8,,,,,"[{'type': {'displayName': 'Angle', 'value': 213}, 'value': '1.06'}, {'type': {'displayName': 'Zone', 'value': 56}, 'value': 'Back'}, {'type': {'displayName': 'PassEndX', 'value': 140}, 'value': '45.4'}, {'type': {'displayName': 'Length', 'value': 212}, 'value': '15.0'}, {'type': {'displayName': 'PassEndY', 'value': 141}, 'value': '47.8'}]",True,,,,,
1901113,FirstHalf,47,4.0,47,Dispossessed,Successful,78,Cagliari,457171.0,Semih Kiliçsoy,54.8,49.2,,,,,,,"[{'type': {'displayName': 'Zone', 'value': 56}, 'value': 'Center'}, {'type': {'displayName': 'Offensive', 'value': 286}}, {'type': {'displayName': 'OppositeRelatedEvent', 'value': 233}, 'value': '523'}]",True,,,,,
1901113,FirstHalf,47,4.0,47,Tackle,Successful,87,Juventus,425080.0,Fabio Miretti,45.2,50.8,,,,,,,"[{'type': {'displayName': 'OppositeRelatedEvent', 'value': 233}, 'value': '307'}, {'type': {'displayName': 'Zone', 'value': 56}, 'value': 'Back'}, {'type': {'displayName': 'Defensive', 'value': 285}}, {'type': {'displayName': 'StandingSave', 'value': 178}}]",True,,,,,
1901113,FirstHalf,47,5.0,47,End,Successful,78,Cagliari,,,0.0,0.0,,,,,,,[],False,,,,,
1901113,FirstHalf,47,5.0,47,End,Successful,87,Juventus,,,0.0,0.0,,,,,,,[],False,,,,,
1901113,SecondHalf,45,0.0,48,Start,Successful,78,Cagliari,,,0.0,0.0,,,,,,,[],False,,,,,
1901113,SecondHalf,45,0.0,48,Start,Successful,87,Juventus,,,0.0,0.0,,,,,,,[],False,,,,,
1901113,SecondHalf,45,0.0,48,Pass,Successful,78,Cagliari,371397.0,Sebastiano Esposito,50.1,50.1,22.6,49.5,,,,,"[{'type': {'displayName': 'Angle', 'value': 213}, 'value': '3.16'}, {'type': {'displayName': 'Zone', 'value': 56}, 'value': 'Back'}, {'type': {'displayName': 'PassEndX', 'value': 140}, 'value': '22.6'}, {'type': {'displayName': 'PassEndY', 'value': 141}, 'value': '49.5'}, {'type': {'displayName': 'Length', 'value': 212}, 'value': '28.9'}]",True,,,,,
1901113,SecondHalf,45,5.0,48,Pass,Successful,78,Cagliari,362780.0,Elia Caprile,23.2,47.2,71.9,8.2,,,,,"[{'type': {'displayName': 'PassEndX', 'value': 140}, 'value': '71.9'}, {'type': {'displayName': 'Angle', 'value': 213}, 'value': '5.80'}, {'type': {'displayName': 'Longball', 'value': 1}}, {'type': {'displayName': 'Length', 'value': 212}, 'value': '57.6'}, {'type': {'displayName': 'PassEndY', 'value': 141}, 'value': '8.2'}, {'type': {'displayName': 'Zone', 'value': 56}, 'value': 'Right'}]",True,,,,,
1901113,SecondHalf,45,9.0,48,Pass,Unsuccessful,78,Cagliari,356176.0,Michel Adopo,71.9,8.2,78.9,16.8,,,,,"[{'type': {'displayName': 'PassEndY', 'value': 141}, 'value': '16.8'}, {'type': {'displayName': 'PassEndX', 'value': 140}, 'value': '78.9'}, {'type': {'displayName': 'Zone', 'value': 56}, 'value': 'Right'}, {'type': {'displayName': 'Length', 'value': 212}, 'value': '9.4'}, {'type': {'displayName': 'HeadPass', 'value': 3}}, {'type': {'displayName': 'Angle', 'value': 213}, 'value': '0.67'}]",True,,,,,
1901113,SecondHalf,45,9.0,48,Pass,Successful,87,Juventus,343308.0,Teun Koopmeiners,26.8,80.1,34.9,75.7,,,,,"[{'type': {'displayName': 'PassEndY', 'value': 141}, 'value': '75.7'}, {'type': {'displayName': 'HeadPass', 'value': 3}}, {'type': {'displayName': 'Angle', 'value': 213}, 'value': '5.94'}, {'type': {'displayName': 'PassEndX', 'value': 140}, 'value': '34.9'}, {'type': {'displayName': 'Length', 'value': 212}, 'value': '9.0'}, {'type': {'displayName': 'Zone', 'value': 56}, 'value': 'Back'}]",True,,,,,
1901113,SecondHalf,45,10.0,48,BallRecovery,Successful,87,Juventus,494525.0,Kenan Yildiz,33.3,76.0,,,,,,,[],False,,,,,
1901113,SecondHalf,45,10.0,48,Pass,Successful,87,Juventus,494525.0,Kenan Yildiz,32.4,76.0,29.6,65.4,,,,,"[{'type': {'displayName': 'PassEndX', 'value': 140}, 'value': '29.6'}, {'type': {'displayName': 'Zone', 'value': 56}, 'value': 'Back'}, {'type': {'displayName': 'Angle', 'value': 213}, 'value': '4.33'}, {'type': {'displayName': 'Length', 'value': 212}, 'value': '7.8'}, {'type': {'displayName': 'PassEndY', 'value': 141}, 'value': '65.4'}]",True,,,,,
1901113,SecondHalf,45,11.0,48,Pass,Unsuccessful,87,Juventus,273539.0,Manuel Locatelli,29.5,65.4,41.3,100.0,,,,,"[{'type': {'displayName': 'Angle', 'value': 213}, 'value': '1.10'}, {'type': {'displayName': 'Zone', 'value': 56}, 'value': 'Back'}, {'type': {'displayName': 'Length', 'value': 212}, 'value': '27.1'}, {'type': {'displayName': 'PassEndY', 'value': 141}, 'value': '100.0'}, {'type': {'displayName': 'Chipped', 'value': 155}}, {'type': {'displayName': 'PassEndX', 'value': 140}, 'value': '41.3'}]",True,,,,,
1901113,SecondHalf,45,24.0,48,Pass,Successful,78,Cagliari,450142.0,Zé Pedro,52.7,0.0,31.6,9.7,,,,,"[{'type': {'displayName': 'ThrowIn', 'value': 107}}, {'type': {'displayName': 'Zone', 'value': 56}, 'value': 'Back'}, {'type': {'displayName': 'PassEndY', 'value': 141}, 'value': '9.7'}, {'type': {'displayName': 'Length', 'value': 212}, 'value': '23.4'}, {'type': {'displayName': 'Angle', 'value': 213}, 'value': '2.82'}, {'type': {'displayName': 'Longball', 'value': 1}}, {'type': {'displayName': 'PassEndX', 'value': 140}, 'value': '31.6'}]",True,,,,,
1901113,SecondHalf,45,27.0,48,Pass,Successful,78,Cagliari,318432.0,Yerry Mina,29.4,13.8,9.3,50.4,,,,,"[{'type': {'displayName': 'PassEndX', 'value': 140}, 'value': '9.3'}, {'type': {'displayName': 'PassEndY', 'value': 141}, 'value': '50.4'}, {'type': {'displayName': 'Angle', 'value': 213}, 'value': '2.27'}, {'type': {'displayName': 'Longball', 'value': 1}}, {'type': {'displayName': 'Zone', 'value': 56}, 'value': 'Back'}, {'type': {'displayName': 'Length', 'value': 212}, 'value': '32.6'}]",True,,,,,
1901113,SecondHalf,45,31.0,48,Pass,Successful,78,Cagliari,362780.0,Elia Caprile,9.3,50.4,15.6,75.7,,,,,"[{'type': {'displayName': 'PassEndY', 'value': 141}, 'value': '75.7'}, {'type': {'displayName': 'Angle', 'value': 213}, 'value': '1.20'}, {'type': {'displayName': 'PassEndX', 'value': 140}, 'value': '15.6'}, {'type': {'displayName': 'Zone', 'value': 56}, 'value': 'Back'}, {'type': {'displayName': 'Length', 'value': 212}, 'value': '18.4'}]",True,,,,,
1901113,SecondHalf,45,33.0,48,Pass,Successful,78,Cagliari,255292.0,Sebastiano Luperto,15.6,76.5,19.1,96.7,,,,,"[{'type': {'displayName': 'Length', 'value': 212}, 'value': '14.2'}, {'type': {'displayName': 'Zone', 'value': 56}, 'value': 'Back'}, {'type': {'displayName': 'PassEndX', 'value': 140}, 'value': '19.1'}, {'type': {'displayName': 'Angle', 'value': 213}, 'value': '1.31'}, {'type': {'displayName': 'PassEndY', 'value': 141}, 'value': '96.7'}]",True,,,,,
1901113,SecondHalf,45,36.0,48,Pass,Unsuccessful,78,Cagliari,424534.0,Adam Obert,19.1,97.6,46.3,79.9,,,,,"[{'type': {'displayName': 'Zone', 'value': 56}, 'value': 'Back'}, {'type': {'displayName': 'PassEndX', 'value': 140}, 'value': '46.3'}, {'type': {'displayName': 'PassEndY', 'value': 141}, 'value': '79.9'}, {'type': {'displayName': 'Length', 'value': 212}, 'value': '31.0'}, {'type': {'displayName': 'Chipped', 'value': 155}}, {'type': {'displayName': 'Angle', 'value': 213}, 'value': '5.88'}]",True,,,,,
1901113,SecondHalf,45,37.0,48,Pass,Successful,87,Juventus,391836.0,Pierre Kalulu,54.5,17.7,61.5,16.9,,,,,"[{'type': {'displayName': 'PassEndX', 'value': 140}, 'value': '61.5'}, {'type': {'displayName': 'PassEndY', 'value': 141}, 'value': '16.9'}, {'type': {'displayName': 'Length', 'value': 212}, 'value': '7.4'}, {'type': {'displayName': 'Angle', 'value': 213}, 'value': '6.21'}, {'type': {'displayName': 'Zone', 'value': 56}, 'value': 'Right'}]",True,,,,,
1901113,SecondHalf,45,38.0,48,Pass,Unsuccessful,87,Juventus,343308.0,Teun Koopmeiners,61.5,16.9,73.0,12.1,,,,,"[{'type': {'displayName': 'Angle', 'value': 213}, 'value': '6.02'}, {'type': {'displayName': 'Length', 'value': 212}, 'value': '12.5'}, {'type': {'displayName': 'Zone', 'value': 56}, 'value': 'Right'}, {'type': {'displayName': 'PassEndX', 'value': 140}, 'value': '73.0'}, {'type': {'displayName': 'PassEndY', 'value': 141}, 'value': '12.1'}]",True,,,,,
1901113,SecondHalf,45,38.0,48,Pass,Successful,78,Cagliari,424534.0,Adam Obert,25.3,92.7,35.6,91.2,,,,,"[{'type': {'displayName': 'PassEndY', 'value': 141}, 'value': '91.2'}, {'type': {'displayName': 'PassEndX', 'value': 140}, 'value': '35.6'}, {'type': {'displayName': 'Angle', 'value': 213}, 'value': '6.19'}, {'type': {'displayName': 'Zone', 'value': 56}, 'value': 'Back'}, {'type': {'displayName': 'Length', 'value': 212}, 'value': '10.9'}]",True,,,,,
1901113,SecondHalf,45,41.0,48,Pass,Successful,78,Cagliari,371397.0,Sebastiano Esposito,46.2,91.9,53.3,97.2,,,,,"[{'type': {'displayName': 'Angle', 'value': 213}, 'value': '0.45'}, {'type': {'displayName': 'Length', 'value': 212}, 'value': '8.3'}, {'type': {'displayName': 'Zone', 'value': 56}, 'value': 'Left'}, {'type': {'displayName': 'PassEndY', 'value': 141}, 'value': '97.2'}, {'type': {'displayName': 'PassEndX', 'value': 140}, 'value': '53.3'}]",True,,,,,
1901113,SecondHalf,45,45.0,48,Pass,Successful,78,Cagliari,141269.0,Luca Mazzitelli,51.8,95.1,76.9,17.8,,,,,"[{'type': {'displayName': 'PassEndY', 'value': 141}, 'value': '17.8'}, {'type': {'displayName': 'Angle', 'value': 213}, 'value': '5.18'}, {'type': {'displayName': 'Zone', 'value': 56}, 'value': 'Right'}, {'type': {'displayName': 'Longball', 'value': 1}}, {'type': {'displayName': 'PassEndX', 'value': 140}, 'value': '76.9'}, {'type': {'displayName': 'Length', 'value': 212}, 'value': '58.8'}, {'type': {'displayName': 'Chipped', 'value': 155}}]",True,,,,,
1901113,SecondHalf,45,51.0,48,Pass,Unsuccessful,78,Cagliari,481154.0,Marco Palestra,88.0,17.4,91.7,39.3,,,,,"[{'type': {'displayName': 'Angle', 'value': 213}, 'value': '1.32'}, {'type': {'displayName': 'PassEndX', 'value': 140}, 'value': '91.7'}, {'type': {'displayName': 'Zone', 'value': 56}, 'value': 'Center'}, {'type': {'displayName': 'Cross', 'value': 2}}, {'type': {'displayName': 'RightFoot', 'value': 20}}, {'type': {'displayName': 'PassEndY', 'value': 141}, 'value': '39.3'}, {'type': {'displayName': 'Length', 'value': 212}, 'value': '15.4'}]",True,,,,,
1901113,SecondHalf,45,52.0,48,Clearance,Successful,87,Juventus,332419.0,Lloyd Kelly,10.6,60.9,7.1,74.4,,,,,"[{'type': {'displayName': 'Length', 'value': 212}, 'value': '9.9'}, {'type': {'displayName': 'PassEndY', 'value': 141}, 'value': '74.4'}, {'type': {'displayName': 'Zone', 'value': 56}, 'value': 'Back'}, {'type': {'displayName': 'PassEndX', 'value': 140}, 'value': '7.1'}, {'type': {'displayName': 'Angle', 'value': 213}, 'value': '1.95'}]",True,,,,,
1901113,SecondHalf,45,54.0,48,BallRecovery,Successful,87,Juventus,423440.0,Andrea Cambiaso,6.0,72.9,,,,,,,[],False,,,,,
1901113,SecondHalf,45,54.0,48,Pass,Successful,87,Juventus,423440.0,Andrea Cambiaso,4.9,70.0,33.6,77.2,,,,,"[{'type': {'displayName': 'Chipped', 'value': 155}}, {'type': {'displayName': 'PassEndX', 'value': 140}, 'value': '33.6'}, {'type': {'displayName': 'Zone', 'value': 56}, 'value': 'Back'}, {'type': {'displayName': 'Angle', 'value': 213}, 'value': '0.16'}, {'type': {'displayName': 'Length', 'value': 212}, 'value': '30.5'}, {'type': {'displayName': 'PassEndY', 'value': 141}, 'value': '77.2'}]",True,,,,,
1901113,SecondHalf,45,59.0,48,Foul,Successful,87,Juventus,383855.0,Jonathan David,27.1,79.0,,,,,,,"[{'type': {'displayName': 'OppositeRelatedEvent', 'value': 233}, 'value': '323'}, {'type': {'displayName': 'Zone', 'value': 56}, 'value': 'Back'}, {'type': {'displayName': 'Foul', 'value': 13}}, {'type': {'displayName': 'Defensive', 'value': 285}}]",True,,,,,
1901113,SecondHalf,45,59.0,48,Foul,Unsuccessful,78,Cagliari,369883.0,Gianluca Gaetano,72.9,21.0,,,,,,,"[{'type': {'displayName': 'Foul', 'value': 13}}, {'type': {'displayName': 'OppositeRelatedEvent', 'value': 233}, 'value': '536'}, {'type': {'displayName': 'Offensive', 'value': 286}}, {'type': {'displayName': 'Zone', 'value': 56}, 'value': 'Right'}]",False,,,,,
1901113,SecondHalf,46,10.0,49,Pass,Successful,87,Juventus,343308.0,Teun Koopmeiners,27.3,74.0,33.6,55.2,,,,,"[{'type': {'displayName': 'Length', 'value': 212}, 'value': '14.4'}, {'type': {'displayName': 'Angle', 'value': 213}, 'value': '5.19'}, {'type': {'displayName': 'Zone', 'value': 56}, 'value': 'Back'}, {'type': {'displayName': 'FreekickTaken', 'value': 5}}, {'type': {'displayName': 'PassEndX', 'value': 140}, 'value': '33.6'}, {'type': {'displayName': 'PassEndY', 'value': 141}, 'value': '55.2'}]",True,,,,,
1901113,SecondHalf,46,12.0,49,Pass,Successful,87,Juventus,273539.0,Manuel Locatelli,39.6,48.0,54.9,64.9,,,,,"[{'type': {'displayName': 'PassEndY', 'value': 141}, 'value': '64.9'}, {'type': {'displayName': 'PassEndX', 'value': 140}, 'value': '54.9'}, {'type': {'displayName': 'Zone', 'value': 56}, 'value': 'Center'}, {'type': {'displayName': 'Length', 'value': 212}, 'value': '19.8'}, {'type': {'displayName': 'Angle', 'value': 213}, 'value': '0.62'}]",True,,,,,
1901113,SecondHalf,46,14.0,49,Pass,Successful,87,Juventus,383855.0,Jonathan David,54.2,65.7,60.7,90.6,,,,,"[{'type': {'displayName': 'Angle', 'value': 213}, 'value': '1.19'}, {'type': {'displayName': 'Length', 'value': 212}, 'value': '18.3'}, {'type': {'displayName': 'PassEndY', 'value': 141}, 'value': '90.6'}, {'type': {'displayName': 'Zone', 'value': 56}, 'value': 'Left'}, {'type': {'displayName': 'PassEndX', 'value': 140}, 'value': '60.7'}]",True,,,,,
1901113,SecondHalf,46,17.0,49,Dispossessed,Successful,87,Juventus,494525.0,Kenan Yildiz,63.3,94.6,,,,,,,"[{'type': {'displayName': 'OppositeRelatedEvent', 'value': 233}, 'value': '324'}, {'type': {'displayName': 'Offensive', 'value': 286}}, {'type': {'displayName': 'Zone', 'value': 56}, 'value': 'Left'}]",True,,,,,
1901113,SecondHalf,46,17.0,49,Tackle,Successful,78,Cagliari,450142.0,Zé Pedro,36.7,5.4,,,,,,,"[{'type': {'displayName': 'StandingSave', 'value': 178}}, {'type': {'displayName': 'Defensive', 'value': 285}}, {'type': {'displayName': 'Zone', 'value': 56}, 'value': 'Back'}, {'type': {'displayName': 'OppositeRelatedEvent', 'value': 233}, 'value': '540'}]",True,,,,,
1901113,SecondHalf,46,24.0,49,Pass,Successful,87,Juventus,343308.0,Teun Koopmeiners,57.6,100.0,41.0,92.4,,,,,"[{'type': {'displayName': 'Zone', 'value': 56}, 'value': 'Back'}, {'type': {'displayName': 'PassEndX', 'value': 140}, 'value': '41.0'}, {'type': {'displayName': 'Length', 'value': 212}, 'value': '18.4'}, {'type': {'displayName': 'PassEndY', 'value': 141}, 'value': '92.4'}, {'type': {'displayName': 'Angle', 'value': 213}, 'value': '3.47'}, {'type': {'displayName': 'ThrowIn', 'value': 107}}]",True,,,,,
1901113,SecondHalf,46,27.0,49,Pass,Successful,87,Juventus,423440.0,Andrea Cambiaso,42.7,83.4,40.3,38.2,,,,,"[{'type': {'displayName': 'Angle', 'value': 213}, 'value': '4.63'}, {'type': {'displayName': 'PassEndX', 'value': 140}, 'value': '40.3'}, {'type': {'displayName': 'PassEndY', 'value': 141}, 'value': '38.2'}, {'type': {'displayName': 'Length', 'value': 212}, 'value': '30.8'}, {'type': {'displayName': 'Zone', 'value': 56}, 'value': 'Back'}]",True,,,,,
1901113,SecondHalf,46,31.0,49,Pass,Successful,87,Juventus,339875.0,Bremer,40.9,37.9,55.4,5.5,,,,,"[{'type': {'displayName': 'PassEndX', 'value': 140}, 'value': '55.4'}, {'type': {'displayName': 'Zone', 'value': 56}, 'value': 'Right'}, {'type': {'displayName': 'Angle', 'value': 213}, 'value': '5.32'}, {'type': {'displayName': 'Length', 'value': 212}, 'value': '26.8'}, {'type': {'displayName': 'PassEndY', 'value': 141}, 'value': '5.5'}]",True,,,,,
1901113,SecondHalf,46,34.0,49,Pass,Successful,87,Juventus,391836.0,Pierre Kalulu,55.4,5.5,47.5,44.2,,,,,"[{'type': {'displayName': 'PassEndY', 'value': 141}, 'value': '44.2'}, {'type': {'displayName': 'PassEndX', 'value': 140}, 'value': '47.5'}, {'type': {'displayName': 'Zone', 'value': 56}, 'value': 'Back'}, {'type': {'displayName': 'Length', 'value': 212}, 'value': '27.6'}, {'type': {'displayName': 'Angle', 'value': 213}, 'value': '1.88'}]",True,,,,,
1901113,SecondHalf,46,38.0,49,Pass,Successful,87,Juventus,273539.0,Manuel Locatelli,52.4,52.9,51.1,72.6,,,,,"[{'type': {'displayName': 'PassEndX', 'value': 140}, 'value': '51.1'}, {'type': {'displayName': 'PassEndY', 'value': 141}, 'value': '72.6'}, {'type': {'displayName': 'Angle', 'value': 213}, 'value': '1.67'}, {'type': {'displayName': 'Length', 'value': 212}, 'value': '13.5'}, {'type': {'displayName': 'Zone', 'value': 56}, 'value': 'Center'}]",True,,,,,
1901113,SecondHalf,46,45.0,49,Pass,Successful,87,Juventus,332419.0,Lloyd Kelly,70.4,95.2,83.4,96.4,,,,,"[{'type': {'displayName': 'Zone', 'value': 56}, 'value': 'Left'}, {'type': {'displayName': 'Length', 'value': 212}, 'value': '13.7'}, {'type': {'displayName': 'PassEndY', 'value': 141}, 'value': '96.4'}, {'type': {'displayName': 'PassEndX', 'value': 140}, 'value': '83.4'}, {'type': {'displayName': 'Angle', 'value': 213}, 'value': '0.06'}]",True,,,,,
1901113,SecondHalf,46,47.0,49,Pass,Unsuccessful,87,Juventus,423440.0,Andrea Cambiaso,87.7,95.4,91.3,86.2,,,,,"[{'type': {'displayName': 'PassEndY', 'value': 141}, 'value': '86.2'}, {'type': {'displayName': 'Angle', 'value': 213}, 'value': '5.26'}, {'type': {'displayName': 'Length', 'value': 212}, 'value': '7.3'}, {'type': {'displayName': 'PassEndX', 'value': 140}, 'value': '91.3'}, {'type': {'displayName': 'Zone', 'value': 56}, 'value': 'Left'}]",True,,,,,
1901113,SecondHalf,46,49.0,49,Interception,Successful,78,Cagliari,450142.0,Zé Pedro,8.7,13.8,,,,,,,"[{'type': {'displayName': 'Zone', 'value': 56}, 'value': 'Back'}]",True,,,,,
1901113,SecondHalf,46,49.0,49,CornerAwarded,Unsuccessful,78,Cagliari,450142.0,Zé Pedro,0.0,18.5,,,,,,,"[{'type': {'displayName': 'OppositeRelatedEvent', 'value': 233}, 'value': '549'}, {'type': {'displayName': 'MissLeft', 'value': 73}}, {'type': {'displayName': 'Zone', 'value': 56}, 'value': 'Back'}]",False,,,,,
1901113,SecondHalf,46,49.0,49,CornerAwarded,Successful,87,Juventus,423440.0,Andrea Cambiaso,100.0,81.5,,,,,,,"[{'type': {'displayName': 'OppositeRelatedEvent', 'value': 233}, 'value': '327'}, {'type': {'displayName': 'MissLeft', 'value': 73}}, {'type': {'displayName': 'Zone', 'value': 56}, 'value': 'Left'}]",False,,,,,
1901113,SecondHalf,47,23.0,50,Pass,Successful,87,Juventus,494525.0,Kenan Yildiz,99.5,99.5,95.8,93.9,,,,,"[{'type': {'displayName': 'Angle', 'value': 213}, 'value': '3.92'}, {'type': {'displayName': 'PassEndX', 'value': 140}, 'value': '95.8'}, {'type': {'displayName': 'Zone', 'value': 56}, 'value': 'Left'}, {'type': {'displayName': 'CornerTaken', 'value': 6}}, {'type': {'displayName': 'PassEndY', 'value': 141}, 'value': '93.9'}, {'type': {'displayName': 'Length', 'value': 212}, 'value': '5.4'}]",True,,,,,
1901113,SecondHalf,47,23.0,50,Pass,Successful,87,Juventus,343308.0,Teun Koopmeiners,95.8,93.9,88.0,93.6,,,,,"[{'type': {'displayName': 'Length', 'value': 212}, 'value': '8.2'}, {'type': {'displayName': 'PassEndY', 'value': 141}, 'value': '93.6'}, {'type': {'displayName': 'Zone', 'value': 56}, 'value': 'Left'}, {'type': {'displayName': 'PassEndX', 'value': 140}, 'value': '88.0'}, {'type': {'displayName': 'Angle', 'value': 213}, 'value': '3.17'}]",True,,,,,
1901113,SecondHalf,47,24.0,50,Pass,Unsuccessful,87,Juventus,494525.0,Kenan Yildiz,89.1,93.6,88.9,64.2,,,,,"[{'type': {'displayName': 'Length', 'value': 212}, 'value': '20.0'}, {'type': {'displayName': 'RightFoot', 'value': 20}}, {'type': {'displayName': 'Zone', 'value': 56}, 'value': 'Center'}, {'type': {'displayName': 'PassEndX', 'value': 140}, 'value': '88.9'}, {'type': {'displayName': 'PassEndY', 'value': 141}, 'value': '64.2'}, {'type': {'displayName': 'Cross', 'value': 2}}, {'type': {'displayName': 'Angle', 'value': 213}, 'value': '4.70'}]",True,,,,,
1901113,SecondHalf,47,26.0,50,Clearance,Successful,78,Cagliari,371397.0,Sebastiano Esposito,12.6,38.4,3.2,0.0,,,,,"[{'type': {'displayName': 'Zone', 'value': 56}, 'value': 'Back'}, {'type': {'displayName': 'PassEndX', 'value': 140}, 'value': '3.2'}, {'type': {'displayName': 'Angle', 'value': 213}, 'value': '4.36'}, {'type': {'displayName': 'Length', 'value': 212}, 'value': '28.5'}, {'type': {'displayName': 'PassEndY', 'value': 141}, 'value': '0.0'}]",True,,,,,
1901113,SecondHalf,47,34.0,50,Pass,Successful,87,Juventus,343308.0,Teun Koopmeiners,91.3,100.0,77.4,92.2,,,,,"[{'type': {'displayName': 'ThrowIn', 'value': 107}}, {'type': {'displayName': 'PassEndY', 'value': 141}, 'value': '92.2'}, {'type': {'displayName': 'Length', 'value': 212}, 'value': '15.7'}, {'type': {'displayName': 'Zone', 'value': 56}, 'value': 'Left'}, {'type': {'displayName': 'Angle', 'value': 213}, 'value': '3.51'}, {'type': {'displayName': 'PassEndX', 'value': 140}, 'value': '77.4'}]",True,,,,,
1901113,SecondHalf,47,37.0,50,Pass,Successful,87,Juventus,494525.0,Kenan Yildiz,78.0,91.3,53.2,63.0,,,,,"[{'type': {'displayName': 'Angle', 'value': 213}, 'value': '3.78'}, {'type': {'displayName': 'PassEndY', 'value': 141}, 'value': '63.0'}, {'type': {'displayName': 'PassEndX', 'value': 140}, 'value': '53.2'}, {'type': {'displayName': 'Zone', 'value': 56}, 'value': 'Center'}, {'type': {'displayName': 'Length', 'value': 212}, 'value': '32.4'}, {'type': {'displayName': 'Longball', 'value': 1}}]",True,,,,,
1901113,SecondHalf,47,40.0,50,Pass,Successful,87,Juventus,273539.0,Manuel Locatelli,53.2,63.0,54.3,33.9,,,,,"[{'type': {'displayName': 'Length', 'value': 212}, 'value': '19.8'}, {'type': {'displayName': 'Zone', 'value': 56}, 'value': 'Center'}, {'type': {'displayName': 'PassEndX', 'value': 140}, 'value': '54.3'}, {'type': {'displayName': 'Angle', 'value': 213}, 'value': '4.77'}, {'type': {'displayName': 'PassEndY', 'value': 141}, 'value': '33.9'}]",True,,,,,
1901113,SecondHalf,47,43.0,50,Pass,Successful,87,Juventus,391836.0,Pierre Kalulu,54.2,33.9,25.0,59.8,,,,,"[{'type': {'displayName': 'Longball', 'value': 1}}, {'type': {'displayName': 'Length', 'value': 212}, 'value': '35.4'}, {'type': {'displayName': 'Zone', 'value': 56}, 'value': 'Back'}, {'type': {'displayName': 'PassEndX', 'value': 140}, 'value': '25.0'}, {'type': {'displayName': 'PassEndY', 'value': 141}, 'value': '59.8'}, {'type': {'displayName': 'Angle', 'value': 213}, 'value': '2.62'}]",True,,,,,
1901113,SecondHalf,47,47.0,50,Pass,Successful,87,Juventus,78880.0,Mattia Perin,25.2,58.3,31.5,13.3,,,,,"[{'type': {'displayName': 'PassEndY', 'value': 141}, 'value': '13.3'}, {'type': {'displayName': 'PassEndX', 'value': 140}, 'value': '31.5'}, {'type': {'displayName': 'Zone', 'value': 56}, 'value': 'Back'}, {'type': {'displayName': 'Length', 'value': 212}, 'value': '31.3'}, {'type': {'displayName': 'Angle', 'value': 213}, 'value': '4.93'}]",True,,,,,
1901113,SecondHalf,47,51.0,50,Pass,Successful,87,Juventus,391836.0,Pierre Kalulu,31.0,15.0,33.6,60.9,,,,,"[{'type': {'displayName': 'PassEndX', 'value': 140}, 'value': '33.6'}, {'type': {'displayName': 'PassEndY', 'value': 141}, 'value': '60.9'}, {'type': {'displayName': 'Angle', 'value': 213}, 'value': '1.48'}, {'type': {'displayName': 'Length', 'value': 212}, 'value': '31.3'}, {'type': {'displayName': 'Zone', 'value': 56}, 'value': 'Back'}]",True,,,,,
1901113,SecondHalf,47,57.0,50,Pass,Successful,87,Juventus,273539.0,Manuel Locatelli,40.3,64.5,45.4,89.4,,,,,"[{'type': {'displayName': 'Zone', 'value': 56}, 'value': 'Back'}, {'type': {'displayName': 'Length', 'value': 212}, 'value': '17.8'}, {'type': {'displayName': 'PassEndX', 'value': 140}, 'value': '45.4'}, {'type': {'displayName': 'Angle', 'value': 213}, 'value': '1.26'}, {'type': {'displayName': 'PassEndY', 'value': 141}, 'value': '89.4'}]",True,,,,,
1901113,SecondHalf,48,0.0,51,Pass,Successful,87,Juventus,332419.0,Lloyd Kelly,43.3,88.5,63.2,85.0,,,,,"[{'type': {'displayName': 'Zone', 'value': 56}, 'value': 'Left'}, {'type': {'displayName': 'PassEndY', 'value': 141}, 'value': '85.0'}, {'type': {'displayName': 'Length', 'value': 212}, 'value': '21.0'}, {'type': {'displayName': 'Angle', 'value': 213}, 'value': '6.17'}, {'type': {'displayName': 'PassEndX', 'value': 140}, 'value': '63.2'}]",True,,,,,
1901113,SecondHalf,48,3.0,51,Pass,Successful,87,Juventus,423440.0,Andrea Cambiaso,60.1,85.9,46.4,96.3,,,,,"[{'type': {'displayName': 'Angle', 'value': 213}, 'value': '2.68'}, {'type': {'displayName': 'PassEndY', 'value': 141}, 'value': '96.3'}, {'type': {'displayName': 'PassEndX', 'value': 140}, 'value': '46.4'}, {'type': {'displayName': 'Zone', 'value': 56}, 'value': 'Back'}, {'type': {'displayName': 'Length', 'value': 212}, 'value': '16.0'}]",True,,,,,
1901113,SecondHalf,48,4.0,51,Pass,Unsuccessful,87,Juventus,343308.0,Teun Koopmeiners,44.2,95.5,32.9,86.1,,,,,"[{'type': {'displayName': 'PassEndX', 'value': 140}, 'value': '32.9'}, {'type': {'displayName': 'PassEndY', 'value': 141}, 'value': '86.1'}, {'type': {'displayName': 'Length', 'value': 212}, 'value': '13.5'}, {'type': {'displayName': 'Angle', 'value': 213}, 'value': '3.64'}, {'type': {'displayName': 'Zone', 'value': 56}, 'value': 'Back'}]",True,,,,,
1901113,SecondHalf,48,5.0,51,BallTouch,Successful,78,Cagliari,356176.0,Michel Adopo,65.1,15.0,,,,,,,"[{'type': {'displayName': 'Zone', 'value': 56}, 'value': 'Right'}]",True,,,,,
1901113,SecondHalf,48,6.0,51,Pass,Successful,87,Juventus,332419.0,Lloyd Kelly,28.5,84.1,9.6,61.3,,,,,"[{'type': {'displayName': 'PassEndX', 'value': 140}, 'value': '9.6'}, {'type': {'displayName': 'PassEndY', 'value': 141}, 'value': '61.3'}, {'type': {'displayName': 'Angle', 'value': 213}, 'value': '3.80'}, {'type': {'displayName': 'Zone', 'value': 56}, 'value': 'Back'}, {'type': {'displayName': 'Length', 'value': 212}, 'value': '25.2'}]",True,,,,,
1901113,SecondHalf,48,10.0,51,Pass,Successful,87,Juventus,78880.0,Mattia Perin,12.5,58.3,32.1,19.9,,,,,"[{'type': {'displayName': 'PassEndX', 'value': 140}, 'value': '32.1'}, {'type': {'displayName': 'Length', 'value': 212}, 'value': '33.2'}, {'type': {'displayName': 'Angle', 'value': 213}, 'value': '5.38'}, {'type': {'displayName': 'Zone', 'value': 56}, 'value': 'Back'}, {'type': {'displayName': 'Longball', 'value': 1}}, {'type': {'displayName': 'PassEndY', 'value': 141}, 'value': '19.9'}]",True,,,,,
1901113,SecondHalf,48,19.0,51,Pass,Successful,87,Juventus,339875.0,Bremer,48.2,31.8,53.6,94.6,,,,,"[{'type': {'displayName': 'Length', 'value': 212}, 'value': '43.1'}, {'type': {'displayName': 'Angle', 'value': 213}, 'value': '1.44'}, {'type': {'displayName': 'Zone', 'value': 56}, 'value': 'Left'}, {'type': {'displayName': 'Longball', 'value': 1}}, {'type': {'displayName': 'PassEndX', 'value': 140}, 'value': '53.6'}, {'type': {'displayName': 'PassEndY', 'value': 141}, 'value': '94.6'}]",True,,,,,
1901113,SecondHalf,48,26.0,51,Pass,Successful,87,Juventus,332419.0,Lloyd Kelly,60.7,91.6,87.5,85.3,,,,,"[{'type': {'displayName': 'Length', 'value': 212}, 'value': '28.5'}, {'type': {'displayName': 'Zone', 'value': 56}, 'value': 'Left'}, {'type': {'displayName': 'Angle', 'value': 213}, 'value': '6.13'}, {'type': {'displayName': 'PassEndX', 'value': 140}, 'value': '87.5'}, {'type': {'displayName': 'PassEndY', 'value': 141}, 'value': '85.3'}]",True,,,,,
1901113,SecondHalf,48,30.0,51,Pass,Successful,87,Juventus,383855.0,Jonathan David,87.1,85.3,79.7,85.6,,,,,"[{'type': {'displayName': 'PassEndX', 'value': 140}, 'value': '79.7'}, {'type': {'displayName': 'PassEndY', 'value': 141}, 'value': '85.6'}, {'type': {'displayName': 'Angle', 'value': 213}, 'value': '3.12'}, {'type': {'displayName': 'Length', 'value': 212}, 'value': '7.8'}, {'type': {'displayName': 'Zone', 'value': 56}, 'value': 'Left'}]",True,,,,,
1901113,SecondHalf,48,31.0,51,TakeOn,Unsuccessful,87,Juventus,494525.0,Kenan Yildiz,84.0,88.6,,,,,,,"[{'type': {'displayName': 'OppositeRelatedEvent', 'value': 233}, 'value': '331'}, {'type': {'displayName': 'Offensive', 'value': 286}}, {'type': {'displayName': 'Zone', 'value': 56}, 'value': 'Left'}]",True,,,,,
1901113,SecondHalf,48,31.0,51,Tackle,Successful,78,Cagliari,318432.0,Yerry Mina,16.0,11.4,,,,,,,"[{'type': {'displayName': 'OppositeRelatedEvent', 'value': 233}, 'value': '569'}, {'type': {'displayName': 'Zone', 'value': 56}, 'value': 'Back'}, {'type': {'displayName': 'Defensive', 'value': 285}}, {'type': {'displayName': 'StandingSave', 'value': 178}}]",True,,,,,
1901113,SecondHalf,48,33.0,51,BallRecovery,Successful,78,Cagliari,318432.0,Yerry Mina,19.2,3.3,,,,,,,[],False,,,,,
1901113,SecondHalf,48,33.0,51,Pass,Successful,78,Cagliari,318432.0,Yerry Mina,19.2,3.3,64.9,26.7,,,,,"[{'type': {'displayName': 'PassEndX', 'value': 140}, 'value': '64.9'}, {'type': {'displayName': 'PassEndY', 'value': 141}, 'value': '26.7'}, {'type': {'displayName': 'Angle', 'value': 213}, 'value': '0.32'}, {'type': {'displayName': 'Length', 'value': 212}, 'value': '50.6'}, {'type': {'displayName': 'Longball', 'value': 1}}, {'type': {'displayName': 'Zone', 'value': 56}, 'value': 'Center'}]",True,,,,,
1901113,SecondHalf,48,39.0,51,TakeOn,Unsuccessful,78,Cagliari,457171.0,Semih Kiliçsoy,74.0,20.6,,,,,,,"[{'type': {'displayName': 'Offensive', 'value': 286}}, {'type': {'displayName': 'OppositeRelatedEvent', 'value': 233}, 'value': '570'}, {'type': {'displayName': 'Zone', 'value': 56}, 'value': 'Right'}]",True,,,,,
1901113,SecondHalf,48,39.0,51,Tackle,Unsuccessful,87,Juventus,339875.0,Bremer,26.0,79.4,,,,,,,"[{'type': {'displayName': 'Defensive', 'value': 285}}, {'type': {'displayName': 'StandingSave', 'value': 178}}, {'type': {'displayName': 'OppositeRelatedEvent', 'value': 233}, 'value': '334'}, {'type': {'displayName': 'Zone', 'value': 56}, 'value': 'Back'}]",True,,,,,
1901113,SecondHalf,48,48.0,51,Pass,Successful,78,Cagliari,457171.0,Semih Kiliçsoy,97.8,10.0,98.9,28.0,,,,,"[{'type': {'displayName': 'Angle', 'value': 213}, 'value': '1.48'}, {'type': {'displayName': 'IntentionalAssist', 'value': 154}}, {'type': {'displayName': 'ShotAssist', 'value': 210}, 'value': '13'}, {'type': {'displayName': 'Length', 'value': 212}, 'value': '12.3'}, {'type': {'displayName': 'PassEndX', 'value': 140}, 'value': '98.9'}, {'type': {'displayName': 'PassEndY', 'value': 141}, 'value': '28.0'}, {'type': {'displayName': 'Zone', 'value': 56}, 'value': 'Center'}, {'type': {'displayName': 'KeyPass', 'value': 11113}}]",True,,,,,
1901113,SecondHalf,48,51.0,51,MissedShots,Successful,78,Cagliari,371397.0,Sebastiano Esposito,98.9,28.0,,,74.6,4.2,99.2,47.2,"[{'type': {'displayName': 'MissLeft', 'value': 73}}, {'type': {'displayName': 'RegularPlay', 'value': 22}}, {'type': {'displayName': 'RelatedEventId', 'value': 55}, 'value': '335'}, {'type': {'displayName': 'Assisted', 'value': 29}}, {'type': {'displayName': 'FirstTouch', 'value': 328}}, {'type': {'displayName': 'BlockedY', 'value': 147}, 'value': '47.2'}, {'type': {'displayName': 'BlockedX', 'value': 146}, 'value': '99.2'}, {'type': {'displayName': 'GoalMouthZ', 'value': 103}, 'value': '4.2'}, {'type': {'displayName': 'GoalMouthY', 'value': 102}, 'value': '74.6'}, {'type': {'displayName': 'IntentionalAssist', 'value': 154}}, {'type': {'displayName': 'RightFoot', 'value': 20}}, {'type': {'displayName': 'DeepBoxRight', 'value': 62}}, {'type': {'displayName': 'Zone', 'value': 56}, 'value': 'Center'}]",True,True,,,335.0,457171.0
1901113,SecondHalf,48,51.0,51,Save,Successful,87,Juventus,78880.0,Mattia Perin,0.2,54.8,,,,,,,"[{'type': {'displayName': 'DivingSave', 'value': 179}}, {'type': {'displayName': 'FromShotOffTarget', 'value': 190}}, {'type': {'displayName': 'Hands', 'value': 182}}, {'type': {'displayName': 'Zone', 'value': 56}, 'value': 'Back'}, {'type': {'displayName': 'ParriedSafe', 'value': 173}}]",True,,,,,
1901113,SecondHalf,48,53.0,51,CornerAwarded,Successful,78,Cagliari,371397.0,Sebastiano Esposito,100.0,31.0,,,,,,,"[{'type': {'displayName': 'Zone', 'value': 56}, 'value': 'Center'}, {'type': {'displayName': 'MissRight', 'value': 75}}, {'type': {'displayName': 'OppositeRelatedEvent', 'value': 233}, 'value': '572'}]",False,,,,,
1901113,SecondHalf,48,53.0,51,CornerAwarded,Unsuccessful,87,Juventus,78880.0,Mattia Perin,0.0,69.0,,,,,,,"[{'type': {'displayName': 'Zone', 'value': 56}, 'value': 'Back'}, {'type': {'displayName': 'OppositeRelatedEvent', 'value': 233}, 'value': '337'}, {'type': {'displayName': 'MissLeft', 'value': 73}}]",False,,,,,
1901113,SecondHalf,49,31.0,52,Pass,Unsuccessful,78,Cagliari,371397.0,Sebastiano Esposito,99.5,0.5,96.7,36.1,,,,,"[{'type': {'displayName': 'Cross', 'value': 2}}, {'type': {'displayName': 'Chipped', 'value': 155}}, {'type': {'displayName': 'Angle', 'value': 213}, 'value': '1.69'}, {'type': {'displayName': 'RightFoot', 'value': 20}}, {'type': {'displayName': 'Zone', 'value': 56}, 'value': 'Center'}, {'type': {'displayName': 'PassEndX', 'value': 140}, 'value': '96.7'}, {'type': {'displayName': 'CornerTaken', 'value': 6}}, {'type': {'displayName': 'PassEndY', 'value': 141}, 'value': '36.1'}, {'type': {'displayName': 'Length', 'value': 212}, 'value': '24.4'}]",True,,,,,
1901113,SecondHalf,49,34.0,52,Clearance,Successful,87,Juventus,425080.0,Fabio Miretti,4.7,66.9,8.7,88.7,,,,,"[{'type': {'displayName': 'Zone', 'value': 56}, 'value': 'Back'}, {'type': {'displayName': 'Angle', 'value': 213}, 'value': '1.29'}, {'type': {'displayName': 'Length', 'value': 212}, 'value': '15.4'}, {'type': {'displayName': 'PassEndX', 'value': 140}, 'value': '8.7'}, {'type': {'displayName': 'PassEndY', 'value': 141}, 'value': '88.7'}]",True,,,,,
1901113,SecondHalf,49,35.0,52,Pass,Successful,78,Cagliari,371397.0,Sebastiano Esposito,86.0,12.1,93.1,55.2,,,,,"[{'type': {'displayName': 'Angle', 'value': 213}, 'value': '1.32'}, {'type': {'displayName': 'Chipped', 'value': 155}}, {'type': {'displayName': 'Cross', 'value': 2}}, {'type': {'displayName': 'PassEndY', 'value': 141}, 'value': '55.2'}, {'type': {'displayName': 'PassEndX', 'value': 140}, 'value': '93.1'}, {'type': {'displayName': 'Zone', 'value': 56}, 'value': 'Center'}, {'type': {'displayName': 'ShotAssist', 'value': 210}, 'value': '13'}, {'type': {'displayName': 'RightFoot', 'value': 20}}, {'type': {'displayName': 'IntentionalAssist', 'value': 154}}, {'type': {'displayName': 'Length', 'value': 212}, 'value': '30.2'}, {'type': {'displayName': 'KeyPass', 'value': 11113}}]",True,,,,,
1901113,SecondHalf,49,39.0,52,MissedShots,Successful,78,Cagliari,255292.0,Sebastiano Luperto,93.1,55.2,,,63.2,18.1,99.0,60.7,"[{'type': {'displayName': 'GoalMouthZ', 'value': 103}, 'value': '18.1'}, {'type': {'displayName': 'FirstTouch', 'value': 328}}, {'type': {'displayName': 'GoalMouthY', 'value': 102}, 'value': '63.2'}, {'type': {'displayName': 'BlockedX', 'value': 146}, 'value': '99.0'}, {'type': {'displayName': 'IntentionalAssist', 'value': 154}}, {'type': {'displayName': 'BoxCentre', 'value': 17}}, {'type': {'displayName': 'Assisted', 'value': 29}}, {'type': {'displayName': 'Zone', 'value': 56}, 'value': 'Center'}, {'type': {'displayName': 'RelatedEventId', 'value': 55}, 'value': '339'}, {'type': {'displayName': 'BlockedY', 'value': 147}, 'value': '60.7'}, {'type': {'displayName': 'Volley', 'value': 108}}, {'type': {'displayName': 'LeftFoot', 'value': 72}}, {'type': {'displayName': 'FromCorner', 'value': 25}}, {'type': {'displayName': 'MissLeft', 'value': 73}}]",True,True,,,339.0,371397.0
1901113,SecondHalf,49,39.0,52,Clearance,Successful,87,Juventus,343308.0,Teun Koopmeiners,4.4,36.4,18.4,15.4,,,,,"[{'type': {'displayName': 'Length', 'value': 212}, 'value': '20.5'}, {'type': {'displayName': 'PassEndY', 'value': 141}, 'value': '15.4'}, {'type': {'displayName': 'Zone', 'value': 56}, 'value': 'Back'}, {'type': {'displayName': 'PassEndX', 'value': 140}, 'value': '18.4'}, {'type': {'displayName': 'Angle', 'value': 213}, 'value': '5.51'}]",True,,,,,
1901113,SecondHalf,49,42.0,52,BallRecovery,Successful,87,Juventus,383855.0,Jonathan David,18.9,8.2,,,,,,,[],False,,,,,
1901113,SecondHalf,49,46.0,52,Pass,Successful,87,Juventus,383855.0,Jonathan David,29.5,13.2,22.7,14.7,,,,,"[{'type': {'displayName': 'PassEndY', 'value': 141}, 'value': '14.7'}, {'type': {'displayName': 'Length', 'value': 212}, 'value': '7.2'}, {'type': {'displayName': 'Zone', 'value': 56}, 'value': 'Back'}, {'type': {'displayName': 'Angle', 'value': 213}, 'value': '3.00'}, {'type': {'displayName': 'PassEndX', 'value': 140}, 'value': '22.7'}]",True,,,,,
1901113,SecondHalf,49,49.0,52,Pass,Successful,87,Juventus,343308.0,Teun Koopmeiners,20.0,15.9,23.5,81.0,,,,,"[{'type': {'displayName': 'PassEndY', 'value': 141}, 'value': '81.0'}, {'type': {'displayName': 'Zone', 'value': 56}, 'value': 'Back'}, {'type': {'displayName': 'Chipped', 'value': 155}}, {'type': {'displayName': 'Angle', 'value': 213}, 'value': '1.49'}, {'type': {'displayName': 'Length', 'value': 212}, 'value': '44.4'}, {'type': {'displayName': 'Longball', 'value': 1}}, {'type': {'displayName': 'PassEndX', 'value': 140}, 'value': '23.5'}]",True,,,,,
1901113,SecondHalf,49,57.0,52,Foul,Successful,87,Juventus,273539.0,Manuel Locatelli,34.4,81.9,,,,,,,"[{'type': {'displayName': 'Offensive', 'value': 286}}, {'type': {'displayName': 'Foul', 'value': 13}}, {'type': {'displayName': 'OppositeRelatedEvent', 'value': 233}, 'value': '342'}, {'type': {'displayName': 'Zone', 'value': 56}, 'value': 'Back'}]",True,,,,,
1901113,SecondHalf,49,57.0,52,Foul,Unsuccessful,78,Cagliari,371397.0,Sebastiano Esposito,65.6,18.1,,,,,,,"[{'type': {'displayName': 'OppositeRelatedEvent', 'value': 233}, 'value': '578'}, {'type': {'displayName': 'Defensive', 'value': 285}}, {'type': {'displayName': 'Zone', 'value': 56}, 'value': 'Right'}, {'type': {'displayName': 'Foul', 'value': 13}}]",False,,,,,
1901113,SecondHalf,50,1.0,53,Pass,Successful,87,Juventus,273539.0,Manuel Locatelli,39.1,85.2,41.9,68.2,,,,,"[{'type': {'displayName': 'Zone', 'value': 56}, 'value': 'Back'}, {'type': {'displayName': 'Length', 'value': 212}, 'value': '11.9'}, {'type': {'displayName': 'PassEndY', 'value': 141}, 'value': '68.2'}, {'type': {'displayName': 'PassEndX', 'value': 140}, 'value': '41.9'}, {'type': {'displayName': 'FreekickTaken', 'value': 5}}, {'type': {'displayName': 'Angle', 'value': 213}, 'value': '4.96'}]",True,,,,,
1901113,SecondHalf,50,2.0,53,Pass,Successful,87,Juventus,425080.0,Fabio Miretti,44.5,66.0,43.3,42.3,,,,,"[{'type': {'displayName': 'Angle', 'value': 213}, 'value': '4.63'}, {'type': {'displayName': 'Zone', 'value': 56}, 'value': 'Back'}, {'type': {'displayName': 'PassEndX', 'value': 140}, 'value': '43.3'}, {'type': {'displayName': 'Length', 'value': 212}, 'value': '16.2'}, {'type': {'displayName': 'PassEndY', 'value': 141}, 'value': '42.3'}]",True,,,,,
1901113,SecondHalf,50,4.0,53,Pass,Successful,87,Juventus,343308.0,Teun Koopmeiners,47.0,39.9,60.2,2.4,,,,,"[{'type': {'displayName': 'PassEndX', 'value': 140}, 'value': '60.2'}, {'type': {'displayName': 'Angle', 'value': 213}, 'value': '5.21'}, {'type': {'displayName': 'Zone', 'value': 56}, 'value': 'Right'}, {'type': {'displayName': 'Length', 'value': 212}, 'value': '29.0'}, {'type': {'displayName': 'PassEndY', 'value': 141}, 'value': '2.4'}]",True,,,,,
1901113,SecondHalf,50,9.0,53,Pass,Successful,87,Juventus,391836.0,Pierre Kalulu,60.6,4.3,52.7,31.3,,,,,"[{'type': {'displayName': 'Length', 'value': 212}, 'value': '20.1'}, {'type': {'displayName': 'Angle', 'value': 213}, 'value': '2.00'}, {'type': {'displayName': 'Zone', 'value': 56}, 'value': 'Center'}, {'type': {'displayName': 'PassEndY', 'value': 141}, 'value': '31.3'}, {'type': {'displayName': 'PassEndX', 'value': 140}, 'value': '52.7'}]",True,,,,,
1901113,SecondHalf,50,13.0,53,Pass,Successful,87,Juventus,339875.0,Bremer,52.7,31.3,57.8,72.6,,,,,"[{'type': {'displayName': 'Length', 'value': 212}, 'value': '28.6'}, {'type': {'displayName': 'Zone', 'value': 56}, 'value': 'Center'}, {'type': {'displayName': 'PassEndX', 'value': 140}, 'value': '57.8'}, {'type': {'displayName': 'PassEndY', 'value': 141}, 'value': '72.6'}, {'type': {'displayName': 'Angle', 'value': 213}, 'value': '1.38'}]",True,,,,,
1901113,SecondHalf,50,17.0,53,Pass,Successful,87,Juventus,273539.0,Manuel Locatelli,60.4,71.4,74.1,41.8,,,,,"[{'type': {'displayName': 'PassEndX', 'value': 140}, 'value': '74.1'}, {'type': {'displayName': 'PassEndY', 'value': 141}, 'value': '41.8'}, {'type': {'displayName': 'Length', 'value': 212}, 'value': '24.7'}, {'type': {'displayName': 'Angle', 'value': 213}, 'value': '5.33'}, {'type': {'displayName': 'Zone', 'value': 56}, 'value': 'Center'}]",True,,,,,
1901113,SecondHalf,50,19.0,53,Pass,Successful,87,Juventus,338275.0,Weston McKennie,74.1,41.8,76.0,55.8,,,,,"[{'type': {'displayName': 'Angle', 'value': 213}, 'value': '1.36'}, {'type': {'displayName': 'PassEndX', 'value': 140}, 'value': '76.0'}, {'type': {'displayName': 'PassEndY', 'value': 141}, 'value': '55.8'}, {'type': {'displayName': 'Length', 'value': 212}, 'value': '9.7'}, {'type': {'displayName': 'Zone', 'value': 56}, 'value': 'Center'}]",True,,,,,
1901113,SecondHalf,50,20.0,53,BallTouch,Unsuccessful,87,Juventus,383855.0,Jonathan David,76.0,55.8,,,,,,,"[{'type': {'displayName': 'Zone', 'value': 56}, 'value': 'Center'}]",True,,,,,
1901113,SecondHalf,50,21.0,53,Foul,Successful,78,Cagliari,369883.0,Gianluca Gaetano,25.4,46.0,,,,,,,"[{'type': {'displayName': 'Foul', 'value': 13}}, {'type': {'displayName': 'Defensive', 'value': 285}}, {'type': {'displayName': 'Zone', 'value': 56}, 'value': 'Back'}, {'type': {'displayName': 'OppositeRelatedEvent', 'value': 233}, 'value': '587'}]",True,,,,,
1901113,SecondHalf,50,21.0,53,Foul,Unsuccessful,87,Juventus,383855.0,Jonathan David,74.6,54.0,,,,,,,"[{'type': {'displayName': 'Zone', 'value': 56}, 'value': 'Center'}, {'type': {'displayName': 'Foul', 'value': 13}}, {'type': {'displayName': 'Offensive', 'value': 286}}, {'type': {'displayName': 'OppositeRelatedEvent', 'value': 233}, 'value': '345'}]",False,,,,,
1901113,SecondHalf,50,49.0,53,Pass,Successful,78,Cagliari,318432.0,Yerry Mina,28.2,44.7,74.4,60.0,,,,,"[{'type': {'displayName': 'Longball', 'value': 1}}, {'type': {'displayName': 'FreekickTaken', 'value': 5}}, {'type': {'displayName': 'Zone', 'value': 56}, 'value': 'Center'}, {'type': {'displayName': 'Length', 'value': 212}, 'value': '49.6'}, {'type': {'displayName': 'PassEndY', 'value': 141}, 'value': '60.0'}, {'type': {'displayName': 'PassEndX', 'value': 140}, 'value': '74.4'}, {'type': {'displayName': 'Chipped', 'value': 155}}, {'type': {'displayName': 'Angle', 'value': 213}, 'value': '0.21'}]",True,,,,,
1901113,SecondHalf,50,50.0,53,Pass,Unsuccessful,78,Cagliari,371397.0,Sebastiano Esposito,74.5,59.7,70.4,46.0,,,,,"[{'type': {'displayName': 'PassEndX', 'value': 140}, 'value': '70.4'}, {'type': {'displayName': 'HeadPass', 'value': 3}}, {'type': {'displayName': 'Angle', 'value': 213}, 'value': '4.28'}, {'type': {'displayName': 'Length', 'value': 212}, 'value': '10.3'}, {'type': {'displayName': 'PassEndY', 'value': 141}, 'value': '46.0'}, {'type': {'displayName': 'Zone', 'value': 56}, 'value': 'Center'}]",True,,,,,
1901113,SecondHalf,50,51.0,53,Clearance,Successful,87,Juventus,332419.0,Lloyd Kelly,26.7,58.9,39.9,50.8,,,,,"[{'type': {'displayName': 'Zone', 'value': 56}, 'value': 'Back'}, {'type': {'displayName': 'Length', 'value': 212}, 'value': '14.9'}, {'type': {'displayName': 'PassEndX', 'value': 140}, 'value': '39.9'}, {'type': {'displayName': 'Angle', 'value': 213}, 'value': '5.90'}, {'type': {'displayName': 'Head', 'value': 15}}, {'type': {'displayName': 'PassEndY', 'value': 141}, 'value': '50.8'}]",True,,,,,
1901113,SecondHalf,50,54.0,53,BallTouch,Unsuccessful,78,Cagliari,369883.0,Gianluca Gaetano,68.3,48.3,,,,,,,"[{'type': {'displayName': 'Zone', 'value': 56}, 'value': 'Center'}]",True,,,,,
1901113,SecondHalf,50,54.0,53,BallRecovery,Successful,87,Juventus,494525.0,Kenan Yildiz,40.3,63.4,,,,,,,[],False,,,,,
1901113,SecondHalf,50,57.0,53,Pass,Successful,87,Juventus,494525.0,Kenan Yildiz,53.3,68.1,73.1,89.4,,,,,"[{'type': {'displayName': 'Angle', 'value': 213}, 'value': '0.61'}, {'type': {'displayName': 'Length', 'value': 212}, 'value': '25.3'}, {'type': {'displayName': 'PassEndX', 'value': 140}, 'value': '73.1'}, {'type': {'displayName': 'PassEndY', 'value': 141}, 'value': '89.4'}, {'type': {'displayName': 'Zone', 'value': 56}, 'value': 'Left'}]",True,,,,,
1901113,SecondHalf,51,0.0,54,Pass,Successful,87,Juventus,383855.0,Jonathan David,73.3,91.2,63.6,94.6,,,,,"[{'type': {'displayName': 'Length', 'value': 212}, 'value': '10.4'}, {'type': {'displayName': 'Angle', 'value': 213}, 'value': '2.92'}, {'type': {'displayName': 'Zone', 'value': 56}, 'value': 'Left'}, {'type': {'displayName': 'PassEndX', 'value': 140}, 'value': '63.6'}, {'type': {'displayName': 'PassEndY', 'value': 141}, 'value': '94.6'}]",True,,,,,
1901113,SecondHalf,51,1.0,54,Pass,Successful,87,Juventus,494525.0,Kenan Yildiz,63.6,94.6,86.4,91.2,,,,,"[{'type': {'displayName': 'Angle', 'value': 213}, 'value': '6.19'}, {'type': {'displayName': 'Length', 'value': 212}, 'value': '24.1'}, {'type': {'displayName': 'PassEndX', 'value': 140}, 'value': '86.4'}, {'type': {'displayName': 'PassEndY', 'value': 141}, 'value': '91.2'}, {'type': {'displayName': 'Zone', 'value': 56}, 'value': 'Left'}]",True,,,,,
1901113,SecondHalf,51,6.0,54,Pass,Successful,87,Juventus,423440.0,Andrea Cambiaso,82.6,83.6,80.6,71.8,,,,,"[{'type': {'displayName': 'Length', 'value': 212}, 'value': '8.3'}, {'type': {'displayName': 'ShotAssist', 'value': 210}, 'value': '15'}, {'type': {'displayName': 'PassEndY', 'value': 141}, 'value': '71.8'}, {'type': {'displayName': 'PassEndX', 'value': 140}, 'value': '80.6'}, {'type': {'displayName': 'Angle', 'value': 213}, 'value': '4.46'}, {'type': {'displayName': 'Zone', 'value': 56}, 'value': 'Center'}, {'type': {'displayName': 'KeyPass', 'value': 11113}}]",True,,,,,
1901113,SecondHalf,51,7.0,54,SavedShot,Successful,87,Juventus,383855.0,Jonathan David,91.2,68.3,,,47.3,19.0,92.1,66.1,"[{'type': {'displayName': 'RegularPlay', 'value': 22}}, {'type': {'displayName': 'IndividualPlay', 'value': 215}}, {'type': {'displayName': 'RelatedEventId', 'value': 55}, 'value': '593'}, {'type': {'displayName': 'GoalMouthZ', 'value': 103}, 'value': '19'}, {'type': {'displayName': 'BlockedY', 'value': 147}, 'value': '66.1'}, {'type': {'displayName': 'LowRight', 'value': 80}}, {'type': {'displayName': 'Blocked', 'value': 82}}, {'type': {'displayName': 'OppositeRelatedEvent', 'value': 233}, 'value': '349'}, {'type': {'displayName': 'BlockedX', 'value': 146}, 'value': '92.1'}, {'type': {'displayName': 'FirstTouch', 'value': 328}}, {'type': {'displayName': 'GoalMouthY', 'value': 102}, 'value': '47.3'}, {'type': {'displayName': 'Assisted', 'value': 29}}, {'type': {'displayName': 'LeftFoot', 'value': 72}}, {'type': {'displayName': 'BoxLeft', 'value': 64}}, {'type': {'displayName': 'Zone', 'value': 56}, 'value': 'Center'}]",True,True,,,593.0,423440.0
1901113,SecondHalf,51,7.0,54,Save,Successful,78,Cagliari,450142.0,Zé Pedro,5.6,32.6,,,,,,,"[{'type': {'displayName': 'OutfielderBlock', 'value': 94}}, {'type': {'displayName': 'OppositeRelatedEvent', 'value': 233}, 'value': '594'}, {'type': {'displayName': 'Zone', 'value': 56}, 'value': 'Back'}]",True,,,,,
1901113,SecondHalf,51,11.0,54,BallTouch,Successful,78,Cagliari,356176.0,Michel Adopo,6.5,25.5,,,,,,,"[{'type': {'displayName': 'Zone', 'value': 56}, 'value': 'Back'}]",True,,,,,
1901113,SecondHalf,51,15.0,54,BallRecovery,Successful,78,Cagliari,481154.0,Marco Palestra,6.3,8.2,,,,,,,[],False,,,,,
1901113,SecondHalf,51,17.0,54,Pass,Unsuccessful,78,Cagliari,481154.0,Marco Palestra,3.2,6.6,23.5,17.7,,,,,"[{'type': {'displayName': 'Length', 'value': 212}, 'value': '22.6'}, {'type': {'displayName': 'PassEndX', 'value': 140}, 'value': '23.5'}, {'type': {'displayName': 'PassEndY', 'value': 141}, 'value': '17.7'}, {'type': {'displayName': 'Angle', 'value': 213}, 'value': '0.34'}, {'type': {'displayName': 'Zone', 'value': 56}, 'value': 'Back'}, {'type': {'displayName': 'Longball', 'value': 1}}]",True,,,,,
1901113,SecondHalf,51,20.0,54,BallRecovery,Successful,87,Juventus,273539.0,Manuel Locatelli,78.1,82.0,,,,,,,[],False,,,,,
1901113,SecondHalf,51,20.0,54,Pass,Successful,87,Juventus,273539.0,Manuel Locatelli,78.1,82.0,71.2,35.4,,,,,"[{'type': {'displayName': 'Length', 'value': 212}, 'value': '32.5'}, {'type': {'displayName': 'Longball', 'value': 1}}, {'type': {'displayName': 'PassEndX', 'value': 140}, 'value': '71.2'}, {'type': {'displayName': 'Zone', 'value': 56}, 'value': 'Center'}, {'type': {'displayName': 'PassEndY', 'value': 141}, 'value': '35.4'}, {'type': {'displayName': 'Angle', 'value': 213}, 'value': '4.49'}]",True,,,,,
1901113,SecondHalf,51,23.0,54,Pass,Unsuccessful,87,Juventus,391836.0,Pierre Kalulu,71.9,32.2,92.3,58.0,,,,,"[{'type': {'displayName': 'PassEndX', 'value': 140}, 'value': '92.3'}, {'type': {'displayName': 'Chipped', 'value': 155}}, {'type': {'displayName': 'Angle', 'value': 213}, 'value': '0.69'}, {'type': {'displayName': 'Length', 'value': 212}, 'value': '27.7'}, {'type': {'displayName': 'Zone', 'value': 56}, 'value': 'Center'}, {'type': {'displayName': 'PassEndY', 'value': 141}, 'value': '58.0'}]",True,,,,,
1901113,SecondHalf,51,25.0,54,Clearance,Successful,78,Cagliari,450142.0,Zé Pedro,7.3,40.2,36.4,49.0,,,,,"[{'type': {'displayName': 'Angle', 'value': 213}, 'value': '0.19'}, {'type': {'displayName': 'Head', 'value': 15}}, {'type': {'displayName': 'PassEndX', 'value': 140}, 'value': '36.4'}, {'type': {'displayName': 'Zone', 'value': 56}, 'value': 'Back'}, {'type': {'displayName': 'PassEndY', 'value': 141}, 'value': '49.0'}, {'type': {'displayName': 'Length', 'value': 212}, 'value': '31.1'}]",True,,,,,
1901113,SecondHalf,51,27.0,54,Pass,Successful,87,Juventus,339875.0,Bremer,62.9,64.8,71.1,60.6,,,,,"[{'type': {'displayName': 'PassEndX', 'value': 140}, 'value': '71.1'}, {'type': {'displayName': 'PassEndY', 'value': 141}, 'value': '60.6'}, {'type': {'displayName': 'Length', 'value': 212}, 'value': '9.1'}, {'type': {'displayName': 'Angle', 'value': 213}, 'value': '5.96'}, {'type': {'displayName': 'Zone', 'value': 56}, 'value': 'Center'}]",True,,,,,
1901113,SecondHalf,51,28.0,54,Pass,Successful,87,Juventus,273539.0,Manuel Locatelli,71.1,60.6,61.7,75.1,,,,,"[{'type': {'displayName': 'PassEndY', 'value': 141}, 'value': '75.1'}, {'type': {'displayName': 'Length', 'value': 212}, 'value': '14.0'}, {'type': {'displayName': 'PassEndX', 'value': 140}, 'value': '61.7'}, {'type': {'displayName': 'Angle', 'value': 213}, 'value': '2.36'}, {'type': {'displayName': 'Zone', 'value': 56}, 'value': 'Center'}]",True,,,,,
1901113,SecondHalf,51,30.0,54,Pass,Successful,87,Juventus,332419.0,Lloyd Kelly,61.7,75.1,78.9,92.2,,,,,"[{'type': {'displayName': 'PassEndY', 'value': 141}, 'value': '92.2'}, {'type': {'displayName': 'Angle', 'value': 213}, 'value': '0.57'}, {'type': {'displayName': 'Zone', 'value': 56}, 'value': 'Left'}, {'type': {'displayName': 'Length', 'value': 212}, 'value': '21.5'}, {'type': {'displayName': 'PassEndX', 'value': 140}, 'value': '78.9'}]",True,,,,,
1901113,SecondHalf,51,32.0,54,Pass,Successful,87,Juventus,494525.0,Kenan Yildiz,79.3,92.2,77.6,76.3,,,,,"[{'type': {'displayName': 'Zone', 'value': 56}, 'value': 'Center'}, {'type': {'displayName': 'Length', 'value': 212}, 'value': '11.0'}, {'type': {'displayName': 'Angle', 'value': 213}, 'value': '4.55'}, {'type': {'displayName': 'PassEndY', 'value': 141}, 'value': '76.3'}, {'type': {'displayName': 'PassEndX', 'value': 140}, 'value': '77.6'}]",True,,,,,
1901113,SecondHalf,51,35.0,54,Pass,Successful,87,Juventus,425080.0,Fabio Miretti,82.1,86.2,73.2,82.6,,,,,"[{'type': {'displayName': 'Angle', 'value': 213}, 'value': '3.40'}, {'type': {'displayName': 'PassEndX', 'value': 140}, 'value': '73.2'}, {'type': {'displayName': 'PassEndY', 'value': 141}, 'value': '82.6'}, {'type': {'displayName': 'Zone', 'value': 56}, 'value': 'Left'}, {'type': {'displayName': 'Length', 'value': 212}, 'value': '9.7'}]",True,,,,,
1901113,SecondHalf,51,38.0,54,Pass,Successful,87,Juventus,273539.0,Manuel Locatelli,72.8,78.0,85.9,91.5,,,,,"[{'type': {'displayName': 'PassEndY', 'value': 141}, 'value': '91.5'}, {'type': {'displayName': 'Zone', 'value': 56}, 'value': 'Left'}, {'type': {'displayName': 'PassEndX', 'value': 140}, 'value': '85.9'}, {'type': {'displayName': 'ShotAssist', 'value': 210}, 'value': '13'}, {'type': {'displayName': 'Length', 'value': 212}, 'value': '16.5'}, {'type': {'displayName': 'Angle', 'value': 213}, 'value': '0.59'}, {'type': {'displayName': 'KeyPass', 'value': 11113}}]",True,,,,,
1901113,SecondHalf,51,45.0,54,MissedShots,Successful,87,Juventus,425080.0,Fabio Miretti,78.0,61.3,,,40.2,62.5,,,"[{'type': {'displayName': 'RelatedEventId', 'value': 55}, 'value': '603'}, {'type': {'displayName': 'GoalMouthY', 'value': 102}, 'value': '40.2'}, {'type': {'displayName': 'Zone', 'value': 56}, 'value': 'Center'}, {'type': {'displayName': 'OutOfBoxCentre', 'value': 18}}, {'type': {'displayName': 'HighRight', 'value': 81}}, {'type': {'displayName': 'RightFoot', 'value': 20}}, {'type': {'displayName': 'RegularPlay', 'value': 22}}, {'type': {'displayName': 'GoalMouthZ', 'value': 103}, 'value': '62.5'}, {'type': {'displayName': 'IndividualPlay', 'value': 215}}, {'type': {'displayName': 'Assisted', 'value': 29}}]",True,True,,,603.0,273539.0
1901113,SecondHalf,52,14.0,55,Pass,Successful,78,Cagliari,255292.0,Sebastiano Luperto,5.0,63.0,3.2,51.9,,,,,"[{'type': {'displayName': 'PassEndY', 'value': 141}, 'value': '51.9'}, {'type': {'displayName': 'PassEndX', 'value': 140}, 'value': '3.2'}, {'type': {'displayName': 'Angle', 'value': 213}, 'value': '4.47'}, {'type': {'displayName': 'Zone', 'value': 56}, 'value': 'Back'}, {'type': {'displayName': 'GoalKick', 'value': 124}}, {'type': {'displayName': 'Length', 'value': 212}, 'value': '7.8'}]",True,,,,,
1901113,SecondHalf,52,17.0,55,Pass,Unsuccessful,78,Cagliari,362780.0,Elia Caprile,3.9,49.6,61.8,35.4,,,,,"[{'type': {'displayName': 'Length', 'value': 212}, 'value': '61.6'}, {'type': {'displayName': 'Zone', 'value': 56}, 'value': 'Center'}, {'type': {'displayName': 'PassEndY', 'value': 141}, 'value': '35.4'}, {'type': {'displayName': 'Longball', 'value': 1}}, {'type': {'displayName': 'PassEndX', 'value': 140}, 'value': '61.8'}, {'type': {'displayName': 'Angle', 'value': 213}, 'value': '6.13'}]",True,,,,,
1901113,SecondHalf,52,20.0,55,Pass,Successful,87,Juventus,332419.0,Lloyd Kelly,39.7,64.5,21.4,57.3,,,,,"[{'type': {'displayName': 'HeadPass', 'value': 3}}, {'type': {'displayName': 'PassEndY', 'value': 141}, 'value': '57.3'}, {'type': {'displayName': 'PassEndX', 'value': 140}, 'value': '21.4'}, {'type': {'displayName': 'Zone', 'value': 56}, 'value': 'Back'}, {'type': {'displayName': 'Angle', 'value': 213}, 'value': '3.39'}, {'type': {'displayName': 'Length', 'value': 212}, 'value': '19.8'}]",True,,,,,
1901113,SecondHalf,52,23.0,55,BallRecovery,Successful,87,Juventus,339875.0,Bremer,21.3,57.1,,,,,,,[],False,,,,,
1901113,SecondHalf,52,25.0,55,Pass,Successful,87,Juventus,339875.0,Bremer,22.5,48.6,24.1,68.8,,,,,"[{'type': {'displayName': 'PassEndY', 'value': 141}, 'value': '68.8'}, {'type': {'displayName': 'Angle', 'value': 213}, 'value': '1.45'}, {'type': {'displayName': 'Length', 'value': 212}, 'value': '13.8'}, {'type': {'displayName': 'PassEndX', 'value': 140}, 'value': '24.1'}, {'type': {'displayName': 'Zone', 'value': 56}, 'value': 'Back'}]",True,,,,,
1901113,SecondHalf,52,30.0,55,Pass,Successful,87,Juventus,332419.0,Lloyd Kelly,34.1,73.8,46.6,64.6,,,,,"[{'type': {'displayName': 'PassEndX', 'value': 140}, 'value': '46.6'}, {'type': {'displayName': 'Zone', 'value': 56}, 'value': 'Back'}, {'type': {'displayName': 'Angle', 'value': 213}, 'value': '5.84'}, {'type': {'displayName': 'PassEndY', 'value': 141}, 'value': '64.6'}, {'type': {'displayName': 'Length', 'value': 212}, 'value': '14.5'}]",True,,,,,
1901113,SecondHalf,52,32.0,55,Pass,Successful,87,Juventus,343308.0,Teun Koopmeiners,46.7,64.6,38.0,73.3,,,,,"[{'type': {'displayName': 'PassEndY', 'value': 141}, 'value': '73.3'}, {'type': {'displayName': 'Length', 'value': 212}, 'value': '10.9'}, {'type': {'displayName': 'Zone', 'value': 56}, 'value': 'Back'}, {'type': {'displayName': 'Angle', 'value': 213}, 'value': '2.57'}, {'type': {'displayName': 'PassEndX', 'value': 140}, 'value': '38.0'}]",True,,,,,
1901113,SecondHalf,52,35.0,55,Pass,Successful,87,Juventus,332419.0,Lloyd Kelly,52.6,71.5,79.9,4.0,,,,,"[{'type': {'displayName': 'Longball', 'value': 1}}, {'type': {'displayName': 'Chipped', 'value': 155}}, {'type': {'displayName': 'Zone', 'value': 56}, 'value': 'Right'}, {'type': {'displayName': 'PassEndX', 'value': 140}, 'value': '79.9'}, {'type': {'displayName': 'Length', 'value': 212}, 'value': '54.1'}, {'type': {'displayName': 'PassEndY', 'value': 141}, 'value': '4.0'}, {'type': {'displayName': 'Angle', 'value': 213}, 'value': '5.27'}]",True,,,,,
1901113,SecondHalf,52,41.0,55,BallTouch,Unsuccessful,87,Juventus,391836.0,Pierre Kalulu,83.8,4.0,,,,,,,"[{'type': {'displayName': 'Zone', 'value': 56}, 'value': 'Right'}]",True,,,,,
1901113,SecondHalf,53,15.0,56,SubstitutionOff,Successful,78,Cagliari,457171.0,Semih Kiliçsoy,0.0,0.0,,,,,,,"[{'type': {'displayName': 'PlayerPosition', 'value': 44}, 'value': 'Forward'}, {'type': {'displayName': 'JerseyNumber', 'value': 59}, 'value': '9'}, {'type': {'displayName': 'RelatedEventId', 'value': 55}, 'value': '360'}]",False,,,,360.0,447445.0
1901113,SecondHalf,53,15.0,56,SubstitutionOn,Successful,78,Cagliari,447445.0,Gennaro Borrelli,0.0,0.0,,,,,,,"[{'type': {'displayName': 'JerseyNumber', 'value': 59}, 'value': '29'}, {'type': {'displayName': 'FormationSlot', 'value': 145}, 'value': '10'}, {'type': {'displayName': 'PlayerPosition', 'value': 44}, 'value': 'Forward'}, {'type': {'displayName': 'RelatedEventId', 'value': 55}, 'value': '359'}]",False,,,,359.0,457171.0
1901113,SecondHalf,53,16.0,56,FormationChange,Successful,78,Cagliari,,,0.0,0.0,,,,,,,"[{'type': {'displayName': 'TeamFormation', 'value': 130}, 'value': '11'}, {'type': {'displayName': 'TeamPlayerFormation', 'value': 131}, 'value': '1, 2, 3, 4, 5, 6, 7, 8, 9, 10, 11, 0, 0, 0, 0, 0, 0, 0, 0, 0, 0, 0, 0'}, {'type': {'displayName': 'InvolvedPlayers', 'value': 30}, 'value': '362780,481154,424534,255292,318432,450142,356176,369883,447445,141269,371397,401474,382270,532542,478378,447544,406702,423589,557058,572003,95822,572005,432157'}, {'type': {'displayName': 'CaptainPlayerId', 'value': 194}, 'value': '318432'}, {'type': {'displayName': 'PlayerPosition', 'value': 44}, 'value': '1, 2, 2, 2, 2, 2, 3, 3, 4, 3, 3, 5, 5, 5, 5, 5, 5, 5, 5, 5, 5, 5, 5'}, {'type': {'displayName': 'JerseyNumber', 'value': 59}, 'value': '1, 2, 33, 6, 26, 32, 8, 10, 29, 4, 94, 12, 24, 3, 15, 16, 18, 21, 23, 27, 30, 37, 77'}]",False,,,,,
1901113,SecondHalf,53,51.0,56,Pass,Unsuccessful,78,Cagliari,362780.0,Elia Caprile,5.2,42.3,67.6,40.9,,,,,"[{'type': {'displayName': 'MissHigh', 'value': 74}}, {'type': {'displayName': 'PassEndY', 'value': 141}, 'value': '40.9'}, {'type': {'displayName': 'GoalKick', 'value': 124}}, {'type': {'displayName': 'Longball', 'value': 1}}, {'type': {'displayName': 'Angle', 'value': 213}, 'value': '6.27'}, {'type': {'displayName': 'Zone', 'value': 56}, 'value': 'Center'}, {'type': {'displayName': 'PassEndX', 'value': 140}, 'value': '67.6'}, {'type': {'displayName': 'Length', 'value': 212}, 'value': '65.5'}]",True,,,,,
1901113,SecondHalf,53,56.0,56,BallRecovery,Successful,87,Juventus,339875.0,Bremer,33.0,56.8,,,,,,,[],False,,,,,
1901113,SecondHalf,53,56.0,56,Pass,Successful,87,Juventus,339875.0,Bremer,31.2,55.0,38.3,58.8,,,,,"[{'type': {'displayName': 'Length', 'value': 212}, 'value': '7.9'}, {'type': {'displayName': 'PassEndY', 'value': 141}, 'value': '58.8'}, {'type': {'displayName': 'Zone', 'value': 56}, 'value': 'Back'}, {'type': {'displayName': 'Chipped', 'value': 155}}, {'type': {'displayName': 'PassEndX', 'value': 140}, 'value': '38.3'}, {'type': {'displayName': 'Angle', 'value': 213}, 'value': '0.33'}]",True,,,,,
1901113,SecondHalf,53,58.0,56,Pass,Successful,87,Juventus,273539.0,Manuel Locatelli,37.6,59.1,45.2,53.2,,,,,"[{'type': {'displayName': 'Length', 'value': 212}, 'value': '8.9'}, {'type': {'displayName': 'Zone', 'value': 56}, 'value': 'Back'}, {'type': {'displayName': 'PassEndX', 'value': 140}, 'value': '45.2'}, {'type': {'displayName': 'PassEndY', 'value': 141}, 'value': '53.2'}, {'type': {'displayName': 'Angle', 'value': 213}, 'value': '5.82'}]",True,,,,,
1901113,SecondHalf,54,0.0,57,Foul,Successful,87,Juventus,425080.0,Fabio Miretti,45.0,54.3,,,,,,,"[{'type': {'displayName': 'Offensive', 'value': 286}}, {'type': {'displayName': 'Foul', 'value': 13}}, {'type': {'displayName': 'Zone', 'value': 56}, 'value': 'Back'}, {'type': {'displayName': 'OppositeRelatedEvent', 'value': 233}, 'value': '362'}]",True,,,,,
1901113,SecondHalf,54,0.0,57,Foul,Unsuccessful,78,Cagliari,369883.0,Gianluca Gaetano,55.0,45.7,,,,,,,"[{'type': {'displayName': 'OppositeRelatedEvent', 'value': 233}, 'value': '617'}, {'type': {'displayName': 'Zone', 'value': 56}, 'value': 'Center'}, {'type': {'displayName': 'Defensive', 'value': 285}}, {'type': {'displayName': 'Foul', 'value': 13}}]",False,,,,,
1901113,SecondHalf,54,8.0,57,Pass,Successful,87,Juventus,273539.0,Manuel Locatelli,43.7,51.7,47.2,31.0,,,,,"[{'type': {'displayName': 'Angle', 'value': 213}, 'value': '4.97'}, {'type': {'displayName': 'Zone', 'value': 56}, 'value': 'Back'}, {'type': {'displayName': 'PassEndX', 'value': 140}, 'value': '47.2'}, {'type': {'displayName': 'PassEndY', 'value': 141}, 'value': '31.0'}, {'type': {'displayName': 'FreekickTaken', 'value': 5}}, {'type': {'displayName': 'Length', 'value': 212}, 'value': '14.5'}]",True,,,,,
1901113,SecondHalf,54,11.0,57,Pass,Successful,87,Juventus,339875.0,Bremer,47.4,31.0,44.8,50.1,,,,,"[{'type': {'displayName': 'Angle', 'value': 213}, 'value': '1.78'}, {'type': {'displayName': 'Length', 'value': 212}, 'value': '13.3'}, {'type': {'displayName': 'PassEndY', 'value': 141}, 'value': '50.1'}, {'type': {'displayName': 'PassEndX', 'value': 140}, 'value': '44.8'}, {'type': {'displayName': 'Zone', 'value': 56}, 'value': 'Back'}]",True,,,,,
1901113,SecondHalf,54,15.0,57,Pass,Successful,87,Juventus,273539.0,Manuel Locatelli,47.0,48.1,56.4,29.4,,,,,"[{'type': {'displayName': 'PassEndY', 'value': 141}, 'value': '29.4'}, {'type': {'displayName': 'Length', 'value': 212}, 'value': '16.1'}, {'type': {'displayName': 'Angle', 'value': 213}, 'value': '5.37'}, {'type': {'displayName': 'PassEndX', 'value': 140}, 'value': '56.4'}, {'type': {'displayName': 'Zone', 'value': 56}, 'value': 'Center'}]",True,,,,,
1901113,SecondHalf,54,17.0,57,Pass,Successful,87,Juventus,339875.0,Bremer,57.0,29.1,62.4,45.4,,,,,"[{'type': {'displayName': 'Angle', 'value': 213}, 'value': '1.10'}, {'type': {'displayName': 'PassEndX', 'value': 140}, 'value': '62.4'}, {'type': {'displayName': 'Length', 'value': 212}, 'value': '12.5'}, {'type': {'displayName': 'Zone', 'value': 56}, 'value': 'Center'}, {'type': {'displayName': 'PassEndY', 'value': 141}, 'value': '45.4'}]",True,,,,,
1901113,SecondHalf,54,21.0,57,Pass,Unsuccessful,87,Juventus,425080.0,Fabio Miretti,64.7,52.0,100.0,78.0,,,,,"[{'type': {'displayName': 'Longball', 'value': 1}}, {'type': {'displayName': 'Zone', 'value': 56}, 'value': 'Center'}, {'type': {'displayName': 'Angle', 'value': 213}, 'value': '0.43'}, {'type': {'displayName': 'PassEndX', 'value': 140}, 'value': '100.0'}, {'type': {'displayName': 'Length', 'value': 212}, 'value': '42.5'}, {'type': {'displayName': 'PassEndY', 'value': 141}, 'value': '78.0'}]",True,,,,,
1901113,SecondHalf,54,44.0,57,Pass,Successful,78,Cagliari,255292.0,Sebastiano Luperto,5.1,61.5,10.0,90.4,,,,,"[{'type': {'displayName': 'Angle', 'value': 213}, 'value': '1.31'}, {'type': {'displayName': 'PassEndX', 'value': 140}, 'value': '10.0'}, {'type': {'displayName': 'Zone', 'value': 56}, 'value': 'Back'}, {'type': {'displayName': 'PassEndY', 'value': 141}, 'value': '90.4'}, {'type': {'displayName': 'Length', 'value': 212}, 'value': '20.3'}, {'type': {'displayName': 'GoalKick', 'value': 124}}]",True,,,,,
1901113,SecondHalf,54,46.0,57,Pass,Successful,78,Cagliari,424534.0,Adam Obert,10.1,90.4,36.6,92.7,,,,,"[{'type': {'displayName': 'Angle', 'value': 213}, 'value': '0.06'}, {'type': {'displayName': 'PassEndX', 'value': 140}, 'value': '36.6'}, {'type': {'displayName': 'Zone', 'value': 56}, 'value': 'Back'}, {'type': {'displayName': 'PassEndY', 'value': 141}, 'value': '92.7'}, {'type': {'displayName': 'Length', 'value': 212}, 'value': '27.9'}]",True,,,,,
1901113,SecondHalf,54,48.0,57,BallTouch,Unsuccessful,78,Cagliari,371397.0,Sebastiano Esposito,36.6,92.5,,,,,,,"[{'type': {'displayName': 'Zone', 'value': 56}, 'value': 'Back'}]",True,,,,,
1901113,SecondHalf,54,48.0,57,BallRecovery,Successful,87,Juventus,343308.0,Teun Koopmeiners,67.6,16.5,,,,,,,[],False,,,,,
1901113,SecondHalf,54,50.0,57,Pass,Successful,87,Juventus,343308.0,Teun Koopmeiners,67.5,14.1,77.4,6.0,,,,,"[{'type': {'displayName': 'PassEndY', 'value': 141}, 'value': '6.0'}, {'type': {'displayName': 'Length', 'value': 212}, 'value': '11.8'}, {'type': {'displayName': 'Angle', 'value': 213}, 'value': '5.80'}, {'type': {'displayName': 'Zone', 'value': 56}, 'value': 'Right'}, {'type': {'displayName': 'PassEndX', 'value': 140}, 'value': '77.4'}]",True,,,,,
1901113,SecondHalf,54,51.0,57,Pass,Successful,87,Juventus,338275.0,Weston McKennie,77.4,6.0,64.2,3.7,,,,,"[{'type': {'displayName': 'Zone', 'value': 56}, 'value': 'Right'}, {'type': {'displayName': 'Angle', 'value': 213}, 'value': '3.25'}, {'type': {'displayName': 'PassEndY', 'value': 141}, 'value': '3.7'}, {'type': {'displayName': 'Length', 'value': 212}, 'value': '13.9'}, {'type': {'displayName': 'PassEndX', 'value': 140}, 'value': '64.2'}, {'type': {'displayName': 'LayOff', 'value': 156}}]",True,,,,,
1901113,SecondHalf,54,55.0,57,Pass,Successful,87,Juventus,273539.0,Manuel Locatelli,63.5,9.9,52.4,20.8,,,,,"[{'type': {'displayName': 'PassEndX', 'value': 140}, 'value': '52.4'}, {'type': {'displayName': 'Length', 'value': 212}, 'value': '13.8'}, {'type': {'displayName': 'PassEndY', 'value': 141}, 'value': '20.8'}, {'type': {'displayName': 'Angle', 'value': 213}, 'value': '2.58'}, {'type': {'displayName': 'Zone', 'value': 56}, 'value': 'Right'}]",True,,,,,
1901113,SecondHalf,55,0.0,58,Pass,Successful,87,Juventus,339875.0,Bremer,53.9,31.2,67.0,6.7,,,,,"[{'type': {'displayName': 'PassEndY', 'value': 141}, 'value': '6.7'}, {'type': {'displayName': 'Zone', 'value': 56}, 'value': 'Right'}, {'type': {'displayName': 'Angle', 'value': 213}, 'value': '5.40'}, {'type': {'displayName': 'Length', 'value': 212}, 'value': '21.6'}, {'type': {'displayName': 'PassEndX', 'value': 140}, 'value': '67.0'}]",True,,,,,
1901113,SecondHalf,55,2.0,58,Pass,Successful,87,Juventus,343308.0,Teun Koopmeiners,66.5,6.1,73.0,3.4,,,,,"[{'type': {'displayName': 'PassEndY', 'value': 141}, 'value': '3.4'}, {'type': {'displayName': 'PassEndX', 'value': 140}, 'value': '73.0'}, {'type': {'displayName': 'Angle', 'value': 213}, 'value': '6.02'}, {'type': {'displayName': 'Zone', 'value': 56}, 'value': 'Right'}, {'type': {'displayName': 'Length', 'value': 212}, 'value': '7.1'}]",True,,,,,
1901113,SecondHalf,55,7.0,58,Foul,Successful,87,Juventus,343308.0,Teun Koopmeiners,74.7,3.8,,,,,,,"[{'type': {'displayName': 'Zone', 'value': 56}, 'value': 'Right'}, {'type': {'displayName': 'OppositeRelatedEvent', 'value': 233}, 'value': '368'}, {'type': {'displayName': 'Foul', 'value': 13}}, {'type': {'displayName': 'Offensive', 'value': 286}}]",True,,,,,
1901113,SecondHalf,55,7.0,58,Foul,Unsuccessful,78,Cagliari,371397.0,Sebastiano Esposito,25.3,96.2,,,,,,,"[{'type': {'displayName': 'OppositeRelatedEvent', 'value': 233}, 'value': '630'}, {'type': {'displayName': 'Foul', 'value': 13}}, {'type': {'displayName': 'Zone', 'value': 56}, 'value': 'Back'}, {'type': {'displayName': 'Defensive', 'value': 285}}]",False,,,,,
1901113,SecondHalf,55,36.0,58,Pass,Successful,87,Juventus,423440.0,Andrea Cambiaso,72.3,4.9,66.3,7.8,,,,,"[{'type': {'displayName': 'PassEndX', 'value': 140}, 'value': '66.3'}, {'type': {'displayName': 'FreekickTaken', 'value': 5}}, {'type': {'displayName': 'PassEndY', 'value': 141}, 'value': '7.8'}, {'type': {'displayName': 'Zone', 'value': 56}, 'value': 'Right'}, {'type': {'displayName': 'Length', 'value': 212}, 'value': '6.6'}, {'type': {'displayName': 'Angle', 'value': 213}, 'value': '2.84'}]",True,,,,,
1901113,SecondHalf,55,37.0,58,Pass,Successful,87,Juventus,273539.0,Manuel Locatelli,66.3,7.8,72.9,27.3,,,,,"[{'type': {'displayName': 'PassEndX', 'value': 140}, 'value': '72.9'}, {'type': {'displayName': 'Angle', 'value': 213}, 'value': '1.09'}, {'type': {'displayName': 'Length', 'value': 212}, 'value': '15.0'}, {'type': {'displayName': 'PassEndY', 'value': 141}, 'value': '27.3'}, {'type': {'displayName': 'ShotAssist', 'value': 210}, 'value': '15'}, {'type': {'displayName': 'Zone', 'value': 56}, 'value': 'Center'}, {'type': {'displayName': 'KeyPass', 'value': 11113}}]",True,,,,,
1901113,SecondHalf,55,39.0,58,SavedShot,Successful,87,Juventus,423440.0,Andrea Cambiaso,72.8,38.7,,,53.6,13.3,98.4,50.0,"[{'type': {'displayName': 'OppositeRelatedEvent', 'value': 233}, 'value': '370'}, {'type': {'displayName': 'GoalMouthZ', 'value': 103}, 'value': '13.3'}, {'type': {'displayName': 'LowLeft', 'value': 76}}, {'type': {'displayName': 'GoalMouthY', 'value': 102}, 'value': '53.6'}, {'type': {'displayName': 'SetPiece', 'value': 24}}, {'type': {'displayName': 'Zone', 'value': 56}, 'value': 'Center'}, {'type': {'displayName': 'BlockedX', 'value': 146}, 'value': '98.4'}, {'type': {'displayName': 'RelatedEventId', 'value': 55}, 'value': '632'}, {'type': {'displayName': 'LeftFoot', 'value': 72}}, {'type': {'displayName': 'Assisted', 'value': 29}}, {'type': {'displayName': 'IndividualPlay', 'value': 215}}, {'type': {'displayName': 'OutOfBoxCentre', 'value': 18}}, {'type': {'displayName': 'BlockedY', 'value': 147}, 'value': '50'}]",True,True,,,632.0,273539.0
1901113,SecondHalf,55,39.0,58,Save,Successful,78,Cagliari,362780.0,Elia Caprile,1.4,48.4,,,,,,,"[{'type': {'displayName': 'Hands', 'value': 182}}, {'type': {'displayName': 'OppositeRelatedEvent', 'value': 233}, 'value': '633'}, {'type': {'displayName': 'ParriedSafe', 'value': 173}}, {'type': {'displayName': 'DivingSave', 'value': 179}}, {'type': {'displayName': 'Zone', 'value': 56}, 'value': 'Back'}, {'type': {'displayName': 'KeeperSaveObox', 'value': 11117}}]",True,,,,,
1901113,SecondHalf,55,42.0,58,CornerAwarded,Unsuccessful,78,Cagliari,362780.0,Elia Caprile,0.0,17.5,,,,,,,"[{'type': {'displayName': 'MissLeft', 'value': 73}}, {'type': {'displayName': 'OppositeRelatedEvent', 'value': 233}, 'value': '634'}, {'type': {'displayName': 'Zone', 'value': 56}, 'value': 'Back'}]",False,,,,,
1901113,SecondHalf,55,42.0,58,CornerAwarded,Successful,87,Juventus,423440.0,Andrea Cambiaso,100.0,82.5,,,,,,,"[{'type': {'displayName': 'OppositeRelatedEvent', 'value': 233}, 'value': '371'}, {'type': {'displayName': 'Zone', 'value': 56}, 'value': 'Left'}, {'type': {'displayName': 'MissLeft', 'value': 73}}]",False,,,,,
1901113,SecondHalf,56,6.0,59,Pass,Successful,87,Juventus,425080.0,Fabio Miretti,99.5,99.5,95.1,60.6,,,,,"[{'type': {'displayName': 'RightFoot', 'value': 20}}, {'type': {'displayName': 'Chipped', 'value': 155}}, {'type': {'displayName': 'PassEndX', 'value': 140}, 'value': '95.1'}, {'type': {'displayName': 'PassEndY', 'value': 141}, 'value': '60.6'}, {'type': {'displayName': 'Length', 'value': 212}, 'value': '26.9'}, {'type': {'displayName': 'Cross', 'value': 2}}, {'type': {'displayName': 'Angle', 'value': 213}, 'value': '4.54'}, {'type': {'displayName': 'CornerTaken', 'value': 6}}, {'type': {'displayName': 'Zone', 'value': 56}, 'value': 'Center'}]",True,,,,,
1901113,SecondHalf,56,7.0,59,Pass,Unsuccessful,87,Juventus,338275.0,Weston McKennie,97.4,61.2,98.0,57.3,,,,,"[{'type': {'displayName': 'HeadPass', 'value': 3}}, {'type': {'displayName': 'PassEndX', 'value': 140}, 'value': '98.0'}, {'type': {'displayName': 'Angle', 'value': 213}, 'value': '4.95'}, {'type': {'displayName': 'Zone', 'value': 56}, 'value': 'Center'}, {'type': {'displayName': 'Length', 'value': 212}, 'value': '2.7'}, {'type': {'displayName': 'PassEndY', 'value': 141}, 'value': '57.3'}]",True,,,,,
1901113,SecondHalf,56,10.0,59,BallTouch,Successful,78,Cagliari,447445.0,Gennaro Borrelli,4.2,36.0,,,,,,,"[{'type': {'displayName': 'Zone', 'value': 56}, 'value': 'Back'}]",True,,,,,
1901113,SecondHalf,56,12.0,59,CornerAwarded,Unsuccessful,78,Cagliari,447445.0,Gennaro Borrelli,0.0,29.8,,,,,,,"[{'type': {'displayName': 'MissLeft', 'value': 73}}, {'type': {'displayName': 'OppositeRelatedEvent', 'value': 233}, 'value': '636'}, {'type': {'displayName': 'Zone', 'value': 56}, 'value': 'Back'}]",False,,,,,
1901113,SecondHalf,56,12.0,59,CornerAwarded,Successful,87,Juventus,338275.0,Weston McKennie,100.0,70.2,,,,,,,"[{'type': {'displayName': 'Zone', 'value': 56}, 'value': 'Center'}, {'type': {'displayName': 'MissLeft', 'value': 73}}, {'type': {'displayName': 'OppositeRelatedEvent', 'value': 233}, 'value': '373'}]",False,,,,,
1901113,SecondHalf,56,27.0,59,Pass,Unsuccessful,87,Juventus,425080.0,Fabio Miretti,99.5,99.5,95.7,48.0,,,,,"[{'type': {'displayName': 'CornerTaken', 'value': 6}}, {'type': {'displayName': 'PassEndY', 'value': 141}, 'value': '48.0'}, {'type': {'displayName': 'PassEndX', 'value': 140}, 'value': '95.7'}, {'type': {'displayName': 'RightFoot', 'value': 20}}, {'type': {'displayName': 'Cross', 'value': 2}}, {'type': {'displayName': 'Angle', 'value': 213}, 'value': '4.60'}, {'type': {'displayName': 'Longball', 'value': 1}}, {'type': {'displayName': 'Zone', 'value': 56}, 'value': 'Center'}, {'type': {'displayName': 'Length', 'value': 212}, 'value': '35.2'}, {'type': {'displayName': 'Chipped', 'value': 155}}]",True,,,,,
1901113,SecondHalf,56,29.0,59,Clearance,Successful,78,Cagliari,255292.0,Sebastiano Luperto,5.0,52.3,0.0,80.4,,,,,"[{'type': {'displayName': 'Length', 'value': 212}, 'value': '20.1'}, {'type': {'displayName': 'Zone', 'value': 56}, 'value': 'Back'}, {'type': {'displayName': 'PassEndX', 'value': 140}, 'value': '0.0'}, {'type': {'displayName': 'PassEndY', 'value': 141}, 'value': '80.4'}, {'type': {'displayName': 'Head', 'value': 15}}, {'type': {'displayName': 'Angle', 'value': 213}, 'value': '1.88'}]",True,,,,,
1901113,SecondHalf,56,33.0,59,CornerAwarded,Unsuccessful,78,Cagliari,255292.0,Sebastiano Luperto,0.0,83.2,,,,,,,"[{'type': {'displayName': 'OppositeRelatedEvent', 'value': 233}, 'value': '638'}, {'type': {'displayName': 'Zone', 'value': 56}, 'value': 'Back'}, {'type': {'displayName': 'MissLeft', 'value': 73}}]",False,,,,,
1901113,SecondHalf,56,33.0,59,CornerAwarded,Successful,87,Juventus,425080.0,Fabio Miretti,100.0,16.8,,,,,,,"[{'type': {'displayName': 'OppositeRelatedEvent', 'value': 233}, 'value': '376'}, {'type': {'displayName': 'Zone', 'value': 56}, 'value': 'Right'}, {'type': {'displayName': 'MissRight', 'value': 75}}]",False,,,,,
1901113,SecondHalf,56,58.0,59,Pass,Unsuccessful,87,Juventus,494525.0,Kenan Yildiz,99.5,0.5,90.4,40.2,,,,,"[{'type': {'displayName': 'Cross', 'value': 2}}, {'type': {'displayName': 'Angle', 'value': 213}, 'value': '1.91'}, {'type': {'displayName': 'CornerTaken', 'value': 6}}, {'type': {'displayName': 'PassEndX', 'value': 140}, 'value': '90.4'}, {'type': {'displayName': 'PassEndY', 'value': 141}, 'value': '40.2'}, {'type': {'displayName': 'Length', 'value': 212}, 'value': '28.6'}, {'type': {'displayName': 'RightFoot', 'value': 20}}, {'type': {'displayName': 'Zone', 'value': 56}, 'value': 'Center'}, {'type': {'displayName': 'Chipped', 'value': 155}}]",True,,,,,
1901113,SecondHalf,57,3.0,60,Clearance,Successful,78,Cagliari,356176.0,Michel Adopo,8.7,58.2,20.7,93.7,,,,,"[{'type': {'displayName': 'Head', 'value': 15}}, {'type': {'displayName': 'Zone', 'value': 56}, 'value': 'Back'}, {'type': {'displayName': 'Angle', 'value': 213}, 'value': '1.09'}, {'type': {'displayName': 'PassEndX', 'value': 140}, 'value': '20.7'}, {'type': {'displayName': 'PassEndY', 'value': 141}, 'value': '93.7'}, {'type': {'displayName': 'Length', 'value': 212}, 'value': '27.2'}]",True,,,,,
1901113,SecondHalf,57,3.0,60,BallTouch,Unsuccessful,78,Cagliari,481154.0,Marco Palestra,20.2,92.8,,,,,,,"[{'type': {'displayName': 'Zone', 'value': 56}, 'value': 'Back'}]",True,,,,,
1901113,SecondHalf,57,4.0,60,Challenge,Unsuccessful,78,Cagliari,481154.0,Marco Palestra,20.2,90.7,,,,,,,"[{'type': {'displayName': 'OppositeRelatedEvent', 'value': 233}, 'value': '640'}, {'type': {'displayName': 'Zone', 'value': 56}, 'value': 'Back'}, {'type': {'displayName': 'Defensive', 'value': 285}}]",False,,,,,
1901113,SecondHalf,57,4.0,60,TakeOn,Successful,87,Juventus,494525.0,Kenan Yildiz,79.8,9.3,,,,,,,"[{'type': {'displayName': 'OppositeRelatedEvent', 'value': 233}, 'value': '379'}, {'type': {'displayName': 'Zone', 'value': 56}, 'value': 'Right'}, {'type': {'displayName': 'Offensive', 'value': 286}}]",True,,,,,
1901113,SecondHalf,57,6.0,60,Challenge,Unsuccessful,78,Cagliari,447445.0,Gennaro Borrelli,13.4,79.1,,,,,,,"[{'type': {'displayName': 'OppositeRelatedEvent', 'value': 233}, 'value': '641'}, {'type': {'displayName': 'Defensive', 'value': 285}}, {'type': {'displayName': 'Zone', 'value': 56}, 'value': 'Back'}]",False,,,,,
1901113,SecondHalf,57,6.0,60,TakeOn,Successful,87,Juventus,494525.0,Kenan Yildiz,86.6,20.9,,,,,,,"[{'type': {'displayName': 'Zone', 'value': 56}, 'value': 'Right'}, {'type': {'displayName': 'Offensive', 'value': 286}}, {'type': {'displayName': 'OppositeRelatedEvent', 'value': 233}, 'value': '380'}]",True,,,,,
1901113,SecondHalf,57,8.0,60,SavedShot,Successful,87,Juventus,494525.0,Kenan Yildiz,85.5,30.9,,,49.8,19.0,88.2,34.5,"[{'type': {'displayName': 'BlockedY', 'value': 147}, 'value': '34.5'}, {'type': {'displayName': 'IndividualPlay', 'value': 215}}, {'type': {'displayName': 'Zone', 'value': 56}, 'value': 'Center'}, {'type': {'displayName': 'FromCorner', 'value': 25}}, {'type': {'displayName': 'Blocked', 'value': 82}}, {'type': {'displayName': 'GoalMouthY', 'value': 102}, 'value': '49.8'}, {'type': {'displayName': 'LowCentre', 'value': 78}}, {'type': {'displayName': 'BoxRight', 'value': 63}}, {'type': {'displayName': 'OppositeRelatedEvent', 'value': 233}, 'value': '381'}, {'type': {'displayName': 'LeftFoot', 'value': 72}}, {'type': {'displayName': 'BlockedX', 'value': 146}, 'value': '88.2'}, {'type': {'displayName': 'GoalMouthZ', 'value': 103}, 'value': '19'}]",True,True,,,,
1901113,SecondHalf,57,9.0,60,Save,Successful,78,Cagliari,450142.0,Zé Pedro,9.7,65.2,,,,,,,"[{'type': {'displayName': 'OutfielderBlock', 'value': 94}}, {'type': {'displayName': 'Zone', 'value': 56}, 'value': 'Back'}, {'type': {'displayName': 'OppositeRelatedEvent', 'value': 233}, 'value': '642'}]",True,,,,,
1901113,SecondHalf,57,12.0,60,Pass,Successful,87,Juventus,391836.0,Pierre Kalulu,69.2,31.8,73.6,53.5,,,,,"[{'type': {'displayName': 'Angle', 'value': 213}, 'value': '1.27'}, {'type': {'displayName': 'PassEndY', 'value': 141}, 'value': '53.5'}, {'type': {'displayName': 'PassEndX', 'value': 140}, 'value': '73.6'}, {'type': {'displayName': 'Zone', 'value': 56}, 'value': 'Center'}, {'type': {'displayName': 'Length', 'value': 212}, 'value': '15.5'}]",True,,,,,
1901113,SecondHalf,57,13.0,60,Pass,Unsuccessful,87,Juventus,273539.0,Manuel Locatelli,73.0,54.9,100.0,36.3,,,,,"[{'type': {'displayName': 'PassEndX', 'value': 140}, 'value': '100.0'}, {'type': {'displayName': 'Longball', 'value': 1}}, {'type': {'displayName': 'Angle', 'value': 213}, 'value': '5.88'}, {'type': {'displayName': 'PassEndY', 'value': 141}, 'value': '36.3'}, {'type': {'displayName': 'Length', 'value': 212}, 'value': '32.0'}, {'type': {'displayName': 'Chipped', 'value': 155}}, {'type': {'displayName': 'Zone', 'value': 56}, 'value': 'Center'}]",True,,,,,
1901113,SecondHalf,57,50.0,60,Pass,Successful,78,Cagliari,255292.0,Sebastiano Luperto,5.0,63.0,3.6,46.5,,,,,"[{'type': {'displayName': 'GoalKick', 'value': 124}}, {'type': {'displayName': 'Zone', 'value': 56}, 'value': 'Back'}, {'type': {'displayName': 'Angle', 'value': 213}, 'value': '4.58'}, {'type': {'displayName': 'PassEndY', 'value': 141}, 'value': '46.5'}, {'type': {'displayName': 'PassEndX', 'value': 140}, 'value': '3.6'}, {'type': {'displayName': 'Length', 'value': 212}, 'value': '11.3'}]",True,,,,,
1901113,SecondHalf,57,51.0,60,Pass,Unsuccessful,78,Cagliari,362780.0,Elia Caprile,3.6,46.5,60.8,25.8,,,,,"[{'type': {'displayName': 'PassEndY', 'value': 141}, 'value': '25.8'}, {'type': {'displayName': 'PassEndX', 'value': 140}, 'value': '60.8'}, {'type': {'displayName': 'Length', 'value': 212}, 'value': '61.7'}, {'type': {'displayName': 'Zone', 'value': 56}, 'value': 'Center'}, {'type': {'displayName': 'Angle', 'value': 213}, 'value': '6.05'}, {'type': {'displayName': 'Longball', 'value': 1}}]",True,,,,,
1901113,SecondHalf,57,54.0,60,Aerial,Successful,87,Juventus,332419.0,Lloyd Kelly,39.2,74.2,,,,,,,"[{'type': {'displayName': 'Zone', 'value': 56}, 'value': 'Back'}, {'type': {'displayName': 'Defensive', 'value': 285}}, {'type': {'displayName': 'OppositeRelatedEvent', 'value': 233}, 'value': '385'}]",False,,,,,
1901113,SecondHalf,57,54.0,60,Aerial,Unsuccessful,78,Cagliari,447445.0,Gennaro Borrelli,60.8,25.8,,,,,,,"[{'type': {'displayName': 'OppositeRelatedEvent', 'value': 233}, 'value': '646'}, {'type': {'displayName': 'Offensive', 'value': 286}}, {'type': {'displayName': 'Zone', 'value': 56}, 'value': 'Center'}]",False,,,,,
1901113,SecondHalf,57,54.0,60,Pass,Successful,87,Juventus,332419.0,Lloyd Kelly,39.2,74.2,63.1,76.8,,,,,"[{'type': {'displayName': 'HeadPass', 'value': 3}}, {'type': {'displayName': 'Length', 'value': 212}, 'value': '25.2'}, {'type': {'displayName': 'Angle', 'value': 213}, 'value': '0.07'}, {'type': {'displayName': 'PassEndX', 'value': 140}, 'value': '63.1'}, {'type': {'displayName': 'Zone', 'value': 56}, 'value': 'Center'}, {'type': {'displayName': 'PassEndY', 'value': 141}, 'value': '76.8'}]",True,,,,,
1901113,SecondHalf,57,55.0,60,Pass,Successful,87,Juventus,494525.0,Kenan Yildiz,63.1,76.8,55.5,73.8,,,,,"[{'type': {'displayName': 'PassEndX', 'value': 140}, 'value': '55.5'}, {'type': {'displayName': 'PassEndY', 'value': 141}, 'value': '73.8'}, {'type': {'displayName': 'LayOff', 'value': 156}}, {'type': {'displayName': 'Zone', 'value': 56}, 'value': 'Center'}, {'type': {'displayName': 'Length', 'value': 212}, 'value': '8.2'}, {'type': {'displayName': 'Angle', 'value': 213}, 'value': '3.39'}]",True,,,,,
1901113,SecondHalf,57,56.0,60,Pass,Successful,87,Juventus,343308.0,Teun Koopmeiners,55.4,73.8,69.0,90.0,,,,,"[{'type': {'displayName': 'Angle', 'value': 213}, 'value': '0.66'}, {'type': {'displayName': 'Chipped', 'value': 155}}, {'type': {'displayName': 'PassEndX', 'value': 140}, 'value': '69.0'}, {'type': {'displayName': 'Zone', 'value': 56}, 'value': 'Left'}, {'type': {'displayName': 'PassEndY', 'value': 141}, 'value': '90.0'}, {'type': {'displayName': 'Length', 'value': 212}, 'value': '18.0'}]",True,,,,,
1901113,SecondHalf,57,57.0,60,BallRecovery,Successful,87,Juventus,383855.0,Jonathan David,68.1,91.8,,,,,,,[],False,,,,,
1901113,SecondHalf,57,59.0,60,BallTouch,Successful,87,Juventus,383855.0,Jonathan David,68.3,93.4,,,,,,,"[{'type': {'displayName': 'Zone', 'value': 56}, 'value': 'Left'}]",True,,,,,
1901113,SecondHalf,58,0.0,61,Challenge,Unsuccessful,78,Cagliari,369883.0,Gianluca Gaetano,40.2,5.4,,,,,,,"[{'type': {'displayName': 'Zone', 'value': 56}, 'value': 'Back'}, {'type': {'displayName': 'OppositeRelatedEvent', 'value': 233}, 'value': '652'}, {'type': {'displayName': 'Defensive', 'value': 285}}]",False,,,,,
1901113,SecondHalf,58,0.0,61,TakeOn,Successful,87,Juventus,494525.0,Kenan Yildiz,59.8,94.6,,,,,,,"[{'type': {'displayName': 'OppositeRelatedEvent', 'value': 233}, 'value': '386'}, {'type': {'displayName': 'Zone', 'value': 56}, 'value': 'Left'}, {'type': {'displayName': 'Offensive', 'value': 286}}]",True,,,,,
1901113,SecondHalf,58,0.0,61,BallTouch,Unsuccessful,87,Juventus,494525.0,Kenan Yildiz,63.4,95.5,,,,,,,"[{'type': {'displayName': 'Zone', 'value': 56}, 'value': 'Left'}]",True,,,,,
1901113,SecondHalf,58,1.0,61,Pass,Unsuccessful,78,Cagliari,450142.0,Zé Pedro,36.5,3.9,62.1,0.0,,,,,"[{'type': {'displayName': 'PassEndX', 'value': 140}, 'value': '62.1'}, {'type': {'displayName': 'PassEndY', 'value': 141}, 'value': '0.0'}, {'type': {'displayName': 'Longball', 'value': 1}}, {'type': {'displayName': 'Angle', 'value': 213}, 'value': '6.16'}, {'type': {'displayName': 'Length', 'value': 212}, 'value': '27.1'}, {'type': {'displayName': 'Zone', 'value': 56}, 'value': 'Right'}]",True,,,,,
1901113,SecondHalf,58,12.0,61,Pass,Successful,87,Juventus,423440.0,Andrea Cambiaso,39.2,100.0,30.3,78.1,,,,,"[{'type': {'displayName': 'Zone', 'value': 56}, 'value': 'Back'}, {'type': {'displayName': 'PassEndY', 'value': 141}, 'value': '78.1'}, {'type': {'displayName': 'PassEndX', 'value': 140}, 'value': '30.3'}, {'type': {'displayName': 'Angle', 'value': 213}, 'value': '4.16'}, {'type': {'displayName': 'Length', 'value': 212}, 'value': '17.7'}, {'type': {'displayName': 'ThrowIn', 'value': 107}}]",True,,,,,
1901113,SecondHalf,58,13.0,61,Pass,Successful,87,Juventus,332419.0,Lloyd Kelly,38.8,63.6,38.7,13.6,,,,,"[{'type': {'displayName': 'Length', 'value': 212}, 'value': '34.0'}, {'type': {'displayName': 'PassEndY', 'value': 141}, 'value': '13.6'}, {'type': {'displayName': 'Zone', 'value': 56}, 'value': 'Back'}, {'type': {'displayName': 'PassEndX', 'value': 140}, 'value': '38.7'}, {'type': {'displayName': 'Angle', 'value': 213}, 'value': '4.71'}, {'type': {'displayName': 'Longball', 'value': 1}}]",True,,,,,
1901113,SecondHalf,58,16.0,61,Pass,Successful,87,Juventus,273539.0,Manuel Locatelli,38.0,11.2,57.4,5.8,,,,,"[{'type': {'displayName': 'Zone', 'value': 56}, 'value': 'Right'}, {'type': {'displayName': 'Angle', 'value': 213}, 'value': '6.10'}, {'type': {'displayName': 'PassEndX', 'value': 140}, 'value': '57.4'}, {'type': {'displayName': 'Length', 'value': 212}, 'value': '20.7'}, {'type': {'displayName': 'PassEndY', 'value': 141}, 'value': '5.8'}]",True,,,,,
1901113,SecondHalf,58,18.0,61,Pass,Successful,87,Juventus,391836.0,Pierre Kalulu,57.4,5.8,38.5,28.6,,,,,"[{'type': {'displayName': 'LayOff', 'value': 156}}, {'type': {'displayName': 'Zone', 'value': 56}, 'value': 'Back'}, {'type': {'displayName': 'PassEndX', 'value': 140}, 'value': '38.5'}, {'type': {'displayName': 'Length', 'value': 212}, 'value': '25.2'}, {'type': {'displayName': 'Angle', 'value': 213}, 'value': '2.48'}, {'type': {'displayName': 'PassEndY', 'value': 141}, 'value': '28.6'}]",True,,,,,
1901113,SecondHalf,58,21.0,61,Pass,Successful,87,Juventus,339875.0,Bremer,44.1,52.8,55.2,84.1,,,,,"[{'type': {'displayName': 'Angle', 'value': 213}, 'value': '1.07'}, {'type': {'displayName': 'Length', 'value': 212}, 'value': '24.3'}, {'type': {'displayName': 'Zone', 'value': 56}, 'value': 'Left'}, {'type': {'displayName': 'PassEndY', 'value': 141}, 'value': '84.1'}, {'type': {'displayName': 'PassEndX', 'value': 140}, 'value': '55.2'}]",True,,,,,
1901113,SecondHalf,58,24.0,61,Pass,Successful,87,Juventus,343308.0,Teun Koopmeiners,55.7,87.9,71.1,91.8,,,,,"[{'type': {'displayName': 'Angle', 'value': 213}, 'value': '0.16'}, {'type': {'displayName': 'PassEndX', 'value': 140}, 'value': '71.1'}, {'type': {'displayName': 'Length', 'value': 212}, 'value': '16.4'}, {'type': {'displayName': 'Zone', 'value': 56}, 'value': 'Left'}, {'type': {'displayName': 'PassEndY', 'value': 141}, 'value': '91.8'}]",True,,,,,
1901113,SecondHalf,58,26.0,61,Pass,Successful,87,Juventus,494525.0,Kenan Yildiz,71.1,91.8,64.6,79.8,,,,,"[{'type': {'displayName': 'PassEndY', 'value': 141}, 'value': '79.8'}, {'type': {'displayName': 'PassEndX', 'value': 140}, 'value': '64.6'}, {'type': {'displayName': 'Angle', 'value': 213}, 'value': '4.02'}, {'type': {'displayName': 'Zone', 'value': 56}, 'value': 'Left'}, {'type': {'displayName': 'Length', 'value': 212}, 'value': '10.6'}]",True,,,,,
1901113,SecondHalf,58,28.0,61,Pass,Successful,87,Juventus,423440.0,Andrea Cambiaso,64.6,78.4,48.2,89.1,,,,,"[{'type': {'displayName': 'PassEndX', 'value': 140}, 'value': '48.2'}, {'type': {'displayName': 'Zone', 'value': 56}, 'value': 'Back'}, {'type': {'displayName': 'Angle', 'value': 213}, 'value': '2.74'}, {'type': {'displayName': 'Length', 'value': 212}, 'value': '18.7'}, {'type': {'displayName': 'PassEndY', 'value': 141}, 'value': '89.1'}]",True,,,,,
1901113,SecondHalf,58,31.0,61,Pass,Successful,87,Juventus,343308.0,Teun Koopmeiners,55.1,85.9,64.6,52.9,,,,,"[{'type': {'displayName': 'PassEndY', 'value': 141}, 'value': '52.9'}, {'type': {'displayName': 'Length', 'value': 212}, 'value': '24.6'}, {'type': {'displayName': 'PassEndX', 'value': 140}, 'value': '64.6'}, {'type': {'displayName': 'Zone', 'value': 56}, 'value': 'Center'}, {'type': {'displayName': 'Angle', 'value': 213}, 'value': '5.13'}]",True,,,,,
1901113,SecondHalf,58,34.0,61,Pass,Successful,87,Juventus,425080.0,Fabio Miretti,67.3,59.5,62.2,73.2,,,,,"[{'type': {'displayName': 'PassEndY', 'value': 141}, 'value': '73.2'}, {'type': {'displayName': 'Length', 'value': 212}, 'value': '10.7'}, {'type': {'displayName': 'Angle', 'value': 213}, 'value': '2.09'}, {'type': {'displayName': 'PassEndX', 'value': 140}, 'value': '62.2'}, {'type': {'displayName': 'Zone', 'value': 56}, 'value': 'Center'}]",True,,,,,
1901113,SecondHalf,58,36.0,61,Pass,Successful,87,Juventus,343308.0,Teun Koopmeiners,62.5,72.9,60.8,60.0,,,,,"[{'type': {'displayName': 'PassEndY', 'value': 141}, 'value': '60.0'}, {'type': {'displayName': 'Length', 'value': 212}, 'value': '9.0'}, {'type': {'displayName': 'Angle', 'value': 213}, 'value': '4.51'}, {'type': {'displayName': 'Zone', 'value': 56}, 'value': 'Center'}, {'type': {'displayName': 'PassEndX', 'value': 140}, 'value': '60.8'}]",True,,,,,
1901113,SecondHalf,58,38.0,61,Pass,Successful,87,Juventus,423440.0,Andrea Cambiaso,59.9,56.7,61.7,33.6,,,,,"[{'type': {'displayName': 'PassEndY', 'value': 141}, 'value': '33.6'}, {'type': {'displayName': 'Length', 'value': 212}, 'value': '15.8'}, {'type': {'displayName': 'Angle', 'value': 213}, 'value': '4.83'}, {'type': {'displayName': 'PassEndX', 'value': 140}, 'value': '61.7'}, {'type': {'displayName': 'Zone', 'value': 56}, 'value': 'Center'}]",True,,,,,
1901113,SecondHalf,58,40.0,61,Pass,Successful,87,Juventus,273539.0,Manuel Locatelli,61.2,32.1,64.2,13.8,,,,,"[{'type': {'displayName': 'Angle', 'value': 213}, 'value': '4.96'}, {'type': {'displayName': 'Length', 'value': 212}, 'value': '12.8'}, {'type': {'displayName': 'PassEndY', 'value': 141}, 'value': '13.8'}, {'type': {'displayName': 'PassEndX', 'value': 140}, 'value': '64.2'}, {'type': {'displayName': 'Zone', 'value': 56}, 'value': 'Right'}]",True,,,,,
1901113,SecondHalf,58,44.0,61,Pass,Successful,87,Juventus,339875.0,Bremer,66.3,11.1,69.6,30.9,,,,,"[{'type': {'displayName': 'Length', 'value': 212}, 'value': '13.9'}, {'type': {'displayName': 'Zone', 'value': 56}, 'value': 'Center'}, {'type': {'displayName': 'PassEndX', 'value': 140}, 'value': '69.6'}, {'type': {'displayName': 'Angle', 'value': 213}, 'value': '1.32'}, {'type': {'displayName': 'PassEndY', 'value': 141}, 'value': '30.9'}]",True,,,,,
1901113,SecondHalf,58,45.0,61,Pass,Successful,87,Juventus,425080.0,Fabio Miretti,73.9,30.7,66.8,24.8,,,,,"[{'type': {'displayName': 'PassEndX', 'value': 140}, 'value': '66.8'}, {'type': {'displayName': 'Zone', 'value': 56}, 'value': 'Center'}, {'type': {'displayName': 'Angle', 'value': 213}, 'value': '3.64'}, {'type': {'displayName': 'Length', 'value': 212}, 'value': '8.5'}, {'type': {'displayName': 'PassEndY', 'value': 141}, 'value': '24.8'}]",True,,,,,
1901113,SecondHalf,58,47.0,61,Pass,Successful,87,Juventus,273539.0,Manuel Locatelli,66.2,19.8,81.7,18.3,,,,,"[{'type': {'displayName': 'Zone', 'value': 56}, 'value': 'Right'}, {'type': {'displayName': 'Angle', 'value': 213}, 'value': '6.22'}, {'type': {'displayName': 'Length', 'value': 212}, 'value': '16.3'}, {'type': {'displayName': 'PassEndY', 'value': 141}, 'value': '18.3'}, {'type': {'displayName': 'PassEndX', 'value': 140}, 'value': '81.7'}]",True,,,,,
1901113,SecondHalf,58,50.0,61,Pass,Unsuccessful,87,Juventus,425080.0,Fabio Miretti,81.7,18.3,96.7,13.8,,,,,"[{'type': {'displayName': 'PassEndY', 'value': 141}, 'value': '13.8'}, {'type': {'displayName': 'PassEndX', 'value': 140}, 'value': '96.7'}, {'type': {'displayName': 'Zone', 'value': 56}, 'value': 'Right'}, {'type': {'displayName': 'Angle', 'value': 213}, 'value': '6.09'}, {'type': {'displayName': 'Length', 'value': 212}, 'value': '16.0'}]",True,,,,,
1901113,SecondHalf,58,52.0,61,Clearance,Successful,78,Cagliari,424534.0,Adam Obert,2.2,88.2,7.9,100.0,,,,,"[{'type': {'displayName': 'Angle', 'value': 213}, 'value': '0.99'}, {'type': {'displayName': 'PassEndX', 'value': 140}, 'value': '7.9'}, {'type': {'displayName': 'Zone', 'value': 56}, 'value': 'Back'}, {'type': {'displayName': 'PassEndY', 'value': 141}, 'value': '100.0'}, {'type': {'displayName': 'Length', 'value': 212}, 'value': '10.8'}]",True,,,,,
1901113,SecondHalf,59,3.0,62,Pass,Successful,87,Juventus,273539.0,Manuel Locatelli,92.4,0.0,88.9,27.7,,,,,"[{'type': {'displayName': 'Length', 'value': 212}, 'value': '19.8'}, {'type': {'displayName': 'ThrowIn', 'value': 107}}, {'type': {'displayName': 'PassEndY', 'value': 141}, 'value': '27.7'}, {'type': {'displayName': 'Zone', 'value': 56}, 'value': 'Center'}, {'type': {'displayName': 'PassEndX', 'value': 140}, 'value': '88.9'}, {'type': {'displayName': 'Angle', 'value': 213}, 'value': '1.76'}]",True,,,,,
1901113,SecondHalf,59,5.0,62,Pass,Successful,87,Juventus,423440.0,Andrea Cambiaso,89.9,27.3,76.0,18.0,,,,,"[{'type': {'displayName': 'Length', 'value': 212}, 'value': '15.9'}, {'type': {'displayName': 'Angle', 'value': 213}, 'value': '3.55'}, {'type': {'displayName': 'Zone', 'value': 56}, 'value': 'Right'}, {'type': {'displayName': 'PassEndX', 'value': 140}, 'value': '76.0'}, {'type': {'displayName': 'PassEndY', 'value': 141}, 'value': '18.0'}]",True,,,,,
1901113,SecondHalf,59,7.0,62,Pass,Successful,87,Juventus,273539.0,Manuel Locatelli,76.0,18.0,70.7,34.0,,,,,"[{'type': {'displayName': 'Length', 'value': 212}, 'value': '12.2'}, {'type': {'displayName': 'Angle', 'value': 213}, 'value': '2.04'}, {'type': {'displayName': 'Zone', 'value': 56}, 'value': 'Center'}, {'type': {'displayName': 'PassEndX', 'value': 140}, 'value': '70.7'}, {'type': {'displayName': 'ShotAssist', 'value': 210}, 'value': '13'}, {'type': {'displayName': 'PassEndY', 'value': 141}, 'value': '34.0'}, {'type': {'displayName': 'KeyPass', 'value': 11113}}]",True,,,,,
1901113,SecondHalf,59,11.0,62,MissedShots,Successful,87,Juventus,332419.0,Lloyd Kelly,69.3,45.4,,,56.1,84.7,,,"[{'type': {'displayName': 'HighLeft', 'value': 77}}, {'type': {'displayName': 'Assisted', 'value': 29}}, {'type': {'displayName': 'GoalMouthY', 'value': 102}, 'value': '56.1'}, {'type': {'displayName': 'LeftFoot', 'value': 72}}, {'type': {'displayName': 'OutOfBoxCentre', 'value': 18}}, {'type': {'displayName': 'RegularPlay', 'value': 22}}, {'type': {'displayName': 'GoalMouthZ', 'value': 103}, 'value': '84.7'}, {'type': {'displayName': 'RelatedEventId', 'value': 55}, 'value': '676'}, {'type': {'displayName': 'IndividualPlay', 'value': 215}}, {'type': {'displayName': 'Zone', 'value': 56}, 'value': 'Center'}]",True,True,,,676.0,273539.0
1901113,SecondHalf,59,31.0,62,Pass,Successful,78,Cagliari,255292.0,Sebastiano Luperto,5.1,62.1,4.6,46.8,,,,,"[{'type': {'displayName': 'PassEndX', 'value': 140}, 'value': '4.6'}, {'type': {'displayName': 'Length', 'value': 212}, 'value': '10.4'}, {'type': {'displayName': 'PassEndY', 'value': 141}, 'value': '46.8'}, {'type': {'displayName': 'GoalKick', 'value': 124}}, {'type': {'displayName': 'Zone', 'value': 56}, 'value': 'Back'}, {'type': {'displayName': 'Angle', 'value': 213}, 'value': '4.66'}]",True,,,,,
1901113,SecondHalf,59,33.0,62,Pass,Unsuccessful,78,Cagliari,362780.0,Elia Caprile,4.6,44.1,59.5,29.7,,,,,"[{'type': {'displayName': 'Length', 'value': 212}, 'value': '58.5'}, {'type': {'displayName': 'Angle', 'value': 213}, 'value': '6.11'}, {'type': {'displayName': 'Zone', 'value': 56}, 'value': 'Center'}, {'type': {'displayName': 'PassEndX', 'value': 140}, 'value': '59.5'}, {'type': {'displayName': 'Longball', 'value': 1}}, {'type': {'displayName': 'PassEndY', 'value': 141}, 'value': '29.7'}]",True,,,,,
1901113,SecondHalf,59,37.0,62,Interception,Successful,87,Juventus,332419.0,Lloyd Kelly,40.5,70.3,,,,,,,"[{'type': {'displayName': 'Zone', 'value': 56}, 'value': 'Back'}]",True,,,,,
1901113,SecondHalf,59,58.0,62,Pass,Unsuccessful,78,Cagliari,450142.0,Zé Pedro,52.1,0.0,68.1,14.1,,,,,"[{'type': {'displayName': 'PassEndX', 'value': 140}, 'value': '68.1'}, {'type': {'displayName': 'Zone', 'value': 56}, 'value': 'Right'}, {'type': {'displayName': 'Angle', 'value': 213}, 'value': '0.56'}, {'type': {'displayName': 'ThrowIn', 'value': 107}}, {'type': {'displayName': 'Length', 'value': 212}, 'value': '19.8'}, {'type': {'displayName': 'PassEndY', 'value': 141}, 'value': '14.1'}]",True,,,,,
1901113,SecondHalf,60,0.0,63,Pass,Successful,87,Juventus,423440.0,Andrea Cambiaso,31.4,81.0,38.0,71.2,,,,,"[{'type': {'displayName': 'Zone', 'value': 56}, 'value': 'Back'}, {'type': {'displayName': 'Length', 'value': 212}, 'value': '9.6'}, {'type': {'displayName': 'PassEndX', 'value': 140}, 'value': '38.0'}, {'type': {'displayName': 'Angle', 'value': 213}, 'value': '5.52'}, {'type': {'displayName': 'PassEndY', 'value': 141}, 'value': '71.2'}]",True,,,,,
1901113,SecondHalf,60,1.0,63,BallRecovery,Successful,87,Juventus,273539.0,Manuel Locatelli,35.7,72.7,,,,,,,[],False,,,,,
1901113,SecondHalf,60,1.0,63,Pass,Successful,87,Juventus,273539.0,Manuel Locatelli,35.7,72.7,25.0,62.2,,,,,"[{'type': {'displayName': 'PassEndY', 'value': 141}, 'value': '62.2'}, {'type': {'displayName': 'PassEndX', 'value': 140}, 'value': '25.0'}, {'type': {'displayName': 'Zone', 'value': 56}, 'value': 'Back'}, {'type': {'displayName': 'Length', 'value': 212}, 'value': '13.3'}, {'type': {'displayName': 'Angle', 'value': 213}, 'value': '3.71'}]",True,,,,,
1901113,SecondHalf,60,7.0,63,Pass,Successful,87,Juventus,339875.0,Bremer,36.2,38.7,59.5,33.6,,,,,"[{'type': {'displayName': 'PassEndY', 'value': 141}, 'value': '33.6'}, {'type': {'displayName': 'PassEndX', 'value': 140}, 'value': '59.5'}, {'type': {'displayName': 'Length', 'value': 212}, 'value': '24.7'}, {'type': {'displayName': 'Zone', 'value': 56}, 'value': 'Center'}, {'type': {'displayName': 'Angle', 'value': 213}, 'value': '6.14'}]",True,,,,,
1901113,SecondHalf,60,10.0,63,BallTouch,Unsuccessful,87,Juventus,338275.0,Weston McKennie,59.5,33.6,,,,,,,"[{'type': {'displayName': 'Zone', 'value': 56}, 'value': 'Center'}]",True,,,,,
1901113,SecondHalf,60,10.0,63,BallRecovery,Successful,78,Cagliari,255292.0,Sebastiano Luperto,35.6,62.8,,,,,,,[],False,,,,,
1901113,SecondHalf,60,11.0,63,Pass,Successful,78,Cagliari,255292.0,Sebastiano Luperto,35.6,62.8,37.3,61.2,,,,,"[{'type': {'displayName': 'PassEndX', 'value': 140}, 'value': '37.3'}, {'type': {'displayName': 'Zone', 'value': 56}, 'value': 'Back'}, {'type': {'displayName': 'PassEndY', 'value': 141}, 'value': '61.2'}, {'type': {'displayName': 'Angle', 'value': 213}, 'value': '5.74'}, {'type': {'displayName': 'Length', 'value': 212}, 'value': '2.1'}]",True,,,,,
1901113,SecondHalf,60,13.0,63,Pass,Successful,78,Cagliari,369883.0,Gianluca Gaetano,37.3,61.2,40.7,95.4,,,,,"[{'type': {'displayName': 'PassEndY', 'value': 141}, 'value': '95.4'}, {'type': {'displayName': 'Length', 'value': 212}, 'value': '23.5'}, {'type': {'displayName': 'PassEndX', 'value': 140}, 'value': '40.7'}, {'type': {'displayName': 'Zone', 'value': 56}, 'value': 'Back'}, {'type': {'displayName': 'Angle', 'value': 213}, 'value': '1.42'}]",True,,,,,
1901113,SecondHalf,60,16.0,63,Pass,Unsuccessful,78,Cagliari,371397.0,Sebastiano Esposito,40.7,94.9,56.4,75.7,,,,,"[{'type': {'displayName': 'PassEndX', 'value': 140}, 'value': '56.4'}, {'type': {'displayName': 'PassEndY', 'value': 141}, 'value': '75.7'}, {'type': {'displayName': 'Length', 'value': 212}, 'value': '21.0'}, {'type': {'displayName': 'Angle', 'value': 213}, 'value': '5.61'}, {'type': {'displayName': 'Zone', 'value': 56}, 'value': 'Center'}]",True,,,,,
1901113,SecondHalf,60,17.0,63,Pass,Successful,87,Juventus,273539.0,Manuel Locatelli,41.2,28.9,44.9,12.0,,,,,"[{'type': {'displayName': 'PassEndX', 'value': 140}, 'value': '44.9'}, {'type': {'displayName': 'Angle', 'value': 213}, 'value': '5.04'}, {'type': {'displayName': 'Length', 'value': 212}, 'value': '12.1'}, {'type': {'displayName': 'Zone', 'value': 56}, 'value': 'Back'}, {'type': {'displayName': 'PassEndY', 'value': 141}, 'value': '12.0'}]",True,,,,,
1901113,SecondHalf,60,21.0,63,BallRecovery,Successful,87,Juventus,391836.0,Pierre Kalulu,37.5,0.9,,,,,,,[],False,,,,,
1901113,SecondHalf,60,22.0,63,Pass,Unsuccessful,87,Juventus,391836.0,Pierre Kalulu,39.6,1.3,53.4,5.4,,,,,"[{'type': {'displayName': 'Zone', 'value': 56}, 'value': 'Right'}, {'type': {'displayName': 'PassEndX', 'value': 140}, 'value': '53.4'}, {'type': {'displayName': 'Angle', 'value': 213}, 'value': '0.19'}, {'type': {'displayName': 'Length', 'value': 212}, 'value': '14.8'}, {'type': {'displayName': 'PassEndY', 'value': 141}, 'value': '5.4'}]",True,,,,,
1901113,SecondHalf,60,22.0,63,Interception,Successful,78,Cagliari,371397.0,Sebastiano Esposito,49.0,97.3,,,,,,,"[{'type': {'displayName': 'Zone', 'value': 56}, 'value': 'Back'}]",True,,,,,
1901113,SecondHalf,60,25.0,63,Pass,Successful,87,Juventus,338275.0,Weston McKennie,51.0,0.0,77.2,4.7,,,,,"[{'type': {'displayName': 'PassEndX', 'value': 140}, 'value': '77.2'}, {'type': {'displayName': 'Angle', 'value': 213}, 'value': '0.14'}, {'type': {'displayName': 'ThrowIn', 'value': 107}}, {'type': {'displayName': 'Length', 'value': 212}, 'value': '27.8'}, {'type': {'displayName': 'PassEndY', 'value': 141}, 'value': '4.7'}, {'type': {'displayName': 'Zone', 'value': 56}, 'value': 'Right'}, {'type': {'displayName': 'Longball', 'value': 1}}]",True,,,,,
1901113,SecondHalf,60,27.0,63,Pass,Unsuccessful,87,Juventus,425080.0,Fabio Miretti,80.1,16.3,85.7,32.5,,,,,"[{'type': {'displayName': 'PassEndY', 'value': 141}, 'value': '32.5'}, {'type': {'displayName': 'PassEndX', 'value': 140}, 'value': '85.7'}, {'type': {'displayName': 'Length', 'value': 212}, 'value': '12.5'}, {'type': {'displayName': 'Angle', 'value': 213}, 'value': '1.08'}, {'type': {'displayName': 'Zone', 'value': 56}, 'value': 'Center'}]",True,,,,,
1901113,SecondHalf,60,29.0,63,BallRecovery,Successful,78,Cagliari,318432.0,Yerry Mina,15.1,75.0,,,,,,,[],False,,,,,
1901113,SecondHalf,60,31.0,63,Pass,Successful,78,Cagliari,318432.0,Yerry Mina,15.8,69.7,26.4,50.7,,,,,"[{'type': {'displayName': 'PassEndY', 'value': 141}, 'value': '50.7'}, {'type': {'displayName': 'Zone', 'value': 56}, 'value': 'Back'}, {'type': {'displayName': 'Length', 'value': 212}, 'value': '17.1'}, {'type': {'displayName': 'Angle', 'value': 213}, 'value': '5.42'}, {'type': {'displayName': 'PassEndX', 'value': 140}, 'value': '26.4'}]",True,,,,,
1901113,SecondHalf,60,35.0,63,Pass,Successful,78,Cagliari,356176.0,Michel Adopo,24.7,51.1,40.4,37.9,,,,,"[{'type': {'displayName': 'PassEndX', 'value': 140}, 'value': '40.4'}, {'type': {'displayName': 'Length', 'value': 212}, 'value': '18.8'}, {'type': {'displayName': 'PassEndY', 'value': 141}, 'value': '37.9'}, {'type': {'displayName': 'Zone', 'value': 56}, 'value': 'Back'}, {'type': {'displayName': 'Angle', 'value': 213}, 'value': '5.78'}]",True,,,,,
1901113,SecondHalf,60,37.0,63,Pass,Unsuccessful,78,Cagliari,141269.0,Luca Mazzitelli,39.5,38.8,39.9,36.3,,,,,"[{'type': {'displayName': 'Zone', 'value': 56}, 'value': 'Back'}, {'type': {'displayName': 'PassEndY', 'value': 141}, 'value': '36.3'}, {'type': {'displayName': 'OppositeRelatedEvent', 'value': 233}, 'value': '693'}, {'type': {'displayName': 'Angle', 'value': 213}, 'value': '4.95'}, {'type': {'displayName': 'Length', 'value': 212}, 'value': '1.8'}, {'type': {'displayName': 'PassEndX', 'value': 140}, 'value': '39.9'}, {'type': {'displayName': 'Offensive', 'value': 286}}]",True,,,,,
1901113,SecondHalf,60,37.0,63,BlockedPass,Successful,87,Juventus,332419.0,Lloyd Kelly,60.1,63.7,,,,,,,"[{'type': {'displayName': 'Zone', 'value': 56}, 'value': 'Center'}, {'type': {'displayName': 'OppositeRelatedEvent', 'value': 233}, 'value': '406'}, {'type': {'displayName': 'Defensive', 'value': 285}}]",True,,,,,
1901113,SecondHalf,60,51.0,63,Pass,Successful,78,Cagliari,450142.0,Zé Pedro,27.3,0.0,10.4,16.3,,,,,"[{'type': {'displayName': 'Longball', 'value': 1}}, {'type': {'displayName': 'PassEndY', 'value': 141}, 'value': '16.3'}, {'type': {'displayName': 'PassEndX', 'value': 140}, 'value': '10.4'}, {'type': {'displayName': 'ThrowIn', 'value': 107}}, {'type': {'displayName': 'Zone', 'value': 56}, 'value': 'Back'}, {'type': {'displayName': 'Length', 'value': 212}, 'value': '21.4'}, {'type': {'displayName': 'Angle', 'value': 213}, 'value': '2.55'}]",True,,,,,
1901113,SecondHalf,60,54.0,63,Pass,Successful,78,Cagliari,318432.0,Yerry Mina,8.9,13.6,3.8,42.1,,,,,"[{'type': {'displayName': 'Zone', 'value': 56}, 'value': 'Back'}, {'type': {'displayName': 'Length', 'value': 212}, 'value': '20.1'}, {'type': {'displayName': 'Angle', 'value': 213}, 'value': '1.84'}, {'type': {'displayName': 'PassEndY', 'value': 141}, 'value': '42.1'}, {'type': {'displayName': 'PassEndX', 'value': 140}, 'value': '3.8'}]",True,,,,,
1901113,SecondHalf,60,55.0,63,Pass,Successful,78,Cagliari,362780.0,Elia Caprile,3.8,42.1,16.1,31.5,,,,,"[{'type': {'displayName': 'Zone', 'value': 56}, 'value': 'Back'}, {'type': {'displayName': 'Length', 'value': 212}, 'value': '14.8'}, {'type': {'displayName': 'PassEndY', 'value': 141}, 'value': '31.5'}, {'type': {'displayName': 'PassEndX', 'value': 140}, 'value': '16.1'}, {'type': {'displayName': 'Angle', 'value': 213}, 'value': '5.77'}]",True,,,,,
1901113,SecondHalf,60,57.0,63,Pass,Successful,78,Cagliari,369883.0,Gianluca Gaetano,15.7,29.7,35.0,17.7,,,,,"[{'type': {'displayName': 'Length', 'value': 212}, 'value': '21.8'}, {'type': {'displayName': 'PassEndY', 'value': 141}, 'value': '17.7'}, {'type': {'displayName': 'Angle', 'value': 213}, 'value': '5.90'}, {'type': {'displayName': 'Zone', 'value': 56}, 'value': 'Back'}, {'type': {'displayName': 'PassEndX', 'value': 140}, 'value': '35.0'}]",True,,,,,
1901113,SecondHalf,60,59.0,63,Pass,Unsuccessful,78,Cagliari,356176.0,Michel Adopo,35.0,17.7,31.8,14.4,,,,,"[{'type': {'displayName': 'Angle', 'value': 213}, 'value': '3.73'}, {'type': {'displayName': 'PassEndX', 'value': 140}, 'value': '31.8'}, {'type': {'displayName': 'Zone', 'value': 56}, 'value': 'Back'}, {'type': {'displayName': 'Length', 'value': 212}, 'value': '4.0'}, {'type': {'displayName': 'PassEndY', 'value': 141}, 'value': '14.4'}]",True,,,,,
1901113,SecondHalf,61,0.0,64,BallRecovery,Successful,87,Juventus,494525.0,Kenan Yildiz,70.6,88.0,,,,,,,[],False,,,,,
1901113,SecondHalf,61,2.0,64,Dispossessed,Successful,87,Juventus,494525.0,Kenan Yildiz,73.3,93.9,,,,,,,"[{'type': {'displayName': 'OppositeRelatedEvent', 'value': 233}, 'value': '414'}, {'type': {'displayName': 'Zone', 'value': 56}, 'value': 'Left'}, {'type': {'displayName': 'Offensive', 'value': 286}}]",True,,,,,
1901113,SecondHalf,61,2.0,64,Tackle,Unsuccessful,78,Cagliari,356176.0,Michel Adopo,26.7,6.1,,,,,,,"[{'type': {'displayName': 'Zone', 'value': 56}, 'value': 'Back'}, {'type': {'displayName': 'OppositeRelatedEvent', 'value': 233}, 'value': '700'}, {'type': {'displayName': 'Defensive', 'value': 285}}]",True,,,,,
1901113,SecondHalf,61,3.0,64,Challenge,Unsuccessful,78,Cagliari,450142.0,Zé Pedro,20.6,13.0,,,,,,,"[{'type': {'displayName': 'OppositeRelatedEvent', 'value': 233}, 'value': '696'}, {'type': {'displayName': 'Defensive', 'value': 285}}, {'type': {'displayName': 'Zone', 'value': 56}, 'value': 'Back'}]",False,,,,,
1901113,SecondHalf,61,3.0,64,TakeOn,Successful,87,Juventus,494525.0,Kenan Yildiz,79.4,87.0,,,,,,,"[{'type': {'displayName': 'OppositeRelatedEvent', 'value': 233}, 'value': '415'}, {'type': {'displayName': 'Zone', 'value': 56}, 'value': 'Left'}, {'type': {'displayName': 'Offensive', 'value': 286}}]",True,,,,,
1901113,SecondHalf,61,4.0,64,Challenge,Unsuccessful,78,Cagliari,318432.0,Yerry Mina,14.6,19.5,,,,,,,"[{'type': {'displayName': 'OppositeRelatedEvent', 'value': 233}, 'value': '697'}, {'type': {'displayName': 'Defensive', 'value': 285}}, {'type': {'displayName': 'Zone', 'value': 56}, 'value': 'Back'}]",False,,,,,
1901113,SecondHalf,61,4.0,64,TakeOn,Successful,87,Juventus,494525.0,Kenan Yildiz,85.4,80.5,,,,,,,"[{'type': {'displayName': 'Zone', 'value': 56}, 'value': 'Left'}, {'type': {'displayName': 'OppositeRelatedEvent', 'value': 233}, 'value': '416'}, {'type': {'displayName': 'Offensive', 'value': 286}}]",True,,,,,
1901113,SecondHalf,61,7.0,64,MissedShots,Successful,87,Juventus,494525.0,Kenan Yildiz,91.0,69.7,,,46.9,58.3,,,"[{'type': {'displayName': 'GoalMouthY', 'value': 102}, 'value': '46.9'}, {'type': {'displayName': 'RegularPlay', 'value': 22}}, {'type': {'displayName': 'BoxLeft', 'value': 64}}, {'type': {'displayName': 'IndividualPlay', 'value': 215}}, {'type': {'displayName': 'GoalMouthZ', 'value': 103}, 'value': '58.3'}, {'type': {'displayName': 'Zone', 'value': 56}, 'value': 'Center'}, {'type': {'displayName': 'RightFoot', 'value': 20}}]",True,True,,,,
1901113,SecondHalf,61,41.0,64,Pass,Successful,78,Cagliari,362780.0,Elia Caprile,5.2,43.9,68.4,46.5,,,,,"[{'type': {'displayName': 'PassEndX', 'value': 140}, 'value': '68.4'}, {'type': {'displayName': 'Zone', 'value': 56}, 'value': 'Center'}, {'type': {'displayName': 'Angle', 'value': 213}, 'value': '0.03'}, {'type': {'displayName': 'GoalKick', 'value': 124}}, {'type': {'displayName': 'Longball', 'value': 1}}, {'type': {'displayName': 'Length', 'value': 212}, 'value': '66.4'}, {'type': {'displayName': 'MissHigh', 'value': 74}}, {'type': {'displayName': 'PassEndY', 'value': 141}, 'value': '46.5'}]",True,,,,,
1901113,SecondHalf,61,44.0,64,Pass,Successful,78,Cagliari,447445.0,Gennaro Borrelli,67.3,46.6,63.9,43.2,,,,,"[{'type': {'displayName': 'Length', 'value': 212}, 'value': '4.3'}, {'type': {'displayName': 'Chipped', 'value': 155}}, {'type': {'displayName': 'Angle', 'value': 213}, 'value': '3.72'}, {'type': {'displayName': 'Zone', 'value': 56}, 'value': 'Center'}, {'type': {'displayName': 'PassEndX', 'value': 140}, 'value': '63.9'}, {'type': {'displayName': 'PassEndY', 'value': 141}, 'value': '43.2'}]",True,,,,,
1901113,SecondHalf,61,46.0,64,Pass,Successful,78,Cagliari,356176.0,Michel Adopo,55.7,33.3,32.8,44.7,,,,,"[{'type': {'displayName': 'Zone', 'value': 56}, 'value': 'Back'}, {'type': {'displayName': 'Chipped', 'value': 155}}, {'type': {'displayName': 'Angle', 'value': 213}, 'value': '2.83'}, {'type': {'displayName': 'Length', 'value': 212}, 'value': '25.3'}, {'type': {'displayName': 'PassEndY', 'value': 141}, 'value': '44.7'}, {'type': {'displayName': 'PassEndX', 'value': 140}, 'value': '32.8'}]",True,,,,,
1901113,SecondHalf,61,50.0,64,Pass,Successful,78,Cagliari,318432.0,Yerry Mina,31.3,45.1,9.9,44.5,,,,,"[{'type': {'displayName': 'Zone', 'value': 56}, 'value': 'Back'}, {'type': {'displayName': 'PassEndX', 'value': 140}, 'value': '9.9'}, {'type': {'displayName': 'Length', 'value': 212}, 'value': '22.5'}, {'type': {'displayName': 'Angle', 'value': 213}, 'value': '3.16'}, {'type': {'displayName': 'PassEndY', 'value': 141}, 'value': '44.5'}]",True,,,,,
1901113,SecondHalf,61,53.0,64,Pass,Successful,78,Cagliari,362780.0,Elia Caprile,9.9,44.5,21.0,28.3,,,,,"[{'type': {'displayName': 'Zone', 'value': 56}, 'value': 'Back'}, {'type': {'displayName': 'Length', 'value': 212}, 'value': '16.0'}, {'type': {'displayName': 'PassEndY', 'value': 141}, 'value': '28.3'}, {'type': {'displayName': 'PassEndX', 'value': 140}, 'value': '21.0'}, {'type': {'displayName': 'Angle', 'value': 213}, 'value': '5.53'}]",True,,,,,
1901113,SecondHalf,61,55.0,64,Pass,Successful,78,Cagliari,318432.0,Yerry Mina,23.0,24.4,28.0,35.1,,,,,"[{'type': {'displayName': 'PassEndX', 'value': 140}, 'value': '28.0'}, {'type': {'displayName': 'Angle', 'value': 213}, 'value': '0.95'}, {'type': {'displayName': 'PassEndY', 'value': 141}, 'value': '35.1'}, {'type': {'displayName': 'Length', 'value': 212}, 'value': '9.0'}, {'type': {'displayName': 'Zone', 'value': 56}, 'value': 'Back'}]",True,,,,,
1901113,SecondHalf,61,57.0,64,Pass,Successful,78,Cagliari,369883.0,Gianluca Gaetano,26.4,36.6,15.2,45.1,,,,,"[{'type': {'displayName': 'Length', 'value': 212}, 'value': '13.1'}, {'type': {'displayName': 'Zone', 'value': 56}, 'value': 'Back'}, {'type': {'displayName': 'Angle', 'value': 213}, 'value': '2.68'}, {'type': {'displayName': 'PassEndX', 'value': 140}, 'value': '15.2'}, {'type': {'displayName': 'PassEndY', 'value': 141}, 'value': '45.1'}]",True,,,,,
1901113,SecondHalf,61,58.0,64,Pass,Successful,78,Cagliari,362780.0,Elia Caprile,15.2,45.1,20.0,82.3,,,,,"[{'type': {'displayName': 'Zone', 'value': 56}, 'value': 'Back'}, {'type': {'displayName': 'Length', 'value': 212}, 'value': '25.8'}, {'type': {'displayName': 'Angle', 'value': 213}, 'value': '1.37'}, {'type': {'displayName': 'PassEndY', 'value': 141}, 'value': '82.3'}, {'type': {'displayName': 'PassEndX', 'value': 140}, 'value': '20.0'}]",True,,,,,
1901113,SecondHalf,62,1.0,65,Pass,Successful,78,Cagliari,255292.0,Sebastiano Luperto,20.0,82.3,23.2,94.2,,,,,"[{'type': {'displayName': 'Angle', 'value': 213}, 'value': '1.18'}, {'type': {'displayName': 'Length', 'value': 212}, 'value': '8.8'}, {'type': {'displayName': 'PassEndY', 'value': 141}, 'value': '94.2'}, {'type': {'displayName': 'Zone', 'value': 56}, 'value': 'Back'}, {'type': {'displayName': 'PassEndX', 'value': 140}, 'value': '23.2'}]",True,,,,,
1901113,SecondHalf,62,3.0,65,Pass,Successful,78,Cagliari,424534.0,Adam Obert,23.2,93.9,16.0,78.1,,,,,"[{'type': {'displayName': 'Zone', 'value': 56}, 'value': 'Back'}, {'type': {'displayName': 'Length', 'value': 212}, 'value': '13.1'}, {'type': {'displayName': 'Angle', 'value': 213}, 'value': '4.10'}, {'type': {'displayName': 'PassEndY', 'value': 141}, 'value': '78.1'}, {'type': {'displayName': 'PassEndX', 'value': 140}, 'value': '16.0'}]",True,,,,,
1901113,SecondHalf,62,6.0,65,Pass,Successful,78,Cagliari,255292.0,Sebastiano Luperto,16.0,78.1,6.2,48.7,,,,,"[{'type': {'displayName': 'PassEndY', 'value': 141}, 'value': '48.7'}, {'type': {'displayName': 'Angle', 'value': 213}, 'value': '4.24'}, {'type': {'displayName': 'Length', 'value': 212}, 'value': '22.5'}, {'type': {'displayName': 'PassEndX', 'value': 140}, 'value': '6.2'}, {'type': {'displayName': 'Zone', 'value': 56}, 'value': 'Back'}]",True,,,,,
1901113,SecondHalf,62,9.0,65,Pass,Successful,78,Cagliari,362780.0,Elia Caprile,6.2,48.7,6.2,23.7,,,,,"[{'type': {'displayName': 'Zone', 'value': 56}, 'value': 'Back'}, {'type': {'displayName': 'Length', 'value': 212}, 'value': '17'}, {'type': {'displayName': 'Angle', 'value': 213}, 'value': '4.71'}, {'type': {'displayName': 'PassEndY', 'value': 141}, 'value': '23.7'}, {'type': {'displayName': 'PassEndX', 'value': 140}, 'value': '6.2'}]",True,,,,,
1901113,SecondHalf,62,13.0,65,Pass,Unsuccessful,78,Cagliari,318432.0,Yerry Mina,7.7,18.1,56.5,17.4,,,,,"[{'type': {'displayName': 'Zone', 'value': 56}, 'value': 'Right'}, {'type': {'displayName': 'Longball', 'value': 1}}, {'type': {'displayName': 'PassEndY', 'value': 141}, 'value': '17.4'}, {'type': {'displayName': 'Angle', 'value': 213}, 'value': '6.27'}, {'type': {'displayName': 'Length', 'value': 212}, 'value': '51.2'}, {'type': {'displayName': 'PassEndX', 'value': 140}, 'value': '56.5'}]",True,,,,,
1901113,SecondHalf,62,19.0,65,BallTouch,Successful,87,Juventus,423440.0,Andrea Cambiaso,35.2,69.6,,,,,,,"[{'type': {'displayName': 'Zone', 'value': 56}, 'value': 'Back'}]",True,,,,,
1901113,SecondHalf,62,20.0,65,TakeOn,Unsuccessful,87,Juventus,339875.0,Bremer,37.2,80.3,,,,,,,"[{'type': {'displayName': 'Zone', 'value': 56}, 'value': 'Back'}, {'type': {'displayName': 'Offensive', 'value': 286}}, {'type': {'displayName': 'OppositeRelatedEvent', 'value': 233}, 'value': '432'}]",True,,,,,
1901113,SecondHalf,62,20.0,65,Tackle,Successful,78,Cagliari,481154.0,Marco Palestra,62.8,19.6,,,,,,,"[{'type': {'displayName': 'StandingSave', 'value': 178}}, {'type': {'displayName': 'Defensive', 'value': 285}}, {'type': {'displayName': 'Zone', 'value': 56}, 'value': 'Right'}, {'type': {'displayName': 'OppositeRelatedEvent', 'value': 233}, 'value': '702'}]",True,,,,,
1901113,SecondHalf,62,21.0,65,Dispossessed,Successful,78,Cagliari,481154.0,Marco Palestra,74.6,4.2,,,,,,,"[{'type': {'displayName': 'OppositeRelatedEvent', 'value': 233}, 'value': '713'}, {'type': {'displayName': 'Offensive', 'value': 286}}, {'type': {'displayName': 'Zone', 'value': 56}, 'value': 'Right'}]",True,,,,,
1901113,SecondHalf,62,21.0,65,Tackle,Successful,87,Juventus,423440.0,Andrea Cambiaso,25.4,95.8,,,,,,,"[{'type': {'displayName': 'StandingSave', 'value': 178}}, {'type': {'displayName': 'Defensive', 'value': 285}}, {'type': {'displayName': 'Zone', 'value': 56}, 'value': 'Back'}, {'type': {'displayName': 'OppositeRelatedEvent', 'value': 233}, 'value': '441'}]",True,,,,,
1901113,SecondHalf,62,24.0,65,BallRecovery,Successful,87,Juventus,423440.0,Andrea Cambiaso,11.8,93.7,,,,,,,[],False,,,,,
1901113,SecondHalf,62,24.0,65,Pass,Successful,87,Juventus,423440.0,Andrea Cambiaso,11.6,93.6,15.5,76.3,,,,,"[{'type': {'displayName': 'PassEndY', 'value': 141}, 'value': '76.3'}, {'type': {'displayName': 'Angle', 'value': 213}, 'value': '5.05'}, {'type': {'displayName': 'Length', 'value': 212}, 'value': '12.5'}, {'type': {'displayName': 'PassEndX', 'value': 140}, 'value': '15.5'}, {'type': {'displayName': 'Zone', 'value': 56}, 'value': 'Back'}]",True,,,,,
1901113,SecondHalf,62,26.0,65,Pass,Successful,87,Juventus,339875.0,Bremer,14.7,76.5,14.3,57.7,,,,,"[{'type': {'displayName': 'PassEndX', 'value': 140}, 'value': '14.3'}, {'type': {'displayName': 'Angle', 'value': 213}, 'value': '4.68'}, {'type': {'displayName': 'Length', 'value': 212}, 'value': '12.8'}, {'type': {'displayName': 'PassEndY', 'value': 141}, 'value': '57.7'}, {'type': {'displayName': 'Zone', 'value': 56}, 'value': 'Back'}]",True,,,,,
1901113,SecondHalf,62,34.0,65,Pass,Successful,87,Juventus,273539.0,Manuel Locatelli,51.6,33.9,66.9,5.2,,,,,"[{'type': {'displayName': 'Length', 'value': 212}, 'value': '25.3'}, {'type': {'displayName': 'Angle', 'value': 213}, 'value': '5.40'}, {'type': {'displayName': 'Zone', 'value': 56}, 'value': 'Right'}, {'type': {'displayName': 'PassEndX', 'value': 140}, 'value': '66.9'}, {'type': {'displayName': 'PassEndY', 'value': 141}, 'value': '5.2'}]",True,,,,,
1901113,SecondHalf,62,38.0,65,Pass,Successful,87,Juventus,391836.0,Pierre Kalulu,78.0,12.3,85.6,6.4,,,,,"[{'type': {'displayName': 'PassEndY', 'value': 141}, 'value': '6.4'}, {'type': {'displayName': 'Angle', 'value': 213}, 'value': '5.82'}, {'type': {'displayName': 'Length', 'value': 212}, 'value': '8.9'}, {'type': {'displayName': 'PassEndX', 'value': 140}, 'value': '85.6'}, {'type': {'displayName': 'Zone', 'value': 56}, 'value': 'Right'}]",True,,,,,
1901113,SecondHalf,62,41.0,65,Pass,Unsuccessful,87,Juventus,338275.0,Weston McKennie,91.6,3.9,100.0,65.8,,,,,"[{'type': {'displayName': 'PassEndY', 'value': 141}, 'value': '65.8'}, {'type': {'displayName': 'Zone', 'value': 56}, 'value': 'Center'}, {'type': {'displayName': 'RightFoot', 'value': 20}}, {'type': {'displayName': 'Longball', 'value': 1}}, {'type': {'displayName': 'PassEndX', 'value': 140}, 'value': '100.0'}, {'type': {'displayName': 'Cross', 'value': 2}}, {'type': {'displayName': 'Angle', 'value': 213}, 'value': '1.34'}, {'type': {'displayName': 'Length', 'value': 212}, 'value': '43.3'}, {'type': {'displayName': 'Chipped', 'value': 155}}]",True,,,,,
1901113,SecondHalf,63,24.0,66,SubstitutionOff,Successful,78,Cagliari,371397.0,Sebastiano Esposito,0.0,0.0,,,,,,,"[{'type': {'displayName': 'PlayerPosition', 'value': 44}, 'value': 'Forward'}, {'type': {'displayName': 'JerseyNumber', 'value': 59}, 'value': '94'}, {'type': {'displayName': 'RelatedEventId', 'value': 55}, 'value': '436'}]",False,,,,436.0,532542.0
1901113,SecondHalf,63,24.0,66,SubstitutionOn,Successful,78,Cagliari,532542.0,Riyad Idrissi,0.0,0.0,,,,,,,"[{'type': {'displayName': 'RelatedEventId', 'value': 55}, 'value': '435'}, {'type': {'displayName': 'FormationSlot', 'value': 145}, 'value': '11'}, {'type': {'displayName': 'PlayerPosition', 'value': 44}, 'value': 'Midfielder'}, {'type': {'displayName': 'JerseyNumber', 'value': 59}, 'value': '3'}]",False,,,,435.0,371397.0
1901113,SecondHalf,63,51.0,66,Pass,Successful,78,Cagliari,362780.0,Elia Caprile,5.2,41.4,57.2,17.5,,,,,"[{'type': {'displayName': 'Longball', 'value': 1}}, {'type': {'displayName': 'MissHigh', 'value': 74}}, {'type': {'displayName': 'PassEndY', 'value': 141}, 'value': '17.5'}, {'type': {'displayName': 'Zone', 'value': 56}, 'value': 'Right'}, {'type': {'displayName': 'GoalKick', 'value': 124}}, {'type': {'displayName': 'PassEndX', 'value': 140}, 'value': '57.2'}, {'type': {'displayName': 'Length', 'value': 212}, 'value': '57.0'}, {'type': {'displayName': 'Angle', 'value': 213}, 'value': '5.99'}]",True,,,,,
1901113,SecondHalf,63,53.0,66,Foul,Successful,78,Cagliari,447445.0,Gennaro Borrelli,56.2,13.1,,,,,,,"[{'type': {'displayName': 'Foul', 'value': 13}}, {'type': {'displayName': 'Zone', 'value': 56}, 'value': 'Right'}, {'type': {'displayName': 'OppositeRelatedEvent', 'value': 233}, 'value': '712'}, {'type': {'displayName': 'Offensive', 'value': 286}}]",True,,,,,
1901113,SecondHalf,63,53.0,66,Foul,Unsuccessful,87,Juventus,332419.0,Lloyd Kelly,43.8,87.0,,,,,,,"[{'type': {'displayName': 'Foul', 'value': 13}}, {'type': {'displayName': 'Defensive', 'value': 285}}, {'type': {'displayName': 'OppositeRelatedEvent', 'value': 233}, 'value': '438'}, {'type': {'displayName': 'Zone', 'value': 56}, 'value': 'Back'}]",False,,,,,
1901113,SecondHalf,64,30.0,67,Pass,Successful,78,Cagliari,369883.0,Gianluca Gaetano,63.2,21.6,84.1,43.9,,,,,"[{'type': {'displayName': 'IntentionalAssist', 'value': 154}}, {'type': {'displayName': 'ShotAssist', 'value': 210}, 'value': '16'}, {'type': {'displayName': 'PassEndX', 'value': 140}, 'value': '84.1'}, {'type': {'displayName': 'Angle', 'value': 213}, 'value': '0.60'}, {'type': {'displayName': 'Cross', 'value': 2}}, {'type': {'displayName': 'RightFoot', 'value': 20}}, {'type': {'displayName': 'Zone', 'value': 56}, 'value': 'Center'}, {'type': {'displayName': 'Length', 'value': 212}, 'value': '26.7'}, {'type': {'displayName': 'FreekickTaken', 'value': 5}}, {'type': {'displayName': 'PassEndY', 'value': 141}, 'value': '43.9'}, {'type': {'displayName': 'SetPiece', 'value': 24}}, {'type': {'displayName': 'IntentionalGoalAssist', 'value': 11111}}, {'type': {'displayName': 'KeyPass', 'value': 11113}}]",True,,,,,
1901113,SecondHalf,64,31.0,67,Goal,Successful,78,Cagliari,141269.0,Luca Mazzitelli,84.1,43.9,,,46.4,4.4,,,"[{'type': {'displayName': 'LowRight', 'value': 80}}, {'type': {'displayName': 'Assisted', 'value': 29}}, {'type': {'displayName': 'Zone', 'value': 56}, 'value': 'Center'}, {'type': {'displayName': 'BoxCentre', 'value': 17}}, {'type': {'displayName': 'FirstTouch', 'value': 328}}, {'type': {'displayName': 'RightFoot', 'value': 20}}, {'type': {'displayName': 'GoalMouthZ', 'value': 103}, 'value': '4.4'}, {'type': {'displayName': 'GoalMouthY', 'value': 102}, 'value': '46.4'}, {'type': {'displayName': 'RelatedEventId', 'value': 55}, 'value': '439'}, {'type': {'displayName': 'IntentionalAssist', 'value': 154}}, {'type': {'displayName': 'SetPiece', 'value': 24}}]",True,True,True,,439.0,369883.0
1901113,SecondHalf,65,50.0,68,SubstitutionOff,Successful,87,Juventus,425080.0,Fabio Miretti,0.0,0.0,,,,,,,"[{'type': {'displayName': 'JerseyNumber', 'value': 59}, 'value': '21'}, {'type': {'displayName': 'RelatedEventId', 'value': 55}, 'value': '718'}, {'type': {'displayName': 'PlayerPosition', 'value': 44}, 'value': 'Midfielder'}]",False,,,,718.0,363618.0
1901113,SecondHalf,65,50.0,68,SubstitutionOn,Successful,87,Juventus,363618.0,Loïs Openda,0.0,0.0,,,,,,,"[{'type': {'displayName': 'JerseyNumber', 'value': 59}, 'value': '20'}, {'type': {'displayName': 'PlayerPosition', 'value': 44}, 'value': 'Midfielder'}, {'type': {'displayName': 'FormationSlot', 'value': 145}, 'value': '10'}, {'type': {'displayName': 'RelatedEventId', 'value': 55}, 'value': '717'}]",False,,,,717.0,425080.0
1901113,SecondHalf,65,51.0,68,SubstitutionOff,Successful,87,Juventus,273539.0,Manuel Locatelli,0.0,0.0,,,,,,,"[{'type': {'displayName': 'RelatedEventId', 'value': 55}, 'value': '722'}, {'type': {'displayName': 'JerseyNumber', 'value': 59}, 'value': '5'}, {'type': {'displayName': 'PlayerPosition', 'value': 44}, 'value': 'Midfielder'}]",False,,,,722.0,363181.0
1901113,SecondHalf,65,51.0,68,SubstitutionOn,Successful,87,Juventus,363181.0,Edon Zhegrova,0.0,0.0,,,,,,,"[{'type': {'displayName': 'FormationSlot', 'value': 145}, 'value': '8'}, {'type': {'displayName': 'PlayerPosition', 'value': 44}, 'value': 'Midfielder'}, {'type': {'displayName': 'RelatedEventId', 'value': 55}, 'value': '721'}, {'type': {'displayName': 'JerseyNumber', 'value': 59}, 'value': '11'}]",False,,,,721.0,273539.0
1901113,SecondHalf,65,52.0,68,FormationChange,Successful,87,Juventus,,,0.0,0.0,,,,,,,"[{'type': {'displayName': 'InvolvedPlayers', 'value': 30}, 'value': '78880,391836,423440,338275,339875,332419,363181,343308,383855,363618,494525,319696,83981,439909,409221,484428,105995,366379,395173,445322'}, {'type': {'displayName': 'JerseyNumber', 'value': 59}, 'value': '1, 15, 27, 22, 3, 6, 11, 8, 30, 20, 10, 16, 23, 4, 7, 17, 18, 19, 25, 32'}, {'type': {'displayName': 'CaptainPlayerId', 'value': 194}, 'value': '339875'}, {'type': {'displayName': 'TeamPlayerFormation', 'value': 131}, 'value': '1, 2, 3, 4, 5, 6, 7, 8, 9, 10, 11, 0, 0, 0, 0, 0, 0, 0, 0, 0'}, {'type': {'displayName': 'TeamFormation', 'value': 130}, 'value': '8'}, {'type': {'displayName': 'PlayerPosition', 'value': 44}, 'value': '1, 2, 2, 3, 2, 2, 3, 3, 4, 3, 3, 5, 5, 5, 5, 5, 5, 5, 5, 5'}]",False,,,,,
1901113,SecondHalf,65,55.0,68,Pass,Successful,87,Juventus,338275.0,Weston McKennie,50.1,49.9,51.6,47.7,,,,,"[{'type': {'displayName': 'Zone', 'value': 56}, 'value': 'Center'}, {'type': {'displayName': 'Length', 'value': 212}, 'value': '2.2'}, {'type': {'displayName': 'PassEndY', 'value': 141}, 'value': '47.7'}, {'type': {'displayName': 'PassEndX', 'value': 140}, 'value': '51.6'}, {'type': {'displayName': 'Angle', 'value': 213}, 'value': '5.52'}]",True,,,,,
1901113,SecondHalf,65,57.0,68,Pass,Successful,87,Juventus,494525.0,Kenan Yildiz,53.0,45.9,58.7,21.9,,,,,"[{'type': {'displayName': 'Angle', 'value': 213}, 'value': '5.06'}, {'type': {'displayName': 'PassEndX', 'value': 140}, 'value': '58.7'}, {'type': {'displayName': 'PassEndY', 'value': 141}, 'value': '21.9'}, {'type': {'displayName': 'Length', 'value': 212}, 'value': '17.4'}, {'type': {'displayName': 'Zone', 'value': 56}, 'value': 'Center'}]",True,,,,,
1901113,SecondHalf,66,3.0,69,Pass,Successful,87,Juventus,363181.0,Edon Zhegrova,59.0,33.1,52.6,56.8,,,,,"[{'type': {'displayName': 'Length', 'value': 212}, 'value': '17.5'}, {'type': {'displayName': 'Angle', 'value': 213}, 'value': '1.97'}, {'type': {'displayName': 'Zone', 'value': 56}, 'value': 'Center'}, {'type': {'displayName': 'PassEndX', 'value': 140}, 'value': '52.6'}, {'type': {'displayName': 'PassEndY', 'value': 141}, 'value': '56.8'}]",True,,,,,
1901113,SecondHalf,66,4.0,69,Pass,Successful,87,Juventus,332419.0,Lloyd Kelly,53.1,64.4,63.4,86.7,,,,,"[{'type': {'displayName': 'PassEndX', 'value': 140}, 'value': '63.4'}, {'type': {'displayName': 'PassEndY', 'value': 141}, 'value': '86.7'}, {'type': {'displayName': 'Angle', 'value': 213}, 'value': '0.95'}, {'type': {'displayName': 'Length', 'value': 212}, 'value': '18.6'}, {'type': {'displayName': 'Zone', 'value': 56}, 'value': 'Left'}]",True,,,,,
1901113,SecondHalf,66,5.0,69,Pass,Successful,87,Juventus,343308.0,Teun Koopmeiners,59.5,86.7,69.8,91.8,,,,,"[{'type': {'displayName': 'PassEndY', 'value': 141}, 'value': '91.8'}, {'type': {'displayName': 'Length', 'value': 212}, 'value': '11.4'}, {'type': {'displayName': 'Zone', 'value': 56}, 'value': 'Left'}, {'type': {'displayName': 'Angle', 'value': 213}, 'value': '0.31'}, {'type': {'displayName': 'PassEndX', 'value': 140}, 'value': '69.8'}]",True,,,,,
1901113,SecondHalf,66,8.0,69,Pass,Unsuccessful,87,Juventus,423440.0,Andrea Cambiaso,71.9,93.2,56.0,100.0,,,,,"[{'type': {'displayName': 'PassEndY', 'value': 141}, 'value': '100.0'}, {'type': {'displayName': 'Zone', 'value': 56}, 'value': 'Left'}, {'type': {'displayName': 'PassEndX', 'value': 140}, 'value': '56.0'}, {'type': {'displayName': 'Length', 'value': 212}, 'value': '17.6'}, {'type': {'displayName': 'Angle', 'value': 213}, 'value': '2.82'}]",True,,,,,
1901113,SecondHalf,66,31.0,69,Pass,Unsuccessful,78,Cagliari,450142.0,Zé Pedro,46.7,0.0,68.2,12.1,,,,,"[{'type': {'displayName': 'PassEndX', 'value': 140}, 'value': '68.2'}, {'type': {'displayName': 'Angle', 'value': 213}, 'value': '0.38'}, {'type': {'displayName': 'Longball', 'value': 1}}, {'type': {'displayName': 'Length', 'value': 212}, 'value': '24.3'}, {'type': {'displayName': 'Zone', 'value': 56}, 'value': 'Right'}, {'type': {'displayName': 'PassEndY', 'value': 141}, 'value': '12.1'}, {'type': {'displayName': 'ThrowIn', 'value': 107}}]",True,,,,,
1901113,SecondHalf,66,33.0,69,Interception,Successful,87,Juventus,343308.0,Teun Koopmeiners,31.8,87.9,,,,,,,"[{'type': {'displayName': 'Head', 'value': 15}}, {'type': {'displayName': 'Zone', 'value': 56}, 'value': 'Back'}]",True,,,,,
1901113,SecondHalf,66,34.0,69,Pass,Successful,87,Juventus,338275.0,Weston McKennie,35.1,68.5,38.4,91.5,,,,,"[{'type': {'displayName': 'PassEndY', 'value': 141}, 'value': '91.5'}, {'type': {'displayName': 'HeadPass', 'value': 3}}, {'type': {'displayName': 'Angle', 'value': 213}, 'value': '1.35'}, {'type': {'displayName': 'PassEndX', 'value': 140}, 'value': '38.4'}, {'type': {'displayName': 'Zone', 'value': 56}, 'value': 'Back'}, {'type': {'displayName': 'Length', 'value': 212}, 'value': '16.0'}]",True,,,,,
1901113,SecondHalf,66,35.0,69,Pass,Successful,87,Juventus,494525.0,Kenan Yildiz,39.3,93.6,26.4,72.0,,,,,"[{'type': {'displayName': 'Zone', 'value': 56}, 'value': 'Back'}, {'type': {'displayName': 'PassEndX', 'value': 140}, 'value': '26.4'}, {'type': {'displayName': 'Angle', 'value': 213}, 'value': '3.97'}, {'type': {'displayName': 'Length', 'value': 212}, 'value': '20.0'}, {'type': {'displayName': 'PassEndY', 'value': 141}, 'value': '72.0'}]",True,,,,,
1901113,SecondHalf,66,36.0,69,BallRecovery,Successful,87,Juventus,332419.0,Lloyd Kelly,23.9,69.4,,,,,,,[],False,,,,,
1901113,SecondHalf,66,37.0,69,Pass,Successful,87,Juventus,332419.0,Lloyd Kelly,26.0,67.9,25.9,43.0,,,,,"[{'type': {'displayName': 'PassEndY', 'value': 141}, 'value': '43.0'}, {'type': {'displayName': 'PassEndX', 'value': 140}, 'value': '25.9'}, {'type': {'displayName': 'Angle', 'value': 213}, 'value': '4.71'}, {'type': {'displayName': 'Zone', 'value': 56}, 'value': 'Back'}, {'type': {'displayName': 'Length', 'value': 212}, 'value': '16.9'}]",True,,,,,
1901113,SecondHalf,66,41.0,69,Pass,Successful,87,Juventus,339875.0,Bremer,37.5,32.7,59.4,19.6,,,,,"[{'type': {'displayName': 'Angle', 'value': 213}, 'value': '5.91'}, {'type': {'displayName': 'PassEndX', 'value': 140}, 'value': '59.4'}, {'type': {'displayName': 'PassEndY', 'value': 141}, 'value': '19.6'}, {'type': {'displayName': 'Length', 'value': 212}, 'value': '24.7'}, {'type': {'displayName': 'Zone', 'value': 56}, 'value': 'Right'}]",True,,,,,
1901113,SecondHalf,66,43.0,69,BallTouch,Unsuccessful,87,Juventus,383855.0,Jonathan David,59.0,23.2,,,,,,,"[{'type': {'displayName': 'Zone', 'value': 56}, 'value': 'Center'}]",True,,,,,
1901113,SecondHalf,66,47.0,69,BallRecovery,Successful,78,Cagliari,424534.0,Adam Obert,34.7,97.3,,,,,,,[],False,,,,,
1901113,SecondHalf,66,48.0,69,Pass,Unsuccessful,78,Cagliari,424534.0,Adam Obert,36.3,97.0,40.3,89.2,,,,,"[{'type': {'displayName': 'PassEndY', 'value': 141}, 'value': '89.2'}, {'type': {'displayName': 'PassEndX', 'value': 140}, 'value': '40.3'}, {'type': {'displayName': 'Zone', 'value': 56}, 'value': 'Back'}, {'type': {'displayName': 'Length', 'value': 212}, 'value': '6.8'}, {'type': {'displayName': 'Angle', 'value': 213}, 'value': '5.38'}]",True,,,,,
1901113,SecondHalf,66,48.0,69,BallRecovery,Successful,87,Juventus,338275.0,Weston McKennie,54.5,9.7,,,,,,,[],False,,,,,
1901113,SecondHalf,66,49.0,69,Pass,Successful,87,Juventus,338275.0,Weston McKennie,55.7,5.8,71.4,5.8,,,,,"[{'type': {'displayName': 'Angle', 'value': 213}, 'value': '0.00'}, {'type': {'displayName': 'PassEndY', 'value': 141}, 'value': '5.8'}, {'type': {'displayName': 'PassEndX', 'value': 140}, 'value': '71.4'}, {'type': {'displayName': 'Zone', 'value': 56}, 'value': 'Right'}, {'type': {'displayName': 'Length', 'value': 212}, 'value': '16.5'}]",True,,,,,
1901113,SecondHalf,66,50.0,69,Pass,Successful,87,Juventus,363181.0,Edon Zhegrova,60.1,12.7,59.4,30.7,,,,,"[{'type': {'displayName': 'PassEndX', 'value': 140}, 'value': '59.4'}, {'type': {'displayName': 'Zone', 'value': 56}, 'value': 'Center'}, {'type': {'displayName': 'Angle', 'value': 213}, 'value': '1.63'}, {'type': {'displayName': 'Length', 'value': 212}, 'value': '12.3'}, {'type': {'displayName': 'PassEndY', 'value': 141}, 'value': '30.7'}]",True,,,,,
1901113,SecondHalf,66,51.0,69,Pass,Successful,87,Juventus,338275.0,Weston McKennie,58.3,26.1,52.4,34.5,,,,,"[{'type': {'displayName': 'Zone', 'value': 56}, 'value': 'Center'}, {'type': {'displayName': 'Length', 'value': 212}, 'value': '8.4'}, {'type': {'displayName': 'Angle', 'value': 213}, 'value': '2.40'}, {'type': {'displayName': 'PassEndY', 'value': 141}, 'value': '34.5'}, {'type': {'displayName': 'PassEndX', 'value': 140}, 'value': '52.4'}]",True,,,,,
1901113,SecondHalf,66,52.0,69,Pass,Successful,87,Juventus,343308.0,Teun Koopmeiners,53.7,34.2,68.2,61.1,,,,,"[{'type': {'displayName': 'PassEndY', 'value': 141}, 'value': '61.1'}, {'type': {'displayName': 'Angle', 'value': 213}, 'value': '0.88'}, {'type': {'displayName': 'Length', 'value': 212}, 'value': '23.8'}, {'type': {'displayName': 'PassEndX', 'value': 140}, 'value': '68.2'}, {'type': {'displayName': 'Zone', 'value': 56}, 'value': 'Center'}]",True,,,,,
1901113,SecondHalf,66,58.0,69,Pass,Successful,87,Juventus,423440.0,Andrea Cambiaso,71.9,69.3,65.1,62.2,,,,,"[{'type': {'displayName': 'PassEndY', 'value': 141}, 'value': '62.2'}, {'type': {'displayName': 'PassEndX', 'value': 140}, 'value': '65.1'}, {'type': {'displayName': 'Angle', 'value': 213}, 'value': '3.74'}, {'type': {'displayName': 'Zone', 'value': 56}, 'value': 'Center'}, {'type': {'displayName': 'Length', 'value': 212}, 'value': '8.6'}]",True,,,,,
1901113,SecondHalf,67,0.0,70,Pass,Successful,87,Juventus,343308.0,Teun Koopmeiners,65.1,62.2,70.5,89.4,,,,,"[{'type': {'displayName': 'Length', 'value': 212}, 'value': '19.3'}, {'type': {'displayName': 'Zone', 'value': 56}, 'value': 'Left'}, {'type': {'displayName': 'PassEndX', 'value': 140}, 'value': '70.5'}, {'type': {'displayName': 'PassEndY', 'value': 141}, 'value': '89.4'}, {'type': {'displayName': 'Angle', 'value': 213}, 'value': '1.27'}]",True,,,,,
1901113,SecondHalf,67,4.0,70,Pass,Successful,87,Juventus,423440.0,Andrea Cambiaso,68.4,75.6,69.5,55.9,,,,,"[{'type': {'displayName': 'PassEndX', 'value': 140}, 'value': '69.5'}, {'type': {'displayName': 'Angle', 'value': 213}, 'value': '4.80'}, {'type': {'displayName': 'Length', 'value': 212}, 'value': '13.4'}, {'type': {'displayName': 'PassEndY', 'value': 141}, 'value': '55.9'}, {'type': {'displayName': 'Zone', 'value': 56}, 'value': 'Center'}]",True,,,,,
1901113,SecondHalf,67,6.0,70,Pass,Successful,87,Juventus,338275.0,Weston McKennie,69.5,55.9,77.3,70.5,,,,,"[{'type': {'displayName': 'Angle', 'value': 213}, 'value': '0.88'}, {'type': {'displayName': 'Length', 'value': 212}, 'value': '12.9'}, {'type': {'displayName': 'Zone', 'value': 56}, 'value': 'Center'}, {'type': {'displayName': 'PassEndY', 'value': 141}, 'value': '70.5'}, {'type': {'displayName': 'PassEndX', 'value': 140}, 'value': '77.3'}]",True,,,,,
1901113,SecondHalf,67,8.0,70,Pass,Successful,87,Juventus,363618.0,Loïs Openda,75.0,77.8,84.8,92.7,,,,,"[{'type': {'displayName': 'Angle', 'value': 213}, 'value': '0.78'}, {'type': {'displayName': 'PassEndX', 'value': 140}, 'value': '84.8'}, {'type': {'displayName': 'PassEndY', 'value': 141}, 'value': '92.7'}, {'type': {'displayName': 'Length', 'value': 212}, 'value': '14.4'}, {'type': {'displayName': 'Zone', 'value': 56}, 'value': 'Left'}]",True,,,,,
1901113,SecondHalf,67,11.0,70,Pass,Successful,87,Juventus,494525.0,Kenan Yildiz,86.2,91.9,82.7,72.0,,,,,"[{'type': {'displayName': 'Zone', 'value': 56}, 'value': 'Center'}, {'type': {'displayName': 'PassEndX', 'value': 140}, 'value': '82.7'}, {'type': {'displayName': 'Length', 'value': 212}, 'value': '14.0'}, {'type': {'displayName': 'Angle', 'value': 213}, 'value': '4.45'}, {'type': {'displayName': 'PassEndY', 'value': 141}, 'value': '72.0'}]",True,,,,,
1901113,SecondHalf,67,13.0,70,TakeOn,Unsuccessful,87,Juventus,423440.0,Andrea Cambiaso,85.3,79.1,,,,,,,"[{'type': {'displayName': 'Zone', 'value': 56}, 'value': 'Left'}, {'type': {'displayName': 'OppositeRelatedEvent', 'value': 233}, 'value': '446'}, {'type': {'displayName': 'Offensive', 'value': 286}}]",True,,,,,
1901113,SecondHalf,67,13.0,70,Tackle,Unsuccessful,78,Cagliari,481154.0,Marco Palestra,14.7,20.9,,,,,,,"[{'type': {'displayName': 'Defensive', 'value': 285}}, {'type': {'displayName': 'Zone', 'value': 56}, 'value': 'Back'}, {'type': {'displayName': 'OppositeRelatedEvent', 'value': 233}, 'value': '730'}, {'type': {'displayName': 'StandingSave', 'value': 178}}]",True,,,,,
1901113,SecondHalf,67,17.0,70,Pass,Unsuccessful,87,Juventus,494525.0,Kenan Yildiz,86.1,74.1,79.7,61.9,,,,,"[{'type': {'displayName': 'PassEndX', 'value': 140}, 'value': '79.7'}, {'type': {'displayName': 'Zone', 'value': 56}, 'value': 'Center'}, {'type': {'displayName': 'PassEndY', 'value': 141}, 'value': '61.9'}, {'type': {'displayName': 'Length', 'value': 212}, 'value': '10.7'}, {'type': {'displayName': 'Angle', 'value': 213}, 'value': '4.03'}]",True,,,,,
1901113,SecondHalf,67,19.0,70,BallTouch,Unsuccessful,78,Cagliari,369883.0,Gianluca Gaetano,20.3,38.1,,,,,,,"[{'type': {'displayName': 'Zone', 'value': 56}, 'value': 'Back'}]",True,,,,,
1901113,SecondHalf,67,20.0,70,TakeOn,Unsuccessful,87,Juventus,494525.0,Kenan Yildiz,79.4,82.2,,,,,,,"[{'type': {'displayName': 'Offensive', 'value': 286}}, {'type': {'displayName': 'Zone', 'value': 56}, 'value': 'Left'}, {'type': {'displayName': 'OppositeRelatedEvent', 'value': 233}, 'value': '450'}]",True,,,,,
1901113,SecondHalf,67,20.0,70,Tackle,Unsuccessful,78,Cagliari,481154.0,Marco Palestra,20.6,17.8,,,,,,,"[{'type': {'displayName': 'Defensive', 'value': 285}}, {'type': {'displayName': 'Zone', 'value': 56}, 'value': 'Back'}, {'type': {'displayName': 'StandingSave', 'value': 178}}, {'type': {'displayName': 'OppositeRelatedEvent', 'value': 233}, 'value': '732'}]",True,,,,,
1901113,SecondHalf,67,22.0,70,BallTouch,Successful,87,Juventus,494525.0,Kenan Yildiz,78.2,81.3,,,,,,,"[{'type': {'displayName': 'Zone', 'value': 56}, 'value': 'Left'}]",True,,,,,
1901113,SecondHalf,67,24.0,70,BallRecovery,Successful,78,Cagliari,481154.0,Marco Palestra,22.5,13.0,,,,,,,[],False,,,,,
1901113,SecondHalf,67,27.0,70,BallTouch,Unsuccessful,78,Cagliari,481154.0,Marco Palestra,42.4,2.2,,,,,,,"[{'type': {'displayName': 'Zone', 'value': 56}, 'value': 'Back'}]",True,,,,,
1901113,SecondHalf,67,27.0,70,BallRecovery,Successful,87,Juventus,332419.0,Lloyd Kelly,29.6,93.4,,,,,,,[],False,,,,,
1901113,SecondHalf,67,27.0,70,Pass,Successful,87,Juventus,332419.0,Lloyd Kelly,29.6,93.4,16.2,61.2,,,,,"[{'type': {'displayName': 'PassEndX', 'value': 140}, 'value': '16.2'}, {'type': {'displayName': 'PassEndY', 'value': 141}, 'value': '61.2'}, {'type': {'displayName': 'Angle', 'value': 213}, 'value': '4.14'}, {'type': {'displayName': 'Length', 'value': 212}, 'value': '26.0'}, {'type': {'displayName': 'Zone', 'value': 56}, 'value': 'Back'}]",True,,,,,
1901113,SecondHalf,67,31.0,70,Pass,Successful,87,Juventus,78880.0,Mattia Perin,17.8,54.0,29.8,41.7,,,,,"[{'type': {'displayName': 'PassEndX', 'value': 140}, 'value': '29.8'}, {'type': {'displayName': 'PassEndY', 'value': 141}, 'value': '41.7'}, {'type': {'displayName': 'Angle', 'value': 213}, 'value': '5.70'}, {'type': {'displayName': 'Length', 'value': 212}, 'value': '15.1'}, {'type': {'displayName': 'Zone', 'value': 56}, 'value': 'Back'}]",True,,,,,
1901113,SecondHalf,67,36.0,70,Pass,Successful,87,Juventus,339875.0,Bremer,34.3,38.5,37.7,70.0,,,,,"[{'type': {'displayName': 'Length', 'value': 212}, 'value': '21.7'}, {'type': {'displayName': 'PassEndY', 'value': 141}, 'value': '70.0'}, {'type': {'displayName': 'Zone', 'value': 56}, 'value': 'Back'}, {'type': {'displayName': 'PassEndX', 'value': 140}, 'value': '37.7'}, {'type': {'displayName': 'Angle', 'value': 213}, 'value': '1.41'}]",True,,,,,
1901113,SecondHalf,67,40.0,70,Pass,Successful,87,Juventus,338275.0,Weston McKennie,37.7,70.0,72.3,94.5,,,,,"[{'type': {'displayName': 'Zone', 'value': 56}, 'value': 'Left'}, {'type': {'displayName': 'PassEndX', 'value': 140}, 'value': '72.3'}, {'type': {'displayName': 'Angle', 'value': 213}, 'value': '0.43'}, {'type': {'displayName': 'Chipped', 'value': 155}}, {'type': {'displayName': 'Length', 'value': 212}, 'value': '40.0'}, {'type': {'displayName': 'PassEndY', 'value': 141}, 'value': '94.5'}, {'type': {'displayName': 'Longball', 'value': 1}}]",True,,,,,
1901113,SecondHalf,67,43.0,70,Dispossessed,Successful,87,Juventus,423440.0,Andrea Cambiaso,82.0,87.4,,,,,,,"[{'type': {'displayName': 'OppositeRelatedEvent', 'value': 233}, 'value': '453'}, {'type': {'displayName': 'Offensive', 'value': 286}}, {'type': {'displayName': 'Zone', 'value': 56}, 'value': 'Left'}]",True,,,,,
1901113,SecondHalf,67,43.0,70,Tackle,Successful,78,Cagliari,481154.0,Marco Palestra,18.0,12.6,,,,,,,"[{'type': {'displayName': 'StandingSave', 'value': 178}}, {'type': {'displayName': 'Zone', 'value': 56}, 'value': 'Back'}, {'type': {'displayName': 'OppositeRelatedEvent', 'value': 233}, 'value': '739'}, {'type': {'displayName': 'Defensive', 'value': 285}}]",True,,,,,
1901113,SecondHalf,67,45.0,70,Pass,Successful,78,Cagliari,318432.0,Yerry Mina,11.8,17.8,14.3,18.4,,,,,"[{'type': {'displayName': 'Zone', 'value': 56}, 'value': 'Back'}, {'type': {'displayName': 'Length', 'value': 212}, 'value': '2.7'}, {'type': {'displayName': 'PassEndY', 'value': 141}, 'value': '18.4'}, {'type': {'displayName': 'PassEndX', 'value': 140}, 'value': '14.3'}, {'type': {'displayName': 'Angle', 'value': 213}, 'value': '0.15'}]",True,,,,,
1901113,SecondHalf,67,46.0,70,BallRecovery,Successful,78,Cagliari,450142.0,Zé Pedro,14.3,18.6,,,,,,,[],False,,,,,
1901113,SecondHalf,67,47.0,70,Pass,Unsuccessful,78,Cagliari,450142.0,Zé Pedro,14.3,18.6,32.6,22.6,,,,,"[{'type': {'displayName': 'Length', 'value': 212}, 'value': '19.4'}, {'type': {'displayName': 'Zone', 'value': 56}, 'value': 'Back'}, {'type': {'displayName': 'PassEndY', 'value': 141}, 'value': '22.6'}, {'type': {'displayName': 'PassEndX', 'value': 140}, 'value': '32.6'}, {'type': {'displayName': 'Angle', 'value': 213}, 'value': '0.14'}]",True,,,,,
1901113,SecondHalf,67,50.0,70,BallRecovery,Successful,87,Juventus,338275.0,Weston McKennie,67.3,80.5,,,,,,,[],False,,,,,
1901113,SecondHalf,67,51.0,70,Pass,Successful,87,Juventus,338275.0,Weston McKennie,67.3,80.5,78.7,92.8,,,,,"[{'type': {'displayName': 'PassEndX', 'value': 140}, 'value': '78.7'}, {'type': {'displayName': 'Zone', 'value': 56}, 'value': 'Left'}, {'type': {'displayName': 'Length', 'value': 212}, 'value': '14.6'}, {'type': {'displayName': 'Angle', 'value': 213}, 'value': '0.61'}, {'type': {'displayName': 'PassEndY', 'value': 141}, 'value': '92.8'}]",True,,,,,
1901113,SecondHalf,67,52.0,70,Pass,Successful,87,Juventus,494525.0,Kenan Yildiz,78.7,92.8,67.9,85.5,,,,,"[{'type': {'displayName': 'Length', 'value': 212}, 'value': '12.4'}, {'type': {'displayName': 'PassEndY', 'value': 141}, 'value': '85.5'}, {'type': {'displayName': 'PassEndX', 'value': 140}, 'value': '67.9'}, {'type': {'displayName': 'Zone', 'value': 56}, 'value': 'Left'}, {'type': {'displayName': 'Angle', 'value': 213}, 'value': '3.55'}]",True,,,,,
1901113,SecondHalf,67,55.0,70,Pass,Successful,87,Juventus,338275.0,Weston McKennie,65.9,78.1,60.9,50.1,,,,,"[{'type': {'displayName': 'Zone', 'value': 56}, 'value': 'Center'}, {'type': {'displayName': 'PassEndX', 'value': 140}, 'value': '60.9'}, {'type': {'displayName': 'PassEndY', 'value': 141}, 'value': '50.1'}, {'type': {'displayName': 'Length', 'value': 212}, 'value': '19.8'}, {'type': {'displayName': 'Angle', 'value': 213}, 'value': '4.44'}]",True,,,,,
1901113,SecondHalf,67,56.0,70,Pass,Successful,87,Juventus,339875.0,Bremer,60.9,50.1,60.7,30.3,,,,,"[{'type': {'displayName': 'PassEndX', 'value': 140}, 'value': '60.7'}, {'type': {'displayName': 'Length', 'value': 212}, 'value': '13.5'}, {'type': {'displayName': 'PassEndY', 'value': 141}, 'value': '30.3'}, {'type': {'displayName': 'Angle', 'value': 213}, 'value': '4.70'}, {'type': {'displayName': 'Zone', 'value': 56}, 'value': 'Center'}]",True,,,,,
1901113,SecondHalf,67,57.0,70,Pass,Successful,87,Juventus,391836.0,Pierre Kalulu,60.2,30.1,64.4,6.0,,,,,"[{'type': {'displayName': 'Length', 'value': 212}, 'value': '17.0'}, {'type': {'displayName': 'Angle', 'value': 213}, 'value': '4.98'}, {'type': {'displayName': 'PassEndX', 'value': 140}, 'value': '64.4'}, {'type': {'displayName': 'Zone', 'value': 56}, 'value': 'Right'}, {'type': {'displayName': 'PassEndY', 'value': 141}, 'value': '6.0'}]",True,,,,,
1901113,SecondHalf,68,0.0,71,Pass,Successful,87,Juventus,363181.0,Edon Zhegrova,65.6,7.3,71.8,38.7,,,,,"[{'type': {'displayName': 'Angle', 'value': 213}, 'value': '1.27'}, {'type': {'displayName': 'Zone', 'value': 56}, 'value': 'Center'}, {'type': {'displayName': 'PassEndX', 'value': 140}, 'value': '71.8'}, {'type': {'displayName': 'PassEndY', 'value': 141}, 'value': '38.7'}, {'type': {'displayName': 'Length', 'value': 212}, 'value': '22.3'}]",True,,,,,
1901113,SecondHalf,68,2.0,71,Pass,Unsuccessful,87,Juventus,343308.0,Teun Koopmeiners,71.0,39.6,73.4,38.8,,,,,"[{'type': {'displayName': 'PassEndX', 'value': 140}, 'value': '73.4'}, {'type': {'displayName': 'Offensive', 'value': 286}}, {'type': {'displayName': 'PassEndY', 'value': 141}, 'value': '38.8'}, {'type': {'displayName': 'Angle', 'value': 213}, 'value': '6.07'}, {'type': {'displayName': 'OppositeRelatedEvent', 'value': 233}, 'value': '457'}, {'type': {'displayName': 'Length', 'value': 212}, 'value': '2.6'}, {'type': {'displayName': 'Zone', 'value': 56}, 'value': 'Center'}]",True,,,,,
1901113,SecondHalf,68,2.0,71,BlockedPass,Successful,78,Cagliari,369883.0,Gianluca Gaetano,26.6,61.2,,,,,,,"[{'type': {'displayName': 'OppositeRelatedEvent', 'value': 233}, 'value': '748'}, {'type': {'displayName': 'Defensive', 'value': 285}}, {'type': {'displayName': 'Zone', 'value': 56}, 'value': 'Back'}]",True,,,,,
1901113,SecondHalf,68,8.0,71,Pass,Successful,87,Juventus,339875.0,Bremer,65.2,38.7,72.6,76.9,,,,,"[{'type': {'displayName': 'Angle', 'value': 213}, 'value': '1.28'}, {'type': {'displayName': 'PassEndX', 'value': 140}, 'value': '72.6'}, {'type': {'displayName': 'PassEndY', 'value': 141}, 'value': '76.9'}, {'type': {'displayName': 'Zone', 'value': 56}, 'value': 'Center'}, {'type': {'displayName': 'Length', 'value': 212}, 'value': '27.1'}]",True,,,,,
1901113,SecondHalf,68,9.0,71,Pass,Successful,87,Juventus,338275.0,Weston McKennie,72.8,76.9,62.8,64.9,,,,,"[{'type': {'displayName': 'PassEndY', 'value': 141}, 'value': '64.9'}, {'type': {'displayName': 'Zone', 'value': 56}, 'value': 'Center'}, {'type': {'displayName': 'Length', 'value': 212}, 'value': '13.3'}, {'type': {'displayName': 'Angle', 'value': 213}, 'value': '3.80'}, {'type': {'displayName': 'PassEndX', 'value': 140}, 'value': '62.8'}]",True,,,,,
1901113,SecondHalf,68,10.0,71,Pass,Successful,87,Juventus,332419.0,Lloyd Kelly,62.2,68.1,74.1,89.8,,,,,"[{'type': {'displayName': 'PassEndX', 'value': 140}, 'value': '74.1'}, {'type': {'displayName': 'Angle', 'value': 213}, 'value': '0.87'}, {'type': {'displayName': 'Length', 'value': 212}, 'value': '19.3'}, {'type': {'displayName': 'PassEndY', 'value': 141}, 'value': '89.8'}, {'type': {'displayName': 'Zone', 'value': 56}, 'value': 'Left'}]",True,,,,,
1901113,SecondHalf,68,13.0,71,Pass,Successful,87,Juventus,494525.0,Kenan Yildiz,68.8,83.4,71.7,76.5,,,,,"[{'type': {'displayName': 'PassEndX', 'value': 140}, 'value': '71.7'}, {'type': {'displayName': 'PassEndY', 'value': 141}, 'value': '76.5'}, {'type': {'displayName': 'Angle', 'value': 213}, 'value': '5.29'}, {'type': {'displayName': 'Length', 'value': 212}, 'value': '5.6'}, {'type': {'displayName': 'Zone', 'value': 56}, 'value': 'Center'}]",True,,,,,
1901113,SecondHalf,68,14.0,71,Pass,Successful,87,Juventus,423440.0,Andrea Cambiaso,73.4,76.5,68.7,69.5,,,,,"[{'type': {'displayName': 'PassEndX', 'value': 140}, 'value': '68.7'}, {'type': {'displayName': 'Length', 'value': 212}, 'value': '6.9'}, {'type': {'displayName': 'PassEndY', 'value': 141}, 'value': '69.5'}, {'type': {'displayName': 'Angle', 'value': 213}, 'value': '3.91'}, {'type': {'displayName': 'Zone', 'value': 56}, 'value': 'Center'}]",True,,,,,
1901113,SecondHalf,68,15.0,71,Pass,Successful,87,Juventus,494525.0,Kenan Yildiz,74.6,66.9,79.0,68.2,,,,,"[{'type': {'displayName': 'Angle', 'value': 213}, 'value': '0.19'}, {'type': {'displayName': 'Zone', 'value': 56}, 'value': 'Center'}, {'type': {'displayName': 'PassEndX', 'value': 140}, 'value': '79.0'}, {'type': {'displayName': 'PassEndY', 'value': 141}, 'value': '68.2'}, {'type': {'displayName': 'Length', 'value': 212}, 'value': '4.7'}]",True,,,,,
1901113,SecondHalf,68,16.0,71,Pass,Unsuccessful,87,Juventus,383855.0,Jonathan David,79.0,68.2,79.4,72.4,,,,,"[{'type': {'displayName': 'Zone', 'value': 56}, 'value': 'Center'}, {'type': {'displayName': 'Length', 'value': 212}, 'value': '2.9'}, {'type': {'displayName': 'OppositeRelatedEvent', 'value': 233}, 'value': '458'}, {'type': {'displayName': 'PassEndY', 'value': 141}, 'value': '72.4'}, {'type': {'displayName': 'PassEndX', 'value': 140}, 'value': '79.4'}, {'type': {'displayName': 'Offensive', 'value': 286}}, {'type': {'displayName': 'Angle', 'value': 213}, 'value': '1.42'}]",True,,,,,
1901113,SecondHalf,68,16.0,71,BlockedPass,Successful,78,Cagliari,356176.0,Michel Adopo,20.6,27.6,,,,,,,"[{'type': {'displayName': 'OppositeRelatedEvent', 'value': 233}, 'value': '755'}, {'type': {'displayName': 'Defensive', 'value': 285}}, {'type': {'displayName': 'Zone', 'value': 56}, 'value': 'Back'}]",True,,,,,
1901113,SecondHalf,68,19.0,71,Pass,Successful,87,Juventus,343308.0,Teun Koopmeiners,66.8,57.6,68.7,34.9,,,,,"[{'type': {'displayName': 'Angle', 'value': 213}, 'value': '4.84'}, {'type': {'displayName': 'Zone', 'value': 56}, 'value': 'Center'}, {'type': {'displayName': 'PassEndX', 'value': 140}, 'value': '68.7'}, {'type': {'displayName': 'Length', 'value': 212}, 'value': '15.6'}, {'type': {'displayName': 'PassEndY', 'value': 141}, 'value': '34.9'}]",True,,,,,
1901113,SecondHalf,68,22.0,71,Pass,Successful,87,Juventus,363181.0,Edon Zhegrova,73.6,28.3,75.2,6.1,,,,,"[{'type': {'displayName': 'PassEndY', 'value': 141}, 'value': '6.1'}, {'type': {'displayName': 'Length', 'value': 212}, 'value': '15.2'}, {'type': {'displayName': 'PassEndX', 'value': 140}, 'value': '75.2'}, {'type': {'displayName': 'Angle', 'value': 213}, 'value': '4.82'}, {'type': {'displayName': 'Zone', 'value': 56}, 'value': 'Right'}]",True,,,,,
1901113,SecondHalf,68,24.0,71,Pass,Successful,87,Juventus,391836.0,Pierre Kalulu,75.3,6.1,71.4,12.1,,,,,"[{'type': {'displayName': 'PassEndY', 'value': 141}, 'value': '12.1'}, {'type': {'displayName': 'PassEndX', 'value': 140}, 'value': '71.4'}, {'type': {'displayName': 'Length', 'value': 212}, 'value': '5.8'}, {'type': {'displayName': 'Zone', 'value': 56}, 'value': 'Right'}, {'type': {'displayName': 'Angle', 'value': 213}, 'value': '2.36'}]",True,,,,,
1901113,SecondHalf,68,26.0,71,TakeOn,Unsuccessful,87,Juventus,363181.0,Edon Zhegrova,68.0,18.7,,,,,,,"[{'type': {'displayName': 'Offensive', 'value': 286}}, {'type': {'displayName': 'OppositeRelatedEvent', 'value': 233}, 'value': '459'}, {'type': {'displayName': 'Zone', 'value': 56}, 'value': 'Right'}]",True,,,,,
1901113,SecondHalf,68,26.0,71,Tackle,Successful,78,Cagliari,141269.0,Luca Mazzitelli,32.0,81.3,,,,,,,"[{'type': {'displayName': 'Defensive', 'value': 285}}, {'type': {'displayName': 'OppositeRelatedEvent', 'value': 233}, 'value': '759'}, {'type': {'displayName': 'StandingSave', 'value': 178}}, {'type': {'displayName': 'Zone', 'value': 56}, 'value': 'Back'}]",True,,,,,
1901113,SecondHalf,68,29.0,71,BallRecovery,Successful,78,Cagliari,447445.0,Gennaro Borrelli,33.8,76.0,,,,,,,[],False,,,,,
1901113,SecondHalf,68,30.0,71,Pass,Successful,78,Cagliari,447445.0,Gennaro Borrelli,33.5,75.8,26.6,78.5,,,,,"[{'type': {'displayName': 'Zone', 'value': 56}, 'value': 'Back'}, {'type': {'displayName': 'Angle', 'value': 213}, 'value': '2.89'}, {'type': {'displayName': 'PassEndY', 'value': 141}, 'value': '78.5'}, {'type': {'displayName': 'Length', 'value': 212}, 'value': '7.5'}, {'type': {'displayName': 'PassEndX', 'value': 140}, 'value': '26.6'}]",True,,,,,
1901113,SecondHalf,68,31.0,71,Pass,Successful,78,Cagliari,424534.0,Adam Obert,27.6,79.1,36.2,85.2,,,,,"[{'type': {'displayName': 'PassEndY', 'value': 141}, 'value': '85.2'}, {'type': {'displayName': 'Angle', 'value': 213}, 'value': '0.43'}, {'type': {'displayName': 'PassEndX', 'value': 140}, 'value': '36.2'}, {'type': {'displayName': 'Zone', 'value': 56}, 'value': 'Back'}, {'type': {'displayName': 'Length', 'value': 212}, 'value': '9.9'}]",True,,,,,
1901113,SecondHalf,68,32.0,71,BallTouch,Unsuccessful,78,Cagliari,447445.0,Gennaro Borrelli,34.1,76.9,,,,,,,"[{'type': {'displayName': 'Zone', 'value': 56}, 'value': 'Back'}]",True,,,,,
1901113,SecondHalf,68,32.0,71,TakeOn,Unsuccessful,87,Juventus,343308.0,Teun Koopmeiners,68.2,23.0,,,,,,,"[{'type': {'displayName': 'Zone', 'value': 56}, 'value': 'Center'}, {'type': {'displayName': 'Offensive', 'value': 286}}, {'type': {'displayName': 'OverRun', 'value': 211}}]",True,,,,,
1901113,SecondHalf,68,33.0,71,Pass,Unsuccessful,78,Cagliari,255292.0,Sebastiano Luperto,23.1,74.0,26.4,72.4,,,,,"[{'type': {'displayName': 'PassEndY', 'value': 141}, 'value': '72.4'}, {'type': {'displayName': 'Zone', 'value': 56}, 'value': 'Back'}, {'type': {'displayName': 'Angle', 'value': 213}, 'value': '5.98'}, {'type': {'displayName': 'Length', 'value': 212}, 'value': '3.6'}, {'type': {'displayName': 'Longball', 'value': 1}}, {'type': {'displayName': 'Offensive', 'value': 286}}, {'type': {'displayName': 'PassEndX', 'value': 140}, 'value': '26.4'}, {'type': {'displayName': 'OppositeRelatedEvent', 'value': 233}, 'value': '1082'}]",True,,,,,
1901113,SecondHalf,68,33.0,71,BlockedPass,Successful,87,Juventus,343308.0,Teun Koopmeiners,73.6,27.6,,,,,,,"[{'type': {'displayName': 'Zone', 'value': 56}, 'value': 'Center'}, {'type': {'displayName': 'Defensive', 'value': 285}}, {'type': {'displayName': 'OppositeRelatedEvent', 'value': 233}, 'value': '465'}]",True,,,,,
1901113,SecondHalf,68,37.0,71,Dispossessed,Successful,87,Juventus,494525.0,Kenan Yildiz,70.8,35.7,,,,,,,"[{'type': {'displayName': 'Offensive', 'value': 286}}, {'type': {'displayName': 'Zone', 'value': 56}, 'value': 'Center'}, {'type': {'displayName': 'OppositeRelatedEvent', 'value': 233}, 'value': '466'}]",True,,,,,
1901113,SecondHalf,68,37.0,71,Tackle,Successful,78,Cagliari,447445.0,Gennaro Borrelli,29.2,64.3,,,,,,,"[{'type': {'displayName': 'Zone', 'value': 56}, 'value': 'Back'}, {'type': {'displayName': 'StandingSave', 'value': 178}}, {'type': {'displayName': 'Defensive', 'value': 285}}, {'type': {'displayName': 'OppositeRelatedEvent', 'value': 233}, 'value': '761'}]",True,,,,,
1901113,SecondHalf,68,40.0,71,BallRecovery,Successful,78,Cagliari,447445.0,Gennaro Borrelli,26.7,37.9,,,,,,,[],False,,,,,
1901113,SecondHalf,68,40.0,71,Pass,Successful,78,Cagliari,447445.0,Gennaro Borrelli,30.6,23.5,23.5,17.6,,,,,"[{'type': {'displayName': 'Length', 'value': 212}, 'value': '8.5'}, {'type': {'displayName': 'Angle', 'value': 213}, 'value': '3.64'}, {'type': {'displayName': 'PassEndX', 'value': 140}, 'value': '23.5'}, {'type': {'displayName': 'PassEndY', 'value': 141}, 'value': '17.6'}, {'type': {'displayName': 'Zone', 'value': 56}, 'value': 'Back'}]",True,,,,,
1901113,SecondHalf,68,46.0,71,Pass,Unsuccessful,78,Cagliari,481154.0,Marco Palestra,17.9,6.0,32.0,4.5,,,,,"[{'type': {'displayName': 'PassEndX', 'value': 140}, 'value': '32.0'}, {'type': {'displayName': 'PassEndY', 'value': 141}, 'value': '4.5'}, {'type': {'displayName': 'Length', 'value': 212}, 'value': '14.8'}, {'type': {'displayName': 'Angle', 'value': 213}, 'value': '6.21'}, {'type': {'displayName': 'Zone', 'value': 56}, 'value': 'Back'}]",True,,,,,
1901113,SecondHalf,68,48.0,71,Interception,Successful,87,Juventus,338275.0,Weston McKennie,68.0,95.5,,,,,,,"[{'type': {'displayName': 'Zone', 'value': 56}, 'value': 'Left'}]",True,,,,,
1901113,SecondHalf,68,49.0,71,BallTouch,Successful,87,Juventus,338275.0,Weston McKennie,64.5,98.1,,,,,,,"[{'type': {'displayName': 'Zone', 'value': 56}, 'value': 'Left'}]",True,,,,,
1901113,SecondHalf,68,49.0,71,BallRecovery,Successful,87,Juventus,494525.0,Kenan Yildiz,70.3,95.5,,,,,,,[],False,,,,,
1901113,SecondHalf,68,52.0,71,Pass,Successful,87,Juventus,494525.0,Kenan Yildiz,77.0,86.5,66.6,74.7,,,,,"[{'type': {'displayName': 'PassEndY', 'value': 141}, 'value': '74.7'}, {'type': {'displayName': 'Zone', 'value': 56}, 'value': 'Center'}, {'type': {'displayName': 'PassEndX', 'value': 140}, 'value': '66.6'}, {'type': {'displayName': 'Length', 'value': 212}, 'value': '13.6'}, {'type': {'displayName': 'Angle', 'value': 213}, 'value': '3.78'}]",True,,,,,
1901113,SecondHalf,68,54.0,71,Pass,Successful,87,Juventus,332419.0,Lloyd Kelly,66.6,74.7,66.9,57.0,,,,,"[{'type': {'displayName': 'Angle', 'value': 213}, 'value': '4.74'}, {'type': {'displayName': 'PassEndY', 'value': 141}, 'value': '57.0'}, {'type': {'displayName': 'PassEndX', 'value': 140}, 'value': '66.9'}, {'type': {'displayName': 'Zone', 'value': 56}, 'value': 'Center'}, {'type': {'displayName': 'Length', 'value': 212}, 'value': '12.0'}]",True,,,,,
1901113,SecondHalf,68,56.0,71,Pass,Successful,87,Juventus,343308.0,Teun Koopmeiners,68.6,53.2,75.0,37.8,,,,,"[{'type': {'displayName': 'PassEndY', 'value': 141}, 'value': '37.8'}, {'type': {'displayName': 'Angle', 'value': 213}, 'value': '5.28'}, {'type': {'displayName': 'Length', 'value': 212}, 'value': '12.4'}, {'type': {'displayName': 'ShotAssist', 'value': 210}, 'value': '15'}, {'type': {'displayName': 'PassEndX', 'value': 140}, 'value': '75.0'}, {'type': {'displayName': 'Zone', 'value': 56}, 'value': 'Center'}, {'type': {'displayName': 'KeyPass', 'value': 11113}}]",True,,,,,
1901113,SecondHalf,69,1.0,72,SavedShot,Successful,87,Juventus,363181.0,Edon Zhegrova,72.3,40.1,,,52.3,3.8,98.8,48.0,"[{'type': {'displayName': 'Assisted', 'value': 29}}, {'type': {'displayName': 'Zone', 'value': 56}, 'value': 'Center'}, {'type': {'displayName': 'RelatedEventId', 'value': 55}, 'value': '766'}, {'type': {'displayName': 'BlockedX', 'value': 146}, 'value': '98.8'}, {'type': {'displayName': 'RegularPlay', 'value': 22}}, {'type': {'displayName': 'GoalMouthZ', 'value': 103}, 'value': '3.8'}, {'type': {'displayName': 'LeftFoot', 'value': 72}}, {'type': {'displayName': 'IndividualPlay', 'value': 215}}, {'type': {'displayName': 'OutOfBoxCentre', 'value': 18}}, {'type': {'displayName': 'BlockedY', 'value': 147}, 'value': '48.0'}, {'type': {'displayName': 'GoalMouthY', 'value': 102}, 'value': '52.3'}, {'type': {'displayName': 'LowLeft', 'value': 76}}, {'type': {'displayName': 'OppositeRelatedEvent', 'value': 233}, 'value': '470'}]",True,True,,,766.0,343308.0
1901113,SecondHalf,69,1.0,72,Save,Successful,78,Cagliari,362780.0,Elia Caprile,2.0,49.0,,,,,,,"[{'type': {'displayName': 'ParriedSafe', 'value': 173}}, {'type': {'displayName': 'Zone', 'value': 56}, 'value': 'Back'}, {'type': {'displayName': 'Hands', 'value': 182}}, {'type': {'displayName': 'OppositeRelatedEvent', 'value': 233}, 'value': '767'}, {'type': {'displayName': 'KeeperSaveObox', 'value': 11117}}]",True,,,,,
1901113,SecondHalf,69,3.0,72,KeeperPickup,Successful,78,Cagliari,362780.0,Elia Caprile,2.0,49.0,,,,,,,[],False,,,,,
1901113,SecondHalf,69,20.0,72,Pass,Unsuccessful,78,Cagliari,362780.0,Elia Caprile,9.1,47.2,72.4,40.0,,,,,"[{'type': {'displayName': 'Longball', 'value': 1}}, {'type': {'displayName': 'PassEndY', 'value': 141}, 'value': '40.0'}, {'type': {'displayName': 'PassEndX', 'value': 140}, 'value': '72.4'}, {'type': {'displayName': 'Zone', 'value': 56}, 'value': 'Center'}, {'type': {'displayName': 'Length', 'value': 212}, 'value': '66.6'}, {'type': {'displayName': 'Angle', 'value': 213}, 'value': '6.21'}]",True,,,,,
1901113,SecondHalf,69,25.0,72,BallTouch,Successful,87,Juventus,332419.0,Lloyd Kelly,34.3,69.9,,,,,,,"[{'type': {'displayName': 'Zone', 'value': 56}, 'value': 'Back'}]",True,,,,,
1901113,SecondHalf,69,27.0,72,BallRecovery,Successful,87,Juventus,78880.0,Mattia Perin,22.9,64.3,,,,,,,[],False,,,,,
1901113,SecondHalf,69,27.0,72,Pass,Successful,87,Juventus,78880.0,Mattia Perin,22.9,64.3,31.1,74.1,,,,,"[{'type': {'displayName': 'Length', 'value': 212}, 'value': '10.9'}, {'type': {'displayName': 'Angle', 'value': 213}, 'value': '0.66'}, {'type': {'displayName': 'PassEndX', 'value': 140}, 'value': '31.1'}, {'type': {'displayName': 'PassEndY', 'value': 141}, 'value': '74.1'}, {'type': {'displayName': 'Zone', 'value': 56}, 'value': 'Back'}]",True,,,,,
1901113,SecondHalf,69,36.0,72,Pass,Successful,87,Juventus,332419.0,Lloyd Kelly,53.5,69.0,55.4,80.5,,,,,"[{'type': {'displayName': 'PassEndX', 'value': 140}, 'value': '55.4'}, {'type': {'displayName': 'Zone', 'value': 56}, 'value': 'Left'}, {'type': {'displayName': 'Angle', 'value': 213}, 'value': '1.32'}, {'type': {'displayName': 'Length', 'value': 212}, 'value': '8.1'}, {'type': {'displayName': 'PassEndY', 'value': 141}, 'value': '80.5'}]",True,,,,,
1901113,SecondHalf,69,37.0,72,Pass,Successful,87,Juventus,423440.0,Andrea Cambiaso,55.4,80.5,63.9,60.7,,,,,"[{'type': {'displayName': 'PassEndY', 'value': 141}, 'value': '60.7'}, {'type': {'displayName': 'Angle', 'value': 213}, 'value': '5.30'}, {'type': {'displayName': 'PassEndX', 'value': 140}, 'value': '63.9'}, {'type': {'displayName': 'Length', 'value': 212}, 'value': '16.2'}, {'type': {'displayName': 'Zone', 'value': 56}, 'value': 'Center'}]",True,,,,,
1901113,SecondHalf,69,40.0,72,Pass,Successful,87,Juventus,338275.0,Weston McKennie,64.7,60.1,71.1,73.9,,,,,"[{'type': {'displayName': 'Zone', 'value': 56}, 'value': 'Center'}, {'type': {'displayName': 'Length', 'value': 212}, 'value': '11.5'}, {'type': {'displayName': 'Angle', 'value': 213}, 'value': '0.95'}, {'type': {'displayName': 'PassEndY', 'value': 141}, 'value': '73.9'}, {'type': {'displayName': 'PassEndX', 'value': 140}, 'value': '71.1'}]",True,,,,,
1901113,SecondHalf,69,41.0,72,Pass,Successful,87,Juventus,383855.0,Jonathan David,73.9,76.5,86.0,91.3,,,,,"[{'type': {'displayName': 'Zone', 'value': 56}, 'value': 'Left'}, {'type': {'displayName': 'PassEndX', 'value': 140}, 'value': '86.0'}, {'type': {'displayName': 'Length', 'value': 212}, 'value': '16.2'}, {'type': {'displayName': 'PassEndY', 'value': 141}, 'value': '91.3'}, {'type': {'displayName': 'Angle', 'value': 213}, 'value': '0.67'}]",True,,,,,
1901113,SecondHalf,69,44.0,72,Pass,Unsuccessful,87,Juventus,494525.0,Kenan Yildiz,79.8,89.7,93.3,47.7,,,,,"[{'type': {'displayName': 'Length', 'value': 212}, 'value': '31.9'}, {'type': {'displayName': 'Cross', 'value': 2}}, {'type': {'displayName': 'Chipped', 'value': 155}}, {'type': {'displayName': 'Angle', 'value': 213}, 'value': '5.17'}, {'type': {'displayName': 'PassEndX', 'value': 140}, 'value': '93.3'}, {'type': {'displayName': 'RightFoot', 'value': 20}}, {'type': {'displayName': 'Zone', 'value': 56}, 'value': 'Center'}, {'type': {'displayName': 'PassEndY', 'value': 141}, 'value': '47.7'}]",True,,,,,
1901113,SecondHalf,69,47.0,72,Clearance,Successful,78,Cagliari,255292.0,Sebastiano Luperto,7.5,49.6,11.4,36.7,,,,,"[{'type': {'displayName': 'Angle', 'value': 213}, 'value': '5.15'}, {'type': {'displayName': 'Zone', 'value': 56}, 'value': 'Back'}, {'type': {'displayName': 'PassEndX', 'value': 140}, 'value': '11.4'}, {'type': {'displayName': 'Length', 'value': 212}, 'value': '9.7'}, {'type': {'displayName': 'PassEndY', 'value': 141}, 'value': '36.7'}, {'type': {'displayName': 'Head', 'value': 15}}]",True,,,,,
1901113,SecondHalf,69,49.0,72,Clearance,Successful,78,Cagliari,318432.0,Yerry Mina,10.7,37.5,19.5,35.1,,,,,"[{'type': {'displayName': 'Angle', 'value': 213}, 'value': '6.11'}, {'type': {'displayName': 'Length', 'value': 212}, 'value': '9.4'}, {'type': {'displayName': 'Zone', 'value': 56}, 'value': 'Back'}, {'type': {'displayName': 'Head', 'value': 15}}, {'type': {'displayName': 'PassEndX', 'value': 140}, 'value': '19.5'}, {'type': {'displayName': 'PassEndY', 'value': 141}, 'value': '35.1'}]",True,,,,,
1901113,SecondHalf,69,51.0,72,Dispossessed,Successful,87,Juventus,423440.0,Andrea Cambiaso,79.8,60.2,,,,,,,"[{'type': {'displayName': 'OppositeRelatedEvent', 'value': 233}, 'value': '475'}, {'type': {'displayName': 'Zone', 'value': 56}, 'value': 'Center'}, {'type': {'displayName': 'Offensive', 'value': 286}}]",True,,,,,
1901113,SecondHalf,69,51.0,72,Tackle,Unsuccessful,78,Cagliari,356176.0,Michel Adopo,20.2,39.8,,,,,,,"[{'type': {'displayName': 'Zone', 'value': 56}, 'value': 'Back'}, {'type': {'displayName': 'Defensive', 'value': 285}}, {'type': {'displayName': 'OppositeRelatedEvent', 'value': 233}, 'value': '776'}, {'type': {'displayName': 'StandingSave', 'value': 178}}]",True,,,,,
1901113,SecondHalf,69,58.0,72,Pass,Successful,87,Juventus,363181.0,Edon Zhegrova,61.3,7.3,64.1,29.1,,,,,"[{'type': {'displayName': 'PassEndY', 'value': 141}, 'value': '29.1'}, {'type': {'displayName': 'Length', 'value': 212}, 'value': '15.1'}, {'type': {'displayName': 'PassEndX', 'value': 140}, 'value': '64.1'}, {'type': {'displayName': 'Zone', 'value': 56}, 'value': 'Center'}, {'type': {'displayName': 'Angle', 'value': 213}, 'value': '1.38'}]",True,,,,,
1901113,SecondHalf,69,59.0,72,Pass,Successful,87,Juventus,343308.0,Teun Koopmeiners,60.6,30.0,69.3,36.4,,,,,"[{'type': {'displayName': 'PassEndX', 'value': 140}, 'value': '69.3'}, {'type': {'displayName': 'Angle', 'value': 213}, 'value': '0.44'}, {'type': {'displayName': 'Length', 'value': 212}, 'value': '10.1'}, {'type': {'displayName': 'Zone', 'value': 56}, 'value': 'Center'}, {'type': {'displayName': 'PassEndY', 'value': 141}, 'value': '36.4'}]",True,,,,,
1901113,SecondHalf,70,0.0,73,Pass,Successful,87,Juventus,423440.0,Andrea Cambiaso,69.3,36.4,54.6,31.5,,,,,"[{'type': {'displayName': 'LayOff', 'value': 156}}, {'type': {'displayName': 'PassEndY', 'value': 141}, 'value': '31.5'}, {'type': {'displayName': 'Angle', 'value': 213}, 'value': '3.35'}, {'type': {'displayName': 'Length', 'value': 212}, 'value': '15.8'}, {'type': {'displayName': 'Zone', 'value': 56}, 'value': 'Center'}, {'type': {'displayName': 'PassEndX', 'value': 140}, 'value': '54.6'}]",True,,,,,
1901113,SecondHalf,70,2.0,73,Pass,Successful,87,Juventus,339875.0,Bremer,54.5,35.7,58.7,68.7,,,,,"[{'type': {'displayName': 'Length', 'value': 212}, 'value': '22.9'}, {'type': {'displayName': 'PassEndX', 'value': 140}, 'value': '58.7'}, {'type': {'displayName': 'Zone', 'value': 56}, 'value': 'Center'}, {'type': {'displayName': 'PassEndY', 'value': 141}, 'value': '68.7'}, {'type': {'displayName': 'Angle', 'value': 213}, 'value': '1.38'}]",True,,,,,
1901113,SecondHalf,70,7.0,73,Pass,Successful,87,Juventus,332419.0,Lloyd Kelly,63.2,77.5,59.9,46.9,,,,,"[{'type': {'displayName': 'PassEndX', 'value': 140}, 'value': '59.9'}, {'type': {'displayName': 'PassEndY', 'value': 141}, 'value': '46.9'}, {'type': {'displayName': 'Zone', 'value': 56}, 'value': 'Center'}, {'type': {'displayName': 'Length', 'value': 212}, 'value': '21.1'}, {'type': {'displayName': 'Angle', 'value': 213}, 'value': '4.55'}]",True,,,,,
1901113,SecondHalf,70,9.0,73,Pass,Successful,87,Juventus,339875.0,Bremer,62.8,43.0,67.1,25.5,,,,,"[{'type': {'displayName': 'Zone', 'value': 56}, 'value': 'Center'}, {'type': {'displayName': 'Length', 'value': 212}, 'value': '12.7'}, {'type': {'displayName': 'PassEndY', 'value': 141}, 'value': '25.5'}, {'type': {'displayName': 'PassEndX', 'value': 140}, 'value': '67.1'}, {'type': {'displayName': 'Angle', 'value': 213}, 'value': '5.08'}]",True,,,,,
1901113,SecondHalf,70,12.0,73,Pass,Unsuccessful,87,Juventus,343308.0,Teun Koopmeiners,67.1,25.5,74.1,20.8,,,,,"[{'type': {'displayName': 'Length', 'value': 212}, 'value': '8.0'}, {'type': {'displayName': 'Zone', 'value': 56}, 'value': 'Right'}, {'type': {'displayName': 'Angle', 'value': 213}, 'value': '5.87'}, {'type': {'displayName': 'PassEndX', 'value': 140}, 'value': '74.1'}, {'type': {'displayName': 'PassEndY', 'value': 141}, 'value': '20.8'}]",True,,,,,
1901113,SecondHalf,70,14.0,73,Interception,Successful,78,Cagliari,424534.0,Adam Obert,25.9,79.2,,,,,,,"[{'type': {'displayName': 'Zone', 'value': 56}, 'value': 'Back'}]",True,,,,,
1901113,SecondHalf,70,14.0,73,BallRecovery,Successful,78,Cagliari,424534.0,Adam Obert,33.4,79.9,,,,,,,[],False,,,,,
1901113,SecondHalf,70,16.0,73,BallTouch,Unsuccessful,78,Cagliari,424534.0,Adam Obert,36.3,83.5,,,,,,,"[{'type': {'displayName': 'Zone', 'value': 56}, 'value': 'Back'}]",True,,,,,
1901113,SecondHalf,70,21.0,73,Pass,Successful,87,Juventus,343308.0,Teun Koopmeiners,49.9,0.0,45.4,13.6,,,,,"[{'type': {'displayName': 'PassEndX', 'value': 140}, 'value': '45.4'}, {'type': {'displayName': 'Length', 'value': 212}, 'value': '11.6'}, {'type': {'displayName': 'Zone', 'value': 56}, 'value': 'Back'}, {'type': {'displayName': 'Angle', 'value': 213}, 'value': '1.99'}, {'type': {'displayName': 'PassEndY', 'value': 141}, 'value': '13.6'}, {'type': {'displayName': 'ThrowIn', 'value': 107}}]",True,,,,,
1901113,SecondHalf,70,23.0,73,Pass,Successful,87,Juventus,339875.0,Bremer,44.0,25.6,46.9,54.4,,,,,"[{'type': {'displayName': 'PassEndX', 'value': 140}, 'value': '46.9'}, {'type': {'displayName': 'Angle', 'value': 213}, 'value': '1.42'}, {'type': {'displayName': 'Length', 'value': 212}, 'value': '19.8'}, {'type': {'displayName': 'PassEndY', 'value': 141}, 'value': '54.4'}, {'type': {'displayName': 'Zone', 'value': 56}, 'value': 'Back'}]",True,,,,,
1901113,SecondHalf,70,26.0,73,Pass,Successful,87,Juventus,332419.0,Lloyd Kelly,59.1,72.6,65.0,89.5,,,,,"[{'type': {'displayName': 'Length', 'value': 212}, 'value': '13.1'}, {'type': {'displayName': 'Angle', 'value': 213}, 'value': '1.08'}, {'type': {'displayName': 'Zone', 'value': 56}, 'value': 'Left'}, {'type': {'displayName': 'PassEndX', 'value': 140}, 'value': '65.0'}, {'type': {'displayName': 'PassEndY', 'value': 141}, 'value': '89.5'}]",True,,,,,
1901113,SecondHalf,70,31.0,73,Pass,Successful,87,Juventus,423440.0,Andrea Cambiaso,77.3,70.9,73.2,58.6,,,,,"[{'type': {'displayName': 'Zone', 'value': 56}, 'value': 'Center'}, {'type': {'displayName': 'Angle', 'value': 213}, 'value': '4.24'}, {'type': {'displayName': 'PassEndY', 'value': 141}, 'value': '58.6'}, {'type': {'displayName': 'Length', 'value': 212}, 'value': '9.4'}, {'type': {'displayName': 'PassEndX', 'value': 140}, 'value': '73.2'}]",True,,,,,
1901113,SecondHalf,70,33.0,73,Pass,Successful,87,Juventus,338275.0,Weston McKennie,72.4,59.1,79.6,66.7,,,,,"[{'type': {'displayName': 'PassEndX', 'value': 140}, 'value': '79.6'}, {'type': {'displayName': 'Zone', 'value': 56}, 'value': 'Center'}, {'type': {'displayName': 'Length', 'value': 212}, 'value': '9.2'}, {'type': {'displayName': 'Angle', 'value': 213}, 'value': '0.60'}, {'type': {'displayName': 'PassEndY', 'value': 141}, 'value': '66.7'}]",True,,,,,
1901113,SecondHalf,70,35.0,73,Pass,Successful,87,Juventus,383855.0,Jonathan David,81.3,76.6,88.0,96.6,,,,,"[{'type': {'displayName': 'PassEndX', 'value': 140}, 'value': '88.0'}, {'type': {'displayName': 'PassEndY', 'value': 141}, 'value': '96.6'}, {'type': {'displayName': 'Angle', 'value': 213}, 'value': '1.09'}, {'type': {'displayName': 'Length', 'value': 212}, 'value': '15.3'}, {'type': {'displayName': 'Zone', 'value': 56}, 'value': 'Left'}]",True,,,,,
1901113,SecondHalf,70,38.0,73,Pass,Successful,87,Juventus,332419.0,Lloyd Kelly,88.7,96.1,78.5,79.8,,,,,"[{'type': {'displayName': 'Angle', 'value': 213}, 'value': '3.94'}, {'type': {'displayName': 'PassEndY', 'value': 141}, 'value': '79.8'}, {'type': {'displayName': 'PassEndX', 'value': 140}, 'value': '78.5'}, {'type': {'displayName': 'Zone', 'value': 56}, 'value': 'Left'}, {'type': {'displayName': 'Length', 'value': 212}, 'value': '15.4'}]",True,,,,,
1901113,SecondHalf,70,40.0,73,Pass,Successful,87,Juventus,423440.0,Andrea Cambiaso,78.5,79.8,80.4,68.1,,,,,"[{'type': {'displayName': 'Zone', 'value': 56}, 'value': 'Center'}, {'type': {'displayName': 'PassEndX', 'value': 140}, 'value': '80.4'}, {'type': {'displayName': 'PassEndY', 'value': 141}, 'value': '68.1'}, {'type': {'displayName': 'Angle', 'value': 213}, 'value': '4.96'}, {'type': {'displayName': 'Length', 'value': 212}, 'value': '8.2'}]",True,,,,,
1901113,SecondHalf,70,42.0,73,Pass,Successful,87,Juventus,383855.0,Jonathan David,79.8,70.0,75.6,43.6,,,,,"[{'type': {'displayName': 'PassEndX', 'value': 140}, 'value': '75.6'}, {'type': {'displayName': 'Angle', 'value': 213}, 'value': '4.47'}, {'type': {'displayName': 'Length', 'value': 212}, 'value': '18.5'}, {'type': {'displayName': 'PassEndY', 'value': 141}, 'value': '43.6'}, {'type': {'displayName': 'Zone', 'value': 56}, 'value': 'Center'}]",True,,,,,
1901113,SecondHalf,70,44.0,73,Pass,Successful,87,Juventus,343308.0,Teun Koopmeiners,75.6,43.6,74.9,25.0,,,,,"[{'type': {'displayName': 'PassEndY', 'value': 141}, 'value': '25.0'}, {'type': {'displayName': 'Angle', 'value': 213}, 'value': '4.65'}, {'type': {'displayName': 'PassEndX', 'value': 140}, 'value': '74.9'}, {'type': {'displayName': 'Length', 'value': 212}, 'value': '12.7'}, {'type': {'displayName': 'Zone', 'value': 56}, 'value': 'Center'}]",True,,,,,
1901113,SecondHalf,70,49.0,73,Pass,Successful,87,Juventus,363181.0,Edon Zhegrova,77.1,27.6,85.9,23.7,,,,,"[{'type': {'displayName': 'Angle', 'value': 213}, 'value': '6.00'}, {'type': {'displayName': 'Zone', 'value': 56}, 'value': 'Center'}, {'type': {'displayName': 'PassEndX', 'value': 140}, 'value': '85.9'}, {'type': {'displayName': 'PassEndY', 'value': 141}, 'value': '23.7'}, {'type': {'displayName': 'Length', 'value': 212}, 'value': '9.6'}]",True,,,,,
1901113,SecondHalf,70,51.0,73,Pass,Unsuccessful,87,Juventus,391836.0,Pierre Kalulu,86.9,23.9,96.3,47.9,,,,,"[{'type': {'displayName': 'PassEndX', 'value': 140}, 'value': '96.3'}, {'type': {'displayName': 'Cross', 'value': 2}}, {'type': {'displayName': 'Length', 'value': 212}, 'value': '19.1'}, {'type': {'displayName': 'RightFoot', 'value': 20}}, {'type': {'displayName': 'PassEndY', 'value': 141}, 'value': '47.9'}, {'type': {'displayName': 'Chipped', 'value': 155}}, {'type': {'displayName': 'Angle', 'value': 213}, 'value': '1.03'}, {'type': {'displayName': 'OppositeRelatedEvent', 'value': 233}, 'value': '481'}, {'type': {'displayName': 'Zone', 'value': 56}, 'value': 'Center'}]",True,,,,,
1901113,SecondHalf,70,53.0,73,Punch,Unsuccessful,78,Cagliari,362780.0,Elia Caprile,2.4,52.9,16.0,13.2,,,,,"[{'type': {'displayName': 'Length', 'value': 212}, 'value': '30.5'}, {'type': {'displayName': 'Angle', 'value': 213}, 'value': '5.20'}, {'type': {'displayName': 'OppositeRelatedEvent', 'value': 233}, 'value': '796'}, {'type': {'displayName': 'PassEndX', 'value': 140}, 'value': '16.0'}, {'type': {'displayName': 'PassEndY', 'value': 141}, 'value': '13.2'}]",True,,,,,
1901113,SecondHalf,70,55.0,73,Pass,Unsuccessful,87,Juventus,494525.0,Kenan Yildiz,81.8,80.4,94.0,37.9,,,,,"[{'type': {'displayName': 'Chipped', 'value': 155}}, {'type': {'displayName': 'Angle', 'value': 213}, 'value': '5.13'}, {'type': {'displayName': 'PassEndX', 'value': 140}, 'value': '94.0'}, {'type': {'displayName': 'PassEndY', 'value': 141}, 'value': '37.9'}, {'type': {'displayName': 'Length', 'value': 212}, 'value': '31.6'}, {'type': {'displayName': 'Cross', 'value': 2}}, {'type': {'displayName': 'Zone', 'value': 56}, 'value': 'Center'}, {'type': {'displayName': 'RightFoot', 'value': 20}}]",True,,,,,
1901113,SecondHalf,70,58.0,73,Aerial,Successful,78,Cagliari,255292.0,Sebastiano Luperto,6.0,62.1,,,,,,,"[{'type': {'displayName': 'Defensive', 'value': 285}}, {'type': {'displayName': 'OppositeRelatedEvent', 'value': 233}, 'value': '798'}, {'type': {'displayName': 'Zone', 'value': 56}, 'value': 'Back'}]",False,,,,,
1901113,SecondHalf,70,58.0,73,Aerial,Unsuccessful,87,Juventus,363618.0,Loïs Openda,94.0,37.9,,,,,,,"[{'type': {'displayName': 'Zone', 'value': 56}, 'value': 'Center'}, {'type': {'displayName': 'OppositeRelatedEvent', 'value': 233}, 'value': '482'}, {'type': {'displayName': 'Offensive', 'value': 286}}]",False,,,,,
1901113,SecondHalf,70,58.0,73,Clearance,Successful,78,Cagliari,255292.0,Sebastiano Luperto,6.0,62.1,4.5,69.4,,,,,"[{'type': {'displayName': 'PassEndX', 'value': 140}, 'value': '4.5'}, {'type': {'displayName': 'Angle', 'value': 213}, 'value': '1.88'}, {'type': {'displayName': 'Zone', 'value': 56}, 'value': 'Back'}, {'type': {'displayName': 'Head', 'value': 15}}, {'type': {'displayName': 'PassEndY', 'value': 141}, 'value': '69.4'}, {'type': {'displayName': 'Length', 'value': 212}, 'value': '5.2'}]",True,,,,,
1901113,SecondHalf,71,0.0,74,Clearance,Successful,78,Cagliari,532542.0,Riyad Idrissi,4.6,69.1,0.0,79.6,,,,,"[{'type': {'displayName': 'Zone', 'value': 56}, 'value': 'Back'}, {'type': {'displayName': 'Length', 'value': 212}, 'value': '8.7'}, {'type': {'displayName': 'PassEndY', 'value': 141}, 'value': '79.6'}, {'type': {'displayName': 'PassEndX', 'value': 140}, 'value': '0.0'}, {'type': {'displayName': 'Angle', 'value': 213}, 'value': '2.19'}]",True,,,,,
1901113,SecondHalf,71,1.0,74,CornerAwarded,Unsuccessful,78,Cagliari,532542.0,Riyad Idrissi,0.0,77.8,,,,,,,"[{'type': {'displayName': 'OppositeRelatedEvent', 'value': 233}, 'value': '799'}, {'type': {'displayName': 'MissLeft', 'value': 73}}, {'type': {'displayName': 'Zone', 'value': 56}, 'value': 'Back'}]",False,,,,,
1901113,SecondHalf,71,1.0,74,CornerAwarded,Successful,87,Juventus,494525.0,Kenan Yildiz,100.0,22.3,,,,,,,"[{'type': {'displayName': 'OppositeRelatedEvent', 'value': 233}, 'value': '485'}, {'type': {'displayName': 'MissRight', 'value': 75}}, {'type': {'displayName': 'Zone', 'value': 56}, 'value': 'Center'}]",False,,,,,
1901113,SecondHalf,71,24.0,74,Pass,Successful,87,Juventus,363181.0,Edon Zhegrova,99.5,0.5,96.4,69.6,,,,,"[{'type': {'displayName': 'CornerTaken', 'value': 6}}, {'type': {'displayName': 'Zone', 'value': 56}, 'value': 'Center'}, {'type': {'displayName': 'Length', 'value': 212}, 'value': '47.1'}, {'type': {'displayName': 'Angle', 'value': 213}, 'value': '1.64'}, {'type': {'displayName': 'Cross', 'value': 2}}, {'type': {'displayName': 'Longball', 'value': 1}}, {'type': {'displayName': 'PassEndX', 'value': 140}, 'value': '96.4'}, {'type': {'displayName': 'PassEndY', 'value': 141}, 'value': '69.6'}, {'type': {'displayName': 'LeftFoot', 'value': 72}}, {'type': {'displayName': 'Chipped', 'value': 155}}]",True,,,,,
1901113,SecondHalf,71,27.0,74,Pass,Unsuccessful,87,Juventus,363618.0,Loïs Openda,96.7,69.9,97.2,65.2,,,,,"[{'type': {'displayName': 'Zone', 'value': 56}, 'value': 'Center'}, {'type': {'displayName': 'Angle', 'value': 213}, 'value': '4.88'}, {'type': {'displayName': 'Length', 'value': 212}, 'value': '3.2'}, {'type': {'displayName': 'HeadPass', 'value': 3}}, {'type': {'displayName': 'PassEndY', 'value': 141}, 'value': '65.2'}, {'type': {'displayName': 'PassEndX', 'value': 140}, 'value': '97.2'}]",True,,,,,
1901113,SecondHalf,71,28.0,74,BallTouch,Successful,78,Cagliari,141269.0,Luca Mazzitelli,3.9,32.5,,,,,,,"[{'type': {'displayName': 'Zone', 'value': 56}, 'value': 'Back'}]",True,,,,,
1901113,SecondHalf,71,28.0,74,CornerAwarded,Unsuccessful,78,Cagliari,141269.0,Luca Mazzitelli,0.0,26.6,,,,,,,"[{'type': {'displayName': 'OppositeRelatedEvent', 'value': 233}, 'value': '803'}, {'type': {'displayName': 'Zone', 'value': 56}, 'value': 'Back'}, {'type': {'displayName': 'MissLeft', 'value': 73}}]",False,,,,,
1901113,SecondHalf,71,28.0,74,CornerAwarded,Successful,87,Juventus,363618.0,Loïs Openda,100.0,73.4,,,,,,,"[{'type': {'displayName': 'Zone', 'value': 56}, 'value': 'Center'}, {'type': {'displayName': 'MissLeft', 'value': 73}}, {'type': {'displayName': 'OppositeRelatedEvent', 'value': 233}, 'value': '487'}]",False,,,,,
1901113,SecondHalf,71,55.0,74,Pass,Successful,87,Juventus,494525.0,Kenan Yildiz,99.5,99.5,96.7,96.4,,,,,"[{'type': {'displayName': 'PassEndY', 'value': 141}, 'value': '96.4'}, {'type': {'displayName': 'CornerTaken', 'value': 6}}, {'type': {'displayName': 'Length', 'value': 212}, 'value': '3.6'}, {'type': {'displayName': 'Angle', 'value': 213}, 'value': '3.76'}, {'type': {'displayName': 'Zone', 'value': 56}, 'value': 'Left'}, {'type': {'displayName': 'PassEndX', 'value': 140}, 'value': '96.7'}]",True,,,,,
1901113,SecondHalf,71,56.0,74,Pass,Successful,87,Juventus,363181.0,Edon Zhegrova,96.0,94.5,88.5,92.8,,,,,"[{'type': {'displayName': 'Length', 'value': 212}, 'value': '8.0'}, {'type': {'displayName': 'Angle', 'value': 213}, 'value': '3.29'}, {'type': {'displayName': 'Zone', 'value': 56}, 'value': 'Left'}, {'type': {'displayName': 'PassEndX', 'value': 140}, 'value': '88.5'}, {'type': {'displayName': 'PassEndY', 'value': 141}, 'value': '92.8'}]",True,,,,,
1901113,SecondHalf,71,58.0,74,Pass,Successful,87,Juventus,494525.0,Kenan Yildiz,87.1,92.8,72.8,62.1,,,,,"[{'type': {'displayName': 'PassEndY', 'value': 141}, 'value': '62.1'}, {'type': {'displayName': 'Length', 'value': 212}, 'value': '25.7'}, {'type': {'displayName': 'Angle', 'value': 213}, 'value': '4.09'}, {'type': {'displayName': 'PassEndX', 'value': 140}, 'value': '72.8'}, {'type': {'displayName': 'Zone', 'value': 56}, 'value': 'Center'}]",True,,,,,
1901113,SecondHalf,72,2.0,75,Pass,Successful,87,Juventus,391836.0,Pierre Kalulu,70.0,60.4,90.5,40.5,,,,,"[{'type': {'displayName': 'Chipped', 'value': 155}}, {'type': {'displayName': 'Length', 'value': 212}, 'value': '25.4'}, {'type': {'displayName': 'Angle', 'value': 213}, 'value': '5.72'}, {'type': {'displayName': 'PassEndX', 'value': 140}, 'value': '90.5'}, {'type': {'displayName': 'PassEndY', 'value': 141}, 'value': '40.5'}, {'type': {'displayName': 'Zone', 'value': 56}, 'value': 'Center'}]",True,,,,,
1901113,SecondHalf,72,4.0,75,Aerial,Successful,87,Juventus,339875.0,Bremer,90.5,40.5,,,,,,,"[{'type': {'displayName': 'Offensive', 'value': 286}}, {'type': {'displayName': 'Zone', 'value': 56}, 'value': 'Center'}, {'type': {'displayName': 'OppositeRelatedEvent', 'value': 233}, 'value': '488'}]",False,,,,,
1901113,SecondHalf,72,4.0,75,Aerial,Unsuccessful,78,Cagliari,255292.0,Sebastiano Luperto,9.5,59.5,,,,,,,"[{'type': {'displayName': 'Defensive', 'value': 285}}, {'type': {'displayName': 'OppositeRelatedEvent', 'value': 233}, 'value': '810'}, {'type': {'displayName': 'Zone', 'value': 56}, 'value': 'Back'}]",False,,,,,
1901113,SecondHalf,72,5.0,75,Pass,Unsuccessful,87,Juventus,339875.0,Bremer,90.5,40.5,96.0,49.8,,,,,"[{'type': {'displayName': 'Zone', 'value': 56}, 'value': 'Center'}, {'type': {'displayName': 'PassEndX', 'value': 140}, 'value': '96.0'}, {'type': {'displayName': 'PassEndY', 'value': 141}, 'value': '49.8'}, {'type': {'displayName': 'Length', 'value': 212}, 'value': '8.6'}, {'type': {'displayName': 'HeadPass', 'value': 3}}, {'type': {'displayName': 'Angle', 'value': 213}, 'value': '0.83'}]",True,,,,,
1901113,SecondHalf,72,6.0,75,Aerial,Successful,78,Cagliari,318432.0,Yerry Mina,4.0,50.2,,,,,,,"[{'type': {'displayName': 'Defensive', 'value': 285}}, {'type': {'displayName': 'Zone', 'value': 56}, 'value': 'Back'}, {'type': {'displayName': 'OppositeRelatedEvent', 'value': 233}, 'value': '812'}]",False,,,,,
1901113,SecondHalf,72,6.0,75,Aerial,Unsuccessful,87,Juventus,383855.0,Jonathan David,96.0,49.8,,,,,,,"[{'type': {'displayName': 'Zone', 'value': 56}, 'value': 'Center'}, {'type': {'displayName': 'OppositeRelatedEvent', 'value': 233}, 'value': '489'}, {'type': {'displayName': 'Offensive', 'value': 286}}]",False,,,,,
1901113,SecondHalf,72,6.0,75,Clearance,Successful,78,Cagliari,318432.0,Yerry Mina,4.0,50.2,1.6,43.8,,,,,"[{'type': {'displayName': 'PassEndY', 'value': 141}, 'value': '43.8'}, {'type': {'displayName': 'Zone', 'value': 56}, 'value': 'Back'}, {'type': {'displayName': 'Head', 'value': 15}}, {'type': {'displayName': 'Length', 'value': 212}, 'value': '5.0'}, {'type': {'displayName': 'Angle', 'value': 213}, 'value': '4.19'}, {'type': {'displayName': 'PassEndX', 'value': 140}, 'value': '1.6'}]",True,,,,,
1901113,SecondHalf,72,8.0,75,Pass,Successful,87,Juventus,339875.0,Bremer,97.6,59.7,96.8,51.9,,,,,"[{'type': {'displayName': 'ShotAssist', 'value': 210}, 'value': '13'}, {'type': {'displayName': 'Angle', 'value': 213}, 'value': '4.56'}, {'type': {'displayName': 'PassEndY', 'value': 141}, 'value': '51.9'}, {'type': {'displayName': 'Chipped', 'value': 155}}, {'type': {'displayName': 'PassEndX', 'value': 140}, 'value': '96.8'}, {'type': {'displayName': 'Zone', 'value': 56}, 'value': 'Center'}, {'type': {'displayName': 'Length', 'value': 212}, 'value': '5.4'}, {'type': {'displayName': 'IntentionalAssist', 'value': 154}}, {'type': {'displayName': 'KeyPass', 'value': 11113}}]",True,,,,,
1901113,SecondHalf,72,9.0,75,MissedShots,Successful,87,Juventus,383855.0,Jonathan David,96.8,51.9,,,39.5,23.6,99.1,43.0,"[{'type': {'displayName': 'Assisted', 'value': 29}}, {'type': {'displayName': 'GoalMouthZ', 'value': 103}, 'value': '23.6'}, {'type': {'displayName': 'BlockedX', 'value': 146}, 'value': '99.1'}, {'type': {'displayName': 'Zone', 'value': 56}, 'value': 'Center'}, {'type': {'displayName': 'RelatedEventId', 'value': 55}, 'value': '814'}, {'type': {'displayName': 'IntentionalAssist', 'value': 154}}, {'type': {'displayName': 'FirstTouch', 'value': 328}}, {'type': {'displayName': 'GoalMouthY', 'value': 102}, 'value': '39.5'}, {'type': {'displayName': 'BlockedY', 'value': 147}, 'value': '43.0'}, {'type': {'displayName': 'FromCorner', 'value': 25}}, {'type': {'displayName': 'Head', 'value': 15}}, {'type': {'displayName': 'MissRight', 'value': 75}}, {'type': {'displayName': 'SmallBoxCentre', 'value': 16}}]",True,True,,,814.0,339875.0
1901113,SecondHalf,72,12.0,75,Clearance,Successful,78,Cagliari,141269.0,Luca Mazzitelli,3.2,57.9,29.8,62.8,,,,,"[{'type': {'displayName': 'PassEndY', 'value': 141}, 'value': '62.8'}, {'type': {'displayName': 'PassEndX', 'value': 140}, 'value': '29.8'}, {'type': {'displayName': 'Length', 'value': 212}, 'value': '28.1'}, {'type': {'displayName': 'Angle', 'value': 213}, 'value': '0.12'}, {'type': {'displayName': 'Zone', 'value': 56}, 'value': 'Back'}]",True,,,,,
1901113,SecondHalf,72,14.0,75,BallTouch,Unsuccessful,78,Cagliari,532542.0,Riyad Idrissi,29.9,62.8,,,,,,,"[{'type': {'displayName': 'Zone', 'value': 56}, 'value': 'Back'}]",True,,,,,
1901113,SecondHalf,72,18.0,75,Pass,Successful,87,Juventus,423440.0,Andrea Cambiaso,55.1,50.5,66.7,37.5,,,,,"[{'type': {'displayName': 'PassEndY', 'value': 141}, 'value': '37.5'}, {'type': {'displayName': 'Angle', 'value': 213}, 'value': '5.66'}, {'type': {'displayName': 'Zone', 'value': 56}, 'value': 'Center'}, {'type': {'displayName': 'Length', 'value': 212}, 'value': '15.0'}, {'type': {'displayName': 'PassEndX', 'value': 140}, 'value': '66.7'}]",True,,,,,
1901113,SecondHalf,72,21.0,75,Pass,Successful,87,Juventus,343308.0,Teun Koopmeiners,65.2,35.8,69.1,4.5,,,,,"[{'type': {'displayName': 'Zone', 'value': 56}, 'value': 'Right'}, {'type': {'displayName': 'PassEndX', 'value': 140}, 'value': '69.1'}, {'type': {'displayName': 'Angle', 'value': 213}, 'value': '4.90'}, {'type': {'displayName': 'Length', 'value': 212}, 'value': '21.7'}, {'type': {'displayName': 'PassEndY', 'value': 141}, 'value': '4.5'}]",True,,,,,
1901113,SecondHalf,72,25.0,75,Pass,Successful,87,Juventus,363181.0,Edon Zhegrova,71.2,9.4,65.6,19.8,,,,,"[{'type': {'displayName': 'Angle', 'value': 213}, 'value': '2.26'}, {'type': {'displayName': 'Zone', 'value': 56}, 'value': 'Right'}, {'type': {'displayName': 'PassEndX', 'value': 140}, 'value': '65.6'}, {'type': {'displayName': 'Length', 'value': 212}, 'value': '9.2'}, {'type': {'displayName': 'PassEndY', 'value': 141}, 'value': '19.8'}]",True,,,,,
1901113,SecondHalf,72,27.0,75,Pass,Successful,87,Juventus,338275.0,Weston McKennie,65.4,23.4,67.0,42.7,,,,,"[{'type': {'displayName': 'PassEndY', 'value': 141}, 'value': '42.7'}, {'type': {'displayName': 'PassEndX', 'value': 140}, 'value': '67.0'}, {'type': {'displayName': 'Angle', 'value': 213}, 'value': '1.44'}, {'type': {'displayName': 'Zone', 'value': 56}, 'value': 'Center'}, {'type': {'displayName': 'Length', 'value': 212}, 'value': '13.2'}]",True,,,,,
1901113,SecondHalf,72,29.0,75,Pass,Successful,87,Juventus,343308.0,Teun Koopmeiners,65.3,48.4,77.6,88.2,,,,,"[{'type': {'displayName': 'PassEndX', 'value': 140}, 'value': '77.6'}, {'type': {'displayName': 'Zone', 'value': 56}, 'value': 'Left'}, {'type': {'displayName': 'Angle', 'value': 213}, 'value': '1.13'}, {'type': {'displayName': 'Length', 'value': 212}, 'value': '30.0'}, {'type': {'displayName': 'PassEndY', 'value': 141}, 'value': '88.2'}]",True,,,,,
1901113,SecondHalf,72,31.0,75,Pass,Successful,87,Juventus,332419.0,Lloyd Kelly,79.0,88.6,73.0,81.1,,,,,"[{'type': {'displayName': 'Angle', 'value': 213}, 'value': '3.82'}, {'type': {'displayName': 'PassEndX', 'value': 140}, 'value': '73.0'}, {'type': {'displayName': 'PassEndY', 'value': 141}, 'value': '81.1'}, {'type': {'displayName': 'Zone', 'value': 56}, 'value': 'Left'}, {'type': {'displayName': 'Length', 'value': 212}, 'value': '8.1'}]",True,,,,,
1901113,SecondHalf,72,34.0,75,Pass,Successful,87,Juventus,423440.0,Andrea Cambiaso,72.3,82.5,80.4,91.0,,,,,"[{'type': {'displayName': 'Angle', 'value': 213}, 'value': '0.60'}, {'type': {'displayName': 'Zone', 'value': 56}, 'value': 'Left'}, {'type': {'displayName': 'PassEndY', 'value': 141}, 'value': '91.0'}, {'type': {'displayName': 'PassEndX', 'value': 140}, 'value': '80.4'}, {'type': {'displayName': 'Length', 'value': 212}, 'value': '10.3'}]",True,,,,,
1901113,SecondHalf,72,35.0,75,Pass,Successful,87,Juventus,494525.0,Kenan Yildiz,80.4,91.0,85.5,69.4,,,,,"[{'type': {'displayName': 'Angle', 'value': 213}, 'value': '5.06'}, {'type': {'displayName': 'Zone', 'value': 56}, 'value': 'Center'}, {'type': {'displayName': 'Length', 'value': 212}, 'value': '15.6'}, {'type': {'displayName': 'PassEndX', 'value': 140}, 'value': '85.5'}, {'type': {'displayName': 'PassEndY', 'value': 141}, 'value': '69.4'}]",True,,,,,
1901113,SecondHalf,72,37.0,75,Pass,Unsuccessful,87,Juventus,338275.0,Weston McKennie,85.8,71.2,82.7,81.6,,,,,"[{'type': {'displayName': 'Length', 'value': 212}, 'value': '7.8'}, {'type': {'displayName': 'Angle', 'value': 213}, 'value': '2.00'}, {'type': {'displayName': 'PassEndX', 'value': 140}, 'value': '82.7'}, {'type': {'displayName': 'PassEndY', 'value': 141}, 'value': '81.6'}, {'type': {'displayName': 'Zone', 'value': 56}, 'value': 'Left'}]",True,,,,,
1901113,SecondHalf,72,39.0,75,BallRecovery,Successful,78,Cagliari,356176.0,Michel Adopo,22.3,8.5,,,,,,,[],False,,,,,
1901113,SecondHalf,72,39.0,75,Pass,Successful,78,Cagliari,356176.0,Michel Adopo,16.0,9.9,12.6,18.7,,,,,"[{'type': {'displayName': 'Angle', 'value': 213}, 'value': '2.11'}, {'type': {'displayName': 'Zone', 'value': 56}, 'value': 'Back'}, {'type': {'displayName': 'Length', 'value': 212}, 'value': '7.0'}, {'type': {'displayName': 'PassEndX', 'value': 140}, 'value': '12.6'}, {'type': {'displayName': 'PassEndY', 'value': 141}, 'value': '18.7'}]",True,,,,,
1901113,SecondHalf,72,41.0,75,Pass,Unsuccessful,78,Cagliari,450142.0,Zé Pedro,11.8,18.0,69.5,22.9,,,,,"[{'type': {'displayName': 'Length', 'value': 212}, 'value': '60.7'}, {'type': {'displayName': 'PassEndY', 'value': 141}, 'value': '22.9'}, {'type': {'displayName': 'PassEndX', 'value': 140}, 'value': '69.5'}, {'type': {'displayName': 'Zone', 'value': 56}, 'value': 'Center'}, {'type': {'displayName': 'Longball', 'value': 1}}, {'type': {'displayName': 'Angle', 'value': 213}, 'value': '0.05'}]",True,,,,,
1901113,SecondHalf,72,47.0,75,BallRecovery,Successful,87,Juventus,391836.0,Pierre Kalulu,30.9,79.9,,,,,,,[],False,,,,,
1901113,SecondHalf,72,48.0,75,Pass,Successful,87,Juventus,391836.0,Pierre Kalulu,33.5,70.8,46.7,36.4,,,,,"[{'type': {'displayName': 'PassEndX', 'value': 140}, 'value': '46.7'}, {'type': {'displayName': 'Zone', 'value': 56}, 'value': 'Back'}, {'type': {'displayName': 'Angle', 'value': 213}, 'value': '5.25'}, {'type': {'displayName': 'Length', 'value': 212}, 'value': '27.2'}, {'type': {'displayName': 'PassEndY', 'value': 141}, 'value': '36.4'}]",True,,,,,
1901113,SecondHalf,72,54.0,75,Pass,Successful,87,Juventus,339875.0,Bremer,48.7,39.7,54.2,67.3,,,,,"[{'type': {'displayName': 'PassEndY', 'value': 141}, 'value': '67.3'}, {'type': {'displayName': 'PassEndX', 'value': 140}, 'value': '54.2'}, {'type': {'displayName': 'Length', 'value': 212}, 'value': '19.6'}, {'type': {'displayName': 'Zone', 'value': 56}, 'value': 'Center'}, {'type': {'displayName': 'Angle', 'value': 213}, 'value': '1.27'}]",True,,,,,
1901113,SecondHalf,72,57.0,75,Pass,Successful,87,Juventus,343308.0,Teun Koopmeiners,54.6,67.8,72.8,81.7,,,,,"[{'type': {'displayName': 'Zone', 'value': 56}, 'value': 'Left'}, {'type': {'displayName': 'Angle', 'value': 213}, 'value': '0.46'}, {'type': {'displayName': 'PassEndY', 'value': 141}, 'value': '81.7'}, {'type': {'displayName': 'Length', 'value': 212}, 'value': '21.3'}, {'type': {'displayName': 'PassEndX', 'value': 140}, 'value': '72.8'}]",True,,,,,
1901113,SecondHalf,72,58.0,75,Pass,Successful,87,Juventus,423440.0,Andrea Cambiaso,71.6,82.3,76.8,80.5,,,,,"[{'type': {'displayName': 'Length', 'value': 212}, 'value': '5.6'}, {'type': {'displayName': 'Angle', 'value': 213}, 'value': '6.06'}, {'type': {'displayName': 'Zone', 'value': 56}, 'value': 'Left'}, {'type': {'displayName': 'PassEndX', 'value': 140}, 'value': '76.8'}, {'type': {'displayName': 'PassEndY', 'value': 141}, 'value': '80.5'}]",True,,,,,
1901113,SecondHalf,73,0.0,76,Pass,Successful,87,Juventus,494525.0,Kenan Yildiz,76.8,81.9,74.1,97.6,,,,,"[{'type': {'displayName': 'Length', 'value': 212}, 'value': '11.0'}, {'type': {'displayName': 'Angle', 'value': 213}, 'value': '1.83'}, {'type': {'displayName': 'Zone', 'value': 56}, 'value': 'Left'}, {'type': {'displayName': 'PassEndY', 'value': 141}, 'value': '97.6'}, {'type': {'displayName': 'PassEndX', 'value': 140}, 'value': '74.1'}]",True,,,,,
1901113,SecondHalf,73,2.0,76,BallTouch,Unsuccessful,87,Juventus,332419.0,Lloyd Kelly,74.6,97.6,,,,,,,"[{'type': {'displayName': 'Zone', 'value': 56}, 'value': 'Left'}]",True,,,,,
1901113,SecondHalf,73,31.0,76,Pass,Unsuccessful,78,Cagliari,450142.0,Zé Pedro,40.9,0.0,63.4,10.9,,,,,"[{'type': {'displayName': 'Longball', 'value': 1}}, {'type': {'displayName': 'PassEndX', 'value': 140}, 'value': '63.4'}, {'type': {'displayName': 'Zone', 'value': 56}, 'value': 'Right'}, {'type': {'displayName': 'Length', 'value': 212}, 'value': '25.0'}, {'type': {'displayName': 'ThrowIn', 'value': 107}}, {'type': {'displayName': 'PassEndY', 'value': 141}, 'value': '10.9'}, {'type': {'displayName': 'Angle', 'value': 213}, 'value': '0.34'}]",True,,,,,
1901113,SecondHalf,73,32.0,76,Pass,Successful,87,Juventus,343308.0,Teun Koopmeiners,33.1,87.7,53.7,75.4,,,,,"[{'type': {'displayName': 'Zone', 'value': 56}, 'value': 'Center'}, {'type': {'displayName': 'Angle', 'value': 213}, 'value': '5.91'}, {'type': {'displayName': 'HeadPass', 'value': 3}}, {'type': {'displayName': 'Length', 'value': 212}, 'value': '23.2'}, {'type': {'displayName': 'PassEndY', 'value': 141}, 'value': '75.4'}, {'type': {'displayName': 'PassEndX', 'value': 140}, 'value': '53.7'}]",True,,,,,
1901113,SecondHalf,73,34.0,76,Foul,Successful,87,Juventus,383855.0,Jonathan David,53.1,77.0,,,,,,,"[{'type': {'displayName': 'Foul', 'value': 13}}, {'type': {'displayName': 'Offensive', 'value': 286}}, {'type': {'displayName': 'OppositeRelatedEvent', 'value': 233}, 'value': '497'}, {'type': {'displayName': 'Zone', 'value': 56}, 'value': 'Center'}]",True,,,,,
1901113,SecondHalf,73,34.0,76,Foul,Unsuccessful,78,Cagliari,318432.0,Yerry Mina,46.9,23.0,,,,,,,"[{'type': {'displayName': 'Zone', 'value': 56}, 'value': 'Back'}, {'type': {'displayName': 'Foul', 'value': 13}}, {'type': {'displayName': 'Defensive', 'value': 285}}, {'type': {'displayName': 'OppositeRelatedEvent', 'value': 233}, 'value': '837'}]",False,,,,,
1901113,SecondHalf,73,39.0,76,Pass,Successful,87,Juventus,423440.0,Andrea Cambiaso,34.8,74.5,33.6,47.2,,,,,"[{'type': {'displayName': 'FreekickTaken', 'value': 5}}, {'type': {'displayName': 'PassEndX', 'value': 140}, 'value': '33.6'}, {'type': {'displayName': 'Angle', 'value': 213}, 'value': '4.64'}, {'type': {'displayName': 'PassEndY', 'value': 141}, 'value': '47.2'}, {'type': {'displayName': 'Length', 'value': 212}, 'value': '18.6'}, {'type': {'displayName': 'Zone', 'value': 56}, 'value': 'Back'}]",True,,,,,
1901113,SecondHalf,73,45.0,76,Pass,Successful,87,Juventus,339875.0,Bremer,54.7,32.7,68.9,22.0,,,,,"[{'type': {'displayName': 'Angle', 'value': 213}, 'value': '5.83'}, {'type': {'displayName': 'Length', 'value': 212}, 'value': '16.6'}, {'type': {'displayName': 'PassEndX', 'value': 140}, 'value': '68.9'}, {'type': {'displayName': 'PassEndY', 'value': 141}, 'value': '22.0'}, {'type': {'displayName': 'Zone', 'value': 56}, 'value': 'Center'}]",True,,,,,
1901113,SecondHalf,73,47.0,76,Pass,Successful,87,Juventus,363181.0,Edon Zhegrova,68.1,21.0,61.7,5.4,,,,,"[{'type': {'displayName': 'PassEndY', 'value': 141}, 'value': '5.4'}, {'type': {'displayName': 'Zone', 'value': 56}, 'value': 'Right'}, {'type': {'displayName': 'Length', 'value': 212}, 'value': '12.6'}, {'type': {'displayName': 'Angle', 'value': 213}, 'value': '4.15'}, {'type': {'displayName': 'PassEndX', 'value': 140}, 'value': '61.7'}]",True,,,,,
1901113,SecondHalf,73,48.0,76,Pass,Successful,87,Juventus,391836.0,Pierre Kalulu,61.2,6.4,53.6,23.2,,,,,"[{'type': {'displayName': 'PassEndY', 'value': 141}, 'value': '23.2'}, {'type': {'displayName': 'Length', 'value': 212}, 'value': '13.9'}, {'type': {'displayName': 'Zone', 'value': 56}, 'value': 'Center'}, {'type': {'displayName': 'Angle', 'value': 213}, 'value': '2.18'}, {'type': {'displayName': 'PassEndX', 'value': 140}, 'value': '53.6'}]",True,,,,,
1901113,SecondHalf,73,53.0,76,Pass,Successful,87,Juventus,339875.0,Bremer,57.7,32.5,53.6,61.5,,,,,"[{'type': {'displayName': 'PassEndX', 'value': 140}, 'value': '53.6'}, {'type': {'displayName': 'PassEndY', 'value': 141}, 'value': '61.5'}, {'type': {'displayName': 'Angle', 'value': 213}, 'value': '1.79'}, {'type': {'displayName': 'Length', 'value': 212}, 'value': '20.2'}, {'type': {'displayName': 'Zone', 'value': 56}, 'value': 'Center'}]",True,,,,,
1901113,SecondHalf,73,55.0,76,Pass,Successful,87,Juventus,332419.0,Lloyd Kelly,55.1,65.1,69.0,83.8,,,,,"[{'type': {'displayName': 'Length', 'value': 212}, 'value': '19.4'}, {'type': {'displayName': 'Angle', 'value': 213}, 'value': '0.72'}, {'type': {'displayName': 'Zone', 'value': 56}, 'value': 'Left'}, {'type': {'displayName': 'PassEndX', 'value': 140}, 'value': '69.0'}, {'type': {'displayName': 'PassEndY', 'value': 141}, 'value': '83.8'}]",True,,,,,
1901113,SecondHalf,74,2.0,77,Pass,Successful,87,Juventus,423440.0,Andrea Cambiaso,71.5,73.6,70.5,56.4,,,,,"[{'type': {'displayName': 'Length', 'value': 212}, 'value': '11.7'}, {'type': {'displayName': 'PassEndY', 'value': 141}, 'value': '56.4'}, {'type': {'displayName': 'Zone', 'value': 56}, 'value': 'Center'}, {'type': {'displayName': 'PassEndX', 'value': 140}, 'value': '70.5'}, {'type': {'displayName': 'Angle', 'value': 213}, 'value': '4.62'}]",True,,,,,
1901113,SecondHalf,74,3.0,77,Pass,Successful,87,Juventus,343308.0,Teun Koopmeiners,71.0,55.6,71.7,30.1,,,,,"[{'type': {'displayName': 'Length', 'value': 212}, 'value': '17.4'}, {'type': {'displayName': 'PassEndY', 'value': 141}, 'value': '30.1'}, {'type': {'displayName': 'PassEndX', 'value': 140}, 'value': '71.7'}, {'type': {'displayName': 'Zone', 'value': 56}, 'value': 'Center'}, {'type': {'displayName': 'Angle', 'value': 213}, 'value': '4.75'}]",True,,,,,
1901113,SecondHalf,74,6.0,77,Pass,Successful,87,Juventus,391836.0,Pierre Kalulu,70.2,28.2,76.4,5.2,,,,,"[{'type': {'displayName': 'PassEndX', 'value': 140}, 'value': '76.4'}, {'type': {'displayName': 'PassEndY', 'value': 141}, 'value': '5.2'}, {'type': {'displayName': 'Angle', 'value': 213}, 'value': '5.11'}, {'type': {'displayName': 'Length', 'value': 212}, 'value': '16.9'}, {'type': {'displayName': 'Zone', 'value': 56}, 'value': 'Right'}]",True,,,,,
1901113,SecondHalf,74,10.0,77,Pass,Successful,87,Juventus,363181.0,Edon Zhegrova,78.9,10.0,74.1,25.9,,,,,"[{'type': {'displayName': 'Zone', 'value': 56}, 'value': 'Center'}, {'type': {'displayName': 'Length', 'value': 212}, 'value': '11.9'}, {'type': {'displayName': 'Angle', 'value': 213}, 'value': '2.01'}, {'type': {'displayName': 'PassEndY', 'value': 141}, 'value': '25.9'}, {'type': {'displayName': 'PassEndX', 'value': 140}, 'value': '74.1'}]",True,,,,,
1901113,SecondHalf,74,12.0,77,Pass,Successful,87,Juventus,391836.0,Pierre Kalulu,74.1,25.5,80.3,11.1,,,,,"[{'type': {'displayName': 'Length', 'value': 212}, 'value': '11.8'}, {'type': {'displayName': 'Angle', 'value': 213}, 'value': '5.30'}, {'type': {'displayName': 'Zone', 'value': 56}, 'value': 'Right'}, {'type': {'displayName': 'PassEndX', 'value': 140}, 'value': '80.3'}, {'type': {'displayName': 'PassEndY', 'value': 141}, 'value': '11.1'}]",True,,,,,
1901113,SecondHalf,74,18.0,77,Challenge,Unsuccessful,78,Cagliari,532542.0,Riyad Idrissi,9.9,78.4,,,,,,,"[{'type': {'displayName': 'Defensive', 'value': 285}}, {'type': {'displayName': 'OppositeRelatedEvent', 'value': 233}, 'value': '849'}, {'type': {'displayName': 'Zone', 'value': 56}, 'value': 'Back'}]",False,,,,,
1901113,SecondHalf,74,18.0,77,TakeOn,Successful,87,Juventus,363181.0,Edon Zhegrova,90.1,21.6,,,,,,,"[{'type': {'displayName': 'Offensive', 'value': 286}}, {'type': {'displayName': 'OppositeRelatedEvent', 'value': 233}, 'value': '498'}, {'type': {'displayName': 'Zone', 'value': 56}, 'value': 'Center'}]",True,,,,,
1901113,SecondHalf,74,20.0,77,Pass,Unsuccessful,87,Juventus,363181.0,Edon Zhegrova,97.6,30.3,98.3,33.1,,,,,"[{'type': {'displayName': 'PassEndX', 'value': 140}, 'value': '98.3'}, {'type': {'displayName': 'Zone', 'value': 56}, 'value': 'Center'}, {'type': {'displayName': 'Angle', 'value': 213}, 'value': '1.20'}, {'type': {'displayName': 'Length', 'value': 212}, 'value': '2.0'}, {'type': {'displayName': 'PassEndY', 'value': 141}, 'value': '33.1'}, {'type': {'displayName': 'Offensive', 'value': 286}}, {'type': {'displayName': 'OppositeRelatedEvent', 'value': 233}, 'value': '499'}]",True,,,,,
1901113,SecondHalf,74,20.0,77,BlockedPass,Successful,78,Cagliari,141269.0,Luca Mazzitelli,1.7,66.9,,,,,,,"[{'type': {'displayName': 'Defensive', 'value': 285}}, {'type': {'displayName': 'OppositeRelatedEvent', 'value': 233}, 'value': '850'}, {'type': {'displayName': 'Zone', 'value': 56}, 'value': 'Back'}]",True,,,,,
1901113,SecondHalf,74,23.0,77,BallRecovery,Successful,78,Cagliari,532542.0,Riyad Idrissi,5.6,82.5,,,,,,,[],False,,,,,
1901113,SecondHalf,74,24.0,77,Pass,Successful,78,Cagliari,532542.0,Riyad Idrissi,4.2,83.7,2.8,77.5,,,,,"[{'type': {'displayName': 'Angle', 'value': 213}, 'value': '4.38'}, {'type': {'displayName': 'Zone', 'value': 56}, 'value': 'Back'}, {'type': {'displayName': 'PassEndX', 'value': 140}, 'value': '2.8'}, {'type': {'displayName': 'PassEndY', 'value': 141}, 'value': '77.5'}, {'type': {'displayName': 'Length', 'value': 212}, 'value': '4.5'}]",True,,,,,
1901113,SecondHalf,74,25.0,77,Pass,Unsuccessful,78,Cagliari,141269.0,Luca Mazzitelli,2.7,77.1,35.2,92.5,,,,,"[{'type': {'displayName': 'Length', 'value': 212}, 'value': '35.7'}, {'type': {'displayName': 'PassEndY', 'value': 141}, 'value': '92.5'}, {'type': {'displayName': 'PassEndX', 'value': 140}, 'value': '35.2'}, {'type': {'displayName': 'Zone', 'value': 56}, 'value': 'Back'}, {'type': {'displayName': 'Longball', 'value': 1}}, {'type': {'displayName': 'Angle', 'value': 213}, 'value': '0.30'}]",True,,,,,
1901113,SecondHalf,74,28.0,77,Interception,Successful,87,Juventus,343308.0,Teun Koopmeiners,64.8,7.5,,,,,,,"[{'type': {'displayName': 'Zone', 'value': 56}, 'value': 'Right'}]",True,,,,,
1901113,SecondHalf,74,48.0,77,Pass,Successful,78,Cagliari,424534.0,Adam Obert,32.2,100.0,45.4,91.9,,,,,"[{'type': {'displayName': 'PassEndY', 'value': 141}, 'value': '91.9'}, {'type': {'displayName': 'Zone', 'value': 56}, 'value': 'Back'}, {'type': {'displayName': 'PassEndX', 'value': 140}, 'value': '45.4'}, {'type': {'displayName': 'Length', 'value': 212}, 'value': '15.3'}, {'type': {'displayName': 'ThrowIn', 'value': 107}}, {'type': {'displayName': 'Angle', 'value': 213}, 'value': '5.85'}]",True,,,,,
1901113,SecondHalf,74,52.0,77,Dispossessed,Successful,78,Cagliari,447445.0,Gennaro Borrelli,45.1,93.6,,,,,,,"[{'type': {'displayName': 'Offensive', 'value': 286}}, {'type': {'displayName': 'OppositeRelatedEvent', 'value': 233}, 'value': '855'}, {'type': {'displayName': 'Zone', 'value': 56}, 'value': 'Back'}]",True,,,,,
1901113,SecondHalf,74,52.0,77,Tackle,Successful,87,Juventus,339875.0,Bremer,54.9,6.4,,,,,,,"[{'type': {'displayName': 'Defensive', 'value': 285}}, {'type': {'displayName': 'StandingSave', 'value': 178}}, {'type': {'displayName': 'OppositeRelatedEvent', 'value': 233}, 'value': '505'}, {'type': {'displayName': 'Zone', 'value': 56}, 'value': 'Right'}]",True,,,,,
1901113,SecondHalf,74,55.0,77,Foul,Successful,87,Juventus,339875.0,Bremer,46.2,7.8,,,,,,,"[{'type': {'displayName': 'Foul', 'value': 13}}, {'type': {'displayName': 'Offensive', 'value': 286}}, {'type': {'displayName': 'OppositeRelatedEvent', 'value': 233}, 'value': '506'}, {'type': {'displayName': 'Zone', 'value': 56}, 'value': 'Back'}]",True,,,,,
1901113,SecondHalf,74,55.0,77,Foul,Unsuccessful,78,Cagliari,447445.0,Gennaro Borrelli,53.8,92.2,,,,,,,"[{'type': {'displayName': 'Zone', 'value': 56}, 'value': 'Left'}, {'type': {'displayName': 'OppositeRelatedEvent', 'value': 233}, 'value': '856'}, {'type': {'displayName': 'Defensive', 'value': 285}}, {'type': {'displayName': 'Foul', 'value': 13}}]",False,,,,,
1901113,SecondHalf,74,58.0,77,Pass,Successful,87,Juventus,339875.0,Bremer,46.7,11.4,38.5,35.7,,,,,"[{'type': {'displayName': 'FreekickTaken', 'value': 5}}, {'type': {'displayName': 'Zone', 'value': 56}, 'value': 'Back'}, {'type': {'displayName': 'PassEndY', 'value': 141}, 'value': '35.7'}, {'type': {'displayName': 'Angle', 'value': 213}, 'value': '2.05'}, {'type': {'displayName': 'PassEndX', 'value': 140}, 'value': '38.5'}, {'type': {'displayName': 'Length', 'value': 212}, 'value': '18.6'}]",True,,,,,
1901113,SecondHalf,75,4.0,78,Pass,Successful,87,Juventus,332419.0,Lloyd Kelly,48.9,54.0,56.0,34.5,,,,,"[{'type': {'displayName': 'Zone', 'value': 56}, 'value': 'Center'}, {'type': {'displayName': 'PassEndX', 'value': 140}, 'value': '56.0'}, {'type': {'displayName': 'Angle', 'value': 213}, 'value': '5.22'}, {'type': {'displayName': 'Length', 'value': 212}, 'value': '15.2'}, {'type': {'displayName': 'PassEndY', 'value': 141}, 'value': '34.5'}]",True,,,,,
1901113,SecondHalf,75,8.0,78,Pass,Successful,87,Juventus,343308.0,Teun Koopmeiners,61.2,27.0,67.9,6.7,,,,,"[{'type': {'displayName': 'Length', 'value': 212}, 'value': '15.5'}, {'type': {'displayName': 'Zone', 'value': 56}, 'value': 'Right'}, {'type': {'displayName': 'PassEndY', 'value': 141}, 'value': '6.7'}, {'type': {'displayName': 'PassEndX', 'value': 140}, 'value': '67.9'}, {'type': {'displayName': 'Angle', 'value': 213}, 'value': '5.18'}]",True,,,,,
1901113,SecondHalf,75,12.0,78,Pass,Successful,87,Juventus,363181.0,Edon Zhegrova,68.4,6.1,75.2,30.6,,,,,"[{'type': {'displayName': 'Zone', 'value': 56}, 'value': 'Center'}, {'type': {'displayName': 'Angle', 'value': 213}, 'value': '1.17'}, {'type': {'displayName': 'PassEndY', 'value': 141}, 'value': '30.6'}, {'type': {'displayName': 'PassEndX', 'value': 140}, 'value': '75.2'}, {'type': {'displayName': 'Length', 'value': 212}, 'value': '18.1'}]",True,,,,,
1901113,SecondHalf,75,15.0,78,Pass,Successful,87,Juventus,391836.0,Pierre Kalulu,75.2,30.6,65.1,29.5,,,,,"[{'type': {'displayName': 'LayOff', 'value': 156}}, {'type': {'displayName': 'PassEndX', 'value': 140}, 'value': '65.1'}, {'type': {'displayName': 'Length', 'value': 212}, 'value': '10.6'}, {'type': {'displayName': 'Angle', 'value': 213}, 'value': '3.21'}, {'type': {'displayName': 'Zone', 'value': 56}, 'value': 'Center'}, {'type': {'displayName': 'PassEndY', 'value': 141}, 'value': '29.5'}]",True,,,,,
1901113,SecondHalf,75,16.0,78,Pass,Successful,87,Juventus,343308.0,Teun Koopmeiners,66.7,29.8,64.4,62.4,,,,,"[{'type': {'displayName': 'Angle', 'value': 213}, 'value': '1.68'}, {'type': {'displayName': 'Zone', 'value': 56}, 'value': 'Center'}, {'type': {'displayName': 'PassEndX', 'value': 140}, 'value': '64.4'}, {'type': {'displayName': 'PassEndY', 'value': 141}, 'value': '62.4'}, {'type': {'displayName': 'Length', 'value': 212}, 'value': '22.3'}]",True,,,,,
1901113,SecondHalf,75,17.0,78,Pass,Successful,87,Juventus,332419.0,Lloyd Kelly,63.4,63.0,78.1,72.1,,,,,"[{'type': {'displayName': 'PassEndX', 'value': 140}, 'value': '78.1'}, {'type': {'displayName': 'PassEndY', 'value': 141}, 'value': '72.1'}, {'type': {'displayName': 'Length', 'value': 212}, 'value': '16.6'}, {'type': {'displayName': 'Zone', 'value': 56}, 'value': 'Center'}, {'type': {'displayName': 'Angle', 'value': 213}, 'value': '0.38'}]",True,,,,,
1901113,SecondHalf,75,20.0,78,TakeOn,Unsuccessful,87,Juventus,494525.0,Kenan Yildiz,85.4,71.1,,,,,,,"[{'type': {'displayName': 'Offensive', 'value': 286}}, {'type': {'displayName': 'OppositeRelatedEvent', 'value': 233}, 'value': '508'}, {'type': {'displayName': 'Zone', 'value': 56}, 'value': 'Center'}]",True,,,,,
1901113,SecondHalf,75,20.0,78,Tackle,Unsuccessful,78,Cagliari,356176.0,Michel Adopo,14.6,28.9,,,,,,,"[{'type': {'displayName': 'Defensive', 'value': 285}}, {'type': {'displayName': 'Zone', 'value': 56}, 'value': 'Back'}, {'type': {'displayName': 'StandingSave', 'value': 178}}, {'type': {'displayName': 'OppositeRelatedEvent', 'value': 233}, 'value': '864'}]",True,,,,,
1901113,SecondHalf,75,21.0,78,BallTouch,Successful,87,Juventus,494525.0,Kenan Yildiz,99.5,99.5,,,,,,,"[{'type': {'displayName': 'Zone', 'value': 56}, 'value': 'Left'}]",True,,,,,
1901113,SecondHalf,75,21.0,78,BallTouch,Successful,78,Cagliari,450142.0,Zé Pedro,11.6,25.3,,,,,,,"[{'type': {'displayName': 'Zone', 'value': 56}, 'value': 'Back'}]",True,,,,,
1901113,SecondHalf,75,24.0,78,CornerAwarded,Unsuccessful,78,Cagliari,450142.0,Zé Pedro,0.0,19.6,,,,,,,"[{'type': {'displayName': 'Zone', 'value': 56}, 'value': 'Back'}, {'type': {'displayName': 'OppositeRelatedEvent', 'value': 233}, 'value': '865'}, {'type': {'displayName': 'MissLeft', 'value': 73}}]",False,,,,,
1901113,SecondHalf,75,24.0,78,CornerAwarded,Successful,87,Juventus,494525.0,Kenan Yildiz,100.0,80.4,,,,,,,"[{'type': {'displayName': 'Zone', 'value': 56}, 'value': 'Left'}, {'type': {'displayName': 'MissLeft', 'value': 73}}, {'type': {'displayName': 'OppositeRelatedEvent', 'value': 233}, 'value': '510'}]",False,,,,,
1901113,SecondHalf,75,59.0,78,Pass,Unsuccessful,87,Juventus,423440.0,Andrea Cambiaso,99.5,99.5,93.6,44.8,,,,,"[{'type': {'displayName': 'PassEndY', 'value': 141}, 'value': '44.8'}, {'type': {'displayName': 'Longball', 'value': 1}}, {'type': {'displayName': 'Zone', 'value': 56}, 'value': 'Center'}, {'type': {'displayName': 'Cross', 'value': 2}}, {'type': {'displayName': 'Chipped', 'value': 155}}, {'type': {'displayName': 'Length', 'value': 212}, 'value': '37.7'}, {'type': {'displayName': 'CornerTaken', 'value': 6}}, {'type': {'displayName': 'PassEndX', 'value': 140}, 'value': '93.6'}, {'type': {'displayName': 'LeftFoot', 'value': 72}}, {'type': {'displayName': 'Angle', 'value': 213}, 'value': '4.55'}]",True,,,,,
1901113,SecondHalf,76,1.0,79,Aerial,Successful,78,Cagliari,318432.0,Yerry Mina,6.4,55.2,,,,,,,"[{'type': {'displayName': 'OppositeRelatedEvent', 'value': 233}, 'value': '868'}, {'type': {'displayName': 'Zone', 'value': 56}, 'value': 'Back'}, {'type': {'displayName': 'Defensive', 'value': 285}}]",False,,,,,
1901113,SecondHalf,76,1.0,79,Aerial,Unsuccessful,87,Juventus,339875.0,Bremer,93.6,44.8,,,,,,,"[{'type': {'displayName': 'Offensive', 'value': 286}}, {'type': {'displayName': 'Zone', 'value': 56}, 'value': 'Center'}, {'type': {'displayName': 'OppositeRelatedEvent', 'value': 233}, 'value': '511'}]",False,,,,,
1901113,SecondHalf,76,1.0,79,Clearance,Successful,78,Cagliari,318432.0,Yerry Mina,6.4,55.2,26.9,44.5,,,,,"[{'type': {'displayName': 'Angle', 'value': 213}, 'value': '5.96'}, {'type': {'displayName': 'Length', 'value': 212}, 'value': '22.7'}, {'type': {'displayName': 'PassEndX', 'value': 140}, 'value': '26.9'}, {'type': {'displayName': 'PassEndY', 'value': 141}, 'value': '44.5'}, {'type': {'displayName': 'Zone', 'value': 56}, 'value': 'Back'}, {'type': {'displayName': 'Head', 'value': 15}}]",True,,,,,
1901113,SecondHalf,76,4.0,79,Pass,Successful,87,Juventus,391836.0,Pierre Kalulu,73.0,61.0,33.6,54.4,,,,,"[{'type': {'displayName': 'Angle', 'value': 213}, 'value': '3.25'}, {'type': {'displayName': 'Length', 'value': 212}, 'value': '41.6'}, {'type': {'displayName': 'Zone', 'value': 56}, 'value': 'Back'}, {'type': {'displayName': 'PassEndY', 'value': 141}, 'value': '54.4'}, {'type': {'displayName': 'PassEndX', 'value': 140}, 'value': '33.6'}, {'type': {'displayName': 'Longball', 'value': 1}}]",True,,,,,
1901113,SecondHalf,76,9.0,79,Pass,Successful,87,Juventus,78880.0,Mattia Perin,33.6,54.4,47.4,76.3,,,,,"[{'type': {'displayName': 'Length', 'value': 212}, 'value': '20.8'}, {'type': {'displayName': 'PassEndX', 'value': 140}, 'value': '47.4'}, {'type': {'displayName': 'Angle', 'value': 213}, 'value': '0.80'}, {'type': {'displayName': 'Zone', 'value': 56}, 'value': 'Back'}, {'type': {'displayName': 'PassEndY', 'value': 141}, 'value': '76.3'}]",True,,,,,
1901113,SecondHalf,76,10.0,79,Pass,Successful,87,Juventus,391836.0,Pierre Kalulu,47.9,79.3,64.9,96.0,,,,,"[{'type': {'displayName': 'PassEndY', 'value': 141}, 'value': '96.0'}, {'type': {'displayName': 'Length', 'value': 212}, 'value': '21.2'}, {'type': {'displayName': 'PassEndX', 'value': 140}, 'value': '64.9'}, {'type': {'displayName': 'Angle', 'value': 213}, 'value': '0.57'}, {'type': {'displayName': 'Zone', 'value': 56}, 'value': 'Left'}]",True,,,,,
1901113,SecondHalf,76,18.0,79,Dispossessed,Successful,87,Juventus,423440.0,Andrea Cambiaso,71.0,94.1,,,,,,,"[{'type': {'displayName': 'OppositeRelatedEvent', 'value': 233}, 'value': '513'}, {'type': {'displayName': 'Offensive', 'value': 286}}, {'type': {'displayName': 'Zone', 'value': 56}, 'value': 'Left'}]",True,,,,,
1901113,SecondHalf,76,18.0,79,Tackle,Unsuccessful,78,Cagliari,481154.0,Marco Palestra,29.0,5.9,,,,,,,"[{'type': {'displayName': 'Defensive', 'value': 285}}, {'type': {'displayName': 'StandingSave', 'value': 178}}, {'type': {'displayName': 'Zone', 'value': 56}, 'value': 'Back'}, {'type': {'displayName': 'OppositeRelatedEvent', 'value': 233}, 'value': '872'}]",True,,,,,
1901113,SecondHalf,76,20.0,79,Pass,Successful,87,Juventus,494525.0,Kenan Yildiz,71.5,94.8,62.0,88.9,,,,,"[{'type': {'displayName': 'Zone', 'value': 56}, 'value': 'Left'}, {'type': {'displayName': 'Length', 'value': 212}, 'value': '10.8'}, {'type': {'displayName': 'PassEndY', 'value': 141}, 'value': '88.9'}, {'type': {'displayName': 'PassEndX', 'value': 140}, 'value': '62.0'}, {'type': {'displayName': 'Angle', 'value': 213}, 'value': '3.52'}]",True,,,,,
1901113,SecondHalf,76,20.0,79,Pass,Successful,87,Juventus,391836.0,Pierre Kalulu,62.7,89.2,55.4,58.2,,,,,"[{'type': {'displayName': 'Zone', 'value': 56}, 'value': 'Center'}, {'type': {'displayName': 'Length', 'value': 212}, 'value': '22.4'}, {'type': {'displayName': 'PassEndY', 'value': 141}, 'value': '58.2'}, {'type': {'displayName': 'Angle', 'value': 213}, 'value': '4.36'}, {'type': {'displayName': 'PassEndX', 'value': 140}, 'value': '55.4'}]",True,,,,,
1901113,SecondHalf,76,24.0,79,Pass,Successful,87,Juventus,332419.0,Lloyd Kelly,59.2,54.7,68.6,69.4,,,,,"[{'type': {'displayName': 'Angle', 'value': 213}, 'value': '0.79'}, {'type': {'displayName': 'Zone', 'value': 56}, 'value': 'Center'}, {'type': {'displayName': 'PassEndX', 'value': 140}, 'value': '68.6'}, {'type': {'displayName': 'PassEndY', 'value': 141}, 'value': '69.4'}, {'type': {'displayName': 'Length', 'value': 212}, 'value': '14.0'}]",True,,,,,
1901113,SecondHalf,76,27.0,79,Pass,Successful,87,Juventus,494525.0,Kenan Yildiz,71.7,69.4,70.8,56.1,,,,,"[{'type': {'displayName': 'PassEndY', 'value': 141}, 'value': '56.1'}, {'type': {'displayName': 'Length', 'value': 212}, 'value': '9.1'}, {'type': {'displayName': 'Angle', 'value': 213}, 'value': '4.61'}, {'type': {'displayName': 'PassEndX', 'value': 140}, 'value': '70.8'}, {'type': {'displayName': 'Zone', 'value': 56}, 'value': 'Center'}]",True,,,,,
1901113,SecondHalf,76,28.0,79,Pass,Successful,87,Juventus,338275.0,Weston McKennie,70.9,56.2,68.2,62.5,,,,,"[{'type': {'displayName': 'Zone', 'value': 56}, 'value': 'Center'}, {'type': {'displayName': 'PassEndX', 'value': 140}, 'value': '68.2'}, {'type': {'displayName': 'Angle', 'value': 213}, 'value': '2.16'}, {'type': {'displayName': 'Length', 'value': 212}, 'value': '5.1'}, {'type': {'displayName': 'PassEndY', 'value': 141}, 'value': '62.5'}]",True,,,,,
1901113,SecondHalf,76,29.0,79,Pass,Successful,87,Juventus,494525.0,Kenan Yildiz,68.3,61.8,60.7,61.0,,,,,"[{'type': {'displayName': 'PassEndY', 'value': 141}, 'value': '61.0'}, {'type': {'displayName': 'Zone', 'value': 56}, 'value': 'Center'}, {'type': {'displayName': 'PassEndX', 'value': 140}, 'value': '60.7'}, {'type': {'displayName': 'Angle', 'value': 213}, 'value': '3.21'}, {'type': {'displayName': 'Length', 'value': 212}, 'value': '8.0'}]",True,,,,,
1901113,SecondHalf,76,31.0,79,Pass,Successful,87,Juventus,332419.0,Lloyd Kelly,61.0,63.3,68.9,95.4,,,,,"[{'type': {'displayName': 'PassEndY', 'value': 141}, 'value': '95.4'}, {'type': {'displayName': 'PassEndX', 'value': 140}, 'value': '68.9'}, {'type': {'displayName': 'Length', 'value': 212}, 'value': '23.4'}, {'type': {'displayName': 'Zone', 'value': 56}, 'value': 'Left'}, {'type': {'displayName': 'Angle', 'value': 213}, 'value': '1.21'}]",True,,,,,
1901113,SecondHalf,76,36.0,79,Pass,Successful,87,Juventus,391836.0,Pierre Kalulu,59.3,83.4,52.4,44.5,,,,,"[{'type': {'displayName': 'Zone', 'value': 56}, 'value': 'Center'}, {'type': {'displayName': 'Angle', 'value': 213}, 'value': '4.45'}, {'type': {'displayName': 'PassEndY', 'value': 141}, 'value': '44.5'}, {'type': {'displayName': 'PassEndX', 'value': 140}, 'value': '52.4'}, {'type': {'displayName': 'Length', 'value': 212}, 'value': '27.4'}]",True,,,,,
1901113,SecondHalf,76,40.0,79,Pass,Successful,87,Juventus,339875.0,Bremer,57.7,37.0,70.3,28.3,,,,,"[{'type': {'displayName': 'Angle', 'value': 213}, 'value': '5.86'}, {'type': {'displayName': 'Length', 'value': 212}, 'value': '14.5'}, {'type': {'displayName': 'Zone', 'value': 56}, 'value': 'Center'}, {'type': {'displayName': 'PassEndY', 'value': 141}, 'value': '28.3'}, {'type': {'displayName': 'PassEndX', 'value': 140}, 'value': '70.3'}]",True,,,,,
1901113,SecondHalf,76,42.0,79,Pass,Successful,87,Juventus,383855.0,Jonathan David,70.3,28.3,55.1,1.9,,,,,"[{'type': {'displayName': 'PassEndX', 'value': 140}, 'value': '55.1'}, {'type': {'displayName': 'Zone', 'value': 56}, 'value': 'Right'}, {'type': {'displayName': 'Angle', 'value': 213}, 'value': '3.99'}, {'type': {'displayName': 'Length', 'value': 212}, 'value': '24.0'}, {'type': {'displayName': 'PassEndY', 'value': 141}, 'value': '1.9'}]",True,,,,,
1901113,SecondHalf,76,49.0,79,Pass,Successful,87,Juventus,343308.0,Teun Koopmeiners,42.2,27.3,40.6,59.4,,,,,"[{'type': {'displayName': 'Angle', 'value': 213}, 'value': '1.65'}, {'type': {'displayName': 'Zone', 'value': 56}, 'value': 'Back'}, {'type': {'displayName': 'Length', 'value': 212}, 'value': '21.9'}, {'type': {'displayName': 'PassEndX', 'value': 140}, 'value': '40.6'}, {'type': {'displayName': 'PassEndY', 'value': 141}, 'value': '59.4'}]",True,,,,,
1901113,SecondHalf,76,52.0,79,Pass,Successful,87,Juventus,332419.0,Lloyd Kelly,45.1,65.5,69.7,66.4,,,,,"[{'type': {'displayName': 'PassEndY', 'value': 141}, 'value': '66.4'}, {'type': {'displayName': 'Angle', 'value': 213}, 'value': '0.02'}, {'type': {'displayName': 'Length', 'value': 212}, 'value': '25.8'}, {'type': {'displayName': 'PassEndX', 'value': 140}, 'value': '69.7'}, {'type': {'displayName': 'Zone', 'value': 56}, 'value': 'Center'}]",True,,,,,
1901113,SecondHalf,76,54.0,79,Pass,Successful,87,Juventus,423440.0,Andrea Cambiaso,66.1,67.3,71.1,60.3,,,,,"[{'type': {'displayName': 'Angle', 'value': 213}, 'value': '5.55'}, {'type': {'displayName': 'Zone', 'value': 56}, 'value': 'Center'}, {'type': {'displayName': 'Length', 'value': 212}, 'value': '7.1'}, {'type': {'displayName': 'PassEndX', 'value': 140}, 'value': '71.1'}, {'type': {'displayName': 'PassEndY', 'value': 141}, 'value': '60.3'}]",True,,,,,
1901113,SecondHalf,76,56.0,79,Pass,Successful,87,Juventus,363618.0,Loïs Openda,75.9,58.3,66.6,53.7,,,,,"[{'type': {'displayName': 'Zone', 'value': 56}, 'value': 'Center'}, {'type': {'displayName': 'PassEndX', 'value': 140}, 'value': '66.6'}, {'type': {'displayName': 'Angle', 'value': 213}, 'value': '3.45'}, {'type': {'displayName': 'Length', 'value': 212}, 'value': '10.3'}, {'type': {'displayName': 'PassEndY', 'value': 141}, 'value': '53.7'}]",True,,,,,
1901113,SecondHalf,76,57.0,79,Pass,Unsuccessful,87,Juventus,338275.0,Weston McKennie,66.6,53.2,70.5,54.6,,,,,"[{'type': {'displayName': 'PassEndY', 'value': 141}, 'value': '54.6'}, {'type': {'displayName': 'Zone', 'value': 56}, 'value': 'Center'}, {'type': {'displayName': 'Length', 'value': 212}, 'value': '4.2'}, {'type': {'displayName': 'Angle', 'value': 213}, 'value': '0.23'}, {'type': {'displayName': 'PassEndX', 'value': 140}, 'value': '70.5'}]",True,,,,,
1901113,SecondHalf,76,58.0,79,BallTouch,Successful,78,Cagliari,369883.0,Gianluca Gaetano,28.7,49.5,,,,,,,"[{'type': {'displayName': 'Zone', 'value': 56}, 'value': 'Back'}]",True,,,,,
1901113,SecondHalf,76,59.0,79,Pass,Successful,78,Cagliari,141269.0,Luca Mazzitelli,27.1,52.2,36.6,35.7,,,,,"[{'type': {'displayName': 'Zone', 'value': 56}, 'value': 'Back'}, {'type': {'displayName': 'Angle', 'value': 213}, 'value': '5.44'}, {'type': {'displayName': 'Length', 'value': 212}, 'value': '15.0'}, {'type': {'displayName': 'PassEndX', 'value': 140}, 'value': '36.6'}, {'type': {'displayName': 'PassEndY', 'value': 141}, 'value': '35.7'}, {'type': {'displayName': 'Chipped', 'value': 155}}]",True,,,,,
1901113,SecondHalf,77,0.0,80,BallRecovery,Successful,78,Cagliari,447445.0,Gennaro Borrelli,36.9,35.1,,,,,,,[],False,,,,,
1901113,SecondHalf,77,3.0,80,Foul,Successful,78,Cagliari,447445.0,Gennaro Borrelli,34.6,29.0,,,,,,,"[{'type': {'displayName': 'OppositeRelatedEvent', 'value': 233}, 'value': '888'}, {'type': {'displayName': 'Foul', 'value': 13}}, {'type': {'displayName': 'Offensive', 'value': 286}}, {'type': {'displayName': 'Zone', 'value': 56}, 'value': 'Back'}]",True,,,,,
1901113,SecondHalf,77,3.0,80,Foul,Unsuccessful,87,Juventus,343308.0,Teun Koopmeiners,65.4,71.0,,,,,,,"[{'type': {'displayName': 'OppositeRelatedEvent', 'value': 233}, 'value': '517'}, {'type': {'displayName': 'Zone', 'value': 56}, 'value': 'Center'}, {'type': {'displayName': 'Defensive', 'value': 285}}, {'type': {'displayName': 'Foul', 'value': 13}}]",False,,,,,
1901113,SecondHalf,77,53.0,80,Pass,Successful,78,Cagliari,318432.0,Yerry Mina,37.3,21.6,78.3,29.5,,,,,"[{'type': {'displayName': 'Chipped', 'value': 155}}, {'type': {'displayName': 'PassEndX', 'value': 140}, 'value': '78.3'}, {'type': {'displayName': 'Length', 'value': 212}, 'value': '43.4'}, {'type': {'displayName': 'Angle', 'value': 213}, 'value': '0.12'}, {'type': {'displayName': 'Longball', 'value': 1}}, {'type': {'displayName': 'PassEndY', 'value': 141}, 'value': '29.5'}, {'type': {'displayName': 'Zone', 'value': 56}, 'value': 'Center'}, {'type': {'displayName': 'FreekickTaken', 'value': 5}}]",True,,,,,
1901113,SecondHalf,77,55.0,80,Aerial,Successful,78,Cagliari,447445.0,Gennaro Borrelli,78.3,29.5,,,,,,,"[{'type': {'displayName': 'Zone', 'value': 56}, 'value': 'Center'}, {'type': {'displayName': 'OppositeRelatedEvent', 'value': 233}, 'value': '894'}, {'type': {'displayName': 'Offensive', 'value': 286}}]",False,,,,,
1901113,SecondHalf,77,55.0,80,Aerial,Unsuccessful,87,Juventus,339875.0,Bremer,21.7,70.5,,,,,,,"[{'type': {'displayName': 'OppositeRelatedEvent', 'value': 233}, 'value': '519'}, {'type': {'displayName': 'Defensive', 'value': 285}}, {'type': {'displayName': 'Zone', 'value': 56}, 'value': 'Back'}]",False,,,,,
1901113,SecondHalf,77,56.0,80,Pass,Unsuccessful,78,Cagliari,447445.0,Gennaro Borrelli,78.2,29.5,86.8,22.6,,,,,"[{'type': {'displayName': 'PassEndX', 'value': 140}, 'value': '86.8'}, {'type': {'displayName': 'Length', 'value': 212}, 'value': '10.2'}, {'type': {'displayName': 'PassEndY', 'value': 141}, 'value': '22.6'}, {'type': {'displayName': 'HeadPass', 'value': 3}}, {'type': {'displayName': 'Angle', 'value': 213}, 'value': '5.80'}, {'type': {'displayName': 'Zone', 'value': 56}, 'value': 'Center'}]",True,,,,,
1901113,SecondHalf,77,57.0,80,Pass,Successful,87,Juventus,423440.0,Andrea Cambiaso,14.9,74.4,6.9,64.6,,,,,"[{'type': {'displayName': 'Length', 'value': 212}, 'value': '10.7'}, {'type': {'displayName': 'HeadPass', 'value': 3}}, {'type': {'displayName': 'Zone', 'value': 56}, 'value': 'Back'}, {'type': {'displayName': 'PassEndY', 'value': 141}, 'value': '64.6'}, {'type': {'displayName': 'PassEndX', 'value': 140}, 'value': '6.9'}, {'type': {'displayName': 'Angle', 'value': 213}, 'value': '3.81'}]",True,,,,,
1901113,SecondHalf,77,58.0,80,KeeperPickup,Successful,87,Juventus,78880.0,Mattia Perin,6.9,64.6,,,,,,,[],False,,,,,
1901113,SecondHalf,78,1.0,81,Pass,Successful,87,Juventus,78880.0,Mattia Perin,11.2,54.1,26.4,50.2,,,,,"[{'type': {'displayName': 'Angle', 'value': 213}, 'value': '6.12'}, {'type': {'displayName': 'Zone', 'value': 56}, 'value': 'Back'}, {'type': {'displayName': 'KeeperThrow', 'value': 123}}, {'type': {'displayName': 'Length', 'value': 212}, 'value': '16.2'}, {'type': {'displayName': 'PassEndX', 'value': 140}, 'value': '26.4'}, {'type': {'displayName': 'PassEndY', 'value': 141}, 'value': '50.2'}]",True,,,,,
1901113,SecondHalf,78,4.0,81,Pass,Successful,87,Juventus,343308.0,Teun Koopmeiners,21.4,47.7,15.2,12.1,,,,,"[{'type': {'displayName': 'Length', 'value': 212}, 'value': '25.1'}, {'type': {'displayName': 'PassEndY', 'value': 141}, 'value': '12.1'}, {'type': {'displayName': 'PassEndX', 'value': 140}, 'value': '15.2'}, {'type': {'displayName': 'Angle', 'value': 213}, 'value': '4.45'}, {'type': {'displayName': 'Zone', 'value': 56}, 'value': 'Back'}]",True,,,,,
1901113,SecondHalf,78,6.0,81,Pass,Successful,87,Juventus,391836.0,Pierre Kalulu,16.2,16.3,13.8,52.8,,,,,"[{'type': {'displayName': 'Zone', 'value': 56}, 'value': 'Back'}, {'type': {'displayName': 'Length', 'value': 212}, 'value': '24.9'}, {'type': {'displayName': 'Angle', 'value': 213}, 'value': '1.67'}, {'type': {'displayName': 'PassEndY', 'value': 141}, 'value': '52.8'}, {'type': {'displayName': 'PassEndX', 'value': 140}, 'value': '13.8'}]",True,,,,,
1901113,SecondHalf,78,15.0,81,Pass,Successful,87,Juventus,339875.0,Bremer,34.8,51.3,54.3,18.1,,,,,"[{'type': {'displayName': 'PassEndX', 'value': 140}, 'value': '54.3'}, {'type': {'displayName': 'PassEndY', 'value': 141}, 'value': '18.1'}, {'type': {'displayName': 'Angle', 'value': 213}, 'value': '5.45'}, {'type': {'displayName': 'Length', 'value': 212}, 'value': '30.5'}, {'type': {'displayName': 'Zone', 'value': 56}, 'value': 'Right'}]",True,,,,,
1901113,SecondHalf,78,21.0,81,Pass,Successful,87,Juventus,343308.0,Teun Koopmeiners,63.5,10.9,62.0,16.6,,,,,"[{'type': {'displayName': 'Length', 'value': 212}, 'value': '4.2'}, {'type': {'displayName': 'Angle', 'value': 213}, 'value': '1.96'}, {'type': {'displayName': 'PassEndX', 'value': 140}, 'value': '62.0'}, {'type': {'displayName': 'Zone', 'value': 56}, 'value': 'Right'}, {'type': {'displayName': 'PassEndY', 'value': 141}, 'value': '16.6'}]",True,,,,,
1901113,SecondHalf,78,26.0,81,Pass,Successful,87,Juventus,363181.0,Edon Zhegrova,66.1,44.7,68.9,77.7,,,,,"[{'type': {'displayName': 'PassEndY', 'value': 141}, 'value': '77.7'}, {'type': {'displayName': 'Zone', 'value': 56}, 'value': 'Center'}, {'type': {'displayName': 'Length', 'value': 212}, 'value': '22.6'}, {'type': {'displayName': 'Angle', 'value': 213}, 'value': '1.44'}, {'type': {'displayName': 'PassEndX', 'value': 140}, 'value': '68.9'}]",True,,,,,
1901113,SecondHalf,78,31.0,81,Pass,Successful,87,Juventus,423440.0,Andrea Cambiaso,72.9,83.8,58.4,68.5,,,,,"[{'type': {'displayName': 'Angle', 'value': 213}, 'value': '3.74'}, {'type': {'displayName': 'PassEndY', 'value': 141}, 'value': '68.5'}, {'type': {'displayName': 'Length', 'value': 212}, 'value': '18.4'}, {'type': {'displayName': 'PassEndX', 'value': 140}, 'value': '58.4'}, {'type': {'displayName': 'Zone', 'value': 56}, 'value': 'Center'}]",True,,,,,
1901113,SecondHalf,78,33.0,81,Pass,Successful,87,Juventus,332419.0,Lloyd Kelly,57.4,65.7,62.6,26.7,,,,,"[{'type': {'displayName': 'PassEndX', 'value': 140}, 'value': '62.6'}, {'type': {'displayName': 'PassEndY', 'value': 141}, 'value': '26.7'}, {'type': {'displayName': 'Length', 'value': 212}, 'value': '27.1'}, {'type': {'displayName': 'Angle', 'value': 213}, 'value': '4.92'}, {'type': {'displayName': 'Zone', 'value': 56}, 'value': 'Center'}]",True,,,,,
1901113,SecondHalf,78,36.0,81,Pass,Successful,87,Juventus,391836.0,Pierre Kalulu,64.3,26.4,76.4,5.7,,,,,"[{'type': {'displayName': 'Angle', 'value': 213}, 'value': '5.45'}, {'type': {'displayName': 'PassEndX', 'value': 140}, 'value': '76.4'}, {'type': {'displayName': 'Zone', 'value': 56}, 'value': 'Right'}, {'type': {'displayName': 'PassEndY', 'value': 141}, 'value': '5.7'}, {'type': {'displayName': 'Length', 'value': 212}, 'value': '19.0'}]",True,,,,,
1901113,SecondHalf,78,39.0,81,Pass,Successful,87,Juventus,363181.0,Edon Zhegrova,75.9,5.7,66.4,26.7,,,,,"[{'type': {'displayName': 'Angle', 'value': 213}, 'value': '2.18'}, {'type': {'displayName': 'PassEndY', 'value': 141}, 'value': '26.7'}, {'type': {'displayName': 'Length', 'value': 212}, 'value': '17.4'}, {'type': {'displayName': 'PassEndX', 'value': 140}, 'value': '66.4'}, {'type': {'displayName': 'Zone', 'value': 56}, 'value': 'Center'}]",True,,,,,
1901113,SecondHalf,78,44.0,81,Pass,Successful,87,Juventus,343308.0,Teun Koopmeiners,65.4,28.8,59.9,67.0,,,,,"[{'type': {'displayName': 'PassEndY', 'value': 141}, 'value': '67.0'}, {'type': {'displayName': 'PassEndX', 'value': 140}, 'value': '59.9'}, {'type': {'displayName': 'Length', 'value': 212}, 'value': '26.6'}, {'type': {'displayName': 'Angle', 'value': 213}, 'value': '1.79'}, {'type': {'displayName': 'Zone', 'value': 56}, 'value': 'Center'}]",True,,,,,
1901113,SecondHalf,78,45.0,81,Pass,Successful,87,Juventus,332419.0,Lloyd Kelly,59.9,67.0,75.9,81.4,,,,,"[{'type': {'displayName': 'Zone', 'value': 56}, 'value': 'Left'}, {'type': {'displayName': 'PassEndY', 'value': 141}, 'value': '81.4'}, {'type': {'displayName': 'PassEndX', 'value': 140}, 'value': '75.9'}, {'type': {'displayName': 'Length', 'value': 212}, 'value': '19.4'}, {'type': {'displayName': 'Angle', 'value': 213}, 'value': '0.53'}]",True,,,,,
1901113,SecondHalf,78,47.0,81,Pass,Successful,87,Juventus,494525.0,Kenan Yildiz,76.3,81.9,75.5,64.2,,,,,"[{'type': {'displayName': 'Length', 'value': 212}, 'value': '12.1'}, {'type': {'displayName': 'PassEndY', 'value': 141}, 'value': '64.2'}, {'type': {'displayName': 'Zone', 'value': 56}, 'value': 'Center'}, {'type': {'displayName': 'PassEndX', 'value': 140}, 'value': '75.5'}, {'type': {'displayName': 'Angle', 'value': 213}, 'value': '4.64'}]",True,,,,,
1901113,SecondHalf,78,48.0,81,Pass,Successful,87,Juventus,338275.0,Weston McKennie,73.9,62.4,73.9,65.2,,,,,"[{'type': {'displayName': 'Length', 'value': 212}, 'value': '1.9'}, {'type': {'displayName': 'Angle', 'value': 213}, 'value': '1.57'}, {'type': {'displayName': 'ShotAssist', 'value': 210}, 'value': '15'}, {'type': {'displayName': 'PassEndX', 'value': 140}, 'value': '73.9'}, {'type': {'displayName': 'PassEndY', 'value': 141}, 'value': '65.2'}, {'type': {'displayName': 'Zone', 'value': 56}, 'value': 'Center'}, {'type': {'displayName': 'KeyPass', 'value': 11113}}]",True,,,,,
1901113,SecondHalf,78,49.0,81,Challenge,Unsuccessful,78,Cagliari,369883.0,Gianluca Gaetano,26.2,31.4,,,,,,,"[{'type': {'displayName': 'Zone', 'value': 56}, 'value': 'Back'}, {'type': {'displayName': 'Defensive', 'value': 285}}, {'type': {'displayName': 'OppositeRelatedEvent', 'value': 233}, 'value': '911'}]",False,,,,,
1901113,SecondHalf,78,49.0,81,TakeOn,Successful,87,Juventus,494525.0,Kenan Yildiz,73.8,68.6,,,,,,,"[{'type': {'displayName': 'OppositeRelatedEvent', 'value': 233}, 'value': '523'}, {'type': {'displayName': 'Offensive', 'value': 286}}, {'type': {'displayName': 'Zone', 'value': 56}, 'value': 'Center'}]",True,,,,,
1901113,SecondHalf,78,52.0,81,SavedShot,Successful,87,Juventus,494525.0,Kenan Yildiz,73.5,54.3,,,45.8,10.1,98.1,51.1,"[{'type': {'displayName': 'RightFoot', 'value': 20}}, {'type': {'displayName': 'BlockedX', 'value': 146}, 'value': '98.1'}, {'type': {'displayName': 'GoalMouthY', 'value': 102}, 'value': '45.8'}, {'type': {'displayName': 'Zone', 'value': 56}, 'value': 'Center'}, {'type': {'displayName': 'RegularPlay', 'value': 22}}, {'type': {'displayName': 'OppositeRelatedEvent', 'value': 233}, 'value': '526'}, {'type': {'displayName': 'Assisted', 'value': 29}}, {'type': {'displayName': 'OutOfBoxCentre', 'value': 18}}, {'type': {'displayName': 'RelatedEventId', 'value': 55}, 'value': '910'}, {'type': {'displayName': 'LowRight', 'value': 80}}, {'type': {'displayName': 'GoalMouthZ', 'value': 103}, 'value': '10.1'}, {'type': {'displayName': 'IndividualPlay', 'value': 215}}, {'type': {'displayName': 'BlockedY', 'value': 147}, 'value': '51.1'}]",True,True,,,910.0,338275.0
1901113,SecondHalf,78,52.0,81,Save,Successful,78,Cagliari,362780.0,Elia Caprile,2.3,51.9,,,,,,,"[{'type': {'displayName': 'Hands', 'value': 182}}, {'type': {'displayName': 'DivingSave', 'value': 179}}, {'type': {'displayName': 'Zone', 'value': 56}, 'value': 'Back'}, {'type': {'displayName': 'OppositeRelatedEvent', 'value': 233}, 'value': '912'}, {'type': {'displayName': 'ParriedSafe', 'value': 173}}, {'type': {'displayName': 'KeeperSaveObox', 'value': 11117}}]",True,,,,,
1901113,SecondHalf,78,54.0,81,CornerAwarded,Unsuccessful,78,Cagliari,362780.0,Elia Caprile,0.0,73.2,,,,,,,"[{'type': {'displayName': 'MissLeft', 'value': 73}}, {'type': {'displayName': 'Zone', 'value': 56}, 'value': 'Back'}, {'type': {'displayName': 'OppositeRelatedEvent', 'value': 233}, 'value': '913'}]",False,,,,,
1901113,SecondHalf,78,54.0,81,CornerAwarded,Successful,87,Juventus,494525.0,Kenan Yildiz,100.0,26.8,,,,,,,"[{'type': {'displayName': 'OppositeRelatedEvent', 'value': 233}, 'value': '527'}, {'type': {'displayName': 'MissRight', 'value': 75}}, {'type': {'displayName': 'Zone', 'value': 56}, 'value': 'Center'}]",False,,,,,
1901113,SecondHalf,79,4.0,82,Pass,Successful,87,Juventus,363181.0,Edon Zhegrova,99.5,0.5,90.1,14.2,,,,,"[{'type': {'displayName': 'PassEndX', 'value': 140}, 'value': '90.1'}, {'type': {'displayName': 'Zone', 'value': 56}, 'value': 'Right'}, {'type': {'displayName': 'Length', 'value': 212}, 'value': '13.6'}, {'type': {'displayName': 'CornerTaken', 'value': 6}}, {'type': {'displayName': 'PassEndY', 'value': 141}, 'value': '14.2'}, {'type': {'displayName': 'Angle', 'value': 213}, 'value': '2.39'}]",True,,,,,
1901113,SecondHalf,79,5.0,82,Pass,Unsuccessful,87,Juventus,423440.0,Andrea Cambiaso,85.6,16.6,97.6,52.3,,,,,"[{'type': {'displayName': 'Length', 'value': 212}, 'value': '27.4'}, {'type': {'displayName': 'LeftFoot', 'value': 72}}, {'type': {'displayName': 'PassEndX', 'value': 140}, 'value': '97.6'}, {'type': {'displayName': 'Angle', 'value': 213}, 'value': '1.09'}, {'type': {'displayName': 'Cross', 'value': 2}}, {'type': {'displayName': 'Chipped', 'value': 155}}, {'type': {'displayName': 'Zone', 'value': 56}, 'value': 'Center'}, {'type': {'displayName': 'PassEndY', 'value': 141}, 'value': '52.3'}]",True,,,,,
1901113,SecondHalf,79,6.0,82,Aerial,Successful,78,Cagliari,141269.0,Luca Mazzitelli,2.4,47.7,,,,,,,"[{'type': {'displayName': 'Zone', 'value': 56}, 'value': 'Back'}, {'type': {'displayName': 'Defensive', 'value': 285}}, {'type': {'displayName': 'OppositeRelatedEvent', 'value': 233}, 'value': '916'}]",False,,,,,
1901113,SecondHalf,79,6.0,82,Aerial,Unsuccessful,87,Juventus,363618.0,Loïs Openda,97.6,52.3,,,,,,,"[{'type': {'displayName': 'Offensive', 'value': 286}}, {'type': {'displayName': 'OppositeRelatedEvent', 'value': 233}, 'value': '528'}, {'type': {'displayName': 'Zone', 'value': 56}, 'value': 'Center'}]",False,,,,,
1901113,SecondHalf,79,6.0,82,Clearance,Successful,78,Cagliari,141269.0,Luca Mazzitelli,2.4,47.7,4.3,45.0,,,,,"[{'type': {'displayName': 'Length', 'value': 212}, 'value': '2.7'}, {'type': {'displayName': 'Head', 'value': 15}}, {'type': {'displayName': 'Angle', 'value': 213}, 'value': '5.54'}, {'type': {'displayName': 'PassEndY', 'value': 141}, 'value': '45.0'}, {'type': {'displayName': 'PassEndX', 'value': 140}, 'value': '4.3'}, {'type': {'displayName': 'Zone', 'value': 56}, 'value': 'Back'}]",True,,,,,
1901113,SecondHalf,79,7.0,82,BallTouch,Successful,87,Juventus,363618.0,Loïs Openda,96.9,55.0,,,,,,,"[{'type': {'displayName': 'Zone', 'value': 56}, 'value': 'Center'}]",True,,,,,
1901113,SecondHalf,79,10.0,82,Clearance,Successful,78,Cagliari,255292.0,Sebastiano Luperto,8.9,40.8,14.1,0.0,,,,,"[{'type': {'displayName': 'PassEndY', 'value': 141}, 'value': '0.0'}, {'type': {'displayName': 'Angle', 'value': 213}, 'value': '4.90'}, {'type': {'displayName': 'PassEndX', 'value': 140}, 'value': '14.1'}, {'type': {'displayName': 'Zone', 'value': 56}, 'value': 'Back'}, {'type': {'displayName': 'Length', 'value': 212}, 'value': '28.9'}]",True,,,,,
1901113,SecondHalf,79,32.0,82,SubstitutionOff,Successful,87,Juventus,338275.0,Weston McKennie,0.0,0.0,,,,,,,"[{'type': {'displayName': 'JerseyNumber', 'value': 59}, 'value': '22'}, {'type': {'displayName': 'RelatedEventId', 'value': 55}, 'value': '920'}, {'type': {'displayName': 'PlayerPosition', 'value': 44}, 'value': 'Midfielder'}]",False,,,,920.0,366379.0
1901113,SecondHalf,79,32.0,82,SubstitutionOn,Successful,87,Juventus,366379.0,Khéphren Thuram,0.0,0.0,,,,,,,"[{'type': {'displayName': 'PlayerPosition', 'value': 44}, 'value': 'Midfielder'}, {'type': {'displayName': 'FormationSlot', 'value': 145}, 'value': '4'}, {'type': {'displayName': 'JerseyNumber', 'value': 59}, 'value': '19'}, {'type': {'displayName': 'RelatedEventId', 'value': 55}, 'value': '919'}]",False,,,,919.0,338275.0
1901113,SecondHalf,79,42.0,82,SubstitutionOff,Successful,87,Juventus,423440.0,Andrea Cambiaso,0.0,0.0,,,,,,,"[{'type': {'displayName': 'PlayerPosition', 'value': 44}, 'value': 'Defender'}, {'type': {'displayName': 'JerseyNumber', 'value': 59}, 'value': '27'}, {'type': {'displayName': 'RelatedEventId', 'value': 55}, 'value': '922'}]",False,,,,922.0,409221.0
1901113,SecondHalf,79,42.0,82,SubstitutionOn,Successful,87,Juventus,409221.0,Francisco Conceição,0.0,0.0,,,,,,,"[{'type': {'displayName': 'PlayerPosition', 'value': 44}, 'value': 'Midfielder'}, {'type': {'displayName': 'RelatedEventId', 'value': 55}, 'value': '921'}, {'type': {'displayName': 'JerseyNumber', 'value': 59}, 'value': '7'}, {'type': {'displayName': 'FormationSlot', 'value': 145}, 'value': '3'}]",False,,,,921.0,423440.0
1901113,SecondHalf,79,43.0,82,FormationChange,Successful,87,Juventus,,,0.0,0.0,,,,,,,"[{'type': {'displayName': 'PlayerPosition', 'value': 44}, 'value': '1, 3, 3, 2, 2, 2, 3, 3, 4, 4, 3, 5, 5, 5, 5, 5, 5, 5'}, {'type': {'displayName': 'CaptainPlayerId', 'value': 194}, 'value': '339875'}, {'type': {'displayName': 'JerseyNumber', 'value': 59}, 'value': '1, 7, 10, 6, 3, 15, 11, 19, 30, 20, 8, 16, 23, 4, 17, 18, 25, 32'}, {'type': {'displayName': 'TeamFormation', 'value': 130}, 'value': '12'}, {'type': {'displayName': 'TeamPlayerFormation', 'value': 131}, 'value': '1, 2, 3, 4, 5, 6, 7, 8, 9, 10, 11, 0, 0, 0, 0, 0, 0, 0'}, {'type': {'displayName': 'InvolvedPlayers', 'value': 30}, 'value': '78880,409221,494525,332419,339875,391836,363181,366379,383855,363618,343308,319696,83981,439909,484428,105995,395173,445322'}]",False,,,,,
1901113,SecondHalf,79,52.0,82,Pass,Successful,87,Juventus,332419.0,Lloyd Kelly,87.8,100.0,94.4,88.2,,,,,"[{'type': {'displayName': 'PassEndY', 'value': 141}, 'value': '88.2'}, {'type': {'displayName': 'ThrowIn', 'value': 107}}, {'type': {'displayName': 'Length', 'value': 212}, 'value': '11.2'}, {'type': {'displayName': 'Zone', 'value': 56}, 'value': 'Left'}, {'type': {'displayName': 'PassEndX', 'value': 140}, 'value': '94.4'}, {'type': {'displayName': 'Angle', 'value': 213}, 'value': '5.38'}]",True,,,,,
1901113,SecondHalf,79,54.0,82,Pass,Successful,87,Juventus,494525.0,Kenan Yildiz,94.4,88.2,83.3,93.9,,,,,"[{'type': {'displayName': 'Zone', 'value': 56}, 'value': 'Left'}, {'type': {'displayName': 'LayOff', 'value': 156}}, {'type': {'displayName': 'Angle', 'value': 213}, 'value': '2.82'}, {'type': {'displayName': 'PassEndY', 'value': 141}, 'value': '93.9'}, {'type': {'displayName': 'Length', 'value': 212}, 'value': '12.3'}, {'type': {'displayName': 'PassEndX', 'value': 140}, 'value': '83.3'}]",True,,,,,
1901113,SecondHalf,79,55.0,82,Pass,Successful,87,Juventus,332419.0,Lloyd Kelly,83.1,94.0,70.4,89.4,,,,,"[{'type': {'displayName': 'PassEndY', 'value': 141}, 'value': '89.4'}, {'type': {'displayName': 'Angle', 'value': 213}, 'value': '3.37'}, {'type': {'displayName': 'Zone', 'value': 56}, 'value': 'Left'}, {'type': {'displayName': 'PassEndX', 'value': 140}, 'value': '70.4'}, {'type': {'displayName': 'Length', 'value': 212}, 'value': '13.7'}]",True,,,,,
1901113,SecondHalf,79,56.0,82,Pass,Successful,87,Juventus,339875.0,Bremer,70.1,88.8,53.1,57.9,,,,,"[{'type': {'displayName': 'PassEndY', 'value': 141}, 'value': '57.9'}, {'type': {'displayName': 'Length', 'value': 212}, 'value': '27.6'}, {'type': {'displayName': 'PassEndX', 'value': 140}, 'value': '53.1'}, {'type': {'displayName': 'Angle', 'value': 213}, 'value': '4.01'}, {'type': {'displayName': 'Zone', 'value': 56}, 'value': 'Center'}]",True,,,,,
1901113,SecondHalf,80,1.0,83,Pass,Successful,87,Juventus,391836.0,Pierre Kalulu,53.9,53.4,57.1,76.6,,,,,"[{'type': {'displayName': 'PassEndX', 'value': 140}, 'value': '57.1'}, {'type': {'displayName': 'Angle', 'value': 213}, 'value': '1.36'}, {'type': {'displayName': 'Zone', 'value': 56}, 'value': 'Center'}, {'type': {'displayName': 'Length', 'value': 212}, 'value': '16.1'}, {'type': {'displayName': 'PassEndY', 'value': 141}, 'value': '76.6'}]",True,,,,,
1901113,SecondHalf,80,3.0,83,Pass,Successful,87,Juventus,339875.0,Bremer,58.5,78.3,65.7,75.3,,,,,"[{'type': {'displayName': 'Length', 'value': 212}, 'value': '7.8'}, {'type': {'displayName': 'PassEndY', 'value': 141}, 'value': '75.3'}, {'type': {'displayName': 'PassEndX', 'value': 140}, 'value': '65.7'}, {'type': {'displayName': 'Angle', 'value': 213}, 'value': '6.02'}, {'type': {'displayName': 'Zone', 'value': 56}, 'value': 'Center'}]",True,,,,,
1901113,SecondHalf,80,9.0,83,TakeOn,Unsuccessful,87,Juventus,366379.0,Khéphren Thuram,83.0,85.4,,,,,,,"[{'type': {'displayName': 'OppositeRelatedEvent', 'value': 233}, 'value': '532'}, {'type': {'displayName': 'Zone', 'value': 56}, 'value': 'Left'}, {'type': {'displayName': 'Offensive', 'value': 286}}]",True,,,,,
1901113,SecondHalf,80,9.0,83,Tackle,Successful,78,Cagliari,447445.0,Gennaro Borrelli,17.0,14.6,,,,,,,"[{'type': {'displayName': 'OppositeRelatedEvent', 'value': 233}, 'value': '929'}, {'type': {'displayName': 'Zone', 'value': 56}, 'value': 'Back'}, {'type': {'displayName': 'Defensive', 'value': 285}}]",True,,,,,
1901113,SecondHalf,80,12.0,83,CornerAwarded,Unsuccessful,78,Cagliari,447445.0,Gennaro Borrelli,0.0,13.6,,,,,,,"[{'type': {'displayName': 'MissLeft', 'value': 73}}, {'type': {'displayName': 'OppositeRelatedEvent', 'value': 233}, 'value': '931'}, {'type': {'displayName': 'Zone', 'value': 56}, 'value': 'Back'}]",False,,,,,
1901113,SecondHalf,80,12.0,83,CornerAwarded,Successful,87,Juventus,366379.0,Khéphren Thuram,100.0,86.4,,,,,,,"[{'type': {'displayName': 'OppositeRelatedEvent', 'value': 233}, 'value': '534'}, {'type': {'displayName': 'Zone', 'value': 56}, 'value': 'Left'}, {'type': {'displayName': 'MissLeft', 'value': 73}}]",False,,,,,
1901113,SecondHalf,80,25.0,83,Pass,Successful,87,Juventus,494525.0,Kenan Yildiz,99.6,99.5,92.9,95.3,,,,,"[{'type': {'displayName': 'Zone', 'value': 56}, 'value': 'Left'}, {'type': {'displayName': 'CornerTaken', 'value': 6}}, {'type': {'displayName': 'Length', 'value': 212}, 'value': '7.6'}, {'type': {'displayName': 'Angle', 'value': 213}, 'value': '3.53'}, {'type': {'displayName': 'PassEndY', 'value': 141}, 'value': '95.3'}, {'type': {'displayName': 'PassEndX', 'value': 140}, 'value': '92.9'}]",True,,,,,
1901113,SecondHalf,80,28.0,83,Pass,Successful,87,Juventus,363181.0,Edon Zhegrova,89.5,89.9,85.0,86.5,,,,,"[{'type': {'displayName': 'PassEndY', 'value': 141}, 'value': '86.5'}, {'type': {'displayName': 'PassEndX', 'value': 140}, 'value': '85.0'}, {'type': {'displayName': 'Zone', 'value': 56}, 'value': 'Left'}, {'type': {'displayName': 'Length', 'value': 212}, 'value': '5.3'}, {'type': {'displayName': 'Angle', 'value': 213}, 'value': '3.60'}]",True,,,,,
1901113,SecondHalf,80,29.0,83,Pass,Unsuccessful,87,Juventus,494525.0,Kenan Yildiz,84.6,84.3,86.5,74.7,,,,,"[{'type': {'displayName': 'OppositeRelatedEvent', 'value': 233}, 'value': '535'}, {'type': {'displayName': 'Length', 'value': 212}, 'value': '6.8'}, {'type': {'displayName': 'PassEndX', 'value': 140}, 'value': '86.5'}, {'type': {'displayName': 'Zone', 'value': 56}, 'value': 'Center'}, {'type': {'displayName': 'Cross', 'value': 2}}, {'type': {'displayName': 'RightFoot', 'value': 20}}, {'type': {'displayName': 'Chipped', 'value': 155}}, {'type': {'displayName': 'PassEndY', 'value': 141}, 'value': '74.7'}, {'type': {'displayName': 'Angle', 'value': 213}, 'value': '5.01'}, {'type': {'displayName': 'Offensive', 'value': 286}}]",True,,,,,
1901113,SecondHalf,80,29.0,83,Clearance,Successful,78,Cagliari,369883.0,Gianluca Gaetano,13.5,25.3,,,,,,,"[{'type': {'displayName': 'OppositeRelatedEvent', 'value': 233}, 'value': '933'}, {'type': {'displayName': 'Zone', 'value': 56}, 'value': 'Back'}, {'type': {'displayName': 'BlockedCross', 'value': 185}}]",True,,,,,
1901113,SecondHalf,80,33.0,83,Pass,Successful,87,Juventus,494525.0,Kenan Yildiz,87.5,96.1,75.3,89.7,,,,,"[{'type': {'displayName': 'PassEndY', 'value': 141}, 'value': '89.7'}, {'type': {'displayName': 'PassEndX', 'value': 140}, 'value': '75.3'}, {'type': {'displayName': 'Angle', 'value': 213}, 'value': '3.47'}, {'type': {'displayName': 'Zone', 'value': 56}, 'value': 'Left'}, {'type': {'displayName': 'Length', 'value': 212}, 'value': '13.5'}]",True,,,,,
1901113,SecondHalf,80,37.0,83,TakeOn,Unsuccessful,87,Juventus,363181.0,Edon Zhegrova,79.7,82.6,,,,,,,"[{'type': {'displayName': 'Zone', 'value': 56}, 'value': 'Left'}, {'type': {'displayName': 'Offensive', 'value': 286}}, {'type': {'displayName': 'OppositeRelatedEvent', 'value': 233}, 'value': '536'}]",True,,,,,
1901113,SecondHalf,80,37.0,83,Tackle,Successful,78,Cagliari,369883.0,Gianluca Gaetano,20.3,17.4,,,,,,,"[{'type': {'displayName': 'OppositeRelatedEvent', 'value': 233}, 'value': '935'}, {'type': {'displayName': 'Zone', 'value': 56}, 'value': 'Back'}, {'type': {'displayName': 'StandingSave', 'value': 178}}, {'type': {'displayName': 'Defensive', 'value': 285}}]",True,,,,,
1901113,SecondHalf,80,39.0,83,BallRecovery,Successful,78,Cagliari,369883.0,Gianluca Gaetano,20.7,27.4,,,,,,,[],False,,,,,
1901113,SecondHalf,80,42.0,83,BallTouch,Unsuccessful,78,Cagliari,369883.0,Gianluca Gaetano,27.8,33.9,,,,,,,"[{'type': {'displayName': 'Zone', 'value': 56}, 'value': 'Back'}]",True,,,,,
1901113,SecondHalf,80,43.0,83,BallRecovery,Successful,87,Juventus,363181.0,Edon Zhegrova,70.0,69.0,,,,,,,[],False,,,,,
1901113,SecondHalf,80,44.0,83,BallTouch,Successful,87,Juventus,363181.0,Edon Zhegrova,70.0,69.0,,,,,,,"[{'type': {'displayName': 'Zone', 'value': 56}, 'value': 'Center'}]",True,,,,,
1901113,SecondHalf,80,45.0,83,Pass,Successful,87,Juventus,366379.0,Khéphren Thuram,68.4,70.9,73.6,77.4,,,,,"[{'type': {'displayName': 'Angle', 'value': 213}, 'value': '0.68'}, {'type': {'displayName': 'Zone', 'value': 56}, 'value': 'Center'}, {'type': {'displayName': 'Length', 'value': 212}, 'value': '7.0'}, {'type': {'displayName': 'PassEndX', 'value': 140}, 'value': '73.6'}, {'type': {'displayName': 'PassEndY', 'value': 141}, 'value': '77.4'}]",True,,,,,
1901113,SecondHalf,80,48.0,83,Pass,Successful,87,Juventus,494525.0,Kenan Yildiz,73.8,77.2,69.8,65.2,,,,,"[{'type': {'displayName': 'PassEndX', 'value': 140}, 'value': '69.8'}, {'type': {'displayName': 'Angle', 'value': 213}, 'value': '4.24'}, {'type': {'displayName': 'Length', 'value': 212}, 'value': '9.2'}, {'type': {'displayName': 'PassEndY', 'value': 141}, 'value': '65.2'}, {'type': {'displayName': 'Zone', 'value': 56}, 'value': 'Center'}]",True,,,,,
1901113,SecondHalf,80,50.0,83,Pass,Successful,87,Juventus,366379.0,Khéphren Thuram,69.3,59.1,80.5,13.6,,,,,"[{'type': {'displayName': 'Zone', 'value': 56}, 'value': 'Right'}, {'type': {'displayName': 'Length', 'value': 212}, 'value': '33.1'}, {'type': {'displayName': 'Longball', 'value': 1}}, {'type': {'displayName': 'PassEndY', 'value': 141}, 'value': '13.6'}, {'type': {'displayName': 'PassEndX', 'value': 140}, 'value': '80.5'}, {'type': {'displayName': 'Angle', 'value': 213}, 'value': '5.08'}]",True,,,,,
1901113,SecondHalf,80,55.0,83,Pass,Unsuccessful,87,Juventus,409221.0,Francisco Conceição,84.7,17.2,100.0,66.0,,,,,"[{'type': {'displayName': 'PassEndY', 'value': 141}, 'value': '66.0'}, {'type': {'displayName': 'LeftFoot', 'value': 72}}, {'type': {'displayName': 'Angle', 'value': 213}, 'value': '1.10'}, {'type': {'displayName': 'Chipped', 'value': 155}}, {'type': {'displayName': 'Length', 'value': 212}, 'value': '37.1'}, {'type': {'displayName': 'Cross', 'value': 2}}, {'type': {'displayName': 'Longball', 'value': 1}}, {'type': {'displayName': 'Zone', 'value': 56}, 'value': 'Center'}, {'type': {'displayName': 'PassEndX', 'value': 140}, 'value': '100.0'}]",True,,,,,
1901113,SecondHalf,81,28.0,84,Pass,Unsuccessful,78,Cagliari,362780.0,Elia Caprile,5.0,41.2,70.5,20.7,,,,,"[{'type': {'displayName': 'PassEndX', 'value': 140}, 'value': '70.5'}, {'type': {'displayName': 'Angle', 'value': 213}, 'value': '6.08'}, {'type': {'displayName': 'GoalKick', 'value': 124}}, {'type': {'displayName': 'Longball', 'value': 1}}, {'type': {'displayName': 'MissHigh', 'value': 74}}, {'type': {'displayName': 'Length', 'value': 212}, 'value': '70.2'}, {'type': {'displayName': 'PassEndY', 'value': 141}, 'value': '20.7'}, {'type': {'displayName': 'Zone', 'value': 56}, 'value': 'Right'}]",True,,,,,
1901113,SecondHalf,81,33.0,84,Clearance,Successful,87,Juventus,339875.0,Bremer,28.7,74.2,43.5,78.9,,,,,"[{'type': {'displayName': 'PassEndX', 'value': 140}, 'value': '43.5'}, {'type': {'displayName': 'Length', 'value': 212}, 'value': '15.9'}, {'type': {'displayName': 'PassEndY', 'value': 141}, 'value': '78.9'}, {'type': {'displayName': 'Head', 'value': 15}}, {'type': {'displayName': 'Zone', 'value': 56}, 'value': 'Back'}, {'type': {'displayName': 'Angle', 'value': 213}, 'value': '0.20'}]",True,,,,,
1901113,SecondHalf,81,35.0,84,Foul,Successful,87,Juventus,494525.0,Kenan Yildiz,45.3,82.2,,,,,,,"[{'type': {'displayName': 'Zone', 'value': 56}, 'value': 'Back'}, {'type': {'displayName': 'Offensive', 'value': 286}}, {'type': {'displayName': 'OppositeRelatedEvent', 'value': 233}, 'value': '541'}, {'type': {'displayName': 'Foul', 'value': 13}}]",True,,,,,
1901113,SecondHalf,81,35.0,84,Foul,Unsuccessful,78,Cagliari,450142.0,Zé Pedro,54.7,17.8,,,,,,,"[{'type': {'displayName': 'OppositeRelatedEvent', 'value': 233}, 'value': '946'}, {'type': {'displayName': 'Defensive', 'value': 285}}, {'type': {'displayName': 'Zone', 'value': 56}, 'value': 'Right'}, {'type': {'displayName': 'Foul', 'value': 13}}]",False,,,,,
1901113,SecondHalf,82,9.0,85,Pass,Successful,87,Juventus,332419.0,Lloyd Kelly,48.3,86.1,46.4,70.3,,,,,"[{'type': {'displayName': 'Length', 'value': 212}, 'value': '10.9'}, {'type': {'displayName': 'PassEndX', 'value': 140}, 'value': '46.4'}, {'type': {'displayName': 'FreekickTaken', 'value': 5}}, {'type': {'displayName': 'Angle', 'value': 213}, 'value': '4.53'}, {'type': {'displayName': 'Zone', 'value': 56}, 'value': 'Back'}, {'type': {'displayName': 'PassEndY', 'value': 141}, 'value': '70.3'}]",True,,,,,
1901113,SecondHalf,82,11.0,85,Pass,Successful,87,Juventus,366379.0,Khéphren Thuram,52.7,70.6,53.5,31.8,,,,,"[{'type': {'displayName': 'PassEndY', 'value': 141}, 'value': '31.8'}, {'type': {'displayName': 'PassEndX', 'value': 140}, 'value': '53.5'}, {'type': {'displayName': 'Angle', 'value': 213}, 'value': '4.74'}, {'type': {'displayName': 'Zone', 'value': 56}, 'value': 'Center'}, {'type': {'displayName': 'Length', 'value': 212}, 'value': '26.4'}]",True,,,,,
1901113,SecondHalf,82,14.0,85,Pass,Successful,87,Juventus,391836.0,Pierre Kalulu,53.5,31.8,58.2,16.6,,,,,"[{'type': {'displayName': 'PassEndX', 'value': 140}, 'value': '58.2'}, {'type': {'displayName': 'PassEndY', 'value': 141}, 'value': '16.6'}, {'type': {'displayName': 'Zone', 'value': 56}, 'value': 'Right'}, {'type': {'displayName': 'Angle', 'value': 213}, 'value': '5.16'}, {'type': {'displayName': 'Length', 'value': 212}, 'value': '11.5'}]",True,,,,,
1901113,SecondHalf,82,15.0,85,Pass,Successful,87,Juventus,409221.0,Francisco Conceição,56.7,19.8,45.9,55.3,,,,,"[{'type': {'displayName': 'PassEndY', 'value': 141}, 'value': '55.3'}, {'type': {'displayName': 'Length', 'value': 212}, 'value': '26.7'}, {'type': {'displayName': 'Angle', 'value': 213}, 'value': '2.01'}, {'type': {'displayName': 'Zone', 'value': 56}, 'value': 'Back'}, {'type': {'displayName': 'PassEndX', 'value': 140}, 'value': '45.9'}]",True,,,,,
1901113,SecondHalf,82,19.0,85,Pass,Successful,87,Juventus,339875.0,Bremer,50.4,60.7,59.4,77.1,,,,,"[{'type': {'displayName': 'PassEndY', 'value': 141}, 'value': '77.1'}, {'type': {'displayName': 'PassEndX', 'value': 140}, 'value': '59.4'}, {'type': {'displayName': 'Length', 'value': 212}, 'value': '14.6'}, {'type': {'displayName': 'Zone', 'value': 56}, 'value': 'Center'}, {'type': {'displayName': 'Angle', 'value': 213}, 'value': '0.87'}]",True,,,,,
1901113,SecondHalf,82,21.0,85,Pass,Successful,87,Juventus,332419.0,Lloyd Kelly,61.8,83.4,71.9,95.1,,,,,"[{'type': {'displayName': 'Length', 'value': 212}, 'value': '13.3'}, {'type': {'displayName': 'PassEndX', 'value': 140}, 'value': '71.9'}, {'type': {'displayName': 'Zone', 'value': 56}, 'value': 'Left'}, {'type': {'displayName': 'PassEndY', 'value': 141}, 'value': '95.1'}, {'type': {'displayName': 'Angle', 'value': 213}, 'value': '0.64'}]",True,,,,,
1901113,SecondHalf,82,24.0,85,Challenge,Unsuccessful,78,Cagliari,481154.0,Marco Palestra,27.2,7.0,,,,,,,"[{'type': {'displayName': 'OppositeRelatedEvent', 'value': 233}, 'value': '955'}, {'type': {'displayName': 'Defensive', 'value': 285}}, {'type': {'displayName': 'Zone', 'value': 56}, 'value': 'Back'}]",False,,,,,
1901113,SecondHalf,82,24.0,85,TakeOn,Successful,87,Juventus,494525.0,Kenan Yildiz,72.8,93.0,,,,,,,"[{'type': {'displayName': 'OppositeRelatedEvent', 'value': 233}, 'value': '542'}, {'type': {'displayName': 'Offensive', 'value': 286}}, {'type': {'displayName': 'Zone', 'value': 56}, 'value': 'Left'}]",True,,,,,
1901113,SecondHalf,82,29.0,85,Challenge,Unsuccessful,78,Cagliari,141269.0,Luca Mazzitelli,25.0,45.4,,,,,,,"[{'type': {'displayName': 'OppositeRelatedEvent', 'value': 233}, 'value': '956'}, {'type': {'displayName': 'Zone', 'value': 56}, 'value': 'Back'}, {'type': {'displayName': 'Defensive', 'value': 285}}]",False,,,,,
1901113,SecondHalf,82,29.0,85,TakeOn,Successful,87,Juventus,494525.0,Kenan Yildiz,75.0,54.6,,,,,,,"[{'type': {'displayName': 'OppositeRelatedEvent', 'value': 233}, 'value': '543'}, {'type': {'displayName': 'Zone', 'value': 56}, 'value': 'Center'}, {'type': {'displayName': 'Offensive', 'value': 286}}]",True,,,,,
1901113,SecondHalf,82,30.0,85,Pass,Successful,87,Juventus,494525.0,Kenan Yildiz,76.1,55.3,70.7,26.8,,,,,"[{'type': {'displayName': 'PassEndY', 'value': 141}, 'value': '26.8'}, {'type': {'displayName': 'Angle', 'value': 213}, 'value': '4.43'}, {'type': {'displayName': 'PassEndX', 'value': 140}, 'value': '70.7'}, {'type': {'displayName': 'Zone', 'value': 56}, 'value': 'Center'}, {'type': {'displayName': 'Length', 'value': 212}, 'value': '20.2'}]",True,,,,,
1901113,SecondHalf,82,32.0,85,Pass,Successful,87,Juventus,343308.0,Teun Koopmeiners,71.0,26.8,81.8,5.7,,,,,"[{'type': {'displayName': 'PassEndY', 'value': 141}, 'value': '5.7'}, {'type': {'displayName': 'Zone', 'value': 56}, 'value': 'Right'}, {'type': {'displayName': 'Length', 'value': 212}, 'value': '18.3'}, {'type': {'displayName': 'Angle', 'value': 213}, 'value': '5.38'}, {'type': {'displayName': 'PassEndX', 'value': 140}, 'value': '81.8'}]",True,,,,,
1901113,SecondHalf,82,36.0,85,Pass,Successful,87,Juventus,409221.0,Francisco Conceição,85.3,15.0,76.5,24.9,,,,,"[{'type': {'displayName': 'Zone', 'value': 56}, 'value': 'Center'}, {'type': {'displayName': 'Length', 'value': 212}, 'value': '11.4'}, {'type': {'displayName': 'PassEndY', 'value': 141}, 'value': '24.9'}, {'type': {'displayName': 'PassEndX', 'value': 140}, 'value': '76.5'}, {'type': {'displayName': 'Angle', 'value': 213}, 'value': '2.51'}]",True,,,,,
1901113,SecondHalf,82,38.0,85,Pass,Unsuccessful,87,Juventus,343308.0,Teun Koopmeiners,74.0,26.7,91.2,64.2,,,,,"[{'type': {'displayName': 'Length', 'value': 212}, 'value': '31.2'}, {'type': {'displayName': 'PassEndY', 'value': 141}, 'value': '64.2'}, {'type': {'displayName': 'Angle', 'value': 213}, 'value': '0.95'}, {'type': {'displayName': 'Chipped', 'value': 155}}, {'type': {'displayName': 'Zone', 'value': 56}, 'value': 'Center'}, {'type': {'displayName': 'PassEndX', 'value': 140}, 'value': '91.2'}]",True,,,,,
1901113,SecondHalf,82,42.0,85,Aerial,Successful,78,Cagliari,450142.0,Zé Pedro,8.8,35.8,,,,,,,"[{'type': {'displayName': 'Zone', 'value': 56}, 'value': 'Back'}, {'type': {'displayName': 'Defensive', 'value': 285}}, {'type': {'displayName': 'OppositeRelatedEvent', 'value': 233}, 'value': '961'}]",False,,,,,
1901113,SecondHalf,82,42.0,85,Aerial,Unsuccessful,87,Juventus,383855.0,Jonathan David,91.2,64.2,,,,,,,"[{'type': {'displayName': 'Offensive', 'value': 286}}, {'type': {'displayName': 'Zone', 'value': 56}, 'value': 'Center'}, {'type': {'displayName': 'OppositeRelatedEvent', 'value': 233}, 'value': '544'}]",False,,,,,
1901113,SecondHalf,82,42.0,85,Clearance,Successful,78,Cagliari,450142.0,Zé Pedro,8.8,35.8,15.6,0.0,,,,,"[{'type': {'displayName': 'Head', 'value': 15}}, {'type': {'displayName': 'Length', 'value': 212}, 'value': '25.8'}, {'type': {'displayName': 'Zone', 'value': 56}, 'value': 'Back'}, {'type': {'displayName': 'Angle', 'value': 213}, 'value': '4.99'}, {'type': {'displayName': 'PassEndY', 'value': 141}, 'value': '0.0'}, {'type': {'displayName': 'PassEndX', 'value': 140}, 'value': '15.6'}]",True,,,,,
1901113,SecondHalf,82,47.0,85,Pass,Successful,87,Juventus,383855.0,Jonathan David,83.1,100.0,71.9,86.1,,,,,"[{'type': {'displayName': 'PassEndX', 'value': 140}, 'value': '71.9'}, {'type': {'displayName': 'PassEndY', 'value': 141}, 'value': '86.1'}, {'type': {'displayName': 'Length', 'value': 212}, 'value': '15.4'}, {'type': {'displayName': 'ThrowIn', 'value': 107}}, {'type': {'displayName': 'Angle', 'value': 213}, 'value': '3.85'}, {'type': {'displayName': 'Zone', 'value': 56}, 'value': 'Left'}]",True,,,,,
1901113,SecondHalf,82,51.0,85,Pass,Successful,87,Juventus,391836.0,Pierre Kalulu,72.8,73.3,69.6,32.1,,,,,"[{'type': {'displayName': 'Angle', 'value': 213}, 'value': '4.59'}, {'type': {'displayName': 'PassEndX', 'value': 140}, 'value': '69.6'}, {'type': {'displayName': 'Length', 'value': 212}, 'value': '28.2'}, {'type': {'displayName': 'Zone', 'value': 56}, 'value': 'Center'}, {'type': {'displayName': 'PassEndY', 'value': 141}, 'value': '32.1'}]",True,,,,,
1901113,SecondHalf,82,53.0,85,Pass,Successful,87,Juventus,343308.0,Teun Koopmeiners,70.0,31.3,78.4,5.7,,,,,"[{'type': {'displayName': 'Angle', 'value': 213}, 'value': '5.18'}, {'type': {'displayName': 'Length', 'value': 212}, 'value': '19.5'}, {'type': {'displayName': 'PassEndY', 'value': 141}, 'value': '5.7'}, {'type': {'displayName': 'PassEndX', 'value': 140}, 'value': '78.4'}, {'type': {'displayName': 'Zone', 'value': 56}, 'value': 'Right'}]",True,,,,,
1901113,SecondHalf,82,59.0,85,Pass,Successful,87,Juventus,363181.0,Edon Zhegrova,76.0,19.8,73.7,49.8,,,,,"[{'type': {'displayName': 'Length', 'value': 212}, 'value': '20.5'}, {'type': {'displayName': 'Angle', 'value': 213}, 'value': '1.69'}, {'type': {'displayName': 'PassEndX', 'value': 140}, 'value': '73.7'}, {'type': {'displayName': 'Zone', 'value': 56}, 'value': 'Center'}, {'type': {'displayName': 'PassEndY', 'value': 141}, 'value': '49.8'}]",True,,,,,
1901113,SecondHalf,83,1.0,86,Pass,Successful,87,Juventus,339875.0,Bremer,73.8,48.7,80.3,63.7,,,,,"[{'type': {'displayName': 'Zone', 'value': 56}, 'value': 'Center'}, {'type': {'displayName': 'ShotAssist', 'value': 210}, 'value': '15'}, {'type': {'displayName': 'Angle', 'value': 213}, 'value': '0.98'}, {'type': {'displayName': 'IntentionalAssist', 'value': 154}}, {'type': {'displayName': 'Length', 'value': 212}, 'value': '12.3'}, {'type': {'displayName': 'PassEndX', 'value': 140}, 'value': '80.3'}, {'type': {'displayName': 'PassEndY', 'value': 141}, 'value': '63.7'}, {'type': {'displayName': 'KeyPass', 'value': 11113}}]",True,,,,,
1901113,SecondHalf,83,3.0,86,SavedShot,Successful,87,Juventus,494525.0,Kenan Yildiz,82.2,63.7,,,47.3,19.0,86.3,59.9,"[{'type': {'displayName': 'BlockedY', 'value': 147}, 'value': '59.9'}, {'type': {'displayName': 'RegularPlay', 'value': 22}}, {'type': {'displayName': 'GoalMouthY', 'value': 102}, 'value': '47.3'}, {'type': {'displayName': 'IntentionalAssist', 'value': 154}}, {'type': {'displayName': 'Assisted', 'value': 29}}, {'type': {'displayName': 'OutOfBoxCentre', 'value': 18}}, {'type': {'displayName': 'BlockedX', 'value': 146}, 'value': '86.3'}, {'type': {'displayName': 'Zone', 'value': 56}, 'value': 'Center'}, {'type': {'displayName': 'RelatedEventId', 'value': 55}, 'value': '967'}, {'type': {'displayName': 'GoalMouthZ', 'value': 103}, 'value': '19'}, {'type': {'displayName': 'LeftFoot', 'value': 72}}, {'type': {'displayName': 'Blocked', 'value': 82}}, {'type': {'displayName': 'LowRight', 'value': 80}}, {'type': {'displayName': 'OppositeRelatedEvent', 'value': 233}, 'value': '547'}]",True,True,,,967.0,339875.0
1901113,SecondHalf,83,4.0,86,Save,Successful,78,Cagliari,318432.0,Yerry Mina,12.8,47.2,,,,,,,"[{'type': {'displayName': 'OutfielderBlock', 'value': 94}}, {'type': {'displayName': 'OppositeRelatedEvent', 'value': 233}, 'value': '968'}, {'type': {'displayName': 'Zone', 'value': 56}, 'value': 'Back'}]",True,,,,,
1901113,SecondHalf,83,8.0,86,Clearance,Successful,78,Cagliari,255292.0,Sebastiano Luperto,9.5,46.5,0.0,36.9,,,,,"[{'type': {'displayName': 'PassEndY', 'value': 141}, 'value': '36.9'}, {'type': {'displayName': 'Length', 'value': 212}, 'value': '12.9'}, {'type': {'displayName': 'Angle', 'value': 213}, 'value': '3.67'}, {'type': {'displayName': 'Zone', 'value': 56}, 'value': 'Back'}, {'type': {'displayName': 'PassEndX', 'value': 140}, 'value': '0.0'}]",True,,,,,
1901113,SecondHalf,83,9.0,86,CornerAwarded,Unsuccessful,78,Cagliari,255292.0,Sebastiano Luperto,0.0,29.9,,,,,,,"[{'type': {'displayName': 'Zone', 'value': 56}, 'value': 'Back'}, {'type': {'displayName': 'OppositeRelatedEvent', 'value': 233}, 'value': '969'}, {'type': {'displayName': 'MissLeft', 'value': 73}}]",False,,,,,
1901113,SecondHalf,83,9.0,86,CornerAwarded,Successful,87,Juventus,494525.0,Kenan Yildiz,100.0,70.1,,,,,,,"[{'type': {'displayName': 'Zone', 'value': 56}, 'value': 'Center'}, {'type': {'displayName': 'MissLeft', 'value': 73}}, {'type': {'displayName': 'OppositeRelatedEvent', 'value': 233}, 'value': '549'}]",False,,,,,
1901113,SecondHalf,83,36.0,86,Pass,Unsuccessful,87,Juventus,494525.0,Kenan Yildiz,99.5,99.5,97.0,48.4,,,,,"[{'type': {'displayName': 'Angle', 'value': 213}, 'value': '4.64'}, {'type': {'displayName': 'CornerTaken', 'value': 6}}, {'type': {'displayName': 'OppositeRelatedEvent', 'value': 233}, 'value': '550'}, {'type': {'displayName': 'Length', 'value': 212}, 'value': '34.8'}, {'type': {'displayName': 'Zone', 'value': 56}, 'value': 'Center'}, {'type': {'displayName': 'Cross', 'value': 2}}, {'type': {'displayName': 'RightFoot', 'value': 20}}, {'type': {'displayName': 'PassEndY', 'value': 141}, 'value': '48.4'}, {'type': {'displayName': 'Longball', 'value': 1}}, {'type': {'displayName': 'Chipped', 'value': 155}}, {'type': {'displayName': 'PassEndX', 'value': 140}, 'value': '97.0'}]",True,,,,,
1901113,SecondHalf,83,39.0,86,Punch,Unsuccessful,78,Cagliari,362780.0,Elia Caprile,3.0,51.6,21.4,70.0,,,,,"[{'type': {'displayName': 'Length', 'value': 212}, 'value': '23.0'}, {'type': {'displayName': 'OppositeRelatedEvent', 'value': 233}, 'value': '970'}, {'type': {'displayName': 'PassEndY', 'value': 141}, 'value': '70.0'}, {'type': {'displayName': 'Angle', 'value': 213}, 'value': '0.57'}, {'type': {'displayName': 'PassEndX', 'value': 140}, 'value': '21.4'}]",True,,,,,
1901113,SecondHalf,83,41.0,86,Pass,Unsuccessful,87,Juventus,409221.0,Francisco Conceição,77.9,31.6,100.0,18.1,,,,,"[{'type': {'displayName': 'Zone', 'value': 56}, 'value': 'Right'}, {'type': {'displayName': 'PassEndX', 'value': 140}, 'value': '100.0'}, {'type': {'displayName': 'PassEndY', 'value': 141}, 'value': '18.1'}, {'type': {'displayName': 'Length', 'value': 212}, 'value': '26.4'}, {'type': {'displayName': 'Angle', 'value': 213}, 'value': '5.93'}]",True,,,,,
1901113,SecondHalf,84,20.0,87,Pass,Unsuccessful,78,Cagliari,362780.0,Elia Caprile,5.0,39.3,62.6,19.0,,,,,"[{'type': {'displayName': 'PassEndX', 'value': 140}, 'value': '62.6'}, {'type': {'displayName': 'Longball', 'value': 1}}, {'type': {'displayName': 'PassEndY', 'value': 141}, 'value': '19.0'}, {'type': {'displayName': 'GoalKick', 'value': 124}}, {'type': {'displayName': 'Zone', 'value': 56}, 'value': 'Right'}, {'type': {'displayName': 'MissHigh', 'value': 74}}, {'type': {'displayName': 'Length', 'value': 212}, 'value': '62.0'}, {'type': {'displayName': 'Angle', 'value': 213}, 'value': '6.06'}]",True,,,,,
1901113,SecondHalf,84,24.0,87,Aerial,Successful,87,Juventus,332419.0,Lloyd Kelly,37.4,81.0,,,,,,,"[{'type': {'displayName': 'OppositeRelatedEvent', 'value': 233}, 'value': '553'}, {'type': {'displayName': 'Zone', 'value': 56}, 'value': 'Back'}, {'type': {'displayName': 'Defensive', 'value': 285}}]",False,,,,,
1901113,SecondHalf,84,24.0,87,Aerial,Unsuccessful,78,Cagliari,447445.0,Gennaro Borrelli,62.6,19.0,,,,,,,"[{'type': {'displayName': 'OppositeRelatedEvent', 'value': 233}, 'value': '974'}, {'type': {'displayName': 'Zone', 'value': 56}, 'value': 'Right'}, {'type': {'displayName': 'Offensive', 'value': 286}}]",False,,,,,
1901113,SecondHalf,84,25.0,87,Pass,Unsuccessful,87,Juventus,332419.0,Lloyd Kelly,37.4,81.0,42.7,76.5,,,,,"[{'type': {'displayName': 'PassEndY', 'value': 141}, 'value': '76.5'}, {'type': {'displayName': 'Zone', 'value': 56}, 'value': 'Back'}, {'type': {'displayName': 'PassEndX', 'value': 140}, 'value': '42.7'}, {'type': {'displayName': 'Length', 'value': 212}, 'value': '6.4'}, {'type': {'displayName': 'HeadPass', 'value': 3}}, {'type': {'displayName': 'Angle', 'value': 213}, 'value': '5.78'}]",True,,,,,
1901113,SecondHalf,84,25.0,87,BallTouch,Successful,78,Cagliari,447445.0,Gennaro Borrelli,62.6,19.5,,,,,,,"[{'type': {'displayName': 'Zone', 'value': 56}, 'value': 'Right'}]",True,,,,,
1901113,SecondHalf,84,26.0,87,BallRecovery,Successful,87,Juventus,339875.0,Bremer,35.3,71.4,,,,,,,[],False,,,,,
1901113,SecondHalf,84,27.0,87,Pass,Successful,87,Juventus,339875.0,Bremer,36.5,60.4,54.3,7.9,,,,,"[{'type': {'displayName': 'Longball', 'value': 1}}, {'type': {'displayName': 'PassEndX', 'value': 140}, 'value': '54.3'}, {'type': {'displayName': 'Angle', 'value': 213}, 'value': '5.19'}, {'type': {'displayName': 'PassEndY', 'value': 141}, 'value': '7.9'}, {'type': {'displayName': 'Zone', 'value': 56}, 'value': 'Right'}, {'type': {'displayName': 'Length', 'value': 212}, 'value': '40.3'}]",True,,,,,
1901113,SecondHalf,84,35.0,87,Pass,Successful,87,Juventus,409221.0,Francisco Conceição,56.3,24.4,60.3,13.6,,,,,"[{'type': {'displayName': 'Length', 'value': 212}, 'value': '8.5'}, {'type': {'displayName': 'PassEndY', 'value': 141}, 'value': '13.6'}, {'type': {'displayName': 'PassEndX', 'value': 140}, 'value': '60.3'}, {'type': {'displayName': 'Zone', 'value': 56}, 'value': 'Right'}, {'type': {'displayName': 'Angle', 'value': 213}, 'value': '5.23'}]",True,,,,,
1901113,SecondHalf,84,37.0,87,Pass,Successful,87,Juventus,391836.0,Pierre Kalulu,64.9,11.5,71.0,3.3,,,,,"[{'type': {'displayName': 'Length', 'value': 212}, 'value': '8.5'}, {'type': {'displayName': 'PassEndX', 'value': 140}, 'value': '71.0'}, {'type': {'displayName': 'Angle', 'value': 213}, 'value': '5.57'}, {'type': {'displayName': 'Zone', 'value': 56}, 'value': 'Right'}, {'type': {'displayName': 'PassEndY', 'value': 141}, 'value': '3.3'}]",True,,,,,
1901113,SecondHalf,84,41.0,87,Pass,Successful,87,Juventus,363181.0,Edon Zhegrova,68.9,17.4,61.9,31.6,,,,,"[{'type': {'displayName': 'Zone', 'value': 56}, 'value': 'Center'}, {'type': {'displayName': 'PassEndX', 'value': 140}, 'value': '61.9'}, {'type': {'displayName': 'PassEndY', 'value': 141}, 'value': '31.6'}, {'type': {'displayName': 'Angle', 'value': 213}, 'value': '2.22'}, {'type': {'displayName': 'Length', 'value': 212}, 'value': '12.1'}]",True,,,,,
1901113,SecondHalf,84,43.0,87,Pass,Successful,87,Juventus,339875.0,Bremer,61.9,31.6,72.3,70.2,,,,,"[{'type': {'displayName': 'PassEndY', 'value': 141}, 'value': '70.2'}, {'type': {'displayName': 'Length', 'value': 212}, 'value': '28.4'}, {'type': {'displayName': 'Angle', 'value': 213}, 'value': '1.18'}, {'type': {'displayName': 'Zone', 'value': 56}, 'value': 'Center'}, {'type': {'displayName': 'PassEndX', 'value': 140}, 'value': '72.3'}]",True,,,,,
1901113,SecondHalf,84,49.0,87,Pass,Successful,87,Juventus,366379.0,Khéphren Thuram,72.4,61.6,85.9,65.5,,,,,"[{'type': {'displayName': 'Angle', 'value': 213}, 'value': '0.18'}, {'type': {'displayName': 'Zone', 'value': 56}, 'value': 'Center'}, {'type': {'displayName': 'PassEndX', 'value': 140}, 'value': '85.9'}, {'type': {'displayName': 'Length', 'value': 212}, 'value': '14.4'}, {'type': {'displayName': 'PassEndY', 'value': 141}, 'value': '65.5'}]",True,,,,,
1901113,SecondHalf,84,50.0,87,Pass,Successful,87,Juventus,383855.0,Jonathan David,85.7,66.0,79.8,60.4,,,,,"[{'type': {'displayName': 'PassEndY', 'value': 141}, 'value': '60.4'}, {'type': {'displayName': 'PassEndX', 'value': 140}, 'value': '79.8'}, {'type': {'displayName': 'Zone', 'value': 56}, 'value': 'Center'}, {'type': {'displayName': 'Angle', 'value': 213}, 'value': '3.69'}, {'type': {'displayName': 'Length', 'value': 212}, 'value': '7.3'}]",True,,,,,
1901113,SecondHalf,84,51.0,87,Pass,Unsuccessful,87,Juventus,366379.0,Khéphren Thuram,80.0,61.9,93.9,48.9,,,,,"[{'type': {'displayName': 'PassEndY', 'value': 141}, 'value': '48.9'}, {'type': {'displayName': 'Length', 'value': 212}, 'value': '17.1'}, {'type': {'displayName': 'Zone', 'value': 56}, 'value': 'Center'}, {'type': {'displayName': 'Angle', 'value': 213}, 'value': '5.74'}, {'type': {'displayName': 'PassEndX', 'value': 140}, 'value': '93.9'}]",True,,,,,
1901113,SecondHalf,84,53.0,87,KeeperPickup,Successful,78,Cagliari,362780.0,Elia Caprile,3.9,50.1,,,,,,,[],False,,,,,
1901113,SecondHalf,84,55.0,87,BallTouch,Successful,78,Cagliari,362780.0,Elia Caprile,13.8,47.2,,,,,,,"[{'type': {'displayName': 'Zone', 'value': 56}, 'value': 'Back'}]",True,,,,,
1901113,SecondHalf,85,51.0,88,Pass,Successful,87,Juventus,391836.0,Pierre Kalulu,79.4,0.0,88.3,29.1,,,,,"[{'type': {'displayName': 'ThrowIn', 'value': 107}}, {'type': {'displayName': 'Length', 'value': 212}, 'value': '22.6'}, {'type': {'displayName': 'Zone', 'value': 56}, 'value': 'Center'}, {'type': {'displayName': 'PassEndX', 'value': 140}, 'value': '88.3'}, {'type': {'displayName': 'PassEndY', 'value': 141}, 'value': '29.1'}, {'type': {'displayName': 'Longball', 'value': 1}}, {'type': {'displayName': 'Angle', 'value': 213}, 'value': '1.14'}]",True,,,,,
1901113,SecondHalf,85,54.0,88,BallTouch,Successful,87,Juventus,363618.0,Loïs Openda,88.3,29.1,,,,,,,"[{'type': {'displayName': 'Zone', 'value': 56}, 'value': 'Center'}]",True,,,,,
1901113,SecondHalf,85,55.0,88,KeeperPickup,Successful,78,Cagliari,362780.0,Elia Caprile,4.3,53.8,,,,,,,[],False,,,,,
1901113,SecondHalf,86,7.0,89,Pass,Unsuccessful,78,Cagliari,362780.0,Elia Caprile,13.9,36.6,81.6,48.7,,,,,"[{'type': {'displayName': 'Zone', 'value': 56}, 'value': 'Center'}, {'type': {'displayName': 'Longball', 'value': 1}}, {'type': {'displayName': 'Length', 'value': 212}, 'value': '71.6'}, {'type': {'displayName': 'Angle', 'value': 213}, 'value': '0.12'}, {'type': {'displayName': 'PassEndY', 'value': 141}, 'value': '48.7'}, {'type': {'displayName': 'PassEndX', 'value': 140}, 'value': '81.6'}]",True,,,,,
1901113,SecondHalf,86,13.0,89,BallRecovery,Successful,87,Juventus,78880.0,Mattia Perin,18.3,49.3,,,,,,,[],False,,,,,
1901113,SecondHalf,86,13.0,89,Pass,Successful,87,Juventus,78880.0,Mattia Perin,18.3,49.3,28.4,35.1,,,,,"[{'type': {'displayName': 'PassEndX', 'value': 140}, 'value': '28.4'}, {'type': {'displayName': 'Angle', 'value': 213}, 'value': '5.54'}, {'type': {'displayName': 'Zone', 'value': 56}, 'value': 'Back'}, {'type': {'displayName': 'Length', 'value': 212}, 'value': '14.3'}, {'type': {'displayName': 'PassEndY', 'value': 141}, 'value': '35.1'}]",True,,,,,
1901113,SecondHalf,86,16.0,89,Pass,Successful,87,Juventus,339875.0,Bremer,27.4,35.7,31.9,57.4,,,,,"[{'type': {'displayName': 'Zone', 'value': 56}, 'value': 'Back'}, {'type': {'displayName': 'Angle', 'value': 213}, 'value': '1.26'}, {'type': {'displayName': 'PassEndX', 'value': 140}, 'value': '31.9'}, {'type': {'displayName': 'PassEndY', 'value': 141}, 'value': '57.4'}, {'type': {'displayName': 'Length', 'value': 212}, 'value': '15.5'}]",True,,,,,
1901113,SecondHalf,86,22.0,89,Pass,Successful,87,Juventus,366379.0,Khéphren Thuram,53.4,66.9,59.7,92.5,,,,,"[{'type': {'displayName': 'PassEndY', 'value': 141}, 'value': '92.5'}, {'type': {'displayName': 'Length', 'value': 212}, 'value': '18.6'}, {'type': {'displayName': 'Angle', 'value': 213}, 'value': '1.21'}, {'type': {'displayName': 'Zone', 'value': 56}, 'value': 'Left'}, {'type': {'displayName': 'PassEndX', 'value': 140}, 'value': '59.7'}]",True,,,,,
1901113,SecondHalf,86,25.0,89,Pass,Successful,87,Juventus,332419.0,Lloyd Kelly,58.6,91.9,51.6,54.0,,,,,"[{'type': {'displayName': 'Zone', 'value': 56}, 'value': 'Center'}, {'type': {'displayName': 'PassEndX', 'value': 140}, 'value': '51.6'}, {'type': {'displayName': 'PassEndY', 'value': 141}, 'value': '54.0'}, {'type': {'displayName': 'Angle', 'value': 213}, 'value': '4.43'}, {'type': {'displayName': 'Length', 'value': 212}, 'value': '26.8'}]",True,,,,,
1901113,SecondHalf,86,28.0,89,Pass,Successful,87,Juventus,339875.0,Bremer,51.9,48.1,61.3,22.8,,,,,"[{'type': {'displayName': 'Length', 'value': 212}, 'value': '19.8'}, {'type': {'displayName': 'Zone', 'value': 56}, 'value': 'Center'}, {'type': {'displayName': 'PassEndX', 'value': 140}, 'value': '61.3'}, {'type': {'displayName': 'PassEndY', 'value': 141}, 'value': '22.8'}, {'type': {'displayName': 'Angle', 'value': 213}, 'value': '5.23'}]",True,,,,,
1901113,SecondHalf,86,32.0,89,Pass,Successful,87,Juventus,391836.0,Pierre Kalulu,61.5,19.5,67.9,3.6,,,,,"[{'type': {'displayName': 'PassEndX', 'value': 140}, 'value': '67.9'}, {'type': {'displayName': 'Zone', 'value': 56}, 'value': 'Right'}, {'type': {'displayName': 'Angle', 'value': 213}, 'value': '5.27'}, {'type': {'displayName': 'PassEndY', 'value': 141}, 'value': '3.6'}, {'type': {'displayName': 'Length', 'value': 212}, 'value': '12.7'}]",True,,,,,
1901113,SecondHalf,86,36.0,89,Pass,Successful,87,Juventus,409221.0,Francisco Conceição,61.7,16.2,53.3,60.1,,,,,"[{'type': {'displayName': 'Angle', 'value': 213}, 'value': '1.86'}, {'type': {'displayName': 'PassEndY', 'value': 141}, 'value': '60.1'}, {'type': {'displayName': 'PassEndX', 'value': 140}, 'value': '53.3'}, {'type': {'displayName': 'Zone', 'value': 56}, 'value': 'Center'}, {'type': {'displayName': 'Length', 'value': 212}, 'value': '31.1'}]",True,,,,,
1901113,SecondHalf,86,41.0,89,Pass,Successful,87,Juventus,332419.0,Lloyd Kelly,56.4,67.3,52.8,38.8,,,,,"[{'type': {'displayName': 'Angle', 'value': 213}, 'value': '4.52'}, {'type': {'displayName': 'PassEndX', 'value': 140}, 'value': '52.8'}, {'type': {'displayName': 'Zone', 'value': 56}, 'value': 'Center'}, {'type': {'displayName': 'PassEndY', 'value': 141}, 'value': '38.8'}, {'type': {'displayName': 'Length', 'value': 212}, 'value': '19.7'}]",True,,,,,
1901113,SecondHalf,86,44.0,89,Pass,Successful,87,Juventus,339875.0,Bremer,55.4,40.1,62.3,23.3,,,,,"[{'type': {'displayName': 'PassEndY', 'value': 141}, 'value': '23.3'}, {'type': {'displayName': 'Angle', 'value': 213}, 'value': '5.28'}, {'type': {'displayName': 'Length', 'value': 212}, 'value': '13.5'}, {'type': {'displayName': 'Zone', 'value': 56}, 'value': 'Center'}, {'type': {'displayName': 'PassEndX', 'value': 140}, 'value': '62.3'}]",True,,,,,
1901113,SecondHalf,86,48.0,89,TakeOn,Unsuccessful,87,Juventus,409221.0,Francisco Conceição,68.3,34.7,,,,,,,"[{'type': {'displayName': 'Offensive', 'value': 286}}, {'type': {'displayName': 'Zone', 'value': 56}, 'value': 'Center'}, {'type': {'displayName': 'OppositeRelatedEvent', 'value': 233}, 'value': '562'}]",True,,,,,
1901113,SecondHalf,86,48.0,89,Tackle,Unsuccessful,78,Cagliari,447445.0,Gennaro Borrelli,31.7,65.3,,,,,,,"[{'type': {'displayName': 'Defensive', 'value': 285}}, {'type': {'displayName': 'OppositeRelatedEvent', 'value': 233}, 'value': '1000'}, {'type': {'displayName': 'Zone', 'value': 56}, 'value': 'Back'}]",True,,,,,
1901113,SecondHalf,86,50.0,89,BallTouch,Successful,87,Juventus,409221.0,Francisco Conceição,69.0,36.0,,,,,,,"[{'type': {'displayName': 'Zone', 'value': 56}, 'value': 'Center'}]",True,,,,,
1901113,SecondHalf,86,51.0,89,BallTouch,Unsuccessful,78,Cagliari,356176.0,Michel Adopo,34.2,49.2,,,,,,,"[{'type': {'displayName': 'Zone', 'value': 56}, 'value': 'Back'}]",True,,,,,
1901113,SecondHalf,86,53.0,89,Pass,Successful,87,Juventus,366379.0,Khéphren Thuram,68.7,57.6,54.2,71.2,,,,,"[{'type': {'displayName': 'Length', 'value': 212}, 'value': '17.8'}, {'type': {'displayName': 'PassEndX', 'value': 140}, 'value': '54.2'}, {'type': {'displayName': 'PassEndY', 'value': 141}, 'value': '71.2'}, {'type': {'displayName': 'Angle', 'value': 213}, 'value': '2.60'}, {'type': {'displayName': 'Zone', 'value': 56}, 'value': 'Center'}]",True,,,,,
1901113,SecondHalf,86,55.0,89,Pass,Successful,87,Juventus,332419.0,Lloyd Kelly,53.5,72.0,64.0,76.8,,,,,"[{'type': {'displayName': 'PassEndX', 'value': 140}, 'value': '64.0'}, {'type': {'displayName': 'Length', 'value': 212}, 'value': '11.5'}, {'type': {'displayName': 'PassEndY', 'value': 141}, 'value': '76.8'}, {'type': {'displayName': 'Angle', 'value': 213}, 'value': '0.29'}, {'type': {'displayName': 'Zone', 'value': 56}, 'value': 'Center'}]",True,,,,,
1901113,SecondHalf,86,56.0,89,Pass,Successful,87,Juventus,494525.0,Kenan Yildiz,64.0,76.8,53.3,60.6,,,,,"[{'type': {'displayName': 'Angle', 'value': 213}, 'value': '3.92'}, {'type': {'displayName': 'Length', 'value': 212}, 'value': '15.7'}, {'type': {'displayName': 'Zone', 'value': 56}, 'value': 'Center'}, {'type': {'displayName': 'PassEndX', 'value': 140}, 'value': '53.3'}, {'type': {'displayName': 'PassEndY', 'value': 141}, 'value': '60.6'}]",True,,,,,
1901113,SecondHalf,86,58.0,89,Pass,Successful,87,Juventus,343308.0,Teun Koopmeiners,54.4,54.6,63.0,22.9,,,,,"[{'type': {'displayName': 'Zone', 'value': 56}, 'value': 'Center'}, {'type': {'displayName': 'Length', 'value': 212}, 'value': '23.4'}, {'type': {'displayName': 'Angle', 'value': 213}, 'value': '5.11'}, {'type': {'displayName': 'PassEndY', 'value': 141}, 'value': '22.9'}, {'type': {'displayName': 'PassEndX', 'value': 140}, 'value': '63.0'}]",True,,,,,
1901113,SecondHalf,87,1.0,90,BallTouch,Successful,87,Juventus,391836.0,Pierre Kalulu,64.0,21.7,,,,,,,"[{'type': {'displayName': 'Zone', 'value': 56}, 'value': 'Center'}]",True,,,,,
1901113,SecondHalf,87,3.0,90,Pass,Successful,87,Juventus,363181.0,Edon Zhegrova,66.5,3.3,75.1,2.7,,,,,"[{'type': {'displayName': 'Length', 'value': 212}, 'value': '9.0'}, {'type': {'displayName': 'PassEndY', 'value': 141}, 'value': '2.7'}, {'type': {'displayName': 'Angle', 'value': 213}, 'value': '6.24'}, {'type': {'displayName': 'Zone', 'value': 56}, 'value': 'Right'}, {'type': {'displayName': 'PassEndX', 'value': 140}, 'value': '75.1'}]",True,,,,,
1901113,SecondHalf,87,6.0,90,Foul,Successful,87,Juventus,409221.0,Francisco Conceição,71.5,2.8,,,,,,,"[{'type': {'displayName': 'Zone', 'value': 56}, 'value': 'Right'}, {'type': {'displayName': 'Foul', 'value': 13}}, {'type': {'displayName': 'OppositeRelatedEvent', 'value': 233}, 'value': '565'}, {'type': {'displayName': 'Offensive', 'value': 286}}]",True,,,,,
1901113,SecondHalf,87,6.0,90,Foul,Unsuccessful,78,Cagliari,424534.0,Adam Obert,28.5,97.2,,,,,,,"[{'type': {'displayName': 'Zone', 'value': 56}, 'value': 'Back'}, {'type': {'displayName': 'Defensive', 'value': 285}}, {'type': {'displayName': 'OppositeRelatedEvent', 'value': 233}, 'value': '1008'}, {'type': {'displayName': 'Foul', 'value': 13}}]",False,,,,,
1901113,SecondHalf,87,38.0,90,SubstitutionOff,Successful,87,Juventus,383855.0,Jonathan David,0.0,0.0,,,,,,,"[{'type': {'displayName': 'JerseyNumber', 'value': 59}, 'value': '30'}, {'type': {'displayName': 'PlayerPosition', 'value': 44}, 'value': 'Forward'}, {'type': {'displayName': 'RelatedEventId', 'value': 55}, 'value': '1011'}]",False,,,,1011.0,484428.0
1901113,SecondHalf,87,38.0,90,SubstitutionOn,Successful,87,Juventus,484428.0,Vasilije Adzic,0.0,0.0,,,,,,,"[{'type': {'displayName': 'PlayerPosition', 'value': 44}, 'value': 'Midfielder'}, {'type': {'displayName': 'JerseyNumber', 'value': 59}, 'value': '17'}, {'type': {'displayName': 'RelatedEventId', 'value': 55}, 'value': '1010'}, {'type': {'displayName': 'FormationSlot', 'value': 145}, 'value': '9'}]",False,,,,1010.0,383855.0
1901113,SecondHalf,87,39.0,90,FormationChange,Successful,87,Juventus,,,0.0,0.0,,,,,,,"[{'type': {'displayName': 'TeamFormation', 'value': 130}, 'value': '24'}, {'type': {'displayName': 'PlayerPosition', 'value': 44}, 'value': '1, 3, 3, 2, 2, 2, 3, 3, 4, 4, 4, 5, 5, 5, 5, 5, 5'}, {'type': {'displayName': 'JerseyNumber', 'value': 59}, 'value': '1, 8, 19, 6, 3, 15, 11, 17, 20, 7, 10, 16, 23, 4, 18, 25, 32'}, {'type': {'displayName': 'CaptainPlayerId', 'value': 194}, 'value': '339875'}, {'type': {'displayName': 'InvolvedPlayers', 'value': 30}, 'value': '78880,343308,366379,332419,339875,391836,363181,484428,363618,409221,494525,319696,83981,439909,105995,395173,445322'}, {'type': {'displayName': 'TeamPlayerFormation', 'value': 131}, 'value': '1, 2, 3, 4, 5, 6, 7, 8, 9, 10, 11, 0, 0, 0, 0, 0, 0'}]",False,,,,,
1901113,SecondHalf,87,50.0,90,Pass,Successful,87,Juventus,391836.0,Pierre Kalulu,64.6,5.8,68.5,4.8,,,,,"[{'type': {'displayName': 'PassEndY', 'value': 141}, 'value': '4.8'}, {'type': {'displayName': 'Length', 'value': 212}, 'value': '4.2'}, {'type': {'displayName': 'FreekickTaken', 'value': 5}}, {'type': {'displayName': 'Angle', 'value': 213}, 'value': '6.12'}, {'type': {'displayName': 'Zone', 'value': 56}, 'value': 'Right'}, {'type': {'displayName': 'PassEndX', 'value': 140}, 'value': '68.5'}]",True,,,,,
1901113,SecondHalf,87,51.0,90,Pass,Successful,87,Juventus,363181.0,Edon Zhegrova,71.1,5.7,86.8,47.8,,,,,"[{'type': {'displayName': 'ShotAssist', 'value': 210}, 'value': '15'}, {'type': {'displayName': 'IntentionalAssist', 'value': 154}}, {'type': {'displayName': 'PassEndX', 'value': 140}, 'value': '86.8'}, {'type': {'displayName': 'Cross', 'value': 2}}, {'type': {'displayName': 'Length', 'value': 212}, 'value': '33.0'}, {'type': {'displayName': 'Chipped', 'value': 155}}, {'type': {'displayName': 'Angle', 'value': 213}, 'value': '1.05'}, {'type': {'displayName': 'Longball', 'value': 1}}, {'type': {'displayName': 'Zone', 'value': 56}, 'value': 'Center'}, {'type': {'displayName': 'LeftFoot', 'value': 72}}, {'type': {'displayName': 'PassEndY', 'value': 141}, 'value': '47.8'}, {'type': {'displayName': 'KeyPass', 'value': 11113}}]",True,,,,,
1901113,SecondHalf,87,53.0,90,Aerial,Successful,87,Juventus,343308.0,Teun Koopmeiners,86.8,47.8,,,,,,,"[{'type': {'displayName': 'Offensive', 'value': 286}}, {'type': {'displayName': 'OppositeRelatedEvent', 'value': 233}, 'value': '566'}, {'type': {'displayName': 'Zone', 'value': 56}, 'value': 'Center'}]",False,,,,,
1901113,SecondHalf,87,53.0,90,Aerial,Unsuccessful,78,Cagliari,424534.0,Adam Obert,13.2,52.2,,,,,,,"[{'type': {'displayName': 'Defensive', 'value': 285}}, {'type': {'displayName': 'Zone', 'value': 56}, 'value': 'Back'}, {'type': {'displayName': 'OppositeRelatedEvent', 'value': 233}, 'value': '1014'}]",False,,,,,
1901113,SecondHalf,87,53.0,90,SavedShot,Successful,87,Juventus,343308.0,Teun Koopmeiners,86.8,47.8,,,52.2,17.7,99.0,48.7,"[{'type': {'displayName': 'Zone', 'value': 56}, 'value': 'Center'}, {'type': {'displayName': 'BoxCentre', 'value': 17}}, {'type': {'displayName': 'OppositeRelatedEvent', 'value': 233}, 'value': '604'}, {'type': {'displayName': 'Assisted', 'value': 29}}, {'type': {'displayName': 'GoalMouthZ', 'value': 103}, 'value': '17.7'}, {'type': {'displayName': 'RelatedEventId', 'value': 55}, 'value': '1013'}, {'type': {'displayName': 'IntentionalAssist', 'value': 154}}, {'type': {'displayName': 'BlockedY', 'value': 147}, 'value': '48.7'}, {'type': {'displayName': 'GoalMouthY', 'value': 102}, 'value': '52.2'}, {'type': {'displayName': 'BlockedX', 'value': 146}, 'value': '99.0'}, {'type': {'displayName': 'LowLeft', 'value': 76}}, {'type': {'displayName': 'FirstTouch', 'value': 328}}, {'type': {'displayName': 'Head', 'value': 15}}, {'type': {'displayName': 'SetPiece', 'value': 24}}]",True,True,,,1013.0,363181.0
1901113,SecondHalf,87,53.0,90,Save,Successful,78,Cagliari,362780.0,Elia Caprile,1.0,47.4,,,,,,,"[{'type': {'displayName': 'OppositeRelatedEvent', 'value': 233}, 'value': '1015'}, {'type': {'displayName': 'DivingSave', 'value': 179}}, {'type': {'displayName': 'Zone', 'value': 56}, 'value': 'Back'}, {'type': {'displayName': 'Hands', 'value': 182}}, {'type': {'displayName': 'KeeperSaveInTheBox', 'value': 11115}}]",True,,,,,
1901113,SecondHalf,87,54.0,90,KeeperPickup,Successful,78,Cagliari,362780.0,Elia Caprile,1.4,47.9,,,,,,,[],False,,,,,
1901113,SecondHalf,88,9.0,91,Pass,Unsuccessful,78,Cagliari,362780.0,Elia Caprile,9.2,37.0,60.7,4.8,,,,,"[{'type': {'displayName': 'PassEndY', 'value': 141}, 'value': '4.8'}, {'type': {'displayName': 'Length', 'value': 212}, 'value': '58.3'}, {'type': {'displayName': 'Angle', 'value': 213}, 'value': '5.90'}, {'type': {'displayName': 'Longball', 'value': 1}}, {'type': {'displayName': 'PassEndX', 'value': 140}, 'value': '60.7'}, {'type': {'displayName': 'Zone', 'value': 56}, 'value': 'Right'}]",True,,,,,
1901113,SecondHalf,88,12.0,91,Pass,Successful,87,Juventus,332419.0,Lloyd Kelly,33.1,96.4,50.2,88.5,,,,,"[{'type': {'displayName': 'Zone', 'value': 56}, 'value': 'Left'}, {'type': {'displayName': 'Length', 'value': 212}, 'value': '18.7'}, {'type': {'displayName': 'Angle', 'value': 213}, 'value': '5.99'}, {'type': {'displayName': 'PassEndX', 'value': 140}, 'value': '50.2'}, {'type': {'displayName': 'PassEndY', 'value': 141}, 'value': '88.5'}, {'type': {'displayName': 'HeadPass', 'value': 3}}]",True,,,,,
1901113,SecondHalf,88,13.0,91,BallTouch,Unsuccessful,87,Juventus,484428.0,Vasilije Adzic,47.9,91.0,,,,,,,"[{'type': {'displayName': 'Zone', 'value': 56}, 'value': 'Back'}]",True,,,,,
1901113,SecondHalf,88,13.0,91,Pass,Successful,78,Cagliari,356176.0,Michel Adopo,44.4,17.7,37.7,16.8,,,,,"[{'type': {'displayName': 'PassEndY', 'value': 141}, 'value': '16.8'}, {'type': {'displayName': 'Length', 'value': 212}, 'value': '7.1'}, {'type': {'displayName': 'PassEndX', 'value': 140}, 'value': '37.7'}, {'type': {'displayName': 'Angle', 'value': 213}, 'value': '3.23'}, {'type': {'displayName': 'Zone', 'value': 56}, 'value': 'Back'}]",True,,,,,
1901113,SecondHalf,88,15.0,91,Pass,Unsuccessful,78,Cagliari,450142.0,Zé Pedro,37.4,16.8,95.1,6.3,,,,,"[{'type': {'displayName': 'Length', 'value': 212}, 'value': '61.0'}, {'type': {'displayName': 'Zone', 'value': 56}, 'value': 'Right'}, {'type': {'displayName': 'PassEndX', 'value': 140}, 'value': '95.1'}, {'type': {'displayName': 'Longball', 'value': 1}}, {'type': {'displayName': 'Angle', 'value': 213}, 'value': '6.17'}, {'type': {'displayName': 'PassEndY', 'value': 141}, 'value': '6.3'}]",True,,,,,
1901113,SecondHalf,88,20.0,91,BallRecovery,Successful,87,Juventus,343308.0,Teun Koopmeiners,8.8,89.2,,,,,,,[],False,,,,,
1901113,SecondHalf,88,21.0,91,Pass,Successful,87,Juventus,343308.0,Teun Koopmeiners,10.4,89.2,24.2,49.3,,,,,"[{'type': {'displayName': 'PassEndY', 'value': 141}, 'value': '49.3'}, {'type': {'displayName': 'Length', 'value': 212}, 'value': '30.8'}, {'type': {'displayName': 'Angle', 'value': 213}, 'value': '5.20'}, {'type': {'displayName': 'Zone', 'value': 56}, 'value': 'Back'}, {'type': {'displayName': 'PassEndX', 'value': 140}, 'value': '24.2'}]",True,,,,,
1901113,SecondHalf,88,28.0,91,Pass,Successful,87,Juventus,339875.0,Bremer,36.3,42.1,44.5,23.7,,,,,"[{'type': {'displayName': 'Zone', 'value': 56}, 'value': 'Back'}, {'type': {'displayName': 'Angle', 'value': 213}, 'value': '5.32'}, {'type': {'displayName': 'PassEndX', 'value': 140}, 'value': '44.5'}, {'type': {'displayName': 'PassEndY', 'value': 141}, 'value': '23.7'}, {'type': {'displayName': 'Length', 'value': 212}, 'value': '15.2'}]",True,,,,,
1901113,SecondHalf,88,32.0,91,Pass,Successful,87,Juventus,391836.0,Pierre Kalulu,47.3,23.5,44.1,41.7,,,,,"[{'type': {'displayName': 'PassEndY', 'value': 141}, 'value': '41.7'}, {'type': {'displayName': 'Length', 'value': 212}, 'value': '12.8'}, {'type': {'displayName': 'Zone', 'value': 56}, 'value': 'Back'}, {'type': {'displayName': 'PassEndX', 'value': 140}, 'value': '44.1'}, {'type': {'displayName': 'Angle', 'value': 213}, 'value': '1.84'}]",True,,,,,
1901113,SecondHalf,88,35.0,91,Pass,Successful,87,Juventus,339875.0,Bremer,45.8,44.8,51.4,77.8,,,,,"[{'type': {'displayName': 'PassEndY', 'value': 141}, 'value': '77.8'}, {'type': {'displayName': 'Zone', 'value': 56}, 'value': 'Center'}, {'type': {'displayName': 'Angle', 'value': 213}, 'value': '1.31'}, {'type': {'displayName': 'Length', 'value': 212}, 'value': '23.2'}, {'type': {'displayName': 'PassEndX', 'value': 140}, 'value': '51.4'}]",True,,,,,
1901113,SecondHalf,88,40.0,91,Pass,Successful,87,Juventus,332419.0,Lloyd Kelly,62.1,76.9,54.8,51.7,,,,,"[{'type': {'displayName': 'Length', 'value': 212}, 'value': '18.8'}, {'type': {'displayName': 'PassEndY', 'value': 141}, 'value': '51.7'}, {'type': {'displayName': 'PassEndX', 'value': 140}, 'value': '54.8'}, {'type': {'displayName': 'Angle', 'value': 213}, 'value': '4.29'}, {'type': {'displayName': 'Zone', 'value': 56}, 'value': 'Center'}]",True,,,,,
1901113,SecondHalf,88,42.0,91,Pass,Successful,87,Juventus,339875.0,Bremer,54.8,51.7,65.1,23.5,,,,,"[{'type': {'displayName': 'Angle', 'value': 213}, 'value': '5.23'}, {'type': {'displayName': 'PassEndY', 'value': 141}, 'value': '23.5'}, {'type': {'displayName': 'PassEndX', 'value': 140}, 'value': '65.1'}, {'type': {'displayName': 'Zone', 'value': 56}, 'value': 'Center'}, {'type': {'displayName': 'Length', 'value': 212}, 'value': '22.0'}]",True,,,,,
1901113,SecondHalf,88,46.0,91,Pass,Successful,87,Juventus,366379.0,Khéphren Thuram,73.9,13.3,75.0,3.0,,,,,"[{'type': {'displayName': 'PassEndX', 'value': 140}, 'value': '75.0'}, {'type': {'displayName': 'Zone', 'value': 56}, 'value': 'Right'}, {'type': {'displayName': 'Angle', 'value': 213}, 'value': '4.88'}, {'type': {'displayName': 'Length', 'value': 212}, 'value': '7.1'}, {'type': {'displayName': 'PassEndY', 'value': 141}, 'value': '3.0'}]",True,,,,,
1901113,SecondHalf,88,48.0,91,Pass,Successful,87,Juventus,409221.0,Francisco Conceição,73.9,3.7,68.1,16.5,,,,,"[{'type': {'displayName': 'Angle', 'value': 213}, 'value': '2.18'}, {'type': {'displayName': 'Length', 'value': 212}, 'value': '10.6'}, {'type': {'displayName': 'PassEndY', 'value': 141}, 'value': '16.5'}, {'type': {'displayName': 'PassEndX', 'value': 140}, 'value': '68.1'}, {'type': {'displayName': 'Zone', 'value': 56}, 'value': 'Right'}]",True,,,,,
1901113,SecondHalf,88,49.0,91,Pass,Successful,87,Juventus,391836.0,Pierre Kalulu,68.1,16.5,68.0,4.8,,,,,"[{'type': {'displayName': 'Angle', 'value': 213}, 'value': '4.70'}, {'type': {'displayName': 'PassEndY', 'value': 141}, 'value': '4.8'}, {'type': {'displayName': 'PassEndX', 'value': 140}, 'value': '68.0'}, {'type': {'displayName': 'Zone', 'value': 56}, 'value': 'Right'}, {'type': {'displayName': 'Length', 'value': 212}, 'value': '8.0'}]",True,,,,,
1901113,SecondHalf,88,50.0,91,Pass,Successful,87,Juventus,409221.0,Francisco Conceição,67.1,6.3,56.3,29.4,,,,,"[{'type': {'displayName': 'Angle', 'value': 213}, 'value': '2.20'}, {'type': {'displayName': 'PassEndX', 'value': 140}, 'value': '56.3'}, {'type': {'displayName': 'Zone', 'value': 56}, 'value': 'Center'}, {'type': {'displayName': 'Length', 'value': 212}, 'value': '19.4'}, {'type': {'displayName': 'PassEndY', 'value': 141}, 'value': '29.4'}]",True,,,,,
1901113,SecondHalf,88,53.0,91,Pass,Successful,87,Juventus,339875.0,Bremer,60.9,34.3,65.8,45.4,,,,,"[{'type': {'displayName': 'Angle', 'value': 213}, 'value': '0.97'}, {'type': {'displayName': 'Zone', 'value': 56}, 'value': 'Center'}, {'type': {'displayName': 'PassEndX', 'value': 140}, 'value': '65.8'}, {'type': {'displayName': 'PassEndY', 'value': 141}, 'value': '45.4'}, {'type': {'displayName': 'Length', 'value': 212}, 'value': '9.1'}]",True,,,,,
1901113,SecondHalf,88,55.0,91,Pass,Successful,87,Juventus,343308.0,Teun Koopmeiners,66.2,45.6,59.3,60.6,,,,,"[{'type': {'displayName': 'Zone', 'value': 56}, 'value': 'Center'}, {'type': {'displayName': 'PassEndX', 'value': 140}, 'value': '59.3'}, {'type': {'displayName': 'PassEndY', 'value': 141}, 'value': '60.6'}, {'type': {'displayName': 'Length', 'value': 212}, 'value': '12.5'}, {'type': {'displayName': 'Angle', 'value': 213}, 'value': '2.19'}]",True,,,,,
1901113,SecondHalf,88,58.0,91,Pass,Successful,87,Juventus,332419.0,Lloyd Kelly,60.7,69.9,61.0,85.9,,,,,"[{'type': {'displayName': 'PassEndX', 'value': 140}, 'value': '61.0'}, {'type': {'displayName': 'PassEndY', 'value': 141}, 'value': '85.9'}, {'type': {'displayName': 'Length', 'value': 212}, 'value': '10.9'}, {'type': {'displayName': 'Zone', 'value': 56}, 'value': 'Left'}, {'type': {'displayName': 'Angle', 'value': 213}, 'value': '1.54'}]",True,,,,,
1901113,SecondHalf,89,2.0,92,Pass,Unsuccessful,87,Juventus,494525.0,Kenan Yildiz,65.1,67.9,89.6,41.2,,,,,"[{'type': {'displayName': 'PassEndY', 'value': 141}, 'value': '41.2'}, {'type': {'displayName': 'Chipped', 'value': 155}}, {'type': {'displayName': 'Zone', 'value': 56}, 'value': 'Center'}, {'type': {'displayName': 'PassEndX', 'value': 140}, 'value': '89.6'}, {'type': {'displayName': 'Angle', 'value': 213}, 'value': '5.67'}, {'type': {'displayName': 'Length', 'value': 212}, 'value': '31.5'}]",True,,,,,
1901113,SecondHalf,89,6.0,92,Clearance,Successful,78,Cagliari,424534.0,Adam Obert,15.3,63.6,16.5,70.3,,,,,"[{'type': {'displayName': 'PassEndY', 'value': 141}, 'value': '70.3'}, {'type': {'displayName': 'Head', 'value': 15}}, {'type': {'displayName': 'Angle', 'value': 213}, 'value': '1.30'}, {'type': {'displayName': 'Zone', 'value': 56}, 'value': 'Back'}, {'type': {'displayName': 'PassEndX', 'value': 140}, 'value': '16.5'}, {'type': {'displayName': 'Length', 'value': 212}, 'value': '4.7'}]",True,,,,,
1901113,SecondHalf,89,9.0,92,Pass,Unsuccessful,87,Juventus,409221.0,Francisco Conceição,95.9,26.4,95.5,29.1,,,,,"[{'type': {'displayName': 'Zone', 'value': 56}, 'value': 'Center'}, {'type': {'displayName': 'Angle', 'value': 213}, 'value': '1.80'}, {'type': {'displayName': 'PassEndY', 'value': 141}, 'value': '29.1'}, {'type': {'displayName': 'Length', 'value': 212}, 'value': '1.9'}, {'type': {'displayName': 'PassEndX', 'value': 140}, 'value': '95.5'}]",True,,,,,
1901113,SecondHalf,89,10.0,92,BallTouch,Successful,78,Cagliari,424534.0,Adam Obert,5.8,72.6,,,,,,,"[{'type': {'displayName': 'Zone', 'value': 56}, 'value': 'Back'}]",True,,,,,
1901113,SecondHalf,89,10.0,92,MissedShots,Successful,87,Juventus,363618.0,Loïs Openda,93.6,50.3,,,77.5,6.9,,,"[{'type': {'displayName': 'RegularPlay', 'value': 22}}, {'type': {'displayName': 'FirstTouch', 'value': 328}}, {'type': {'displayName': 'Zone', 'value': 56}, 'value': 'Center'}, {'type': {'displayName': 'GoalMouthZ', 'value': 103}, 'value': '6.9'}, {'type': {'displayName': 'MissLeft', 'value': 73}}, {'type': {'displayName': 'GoalMouthY', 'value': 102}, 'value': '77.5'}, {'type': {'displayName': 'Head', 'value': 15}}, {'type': {'displayName': 'BoxCentre', 'value': 17}}]",True,True,,,,
1901113,SecondHalf,89,57.0,92,Pass,Successful,78,Cagliari,362780.0,Elia Caprile,4.9,39.6,59.6,7.0,,,,,"[{'type': {'displayName': 'PassEndX', 'value': 140}, 'value': '59.6'}, {'type': {'displayName': 'MissHigh', 'value': 74}}, {'type': {'displayName': 'Angle', 'value': 213}, 'value': '5.91'}, {'type': {'displayName': 'GoalKick', 'value': 124}}, {'type': {'displayName': 'Length', 'value': 212}, 'value': '61.6'}, {'type': {'displayName': 'Zone', 'value': 56}, 'value': 'Right'}, {'type': {'displayName': 'PassEndY', 'value': 141}, 'value': '7.0'}, {'type': {'displayName': 'Longball', 'value': 1}}]",True,,,,,
1901113,SecondHalf,90,2.0,93,Aerial,Successful,78,Cagliari,447445.0,Gennaro Borrelli,59.6,7.0,,,,,,,"[{'type': {'displayName': 'Zone', 'value': 56}, 'value': 'Right'}, {'type': {'displayName': 'Offensive', 'value': 286}}, {'type': {'displayName': 'OppositeRelatedEvent', 'value': 233}, 'value': '1037'}]",False,,,,,
1901113,SecondHalf,90,2.0,93,Aerial,Unsuccessful,87,Juventus,366379.0,Khéphren Thuram,40.4,93.0,,,,,,,"[{'type': {'displayName': 'OppositeRelatedEvent', 'value': 233}, 'value': '575'}, {'type': {'displayName': 'Zone', 'value': 56}, 'value': 'Back'}, {'type': {'displayName': 'Defensive', 'value': 285}}]",False,,,,,
1901113,SecondHalf,90,2.0,93,BallTouch,Successful,78,Cagliari,447445.0,Gennaro Borrelli,53.0,3.6,,,,,,,"[{'type': {'displayName': 'Zone', 'value': 56}, 'value': 'Right'}]",True,,,,,
1901113,SecondHalf,90,2.0,93,BallTouch,Successful,87,Juventus,366379.0,Khéphren Thuram,42.3,97.0,,,,,,,"[{'type': {'displayName': 'Zone', 'value': 56}, 'value': 'Back'}]",True,,,,,
1901113,SecondHalf,90,24.0,93,Pass,Successful,78,Cagliari,450142.0,Zé Pedro,52.7,0.0,64.4,7.0,,,,,"[{'type': {'displayName': 'Zone', 'value': 56}, 'value': 'Right'}, {'type': {'displayName': 'Length', 'value': 212}, 'value': '13.3'}, {'type': {'displayName': 'PassEndY', 'value': 141}, 'value': '7.0'}, {'type': {'displayName': 'ThrowIn', 'value': 107}}, {'type': {'displayName': 'PassEndX', 'value': 140}, 'value': '64.4'}, {'type': {'displayName': 'Angle', 'value': 213}, 'value': '0.40'}]",True,,,,,
1901113,SecondHalf,90,26.0,93,Pass,Successful,78,Cagliari,447445.0,Gennaro Borrelli,64.0,6.2,62.5,5.4,,,,,"[{'type': {'displayName': 'Length', 'value': 212}, 'value': '1.7'}, {'type': {'displayName': 'PassEndY', 'value': 141}, 'value': '5.4'}, {'type': {'displayName': 'LayOff', 'value': 156}}, {'type': {'displayName': 'PassEndX', 'value': 140}, 'value': '62.5'}, {'type': {'displayName': 'Angle', 'value': 213}, 'value': '3.47'}, {'type': {'displayName': 'Zone', 'value': 56}, 'value': 'Right'}]",True,,,,,
1901113,SecondHalf,90,26.0,93,Pass,Successful,78,Cagliari,356176.0,Michel Adopo,63.0,5.2,71.7,5.4,,,,,"[{'type': {'displayName': 'Length', 'value': 212}, 'value': '9.1'}, {'type': {'displayName': 'Angle', 'value': 213}, 'value': '0.01'}, {'type': {'displayName': 'Zone', 'value': 56}, 'value': 'Right'}, {'type': {'displayName': 'PassEndX', 'value': 140}, 'value': '71.7'}, {'type': {'displayName': 'PassEndY', 'value': 141}, 'value': '5.4'}]",True,,,,,
1901113,SecondHalf,90,28.0,93,Dispossessed,Successful,78,Cagliari,481154.0,Marco Palestra,70.2,6.2,,,,,,,"[{'type': {'displayName': 'Offensive', 'value': 286}}, {'type': {'displayName': 'OppositeRelatedEvent', 'value': 233}, 'value': '1040'}, {'type': {'displayName': 'Zone', 'value': 56}, 'value': 'Right'}]",True,,,,,
1901113,SecondHalf,90,28.0,93,Tackle,Successful,87,Juventus,332419.0,Lloyd Kelly,29.8,93.8,,,,,,,"[{'type': {'displayName': 'Defensive', 'value': 285}}, {'type': {'displayName': 'StandingSave', 'value': 178}}, {'type': {'displayName': 'OppositeRelatedEvent', 'value': 233}, 'value': '581'}, {'type': {'displayName': 'Zone', 'value': 56}, 'value': 'Back'}]",True,,,,,
1901113,SecondHalf,90,29.0,93,Pass,Unsuccessful,87,Juventus,332419.0,Lloyd Kelly,27.6,92.4,33.5,86.9,,,,,"[{'type': {'displayName': 'PassEndX', 'value': 140}, 'value': '33.5'}, {'type': {'displayName': 'Zone', 'value': 56}, 'value': 'Back'}, {'type': {'displayName': 'Length', 'value': 212}, 'value': '7.2'}, {'type': {'displayName': 'Angle', 'value': 213}, 'value': '5.74'}, {'type': {'displayName': 'PassEndY', 'value': 141}, 'value': '86.9'}]",True,,,,,
1901113,SecondHalf,90,30.0,93,TakeOn,Successful,78,Cagliari,447445.0,Gennaro Borrelli,68.1,5.4,,,,,,,"[{'type': {'displayName': 'OppositeRelatedEvent', 'value': 233}, 'value': '1041'}, {'type': {'displayName': 'Offensive', 'value': 286}}, {'type': {'displayName': 'Zone', 'value': 56}, 'value': 'Right'}]",True,,,,,
1901113,SecondHalf,90,30.0,93,Challenge,Unsuccessful,87,Juventus,484428.0,Vasilije Adzic,31.9,94.6,,,,,,,"[{'type': {'displayName': 'Zone', 'value': 56}, 'value': 'Back'}, {'type': {'displayName': 'Defensive', 'value': 285}}, {'type': {'displayName': 'OppositeRelatedEvent', 'value': 233}, 'value': '582'}]",False,,,,,
1901113,SecondHalf,90,31.0,93,BallTouch,Unsuccessful,78,Cagliari,447445.0,Gennaro Borrelli,75.4,3.9,,,,,,,"[{'type': {'displayName': 'Zone', 'value': 56}, 'value': 'Right'}]",True,,,,,
1901113,SecondHalf,90,36.0,93,BallRecovery,Successful,87,Juventus,339875.0,Bremer,9.5,83.6,,,,,,,[],False,,,,,
1901113,SecondHalf,90,39.0,93,Pass,Successful,87,Juventus,339875.0,Bremer,9.8,66.4,36.5,23.9,,,,,"[{'type': {'displayName': 'Zone', 'value': 56}, 'value': 'Back'}, {'type': {'displayName': 'PassEndX', 'value': 140}, 'value': '36.5'}, {'type': {'displayName': 'Angle', 'value': 213}, 'value': '5.48'}, {'type': {'displayName': 'Length', 'value': 212}, 'value': '40.3'}, {'type': {'displayName': 'PassEndY', 'value': 141}, 'value': '23.9'}, {'type': {'displayName': 'Longball', 'value': 1}}]",True,,,,,
1901113,SecondHalf,90,45.0,93,Pass,Successful,87,Juventus,391836.0,Pierre Kalulu,69.1,31.2,66.5,69.7,,,,,"[{'type': {'displayName': 'PassEndY', 'value': 141}, 'value': '69.7'}, {'type': {'displayName': 'Zone', 'value': 56}, 'value': 'Center'}, {'type': {'displayName': 'Length', 'value': 212}, 'value': '26.3'}, {'type': {'displayName': 'Angle', 'value': 213}, 'value': '1.67'}, {'type': {'displayName': 'PassEndX', 'value': 140}, 'value': '66.5'}]",True,,,,,
1901113,SecondHalf,90,48.0,93,Pass,Successful,87,Juventus,366379.0,Khéphren Thuram,75.3,82.2,75.0,89.8,,,,,"[{'type': {'displayName': 'Zone', 'value': 56}, 'value': 'Left'}, {'type': {'displayName': 'Length', 'value': 212}, 'value': '5.2'}, {'type': {'displayName': 'Angle', 'value': 213}, 'value': '1.63'}, {'type': {'displayName': 'PassEndY', 'value': 141}, 'value': '89.8'}, {'type': {'displayName': 'PassEndX', 'value': 140}, 'value': '75.0'}]",True,,,,,
1901113,SecondHalf,90,50.0,93,Pass,Successful,87,Juventus,494525.0,Kenan Yildiz,75.2,86.7,72.7,57.7,,,,,"[{'type': {'displayName': 'Zone', 'value': 56}, 'value': 'Center'}, {'type': {'displayName': 'Angle', 'value': 213}, 'value': '4.58'}, {'type': {'displayName': 'PassEndY', 'value': 141}, 'value': '57.7'}, {'type': {'displayName': 'Length', 'value': 212}, 'value': '19.9'}, {'type': {'displayName': 'PassEndX', 'value': 140}, 'value': '72.7'}]",True,,,,,
1901113,SecondHalf,90,53.0,93,Pass,Successful,87,Juventus,391836.0,Pierre Kalulu,72.8,56.7,71.2,68.7,,,,,"[{'type': {'displayName': 'Angle', 'value': 213}, 'value': '1.77'}, {'type': {'displayName': 'Zone', 'value': 56}, 'value': 'Center'}, {'type': {'displayName': 'PassEndX', 'value': 140}, 'value': '71.2'}, {'type': {'displayName': 'PassEndY', 'value': 141}, 'value': '68.7'}, {'type': {'displayName': 'Length', 'value': 212}, 'value': '8.3'}]",True,,,,,
1901113,SecondHalf,90,54.0,93,Pass,Successful,87,Juventus,484428.0,Vasilije Adzic,71.7,68.1,71.2,31.2,,,,,"[{'type': {'displayName': 'Angle', 'value': 213}, 'value': '4.69'}, {'type': {'displayName': 'PassEndY', 'value': 141}, 'value': '31.2'}, {'type': {'displayName': 'Zone', 'value': 56}, 'value': 'Center'}, {'type': {'displayName': 'PassEndX', 'value': 140}, 'value': '71.2'}, {'type': {'displayName': 'Length', 'value': 212}, 'value': '25.1'}]",True,,,,,
1901113,SecondHalf,90,56.0,93,Pass,Successful,87,Juventus,343308.0,Teun Koopmeiners,72.9,27.3,83.0,9.7,,,,,"[{'type': {'displayName': 'Angle', 'value': 213}, 'value': '5.44'}, {'type': {'displayName': 'PassEndY', 'value': 141}, 'value': '9.7'}, {'type': {'displayName': 'PassEndX', 'value': 140}, 'value': '83.0'}, {'type': {'displayName': 'Zone', 'value': 56}, 'value': 'Right'}, {'type': {'displayName': 'Length', 'value': 212}, 'value': '16.0'}]",True,,,,,
1901113,SecondHalf,91,3.0,94,Pass,Unsuccessful,87,Juventus,409221.0,Francisco Conceição,81.4,29.4,100.0,73.0,,,,,"[{'type': {'displayName': 'Angle', 'value': 213}, 'value': '0.96'}, {'type': {'displayName': 'Zone', 'value': 56}, 'value': 'Center'}, {'type': {'displayName': 'PassEndX', 'value': 140}, 'value': '100.0'}, {'type': {'displayName': 'Length', 'value': 212}, 'value': '36.2'}, {'type': {'displayName': 'PassEndY', 'value': 141}, 'value': '73.0'}, {'type': {'displayName': 'Chipped', 'value': 155}}, {'type': {'displayName': 'Longball', 'value': 1}}]",True,,,,,
1901113,SecondHalf,91,51.0,94,Pass,Unsuccessful,78,Cagliari,362780.0,Elia Caprile,5.1,41.4,79.4,18.3,,,,,"[{'type': {'displayName': 'Angle', 'value': 213}, 'value': '6.08'}, {'type': {'displayName': 'PassEndY', 'value': 141}, 'value': '18.3'}, {'type': {'displayName': 'MissHigh', 'value': 74}}, {'type': {'displayName': 'PassEndX', 'value': 140}, 'value': '79.4'}, {'type': {'displayName': 'Zone', 'value': 56}, 'value': 'Right'}, {'type': {'displayName': 'GoalKick', 'value': 124}}, {'type': {'displayName': 'Longball', 'value': 1}}, {'type': {'displayName': 'Length', 'value': 212}, 'value': '79.6'}]",True,,,,,
1901113,SecondHalf,91,56.0,94,BallRecovery,Successful,87,Juventus,339875.0,Bremer,22.8,82.9,,,,,,,[],False,,,,,
1901113,SecondHalf,91,56.0,94,Pass,Successful,87,Juventus,339875.0,Bremer,22.1,82.8,7.0,56.7,,,,,"[{'type': {'displayName': 'Zone', 'value': 56}, 'value': 'Back'}, {'type': {'displayName': 'PassEndX', 'value': 140}, 'value': '7.0'}, {'type': {'displayName': 'Angle', 'value': 213}, 'value': '3.98'}, {'type': {'displayName': 'Length', 'value': 212}, 'value': '23.8'}, {'type': {'displayName': 'PassEndY', 'value': 141}, 'value': '56.7'}]",True,,,,,
1901113,SecondHalf,91,59.0,94,Pass,Successful,87,Juventus,78880.0,Mattia Perin,11.1,59.1,33.8,12.7,,,,,"[{'type': {'displayName': 'Length', 'value': 212}, 'value': '39.5'}, {'type': {'displayName': 'Zone', 'value': 56}, 'value': 'Back'}, {'type': {'displayName': 'Angle', 'value': 213}, 'value': '5.36'}, {'type': {'displayName': 'PassEndX', 'value': 140}, 'value': '33.8'}, {'type': {'displayName': 'PassEndY', 'value': 141}, 'value': '12.7'}, {'type': {'displayName': 'Longball', 'value': 1}}]",True,,,,,
1901113,SecondHalf,92,4.0,95,Pass,Successful,87,Juventus,391836.0,Pierre Kalulu,45.3,9.1,59.6,3.7,,,,,"[{'type': {'displayName': 'PassEndY', 'value': 141}, 'value': '3.7'}, {'type': {'displayName': 'Angle', 'value': 213}, 'value': '6.04'}, {'type': {'displayName': 'Length', 'value': 212}, 'value': '15.5'}, {'type': {'displayName': 'PassEndX', 'value': 140}, 'value': '59.6'}, {'type': {'displayName': 'Zone', 'value': 56}, 'value': 'Right'}]",True,,,,,
1901113,SecondHalf,92,6.0,95,Pass,Successful,87,Juventus,409221.0,Francisco Conceição,59.6,3.7,54.9,15.7,,,,,"[{'type': {'displayName': 'Length', 'value': 212}, 'value': '9.5'}, {'type': {'displayName': 'PassEndY', 'value': 141}, 'value': '15.7'}, {'type': {'displayName': 'PassEndX', 'value': 140}, 'value': '54.9'}, {'type': {'displayName': 'Angle', 'value': 213}, 'value': '2.11'}, {'type': {'displayName': 'Zone', 'value': 56}, 'value': 'Right'}]",True,,,,,
1901113,SecondHalf,92,8.0,95,Pass,Successful,87,Juventus,391836.0,Pierre Kalulu,54.9,15.7,44.6,36.4,,,,,"[{'type': {'displayName': 'Angle', 'value': 213}, 'value': '2.23'}, {'type': {'displayName': 'PassEndX', 'value': 140}, 'value': '44.6'}, {'type': {'displayName': 'PassEndY', 'value': 141}, 'value': '36.4'}, {'type': {'displayName': 'Zone', 'value': 56}, 'value': 'Back'}, {'type': {'displayName': 'Length', 'value': 212}, 'value': '17.8'}]",True,,,,,
1901113,SecondHalf,92,10.0,95,Pass,Successful,87,Juventus,343308.0,Teun Koopmeiners,44.7,39.1,55.0,57.6,,,,,"[{'type': {'displayName': 'PassEndX', 'value': 140}, 'value': '55.0'}, {'type': {'displayName': 'Zone', 'value': 56}, 'value': 'Center'}, {'type': {'displayName': 'Angle', 'value': 213}, 'value': '0.86'}, {'type': {'displayName': 'PassEndY', 'value': 141}, 'value': '57.6'}, {'type': {'displayName': 'Length', 'value': 212}, 'value': '16.6'}]",True,,,,,
1901113,SecondHalf,92,16.0,95,Pass,Successful,87,Juventus,366379.0,Khéphren Thuram,76.5,66.4,81.8,90.9,,,,,"[{'type': {'displayName': 'Length', 'value': 212}, 'value': '17.6'}, {'type': {'displayName': 'PassEndX', 'value': 140}, 'value': '81.8'}, {'type': {'displayName': 'Zone', 'value': 56}, 'value': 'Left'}, {'type': {'displayName': 'Angle', 'value': 213}, 'value': '1.25'}, {'type': {'displayName': 'PassEndY', 'value': 141}, 'value': '90.9'}]",True,,,,,
1901113,SecondHalf,92,18.0,95,Pass,Successful,87,Juventus,484428.0,Vasilije Adzic,79.2,92.5,67.3,72.0,,,,,"[{'type': {'displayName': 'PassEndY', 'value': 141}, 'value': '72.0'}, {'type': {'displayName': 'Length', 'value': 212}, 'value': '18.7'}, {'type': {'displayName': 'Angle', 'value': 213}, 'value': '3.98'}, {'type': {'displayName': 'PassEndX', 'value': 140}, 'value': '67.3'}, {'type': {'displayName': 'Zone', 'value': 56}, 'value': 'Center'}]",True,,,,,
1901113,SecondHalf,92,21.0,95,Pass,Successful,87,Juventus,332419.0,Lloyd Kelly,67.4,72.0,68.6,47.1,,,,,"[{'type': {'displayName': 'Angle', 'value': 213}, 'value': '4.79'}, {'type': {'displayName': 'PassEndY', 'value': 141}, 'value': '47.1'}, {'type': {'displayName': 'PassEndX', 'value': 140}, 'value': '68.6'}, {'type': {'displayName': 'Zone', 'value': 56}, 'value': 'Center'}, {'type': {'displayName': 'Length', 'value': 212}, 'value': '17.0'}]",True,,,,,
1901113,SecondHalf,92,23.0,95,Pass,Successful,87,Juventus,343308.0,Teun Koopmeiners,68.1,41.4,70.3,33.0,,,,,"[{'type': {'displayName': 'Angle', 'value': 213}, 'value': '5.10'}, {'type': {'displayName': 'Zone', 'value': 56}, 'value': 'Center'}, {'type': {'displayName': 'PassEndX', 'value': 140}, 'value': '70.3'}, {'type': {'displayName': 'PassEndY', 'value': 141}, 'value': '33.0'}, {'type': {'displayName': 'Length', 'value': 212}, 'value': '6.2'}]",True,,,,,
1901113,SecondHalf,92,28.0,95,Pass,Successful,87,Juventus,363181.0,Edon Zhegrova,71.6,32.8,73.9,64.9,,,,,"[{'type': {'displayName': 'PassEndY', 'value': 141}, 'value': '64.9'}, {'type': {'displayName': 'Length', 'value': 212}, 'value': '22.0'}, {'type': {'displayName': 'PassEndX', 'value': 140}, 'value': '73.9'}, {'type': {'displayName': 'Zone', 'value': 56}, 'value': 'Center'}, {'type': {'displayName': 'Angle', 'value': 213}, 'value': '1.46'}]",True,,,,,
1901113,SecondHalf,92,35.0,95,Pass,Successful,87,Juventus,494525.0,Kenan Yildiz,80.3,67.5,89.2,44.1,,,,,"[{'type': {'displayName': 'ShotAssist', 'value': 210}, 'value': '15'}, {'type': {'displayName': 'Chipped', 'value': 155}}, {'type': {'displayName': 'PassEndY', 'value': 141}, 'value': '44.1'}, {'type': {'displayName': 'PassEndX', 'value': 140}, 'value': '89.2'}, {'type': {'displayName': 'IntentionalAssist', 'value': 154}}, {'type': {'displayName': 'Zone', 'value': 56}, 'value': 'Center'}, {'type': {'displayName': 'Angle', 'value': 213}, 'value': '5.24'}, {'type': {'displayName': 'Length', 'value': 212}, 'value': '18.5'}, {'type': {'displayName': 'KeyPass', 'value': 11113}}]",True,,,,,
1901113,SecondHalf,92,38.0,95,SavedShot,Successful,87,Juventus,339875.0,Bremer,90.3,46.2,,,47.7,19.0,91.5,46.4,"[{'type': {'displayName': 'Zone', 'value': 56}, 'value': 'Center'}, {'type': {'displayName': 'Assisted', 'value': 29}}, {'type': {'displayName': 'Blocked', 'value': 82}}, {'type': {'displayName': 'LowRight', 'value': 80}}, {'type': {'displayName': 'BlockedY', 'value': 147}, 'value': '46.4'}, {'type': {'displayName': 'BlockedX', 'value': 146}, 'value': '91.5'}, {'type': {'displayName': 'OppositeRelatedEvent', 'value': 233}, 'value': '586'}, {'type': {'displayName': 'GoalMouthZ', 'value': 103}, 'value': '19'}, {'type': {'displayName': 'LeftFoot', 'value': 72}}, {'type': {'displayName': 'GoalMouthY', 'value': 102}, 'value': '47.7'}, {'type': {'displayName': 'BoxCentre', 'value': 17}}, {'type': {'displayName': 'IntentionalAssist', 'value': 154}}, {'type': {'displayName': 'RelatedEventId', 'value': 55}, 'value': '1065'}, {'type': {'displayName': 'RegularPlay', 'value': 22}}]",True,True,,,1065.0,494525.0
1901113,SecondHalf,92,38.0,95,Save,Successful,78,Cagliari,424534.0,Adam Obert,8.0,55.1,,,,,,,"[{'type': {'displayName': 'OppositeRelatedEvent', 'value': 233}, 'value': '1066'}, {'type': {'displayName': 'OutfielderBlock', 'value': 94}}, {'type': {'displayName': 'Zone', 'value': 56}, 'value': 'Back'}]",True,,,,,
1901113,SecondHalf,92,40.0,95,CornerAwarded,Unsuccessful,78,Cagliari,424534.0,Adam Obert,0.0,41.0,,,,,,,"[{'type': {'displayName': 'Zone', 'value': 56}, 'value': 'Back'}, {'type': {'displayName': 'OppositeRelatedEvent', 'value': 233}, 'value': '1067'}, {'type': {'displayName': 'MissLeft', 'value': 73}}]",False,,,,,
1901113,SecondHalf,92,40.0,95,CornerAwarded,Successful,87,Juventus,339875.0,Bremer,100.0,59.0,,,,,,,"[{'type': {'displayName': 'OppositeRelatedEvent', 'value': 233}, 'value': '587'}, {'type': {'displayName': 'MissLeft', 'value': 73}}, {'type': {'displayName': 'Zone', 'value': 56}, 'value': 'Center'}]",False,,,,,
1901113,SecondHalf,93,41.0,96,Pass,Successful,87,Juventus,494525.0,Kenan Yildiz,99.5,99.5,94.1,90.1,,,,,"[{'type': {'displayName': 'Angle', 'value': 213}, 'value': '3.99'}, {'type': {'displayName': 'PassEndX', 'value': 140}, 'value': '94.1'}, {'type': {'displayName': 'PassEndY', 'value': 141}, 'value': '90.1'}, {'type': {'displayName': 'Length', 'value': 212}, 'value': '8.5'}, {'type': {'displayName': 'Zone', 'value': 56}, 'value': 'Left'}, {'type': {'displayName': 'CornerTaken', 'value': 6}}]",True,,,,,
1901113,SecondHalf,93,42.0,96,Pass,Successful,87,Juventus,363181.0,Edon Zhegrova,92.5,88.7,85.0,84.2,,,,,"[{'type': {'displayName': 'Length', 'value': 212}, 'value': '8.4'}, {'type': {'displayName': 'PassEndY', 'value': 141}, 'value': '84.2'}, {'type': {'displayName': 'Zone', 'value': 56}, 'value': 'Left'}, {'type': {'displayName': 'PassEndX', 'value': 140}, 'value': '85.0'}, {'type': {'displayName': 'Angle', 'value': 213}, 'value': '3.51'}]",True,,,,,
1901113,SecondHalf,93,46.0,96,Pass,Successful,87,Juventus,494525.0,Kenan Yildiz,84.3,69.0,77.4,47.8,,,,,"[{'type': {'displayName': 'Angle', 'value': 213}, 'value': '4.25'}, {'type': {'displayName': 'PassEndX', 'value': 140}, 'value': '77.4'}, {'type': {'displayName': 'Zone', 'value': 56}, 'value': 'Center'}, {'type': {'displayName': 'PassEndY', 'value': 141}, 'value': '47.8'}, {'type': {'displayName': 'IntentionalAssist', 'value': 154}}, {'type': {'displayName': 'ShotAssist', 'value': 210}, 'value': '15'}, {'type': {'displayName': 'Length', 'value': 212}, 'value': '16.1'}, {'type': {'displayName': 'KeyPass', 'value': 11113}}]",True,,,,,
1901113,SecondHalf,93,49.0,96,SavedShot,Successful,87,Juventus,484428.0,Vasilije Adzic,77.4,47.8,,,50.1,19.0,81.4,48.2,"[{'type': {'displayName': 'BlockedY', 'value': 147}, 'value': '48.2'}, {'type': {'displayName': 'GoalMouthZ', 'value': 103}, 'value': '19'}, {'type': {'displayName': 'OutOfBoxCentre', 'value': 18}}, {'type': {'displayName': 'GoalMouthY', 'value': 102}, 'value': '50.1'}, {'type': {'displayName': 'Zone', 'value': 56}, 'value': 'Center'}, {'type': {'displayName': 'BlockedX', 'value': 146}, 'value': '81.4'}, {'type': {'displayName': 'Assisted', 'value': 29}}, {'type': {'displayName': 'FromCorner', 'value': 25}}, {'type': {'displayName': 'Blocked', 'value': 82}}, {'type': {'displayName': 'LowCentre', 'value': 78}}, {'type': {'displayName': 'RelatedEventId', 'value': 55}, 'value': '1072'}, {'type': {'displayName': 'OppositeRelatedEvent', 'value': 233}, 'value': '591'}, {'type': {'displayName': 'IntentionalAssist', 'value': 154}}, {'type': {'displayName': 'RightFoot', 'value': 20}}, {'type': {'displayName': 'FirstTouch', 'value': 328}}]",True,True,,,1072.0,494525.0
1901113,SecondHalf,93,49.0,96,Save,Successful,78,Cagliari,424534.0,Adam Obert,18.6,51.8,,,,,,,"[{'type': {'displayName': 'Zone', 'value': 56}, 'value': 'Back'}, {'type': {'displayName': 'OppositeRelatedEvent', 'value': 233}, 'value': '1073'}, {'type': {'displayName': 'OutfielderBlock', 'value': 94}}]",True,,,,,
1901113,SecondHalf,93,50.0,96,CornerAwarded,Unsuccessful,78,Cagliari,424534.0,Adam Obert,0.0,84.4,,,,,,,"[{'type': {'displayName': 'OppositeRelatedEvent', 'value': 233}, 'value': '1074'}, {'type': {'displayName': 'MissLeft', 'value': 73}}, {'type': {'displayName': 'Zone', 'value': 56}, 'value': 'Back'}]",False,,,,,
1901113,SecondHalf,93,50.0,96,CornerAwarded,Successful,87,Juventus,484428.0,Vasilije Adzic,100.0,15.6,,,,,,,"[{'type': {'displayName': 'Zone', 'value': 56}, 'value': 'Right'}, {'type': {'displayName': 'MissRight', 'value': 75}}, {'type': {'displayName': 'OppositeRelatedEvent', 'value': 233}, 'value': '592'}]",False,,,,,
1901113,SecondHalf,94,3.0,97,Pass,Successful,87,Juventus,484428.0,Vasilije Adzic,99.5,0.5,91.1,11.5,,,,,"[{'type': {'displayName': 'Length', 'value': 212}, 'value': '11.6'}, {'type': {'displayName': 'Angle', 'value': 213}, 'value': '2.44'}, {'type': {'displayName': 'Zone', 'value': 56}, 'value': 'Right'}, {'type': {'displayName': 'PassEndX', 'value': 140}, 'value': '91.1'}, {'type': {'displayName': 'PassEndY', 'value': 141}, 'value': '11.5'}, {'type': {'displayName': 'CornerTaken', 'value': 6}}]",True,,,,,
1901113,SecondHalf,94,4.0,97,Pass,Unsuccessful,87,Juventus,363181.0,Edon Zhegrova,87.3,12.6,93.6,32.2,,,,,"[{'type': {'displayName': 'Zone', 'value': 56}, 'value': 'Center'}, {'type': {'displayName': 'PassEndY', 'value': 141}, 'value': '32.2'}, {'type': {'displayName': 'LeftFoot', 'value': 72}}, {'type': {'displayName': 'Cross', 'value': 2}}, {'type': {'displayName': 'Angle', 'value': 213}, 'value': '1.11'}, {'type': {'displayName': 'Length', 'value': 212}, 'value': '14.9'}, {'type': {'displayName': 'PassEndX', 'value': 140}, 'value': '93.6'}]",True,,,,,
1901113,SecondHalf,94,6.0,97,Clearance,Successful,78,Cagliari,447445.0,Gennaro Borrelli,8.5,54.0,13.8,83.4,,,,,"[{'type': {'displayName': 'Angle', 'value': 213}, 'value': '1.30'}, {'type': {'displayName': 'Length', 'value': 212}, 'value': '20.8'}, {'type': {'displayName': 'Zone', 'value': 56}, 'value': 'Back'}, {'type': {'displayName': 'PassEndX', 'value': 140}, 'value': '13.8'}, {'type': {'displayName': 'PassEndY', 'value': 141}, 'value': '83.4'}]",True,,,,,
1901113,SecondHalf,94,9.0,97,Clearance,Successful,78,Cagliari,481154.0,Marco Palestra,13.2,82.5,62.6,64.3,,,,,"[{'type': {'displayName': 'Length', 'value': 212}, 'value': '53.3'}, {'type': {'displayName': 'Angle', 'value': 213}, 'value': '6.05'}, {'type': {'displayName': 'Zone', 'value': 56}, 'value': 'Center'}, {'type': {'displayName': 'PassEndX', 'value': 140}, 'value': '62.6'}, {'type': {'displayName': 'PassEndY', 'value': 141}, 'value': '64.3'}]",True,,,,,
1901113,SecondHalf,94,11.0,97,Pass,Successful,87,Juventus,78880.0,Mattia Perin,39.5,31.2,63.7,7.2,,,,,"[{'type': {'displayName': 'Zone', 'value': 56}, 'value': 'Right'}, {'type': {'displayName': 'Angle', 'value': 213}, 'value': '5.71'}, {'type': {'displayName': 'PassEndX', 'value': 140}, 'value': '63.7'}, {'type': {'displayName': 'PassEndY', 'value': 141}, 'value': '7.2'}, {'type': {'displayName': 'Length', 'value': 212}, 'value': '30.2'}]",True,,,,,
1901113,SecondHalf,94,15.0,97,Pass,Successful,87,Juventus,409221.0,Francisco Conceição,64.7,6.7,79.0,5.4,,,,,"[{'type': {'displayName': 'PassEndY', 'value': 141}, 'value': '5.4'}, {'type': {'displayName': 'Length', 'value': 212}, 'value': '15.0'}, {'type': {'displayName': 'PassEndX', 'value': 140}, 'value': '79.0'}, {'type': {'displayName': 'Zone', 'value': 56}, 'value': 'Right'}, {'type': {'displayName': 'Angle', 'value': 213}, 'value': '6.22'}]",True,,,,,
1901113,SecondHalf,94,21.0,97,Pass,Successful,87,Juventus,363181.0,Edon Zhegrova,76.9,28.2,98.2,70.9,,,,,"[{'type': {'displayName': 'PassEndX', 'value': 140}, 'value': '98.2'}, {'type': {'displayName': 'Cross', 'value': 2}}, {'type': {'displayName': 'Length', 'value': 212}, 'value': '36.7'}, {'type': {'displayName': 'Angle', 'value': 213}, 'value': '0.91'}, {'type': {'displayName': 'Chipped', 'value': 155}}, {'type': {'displayName': 'Zone', 'value': 56}, 'value': 'Center'}, {'type': {'displayName': 'Longball', 'value': 1}}, {'type': {'displayName': 'PassEndY', 'value': 141}, 'value': '70.9'}, {'type': {'displayName': 'LeftFoot', 'value': 72}}]",True,,,,,
1901113,SecondHalf,94,22.0,97,BallTouch,Unsuccessful,87,Juventus,332419.0,Lloyd Kelly,98.2,70.9,,,,,,,"[{'type': {'displayName': 'Zone', 'value': 56}, 'value': 'Center'}]",True,,,,,
1901113,SecondHalf,94,57.0,97,Pass,Unsuccessful,78,Cagliari,362780.0,Elia Caprile,5.0,39.4,77.8,14.5,,,,,"[{'type': {'displayName': 'PassEndX', 'value': 140}, 'value': '77.8'}, {'type': {'displayName': 'Angle', 'value': 213}, 'value': '6.07'}, {'type': {'displayName': 'Longball', 'value': 1}}, {'type': {'displayName': 'MissHigh', 'value': 74}}, {'type': {'displayName': 'PassEndY', 'value': 141}, 'value': '14.5'}, {'type': {'displayName': 'Length', 'value': 212}, 'value': '78.3'}, {'type': {'displayName': 'GoalKick', 'value': 124}}, {'type': {'displayName': 'Zone', 'value': 56}, 'value': 'Right'}]",True,,,,,
1901113,SecondHalf,95,2.0,98,BallRecovery,Successful,87,Juventus,339875.0,Bremer,26.7,80.7,,,,,,,[],False,,,,,
1901113,SecondHalf,95,3.0,98,Pass,Successful,87,Juventus,339875.0,Bremer,26.1,79.0,29.5,50.8,,,,,"[{'type': {'displayName': 'Zone', 'value': 56}, 'value': 'Back'}, {'type': {'displayName': 'PassEndX', 'value': 140}, 'value': '29.5'}, {'type': {'displayName': 'Length', 'value': 212}, 'value': '19.5'}, {'type': {'displayName': 'PassEndY', 'value': 141}, 'value': '50.8'}, {'type': {'displayName': 'Angle', 'value': 213}, 'value': '4.90'}]",True,,,,,
1901113,SecondHalf,95,6.0,98,Pass,Successful,87,Juventus,343308.0,Teun Koopmeiners,29.8,46.0,46.6,7.9,,,,,"[{'type': {'displayName': 'Angle', 'value': 213}, 'value': '5.31'}, {'type': {'displayName': 'Length', 'value': 212}, 'value': '31.3'}, {'type': {'displayName': 'Zone', 'value': 56}, 'value': 'Back'}, {'type': {'displayName': 'PassEndX', 'value': 140}, 'value': '46.6'}, {'type': {'displayName': 'PassEndY', 'value': 141}, 'value': '7.9'}]",True,,,,,
1901113,SecondHalf,95,12.0,98,Pass,Successful,87,Juventus,391836.0,Pierre Kalulu,57.0,7.5,58.1,26.1,,,,,"[{'type': {'displayName': 'Zone', 'value': 56}, 'value': 'Center'}, {'type': {'displayName': 'PassEndY', 'value': 141}, 'value': '26.1'}, {'type': {'displayName': 'PassEndX', 'value': 140}, 'value': '58.1'}, {'type': {'displayName': 'Angle', 'value': 213}, 'value': '1.48'}, {'type': {'displayName': 'Length', 'value': 212}, 'value': '12.7'}]",True,,,,,
1901113,SecondHalf,95,15.0,98,Pass,Successful,87,Juventus,363181.0,Edon Zhegrova,56.8,17.7,68.5,3.9,,,,,"[{'type': {'displayName': 'Angle', 'value': 213}, 'value': '5.63'}, {'type': {'displayName': 'Zone', 'value': 56}, 'value': 'Right'}, {'type': {'displayName': 'PassEndX', 'value': 140}, 'value': '68.5'}, {'type': {'displayName': 'Length', 'value': 212}, 'value': '15.5'}, {'type': {'displayName': 'PassEndY', 'value': 141}, 'value': '3.9'}]",True,,,,,
1901113,SecondHalf,95,21.0,98,Pass,Successful,87,Juventus,409221.0,Francisco Conceição,70.8,4.9,71.6,2.4,,,,,"[{'type': {'displayName': 'Length', 'value': 212}, 'value': '1.9'}, {'type': {'displayName': 'Zone', 'value': 56}, 'value': 'Right'}, {'type': {'displayName': 'PassEndY', 'value': 141}, 'value': '2.4'}, {'type': {'displayName': 'PassEndX', 'value': 140}, 'value': '71.6'}, {'type': {'displayName': 'Angle', 'value': 213}, 'value': '5.17'}]",True,,,,,
1901113,SecondHalf,95,23.0,98,Pass,Unsuccessful,87,Juventus,363181.0,Edon Zhegrova,69.3,12.3,89.2,42.1,,,,,"[{'type': {'displayName': 'Length', 'value': 212}, 'value': '29.1'}, {'type': {'displayName': 'Zone', 'value': 56}, 'value': 'Center'}, {'type': {'displayName': 'LeftFoot', 'value': 72}}, {'type': {'displayName': 'Angle', 'value': 213}, 'value': '0.77'}, {'type': {'displayName': 'PassEndX', 'value': 140}, 'value': '89.2'}, {'type': {'displayName': 'Cross', 'value': 2}}, {'type': {'displayName': 'Chipped', 'value': 155}}, {'type': {'displayName': 'PassEndY', 'value': 141}, 'value': '42.1'}]",True,,,,,
1901113,SecondHalf,95,26.0,98,Clearance,Successful,78,Cagliari,255292.0,Sebastiano Luperto,14.5,60.3,10.5,2.8,,,,,"[{'type': {'displayName': 'Length', 'value': 212}, 'value': '39.3'}, {'type': {'displayName': 'PassEndX', 'value': 140}, 'value': '10.5'}, {'type': {'displayName': 'Angle', 'value': 213}, 'value': '4.61'}, {'type': {'displayName': 'Zone', 'value': 56}, 'value': 'Back'}, {'type': {'displayName': 'PassEndY', 'value': 141}, 'value': '2.8'}]",True,,,,,
1901113,SecondHalf,95,28.0,98,Clearance,Successful,78,Cagliari,481154.0,Marco Palestra,10.5,3.3,12.6,0.0,,,,,"[{'type': {'displayName': 'PassEndY', 'value': 141}, 'value': '0.0'}, {'type': {'displayName': 'Angle', 'value': 213}, 'value': '5.41'}, {'type': {'displayName': 'Zone', 'value': 56}, 'value': 'Back'}, {'type': {'displayName': 'PassEndX', 'value': 140}, 'value': '12.6'}, {'type': {'displayName': 'Length', 'value': 212}, 'value': '3.4'}]",True,,,,,
1901113,SecondHalf,95,35.0,98,Pass,Successful,87,Juventus,494525.0,Kenan Yildiz,89.4,100.0,81.2,96.0,,,,,"[{'type': {'displayName': 'Length', 'value': 212}, 'value': '9.3'}, {'type': {'displayName': 'PassEndY', 'value': 141}, 'value': '96.0'}, {'type': {'displayName': 'Zone', 'value': 56}, 'value': 'Left'}, {'type': {'displayName': 'ThrowIn', 'value': 107}}, {'type': {'displayName': 'PassEndX', 'value': 140}, 'value': '81.2'}, {'type': {'displayName': 'Angle', 'value': 213}, 'value': '3.53'}]",True,,,,,
1901113,SecondHalf,95,38.0,98,Pass,Successful,87,Juventus,366379.0,Khéphren Thuram,75.9,96.0,66.2,66.3,,,,,"[{'type': {'displayName': 'Length', 'value': 212}, 'value': '22.6'}, {'type': {'displayName': 'PassEndY', 'value': 141}, 'value': '66.3'}, {'type': {'displayName': 'Angle', 'value': 213}, 'value': '4.25'}, {'type': {'displayName': 'PassEndX', 'value': 140}, 'value': '66.2'}, {'type': {'displayName': 'Zone', 'value': 56}, 'value': 'Center'}]",True,,,,,
1901113,SecondHalf,95,40.0,98,Pass,Successful,87,Juventus,332419.0,Lloyd Kelly,66.9,63.4,67.1,33.9,,,,,"[{'type': {'displayName': 'Angle', 'value': 213}, 'value': '4.72'}, {'type': {'displayName': 'Zone', 'value': 56}, 'value': 'Center'}, {'type': {'displayName': 'PassEndX', 'value': 140}, 'value': '67.1'}, {'type': {'displayName': 'PassEndY', 'value': 141}, 'value': '33.9'}, {'type': {'displayName': 'Length', 'value': 212}, 'value': '20.1'}]",True,,,,,
1901113,SecondHalf,95,43.0,98,Pass,Successful,87,Juventus,343308.0,Teun Koopmeiners,66.2,32.2,72.0,8.7,,,,,"[{'type': {'displayName': 'Angle', 'value': 213}, 'value': '5.08'}, {'type': {'displayName': 'PassEndX', 'value': 140}, 'value': '72.0'}, {'type': {'displayName': 'Zone', 'value': 56}, 'value': 'Right'}, {'type': {'displayName': 'PassEndY', 'value': 141}, 'value': '8.7'}, {'type': {'displayName': 'Length', 'value': 212}, 'value': '17.1'}]",True,,,,,
1901113,SecondHalf,95,51.0,98,Pass,Unsuccessful,87,Juventus,409221.0,Francisco Conceição,96.1,17.2,97.2,57.4,,,,,"[{'type': {'displayName': 'Zone', 'value': 56}, 'value': 'Center'}, {'type': {'displayName': 'RightFoot', 'value': 20}}, {'type': {'displayName': 'Length', 'value': 212}, 'value': '27.4'}, {'type': {'displayName': 'Angle', 'value': 213}, 'value': '1.53'}, {'type': {'displayName': 'Cross', 'value': 2}}, {'type': {'displayName': 'Chipped', 'value': 155}}, {'type': {'displayName': 'PassEndY', 'value': 141}, 'value': '57.4'}, {'type': {'displayName': 'PassEndX', 'value': 140}, 'value': '97.2'}]",True,,,,,
1901113,SecondHalf,95,53.0,98,Aerial,Successful,78,Cagliari,318432.0,Yerry Mina,2.8,42.6,,,,,,,"[{'type': {'displayName': 'OppositeRelatedEvent', 'value': 233}, 'value': '1096'}, {'type': {'displayName': 'Zone', 'value': 56}, 'value': 'Back'}, {'type': {'displayName': 'Defensive', 'value': 285}}]",False,,,,,
1901113,SecondHalf,95,53.0,98,Aerial,Unsuccessful,87,Juventus,366379.0,Khéphren Thuram,97.2,57.4,,,,,,,"[{'type': {'displayName': 'Zone', 'value': 56}, 'value': 'Center'}, {'type': {'displayName': 'Offensive', 'value': 286}}, {'type': {'displayName': 'OppositeRelatedEvent', 'value': 233}, 'value': '600'}]",False,,,,,
1901113,SecondHalf,95,54.0,98,Clearance,Successful,78,Cagliari,318432.0,Yerry Mina,2.8,42.6,1.4,42.5,,,,,"[{'type': {'displayName': 'PassEndY', 'value': 141}, 'value': '42.5'}, {'type': {'displayName': 'Head', 'value': 15}}, {'type': {'displayName': 'PassEndX', 'value': 140}, 'value': '1.4'}, {'type': {'displayName': 'Zone', 'value': 56}, 'value': 'Back'}, {'type': {'displayName': 'Angle', 'value': 213}, 'value': '3.19'}, {'type': {'displayName': 'Length', 'value': 212}, 'value': '1.5'}]",True,,,,,
1901113,SecondHalf,95,54.0,98,MissedShots,Successful,87,Juventus,366379.0,Khéphren Thuram,98.3,60.1,,,61.8,26.4,,,"[{'type': {'displayName': 'Head', 'value': 15}}, {'type': {'displayName': 'GoalMouthZ', 'value': 103}, 'value': '26.4'}, {'type': {'displayName': 'Zone', 'value': 56}, 'value': 'Center'}, {'type': {'displayName': 'GoalMouthY', 'value': 102}, 'value': '61.8'}, {'type': {'displayName': 'RegularPlay', 'value': 22}}, {'type': {'displayName': 'SmallBoxLeft', 'value': 61}}, {'type': {'displayName': 'MissLeft', 'value': 73}}, {'type': {'displayName': 'FirstTouch', 'value': 328}}]",True,True,,,,
1901113,SecondHalf,96,7.0,99,End,Successful,78,Cagliari,,,0.0,0.0,,,,,,,[],False,,,,,
1901113,SecondHalf,96,7.0,99,End,Successful,87,Juventus,,,0.0,0.0,,,,,,,[],False,,,,,
1901113,PostGame,0,0.0,9,End,Successful,78,Cagliari,,,0.0,0.0,,,,,,,[],False,,,,,
1901113,PostGame,0,0.0,9,End,Successful,87,Juventus,,,0.0,0.0,,,,,,,[],False,,,,,
1901113,PreMatch,0,0.0,0,FormationSet,Successful,87,Juventus,,,0.0,0.0,,,,,,,"[{'type': {'displayName': 'InvolvedPlayers', 'value': 30}, 'value': '78880,391836,423440,343308,339875,332419,338275,273539,383855,425080,494525,319696,83981,439909,409221,363181,484428,105995,366379,363618,395173,445322'}, {'type': {'displayName': 'JerseyNumber', 'value': 59}, 'value': '1, 15, 27, 8, 3, 6, 22, 5, 30, 21, 10, 16, 23, 4, 7, 11, 17, 18, 19, 20, 25, 32'}, {'type': {'displayName': 'CaptainPlayerId', 'value': 194}, 'value': '273539'}, {'type': {'displayName': 'TeamPlayerFormation', 'value': 131}, 'value': '1, 2, 3, 4, 5, 6, 7, 8, 9, 10, 11, 0, 0, 0, 0, 0, 0, 0, 0, 0, 0, 0'}, {'type': {'displayName': 'TeamFormation', 'value': 130}, 'value': '8'}, {'type': {'displayName': 'PlayerPosition', 'value': 44}, 'value': '1, 2, 2, 3, 2, 2, 3, 3, 4, 3, 3, 5, 5, 5, 5, 5, 5, 5, 5, 5, 5, 5'}]",False,,,,,
1901113,PreMatch,0,0.0,0,FormationSet,Successful,78,Cagliari,,,0.0,0.0,,,,,,,"[{'type': {'displayName': 'PlayerPosition', 'value': 44}, 'value': '1, 3, 3, 2, 2, 2, 3, 3, 4, 4, 3, 5, 5, 5, 5, 5, 5, 5, 5, 5, 5, 5, 5, 5'}, {'type': {'displayName': 'InvolvedPlayers', 'value': 30}, 'value': '362780,481154,424534,255292,318432,450142,356176,141269,371397,457171,369883,401474,382270,532542,478378,447544,406702,423589,557058,572003,447445,95822,572005,432157'}, {'type': {'displayName': 'TeamPlayerFormation', 'value': 131}, 'value': '1, 2, 3, 4, 5, 6, 7, 8, 9, 10, 11, 0, 0, 0, 0, 0, 0, 0, 0, 0, 0, 0, 0, 0'}, {'type': {'displayName': 'TeamFormation', 'value': 130}, 'value': '12'}, {'type': {'displayName': 'CaptainPlayerId', 'value': 194}, 'value': '318432'}, {'type': {'displayName': 'JerseyNumber', 'value': 59}, 'value': '1, 2, 33, 6, 26, 32, 8, 4, 94, 9, 10, 12, 24, 3, 15, 16, 18, 21, 23, 27, 29, 30, 37, 77'}]",False,,,,,
