game_id,period,minute,second,expanded_minute,type,outcome_type,team_id,team,player_id,player,x,y,end_x,end_y,goal_mouth_y,goal_mouth_z,blocked_x,blocked_y,qualifiers,is_touch,is_shot,is_goal,card_type,related_event_id,related_player_id
1901403,FirstHalf,0,0.0,0,Start,Successful,1290,Como,,,0.0,0.0,,,,,,,[],False,,False,,,
1901403,FirstHalf,0,0.0,0,Start,Successful,276,Napoli,,,0.0,0.0,,,,,,,[],False,,False,,,
1901403,FirstHalf,0,0.0,0,Pass,Successful,1290,Como,422873.0,Tasos Douvikas,49.9,49.2,47.5,49.6,,,,,"[{'type': {'displayName': 'Length', 'value': 212}, 'value': '2.5'}, {'type': {'displayName': 'PassEndY', 'value': 141}, 'value': '49.6'}, {'type': {'displayName': 'Zone', 'value': 56}, 'value': 'Back'}, {'type': {'displayName': 'PassEndX', 'value': 140}, 'value': '47.5'}, {'type': {'displayName': 'Angle', 'value': 213}, 'value': '3.03'}]",True,,False,,,
1901403,FirstHalf,0,4.0,0,Pass,Unsuccessful,1290,Como,379615.0,Lucas da Cunha,50.5,48.6,71.5,48.1,,,,,"[{'type': {'displayName': 'Longball', 'value': 1}}, {'type': {'displayName': 'Zone', 'value': 56}, 'value': 'Center'}, {'type': {'displayName': 'Angle', 'value': 213}, 'value': '6.27'}, {'type': {'displayName': 'Length', 'value': 212}, 'value': '22.1'}, {'type': {'displayName': 'PassEndX', 'value': 140}, 'value': '71.5'}, {'type': {'displayName': 'PassEndY', 'value': 141}, 'value': '48.1'}]",True,,False,,,
1901403,FirstHalf,0,6.0,0,BallTouch,Successful,276,Napoli,295358.0,Amir Rrahmani,26.5,48.6,,,,,,,"[{'type': {'displayName': 'Zone', 'value': 56}, 'value': 'Back'}]",True,,False,,,
1901403,FirstHalf,0,7.0,0,BallRecovery,Successful,276,Napoli,336915.0,Scott McTominay,27.8,50.5,,,,,,,[],False,,False,,,
1901403,FirstHalf,0,9.0,0,TakeOn,Unsuccessful,276,Napoli,336915.0,Scott McTominay,29.4,50.7,,,,,,,"[{'type': {'displayName': 'Zone', 'value': 56}, 'value': 'Back'}, {'type': {'displayName': 'Defensive', 'value': 285}}, {'type': {'displayName': 'OppositeRelatedEvent', 'value': 233}, 'value': '7'}]",True,,False,,,
1901403,FirstHalf,0,9.0,0,Tackle,Successful,1290,Como,448659.0,Nico Paz,70.6,49.3,,,,,,,"[{'type': {'displayName': 'Offensive', 'value': 286}}, {'type': {'displayName': 'Zone', 'value': 56}, 'value': 'Center'}, {'type': {'displayName': 'OppositeRelatedEvent', 'value': 233}, 'value': '5'}]",True,,False,,,
1901403,FirstHalf,0,11.0,0,BallRecovery,Successful,1290,Como,502427.0,Assane Diao,68.2,41.4,,,,,,,[],False,,False,,,
1901403,FirstHalf,0,11.0,0,Pass,Successful,1290,Como,502427.0,Assane Diao,68.2,41.4,71.3,49.0,,,,,"[{'type': {'displayName': 'PassEndY', 'value': 141}, 'value': '49.0'}, {'type': {'displayName': 'Angle', 'value': 213}, 'value': '1.01'}, {'type': {'displayName': 'Zone', 'value': 56}, 'value': 'Center'}, {'type': {'displayName': 'Length', 'value': 212}, 'value': '6.1'}, {'type': {'displayName': 'PassEndX', 'value': 140}, 'value': '71.3'}]",True,,False,,,
1901403,FirstHalf,0,13.0,0,Pass,Unsuccessful,1290,Como,407944.0,Martin Baturina,71.2,47.4,81.1,20.2,,,,,"[{'type': {'displayName': 'Angle', 'value': 213}, 'value': '5.22'}, {'type': {'displayName': 'Chipped', 'value': 155}}, {'type': {'displayName': 'PassEndY', 'value': 141}, 'value': '20.2'}, {'type': {'displayName': 'Zone', 'value': 56}, 'value': 'Right'}, {'type': {'displayName': 'Length', 'value': 212}, 'value': '21.2'}, {'type': {'displayName': 'PassEndX', 'value': 140}, 'value': '81.1'}]",True,,False,,,
1901403,FirstHalf,0,14.0,0,BallRecovery,Successful,276,Napoli,395788.0,Miguel Gutiérrez,13.4,79.6,,,,,,,[],False,,False,,,
1901403,FirstHalf,0,14.0,0,Pass,Successful,276,Napoli,395788.0,Miguel Gutiérrez,13.5,79.6,27.6,93.0,,,,,"[{'type': {'displayName': 'Zone', 'value': 56}, 'value': 'Back'}, {'type': {'displayName': 'PassEndX', 'value': 140}, 'value': '27.6'}, {'type': {'displayName': 'Length', 'value': 212}, 'value': '17.4'}, {'type': {'displayName': 'Angle', 'value': 213}, 'value': '0.55'}, {'type': {'displayName': 'PassEndY', 'value': 141}, 'value': '93.0'}]",True,,False,,,
1901403,FirstHalf,0,21.0,0,Pass,Successful,276,Napoli,557549.0,Alisson Santos,28.6,93.7,30.5,98.4,,,,,"[{'type': {'displayName': 'Length', 'value': 212}, 'value': '3.8'}, {'type': {'displayName': 'PassEndY', 'value': 141}, 'value': '98.4'}, {'type': {'displayName': 'Zone', 'value': 56}, 'value': 'Back'}, {'type': {'displayName': 'PassEndX', 'value': 140}, 'value': '30.5'}, {'type': {'displayName': 'Angle', 'value': 213}, 'value': '1.01'}]",True,,False,,,
1901403,FirstHalf,0,22.0,0,Pass,Successful,276,Napoli,395788.0,Miguel Gutiérrez,30.5,98.4,9.5,97.8,,,,,"[{'type': {'displayName': 'Angle', 'value': 213}, 'value': '3.16'}, {'type': {'displayName': 'Zone', 'value': 56}, 'value': 'Back'}, {'type': {'displayName': 'Length', 'value': 212}, 'value': '22.1'}, {'type': {'displayName': 'PassEndY', 'value': 141}, 'value': '97.8'}, {'type': {'displayName': 'PassEndX', 'value': 140}, 'value': '9.5'}]",True,,False,,,
1901403,FirstHalf,0,24.0,0,Pass,Successful,276,Napoli,333373.0,Alessandro Buongiorno,9.4,98.7,19.7,90.0,,,,,"[{'type': {'displayName': 'PassEndX', 'value': 140}, 'value': '19.7'}, {'type': {'displayName': 'PassEndY', 'value': 141}, 'value': '90.0'}, {'type': {'displayName': 'Angle', 'value': 213}, 'value': '5.78'}, {'type': {'displayName': 'Zone', 'value': 56}, 'value': 'Back'}, {'type': {'displayName': 'Length', 'value': 212}, 'value': '12.3'}]",True,,False,,,
1901403,FirstHalf,0,25.0,0,Pass,Successful,276,Napoli,336915.0,Scott McTominay,19.7,90.0,24.6,95.7,,,,,"[{'type': {'displayName': 'Angle', 'value': 213}, 'value': '0.65'}, {'type': {'displayName': 'PassEndY', 'value': 141}, 'value': '95.7'}, {'type': {'displayName': 'Zone', 'value': 56}, 'value': 'Back'}, {'type': {'displayName': 'Length', 'value': 212}, 'value': '6.4'}, {'type': {'displayName': 'PassEndX', 'value': 140}, 'value': '24.6'}]",True,,False,,,
1901403,FirstHalf,0,27.0,0,Pass,Successful,276,Napoli,395788.0,Miguel Gutiérrez,25.2,95.7,21.1,85.6,,,,,"[{'type': {'displayName': 'Angle', 'value': 213}, 'value': '4.15'}, {'type': {'displayName': 'PassEndX', 'value': 140}, 'value': '21.1'}, {'type': {'displayName': 'Zone', 'value': 56}, 'value': 'Back'}, {'type': {'displayName': 'PassEndY', 'value': 141}, 'value': '85.6'}, {'type': {'displayName': 'Length', 'value': 212}, 'value': '8.1'}]",True,,False,,,
1901403,FirstHalf,0,29.0,0,Pass,Successful,276,Napoli,336915.0,Scott McTominay,16.4,80.7,16.0,48.6,,,,,"[{'type': {'displayName': 'Length', 'value': 212}, 'value': '21.8'}, {'type': {'displayName': 'Angle', 'value': 213}, 'value': '4.69'}, {'type': {'displayName': 'Zone', 'value': 56}, 'value': 'Back'}, {'type': {'displayName': 'PassEndX', 'value': 140}, 'value': '16.0'}, {'type': {'displayName': 'PassEndY', 'value': 141}, 'value': '48.6'}]",True,,False,,,
1901403,FirstHalf,0,31.0,0,Pass,Successful,276,Napoli,295358.0,Amir Rrahmani,13.1,48.0,40.6,5.7,,,,,"[{'type': {'displayName': 'PassEndX', 'value': 140}, 'value': '40.6'}, {'type': {'displayName': 'Longball', 'value': 1}}, {'type': {'displayName': 'Zone', 'value': 56}, 'value': 'Back'}, {'type': {'displayName': 'PassEndY', 'value': 141}, 'value': '5.7'}, {'type': {'displayName': 'Length', 'value': 212}, 'value': '40.8'}, {'type': {'displayName': 'Angle', 'value': 213}, 'value': '5.50'}]",True,,False,,,
1901403,FirstHalf,0,37.0,0,Pass,Successful,276,Napoli,422739.0,Sam Beukema,36.4,12.9,42.8,22.5,,,,,"[{'type': {'displayName': 'Zone', 'value': 56}, 'value': 'Back'}, {'type': {'displayName': 'PassEndY', 'value': 141}, 'value': '22.5'}, {'type': {'displayName': 'PassEndX', 'value': 140}, 'value': '42.8'}, {'type': {'displayName': 'Angle', 'value': 213}, 'value': '0.77'}, {'type': {'displayName': 'Length', 'value': 212}, 'value': '9.4'}]",True,,False,,,
1901403,FirstHalf,0,38.0,0,Pass,Successful,276,Napoli,111892.0,Stanislav Lobotka,42.8,22.5,33.9,24.6,,,,,"[{'type': {'displayName': 'Length', 'value': 212}, 'value': '9.5'}, {'type': {'displayName': 'PassEndY', 'value': 141}, 'value': '24.6'}, {'type': {'displayName': 'Angle', 'value': 213}, 'value': '2.99'}, {'type': {'displayName': 'PassEndX', 'value': 140}, 'value': '33.9'}, {'type': {'displayName': 'Zone', 'value': 56}, 'value': 'Back'}]",True,,False,,,
1901403,FirstHalf,0,40.0,0,Pass,Successful,276,Napoli,422739.0,Sam Beukema,36.2,28.3,40.5,36.3,,,,,"[{'type': {'displayName': 'Angle', 'value': 213}, 'value': '0.88'}, {'type': {'displayName': 'Zone', 'value': 56}, 'value': 'Back'}, {'type': {'displayName': 'PassEndY', 'value': 141}, 'value': '36.3'}, {'type': {'displayName': 'Length', 'value': 212}, 'value': '7.1'}, {'type': {'displayName': 'PassEndX', 'value': 140}, 'value': '40.5'}]",True,,False,,,
1901403,FirstHalf,0,41.0,0,Pass,Successful,276,Napoli,336915.0,Scott McTominay,40.5,36.3,55.7,29.4,,,,,"[{'type': {'displayName': 'PassEndX', 'value': 140}, 'value': '55.7'}, {'type': {'displayName': 'Zone', 'value': 56}, 'value': 'Center'}, {'type': {'displayName': 'PassEndY', 'value': 141}, 'value': '29.4'}, {'type': {'displayName': 'Length', 'value': 212}, 'value': '16.6'}, {'type': {'displayName': 'Angle', 'value': 213}, 'value': '6.00'}]",True,,False,,,
1901403,FirstHalf,0,44.0,0,Pass,Unsuccessful,276,Napoli,111892.0,Stanislav Lobotka,62.0,31.3,66.1,30.7,,,,,"[{'type': {'displayName': 'Zone', 'value': 56}, 'value': 'Center'}, {'type': {'displayName': 'PassEndY', 'value': 141}, 'value': '30.7'}, {'type': {'displayName': 'Angle', 'value': 213}, 'value': '6.19'}, {'type': {'displayName': 'PassEndX', 'value': 140}, 'value': '66.1'}, {'type': {'displayName': 'Length', 'value': 212}, 'value': '4.3'}]",True,,False,,,
1901403,FirstHalf,0,46.0,0,Interception,Successful,1290,Como,134984.0,Diego Carlos,33.9,69.3,,,,,,,"[{'type': {'displayName': 'Zone', 'value': 56}, 'value': 'Back'}]",True,,False,,,
1901403,FirstHalf,0,48.0,0,Pass,Successful,276,Napoli,122683.0,Matteo Politano,59.0,18.9,60.2,34.9,,,,,"[{'type': {'displayName': 'Length', 'value': 212}, 'value': '11.0'}, {'type': {'displayName': 'PassEndX', 'value': 140}, 'value': '60.2'}, {'type': {'displayName': 'PassEndY', 'value': 141}, 'value': '34.9'}, {'type': {'displayName': 'Zone', 'value': 56}, 'value': 'Center'}, {'type': {'displayName': 'Angle', 'value': 213}, 'value': '1.46'}]",True,,False,,,
1901403,FirstHalf,0,49.0,0,Pass,Successful,276,Napoli,111892.0,Stanislav Lobotka,60.1,36.7,39.7,31.8,,,,,"[{'type': {'displayName': 'PassEndY', 'value': 141}, 'value': '31.8'}, {'type': {'displayName': 'Zone', 'value': 56}, 'value': 'Back'}, {'type': {'displayName': 'PassEndX', 'value': 140}, 'value': '39.7'}, {'type': {'displayName': 'Angle', 'value': 213}, 'value': '3.30'}, {'type': {'displayName': 'Length', 'value': 212}, 'value': '21.7'}]",True,,False,,,
1901403,FirstHalf,0,52.0,0,Pass,Unsuccessful,276,Napoli,295358.0,Amir Rrahmani,39.7,31.8,76.5,79.0,,,,,"[{'type': {'displayName': 'Longball', 'value': 1}}, {'type': {'displayName': 'Length', 'value': 212}, 'value': '50.2'}, {'type': {'displayName': 'PassEndX', 'value': 140}, 'value': '76.5'}, {'type': {'displayName': 'Angle', 'value': 213}, 'value': '0.69'}, {'type': {'displayName': 'PassEndY', 'value': 141}, 'value': '79.0'}, {'type': {'displayName': 'Zone', 'value': 56}, 'value': 'Left'}, {'type': {'displayName': 'Chipped', 'value': 155}}]",True,,False,,,
1901403,FirstHalf,0,54.0,0,BallRecovery,Successful,1290,Como,531127.0,Ivan Smolcic,24.2,14.5,,,,,,,[],False,,False,,,
1901403,FirstHalf,0,55.0,0,Pass,Unsuccessful,1290,Como,531127.0,Ivan Smolcic,24.2,14.5,46.4,23.2,,,,,"[{'type': {'displayName': 'Length', 'value': 212}, 'value': '24.0'}, {'type': {'displayName': 'PassEndY', 'value': 141}, 'value': '23.2'}, {'type': {'displayName': 'Angle', 'value': 213}, 'value': '0.25'}, {'type': {'displayName': 'PassEndX', 'value': 140}, 'value': '46.4'}, {'type': {'displayName': 'Zone', 'value': 56}, 'value': 'Back'}]",True,,False,,,
1901403,FirstHalf,0,56.0,0,BallRecovery,Successful,276,Napoli,336915.0,Scott McTominay,42.1,71.5,,,,,,,[],False,,False,,,
1901403,FirstHalf,0,58.0,0,Pass,Successful,276,Napoli,336915.0,Scott McTominay,43.5,84.0,48.5,93.3,,,,,"[{'type': {'displayName': 'PassEndX', 'value': 140}, 'value': '48.5'}, {'type': {'displayName': 'Length', 'value': 212}, 'value': '8.2'}, {'type': {'displayName': 'PassEndY', 'value': 141}, 'value': '93.3'}, {'type': {'displayName': 'Angle', 'value': 213}, 'value': '0.88'}, {'type': {'displayName': 'Zone', 'value': 56}, 'value': 'Back'}]",True,,False,,,
1901403,FirstHalf,1,1.0,1,Pass,Successful,276,Napoli,395788.0,Miguel Gutiérrez,44.3,90.6,40.0,92.2,,,,,"[{'type': {'displayName': 'PassEndY', 'value': 141}, 'value': '92.2'}, {'type': {'displayName': 'Length', 'value': 212}, 'value': '4.6'}, {'type': {'displayName': 'Angle', 'value': 213}, 'value': '2.91'}, {'type': {'displayName': 'PassEndX', 'value': 140}, 'value': '40.0'}, {'type': {'displayName': 'Zone', 'value': 56}, 'value': 'Back'}]",True,,False,,,
1901403,FirstHalf,1,2.0,1,Pass,Successful,276,Napoli,336915.0,Scott McTominay,40.0,92.2,28.6,83.1,,,,,"[{'type': {'displayName': 'Length', 'value': 212}, 'value': '13.5'}, {'type': {'displayName': 'Zone', 'value': 56}, 'value': 'Back'}, {'type': {'displayName': 'Angle', 'value': 213}, 'value': '3.62'}, {'type': {'displayName': 'PassEndY', 'value': 141}, 'value': '83.1'}, {'type': {'displayName': 'PassEndX', 'value': 140}, 'value': '28.6'}]",True,,False,,,
1901403,FirstHalf,1,4.0,1,Pass,Successful,276,Napoli,333373.0,Alessandro Buongiorno,27.8,82.9,27.8,51.7,,,,,"[{'type': {'displayName': 'Zone', 'value': 56}, 'value': 'Back'}, {'type': {'displayName': 'PassEndY', 'value': 141}, 'value': '51.7'}, {'type': {'displayName': 'PassEndX', 'value': 140}, 'value': '27.8'}, {'type': {'displayName': 'Angle', 'value': 213}, 'value': '4.71'}, {'type': {'displayName': 'Length', 'value': 212}, 'value': '21.2'}]",True,,False,,,
1901403,FirstHalf,1,7.0,1,Pass,Successful,276,Napoli,295358.0,Amir Rrahmani,27.8,51.7,24.9,75.7,,,,,"[{'type': {'displayName': 'PassEndX', 'value': 140}, 'value': '24.9'}, {'type': {'displayName': 'Zone', 'value': 56}, 'value': 'Back'}, {'type': {'displayName': 'Angle', 'value': 213}, 'value': '1.76'}, {'type': {'displayName': 'Length', 'value': 212}, 'value': '16.6'}, {'type': {'displayName': 'PassEndY', 'value': 141}, 'value': '75.7'}]",True,,False,,,
1901403,FirstHalf,1,10.0,1,Pass,Successful,276,Napoli,333373.0,Alessandro Buongiorno,26.4,69.0,21.0,40.8,,,,,"[{'type': {'displayName': 'Zone', 'value': 56}, 'value': 'Back'}, {'type': {'displayName': 'Angle', 'value': 213}, 'value': '4.42'}, {'type': {'displayName': 'PassEndY', 'value': 141}, 'value': '40.8'}, {'type': {'displayName': 'Length', 'value': 212}, 'value': '20.0'}, {'type': {'displayName': 'PassEndX', 'value': 140}, 'value': '21.0'}]",True,,False,,,
1901403,FirstHalf,1,13.0,1,Pass,Successful,276,Napoli,295358.0,Amir Rrahmani,20.1,36.3,22.9,10.6,,,,,"[{'type': {'displayName': 'Angle', 'value': 213}, 'value': '4.88'}, {'type': {'displayName': 'Length', 'value': 212}, 'value': '17.7'}, {'type': {'displayName': 'PassEndY', 'value': 141}, 'value': '10.6'}, {'type': {'displayName': 'Zone', 'value': 56}, 'value': 'Back'}, {'type': {'displayName': 'PassEndX', 'value': 140}, 'value': '22.9'}]",True,,False,,,
1901403,FirstHalf,1,15.0,1,Pass,Successful,276,Napoli,422739.0,Sam Beukema,18.0,12.0,6.0,49.0,,,,,"[{'type': {'displayName': 'Zone', 'value': 56}, 'value': 'Back'}, {'type': {'displayName': 'Angle', 'value': 213}, 'value': '2.04'}, {'type': {'displayName': 'PassEndY', 'value': 141}, 'value': '49.0'}, {'type': {'displayName': 'PassEndX', 'value': 140}, 'value': '6.0'}, {'type': {'displayName': 'Length', 'value': 212}, 'value': '28.1'}]",True,,False,,,
1901403,FirstHalf,1,19.0,1,Pass,Unsuccessful,276,Napoli,149474.0,Vanja Milinkovic-Savic,9.2,53.8,64.4,94.6,,,,,"[{'type': {'displayName': 'Longball', 'value': 1}}, {'type': {'displayName': 'Length', 'value': 212}, 'value': '64.3'}, {'type': {'displayName': 'Chipped', 'value': 155}}, {'type': {'displayName': 'Angle', 'value': 213}, 'value': '0.45'}, {'type': {'displayName': 'Zone', 'value': 56}, 'value': 'Left'}, {'type': {'displayName': 'PassEndY', 'value': 141}, 'value': '94.6'}, {'type': {'displayName': 'PassEndX', 'value': 140}, 'value': '64.4'}]",True,,False,,,
1901403,FirstHalf,1,23.0,1,Pass,Unsuccessful,1290,Como,516374.0,Jacobo Ramón,35.6,8.2,44.9,14.2,,,,,"[{'type': {'displayName': 'PassEndY', 'value': 141}, 'value': '14.2'}, {'type': {'displayName': 'PassEndX', 'value': 140}, 'value': '44.9'}, {'type': {'displayName': 'Zone', 'value': 56}, 'value': 'Back'}, {'type': {'displayName': 'HeadPass', 'value': 3}}, {'type': {'displayName': 'Length', 'value': 212}, 'value': '10.6'}, {'type': {'displayName': 'Angle', 'value': 213}, 'value': '0.40'}]",True,,False,,,
1901403,FirstHalf,1,26.0,1,Pass,Successful,276,Napoli,439584.0,Rasmus Højlund,60.0,90.4,74.6,94.9,,,,,"[{'type': {'displayName': 'PassEndX', 'value': 140}, 'value': '74.6'}, {'type': {'displayName': 'Angle', 'value': 213}, 'value': '0.20'}, {'type': {'displayName': 'PassEndY', 'value': 141}, 'value': '94.9'}, {'type': {'displayName': 'Zone', 'value': 56}, 'value': 'Left'}, {'type': {'displayName': 'Length', 'value': 212}, 'value': '15.6'}]",True,,False,,,
1901403,FirstHalf,1,34.0,1,Pass,Unsuccessful,276,Napoli,557549.0,Alisson Santos,98.4,75.4,95.0,61.2,,,,,"[{'type': {'displayName': 'Zone', 'value': 56}, 'value': 'Center'}, {'type': {'displayName': 'Length', 'value': 212}, 'value': '10.3'}, {'type': {'displayName': 'Angle', 'value': 213}, 'value': '4.36'}, {'type': {'displayName': 'PassEndY', 'value': 141}, 'value': '61.2'}, {'type': {'displayName': 'PassEndX', 'value': 140}, 'value': '95.0'}]",True,,False,,,
1901403,FirstHalf,1,35.0,1,Clearance,Successful,1290,Como,516374.0,Jacobo Ramón,5.2,41.4,9.3,35.8,,,,,"[{'type': {'displayName': 'PassEndY', 'value': 141}, 'value': '35.8'}, {'type': {'displayName': 'PassEndX', 'value': 140}, 'value': '9.3'}, {'type': {'displayName': 'Length', 'value': 212}, 'value': '5.7'}, {'type': {'displayName': 'Zone', 'value': 56}, 'value': 'Back'}, {'type': {'displayName': 'Angle', 'value': 213}, 'value': '5.56'}]",True,,False,,,
1901403,FirstHalf,1,37.0,1,BallRecovery,Successful,1290,Como,379615.0,Lucas da Cunha,9.3,35.8,,,,,,,[],False,,False,,,
1901403,FirstHalf,1,38.0,1,Pass,Successful,1290,Como,379615.0,Lucas da Cunha,9.7,35.2,15.2,14.4,,,,,"[{'type': {'displayName': 'Zone', 'value': 56}, 'value': 'Back'}, {'type': {'displayName': 'Angle', 'value': 213}, 'value': '5.10'}, {'type': {'displayName': 'Length', 'value': 212}, 'value': '15.3'}, {'type': {'displayName': 'PassEndX', 'value': 140}, 'value': '15.2'}, {'type': {'displayName': 'PassEndY', 'value': 141}, 'value': '14.4'}]",True,,False,,,
1901403,FirstHalf,1,39.0,1,Pass,Successful,1290,Como,448659.0,Nico Paz,15.2,14.4,13.2,14.7,,,,,"[{'type': {'displayName': 'LayOff', 'value': 156}}, {'type': {'displayName': 'Zone', 'value': 56}, 'value': 'Back'}, {'type': {'displayName': 'PassEndX', 'value': 140}, 'value': '13.2'}, {'type': {'displayName': 'Length', 'value': 212}, 'value': '2.1'}, {'type': {'displayName': 'Angle', 'value': 213}, 'value': '3.04'}, {'type': {'displayName': 'PassEndY', 'value': 141}, 'value': '14.7'}]",True,,False,,,
1901403,FirstHalf,1,40.0,1,Pass,Successful,1290,Como,531127.0,Ivan Smolcic,13.2,14.7,28.9,4.0,,,,,"[{'type': {'displayName': 'Length', 'value': 212}, 'value': '18.0'}, {'type': {'displayName': 'Zone', 'value': 56}, 'value': 'Back'}, {'type': {'displayName': 'Angle', 'value': 213}, 'value': '5.87'}, {'type': {'displayName': 'PassEndY', 'value': 141}, 'value': '4.0'}, {'type': {'displayName': 'PassEndX', 'value': 140}, 'value': '28.9'}]",True,,False,,,
1901403,FirstHalf,1,43.0,1,TakeOn,Unsuccessful,1290,Como,448659.0,Nico Paz,29.6,2.4,,,,,,,"[{'type': {'displayName': 'Defensive', 'value': 285}}, {'type': {'displayName': 'OppositeRelatedEvent', 'value': 233}, 'value': '35'}, {'type': {'displayName': 'Zone', 'value': 56}, 'value': 'Back'}]",True,,False,,,
1901403,FirstHalf,1,43.0,1,Tackle,Successful,276,Napoli,395788.0,Miguel Gutiérrez,70.4,97.6,,,,,,,"[{'type': {'displayName': 'Offensive', 'value': 286}}, {'type': {'displayName': 'StandingSave', 'value': 178}}, {'type': {'displayName': 'Zone', 'value': 56}, 'value': 'Left'}, {'type': {'displayName': 'OppositeRelatedEvent', 'value': 233}, 'value': '21'}]",True,,False,,,
1901403,FirstHalf,2,33.0,2,Pass,Successful,1290,Como,531127.0,Ivan Smolcic,25.5,0.0,3.4,43.0,,,,,"[{'type': {'displayName': 'PassEndX', 'value': 140}, 'value': '3.4'}, {'type': {'displayName': 'Zone', 'value': 56}, 'value': 'Back'}, {'type': {'displayName': 'Longball', 'value': 1}}, {'type': {'displayName': 'PassEndY', 'value': 141}, 'value': '43.0'}, {'type': {'displayName': 'Angle', 'value': 213}, 'value': '2.23'}, {'type': {'displayName': 'ThrowIn', 'value': 107}}, {'type': {'displayName': 'Length', 'value': 212}, 'value': '38.0'}]",True,,False,,,
1901403,FirstHalf,2,37.0,2,Pass,Successful,1290,Como,256536.0,Jean Butez,4.1,43.6,10.4,92.2,,,,,"[{'type': {'displayName': 'Zone', 'value': 56}, 'value': 'Back'}, {'type': {'displayName': 'Angle', 'value': 213}, 'value': '1.37'}, {'type': {'displayName': 'Longball', 'value': 1}}, {'type': {'displayName': 'Length', 'value': 212}, 'value': '33.7'}, {'type': {'displayName': 'PassEndY', 'value': 141}, 'value': '92.2'}, {'type': {'displayName': 'PassEndX', 'value': 140}, 'value': '10.4'}]",True,,False,,,
1901403,FirstHalf,2,40.0,2,Pass,Successful,1290,Como,454341.0,Álex Valle,11.3,91.6,61.7,87.7,,,,,"[{'type': {'displayName': 'Zone', 'value': 56}, 'value': 'Left'}, {'type': {'displayName': 'PassEndY', 'value': 141}, 'value': '87.7'}, {'type': {'displayName': 'Angle', 'value': 213}, 'value': '6.23'}, {'type': {'displayName': 'PassEndX', 'value': 140}, 'value': '61.7'}, {'type': {'displayName': 'Length', 'value': 212}, 'value': '53.0'}, {'type': {'displayName': 'Longball', 'value': 1}}, {'type': {'displayName': 'Chipped', 'value': 155}}]",True,,False,,,
1901403,FirstHalf,2,45.0,2,Foul,Successful,1290,Como,422873.0,Tasos Douvikas,61.2,87.6,,,,,,,"[{'type': {'displayName': 'Foul', 'value': 13}}, {'type': {'displayName': 'Zone', 'value': 56}, 'value': 'Left'}, {'type': {'displayName': 'Offensive', 'value': 286}}, {'type': {'displayName': 'OppositeRelatedEvent', 'value': 233}, 'value': '37'}]",True,,False,,,
1901403,FirstHalf,2,45.0,2,Foul,Unsuccessful,276,Napoli,295358.0,Amir Rrahmani,38.8,12.4,,,,,,,"[{'type': {'displayName': 'Defensive', 'value': 285}}, {'type': {'displayName': 'OppositeRelatedEvent', 'value': 233}, 'value': '26'}, {'type': {'displayName': 'StandingSave', 'value': 178}}, {'type': {'displayName': 'Zone', 'value': 56}, 'value': 'Back'}, {'type': {'displayName': 'Foul', 'value': 13}}]",False,,False,,,
1901403,FirstHalf,2,54.0,2,Pass,Successful,1290,Como,407944.0,Martin Baturina,59.2,91.8,51.5,70.2,,,,,"[{'type': {'displayName': 'PassEndX', 'value': 140}, 'value': '51.5'}, {'type': {'displayName': 'Zone', 'value': 56}, 'value': 'Center'}, {'type': {'displayName': 'Angle', 'value': 213}, 'value': '4.21'}, {'type': {'displayName': 'PassEndY', 'value': 141}, 'value': '70.2'}, {'type': {'displayName': 'FreekickTaken', 'value': 5}}, {'type': {'displayName': 'Length', 'value': 212}, 'value': '16.8'}]",True,,False,,,
1901403,FirstHalf,2,56.0,2,Pass,Successful,1290,Como,433972.0,Máximo Perrone,48.7,67.0,43.3,45.0,,,,,"[{'type': {'displayName': 'Length', 'value': 212}, 'value': '16.0'}, {'type': {'displayName': 'Angle', 'value': 213}, 'value': '4.35'}, {'type': {'displayName': 'PassEndY', 'value': 141}, 'value': '45.0'}, {'type': {'displayName': 'Zone', 'value': 56}, 'value': 'Back'}, {'type': {'displayName': 'PassEndX', 'value': 140}, 'value': '43.3'}]",True,,False,,,
1901403,FirstHalf,2,58.0,2,Pass,Successful,1290,Como,516374.0,Jacobo Ramón,43.3,45.0,44.8,21.1,,,,,"[{'type': {'displayName': 'PassEndX', 'value': 140}, 'value': '44.8'}, {'type': {'displayName': 'PassEndY', 'value': 141}, 'value': '21.1'}, {'type': {'displayName': 'Angle', 'value': 213}, 'value': '4.81'}, {'type': {'displayName': 'Zone', 'value': 56}, 'value': 'Back'}, {'type': {'displayName': 'Length', 'value': 212}, 'value': '16.3'}]",True,,False,,,
1901403,FirstHalf,3,3.0,3,Pass,Successful,1290,Como,531127.0,Ivan Smolcic,45.3,24.4,39.2,40.6,,,,,"[{'type': {'displayName': 'Length', 'value': 212}, 'value': '12.7'}, {'type': {'displayName': 'PassEndX', 'value': 140}, 'value': '39.2'}, {'type': {'displayName': 'Angle', 'value': 213}, 'value': '2.10'}, {'type': {'displayName': 'PassEndY', 'value': 141}, 'value': '40.6'}, {'type': {'displayName': 'Zone', 'value': 56}, 'value': 'Back'}]",True,,False,,,
1901403,FirstHalf,3,5.0,3,Pass,Successful,1290,Como,516374.0,Jacobo Ramón,39.1,40.6,41.2,23.1,,,,,"[{'type': {'displayName': 'PassEndX', 'value': 140}, 'value': '41.2'}, {'type': {'displayName': 'PassEndY', 'value': 141}, 'value': '23.1'}, {'type': {'displayName': 'Angle', 'value': 213}, 'value': '4.90'}, {'type': {'displayName': 'Zone', 'value': 56}, 'value': 'Back'}, {'type': {'displayName': 'Length', 'value': 212}, 'value': '12.1'}]",True,,False,,,
1901403,FirstHalf,3,9.0,3,Pass,Successful,1290,Como,531127.0,Ivan Smolcic,40.3,19.0,63.7,12.7,,,,,"[{'type': {'displayName': 'Zone', 'value': 56}, 'value': 'Right'}, {'type': {'displayName': 'Length', 'value': 212}, 'value': '24.9'}, {'type': {'displayName': 'Angle', 'value': 213}, 'value': '6.11'}, {'type': {'displayName': 'PassEndY', 'value': 141}, 'value': '12.7'}, {'type': {'displayName': 'PassEndX', 'value': 140}, 'value': '63.7'}]",True,,False,,,
1901403,FirstHalf,3,10.0,3,Pass,Successful,1290,Como,502427.0,Assane Diao,63.7,12.7,60.9,14.1,,,,,"[{'type': {'displayName': 'PassEndY', 'value': 141}, 'value': '14.1'}, {'type': {'displayName': 'Length', 'value': 212}, 'value': '3.1'}, {'type': {'displayName': 'PassEndX', 'value': 140}, 'value': '60.9'}, {'type': {'displayName': 'Zone', 'value': 56}, 'value': 'Right'}, {'type': {'displayName': 'LayOff', 'value': 156}}, {'type': {'displayName': 'Angle', 'value': 213}, 'value': '2.83'}]",True,,False,,,
1901403,FirstHalf,3,11.0,3,Pass,Successful,1290,Como,448659.0,Nico Paz,60.8,14.1,46.8,5.7,,,,,"[{'type': {'displayName': 'PassEndY', 'value': 141}, 'value': '5.7'}, {'type': {'displayName': 'PassEndX', 'value': 140}, 'value': '46.8'}, {'type': {'displayName': 'Zone', 'value': 56}, 'value': 'Back'}, {'type': {'displayName': 'Angle', 'value': 213}, 'value': '3.51'}, {'type': {'displayName': 'Length', 'value': 212}, 'value': '15.8'}]",True,,False,,,
1901403,FirstHalf,3,15.0,3,Pass,Successful,1290,Como,379615.0,Lucas da Cunha,43.8,24.4,41.6,66.1,,,,,"[{'type': {'displayName': 'Zone', 'value': 56}, 'value': 'Back'}, {'type': {'displayName': 'Length', 'value': 212}, 'value': '28.4'}, {'type': {'displayName': 'PassEndX', 'value': 140}, 'value': '41.6'}, {'type': {'displayName': 'PassEndY', 'value': 141}, 'value': '66.1'}, {'type': {'displayName': 'Angle', 'value': 213}, 'value': '1.65'}]",True,,False,,,
1901403,FirstHalf,3,20.0,3,Pass,Successful,1290,Como,134984.0,Diego Carlos,55.7,71.7,56.8,65.7,,,,,"[{'type': {'displayName': 'Zone', 'value': 56}, 'value': 'Center'}, {'type': {'displayName': 'PassEndY', 'value': 141}, 'value': '65.7'}, {'type': {'displayName': 'PassEndX', 'value': 140}, 'value': '56.8'}, {'type': {'displayName': 'Length', 'value': 212}, 'value': '4.2'}, {'type': {'displayName': 'Angle', 'value': 213}, 'value': '4.99'}]",True,,False,,,
1901403,FirstHalf,3,21.0,3,Pass,Successful,1290,Como,433972.0,Máximo Perrone,56.8,65.7,52.3,74.2,,,,,"[{'type': {'displayName': 'PassEndY', 'value': 141}, 'value': '74.2'}, {'type': {'displayName': 'PassEndX', 'value': 140}, 'value': '52.3'}, {'type': {'displayName': 'Length', 'value': 212}, 'value': '7.5'}, {'type': {'displayName': 'Angle', 'value': 213}, 'value': '2.26'}, {'type': {'displayName': 'Zone', 'value': 56}, 'value': 'Center'}]",True,,False,,,
1901403,FirstHalf,3,23.0,3,Pass,Successful,1290,Como,134984.0,Diego Carlos,52.7,74.2,62.9,73.8,,,,,"[{'type': {'displayName': 'PassEndX', 'value': 140}, 'value': '62.9'}, {'type': {'displayName': 'Length', 'value': 212}, 'value': '10.7'}, {'type': {'displayName': 'PassEndY', 'value': 141}, 'value': '73.8'}, {'type': {'displayName': 'Zone', 'value': 56}, 'value': 'Center'}, {'type': {'displayName': 'Angle', 'value': 213}, 'value': '6.26'}]",True,,False,,,
1901403,FirstHalf,3,24.0,3,Pass,Successful,1290,Como,454341.0,Álex Valle,62.9,73.8,63.2,60.9,,,,,"[{'type': {'displayName': 'Zone', 'value': 56}, 'value': 'Center'}, {'type': {'displayName': 'Angle', 'value': 213}, 'value': '4.75'}, {'type': {'displayName': 'PassEndY', 'value': 141}, 'value': '60.9'}, {'type': {'displayName': 'Length', 'value': 212}, 'value': '8.8'}, {'type': {'displayName': 'PassEndX', 'value': 140}, 'value': '63.2'}]",True,,False,,,
1901403,FirstHalf,3,25.0,3,Pass,Successful,1290,Como,433972.0,Máximo Perrone,63.2,60.9,70.7,47.4,,,,,"[{'type': {'displayName': 'PassEndY', 'value': 141}, 'value': '47.4'}, {'type': {'displayName': 'Angle', 'value': 213}, 'value': '5.42'}, {'type': {'displayName': 'Zone', 'value': 56}, 'value': 'Center'}, {'type': {'displayName': 'PassEndX', 'value': 140}, 'value': '70.7'}, {'type': {'displayName': 'Length', 'value': 212}, 'value': '12.1'}]",True,,False,,,
1901403,FirstHalf,3,26.0,3,Pass,Successful,1290,Como,422873.0,Tasos Douvikas,70.7,47.4,63.1,41.2,,,,,"[{'type': {'displayName': 'PassEndY', 'value': 141}, 'value': '41.2'}, {'type': {'displayName': 'Length', 'value': 212}, 'value': '9.0'}, {'type': {'displayName': 'LayOff', 'value': 156}}, {'type': {'displayName': 'PassEndX', 'value': 140}, 'value': '63.1'}, {'type': {'displayName': 'Zone', 'value': 56}, 'value': 'Center'}, {'type': {'displayName': 'Angle', 'value': 213}, 'value': '3.63'}]",True,,False,,,
1901403,FirstHalf,3,30.0,3,Pass,Successful,1290,Como,448659.0,Nico Paz,67.2,53.7,83.0,88.5,,,,,"[{'type': {'displayName': 'Angle', 'value': 213}, 'value': '0.96'}, {'type': {'displayName': 'Length', 'value': 212}, 'value': '28.9'}, {'type': {'displayName': 'Chipped', 'value': 155}}, {'type': {'displayName': 'Zone', 'value': 56}, 'value': 'Left'}, {'type': {'displayName': 'PassEndX', 'value': 140}, 'value': '83.0'}, {'type': {'displayName': 'PassEndY', 'value': 141}, 'value': '88.5'}]",True,,False,,,
1901403,FirstHalf,3,34.0,3,Challenge,Unsuccessful,276,Napoli,122683.0,Matteo Politano,17.6,10.0,,,,,,,"[{'type': {'displayName': 'OppositeRelatedEvent', 'value': 233}, 'value': '43'}, {'type': {'displayName': 'Defensive', 'value': 285}}, {'type': {'displayName': 'Zone', 'value': 56}, 'value': 'Back'}]",False,,False,,,
1901403,FirstHalf,3,34.0,3,TakeOn,Successful,1290,Como,407944.0,Martin Baturina,82.4,90.0,,,,,,,"[{'type': {'displayName': 'Offensive', 'value': 286}}, {'type': {'displayName': 'Zone', 'value': 56}, 'value': 'Left'}, {'type': {'displayName': 'OppositeRelatedEvent', 'value': 233}, 'value': '38'}]",True,,False,,,
1901403,FirstHalf,3,35.0,3,BallTouch,Unsuccessful,1290,Como,407944.0,Martin Baturina,83.1,89.2,,,,,,,"[{'type': {'displayName': 'Zone', 'value': 56}, 'value': 'Left'}]",True,,False,,,
1901403,FirstHalf,3,36.0,3,BallRecovery,Successful,276,Napoli,73084.0,Kevin De Bruyne,21.5,5.8,,,,,,,[],False,,False,,,
1901403,FirstHalf,3,37.0,3,TakeOn,Successful,276,Napoli,73084.0,Kevin De Bruyne,20.0,9.8,,,,,,,"[{'type': {'displayName': 'OppositeRelatedEvent', 'value': 233}, 'value': '45'}, {'type': {'displayName': 'Zone', 'value': 56}, 'value': 'Back'}, {'type': {'displayName': 'Defensive', 'value': 285}}]",True,,False,,,
1901403,FirstHalf,3,37.0,3,Challenge,Unsuccessful,1290,Como,454341.0,Álex Valle,80.0,90.2,,,,,,,"[{'type': {'displayName': 'Zone', 'value': 56}, 'value': 'Left'}, {'type': {'displayName': 'Offensive', 'value': 286}}, {'type': {'displayName': 'OppositeRelatedEvent', 'value': 233}, 'value': '39'}]",False,,False,,,
1901403,FirstHalf,3,38.0,3,Pass,Successful,276,Napoli,73084.0,Kevin De Bruyne,21.5,5.8,27.6,16.0,,,,,"[{'type': {'displayName': 'Length', 'value': 212}, 'value': '9.4'}, {'type': {'displayName': 'Angle', 'value': 213}, 'value': '0.83'}, {'type': {'displayName': 'Zone', 'value': 56}, 'value': 'Back'}, {'type': {'displayName': 'PassEndY', 'value': 141}, 'value': '16.0'}, {'type': {'displayName': 'PassEndX', 'value': 140}, 'value': '27.6'}]",True,,False,,,
1901403,FirstHalf,3,39.0,3,TakeOn,Unsuccessful,276,Napoli,122683.0,Matteo Politano,27.2,14.7,,,,,,,"[{'type': {'displayName': 'OppositeRelatedEvent', 'value': 233}, 'value': '46'}, {'type': {'displayName': 'Defensive', 'value': 285}}, {'type': {'displayName': 'Zone', 'value': 56}, 'value': 'Back'}]",True,,False,,,
1901403,FirstHalf,3,39.0,3,Tackle,Successful,1290,Como,433972.0,Máximo Perrone,72.8,85.3,,,,,,,"[{'type': {'displayName': 'StandingSave', 'value': 178}}, {'type': {'displayName': 'Offensive', 'value': 286}}, {'type': {'displayName': 'OppositeRelatedEvent', 'value': 233}, 'value': '42'}, {'type': {'displayName': 'Zone', 'value': 56}, 'value': 'Left'}]",True,,False,,,
1901403,FirstHalf,4,15.0,4,Pass,Successful,276,Napoli,122683.0,Matteo Politano,28.7,0.0,25.1,10.5,,,,,"[{'type': {'displayName': 'Zone', 'value': 56}, 'value': 'Back'}, {'type': {'displayName': 'PassEndX', 'value': 140}, 'value': '25.1'}, {'type': {'displayName': 'Length', 'value': 212}, 'value': '8.8'}, {'type': {'displayName': 'PassEndY', 'value': 141}, 'value': '10.5'}, {'type': {'displayName': 'Angle', 'value': 213}, 'value': '2.01'}, {'type': {'displayName': 'ThrowIn', 'value': 107}}]",True,,False,,,
1901403,FirstHalf,4,17.0,4,Pass,Successful,276,Napoli,111892.0,Stanislav Lobotka,26.0,12.9,16.1,11.1,,,,,"[{'type': {'displayName': 'Angle', 'value': 213}, 'value': '3.26'}, {'type': {'displayName': 'PassEndX', 'value': 140}, 'value': '16.1'}, {'type': {'displayName': 'Length', 'value': 212}, 'value': '10.5'}, {'type': {'displayName': 'PassEndY', 'value': 141}, 'value': '11.1'}, {'type': {'displayName': 'Zone', 'value': 56}, 'value': 'Back'}]",True,,False,,,
1901403,FirstHalf,4,19.0,4,Pass,Successful,276,Napoli,422739.0,Sam Beukema,14.8,11.1,3.3,43.6,,,,,"[{'type': {'displayName': 'PassEndY', 'value': 141}, 'value': '43.6'}, {'type': {'displayName': 'PassEndX', 'value': 140}, 'value': '3.3'}, {'type': {'displayName': 'Length', 'value': 212}, 'value': '25.2'}, {'type': {'displayName': 'Zone', 'value': 56}, 'value': 'Back'}, {'type': {'displayName': 'Angle', 'value': 213}, 'value': '2.07'}]",True,,False,,,
1901403,FirstHalf,4,22.0,4,Pass,Successful,276,Napoli,149474.0,Vanja Milinkovic-Savic,5.5,47.7,7.2,90.9,,,,,"[{'type': {'displayName': 'Zone', 'value': 56}, 'value': 'Back'}, {'type': {'displayName': 'Angle', 'value': 213}, 'value': '1.51'}, {'type': {'displayName': 'PassEndY', 'value': 141}, 'value': '90.9'}, {'type': {'displayName': 'Length', 'value': 212}, 'value': '29.4'}, {'type': {'displayName': 'PassEndX', 'value': 140}, 'value': '7.2'}]",True,,False,,,
1901403,FirstHalf,4,25.0,4,Pass,Successful,276,Napoli,333373.0,Alessandro Buongiorno,7.2,90.9,22.9,96.6,,,,,"[{'type': {'displayName': 'PassEndY', 'value': 141}, 'value': '96.6'}, {'type': {'displayName': 'Length', 'value': 212}, 'value': '16.9'}, {'type': {'displayName': 'PassEndX', 'value': 140}, 'value': '22.9'}, {'type': {'displayName': 'Zone', 'value': 56}, 'value': 'Back'}, {'type': {'displayName': 'Angle', 'value': 213}, 'value': '0.23'}]",True,,False,,,
1901403,FirstHalf,4,27.0,4,Pass,Successful,276,Napoli,395788.0,Miguel Gutiérrez,26.3,95.5,28.2,69.6,,,,,"[{'type': {'displayName': 'PassEndY', 'value': 141}, 'value': '69.6'}, {'type': {'displayName': 'Angle', 'value': 213}, 'value': '4.83'}, {'type': {'displayName': 'Zone', 'value': 56}, 'value': 'Back'}, {'type': {'displayName': 'PassEndX', 'value': 140}, 'value': '28.2'}, {'type': {'displayName': 'Length', 'value': 212}, 'value': '17.7'}]",True,,False,,,
1901403,FirstHalf,4,29.0,4,Pass,Successful,276,Napoli,111892.0,Stanislav Lobotka,25.4,67.8,18.3,88.3,,,,,"[{'type': {'displayName': 'Length', 'value': 212}, 'value': '15.8'}, {'type': {'displayName': 'PassEndX', 'value': 140}, 'value': '18.3'}, {'type': {'displayName': 'PassEndY', 'value': 141}, 'value': '88.3'}, {'type': {'displayName': 'Zone', 'value': 56}, 'value': 'Back'}, {'type': {'displayName': 'Angle', 'value': 213}, 'value': '2.06'}]",True,,False,,,
1901403,FirstHalf,4,33.0,4,Pass,Successful,276,Napoli,333373.0,Alessandro Buongiorno,25.4,86.4,30.6,94.6,,,,,"[{'type': {'displayName': 'Angle', 'value': 213}, 'value': '0.80'}, {'type': {'displayName': 'Zone', 'value': 56}, 'value': 'Back'}, {'type': {'displayName': 'PassEndY', 'value': 141}, 'value': '94.6'}, {'type': {'displayName': 'Length', 'value': 212}, 'value': '7.8'}, {'type': {'displayName': 'PassEndX', 'value': 140}, 'value': '30.6'}]",True,,False,,,
1901403,FirstHalf,4,34.0,4,Pass,Successful,276,Napoli,395788.0,Miguel Gutiérrez,29.5,93.6,32.4,83.1,,,,,"[{'type': {'displayName': 'Angle', 'value': 213}, 'value': '5.12'}, {'type': {'displayName': 'PassEndY', 'value': 141}, 'value': '83.1'}, {'type': {'displayName': 'Zone', 'value': 56}, 'value': 'Back'}, {'type': {'displayName': 'Length', 'value': 212}, 'value': '7.8'}, {'type': {'displayName': 'PassEndX', 'value': 140}, 'value': '32.4'}]",True,,False,,,
1901403,FirstHalf,4,36.0,4,Pass,Successful,276,Napoli,336915.0,Scott McTominay,31.9,82.9,21.9,87.0,,,,,"[{'type': {'displayName': 'Length', 'value': 212}, 'value': '10.9'}, {'type': {'displayName': 'Zone', 'value': 56}, 'value': 'Back'}, {'type': {'displayName': 'Angle', 'value': 213}, 'value': '2.88'}, {'type': {'displayName': 'PassEndY', 'value': 141}, 'value': '87.0'}, {'type': {'displayName': 'PassEndX', 'value': 140}, 'value': '21.9'}]",True,,False,,,
1901403,FirstHalf,4,37.0,4,Pass,Successful,276,Napoli,395788.0,Miguel Gutiérrez,18.3,75.0,3.1,60.6,,,,,"[{'type': {'displayName': 'Zone', 'value': 56}, 'value': 'Back'}, {'type': {'displayName': 'Length', 'value': 212}, 'value': '18.7'}, {'type': {'displayName': 'PassEndY', 'value': 141}, 'value': '60.6'}, {'type': {'displayName': 'Angle', 'value': 213}, 'value': '3.69'}, {'type': {'displayName': 'PassEndX', 'value': 140}, 'value': '3.1'}]",True,,False,,,
1901403,FirstHalf,4,41.0,4,Pass,Successful,276,Napoli,149474.0,Vanja Milinkovic-Savic,4.5,61.5,14.7,57.0,,,,,"[{'type': {'displayName': 'Angle', 'value': 213}, 'value': '6.00'}, {'type': {'displayName': 'Zone', 'value': 56}, 'value': 'Back'}, {'type': {'displayName': 'PassEndY', 'value': 141}, 'value': '57.0'}, {'type': {'displayName': 'Length', 'value': 212}, 'value': '11.1'}, {'type': {'displayName': 'PassEndX', 'value': 140}, 'value': '14.7'}]",True,,False,,,
1901403,FirstHalf,4,44.0,4,Pass,Successful,276,Napoli,395788.0,Miguel Gutiérrez,14.0,46.0,32.9,10.8,,,,,"[{'type': {'displayName': 'Angle', 'value': 213}, 'value': '5.40'}, {'type': {'displayName': 'Length', 'value': 212}, 'value': '31.1'}, {'type': {'displayName': 'PassEndX', 'value': 140}, 'value': '32.9'}, {'type': {'displayName': 'Zone', 'value': 56}, 'value': 'Back'}, {'type': {'displayName': 'PassEndY', 'value': 141}, 'value': '10.8'}]",True,,False,,,
1901403,FirstHalf,4,48.0,4,Pass,Unsuccessful,276,Napoli,422739.0,Sam Beukema,44.8,8.1,100.0,0.0,,,,,"[{'type': {'displayName': 'Angle', 'value': 213}, 'value': '6.17'}, {'type': {'displayName': 'PassEndY', 'value': 141}, 'value': '0.0'}, {'type': {'displayName': 'Longball', 'value': 1}}, {'type': {'displayName': 'Length', 'value': 212}, 'value': '58.4'}, {'type': {'displayName': 'PassEndX', 'value': 140}, 'value': '100.0'}, {'type': {'displayName': 'Zone', 'value': 56}, 'value': 'Right'}, {'type': {'displayName': 'Chipped', 'value': 155}}]",True,,False,,,
1901403,FirstHalf,5,12.0,5,Pass,Successful,1290,Como,454341.0,Álex Valle,6.0,100.0,12.2,85.3,,,,,"[{'type': {'displayName': 'Angle', 'value': 213}, 'value': '5.25'}, {'type': {'displayName': 'ThrowIn', 'value': 107}}, {'type': {'displayName': 'Length', 'value': 212}, 'value': '12.6'}, {'type': {'displayName': 'PassEndX', 'value': 140}, 'value': '12.2'}, {'type': {'displayName': 'PassEndY', 'value': 141}, 'value': '85.3'}, {'type': {'displayName': 'Zone', 'value': 56}, 'value': 'Back'}]",True,,False,,,
1901403,FirstHalf,5,14.0,5,Pass,Unsuccessful,1290,Como,433972.0,Máximo Perrone,12.2,85.3,29.6,79.9,,,,,"[{'type': {'displayName': 'PassEndX', 'value': 140}, 'value': '29.6'}, {'type': {'displayName': 'Longball', 'value': 1}}, {'type': {'displayName': 'Zone', 'value': 56}, 'value': 'Back'}, {'type': {'displayName': 'Angle', 'value': 213}, 'value': '6.08'}, {'type': {'displayName': 'PassEndY', 'value': 141}, 'value': '79.9'}, {'type': {'displayName': 'Length', 'value': 212}, 'value': '18.6'}]",True,,False,,,
1901403,FirstHalf,5,16.0,5,BallRecovery,Successful,276,Napoli,111892.0,Stanislav Lobotka,66.7,26.4,,,,,,,[],False,,False,,,
1901403,FirstHalf,5,16.0,5,Pass,Successful,276,Napoli,111892.0,Stanislav Lobotka,66.7,26.4,48.1,54.0,,,,,"[{'type': {'displayName': 'PassEndY', 'value': 141}, 'value': '54.0'}, {'type': {'displayName': 'PassEndX', 'value': 140}, 'value': '48.1'}, {'type': {'displayName': 'Zone', 'value': 56}, 'value': 'Back'}, {'type': {'displayName': 'Length', 'value': 212}, 'value': '27.1'}, {'type': {'displayName': 'Angle', 'value': 213}, 'value': '2.38'}]",True,,False,,,
1901403,FirstHalf,5,22.0,5,Pass,Successful,276,Napoli,395788.0,Miguel Gutiérrez,43.5,52.5,45.0,28.6,,,,,"[{'type': {'displayName': 'PassEndY', 'value': 141}, 'value': '28.6'}, {'type': {'displayName': 'PassEndX', 'value': 140}, 'value': '45.0'}, {'type': {'displayName': 'Angle', 'value': 213}, 'value': '4.81'}, {'type': {'displayName': 'Length', 'value': 212}, 'value': '16.3'}, {'type': {'displayName': 'Zone', 'value': 56}, 'value': 'Back'}]",True,,False,,,
1901403,FirstHalf,5,26.0,5,Pass,Successful,276,Napoli,295358.0,Amir Rrahmani,46.7,25.2,61.3,31.9,,,,,"[{'type': {'displayName': 'PassEndY', 'value': 141}, 'value': '31.9'}, {'type': {'displayName': 'Angle', 'value': 213}, 'value': '0.29'}, {'type': {'displayName': 'Zone', 'value': 56}, 'value': 'Center'}, {'type': {'displayName': 'PassEndX', 'value': 140}, 'value': '61.3'}, {'type': {'displayName': 'Length', 'value': 212}, 'value': '16.0'}]",True,,False,,,
1901403,FirstHalf,5,28.0,5,Pass,Successful,276,Napoli,73084.0,Kevin De Bruyne,64.0,33.3,60.0,29.5,,,,,"[{'type': {'displayName': 'PassEndX', 'value': 140}, 'value': '60.0'}, {'type': {'displayName': 'Length', 'value': 212}, 'value': '4.9'}, {'type': {'displayName': 'LayOff', 'value': 156}}, {'type': {'displayName': 'Angle', 'value': 213}, 'value': '3.69'}, {'type': {'displayName': 'PassEndY', 'value': 141}, 'value': '29.5'}, {'type': {'displayName': 'Zone', 'value': 56}, 'value': 'Center'}]",True,,False,,,
1901403,FirstHalf,5,30.0,5,Pass,Successful,276,Napoli,111892.0,Stanislav Lobotka,60.8,28.2,60.2,6.6,,,,,"[{'type': {'displayName': 'PassEndX', 'value': 140}, 'value': '60.2'}, {'type': {'displayName': 'Zone', 'value': 56}, 'value': 'Right'}, {'type': {'displayName': 'PassEndY', 'value': 141}, 'value': '6.6'}, {'type': {'displayName': 'Length', 'value': 212}, 'value': '14.7'}, {'type': {'displayName': 'Angle', 'value': 213}, 'value': '4.67'}]",True,,False,,,
1901403,FirstHalf,5,30.0,5,Pass,Successful,276,Napoli,422739.0,Sam Beukema,59.6,6.3,53.8,35.2,,,,,"[{'type': {'displayName': 'PassEndX', 'value': 140}, 'value': '53.8'}, {'type': {'displayName': 'Length', 'value': 212}, 'value': '20.6'}, {'type': {'displayName': 'Zone', 'value': 56}, 'value': 'Center'}, {'type': {'displayName': 'PassEndY', 'value': 141}, 'value': '35.2'}, {'type': {'displayName': 'Angle', 'value': 213}, 'value': '1.87'}]",True,,False,,,
1901403,FirstHalf,5,32.0,5,Pass,Successful,276,Napoli,336915.0,Scott McTominay,53.8,35.2,47.2,55.5,,,,,"[{'type': {'displayName': 'PassEndY', 'value': 141}, 'value': '55.5'}, {'type': {'displayName': 'PassEndX', 'value': 140}, 'value': '47.2'}, {'type': {'displayName': 'Zone', 'value': 56}, 'value': 'Back'}, {'type': {'displayName': 'Angle', 'value': 213}, 'value': '2.04'}, {'type': {'displayName': 'Length', 'value': 212}, 'value': '15.4'}]",True,,False,,,
1901403,FirstHalf,5,35.0,5,Pass,Successful,276,Napoli,333373.0,Alessandro Buongiorno,46.5,62.8,62.5,93.7,,,,,"[{'type': {'displayName': 'Angle', 'value': 213}, 'value': '0.90'}, {'type': {'displayName': 'Length', 'value': 212}, 'value': '26.9'}, {'type': {'displayName': 'PassEndY', 'value': 141}, 'value': '93.7'}, {'type': {'displayName': 'Zone', 'value': 56}, 'value': 'Left'}, {'type': {'displayName': 'PassEndX', 'value': 140}, 'value': '62.5'}]",True,,False,,,
1901403,FirstHalf,5,39.0,5,Challenge,Unsuccessful,1290,Como,531127.0,Ivan Smolcic,31.8,18.9,,,,,,,"[{'type': {'displayName': 'Zone', 'value': 56}, 'value': 'Back'}, {'type': {'displayName': 'Defensive', 'value': 285}}, {'type': {'displayName': 'OppositeRelatedEvent', 'value': 233}, 'value': '68'}]",False,,False,,,
1901403,FirstHalf,5,39.0,5,TakeOn,Successful,276,Napoli,557549.0,Alisson Santos,68.2,81.1,,,,,,,"[{'type': {'displayName': 'Zone', 'value': 56}, 'value': 'Left'}, {'type': {'displayName': 'OppositeRelatedEvent', 'value': 233}, 'value': '52'}, {'type': {'displayName': 'Offensive', 'value': 286}}]",True,,False,,,
1901403,FirstHalf,5,40.0,5,Pass,Successful,276,Napoli,557549.0,Alisson Santos,75.2,73.3,86.1,61.8,,,,,"[{'type': {'displayName': 'PassEndY', 'value': 141}, 'value': '61.8'}, {'type': {'displayName': 'PassEndX', 'value': 140}, 'value': '86.1'}, {'type': {'displayName': 'Length', 'value': 212}, 'value': '13.9'}, {'type': {'displayName': 'Angle', 'value': 213}, 'value': '5.68'}, {'type': {'displayName': 'Zone', 'value': 56}, 'value': 'Center'}]",True,,False,,,
1901403,FirstHalf,5,42.0,5,Pass,Successful,276,Napoli,439584.0,Rasmus Højlund,86.0,61.6,95.4,75.3,,,,,"[{'type': {'displayName': 'Zone', 'value': 56}, 'value': 'Center'}, {'type': {'displayName': 'Length', 'value': 212}, 'value': '13.6'}, {'type': {'displayName': 'PassEndX', 'value': 140}, 'value': '95.4'}, {'type': {'displayName': 'PassEndY', 'value': 141}, 'value': '75.3'}, {'type': {'displayName': 'Angle', 'value': 213}, 'value': '0.76'}]",True,,False,,,
1901403,FirstHalf,5,43.0,5,Pass,Unsuccessful,276,Napoli,557549.0,Alisson Santos,94.1,77.5,95.4,69.1,,,,,"[{'type': {'displayName': 'PassEndX', 'value': 140}, 'value': '95.4'}, {'type': {'displayName': 'Length', 'value': 212}, 'value': '5.9'}, {'type': {'displayName': 'Zone', 'value': 56}, 'value': 'Center'}, {'type': {'displayName': 'PassEndY', 'value': 141}, 'value': '69.1'}, {'type': {'displayName': 'Angle', 'value': 213}, 'value': '4.95'}]",True,,False,,,
1901403,FirstHalf,5,45.0,5,BallTouch,Successful,1290,Como,516374.0,Jacobo Ramón,9.1,27.0,,,,,,,"[{'type': {'displayName': 'Zone', 'value': 56}, 'value': 'Back'}]",True,,False,,,
1901403,FirstHalf,5,45.0,5,Pass,Successful,276,Napoli,73084.0,Kevin De Bruyne,81.2,54.4,85.9,63.4,,,,,"[{'type': {'displayName': 'IntentionalAssist', 'value': 154}}, {'type': {'displayName': 'Length', 'value': 212}, 'value': '7.9'}, {'type': {'displayName': 'Angle', 'value': 213}, 'value': '0.89'}, {'type': {'displayName': 'PassEndY', 'value': 141}, 'value': '63.4'}, {'type': {'displayName': 'Zone', 'value': 56}, 'value': 'Center'}, {'type': {'displayName': 'ShotAssist', 'value': 210}, 'value': '15'}, {'type': {'displayName': 'PassEndX', 'value': 140}, 'value': '85.9'}, {'type': {'displayName': 'KeyPass', 'value': 11113}}]",True,,False,,,
1901403,FirstHalf,5,46.0,5,SavedShot,Successful,276,Napoli,336915.0,Scott McTominay,85.9,63.4,,,49.3,19.0,92.3,57.0,"[{'type': {'displayName': 'RightFoot', 'value': 20}}, {'type': {'displayName': 'LowCentre', 'value': 78}}, {'type': {'displayName': 'Assisted', 'value': 29}}, {'type': {'displayName': 'GoalMouthZ', 'value': 103}, 'value': '19'}, {'type': {'displayName': 'BoxLeft', 'value': 64}}, {'type': {'displayName': 'OppositeRelatedEvent', 'value': 233}, 'value': '54'}, {'type': {'displayName': 'Zone', 'value': 56}, 'value': 'Center'}, {'type': {'displayName': 'GoalMouthY', 'value': 102}, 'value': '49.3'}, {'type': {'displayName': 'BlockedX', 'value': 146}, 'value': '92.3'}, {'type': {'displayName': 'RelatedEventId', 'value': 55}, 'value': '72'}, {'type': {'displayName': 'BlockedY', 'value': 147}, 'value': '57.0'}, {'type': {'displayName': 'Blocked', 'value': 82}}, {'type': {'displayName': 'IntentionalAssist', 'value': 154}}, {'type': {'displayName': 'RegularPlay', 'value': 22}}, {'type': {'displayName': 'FirstTouch', 'value': 328}}]",True,True,False,,72.0,73084.0
1901403,FirstHalf,5,47.0,5,Save,Successful,1290,Como,134984.0,Diego Carlos,7.5,42.6,,,,,,,"[{'type': {'displayName': 'Zone', 'value': 56}, 'value': 'Back'}, {'type': {'displayName': 'OppositeRelatedEvent', 'value': 233}, 'value': '73'}, {'type': {'displayName': 'OutfielderBlock', 'value': 94}}]",True,,False,,,
1901403,FirstHalf,5,48.0,5,Aerial,Successful,1290,Como,516374.0,Jacobo Ramón,12.8,30.4,,,,,,,"[{'type': {'displayName': 'Zone', 'value': 56}, 'value': 'Back'}, {'type': {'displayName': 'Defensive', 'value': 285}}, {'type': {'displayName': 'OppositeRelatedEvent', 'value': 233}, 'value': '74'}]",False,,False,,,
1901403,FirstHalf,5,48.0,5,Aerial,Unsuccessful,276,Napoli,336915.0,Scott McTominay,87.2,69.6,,,,,,,"[{'type': {'displayName': 'OppositeRelatedEvent', 'value': 233}, 'value': '55'}, {'type': {'displayName': 'Offensive', 'value': 286}}, {'type': {'displayName': 'Zone', 'value': 56}, 'value': 'Center'}]",False,,False,,,
1901403,FirstHalf,5,50.0,5,Clearance,Successful,1290,Como,516374.0,Jacobo Ramón,13.0,28.8,23.6,24.9,,,,,"[{'type': {'displayName': 'PassEndY', 'value': 141}, 'value': '24.9'}, {'type': {'displayName': 'Head', 'value': 15}}, {'type': {'displayName': 'Angle', 'value': 213}, 'value': '6.05'}, {'type': {'displayName': 'Length', 'value': 212}, 'value': '11.4'}, {'type': {'displayName': 'Zone', 'value': 56}, 'value': 'Back'}, {'type': {'displayName': 'PassEndX', 'value': 140}, 'value': '23.6'}]",True,,False,,,
1901403,FirstHalf,5,51.0,5,Pass,Successful,276,Napoli,73084.0,Kevin De Bruyne,80.9,67.8,78.4,72.1,,,,,"[{'type': {'displayName': 'Length', 'value': 212}, 'value': '3.9'}, {'type': {'displayName': 'Zone', 'value': 56}, 'value': 'Center'}, {'type': {'displayName': 'Angle', 'value': 213}, 'value': '2.30'}, {'type': {'displayName': 'PassEndY', 'value': 141}, 'value': '72.1'}, {'type': {'displayName': 'PassEndX', 'value': 140}, 'value': '78.4'}]",True,,False,,,
1901403,FirstHalf,5,52.0,5,BallTouch,Successful,276,Napoli,395788.0,Miguel Gutiérrez,77.4,72.1,,,,,,,"[{'type': {'displayName': 'Zone', 'value': 56}, 'value': 'Center'}]",True,,False,,,
1901403,FirstHalf,5,52.0,5,Pass,Successful,1290,Como,379615.0,Lucas da Cunha,23.0,28.8,36.0,10.3,,,,,"[{'type': {'displayName': 'Angle', 'value': 213}, 'value': '5.54'}, {'type': {'displayName': 'PassEndX', 'value': 140}, 'value': '36.0'}, {'type': {'displayName': 'Length', 'value': 212}, 'value': '18.6'}, {'type': {'displayName': 'PassEndY', 'value': 141}, 'value': '10.3'}, {'type': {'displayName': 'Zone', 'value': 56}, 'value': 'Back'}]",True,,False,,,
1901403,FirstHalf,5,53.0,5,BallRecovery,Successful,1290,Como,448659.0,Nico Paz,36.0,10.2,,,,,,,[],False,,False,,,
1901403,FirstHalf,5,59.0,5,TakeOn,Successful,1290,Como,448659.0,Nico Paz,60.1,4.9,,,,,,,"[{'type': {'displayName': 'Offensive', 'value': 286}}, {'type': {'displayName': 'Zone', 'value': 56}, 'value': 'Right'}, {'type': {'displayName': 'OppositeRelatedEvent', 'value': 233}, 'value': '77'}]",True,,False,,,
1901403,FirstHalf,5,59.0,5,Challenge,Unsuccessful,276,Napoli,333373.0,Alessandro Buongiorno,39.9,95.1,,,,,,,"[{'type': {'displayName': 'Zone', 'value': 56}, 'value': 'Back'}, {'type': {'displayName': 'OppositeRelatedEvent', 'value': 233}, 'value': '59'}, {'type': {'displayName': 'Defensive', 'value': 285}}]",False,,False,,,
1901403,FirstHalf,6,1.0,6,BallTouch,Unsuccessful,1290,Como,448659.0,Nico Paz,70.6,6.4,,,,,,,"[{'type': {'displayName': 'Zone', 'value': 56}, 'value': 'Right'}]",True,,False,,,
1901403,FirstHalf,6,2.0,6,BallRecovery,Successful,276,Napoli,395788.0,Miguel Gutiérrez,12.6,90.7,,,,,,,[],False,,False,,,
1901403,FirstHalf,6,3.0,6,Pass,Successful,276,Napoli,395788.0,Miguel Gutiérrez,8.5,90.7,7.8,76.3,,,,,"[{'type': {'displayName': 'Zone', 'value': 56}, 'value': 'Back'}, {'type': {'displayName': 'PassEndY', 'value': 141}, 'value': '76.3'}, {'type': {'displayName': 'Angle', 'value': 213}, 'value': '4.64'}, {'type': {'displayName': 'PassEndX', 'value': 140}, 'value': '7.8'}, {'type': {'displayName': 'Length', 'value': 212}, 'value': '9.8'}]",True,,False,,,
1901403,FirstHalf,6,5.0,6,Pass,Successful,276,Napoli,295358.0,Amir Rrahmani,7.8,76.3,30.4,87.0,,,,,"[{'type': {'displayName': 'Angle', 'value': 213}, 'value': '0.30'}, {'type': {'displayName': 'PassEndY', 'value': 141}, 'value': '87.0'}, {'type': {'displayName': 'Zone', 'value': 56}, 'value': 'Back'}, {'type': {'displayName': 'PassEndX', 'value': 140}, 'value': '30.4'}, {'type': {'displayName': 'Length', 'value': 212}, 'value': '24.8'}]",True,,False,,,
1901403,FirstHalf,6,6.0,6,Pass,Unsuccessful,276,Napoli,336915.0,Scott McTominay,30.4,87.0,42.5,95.8,,,,,"[{'type': {'displayName': 'Angle', 'value': 213}, 'value': '0.44'}, {'type': {'displayName': 'PassEndY', 'value': 141}, 'value': '95.8'}, {'type': {'displayName': 'PassEndX', 'value': 140}, 'value': '42.5'}, {'type': {'displayName': 'Length', 'value': 212}, 'value': '14.0'}, {'type': {'displayName': 'Zone', 'value': 56}, 'value': 'Back'}]",True,,False,,,
1901403,FirstHalf,6,9.0,6,BallRecovery,Successful,1290,Como,531127.0,Ivan Smolcic,60.8,9.7,,,,,,,[],False,,False,,,
1901403,FirstHalf,6,13.0,6,Pass,Successful,1290,Como,531127.0,Ivan Smolcic,61.8,11.4,55.2,59.4,,,,,"[{'type': {'displayName': 'Zone', 'value': 56}, 'value': 'Center'}, {'type': {'displayName': 'Angle', 'value': 213}, 'value': '1.78'}, {'type': {'displayName': 'Longball', 'value': 1}}, {'type': {'displayName': 'PassEndX', 'value': 140}, 'value': '55.2'}, {'type': {'displayName': 'PassEndY', 'value': 141}, 'value': '59.4'}, {'type': {'displayName': 'Length', 'value': 212}, 'value': '33.4'}]",True,,False,,,
1901403,FirstHalf,6,15.0,6,Pass,Successful,1290,Como,134984.0,Diego Carlos,55.3,59.5,62.3,74.4,,,,,"[{'type': {'displayName': 'PassEndX', 'value': 140}, 'value': '62.3'}, {'type': {'displayName': 'Length', 'value': 212}, 'value': '12.5'}, {'type': {'displayName': 'PassEndY', 'value': 141}, 'value': '74.4'}, {'type': {'displayName': 'Angle', 'value': 213}, 'value': '0.94'}, {'type': {'displayName': 'Zone', 'value': 56}, 'value': 'Center'}]",True,,False,,,
1901403,FirstHalf,6,17.0,6,Pass,Successful,1290,Como,407944.0,Martin Baturina,64.2,77.4,73.1,91.6,,,,,"[{'type': {'displayName': 'Zone', 'value': 56}, 'value': 'Left'}, {'type': {'displayName': 'Angle', 'value': 213}, 'value': '0.80'}, {'type': {'displayName': 'PassEndX', 'value': 140}, 'value': '73.1'}, {'type': {'displayName': 'Length', 'value': 212}, 'value': '13.4'}, {'type': {'displayName': 'PassEndY', 'value': 141}, 'value': '91.6'}]",True,,False,,,
1901403,FirstHalf,6,19.0,6,Pass,Successful,1290,Como,454341.0,Álex Valle,73.1,91.2,64.0,87.0,,,,,"[{'type': {'displayName': 'Angle', 'value': 213}, 'value': '3.43'}, {'type': {'displayName': 'PassEndY', 'value': 141}, 'value': '87.0'}, {'type': {'displayName': 'Zone', 'value': 56}, 'value': 'Left'}, {'type': {'displayName': 'Length', 'value': 212}, 'value': '10.0'}, {'type': {'displayName': 'PassEndX', 'value': 140}, 'value': '64.0'}]",True,,False,,,
1901403,FirstHalf,6,22.0,6,Pass,Successful,1290,Como,407944.0,Martin Baturina,63.8,85.8,57.9,64.8,,,,,"[{'type': {'displayName': 'Length', 'value': 212}, 'value': '15.6'}, {'type': {'displayName': 'PassEndX', 'value': 140}, 'value': '57.9'}, {'type': {'displayName': 'Angle', 'value': 213}, 'value': '4.30'}, {'type': {'displayName': 'PassEndY', 'value': 141}, 'value': '64.8'}, {'type': {'displayName': 'Zone', 'value': 56}, 'value': 'Center'}]",True,,False,,,
1901403,FirstHalf,6,23.0,6,Pass,Successful,1290,Como,433972.0,Máximo Perrone,57.9,63.7,54.8,37.9,,,,,"[{'type': {'displayName': 'Length', 'value': 212}, 'value': '17.8'}, {'type': {'displayName': 'PassEndX', 'value': 140}, 'value': '54.8'}, {'type': {'displayName': 'PassEndY', 'value': 141}, 'value': '37.9'}, {'type': {'displayName': 'Zone', 'value': 56}, 'value': 'Center'}, {'type': {'displayName': 'Angle', 'value': 213}, 'value': '4.53'}]",True,,False,,,
1901403,FirstHalf,6,26.0,6,Pass,Successful,1290,Como,516374.0,Jacobo Ramón,54.8,37.9,76.3,43.5,,,,,"[{'type': {'displayName': 'PassEndX', 'value': 140}, 'value': '76.3'}, {'type': {'displayName': 'PassEndY', 'value': 141}, 'value': '43.5'}, {'type': {'displayName': 'Angle', 'value': 213}, 'value': '0.17'}, {'type': {'displayName': 'Length', 'value': 212}, 'value': '22.9'}, {'type': {'displayName': 'Zone', 'value': 56}, 'value': 'Center'}]",True,,False,,,
1901403,FirstHalf,6,30.0,6,Pass,Successful,1290,Como,422873.0,Tasos Douvikas,75.8,39.1,77.9,5.7,,,,,"[{'type': {'displayName': 'PassEndY', 'value': 141}, 'value': '5.7'}, {'type': {'displayName': 'Zone', 'value': 56}, 'value': 'Right'}, {'type': {'displayName': 'Angle', 'value': 213}, 'value': '4.81'}, {'type': {'displayName': 'PassEndX', 'value': 140}, 'value': '77.9'}, {'type': {'displayName': 'Length', 'value': 212}, 'value': '22.8'}]",True,,False,,,
1901403,FirstHalf,6,35.0,6,Pass,Unsuccessful,1290,Como,502427.0,Assane Diao,91.9,8.2,92.6,35.4,,,,,"[{'type': {'displayName': 'Cross', 'value': 2}}, {'type': {'displayName': 'RightFoot', 'value': 20}}, {'type': {'displayName': 'PassEndX', 'value': 140}, 'value': '92.6'}, {'type': {'displayName': 'Angle', 'value': 213}, 'value': '1.53'}, {'type': {'displayName': 'PassEndY', 'value': 141}, 'value': '35.4'}, {'type': {'displayName': 'Zone', 'value': 56}, 'value': 'Center'}, {'type': {'displayName': 'Length', 'value': 212}, 'value': '18.5'}]",True,,False,,,
1901403,FirstHalf,6,36.0,6,Clearance,Successful,276,Napoli,333373.0,Alessandro Buongiorno,6.6,64.2,28.2,100.0,,,,,"[{'type': {'displayName': 'PassEndY', 'value': 141}, 'value': '100.0'}, {'type': {'displayName': 'Length', 'value': 212}, 'value': '33.8'}, {'type': {'displayName': 'PassEndX', 'value': 140}, 'value': '28.2'}, {'type': {'displayName': 'Zone', 'value': 56}, 'value': 'Back'}, {'type': {'displayName': 'Angle', 'value': 213}, 'value': '0.84'}]",True,,False,,,
1901403,FirstHalf,6,43.0,6,Pass,Successful,1290,Como,531127.0,Ivan Smolcic,67.5,0.0,56.7,14.4,,,,,"[{'type': {'displayName': 'Angle', 'value': 213}, 'value': '2.36'}, {'type': {'displayName': 'PassEndY', 'value': 141}, 'value': '14.4'}, {'type': {'displayName': 'ThrowIn', 'value': 107}}, {'type': {'displayName': 'Length', 'value': 212}, 'value': '15.9'}, {'type': {'displayName': 'PassEndX', 'value': 140}, 'value': '56.7'}, {'type': {'displayName': 'Zone', 'value': 56}, 'value': 'Right'}]",True,,False,,,
1901403,FirstHalf,6,47.0,6,Pass,Successful,1290,Como,516374.0,Jacobo Ramón,56.2,14.1,63.9,12.4,,,,,"[{'type': {'displayName': 'PassEndY', 'value': 141}, 'value': '12.4'}, {'type': {'displayName': 'Length', 'value': 212}, 'value': '8.2'}, {'type': {'displayName': 'PassEndX', 'value': 140}, 'value': '63.9'}, {'type': {'displayName': 'Angle', 'value': 213}, 'value': '6.14'}, {'type': {'displayName': 'Zone', 'value': 56}, 'value': 'Right'}]",True,,False,,,
1901403,FirstHalf,6,48.0,6,Pass,Successful,1290,Como,379615.0,Lucas da Cunha,63.9,13.5,52.1,45.3,,,,,"[{'type': {'displayName': 'PassEndY', 'value': 141}, 'value': '45.3'}, {'type': {'displayName': 'Length', 'value': 212}, 'value': '24.9'}, {'type': {'displayName': 'Angle', 'value': 213}, 'value': '2.09'}, {'type': {'displayName': 'Zone', 'value': 56}, 'value': 'Center'}, {'type': {'displayName': 'PassEndX', 'value': 140}, 'value': '52.1'}]",True,,False,,,
1901403,FirstHalf,6,52.0,6,Pass,Successful,1290,Como,433972.0,Máximo Perrone,52.3,44.7,51.7,27.0,,,,,"[{'type': {'displayName': 'PassEndY', 'value': 141}, 'value': '27.0'}, {'type': {'displayName': 'Angle', 'value': 213}, 'value': '4.66'}, {'type': {'displayName': 'Length', 'value': 212}, 'value': '12.1'}, {'type': {'displayName': 'Zone', 'value': 56}, 'value': 'Center'}, {'type': {'displayName': 'PassEndX', 'value': 140}, 'value': '51.7'}]",True,,False,,,
1901403,FirstHalf,6,56.0,6,Pass,Successful,1290,Como,516374.0,Jacobo Ramón,54.3,25.6,59.9,34.2,,,,,"[{'type': {'displayName': 'Angle', 'value': 213}, 'value': '0.78'}, {'type': {'displayName': 'Zone', 'value': 56}, 'value': 'Center'}, {'type': {'displayName': 'PassEndX', 'value': 140}, 'value': '59.9'}, {'type': {'displayName': 'Length', 'value': 212}, 'value': '8.3'}, {'type': {'displayName': 'PassEndY', 'value': 141}, 'value': '34.2'}]",True,,False,,,
1901403,FirstHalf,6,57.0,6,Pass,Successful,1290,Como,448659.0,Nico Paz,59.9,34.2,54.3,49.0,,,,,"[{'type': {'displayName': 'Zone', 'value': 56}, 'value': 'Center'}, {'type': {'displayName': 'Angle', 'value': 213}, 'value': '2.10'}, {'type': {'displayName': 'PassEndX', 'value': 140}, 'value': '54.3'}, {'type': {'displayName': 'Length', 'value': 212}, 'value': '11.7'}, {'type': {'displayName': 'PassEndY', 'value': 141}, 'value': '49.0'}]",True,,False,,,
1901403,FirstHalf,6,59.0,6,Pass,Successful,1290,Como,433972.0,Máximo Perrone,55.4,49.9,65.4,40.6,,,,,"[{'type': {'displayName': 'Length', 'value': 212}, 'value': '12.3'}, {'type': {'displayName': 'PassEndY', 'value': 141}, 'value': '40.6'}, {'type': {'displayName': 'PassEndX', 'value': 140}, 'value': '65.4'}, {'type': {'displayName': 'Angle', 'value': 213}, 'value': '5.74'}, {'type': {'displayName': 'Zone', 'value': 56}, 'value': 'Center'}]",True,,False,,,
1901403,FirstHalf,6,59.0,6,Pass,Successful,1290,Como,448659.0,Nico Paz,65.4,40.6,56.9,51.1,,,,,"[{'type': {'displayName': 'PassEndX', 'value': 140}, 'value': '56.9'}, {'type': {'displayName': 'Length', 'value': 212}, 'value': '11.4'}, {'type': {'displayName': 'LayOff', 'value': 156}}, {'type': {'displayName': 'PassEndY', 'value': 141}, 'value': '51.1'}, {'type': {'displayName': 'Angle', 'value': 213}, 'value': '2.47'}, {'type': {'displayName': 'Zone', 'value': 56}, 'value': 'Center'}]",True,,False,,,
1901403,FirstHalf,7,2.0,7,Pass,Successful,1290,Como,433972.0,Máximo Perrone,60.3,57.9,70.5,89.1,,,,,"[{'type': {'displayName': 'PassEndY', 'value': 141}, 'value': '89.1'}, {'type': {'displayName': 'Angle', 'value': 213}, 'value': '1.10'}, {'type': {'displayName': 'Zone', 'value': 56}, 'value': 'Left'}, {'type': {'displayName': 'PassEndX', 'value': 140}, 'value': '70.5'}, {'type': {'displayName': 'Length', 'value': 212}, 'value': '23.8'}]",True,,False,,,
1901403,FirstHalf,7,3.0,7,Pass,Successful,1290,Como,407944.0,Martin Baturina,70.5,89.1,57.6,85.6,,,,,"[{'type': {'displayName': 'Angle', 'value': 213}, 'value': '3.32'}, {'type': {'displayName': 'Length', 'value': 212}, 'value': '13.8'}, {'type': {'displayName': 'Zone', 'value': 56}, 'value': 'Left'}, {'type': {'displayName': 'PassEndY', 'value': 141}, 'value': '85.6'}, {'type': {'displayName': 'PassEndX', 'value': 140}, 'value': '57.6'}]",True,,False,,,
1901403,FirstHalf,7,6.0,7,Pass,Successful,1290,Como,134984.0,Diego Carlos,57.7,84.4,55.8,67.0,,,,,"[{'type': {'displayName': 'Angle', 'value': 213}, 'value': '4.55'}, {'type': {'displayName': 'Zone', 'value': 56}, 'value': 'Center'}, {'type': {'displayName': 'Length', 'value': 212}, 'value': '12.0'}, {'type': {'displayName': 'PassEndX', 'value': 140}, 'value': '55.8'}, {'type': {'displayName': 'PassEndY', 'value': 141}, 'value': '67.0'}]",True,,False,,,
1901403,FirstHalf,7,9.0,7,Pass,Unsuccessful,1290,Como,433972.0,Máximo Perrone,55.3,66.0,64.7,45.3,,,,,"[{'type': {'displayName': 'Angle', 'value': 213}, 'value': '5.32'}, {'type': {'displayName': 'PassEndY', 'value': 141}, 'value': '45.3'}, {'type': {'displayName': 'Zone', 'value': 56}, 'value': 'Center'}, {'type': {'displayName': 'PassEndX', 'value': 140}, 'value': '64.7'}, {'type': {'displayName': 'Length', 'value': 212}, 'value': '17.2'}]",True,,False,,,
1901403,FirstHalf,7,10.0,7,BallRecovery,Successful,276,Napoli,336915.0,Scott McTominay,35.9,60.0,,,,,,,[],False,,False,,,
1901403,FirstHalf,7,11.0,7,Pass,Successful,276,Napoli,336915.0,Scott McTominay,35.3,59.5,47.1,55.0,,,,,"[{'type': {'displayName': 'PassEndX', 'value': 140}, 'value': '47.1'}, {'type': {'displayName': 'Zone', 'value': 56}, 'value': 'Back'}, {'type': {'displayName': 'PassEndY', 'value': 141}, 'value': '55.0'}, {'type': {'displayName': 'Length', 'value': 212}, 'value': '12.8'}, {'type': {'displayName': 'Angle', 'value': 213}, 'value': '6.04'}]",True,,False,,,
1901403,FirstHalf,7,12.0,7,Pass,Successful,276,Napoli,439584.0,Rasmus Højlund,47.1,55.0,42.8,62.4,,,,,"[{'type': {'displayName': 'PassEndX', 'value': 140}, 'value': '42.8'}, {'type': {'displayName': 'PassEndY', 'value': 141}, 'value': '62.4'}, {'type': {'displayName': 'Length', 'value': 212}, 'value': '6.8'}, {'type': {'displayName': 'Angle', 'value': 213}, 'value': '2.30'}, {'type': {'displayName': 'Zone', 'value': 56}, 'value': 'Back'}, {'type': {'displayName': 'HeadPass', 'value': 3}}]",True,,False,,,
1901403,FirstHalf,7,13.0,7,TakeOn,Unsuccessful,276,Napoli,336915.0,Scott McTominay,41.8,65.0,,,,,,,"[{'type': {'displayName': 'Offensive', 'value': 286}}, {'type': {'displayName': 'Zone', 'value': 56}, 'value': 'Back'}, {'type': {'displayName': 'OppositeRelatedEvent', 'value': 233}, 'value': '84'}]",True,,False,,,
1901403,FirstHalf,7,13.0,7,Tackle,Unsuccessful,1290,Como,379615.0,Lucas da Cunha,58.2,35.0,,,,,,,"[{'type': {'displayName': 'OppositeRelatedEvent', 'value': 233}, 'value': '89'}, {'type': {'displayName': 'Defensive', 'value': 285}}, {'type': {'displayName': 'StandingSave', 'value': 178}}, {'type': {'displayName': 'Zone', 'value': 56}, 'value': 'Center'}]",True,,False,,,
1901403,FirstHalf,7,14.0,7,TakeOn,Unsuccessful,276,Napoli,336915.0,Scott McTominay,45.2,59.9,,,,,,,"[{'type': {'displayName': 'Offensive', 'value': 286}}, {'type': {'displayName': 'Zone', 'value': 56}, 'value': 'Back'}, {'type': {'displayName': 'OppositeRelatedEvent', 'value': 233}, 'value': '833'}]",True,,False,,,
1901403,FirstHalf,7,14.0,7,Tackle,Successful,1290,Como,448659.0,Nico Paz,54.8,40.1,,,,,,,"[{'type': {'displayName': 'Zone', 'value': 56}, 'value': 'Center'}, {'type': {'displayName': 'Defensive', 'value': 285}}, {'type': {'displayName': 'StandingSave', 'value': 178}}, {'type': {'displayName': 'OppositeRelatedEvent', 'value': 233}, 'value': '90'}]",True,,False,,,
1901403,FirstHalf,7,16.0,7,BallRecovery,Successful,1290,Como,448659.0,Nico Paz,61.5,27.9,,,,,,,[],False,,False,,,
1901403,FirstHalf,7,16.0,7,Pass,Successful,1290,Como,448659.0,Nico Paz,61.5,27.9,84.4,38.1,,,,,"[{'type': {'displayName': 'Throughball', 'value': 4}}, {'type': {'displayName': 'PassEndX', 'value': 140}, 'value': '84.4'}, {'type': {'displayName': 'Length', 'value': 212}, 'value': '25.0'}, {'type': {'displayName': 'IntentionalAssist', 'value': 154}}, {'type': {'displayName': 'PassEndY', 'value': 141}, 'value': '38.1'}, {'type': {'displayName': 'ShotAssist', 'value': 210}, 'value': '15'}, {'type': {'displayName': 'Zone', 'value': 56}, 'value': 'Center'}, {'type': {'displayName': 'Angle', 'value': 213}, 'value': '0.28'}, {'type': {'displayName': 'BigChanceCreated', 'value': 11112}}, {'type': {'displayName': 'KeyPass', 'value': 11113}}]",True,,False,,,
1901403,FirstHalf,7,20.0,7,TakeOn,Successful,1290,Como,422873.0,Tasos Douvikas,91.5,39.3,,,,,,,"[{'type': {'displayName': 'OppositeRelatedEvent', 'value': 233}, 'value': '91'}, {'type': {'displayName': 'Zone', 'value': 56}, 'value': 'Center'}, {'type': {'displayName': 'Offensive', 'value': 286}}]",True,,False,,,
1901403,FirstHalf,7,20.0,7,Challenge,Unsuccessful,276,Napoli,149474.0,Vanja Milinkovic-Savic,8.5,60.7,,,,,,,"[{'type': {'displayName': 'Defensive', 'value': 285}}, {'type': {'displayName': 'Zone', 'value': 56}, 'value': 'Back'}, {'type': {'displayName': 'OppositeRelatedEvent', 'value': 233}, 'value': '87'}]",False,,False,,,
1901403,FirstHalf,7,22.0,7,SavedShot,Successful,1290,Como,422873.0,Tasos Douvikas,95.3,45.6,,,51.1,19.0,98.8,49.6,"[{'type': {'displayName': 'GoalMouthY', 'value': 102}, 'value': '51.1'}, {'type': {'displayName': 'RegularPlay', 'value': 22}}, {'type': {'displayName': 'IndividualPlay', 'value': 215}}, {'type': {'displayName': 'BlockedX', 'value': 146}, 'value': '98.8'}, {'type': {'displayName': 'SavedOffline', 'value': 101}}, {'type': {'displayName': 'Assisted', 'value': 29}}, {'type': {'displayName': 'BigChance', 'value': 214}}, {'type': {'displayName': 'BlockedY', 'value': 147}, 'value': '49.6'}, {'type': {'displayName': 'OppositeRelatedEvent', 'value': 233}, 'value': '94'}, {'type': {'displayName': 'IntentionalAssist', 'value': 154}}, {'type': {'displayName': 'Blocked', 'value': 82}}, {'type': {'displayName': 'SmallBoxCentre', 'value': 16}}, {'type': {'displayName': 'SixYardBlock', 'value': 100}}, {'type': {'displayName': 'LeftFoot', 'value': 72}}, {'type': {'displayName': 'GoalMouthZ', 'value': 103}, 'value': '19'}, {'type': {'displayName': 'RelatedEventId', 'value': 55}, 'value': '86'}, {'type': {'displayName': 'Zone', 'value': 56}, 'value': 'Center'}, {'type': {'displayName': 'LowCentre', 'value': 78}}]",True,True,False,,86.0,448659.0
1901403,FirstHalf,7,22.0,7,Save,Successful,276,Napoli,295358.0,Amir Rrahmani,1.2,50.4,,,,,,,"[{'type': {'displayName': 'LastMan', 'value': 14}}, {'type': {'displayName': 'Zone', 'value': 56}, 'value': 'Back'}, {'type': {'displayName': 'OppositeRelatedEvent', 'value': 233}, 'value': '88'}, {'type': {'displayName': 'OutfielderBlock', 'value': 94}}]",True,,False,,,
1901403,FirstHalf,7,23.0,7,Clearance,Successful,276,Napoli,395788.0,Miguel Gutiérrez,11.2,69.1,27.8,79.5,,,,,"[{'type': {'displayName': 'Zone', 'value': 56}, 'value': 'Back'}, {'type': {'displayName': 'Angle', 'value': 213}, 'value': '0.39'}, {'type': {'displayName': 'PassEndX', 'value': 140}, 'value': '27.8'}, {'type': {'displayName': 'Length', 'value': 212}, 'value': '18.8'}, {'type': {'displayName': 'PassEndY', 'value': 141}, 'value': '79.5'}]",True,,False,,,
1901403,FirstHalf,7,26.0,7,TakeOn,Successful,1290,Como,448659.0,Nico Paz,75.2,18.4,,,,,,,"[{'type': {'displayName': 'OppositeRelatedEvent', 'value': 233}, 'value': '92'}, {'type': {'displayName': 'Zone', 'value': 56}, 'value': 'Right'}, {'type': {'displayName': 'Offensive', 'value': 286}}]",True,,False,,,
1901403,FirstHalf,7,26.0,7,Challenge,Unsuccessful,276,Napoli,336915.0,Scott McTominay,24.8,81.6,,,,,,,"[{'type': {'displayName': 'Defensive', 'value': 285}}, {'type': {'displayName': 'Zone', 'value': 56}, 'value': 'Back'}, {'type': {'displayName': 'OppositeRelatedEvent', 'value': 233}, 'value': '89'}]",False,,False,,,
1901403,FirstHalf,7,30.0,7,MissedShots,Successful,1290,Como,448659.0,Nico Paz,80.3,22.6,,,49.2,83.3,,,"[{'type': {'displayName': 'GoalMouthY', 'value': 102}, 'value': '49.2'}, {'type': {'displayName': 'RegularPlay', 'value': 22}}, {'type': {'displayName': 'OutOfBoxCentre', 'value': 18}}, {'type': {'displayName': 'IndividualPlay', 'value': 215}}, {'type': {'displayName': 'Zone', 'value': 56}, 'value': 'Center'}, {'type': {'displayName': 'GoalMouthZ', 'value': 103}, 'value': '83.3'}, {'type': {'displayName': 'LeftFoot', 'value': 72}}, {'type': {'displayName': 'MissHigh', 'value': 74}}]",True,True,False,,,
1901403,FirstHalf,8,4.0,8,Pass,Successful,276,Napoli,149474.0,Vanja Milinkovic-Savic,4.0,49.5,4.8,31.3,,,,,"[{'type': {'displayName': 'Angle', 'value': 213}, 'value': '4.78'}, {'type': {'displayName': 'Length', 'value': 212}, 'value': '12.4'}, {'type': {'displayName': 'PassEndX', 'value': 140}, 'value': '4.8'}, {'type': {'displayName': 'PassEndY', 'value': 141}, 'value': '31.3'}, {'type': {'displayName': 'Zone', 'value': 56}, 'value': 'Back'}, {'type': {'displayName': 'GoalKick', 'value': 124}}]",True,,False,,,
1901403,FirstHalf,8,10.0,8,Pass,Successful,276,Napoli,295358.0,Amir Rrahmani,14.0,15.1,23.8,28.8,,,,,"[{'type': {'displayName': 'Angle', 'value': 213}, 'value': '0.74'}, {'type': {'displayName': 'PassEndY', 'value': 141}, 'value': '28.8'}, {'type': {'displayName': 'Length', 'value': 212}, 'value': '13.9'}, {'type': {'displayName': 'PassEndX', 'value': 140}, 'value': '23.8'}, {'type': {'displayName': 'Zone', 'value': 56}, 'value': 'Back'}]",True,,False,,,
1901403,FirstHalf,8,12.0,8,Pass,Successful,276,Napoli,111892.0,Stanislav Lobotka,22.3,29.1,1.1,38.1,,,,,"[{'type': {'displayName': 'PassEndX', 'value': 140}, 'value': '1.1'}, {'type': {'displayName': 'Length', 'value': 212}, 'value': '23.1'}, {'type': {'displayName': 'Angle', 'value': 213}, 'value': '2.87'}, {'type': {'displayName': 'PassEndY', 'value': 141}, 'value': '38.1'}, {'type': {'displayName': 'LayOff', 'value': 156}}, {'type': {'displayName': 'Zone', 'value': 56}, 'value': 'Back'}]",True,,False,,,
1901403,FirstHalf,8,15.0,8,Pass,Successful,276,Napoli,149474.0,Vanja Milinkovic-Savic,1.1,38.1,1.6,76.5,,,,,"[{'type': {'displayName': 'Length', 'value': 212}, 'value': '26.1'}, {'type': {'displayName': 'Angle', 'value': 213}, 'value': '1.55'}, {'type': {'displayName': 'PassEndY', 'value': 141}, 'value': '76.5'}, {'type': {'displayName': 'PassEndX', 'value': 140}, 'value': '1.6'}, {'type': {'displayName': 'Zone', 'value': 56}, 'value': 'Back'}]",True,,False,,,
1901403,FirstHalf,8,17.0,8,Pass,Unsuccessful,276,Napoli,333373.0,Alessandro Buongiorno,1.7,79.1,3.6,80.5,,,,,"[{'type': {'displayName': 'Angle', 'value': 213}, 'value': '0.45'}, {'type': {'displayName': 'Offensive', 'value': 286}}, {'type': {'displayName': 'Length', 'value': 212}, 'value': '2.2'}, {'type': {'displayName': 'Zone', 'value': 56}, 'value': 'Back'}, {'type': {'displayName': 'PassEndY', 'value': 141}, 'value': '80.5'}, {'type': {'displayName': 'PassEndX', 'value': 140}, 'value': '3.6'}, {'type': {'displayName': 'OppositeRelatedEvent', 'value': 233}, 'value': '92'}]",True,,False,,,
1901403,FirstHalf,8,17.0,8,BlockedPass,Successful,1290,Como,502427.0,Assane Diao,96.4,19.5,,,,,,,"[{'type': {'displayName': 'OppositeRelatedEvent', 'value': 233}, 'value': '99'}, {'type': {'displayName': 'Defensive', 'value': 285}}, {'type': {'displayName': 'Zone', 'value': 56}, 'value': 'Right'}]",True,,False,,,
1901403,FirstHalf,8,41.0,8,Pass,Unsuccessful,276,Napoli,149474.0,Vanja Milinkovic-Savic,3.3,50.1,69.1,69.0,,,,,"[{'type': {'displayName': 'Length', 'value': 212}, 'value': '70.3'}, {'type': {'displayName': 'PassEndX', 'value': 140}, 'value': '69.1'}, {'type': {'displayName': 'PassEndY', 'value': 141}, 'value': '69.0'}, {'type': {'displayName': 'Angle', 'value': 213}, 'value': '0.18'}, {'type': {'displayName': 'Zone', 'value': 56}, 'value': 'Center'}, {'type': {'displayName': 'Chipped', 'value': 155}}, {'type': {'displayName': 'MissHigh', 'value': 74}}, {'type': {'displayName': 'GoalKick', 'value': 124}}, {'type': {'displayName': 'Longball', 'value': 1}}]",True,,False,,,
1901403,FirstHalf,8,44.0,8,Clearance,Successful,1290,Como,516374.0,Jacobo Ramón,30.0,32.8,38.7,56.2,,,,,"[{'type': {'displayName': 'PassEndX', 'value': 140}, 'value': '38.7'}, {'type': {'displayName': 'PassEndY', 'value': 141}, 'value': '56.2'}, {'type': {'displayName': 'Angle', 'value': 213}, 'value': '1.05'}, {'type': {'displayName': 'Length', 'value': 212}, 'value': '18.3'}, {'type': {'displayName': 'Head', 'value': 15}}, {'type': {'displayName': 'Zone', 'value': 56}, 'value': 'Back'}]",True,,False,,,
1901403,FirstHalf,8,45.0,8,Pass,Successful,276,Napoli,73084.0,Kevin De Bruyne,58.3,41.8,66.3,28.5,,,,,"[{'type': {'displayName': 'Length', 'value': 212}, 'value': '12.3'}, {'type': {'displayName': 'PassEndY', 'value': 141}, 'value': '28.5'}, {'type': {'displayName': 'PassEndX', 'value': 140}, 'value': '66.3'}, {'type': {'displayName': 'Angle', 'value': 213}, 'value': '5.46'}, {'type': {'displayName': 'Zone', 'value': 56}, 'value': 'Center'}]",True,,False,,,
1901403,FirstHalf,8,47.0,8,Pass,Successful,276,Napoli,122683.0,Matteo Politano,65.8,28.6,58.5,40.8,,,,,"[{'type': {'displayName': 'Angle', 'value': 213}, 'value': '2.32'}, {'type': {'displayName': 'Zone', 'value': 56}, 'value': 'Center'}, {'type': {'displayName': 'PassEndY', 'value': 141}, 'value': '40.8'}, {'type': {'displayName': 'PassEndX', 'value': 140}, 'value': '58.5'}, {'type': {'displayName': 'Length', 'value': 212}, 'value': '11.3'}]",True,,False,,,
1901403,FirstHalf,8,48.0,8,Pass,Successful,276,Napoli,111892.0,Stanislav Lobotka,58.5,40.8,57.5,57.4,,,,,"[{'type': {'displayName': 'PassEndX', 'value': 140}, 'value': '57.5'}, {'type': {'displayName': 'Length', 'value': 212}, 'value': '11.3'}, {'type': {'displayName': 'PassEndY', 'value': 141}, 'value': '57.4'}, {'type': {'displayName': 'Zone', 'value': 56}, 'value': 'Center'}, {'type': {'displayName': 'Angle', 'value': 213}, 'value': '1.66'}]",True,,False,,,
1901403,FirstHalf,8,50.0,8,Pass,Successful,276,Napoli,336915.0,Scott McTominay,57.3,59.7,65.8,79.8,,,,,"[{'type': {'displayName': 'PassEndY', 'value': 141}, 'value': '79.8'}, {'type': {'displayName': 'PassEndX', 'value': 140}, 'value': '65.8'}, {'type': {'displayName': 'Length', 'value': 212}, 'value': '16.3'}, {'type': {'displayName': 'Zone', 'value': 56}, 'value': 'Left'}, {'type': {'displayName': 'Angle', 'value': 213}, 'value': '0.99'}]",True,,False,,,
1901403,FirstHalf,8,53.0,8,Pass,Successful,276,Napoli,395788.0,Miguel Gutiérrez,75.5,84.0,82.6,95.2,,,,,"[{'type': {'displayName': 'PassEndX', 'value': 140}, 'value': '82.6'}, {'type': {'displayName': 'PassEndY', 'value': 141}, 'value': '95.2'}, {'type': {'displayName': 'Zone', 'value': 56}, 'value': 'Left'}, {'type': {'displayName': 'Angle', 'value': 213}, 'value': '0.80'}, {'type': {'displayName': 'Length', 'value': 212}, 'value': '10.7'}]",True,,False,,,
1901403,FirstHalf,8,56.0,8,TakeOn,Unsuccessful,276,Napoli,557549.0,Alisson Santos,93.4,86.4,,,,,,,"[{'type': {'displayName': 'Offensive', 'value': 286}}, {'type': {'displayName': 'Zone', 'value': 56}, 'value': 'Left'}, {'type': {'displayName': 'OverRun', 'value': 211}}]",True,,False,,,
1901403,FirstHalf,9,36.0,9,Pass,Successful,1290,Como,516374.0,Jacobo Ramón,2.9,40.8,4.0,49.5,,,,,"[{'type': {'displayName': 'PassEndX', 'value': 140}, 'value': '4.0'}, {'type': {'displayName': 'GoalKick', 'value': 124}}, {'type': {'displayName': 'Angle', 'value': 213}, 'value': '1.38'}, {'type': {'displayName': 'Zone', 'value': 56}, 'value': 'Back'}, {'type': {'displayName': 'Length', 'value': 212}, 'value': '6.0'}, {'type': {'displayName': 'PassEndY', 'value': 141}, 'value': '49.5'}]",True,,False,,,
1901403,FirstHalf,9,45.0,9,Pass,Successful,1290,Como,256536.0,Jean Butez,34.7,51.7,68.3,4.9,,,,,"[{'type': {'displayName': 'PassEndY', 'value': 141}, 'value': '4.9'}, {'type': {'displayName': 'Angle', 'value': 213}, 'value': '5.55'}, {'type': {'displayName': 'Length', 'value': 212}, 'value': '47.5'}, {'type': {'displayName': 'Zone', 'value': 56}, 'value': 'Right'}, {'type': {'displayName': 'Longball', 'value': 1}}, {'type': {'displayName': 'PassEndX', 'value': 140}, 'value': '68.3'}]",True,,False,,,
1901403,FirstHalf,9,54.0,9,Pass,Successful,1290,Como,502427.0,Assane Diao,69.5,22.8,60.6,27.7,,,,,"[{'type': {'displayName': 'Angle', 'value': 213}, 'value': '2.80'}, {'type': {'displayName': 'Zone', 'value': 56}, 'value': 'Center'}, {'type': {'displayName': 'Length', 'value': 212}, 'value': '9.9'}, {'type': {'displayName': 'PassEndX', 'value': 140}, 'value': '60.6'}, {'type': {'displayName': 'PassEndY', 'value': 141}, 'value': '27.7'}]",True,,False,,,
1901403,FirstHalf,9,55.0,9,Pass,Successful,1290,Como,516374.0,Jacobo Ramón,60.0,28.0,55.1,60.6,,,,,"[{'type': {'displayName': 'PassEndY', 'value': 141}, 'value': '60.6'}, {'type': {'displayName': 'Angle', 'value': 213}, 'value': '1.80'}, {'type': {'displayName': 'Length', 'value': 212}, 'value': '22.8'}, {'type': {'displayName': 'PassEndX', 'value': 140}, 'value': '55.1'}, {'type': {'displayName': 'Zone', 'value': 56}, 'value': 'Center'}]",True,,False,,,
1901403,FirstHalf,9,57.0,9,Pass,Successful,1290,Como,134984.0,Diego Carlos,55.1,60.6,62.5,84.7,,,,,"[{'type': {'displayName': 'Length', 'value': 212}, 'value': '18.1'}, {'type': {'displayName': 'PassEndY', 'value': 141}, 'value': '84.7'}, {'type': {'displayName': 'Angle', 'value': 213}, 'value': '1.13'}, {'type': {'displayName': 'Zone', 'value': 56}, 'value': 'Left'}, {'type': {'displayName': 'PassEndX', 'value': 140}, 'value': '62.5'}]",True,,False,,,
1901403,FirstHalf,10,0.0,10,Pass,Successful,1290,Como,454341.0,Álex Valle,64.6,79.0,71.6,69.9,,,,,"[{'type': {'displayName': 'Zone', 'value': 56}, 'value': 'Center'}, {'type': {'displayName': 'PassEndX', 'value': 140}, 'value': '71.6'}, {'type': {'displayName': 'Length', 'value': 212}, 'value': '9.6'}, {'type': {'displayName': 'Angle', 'value': 213}, 'value': '5.58'}, {'type': {'displayName': 'PassEndY', 'value': 141}, 'value': '69.9'}]",True,,False,,,
1901403,FirstHalf,10,4.0,10,Pass,Successful,1290,Como,422873.0,Tasos Douvikas,69.5,66.7,64.7,60.6,,,,,"[{'type': {'displayName': 'Angle', 'value': 213}, 'value': '3.83'}, {'type': {'displayName': 'PassEndX', 'value': 140}, 'value': '64.7'}, {'type': {'displayName': 'PassEndY', 'value': 141}, 'value': '60.6'}, {'type': {'displayName': 'Zone', 'value': 56}, 'value': 'Center'}, {'type': {'displayName': 'Length', 'value': 212}, 'value': '6.5'}]",True,,False,,,
1901403,FirstHalf,10,4.0,10,Pass,Successful,1290,Como,448659.0,Nico Paz,64.7,60.6,63.9,37.9,,,,,"[{'type': {'displayName': 'PassEndY', 'value': 141}, 'value': '37.9'}, {'type': {'displayName': 'PassEndX', 'value': 140}, 'value': '63.9'}, {'type': {'displayName': 'Length', 'value': 212}, 'value': '15.5'}, {'type': {'displayName': 'Zone', 'value': 56}, 'value': 'Center'}, {'type': {'displayName': 'Angle', 'value': 213}, 'value': '4.66'}]",True,,False,,,
1901403,FirstHalf,10,6.0,10,Pass,Successful,1290,Como,433972.0,Máximo Perrone,63.7,35.5,60.9,16.3,,,,,"[{'type': {'displayName': 'Zone', 'value': 56}, 'value': 'Right'}, {'type': {'displayName': 'Angle', 'value': 213}, 'value': '4.49'}, {'type': {'displayName': 'PassEndY', 'value': 141}, 'value': '16.3'}, {'type': {'displayName': 'PassEndX', 'value': 140}, 'value': '60.9'}, {'type': {'displayName': 'Length', 'value': 212}, 'value': '13.4'}]",True,,False,,,
1901403,FirstHalf,10,7.0,10,Pass,Successful,1290,Como,531127.0,Ivan Smolcic,60.9,16.3,65.7,2.1,,,,,"[{'type': {'displayName': 'Zone', 'value': 56}, 'value': 'Right'}, {'type': {'displayName': 'Length', 'value': 212}, 'value': '10.9'}, {'type': {'displayName': 'Angle', 'value': 213}, 'value': '5.19'}, {'type': {'displayName': 'PassEndX', 'value': 140}, 'value': '65.7'}, {'type': {'displayName': 'PassEndY', 'value': 141}, 'value': '2.1'}]",True,,False,,,
1901403,FirstHalf,10,12.0,10,Pass,Successful,1290,Como,379615.0,Lucas da Cunha,67.3,10.6,61.6,25.5,,,,,"[{'type': {'displayName': 'Zone', 'value': 56}, 'value': 'Center'}, {'type': {'displayName': 'Angle', 'value': 213}, 'value': '2.10'}, {'type': {'displayName': 'PassEndX', 'value': 140}, 'value': '61.6'}, {'type': {'displayName': 'Length', 'value': 212}, 'value': '11.8'}, {'type': {'displayName': 'PassEndY', 'value': 141}, 'value': '25.5'}]",True,,False,,,
1901403,FirstHalf,10,14.0,10,Pass,Successful,1290,Como,433972.0,Máximo Perrone,61.6,25.5,60.4,45.3,,,,,"[{'type': {'displayName': 'Length', 'value': 212}, 'value': '13.5'}, {'type': {'displayName': 'Angle', 'value': 213}, 'value': '1.66'}, {'type': {'displayName': 'PassEndX', 'value': 140}, 'value': '60.4'}, {'type': {'displayName': 'Zone', 'value': 56}, 'value': 'Center'}, {'type': {'displayName': 'PassEndY', 'value': 141}, 'value': '45.3'}]",True,,False,,,
1901403,FirstHalf,10,16.0,10,Pass,Successful,1290,Como,516374.0,Jacobo Ramón,61.3,46.8,61.5,66.0,,,,,"[{'type': {'displayName': 'Length', 'value': 212}, 'value': '13.1'}, {'type': {'displayName': 'PassEndY', 'value': 141}, 'value': '66.0'}, {'type': {'displayName': 'Angle', 'value': 213}, 'value': '1.55'}, {'type': {'displayName': 'Zone', 'value': 56}, 'value': 'Center'}, {'type': {'displayName': 'PassEndX', 'value': 140}, 'value': '61.5'}]",True,,False,,,
1901403,FirstHalf,10,19.0,10,Pass,Successful,1290,Como,134984.0,Diego Carlos,61.0,64.9,60.5,30.9,,,,,"[{'type': {'displayName': 'Length', 'value': 212}, 'value': '23.1'}, {'type': {'displayName': 'Angle', 'value': 213}, 'value': '4.69'}, {'type': {'displayName': 'Zone', 'value': 56}, 'value': 'Center'}, {'type': {'displayName': 'PassEndX', 'value': 140}, 'value': '60.5'}, {'type': {'displayName': 'PassEndY', 'value': 141}, 'value': '30.9'}]",True,,False,,,
1901403,FirstHalf,10,21.0,10,Pass,Successful,1290,Como,433972.0,Máximo Perrone,60.5,30.7,64.9,36.9,,,,,"[{'type': {'displayName': 'Length', 'value': 212}, 'value': '6.3'}, {'type': {'displayName': 'Angle', 'value': 213}, 'value': '0.74'}, {'type': {'displayName': 'Zone', 'value': 56}, 'value': 'Center'}, {'type': {'displayName': 'PassEndX', 'value': 140}, 'value': '64.9'}, {'type': {'displayName': 'PassEndY', 'value': 141}, 'value': '36.9'}]",True,,False,,,
1901403,FirstHalf,10,22.0,10,Pass,Successful,1290,Como,379615.0,Lucas da Cunha,64.9,36.9,56.8,29.2,,,,,"[{'type': {'displayName': 'Length', 'value': 212}, 'value': '10.0'}, {'type': {'displayName': 'Angle', 'value': 213}, 'value': '3.69'}, {'type': {'displayName': 'Zone', 'value': 56}, 'value': 'Center'}, {'type': {'displayName': 'PassEndY', 'value': 141}, 'value': '29.2'}, {'type': {'displayName': 'PassEndX', 'value': 140}, 'value': '56.8'}]",True,,False,,,
1901403,FirstHalf,10,24.0,10,Pass,Successful,1290,Como,433972.0,Máximo Perrone,56.2,30.9,65.9,34.9,,,,,"[{'type': {'displayName': 'Zone', 'value': 56}, 'value': 'Center'}, {'type': {'displayName': 'PassEndX', 'value': 140}, 'value': '65.9'}, {'type': {'displayName': 'Angle', 'value': 213}, 'value': '0.26'}, {'type': {'displayName': 'PassEndY', 'value': 141}, 'value': '34.9'}, {'type': {'displayName': 'Length', 'value': 212}, 'value': '10.5'}]",True,,False,,,
1901403,FirstHalf,10,25.0,10,Pass,Successful,1290,Como,448659.0,Nico Paz,65.9,34.9,59.8,59.4,,,,,"[{'type': {'displayName': 'Zone', 'value': 56}, 'value': 'Center'}, {'type': {'displayName': 'Angle', 'value': 213}, 'value': '1.94'}, {'type': {'displayName': 'PassEndY', 'value': 141}, 'value': '59.4'}, {'type': {'displayName': 'Length', 'value': 212}, 'value': '17.8'}, {'type': {'displayName': 'PassEndX', 'value': 140}, 'value': '59.8'}]",True,,False,,,
1901403,FirstHalf,10,30.0,10,Pass,Successful,1290,Como,516374.0,Jacobo Ramón,72.3,64.5,83.0,90.0,,,,,"[{'type': {'displayName': 'Zone', 'value': 56}, 'value': 'Left'}, {'type': {'displayName': 'PassEndX', 'value': 140}, 'value': '83.0'}, {'type': {'displayName': 'Angle', 'value': 213}, 'value': '1.00'}, {'type': {'displayName': 'PassEndY', 'value': 141}, 'value': '90.0'}, {'type': {'displayName': 'Length', 'value': 212}, 'value': '20.7'}]",True,,False,,,
1901403,FirstHalf,10,33.0,10,Pass,Unsuccessful,1290,Como,454341.0,Álex Valle,83.7,89.7,89.0,37.5,,,,,"[{'type': {'displayName': 'PassEndX', 'value': 140}, 'value': '89.0'}, {'type': {'displayName': 'PassEndY', 'value': 141}, 'value': '37.5'}, {'type': {'displayName': 'Angle', 'value': 213}, 'value': '4.87'}, {'type': {'displayName': 'Length', 'value': 212}, 'value': '35.9'}, {'type': {'displayName': 'Chipped', 'value': 155}}, {'type': {'displayName': 'Zone', 'value': 56}, 'value': 'Center'}, {'type': {'displayName': 'LeftFoot', 'value': 72}}, {'type': {'displayName': 'Longball', 'value': 1}}, {'type': {'displayName': 'Cross', 'value': 2}}]",True,,False,,,
1901403,FirstHalf,10,35.0,10,Pass,Successful,276,Napoli,395788.0,Miguel Gutiérrez,9.9,67.5,3.1,60.3,,,,,"[{'type': {'displayName': 'Zone', 'value': 56}, 'value': 'Back'}, {'type': {'displayName': 'PassEndY', 'value': 141}, 'value': '60.3'}, {'type': {'displayName': 'Angle', 'value': 213}, 'value': '3.74'}, {'type': {'displayName': 'PassEndX', 'value': 140}, 'value': '3.1'}, {'type': {'displayName': 'Length', 'value': 212}, 'value': '8.7'}]",True,,False,,,
1901403,FirstHalf,10,37.0,10,KeeperPickup,Successful,276,Napoli,149474.0,Vanja Milinkovic-Savic,3.1,60.3,,,,,,,[],False,,False,,,
1901403,FirstHalf,10,39.0,10,Pass,Unsuccessful,276,Napoli,149474.0,Vanja Milinkovic-Savic,12.8,63.9,93.2,74.2,,,,,"[{'type': {'displayName': 'Zone', 'value': 56}, 'value': 'Center'}, {'type': {'displayName': 'Longball', 'value': 1}}, {'type': {'displayName': 'PassEndX', 'value': 140}, 'value': '93.2'}, {'type': {'displayName': 'Angle', 'value': 213}, 'value': '0.08'}, {'type': {'displayName': 'PassEndY', 'value': 141}, 'value': '74.2'}, {'type': {'displayName': 'Length', 'value': 212}, 'value': '84.7'}]",True,,False,,,
1901403,FirstHalf,10,45.0,10,BallRecovery,Successful,1290,Como,256536.0,Jean Butez,8.9,27.7,,,,,,,[],False,,False,,,
1901403,FirstHalf,10,45.0,10,Pass,Successful,1290,Como,256536.0,Jean Butez,8.9,27.7,26.4,53.1,,,,,"[{'type': {'displayName': 'Length', 'value': 212}, 'value': '25.2'}, {'type': {'displayName': 'PassEndX', 'value': 140}, 'value': '26.4'}, {'type': {'displayName': 'Angle', 'value': 213}, 'value': '0.75'}, {'type': {'displayName': 'PassEndY', 'value': 141}, 'value': '53.1'}, {'type': {'displayName': 'Zone', 'value': 56}, 'value': 'Back'}]",True,,False,,,
1901403,FirstHalf,10,48.0,10,Pass,Successful,1290,Como,134984.0,Diego Carlos,30.0,54.9,39.4,45.3,,,,,"[{'type': {'displayName': 'Angle', 'value': 213}, 'value': '5.70'}, {'type': {'displayName': 'Length', 'value': 212}, 'value': '11.8'}, {'type': {'displayName': 'PassEndX', 'value': 140}, 'value': '39.4'}, {'type': {'displayName': 'PassEndY', 'value': 141}, 'value': '45.3'}, {'type': {'displayName': 'Zone', 'value': 56}, 'value': 'Back'}]",True,,False,,,
1901403,FirstHalf,10,51.0,10,Pass,Successful,1290,Como,433972.0,Máximo Perrone,44.8,44.4,52.8,31.2,,,,,"[{'type': {'displayName': 'PassEndY', 'value': 141}, 'value': '31.2'}, {'type': {'displayName': 'PassEndX', 'value': 140}, 'value': '52.8'}, {'type': {'displayName': 'Length', 'value': 212}, 'value': '12.3'}, {'type': {'displayName': 'Zone', 'value': 56}, 'value': 'Center'}, {'type': {'displayName': 'Angle', 'value': 213}, 'value': '5.46'}]",True,,False,,,
1901403,FirstHalf,10,53.0,10,Pass,Successful,1290,Como,379615.0,Lucas da Cunha,49.9,35.5,53.2,47.8,,,,,"[{'type': {'displayName': 'PassEndX', 'value': 140}, 'value': '53.2'}, {'type': {'displayName': 'Zone', 'value': 56}, 'value': 'Center'}, {'type': {'displayName': 'Angle', 'value': 213}, 'value': '1.18'}, {'type': {'displayName': 'PassEndY', 'value': 141}, 'value': '47.8'}, {'type': {'displayName': 'Length', 'value': 212}, 'value': '9.1'}]",True,,False,,,
1901403,FirstHalf,10,55.0,10,Pass,Successful,1290,Como,433972.0,Máximo Perrone,53.7,49.8,53.5,81.6,,,,,"[{'type': {'displayName': 'PassEndY', 'value': 141}, 'value': '81.6'}, {'type': {'displayName': 'Length', 'value': 212}, 'value': '21.6'}, {'type': {'displayName': 'Angle', 'value': 213}, 'value': '1.58'}, {'type': {'displayName': 'PassEndX', 'value': 140}, 'value': '53.5'}, {'type': {'displayName': 'Zone', 'value': 56}, 'value': 'Left'}]",True,,False,,,
1901403,FirstHalf,10,59.0,10,Pass,Successful,1290,Como,407944.0,Martin Baturina,54.3,77.8,53.9,63.9,,,,,"[{'type': {'displayName': 'PassEndX', 'value': 140}, 'value': '53.9'}, {'type': {'displayName': 'Angle', 'value': 213}, 'value': '4.67'}, {'type': {'displayName': 'Zone', 'value': 56}, 'value': 'Center'}, {'type': {'displayName': 'PassEndY', 'value': 141}, 'value': '63.9'}, {'type': {'displayName': 'Length', 'value': 212}, 'value': '9.5'}]",True,,False,,,
1901403,FirstHalf,11,0.0,11,Pass,Successful,1290,Como,433972.0,Máximo Perrone,53.8,63.9,43.6,62.4,,,,,"[{'type': {'displayName': 'Zone', 'value': 56}, 'value': 'Back'}, {'type': {'displayName': 'PassEndX', 'value': 140}, 'value': '43.6'}, {'type': {'displayName': 'Length', 'value': 212}, 'value': '10.8'}, {'type': {'displayName': 'PassEndY', 'value': 141}, 'value': '62.4'}, {'type': {'displayName': 'Angle', 'value': 213}, 'value': '3.24'}, {'type': {'displayName': 'LayOff', 'value': 156}}]",True,,False,,,
1901403,FirstHalf,11,2.0,11,Pass,Successful,1290,Como,134984.0,Diego Carlos,43.2,61.6,44.0,15.4,,,,,"[{'type': {'displayName': 'PassEndX', 'value': 140}, 'value': '44.0'}, {'type': {'displayName': 'Zone', 'value': 56}, 'value': 'Back'}, {'type': {'displayName': 'Angle', 'value': 213}, 'value': '4.74'}, {'type': {'displayName': 'Length', 'value': 212}, 'value': '31.4'}, {'type': {'displayName': 'PassEndY', 'value': 141}, 'value': '15.4'}]",True,,False,,,
1901403,FirstHalf,11,7.0,11,Pass,Successful,1290,Como,531127.0,Ivan Smolcic,41.6,11.7,47.7,5.1,,,,,"[{'type': {'displayName': 'Angle', 'value': 213}, 'value': '5.67'}, {'type': {'displayName': 'PassEndY', 'value': 141}, 'value': '5.1'}, {'type': {'displayName': 'PassEndX', 'value': 140}, 'value': '47.7'}, {'type': {'displayName': 'Length', 'value': 212}, 'value': '7.8'}, {'type': {'displayName': 'Zone', 'value': 56}, 'value': 'Back'}]",True,,False,,,
1901403,FirstHalf,11,11.0,11,Pass,Successful,1290,Como,379615.0,Lucas da Cunha,47.9,5.1,41.9,9.9,,,,,"[{'type': {'displayName': 'PassEndY', 'value': 141}, 'value': '9.9'}, {'type': {'displayName': 'PassEndX', 'value': 140}, 'value': '41.9'}, {'type': {'displayName': 'Length', 'value': 212}, 'value': '7.1'}, {'type': {'displayName': 'Angle', 'value': 213}, 'value': '2.66'}, {'type': {'displayName': 'Zone', 'value': 56}, 'value': 'Back'}]",True,,False,,,
1901403,FirstHalf,11,12.0,11,Pass,Successful,1290,Como,531127.0,Ivan Smolcic,41.4,10.8,20.7,49.5,,,,,"[{'type': {'displayName': 'PassEndY', 'value': 141}, 'value': '49.5'}, {'type': {'displayName': 'Length', 'value': 212}, 'value': '34.1'}, {'type': {'displayName': 'PassEndX', 'value': 140}, 'value': '20.7'}, {'type': {'displayName': 'Zone', 'value': 56}, 'value': 'Back'}, {'type': {'displayName': 'Longball', 'value': 1}}, {'type': {'displayName': 'Angle', 'value': 213}, 'value': '2.26'}]",True,,False,,,
1901403,FirstHalf,11,25.0,11,Pass,Successful,1290,Como,256536.0,Jean Butez,25.0,49.2,40.9,55.2,,,,,"[{'type': {'displayName': 'PassEndX', 'value': 140}, 'value': '40.9'}, {'type': {'displayName': 'Angle', 'value': 213}, 'value': '0.24'}, {'type': {'displayName': 'Zone', 'value': 56}, 'value': 'Back'}, {'type': {'displayName': 'Length', 'value': 212}, 'value': '17.2'}, {'type': {'displayName': 'PassEndY', 'value': 141}, 'value': '55.2'}]",True,,False,,,
1901403,FirstHalf,11,27.0,11,Pass,Successful,1290,Como,448659.0,Nico Paz,41.8,57.6,58.6,66.7,,,,,"[{'type': {'displayName': 'PassEndY', 'value': 141}, 'value': '66.7'}, {'type': {'displayName': 'Length', 'value': 212}, 'value': '18.7'}, {'type': {'displayName': 'Zone', 'value': 56}, 'value': 'Center'}, {'type': {'displayName': 'PassEndX', 'value': 140}, 'value': '58.6'}, {'type': {'displayName': 'Angle', 'value': 213}, 'value': '0.34'}]",True,,False,,,
1901403,FirstHalf,11,28.0,11,Pass,Successful,1290,Como,454341.0,Álex Valle,58.6,66.7,45.5,60.1,,,,,"[{'type': {'displayName': 'PassEndX', 'value': 140}, 'value': '45.5'}, {'type': {'displayName': 'Angle', 'value': 213}, 'value': '3.46'}, {'type': {'displayName': 'Zone', 'value': 56}, 'value': 'Back'}, {'type': {'displayName': 'PassEndY', 'value': 141}, 'value': '60.1'}, {'type': {'displayName': 'Length', 'value': 212}, 'value': '14.5'}]",True,,False,,,
1901403,FirstHalf,11,31.0,11,Pass,Unsuccessful,1290,Como,448659.0,Nico Paz,47.4,60.7,73.3,9.0,,,,,"[{'type': {'displayName': 'Length', 'value': 212}, 'value': '44.4'}, {'type': {'displayName': 'Longball', 'value': 1}}, {'type': {'displayName': 'PassEndY', 'value': 141}, 'value': '9.0'}, {'type': {'displayName': 'Angle', 'value': 213}, 'value': '5.37'}, {'type': {'displayName': 'PassEndX', 'value': 140}, 'value': '73.3'}, {'type': {'displayName': 'Chipped', 'value': 155}}, {'type': {'displayName': 'Zone', 'value': 56}, 'value': 'Right'}]",True,,False,,,
1901403,FirstHalf,11,33.0,11,Error,Successful,276,Napoli,395788.0,Miguel Gutiérrez,33.0,67.5,,,,,,,"[{'type': {'displayName': 'LeadingToAttempt', 'value': 169}, 'value': '134'}]",False,,False,,,
1901403,FirstHalf,11,33.0,11,Pass,Unsuccessful,276,Napoli,395788.0,Miguel Gutiérrez,30.3,74.4,31.4,71.1,,,,,"[{'type': {'displayName': 'Zone', 'value': 56}, 'value': 'Back'}, {'type': {'displayName': 'PassEndX', 'value': 140}, 'value': '31.4'}, {'type': {'displayName': 'OppositeRelatedEvent', 'value': 233}, 'value': '133'}, {'type': {'displayName': 'PassEndY', 'value': 141}, 'value': '71.1'}, {'type': {'displayName': 'Offensive', 'value': 286}}, {'type': {'displayName': 'Angle', 'value': 213}, 'value': '5.19'}, {'type': {'displayName': 'Length', 'value': 212}, 'value': '2.5'}]",True,,False,,,
1901403,FirstHalf,11,33.0,11,BlockedPass,Successful,1290,Como,379615.0,Lucas da Cunha,68.6,28.9,,,,,,,"[{'type': {'displayName': 'Defensive', 'value': 285}}, {'type': {'displayName': 'Zone', 'value': 56}, 'value': 'Center'}, {'type': {'displayName': 'OppositeRelatedEvent', 'value': 233}, 'value': '114'}]",True,,False,,,
1901403,FirstHalf,11,40.0,11,SavedShot,Successful,1290,Como,379615.0,Lucas da Cunha,72.6,47.4,,,48.7,20.3,98.5,50.0,"[{'type': {'displayName': 'GoalMouthY', 'value': 102}, 'value': '48.7'}, {'type': {'displayName': 'OppositeRelatedEvent', 'value': 233}, 'value': '115'}, {'type': {'displayName': 'HighCentre', 'value': 79}}, {'type': {'displayName': 'LeftFoot', 'value': 72}}, {'type': {'displayName': 'RegularPlay', 'value': 22}}, {'type': {'displayName': 'Zone', 'value': 56}, 'value': 'Center'}, {'type': {'displayName': 'GoalMouthZ', 'value': 103}, 'value': '20.3'}, {'type': {'displayName': 'BlockedX', 'value': 146}, 'value': '98.5'}, {'type': {'displayName': 'BlockedY', 'value': 147}, 'value': '50'}, {'type': {'displayName': 'IndividualPlay', 'value': 215}}, {'type': {'displayName': 'OutOfBoxCentre', 'value': 18}}]",True,True,False,,,
1901403,FirstHalf,11,40.0,11,Save,Successful,276,Napoli,149474.0,Vanja Milinkovic-Savic,3.9,49.6,,,,,,,"[{'type': {'displayName': 'Hands', 'value': 182}}, {'type': {'displayName': 'Collected', 'value': 177}}, {'type': {'displayName': 'StandingSave', 'value': 178}}, {'type': {'displayName': 'OppositeRelatedEvent', 'value': 233}, 'value': '134'}, {'type': {'displayName': 'Zone', 'value': 56}, 'value': 'Back'}, {'type': {'displayName': 'KeeperSaveObox', 'value': 11117}}]",True,,False,,,
1901403,FirstHalf,11,41.0,11,KeeperPickup,Successful,276,Napoli,149474.0,Vanja Milinkovic-Savic,3.9,49.6,,,,,,,[],False,,False,,,
1901403,FirstHalf,11,44.0,11,Pass,Successful,276,Napoli,149474.0,Vanja Milinkovic-Savic,8.1,50.5,10.1,62.4,,,,,"[{'type': {'displayName': 'PassEndX', 'value': 140}, 'value': '10.1'}, {'type': {'displayName': 'PassEndY', 'value': 141}, 'value': '62.4'}, {'type': {'displayName': 'Zone', 'value': 56}, 'value': 'Back'}, {'type': {'displayName': 'KeeperThrow', 'value': 123}}, {'type': {'displayName': 'Angle', 'value': 213}, 'value': '1.32'}, {'type': {'displayName': 'Length', 'value': 212}, 'value': '8.4'}]",True,,False,,,
1901403,FirstHalf,11,47.0,11,Pass,Successful,276,Napoli,333373.0,Alessandro Buongiorno,10.4,63.1,18.2,45.3,,,,,"[{'type': {'displayName': 'Angle', 'value': 213}, 'value': '5.31'}, {'type': {'displayName': 'Length', 'value': 212}, 'value': '14.6'}, {'type': {'displayName': 'PassEndY', 'value': 141}, 'value': '45.3'}, {'type': {'displayName': 'Zone', 'value': 56}, 'value': 'Back'}, {'type': {'displayName': 'PassEndX', 'value': 140}, 'value': '18.2'}]",True,,False,,,
1901403,FirstHalf,11,49.0,11,Pass,Successful,276,Napoli,111892.0,Stanislav Lobotka,18.0,45.3,42.3,97.8,,,,,"[{'type': {'displayName': 'Zone', 'value': 56}, 'value': 'Back'}, {'type': {'displayName': 'Angle', 'value': 213}, 'value': '0.95'}, {'type': {'displayName': 'Chipped', 'value': 155}}, {'type': {'displayName': 'Longball', 'value': 1}}, {'type': {'displayName': 'PassEndX', 'value': 140}, 'value': '42.3'}, {'type': {'displayName': 'PassEndY', 'value': 141}, 'value': '97.8'}, {'type': {'displayName': 'Length', 'value': 212}, 'value': '43.9'}]",True,,False,,,
1901403,FirstHalf,12,0.0,12,TakeOn,Unsuccessful,276,Napoli,557549.0,Alisson Santos,68.3,94.8,,,,,,,"[{'type': {'displayName': 'Zone', 'value': 56}, 'value': 'Left'}, {'type': {'displayName': 'Offensive', 'value': 286}}]",True,,False,,,
1901403,FirstHalf,12,5.0,12,TakeOn,Successful,276,Napoli,557549.0,Alisson Santos,72.8,87.4,,,,,,,"[{'type': {'displayName': 'OppositeRelatedEvent', 'value': 233}, 'value': '135'}, {'type': {'displayName': 'Zone', 'value': 56}, 'value': 'Left'}, {'type': {'displayName': 'Offensive', 'value': 286}}]",True,,False,,,
1901403,FirstHalf,12,5.0,12,Challenge,Unsuccessful,1290,Como,379615.0,Lucas da Cunha,27.2,12.6,,,,,,,"[{'type': {'displayName': 'OppositeRelatedEvent', 'value': 233}, 'value': '120'}, {'type': {'displayName': 'Defensive', 'value': 285}}, {'type': {'displayName': 'Zone', 'value': 56}, 'value': 'Back'}]",False,,False,,,
1901403,FirstHalf,12,5.0,12,Pass,Successful,276,Napoli,557549.0,Alisson Santos,69.8,92.4,64.8,78.3,,,,,"[{'type': {'displayName': 'Angle', 'value': 213}, 'value': '4.21'}, {'type': {'displayName': 'PassEndY', 'value': 141}, 'value': '78.3'}, {'type': {'displayName': 'ShotAssist', 'value': 210}, 'value': '13'}, {'type': {'displayName': 'Length', 'value': 212}, 'value': '10.9'}, {'type': {'displayName': 'Zone', 'value': 56}, 'value': 'Center'}, {'type': {'displayName': 'PassEndX', 'value': 140}, 'value': '64.8'}, {'type': {'displayName': 'KeyPass', 'value': 11113}}]",True,,False,,,
1901403,FirstHalf,12,8.0,12,MissedShots,Successful,276,Napoli,336915.0,Scott McTominay,72.6,72.0,,,62.0,6.9,,,"[{'type': {'displayName': 'IndividualPlay', 'value': 215}}, {'type': {'displayName': 'RightFoot', 'value': 20}}, {'type': {'displayName': 'Zone', 'value': 56}, 'value': 'Center'}, {'type': {'displayName': 'OutOfBoxCentre', 'value': 18}}, {'type': {'displayName': 'GoalMouthY', 'value': 102}, 'value': '62.0'}, {'type': {'displayName': 'RelatedEventId', 'value': 55}, 'value': '121'}, {'type': {'displayName': 'Assisted', 'value': 29}}, {'type': {'displayName': 'GoalMouthZ', 'value': 103}, 'value': '6.9'}, {'type': {'displayName': 'MissLeft', 'value': 73}}, {'type': {'displayName': 'RegularPlay', 'value': 22}}]",True,True,False,,121.0,557549.0
1901403,FirstHalf,12,30.0,12,Pass,Successful,1290,Como,134984.0,Diego Carlos,4.4,60.4,3.3,48.7,,,,,"[{'type': {'displayName': 'PassEndY', 'value': 141}, 'value': '48.7'}, {'type': {'displayName': 'PassEndX', 'value': 140}, 'value': '3.3'}, {'type': {'displayName': 'Angle', 'value': 213}, 'value': '4.57'}, {'type': {'displayName': 'GoalKick', 'value': 124}}, {'type': {'displayName': 'Zone', 'value': 56}, 'value': 'Back'}, {'type': {'displayName': 'Length', 'value': 212}, 'value': '8.0'}]",True,,False,,,
1901403,FirstHalf,12,34.0,12,Pass,Successful,1290,Como,256536.0,Jean Butez,4.5,45.4,17.1,87.6,,,,,"[{'type': {'displayName': 'PassEndY', 'value': 141}, 'value': '87.6'}, {'type': {'displayName': 'Zone', 'value': 56}, 'value': 'Back'}, {'type': {'displayName': 'Angle', 'value': 213}, 'value': '1.14'}, {'type': {'displayName': 'Length', 'value': 212}, 'value': '31.6'}, {'type': {'displayName': 'PassEndX', 'value': 140}, 'value': '17.1'}, {'type': {'displayName': 'Chipped', 'value': 155}}]",True,,False,,,
1901403,FirstHalf,12,42.0,12,Pass,Successful,1290,Como,134984.0,Diego Carlos,39.5,81.0,57.7,90.3,,,,,"[{'type': {'displayName': 'Angle', 'value': 213}, 'value': '0.32'}, {'type': {'displayName': 'Length', 'value': 212}, 'value': '20.1'}, {'type': {'displayName': 'Zone', 'value': 56}, 'value': 'Left'}, {'type': {'displayName': 'PassEndX', 'value': 140}, 'value': '57.7'}, {'type': {'displayName': 'PassEndY', 'value': 141}, 'value': '90.3'}]",True,,False,,,
1901403,FirstHalf,12,46.0,12,Pass,Successful,1290,Como,407944.0,Martin Baturina,49.4,86.7,36.2,80.2,,,,,"[{'type': {'displayName': 'PassEndX', 'value': 140}, 'value': '36.2'}, {'type': {'displayName': 'Length', 'value': 212}, 'value': '14.5'}, {'type': {'displayName': 'PassEndY', 'value': 141}, 'value': '80.2'}, {'type': {'displayName': 'Angle', 'value': 213}, 'value': '3.45'}, {'type': {'displayName': 'Zone', 'value': 56}, 'value': 'Back'}]",True,,False,,,
1901403,FirstHalf,12,48.0,12,Pass,Successful,1290,Como,134984.0,Diego Carlos,34.9,75.3,36.9,40.0,,,,,"[{'type': {'displayName': 'PassEndX', 'value': 140}, 'value': '36.9'}, {'type': {'displayName': 'Zone', 'value': 56}, 'value': 'Back'}, {'type': {'displayName': 'Angle', 'value': 213}, 'value': '4.80'}, {'type': {'displayName': 'Length', 'value': 212}, 'value': '24.1'}, {'type': {'displayName': 'PassEndY', 'value': 141}, 'value': '40.0'}]",True,,False,,,
1901403,FirstHalf,12,52.0,12,Pass,Successful,1290,Como,516374.0,Jacobo Ramón,38.8,35.4,41.2,18.1,,,,,"[{'type': {'displayName': 'Zone', 'value': 56}, 'value': 'Back'}, {'type': {'displayName': 'PassEndX', 'value': 140}, 'value': '41.2'}, {'type': {'displayName': 'Angle', 'value': 213}, 'value': '4.92'}, {'type': {'displayName': 'Length', 'value': 212}, 'value': '12.0'}, {'type': {'displayName': 'PassEndY', 'value': 141}, 'value': '18.1'}]",True,,False,,,
1901403,FirstHalf,12,55.0,12,Pass,Successful,1290,Como,379615.0,Lucas da Cunha,41.2,18.1,37.0,26.2,,,,,"[{'type': {'displayName': 'PassEndX', 'value': 140}, 'value': '37.0'}, {'type': {'displayName': 'Angle', 'value': 213}, 'value': '2.25'}, {'type': {'displayName': 'Zone', 'value': 56}, 'value': 'Back'}, {'type': {'displayName': 'PassEndY', 'value': 141}, 'value': '26.2'}, {'type': {'displayName': 'Length', 'value': 212}, 'value': '7.1'}]",True,,False,,,
1901403,FirstHalf,12,56.0,12,Pass,Successful,1290,Como,516374.0,Jacobo Ramón,37.1,25.3,37.5,13.0,,,,,"[{'type': {'displayName': 'PassEndY', 'value': 141}, 'value': '13.0'}, {'type': {'displayName': 'PassEndX', 'value': 140}, 'value': '37.5'}, {'type': {'displayName': 'Length', 'value': 212}, 'value': '8.4'}, {'type': {'displayName': 'Zone', 'value': 56}, 'value': 'Back'}, {'type': {'displayName': 'Angle', 'value': 213}, 'value': '4.76'}]",True,,False,,,
1901403,FirstHalf,12,57.0,12,Pass,Successful,1290,Como,379615.0,Lucas da Cunha,37.5,13.0,24.0,36.4,,,,,"[{'type': {'displayName': 'Zone', 'value': 56}, 'value': 'Back'}, {'type': {'displayName': 'PassEndY', 'value': 141}, 'value': '36.4'}, {'type': {'displayName': 'PassEndX', 'value': 140}, 'value': '24.0'}, {'type': {'displayName': 'Angle', 'value': 213}, 'value': '2.30'}, {'type': {'displayName': 'Length', 'value': 212}, 'value': '21.3'}]",True,,False,,,
1901403,FirstHalf,13,15.0,13,Pass,Successful,1290,Como,256536.0,Jean Butez,32.4,40.5,33.2,23.2,,,,,"[{'type': {'displayName': 'Zone', 'value': 56}, 'value': 'Back'}, {'type': {'displayName': 'Angle', 'value': 213}, 'value': '4.78'}, {'type': {'displayName': 'Length', 'value': 212}, 'value': '11.8'}, {'type': {'displayName': 'PassEndX', 'value': 140}, 'value': '33.2'}, {'type': {'displayName': 'PassEndY', 'value': 141}, 'value': '23.2'}]",True,,False,,,
1901403,FirstHalf,13,17.0,13,Pass,Successful,1290,Como,516374.0,Jacobo Ramón,32.1,22.3,36.0,7.9,,,,,"[{'type': {'displayName': 'Zone', 'value': 56}, 'value': 'Back'}, {'type': {'displayName': 'PassEndX', 'value': 140}, 'value': '36.0'}, {'type': {'displayName': 'Angle', 'value': 213}, 'value': '5.11'}, {'type': {'displayName': 'PassEndY', 'value': 141}, 'value': '7.9'}, {'type': {'displayName': 'Length', 'value': 212}, 'value': '10.6'}]",True,,False,,,
1901403,FirstHalf,13,18.0,13,Pass,Successful,1290,Como,531127.0,Ivan Smolcic,34.1,9.0,14.4,40.0,,,,,"[{'type': {'displayName': 'Angle', 'value': 213}, 'value': '2.35'}, {'type': {'displayName': 'Zone', 'value': 56}, 'value': 'Back'}, {'type': {'displayName': 'PassEndY', 'value': 141}, 'value': '40.0'}, {'type': {'displayName': 'Length', 'value': 212}, 'value': '29.5'}, {'type': {'displayName': 'PassEndX', 'value': 140}, 'value': '14.4'}]",True,,False,,,
1901403,FirstHalf,13,21.0,13,Pass,Successful,1290,Como,256536.0,Jean Butez,14.4,40.0,27.3,74.8,,,,,"[{'type': {'displayName': 'PassEndY', 'value': 141}, 'value': '74.8'}, {'type': {'displayName': 'PassEndX', 'value': 140}, 'value': '27.3'}, {'type': {'displayName': 'Length', 'value': 212}, 'value': '27.3'}, {'type': {'displayName': 'Angle', 'value': 213}, 'value': '1.05'}, {'type': {'displayName': 'Chipped', 'value': 155}}, {'type': {'displayName': 'Zone', 'value': 56}, 'value': 'Back'}]",True,,False,,,
1901403,FirstHalf,13,28.0,13,Pass,Successful,1290,Como,134984.0,Diego Carlos,54.9,69.4,64.2,88.5,,,,,"[{'type': {'displayName': 'PassEndY', 'value': 141}, 'value': '88.5'}, {'type': {'displayName': 'Angle', 'value': 213}, 'value': '0.93'}, {'type': {'displayName': 'Length', 'value': 212}, 'value': '16.2'}, {'type': {'displayName': 'PassEndX', 'value': 140}, 'value': '64.2'}, {'type': {'displayName': 'Zone', 'value': 56}, 'value': 'Left'}]",True,,False,,,
1901403,FirstHalf,13,30.0,13,Pass,Successful,1290,Como,407944.0,Martin Baturina,67.8,85.8,76.0,89.4,,,,,"[{'type': {'displayName': 'Zone', 'value': 56}, 'value': 'Left'}, {'type': {'displayName': 'Angle', 'value': 213}, 'value': '0.28'}, {'type': {'displayName': 'Length', 'value': 212}, 'value': '9.0'}, {'type': {'displayName': 'PassEndX', 'value': 140}, 'value': '76.0'}, {'type': {'displayName': 'PassEndY', 'value': 141}, 'value': '89.4'}]",True,,False,,,
1901403,FirstHalf,13,32.0,13,Pass,Successful,1290,Como,454341.0,Álex Valle,76.0,89.2,70.6,65.8,,,,,"[{'type': {'displayName': 'PassEndX', 'value': 140}, 'value': '70.6'}, {'type': {'displayName': 'Zone', 'value': 56}, 'value': 'Center'}, {'type': {'displayName': 'Angle', 'value': 213}, 'value': '4.37'}, {'type': {'displayName': 'Length', 'value': 212}, 'value': '16.9'}, {'type': {'displayName': 'PassEndY', 'value': 141}, 'value': '65.8'}]",True,,False,,,
1901403,FirstHalf,13,35.0,13,Pass,Successful,1290,Como,448659.0,Nico Paz,69.7,62.8,64.9,35.5,,,,,"[{'type': {'displayName': 'Length', 'value': 212}, 'value': '19.2'}, {'type': {'displayName': 'Angle', 'value': 213}, 'value': '4.45'}, {'type': {'displayName': 'PassEndX', 'value': 140}, 'value': '64.9'}, {'type': {'displayName': 'PassEndY', 'value': 141}, 'value': '35.5'}, {'type': {'displayName': 'Zone', 'value': 56}, 'value': 'Center'}]",True,,False,,,
1901403,FirstHalf,13,38.0,13,Pass,Successful,1290,Como,531127.0,Ivan Smolcic,64.9,35.5,79.6,2.7,,,,,"[{'type': {'displayName': 'Angle', 'value': 213}, 'value': '5.32'}, {'type': {'displayName': 'PassEndX', 'value': 140}, 'value': '79.6'}, {'type': {'displayName': 'Length', 'value': 212}, 'value': '27.1'}, {'type': {'displayName': 'Zone', 'value': 56}, 'value': 'Right'}, {'type': {'displayName': 'PassEndY', 'value': 141}, 'value': '2.7'}]",True,,False,,,
1901403,FirstHalf,13,44.0,13,Pass,Successful,1290,Como,502427.0,Assane Diao,88.6,12.6,80.4,17.4,,,,,"[{'type': {'displayName': 'Zone', 'value': 56}, 'value': 'Right'}, {'type': {'displayName': 'PassEndX', 'value': 140}, 'value': '80.4'}, {'type': {'displayName': 'Angle', 'value': 213}, 'value': '2.78'}, {'type': {'displayName': 'PassEndY', 'value': 141}, 'value': '17.4'}, {'type': {'displayName': 'Length', 'value': 212}, 'value': '9.2'}]",True,,False,,,
1901403,FirstHalf,13,46.0,13,Pass,Successful,1290,Como,379615.0,Lucas da Cunha,79.7,17.8,79.6,36.3,,,,,"[{'type': {'displayName': 'PassEndY', 'value': 141}, 'value': '36.3'}, {'type': {'displayName': 'PassEndX', 'value': 140}, 'value': '79.6'}, {'type': {'displayName': 'Length', 'value': 212}, 'value': '12.6'}, {'type': {'displayName': 'Angle', 'value': 213}, 'value': '1.58'}, {'type': {'displayName': 'Zone', 'value': 56}, 'value': 'Center'}]",True,,False,,,
1901403,FirstHalf,13,48.0,13,Pass,Successful,1290,Como,433972.0,Máximo Perrone,80.4,35.4,92.8,18.7,,,,,"[{'type': {'displayName': 'PassEndX', 'value': 140}, 'value': '92.8'}, {'type': {'displayName': 'Length', 'value': 212}, 'value': '17.3'}, {'type': {'displayName': 'Angle', 'value': 213}, 'value': '5.57'}, {'type': {'displayName': 'PassEndY', 'value': 141}, 'value': '18.7'}, {'type': {'displayName': 'Zone', 'value': 56}, 'value': 'Right'}]",True,,False,,,
1901403,FirstHalf,13,50.0,13,Pass,Unsuccessful,1290,Como,502427.0,Assane Diao,92.8,18.7,96.1,100.0,,,,,"[{'type': {'displayName': 'PassEndY', 'value': 141}, 'value': '100.0'}, {'type': {'displayName': 'RightFoot', 'value': 20}}, {'type': {'displayName': 'Chipped', 'value': 155}}, {'type': {'displayName': 'Longball', 'value': 1}}, {'type': {'displayName': 'Cross', 'value': 2}}, {'type': {'displayName': 'PassEndX', 'value': 140}, 'value': '96.1'}, {'type': {'displayName': 'Length', 'value': 212}, 'value': '55.9'}, {'type': {'displayName': 'Angle', 'value': 213}, 'value': '1.51'}, {'type': {'displayName': 'Zone', 'value': 56}, 'value': 'Left'}]",True,,False,,,
1901403,FirstHalf,14,27.0,14,Pass,Successful,276,Napoli,122683.0,Matteo Politano,14.1,0.0,17.4,10.2,,,,,"[{'type': {'displayName': 'Length', 'value': 212}, 'value': '8.3'}, {'type': {'displayName': 'Zone', 'value': 56}, 'value': 'Back'}, {'type': {'displayName': 'PassEndY', 'value': 141}, 'value': '10.2'}, {'type': {'displayName': 'Angle', 'value': 213}, 'value': '1.14'}, {'type': {'displayName': 'PassEndX', 'value': 140}, 'value': '17.4'}, {'type': {'displayName': 'ThrowIn', 'value': 107}}]",True,,False,,,
1901403,FirstHalf,14,28.0,14,Pass,Successful,276,Napoli,422739.0,Sam Beukema,17.4,10.2,12.8,5.7,,,,,"[{'type': {'displayName': 'Angle', 'value': 213}, 'value': '3.71'}, {'type': {'displayName': 'PassEndX', 'value': 140}, 'value': '12.8'}, {'type': {'displayName': 'Zone', 'value': 56}, 'value': 'Back'}, {'type': {'displayName': 'PassEndY', 'value': 141}, 'value': '5.7'}, {'type': {'displayName': 'Length', 'value': 212}, 'value': '5.7'}]",True,,False,,,
1901403,FirstHalf,14,29.0,14,Pass,Successful,276,Napoli,122683.0,Matteo Politano,12.8,5.7,27.8,13.5,,,,,"[{'type': {'displayName': 'Zone', 'value': 56}, 'value': 'Back'}, {'type': {'displayName': 'Angle', 'value': 213}, 'value': '0.32'}, {'type': {'displayName': 'PassEndX', 'value': 140}, 'value': '27.8'}, {'type': {'displayName': 'Length', 'value': 212}, 'value': '16.6'}, {'type': {'displayName': 'PassEndY', 'value': 141}, 'value': '13.5'}]",True,,False,,,
1901403,FirstHalf,14,32.0,14,Pass,Successful,276,Napoli,111892.0,Stanislav Lobotka,18.9,15.1,3.6,50.5,,,,,"[{'type': {'displayName': 'Angle', 'value': 213}, 'value': '2.16'}, {'type': {'displayName': 'PassEndX', 'value': 140}, 'value': '3.6'}, {'type': {'displayName': 'Length', 'value': 212}, 'value': '28.9'}, {'type': {'displayName': 'PassEndY', 'value': 141}, 'value': '50.5'}, {'type': {'displayName': 'Zone', 'value': 56}, 'value': 'Back'}]",True,,False,,,
1901403,FirstHalf,14,36.0,14,Pass,Successful,276,Napoli,149474.0,Vanja Milinkovic-Savic,3.0,50.5,36.8,96.1,,,,,"[{'type': {'displayName': 'Angle', 'value': 213}, 'value': '0.72'}, {'type': {'displayName': 'Zone', 'value': 56}, 'value': 'Back'}, {'type': {'displayName': 'Longball', 'value': 1}}, {'type': {'displayName': 'PassEndX', 'value': 140}, 'value': '36.8'}, {'type': {'displayName': 'PassEndY', 'value': 141}, 'value': '96.1'}, {'type': {'displayName': 'Length', 'value': 212}, 'value': '47.1'}]",True,,False,,,
1901403,FirstHalf,14,41.0,14,Pass,Successful,276,Napoli,395788.0,Miguel Gutiérrez,36.8,96.1,35.7,81.0,,,,,"[{'type': {'displayName': 'Angle', 'value': 213}, 'value': '4.60'}, {'type': {'displayName': 'Zone', 'value': 56}, 'value': 'Back'}, {'type': {'displayName': 'Length', 'value': 212}, 'value': '10.3'}, {'type': {'displayName': 'PassEndX', 'value': 140}, 'value': '35.7'}, {'type': {'displayName': 'PassEndY', 'value': 141}, 'value': '81.0'}]",True,,False,,,
1901403,FirstHalf,14,46.0,14,Pass,Successful,276,Napoli,336915.0,Scott McTominay,38.8,73.2,42.7,91.9,,,,,"[{'type': {'displayName': 'PassEndX', 'value': 140}, 'value': '42.7'}, {'type': {'displayName': 'PassEndY', 'value': 141}, 'value': '91.9'}, {'type': {'displayName': 'Zone', 'value': 56}, 'value': 'Back'}, {'type': {'displayName': 'Angle', 'value': 213}, 'value': '1.26'}, {'type': {'displayName': 'Length', 'value': 212}, 'value': '13.4'}]",True,,False,,,
1901403,FirstHalf,14,48.0,14,Pass,Successful,276,Napoli,333373.0,Alessandro Buongiorno,41.8,92.1,53.4,95.7,,,,,"[{'type': {'displayName': 'PassEndX', 'value': 140}, 'value': '53.4'}, {'type': {'displayName': 'PassEndY', 'value': 141}, 'value': '95.7'}, {'type': {'displayName': 'Length', 'value': 212}, 'value': '12.4'}, {'type': {'displayName': 'Zone', 'value': 56}, 'value': 'Left'}, {'type': {'displayName': 'Angle', 'value': 213}, 'value': '0.20'}]",True,,False,,,
1901403,FirstHalf,14,51.0,14,Foul,Successful,276,Napoli,557549.0,Alisson Santos,53.0,93.8,,,,,,,"[{'type': {'displayName': 'Zone', 'value': 56}, 'value': 'Left'}, {'type': {'displayName': 'OppositeRelatedEvent', 'value': 233}, 'value': '162'}, {'type': {'displayName': 'Foul', 'value': 13}}, {'type': {'displayName': 'Offensive', 'value': 286}}]",True,,False,,,
1901403,FirstHalf,14,51.0,14,Foul,Unsuccessful,1290,Como,531127.0,Ivan Smolcic,47.0,6.2,,,,,,,"[{'type': {'displayName': 'Zone', 'value': 56}, 'value': 'Back'}, {'type': {'displayName': 'StandingSave', 'value': 178}}, {'type': {'displayName': 'Foul', 'value': 13}}, {'type': {'displayName': 'OppositeRelatedEvent', 'value': 233}, 'value': '134'}, {'type': {'displayName': 'Defensive', 'value': 285}}]",False,,False,,,
1901403,FirstHalf,14,58.0,14,Pass,Successful,276,Napoli,333373.0,Alessandro Buongiorno,42.6,92.4,44.4,81.4,,,,,"[{'type': {'displayName': 'FreekickTaken', 'value': 5}}, {'type': {'displayName': 'Length', 'value': 212}, 'value': '7.7'}, {'type': {'displayName': 'Angle', 'value': 213}, 'value': '4.96'}, {'type': {'displayName': 'PassEndY', 'value': 141}, 'value': '81.4'}, {'type': {'displayName': 'Zone', 'value': 56}, 'value': 'Back'}, {'type': {'displayName': 'PassEndX', 'value': 140}, 'value': '44.4'}]",True,,False,,,
1901403,FirstHalf,15,1.0,15,Pass,Unsuccessful,276,Napoli,336915.0,Scott McTominay,45.9,71.2,100.0,13.2,,,,,"[{'type': {'displayName': 'Length', 'value': 212}, 'value': '70.5'}, {'type': {'displayName': 'Angle', 'value': 213}, 'value': '5.69'}, {'type': {'displayName': 'PassEndY', 'value': 141}, 'value': '13.2'}, {'type': {'displayName': 'Longball', 'value': 1}}, {'type': {'displayName': 'PassEndX', 'value': 140}, 'value': '100.0'}, {'type': {'displayName': 'Chipped', 'value': 155}}, {'type': {'displayName': 'Zone', 'value': 56}, 'value': 'Right'}]",True,,False,,,
1901403,FirstHalf,15,27.0,15,Pass,Successful,1290,Como,134984.0,Diego Carlos,5.0,63.0,3.0,50.1,,,,,"[{'type': {'displayName': 'PassEndX', 'value': 140}, 'value': '3.0'}, {'type': {'displayName': 'Length', 'value': 212}, 'value': '9.0'}, {'type': {'displayName': 'PassEndY', 'value': 141}, 'value': '50.1'}, {'type': {'displayName': 'Zone', 'value': 56}, 'value': 'Back'}, {'type': {'displayName': 'Angle', 'value': 213}, 'value': '4.48'}, {'type': {'displayName': 'GoalKick', 'value': 124}}]",True,,False,,,
1901403,FirstHalf,15,46.0,15,Pass,Successful,1290,Como,256536.0,Jean Butez,33.2,56.5,27.5,25.5,,,,,"[{'type': {'displayName': 'Zone', 'value': 56}, 'value': 'Back'}, {'type': {'displayName': 'PassEndY', 'value': 141}, 'value': '25.5'}, {'type': {'displayName': 'Length', 'value': 212}, 'value': '21.9'}, {'type': {'displayName': 'PassEndX', 'value': 140}, 'value': '27.5'}, {'type': {'displayName': 'Angle', 'value': 213}, 'value': '4.44'}]",True,,False,,,
1901403,FirstHalf,15,51.0,15,Pass,Successful,1290,Como,516374.0,Jacobo Ramón,33.3,23.7,59.8,27.3,,,,,"[{'type': {'displayName': 'Zone', 'value': 56}, 'value': 'Center'}, {'type': {'displayName': 'Angle', 'value': 213}, 'value': '0.09'}, {'type': {'displayName': 'PassEndY', 'value': 141}, 'value': '27.3'}, {'type': {'displayName': 'PassEndX', 'value': 140}, 'value': '59.8'}, {'type': {'displayName': 'Length', 'value': 212}, 'value': '27.9'}]",True,,False,,,
1901403,FirstHalf,15,53.0,15,Pass,Successful,1290,Como,407944.0,Martin Baturina,59.6,27.6,50.4,40.2,,,,,"[{'type': {'displayName': 'Length', 'value': 212}, 'value': '12.9'}, {'type': {'displayName': 'PassEndX', 'value': 140}, 'value': '50.4'}, {'type': {'displayName': 'PassEndY', 'value': 141}, 'value': '40.2'}, {'type': {'displayName': 'Angle', 'value': 213}, 'value': '2.42'}, {'type': {'displayName': 'Zone', 'value': 56}, 'value': 'Center'}]",True,,False,,,
1901403,FirstHalf,15,58.0,15,Pass,Successful,1290,Como,379615.0,Lucas da Cunha,57.0,41.5,53.6,81.3,,,,,"[{'type': {'displayName': 'PassEndY', 'value': 141}, 'value': '81.3'}, {'type': {'displayName': 'PassEndX', 'value': 140}, 'value': '53.6'}, {'type': {'displayName': 'Length', 'value': 212}, 'value': '27.3'}, {'type': {'displayName': 'Zone', 'value': 56}, 'value': 'Left'}, {'type': {'displayName': 'Angle', 'value': 213}, 'value': '1.70'}]",True,,False,,,
1901403,FirstHalf,16,1.0,16,Pass,Successful,1290,Como,134984.0,Diego Carlos,56.0,82.8,53.7,64.2,,,,,"[{'type': {'displayName': 'Length', 'value': 212}, 'value': '12.9'}, {'type': {'displayName': 'Angle', 'value': 213}, 'value': '4.52'}, {'type': {'displayName': 'Zone', 'value': 56}, 'value': 'Center'}, {'type': {'displayName': 'PassEndY', 'value': 141}, 'value': '64.2'}, {'type': {'displayName': 'PassEndX', 'value': 140}, 'value': '53.7'}]",True,,False,,,
1901403,FirstHalf,16,3.0,16,Pass,Successful,1290,Como,433972.0,Máximo Perrone,53.7,63.9,53.2,16.0,,,,,"[{'type': {'displayName': 'PassEndX', 'value': 140}, 'value': '53.2'}, {'type': {'displayName': 'Zone', 'value': 56}, 'value': 'Right'}, {'type': {'displayName': 'Angle', 'value': 213}, 'value': '4.70'}, {'type': {'displayName': 'Longball', 'value': 1}}, {'type': {'displayName': 'Length', 'value': 212}, 'value': '32.6'}, {'type': {'displayName': 'PassEndY', 'value': 141}, 'value': '16.0'}]",True,,False,,,
1901403,FirstHalf,16,5.0,16,Pass,Successful,1290,Como,531127.0,Ivan Smolcic,54.3,15.4,62.5,6.9,,,,,"[{'type': {'displayName': 'PassEndX', 'value': 140}, 'value': '62.5'}, {'type': {'displayName': 'Zone', 'value': 56}, 'value': 'Right'}, {'type': {'displayName': 'ShotAssist', 'value': 210}, 'value': '15'}, {'type': {'displayName': 'PassEndY', 'value': 141}, 'value': '6.9'}, {'type': {'displayName': 'Length', 'value': 212}, 'value': '10.4'}, {'type': {'displayName': 'Angle', 'value': 213}, 'value': '5.69'}, {'type': {'displayName': 'KeyPass', 'value': 11113}}]",True,,False,,,
1901403,FirstHalf,16,15.0,16,SavedShot,Successful,1290,Como,502427.0,Assane Diao,85.7,22.3,,,46.7,7.6,98.1,47.1,"[{'type': {'displayName': 'RelatedEventId', 'value': 55}, 'value': '171'}, {'type': {'displayName': 'LeftFoot', 'value': 72}}, {'type': {'displayName': 'BlockedX', 'value': 146}, 'value': '98.1'}, {'type': {'displayName': 'BlockedY', 'value': 147}, 'value': '47.1'}, {'type': {'displayName': 'RegularPlay', 'value': 22}}, {'type': {'displayName': 'GoalMouthY', 'value': 102}, 'value': '46.7'}, {'type': {'displayName': 'Zone', 'value': 56}, 'value': 'Center'}, {'type': {'displayName': 'IndividualPlay', 'value': 215}}, {'type': {'displayName': 'Assisted', 'value': 29}}, {'type': {'displayName': 'OppositeRelatedEvent', 'value': 233}, 'value': '138'}, {'type': {'displayName': 'LowRight', 'value': 80}}, {'type': {'displayName': 'GoalMouthZ', 'value': 103}, 'value': '7.6'}, {'type': {'displayName': 'BoxRight', 'value': 63}}]",True,True,False,,171.0,531127.0
1901403,FirstHalf,16,15.0,16,Save,Successful,276,Napoli,149474.0,Vanja Milinkovic-Savic,1.0,54.3,,,,,,,"[{'type': {'displayName': 'OppositeRelatedEvent', 'value': 233}, 'value': '172'}, {'type': {'displayName': 'Hands', 'value': 182}}, {'type': {'displayName': 'Zone', 'value': 56}, 'value': 'Back'}, {'type': {'displayName': 'Collected', 'value': 177}}, {'type': {'displayName': 'KeeperSaveInTheBox', 'value': 11115}}]",True,,False,,,
1901403,FirstHalf,16,16.0,16,KeeperPickup,Successful,276,Napoli,149474.0,Vanja Milinkovic-Savic,1.0,54.3,,,,,,,[],False,,False,,,
1901403,FirstHalf,16,31.0,16,Pass,Successful,276,Napoli,149474.0,Vanja Milinkovic-Savic,10.8,60.7,21.8,88.5,,,,,"[{'type': {'displayName': 'PassEndY', 'value': 141}, 'value': '88.5'}, {'type': {'displayName': 'Angle', 'value': 213}, 'value': '1.02'}, {'type': {'displayName': 'Length', 'value': 212}, 'value': '22.2'}, {'type': {'displayName': 'KeeperThrow', 'value': 123}}, {'type': {'displayName': 'PassEndX', 'value': 140}, 'value': '21.8'}, {'type': {'displayName': 'Zone', 'value': 56}, 'value': 'Back'}]",True,,False,,,
1901403,FirstHalf,16,33.0,16,Pass,Successful,276,Napoli,395788.0,Miguel Gutiérrez,21.0,88.8,42.7,75.1,,,,,"[{'type': {'displayName': 'Zone', 'value': 56}, 'value': 'Back'}, {'type': {'displayName': 'PassEndX', 'value': 140}, 'value': '42.7'}, {'type': {'displayName': 'PassEndY', 'value': 141}, 'value': '75.1'}, {'type': {'displayName': 'Angle', 'value': 213}, 'value': '5.90'}, {'type': {'displayName': 'Length', 'value': 212}, 'value': '24.6'}]",True,,False,,,
1901403,FirstHalf,16,35.0,16,Pass,Successful,276,Napoli,73084.0,Kevin De Bruyne,41.4,73.6,62.7,86.8,,,,,"[{'type': {'displayName': 'Angle', 'value': 213}, 'value': '0.38'}, {'type': {'displayName': 'Length', 'value': 212}, 'value': '24.1'}, {'type': {'displayName': 'PassEndY', 'value': 141}, 'value': '86.8'}, {'type': {'displayName': 'Zone', 'value': 56}, 'value': 'Left'}, {'type': {'displayName': 'PassEndX', 'value': 140}, 'value': '62.7'}]",True,,False,,,
1901403,FirstHalf,16,43.0,16,Pass,Successful,276,Napoli,336915.0,Scott McTominay,82.2,74.1,99.3,75.7,,,,,"[{'type': {'displayName': 'Length', 'value': 212}, 'value': '18.0'}, {'type': {'displayName': 'PassEndX', 'value': 140}, 'value': '99.3'}, {'type': {'displayName': 'PassEndY', 'value': 141}, 'value': '75.7'}, {'type': {'displayName': 'Angle', 'value': 213}, 'value': '0.06'}, {'type': {'displayName': 'Zone', 'value': 56}, 'value': 'Center'}]",True,,False,,,
1901403,FirstHalf,16,46.0,16,Pass,Unsuccessful,276,Napoli,557549.0,Alisson Santos,99.2,76.0,99.1,74.2,,,,,"[{'type': {'displayName': 'Length', 'value': 212}, 'value': '1.2'}, {'type': {'displayName': 'OppositeRelatedEvent', 'value': 233}, 'value': '173'}, {'type': {'displayName': 'PassEndY', 'value': 141}, 'value': '74.2'}, {'type': {'displayName': 'Angle', 'value': 213}, 'value': '4.63'}, {'type': {'displayName': 'PassEndX', 'value': 140}, 'value': '99.1'}, {'type': {'displayName': 'Offensive', 'value': 286}}, {'type': {'displayName': 'Zone', 'value': 56}, 'value': 'Center'}]",True,,False,,,
1901403,FirstHalf,16,46.0,16,BlockedPass,Successful,1290,Como,516374.0,Jacobo Ramón,0.9,25.8,,,,,,,"[{'type': {'displayName': 'Defensive', 'value': 285}}, {'type': {'displayName': 'OppositeRelatedEvent', 'value': 233}, 'value': '142'}, {'type': {'displayName': 'Zone', 'value': 56}, 'value': 'Back'}]",True,,False,,,
1901403,FirstHalf,16,48.0,16,CornerAwarded,Successful,276,Napoli,557549.0,Alisson Santos,97.5,71.6,,,,,,,"[{'type': {'displayName': 'MissLeft', 'value': 73}}, {'type': {'displayName': 'OppositeRelatedEvent', 'value': 233}, 'value': '174'}, {'type': {'displayName': 'Zone', 'value': 56}, 'value': 'Center'}]",False,,False,,,
1901403,FirstHalf,16,48.0,16,CornerAwarded,Unsuccessful,1290,Como,516374.0,Jacobo Ramón,2.5,28.4,,,,,,,"[{'type': {'displayName': 'OppositeRelatedEvent', 'value': 233}, 'value': '143'}, {'type': {'displayName': 'Zone', 'value': 56}, 'value': 'Back'}, {'type': {'displayName': 'MissLeft', 'value': 73}}]",False,,False,,,
1901403,FirstHalf,17,25.0,17,Pass,Successful,276,Napoli,73084.0,Kevin De Bruyne,99.3,99.7,96.4,52.4,,,,,"[{'type': {'displayName': 'CornerTaken', 'value': 6}}, {'type': {'displayName': 'Angle', 'value': 213}, 'value': '4.62'}, {'type': {'displayName': 'Chipped', 'value': 155}}, {'type': {'displayName': 'RightFoot', 'value': 20}}, {'type': {'displayName': 'Longball', 'value': 1}}, {'type': {'displayName': 'ShotAssist', 'value': 210}, 'value': '13'}, {'type': {'displayName': 'PassEndX', 'value': 140}, 'value': '96.4'}, {'type': {'displayName': 'Cross', 'value': 2}}, {'type': {'displayName': 'Length', 'value': 212}, 'value': '32.3'}, {'type': {'displayName': 'PassEndY', 'value': 141}, 'value': '52.4'}, {'type': {'displayName': 'Zone', 'value': 56}, 'value': 'Center'}, {'type': {'displayName': 'IntentionalAssist', 'value': 154}}, {'type': {'displayName': 'BigChanceCreated', 'value': 11112}}, {'type': {'displayName': 'KeyPass', 'value': 11113}}]",True,,False,,,
1901403,FirstHalf,17,27.0,17,Aerial,Successful,276,Napoli,336915.0,Scott McTominay,96.4,52.4,,,,,,,"[{'type': {'displayName': 'Offensive', 'value': 286}}, {'type': {'displayName': 'OppositeRelatedEvent', 'value': 233}, 'value': '175'}, {'type': {'displayName': 'Zone', 'value': 56}, 'value': 'Center'}]",False,,False,,,
1901403,FirstHalf,17,27.0,17,Aerial,Unsuccessful,1290,Como,134984.0,Diego Carlos,3.6,47.6,,,,,,,"[{'type': {'displayName': 'Defensive', 'value': 285}}, {'type': {'displayName': 'OppositeRelatedEvent', 'value': 233}, 'value': '147'}, {'type': {'displayName': 'Zone', 'value': 56}, 'value': 'Back'}]",False,,False,,,
1901403,FirstHalf,17,28.0,17,MissedShots,Successful,276,Napoli,336915.0,Scott McTominay,96.4,52.4,,,58.0,54.2,,,"[{'type': {'displayName': 'IntentionalAssist', 'value': 154}}, {'type': {'displayName': 'BigChance', 'value': 214}}, {'type': {'displayName': 'FirstTouch', 'value': 328}}, {'type': {'displayName': 'GoalMouthZ', 'value': 103}, 'value': '54.2'}, {'type': {'displayName': 'Assisted', 'value': 29}}, {'type': {'displayName': 'Head', 'value': 15}}, {'type': {'displayName': 'Zone', 'value': 56}, 'value': 'Center'}, {'type': {'displayName': 'RelatedEventId', 'value': 55}, 'value': '144'}, {'type': {'displayName': 'SmallBoxCentre', 'value': 16}}, {'type': {'displayName': 'GoalMouthY', 'value': 102}, 'value': '58.0'}, {'type': {'displayName': 'FromCorner', 'value': 25}}]",True,True,False,,144.0,73084.0
1901403,FirstHalf,18,2.0,18,Pass,Successful,1290,Como,134984.0,Diego Carlos,3.9,59.2,4.3,43.6,,,,,"[{'type': {'displayName': 'Length', 'value': 212}, 'value': '10.6'}, {'type': {'displayName': 'Angle', 'value': 213}, 'value': '4.75'}, {'type': {'displayName': 'PassEndY', 'value': 141}, 'value': '43.6'}, {'type': {'displayName': 'GoalKick', 'value': 124}}, {'type': {'displayName': 'Zone', 'value': 56}, 'value': 'Back'}, {'type': {'displayName': 'PassEndX', 'value': 140}, 'value': '4.3'}]",True,,False,,,
1901403,FirstHalf,18,23.0,18,Pass,Unsuccessful,1290,Como,256536.0,Jean Butez,35.1,53.8,34.7,0.0,,,,,"[{'type': {'displayName': 'Angle', 'value': 213}, 'value': '4.70'}, {'type': {'displayName': 'Longball', 'value': 1}}, {'type': {'displayName': 'PassEndY', 'value': 141}, 'value': '0.0'}, {'type': {'displayName': 'Length', 'value': 212}, 'value': '37.3'}, {'type': {'displayName': 'PassEndX', 'value': 140}, 'value': '34.7'}, {'type': {'displayName': 'Zone', 'value': 56}, 'value': 'Back'}]",True,,False,,,
1901403,FirstHalf,18,42.0,18,Pass,Successful,276,Napoli,395788.0,Miguel Gutiérrez,62.1,100.0,69.5,84.3,,,,,"[{'type': {'displayName': 'Length', 'value': 212}, 'value': '14.2'}, {'type': {'displayName': 'ThrowIn', 'value': 107}}, {'type': {'displayName': 'Angle', 'value': 213}, 'value': '5.29'}, {'type': {'displayName': 'PassEndX', 'value': 140}, 'value': '69.5'}, {'type': {'displayName': 'Zone', 'value': 56}, 'value': 'Left'}, {'type': {'displayName': 'PassEndY', 'value': 141}, 'value': '84.3'}]",True,,False,,,
1901403,FirstHalf,18,45.0,18,Dispossessed,Successful,276,Napoli,439584.0,Rasmus Højlund,69.0,76.6,,,,,,,"[{'type': {'displayName': 'Zone', 'value': 56}, 'value': 'Center'}, {'type': {'displayName': 'OppositeRelatedEvent', 'value': 233}, 'value': '180'}, {'type': {'displayName': 'Offensive', 'value': 286}}]",True,,False,,,
1901403,FirstHalf,18,45.0,18,Tackle,Successful,1290,Como,516374.0,Jacobo Ramón,31.0,23.4,,,,,,,"[{'type': {'displayName': 'Zone', 'value': 56}, 'value': 'Back'}, {'type': {'displayName': 'OppositeRelatedEvent', 'value': 233}, 'value': '150'}, {'type': {'displayName': 'StandingSave', 'value': 178}}, {'type': {'displayName': 'Defensive', 'value': 285}}]",True,,False,,,
1901403,FirstHalf,18,48.0,18,BallRecovery,Successful,1290,Como,422873.0,Tasos Douvikas,48.7,39.9,,,,,,,[],False,,False,,,
1901403,FirstHalf,18,50.0,18,BallTouch,Successful,1290,Como,422873.0,Tasos Douvikas,49.1,39.7,,,,,,,"[{'type': {'displayName': 'Zone', 'value': 56}, 'value': 'Back'}]",True,,False,,,
1901403,FirstHalf,18,51.0,18,Pass,Successful,1290,Como,407944.0,Martin Baturina,50.7,39.1,62.0,30.1,,,,,"[{'type': {'displayName': 'PassEndY', 'value': 141}, 'value': '30.1'}, {'type': {'displayName': 'Zone', 'value': 56}, 'value': 'Center'}, {'type': {'displayName': 'PassEndX', 'value': 140}, 'value': '62.0'}, {'type': {'displayName': 'Length', 'value': 212}, 'value': '13.4'}, {'type': {'displayName': 'Angle', 'value': 213}, 'value': '5.81'}]",True,,False,,,
1901403,FirstHalf,18,54.0,18,Pass,Successful,1290,Como,448659.0,Nico Paz,68.2,19.9,82.3,7.0,,,,,"[{'type': {'displayName': 'PassEndY', 'value': 141}, 'value': '7.0'}, {'type': {'displayName': 'Length', 'value': 212}, 'value': '17.2'}, {'type': {'displayName': 'Angle', 'value': 213}, 'value': '5.75'}, {'type': {'displayName': 'Zone', 'value': 56}, 'value': 'Right'}, {'type': {'displayName': 'PassEndX', 'value': 140}, 'value': '82.3'}]",True,,False,,,
1901403,FirstHalf,19,1.0,19,Pass,Successful,1290,Como,502427.0,Assane Diao,82.5,9.0,69.4,21.7,,,,,"[{'type': {'displayName': 'Angle', 'value': 213}, 'value': '2.58'}, {'type': {'displayName': 'Length', 'value': 212}, 'value': '16.2'}, {'type': {'displayName': 'PassEndY', 'value': 141}, 'value': '21.7'}, {'type': {'displayName': 'Zone', 'value': 56}, 'value': 'Center'}, {'type': {'displayName': 'PassEndX', 'value': 140}, 'value': '69.4'}]",True,,False,,,
1901403,FirstHalf,19,3.0,19,Pass,Successful,1290,Como,379615.0,Lucas da Cunha,69.3,20.8,84.1,5.8,,,,,"[{'type': {'displayName': 'PassEndX', 'value': 140}, 'value': '84.1'}, {'type': {'displayName': 'Angle', 'value': 213}, 'value': '5.70'}, {'type': {'displayName': 'Zone', 'value': 56}, 'value': 'Right'}, {'type': {'displayName': 'PassEndY', 'value': 141}, 'value': '5.8'}, {'type': {'displayName': 'Length', 'value': 212}, 'value': '18.6'}]",True,,False,,,
1901403,FirstHalf,19,5.0,19,Pass,Unsuccessful,1290,Como,531127.0,Ivan Smolcic,85.5,4.8,90.8,44.2,,,,,"[{'type': {'displayName': 'PassEndY', 'value': 141}, 'value': '44.2'}, {'type': {'displayName': 'Angle', 'value': 213}, 'value': '1.37'}, {'type': {'displayName': 'PassEndX', 'value': 140}, 'value': '90.8'}, {'type': {'displayName': 'RightFoot', 'value': 20}}, {'type': {'displayName': 'Length', 'value': 212}, 'value': '27.4'}, {'type': {'displayName': 'Cross', 'value': 2}}, {'type': {'displayName': 'Zone', 'value': 56}, 'value': 'Center'}, {'type': {'displayName': 'Chipped', 'value': 155}}]",True,,False,,,
1901403,FirstHalf,19,7.0,19,Clearance,Successful,276,Napoli,295358.0,Amir Rrahmani,7.7,59.9,9.0,61.7,,,,,"[{'type': {'displayName': 'PassEndX', 'value': 140}, 'value': '9.0'}, {'type': {'displayName': 'Angle', 'value': 213}, 'value': '0.73'}, {'type': {'displayName': 'Zone', 'value': 56}, 'value': 'Back'}, {'type': {'displayName': 'PassEndY', 'value': 141}, 'value': '61.7'}, {'type': {'displayName': 'Length', 'value': 212}, 'value': '1.8'}]",True,,False,,,
1901403,FirstHalf,19,8.0,19,BallTouch,Successful,1290,Como,422873.0,Tasos Douvikas,91.4,41.5,,,,,,,"[{'type': {'displayName': 'Zone', 'value': 56}, 'value': 'Center'}]",True,,False,,,
1901403,FirstHalf,19,40.0,19,Pass,Successful,276,Napoli,395788.0,Miguel Gutiérrez,1.9,100.0,17.4,93.7,,,,,"[{'type': {'displayName': 'PassEndY', 'value': 141}, 'value': '93.7'}, {'type': {'displayName': 'Length', 'value': 212}, 'value': '17.2'}, {'type': {'displayName': 'ThrowIn', 'value': 107}}, {'type': {'displayName': 'PassEndX', 'value': 140}, 'value': '17.4'}, {'type': {'displayName': 'Zone', 'value': 56}, 'value': 'Back'}, {'type': {'displayName': 'Angle', 'value': 213}, 'value': '5.96'}]",True,,False,,,
1901403,FirstHalf,19,42.0,19,Foul,Successful,276,Napoli,557549.0,Alisson Santos,17.8,93.7,,,,,,,"[{'type': {'displayName': 'Zone', 'value': 56}, 'value': 'Back'}, {'type': {'displayName': 'Foul', 'value': 13}}, {'type': {'displayName': 'Defensive', 'value': 285}}, {'type': {'displayName': 'OppositeRelatedEvent', 'value': 233}, 'value': '190'}]",True,,False,,,
1901403,FirstHalf,19,42.0,19,Foul,Unsuccessful,1290,Como,531127.0,Ivan Smolcic,82.2,6.3,,,,,,,"[{'type': {'displayName': 'Foul', 'value': 13}}, {'type': {'displayName': 'StandingSave', 'value': 178}}, {'type': {'displayName': 'Zone', 'value': 56}, 'value': 'Right'}, {'type': {'displayName': 'Offensive', 'value': 286}}, {'type': {'displayName': 'OppositeRelatedEvent', 'value': 233}, 'value': '154'}]",False,,False,,,
1901403,FirstHalf,20,4.0,20,Pass,Successful,276,Napoli,395788.0,Miguel Gutiérrez,16.6,93.7,20.9,78.4,,,,,"[{'type': {'displayName': 'Zone', 'value': 56}, 'value': 'Back'}, {'type': {'displayName': 'Angle', 'value': 213}, 'value': '5.12'}, {'type': {'displayName': 'PassEndX', 'value': 140}, 'value': '20.9'}, {'type': {'displayName': 'FreekickTaken', 'value': 5}}, {'type': {'displayName': 'Length', 'value': 212}, 'value': '11.3'}, {'type': {'displayName': 'PassEndY', 'value': 141}, 'value': '78.4'}]",True,,False,,,
1901403,FirstHalf,20,5.0,20,Pass,Successful,276,Napoli,336915.0,Scott McTominay,13.5,76.8,3.3,64.0,,,,,"[{'type': {'displayName': 'PassEndY', 'value': 141}, 'value': '64.0'}, {'type': {'displayName': 'Angle', 'value': 213}, 'value': '3.82'}, {'type': {'displayName': 'Length', 'value': 212}, 'value': '13.8'}, {'type': {'displayName': 'Zone', 'value': 56}, 'value': 'Back'}, {'type': {'displayName': 'PassEndX', 'value': 140}, 'value': '3.3'}]",True,,False,,,
1901403,FirstHalf,20,8.0,20,Pass,Unsuccessful,276,Napoli,149474.0,Vanja Milinkovic-Savic,3.3,64.0,34.2,100.0,,,,,"[{'type': {'displayName': 'Angle', 'value': 213}, 'value': '0.65'}, {'type': {'displayName': 'Zone', 'value': 56}, 'value': 'Back'}, {'type': {'displayName': 'Chipped', 'value': 155}}, {'type': {'displayName': 'Longball', 'value': 1}}, {'type': {'displayName': 'Length', 'value': 212}, 'value': '40.9'}, {'type': {'displayName': 'PassEndX', 'value': 140}, 'value': '34.2'}, {'type': {'displayName': 'PassEndY', 'value': 141}, 'value': '100.0'}]",True,,False,,,
1901403,FirstHalf,20,17.0,20,Pass,Successful,1290,Como,531127.0,Ivan Smolcic,56.8,0.0,42.2,10.0,,,,,"[{'type': {'displayName': 'ThrowIn', 'value': 107}}, {'type': {'displayName': 'Length', 'value': 212}, 'value': '17.1'}, {'type': {'displayName': 'Zone', 'value': 56}, 'value': 'Back'}, {'type': {'displayName': 'PassEndY', 'value': 141}, 'value': '10.0'}, {'type': {'displayName': 'Angle', 'value': 213}, 'value': '2.68'}, {'type': {'displayName': 'PassEndX', 'value': 140}, 'value': '42.2'}]",True,,False,,,
1901403,FirstHalf,20,20.0,20,Pass,Successful,1290,Como,516374.0,Jacobo Ramón,42.2,9.6,37.0,48.7,,,,,"[{'type': {'displayName': 'PassEndX', 'value': 140}, 'value': '37.0'}, {'type': {'displayName': 'Angle', 'value': 213}, 'value': '1.77'}, {'type': {'displayName': 'PassEndY', 'value': 141}, 'value': '48.7'}, {'type': {'displayName': 'Zone', 'value': 56}, 'value': 'Back'}, {'type': {'displayName': 'Length', 'value': 212}, 'value': '27.1'}]",True,,False,,,
1901403,FirstHalf,20,24.0,20,Pass,Successful,1290,Como,134984.0,Diego Carlos,37.4,51.9,40.7,40.5,,,,,"[{'type': {'displayName': 'Zone', 'value': 56}, 'value': 'Back'}, {'type': {'displayName': 'Angle', 'value': 213}, 'value': '5.13'}, {'type': {'displayName': 'PassEndY', 'value': 141}, 'value': '40.5'}, {'type': {'displayName': 'PassEndX', 'value': 140}, 'value': '40.7'}, {'type': {'displayName': 'Length', 'value': 212}, 'value': '8.5'}]",True,,False,,,
1901403,FirstHalf,20,26.0,20,Pass,Successful,1290,Como,433972.0,Máximo Perrone,40.7,40.5,44.9,20.5,,,,,"[{'type': {'displayName': 'PassEndX', 'value': 140}, 'value': '44.9'}, {'type': {'displayName': 'Angle', 'value': 213}, 'value': '5.03'}, {'type': {'displayName': 'Zone', 'value': 56}, 'value': 'Back'}, {'type': {'displayName': 'Length', 'value': 212}, 'value': '14.3'}, {'type': {'displayName': 'PassEndY', 'value': 141}, 'value': '20.5'}]",True,,False,,,
1901403,FirstHalf,20,30.0,20,Pass,Successful,1290,Como,516374.0,Jacobo Ramón,51.9,17.4,48.1,6.3,,,,,"[{'type': {'displayName': 'PassEndX', 'value': 140}, 'value': '48.1'}, {'type': {'displayName': 'PassEndY', 'value': 141}, 'value': '6.3'}, {'type': {'displayName': 'Angle', 'value': 213}, 'value': '4.23'}, {'type': {'displayName': 'Length', 'value': 212}, 'value': '8.5'}, {'type': {'displayName': 'Zone', 'value': 56}, 'value': 'Back'}]",True,,False,,,
1901403,FirstHalf,20,34.0,20,Pass,Successful,1290,Como,531127.0,Ivan Smolcic,48.1,6.3,30.5,43.3,,,,,"[{'type': {'displayName': 'Length', 'value': 212}, 'value': '31.2'}, {'type': {'displayName': 'PassEndY', 'value': 141}, 'value': '43.3'}, {'type': {'displayName': 'Angle', 'value': 213}, 'value': '2.20'}, {'type': {'displayName': 'PassEndX', 'value': 140}, 'value': '30.5'}, {'type': {'displayName': 'Zone', 'value': 56}, 'value': 'Back'}]",True,,False,,,
1901403,FirstHalf,20,45.0,20,Pass,Successful,1290,Como,256536.0,Jean Butez,36.2,48.0,66.6,87.3,,,,,"[{'type': {'displayName': 'Chipped', 'value': 155}}, {'type': {'displayName': 'PassEndY', 'value': 141}, 'value': '87.3'}, {'type': {'displayName': 'Zone', 'value': 56}, 'value': 'Left'}, {'type': {'displayName': 'PassEndX', 'value': 140}, 'value': '66.6'}, {'type': {'displayName': 'Length', 'value': 212}, 'value': '41.6'}, {'type': {'displayName': 'Angle', 'value': 213}, 'value': '0.70'}, {'type': {'displayName': 'Longball', 'value': 1}}]",True,,False,,,
1901403,FirstHalf,20,48.0,20,BallTouch,Unsuccessful,1290,Como,454341.0,Álex Valle,68.2,88.6,,,,,,,"[{'type': {'displayName': 'Zone', 'value': 56}, 'value': 'Left'}]",True,,False,,,
1901403,FirstHalf,20,48.0,20,Pass,Unsuccessful,276,Napoli,422739.0,Sam Beukema,26.3,5.5,29.8,5.7,,,,,"[{'type': {'displayName': 'OppositeRelatedEvent', 'value': 233}, 'value': '200'}, {'type': {'displayName': 'Zone', 'value': 56}, 'value': 'Back'}, {'type': {'displayName': 'PassEndX', 'value': 140}, 'value': '29.8'}, {'type': {'displayName': 'Offensive', 'value': 286}}, {'type': {'displayName': 'PassEndY', 'value': 141}, 'value': '5.7'}, {'type': {'displayName': 'Angle', 'value': 213}, 'value': '0.04'}, {'type': {'displayName': 'Length', 'value': 212}, 'value': '3.7'}]",True,,False,,,
1901403,FirstHalf,20,48.0,20,BlockedPass,Successful,1290,Como,454341.0,Álex Valle,70.2,94.3,,,,,,,"[{'type': {'displayName': 'Zone', 'value': 56}, 'value': 'Left'}, {'type': {'displayName': 'OppositeRelatedEvent', 'value': 233}, 'value': '159'}, {'type': {'displayName': 'Defensive', 'value': 285}}]",True,,False,,,
1901403,FirstHalf,21,6.0,21,Pass,Successful,276,Napoli,122683.0,Matteo Politano,27.5,0.0,12.6,7.8,,,,,"[{'type': {'displayName': 'PassEndX', 'value': 140}, 'value': '12.6'}, {'type': {'displayName': 'PassEndY', 'value': 141}, 'value': '7.8'}, {'type': {'displayName': 'Length', 'value': 212}, 'value': '16.9'}, {'type': {'displayName': 'Angle', 'value': 213}, 'value': '2.75'}, {'type': {'displayName': 'Zone', 'value': 56}, 'value': 'Back'}, {'type': {'displayName': 'ThrowIn', 'value': 107}}]",True,,False,,,
1901403,FirstHalf,21,8.0,21,Pass,Successful,276,Napoli,422739.0,Sam Beukema,12.6,7.8,4.6,45.9,,,,,"[{'type': {'displayName': 'PassEndY', 'value': 141}, 'value': '45.9'}, {'type': {'displayName': 'PassEndX', 'value': 140}, 'value': '4.6'}, {'type': {'displayName': 'Length', 'value': 212}, 'value': '27.2'}, {'type': {'displayName': 'Zone', 'value': 56}, 'value': 'Back'}, {'type': {'displayName': 'Angle', 'value': 213}, 'value': '1.88'}]",True,,False,,,
1901403,FirstHalf,21,12.0,21,Pass,Successful,276,Napoli,149474.0,Vanja Milinkovic-Savic,4.7,47.4,11.5,80.8,,,,,"[{'type': {'displayName': 'PassEndX', 'value': 140}, 'value': '11.5'}, {'type': {'displayName': 'Zone', 'value': 56}, 'value': 'Back'}, {'type': {'displayName': 'Angle', 'value': 213}, 'value': '1.27'}, {'type': {'displayName': 'PassEndY', 'value': 141}, 'value': '80.8'}, {'type': {'displayName': 'Length', 'value': 212}, 'value': '23.8'}]",True,,False,,,
1901403,FirstHalf,21,18.0,21,Pass,Successful,276,Napoli,333373.0,Alessandro Buongiorno,25.1,81.3,31.9,96.9,,,,,"[{'type': {'displayName': 'PassEndY', 'value': 141}, 'value': '96.9'}, {'type': {'displayName': 'Angle', 'value': 213}, 'value': '0.98'}, {'type': {'displayName': 'Zone', 'value': 56}, 'value': 'Back'}, {'type': {'displayName': 'PassEndX', 'value': 140}, 'value': '31.9'}, {'type': {'displayName': 'Length', 'value': 212}, 'value': '12.8'}]",True,,False,,,
1901403,FirstHalf,21,21.0,21,Pass,Successful,276,Napoli,395788.0,Miguel Gutiérrez,27.6,88.2,4.4,68.5,,,,,"[{'type': {'displayName': 'Zone', 'value': 56}, 'value': 'Back'}, {'type': {'displayName': 'Angle', 'value': 213}, 'value': '3.64'}, {'type': {'displayName': 'PassEndY', 'value': 141}, 'value': '68.5'}, {'type': {'displayName': 'Length', 'value': 212}, 'value': '27.8'}, {'type': {'displayName': 'PassEndX', 'value': 140}, 'value': '4.4'}]",True,,False,,,
1901403,FirstHalf,21,23.0,21,Pass,Unsuccessful,276,Napoli,149474.0,Vanja Milinkovic-Savic,4.4,68.5,43.8,100.0,,,,,"[{'type': {'displayName': 'PassEndX', 'value': 140}, 'value': '43.8'}, {'type': {'displayName': 'PassEndY', 'value': 141}, 'value': '100.0'}, {'type': {'displayName': 'Longball', 'value': 1}}, {'type': {'displayName': 'Length', 'value': 212}, 'value': '47.0'}, {'type': {'displayName': 'Zone', 'value': 56}, 'value': 'Back'}, {'type': {'displayName': 'Angle', 'value': 213}, 'value': '0.50'}]",True,,False,,,
1901403,FirstHalf,21,44.0,21,Pass,Successful,1290,Como,531127.0,Ivan Smolcic,56.5,0.0,68.1,18.3,,,,,"[{'type': {'displayName': 'ThrowIn', 'value': 107}}, {'type': {'displayName': 'PassEndX', 'value': 140}, 'value': '68.1'}, {'type': {'displayName': 'Angle', 'value': 213}, 'value': '0.83'}, {'type': {'displayName': 'Zone', 'value': 56}, 'value': 'Right'}, {'type': {'displayName': 'Length', 'value': 212}, 'value': '18.0'}, {'type': {'displayName': 'PassEndY', 'value': 141}, 'value': '18.3'}]",True,,False,,,
1901403,FirstHalf,21,47.0,21,Pass,Unsuccessful,1290,Como,407944.0,Martin Baturina,70.0,25.9,85.9,45.7,,,,,"[{'type': {'displayName': 'PassEndX', 'value': 140}, 'value': '85.9'}, {'type': {'displayName': 'Zone', 'value': 56}, 'value': 'Center'}, {'type': {'displayName': 'Length', 'value': 212}, 'value': '21.4'}, {'type': {'displayName': 'PassEndY', 'value': 141}, 'value': '45.7'}, {'type': {'displayName': 'Angle', 'value': 213}, 'value': '0.68'}, {'type': {'displayName': 'HeadPass', 'value': 3}}]",True,,False,,,
1901403,FirstHalf,21,48.0,21,Clearance,Successful,276,Napoli,295358.0,Amir Rrahmani,11.5,54.1,37.4,54.7,,,,,"[{'type': {'displayName': 'Angle', 'value': 213}, 'value': '0.02'}, {'type': {'displayName': 'PassEndY', 'value': 141}, 'value': '54.7'}, {'type': {'displayName': 'PassEndX', 'value': 140}, 'value': '37.4'}, {'type': {'displayName': 'Length', 'value': 212}, 'value': '27.2'}, {'type': {'displayName': 'Zone', 'value': 56}, 'value': 'Back'}]",True,,False,,,
1901403,FirstHalf,21,51.0,21,Pass,Successful,1290,Como,379615.0,Lucas da Cunha,65.7,37.5,69.7,46.2,,,,,"[{'type': {'displayName': 'PassEndX', 'value': 140}, 'value': '69.7'}, {'type': {'displayName': 'Length', 'value': 212}, 'value': '7.3'}, {'type': {'displayName': 'PassEndY', 'value': 141}, 'value': '46.2'}, {'type': {'displayName': 'Zone', 'value': 56}, 'value': 'Center'}, {'type': {'displayName': 'Angle', 'value': 213}, 'value': '0.95'}]",True,,False,,,
1901403,FirstHalf,21,53.0,21,Pass,Successful,1290,Como,407944.0,Martin Baturina,70.9,54.3,69.6,75.3,,,,,"[{'type': {'displayName': 'PassEndX', 'value': 140}, 'value': '69.6'}, {'type': {'displayName': 'Length', 'value': 212}, 'value': '14.3'}, {'type': {'displayName': 'PassEndY', 'value': 141}, 'value': '75.3'}, {'type': {'displayName': 'Angle', 'value': 213}, 'value': '1.67'}, {'type': {'displayName': 'Zone', 'value': 56}, 'value': 'Center'}]",True,,False,,,
1901403,FirstHalf,21,56.0,21,Pass,Successful,1290,Como,454341.0,Álex Valle,69.4,74.5,54.1,62.4,,,,,"[{'type': {'displayName': 'Angle', 'value': 213}, 'value': '3.61'}, {'type': {'displayName': 'PassEndX', 'value': 140}, 'value': '54.1'}, {'type': {'displayName': 'Length', 'value': 212}, 'value': '18.0'}, {'type': {'displayName': 'PassEndY', 'value': 141}, 'value': '62.4'}, {'type': {'displayName': 'Zone', 'value': 56}, 'value': 'Center'}]",True,,False,,,
1901403,FirstHalf,21,58.0,21,Pass,Successful,1290,Como,134984.0,Diego Carlos,54.1,62.4,52.9,37.5,,,,,"[{'type': {'displayName': 'Angle', 'value': 213}, 'value': '4.64'}, {'type': {'displayName': 'Zone', 'value': 56}, 'value': 'Center'}, {'type': {'displayName': 'PassEndY', 'value': 141}, 'value': '37.5'}, {'type': {'displayName': 'Length', 'value': 212}, 'value': '17.0'}, {'type': {'displayName': 'PassEndX', 'value': 140}, 'value': '52.9'}]",True,,False,,,
1901403,FirstHalf,22,0.0,22,Pass,Successful,1290,Como,516374.0,Jacobo Ramón,52.9,37.5,55.5,11.4,,,,,"[{'type': {'displayName': 'Length', 'value': 212}, 'value': '18.0'}, {'type': {'displayName': 'PassEndY', 'value': 141}, 'value': '11.4'}, {'type': {'displayName': 'Angle', 'value': 213}, 'value': '4.87'}, {'type': {'displayName': 'PassEndX', 'value': 140}, 'value': '55.5'}, {'type': {'displayName': 'Zone', 'value': 56}, 'value': 'Right'}]",True,,False,,,
1901403,FirstHalf,22,3.0,22,Pass,Successful,1290,Como,531127.0,Ivan Smolcic,55.3,10.8,63.5,8.4,,,,,"[{'type': {'displayName': 'Length', 'value': 212}, 'value': '8.8'}, {'type': {'displayName': 'PassEndY', 'value': 141}, 'value': '8.4'}, {'type': {'displayName': 'Zone', 'value': 56}, 'value': 'Right'}, {'type': {'displayName': 'PassEndX', 'value': 140}, 'value': '63.5'}, {'type': {'displayName': 'Angle', 'value': 213}, 'value': '6.10'}]",True,,False,,,
1901403,FirstHalf,22,5.0,22,Pass,Successful,1290,Como,448659.0,Nico Paz,63.5,8.4,61.2,22.6,,,,,"[{'type': {'displayName': 'Length', 'value': 212}, 'value': '10.0'}, {'type': {'displayName': 'Zone', 'value': 56}, 'value': 'Center'}, {'type': {'displayName': 'Angle', 'value': 213}, 'value': '1.82'}, {'type': {'displayName': 'PassEndY', 'value': 141}, 'value': '22.6'}, {'type': {'displayName': 'PassEndX', 'value': 140}, 'value': '61.2'}]",True,,False,,,
1901403,FirstHalf,22,7.0,22,Pass,Successful,1290,Como,379615.0,Lucas da Cunha,60.3,27.9,55.3,41.2,,,,,"[{'type': {'displayName': 'Angle', 'value': 213}, 'value': '2.10'}, {'type': {'displayName': 'Zone', 'value': 56}, 'value': 'Center'}, {'type': {'displayName': 'PassEndY', 'value': 141}, 'value': '41.2'}, {'type': {'displayName': 'PassEndX', 'value': 140}, 'value': '55.3'}, {'type': {'displayName': 'Length', 'value': 212}, 'value': '10.5'}]",True,,False,,,
1901403,FirstHalf,22,9.0,22,Pass,Successful,1290,Como,433972.0,Máximo Perrone,55.3,42.0,62.1,22.8,,,,,"[{'type': {'displayName': 'PassEndX', 'value': 140}, 'value': '62.1'}, {'type': {'displayName': 'Length', 'value': 212}, 'value': '14.9'}, {'type': {'displayName': 'Zone', 'value': 56}, 'value': 'Center'}, {'type': {'displayName': 'PassEndY', 'value': 141}, 'value': '22.8'}, {'type': {'displayName': 'Angle', 'value': 213}, 'value': '5.21'}]",True,,False,,,
1901403,FirstHalf,22,11.0,22,Pass,Successful,1290,Como,448659.0,Nico Paz,63.0,26.4,70.2,26.5,,,,,"[{'type': {'displayName': 'Length', 'value': 212}, 'value': '7.6'}, {'type': {'displayName': 'Angle', 'value': 213}, 'value': '0.01'}, {'type': {'displayName': 'Zone', 'value': 56}, 'value': 'Center'}, {'type': {'displayName': 'PassEndY', 'value': 141}, 'value': '26.5'}, {'type': {'displayName': 'PassEndX', 'value': 140}, 'value': '70.2'}]",True,,False,,,
1901403,FirstHalf,22,15.0,22,Pass,Successful,1290,Como,407944.0,Martin Baturina,77.3,24.6,89.9,9.9,,,,,"[{'type': {'displayName': 'PassEndX', 'value': 140}, 'value': '89.9'}, {'type': {'displayName': 'PassEndY', 'value': 141}, 'value': '9.9'}, {'type': {'displayName': 'Zone', 'value': 56}, 'value': 'Right'}, {'type': {'displayName': 'Angle', 'value': 213}, 'value': '5.64'}, {'type': {'displayName': 'Length', 'value': 212}, 'value': '16.6'}]",True,,False,,,
1901403,FirstHalf,22,19.0,22,Pass,Successful,1290,Como,502427.0,Assane Diao,88.3,15.3,77.5,16.5,,,,,"[{'type': {'displayName': 'PassEndX', 'value': 140}, 'value': '77.5'}, {'type': {'displayName': 'Length', 'value': 212}, 'value': '11.4'}, {'type': {'displayName': 'Angle', 'value': 213}, 'value': '3.07'}, {'type': {'displayName': 'PassEndY', 'value': 141}, 'value': '16.5'}, {'type': {'displayName': 'Zone', 'value': 56}, 'value': 'Right'}]",True,,False,,,
1901403,FirstHalf,22,25.0,22,Pass,Successful,1290,Como,407944.0,Martin Baturina,74.9,24.3,84.2,7.0,,,,,"[{'type': {'displayName': 'PassEndY', 'value': 141}, 'value': '7.0'}, {'type': {'displayName': 'Angle', 'value': 213}, 'value': '5.41'}, {'type': {'displayName': 'Length', 'value': 212}, 'value': '15.3'}, {'type': {'displayName': 'Zone', 'value': 56}, 'value': 'Right'}, {'type': {'displayName': 'PassEndX', 'value': 140}, 'value': '84.2'}]",True,,False,,,
1901403,FirstHalf,22,34.0,22,Pass,Successful,1290,Como,502427.0,Assane Diao,81.3,16.9,65.0,37.5,,,,,"[{'type': {'displayName': 'Zone', 'value': 56}, 'value': 'Center'}, {'type': {'displayName': 'Angle', 'value': 213}, 'value': '2.46'}, {'type': {'displayName': 'Length', 'value': 212}, 'value': '22.1'}, {'type': {'displayName': 'PassEndX', 'value': 140}, 'value': '65.0'}, {'type': {'displayName': 'PassEndY', 'value': 141}, 'value': '37.5'}]",True,,False,,,
1901403,FirstHalf,22,37.0,22,Pass,Successful,1290,Como,516374.0,Jacobo Ramón,66.7,35.8,71.8,17.7,,,,,"[{'type': {'displayName': 'Angle', 'value': 213}, 'value': '5.12'}, {'type': {'displayName': 'Zone', 'value': 56}, 'value': 'Right'}, {'type': {'displayName': 'Length', 'value': 212}, 'value': '13.4'}, {'type': {'displayName': 'PassEndY', 'value': 141}, 'value': '17.7'}, {'type': {'displayName': 'PassEndX', 'value': 140}, 'value': '71.8'}]",True,,False,,,
1901403,FirstHalf,22,39.0,22,Pass,Successful,1290,Como,379615.0,Lucas da Cunha,71.8,17.7,85.6,6.6,,,,,"[{'type': {'displayName': 'Angle', 'value': 213}, 'value': '5.80'}, {'type': {'displayName': 'Zone', 'value': 56}, 'value': 'Right'}, {'type': {'displayName': 'Length', 'value': 212}, 'value': '16.3'}, {'type': {'displayName': 'PassEndX', 'value': 140}, 'value': '85.6'}, {'type': {'displayName': 'PassEndY', 'value': 141}, 'value': '6.6'}]",True,,False,,,
1901403,FirstHalf,22,41.0,22,Pass,Successful,1290,Como,531127.0,Ivan Smolcic,88.0,6.0,90.4,67.5,,,,,"[{'type': {'displayName': 'ShotAssist', 'value': 210}, 'value': '13'}, {'type': {'displayName': 'Length', 'value': 212}, 'value': '41.9'}, {'type': {'displayName': 'PassEndY', 'value': 141}, 'value': '67.5'}, {'type': {'displayName': 'IntentionalAssist', 'value': 154}}, {'type': {'displayName': 'Chipped', 'value': 155}}, {'type': {'displayName': 'Angle', 'value': 213}, 'value': '1.51'}, {'type': {'displayName': 'RightFoot', 'value': 20}}, {'type': {'displayName': 'Longball', 'value': 1}}, {'type': {'displayName': 'Zone', 'value': 56}, 'value': 'Center'}, {'type': {'displayName': 'PassEndX', 'value': 140}, 'value': '90.4'}, {'type': {'displayName': 'Cross', 'value': 2}}, {'type': {'displayName': 'KeyPass', 'value': 11113}}]",True,,False,,,
1901403,FirstHalf,22,46.0,22,MissedShots,Successful,1290,Como,407944.0,Martin Baturina,90.6,66.5,,,41.0,4.2,,,"[{'type': {'displayName': 'RegularPlay', 'value': 22}}, {'type': {'displayName': 'BoxLeft', 'value': 64}}, {'type': {'displayName': 'GoalMouthY', 'value': 102}, 'value': '41.0'}, {'type': {'displayName': 'RelatedEventId', 'value': 55}, 'value': '221'}, {'type': {'displayName': 'RightFoot', 'value': 20}}, {'type': {'displayName': 'Assisted', 'value': 29}}, {'type': {'displayName': 'Zone', 'value': 56}, 'value': 'Center'}, {'type': {'displayName': 'IntentionalAssist', 'value': 154}}, {'type': {'displayName': 'GoalMouthZ', 'value': 103}, 'value': '4.2'}]",True,True,False,,221.0,531127.0
1901403,FirstHalf,23,19.0,23,Pass,Successful,276,Napoli,149474.0,Vanja Milinkovic-Savic,2.3,50.5,6.3,70.9,,,,,"[{'type': {'displayName': 'Angle', 'value': 213}, 'value': '1.28'}, {'type': {'displayName': 'Length', 'value': 212}, 'value': '14.5'}, {'type': {'displayName': 'GoalKick', 'value': 124}}, {'type': {'displayName': 'PassEndX', 'value': 140}, 'value': '6.3'}, {'type': {'displayName': 'PassEndY', 'value': 141}, 'value': '70.9'}, {'type': {'displayName': 'Zone', 'value': 56}, 'value': 'Back'}]",True,,False,,,
1901403,FirstHalf,23,21.0,23,Pass,Successful,276,Napoli,333373.0,Alessandro Buongiorno,5.9,69.3,14.4,89.8,,,,,"[{'type': {'displayName': 'Angle', 'value': 213}, 'value': '1.00'}, {'type': {'displayName': 'Length', 'value': 212}, 'value': '16.6'}, {'type': {'displayName': 'PassEndX', 'value': 140}, 'value': '14.4'}, {'type': {'displayName': 'PassEndY', 'value': 141}, 'value': '89.8'}, {'type': {'displayName': 'Zone', 'value': 56}, 'value': 'Back'}]",True,,False,,,
1901403,FirstHalf,23,24.0,23,Foul,Successful,276,Napoli,395788.0,Miguel Gutiérrez,17.4,92.4,,,,,,,"[{'type': {'displayName': 'Foul', 'value': 13}}, {'type': {'displayName': 'Defensive', 'value': 285}}, {'type': {'displayName': 'OppositeRelatedEvent', 'value': 233}, 'value': '224'}, {'type': {'displayName': 'Zone', 'value': 56}, 'value': 'Back'}]",True,,False,,,
1901403,FirstHalf,23,24.0,23,Foul,Unsuccessful,1290,Como,502427.0,Assane Diao,82.6,7.6,,,,,,,"[{'type': {'displayName': 'Zone', 'value': 56}, 'value': 'Right'}, {'type': {'displayName': 'OppositeRelatedEvent', 'value': 233}, 'value': '171'}, {'type': {'displayName': 'Foul', 'value': 13}}, {'type': {'displayName': 'Offensive', 'value': 286}}, {'type': {'displayName': 'StandingSave', 'value': 178}}]",False,,False,,,
1901403,FirstHalf,24,,24,OffsideGiven,Unsuccessful,1290,Como,422873.0,Tasos Douvikas,65.5,36.4,,,,,,,[],False,,False,,,
1901403,FirstHalf,24,33.0,24,Pass,Unsuccessful,276,Napoli,149474.0,Vanja Milinkovic-Savic,13.5,90.0,60.2,68.7,,,,,"[{'type': {'displayName': 'PassEndX', 'value': 140}, 'value': '60.2'}, {'type': {'displayName': 'PassEndY', 'value': 141}, 'value': '68.7'}, {'type': {'displayName': 'FreekickTaken', 'value': 5}}, {'type': {'displayName': 'Zone', 'value': 56}, 'value': 'Center'}, {'type': {'displayName': 'Angle', 'value': 213}, 'value': '6.00'}, {'type': {'displayName': 'Chipped', 'value': 155}}, {'type': {'displayName': 'Length', 'value': 212}, 'value': '51.1'}, {'type': {'displayName': 'Longball', 'value': 1}}]",True,,False,,,
1901403,FirstHalf,24,36.0,24,OffsidePass,Successful,1290,Como,516374.0,Jacobo Ramón,38.6,33.1,65.5,36.4,,,,,"[{'type': {'displayName': 'PlayerCaughtOffside', 'value': 7}, 'value': '422873'}, {'type': {'displayName': 'Zone', 'value': 56}, 'value': 'Center'}, {'type': {'displayName': 'PassEndY', 'value': 141}, 'value': '36.4'}, {'type': {'displayName': 'PassEndX', 'value': 140}, 'value': '65.5'}]",True,,False,,,
1901403,FirstHalf,24,36.0,24,OffsideProvoked,Successful,276,Napoli,333373.0,Alessandro Buongiorno,39.3,73.6,,,,,,,[],False,,False,,,
1901403,FirstHalf,24,51.0,24,Pass,Successful,276,Napoli,333373.0,Alessandro Buongiorno,34.1,69.6,24.2,44.2,,,,,"[{'type': {'displayName': 'Angle', 'value': 213}, 'value': '4.17'}, {'type': {'displayName': 'Length', 'value': 212}, 'value': '20.2'}, {'type': {'displayName': 'PassEndY', 'value': 141}, 'value': '44.2'}, {'type': {'displayName': 'Zone', 'value': 56}, 'value': 'Back'}, {'type': {'displayName': 'IndirectFreekickTaken', 'value': 241}}, {'type': {'displayName': 'PassEndX', 'value': 140}, 'value': '24.2'}, {'type': {'displayName': 'FreekickTaken', 'value': 5}}]",True,,False,,,
1901403,FirstHalf,24,54.0,24,Pass,Successful,276,Napoli,295358.0,Amir Rrahmani,24.7,40.2,22.9,14.7,,,,,"[{'type': {'displayName': 'Angle', 'value': 213}, 'value': '4.60'}, {'type': {'displayName': 'Zone', 'value': 56}, 'value': 'Back'}, {'type': {'displayName': 'Length', 'value': 212}, 'value': '17.4'}, {'type': {'displayName': 'PassEndX', 'value': 140}, 'value': '22.9'}, {'type': {'displayName': 'PassEndY', 'value': 141}, 'value': '14.7'}]",True,,False,,,
1901403,FirstHalf,24,57.0,24,Pass,Successful,276,Napoli,422739.0,Sam Beukema,22.2,14.7,38.6,7.3,,,,,"[{'type': {'displayName': 'Length', 'value': 212}, 'value': '17.9'}, {'type': {'displayName': 'PassEndX', 'value': 140}, 'value': '38.6'}, {'type': {'displayName': 'PassEndY', 'value': 141}, 'value': '7.3'}, {'type': {'displayName': 'Zone', 'value': 56}, 'value': 'Back'}, {'type': {'displayName': 'Angle', 'value': 213}, 'value': '6.00'}]",True,,False,,,
1901403,FirstHalf,24,59.0,24,Pass,Successful,276,Napoli,122683.0,Matteo Politano,38.6,6.9,71.3,17.8,,,,,"[{'type': {'displayName': 'PassEndY', 'value': 141}, 'value': '17.8'}, {'type': {'displayName': 'Length', 'value': 212}, 'value': '35.1'}, {'type': {'displayName': 'Zone', 'value': 56}, 'value': 'Right'}, {'type': {'displayName': 'Longball', 'value': 1}}, {'type': {'displayName': 'Angle', 'value': 213}, 'value': '0.21'}, {'type': {'displayName': 'PassEndX', 'value': 140}, 'value': '71.3'}]",True,,False,,,
1901403,FirstHalf,25,4.0,25,TakeOn,Successful,276,Napoli,439584.0,Rasmus Højlund,84.1,28.2,,,,,,,"[{'type': {'displayName': 'OppositeRelatedEvent', 'value': 233}, 'value': '228'}, {'type': {'displayName': 'Offensive', 'value': 286}}, {'type': {'displayName': 'Zone', 'value': 56}, 'value': 'Center'}]",True,,False,,,
1901403,FirstHalf,25,4.0,25,Challenge,Unsuccessful,1290,Como,134984.0,Diego Carlos,15.9,71.8,,,,,,,"[{'type': {'displayName': 'OppositeRelatedEvent', 'value': 233}, 'value': '180'}, {'type': {'displayName': 'Zone', 'value': 56}, 'value': 'Back'}, {'type': {'displayName': 'Defensive', 'value': 285}}]",False,,False,,,
1901403,FirstHalf,25,6.0,25,Pass,Successful,276,Napoli,439584.0,Rasmus Højlund,79.3,41.7,86.6,72.0,,,,,"[{'type': {'displayName': 'ShotAssist', 'value': 210}, 'value': '15'}, {'type': {'displayName': 'Zone', 'value': 56}, 'value': 'Center'}, {'type': {'displayName': 'Length', 'value': 212}, 'value': '22.0'}, {'type': {'displayName': 'PassEndX', 'value': 140}, 'value': '86.6'}, {'type': {'displayName': 'Angle', 'value': 213}, 'value': '1.21'}, {'type': {'displayName': 'PassEndY', 'value': 141}, 'value': '72.0'}, {'type': {'displayName': 'KeyPass', 'value': 11113}}]",True,,False,,,
1901403,FirstHalf,25,9.0,25,SavedShot,Successful,276,Napoli,557549.0,Alisson Santos,87.0,62.2,,,52.0,15.2,97.7,53.1,"[{'type': {'displayName': 'BoxCentre', 'value': 17}}, {'type': {'displayName': 'OppositeRelatedEvent', 'value': 233}, 'value': '229'}, {'type': {'displayName': 'Assisted', 'value': 29}}, {'type': {'displayName': 'GoalMouthZ', 'value': 103}, 'value': '15.2'}, {'type': {'displayName': 'RightFoot', 'value': 20}}, {'type': {'displayName': 'RegularPlay', 'value': 22}}, {'type': {'displayName': 'BlockedX', 'value': 146}, 'value': '97.7'}, {'type': {'displayName': 'LowLeft', 'value': 76}}, {'type': {'displayName': 'GoalMouthY', 'value': 102}, 'value': '52.0'}, {'type': {'displayName': 'Zone', 'value': 56}, 'value': 'Center'}, {'type': {'displayName': 'BlockedY', 'value': 147}, 'value': '53.1'}, {'type': {'displayName': 'RelatedEventId', 'value': 55}, 'value': '181'}]",True,True,False,,181.0,439584.0
1901403,FirstHalf,25,10.0,25,Save,Successful,1290,Como,256536.0,Jean Butez,3.4,45.4,,,,,,,"[{'type': {'displayName': 'OppositeRelatedEvent', 'value': 233}, 'value': '182'}, {'type': {'displayName': 'Zone', 'value': 56}, 'value': 'Back'}, {'type': {'displayName': 'StandingSave', 'value': 178}}, {'type': {'displayName': 'Hands', 'value': 182}}, {'type': {'displayName': 'ParriedSafe', 'value': 173}}, {'type': {'displayName': 'KeeperSaveInTheBox', 'value': 11115}}]",True,,False,,,
1901403,FirstHalf,25,12.0,25,KeeperPickup,Successful,1290,Como,256536.0,Jean Butez,3.6,50.2,,,,,,,[],False,,False,,,
1901403,FirstHalf,25,16.0,25,Pass,Successful,1290,Como,256536.0,Jean Butez,12.3,49.3,30.9,12.1,,,,,"[{'type': {'displayName': 'Zone', 'value': 56}, 'value': 'Back'}, {'type': {'displayName': 'KeeperThrow', 'value': 123}}, {'type': {'displayName': 'Angle', 'value': 213}, 'value': '5.37'}, {'type': {'displayName': 'PassEndY', 'value': 141}, 'value': '12.1'}, {'type': {'displayName': 'Length', 'value': 212}, 'value': '32.0'}, {'type': {'displayName': 'PassEndX', 'value': 140}, 'value': '30.9'}]",True,,False,,,
1901403,FirstHalf,25,24.0,25,Pass,Successful,1290,Como,531127.0,Ivan Smolcic,32.7,6.4,20.9,18.7,,,,,"[{'type': {'displayName': 'Angle', 'value': 213}, 'value': '2.55'}, {'type': {'displayName': 'Zone', 'value': 56}, 'value': 'Back'}, {'type': {'displayName': 'PassEndX', 'value': 140}, 'value': '20.9'}, {'type': {'displayName': 'PassEndY', 'value': 141}, 'value': '18.7'}, {'type': {'displayName': 'Length', 'value': 212}, 'value': '14.9'}]",True,,False,,,
1901403,FirstHalf,25,28.0,25,Pass,Successful,1290,Como,516374.0,Jacobo Ramón,29.9,22.5,37.8,15.4,,,,,"[{'type': {'displayName': 'Zone', 'value': 56}, 'value': 'Back'}, {'type': {'displayName': 'Angle', 'value': 213}, 'value': '5.76'}, {'type': {'displayName': 'Length', 'value': 212}, 'value': '9.6'}, {'type': {'displayName': 'PassEndX', 'value': 140}, 'value': '37.8'}, {'type': {'displayName': 'PassEndY', 'value': 141}, 'value': '15.4'}]",True,,False,,,
1901403,FirstHalf,25,31.0,25,Pass,Successful,1290,Como,379615.0,Lucas da Cunha,36.3,24.0,41.7,58.3,,,,,"[{'type': {'displayName': 'PassEndY', 'value': 141}, 'value': '58.3'}, {'type': {'displayName': 'PassEndX', 'value': 140}, 'value': '41.7'}, {'type': {'displayName': 'Length', 'value': 212}, 'value': '24.0'}, {'type': {'displayName': 'Zone', 'value': 56}, 'value': 'Back'}, {'type': {'displayName': 'Angle', 'value': 213}, 'value': '1.33'}]",True,,False,,,
1901403,FirstHalf,25,34.0,25,Pass,Successful,1290,Como,448659.0,Nico Paz,41.8,60.4,59.0,82.6,,,,,"[{'type': {'displayName': 'Length', 'value': 212}, 'value': '23.5'}, {'type': {'displayName': 'Zone', 'value': 56}, 'value': 'Left'}, {'type': {'displayName': 'Angle', 'value': 213}, 'value': '0.70'}, {'type': {'displayName': 'PassEndY', 'value': 141}, 'value': '82.6'}, {'type': {'displayName': 'PassEndX', 'value': 140}, 'value': '59.0'}]",True,,False,,,
1901403,FirstHalf,25,40.0,25,Pass,Successful,1290,Como,407944.0,Martin Baturina,69.6,73.5,72.4,55.6,,,,,"[{'type': {'displayName': 'Angle', 'value': 213}, 'value': '4.95'}, {'type': {'displayName': 'Zone', 'value': 56}, 'value': 'Center'}, {'type': {'displayName': 'Length', 'value': 212}, 'value': '12.5'}, {'type': {'displayName': 'PassEndX', 'value': 140}, 'value': '72.4'}, {'type': {'displayName': 'PassEndY', 'value': 141}, 'value': '55.6'}]",True,,False,,,
1901403,FirstHalf,25,42.0,25,TakeOn,Unsuccessful,1290,Como,448659.0,Nico Paz,74.1,59.7,,,,,,,"[{'type': {'displayName': 'Zone', 'value': 56}, 'value': 'Center'}, {'type': {'displayName': 'Offensive', 'value': 286}}, {'type': {'displayName': 'OppositeRelatedEvent', 'value': 233}, 'value': '184'}]",True,,False,,,
1901403,FirstHalf,25,42.0,25,Tackle,Unsuccessful,276,Napoli,111892.0,Stanislav Lobotka,25.9,40.3,,,,,,,"[{'type': {'displayName': 'Zone', 'value': 56}, 'value': 'Back'}, {'type': {'displayName': 'Defensive', 'value': 285}}, {'type': {'displayName': 'OppositeRelatedEvent', 'value': 233}, 'value': '237'}, {'type': {'displayName': 'StandingSave', 'value': 178}}]",True,,False,,,
1901403,FirstHalf,25,43.0,25,Pass,Successful,1290,Como,448659.0,Nico Paz,72.0,63.3,62.2,62.1,,,,,"[{'type': {'displayName': 'Length', 'value': 212}, 'value': '10.3'}, {'type': {'displayName': 'Angle', 'value': 213}, 'value': '3.22'}, {'type': {'displayName': 'PassEndX', 'value': 140}, 'value': '62.2'}, {'type': {'displayName': 'Zone', 'value': 56}, 'value': 'Center'}, {'type': {'displayName': 'PassEndY', 'value': 141}, 'value': '62.1'}]",True,,False,,,
1901403,FirstHalf,25,48.0,25,Pass,Successful,1290,Como,433972.0,Máximo Perrone,62.0,62.1,64.8,78.1,,,,,"[{'type': {'displayName': 'PassEndX', 'value': 140}, 'value': '64.8'}, {'type': {'displayName': 'Zone', 'value': 56}, 'value': 'Center'}, {'type': {'displayName': 'Angle', 'value': 213}, 'value': '1.31'}, {'type': {'displayName': 'Length', 'value': 212}, 'value': '11.3'}, {'type': {'displayName': 'PassEndY', 'value': 141}, 'value': '78.1'}]",True,,False,,,
1901403,FirstHalf,25,49.0,25,Pass,Successful,1290,Como,448659.0,Nico Paz,64.8,78.1,61.4,65.1,,,,,"[{'type': {'displayName': 'Angle', 'value': 213}, 'value': '4.33'}, {'type': {'displayName': 'Zone', 'value': 56}, 'value': 'Center'}, {'type': {'displayName': 'PassEndY', 'value': 141}, 'value': '65.1'}, {'type': {'displayName': 'PassEndX', 'value': 140}, 'value': '61.4'}, {'type': {'displayName': 'Length', 'value': 212}, 'value': '9.5'}]",True,,False,,,
1901403,FirstHalf,25,51.0,25,Pass,Successful,1290,Como,433972.0,Máximo Perrone,60.9,62.7,63.6,41.4,,,,,"[{'type': {'displayName': 'Zone', 'value': 56}, 'value': 'Center'}, {'type': {'displayName': 'PassEndX', 'value': 140}, 'value': '63.6'}, {'type': {'displayName': 'Length', 'value': 212}, 'value': '14.8'}, {'type': {'displayName': 'Angle', 'value': 213}, 'value': '4.91'}, {'type': {'displayName': 'PassEndY', 'value': 141}, 'value': '41.4'}]",True,,False,,,
1901403,FirstHalf,25,54.0,25,Pass,Successful,1290,Como,379615.0,Lucas da Cunha,65.1,35.5,58.7,39.0,,,,,"[{'type': {'displayName': 'Angle', 'value': 213}, 'value': '2.80'}, {'type': {'displayName': 'Zone', 'value': 56}, 'value': 'Center'}, {'type': {'displayName': 'Length', 'value': 212}, 'value': '7.1'}, {'type': {'displayName': 'PassEndX', 'value': 140}, 'value': '58.7'}, {'type': {'displayName': 'PassEndY', 'value': 141}, 'value': '39.0'}]",True,,False,,,
1901403,FirstHalf,25,55.0,25,Pass,Successful,1290,Como,516374.0,Jacobo Ramón,58.7,39.0,58.2,58.5,,,,,"[{'type': {'displayName': 'Angle', 'value': 213}, 'value': '1.61'}, {'type': {'displayName': 'PassEndY', 'value': 141}, 'value': '58.5'}, {'type': {'displayName': 'Length', 'value': 212}, 'value': '13.3'}, {'type': {'displayName': 'Zone', 'value': 56}, 'value': 'Center'}, {'type': {'displayName': 'PassEndX', 'value': 140}, 'value': '58.2'}]",True,,False,,,
1901403,FirstHalf,25,58.0,25,Pass,Successful,1290,Como,433972.0,Máximo Perrone,62.1,58.6,72.3,91.3,,,,,"[{'type': {'displayName': 'Angle', 'value': 213}, 'value': '1.12'}, {'type': {'displayName': 'PassEndY', 'value': 141}, 'value': '91.3'}, {'type': {'displayName': 'Length', 'value': 212}, 'value': '24.7'}, {'type': {'displayName': 'PassEndX', 'value': 140}, 'value': '72.3'}, {'type': {'displayName': 'Zone', 'value': 56}, 'value': 'Left'}]",True,,False,,,
1901403,FirstHalf,26,5.0,26,Pass,Successful,1290,Como,407944.0,Martin Baturina,69.7,61.0,67.4,33.7,,,,,"[{'type': {'displayName': 'Length', 'value': 212}, 'value': '18.7'}, {'type': {'displayName': 'PassEndY', 'value': 141}, 'value': '33.7'}, {'type': {'displayName': 'Zone', 'value': 56}, 'value': 'Center'}, {'type': {'displayName': 'PassEndX', 'value': 140}, 'value': '67.4'}, {'type': {'displayName': 'Angle', 'value': 213}, 'value': '4.58'}]",True,,False,,,
1901403,FirstHalf,26,9.0,26,Pass,Successful,1290,Como,379615.0,Lucas da Cunha,70.5,47.8,73.2,59.1,,,,,"[{'type': {'displayName': 'PassEndY', 'value': 141}, 'value': '59.1'}, {'type': {'displayName': 'Length', 'value': 212}, 'value': '8.2'}, {'type': {'displayName': 'PassEndX', 'value': 140}, 'value': '73.2'}, {'type': {'displayName': 'Zone', 'value': 56}, 'value': 'Center'}, {'type': {'displayName': 'Angle', 'value': 213}, 'value': '1.22'}]",True,,False,,,
1901403,FirstHalf,26,10.0,26,Pass,Successful,1290,Como,448659.0,Nico Paz,73.2,59.1,66.1,63.1,,,,,"[{'type': {'displayName': 'PassEndX', 'value': 140}, 'value': '66.1'}, {'type': {'displayName': 'Zone', 'value': 56}, 'value': 'Center'}, {'type': {'displayName': 'PassEndY', 'value': 141}, 'value': '63.1'}, {'type': {'displayName': 'Angle', 'value': 213}, 'value': '2.79'}, {'type': {'displayName': 'Length', 'value': 212}, 'value': '7.9'}]",True,,False,,,
1901403,FirstHalf,26,11.0,26,Pass,Successful,1290,Como,433972.0,Máximo Perrone,67.2,59.5,68.1,38.1,,,,,"[{'type': {'displayName': 'Angle', 'value': 213}, 'value': '4.78'}, {'type': {'displayName': 'Zone', 'value': 56}, 'value': 'Center'}, {'type': {'displayName': 'PassEndY', 'value': 141}, 'value': '38.1'}, {'type': {'displayName': 'PassEndX', 'value': 140}, 'value': '68.1'}, {'type': {'displayName': 'Length', 'value': 212}, 'value': '14.6'}]",True,,False,,,
1901403,FirstHalf,26,13.0,26,Pass,Successful,1290,Como,516374.0,Jacobo Ramón,68.1,35.4,76.9,5.1,,,,,"[{'type': {'displayName': 'Length', 'value': 212}, 'value': '22.6'}, {'type': {'displayName': 'PassEndY', 'value': 141}, 'value': '5.1'}, {'type': {'displayName': 'Angle', 'value': 213}, 'value': '5.13'}, {'type': {'displayName': 'Zone', 'value': 56}, 'value': 'Right'}, {'type': {'displayName': 'PassEndX', 'value': 140}, 'value': '76.9'}]",True,,False,,,
1901403,FirstHalf,26,21.0,26,Challenge,Unsuccessful,276,Napoli,395788.0,Miguel Gutiérrez,4.4,76.0,,,,,,,"[{'type': {'displayName': 'Zone', 'value': 56}, 'value': 'Back'}, {'type': {'displayName': 'OppositeRelatedEvent', 'value': 233}, 'value': '250'}, {'type': {'displayName': 'Defensive', 'value': 285}}]",False,,False,,,
1901403,FirstHalf,26,21.0,26,TakeOn,Successful,1290,Como,502427.0,Assane Diao,95.6,24.0,,,,,,,"[{'type': {'displayName': 'Zone', 'value': 56}, 'value': 'Center'}, {'type': {'displayName': 'Offensive', 'value': 286}}, {'type': {'displayName': 'OppositeRelatedEvent', 'value': 233}, 'value': '186'}]",True,,False,,,
1901403,FirstHalf,26,23.0,26,Pass,Unsuccessful,1290,Como,502427.0,Assane Diao,95.3,29.4,95.3,36.6,,,,,"[{'type': {'displayName': 'Angle', 'value': 213}, 'value': '1.57'}, {'type': {'displayName': 'Offensive', 'value': 286}}, {'type': {'displayName': 'Zone', 'value': 56}, 'value': 'Center'}, {'type': {'displayName': 'OppositeRelatedEvent', 'value': 233}, 'value': '187'}, {'type': {'displayName': 'Length', 'value': 212}, 'value': '4.9'}, {'type': {'displayName': 'PassEndX', 'value': 140}, 'value': '95.3'}, {'type': {'displayName': 'PassEndY', 'value': 141}, 'value': '36.6'}]",True,,False,,,
1901403,FirstHalf,26,23.0,26,BlockedPass,Successful,276,Napoli,295358.0,Amir Rrahmani,4.7,63.4,,,,,,,"[{'type': {'displayName': 'Zone', 'value': 56}, 'value': 'Back'}, {'type': {'displayName': 'Defensive', 'value': 285}}, {'type': {'displayName': 'OppositeRelatedEvent', 'value': 233}, 'value': '251'}]",True,,False,,,
1901403,FirstHalf,26,23.0,26,CornerAwarded,Unsuccessful,276,Napoli,295358.0,Amir Rrahmani,4.2,64.6,,,,,,,"[{'type': {'displayName': 'Zone', 'value': 56}, 'value': 'Back'}, {'type': {'displayName': 'OppositeRelatedEvent', 'value': 233}, 'value': '252'}, {'type': {'displayName': 'MissLeft', 'value': 73}}]",False,,False,,,
1901403,FirstHalf,26,23.0,26,CornerAwarded,Successful,1290,Como,502427.0,Assane Diao,95.8,35.4,,,,,,,"[{'type': {'displayName': 'MissRight', 'value': 75}}, {'type': {'displayName': 'OppositeRelatedEvent', 'value': 233}, 'value': '188'}, {'type': {'displayName': 'Zone', 'value': 56}, 'value': 'Center'}]",False,,False,,,
1901403,FirstHalf,26,50.0,26,Pass,Successful,1290,Como,448659.0,Nico Paz,99.5,0.5,84.8,12.4,,,,,"[{'type': {'displayName': 'Length', 'value': 212}, 'value': '17.4'}, {'type': {'displayName': 'PassEndY', 'value': 141}, 'value': '12.4'}, {'type': {'displayName': 'CornerTaken', 'value': 6}}, {'type': {'displayName': 'PassEndX', 'value': 140}, 'value': '84.8'}, {'type': {'displayName': 'Zone', 'value': 56}, 'value': 'Right'}, {'type': {'displayName': 'Angle', 'value': 213}, 'value': '2.66'}]",True,,False,,,
1901403,FirstHalf,26,52.0,26,Pass,Successful,1290,Como,379615.0,Lucas da Cunha,84.8,12.6,88.0,8.2,,,,,"[{'type': {'displayName': 'Zone', 'value': 56}, 'value': 'Right'}, {'type': {'displayName': 'Angle', 'value': 213}, 'value': '5.56'}, {'type': {'displayName': 'PassEndY', 'value': 141}, 'value': '8.2'}, {'type': {'displayName': 'PassEndX', 'value': 140}, 'value': '88.0'}, {'type': {'displayName': 'Length', 'value': 212}, 'value': '4.5'}]",True,,False,,,
1901403,FirstHalf,26,53.0,26,Pass,Successful,1290,Como,448659.0,Nico Paz,88.0,8.2,91.5,41.4,,,,,"[{'type': {'displayName': 'LeftFoot', 'value': 72}}, {'type': {'displayName': 'PassEndY', 'value': 141}, 'value': '41.4'}, {'type': {'displayName': 'IntentionalAssist', 'value': 154}}, {'type': {'displayName': 'PassEndX', 'value': 140}, 'value': '91.5'}, {'type': {'displayName': 'ShotAssist', 'value': 210}, 'value': '13'}, {'type': {'displayName': 'Chipped', 'value': 155}}, {'type': {'displayName': 'Angle', 'value': 213}, 'value': '1.41'}, {'type': {'displayName': 'Length', 'value': 212}, 'value': '22.9'}, {'type': {'displayName': 'Zone', 'value': 56}, 'value': 'Center'}, {'type': {'displayName': 'Cross', 'value': 2}}, {'type': {'displayName': 'KeyPass', 'value': 11113}}]",True,,False,,,
1901403,FirstHalf,26,56.0,26,MissedShots,Successful,1290,Como,531127.0,Ivan Smolcic,91.5,41.4,,,65.7,30.6,,,"[{'type': {'displayName': 'Assisted', 'value': 29}}, {'type': {'displayName': 'GoalMouthZ', 'value': 103}, 'value': '30.6'}, {'type': {'displayName': 'MissLeft', 'value': 73}}, {'type': {'displayName': 'GoalMouthY', 'value': 102}, 'value': '65.7'}, {'type': {'displayName': 'BoxCentre', 'value': 17}}, {'type': {'displayName': 'IntentionalAssist', 'value': 154}}, {'type': {'displayName': 'Zone', 'value': 56}, 'value': 'Center'}, {'type': {'displayName': 'FirstTouch', 'value': 328}}, {'type': {'displayName': 'OtherBodyPart', 'value': 21}}, {'type': {'displayName': 'FromCorner', 'value': 25}}, {'type': {'displayName': 'RelatedEventId', 'value': 55}, 'value': '255'}]",True,True,False,,255.0,448659.0
1901403,FirstHalf,27,21.0,27,Pass,Successful,276,Napoli,333373.0,Alessandro Buongiorno,5.0,62.5,4.0,52.9,,,,,"[{'type': {'displayName': 'Zone', 'value': 56}, 'value': 'Back'}, {'type': {'displayName': 'GoalKick', 'value': 124}}, {'type': {'displayName': 'Length', 'value': 212}, 'value': '6.6'}, {'type': {'displayName': 'Angle', 'value': 213}, 'value': '4.55'}, {'type': {'displayName': 'PassEndY', 'value': 141}, 'value': '52.9'}, {'type': {'displayName': 'PassEndX', 'value': 140}, 'value': '4.0'}]",True,,False,,,
1901403,FirstHalf,27,23.0,27,Pass,Successful,276,Napoli,149474.0,Vanja Milinkovic-Savic,3.4,51.4,5.1,19.8,,,,,"[{'type': {'displayName': 'PassEndY', 'value': 141}, 'value': '19.8'}, {'type': {'displayName': 'PassEndX', 'value': 140}, 'value': '5.1'}, {'type': {'displayName': 'Length', 'value': 212}, 'value': '21.6'}, {'type': {'displayName': 'Angle', 'value': 213}, 'value': '4.80'}, {'type': {'displayName': 'Zone', 'value': 56}, 'value': 'Back'}]",True,,False,,,
1901403,FirstHalf,27,28.0,27,Foul,Successful,276,Napoli,295358.0,Amir Rrahmani,13.6,11.8,,,,,,,"[{'type': {'displayName': 'Foul', 'value': 13}}, {'type': {'displayName': 'OppositeRelatedEvent', 'value': 233}, 'value': '258'}, {'type': {'displayName': 'Zone', 'value': 56}, 'value': 'Back'}, {'type': {'displayName': 'Defensive', 'value': 285}}]",True,,False,,,
1901403,FirstHalf,27,28.0,27,Foul,Unsuccessful,1290,Como,422873.0,Tasos Douvikas,86.4,88.2,,,,,,,"[{'type': {'displayName': 'OppositeRelatedEvent', 'value': 233}, 'value': '192'}, {'type': {'displayName': 'StandingSave', 'value': 178}}, {'type': {'displayName': 'Zone', 'value': 56}, 'value': 'Left'}, {'type': {'displayName': 'Foul', 'value': 13}}, {'type': {'displayName': 'Offensive', 'value': 286}}]",False,,False,,,
1901403,FirstHalf,28,26.0,28,Pass,Successful,276,Napoli,295358.0,Amir Rrahmani,18.0,9.6,21.1,18.7,,,,,"[{'type': {'displayName': 'Angle', 'value': 213}, 'value': '1.09'}, {'type': {'displayName': 'Zone', 'value': 56}, 'value': 'Back'}, {'type': {'displayName': 'FreekickTaken', 'value': 5}}, {'type': {'displayName': 'Length', 'value': 212}, 'value': '7.0'}, {'type': {'displayName': 'PassEndY', 'value': 141}, 'value': '18.7'}, {'type': {'displayName': 'PassEndX', 'value': 140}, 'value': '21.1'}]",True,,False,,,
1901403,FirstHalf,28,28.0,28,Pass,Successful,276,Napoli,336915.0,Scott McTominay,21.1,18.7,21.1,8.8,,,,,"[{'type': {'displayName': 'Angle', 'value': 213}, 'value': '4.71'}, {'type': {'displayName': 'Length', 'value': 212}, 'value': '6.7'}, {'type': {'displayName': 'Zone', 'value': 56}, 'value': 'Back'}, {'type': {'displayName': 'PassEndY', 'value': 141}, 'value': '8.8'}, {'type': {'displayName': 'PassEndX', 'value': 140}, 'value': '21.1'}]",True,,False,,,
1901403,FirstHalf,28,30.0,28,Pass,Unsuccessful,276,Napoli,295358.0,Amir Rrahmani,23.5,7.2,32.5,4.6,,,,,"[{'type': {'displayName': 'PassEndY', 'value': 141}, 'value': '4.6'}, {'type': {'displayName': 'PassEndX', 'value': 140}, 'value': '32.5'}, {'type': {'displayName': 'Chipped', 'value': 155}}, {'type': {'displayName': 'Zone', 'value': 56}, 'value': 'Back'}, {'type': {'displayName': 'Angle', 'value': 213}, 'value': '6.10'}, {'type': {'displayName': 'Length', 'value': 212}, 'value': '9.6'}]",True,,False,,,
1901403,FirstHalf,28,32.0,28,BallTouch,Successful,1290,Como,407944.0,Martin Baturina,72.7,90.9,,,,,,,"[{'type': {'displayName': 'Zone', 'value': 56}, 'value': 'Left'}]",True,,False,,,
1901403,FirstHalf,28,44.0,28,Pass,Successful,276,Napoli,122683.0,Matteo Politano,25.6,0.0,36.0,8.5,,,,,"[{'type': {'displayName': 'Length', 'value': 212}, 'value': '12.6'}, {'type': {'displayName': 'ThrowIn', 'value': 107}}, {'type': {'displayName': 'Angle', 'value': 213}, 'value': '0.52'}, {'type': {'displayName': 'PassEndY', 'value': 141}, 'value': '8.5'}, {'type': {'displayName': 'Zone', 'value': 56}, 'value': 'Back'}, {'type': {'displayName': 'PassEndX', 'value': 140}, 'value': '36.0'}]",True,,False,,,
1901403,FirstHalf,28,45.0,28,Pass,Successful,276,Napoli,73084.0,Kevin De Bruyne,41.0,8.0,34.3,2.3,,,,,"[{'type': {'displayName': 'Length', 'value': 212}, 'value': '8.0'}, {'type': {'displayName': 'Zone', 'value': 56}, 'value': 'Back'}, {'type': {'displayName': 'Angle', 'value': 213}, 'value': '3.65'}, {'type': {'displayName': 'PassEndY', 'value': 141}, 'value': '2.3'}, {'type': {'displayName': 'LayOff', 'value': 156}}, {'type': {'displayName': 'PassEndX', 'value': 140}, 'value': '34.3'}]",True,,False,,,
1901403,FirstHalf,28,46.0,28,Pass,Successful,276,Napoli,122683.0,Matteo Politano,37.9,5.8,33.9,19.0,,,,,"[{'type': {'displayName': 'Zone', 'value': 56}, 'value': 'Back'}, {'type': {'displayName': 'Angle', 'value': 213}, 'value': '2.01'}, {'type': {'displayName': 'Length', 'value': 212}, 'value': '9.9'}, {'type': {'displayName': 'PassEndX', 'value': 140}, 'value': '33.9'}, {'type': {'displayName': 'PassEndY', 'value': 141}, 'value': '19.0'}]",True,,False,,,
1901403,FirstHalf,28,48.0,28,Pass,Successful,276,Napoli,111892.0,Stanislav Lobotka,33.0,19.5,17.4,10.7,,,,,"[{'type': {'displayName': 'Length', 'value': 212}, 'value': '17.4'}, {'type': {'displayName': 'PassEndX', 'value': 140}, 'value': '17.4'}, {'type': {'displayName': 'PassEndY', 'value': 141}, 'value': '10.7'}, {'type': {'displayName': 'Zone', 'value': 56}, 'value': 'Back'}, {'type': {'displayName': 'Angle', 'value': 213}, 'value': '3.49'}]",True,,False,,,
1901403,FirstHalf,28,51.0,28,Pass,Successful,276,Napoli,422739.0,Sam Beukema,19.6,12.0,10.8,72.3,,,,,"[{'type': {'displayName': 'Longball', 'value': 1}}, {'type': {'displayName': 'Length', 'value': 212}, 'value': '42.0'}, {'type': {'displayName': 'Angle', 'value': 213}, 'value': '1.79'}, {'type': {'displayName': 'PassEndY', 'value': 141}, 'value': '72.3'}, {'type': {'displayName': 'PassEndX', 'value': 140}, 'value': '10.8'}, {'type': {'displayName': 'Zone', 'value': 56}, 'value': 'Back'}]",True,,False,,,
1901403,FirstHalf,28,54.0,28,Pass,Successful,276,Napoli,333373.0,Alessandro Buongiorno,10.8,72.3,25.1,89.7,,,,,"[{'type': {'displayName': 'Angle', 'value': 213}, 'value': '0.67'}, {'type': {'displayName': 'PassEndY', 'value': 141}, 'value': '89.7'}, {'type': {'displayName': 'Length', 'value': 212}, 'value': '19.1'}, {'type': {'displayName': 'PassEndX', 'value': 140}, 'value': '25.1'}, {'type': {'displayName': 'Zone', 'value': 56}, 'value': 'Back'}]",True,,False,,,
1901403,FirstHalf,28,56.0,28,Pass,Successful,276,Napoli,395788.0,Miguel Gutiérrez,22.1,73.2,34.4,61.2,,,,,"[{'type': {'displayName': 'Zone', 'value': 56}, 'value': 'Back'}, {'type': {'displayName': 'PassEndY', 'value': 141}, 'value': '61.2'}, {'type': {'displayName': 'Angle', 'value': 213}, 'value': '5.72'}, {'type': {'displayName': 'PassEndX', 'value': 140}, 'value': '34.4'}, {'type': {'displayName': 'Length', 'value': 212}, 'value': '15.3'}]",True,,False,,,
1901403,FirstHalf,28,58.0,28,Pass,Unsuccessful,276,Napoli,73084.0,Kevin De Bruyne,34.4,61.2,56.1,87.6,,,,,"[{'type': {'displayName': 'PassEndX', 'value': 140}, 'value': '56.1'}, {'type': {'displayName': 'Angle', 'value': 213}, 'value': '0.67'}, {'type': {'displayName': 'Length', 'value': 212}, 'value': '29.0'}, {'type': {'displayName': 'PassEndY', 'value': 141}, 'value': '87.6'}, {'type': {'displayName': 'Zone', 'value': 56}, 'value': 'Left'}]",True,,False,,,
1901403,FirstHalf,29,2.0,29,BallRecovery,Successful,1290,Como,516374.0,Jacobo Ramón,45.3,14.2,,,,,,,[],False,,False,,,
1901403,FirstHalf,29,2.0,29,Pass,Successful,1290,Como,516374.0,Jacobo Ramón,45.3,14.2,22.6,43.2,,,,,"[{'type': {'displayName': 'Length', 'value': 212}, 'value': '30.9'}, {'type': {'displayName': 'Angle', 'value': 213}, 'value': '2.45'}, {'type': {'displayName': 'PassEndY', 'value': 141}, 'value': '43.2'}, {'type': {'displayName': 'Zone', 'value': 56}, 'value': 'Back'}, {'type': {'displayName': 'PassEndX', 'value': 140}, 'value': '22.6'}]",True,,False,,,
1901403,FirstHalf,29,5.0,29,Pass,Successful,1290,Como,256536.0,Jean Butez,22.6,43.2,32.4,20.2,,,,,"[{'type': {'displayName': 'PassEndY', 'value': 141}, 'value': '20.2'}, {'type': {'displayName': 'Angle', 'value': 213}, 'value': '5.29'}, {'type': {'displayName': 'Length', 'value': 212}, 'value': '18.7'}, {'type': {'displayName': 'Zone', 'value': 56}, 'value': 'Back'}, {'type': {'displayName': 'PassEndX', 'value': 140}, 'value': '32.4'}]",True,,False,,,
1901403,FirstHalf,29,9.0,29,Pass,Successful,1290,Como,516374.0,Jacobo Ramón,33.3,19.5,39.8,9.4,,,,,"[{'type': {'displayName': 'PassEndY', 'value': 141}, 'value': '9.4'}, {'type': {'displayName': 'PassEndX', 'value': 140}, 'value': '39.8'}, {'type': {'displayName': 'Zone', 'value': 56}, 'value': 'Back'}, {'type': {'displayName': 'Length', 'value': 212}, 'value': '9.7'}, {'type': {'displayName': 'Angle', 'value': 213}, 'value': '5.49'}]",True,,False,,,
1901403,FirstHalf,29,12.0,29,Pass,Successful,1290,Como,379615.0,Lucas da Cunha,39.8,9.4,27.5,24.6,,,,,"[{'type': {'displayName': 'Angle', 'value': 213}, 'value': '2.47'}, {'type': {'displayName': 'PassEndY', 'value': 141}, 'value': '24.6'}, {'type': {'displayName': 'Zone', 'value': 56}, 'value': 'Back'}, {'type': {'displayName': 'PassEndX', 'value': 140}, 'value': '27.5'}, {'type': {'displayName': 'Length', 'value': 212}, 'value': '16.5'}]",True,,False,,,
1901403,FirstHalf,29,15.0,29,Pass,Successful,1290,Como,516374.0,Jacobo Ramón,27.5,26.2,15.7,64.5,,,,,"[{'type': {'displayName': 'Length', 'value': 212}, 'value': '28.8'}, {'type': {'displayName': 'PassEndX', 'value': 140}, 'value': '15.7'}, {'type': {'displayName': 'PassEndY', 'value': 141}, 'value': '64.5'}, {'type': {'displayName': 'Angle', 'value': 213}, 'value': '2.01'}, {'type': {'displayName': 'Zone', 'value': 56}, 'value': 'Back'}]",True,,False,,,
1901403,FirstHalf,29,19.0,29,Pass,Unsuccessful,1290,Como,256536.0,Jean Butez,16.5,66.6,78.2,38.1,,,,,"[{'type': {'displayName': 'Angle', 'value': 213}, 'value': '5.99'}, {'type': {'displayName': 'Longball', 'value': 1}}, {'type': {'displayName': 'Length', 'value': 212}, 'value': '67.6'}, {'type': {'displayName': 'Zone', 'value': 56}, 'value': 'Center'}, {'type': {'displayName': 'PassEndY', 'value': 141}, 'value': '38.1'}, {'type': {'displayName': 'PassEndX', 'value': 140}, 'value': '78.2'}]",True,,False,,,
1901403,FirstHalf,29,23.0,29,BallRecovery,Successful,276,Napoli,149474.0,Vanja Milinkovic-Savic,21.3,58.0,,,,,,,[],False,,False,,,
1901403,FirstHalf,29,24.0,29,Pass,Successful,276,Napoli,149474.0,Vanja Milinkovic-Savic,21.0,62.2,40.2,98.8,,,,,"[{'type': {'displayName': 'Angle', 'value': 213}, 'value': '0.89'}, {'type': {'displayName': 'PassEndY', 'value': 141}, 'value': '98.8'}, {'type': {'displayName': 'Zone', 'value': 56}, 'value': 'Back'}, {'type': {'displayName': 'PassEndX', 'value': 140}, 'value': '40.2'}, {'type': {'displayName': 'Longball', 'value': 1}}, {'type': {'displayName': 'Length', 'value': 212}, 'value': '32.0'}]",True,,False,,,
1901403,FirstHalf,29,28.0,29,Pass,Successful,276,Napoli,557549.0,Alisson Santos,41.7,98.5,29.8,95.4,,,,,"[{'type': {'displayName': 'PassEndX', 'value': 140}, 'value': '29.8'}, {'type': {'displayName': 'PassEndY', 'value': 141}, 'value': '95.4'}, {'type': {'displayName': 'Angle', 'value': 213}, 'value': '3.31'}, {'type': {'displayName': 'Zone', 'value': 56}, 'value': 'Back'}, {'type': {'displayName': 'Length', 'value': 212}, 'value': '12.7'}]",True,,False,,,
1901403,FirstHalf,29,30.0,29,Pass,Successful,276,Napoli,395788.0,Miguel Gutiérrez,29.8,95.4,24.3,80.2,,,,,"[{'type': {'displayName': 'PassEndX', 'value': 140}, 'value': '24.3'}, {'type': {'displayName': 'Angle', 'value': 213}, 'value': '4.20'}, {'type': {'displayName': 'Zone', 'value': 56}, 'value': 'Back'}, {'type': {'displayName': 'PassEndY', 'value': 141}, 'value': '80.2'}, {'type': {'displayName': 'Length', 'value': 212}, 'value': '11.8'}]",True,,False,,,
1901403,FirstHalf,29,32.0,29,Pass,Successful,276,Napoli,333373.0,Alessandro Buongiorno,24.1,80.2,7.7,56.4,,,,,"[{'type': {'displayName': 'PassEndX', 'value': 140}, 'value': '7.7'}, {'type': {'displayName': 'Angle', 'value': 213}, 'value': '3.90'}, {'type': {'displayName': 'Zone', 'value': 56}, 'value': 'Back'}, {'type': {'displayName': 'PassEndY', 'value': 141}, 'value': '56.4'}, {'type': {'displayName': 'Length', 'value': 212}, 'value': '23.6'}]",True,,False,,,
1901403,FirstHalf,29,35.0,29,Pass,Successful,276,Napoli,149474.0,Vanja Milinkovic-Savic,6.9,56.2,32.8,30.7,,,,,"[{'type': {'displayName': 'PassEndX', 'value': 140}, 'value': '32.8'}, {'type': {'displayName': 'Longball', 'value': 1}}, {'type': {'displayName': 'PassEndY', 'value': 141}, 'value': '30.7'}, {'type': {'displayName': 'Zone', 'value': 56}, 'value': 'Back'}, {'type': {'displayName': 'Angle', 'value': 213}, 'value': '5.72'}, {'type': {'displayName': 'Length', 'value': 212}, 'value': '32.3'}]",True,,False,,,
1901403,FirstHalf,29,39.0,29,Pass,Successful,276,Napoli,422739.0,Sam Beukema,44.2,19.5,66.8,3.9,,,,,"[{'type': {'displayName': 'Zone', 'value': 56}, 'value': 'Right'}, {'type': {'displayName': 'Angle', 'value': 213}, 'value': '5.86'}, {'type': {'displayName': 'Length', 'value': 212}, 'value': '26.0'}, {'type': {'displayName': 'PassEndX', 'value': 140}, 'value': '66.8'}, {'type': {'displayName': 'PassEndY', 'value': 141}, 'value': '3.9'}]",True,,False,,,
1901403,FirstHalf,29,46.0,29,Pass,Unsuccessful,276,Napoli,122683.0,Matteo Politano,79.1,21.0,78.6,64.9,,,,,"[{'type': {'displayName': 'Chipped', 'value': 155}}, {'type': {'displayName': 'Length', 'value': 212}, 'value': '29.9'}, {'type': {'displayName': 'PassEndX', 'value': 140}, 'value': '78.6'}, {'type': {'displayName': 'Angle', 'value': 213}, 'value': '1.59'}, {'type': {'displayName': 'PassEndY', 'value': 141}, 'value': '64.9'}, {'type': {'displayName': 'Zone', 'value': 56}, 'value': 'Center'}]",True,,False,,,
1901403,FirstHalf,29,48.0,29,Pass,Successful,1290,Como,531127.0,Ivan Smolcic,22.0,33.6,23.0,40.8,,,,,"[{'type': {'displayName': 'PassEndY', 'value': 141}, 'value': '40.8'}, {'type': {'displayName': 'PassEndX', 'value': 140}, 'value': '23.0'}, {'type': {'displayName': 'Angle', 'value': 213}, 'value': '1.36'}, {'type': {'displayName': 'HeadPass', 'value': 3}}, {'type': {'displayName': 'Zone', 'value': 56}, 'value': 'Back'}, {'type': {'displayName': 'Length', 'value': 212}, 'value': '5.0'}]",True,,False,,,
1901403,FirstHalf,29,50.0,29,BallRecovery,Successful,1290,Como,379615.0,Lucas da Cunha,23.0,40.8,,,,,,,[],False,,False,,,
1901403,FirstHalf,29,50.0,29,Pass,Successful,1290,Como,379615.0,Lucas da Cunha,23.0,40.8,31.5,55.0,,,,,"[{'type': {'displayName': 'PassEndY', 'value': 141}, 'value': '55.0'}, {'type': {'displayName': 'PassEndX', 'value': 140}, 'value': '31.5'}, {'type': {'displayName': 'Angle', 'value': 213}, 'value': '0.82'}, {'type': {'displayName': 'Zone', 'value': 56}, 'value': 'Back'}, {'type': {'displayName': 'Length', 'value': 212}, 'value': '13.1'}]",True,,False,,,
1901403,FirstHalf,29,56.0,29,Pass,Successful,1290,Como,448659.0,Nico Paz,71.8,56.5,83.6,37.8,,,,,"[{'type': {'displayName': 'Length', 'value': 212}, 'value': '17.8'}, {'type': {'displayName': 'PassEndY', 'value': 141}, 'value': '37.8'}, {'type': {'displayName': 'Angle', 'value': 213}, 'value': '5.48'}, {'type': {'displayName': 'Zone', 'value': 56}, 'value': 'Center'}, {'type': {'displayName': 'PassEndX', 'value': 140}, 'value': '83.6'}, {'type': {'displayName': 'ShotAssist', 'value': 210}, 'value': '15'}, {'type': {'displayName': 'IntentionalAssist', 'value': 154}}, {'type': {'displayName': 'BigChanceCreated', 'value': 11112}}, {'type': {'displayName': 'KeyPass', 'value': 11113}}]",True,,False,,,
1901403,FirstHalf,29,59.0,29,SavedShot,Successful,1290,Como,502427.0,Assane Diao,86.7,38.4,,,48.9,4.4,91.4,42.8,"[{'type': {'displayName': 'GoalMouthY', 'value': 102}, 'value': '48.9'}, {'type': {'displayName': 'IntentionalAssist', 'value': 154}}, {'type': {'displayName': 'BoxCentre', 'value': 17}}, {'type': {'displayName': 'OneOnOne', 'value': 89}}, {'type': {'displayName': 'FastBreak', 'value': 23}}, {'type': {'displayName': 'Assisted', 'value': 29}}, {'type': {'displayName': 'GoalMouthZ', 'value': 103}, 'value': '4.4'}, {'type': {'displayName': 'RelatedEventId', 'value': 55}, 'value': '271'}, {'type': {'displayName': 'OppositeRelatedEvent', 'value': 233}, 'value': '213'}, {'type': {'displayName': 'BlockedX', 'value': 146}, 'value': '91.4'}, {'type': {'displayName': 'BlockedY', 'value': 147}, 'value': '42.8'}, {'type': {'displayName': 'BigChance', 'value': 214}}, {'type': {'displayName': 'LowCentre', 'value': 78}}, {'type': {'displayName': 'LeftFoot', 'value': 72}}, {'type': {'displayName': 'Zone', 'value': 56}, 'value': 'Center'}]",True,True,False,,271.0,448659.0
1901403,FirstHalf,29,59.0,29,Save,Successful,276,Napoli,149474.0,Vanja Milinkovic-Savic,9.2,58.2,,,,,,,"[{'type': {'displayName': 'Zone', 'value': 56}, 'value': 'Back'}, {'type': {'displayName': 'ParriedSafe', 'value': 173}}, {'type': {'displayName': 'Feet', 'value': 183}}, {'type': {'displayName': 'OppositeRelatedEvent', 'value': 233}, 'value': '272'}, {'type': {'displayName': 'KeeperSaveInTheBox', 'value': 11115}}]",True,,False,,,
1901403,FirstHalf,30,4.0,30,SavedShot,Successful,1290,Como,379615.0,Lucas da Cunha,78.3,43.6,,,52.6,19.0,79.8,44.2,"[{'type': {'displayName': 'OppositeRelatedEvent', 'value': 233}, 'value': '214'}, {'type': {'displayName': 'LeftFoot', 'value': 72}}, {'type': {'displayName': 'GoalMouthY', 'value': 102}, 'value': '52.6'}, {'type': {'displayName': 'Blocked', 'value': 82}}, {'type': {'displayName': 'BlockedY', 'value': 147}, 'value': '44.2'}, {'type': {'displayName': 'OutOfBoxCentre', 'value': 18}}, {'type': {'displayName': 'BlockedX', 'value': 146}, 'value': '79.8'}, {'type': {'displayName': 'LowLeft', 'value': 76}}, {'type': {'displayName': 'IndividualPlay', 'value': 215}}, {'type': {'displayName': 'Zone', 'value': 56}, 'value': 'Center'}, {'type': {'displayName': 'GoalMouthZ', 'value': 103}, 'value': '19'}, {'type': {'displayName': 'FastBreak', 'value': 23}}]",True,True,False,,,
1901403,FirstHalf,30,4.0,30,Save,Successful,276,Napoli,557549.0,Alisson Santos,18.7,55.2,,,,,,,"[{'type': {'displayName': 'OppositeRelatedEvent', 'value': 233}, 'value': '273'}, {'type': {'displayName': 'Zone', 'value': 56}, 'value': 'Back'}, {'type': {'displayName': 'OutfielderBlock', 'value': 94}}]",True,,False,,,
1901403,FirstHalf,30,8.0,30,Clearance,Successful,276,Napoli,73084.0,Kevin De Bruyne,29.4,18.7,24.9,0.0,,,,,"[{'type': {'displayName': 'PassEndY', 'value': 141}, 'value': '0.0'}, {'type': {'displayName': 'PassEndX', 'value': 140}, 'value': '24.9'}, {'type': {'displayName': 'Zone', 'value': 56}, 'value': 'Back'}, {'type': {'displayName': 'Angle', 'value': 213}, 'value': '4.37'}, {'type': {'displayName': 'Length', 'value': 212}, 'value': '14.3'}]",True,,False,,,
1901403,FirstHalf,30,43.0,30,Pass,Successful,1290,Como,454341.0,Álex Valle,85.6,100.0,86.8,82.5,,,,,"[{'type': {'displayName': 'PassEndY', 'value': 141}, 'value': '82.5'}, {'type': {'displayName': 'PassEndX', 'value': 140}, 'value': '86.8'}, {'type': {'displayName': 'Angle', 'value': 213}, 'value': '4.81'}, {'type': {'displayName': 'Zone', 'value': 56}, 'value': 'Left'}, {'type': {'displayName': 'ThrowIn', 'value': 107}}, {'type': {'displayName': 'Length', 'value': 212}, 'value': '12.6'}]",True,,False,,,
1901403,FirstHalf,30,44.0,30,Pass,Successful,1290,Como,422873.0,Tasos Douvikas,86.8,82.5,86.5,86.4,,,,,"[{'type': {'displayName': 'Angle', 'value': 213}, 'value': '1.69'}, {'type': {'displayName': 'Length', 'value': 212}, 'value': '2.7'}, {'type': {'displayName': 'LayOff', 'value': 156}}, {'type': {'displayName': 'PassEndX', 'value': 140}, 'value': '86.5'}, {'type': {'displayName': 'PassEndY', 'value': 141}, 'value': '86.4'}, {'type': {'displayName': 'Zone', 'value': 56}, 'value': 'Left'}]",True,,False,,,
1901403,FirstHalf,30,45.0,30,Pass,Successful,1290,Como,407944.0,Martin Baturina,86.5,86.2,87.9,88.5,,,,,"[{'type': {'displayName': 'Length', 'value': 212}, 'value': '2.1'}, {'type': {'displayName': 'PassEndX', 'value': 140}, 'value': '87.9'}, {'type': {'displayName': 'Zone', 'value': 56}, 'value': 'Left'}, {'type': {'displayName': 'Angle', 'value': 213}, 'value': '0.82'}, {'type': {'displayName': 'PassEndY', 'value': 141}, 'value': '88.5'}]",True,,False,,,
1901403,FirstHalf,30,47.0,30,Pass,Successful,1290,Como,454341.0,Álex Valle,87.9,88.3,87.2,83.4,,,,,"[{'type': {'displayName': 'Length', 'value': 212}, 'value': '3.4'}, {'type': {'displayName': 'Angle', 'value': 213}, 'value': '4.50'}, {'type': {'displayName': 'Zone', 'value': 56}, 'value': 'Left'}, {'type': {'displayName': 'PassEndY', 'value': 141}, 'value': '83.4'}, {'type': {'displayName': 'PassEndX', 'value': 140}, 'value': '87.2'}]",True,,False,,,
1901403,FirstHalf,30,49.0,30,Pass,Unsuccessful,1290,Como,407944.0,Martin Baturina,87.2,83.4,87.5,77.1,,,,,"[{'type': {'displayName': 'Angle', 'value': 213}, 'value': '4.79'}, {'type': {'displayName': 'Zone', 'value': 56}, 'value': 'Center'}, {'type': {'displayName': 'Length', 'value': 212}, 'value': '4.3'}, {'type': {'displayName': 'PassEndX', 'value': 140}, 'value': '87.5'}, {'type': {'displayName': 'PassEndY', 'value': 141}, 'value': '77.1'}]",True,,False,,,
1901403,FirstHalf,30,50.0,30,Pass,Successful,276,Napoli,111892.0,Stanislav Lobotka,7.8,19.6,5.8,11.8,,,,,"[{'type': {'displayName': 'Zone', 'value': 56}, 'value': 'Back'}, {'type': {'displayName': 'PassEndY', 'value': 141}, 'value': '11.8'}, {'type': {'displayName': 'PassEndX', 'value': 140}, 'value': '5.8'}, {'type': {'displayName': 'Length', 'value': 212}, 'value': '5.7'}, {'type': {'displayName': 'Angle', 'value': 213}, 'value': '4.34'}]",True,,False,,,
1901403,FirstHalf,30,50.0,30,Pass,Successful,276,Napoli,122683.0,Matteo Politano,5.8,11.8,11.5,18.0,,,,,"[{'type': {'displayName': 'Length', 'value': 212}, 'value': '7.3'}, {'type': {'displayName': 'PassEndY', 'value': 141}, 'value': '18.0'}, {'type': {'displayName': 'PassEndX', 'value': 140}, 'value': '11.5'}, {'type': {'displayName': 'Angle', 'value': 213}, 'value': '0.61'}, {'type': {'displayName': 'Zone', 'value': 56}, 'value': 'Back'}]",True,,False,,,
1901403,FirstHalf,30,51.0,30,BallRecovery,Successful,276,Napoli,422739.0,Sam Beukema,11.5,15.8,,,,,,,[],False,,False,,,
1901403,FirstHalf,30,53.0,30,TakeOn,Unsuccessful,276,Napoli,422739.0,Sam Beukema,12.1,18.6,,,,,,,"[{'type': {'displayName': 'OverRun', 'value': 211}}, {'type': {'displayName': 'Zone', 'value': 56}, 'value': 'Back'}, {'type': {'displayName': 'Defensive', 'value': 285}}]",True,,False,,,
1901403,FirstHalf,30,55.0,30,BallTouch,Successful,1290,Como,454341.0,Álex Valle,85.1,76.0,,,,,,,"[{'type': {'displayName': 'Zone', 'value': 56}, 'value': 'Center'}]",True,,False,,,
1901403,FirstHalf,30,58.0,30,BallRecovery,Successful,1290,Como,407944.0,Martin Baturina,82.6,77.1,,,,,,,[],False,,False,,,
1901403,FirstHalf,30,58.0,30,Pass,Successful,1290,Como,407944.0,Martin Baturina,82.6,77.1,75.0,56.2,,,,,"[{'type': {'displayName': 'Length', 'value': 212}, 'value': '16.3'}, {'type': {'displayName': 'Zone', 'value': 56}, 'value': 'Center'}, {'type': {'displayName': 'Angle', 'value': 213}, 'value': '4.20'}, {'type': {'displayName': 'ShotAssist', 'value': 210}, 'value': '15'}, {'type': {'displayName': 'PassEndX', 'value': 140}, 'value': '75.0'}, {'type': {'displayName': 'PassEndY', 'value': 141}, 'value': '56.2'}, {'type': {'displayName': 'KeyPass', 'value': 11113}}]",True,,False,,,
1901403,FirstHalf,30,59.0,30,SavedShot,Successful,1290,Como,516374.0,Jacobo Ramón,76.3,57.5,,,49.9,19.0,77.7,57.0,"[{'type': {'displayName': 'BlockedX', 'value': 146}, 'value': '77.7'}, {'type': {'displayName': 'Zone', 'value': 56}, 'value': 'Center'}, {'type': {'displayName': 'RightFoot', 'value': 20}}, {'type': {'displayName': 'RegularPlay', 'value': 22}}, {'type': {'displayName': 'BlockedY', 'value': 147}, 'value': '57.0'}, {'type': {'displayName': 'IndividualPlay', 'value': 215}}, {'type': {'displayName': 'OppositeRelatedEvent', 'value': 233}, 'value': '221'}, {'type': {'displayName': 'Assisted', 'value': 29}}, {'type': {'displayName': 'GoalMouthZ', 'value': 103}, 'value': '19'}, {'type': {'displayName': 'OutOfBoxCentre', 'value': 18}}, {'type': {'displayName': 'RelatedEventId', 'value': 55}, 'value': '283'}, {'type': {'displayName': 'Blocked', 'value': 82}}, {'type': {'displayName': 'LowCentre', 'value': 78}}, {'type': {'displayName': 'GoalMouthY', 'value': 102}, 'value': '49.9'}]",True,True,False,,283.0,407944.0
1901403,FirstHalf,30,59.0,30,Save,Successful,276,Napoli,336915.0,Scott McTominay,21.4,43.6,,,,,,,"[{'type': {'displayName': 'OutfielderBlock', 'value': 94}}, {'type': {'displayName': 'OppositeRelatedEvent', 'value': 233}, 'value': '284'}, {'type': {'displayName': 'Zone', 'value': 56}, 'value': 'Back'}]",True,,False,,,
1901403,FirstHalf,31,2.0,31,Pass,Unsuccessful,1290,Como,448659.0,Nico Paz,77.6,20.7,100.0,70.7,,,,,"[{'type': {'displayName': 'LeftFoot', 'value': 72}}, {'type': {'displayName': 'Cross', 'value': 2}}, {'type': {'displayName': 'Angle', 'value': 213}, 'value': '0.94'}, {'type': {'displayName': 'PassEndY', 'value': 141}, 'value': '70.7'}, {'type': {'displayName': 'Length', 'value': 212}, 'value': '42.2'}, {'type': {'displayName': 'Chipped', 'value': 155}}, {'type': {'displayName': 'Zone', 'value': 56}, 'value': 'Center'}, {'type': {'displayName': 'Longball', 'value': 1}}, {'type': {'displayName': 'PassEndX', 'value': 140}, 'value': '100.0'}]",True,,False,,,
1901403,FirstHalf,31,32.0,31,Pass,Unsuccessful,276,Napoli,149474.0,Vanja Milinkovic-Savic,3.1,51.0,92.4,10.9,,,,,"[{'type': {'displayName': 'Zone', 'value': 56}, 'value': 'Right'}, {'type': {'displayName': 'Chipped', 'value': 155}}, {'type': {'displayName': 'PassEndX', 'value': 140}, 'value': '92.4'}, {'type': {'displayName': 'PassEndY', 'value': 141}, 'value': '10.9'}, {'type': {'displayName': 'MissHigh', 'value': 74}}, {'type': {'displayName': 'Angle', 'value': 213}, 'value': '6.00'}, {'type': {'displayName': 'GoalKick', 'value': 124}}, {'type': {'displayName': 'Length', 'value': 212}, 'value': '97.6'}, {'type': {'displayName': 'Longball', 'value': 1}}]",True,,False,,,
1901403,FirstHalf,31,38.0,31,Clearance,Successful,1290,Como,134984.0,Diego Carlos,9.4,84.4,11.8,100.0,,,,,"[{'type': {'displayName': 'PassEndX', 'value': 140}, 'value': '11.8'}, {'type': {'displayName': 'Length', 'value': 212}, 'value': '11.7'}, {'type': {'displayName': 'Zone', 'value': 56}, 'value': 'Back'}, {'type': {'displayName': 'PassEndY', 'value': 141}, 'value': '100.0'}, {'type': {'displayName': 'Angle', 'value': 213}, 'value': '1.35'}]",True,,False,,,
1901403,FirstHalf,31,55.0,31,Pass,Successful,276,Napoli,122683.0,Matteo Politano,84.4,0.0,86.2,11.8,,,,,"[{'type': {'displayName': 'PassEndY', 'value': 141}, 'value': '11.8'}, {'type': {'displayName': 'PassEndX', 'value': 140}, 'value': '86.2'}, {'type': {'displayName': 'Length', 'value': 212}, 'value': '8.8'}, {'type': {'displayName': 'Zone', 'value': 56}, 'value': 'Right'}, {'type': {'displayName': 'Angle', 'value': 213}, 'value': '1.36'}, {'type': {'displayName': 'ThrowIn', 'value': 107}}]",True,,False,,,
1901403,FirstHalf,31,56.0,31,Pass,Successful,276,Napoli,73084.0,Kevin De Bruyne,86.2,11.8,88.3,2.5,,,,,"[{'type': {'displayName': 'Zone', 'value': 56}, 'value': 'Right'}, {'type': {'displayName': 'PassEndX', 'value': 140}, 'value': '88.3'}, {'type': {'displayName': 'Angle', 'value': 213}, 'value': '5.05'}, {'type': {'displayName': 'PassEndY', 'value': 141}, 'value': '2.5'}, {'type': {'displayName': 'Length', 'value': 212}, 'value': '6.7'}]",True,,False,,,
1901403,FirstHalf,32,1.0,32,Pass,Unsuccessful,276,Napoli,122683.0,Matteo Politano,97.4,11.1,96.2,15.8,,,,,"[{'type': {'displayName': 'OppositeRelatedEvent', 'value': 233}, 'value': '289'}, {'type': {'displayName': 'PassEndY', 'value': 141}, 'value': '15.8'}, {'type': {'displayName': 'PassEndX', 'value': 140}, 'value': '96.2'}, {'type': {'displayName': 'Cross', 'value': 2}}, {'type': {'displayName': 'Offensive', 'value': 286}}, {'type': {'displayName': 'Length', 'value': 212}, 'value': '3.4'}, {'type': {'displayName': 'Zone', 'value': 56}, 'value': 'Right'}, {'type': {'displayName': 'Chipped', 'value': 155}}, {'type': {'displayName': 'Angle', 'value': 213}, 'value': '1.95'}, {'type': {'displayName': 'RightFoot', 'value': 20}}]",True,,False,,,
1901403,FirstHalf,32,1.0,32,Clearance,Successful,1290,Como,454341.0,Álex Valle,3.8,84.2,,,,,,,"[{'type': {'displayName': 'Zone', 'value': 56}, 'value': 'Back'}, {'type': {'displayName': 'BlockedCross', 'value': 185}}, {'type': {'displayName': 'OppositeRelatedEvent', 'value': 233}, 'value': '228'}]",True,,False,,,
1901403,FirstHalf,32,4.0,32,Clearance,Successful,1290,Como,448659.0,Nico Paz,9.2,77.7,62.3,82.3,,,,,"[{'type': {'displayName': 'Length', 'value': 212}, 'value': '55.8'}, {'type': {'displayName': 'PassEndX', 'value': 140}, 'value': '62.3'}, {'type': {'displayName': 'PassEndY', 'value': 141}, 'value': '82.3'}, {'type': {'displayName': 'Angle', 'value': 213}, 'value': '0.06'}, {'type': {'displayName': 'Zone', 'value': 56}, 'value': 'Left'}]",True,,False,,,
1901403,FirstHalf,32,12.0,32,Pass,Successful,276,Napoli,295358.0,Amir Rrahmani,42.7,17.7,46.6,28.6,,,,,"[{'type': {'displayName': 'Length', 'value': 212}, 'value': '8.5'}, {'type': {'displayName': 'PassEndY', 'value': 141}, 'value': '28.6'}, {'type': {'displayName': 'Angle', 'value': 213}, 'value': '1.07'}, {'type': {'displayName': 'PassEndX', 'value': 140}, 'value': '46.6'}, {'type': {'displayName': 'Zone', 'value': 56}, 'value': 'Back'}]",True,,False,,,
1901403,FirstHalf,32,13.0,32,Pass,Successful,276,Napoli,111892.0,Stanislav Lobotka,46.6,28.6,39.4,16.8,,,,,"[{'type': {'displayName': 'PassEndY', 'value': 141}, 'value': '16.8'}, {'type': {'displayName': 'PassEndX', 'value': 140}, 'value': '39.4'}, {'type': {'displayName': 'Angle', 'value': 213}, 'value': '3.96'}, {'type': {'displayName': 'Length', 'value': 212}, 'value': '11.0'}, {'type': {'displayName': 'Zone', 'value': 56}, 'value': 'Back'}]",True,,False,,,
1901403,FirstHalf,32,16.0,32,Pass,Unsuccessful,276,Napoli,295358.0,Amir Rrahmani,43.5,17.2,86.5,49.8,,,,,"[{'type': {'displayName': 'Length', 'value': 212}, 'value': '50.3'}, {'type': {'displayName': 'Longball', 'value': 1}}, {'type': {'displayName': 'Zone', 'value': 56}, 'value': 'Center'}, {'type': {'displayName': 'Chipped', 'value': 155}}, {'type': {'displayName': 'Angle', 'value': 213}, 'value': '0.46'}, {'type': {'displayName': 'PassEndX', 'value': 140}, 'value': '86.5'}, {'type': {'displayName': 'PassEndY', 'value': 141}, 'value': '49.8'}]",True,,False,,,
1901403,FirstHalf,32,19.0,32,KeeperPickup,Successful,1290,Como,256536.0,Jean Butez,12.7,45.3,,,,,,,[],False,,False,,,
1901403,FirstHalf,32,23.0,32,Pass,Successful,1290,Como,256536.0,Jean Butez,12.7,44.2,25.9,31.8,,,,,"[{'type': {'displayName': 'PassEndY', 'value': 141}, 'value': '31.8'}, {'type': {'displayName': 'PassEndX', 'value': 140}, 'value': '25.9'}, {'type': {'displayName': 'Length', 'value': 212}, 'value': '16.2'}, {'type': {'displayName': 'Zone', 'value': 56}, 'value': 'Back'}, {'type': {'displayName': 'Angle', 'value': 213}, 'value': '5.74'}]",True,,False,,,
1901403,FirstHalf,32,26.0,32,Pass,Successful,1290,Como,516374.0,Jacobo Ramón,25.9,31.8,39.0,23.5,,,,,"[{'type': {'displayName': 'PassEndX', 'value': 140}, 'value': '39.0'}, {'type': {'displayName': 'PassEndY', 'value': 141}, 'value': '23.5'}, {'type': {'displayName': 'Zone', 'value': 56}, 'value': 'Back'}, {'type': {'displayName': 'Angle', 'value': 213}, 'value': '5.89'}, {'type': {'displayName': 'Length', 'value': 212}, 'value': '14.9'}]",True,,False,,,
1901403,FirstHalf,32,27.0,32,Pass,Successful,1290,Como,379615.0,Lucas da Cunha,39.0,23.5,28.8,27.9,,,,,"[{'type': {'displayName': 'Zone', 'value': 56}, 'value': 'Back'}, {'type': {'displayName': 'PassEndX', 'value': 140}, 'value': '28.8'}, {'type': {'displayName': 'Angle', 'value': 213}, 'value': '2.87'}, {'type': {'displayName': 'PassEndY', 'value': 141}, 'value': '27.9'}, {'type': {'displayName': 'LayOff', 'value': 156}}, {'type': {'displayName': 'Length', 'value': 212}, 'value': '11.1'}]",True,,False,,,
1901403,FirstHalf,32,32.0,32,Pass,Successful,1290,Como,516374.0,Jacobo Ramón,37.2,25.5,48.6,65.2,,,,,"[{'type': {'displayName': 'PassEndY', 'value': 141}, 'value': '65.2'}, {'type': {'displayName': 'Zone', 'value': 56}, 'value': 'Back'}, {'type': {'displayName': 'Angle', 'value': 213}, 'value': '1.15'}, {'type': {'displayName': 'Length', 'value': 212}, 'value': '29.5'}, {'type': {'displayName': 'PassEndX', 'value': 140}, 'value': '48.6'}]",True,,False,,,
1901403,FirstHalf,32,35.0,32,Pass,Successful,1290,Como,448659.0,Nico Paz,49.1,65.4,66.8,89.7,,,,,"[{'type': {'displayName': 'Zone', 'value': 56}, 'value': 'Left'}, {'type': {'displayName': 'Angle', 'value': 213}, 'value': '0.73'}, {'type': {'displayName': 'PassEndY', 'value': 141}, 'value': '89.7'}, {'type': {'displayName': 'PassEndX', 'value': 140}, 'value': '66.8'}, {'type': {'displayName': 'Length', 'value': 212}, 'value': '24.9'}]",True,,False,,,
1901403,FirstHalf,32,39.0,32,Pass,Successful,1290,Como,454341.0,Álex Valle,71.0,77.7,68.7,74.5,,,,,"[{'type': {'displayName': 'PassEndX', 'value': 140}, 'value': '68.7'}, {'type': {'displayName': 'PassEndY', 'value': 141}, 'value': '74.5'}, {'type': {'displayName': 'Zone', 'value': 56}, 'value': 'Center'}, {'type': {'displayName': 'Length', 'value': 212}, 'value': '3.3'}, {'type': {'displayName': 'Angle', 'value': 213}, 'value': '3.87'}]",True,,False,,,
1901403,FirstHalf,32,44.0,32,Pass,Successful,1290,Como,407944.0,Martin Baturina,70.7,64.8,68.1,58.0,,,,,"[{'type': {'displayName': 'PassEndX', 'value': 140}, 'value': '68.1'}, {'type': {'displayName': 'Angle', 'value': 213}, 'value': '4.18'}, {'type': {'displayName': 'Zone', 'value': 56}, 'value': 'Center'}, {'type': {'displayName': 'PassEndY', 'value': 141}, 'value': '58.0'}, {'type': {'displayName': 'Length', 'value': 212}, 'value': '5.4'}]",True,,False,,,
1901403,FirstHalf,32,45.0,32,Pass,Successful,1290,Como,448659.0,Nico Paz,68.1,56.8,64.4,43.3,,,,,"[{'type': {'displayName': 'PassEndX', 'value': 140}, 'value': '64.4'}, {'type': {'displayName': 'PassEndY', 'value': 141}, 'value': '43.3'}, {'type': {'displayName': 'Angle', 'value': 213}, 'value': '4.31'}, {'type': {'displayName': 'Length', 'value': 212}, 'value': '10.0'}, {'type': {'displayName': 'Zone', 'value': 56}, 'value': 'Center'}]",True,,False,,,
1901403,FirstHalf,32,47.0,32,Pass,Successful,1290,Como,433972.0,Máximo Perrone,64.4,43.3,66.8,28.2,,,,,"[{'type': {'displayName': 'PassEndY', 'value': 141}, 'value': '28.2'}, {'type': {'displayName': 'Angle', 'value': 213}, 'value': '4.95'}, {'type': {'displayName': 'Length', 'value': 212}, 'value': '10.6'}, {'type': {'displayName': 'PassEndX', 'value': 140}, 'value': '66.8'}, {'type': {'displayName': 'Zone', 'value': 56}, 'value': 'Center'}]",True,,False,,,
1901403,FirstHalf,32,50.0,32,Pass,Successful,1290,Como,516374.0,Jacobo Ramón,66.8,28.2,65.1,11.5,,,,,"[{'type': {'displayName': 'PassEndY', 'value': 141}, 'value': '11.5'}, {'type': {'displayName': 'PassEndX', 'value': 140}, 'value': '65.1'}, {'type': {'displayName': 'Length', 'value': 212}, 'value': '11.5'}, {'type': {'displayName': 'Zone', 'value': 56}, 'value': 'Right'}, {'type': {'displayName': 'Angle', 'value': 213}, 'value': '4.56'}]",True,,False,,,
1901403,FirstHalf,32,52.0,32,Pass,Successful,1290,Como,531127.0,Ivan Smolcic,65.1,11.5,72.6,4.0,,,,,"[{'type': {'displayName': 'PassEndX', 'value': 140}, 'value': '72.6'}, {'type': {'displayName': 'Zone', 'value': 56}, 'value': 'Right'}, {'type': {'displayName': 'Length', 'value': 212}, 'value': '9.4'}, {'type': {'displayName': 'Angle', 'value': 213}, 'value': '5.71'}, {'type': {'displayName': 'PassEndY', 'value': 141}, 'value': '4.0'}]",True,,False,,,
1901403,FirstHalf,32,56.0,32,Pass,Successful,1290,Como,379615.0,Lucas da Cunha,73.7,7.6,63.9,15.4,,,,,"[{'type': {'displayName': 'Zone', 'value': 56}, 'value': 'Right'}, {'type': {'displayName': 'PassEndY', 'value': 141}, 'value': '15.4'}, {'type': {'displayName': 'PassEndX', 'value': 140}, 'value': '63.9'}, {'type': {'displayName': 'Angle', 'value': 213}, 'value': '2.67'}, {'type': {'displayName': 'Length', 'value': 212}, 'value': '11.6'}]",True,,False,,,
1901403,FirstHalf,32,58.0,32,Pass,Successful,1290,Como,531127.0,Ivan Smolcic,66.2,21.9,61.4,30.7,,,,,"[{'type': {'displayName': 'Length', 'value': 212}, 'value': '7.8'}, {'type': {'displayName': 'Angle', 'value': 213}, 'value': '2.27'}, {'type': {'displayName': 'Zone', 'value': 56}, 'value': 'Center'}, {'type': {'displayName': 'PassEndY', 'value': 141}, 'value': '30.7'}, {'type': {'displayName': 'PassEndX', 'value': 140}, 'value': '61.4'}]",True,,False,,,
1901403,FirstHalf,33,0.0,33,Pass,Successful,1290,Como,516374.0,Jacobo Ramón,63.9,34.5,63.1,53.2,,,,,"[{'type': {'displayName': 'Zone', 'value': 56}, 'value': 'Center'}, {'type': {'displayName': 'Angle', 'value': 213}, 'value': '1.64'}, {'type': {'displayName': 'PassEndY', 'value': 141}, 'value': '53.2'}, {'type': {'displayName': 'PassEndX', 'value': 140}, 'value': '63.1'}, {'type': {'displayName': 'Length', 'value': 212}, 'value': '12.7'}]",True,,False,,,
1901403,FirstHalf,33,2.0,33,Pass,Successful,1290,Como,433972.0,Máximo Perrone,62.5,47.7,54.9,29.2,,,,,"[{'type': {'displayName': 'PassEndX', 'value': 140}, 'value': '54.9'}, {'type': {'displayName': 'PassEndY', 'value': 141}, 'value': '29.2'}, {'type': {'displayName': 'Angle', 'value': 213}, 'value': '4.15'}, {'type': {'displayName': 'Length', 'value': 212}, 'value': '14.9'}, {'type': {'displayName': 'Zone', 'value': 56}, 'value': 'Center'}]",True,,False,,,
1901403,FirstHalf,33,4.0,33,Pass,Successful,1290,Como,516374.0,Jacobo Ramón,54.9,29.2,60.2,35.2,,,,,"[{'type': {'displayName': 'Angle', 'value': 213}, 'value': '0.63'}, {'type': {'displayName': 'Length', 'value': 212}, 'value': '6.9'}, {'type': {'displayName': 'Zone', 'value': 56}, 'value': 'Center'}, {'type': {'displayName': 'PassEndX', 'value': 140}, 'value': '60.2'}, {'type': {'displayName': 'PassEndY', 'value': 141}, 'value': '35.2'}]",True,,False,,,
1901403,FirstHalf,33,6.0,33,Pass,Successful,1290,Como,433972.0,Máximo Perrone,60.2,35.2,49.4,33.9,,,,,"[{'type': {'displayName': 'Zone', 'value': 56}, 'value': 'Back'}, {'type': {'displayName': 'PassEndX', 'value': 140}, 'value': '49.4'}, {'type': {'displayName': 'Length', 'value': 212}, 'value': '11.4'}, {'type': {'displayName': 'PassEndY', 'value': 141}, 'value': '33.9'}, {'type': {'displayName': 'Angle', 'value': 213}, 'value': '3.22'}]",True,,False,,,
1901403,FirstHalf,33,7.0,33,Pass,Successful,1290,Como,516374.0,Jacobo Ramón,48.0,39.1,45.1,69.3,,,,,"[{'type': {'displayName': 'PassEndY', 'value': 141}, 'value': '69.3'}, {'type': {'displayName': 'Length', 'value': 212}, 'value': '20.8'}, {'type': {'displayName': 'PassEndX', 'value': 140}, 'value': '45.1'}, {'type': {'displayName': 'Zone', 'value': 56}, 'value': 'Back'}, {'type': {'displayName': 'Angle', 'value': 213}, 'value': '1.72'}]",True,,False,,,
1901403,FirstHalf,33,15.0,33,Pass,Successful,1290,Como,134984.0,Diego Carlos,42.5,81.0,57.2,89.4,,,,,"[{'type': {'displayName': 'Zone', 'value': 56}, 'value': 'Left'}, {'type': {'displayName': 'Length', 'value': 212}, 'value': '16.5'}, {'type': {'displayName': 'PassEndX', 'value': 140}, 'value': '57.2'}, {'type': {'displayName': 'PassEndY', 'value': 141}, 'value': '89.4'}, {'type': {'displayName': 'Angle', 'value': 213}, 'value': '0.35'}]",True,,False,,,
1901403,FirstHalf,33,18.0,33,Pass,Unsuccessful,1290,Como,448659.0,Nico Paz,66.3,92.7,100.0,89.4,,,,,"[{'type': {'displayName': 'PassEndY', 'value': 141}, 'value': '89.4'}, {'type': {'displayName': 'Length', 'value': 212}, 'value': '36.8'}, {'type': {'displayName': 'Zone', 'value': 56}, 'value': 'Left'}, {'type': {'displayName': 'PassEndX', 'value': 140}, 'value': '100.0'}, {'type': {'displayName': 'Angle', 'value': 213}, 'value': '6.22'}, {'type': {'displayName': 'Longball', 'value': 1}}]",True,,False,,,
1901403,FirstHalf,33,54.0,33,Pass,Unsuccessful,276,Napoli,149474.0,Vanja Milinkovic-Savic,3.9,49.2,75.1,47.7,,,,,"[{'type': {'displayName': 'PassEndX', 'value': 140}, 'value': '75.1'}, {'type': {'displayName': 'GoalKick', 'value': 124}}, {'type': {'displayName': 'Zone', 'value': 56}, 'value': 'Center'}, {'type': {'displayName': 'MissHigh', 'value': 74}}, {'type': {'displayName': 'Angle', 'value': 213}, 'value': '6.27'}, {'type': {'displayName': 'Longball', 'value': 1}}, {'type': {'displayName': 'PassEndY', 'value': 141}, 'value': '47.7'}, {'type': {'displayName': 'Length', 'value': 212}, 'value': '74.8'}]",True,,False,,,
1901403,FirstHalf,33,56.0,33,Aerial,Successful,1290,Como,134984.0,Diego Carlos,24.9,52.3,,,,,,,"[{'type': {'displayName': 'OppositeRelatedEvent', 'value': 233}, 'value': '234'}, {'type': {'displayName': 'Defensive', 'value': 285}}, {'type': {'displayName': 'Zone', 'value': 56}, 'value': 'Back'}]",False,,False,,,
1901403,FirstHalf,33,56.0,33,Aerial,Unsuccessful,276,Napoli,439584.0,Rasmus Højlund,75.1,47.7,,,,,,,"[{'type': {'displayName': 'OppositeRelatedEvent', 'value': 233}, 'value': '314'}, {'type': {'displayName': 'Offensive', 'value': 286}}, {'type': {'displayName': 'Zone', 'value': 56}, 'value': 'Center'}]",False,,False,,,
1901403,FirstHalf,33,57.0,33,Pass,Unsuccessful,1290,Como,134984.0,Diego Carlos,24.9,52.3,52.5,53.5,,,,,"[{'type': {'displayName': 'Angle', 'value': 213}, 'value': '0.03'}, {'type': {'displayName': 'Length', 'value': 212}, 'value': '29.0'}, {'type': {'displayName': 'PassEndX', 'value': 140}, 'value': '52.5'}, {'type': {'displayName': 'PassEndY', 'value': 141}, 'value': '53.5'}, {'type': {'displayName': 'Zone', 'value': 56}, 'value': 'Center'}, {'type': {'displayName': 'HeadPass', 'value': 3}}]",True,,False,,,
1901403,FirstHalf,34,0.0,34,Pass,Successful,276,Napoli,111892.0,Stanislav Lobotka,45.9,46.0,52.6,56.7,,,,,"[{'type': {'displayName': 'PassEndX', 'value': 140}, 'value': '52.6'}, {'type': {'displayName': 'PassEndY', 'value': 141}, 'value': '56.7'}, {'type': {'displayName': 'Length', 'value': 212}, 'value': '10.1'}, {'type': {'displayName': 'Zone', 'value': 56}, 'value': 'Center'}, {'type': {'displayName': 'HeadPass', 'value': 3}}, {'type': {'displayName': 'Angle', 'value': 213}, 'value': '0.80'}]",True,,False,,,
1901403,FirstHalf,34,1.0,34,Pass,Successful,276,Napoli,336915.0,Scott McTominay,52.6,56.7,54.3,43.0,,,,,"[{'type': {'displayName': 'PassEndX', 'value': 140}, 'value': '54.3'}, {'type': {'displayName': 'PassEndY', 'value': 141}, 'value': '43.0'}, {'type': {'displayName': 'Zone', 'value': 56}, 'value': 'Center'}, {'type': {'displayName': 'Angle', 'value': 213}, 'value': '4.90'}, {'type': {'displayName': 'HeadPass', 'value': 3}}, {'type': {'displayName': 'Length', 'value': 212}, 'value': '9.5'}]",True,,False,,,
1901403,FirstHalf,34,6.0,34,Pass,Successful,276,Napoli,73084.0,Kevin De Bruyne,71.4,45.7,94.9,19.0,,,,,"[{'type': {'displayName': 'Zone', 'value': 56}, 'value': 'Right'}, {'type': {'displayName': 'Length', 'value': 212}, 'value': '30.6'}, {'type': {'displayName': 'Angle', 'value': 213}, 'value': '5.65'}, {'type': {'displayName': 'PassEndY', 'value': 141}, 'value': '19.0'}, {'type': {'displayName': 'PassEndX', 'value': 140}, 'value': '94.9'}]",True,,False,,,
1901403,FirstHalf,34,11.0,34,Pass,Successful,276,Napoli,122683.0,Matteo Politano,96.3,19.3,84.4,28.5,,,,,"[{'type': {'displayName': 'PassEndY', 'value': 141}, 'value': '28.5'}, {'type': {'displayName': 'Length', 'value': 212}, 'value': '14.0'}, {'type': {'displayName': 'Angle', 'value': 213}, 'value': '2.68'}, {'type': {'displayName': 'PassEndX', 'value': 140}, 'value': '84.4'}, {'type': {'displayName': 'Zone', 'value': 56}, 'value': 'Center'}]",True,,False,,,
1901403,FirstHalf,34,12.0,34,Pass,Unsuccessful,276,Napoli,73084.0,Kevin De Bruyne,84.4,28.5,92.3,51.0,,,,,"[{'type': {'displayName': 'PassEndX', 'value': 140}, 'value': '92.3'}, {'type': {'displayName': 'Angle', 'value': 213}, 'value': '1.07'}, {'type': {'displayName': 'Length', 'value': 212}, 'value': '17.4'}, {'type': {'displayName': 'Zone', 'value': 56}, 'value': 'Center'}, {'type': {'displayName': 'PassEndY', 'value': 141}, 'value': '51.0'}]",True,,False,,,
1901403,FirstHalf,34,13.0,34,Clearance,Successful,1290,Como,516374.0,Jacobo Ramón,7.4,47.4,32.8,100.0,,,,,"[{'type': {'displayName': 'PassEndY', 'value': 141}, 'value': '100.0'}, {'type': {'displayName': 'PassEndX', 'value': 140}, 'value': '32.8'}, {'type': {'displayName': 'Angle', 'value': 213}, 'value': '0.93'}, {'type': {'displayName': 'Length', 'value': 212}, 'value': '44.7'}, {'type': {'displayName': 'Zone', 'value': 56}, 'value': 'Back'}]",True,,False,,,
1901403,FirstHalf,36,56.0,36,Pass,Successful,276,Napoli,122683.0,Matteo Politano,65.4,0.0,66.8,14.8,,,,,"[{'type': {'displayName': 'PassEndX', 'value': 140}, 'value': '66.8'}, {'type': {'displayName': 'ThrowIn', 'value': 107}}, {'type': {'displayName': 'Angle', 'value': 213}, 'value': '1.44'}, {'type': {'displayName': 'Zone', 'value': 56}, 'value': 'Right'}, {'type': {'displayName': 'PassEndY', 'value': 141}, 'value': '14.8'}, {'type': {'displayName': 'Length', 'value': 212}, 'value': '11.4'}]",True,,False,,,
1901403,FirstHalf,36,58.0,36,Pass,Successful,276,Napoli,73084.0,Kevin De Bruyne,66.9,14.5,66.3,2.8,,,,,"[{'type': {'displayName': 'Zone', 'value': 56}, 'value': 'Right'}, {'type': {'displayName': 'Angle', 'value': 213}, 'value': '4.63'}, {'type': {'displayName': 'PassEndY', 'value': 141}, 'value': '2.8'}, {'type': {'displayName': 'PassEndX', 'value': 140}, 'value': '66.3'}, {'type': {'displayName': 'Length', 'value': 212}, 'value': '8.0'}]",True,,False,,,
1901403,FirstHalf,37,0.0,37,Pass,Successful,276,Napoli,122683.0,Matteo Politano,66.3,4.2,39.1,8.7,,,,,"[{'type': {'displayName': 'Angle', 'value': 213}, 'value': '3.03'}, {'type': {'displayName': 'Zone', 'value': 56}, 'value': 'Back'}, {'type': {'displayName': 'Length', 'value': 212}, 'value': '28.7'}, {'type': {'displayName': 'PassEndY', 'value': 141}, 'value': '8.7'}, {'type': {'displayName': 'PassEndX', 'value': 140}, 'value': '39.1'}]",True,,False,,,
1901403,FirstHalf,37,3.0,37,Pass,Successful,276,Napoli,422739.0,Sam Beukema,41.6,12.1,33.9,74.8,,,,,"[{'type': {'displayName': 'PassEndX', 'value': 140}, 'value': '33.9'}, {'type': {'displayName': 'PassEndY', 'value': 141}, 'value': '74.8'}, {'type': {'displayName': 'Length', 'value': 212}, 'value': '43.4'}, {'type': {'displayName': 'Angle', 'value': 213}, 'value': '1.76'}, {'type': {'displayName': 'Zone', 'value': 56}, 'value': 'Back'}, {'type': {'displayName': 'Longball', 'value': 1}}]",True,,False,,,
1901403,FirstHalf,37,7.0,37,Pass,Successful,276,Napoli,333373.0,Alessandro Buongiorno,40.4,67.9,40.0,51.1,,,,,"[{'type': {'displayName': 'Angle', 'value': 213}, 'value': '4.68'}, {'type': {'displayName': 'PassEndY', 'value': 141}, 'value': '51.1'}, {'type': {'displayName': 'Zone', 'value': 56}, 'value': 'Back'}, {'type': {'displayName': 'Length', 'value': 212}, 'value': '11.4'}, {'type': {'displayName': 'PassEndX', 'value': 140}, 'value': '40.0'}]",True,,False,,,
1901403,FirstHalf,37,15.0,37,Pass,Successful,276,Napoli,295358.0,Amir Rrahmani,46.3,48.9,54.7,37.0,,,,,"[{'type': {'displayName': 'Angle', 'value': 213}, 'value': '5.54'}, {'type': {'displayName': 'Zone', 'value': 56}, 'value': 'Center'}, {'type': {'displayName': 'Length', 'value': 212}, 'value': '12.0'}, {'type': {'displayName': 'PassEndX', 'value': 140}, 'value': '54.7'}, {'type': {'displayName': 'PassEndY', 'value': 141}, 'value': '37.0'}]",True,,False,,,
1901403,FirstHalf,37,16.0,37,Pass,Successful,276,Napoli,111892.0,Stanislav Lobotka,54.7,37.0,44.5,46.9,,,,,"[{'type': {'displayName': 'Zone', 'value': 56}, 'value': 'Back'}, {'type': {'displayName': 'PassEndX', 'value': 140}, 'value': '44.5'}, {'type': {'displayName': 'Length', 'value': 212}, 'value': '12.7'}, {'type': {'displayName': 'Angle', 'value': 213}, 'value': '2.58'}, {'type': {'displayName': 'PassEndY', 'value': 141}, 'value': '46.9'}, {'type': {'displayName': 'LayOff', 'value': 156}}]",True,,False,,,
1901403,FirstHalf,37,20.0,37,Pass,Successful,276,Napoli,295358.0,Amir Rrahmani,40.6,43.8,51.4,9.4,,,,,"[{'type': {'displayName': 'Zone', 'value': 56}, 'value': 'Right'}, {'type': {'displayName': 'PassEndX', 'value': 140}, 'value': '51.4'}, {'type': {'displayName': 'Angle', 'value': 213}, 'value': '5.16'}, {'type': {'displayName': 'Length', 'value': 212}, 'value': '26.0'}, {'type': {'displayName': 'PassEndY', 'value': 141}, 'value': '9.4'}]",True,,False,,,
1901403,FirstHalf,37,22.0,37,Pass,Successful,276,Napoli,73084.0,Kevin De Bruyne,47.3,8.8,33.2,30.9,,,,,"[{'type': {'displayName': 'PassEndX', 'value': 140}, 'value': '33.2'}, {'type': {'displayName': 'Length', 'value': 212}, 'value': '21.1'}, {'type': {'displayName': 'PassEndY', 'value': 141}, 'value': '30.9'}, {'type': {'displayName': 'Angle', 'value': 213}, 'value': '2.35'}, {'type': {'displayName': 'Zone', 'value': 56}, 'value': 'Back'}]",True,,False,,,
1901403,FirstHalf,37,25.0,37,Pass,Successful,276,Napoli,422739.0,Sam Beukema,34.2,31.2,44.3,36.4,,,,,"[{'type': {'displayName': 'Angle', 'value': 213}, 'value': '0.32'}, {'type': {'displayName': 'Zone', 'value': 56}, 'value': 'Back'}, {'type': {'displayName': 'PassEndY', 'value': 141}, 'value': '36.4'}, {'type': {'displayName': 'Length', 'value': 212}, 'value': '11.2'}, {'type': {'displayName': 'PassEndX', 'value': 140}, 'value': '44.3'}]",True,,False,,,
1901403,FirstHalf,37,27.0,37,Pass,Successful,276,Napoli,336915.0,Scott McTominay,42.9,37.0,34.1,54.9,,,,,"[{'type': {'displayName': 'PassEndY', 'value': 141}, 'value': '54.9'}, {'type': {'displayName': 'Zone', 'value': 56}, 'value': 'Back'}, {'type': {'displayName': 'PassEndX', 'value': 140}, 'value': '34.1'}, {'type': {'displayName': 'Angle', 'value': 213}, 'value': '2.22'}, {'type': {'displayName': 'Length', 'value': 212}, 'value': '15.3'}]",True,,False,,,
1901403,FirstHalf,37,30.0,37,Pass,Successful,276,Napoli,295358.0,Amir Rrahmani,33.1,53.4,34.4,88.5,,,,,"[{'type': {'displayName': 'PassEndY', 'value': 141}, 'value': '88.5'}, {'type': {'displayName': 'PassEndX', 'value': 140}, 'value': '34.4'}, {'type': {'displayName': 'Length', 'value': 212}, 'value': '23.9'}, {'type': {'displayName': 'Zone', 'value': 56}, 'value': 'Back'}, {'type': {'displayName': 'Angle', 'value': 213}, 'value': '1.51'}]",True,,False,,,
1901403,FirstHalf,37,33.0,37,Pass,Successful,276,Napoli,333373.0,Alessandro Buongiorno,34.4,89.8,45.7,99.1,,,,,"[{'type': {'displayName': 'PassEndX', 'value': 140}, 'value': '45.7'}, {'type': {'displayName': 'PassEndY', 'value': 141}, 'value': '99.1'}, {'type': {'displayName': 'Length', 'value': 212}, 'value': '13.4'}, {'type': {'displayName': 'Angle', 'value': 213}, 'value': '0.49'}, {'type': {'displayName': 'Zone', 'value': 56}, 'value': 'Back'}]",True,,False,,,
1901403,FirstHalf,37,35.0,37,Pass,Successful,276,Napoli,557549.0,Alisson Santos,43.7,98.8,22.8,97.5,,,,,"[{'type': {'displayName': 'Length', 'value': 212}, 'value': '22.0'}, {'type': {'displayName': 'Angle', 'value': 213}, 'value': '3.18'}, {'type': {'displayName': 'PassEndY', 'value': 141}, 'value': '97.5'}, {'type': {'displayName': 'Zone', 'value': 56}, 'value': 'Back'}, {'type': {'displayName': 'PassEndX', 'value': 140}, 'value': '22.8'}]",True,,False,,,
1901403,FirstHalf,37,37.0,37,Pass,Successful,276,Napoli,333373.0,Alessandro Buongiorno,22.8,93.7,8.8,72.7,,,,,"[{'type': {'displayName': 'PassEndY', 'value': 141}, 'value': '72.7'}, {'type': {'displayName': 'PassEndX', 'value': 140}, 'value': '8.8'}, {'type': {'displayName': 'Zone', 'value': 56}, 'value': 'Back'}, {'type': {'displayName': 'Length', 'value': 212}, 'value': '20.5'}, {'type': {'displayName': 'Angle', 'value': 213}, 'value': '3.91'}]",True,,False,,,
1901403,FirstHalf,37,45.0,37,Pass,Successful,276,Napoli,149474.0,Vanja Milinkovic-Savic,12.0,69.9,14.8,92.8,,,,,"[{'type': {'displayName': 'Angle', 'value': 213}, 'value': '1.38'}, {'type': {'displayName': 'Zone', 'value': 56}, 'value': 'Back'}, {'type': {'displayName': 'PassEndY', 'value': 141}, 'value': '92.8'}, {'type': {'displayName': 'PassEndX', 'value': 140}, 'value': '14.8'}, {'type': {'displayName': 'Length', 'value': 212}, 'value': '15.8'}]",True,,False,,,
1901403,FirstHalf,37,48.0,37,Pass,Successful,276,Napoli,333373.0,Alessandro Buongiorno,14.4,93.0,24.7,97.0,,,,,"[{'type': {'displayName': 'Length', 'value': 212}, 'value': '11.2'}, {'type': {'displayName': 'Angle', 'value': 213}, 'value': '0.25'}, {'type': {'displayName': 'PassEndY', 'value': 141}, 'value': '97.0'}, {'type': {'displayName': 'PassEndX', 'value': 140}, 'value': '24.7'}, {'type': {'displayName': 'Zone', 'value': 56}, 'value': 'Back'}]",True,,False,,,
1901403,FirstHalf,37,50.0,37,Pass,Unsuccessful,276,Napoli,395788.0,Miguel Gutiérrez,24.3,98.8,57.4,61.8,,,,,"[{'type': {'displayName': 'Longball', 'value': 1}}, {'type': {'displayName': 'PassEndY', 'value': 141}, 'value': '61.8'}, {'type': {'displayName': 'Zone', 'value': 56}, 'value': 'Center'}, {'type': {'displayName': 'PassEndX', 'value': 140}, 'value': '57.4'}, {'type': {'displayName': 'Length', 'value': 212}, 'value': '42.9'}, {'type': {'displayName': 'Angle', 'value': 213}, 'value': '5.66'}, {'type': {'displayName': 'Chipped', 'value': 155}}]",True,,False,,,
1901403,FirstHalf,37,54.0,37,BallRecovery,Successful,1290,Como,454341.0,Álex Valle,41.0,36.3,,,,,,,[],False,,False,,,
1901403,FirstHalf,37,54.0,37,Pass,Successful,1290,Como,454341.0,Álex Valle,41.0,36.3,11.1,37.8,,,,,"[{'type': {'displayName': 'Zone', 'value': 56}, 'value': 'Back'}, {'type': {'displayName': 'Length', 'value': 212}, 'value': '31.4'}, {'type': {'displayName': 'Angle', 'value': 213}, 'value': '3.11'}, {'type': {'displayName': 'PassEndY', 'value': 141}, 'value': '37.8'}, {'type': {'displayName': 'PassEndX', 'value': 140}, 'value': '11.1'}]",True,,False,,,
1901403,FirstHalf,37,59.0,37,Pass,Successful,1290,Como,256536.0,Jean Butez,11.1,36.7,18.9,65.7,,,,,"[{'type': {'displayName': 'PassEndY', 'value': 141}, 'value': '65.7'}, {'type': {'displayName': 'PassEndX', 'value': 140}, 'value': '18.9'}, {'type': {'displayName': 'Angle', 'value': 213}, 'value': '1.18'}, {'type': {'displayName': 'Length', 'value': 212}, 'value': '21.4'}, {'type': {'displayName': 'Zone', 'value': 56}, 'value': 'Back'}]",True,,False,,,
1901403,FirstHalf,38,1.0,38,Pass,Successful,1290,Como,454341.0,Álex Valle,18.9,65.7,4.4,47.2,,,,,"[{'type': {'displayName': 'Zone', 'value': 56}, 'value': 'Back'}, {'type': {'displayName': 'Length', 'value': 212}, 'value': '19.7'}, {'type': {'displayName': 'Angle', 'value': 213}, 'value': '3.83'}, {'type': {'displayName': 'PassEndX', 'value': 140}, 'value': '4.4'}, {'type': {'displayName': 'PassEndY', 'value': 141}, 'value': '47.2'}]",True,,False,,,
1901403,FirstHalf,38,5.0,38,Pass,Successful,1290,Como,256536.0,Jean Butez,4.4,47.2,22.1,7.6,,,,,"[{'type': {'displayName': 'Zone', 'value': 56}, 'value': 'Back'}, {'type': {'displayName': 'Longball', 'value': 1}}, {'type': {'displayName': 'Angle', 'value': 213}, 'value': '5.32'}, {'type': {'displayName': 'PassEndY', 'value': 141}, 'value': '7.6'}, {'type': {'displayName': 'Length', 'value': 212}, 'value': '32.7'}, {'type': {'displayName': 'PassEndX', 'value': 140}, 'value': '22.1'}]",True,,False,,,
1901403,FirstHalf,38,8.0,38,Pass,Successful,1290,Como,516374.0,Jacobo Ramón,22.1,7.6,41.4,26.1,,,,,"[{'type': {'displayName': 'Angle', 'value': 213}, 'value': '0.56'}, {'type': {'displayName': 'Zone', 'value': 56}, 'value': 'Back'}, {'type': {'displayName': 'Length', 'value': 212}, 'value': '23.9'}, {'type': {'displayName': 'Chipped', 'value': 155}}, {'type': {'displayName': 'PassEndY', 'value': 141}, 'value': '26.1'}, {'type': {'displayName': 'PassEndX', 'value': 140}, 'value': '41.4'}]",True,,False,,,
1901403,FirstHalf,38,10.0,38,Pass,Successful,1290,Como,448659.0,Nico Paz,41.2,26.1,33.4,28.0,,,,,"[{'type': {'displayName': 'Zone', 'value': 56}, 'value': 'Back'}, {'type': {'displayName': 'Angle', 'value': 213}, 'value': '2.99'}, {'type': {'displayName': 'HeadPass', 'value': 3}}, {'type': {'displayName': 'PassEndX', 'value': 140}, 'value': '33.4'}, {'type': {'displayName': 'Length', 'value': 212}, 'value': '8.3'}, {'type': {'displayName': 'LayOff', 'value': 156}}, {'type': {'displayName': 'PassEndY', 'value': 141}, 'value': '28.0'}]",True,,False,,,
1901403,FirstHalf,38,11.0,38,Pass,Successful,1290,Como,433972.0,Máximo Perrone,33.3,28.0,33.0,14.5,,,,,"[{'type': {'displayName': 'Length', 'value': 212}, 'value': '9.2'}, {'type': {'displayName': 'Angle', 'value': 213}, 'value': '4.68'}, {'type': {'displayName': 'PassEndX', 'value': 140}, 'value': '33.0'}, {'type': {'displayName': 'PassEndY', 'value': 141}, 'value': '14.5'}, {'type': {'displayName': 'Zone', 'value': 56}, 'value': 'Back'}]",True,,False,,,
1901403,FirstHalf,38,13.0,38,Pass,Successful,1290,Como,379615.0,Lucas da Cunha,32.7,14.5,20.2,8.7,,,,,"[{'type': {'displayName': 'Zone', 'value': 56}, 'value': 'Back'}, {'type': {'displayName': 'PassEndX', 'value': 140}, 'value': '20.2'}, {'type': {'displayName': 'PassEndY', 'value': 141}, 'value': '8.7'}, {'type': {'displayName': 'Angle', 'value': 213}, 'value': '3.43'}, {'type': {'displayName': 'Chipped', 'value': 155}}, {'type': {'displayName': 'Length', 'value': 212}, 'value': '13.7'}]",True,,False,,,
1901403,FirstHalf,38,14.0,38,Pass,Successful,1290,Como,516374.0,Jacobo Ramón,20.1,8.7,29.7,2.7,,,,,"[{'type': {'displayName': 'Angle', 'value': 213}, 'value': '5.90'}, {'type': {'displayName': 'PassEndX', 'value': 140}, 'value': '29.7'}, {'type': {'displayName': 'Zone', 'value': 56}, 'value': 'Back'}, {'type': {'displayName': 'PassEndY', 'value': 141}, 'value': '2.7'}, {'type': {'displayName': 'Length', 'value': 212}, 'value': '10.9'}]",True,,False,,,
1901403,FirstHalf,38,17.0,38,Pass,Successful,1290,Como,531127.0,Ivan Smolcic,24.4,7.2,3.9,36.3,,,,,"[{'type': {'displayName': 'Zone', 'value': 56}, 'value': 'Back'}, {'type': {'displayName': 'PassEndX', 'value': 140}, 'value': '3.9'}, {'type': {'displayName': 'Length', 'value': 212}, 'value': '29.2'}, {'type': {'displayName': 'PassEndY', 'value': 141}, 'value': '36.3'}, {'type': {'displayName': 'Angle', 'value': 213}, 'value': '2.40'}]",True,,False,,,
1901403,FirstHalf,38,21.0,38,Pass,Successful,1290,Como,256536.0,Jean Butez,3.9,36.3,32.1,8.1,,,,,"[{'type': {'displayName': 'Length', 'value': 212}, 'value': '35.3'}, {'type': {'displayName': 'Longball', 'value': 1}}, {'type': {'displayName': 'Angle', 'value': 213}, 'value': '5.71'}, {'type': {'displayName': 'PassEndY', 'value': 141}, 'value': '8.1'}, {'type': {'displayName': 'PassEndX', 'value': 140}, 'value': '32.1'}, {'type': {'displayName': 'Chipped', 'value': 155}}, {'type': {'displayName': 'Zone', 'value': 56}, 'value': 'Back'}]",True,,False,,,
1901403,FirstHalf,38,23.0,38,Pass,Successful,1290,Como,531127.0,Ivan Smolcic,32.2,8.1,37.4,37.8,,,,,"[{'type': {'displayName': 'HeadPass', 'value': 3}}, {'type': {'displayName': 'Length', 'value': 212}, 'value': '20.9'}, {'type': {'displayName': 'Angle', 'value': 213}, 'value': '1.31'}, {'type': {'displayName': 'PassEndY', 'value': 141}, 'value': '37.8'}, {'type': {'displayName': 'Zone', 'value': 56}, 'value': 'Back'}, {'type': {'displayName': 'PassEndX', 'value': 140}, 'value': '37.4'}]",True,,False,,,
1901403,FirstHalf,38,26.0,38,Pass,Successful,1290,Como,448659.0,Nico Paz,37.3,37.8,36.1,43.8,,,,,"[{'type': {'displayName': 'PassEndX', 'value': 140}, 'value': '36.1'}, {'type': {'displayName': 'PassEndY', 'value': 141}, 'value': '43.8'}, {'type': {'displayName': 'Angle', 'value': 213}, 'value': '1.87'}, {'type': {'displayName': 'Zone', 'value': 56}, 'value': 'Back'}, {'type': {'displayName': 'Length', 'value': 212}, 'value': '4.3'}]",True,,False,,,
1901403,FirstHalf,38,31.0,38,Pass,Successful,1290,Como,407944.0,Martin Baturina,37.2,67.6,66.0,84.9,,,,,"[{'type': {'displayName': 'Length', 'value': 212}, 'value': '32.4'}, {'type': {'displayName': 'PassEndX', 'value': 140}, 'value': '66.0'}, {'type': {'displayName': 'PassEndY', 'value': 141}, 'value': '84.9'}, {'type': {'displayName': 'Zone', 'value': 56}, 'value': 'Left'}, {'type': {'displayName': 'Angle', 'value': 213}, 'value': '0.37'}, {'type': {'displayName': 'Longball', 'value': 1}}, {'type': {'displayName': 'Chipped', 'value': 155}}]",True,,False,,,
1901403,FirstHalf,38,34.0,38,Pass,Successful,1290,Como,502427.0,Assane Diao,66.0,85.3,72.5,88.9,,,,,"[{'type': {'displayName': 'Zone', 'value': 56}, 'value': 'Left'}, {'type': {'displayName': 'Length', 'value': 212}, 'value': '7.3'}, {'type': {'displayName': 'Angle', 'value': 213}, 'value': '0.34'}, {'type': {'displayName': 'PassEndY', 'value': 141}, 'value': '88.9'}, {'type': {'displayName': 'PassEndX', 'value': 140}, 'value': '72.5'}]",True,,False,,,
1901403,FirstHalf,38,36.0,38,BallTouch,Unsuccessful,1290,Como,454341.0,Álex Valle,72.5,88.9,,,,,,,"[{'type': {'displayName': 'Zone', 'value': 56}, 'value': 'Left'}]",True,,False,,,
1901403,FirstHalf,38,39.0,38,BallRecovery,Successful,276,Napoli,295358.0,Amir Rrahmani,11.8,3.7,,,,,,,[],False,,False,,,
1901403,FirstHalf,38,43.0,38,Pass,Successful,276,Napoli,295358.0,Amir Rrahmani,10.9,15.7,24.4,6.7,,,,,"[{'type': {'displayName': 'PassEndY', 'value': 141}, 'value': '6.7'}, {'type': {'displayName': 'PassEndX', 'value': 140}, 'value': '24.4'}, {'type': {'displayName': 'Zone', 'value': 56}, 'value': 'Back'}, {'type': {'displayName': 'Length', 'value': 212}, 'value': '15.4'}, {'type': {'displayName': 'Angle', 'value': 213}, 'value': '5.88'}]",True,,False,,,
1901403,FirstHalf,38,44.0,38,Pass,Successful,276,Napoli,422739.0,Sam Beukema,29.3,7.3,30.4,19.2,,,,,"[{'type': {'displayName': 'Zone', 'value': 56}, 'value': 'Back'}, {'type': {'displayName': 'Length', 'value': 212}, 'value': '8.2'}, {'type': {'displayName': 'Angle', 'value': 213}, 'value': '1.43'}, {'type': {'displayName': 'PassEndY', 'value': 141}, 'value': '19.2'}, {'type': {'displayName': 'PassEndX', 'value': 140}, 'value': '30.4'}]",True,,False,,,
1901403,FirstHalf,38,48.0,38,Foul,Successful,276,Napoli,111892.0,Stanislav Lobotka,29.8,34.4,,,,,,,"[{'type': {'displayName': 'OppositeRelatedEvent', 'value': 233}, 'value': '338'}, {'type': {'displayName': 'Foul', 'value': 13}}, {'type': {'displayName': 'Zone', 'value': 56}, 'value': 'Back'}, {'type': {'displayName': 'Defensive', 'value': 285}}]",True,,False,,,
1901403,FirstHalf,38,48.0,38,Foul,Unsuccessful,1290,Como,502427.0,Assane Diao,70.2,65.6,,,,,,,"[{'type': {'displayName': 'StandingSave', 'value': 178}}, {'type': {'displayName': 'Foul', 'value': 13}}, {'type': {'displayName': 'Offensive', 'value': 286}}, {'type': {'displayName': 'Zone', 'value': 56}, 'value': 'Center'}, {'type': {'displayName': 'OppositeRelatedEvent', 'value': 233}, 'value': '266'}]",False,,False,,,
1901403,FirstHalf,39,10.0,39,Pass,Unsuccessful,276,Napoli,295358.0,Amir Rrahmani,27.2,31.6,89.4,37.5,,,,,"[{'type': {'displayName': 'Length', 'value': 212}, 'value': '65.4'}, {'type': {'displayName': 'Longball', 'value': 1}}, {'type': {'displayName': 'Zone', 'value': 56}, 'value': 'Center'}, {'type': {'displayName': 'Angle', 'value': 213}, 'value': '0.06'}, {'type': {'displayName': 'Chipped', 'value': 155}}, {'type': {'displayName': 'FreekickTaken', 'value': 5}}, {'type': {'displayName': 'PassEndY', 'value': 141}, 'value': '37.5'}, {'type': {'displayName': 'PassEndX', 'value': 140}, 'value': '89.4'}]",True,,False,,,
1901403,FirstHalf,39,21.0,39,Foul,Successful,1290,Como,516374.0,Jacobo Ramón,13.0,60.7,,,,,,,"[{'type': {'displayName': 'OppositeRelatedEvent', 'value': 233}, 'value': '269'}, {'type': {'displayName': 'Zone', 'value': 56}, 'value': 'Back'}, {'type': {'displayName': 'Foul', 'value': 13}}, {'type': {'displayName': 'Defensive', 'value': 285}}]",True,,False,,,
1901403,FirstHalf,39,21.0,39,Foul,Unsuccessful,276,Napoli,439584.0,Rasmus Højlund,87.1,39.2,,,,,,,"[{'type': {'displayName': 'Foul', 'value': 13}}, {'type': {'displayName': 'StandingSave', 'value': 178}}, {'type': {'displayName': 'Zone', 'value': 56}, 'value': 'Center'}, {'type': {'displayName': 'Offensive', 'value': 286}}, {'type': {'displayName': 'OppositeRelatedEvent', 'value': 233}, 'value': '340'}]",False,,False,,,
1901403,FirstHalf,40,34.0,40,Pass,Unsuccessful,1290,Como,256536.0,Jean Butez,14.3,62.4,71.0,53.1,,,,,"[{'type': {'displayName': 'PassEndY', 'value': 141}, 'value': '53.1'}, {'type': {'displayName': 'FreekickTaken', 'value': 5}}, {'type': {'displayName': 'Length', 'value': 212}, 'value': '59.9'}, {'type': {'displayName': 'Longball', 'value': 1}}, {'type': {'displayName': 'Angle', 'value': 213}, 'value': '6.18'}, {'type': {'displayName': 'Zone', 'value': 56}, 'value': 'Center'}, {'type': {'displayName': 'PassEndX', 'value': 140}, 'value': '71.0'}]",True,,False,,,
1901403,FirstHalf,40,39.0,40,Pass,Unsuccessful,276,Napoli,295358.0,Amir Rrahmani,25.9,46.2,48.6,53.7,,,,,"[{'type': {'displayName': 'PassEndX', 'value': 140}, 'value': '48.6'}, {'type': {'displayName': 'Zone', 'value': 56}, 'value': 'Back'}, {'type': {'displayName': 'Length', 'value': 212}, 'value': '24.4'}, {'type': {'displayName': 'HeadPass', 'value': 3}}, {'type': {'displayName': 'PassEndY', 'value': 141}, 'value': '53.7'}, {'type': {'displayName': 'Angle', 'value': 213}, 'value': '0.21'}]",True,,False,,,
1901403,FirstHalf,40,41.0,40,Aerial,Successful,1290,Como,516374.0,Jacobo Ramón,51.4,46.3,,,,,,,"[{'type': {'displayName': 'OppositeRelatedEvent', 'value': 233}, 'value': '673'}, {'type': {'displayName': 'Zone', 'value': 56}, 'value': 'Center'}, {'type': {'displayName': 'Offensive', 'value': 286}}]",False,,False,,,
1901403,FirstHalf,40,41.0,40,Aerial,Unsuccessful,276,Napoli,439584.0,Rasmus Højlund,48.6,53.7,,,,,,,"[{'type': {'displayName': 'Defensive', 'value': 285}}, {'type': {'displayName': 'OppositeRelatedEvent', 'value': 233}, 'value': '834'}, {'type': {'displayName': 'Zone', 'value': 56}, 'value': 'Back'}]",False,,False,,,
1901403,FirstHalf,40,43.0,40,Pass,Successful,1290,Como,516374.0,Jacobo Ramón,51.4,46.3,53.6,45.0,,,,,"[{'type': {'displayName': 'HeadPass', 'value': 3}}, {'type': {'displayName': 'Zone', 'value': 56}, 'value': 'Center'}, {'type': {'displayName': 'Angle', 'value': 213}, 'value': '5.92'}, {'type': {'displayName': 'Length', 'value': 212}, 'value': '2.5'}, {'type': {'displayName': 'PassEndY', 'value': 141}, 'value': '45.0'}, {'type': {'displayName': 'PassEndX', 'value': 140}, 'value': '53.6'}]",True,,False,,,
1901403,FirstHalf,40,46.0,40,Pass,Successful,1290,Como,379615.0,Lucas da Cunha,54.1,43.0,39.9,24.0,,,,,"[{'type': {'displayName': 'PassEndX', 'value': 140}, 'value': '39.9'}, {'type': {'displayName': 'Length', 'value': 212}, 'value': '19.7'}, {'type': {'displayName': 'PassEndY', 'value': 141}, 'value': '24.0'}, {'type': {'displayName': 'Angle', 'value': 213}, 'value': '3.86'}, {'type': {'displayName': 'Zone', 'value': 56}, 'value': 'Back'}]",True,,False,,,
1901403,FirstHalf,40,48.0,40,Pass,Successful,1290,Como,531127.0,Ivan Smolcic,39.9,24.0,36.1,64.5,,,,,"[{'type': {'displayName': 'Length', 'value': 212}, 'value': '27.8'}, {'type': {'displayName': 'Zone', 'value': 56}, 'value': 'Back'}, {'type': {'displayName': 'PassEndY', 'value': 141}, 'value': '64.5'}, {'type': {'displayName': 'Angle', 'value': 213}, 'value': '1.71'}, {'type': {'displayName': 'PassEndX', 'value': 140}, 'value': '36.1'}]",True,,False,,,
1901403,FirstHalf,40,50.0,40,Pass,Successful,1290,Como,134984.0,Diego Carlos,36.1,64.5,43.6,90.0,,,,,"[{'type': {'displayName': 'PassEndX', 'value': 140}, 'value': '43.6'}, {'type': {'displayName': 'Zone', 'value': 56}, 'value': 'Back'}, {'type': {'displayName': 'Length', 'value': 212}, 'value': '19.0'}, {'type': {'displayName': 'Angle', 'value': 213}, 'value': '1.14'}, {'type': {'displayName': 'PassEndY', 'value': 141}, 'value': '90.0'}]",True,,False,,,
1901403,FirstHalf,40,53.0,40,Pass,Successful,1290,Como,454341.0,Álex Valle,43.6,90.0,73.6,88.6,,,,,"[{'type': {'displayName': 'Zone', 'value': 56}, 'value': 'Left'}, {'type': {'displayName': 'PassEndY', 'value': 141}, 'value': '88.6'}, {'type': {'displayName': 'Length', 'value': 212}, 'value': '31.5'}, {'type': {'displayName': 'Angle', 'value': 213}, 'value': '6.25'}, {'type': {'displayName': 'PassEndX', 'value': 140}, 'value': '73.6'}]",True,,False,,,
1901403,FirstHalf,40,58.0,40,BallTouch,Successful,1290,Como,422873.0,Tasos Douvikas,72.8,92.8,,,,,,,"[{'type': {'displayName': 'Zone', 'value': 56}, 'value': 'Left'}]",True,,False,,,
1901403,FirstHalf,40,59.0,40,Pass,Unsuccessful,1290,Como,454341.0,Álex Valle,70.5,95.1,74.4,87.9,,,,,"[{'type': {'displayName': 'Length', 'value': 212}, 'value': '6.4'}, {'type': {'displayName': 'PassEndX', 'value': 140}, 'value': '74.4'}, {'type': {'displayName': 'PassEndY', 'value': 141}, 'value': '87.9'}, {'type': {'displayName': 'Zone', 'value': 56}, 'value': 'Left'}, {'type': {'displayName': 'Angle', 'value': 213}, 'value': '5.41'}]",True,,False,,,
1901403,FirstHalf,41,0.0,41,BallRecovery,Successful,276,Napoli,422739.0,Sam Beukema,28.0,11.2,,,,,,,[],False,,False,,,
1901403,FirstHalf,41,1.0,41,Pass,Unsuccessful,276,Napoli,422739.0,Sam Beukema,28.9,9.7,31.5,7.9,,,,,"[{'type': {'displayName': 'OppositeRelatedEvent', 'value': 233}, 'value': '349'}, {'type': {'displayName': 'Zone', 'value': 56}, 'value': 'Back'}, {'type': {'displayName': 'Offensive', 'value': 286}}, {'type': {'displayName': 'Angle', 'value': 213}, 'value': '5.86'}, {'type': {'displayName': 'PassEndX', 'value': 140}, 'value': '31.5'}, {'type': {'displayName': 'PassEndY', 'value': 141}, 'value': '7.9'}, {'type': {'displayName': 'Length', 'value': 212}, 'value': '3.0'}]",True,,False,,,
1901403,FirstHalf,41,1.0,41,BlockedPass,Successful,1290,Como,407944.0,Martin Baturina,68.5,92.1,,,,,,,"[{'type': {'displayName': 'Defensive', 'value': 285}}, {'type': {'displayName': 'Zone', 'value': 56}, 'value': 'Left'}, {'type': {'displayName': 'OppositeRelatedEvent', 'value': 233}, 'value': '272'}]",True,,False,,,
1901403,FirstHalf,41,13.0,41,Pass,Successful,276,Napoli,122683.0,Matteo Politano,31.9,0.0,11.1,4.2,,,,,"[{'type': {'displayName': 'Length', 'value': 212}, 'value': '22.1'}, {'type': {'displayName': 'PassEndY', 'value': 141}, 'value': '4.2'}, {'type': {'displayName': 'Angle', 'value': 213}, 'value': '2.98'}, {'type': {'displayName': 'Zone', 'value': 56}, 'value': 'Back'}, {'type': {'displayName': 'ThrowIn', 'value': 107}}, {'type': {'displayName': 'PassEndX', 'value': 140}, 'value': '11.1'}, {'type': {'displayName': 'Longball', 'value': 1}}]",True,,False,,,
1901403,FirstHalf,41,16.0,41,Pass,Successful,276,Napoli,422739.0,Sam Beukema,7.9,4.6,3.7,40.5,,,,,"[{'type': {'displayName': 'PassEndX', 'value': 140}, 'value': '3.7'}, {'type': {'displayName': 'PassEndY', 'value': 141}, 'value': '40.5'}, {'type': {'displayName': 'Zone', 'value': 56}, 'value': 'Back'}, {'type': {'displayName': 'Angle', 'value': 213}, 'value': '1.75'}, {'type': {'displayName': 'Length', 'value': 212}, 'value': '24.8'}]",True,,False,,,
1901403,FirstHalf,41,18.0,41,Pass,Unsuccessful,276,Napoli,149474.0,Vanja Milinkovic-Savic,3.7,40.5,62.8,54.4,,,,,"[{'type': {'displayName': 'Angle', 'value': 213}, 'value': '0.15'}, {'type': {'displayName': 'PassEndX', 'value': 140}, 'value': '62.8'}, {'type': {'displayName': 'PassEndY', 'value': 141}, 'value': '54.4'}, {'type': {'displayName': 'Zone', 'value': 56}, 'value': 'Center'}, {'type': {'displayName': 'Longball', 'value': 1}}, {'type': {'displayName': 'Length', 'value': 212}, 'value': '62.8'}]",True,,False,,,
1901403,FirstHalf,41,23.0,41,Aerial,Successful,1290,Como,134984.0,Diego Carlos,37.2,45.6,,,,,,,"[{'type': {'displayName': 'Zone', 'value': 56}, 'value': 'Back'}, {'type': {'displayName': 'Defensive', 'value': 285}}, {'type': {'displayName': 'OppositeRelatedEvent', 'value': 233}, 'value': '674'}]",False,,False,,,
1901403,FirstHalf,41,23.0,41,Aerial,Unsuccessful,276,Napoli,439584.0,Rasmus Højlund,62.8,54.4,,,,,,,"[{'type': {'displayName': 'OppositeRelatedEvent', 'value': 233}, 'value': '835'}, {'type': {'displayName': 'Offensive', 'value': 286}}, {'type': {'displayName': 'Zone', 'value': 56}, 'value': 'Center'}]",False,,False,,,
1901403,FirstHalf,41,24.0,41,Pass,Successful,1290,Como,134984.0,Diego Carlos,37.2,45.6,51.7,38.5,,,,,"[{'type': {'displayName': 'PassEndY', 'value': 141}, 'value': '38.5'}, {'type': {'displayName': 'PassEndX', 'value': 140}, 'value': '51.7'}, {'type': {'displayName': 'Length', 'value': 212}, 'value': '16.0'}, {'type': {'displayName': 'HeadPass', 'value': 3}}, {'type': {'displayName': 'Zone', 'value': 56}, 'value': 'Center'}, {'type': {'displayName': 'Angle', 'value': 213}, 'value': '5.98'}]",True,,False,,,
1901403,FirstHalf,41,25.0,41,Pass,Successful,1290,Como,379615.0,Lucas da Cunha,51.7,38.5,46.2,47.8,,,,,"[{'type': {'displayName': 'PassEndX', 'value': 140}, 'value': '46.2'}, {'type': {'displayName': 'Zone', 'value': 56}, 'value': 'Back'}, {'type': {'displayName': 'Length', 'value': 212}, 'value': '8.6'}, {'type': {'displayName': 'PassEndY', 'value': 141}, 'value': '47.8'}, {'type': {'displayName': 'Angle', 'value': 213}, 'value': '2.31'}]",True,,False,,,
1901403,FirstHalf,41,27.0,41,BallRecovery,Successful,1290,Como,433972.0,Máximo Perrone,46.8,48.4,,,,,,,[],False,,False,,,
1901403,FirstHalf,41,29.0,41,Pass,Successful,1290,Como,433972.0,Máximo Perrone,53.7,56.4,58.5,33.4,,,,,"[{'type': {'displayName': 'Angle', 'value': 213}, 'value': '5.02'}, {'type': {'displayName': 'Length', 'value': 212}, 'value': '16.4'}, {'type': {'displayName': 'Zone', 'value': 56}, 'value': 'Center'}, {'type': {'displayName': 'PassEndX', 'value': 140}, 'value': '58.5'}, {'type': {'displayName': 'PassEndY', 'value': 141}, 'value': '33.4'}]",True,,False,,,
1901403,FirstHalf,41,30.0,41,Pass,Successful,1290,Como,379615.0,Lucas da Cunha,59.0,27.6,68.0,1.6,,,,,"[{'type': {'displayName': 'PassEndY', 'value': 141}, 'value': '1.6'}, {'type': {'displayName': 'Length', 'value': 212}, 'value': '20.0'}, {'type': {'displayName': 'Zone', 'value': 56}, 'value': 'Right'}, {'type': {'displayName': 'Angle', 'value': 213}, 'value': '5.20'}, {'type': {'displayName': 'Chipped', 'value': 155}}, {'type': {'displayName': 'PassEndX', 'value': 140}, 'value': '68.0'}]",True,,False,,,
1901403,FirstHalf,41,35.0,41,Pass,Successful,1290,Como,531127.0,Ivan Smolcic,68.0,5.4,62.8,13.5,,,,,"[{'type': {'displayName': 'Zone', 'value': 56}, 'value': 'Right'}, {'type': {'displayName': 'PassEndX', 'value': 140}, 'value': '62.8'}, {'type': {'displayName': 'PassEndY', 'value': 141}, 'value': '13.5'}, {'type': {'displayName': 'Angle', 'value': 213}, 'value': '2.35'}, {'type': {'displayName': 'Length', 'value': 212}, 'value': '7.8'}]",True,,False,,,
1901403,FirstHalf,41,37.0,41,Pass,Successful,1290,Como,379615.0,Lucas da Cunha,61.7,15.9,62.6,25.3,,,,,"[{'type': {'displayName': 'Length', 'value': 212}, 'value': '6.5'}, {'type': {'displayName': 'Zone', 'value': 56}, 'value': 'Center'}, {'type': {'displayName': 'Angle', 'value': 213}, 'value': '1.42'}, {'type': {'displayName': 'PassEndY', 'value': 141}, 'value': '25.3'}, {'type': {'displayName': 'PassEndX', 'value': 140}, 'value': '62.6'}]",True,,False,,,
1901403,FirstHalf,41,39.0,41,Pass,Successful,1290,Como,433972.0,Máximo Perrone,61.0,30.7,61.0,61.6,,,,,"[{'type': {'displayName': 'PassEndX', 'value': 140}, 'value': '61.0'}, {'type': {'displayName': 'Zone', 'value': 56}, 'value': 'Center'}, {'type': {'displayName': 'Angle', 'value': 213}, 'value': '1.57'}, {'type': {'displayName': 'PassEndY', 'value': 141}, 'value': '61.6'}, {'type': {'displayName': 'Length', 'value': 212}, 'value': '21.0'}]",True,,False,,,
1901403,FirstHalf,41,45.0,41,Pass,Successful,1290,Como,407944.0,Martin Baturina,64.3,56.2,68.2,48.4,,,,,"[{'type': {'displayName': 'Angle', 'value': 213}, 'value': '5.37'}, {'type': {'displayName': 'Zone', 'value': 56}, 'value': 'Center'}, {'type': {'displayName': 'PassEndY', 'value': 141}, 'value': '48.4'}, {'type': {'displayName': 'PassEndX', 'value': 140}, 'value': '68.2'}, {'type': {'displayName': 'Length', 'value': 212}, 'value': '6.7'}]",True,,False,,,
1901403,FirstHalf,41,47.0,41,Pass,Successful,1290,Como,448659.0,Nico Paz,68.3,45.6,66.7,39.6,,,,,"[{'type': {'displayName': 'Length', 'value': 212}, 'value': '4.4'}, {'type': {'displayName': 'Angle', 'value': 213}, 'value': '4.32'}, {'type': {'displayName': 'PassEndY', 'value': 141}, 'value': '39.6'}, {'type': {'displayName': 'PassEndX', 'value': 140}, 'value': '66.7'}, {'type': {'displayName': 'Zone', 'value': 56}, 'value': 'Center'}]",True,,False,,,
1901403,FirstHalf,41,49.0,41,Pass,Successful,1290,Como,433972.0,Máximo Perrone,66.7,39.6,65.6,53.5,,,,,"[{'type': {'displayName': 'Zone', 'value': 56}, 'value': 'Center'}, {'type': {'displayName': 'Length', 'value': 212}, 'value': '9.5'}, {'type': {'displayName': 'PassEndY', 'value': 141}, 'value': '53.5'}, {'type': {'displayName': 'Angle', 'value': 213}, 'value': '1.69'}, {'type': {'displayName': 'PassEndX', 'value': 140}, 'value': '65.6'}]",True,,False,,,
1901403,FirstHalf,41,51.0,41,Pass,Successful,1290,Como,407944.0,Martin Baturina,65.6,52.8,66.6,24.0,,,,,"[{'type': {'displayName': 'PassEndY', 'value': 141}, 'value': '24.0'}, {'type': {'displayName': 'Angle', 'value': 213}, 'value': '4.77'}, {'type': {'displayName': 'Length', 'value': 212}, 'value': '19.6'}, {'type': {'displayName': 'Zone', 'value': 56}, 'value': 'Center'}, {'type': {'displayName': 'PassEndX', 'value': 140}, 'value': '66.6'}]",True,,False,,,
1901403,FirstHalf,41,53.0,41,Pass,Successful,1290,Como,379615.0,Lucas da Cunha,66.0,21.6,77.3,4.2,,,,,"[{'type': {'displayName': 'Length', 'value': 212}, 'value': '16.8'}, {'type': {'displayName': 'Zone', 'value': 56}, 'value': 'Right'}, {'type': {'displayName': 'PassEndX', 'value': 140}, 'value': '77.3'}, {'type': {'displayName': 'PassEndY', 'value': 141}, 'value': '4.2'}, {'type': {'displayName': 'Angle', 'value': 213}, 'value': '5.50'}]",True,,False,,,
1901403,FirstHalf,42,2.0,42,Pass,Successful,1290,Como,502427.0,Assane Diao,80.5,16.9,70.2,38.5,,,,,"[{'type': {'displayName': 'Zone', 'value': 56}, 'value': 'Center'}, {'type': {'displayName': 'Length', 'value': 212}, 'value': '18.2'}, {'type': {'displayName': 'Angle', 'value': 213}, 'value': '2.21'}, {'type': {'displayName': 'PassEndY', 'value': 141}, 'value': '38.5'}, {'type': {'displayName': 'PassEndX', 'value': 140}, 'value': '70.2'}]",True,,False,,,
1901403,FirstHalf,42,5.0,42,Pass,Successful,1290,Como,516374.0,Jacobo Ramón,69.8,32.8,70.1,11.8,,,,,"[{'type': {'displayName': 'Zone', 'value': 56}, 'value': 'Right'}, {'type': {'displayName': 'Angle', 'value': 213}, 'value': '4.73'}, {'type': {'displayName': 'PassEndX', 'value': 140}, 'value': '70.1'}, {'type': {'displayName': 'Length', 'value': 212}, 'value': '14.3'}, {'type': {'displayName': 'PassEndY', 'value': 141}, 'value': '11.8'}]",True,,False,,,
1901403,FirstHalf,42,8.0,42,Pass,Successful,1290,Como,379615.0,Lucas da Cunha,66.7,13.9,67.8,23.7,,,,,"[{'type': {'displayName': 'Zone', 'value': 56}, 'value': 'Center'}, {'type': {'displayName': 'PassEndX', 'value': 140}, 'value': '67.8'}, {'type': {'displayName': 'Angle', 'value': 213}, 'value': '1.40'}, {'type': {'displayName': 'Length', 'value': 212}, 'value': '6.8'}, {'type': {'displayName': 'PassEndY', 'value': 141}, 'value': '23.7'}]",True,,False,,,
1901403,FirstHalf,42,9.0,42,Pass,Successful,1290,Como,407944.0,Martin Baturina,67.3,20.1,62.7,13.2,,,,,"[{'type': {'displayName': 'Length', 'value': 212}, 'value': '6.7'}, {'type': {'displayName': 'PassEndX', 'value': 140}, 'value': '62.7'}, {'type': {'displayName': 'Angle', 'value': 213}, 'value': '3.91'}, {'type': {'displayName': 'PassEndY', 'value': 141}, 'value': '13.2'}, {'type': {'displayName': 'Zone', 'value': 56}, 'value': 'Right'}]",True,,False,,,
1901403,FirstHalf,42,12.0,42,Pass,Successful,1290,Como,379615.0,Lucas da Cunha,62.4,16.5,54.5,39.9,,,,,"[{'type': {'displayName': 'PassEndX', 'value': 140}, 'value': '54.5'}, {'type': {'displayName': 'Angle', 'value': 213}, 'value': '2.05'}, {'type': {'displayName': 'Zone', 'value': 56}, 'value': 'Center'}, {'type': {'displayName': 'Length', 'value': 212}, 'value': '17.9'}, {'type': {'displayName': 'PassEndY', 'value': 141}, 'value': '39.9'}]",True,,False,,,
1901403,FirstHalf,42,15.0,42,Pass,Successful,1290,Como,433972.0,Máximo Perrone,55.6,48.6,64.7,86.7,,,,,"[{'type': {'displayName': 'Length', 'value': 212}, 'value': '27.6'}, {'type': {'displayName': 'Angle', 'value': 213}, 'value': '1.22'}, {'type': {'displayName': 'Zone', 'value': 56}, 'value': 'Left'}, {'type': {'displayName': 'PassEndX', 'value': 140}, 'value': '64.7'}, {'type': {'displayName': 'PassEndY', 'value': 141}, 'value': '86.7'}]",True,,False,,,
1901403,FirstHalf,42,18.0,42,Pass,Successful,1290,Como,454341.0,Álex Valle,64.6,85.6,52.4,63.4,,,,,"[{'type': {'displayName': 'PassEndX', 'value': 140}, 'value': '52.4'}, {'type': {'displayName': 'Length', 'value': 212}, 'value': '19.8'}, {'type': {'displayName': 'PassEndY', 'value': 141}, 'value': '63.4'}, {'type': {'displayName': 'Zone', 'value': 56}, 'value': 'Center'}, {'type': {'displayName': 'Angle', 'value': 213}, 'value': '4.01'}]",True,,False,,,
1901403,FirstHalf,42,21.0,42,Pass,Successful,1290,Como,433972.0,Máximo Perrone,52.3,63.4,53.1,34.6,,,,,"[{'type': {'displayName': 'PassEndY', 'value': 141}, 'value': '34.6'}, {'type': {'displayName': 'PassEndX', 'value': 140}, 'value': '53.1'}, {'type': {'displayName': 'Length', 'value': 212}, 'value': '19.6'}, {'type': {'displayName': 'Angle', 'value': 213}, 'value': '4.76'}, {'type': {'displayName': 'Zone', 'value': 56}, 'value': 'Center'}]",True,,False,,,
1901403,FirstHalf,42,23.0,42,Pass,Successful,1290,Como,516374.0,Jacobo Ramón,54.0,31.2,66.4,29.5,,,,,"[{'type': {'displayName': 'Zone', 'value': 56}, 'value': 'Center'}, {'type': {'displayName': 'PassEndY', 'value': 141}, 'value': '29.5'}, {'type': {'displayName': 'Length', 'value': 212}, 'value': '13.1'}, {'type': {'displayName': 'Angle', 'value': 213}, 'value': '6.19'}, {'type': {'displayName': 'PassEndX', 'value': 140}, 'value': '66.4'}]",True,,False,,,
1901403,FirstHalf,42,25.0,42,Pass,Successful,1290,Como,448659.0,Nico Paz,66.4,28.8,66.4,25.3,,,,,"[{'type': {'displayName': 'Length', 'value': 212}, 'value': '2.4'}, {'type': {'displayName': 'Angle', 'value': 213}, 'value': '4.71'}, {'type': {'displayName': 'Zone', 'value': 56}, 'value': 'Center'}, {'type': {'displayName': 'PassEndX', 'value': 140}, 'value': '66.4'}, {'type': {'displayName': 'PassEndY', 'value': 141}, 'value': '25.3'}]",True,,False,,,
1901403,FirstHalf,42,26.0,42,Pass,Successful,1290,Como,379615.0,Lucas da Cunha,66.4,25.3,68.2,49.0,,,,,"[{'type': {'displayName': 'PassEndY', 'value': 141}, 'value': '49.0'}, {'type': {'displayName': 'PassEndX', 'value': 140}, 'value': '68.2'}, {'type': {'displayName': 'Length', 'value': 212}, 'value': '16.2'}, {'type': {'displayName': 'Angle', 'value': 213}, 'value': '1.45'}, {'type': {'displayName': 'Zone', 'value': 56}, 'value': 'Center'}]",True,,False,,,
1901403,FirstHalf,42,27.0,42,Pass,Successful,1290,Como,407944.0,Martin Baturina,68.2,49.0,63.7,53.4,,,,,"[{'type': {'displayName': 'PassEndX', 'value': 140}, 'value': '63.7'}, {'type': {'displayName': 'Angle', 'value': 213}, 'value': '2.58'}, {'type': {'displayName': 'PassEndY', 'value': 141}, 'value': '53.4'}, {'type': {'displayName': 'Zone', 'value': 56}, 'value': 'Center'}, {'type': {'displayName': 'Length', 'value': 212}, 'value': '5.6'}, {'type': {'displayName': 'LayOff', 'value': 156}}]",True,,False,,,
1901403,FirstHalf,42,31.0,42,Pass,Successful,1290,Como,433972.0,Máximo Perrone,65.4,51.0,72.6,36.0,,,,,"[{'type': {'displayName': 'PassEndY', 'value': 141}, 'value': '36.0'}, {'type': {'displayName': 'Length', 'value': 212}, 'value': '12.7'}, {'type': {'displayName': 'PassEndX', 'value': 140}, 'value': '72.6'}, {'type': {'displayName': 'Angle', 'value': 213}, 'value': '5.35'}, {'type': {'displayName': 'Zone', 'value': 56}, 'value': 'Center'}]",True,,False,,,
1901403,FirstHalf,42,33.0,42,TakeOn,Unsuccessful,1290,Como,407944.0,Martin Baturina,73.3,41.8,,,,,,,"[{'type': {'displayName': 'Offensive', 'value': 286}}, {'type': {'displayName': 'Zone', 'value': 56}, 'value': 'Center'}]",True,,False,,,
1901403,FirstHalf,42,35.0,42,Foul,Successful,1290,Como,407944.0,Martin Baturina,73.4,39.4,,,,,,,"[{'type': {'displayName': 'Zone', 'value': 56}, 'value': 'Center'}, {'type': {'displayName': 'Offensive', 'value': 286}}, {'type': {'displayName': 'OppositeRelatedEvent', 'value': 233}, 'value': '277'}, {'type': {'displayName': 'Foul', 'value': 13}}]",True,,False,,,
1901403,FirstHalf,42,35.0,42,Foul,Unsuccessful,276,Napoli,336915.0,Scott McTominay,26.7,60.6,,,,,,,"[{'type': {'displayName': 'Defensive', 'value': 285}}, {'type': {'displayName': 'StandingSave', 'value': 178}}, {'type': {'displayName': 'Zone', 'value': 56}, 'value': 'Back'}, {'type': {'displayName': 'OppositeRelatedEvent', 'value': 233}, 'value': '377'}, {'type': {'displayName': 'Foul', 'value': 13}}]",False,,False,,,
1901403,FirstHalf,43,38.0,43,MissedShots,Successful,1290,Como,448659.0,Nico Paz,75.6,40.9,,,44.7,95.8,,,"[{'type': {'displayName': 'GoalMouthY', 'value': 102}, 'value': '44.7'}, {'type': {'displayName': 'OutOfBoxCentre', 'value': 18}}, {'type': {'displayName': 'Zone', 'value': 56}, 'value': 'Center'}, {'type': {'displayName': 'GoalMouthZ', 'value': 103}, 'value': '95.8'}, {'type': {'displayName': 'DirectFreekick', 'value': 26}}, {'type': {'displayName': 'MissHigh', 'value': 74}}, {'type': {'displayName': 'LeftFoot', 'value': 72}}]",True,True,False,,,
1901403,FirstHalf,44,8.0,44,Pass,Unsuccessful,276,Napoli,149474.0,Vanja Milinkovic-Savic,4.0,49.5,62.6,16.0,,,,,"[{'type': {'displayName': 'Length', 'value': 212}, 'value': '65.6'}, {'type': {'displayName': 'Zone', 'value': 56}, 'value': 'Right'}, {'type': {'displayName': 'Angle', 'value': 213}, 'value': '5.93'}, {'type': {'displayName': 'PassEndX', 'value': 140}, 'value': '62.6'}, {'type': {'displayName': 'MissHigh', 'value': 74}}, {'type': {'displayName': 'Longball', 'value': 1}}, {'type': {'displayName': 'GoalKick', 'value': 124}}, {'type': {'displayName': 'PassEndY', 'value': 141}, 'value': '16.0'}]",True,,False,,,
1901403,FirstHalf,44,11.0,44,Aerial,Successful,1290,Como,454341.0,Álex Valle,37.4,84.0,,,,,,,"[{'type': {'displayName': 'OppositeRelatedEvent', 'value': 233}, 'value': '280'}, {'type': {'displayName': 'Defensive', 'value': 285}}, {'type': {'displayName': 'Zone', 'value': 56}, 'value': 'Back'}]",False,,False,,,
1901403,FirstHalf,44,11.0,44,Aerial,Unsuccessful,276,Napoli,122683.0,Matteo Politano,62.6,16.0,,,,,,,"[{'type': {'displayName': 'Offensive', 'value': 286}}, {'type': {'displayName': 'Zone', 'value': 56}, 'value': 'Right'}, {'type': {'displayName': 'OppositeRelatedEvent', 'value': 233}, 'value': '380'}]",False,,False,,,
1901403,FirstHalf,44,13.0,44,Pass,Unsuccessful,1290,Como,454341.0,Álex Valle,37.4,84.0,45.2,73.0,,,,,"[{'type': {'displayName': 'Zone', 'value': 56}, 'value': 'Back'}, {'type': {'displayName': 'PassEndX', 'value': 140}, 'value': '45.2'}, {'type': {'displayName': 'Length', 'value': 212}, 'value': '11.1'}, {'type': {'displayName': 'HeadPass', 'value': 3}}, {'type': {'displayName': 'PassEndY', 'value': 141}, 'value': '73.0'}, {'type': {'displayName': 'Angle', 'value': 213}, 'value': '5.54'}]",True,,False,,,
1901403,FirstHalf,44,13.0,44,Pass,Successful,276,Napoli,111892.0,Stanislav Lobotka,54.2,24.4,65.7,30.9,,,,,"[{'type': {'displayName': 'Chipped', 'value': 155}}, {'type': {'displayName': 'Length', 'value': 212}, 'value': '12.9'}, {'type': {'displayName': 'Zone', 'value': 56}, 'value': 'Center'}, {'type': {'displayName': 'Angle', 'value': 213}, 'value': '0.35'}, {'type': {'displayName': 'PassEndY', 'value': 141}, 'value': '30.9'}, {'type': {'displayName': 'PassEndX', 'value': 140}, 'value': '65.7'}]",True,,False,,,
1901403,FirstHalf,44,15.0,44,Pass,Successful,276,Napoli,439584.0,Rasmus Højlund,65.1,30.7,60.6,39.9,,,,,"[{'type': {'displayName': 'Angle', 'value': 213}, 'value': '2.22'}, {'type': {'displayName': 'PassEndX', 'value': 140}, 'value': '60.6'}, {'type': {'displayName': 'Length', 'value': 212}, 'value': '7.8'}, {'type': {'displayName': 'PassEndY', 'value': 141}, 'value': '39.9'}, {'type': {'displayName': 'Zone', 'value': 56}, 'value': 'Center'}]",True,,False,,,
1901403,FirstHalf,44,17.0,44,TakeOn,Successful,276,Napoli,73084.0,Kevin De Bruyne,63.9,38.5,,,,,,,"[{'type': {'displayName': 'Offensive', 'value': 286}}, {'type': {'displayName': 'OppositeRelatedEvent', 'value': 233}, 'value': '382'}, {'type': {'displayName': 'Zone', 'value': 56}, 'value': 'Center'}]",True,,False,,,
1901403,FirstHalf,44,17.0,44,Challenge,Unsuccessful,1290,Como,379615.0,Lucas da Cunha,36.1,61.5,,,,,,,"[{'type': {'displayName': 'OppositeRelatedEvent', 'value': 233}, 'value': '283'}, {'type': {'displayName': 'Defensive', 'value': 285}}, {'type': {'displayName': 'Zone', 'value': 56}, 'value': 'Back'}]",False,,False,,,
1901403,FirstHalf,44,18.0,44,Pass,Successful,276,Napoli,73084.0,Kevin De Bruyne,60.3,42.6,66.5,88.6,,,,,"[{'type': {'displayName': 'PassEndX', 'value': 140}, 'value': '66.5'}, {'type': {'displayName': 'Zone', 'value': 56}, 'value': 'Left'}, {'type': {'displayName': 'PassEndY', 'value': 141}, 'value': '88.6'}, {'type': {'displayName': 'Length', 'value': 212}, 'value': '32.0'}, {'type': {'displayName': 'Angle', 'value': 213}, 'value': '1.37'}]",True,,False,,,
1901403,FirstHalf,44,26.0,44,Pass,Unsuccessful,276,Napoli,557549.0,Alisson Santos,97.9,92.5,97.8,53.8,,,,,"[{'type': {'displayName': 'PassEndX', 'value': 140}, 'value': '97.8'}, {'type': {'displayName': 'Zone', 'value': 56}, 'value': 'Center'}, {'type': {'displayName': 'LeftFoot', 'value': 72}}, {'type': {'displayName': 'Angle', 'value': 213}, 'value': '4.71'}, {'type': {'displayName': 'Cross', 'value': 2}}, {'type': {'displayName': 'PassEndY', 'value': 141}, 'value': '53.8'}, {'type': {'displayName': 'Length', 'value': 212}, 'value': '26.3'}]",True,,False,,,
1901403,FirstHalf,44,29.0,44,KeeperPickup,Successful,1290,Como,256536.0,Jean Butez,3.1,51.0,,,,,,,[],False,,False,,,
1901403,FirstHalf,44,36.0,44,Pass,Successful,1290,Como,256536.0,Jean Butez,11.7,49.5,55.8,85.5,,,,,"[{'type': {'displayName': 'Length', 'value': 212}, 'value': '52.4'}, {'type': {'displayName': 'Angle', 'value': 213}, 'value': '0.49'}, {'type': {'displayName': 'Longball', 'value': 1}}, {'type': {'displayName': 'PassEndX', 'value': 140}, 'value': '55.8'}, {'type': {'displayName': 'Zone', 'value': 56}, 'value': 'Left'}, {'type': {'displayName': 'PassEndY', 'value': 141}, 'value': '85.5'}]",True,,False,,,
1901403,FirstHalf,44,39.0,44,Pass,Successful,1290,Como,422873.0,Tasos Douvikas,55.1,84.4,50.7,62.5,,,,,"[{'type': {'displayName': 'Zone', 'value': 56}, 'value': 'Center'}, {'type': {'displayName': 'Length', 'value': 212}, 'value': '15.6'}, {'type': {'displayName': 'PassEndY', 'value': 141}, 'value': '62.5'}, {'type': {'displayName': 'Angle', 'value': 213}, 'value': '4.41'}, {'type': {'displayName': 'PassEndX', 'value': 140}, 'value': '50.7'}]",True,,False,,,
1901403,FirstHalf,44,44.0,44,Pass,Successful,1290,Como,407944.0,Martin Baturina,58.4,45.1,60.5,19.9,,,,,"[{'type': {'displayName': 'Zone', 'value': 56}, 'value': 'Right'}, {'type': {'displayName': 'Angle', 'value': 213}, 'value': '4.84'}, {'type': {'displayName': 'PassEndY', 'value': 141}, 'value': '19.9'}, {'type': {'displayName': 'Length', 'value': 212}, 'value': '17.3'}, {'type': {'displayName': 'PassEndX', 'value': 140}, 'value': '60.5'}]",True,,False,,,
1901403,FirstHalf,44,48.0,44,Pass,Successful,1290,Como,379615.0,Lucas da Cunha,60.8,14.8,65.4,6.0,,,,,"[{'type': {'displayName': 'Angle', 'value': 213}, 'value': '5.39'}, {'type': {'displayName': 'PassEndY', 'value': 141}, 'value': '6.0'}, {'type': {'displayName': 'Length', 'value': 212}, 'value': '7.7'}, {'type': {'displayName': 'Zone', 'value': 56}, 'value': 'Right'}, {'type': {'displayName': 'PassEndX', 'value': 140}, 'value': '65.4'}]",True,,False,,,
1901403,FirstHalf,44,51.0,44,Pass,Successful,1290,Como,531127.0,Ivan Smolcic,68.0,6.3,63.0,15.1,,,,,"[{'type': {'displayName': 'Length', 'value': 212}, 'value': '8.0'}, {'type': {'displayName': 'Angle', 'value': 213}, 'value': '2.29'}, {'type': {'displayName': 'Zone', 'value': 56}, 'value': 'Right'}, {'type': {'displayName': 'PassEndX', 'value': 140}, 'value': '63.0'}, {'type': {'displayName': 'PassEndY', 'value': 141}, 'value': '15.1'}]",True,,False,,,
1901403,FirstHalf,44,54.0,44,Pass,Successful,1290,Como,379615.0,Lucas da Cunha,63.1,14.5,65.7,7.0,,,,,"[{'type': {'displayName': 'Length', 'value': 212}, 'value': '5.8'}, {'type': {'displayName': 'Angle', 'value': 213}, 'value': '5.20'}, {'type': {'displayName': 'PassEndY', 'value': 141}, 'value': '7.0'}, {'type': {'displayName': 'Zone', 'value': 56}, 'value': 'Right'}, {'type': {'displayName': 'PassEndX', 'value': 140}, 'value': '65.7'}]",True,,False,,,
1901403,FirstHalf,44,56.0,44,Pass,Successful,1290,Como,531127.0,Ivan Smolcic,65.9,7.2,76.7,6.1,,,,,"[{'type': {'displayName': 'Zone', 'value': 56}, 'value': 'Right'}, {'type': {'displayName': 'Length', 'value': 212}, 'value': '11.4'}, {'type': {'displayName': 'PassEndX', 'value': 140}, 'value': '76.7'}, {'type': {'displayName': 'Angle', 'value': 213}, 'value': '6.22'}, {'type': {'displayName': 'PassEndY', 'value': 141}, 'value': '6.1'}]",True,,False,,,
1901403,FirstHalf,45,4.0,45,Pass,Unsuccessful,1290,Como,502427.0,Assane Diao,94.4,18.4,95.4,34.6,,,,,"[{'type': {'displayName': 'RightFoot', 'value': 20}}, {'type': {'displayName': 'Cross', 'value': 2}}, {'type': {'displayName': 'PassEndX', 'value': 140}, 'value': '95.4'}, {'type': {'displayName': 'Zone', 'value': 56}, 'value': 'Center'}, {'type': {'displayName': 'PassEndY', 'value': 141}, 'value': '34.6'}, {'type': {'displayName': 'Length', 'value': 212}, 'value': '11.1'}, {'type': {'displayName': 'Angle', 'value': 213}, 'value': '1.48'}]",True,,False,,,
1901403,FirstHalf,45,5.0,45,BallTouch,Successful,276,Napoli,333373.0,Alessandro Buongiorno,2.8,65.4,,,,,,,"[{'type': {'displayName': 'Zone', 'value': 56}, 'value': 'Back'}]",True,,False,,,
1901403,FirstHalf,45,6.0,45,CornerAwarded,Unsuccessful,276,Napoli,333373.0,Alessandro Buongiorno,3.7,65.6,,,,,,,"[{'type': {'displayName': 'Zone', 'value': 56}, 'value': 'Back'}, {'type': {'displayName': 'MissLeft', 'value': 73}}, {'type': {'displayName': 'OppositeRelatedEvent', 'value': 233}, 'value': '392'}]",False,,False,,,
1901403,FirstHalf,45,6.0,45,CornerAwarded,Successful,1290,Como,502427.0,Assane Diao,96.2,34.4,,,,,,,"[{'type': {'displayName': 'Zone', 'value': 56}, 'value': 'Center'}, {'type': {'displayName': 'OppositeRelatedEvent', 'value': 233}, 'value': '287'}, {'type': {'displayName': 'MissRight', 'value': 75}}]",False,,False,,,
1901403,FirstHalf,45,31.0,45,Pass,Unsuccessful,1290,Como,379615.0,Lucas da Cunha,99.5,0.5,97.1,52.6,,,,,"[{'type': {'displayName': 'Longball', 'value': 1}}, {'type': {'displayName': 'PassEndX', 'value': 140}, 'value': '97.1'}, {'type': {'displayName': 'CornerTaken', 'value': 6}}, {'type': {'displayName': 'Chipped', 'value': 155}}, {'type': {'displayName': 'Zone', 'value': 56}, 'value': 'Center'}, {'type': {'displayName': 'PassEndY', 'value': 141}, 'value': '52.6'}, {'type': {'displayName': 'LeftFoot', 'value': 72}}, {'type': {'displayName': 'Angle', 'value': 213}, 'value': '1.64'}, {'type': {'displayName': 'Length', 'value': 212}, 'value': '35.5'}, {'type': {'displayName': 'Cross', 'value': 2}}]",True,,False,,,
1901403,FirstHalf,45,32.0,45,Aerial,Successful,276,Napoli,557549.0,Alisson Santos,6.4,64.0,,,,,,,"[{'type': {'displayName': 'Zone', 'value': 56}, 'value': 'Back'}, {'type': {'displayName': 'OppositeRelatedEvent', 'value': 233}, 'value': '395'}, {'type': {'displayName': 'Defensive', 'value': 285}}]",False,,False,,,
1901403,FirstHalf,45,32.0,45,Aerial,Unsuccessful,1290,Como,433972.0,Máximo Perrone,93.6,36.0,,,,,,,"[{'type': {'displayName': 'OppositeRelatedEvent', 'value': 233}, 'value': '292'}, {'type': {'displayName': 'Zone', 'value': 56}, 'value': 'Center'}, {'type': {'displayName': 'Offensive', 'value': 286}}]",False,,False,,,
1901403,FirstHalf,45,33.0,45,Clearance,Successful,276,Napoli,557549.0,Alisson Santos,6.4,66.4,3.1,45.0,,,,,"[{'type': {'displayName': 'PassEndY', 'value': 141}, 'value': '45.0'}, {'type': {'displayName': 'Length', 'value': 212}, 'value': '15.0'}, {'type': {'displayName': 'Angle', 'value': 213}, 'value': '4.48'}, {'type': {'displayName': 'PassEndX', 'value': 140}, 'value': '3.1'}, {'type': {'displayName': 'Head', 'value': 15}}, {'type': {'displayName': 'Zone', 'value': 56}, 'value': 'Back'}]",True,,False,,,
1901403,FirstHalf,45,35.0,45,Clearance,Successful,276,Napoli,395788.0,Miguel Gutiérrez,3.2,45.0,24.2,0.0,,,,,"[{'type': {'displayName': 'Angle', 'value': 213}, 'value': '5.32'}, {'type': {'displayName': 'Length', 'value': 212}, 'value': '38.7'}, {'type': {'displayName': 'Zone', 'value': 56}, 'value': 'Back'}, {'type': {'displayName': 'PassEndY', 'value': 141}, 'value': '0.0'}, {'type': {'displayName': 'PassEndX', 'value': 140}, 'value': '24.2'}]",True,,False,,,
1901403,FirstHalf,46,1.0,46,Pass,Successful,1290,Como,454341.0,Álex Valle,72.9,100.0,75.9,92.2,,,,,"[{'type': {'displayName': 'PassEndY', 'value': 141}, 'value': '92.2'}, {'type': {'displayName': 'Length', 'value': 212}, 'value': '7.0'}, {'type': {'displayName': 'ThrowIn', 'value': 107}}, {'type': {'displayName': 'Angle', 'value': 213}, 'value': '5.18'}, {'type': {'displayName': 'Zone', 'value': 56}, 'value': 'Left'}, {'type': {'displayName': 'PassEndX', 'value': 140}, 'value': '75.9'}]",True,,False,,,
1901403,FirstHalf,46,2.0,46,Pass,Unsuccessful,1290,Como,448659.0,Nico Paz,75.9,92.2,70.8,94.8,,,,,"[{'type': {'displayName': 'PassEndX', 'value': 140}, 'value': '70.8'}, {'type': {'displayName': 'Zone', 'value': 56}, 'value': 'Left'}, {'type': {'displayName': 'Length', 'value': 212}, 'value': '5.6'}, {'type': {'displayName': 'LayOff', 'value': 156}}, {'type': {'displayName': 'PassEndY', 'value': 141}, 'value': '94.8'}, {'type': {'displayName': 'Angle', 'value': 213}, 'value': '2.82'}]",True,,False,,,
1901403,FirstHalf,46,3.0,46,Pass,Successful,276,Napoli,111892.0,Stanislav Lobotka,24.8,12.3,24.1,5.4,,,,,"[{'type': {'displayName': 'Length', 'value': 212}, 'value': '4.7'}, {'type': {'displayName': 'PassEndX', 'value': 140}, 'value': '24.1'}, {'type': {'displayName': 'Zone', 'value': 56}, 'value': 'Back'}, {'type': {'displayName': 'Angle', 'value': 213}, 'value': '4.56'}, {'type': {'displayName': 'PassEndY', 'value': 141}, 'value': '5.4'}]",True,,False,,,
1901403,FirstHalf,46,4.0,46,Pass,Unsuccessful,276,Napoli,122683.0,Matteo Politano,24.1,5.4,48.3,17.7,,,,,"[{'type': {'displayName': 'PassEndY', 'value': 141}, 'value': '17.7'}, {'type': {'displayName': 'PassEndX', 'value': 140}, 'value': '48.3'}, {'type': {'displayName': 'Length', 'value': 212}, 'value': '26.8'}, {'type': {'displayName': 'Angle', 'value': 213}, 'value': '0.32'}, {'type': {'displayName': 'Zone', 'value': 56}, 'value': 'Back'}, {'type': {'displayName': 'Longball', 'value': 1}}]",True,,False,,,
1901403,FirstHalf,46,7.0,46,Pass,Successful,1290,Como,134984.0,Diego Carlos,46.7,75.0,51.3,42.9,,,,,"[{'type': {'displayName': 'PassEndY', 'value': 141}, 'value': '42.9'}, {'type': {'displayName': 'Length', 'value': 212}, 'value': '22.4'}, {'type': {'displayName': 'PassEndX', 'value': 140}, 'value': '51.3'}, {'type': {'displayName': 'Zone', 'value': 56}, 'value': 'Center'}, {'type': {'displayName': 'Angle', 'value': 213}, 'value': '4.93'}]",True,,False,,,
1901403,FirstHalf,46,10.0,46,Pass,Successful,1290,Como,516374.0,Jacobo Ramón,51.3,42.4,62.0,9.7,,,,,"[{'type': {'displayName': 'PassEndY', 'value': 141}, 'value': '9.7'}, {'type': {'displayName': 'Zone', 'value': 56}, 'value': 'Right'}, {'type': {'displayName': 'PassEndX', 'value': 140}, 'value': '62.0'}, {'type': {'displayName': 'Angle', 'value': 213}, 'value': '5.18'}, {'type': {'displayName': 'Length', 'value': 212}, 'value': '24.9'}]",True,,False,,,
1901403,FirstHalf,46,22.0,46,Pass,Successful,1290,Como,379615.0,Lucas da Cunha,62.9,22.3,57.1,26.1,,,,,"[{'type': {'displayName': 'PassEndX', 'value': 140}, 'value': '57.1'}, {'type': {'displayName': 'Length', 'value': 212}, 'value': '6.6'}, {'type': {'displayName': 'Zone', 'value': 56}, 'value': 'Center'}, {'type': {'displayName': 'PassEndY', 'value': 141}, 'value': '26.1'}, {'type': {'displayName': 'Angle', 'value': 213}, 'value': '2.74'}]",True,,False,,,
1901403,FirstHalf,46,28.0,46,Pass,Successful,1290,Como,516374.0,Jacobo Ramón,64.4,27.0,63.9,10.5,,,,,"[{'type': {'displayName': 'Zone', 'value': 56}, 'value': 'Right'}, {'type': {'displayName': 'Angle', 'value': 213}, 'value': '4.67'}, {'type': {'displayName': 'PassEndY', 'value': 141}, 'value': '10.5'}, {'type': {'displayName': 'Length', 'value': 212}, 'value': '11.2'}, {'type': {'displayName': 'PassEndX', 'value': 140}, 'value': '63.9'}]",True,,False,,,
1901403,FirstHalf,46,33.0,46,Pass,Successful,1290,Como,531127.0,Ivan Smolcic,60.8,9.6,33.2,26.1,,,,,"[{'type': {'displayName': 'PassEndY', 'value': 141}, 'value': '26.1'}, {'type': {'displayName': 'PassEndX', 'value': 140}, 'value': '33.2'}, {'type': {'displayName': 'Length', 'value': 212}, 'value': '31.1'}, {'type': {'displayName': 'Angle', 'value': 213}, 'value': '2.77'}, {'type': {'displayName': 'Zone', 'value': 56}, 'value': 'Back'}]",True,,False,,,
1901403,FirstHalf,46,37.0,46,Pass,Successful,1290,Como,256536.0,Jean Butez,33.2,26.1,34.2,75.3,,,,,"[{'type': {'displayName': 'PassEndY', 'value': 141}, 'value': '75.3'}, {'type': {'displayName': 'Angle', 'value': 213}, 'value': '1.54'}, {'type': {'displayName': 'Length', 'value': 212}, 'value': '33.5'}, {'type': {'displayName': 'Zone', 'value': 56}, 'value': 'Back'}, {'type': {'displayName': 'PassEndX', 'value': 140}, 'value': '34.2'}, {'type': {'displayName': 'Longball', 'value': 1}}]",True,,False,,,
1901403,FirstHalf,46,42.0,46,Pass,Successful,1290,Como,134984.0,Diego Carlos,36.5,74.2,44.4,74.5,,,,,"[{'type': {'displayName': 'PassEndY', 'value': 141}, 'value': '74.5'}, {'type': {'displayName': 'Angle', 'value': 213}, 'value': '0.02'}, {'type': {'displayName': 'Zone', 'value': 56}, 'value': 'Back'}, {'type': {'displayName': 'PassEndX', 'value': 140}, 'value': '44.4'}, {'type': {'displayName': 'Length', 'value': 212}, 'value': '8.3'}]",True,,False,,,
1901403,FirstHalf,46,43.0,46,Pass,Successful,1290,Como,448659.0,Nico Paz,44.4,74.5,42.2,87.1,,,,,"[{'type': {'displayName': 'Zone', 'value': 56}, 'value': 'Back'}, {'type': {'displayName': 'PassEndY', 'value': 141}, 'value': '87.1'}, {'type': {'displayName': 'LayOff', 'value': 156}}, {'type': {'displayName': 'Length', 'value': 212}, 'value': '8.9'}, {'type': {'displayName': 'PassEndX', 'value': 140}, 'value': '42.2'}, {'type': {'displayName': 'Angle', 'value': 213}, 'value': '1.83'}]",True,,False,,,
1901403,FirstHalf,46,45.0,46,Pass,Unsuccessful,1290,Como,407944.0,Martin Baturina,42.0,86.2,34.8,43.9,,,,,"[{'type': {'displayName': 'PassEndX', 'value': 140}, 'value': '34.8'}, {'type': {'displayName': 'Length', 'value': 212}, 'value': '29.7'}, {'type': {'displayName': 'Angle', 'value': 213}, 'value': '4.46'}, {'type': {'displayName': 'Zone', 'value': 56}, 'value': 'Back'}, {'type': {'displayName': 'PassEndY', 'value': 141}, 'value': '43.9'}]",True,,False,,,
1901403,FirstHalf,46,49.0,46,BallRecovery,Successful,276,Napoli,439584.0,Rasmus Højlund,69.1,60.0,,,,,,,[],False,,False,,,
1901403,FirstHalf,46,51.0,46,SavedShot,Successful,276,Napoli,439584.0,Rasmus Højlund,74.9,57.3,,,49.0,19.0,80.1,55.6,"[{'type': {'displayName': 'OppositeRelatedEvent', 'value': 233}, 'value': '407'}, {'type': {'displayName': 'RegularPlay', 'value': 22}}, {'type': {'displayName': 'GoalMouthZ', 'value': 103}, 'value': '19'}, {'type': {'displayName': 'LeftFoot', 'value': 72}}, {'type': {'displayName': 'BlockedX', 'value': 146}, 'value': '80.1'}, {'type': {'displayName': 'BlockedY', 'value': 147}, 'value': '55.6'}, {'type': {'displayName': 'IndividualPlay', 'value': 215}}, {'type': {'displayName': 'Zone', 'value': 56}, 'value': 'Center'}, {'type': {'displayName': 'OutOfBoxCentre', 'value': 18}}, {'type': {'displayName': 'LowCentre', 'value': 78}}, {'type': {'displayName': 'GoalMouthY', 'value': 102}, 'value': '49.0'}, {'type': {'displayName': 'Blocked', 'value': 82}}]",True,True,False,,,
1901403,FirstHalf,46,51.0,46,Save,Successful,1290,Como,516374.0,Jacobo Ramón,19.9,47.0,,,,,,,"[{'type': {'displayName': 'OutfielderBlock', 'value': 94}}, {'type': {'displayName': 'OppositeRelatedEvent', 'value': 233}, 'value': '296'}, {'type': {'displayName': 'Zone', 'value': 56}, 'value': 'Back'}]",True,,False,,,
1901403,FirstHalf,46,55.0,46,KeeperPickup,Successful,1290,Como,256536.0,Jean Butez,4.2,50.2,,,,,,,[],False,,False,,,
1901403,FirstHalf,46,57.0,46,Pass,Successful,1290,Como,256536.0,Jean Butez,9.5,48.9,24.8,57.4,,,,,"[{'type': {'displayName': 'Angle', 'value': 213}, 'value': '0.35'}, {'type': {'displayName': 'Zone', 'value': 56}, 'value': 'Back'}, {'type': {'displayName': 'KeeperThrow', 'value': 123}}, {'type': {'displayName': 'PassEndY', 'value': 141}, 'value': '57.4'}, {'type': {'displayName': 'Length', 'value': 212}, 'value': '17.1'}, {'type': {'displayName': 'PassEndX', 'value': 140}, 'value': '24.8'}]",True,,False,,,
1901403,FirstHalf,47,0.0,47,End,Successful,276,Napoli,,,0.0,0.0,,,,,,,[],False,,False,,,
1901403,FirstHalf,47,0.0,47,End,Successful,1290,Como,,,0.0,0.0,,,,,,,[],False,,False,,,
1901403,SecondHalf,45,0.0,48,Start,Successful,276,Napoli,,,0.0,0.0,,,,,,,[],False,,False,,,
1901403,SecondHalf,45,0.0,48,Start,Successful,1290,Como,,,0.0,0.0,,,,,,,[],False,,False,,,
1901403,SecondHalf,45,0.0,48,Pass,Successful,276,Napoli,73084.0,Kevin De Bruyne,50.1,49.9,20.9,59.2,,,,,"[{'type': {'displayName': 'PassEndX', 'value': 140}, 'value': '20.9'}, {'type': {'displayName': 'PassEndY', 'value': 141}, 'value': '59.2'}, {'type': {'displayName': 'Angle', 'value': 213}, 'value': '2.94'}, {'type': {'displayName': 'Length', 'value': 212}, 'value': '31.3'}, {'type': {'displayName': 'Zone', 'value': 56}, 'value': 'Back'}]",True,,False,,,
1901403,SecondHalf,45,4.0,48,Pass,Unsuccessful,276,Napoli,149474.0,Vanja Milinkovic-Savic,20.8,59.1,71.9,37.0,,,,,"[{'type': {'displayName': 'Longball', 'value': 1}}, {'type': {'displayName': 'PassEndX', 'value': 140}, 'value': '71.9'}, {'type': {'displayName': 'Zone', 'value': 56}, 'value': 'Center'}, {'type': {'displayName': 'Angle', 'value': 213}, 'value': '6.01'}, {'type': {'displayName': 'PassEndY', 'value': 141}, 'value': '37.0'}, {'type': {'displayName': 'Length', 'value': 212}, 'value': '55.7'}]",True,,False,,,
1901403,SecondHalf,45,7.0,48,Aerial,Successful,1290,Como,134984.0,Diego Carlos,28.1,63.0,,,,,,,"[{'type': {'displayName': 'OppositeRelatedEvent', 'value': 233}, 'value': '302'}, {'type': {'displayName': 'Defensive', 'value': 285}}, {'type': {'displayName': 'Zone', 'value': 56}, 'value': 'Back'}]",False,,False,,,
1901403,SecondHalf,45,7.0,48,Aerial,Unsuccessful,276,Napoli,439584.0,Rasmus Højlund,71.9,37.0,,,,,,,"[{'type': {'displayName': 'OppositeRelatedEvent', 'value': 233}, 'value': '412'}, {'type': {'displayName': 'Zone', 'value': 56}, 'value': 'Center'}, {'type': {'displayName': 'Offensive', 'value': 286}}]",False,,False,,,
1901403,SecondHalf,45,9.0,48,Clearance,Successful,1290,Como,134984.0,Diego Carlos,28.1,63.0,61.3,43.5,,,,,"[{'type': {'displayName': 'PassEndY', 'value': 141}, 'value': '43.5'}, {'type': {'displayName': 'Head', 'value': 15}}, {'type': {'displayName': 'Angle', 'value': 213}, 'value': '5.92'}, {'type': {'displayName': 'Zone', 'value': 56}, 'value': 'Center'}, {'type': {'displayName': 'PassEndX', 'value': 140}, 'value': '61.3'}, {'type': {'displayName': 'Length', 'value': 212}, 'value': '37.3'}]",True,,False,,,
1901403,SecondHalf,45,13.0,48,Pass,Successful,276,Napoli,295358.0,Amir Rrahmani,31.2,54.3,29.6,83.1,,,,,"[{'type': {'displayName': 'PassEndX', 'value': 140}, 'value': '29.6'}, {'type': {'displayName': 'Length', 'value': 212}, 'value': '19.7'}, {'type': {'displayName': 'PassEndY', 'value': 141}, 'value': '83.1'}, {'type': {'displayName': 'Zone', 'value': 56}, 'value': 'Back'}, {'type': {'displayName': 'Angle', 'value': 213}, 'value': '1.66'}]",True,,False,,,
1901403,SecondHalf,45,19.0,48,Pass,Successful,276,Napoli,333373.0,Alessandro Buongiorno,31.9,82.5,38.0,93.9,,,,,"[{'type': {'displayName': 'PassEndX', 'value': 140}, 'value': '38.0'}, {'type': {'displayName': 'Length', 'value': 212}, 'value': '10.1'}, {'type': {'displayName': 'Angle', 'value': 213}, 'value': '0.88'}, {'type': {'displayName': 'PassEndY', 'value': 141}, 'value': '93.9'}, {'type': {'displayName': 'Zone', 'value': 56}, 'value': 'Back'}]",True,,False,,,
1901403,SecondHalf,45,20.0,48,Pass,Successful,276,Napoli,395788.0,Miguel Gutiérrez,38.8,94.8,54.1,96.4,,,,,"[{'type': {'displayName': 'PassEndX', 'value': 140}, 'value': '54.1'}, {'type': {'displayName': 'PassEndY', 'value': 141}, 'value': '96.4'}, {'type': {'displayName': 'Angle', 'value': 213}, 'value': '0.07'}, {'type': {'displayName': 'Zone', 'value': 56}, 'value': 'Left'}, {'type': {'displayName': 'Length', 'value': 212}, 'value': '16.1'}]",True,,False,,,
1901403,SecondHalf,45,23.0,48,TakeOn,Unsuccessful,276,Napoli,557549.0,Alisson Santos,47.3,91.8,,,,,,,"[{'type': {'displayName': 'Zone', 'value': 56}, 'value': 'Back'}, {'type': {'displayName': 'Offensive', 'value': 286}}, {'type': {'displayName': 'OppositeRelatedEvent', 'value': 233}, 'value': '415'}]",True,,False,,,
1901403,SecondHalf,45,23.0,48,Tackle,Successful,1290,Como,502427.0,Assane Diao,52.7,8.2,,,,,,,"[{'type': {'displayName': 'Zone', 'value': 56}, 'value': 'Right'}, {'type': {'displayName': 'StandingSave', 'value': 178}}, {'type': {'displayName': 'OppositeRelatedEvent', 'value': 233}, 'value': '306'}, {'type': {'displayName': 'Defensive', 'value': 285}}]",True,,False,,,
1901403,SecondHalf,45,27.0,48,Foul,Successful,1290,Como,502427.0,Assane Diao,60.2,6.4,,,,,,,"[{'type': {'displayName': 'OppositeRelatedEvent', 'value': 233}, 'value': '307'}, {'type': {'displayName': 'Foul', 'value': 13}}, {'type': {'displayName': 'Zone', 'value': 56}, 'value': 'Right'}, {'type': {'displayName': 'Offensive', 'value': 286}}]",True,,False,,,
1901403,SecondHalf,45,27.0,48,Foul,Unsuccessful,276,Napoli,336915.0,Scott McTominay,39.8,93.6,,,,,,,"[{'type': {'displayName': 'Defensive', 'value': 285}}, {'type': {'displayName': 'OppositeRelatedEvent', 'value': 233}, 'value': '416'}, {'type': {'displayName': 'Zone', 'value': 56}, 'value': 'Back'}, {'type': {'displayName': 'Foul', 'value': 13}}, {'type': {'displayName': 'StandingSave', 'value': 178}}]",False,,False,,,
1901403,SecondHalf,45,34.0,48,Pass,Successful,1290,Como,531127.0,Ivan Smolcic,57.8,8.4,37.0,25.0,,,,,"[{'type': {'displayName': 'Angle', 'value': 213}, 'value': '2.66'}, {'type': {'displayName': 'Zone', 'value': 56}, 'value': 'Back'}, {'type': {'displayName': 'PassEndY', 'value': 141}, 'value': '25.0'}, {'type': {'displayName': 'FreekickTaken', 'value': 5}}, {'type': {'displayName': 'PassEndX', 'value': 140}, 'value': '37.0'}, {'type': {'displayName': 'Length', 'value': 212}, 'value': '24.6'}]",True,,False,,,
1901403,SecondHalf,45,35.0,48,Pass,Successful,1290,Como,516374.0,Jacobo Ramón,37.0,25.0,41.9,33.0,,,,,"[{'type': {'displayName': 'Zone', 'value': 56}, 'value': 'Back'}, {'type': {'displayName': 'PassEndX', 'value': 140}, 'value': '41.9'}, {'type': {'displayName': 'PassEndY', 'value': 141}, 'value': '33.0'}, {'type': {'displayName': 'Angle', 'value': 213}, 'value': '0.81'}, {'type': {'displayName': 'Length', 'value': 212}, 'value': '7.5'}]",True,,False,,,
1901403,SecondHalf,45,37.0,48,Pass,Successful,1290,Como,433972.0,Máximo Perrone,40.8,31.5,35.0,17.8,,,,,"[{'type': {'displayName': 'Angle', 'value': 213}, 'value': '4.13'}, {'type': {'displayName': 'Zone', 'value': 56}, 'value': 'Back'}, {'type': {'displayName': 'PassEndX', 'value': 140}, 'value': '35.0'}, {'type': {'displayName': 'PassEndY', 'value': 141}, 'value': '17.8'}, {'type': {'displayName': 'Length', 'value': 212}, 'value': '11.1'}]",True,,False,,,
1901403,SecondHalf,45,42.0,48,Pass,Successful,1290,Como,531127.0,Ivan Smolcic,17.1,16.0,4.1,33.4,,,,,"[{'type': {'displayName': 'Length', 'value': 212}, 'value': '18.1'}, {'type': {'displayName': 'Angle', 'value': 213}, 'value': '2.43'}, {'type': {'displayName': 'PassEndX', 'value': 140}, 'value': '4.1'}, {'type': {'displayName': 'Zone', 'value': 56}, 'value': 'Back'}, {'type': {'displayName': 'PassEndY', 'value': 141}, 'value': '33.4'}]",True,,False,,,
1901403,SecondHalf,45,43.0,48,Pass,Unsuccessful,1290,Como,256536.0,Jean Butez,4.1,33.4,61.4,37.2,,,,,"[{'type': {'displayName': 'PassEndY', 'value': 141}, 'value': '37.2'}, {'type': {'displayName': 'Zone', 'value': 56}, 'value': 'Center'}, {'type': {'displayName': 'PassEndX', 'value': 140}, 'value': '61.4'}, {'type': {'displayName': 'Longball', 'value': 1}}, {'type': {'displayName': 'Angle', 'value': 213}, 'value': '0.04'}, {'type': {'displayName': 'Length', 'value': 212}, 'value': '60.2'}]",True,,False,,,
1901403,SecondHalf,45,47.0,48,Pass,Successful,276,Napoli,295358.0,Amir Rrahmani,39.3,59.7,47.4,71.7,,,,,"[{'type': {'displayName': 'HeadPass', 'value': 3}}, {'type': {'displayName': 'Zone', 'value': 56}, 'value': 'Back'}, {'type': {'displayName': 'Angle', 'value': 213}, 'value': '0.76'}, {'type': {'displayName': 'Length', 'value': 212}, 'value': '11.8'}, {'type': {'displayName': 'PassEndY', 'value': 141}, 'value': '71.7'}, {'type': {'displayName': 'PassEndX', 'value': 140}, 'value': '47.4'}]",True,,False,,,
1901403,SecondHalf,45,49.0,48,Aerial,Successful,276,Napoli,336915.0,Scott McTominay,47.4,71.7,,,,,,,"[{'type': {'displayName': 'Zone', 'value': 56}, 'value': 'Back'}, {'type': {'displayName': 'Defensive', 'value': 285}}, {'type': {'displayName': 'OppositeRelatedEvent', 'value': 233}, 'value': '422'}]",False,,False,,,
1901403,SecondHalf,45,49.0,48,Aerial,Unsuccessful,1290,Como,379615.0,Lucas da Cunha,52.6,28.3,,,,,,,"[{'type': {'displayName': 'OppositeRelatedEvent', 'value': 233}, 'value': '309'}, {'type': {'displayName': 'Offensive', 'value': 286}}, {'type': {'displayName': 'Zone', 'value': 56}, 'value': 'Center'}]",False,,False,,,
1901403,SecondHalf,45,50.0,48,Pass,Unsuccessful,276,Napoli,336915.0,Scott McTominay,47.4,71.7,59.2,70.5,,,,,"[{'type': {'displayName': 'Zone', 'value': 56}, 'value': 'Center'}, {'type': {'displayName': 'PassEndX', 'value': 140}, 'value': '59.2'}, {'type': {'displayName': 'Length', 'value': 212}, 'value': '12.4'}, {'type': {'displayName': 'HeadPass', 'value': 3}}, {'type': {'displayName': 'Angle', 'value': 213}, 'value': '6.22'}, {'type': {'displayName': 'PassEndY', 'value': 141}, 'value': '70.5'}]",True,,False,,,
1901403,SecondHalf,45,52.0,48,Pass,Successful,1290,Como,516374.0,Jacobo Ramón,40.4,38.5,37.5,48.1,,,,,"[{'type': {'displayName': 'PassEndX', 'value': 140}, 'value': '37.5'}, {'type': {'displayName': 'PassEndY', 'value': 141}, 'value': '48.1'}, {'type': {'displayName': 'Angle', 'value': 213}, 'value': '2.01'}, {'type': {'displayName': 'Zone', 'value': 56}, 'value': 'Back'}, {'type': {'displayName': 'Length', 'value': 212}, 'value': '7.2'}]",True,,False,,,
1901403,SecondHalf,45,53.0,48,Pass,Successful,1290,Como,433972.0,Máximo Perrone,37.5,48.1,38.0,86.1,,,,,"[{'type': {'displayName': 'Zone', 'value': 56}, 'value': 'Back'}, {'type': {'displayName': 'Angle', 'value': 213}, 'value': '1.55'}, {'type': {'displayName': 'PassEndY', 'value': 141}, 'value': '86.1'}, {'type': {'displayName': 'Length', 'value': 212}, 'value': '25.8'}, {'type': {'displayName': 'PassEndX', 'value': 140}, 'value': '38.0'}]",True,,False,,,
1901403,SecondHalf,45,56.0,48,Pass,Successful,1290,Como,454341.0,Álex Valle,38.0,86.1,34.9,70.0,,,,,"[{'type': {'displayName': 'Angle', 'value': 213}, 'value': '4.42'}, {'type': {'displayName': 'PassEndY', 'value': 141}, 'value': '70.0'}, {'type': {'displayName': 'PassEndX', 'value': 140}, 'value': '34.9'}, {'type': {'displayName': 'Length', 'value': 212}, 'value': '11.4'}, {'type': {'displayName': 'Zone', 'value': 56}, 'value': 'Back'}]",True,,False,,,
1901403,SecondHalf,46,0.0,49,Pass,Successful,1290,Como,433972.0,Máximo Perrone,35.3,66.6,47.4,65.2,,,,,"[{'type': {'displayName': 'Angle', 'value': 213}, 'value': '6.21'}, {'type': {'displayName': 'Length', 'value': 212}, 'value': '12.7'}, {'type': {'displayName': 'PassEndX', 'value': 140}, 'value': '47.4'}, {'type': {'displayName': 'Zone', 'value': 56}, 'value': 'Back'}, {'type': {'displayName': 'PassEndY', 'value': 141}, 'value': '65.2'}]",True,,False,,,
1901403,SecondHalf,46,2.0,49,Pass,Successful,1290,Como,448659.0,Nico Paz,51.9,67.0,70.0,91.2,,,,,"[{'type': {'displayName': 'PassEndY', 'value': 141}, 'value': '91.2'}, {'type': {'displayName': 'Angle', 'value': 213}, 'value': '0.71'}, {'type': {'displayName': 'Length', 'value': 212}, 'value': '25.1'}, {'type': {'displayName': 'Zone', 'value': 56}, 'value': 'Left'}, {'type': {'displayName': 'PassEndX', 'value': 140}, 'value': '70.0'}]",True,,False,,,
1901403,SecondHalf,46,6.0,49,Pass,Successful,1290,Como,454341.0,Álex Valle,68.6,80.1,68.5,72.0,,,,,"[{'type': {'displayName': 'Length', 'value': 212}, 'value': '5.5'}, {'type': {'displayName': 'Angle', 'value': 213}, 'value': '4.69'}, {'type': {'displayName': 'PassEndY', 'value': 141}, 'value': '72.0'}, {'type': {'displayName': 'PassEndX', 'value': 140}, 'value': '68.5'}, {'type': {'displayName': 'Zone', 'value': 56}, 'value': 'Center'}]",True,,False,,,
1901403,SecondHalf,46,9.0,49,Pass,Successful,1290,Como,407944.0,Martin Baturina,69.2,68.8,68.9,57.6,,,,,"[{'type': {'displayName': 'Zone', 'value': 56}, 'value': 'Center'}, {'type': {'displayName': 'Angle', 'value': 213}, 'value': '4.67'}, {'type': {'displayName': 'Length', 'value': 212}, 'value': '7.6'}, {'type': {'displayName': 'PassEndX', 'value': 140}, 'value': '68.9'}, {'type': {'displayName': 'PassEndY', 'value': 141}, 'value': '57.6'}]",True,,False,,,
1901403,SecondHalf,46,12.0,49,Pass,Successful,1290,Como,448659.0,Nico Paz,70.9,54.3,73.5,17.5,,,,,"[{'type': {'displayName': 'Angle', 'value': 213}, 'value': '4.82'}, {'type': {'displayName': 'PassEndX', 'value': 140}, 'value': '73.5'}, {'type': {'displayName': 'Zone', 'value': 56}, 'value': 'Right'}, {'type': {'displayName': 'PassEndY', 'value': 141}, 'value': '17.5'}, {'type': {'displayName': 'Length', 'value': 212}, 'value': '25.2'}]",True,,False,,,
1901403,SecondHalf,46,14.0,49,Pass,Successful,1290,Como,531127.0,Ivan Smolcic,73.5,17.5,83.1,10.3,,,,,"[{'type': {'displayName': 'Angle', 'value': 213}, 'value': '5.83'}, {'type': {'displayName': 'PassEndY', 'value': 141}, 'value': '10.3'}, {'type': {'displayName': 'Length', 'value': 212}, 'value': '11.2'}, {'type': {'displayName': 'Zone', 'value': 56}, 'value': 'Right'}, {'type': {'displayName': 'PassEndX', 'value': 140}, 'value': '83.1'}]",True,,False,,,
1901403,SecondHalf,46,19.0,49,Pass,Successful,1290,Como,502427.0,Assane Diao,83.8,14.8,75.9,25.9,,,,,"[{'type': {'displayName': 'PassEndX', 'value': 140}, 'value': '75.9'}, {'type': {'displayName': 'Angle', 'value': 213}, 'value': '2.40'}, {'type': {'displayName': 'Length', 'value': 212}, 'value': '11.2'}, {'type': {'displayName': 'PassEndY', 'value': 141}, 'value': '25.9'}, {'type': {'displayName': 'Zone', 'value': 56}, 'value': 'Center'}]",True,,False,,,
1901403,SecondHalf,46,21.0,49,Pass,Successful,1290,Como,379615.0,Lucas da Cunha,75.7,26.8,68.2,45.1,,,,,"[{'type': {'displayName': 'PassEndY', 'value': 141}, 'value': '45.1'}, {'type': {'displayName': 'PassEndX', 'value': 140}, 'value': '68.2'}, {'type': {'displayName': 'Length', 'value': 212}, 'value': '14.7'}, {'type': {'displayName': 'Angle', 'value': 213}, 'value': '2.14'}, {'type': {'displayName': 'Zone', 'value': 56}, 'value': 'Center'}]",True,,False,,,
1901403,SecondHalf,46,26.0,49,BallTouch,Unsuccessful,1290,Como,516374.0,Jacobo Ramón,69.6,27.1,,,,,,,"[{'type': {'displayName': 'Zone', 'value': 56}, 'value': 'Center'}]",True,,False,,,
1901403,SecondHalf,46,27.0,49,Clearance,Successful,276,Napoli,395788.0,Miguel Gutiérrez,20.0,75.1,73.1,33.6,,,,,"[{'type': {'displayName': 'Length', 'value': 212}, 'value': '62.5'}, {'type': {'displayName': 'Angle', 'value': 213}, 'value': '5.81'}, {'type': {'displayName': 'Zone', 'value': 56}, 'value': 'Center'}, {'type': {'displayName': 'PassEndY', 'value': 141}, 'value': '33.6'}, {'type': {'displayName': 'PassEndX', 'value': 140}, 'value': '73.1'}]",True,,False,,,
1901403,SecondHalf,46,30.0,49,Pass,Successful,1290,Como,256536.0,Jean Butez,34.1,60.7,48.0,39.4,,,,,"[{'type': {'displayName': 'PassEndX', 'value': 140}, 'value': '48.0'}, {'type': {'displayName': 'PassEndY', 'value': 141}, 'value': '39.4'}, {'type': {'displayName': 'Angle', 'value': 213}, 'value': '5.50'}, {'type': {'displayName': 'Length', 'value': 212}, 'value': '20.6'}, {'type': {'displayName': 'Zone', 'value': 56}, 'value': 'Back'}]",True,,False,,,
1901403,SecondHalf,46,38.0,49,Pass,Successful,1290,Como,433972.0,Máximo Perrone,54.1,56.2,54.2,89.8,,,,,"[{'type': {'displayName': 'PassEndX', 'value': 140}, 'value': '54.2'}, {'type': {'displayName': 'Zone', 'value': 56}, 'value': 'Left'}, {'type': {'displayName': 'Angle', 'value': 213}, 'value': '1.57'}, {'type': {'displayName': 'PassEndY', 'value': 141}, 'value': '89.8'}, {'type': {'displayName': 'Length', 'value': 212}, 'value': '22.8'}]",True,,False,,,
1901403,SecondHalf,46,43.0,49,Pass,Successful,1290,Como,407944.0,Martin Baturina,55.1,89.5,48.0,72.0,,,,,"[{'type': {'displayName': 'PassEndX', 'value': 140}, 'value': '48.0'}, {'type': {'displayName': 'Zone', 'value': 56}, 'value': 'Back'}, {'type': {'displayName': 'Length', 'value': 212}, 'value': '14.0'}, {'type': {'displayName': 'Angle', 'value': 213}, 'value': '4.15'}, {'type': {'displayName': 'PassEndY', 'value': 141}, 'value': '72.0'}]",True,,False,,,
1901403,SecondHalf,46,44.0,49,Pass,Successful,1290,Como,134984.0,Diego Carlos,47.9,70.2,46.9,35.2,,,,,"[{'type': {'displayName': 'PassEndX', 'value': 140}, 'value': '46.9'}, {'type': {'displayName': 'Zone', 'value': 56}, 'value': 'Back'}, {'type': {'displayName': 'PassEndY', 'value': 141}, 'value': '35.2'}, {'type': {'displayName': 'Angle', 'value': 213}, 'value': '4.67'}, {'type': {'displayName': 'Length', 'value': 212}, 'value': '23.8'}]",True,,False,,,
1901403,SecondHalf,46,47.0,49,Pass,Successful,1290,Como,516374.0,Jacobo Ramón,47.0,32.2,55.2,30.6,,,,,"[{'type': {'displayName': 'Zone', 'value': 56}, 'value': 'Center'}, {'type': {'displayName': 'Angle', 'value': 213}, 'value': '6.16'}, {'type': {'displayName': 'PassEndY', 'value': 141}, 'value': '30.6'}, {'type': {'displayName': 'PassEndX', 'value': 140}, 'value': '55.2'}, {'type': {'displayName': 'Length', 'value': 212}, 'value': '8.7'}]",True,,False,,,
1901403,SecondHalf,46,48.0,49,Pass,Successful,1290,Como,379615.0,Lucas da Cunha,55.2,30.6,45.9,45.1,,,,,"[{'type': {'displayName': 'LayOff', 'value': 156}}, {'type': {'displayName': 'PassEndY', 'value': 141}, 'value': '45.1'}, {'type': {'displayName': 'Zone', 'value': 56}, 'value': 'Back'}, {'type': {'displayName': 'PassEndX', 'value': 140}, 'value': '45.9'}, {'type': {'displayName': 'Angle', 'value': 213}, 'value': '2.35'}, {'type': {'displayName': 'Length', 'value': 212}, 'value': '13.9'}]",True,,False,,,
1901403,SecondHalf,46,54.0,49,Pass,Unsuccessful,1290,Como,433972.0,Máximo Perrone,52.1,28.0,67.0,28.2,,,,,"[{'type': {'displayName': 'Zone', 'value': 56}, 'value': 'Center'}, {'type': {'displayName': 'PassEndY', 'value': 141}, 'value': '28.2'}, {'type': {'displayName': 'PassEndX', 'value': 140}, 'value': '67.0'}, {'type': {'displayName': 'Length', 'value': 212}, 'value': '15.6'}, {'type': {'displayName': 'Angle', 'value': 213}, 'value': '0.01'}]",True,,False,,,
1901403,SecondHalf,46,56.0,49,BallTouch,Successful,276,Napoli,295358.0,Amir Rrahmani,26.5,67.0,,,,,,,"[{'type': {'displayName': 'Zone', 'value': 56}, 'value': 'Back'}]",True,,False,,,
1901403,SecondHalf,46,57.0,49,BallRecovery,Successful,276,Napoli,395788.0,Miguel Gutiérrez,34.4,77.7,,,,,,,[],False,,False,,,
1901403,SecondHalf,46,59.0,49,Pass,Unsuccessful,276,Napoli,395788.0,Miguel Gutiérrez,42.8,95.2,65.2,61.5,,,,,"[{'type': {'displayName': 'PassEndY', 'value': 141}, 'value': '61.5'}, {'type': {'displayName': 'Zone', 'value': 56}, 'value': 'Center'}, {'type': {'displayName': 'Longball', 'value': 1}}, {'type': {'displayName': 'Angle', 'value': 213}, 'value': '5.51'}, {'type': {'displayName': 'Length', 'value': 212}, 'value': '32.8'}, {'type': {'displayName': 'PassEndX', 'value': 140}, 'value': '65.2'}, {'type': {'displayName': 'Chipped', 'value': 155}}]",True,,False,,,
1901403,SecondHalf,47,2.0,50,BallRecovery,Successful,1290,Como,516374.0,Jacobo Ramón,40.4,34.8,,,,,,,[],False,,False,,,
1901403,SecondHalf,47,3.0,50,Pass,Successful,1290,Como,516374.0,Jacobo Ramón,42.2,31.9,63.4,17.8,,,,,"[{'type': {'displayName': 'Angle', 'value': 213}, 'value': '5.88'}, {'type': {'displayName': 'PassEndY', 'value': 141}, 'value': '17.8'}, {'type': {'displayName': 'Zone', 'value': 56}, 'value': 'Right'}, {'type': {'displayName': 'PassEndX', 'value': 140}, 'value': '63.4'}, {'type': {'displayName': 'Length', 'value': 212}, 'value': '24.2'}]",True,,False,,,
1901403,SecondHalf,47,14.0,50,Pass,Unsuccessful,1290,Como,502427.0,Assane Diao,90.4,18.6,87.1,64.6,,,,,"[{'type': {'displayName': 'Length', 'value': 212}, 'value': '31.5'}, {'type': {'displayName': 'Angle', 'value': 213}, 'value': '1.68'}, {'type': {'displayName': 'Cross', 'value': 2}}, {'type': {'displayName': 'Zone', 'value': 56}, 'value': 'Center'}, {'type': {'displayName': 'Chipped', 'value': 155}}, {'type': {'displayName': 'PassEndX', 'value': 140}, 'value': '87.1'}, {'type': {'displayName': 'LeftFoot', 'value': 72}}, {'type': {'displayName': 'PassEndY', 'value': 141}, 'value': '64.6'}]",True,,False,,,
1901403,SecondHalf,47,15.0,50,Clearance,Successful,276,Napoli,422739.0,Sam Beukema,11.2,43.5,35.1,53.2,,,,,"[{'type': {'displayName': 'PassEndX', 'value': 140}, 'value': '35.1'}, {'type': {'displayName': 'Angle', 'value': 213}, 'value': '0.26'}, {'type': {'displayName': 'PassEndY', 'value': 141}, 'value': '53.2'}, {'type': {'displayName': 'Zone', 'value': 56}, 'value': 'Back'}, {'type': {'displayName': 'Length', 'value': 212}, 'value': '25.9'}]",True,,False,,,
1901403,SecondHalf,47,18.0,50,Pass,Successful,1290,Como,134984.0,Diego Carlos,64.1,64.6,68.6,48.7,,,,,"[{'type': {'displayName': 'Zone', 'value': 56}, 'value': 'Center'}, {'type': {'displayName': 'Length', 'value': 212}, 'value': '11.8'}, {'type': {'displayName': 'PassEndY', 'value': 141}, 'value': '48.7'}, {'type': {'displayName': 'Angle', 'value': 213}, 'value': '5.12'}, {'type': {'displayName': 'PassEndX', 'value': 140}, 'value': '68.6'}]",True,,False,,,
1901403,SecondHalf,47,21.0,50,Pass,Successful,1290,Como,448659.0,Nico Paz,69.7,42.4,69.3,47.7,,,,,"[{'type': {'displayName': 'PassEndY', 'value': 141}, 'value': '47.7'}, {'type': {'displayName': 'PassEndX', 'value': 140}, 'value': '69.3'}, {'type': {'displayName': 'Length', 'value': 212}, 'value': '3.6'}, {'type': {'displayName': 'Angle', 'value': 213}, 'value': '1.69'}, {'type': {'displayName': 'Zone', 'value': 56}, 'value': 'Center'}]",True,,False,,,
1901403,SecondHalf,47,24.0,50,Pass,Successful,1290,Como,379615.0,Lucas da Cunha,69.8,46.6,69.1,37.5,,,,,"[{'type': {'displayName': 'Angle', 'value': 213}, 'value': '4.59'}, {'type': {'displayName': 'Zone', 'value': 56}, 'value': 'Center'}, {'type': {'displayName': 'PassEndY', 'value': 141}, 'value': '37.5'}, {'type': {'displayName': 'PassEndX', 'value': 140}, 'value': '69.1'}, {'type': {'displayName': 'Length', 'value': 212}, 'value': '6.2'}]",True,,False,,,
1901403,SecondHalf,47,25.0,50,Pass,Successful,1290,Como,448659.0,Nico Paz,69.1,37.5,67.4,24.9,,,,,"[{'type': {'displayName': 'Zone', 'value': 56}, 'value': 'Center'}, {'type': {'displayName': 'PassEndY', 'value': 141}, 'value': '24.9'}, {'type': {'displayName': 'PassEndX', 'value': 140}, 'value': '67.4'}, {'type': {'displayName': 'Angle', 'value': 213}, 'value': '4.51'}, {'type': {'displayName': 'Length', 'value': 212}, 'value': '8.8'}]",True,,False,,,
1901403,SecondHalf,47,26.0,50,Pass,Successful,1290,Como,531127.0,Ivan Smolcic,67.4,24.9,63.6,35.1,,,,,"[{'type': {'displayName': 'Angle', 'value': 213}, 'value': '2.09'}, {'type': {'displayName': 'PassEndY', 'value': 141}, 'value': '35.1'}, {'type': {'displayName': 'Length', 'value': 212}, 'value': '8.0'}, {'type': {'displayName': 'PassEndX', 'value': 140}, 'value': '63.6'}, {'type': {'displayName': 'Zone', 'value': 56}, 'value': 'Center'}]",True,,False,,,
1901403,SecondHalf,47,27.0,50,Pass,Successful,1290,Como,379615.0,Lucas da Cunha,63.6,35.2,60.1,47.4,,,,,"[{'type': {'displayName': 'PassEndX', 'value': 140}, 'value': '60.1'}, {'type': {'displayName': 'Angle', 'value': 213}, 'value': '1.99'}, {'type': {'displayName': 'Zone', 'value': 56}, 'value': 'Center'}, {'type': {'displayName': 'Length', 'value': 212}, 'value': '9.1'}, {'type': {'displayName': 'PassEndY', 'value': 141}, 'value': '47.4'}]",True,,False,,,
1901403,SecondHalf,47,30.0,50,Pass,Successful,1290,Como,516374.0,Jacobo Ramón,60.7,49.8,64.5,92.8,,,,,"[{'type': {'displayName': 'Zone', 'value': 56}, 'value': 'Left'}, {'type': {'displayName': 'PassEndY', 'value': 141}, 'value': '92.8'}, {'type': {'displayName': 'Angle', 'value': 213}, 'value': '1.44'}, {'type': {'displayName': 'PassEndX', 'value': 140}, 'value': '64.5'}, {'type': {'displayName': 'Length', 'value': 212}, 'value': '29.5'}]",True,,False,,,
1901403,SecondHalf,47,37.0,50,Pass,Successful,1290,Como,407944.0,Martin Baturina,62.1,78.7,53.8,76.6,,,,,"[{'type': {'displayName': 'PassEndY', 'value': 141}, 'value': '76.6'}, {'type': {'displayName': 'Angle', 'value': 213}, 'value': '3.30'}, {'type': {'displayName': 'Zone', 'value': 56}, 'value': 'Center'}, {'type': {'displayName': 'PassEndX', 'value': 140}, 'value': '53.8'}, {'type': {'displayName': 'Length', 'value': 212}, 'value': '8.8'}]",True,,False,,,
1901403,SecondHalf,47,39.0,50,Pass,Successful,1290,Como,134984.0,Diego Carlos,47.2,76.3,27.8,51.3,,,,,"[{'type': {'displayName': 'Length', 'value': 212}, 'value': '26.5'}, {'type': {'displayName': 'PassEndY', 'value': 141}, 'value': '51.3'}, {'type': {'displayName': 'Zone', 'value': 56}, 'value': 'Back'}, {'type': {'displayName': 'PassEndX', 'value': 140}, 'value': '27.8'}, {'type': {'displayName': 'Angle', 'value': 213}, 'value': '3.84'}]",True,,False,,,
1901403,SecondHalf,47,49.0,50,Pass,Successful,1290,Como,256536.0,Jean Butez,33.7,49.6,75.3,10.9,,,,,"[{'type': {'displayName': 'Angle', 'value': 213}, 'value': '5.74'}, {'type': {'displayName': 'PassEndY', 'value': 141}, 'value': '10.9'}, {'type': {'displayName': 'Chipped', 'value': 155}}, {'type': {'displayName': 'Length', 'value': 212}, 'value': '51.0'}, {'type': {'displayName': 'PassEndX', 'value': 140}, 'value': '75.3'}, {'type': {'displayName': 'Longball', 'value': 1}}, {'type': {'displayName': 'Zone', 'value': 56}, 'value': 'Right'}]",True,,False,,,
1901403,SecondHalf,47,50.0,50,BallTouch,Unsuccessful,1290,Como,502427.0,Assane Diao,75.6,10.2,,,,,,,"[{'type': {'displayName': 'Zone', 'value': 56}, 'value': 'Right'}]",True,,False,,,
1901403,SecondHalf,47,51.0,50,Clearance,Successful,276,Napoli,395788.0,Miguel Gutiérrez,23.6,87.0,23.3,100.0,,,,,"[{'type': {'displayName': 'Angle', 'value': 213}, 'value': '1.60'}, {'type': {'displayName': 'PassEndY', 'value': 141}, 'value': '100.0'}, {'type': {'displayName': 'Zone', 'value': 56}, 'value': 'Back'}, {'type': {'displayName': 'PassEndX', 'value': 140}, 'value': '23.3'}, {'type': {'displayName': 'Length', 'value': 212}, 'value': '9.8'}]",True,,False,,,
1901403,SecondHalf,48,3.0,51,Pass,Successful,1290,Como,531127.0,Ivan Smolcic,63.0,0.0,60.6,13.8,,,,,"[{'type': {'displayName': 'Zone', 'value': 56}, 'value': 'Right'}, {'type': {'displayName': 'ThrowIn', 'value': 107}}, {'type': {'displayName': 'Angle', 'value': 213}, 'value': '1.82'}, {'type': {'displayName': 'PassEndX', 'value': 140}, 'value': '60.6'}, {'type': {'displayName': 'Length', 'value': 212}, 'value': '10.3'}, {'type': {'displayName': 'PassEndY', 'value': 141}, 'value': '13.8'}]",True,,False,,,
1901403,SecondHalf,48,4.0,51,Pass,Successful,1290,Como,379615.0,Lucas da Cunha,60.6,15.1,55.3,55.0,,,,,"[{'type': {'displayName': 'Zone', 'value': 56}, 'value': 'Center'}, {'type': {'displayName': 'Length', 'value': 212}, 'value': '27.7'}, {'type': {'displayName': 'Angle', 'value': 213}, 'value': '1.77'}, {'type': {'displayName': 'PassEndY', 'value': 141}, 'value': '55.0'}, {'type': {'displayName': 'PassEndX', 'value': 140}, 'value': '55.3'}]",True,,False,,,
1901403,SecondHalf,48,5.0,51,Pass,Successful,1290,Como,433972.0,Máximo Perrone,55.3,55.0,55.5,71.5,,,,,"[{'type': {'displayName': 'PassEndX', 'value': 140}, 'value': '55.5'}, {'type': {'displayName': 'Zone', 'value': 56}, 'value': 'Center'}, {'type': {'displayName': 'Angle', 'value': 213}, 'value': '1.55'}, {'type': {'displayName': 'PassEndY', 'value': 141}, 'value': '71.5'}, {'type': {'displayName': 'Length', 'value': 212}, 'value': '11.2'}]",True,,False,,,
1901403,SecondHalf,48,6.0,51,Pass,Successful,1290,Como,134984.0,Diego Carlos,57.3,72.6,55.0,58.9,,,,,"[{'type': {'displayName': 'PassEndY', 'value': 141}, 'value': '58.9'}, {'type': {'displayName': 'Length', 'value': 212}, 'value': '9.6'}, {'type': {'displayName': 'Angle', 'value': 213}, 'value': '4.46'}, {'type': {'displayName': 'PassEndX', 'value': 140}, 'value': '55.0'}, {'type': {'displayName': 'Zone', 'value': 56}, 'value': 'Center'}]",True,,False,,,
1901403,SecondHalf,48,9.0,51,Pass,Successful,1290,Como,433972.0,Máximo Perrone,55.5,55.9,54.6,37.6,,,,,"[{'type': {'displayName': 'PassEndX', 'value': 140}, 'value': '54.6'}, {'type': {'displayName': 'PassEndY', 'value': 141}, 'value': '37.6'}, {'type': {'displayName': 'Angle', 'value': 213}, 'value': '4.64'}, {'type': {'displayName': 'Zone', 'value': 56}, 'value': 'Center'}, {'type': {'displayName': 'Length', 'value': 212}, 'value': '12.5'}]",True,,False,,,
1901403,SecondHalf,48,11.0,51,Pass,Successful,1290,Como,516374.0,Jacobo Ramón,59.1,37.5,61.3,13.9,,,,,"[{'type': {'displayName': 'Zone', 'value': 56}, 'value': 'Right'}, {'type': {'displayName': 'Angle', 'value': 213}, 'value': '4.86'}, {'type': {'displayName': 'PassEndY', 'value': 141}, 'value': '13.9'}, {'type': {'displayName': 'Length', 'value': 212}, 'value': '16.2'}, {'type': {'displayName': 'PassEndX', 'value': 140}, 'value': '61.3'}]",True,,False,,,
1901403,SecondHalf,48,14.0,51,Pass,Successful,1290,Como,379615.0,Lucas da Cunha,61.9,13.5,78.4,6.0,,,,,"[{'type': {'displayName': 'Length', 'value': 212}, 'value': '18.1'}, {'type': {'displayName': 'Angle', 'value': 213}, 'value': '6.00'}, {'type': {'displayName': 'PassEndY', 'value': 141}, 'value': '6.0'}, {'type': {'displayName': 'PassEndX', 'value': 140}, 'value': '78.4'}, {'type': {'displayName': 'Zone', 'value': 56}, 'value': 'Right'}]",True,,False,,,
1901403,SecondHalf,48,16.0,51,Pass,Successful,1290,Como,502427.0,Assane Diao,78.4,6.0,66.2,5.8,,,,,"[{'type': {'displayName': 'Zone', 'value': 56}, 'value': 'Right'}, {'type': {'displayName': 'PassEndX', 'value': 140}, 'value': '66.2'}, {'type': {'displayName': 'Angle', 'value': 213}, 'value': '3.15'}, {'type': {'displayName': 'Length', 'value': 212}, 'value': '12.8'}, {'type': {'displayName': 'PassEndY', 'value': 141}, 'value': '5.8'}]",True,,False,,,
1901403,SecondHalf,48,20.0,51,Pass,Successful,1290,Como,379615.0,Lucas da Cunha,63.4,24.4,50.7,61.2,,,,,"[{'type': {'displayName': 'Angle', 'value': 213}, 'value': '2.06'}, {'type': {'displayName': 'PassEndX', 'value': 140}, 'value': '50.7'}, {'type': {'displayName': 'Length', 'value': 212}, 'value': '28.4'}, {'type': {'displayName': 'Zone', 'value': 56}, 'value': 'Center'}, {'type': {'displayName': 'PassEndY', 'value': 141}, 'value': '61.2'}]",True,,False,,,
1901403,SecondHalf,48,23.0,51,Pass,Successful,1290,Como,134984.0,Diego Carlos,51.6,61.3,64.9,90.1,,,,,"[{'type': {'displayName': 'Zone', 'value': 56}, 'value': 'Left'}, {'type': {'displayName': 'Angle', 'value': 213}, 'value': '0.95'}, {'type': {'displayName': 'PassEndX', 'value': 140}, 'value': '64.9'}, {'type': {'displayName': 'Length', 'value': 212}, 'value': '24.1'}, {'type': {'displayName': 'PassEndY', 'value': 141}, 'value': '90.1'}]",True,,False,,,
1901403,SecondHalf,48,27.0,51,Pass,Successful,1290,Como,407944.0,Martin Baturina,65.9,87.7,63.2,77.4,,,,,"[{'type': {'displayName': 'Length', 'value': 212}, 'value': '7.6'}, {'type': {'displayName': 'Angle', 'value': 213}, 'value': '4.33'}, {'type': {'displayName': 'Zone', 'value': 56}, 'value': 'Center'}, {'type': {'displayName': 'PassEndX', 'value': 140}, 'value': '63.2'}, {'type': {'displayName': 'PassEndY', 'value': 141}, 'value': '77.4'}]",True,,False,,,
1901403,SecondHalf,48,29.0,51,Pass,Successful,1290,Como,433972.0,Máximo Perrone,62.7,74.1,52.0,40.2,,,,,"[{'type': {'displayName': 'PassEndX', 'value': 140}, 'value': '52.0'}, {'type': {'displayName': 'Zone', 'value': 56}, 'value': 'Center'}, {'type': {'displayName': 'PassEndY', 'value': 141}, 'value': '40.2'}, {'type': {'displayName': 'Length', 'value': 212}, 'value': '25.6'}, {'type': {'displayName': 'Angle', 'value': 213}, 'value': '4.26'}]",True,,False,,,
1901403,SecondHalf,48,31.0,51,Pass,Successful,1290,Como,516374.0,Jacobo Ramón,52.4,37.9,67.5,11.2,,,,,"[{'type': {'displayName': 'PassEndY', 'value': 141}, 'value': '11.2'}, {'type': {'displayName': 'PassEndX', 'value': 140}, 'value': '67.5'}, {'type': {'displayName': 'Zone', 'value': 56}, 'value': 'Right'}, {'type': {'displayName': 'Length', 'value': 212}, 'value': '24.1'}, {'type': {'displayName': 'Angle', 'value': 213}, 'value': '5.43'}]",True,,False,,,
1901403,SecondHalf,48,35.0,51,Pass,Successful,1290,Como,448659.0,Nico Paz,68.5,22.6,73.1,35.1,,,,,"[{'type': {'displayName': 'Zone', 'value': 56}, 'value': 'Center'}, {'type': {'displayName': 'Angle', 'value': 213}, 'value': '1.05'}, {'type': {'displayName': 'Length', 'value': 212}, 'value': '9.8'}, {'type': {'displayName': 'PassEndX', 'value': 140}, 'value': '73.1'}, {'type': {'displayName': 'PassEndY', 'value': 141}, 'value': '35.1'}]",True,,False,,,
1901403,SecondHalf,48,35.0,51,Pass,Successful,1290,Como,407944.0,Martin Baturina,73.1,35.1,77.1,27.3,,,,,"[{'type': {'displayName': 'Angle', 'value': 213}, 'value': '5.38'}, {'type': {'displayName': 'Zone', 'value': 56}, 'value': 'Center'}, {'type': {'displayName': 'PassEndX', 'value': 140}, 'value': '77.1'}, {'type': {'displayName': 'PassEndY', 'value': 141}, 'value': '27.3'}, {'type': {'displayName': 'Length', 'value': 212}, 'value': '6.8'}]",True,,False,,,
1901403,SecondHalf,48,37.0,51,TakeOn,Unsuccessful,1290,Como,502427.0,Assane Diao,77.1,27.3,,,,,,,"[{'type': {'displayName': 'Zone', 'value': 56}, 'value': 'Center'}, {'type': {'displayName': 'Offensive', 'value': 286}}, {'type': {'displayName': 'OverRun', 'value': 211}}]",True,,False,,,
1901403,SecondHalf,48,38.0,51,BallRecovery,Successful,276,Napoli,295358.0,Amir Rrahmani,20.5,69.9,,,,,,,[],False,,False,,,
1901403,SecondHalf,48,38.0,51,Pass,Successful,276,Napoli,295358.0,Amir Rrahmani,20.5,69.9,26.1,93.9,,,,,"[{'type': {'displayName': 'Angle', 'value': 213}, 'value': '1.22'}, {'type': {'displayName': 'PassEndY', 'value': 141}, 'value': '93.9'}, {'type': {'displayName': 'Length', 'value': 212}, 'value': '17.3'}, {'type': {'displayName': 'PassEndX', 'value': 140}, 'value': '26.1'}, {'type': {'displayName': 'Zone', 'value': 56}, 'value': 'Back'}]",True,,False,,,
1901403,SecondHalf,48,41.0,51,TakeOn,Successful,276,Napoli,557549.0,Alisson Santos,27.4,86.5,,,,,,,"[{'type': {'displayName': 'Zone', 'value': 56}, 'value': 'Back'}, {'type': {'displayName': 'OppositeRelatedEvent', 'value': 233}, 'value': '473'}, {'type': {'displayName': 'Defensive', 'value': 285}}]",True,,False,,,
1901403,SecondHalf,48,41.0,51,Challenge,Unsuccessful,1290,Como,448659.0,Nico Paz,72.6,13.5,,,,,,,"[{'type': {'displayName': 'OppositeRelatedEvent', 'value': 233}, 'value': '320'}, {'type': {'displayName': 'Zone', 'value': 56}, 'value': 'Right'}, {'type': {'displayName': 'Offensive', 'value': 286}}]",False,,False,,,
1901403,SecondHalf,48,42.0,51,BallTouch,Unsuccessful,276,Napoli,557549.0,Alisson Santos,27.8,85.9,,,,,,,"[{'type': {'displayName': 'Zone', 'value': 56}, 'value': 'Back'}]",True,,False,,,
1901403,SecondHalf,48,43.0,51,Error,Successful,276,Napoli,557549.0,Alisson Santos,28.1,83.5,,,,,,,"[{'type': {'displayName': 'LeadingToAttempt', 'value': 169}, 'value': '476'}]",False,,False,,,
1901403,SecondHalf,48,45.0,51,BallRecovery,Successful,1290,Como,379615.0,Lucas da Cunha,76.8,22.6,,,,,,,[],False,,False,,,
1901403,SecondHalf,48,47.0,51,MissedShots,Successful,1290,Como,379615.0,Lucas da Cunha,82.3,30.9,,,87.9,11.1,,,"[{'type': {'displayName': 'Zone', 'value': 56}, 'value': 'Center'}, {'type': {'displayName': 'IndividualPlay', 'value': 215}}, {'type': {'displayName': 'GoalMouthZ', 'value': 103}, 'value': '11.1'}, {'type': {'displayName': 'RegularPlay', 'value': 22}}, {'type': {'displayName': 'LeftFoot', 'value': 72}}, {'type': {'displayName': 'OutOfBoxCentre', 'value': 18}}, {'type': {'displayName': 'MissLeft', 'value': 73}}, {'type': {'displayName': 'GoalMouthY', 'value': 102}, 'value': '87.9'}]",True,True,False,,,
1901403,SecondHalf,49,4.0,52,Pass,Successful,276,Napoli,149474.0,Vanja Milinkovic-Savic,5.1,52.3,7.1,68.5,,,,,"[{'type': {'displayName': 'GoalKick', 'value': 124}}, {'type': {'displayName': 'PassEndX', 'value': 140}, 'value': '7.1'}, {'type': {'displayName': 'Zone', 'value': 56}, 'value': 'Back'}, {'type': {'displayName': 'Angle', 'value': 213}, 'value': '1.38'}, {'type': {'displayName': 'Length', 'value': 212}, 'value': '11.2'}, {'type': {'displayName': 'PassEndY', 'value': 141}, 'value': '68.5'}]",True,,False,,,
1901403,SecondHalf,49,6.0,52,Pass,Successful,276,Napoli,333373.0,Alessandro Buongiorno,7.1,68.5,19.4,70.9,,,,,"[{'type': {'displayName': 'Length', 'value': 212}, 'value': '13.0'}, {'type': {'displayName': 'Angle', 'value': 213}, 'value': '0.13'}, {'type': {'displayName': 'PassEndY', 'value': 141}, 'value': '70.9'}, {'type': {'displayName': 'Zone', 'value': 56}, 'value': 'Back'}, {'type': {'displayName': 'PassEndX', 'value': 140}, 'value': '19.4'}]",True,,False,,,
1901403,SecondHalf,49,8.0,52,Pass,Successful,276,Napoli,336915.0,Scott McTominay,19.3,70.9,20.5,86.8,,,,,"[{'type': {'displayName': 'Angle', 'value': 213}, 'value': '1.45'}, {'type': {'displayName': 'Zone', 'value': 56}, 'value': 'Back'}, {'type': {'displayName': 'PassEndY', 'value': 141}, 'value': '86.8'}, {'type': {'displayName': 'PassEndX', 'value': 140}, 'value': '20.5'}, {'type': {'displayName': 'Length', 'value': 212}, 'value': '10.9'}]",True,,False,,,
1901403,SecondHalf,49,10.0,52,Pass,Successful,276,Napoli,395788.0,Miguel Gutiérrez,20.0,85.9,9.0,76.6,,,,,"[{'type': {'displayName': 'PassEndX', 'value': 140}, 'value': '9.0'}, {'type': {'displayName': 'Length', 'value': 212}, 'value': '13.2'}, {'type': {'displayName': 'Angle', 'value': 213}, 'value': '3.64'}, {'type': {'displayName': 'Zone', 'value': 56}, 'value': 'Back'}, {'type': {'displayName': 'PassEndY', 'value': 141}, 'value': '76.6'}]",True,,False,,,
1901403,SecondHalf,49,13.0,52,Pass,Unsuccessful,276,Napoli,333373.0,Alessandro Buongiorno,6.1,81.4,40.1,80.4,,,,,"[{'type': {'displayName': 'Longball', 'value': 1}}, {'type': {'displayName': 'Angle', 'value': 213}, 'value': '6.26'}, {'type': {'displayName': 'PassEndY', 'value': 141}, 'value': '80.4'}, {'type': {'displayName': 'Chipped', 'value': 155}}, {'type': {'displayName': 'Length', 'value': 212}, 'value': '35.7'}, {'type': {'displayName': 'PassEndX', 'value': 140}, 'value': '40.1'}, {'type': {'displayName': 'Zone', 'value': 56}, 'value': 'Back'}]",True,,False,,,
1901403,SecondHalf,49,17.0,52,BallRecovery,Successful,1290,Como,516374.0,Jacobo Ramón,55.8,35.2,,,,,,,[],False,,False,,,
1901403,SecondHalf,49,17.0,52,Pass,Successful,1290,Como,516374.0,Jacobo Ramón,55.8,35.2,48.1,58.3,,,,,"[{'type': {'displayName': 'Zone', 'value': 56}, 'value': 'Back'}, {'type': {'displayName': 'PassEndY', 'value': 141}, 'value': '58.3'}, {'type': {'displayName': 'Angle', 'value': 213}, 'value': '2.05'}, {'type': {'displayName': 'Length', 'value': 212}, 'value': '17.7'}, {'type': {'displayName': 'PassEndX', 'value': 140}, 'value': '48.1'}]",True,,False,,,
1901403,SecondHalf,49,18.0,52,Pass,Successful,1290,Como,454341.0,Álex Valle,48.1,58.3,61.8,69.0,,,,,"[{'type': {'displayName': 'Zone', 'value': 56}, 'value': 'Center'}, {'type': {'displayName': 'Angle', 'value': 213}, 'value': '0.47'}, {'type': {'displayName': 'Length', 'value': 212}, 'value': '16.1'}, {'type': {'displayName': 'PassEndX', 'value': 140}, 'value': '61.8'}, {'type': {'displayName': 'PassEndY', 'value': 141}, 'value': '69.0'}]",True,,False,,,
1901403,SecondHalf,49,21.0,52,Pass,Successful,1290,Como,407944.0,Martin Baturina,61.7,63.0,62.0,44.2,,,,,"[{'type': {'displayName': 'Angle', 'value': 213}, 'value': '4.74'}, {'type': {'displayName': 'Zone', 'value': 56}, 'value': 'Center'}, {'type': {'displayName': 'Length', 'value': 212}, 'value': '12.8'}, {'type': {'displayName': 'PassEndX', 'value': 140}, 'value': '62.0'}, {'type': {'displayName': 'PassEndY', 'value': 141}, 'value': '44.2'}]",True,,False,,,
1901403,SecondHalf,49,23.0,52,Pass,Successful,1290,Como,379615.0,Lucas da Cunha,62.0,44.2,49.0,37.3,,,,,"[{'type': {'displayName': 'Length', 'value': 212}, 'value': '14.4'}, {'type': {'displayName': 'Angle', 'value': 213}, 'value': '3.47'}, {'type': {'displayName': 'LayOff', 'value': 156}}, {'type': {'displayName': 'PassEndY', 'value': 141}, 'value': '37.3'}, {'type': {'displayName': 'PassEndX', 'value': 140}, 'value': '49.0'}, {'type': {'displayName': 'Zone', 'value': 56}, 'value': 'Back'}]",True,,False,,,
1901403,SecondHalf,49,25.0,52,Pass,Successful,1290,Como,516374.0,Jacobo Ramón,48.8,37.3,51.6,57.0,,,,,"[{'type': {'displayName': 'Zone', 'value': 56}, 'value': 'Center'}, {'type': {'displayName': 'PassEndX', 'value': 140}, 'value': '51.6'}, {'type': {'displayName': 'Angle', 'value': 213}, 'value': '1.35'}, {'type': {'displayName': 'Length', 'value': 212}, 'value': '13.7'}, {'type': {'displayName': 'PassEndY', 'value': 141}, 'value': '57.0'}]",True,,False,,,
1901403,SecondHalf,49,28.0,52,Pass,Successful,1290,Como,433972.0,Máximo Perrone,52.9,57.7,61.2,24.4,,,,,"[{'type': {'displayName': 'Length', 'value': 212}, 'value': '24.3'}, {'type': {'displayName': 'PassEndY', 'value': 141}, 'value': '24.4'}, {'type': {'displayName': 'Zone', 'value': 56}, 'value': 'Center'}, {'type': {'displayName': 'PassEndX', 'value': 140}, 'value': '61.2'}, {'type': {'displayName': 'Angle', 'value': 213}, 'value': '5.08'}]",True,,False,,,
1901403,SecondHalf,49,31.0,52,Pass,Successful,1290,Como,379615.0,Lucas da Cunha,59.7,23.8,42.2,41.8,,,,,"[{'type': {'displayName': 'PassEndY', 'value': 141}, 'value': '41.8'}, {'type': {'displayName': 'Zone', 'value': 56}, 'value': 'Back'}, {'type': {'displayName': 'PassEndX', 'value': 140}, 'value': '42.2'}, {'type': {'displayName': 'Length', 'value': 212}, 'value': '22.1'}, {'type': {'displayName': 'Angle', 'value': 213}, 'value': '2.55'}]",True,,False,,,
1901403,SecondHalf,49,33.0,52,Pass,Successful,1290,Como,516374.0,Jacobo Ramón,42.2,41.8,41.0,68.5,,,,,"[{'type': {'displayName': 'PassEndY', 'value': 141}, 'value': '68.5'}, {'type': {'displayName': 'PassEndX', 'value': 140}, 'value': '41.0'}, {'type': {'displayName': 'Length', 'value': 212}, 'value': '18.2'}, {'type': {'displayName': 'Angle', 'value': 213}, 'value': '1.64'}, {'type': {'displayName': 'Zone', 'value': 56}, 'value': 'Back'}]",True,,False,,,
1901403,SecondHalf,49,36.0,52,Pass,Successful,1290,Como,134984.0,Diego Carlos,40.9,68.5,17.7,49.3,,,,,"[{'type': {'displayName': 'Length', 'value': 212}, 'value': '27.6'}, {'type': {'displayName': 'Zone', 'value': 56}, 'value': 'Back'}, {'type': {'displayName': 'Angle', 'value': 213}, 'value': '3.63'}, {'type': {'displayName': 'PassEndY', 'value': 141}, 'value': '49.3'}, {'type': {'displayName': 'PassEndX', 'value': 140}, 'value': '17.7'}]",True,,False,,,
1901403,SecondHalf,49,40.0,52,Pass,Successful,1290,Como,256536.0,Jean Butez,18.0,48.4,28.8,43.8,,,,,"[{'type': {'displayName': 'PassEndX', 'value': 140}, 'value': '28.8'}, {'type': {'displayName': 'Length', 'value': 212}, 'value': '11.8'}, {'type': {'displayName': 'PassEndY', 'value': 141}, 'value': '43.8'}, {'type': {'displayName': 'Zone', 'value': 56}, 'value': 'Back'}, {'type': {'displayName': 'Angle', 'value': 213}, 'value': '6.01'}]",True,,False,,,
1901403,SecondHalf,49,48.0,52,Pass,Successful,1290,Como,531127.0,Ivan Smolcic,42.7,55.6,44.8,57.9,,,,,"[{'type': {'displayName': 'PassEndY', 'value': 141}, 'value': '57.9'}, {'type': {'displayName': 'PassEndX', 'value': 140}, 'value': '44.8'}, {'type': {'displayName': 'Length', 'value': 212}, 'value': '2.7'}, {'type': {'displayName': 'Zone', 'value': 56}, 'value': 'Back'}, {'type': {'displayName': 'Angle', 'value': 213}, 'value': '0.62'}]",True,,False,,,
1901403,SecondHalf,49,55.0,52,Pass,Successful,1290,Como,407944.0,Martin Baturina,61.6,47.1,60.4,15.1,,,,,"[{'type': {'displayName': 'Length', 'value': 212}, 'value': '21.8'}, {'type': {'displayName': 'Zone', 'value': 56}, 'value': 'Right'}, {'type': {'displayName': 'Angle', 'value': 213}, 'value': '4.65'}, {'type': {'displayName': 'PassEndX', 'value': 140}, 'value': '60.4'}, {'type': {'displayName': 'PassEndY', 'value': 141}, 'value': '15.1'}]",True,,False,,,
1901403,SecondHalf,49,57.0,52,Pass,Successful,1290,Como,379615.0,Lucas da Cunha,60.4,15.1,70.8,5.2,,,,,"[{'type': {'displayName': 'Length', 'value': 212}, 'value': '12.8'}, {'type': {'displayName': 'PassEndX', 'value': 140}, 'value': '70.8'}, {'type': {'displayName': 'Angle', 'value': 213}, 'value': '5.73'}, {'type': {'displayName': 'Zone', 'value': 56}, 'value': 'Right'}, {'type': {'displayName': 'PassEndY', 'value': 141}, 'value': '5.2'}]",True,,False,,,
1901403,SecondHalf,50,0.0,53,Pass,Successful,1290,Como,502427.0,Assane Diao,69.0,9.7,55.9,13.0,,,,,"[{'type': {'displayName': 'Angle', 'value': 213}, 'value': '2.98'}, {'type': {'displayName': 'Zone', 'value': 56}, 'value': 'Right'}, {'type': {'displayName': 'Length', 'value': 212}, 'value': '13.9'}, {'type': {'displayName': 'PassEndX', 'value': 140}, 'value': '55.9'}, {'type': {'displayName': 'PassEndY', 'value': 141}, 'value': '13.0'}]",True,,False,,,
1901403,SecondHalf,50,4.0,53,Pass,Successful,1290,Como,379615.0,Lucas da Cunha,55.8,15.3,52.8,59.7,,,,,"[{'type': {'displayName': 'Length', 'value': 212}, 'value': '30.4'}, {'type': {'displayName': 'Angle', 'value': 213}, 'value': '1.67'}, {'type': {'displayName': 'PassEndX', 'value': 140}, 'value': '52.8'}, {'type': {'displayName': 'Zone', 'value': 56}, 'value': 'Center'}, {'type': {'displayName': 'PassEndY', 'value': 141}, 'value': '59.7'}]",True,,False,,,
1901403,SecondHalf,50,6.0,53,Pass,Successful,1290,Como,433972.0,Máximo Perrone,52.8,59.8,67.3,90.4,,,,,"[{'type': {'displayName': 'Zone', 'value': 56}, 'value': 'Left'}, {'type': {'displayName': 'PassEndX', 'value': 140}, 'value': '67.3'}, {'type': {'displayName': 'Length', 'value': 212}, 'value': '25.8'}, {'type': {'displayName': 'PassEndY', 'value': 141}, 'value': '90.4'}, {'type': {'displayName': 'Angle', 'value': 213}, 'value': '0.94'}]",True,,False,,,
1901403,SecondHalf,50,10.0,53,Pass,Successful,1290,Como,454341.0,Álex Valle,68.2,86.2,60.1,73.9,,,,,"[{'type': {'displayName': 'Zone', 'value': 56}, 'value': 'Center'}, {'type': {'displayName': 'Angle', 'value': 213}, 'value': '3.92'}, {'type': {'displayName': 'PassEndY', 'value': 141}, 'value': '73.9'}, {'type': {'displayName': 'PassEndX', 'value': 140}, 'value': '60.1'}, {'type': {'displayName': 'Length', 'value': 212}, 'value': '11.9'}]",True,,False,,,
1901403,SecondHalf,50,13.0,53,Pass,Successful,1290,Como,433972.0,Máximo Perrone,60.4,73.0,63.4,66.7,,,,,"[{'type': {'displayName': 'Zone', 'value': 56}, 'value': 'Center'}, {'type': {'displayName': 'Length', 'value': 212}, 'value': '5.3'}, {'type': {'displayName': 'PassEndX', 'value': 140}, 'value': '63.4'}, {'type': {'displayName': 'PassEndY', 'value': 141}, 'value': '66.7'}, {'type': {'displayName': 'Angle', 'value': 213}, 'value': '5.35'}]",True,,False,,,
1901403,SecondHalf,50,14.0,53,Pass,Successful,1290,Como,448659.0,Nico Paz,63.4,66.7,67.8,58.8,,,,,"[{'type': {'displayName': 'PassEndX', 'value': 140}, 'value': '67.8'}, {'type': {'displayName': 'Length', 'value': 212}, 'value': '7.1'}, {'type': {'displayName': 'Zone', 'value': 56}, 'value': 'Center'}, {'type': {'displayName': 'PassEndY', 'value': 141}, 'value': '58.8'}, {'type': {'displayName': 'Angle', 'value': 213}, 'value': '5.42'}]",True,,False,,,
1901403,SecondHalf,50,16.0,53,BallTouch,Unsuccessful,1290,Como,407944.0,Martin Baturina,67.8,58.8,,,,,,,"[{'type': {'displayName': 'Zone', 'value': 56}, 'value': 'Center'}]",True,,False,,,
1901403,SecondHalf,50,17.0,53,Pass,Successful,276,Napoli,336915.0,Scott McTominay,24.6,32.5,23.5,23.4,,,,,"[{'type': {'displayName': 'Zone', 'value': 56}, 'value': 'Back'}, {'type': {'displayName': 'PassEndX', 'value': 140}, 'value': '23.5'}, {'type': {'displayName': 'Length', 'value': 212}, 'value': '6.3'}, {'type': {'displayName': 'Angle', 'value': 213}, 'value': '4.53'}, {'type': {'displayName': 'PassEndY', 'value': 141}, 'value': '23.4'}]",True,,False,,,
1901403,SecondHalf,50,18.0,53,BallRecovery,Successful,276,Napoli,422739.0,Sam Beukema,23.5,23.4,,,,,,,[],False,,False,,,
1901403,SecondHalf,50,20.0,53,Pass,Successful,276,Napoli,422739.0,Sam Beukema,23.5,23.4,21.4,6.9,,,,,"[{'type': {'displayName': 'Zone', 'value': 56}, 'value': 'Back'}, {'type': {'displayName': 'PassEndY', 'value': 141}, 'value': '6.9'}, {'type': {'displayName': 'PassEndX', 'value': 140}, 'value': '21.4'}, {'type': {'displayName': 'Angle', 'value': 213}, 'value': '4.52'}, {'type': {'displayName': 'Length', 'value': 212}, 'value': '11.4'}]",True,,False,,,
1901403,SecondHalf,50,22.0,53,Pass,Unsuccessful,276,Napoli,122683.0,Matteo Politano,31.4,4.3,35.1,9.7,,,,,"[{'type': {'displayName': 'PassEndY', 'value': 141}, 'value': '9.7'}, {'type': {'displayName': 'Zone', 'value': 56}, 'value': 'Back'}, {'type': {'displayName': 'Length', 'value': 212}, 'value': '5.3'}, {'type': {'displayName': 'Angle', 'value': 213}, 'value': '0.76'}, {'type': {'displayName': 'PassEndX', 'value': 140}, 'value': '35.1'}]",True,,False,,,
1901403,SecondHalf,50,24.0,53,BallTouch,Successful,1290,Como,454341.0,Álex Valle,63.2,89.5,,,,,,,"[{'type': {'displayName': 'Zone', 'value': 56}, 'value': 'Left'}]",True,,False,,,
1901403,SecondHalf,50,25.0,53,BallRecovery,Successful,1290,Como,433972.0,Máximo Perrone,63.1,89.5,,,,,,,[],False,,False,,,
1901403,SecondHalf,50,25.0,53,Pass,Successful,1290,Como,433972.0,Máximo Perrone,63.1,89.5,69.4,88.0,,,,,"[{'type': {'displayName': 'PassEndY', 'value': 141}, 'value': '88.0'}, {'type': {'displayName': 'Angle', 'value': 213}, 'value': '6.13'}, {'type': {'displayName': 'PassEndX', 'value': 140}, 'value': '69.4'}, {'type': {'displayName': 'Length', 'value': 212}, 'value': '6.7'}, {'type': {'displayName': 'Zone', 'value': 56}, 'value': 'Left'}]",True,,False,,,
1901403,SecondHalf,50,26.0,53,Pass,Successful,1290,Como,407944.0,Martin Baturina,69.4,88.0,72.3,94.6,,,,,"[{'type': {'displayName': 'Length', 'value': 212}, 'value': '5.4'}, {'type': {'displayName': 'Angle', 'value': 213}, 'value': '0.97'}, {'type': {'displayName': 'PassEndY', 'value': 141}, 'value': '94.6'}, {'type': {'displayName': 'PassEndX', 'value': 140}, 'value': '72.3'}, {'type': {'displayName': 'Zone', 'value': 56}, 'value': 'Left'}]",True,,False,,,
1901403,SecondHalf,50,27.0,53,Pass,Unsuccessful,1290,Como,454341.0,Álex Valle,72.3,94.6,83.8,58.6,,,,,"[{'type': {'displayName': 'LeftFoot', 'value': 72}}, {'type': {'displayName': 'Angle', 'value': 213}, 'value': '5.17'}, {'type': {'displayName': 'PassEndY', 'value': 141}, 'value': '58.6'}, {'type': {'displayName': 'Zone', 'value': 56}, 'value': 'Center'}, {'type': {'displayName': 'Cross', 'value': 2}}, {'type': {'displayName': 'PassEndX', 'value': 140}, 'value': '83.8'}, {'type': {'displayName': 'Length', 'value': 212}, 'value': '27.3'}]",True,,False,,,
1901403,SecondHalf,50,28.0,53,Clearance,Successful,276,Napoli,295358.0,Amir Rrahmani,14.8,28.6,22.0,0.0,,,,,"[{'type': {'displayName': 'PassEndY', 'value': 141}, 'value': '0.0'}, {'type': {'displayName': 'Angle', 'value': 213}, 'value': '5.07'}, {'type': {'displayName': 'Zone', 'value': 56}, 'value': 'Back'}, {'type': {'displayName': 'PassEndX', 'value': 140}, 'value': '22.0'}, {'type': {'displayName': 'Length', 'value': 212}, 'value': '21.4'}]",True,,False,,,
1901403,SecondHalf,50,39.0,53,Pass,Successful,1290,Como,454341.0,Álex Valle,73.4,100.0,74.7,88.3,,,,,"[{'type': {'displayName': 'ThrowIn', 'value': 107}}, {'type': {'displayName': 'Zone', 'value': 56}, 'value': 'Left'}, {'type': {'displayName': 'PassEndY', 'value': 141}, 'value': '88.3'}, {'type': {'displayName': 'PassEndX', 'value': 140}, 'value': '74.7'}, {'type': {'displayName': 'Length', 'value': 212}, 'value': '9.0'}, {'type': {'displayName': 'Angle', 'value': 213}, 'value': '4.86'}]",True,,False,,,
1901403,SecondHalf,50,41.0,53,Pass,Successful,1290,Como,407944.0,Martin Baturina,75.2,85.9,71.3,95.7,,,,,"[{'type': {'displayName': 'PassEndY', 'value': 141}, 'value': '95.7'}, {'type': {'displayName': 'Length', 'value': 212}, 'value': '7.8'}, {'type': {'displayName': 'PassEndX', 'value': 140}, 'value': '71.3'}, {'type': {'displayName': 'Angle', 'value': 213}, 'value': '2.12'}, {'type': {'displayName': 'Zone', 'value': 56}, 'value': 'Left'}]",True,,False,,,
1901403,SecondHalf,50,42.0,53,Pass,Successful,1290,Como,454341.0,Álex Valle,71.3,95.2,62.6,94.5,,,,,"[{'type': {'displayName': 'PassEndY', 'value': 141}, 'value': '94.5'}, {'type': {'displayName': 'Zone', 'value': 56}, 'value': 'Left'}, {'type': {'displayName': 'Angle', 'value': 213}, 'value': '3.19'}, {'type': {'displayName': 'Length', 'value': 212}, 'value': '9.1'}, {'type': {'displayName': 'PassEndX', 'value': 140}, 'value': '62.6'}]",True,,False,,,
1901403,SecondHalf,50,43.0,53,Pass,Unsuccessful,1290,Como,433972.0,Máximo Perrone,62.8,94.8,61.6,94.0,,,,,"[{'type': {'displayName': 'Angle', 'value': 213}, 'value': '3.55'}, {'type': {'displayName': 'Zone', 'value': 56}, 'value': 'Left'}, {'type': {'displayName': 'Offensive', 'value': 286}}, {'type': {'displayName': 'OppositeRelatedEvent', 'value': 233}, 'value': '336'}, {'type': {'displayName': 'PassEndY', 'value': 141}, 'value': '94.0'}, {'type': {'displayName': 'Length', 'value': 212}, 'value': '1.4'}, {'type': {'displayName': 'PassEndX', 'value': 140}, 'value': '61.6'}]",True,,False,,,
1901403,SecondHalf,50,43.0,53,BlockedPass,Successful,276,Napoli,439584.0,Rasmus Højlund,38.4,6.0,,,,,,,"[{'type': {'displayName': 'Defensive', 'value': 285}}, {'type': {'displayName': 'Zone', 'value': 56}, 'value': 'Back'}, {'type': {'displayName': 'OppositeRelatedEvent', 'value': 233}, 'value': '508'}]",True,,False,,,
1901403,SecondHalf,50,56.0,53,Pass,Successful,1290,Como,454341.0,Álex Valle,68.1,100.0,84.2,82.3,,,,,"[{'type': {'displayName': 'PassEndY', 'value': 141}, 'value': '82.3'}, {'type': {'displayName': 'Longball', 'value': 1}}, {'type': {'displayName': 'Length', 'value': 212}, 'value': '21.6'}, {'type': {'displayName': 'PassEndX', 'value': 140}, 'value': '84.2'}, {'type': {'displayName': 'Angle', 'value': 213}, 'value': '5.61'}, {'type': {'displayName': 'Zone', 'value': 56}, 'value': 'Left'}, {'type': {'displayName': 'ThrowIn', 'value': 107}}]",True,,False,,,
1901403,SecondHalf,51,1.0,54,BallTouch,Unsuccessful,1290,Como,422873.0,Tasos Douvikas,82.6,77.7,,,,,,,"[{'type': {'displayName': 'Zone', 'value': 56}, 'value': 'Center'}]",True,,False,,,
1901403,SecondHalf,51,2.0,54,BallTouch,Unsuccessful,276,Napoli,111892.0,Stanislav Lobotka,19.9,31.6,,,,,,,"[{'type': {'displayName': 'Zone', 'value': 56}, 'value': 'Back'}]",True,,False,,,
1901403,SecondHalf,51,3.0,54,Pass,Successful,1290,Como,454341.0,Álex Valle,80.4,74.7,70.5,60.1,,,,,"[{'type': {'displayName': 'Angle', 'value': 213}, 'value': '3.90'}, {'type': {'displayName': 'Length', 'value': 212}, 'value': '14.4'}, {'type': {'displayName': 'Zone', 'value': 56}, 'value': 'Center'}, {'type': {'displayName': 'PassEndX', 'value': 140}, 'value': '70.5'}, {'type': {'displayName': 'PassEndY', 'value': 141}, 'value': '60.1'}]",True,,False,,,
1901403,SecondHalf,51,4.0,54,Pass,Successful,1290,Como,379615.0,Lucas da Cunha,70.5,60.1,72.7,35.1,,,,,"[{'type': {'displayName': 'Angle', 'value': 213}, 'value': '4.85'}, {'type': {'displayName': 'PassEndX', 'value': 140}, 'value': '72.7'}, {'type': {'displayName': 'Length', 'value': 212}, 'value': '17.2'}, {'type': {'displayName': 'Zone', 'value': 56}, 'value': 'Center'}, {'type': {'displayName': 'PassEndY', 'value': 141}, 'value': '35.1'}]",True,,False,,,
1901403,SecondHalf,51,6.0,54,Pass,Successful,1290,Como,531127.0,Ivan Smolcic,72.7,35.1,88.9,35.8,,,,,"[{'type': {'displayName': 'PassEndY', 'value': 141}, 'value': '35.8'}, {'type': {'displayName': 'Zone', 'value': 56}, 'value': 'Center'}, {'type': {'displayName': 'PassEndX', 'value': 140}, 'value': '88.9'}, {'type': {'displayName': 'IntentionalAssist', 'value': 154}}, {'type': {'displayName': 'ShotAssist', 'value': 210}, 'value': '15'}, {'type': {'displayName': 'Angle', 'value': 213}, 'value': '0.03'}, {'type': {'displayName': 'Length', 'value': 212}, 'value': '17.0'}, {'type': {'displayName': 'KeyPass', 'value': 11113}}]",True,,False,,,
1901403,SecondHalf,51,8.0,54,SavedShot,Successful,1290,Como,502427.0,Assane Diao,88.9,35.8,,,49.7,19.0,91.9,39.5,"[{'type': {'displayName': 'IntentionalAssist', 'value': 154}}, {'type': {'displayName': 'FirstTouch', 'value': 328}}, {'type': {'displayName': 'RelatedEventId', 'value': 55}, 'value': '514'}, {'type': {'displayName': 'BlockedY', 'value': 147}, 'value': '39.5'}, {'type': {'displayName': 'RegularPlay', 'value': 22}}, {'type': {'displayName': 'OppositeRelatedEvent', 'value': 233}, 'value': '340'}, {'type': {'displayName': 'Blocked', 'value': 82}}, {'type': {'displayName': 'BlockedX', 'value': 146}, 'value': '91.9'}, {'type': {'displayName': 'Zone', 'value': 56}, 'value': 'Center'}, {'type': {'displayName': 'GoalMouthZ', 'value': 103}, 'value': '19'}, {'type': {'displayName': 'RightFoot', 'value': 20}}, {'type': {'displayName': 'Assisted', 'value': 29}}, {'type': {'displayName': 'LowCentre', 'value': 78}}, {'type': {'displayName': 'BoxRight', 'value': 63}}, {'type': {'displayName': 'GoalMouthY', 'value': 102}, 'value': '49.7'}]",True,True,False,,514.0,531127.0
1901403,SecondHalf,51,8.0,54,Save,Successful,276,Napoli,333373.0,Alessandro Buongiorno,8.1,60.5,,,,,,,"[{'type': {'displayName': 'Zone', 'value': 56}, 'value': 'Back'}, {'type': {'displayName': 'OutfielderBlock', 'value': 94}}, {'type': {'displayName': 'OppositeRelatedEvent', 'value': 233}, 'value': '515'}]",True,,False,,,
1901403,SecondHalf,51,9.0,54,BallRecovery,Successful,276,Napoli,333373.0,Alessandro Buongiorno,1.8,89.2,,,,,,,[],False,,False,,,
1901403,SecondHalf,51,11.0,54,Pass,Successful,276,Napoli,333373.0,Alessandro Buongiorno,2.8,94.9,5.8,81.7,,,,,"[{'type': {'displayName': 'PassEndX', 'value': 140}, 'value': '5.8'}, {'type': {'displayName': 'PassEndY', 'value': 141}, 'value': '81.7'}, {'type': {'displayName': 'Angle', 'value': 213}, 'value': '5.05'}, {'type': {'displayName': 'Zone', 'value': 56}, 'value': 'Back'}, {'type': {'displayName': 'Length', 'value': 212}, 'value': '9.5'}]",True,,False,,,
1901403,SecondHalf,51,13.0,54,Pass,Successful,276,Napoli,395788.0,Miguel Gutiérrez,5.8,81.7,9.5,71.7,,,,,"[{'type': {'displayName': 'Angle', 'value': 213}, 'value': '5.23'}, {'type': {'displayName': 'PassEndX', 'value': 140}, 'value': '9.5'}, {'type': {'displayName': 'PassEndY', 'value': 141}, 'value': '71.7'}, {'type': {'displayName': 'Zone', 'value': 56}, 'value': 'Back'}, {'type': {'displayName': 'Length', 'value': 212}, 'value': '7.8'}]",True,,False,,,
1901403,SecondHalf,51,15.0,54,Pass,Successful,276,Napoli,336915.0,Scott McTominay,9.6,67.3,14.2,17.8,,,,,"[{'type': {'displayName': 'Angle', 'value': 213}, 'value': '4.85'}, {'type': {'displayName': 'Length', 'value': 212}, 'value': '34.0'}, {'type': {'displayName': 'Longball', 'value': 1}}, {'type': {'displayName': 'PassEndY', 'value': 141}, 'value': '17.8'}, {'type': {'displayName': 'PassEndX', 'value': 140}, 'value': '14.2'}, {'type': {'displayName': 'Zone', 'value': 56}, 'value': 'Back'}]",True,,False,,,
1901403,SecondHalf,51,18.0,54,Pass,Successful,276,Napoli,422739.0,Sam Beukema,14.2,17.8,29.5,3.9,,,,,"[{'type': {'displayName': 'PassEndY', 'value': 141}, 'value': '3.9'}, {'type': {'displayName': 'Length', 'value': 212}, 'value': '18.6'}, {'type': {'displayName': 'PassEndX', 'value': 140}, 'value': '29.5'}, {'type': {'displayName': 'Angle', 'value': 213}, 'value': '5.75'}, {'type': {'displayName': 'Zone', 'value': 56}, 'value': 'Back'}]",True,,False,,,
1901403,SecondHalf,51,20.0,54,Pass,Successful,276,Napoli,122683.0,Matteo Politano,29.5,3.9,23.0,22.6,,,,,"[{'type': {'displayName': 'PassEndY', 'value': 141}, 'value': '22.6'}, {'type': {'displayName': 'Angle', 'value': 213}, 'value': '2.06'}, {'type': {'displayName': 'Zone', 'value': 56}, 'value': 'Back'}, {'type': {'displayName': 'PassEndX', 'value': 140}, 'value': '23.0'}, {'type': {'displayName': 'Length', 'value': 212}, 'value': '14.4'}]",True,,False,,,
1901403,SecondHalf,51,22.0,54,Pass,Successful,276,Napoli,73084.0,Kevin De Bruyne,24.7,25.6,31.2,30.3,,,,,"[{'type': {'displayName': 'PassEndY', 'value': 141}, 'value': '30.3'}, {'type': {'displayName': 'Length', 'value': 212}, 'value': '7.5'}, {'type': {'displayName': 'PassEndX', 'value': 140}, 'value': '31.2'}, {'type': {'displayName': 'Angle', 'value': 213}, 'value': '0.44'}, {'type': {'displayName': 'Zone', 'value': 56}, 'value': 'Back'}]",True,,False,,,
1901403,SecondHalf,51,25.0,54,Pass,Successful,276,Napoli,336915.0,Scott McTominay,33.5,13.5,48.9,22.9,,,,,"[{'type': {'displayName': 'PassEndX', 'value': 140}, 'value': '48.9'}, {'type': {'displayName': 'Length', 'value': 212}, 'value': '17.4'}, {'type': {'displayName': 'Zone', 'value': 56}, 'value': 'Back'}, {'type': {'displayName': 'PassEndY', 'value': 141}, 'value': '22.9'}, {'type': {'displayName': 'Angle', 'value': 213}, 'value': '0.38'}]",True,,False,,,
1901403,SecondHalf,51,26.0,54,Pass,Successful,276,Napoli,439584.0,Rasmus Højlund,48.9,22.9,43.3,43.0,,,,,"[{'type': {'displayName': 'Zone', 'value': 56}, 'value': 'Back'}, {'type': {'displayName': 'PassEndY', 'value': 141}, 'value': '43.0'}, {'type': {'displayName': 'Angle', 'value': 213}, 'value': '1.98'}, {'type': {'displayName': 'Length', 'value': 212}, 'value': '14.9'}, {'type': {'displayName': 'PassEndX', 'value': 140}, 'value': '43.3'}, {'type': {'displayName': 'LayOff', 'value': 156}}]",True,,False,,,
1901403,SecondHalf,51,28.0,54,Pass,Successful,276,Napoli,73084.0,Kevin De Bruyne,46.1,46.8,58.1,83.1,,,,,"[{'type': {'displayName': 'PassEndY', 'value': 141}, 'value': '83.1'}, {'type': {'displayName': 'Length', 'value': 212}, 'value': '27.7'}, {'type': {'displayName': 'PassEndX', 'value': 140}, 'value': '58.1'}, {'type': {'displayName': 'Zone', 'value': 56}, 'value': 'Left'}, {'type': {'displayName': 'Angle', 'value': 213}, 'value': '1.10'}]",True,,False,,,
1901403,SecondHalf,51,34.0,54,TakeOn,Unsuccessful,276,Napoli,557549.0,Alisson Santos,96.6,81.7,,,,,,,"[{'type': {'displayName': 'Zone', 'value': 56}, 'value': 'Left'}, {'type': {'displayName': 'OverRun', 'value': 211}}, {'type': {'displayName': 'Offensive', 'value': 286}}]",True,,False,,,
1901403,SecondHalf,52,17.0,55,Pass,Successful,1290,Como,134984.0,Diego Carlos,2.6,60.3,8.8,49.6,,,,,"[{'type': {'displayName': 'PassEndY', 'value': 141}, 'value': '49.6'}, {'type': {'displayName': 'PassEndX', 'value': 140}, 'value': '8.8'}, {'type': {'displayName': 'Length', 'value': 212}, 'value': '9.8'}, {'type': {'displayName': 'Zone', 'value': 56}, 'value': 'Back'}, {'type': {'displayName': 'GoalKick', 'value': 124}}, {'type': {'displayName': 'Angle', 'value': 213}, 'value': '5.44'}]",True,,False,,,
1901403,SecondHalf,52,18.0,55,Pass,Successful,1290,Como,256536.0,Jean Butez,8.8,49.6,20.4,9.4,,,,,"[{'type': {'displayName': 'Angle', 'value': 213}, 'value': '5.13'}, {'type': {'displayName': 'PassEndY', 'value': 141}, 'value': '9.4'}, {'type': {'displayName': 'Length', 'value': 212}, 'value': '29.9'}, {'type': {'displayName': 'PassEndX', 'value': 140}, 'value': '20.4'}, {'type': {'displayName': 'Chipped', 'value': 155}}, {'type': {'displayName': 'Zone', 'value': 56}, 'value': 'Back'}]",True,,False,,,
1901403,SecondHalf,52,21.0,55,Pass,Successful,1290,Como,516374.0,Jacobo Ramón,20.4,9.4,54.8,9.7,,,,,"[{'type': {'displayName': 'Longball', 'value': 1}}, {'type': {'displayName': 'Chipped', 'value': 155}}, {'type': {'displayName': 'PassEndX', 'value': 140}, 'value': '54.8'}, {'type': {'displayName': 'Length', 'value': 212}, 'value': '36.1'}, {'type': {'displayName': 'Zone', 'value': 56}, 'value': 'Right'}, {'type': {'displayName': 'Angle', 'value': 213}, 'value': '0.01'}, {'type': {'displayName': 'PassEndY', 'value': 141}, 'value': '9.7'}]",True,,False,,,
1901403,SecondHalf,52,26.0,55,Foul,Successful,1290,Como,502427.0,Assane Diao,54.8,9.7,,,,,,,"[{'type': {'displayName': 'Zone', 'value': 56}, 'value': 'Right'}, {'type': {'displayName': 'Foul', 'value': 13}}, {'type': {'displayName': 'Offensive', 'value': 286}}, {'type': {'displayName': 'OppositeRelatedEvent', 'value': 233}, 'value': '353'}]",True,,False,,,
1901403,SecondHalf,52,26.0,55,Foul,Unsuccessful,276,Napoli,395788.0,Miguel Gutiérrez,45.2,90.4,,,,,,,"[{'type': {'displayName': 'Defensive', 'value': 285}}, {'type': {'displayName': 'OppositeRelatedEvent', 'value': 233}, 'value': '520'}, {'type': {'displayName': 'Zone', 'value': 56}, 'value': 'Back'}, {'type': {'displayName': 'Foul', 'value': 13}}, {'type': {'displayName': 'StandingSave', 'value': 178}}]",False,,False,,,
1901403,SecondHalf,52,55.0,55,Pass,Successful,1290,Como,531127.0,Ivan Smolcic,47.0,5.2,39.2,18.8,,,,,"[{'type': {'displayName': 'FreekickTaken', 'value': 5}}, {'type': {'displayName': 'PassEndY', 'value': 141}, 'value': '18.8'}, {'type': {'displayName': 'PassEndX', 'value': 140}, 'value': '39.2'}, {'type': {'displayName': 'Angle', 'value': 213}, 'value': '2.30'}, {'type': {'displayName': 'Zone', 'value': 56}, 'value': 'Back'}, {'type': {'displayName': 'Length', 'value': 212}, 'value': '12.4'}]",True,,False,,,
1901403,SecondHalf,52,56.0,55,Pass,Unsuccessful,1290,Como,516374.0,Jacobo Ramón,35.9,16.4,60.8,31.3,,,,,"[{'type': {'displayName': 'PassEndY', 'value': 141}, 'value': '31.3'}, {'type': {'displayName': 'Zone', 'value': 56}, 'value': 'Center'}, {'type': {'displayName': 'Angle', 'value': 213}, 'value': '0.37'}, {'type': {'displayName': 'Length', 'value': 212}, 'value': '28.0'}, {'type': {'displayName': 'PassEndX', 'value': 140}, 'value': '60.8'}]",True,,False,,,
1901403,SecondHalf,52,59.0,55,Interception,Successful,276,Napoli,111892.0,Stanislav Lobotka,39.2,68.7,,,,,,,"[{'type': {'displayName': 'Zone', 'value': 56}, 'value': 'Back'}]",True,,False,,,
1901403,SecondHalf,53,0.0,56,Pass,Successful,1290,Como,379615.0,Lucas da Cunha,53.4,25.6,60.4,27.4,,,,,"[{'type': {'displayName': 'PassEndY', 'value': 141}, 'value': '27.4'}, {'type': {'displayName': 'Chipped', 'value': 155}}, {'type': {'displayName': 'Length', 'value': 212}, 'value': '7.5'}, {'type': {'displayName': 'PassEndX', 'value': 140}, 'value': '60.4'}, {'type': {'displayName': 'Angle', 'value': 213}, 'value': '0.17'}, {'type': {'displayName': 'Zone', 'value': 56}, 'value': 'Center'}]",True,,False,,,
1901403,SecondHalf,53,0.0,56,BallTouch,Unsuccessful,1290,Como,448659.0,Nico Paz,63.0,33.3,,,,,,,"[{'type': {'displayName': 'Zone', 'value': 56}, 'value': 'Center'}]",True,,False,,,
1901403,SecondHalf,53,3.0,56,Pass,Successful,276,Napoli,333373.0,Alessandro Buongiorno,26.6,63.6,53.6,67.2,,,,,"[{'type': {'displayName': 'PassEndX', 'value': 140}, 'value': '53.6'}, {'type': {'displayName': 'PassEndY', 'value': 141}, 'value': '67.2'}, {'type': {'displayName': 'Longball', 'value': 1}}, {'type': {'displayName': 'Length', 'value': 212}, 'value': '28.5'}, {'type': {'displayName': 'Zone', 'value': 56}, 'value': 'Center'}, {'type': {'displayName': 'Angle', 'value': 213}, 'value': '0.09'}]",True,,False,,,
1901403,SecondHalf,53,4.0,56,BallTouch,Unsuccessful,276,Napoli,439584.0,Rasmus Højlund,53.5,67.3,,,,,,,"[{'type': {'displayName': 'Zone', 'value': 56}, 'value': 'Center'}]",True,,False,,,
1901403,SecondHalf,53,9.0,56,Pass,Successful,1290,Como,433972.0,Máximo Perrone,57.4,18.0,64.7,12.7,,,,,"[{'type': {'displayName': 'PassEndX', 'value': 140}, 'value': '64.7'}, {'type': {'displayName': 'PassEndY', 'value': 141}, 'value': '12.7'}, {'type': {'displayName': 'Length', 'value': 212}, 'value': '8.5'}, {'type': {'displayName': 'Zone', 'value': 56}, 'value': 'Right'}, {'type': {'displayName': 'Angle', 'value': 213}, 'value': '5.84'}]",True,,False,,,
1901403,SecondHalf,53,10.0,56,Dispossessed,Successful,1290,Como,502427.0,Assane Diao,65.0,9.7,,,,,,,"[{'type': {'displayName': 'OppositeRelatedEvent', 'value': 233}, 'value': '357'}, {'type': {'displayName': 'Zone', 'value': 56}, 'value': 'Right'}, {'type': {'displayName': 'Offensive', 'value': 286}}]",True,,False,,,
1901403,SecondHalf,53,10.0,56,Tackle,Successful,276,Napoli,395788.0,Miguel Gutiérrez,35.0,90.4,,,,,,,"[{'type': {'displayName': 'Zone', 'value': 56}, 'value': 'Back'}, {'type': {'displayName': 'Defensive', 'value': 285}}, {'type': {'displayName': 'OppositeRelatedEvent', 'value': 233}, 'value': '527'}]",True,,False,,,
1901403,SecondHalf,53,11.0,56,BallRecovery,Successful,276,Napoli,557549.0,Alisson Santos,57.3,97.8,,,,,,,[],False,,False,,,
1901403,SecondHalf,53,13.0,56,TakeOn,Unsuccessful,276,Napoli,557549.0,Alisson Santos,57.1,89.8,,,,,,,"[{'type': {'displayName': 'Offensive', 'value': 286}}, {'type': {'displayName': 'Zone', 'value': 56}, 'value': 'Left'}, {'type': {'displayName': 'OppositeRelatedEvent', 'value': 233}, 'value': '529'}]",True,,False,,,
1901403,SecondHalf,53,13.0,56,Tackle,Successful,1290,Como,531127.0,Ivan Smolcic,42.9,10.2,,,,,,,"[{'type': {'displayName': 'Defensive', 'value': 285}}, {'type': {'displayName': 'StandingSave', 'value': 178}}, {'type': {'displayName': 'OppositeRelatedEvent', 'value': 233}, 'value': '359'}, {'type': {'displayName': 'Zone', 'value': 56}, 'value': 'Back'}]",True,,False,,,
1901403,SecondHalf,53,14.0,56,Pass,Successful,1290,Como,531127.0,Ivan Smolcic,45.0,16.4,45.7,27.4,,,,,"[{'type': {'displayName': 'PassEndY', 'value': 141}, 'value': '27.4'}, {'type': {'displayName': 'Length', 'value': 212}, 'value': '7.5'}, {'type': {'displayName': 'PassEndX', 'value': 140}, 'value': '45.7'}, {'type': {'displayName': 'Angle', 'value': 213}, 'value': '1.47'}, {'type': {'displayName': 'Zone', 'value': 56}, 'value': 'Back'}]",True,,False,,,
1901403,SecondHalf,53,15.0,56,BallRecovery,Successful,1290,Como,433972.0,Máximo Perrone,40.3,25.0,,,,,,,[],False,,False,,,
1901403,SecondHalf,53,17.0,56,Pass,Successful,1290,Como,433972.0,Máximo Perrone,41.4,24.9,46.1,35.8,,,,,"[{'type': {'displayName': 'PassEndX', 'value': 140}, 'value': '46.1'}, {'type': {'displayName': 'Length', 'value': 212}, 'value': '8.9'}, {'type': {'displayName': 'Angle', 'value': 213}, 'value': '0.98'}, {'type': {'displayName': 'Zone', 'value': 56}, 'value': 'Back'}, {'type': {'displayName': 'PassEndY', 'value': 141}, 'value': '35.8'}]",True,,False,,,
1901403,SecondHalf,53,18.0,56,Pass,Successful,1290,Como,379615.0,Lucas da Cunha,46.1,36.0,44.0,29.5,,,,,"[{'type': {'displayName': 'Length', 'value': 212}, 'value': '4.9'}, {'type': {'displayName': 'PassEndY', 'value': 141}, 'value': '29.5'}, {'type': {'displayName': 'Angle', 'value': 213}, 'value': '4.25'}, {'type': {'displayName': 'Zone', 'value': 56}, 'value': 'Back'}, {'type': {'displayName': 'PassEndX', 'value': 140}, 'value': '44.0'}]",True,,False,,,
1901403,SecondHalf,53,19.0,56,Pass,Successful,1290,Como,433972.0,Máximo Perrone,44.0,29.5,44.9,63.1,,,,,"[{'type': {'displayName': 'PassEndX', 'value': 140}, 'value': '44.9'}, {'type': {'displayName': 'Length', 'value': 212}, 'value': '22.9'}, {'type': {'displayName': 'PassEndY', 'value': 141}, 'value': '63.1'}, {'type': {'displayName': 'Zone', 'value': 56}, 'value': 'Back'}, {'type': {'displayName': 'Angle', 'value': 213}, 'value': '1.53'}]",True,,False,,,
1901403,SecondHalf,53,21.0,56,Pass,Successful,1290,Como,407944.0,Martin Baturina,45.8,62.4,60.1,90.6,,,,,"[{'type': {'displayName': 'Zone', 'value': 56}, 'value': 'Left'}, {'type': {'displayName': 'Angle', 'value': 213}, 'value': '0.91'}, {'type': {'displayName': 'Length', 'value': 212}, 'value': '24.4'}, {'type': {'displayName': 'PassEndX', 'value': 140}, 'value': '60.1'}, {'type': {'displayName': 'PassEndY', 'value': 141}, 'value': '90.6'}]",True,,False,,,
1901403,SecondHalf,53,24.0,56,Pass,Successful,1290,Como,454341.0,Álex Valle,64.7,89.2,56.0,80.1,,,,,"[{'type': {'displayName': 'Angle', 'value': 213}, 'value': '3.74'}, {'type': {'displayName': 'Zone', 'value': 56}, 'value': 'Left'}, {'type': {'displayName': 'PassEndY', 'value': 141}, 'value': '80.1'}, {'type': {'displayName': 'PassEndX', 'value': 140}, 'value': '56.0'}, {'type': {'displayName': 'Length', 'value': 212}, 'value': '11.0'}]",True,,False,,,
1901403,SecondHalf,53,27.0,56,Pass,Successful,1290,Como,407944.0,Martin Baturina,60.9,72.1,60.1,62.2,,,,,"[{'type': {'displayName': 'PassEndX', 'value': 140}, 'value': '60.1'}, {'type': {'displayName': 'PassEndY', 'value': 141}, 'value': '62.2'}, {'type': {'displayName': 'Angle', 'value': 213}, 'value': '4.59'}, {'type': {'displayName': 'Zone', 'value': 56}, 'value': 'Center'}, {'type': {'displayName': 'Length', 'value': 212}, 'value': '6.8'}]",True,,False,,,
1901403,SecondHalf,53,29.0,56,Pass,Successful,1290,Como,433972.0,Máximo Perrone,60.1,62.1,66.4,40.5,,,,,"[{'type': {'displayName': 'Zone', 'value': 56}, 'value': 'Center'}, {'type': {'displayName': 'Angle', 'value': 213}, 'value': '5.14'}, {'type': {'displayName': 'PassEndY', 'value': 141}, 'value': '40.5'}, {'type': {'displayName': 'PassEndX', 'value': 140}, 'value': '66.4'}, {'type': {'displayName': 'Length', 'value': 212}, 'value': '16.1'}]",True,,False,,,
1901403,SecondHalf,53,34.0,56,Challenge,Unsuccessful,276,Napoli,111892.0,Stanislav Lobotka,32.1,42.2,,,,,,,"[{'type': {'displayName': 'Zone', 'value': 56}, 'value': 'Back'}, {'type': {'displayName': 'OppositeRelatedEvent', 'value': 233}, 'value': '538'}, {'type': {'displayName': 'Defensive', 'value': 285}}]",False,,False,,,
1901403,SecondHalf,53,34.0,56,TakeOn,Successful,1290,Como,379615.0,Lucas da Cunha,67.9,57.8,,,,,,,"[{'type': {'displayName': 'Zone', 'value': 56}, 'value': 'Center'}, {'type': {'displayName': 'Offensive', 'value': 286}}, {'type': {'displayName': 'OppositeRelatedEvent', 'value': 233}, 'value': '360'}]",True,,False,,,
1901403,SecondHalf,53,34.0,56,Pass,Successful,1290,Como,379615.0,Lucas da Cunha,65.6,61.6,74.0,90.6,,,,,"[{'type': {'displayName': 'PassEndY', 'value': 141}, 'value': '90.6'}, {'type': {'displayName': 'Length', 'value': 212}, 'value': '21.6'}, {'type': {'displayName': 'Angle', 'value': 213}, 'value': '1.15'}, {'type': {'displayName': 'PassEndX', 'value': 140}, 'value': '74.0'}, {'type': {'displayName': 'Zone', 'value': 56}, 'value': 'Left'}]",True,,False,,,
1901403,SecondHalf,53,40.0,56,Pass,Successful,1290,Como,454341.0,Álex Valle,73.4,92.4,60.6,71.4,,,,,"[{'type': {'displayName': 'Zone', 'value': 56}, 'value': 'Center'}, {'type': {'displayName': 'Angle', 'value': 213}, 'value': '3.96'}, {'type': {'displayName': 'Length', 'value': 212}, 'value': '19.6'}, {'type': {'displayName': 'PassEndY', 'value': 141}, 'value': '71.4'}, {'type': {'displayName': 'PassEndX', 'value': 140}, 'value': '60.6'}]",True,,False,,,
1901403,SecondHalf,53,43.0,56,Pass,Successful,1290,Como,433972.0,Máximo Perrone,59.2,64.3,57.4,27.7,,,,,"[{'type': {'displayName': 'Zone', 'value': 56}, 'value': 'Center'}, {'type': {'displayName': 'Angle', 'value': 213}, 'value': '4.64'}, {'type': {'displayName': 'Length', 'value': 212}, 'value': '25.0'}, {'type': {'displayName': 'PassEndX', 'value': 140}, 'value': '57.4'}, {'type': {'displayName': 'PassEndY', 'value': 141}, 'value': '27.7'}]",True,,False,,,
1901403,SecondHalf,53,45.0,56,Pass,Successful,1290,Como,516374.0,Jacobo Ramón,60.8,28.3,62.3,11.5,,,,,"[{'type': {'displayName': 'Zone', 'value': 56}, 'value': 'Right'}, {'type': {'displayName': 'PassEndY', 'value': 141}, 'value': '11.5'}, {'type': {'displayName': 'Length', 'value': 212}, 'value': '11.5'}, {'type': {'displayName': 'PassEndX', 'value': 140}, 'value': '62.3'}, {'type': {'displayName': 'Angle', 'value': 213}, 'value': '4.85'}]",True,,False,,,
1901403,SecondHalf,53,50.0,56,Pass,Successful,1290,Como,531127.0,Ivan Smolcic,65.2,20.5,53.1,68.2,,,,,"[{'type': {'displayName': 'Zone', 'value': 56}, 'value': 'Center'}, {'type': {'displayName': 'PassEndY', 'value': 141}, 'value': '68.2'}, {'type': {'displayName': 'Length', 'value': 212}, 'value': '34.8'}, {'type': {'displayName': 'PassEndX', 'value': 140}, 'value': '53.1'}, {'type': {'displayName': 'Angle', 'value': 213}, 'value': '1.94'}, {'type': {'displayName': 'Longball', 'value': 1}}]",True,,False,,,
1901403,SecondHalf,53,53.0,56,Pass,Successful,1290,Como,134984.0,Diego Carlos,55.3,69.9,66.9,91.6,,,,,"[{'type': {'displayName': 'Zone', 'value': 56}, 'value': 'Left'}, {'type': {'displayName': 'Length', 'value': 212}, 'value': '19.1'}, {'type': {'displayName': 'PassEndX', 'value': 140}, 'value': '66.9'}, {'type': {'displayName': 'PassEndY', 'value': 141}, 'value': '91.6'}, {'type': {'displayName': 'Angle', 'value': 213}, 'value': '0.88'}]",True,,False,,,
1901403,SecondHalf,53,57.0,56,Pass,Successful,1290,Como,454341.0,Álex Valle,67.6,74.8,60.6,67.8,,,,,"[{'type': {'displayName': 'Angle', 'value': 213}, 'value': '3.72'}, {'type': {'displayName': 'Zone', 'value': 56}, 'value': 'Center'}, {'type': {'displayName': 'Length', 'value': 212}, 'value': '8.8'}, {'type': {'displayName': 'PassEndX', 'value': 140}, 'value': '60.6'}, {'type': {'displayName': 'PassEndY', 'value': 141}, 'value': '67.8'}]",True,,False,,,
1901403,SecondHalf,54,2.0,57,Pass,Successful,1290,Como,433972.0,Máximo Perrone,60.9,71.2,59.7,52.6,,,,,"[{'type': {'displayName': 'Length', 'value': 212}, 'value': '12.7'}, {'type': {'displayName': 'PassEndX', 'value': 140}, 'value': '59.7'}, {'type': {'displayName': 'Angle', 'value': 213}, 'value': '4.61'}, {'type': {'displayName': 'Zone', 'value': 56}, 'value': 'Center'}, {'type': {'displayName': 'PassEndY', 'value': 141}, 'value': '52.6'}]",True,,False,,,
1901403,SecondHalf,54,4.0,57,Pass,Successful,1290,Como,379615.0,Lucas da Cunha,60.1,52.8,67.1,33.1,,,,,"[{'type': {'displayName': 'Zone', 'value': 56}, 'value': 'Center'}, {'type': {'displayName': 'PassEndX', 'value': 140}, 'value': '67.1'}, {'type': {'displayName': 'Length', 'value': 212}, 'value': '15.3'}, {'type': {'displayName': 'Angle', 'value': 213}, 'value': '5.21'}, {'type': {'displayName': 'PassEndY', 'value': 141}, 'value': '33.1'}]",True,,False,,,
1901403,SecondHalf,54,8.0,57,Pass,Successful,1290,Como,516374.0,Jacobo Ramón,69.4,36.4,84.4,12.3,,,,,"[{'type': {'displayName': 'PassEndX', 'value': 140}, 'value': '84.4'}, {'type': {'displayName': 'Length', 'value': 212}, 'value': '22.7'}, {'type': {'displayName': 'PassEndY', 'value': 141}, 'value': '12.3'}, {'type': {'displayName': 'Angle', 'value': 213}, 'value': '5.48'}, {'type': {'displayName': 'Zone', 'value': 56}, 'value': 'Right'}]",True,,False,,,
1901403,SecondHalf,54,11.0,57,Pass,Successful,1290,Como,502427.0,Assane Diao,87.5,14.1,88.4,45.2,,,,,"[{'type': {'displayName': 'ShotAssist', 'value': 210}, 'value': '13'}, {'type': {'displayName': 'Zone', 'value': 56}, 'value': 'Center'}, {'type': {'displayName': 'IntentionalAssist', 'value': 154}}, {'type': {'displayName': 'PassEndX', 'value': 140}, 'value': '88.4'}, {'type': {'displayName': 'RightFoot', 'value': 20}}, {'type': {'displayName': 'Angle', 'value': 213}, 'value': '1.53'}, {'type': {'displayName': 'Length', 'value': 212}, 'value': '21.2'}, {'type': {'displayName': 'Chipped', 'value': 155}}, {'type': {'displayName': 'Cross', 'value': 2}}, {'type': {'displayName': 'PassEndY', 'value': 141}, 'value': '45.2'}, {'type': {'displayName': 'KeyPass', 'value': 11113}}]",True,,False,,,
1901403,SecondHalf,54,12.0,57,MissedShots,Successful,1290,Como,516374.0,Jacobo Ramón,88.4,45.2,,,69.4,4.2,92.1,51.3,"[{'type': {'displayName': 'BlockedY', 'value': 147}, 'value': '51.3'}, {'type': {'displayName': 'Zone', 'value': 56}, 'value': 'Center'}, {'type': {'displayName': 'BlockedX', 'value': 146}, 'value': '92.1'}, {'type': {'displayName': 'RegularPlay', 'value': 22}}, {'type': {'displayName': 'RelatedEventId', 'value': 55}, 'value': '549'}, {'type': {'displayName': 'MissLeft', 'value': 73}}, {'type': {'displayName': 'GoalMouthZ', 'value': 103}, 'value': '4.2'}, {'type': {'displayName': 'BoxCentre', 'value': 17}}, {'type': {'displayName': 'GoalMouthY', 'value': 102}, 'value': '69.4'}, {'type': {'displayName': 'Assisted', 'value': 29}}, {'type': {'displayName': 'IntentionalAssist', 'value': 154}}, {'type': {'displayName': 'Head', 'value': 15}}, {'type': {'displayName': 'FirstTouch', 'value': 328}}]",True,True,False,,549.0,502427.0
1901403,SecondHalf,54,13.0,57,BallTouch,Successful,1290,Como,422873.0,Tasos Douvikas,90.0,49.7,,,,,,,"[{'type': {'displayName': 'Zone', 'value': 56}, 'value': 'Center'}]",True,,False,,,
1901403,SecondHalf,54,14.0,57,BallRecovery,Successful,276,Napoli,73084.0,Kevin De Bruyne,15.4,39.1,,,,,,,[],False,,False,,,
1901403,SecondHalf,54,15.0,57,Pass,Unsuccessful,276,Napoli,73084.0,Kevin De Bruyne,15.4,39.1,19.3,51.9,,,,,"[{'type': {'displayName': 'Length', 'value': 212}, 'value': '9.6'}, {'type': {'displayName': 'Zone', 'value': 56}, 'value': 'Back'}, {'type': {'displayName': 'PassEndY', 'value': 141}, 'value': '51.9'}, {'type': {'displayName': 'PassEndX', 'value': 140}, 'value': '19.3'}, {'type': {'displayName': 'Angle', 'value': 213}, 'value': '1.13'}]",True,,False,,,
1901403,SecondHalf,54,17.0,57,Interception,Successful,1290,Como,531127.0,Ivan Smolcic,80.7,48.1,,,,,,,"[{'type': {'displayName': 'Zone', 'value': 56}, 'value': 'Center'}]",True,,False,,,
1901403,SecondHalf,54,19.0,57,BallRecovery,Successful,1290,Como,407944.0,Martin Baturina,88.0,76.0,,,,,,,[],False,,False,,,
1901403,SecondHalf,54,19.0,57,Pass,Unsuccessful,1290,Como,407944.0,Martin Baturina,93.9,76.5,93.9,68.1,,,,,"[{'type': {'displayName': 'Cross', 'value': 2}}, {'type': {'displayName': 'PassEndY', 'value': 141}, 'value': '68.1'}, {'type': {'displayName': 'Angle', 'value': 213}, 'value': '4.71'}, {'type': {'displayName': 'PassEndX', 'value': 140}, 'value': '93.9'}, {'type': {'displayName': 'Length', 'value': 212}, 'value': '5.7'}, {'type': {'displayName': 'Zone', 'value': 56}, 'value': 'Center'}, {'type': {'displayName': 'LeftFoot', 'value': 72}}]",True,,False,,,
1901403,SecondHalf,54,20.0,57,BallTouch,Successful,276,Napoli,422739.0,Sam Beukema,4.4,29.2,,,,,,,"[{'type': {'displayName': 'Zone', 'value': 56}, 'value': 'Back'}]",True,,False,,,
1901403,SecondHalf,54,21.0,57,CornerAwarded,Unsuccessful,276,Napoli,422739.0,Sam Beukema,7.0,27.5,,,,,,,"[{'type': {'displayName': 'OppositeRelatedEvent', 'value': 233}, 'value': '555'}, {'type': {'displayName': 'MissLeft', 'value': 73}}, {'type': {'displayName': 'Zone', 'value': 56}, 'value': 'Back'}]",False,,False,,,
1901403,SecondHalf,54,21.0,57,CornerAwarded,Successful,1290,Como,407944.0,Martin Baturina,93.0,72.5,,,,,,,"[{'type': {'displayName': 'MissLeft', 'value': 73}}, {'type': {'displayName': 'OppositeRelatedEvent', 'value': 233}, 'value': '364'}, {'type': {'displayName': 'Zone', 'value': 56}, 'value': 'Center'}]",False,,False,,,
1901403,SecondHalf,54,50.0,57,Pass,Successful,1290,Como,407944.0,Martin Baturina,99.5,99.5,79.5,82.6,,,,,"[{'type': {'displayName': 'CornerTaken', 'value': 6}}, {'type': {'displayName': 'Angle', 'value': 213}, 'value': '3.64'}, {'type': {'displayName': 'Zone', 'value': 56}, 'value': 'Left'}, {'type': {'displayName': 'Length', 'value': 212}, 'value': '23.9'}, {'type': {'displayName': 'PassEndX', 'value': 140}, 'value': '79.5'}, {'type': {'displayName': 'PassEndY', 'value': 141}, 'value': '82.6'}]",True,,False,,,
1901403,SecondHalf,54,51.0,57,Pass,Successful,1290,Como,379615.0,Lucas da Cunha,79.5,82.6,86.7,88.3,,,,,"[{'type': {'displayName': 'Length', 'value': 212}, 'value': '8.5'}, {'type': {'displayName': 'PassEndX', 'value': 140}, 'value': '86.7'}, {'type': {'displayName': 'PassEndY', 'value': 141}, 'value': '88.3'}, {'type': {'displayName': 'Zone', 'value': 56}, 'value': 'Left'}, {'type': {'displayName': 'Angle', 'value': 213}, 'value': '0.47'}]",True,,False,,,
1901403,SecondHalf,54,55.0,57,Pass,Successful,1290,Como,407944.0,Martin Baturina,85.3,86.4,92.8,42.9,,,,,"[{'type': {'displayName': 'Chipped', 'value': 155}}, {'type': {'displayName': 'Length', 'value': 212}, 'value': '30.6'}, {'type': {'displayName': 'Angle', 'value': 213}, 'value': '4.97'}, {'type': {'displayName': 'IntentionalAssist', 'value': 154}}, {'type': {'displayName': 'Cross', 'value': 2}}, {'type': {'displayName': 'PassEndY', 'value': 141}, 'value': '42.9'}, {'type': {'displayName': 'Zone', 'value': 56}, 'value': 'Center'}, {'type': {'displayName': 'ShotAssist', 'value': 210}, 'value': '13'}, {'type': {'displayName': 'RightFoot', 'value': 20}}, {'type': {'displayName': 'PassEndX', 'value': 140}, 'value': '92.8'}, {'type': {'displayName': 'KeyPass', 'value': 11113}}]",True,,False,,,
1901403,SecondHalf,54,58.0,57,MissedShots,Successful,1290,Como,134984.0,Diego Carlos,92.8,42.9,,,55.6,80.6,,,"[{'type': {'displayName': 'RelatedEventId', 'value': 55}, 'value': '558'}, {'type': {'displayName': 'FirstTouch', 'value': 328}}, {'type': {'displayName': 'Head', 'value': 15}}, {'type': {'displayName': 'IntentionalAssist', 'value': 154}}, {'type': {'displayName': 'Zone', 'value': 56}, 'value': 'Center'}, {'type': {'displayName': 'BoxCentre', 'value': 17}}, {'type': {'displayName': 'MissHigh', 'value': 74}}, {'type': {'displayName': 'GoalMouthZ', 'value': 103}, 'value': '80.6'}, {'type': {'displayName': 'Assisted', 'value': 29}}, {'type': {'displayName': 'GoalMouthY', 'value': 102}, 'value': '55.6'}, {'type': {'displayName': 'FromCorner', 'value': 25}}]",True,True,False,,558.0,407944.0
1901403,SecondHalf,55,,58,OffsideGiven,Unsuccessful,276,Napoli,439584.0,Rasmus Højlund,93.5,71.1,,,,,,,[],False,,False,,,
1901403,SecondHalf,55,16.0,58,Pass,Successful,276,Napoli,149474.0,Vanja Milinkovic-Savic,4.4,54.8,2.3,73.8,,,,,"[{'type': {'displayName': 'PassEndX', 'value': 140}, 'value': '2.3'}, {'type': {'displayName': 'GoalKick', 'value': 124}}, {'type': {'displayName': 'Zone', 'value': 56}, 'value': 'Back'}, {'type': {'displayName': 'PassEndY', 'value': 141}, 'value': '73.8'}, {'type': {'displayName': 'Length', 'value': 212}, 'value': '13.1'}, {'type': {'displayName': 'Angle', 'value': 213}, 'value': '1.74'}]",True,,False,,,
1901403,SecondHalf,55,19.0,58,Pass,Successful,276,Napoli,333373.0,Alessandro Buongiorno,2.6,76.6,9.4,96.9,,,,,"[{'type': {'displayName': 'Zone', 'value': 56}, 'value': 'Back'}, {'type': {'displayName': 'PassEndX', 'value': 140}, 'value': '9.4'}, {'type': {'displayName': 'PassEndY', 'value': 141}, 'value': '96.9'}, {'type': {'displayName': 'Angle', 'value': 213}, 'value': '1.09'}, {'type': {'displayName': 'Length', 'value': 212}, 'value': '15.5'}]",True,,False,,,
1901403,SecondHalf,55,21.0,58,Pass,Successful,276,Napoli,395788.0,Miguel Gutiérrez,10.3,96.5,2.7,86.5,,,,,"[{'type': {'displayName': 'Chipped', 'value': 155}}, {'type': {'displayName': 'PassEndY', 'value': 141}, 'value': '86.5'}, {'type': {'displayName': 'Length', 'value': 212}, 'value': '10.5'}, {'type': {'displayName': 'Angle', 'value': 213}, 'value': '3.85'}, {'type': {'displayName': 'PassEndX', 'value': 140}, 'value': '2.7'}, {'type': {'displayName': 'Zone', 'value': 56}, 'value': 'Back'}]",True,,False,,,
1901403,SecondHalf,55,24.0,58,TakeOn,Successful,276,Napoli,333373.0,Alessandro Buongiorno,8.6,85.4,,,,,,,"[{'type': {'displayName': 'Zone', 'value': 56}, 'value': 'Back'}, {'type': {'displayName': 'OppositeRelatedEvent', 'value': 233}, 'value': '561'}, {'type': {'displayName': 'Defensive', 'value': 285}}]",True,,False,,,
1901403,SecondHalf,55,24.0,58,Challenge,Unsuccessful,1290,Como,502427.0,Assane Diao,91.4,14.6,,,,,,,"[{'type': {'displayName': 'Offensive', 'value': 286}}, {'type': {'displayName': 'OppositeRelatedEvent', 'value': 233}, 'value': '368'}, {'type': {'displayName': 'Zone', 'value': 56}, 'value': 'Right'}]",False,,False,,,
1901403,SecondHalf,55,25.0,58,Pass,Successful,276,Napoli,333373.0,Alessandro Buongiorno,4.2,91.8,11.1,92.8,,,,,"[{'type': {'displayName': 'PassEndX', 'value': 140}, 'value': '11.1'}, {'type': {'displayName': 'PassEndY', 'value': 141}, 'value': '92.8'}, {'type': {'displayName': 'Angle', 'value': 213}, 'value': '0.09'}, {'type': {'displayName': 'Zone', 'value': 56}, 'value': 'Back'}, {'type': {'displayName': 'Length', 'value': 212}, 'value': '7.3'}]",True,,False,,,
1901403,SecondHalf,55,26.0,58,Pass,Successful,276,Napoli,395788.0,Miguel Gutiérrez,10.5,95.7,7.3,84.0,,,,,"[{'type': {'displayName': 'Angle', 'value': 213}, 'value': '4.31'}, {'type': {'displayName': 'PassEndY', 'value': 141}, 'value': '84.0'}, {'type': {'displayName': 'Length', 'value': 212}, 'value': '8.6'}, {'type': {'displayName': 'PassEndX', 'value': 140}, 'value': '7.3'}, {'type': {'displayName': 'Zone', 'value': 56}, 'value': 'Back'}]",True,,False,,,
1901403,SecondHalf,55,27.0,58,Pass,Successful,276,Napoli,336915.0,Scott McTominay,6.9,81.7,2.5,59.5,,,,,"[{'type': {'displayName': 'Zone', 'value': 56}, 'value': 'Back'}, {'type': {'displayName': 'PassEndY', 'value': 141}, 'value': '59.5'}, {'type': {'displayName': 'PassEndX', 'value': 140}, 'value': '2.5'}, {'type': {'displayName': 'Angle', 'value': 213}, 'value': '4.42'}, {'type': {'displayName': 'Length', 'value': 212}, 'value': '15.8'}]",True,,False,,,
1901403,SecondHalf,55,29.0,58,Pass,Successful,276,Napoli,149474.0,Vanja Milinkovic-Savic,2.5,59.5,46.4,66.7,,,,,"[{'type': {'displayName': 'Longball', 'value': 1}}, {'type': {'displayName': 'Zone', 'value': 56}, 'value': 'Back'}, {'type': {'displayName': 'PassEndX', 'value': 140}, 'value': '46.4'}, {'type': {'displayName': 'PassEndY', 'value': 141}, 'value': '66.7'}, {'type': {'displayName': 'Angle', 'value': 213}, 'value': '0.11'}, {'type': {'displayName': 'Length', 'value': 212}, 'value': '46.4'}]",True,,False,,,
1901403,SecondHalf,55,32.0,58,Pass,Successful,276,Napoli,439584.0,Rasmus Højlund,46.7,66.7,59.5,84.1,,,,,"[{'type': {'displayName': 'PassEndX', 'value': 140}, 'value': '59.5'}, {'type': {'displayName': 'Zone', 'value': 56}, 'value': 'Left'}, {'type': {'displayName': 'HeadPass', 'value': 3}}, {'type': {'displayName': 'Length', 'value': 212}, 'value': '17.9'}, {'type': {'displayName': 'Angle', 'value': 213}, 'value': '0.72'}, {'type': {'displayName': 'PassEndY', 'value': 141}, 'value': '84.1'}]",True,,False,,,
1901403,SecondHalf,55,38.0,58,OffsidePass,Successful,276,Napoli,557549.0,Alisson Santos,85.8,71.1,93.5,71.1,,,,,"[{'type': {'displayName': 'Zone', 'value': 56}, 'value': 'Center'}, {'type': {'displayName': 'PassEndX', 'value': 140}, 'value': '93.5'}, {'type': {'displayName': 'PlayerCaughtOffside', 'value': 7}, 'value': '439584'}, {'type': {'displayName': 'PassEndY', 'value': 141}, 'value': '71.1'}]",True,,False,,,
1901403,SecondHalf,55,38.0,58,OffsideProvoked,Successful,1290,Como,516374.0,Jacobo Ramón,10.3,31.9,,,,,,,[],False,,False,,,
1901403,SecondHalf,56,33.0,59,Pass,Successful,1290,Como,256536.0,Jean Butez,12.7,49.0,15.1,62.1,,,,,"[{'type': {'displayName': 'Angle', 'value': 213}, 'value': '1.30'}, {'type': {'displayName': 'IndirectFreekickTaken', 'value': 241}}, {'type': {'displayName': 'Zone', 'value': 56}, 'value': 'Back'}, {'type': {'displayName': 'PassEndY', 'value': 141}, 'value': '62.1'}, {'type': {'displayName': 'FreekickTaken', 'value': 5}}, {'type': {'displayName': 'PassEndX', 'value': 140}, 'value': '15.1'}, {'type': {'displayName': 'Length', 'value': 212}, 'value': '9.3'}]",True,,False,,,
1901403,SecondHalf,56,36.0,59,Pass,Successful,1290,Como,379615.0,Lucas da Cunha,15.1,61.0,6.7,35.1,,,,,"[{'type': {'displayName': 'Zone', 'value': 56}, 'value': 'Back'}, {'type': {'displayName': 'PassEndY', 'value': 141}, 'value': '35.1'}, {'type': {'displayName': 'PassEndX', 'value': 140}, 'value': '6.7'}, {'type': {'displayName': 'Length', 'value': 212}, 'value': '19.7'}, {'type': {'displayName': 'Angle', 'value': 213}, 'value': '4.25'}]",True,,False,,,
1901403,SecondHalf,56,44.0,59,Pass,Successful,1290,Como,256536.0,Jean Butez,13.8,32.4,15.6,61.8,,,,,"[{'type': {'displayName': 'PassEndX', 'value': 140}, 'value': '15.6'}, {'type': {'displayName': 'Zone', 'value': 56}, 'value': 'Back'}, {'type': {'displayName': 'PassEndY', 'value': 141}, 'value': '61.8'}, {'type': {'displayName': 'Angle', 'value': 213}, 'value': '1.48'}, {'type': {'displayName': 'Length', 'value': 212}, 'value': '20.1'}]",True,,False,,,
1901403,SecondHalf,56,49.0,59,Pass,Successful,1290,Como,379615.0,Lucas da Cunha,15.6,61.8,1.9,32.4,,,,,"[{'type': {'displayName': 'Angle', 'value': 213}, 'value': '4.09'}, {'type': {'displayName': 'Length', 'value': 212}, 'value': '24.6'}, {'type': {'displayName': 'Zone', 'value': 56}, 'value': 'Back'}, {'type': {'displayName': 'PassEndY', 'value': 141}, 'value': '32.4'}, {'type': {'displayName': 'PassEndX', 'value': 140}, 'value': '1.9'}]",True,,False,,,
1901403,SecondHalf,56,55.0,59,Pass,Successful,1290,Como,256536.0,Jean Butez,2.3,30.0,29.6,91.9,,,,,"[{'type': {'displayName': 'Angle', 'value': 213}, 'value': '0.97'}, {'type': {'displayName': 'Chipped', 'value': 155}}, {'type': {'displayName': 'Longball', 'value': 1}}, {'type': {'displayName': 'Zone', 'value': 56}, 'value': 'Back'}, {'type': {'displayName': 'PassEndY', 'value': 141}, 'value': '91.9'}, {'type': {'displayName': 'PassEndX', 'value': 140}, 'value': '29.6'}, {'type': {'displayName': 'Length', 'value': 212}, 'value': '50.9'}]",True,,False,,,
1901403,SecondHalf,56,57.0,59,Pass,Successful,1290,Como,134984.0,Diego Carlos,29.6,91.9,25.8,82.5,,,,,"[{'type': {'displayName': 'Length', 'value': 212}, 'value': '7.5'}, {'type': {'displayName': 'PassEndX', 'value': 140}, 'value': '25.8'}, {'type': {'displayName': 'PassEndY', 'value': 141}, 'value': '82.5'}, {'type': {'displayName': 'Angle', 'value': 213}, 'value': '4.15'}, {'type': {'displayName': 'Zone', 'value': 56}, 'value': 'Back'}]",True,,False,,,
1901403,SecondHalf,57,2.0,60,Pass,Unsuccessful,1290,Como,379615.0,Lucas da Cunha,56.2,76.0,59.5,76.0,,,,,"[{'type': {'displayName': 'Length', 'value': 212}, 'value': '3.5'}, {'type': {'displayName': 'PassEndX', 'value': 140}, 'value': '59.5'}, {'type': {'displayName': 'Angle', 'value': 213}, 'value': '0.00'}, {'type': {'displayName': 'Zone', 'value': 56}, 'value': 'Center'}, {'type': {'displayName': 'PassEndY', 'value': 141}, 'value': '76.0'}]",True,,False,,,
1901403,SecondHalf,57,3.0,60,BallTouch,Successful,276,Napoli,333373.0,Alessandro Buongiorno,36.4,29.8,,,,,,,"[{'type': {'displayName': 'Zone', 'value': 56}, 'value': 'Back'}]",True,,False,,,
1901403,SecondHalf,57,5.0,60,BallRecovery,Successful,276,Napoli,422739.0,Sam Beukema,24.3,27.1,,,,,,,[],False,,False,,,
1901403,SecondHalf,57,7.0,60,Pass,Successful,276,Napoli,422739.0,Sam Beukema,24.3,27.1,7.1,40.8,,,,,"[{'type': {'displayName': 'Zone', 'value': 56}, 'value': 'Back'}, {'type': {'displayName': 'Length', 'value': 212}, 'value': '20.3'}, {'type': {'displayName': 'PassEndX', 'value': 140}, 'value': '7.1'}, {'type': {'displayName': 'PassEndY', 'value': 141}, 'value': '40.8'}, {'type': {'displayName': 'Angle', 'value': 213}, 'value': '2.67'}]",True,,False,,,
1901403,SecondHalf,57,9.0,60,Pass,Unsuccessful,276,Napoli,149474.0,Vanja Milinkovic-Savic,7.1,40.8,48.1,39.6,,,,,"[{'type': {'displayName': 'Length', 'value': 212}, 'value': '43.1'}, {'type': {'displayName': 'PassEndX', 'value': 140}, 'value': '48.1'}, {'type': {'displayName': 'PassEndY', 'value': 141}, 'value': '39.6'}, {'type': {'displayName': 'Zone', 'value': 56}, 'value': 'Back'}, {'type': {'displayName': 'Longball', 'value': 1}}, {'type': {'displayName': 'Angle', 'value': 213}, 'value': '6.26'}]",True,,False,,,
1901403,SecondHalf,57,12.0,60,Aerial,Successful,1290,Como,134984.0,Diego Carlos,51.9,60.4,,,,,,,"[{'type': {'displayName': 'OppositeRelatedEvent', 'value': 233}, 'value': '380'}, {'type': {'displayName': 'Offensive', 'value': 286}}, {'type': {'displayName': 'Zone', 'value': 56}, 'value': 'Center'}]",False,,False,,,
1901403,SecondHalf,57,12.0,60,Aerial,Unsuccessful,276,Napoli,439584.0,Rasmus Højlund,48.1,39.6,,,,,,,"[{'type': {'displayName': 'Zone', 'value': 56}, 'value': 'Back'}, {'type': {'displayName': 'OppositeRelatedEvent', 'value': 233}, 'value': '570'}, {'type': {'displayName': 'Defensive', 'value': 285}}]",False,,False,,,
1901403,SecondHalf,57,12.0,60,Pass,Successful,1290,Como,134984.0,Diego Carlos,51.9,60.4,54.3,52.2,,,,,"[{'type': {'displayName': 'PassEndX', 'value': 140}, 'value': '54.3'}, {'type': {'displayName': 'Length', 'value': 212}, 'value': '6.1'}, {'type': {'displayName': 'PassEndY', 'value': 141}, 'value': '52.2'}, {'type': {'displayName': 'Zone', 'value': 56}, 'value': 'Center'}, {'type': {'displayName': 'Angle', 'value': 213}, 'value': '5.14'}, {'type': {'displayName': 'HeadPass', 'value': 3}}]",True,,False,,,
1901403,SecondHalf,57,14.0,60,BallRecovery,Successful,1290,Como,448659.0,Nico Paz,55.6,49.3,,,,,,,[],False,,False,,,
1901403,SecondHalf,57,14.0,60,Pass,Successful,1290,Como,448659.0,Nico Paz,55.6,49.3,45.5,36.7,,,,,"[{'type': {'displayName': 'Angle', 'value': 213}, 'value': '3.82'}, {'type': {'displayName': 'PassEndX', 'value': 140}, 'value': '45.5'}, {'type': {'displayName': 'Zone', 'value': 56}, 'value': 'Back'}, {'type': {'displayName': 'Length', 'value': 212}, 'value': '13.6'}, {'type': {'displayName': 'PassEndY', 'value': 141}, 'value': '36.7'}]",True,,False,,,
1901403,SecondHalf,57,20.0,60,Pass,Successful,1290,Como,531127.0,Ivan Smolcic,47.4,32.1,39.6,70.6,,,,,"[{'type': {'displayName': 'Angle', 'value': 213}, 'value': '1.87'}, {'type': {'displayName': 'Zone', 'value': 56}, 'value': 'Back'}, {'type': {'displayName': 'PassEndX', 'value': 140}, 'value': '39.6'}, {'type': {'displayName': 'PassEndY', 'value': 141}, 'value': '70.6'}, {'type': {'displayName': 'Length', 'value': 212}, 'value': '27.4'}]",True,,False,,,
1901403,SecondHalf,57,23.0,60,Pass,Successful,1290,Como,134984.0,Diego Carlos,39.6,70.6,53.1,85.8,,,,,"[{'type': {'displayName': 'PassEndY', 'value': 141}, 'value': '85.8'}, {'type': {'displayName': 'Zone', 'value': 56}, 'value': 'Left'}, {'type': {'displayName': 'Length', 'value': 212}, 'value': '17.5'}, {'type': {'displayName': 'PassEndX', 'value': 140}, 'value': '53.1'}, {'type': {'displayName': 'Angle', 'value': 213}, 'value': '0.63'}]",True,,False,,,
1901403,SecondHalf,57,30.0,60,Pass,Successful,1290,Como,407944.0,Martin Baturina,56.1,76.0,46.3,43.0,,,,,"[{'type': {'displayName': 'PassEndX', 'value': 140}, 'value': '46.3'}, {'type': {'displayName': 'Angle', 'value': 213}, 'value': '4.28'}, {'type': {'displayName': 'Zone', 'value': 56}, 'value': 'Back'}, {'type': {'displayName': 'PassEndY', 'value': 141}, 'value': '43.0'}, {'type': {'displayName': 'Length', 'value': 212}, 'value': '24.7'}]",True,,False,,,
1901403,SecondHalf,57,32.0,60,Pass,Successful,1290,Como,516374.0,Jacobo Ramón,46.3,43.0,53.5,62.4,,,,,"[{'type': {'displayName': 'Length', 'value': 212}, 'value': '15.2'}, {'type': {'displayName': 'Angle', 'value': 213}, 'value': '1.05'}, {'type': {'displayName': 'PassEndY', 'value': 141}, 'value': '62.4'}, {'type': {'displayName': 'Zone', 'value': 56}, 'value': 'Center'}, {'type': {'displayName': 'PassEndX', 'value': 140}, 'value': '53.5'}]",True,,False,,,
1901403,SecondHalf,57,35.0,60,Pass,Successful,1290,Como,433972.0,Máximo Perrone,53.5,62.5,48.7,81.6,,,,,"[{'type': {'displayName': 'Angle', 'value': 213}, 'value': '1.94'}, {'type': {'displayName': 'Zone', 'value': 56}, 'value': 'Back'}, {'type': {'displayName': 'PassEndX', 'value': 140}, 'value': '48.7'}, {'type': {'displayName': 'Length', 'value': 212}, 'value': '13.9'}, {'type': {'displayName': 'PassEndY', 'value': 141}, 'value': '81.6'}]",True,,False,,,
1901403,SecondHalf,57,38.0,60,Pass,Successful,1290,Como,134984.0,Diego Carlos,49.4,79.5,50.2,63.7,,,,,"[{'type': {'displayName': 'PassEndX', 'value': 140}, 'value': '50.2'}, {'type': {'displayName': 'Length', 'value': 212}, 'value': '10.8'}, {'type': {'displayName': 'Zone', 'value': 56}, 'value': 'Center'}, {'type': {'displayName': 'Angle', 'value': 213}, 'value': '4.79'}, {'type': {'displayName': 'PassEndY', 'value': 141}, 'value': '63.7'}]",True,,False,,,
1901403,SecondHalf,57,41.0,60,Pass,Successful,1290,Como,433972.0,Máximo Perrone,53.6,63.0,53.3,41.8,,,,,"[{'type': {'displayName': 'Zone', 'value': 56}, 'value': 'Center'}, {'type': {'displayName': 'Length', 'value': 212}, 'value': '14.4'}, {'type': {'displayName': 'PassEndY', 'value': 141}, 'value': '41.8'}, {'type': {'displayName': 'Angle', 'value': 213}, 'value': '4.69'}, {'type': {'displayName': 'PassEndX', 'value': 140}, 'value': '53.3'}]",True,,False,,,
1901403,SecondHalf,57,44.0,60,Pass,Successful,1290,Como,516374.0,Jacobo Ramón,58.8,34.6,62.2,16.0,,,,,"[{'type': {'displayName': 'Angle', 'value': 213}, 'value': '4.99'}, {'type': {'displayName': 'Zone', 'value': 56}, 'value': 'Right'}, {'type': {'displayName': 'Length', 'value': 212}, 'value': '13.1'}, {'type': {'displayName': 'PassEndX', 'value': 140}, 'value': '62.2'}, {'type': {'displayName': 'PassEndY', 'value': 141}, 'value': '16.0'}]",True,,False,,,
1901403,SecondHalf,57,46.0,60,Pass,Successful,1290,Como,379615.0,Lucas da Cunha,62.6,15.4,72.5,7.3,,,,,"[{'type': {'displayName': 'Length', 'value': 212}, 'value': '11.8'}, {'type': {'displayName': 'PassEndX', 'value': 140}, 'value': '72.5'}, {'type': {'displayName': 'PassEndY', 'value': 141}, 'value': '7.3'}, {'type': {'displayName': 'Zone', 'value': 56}, 'value': 'Right'}, {'type': {'displayName': 'Angle', 'value': 213}, 'value': '5.80'}]",True,,False,,,
1901403,SecondHalf,57,49.0,60,Dispossessed,Successful,1290,Como,502427.0,Assane Diao,70.0,7.8,,,,,,,"[{'type': {'displayName': 'Zone', 'value': 56}, 'value': 'Right'}, {'type': {'displayName': 'OppositeRelatedEvent', 'value': 233}, 'value': '381'}, {'type': {'displayName': 'Offensive', 'value': 286}}]",True,,False,,,
1901403,SecondHalf,57,49.0,60,Tackle,Unsuccessful,276,Napoli,557549.0,Alisson Santos,30.0,92.2,,,,,,,"[{'type': {'displayName': 'StandingSave', 'value': 178}}, {'type': {'displayName': 'OppositeRelatedEvent', 'value': 233}, 'value': '583'}, {'type': {'displayName': 'Defensive', 'value': 285}}, {'type': {'displayName': 'Zone', 'value': 56}, 'value': 'Back'}]",True,,False,,,
1901403,SecondHalf,57,50.0,60,BallTouch,Successful,1290,Como,502427.0,Assane Diao,65.1,3.9,,,,,,,"[{'type': {'displayName': 'Zone', 'value': 56}, 'value': 'Right'}]",True,,False,,,
1901403,SecondHalf,58,11.0,61,Pass,Successful,276,Napoli,395788.0,Miguel Gutiérrez,38.4,100.0,43.9,94.2,,,,,"[{'type': {'displayName': 'Angle', 'value': 213}, 'value': '5.62'}, {'type': {'displayName': 'ThrowIn', 'value': 107}}, {'type': {'displayName': 'Zone', 'value': 56}, 'value': 'Back'}, {'type': {'displayName': 'PassEndY', 'value': 141}, 'value': '94.2'}, {'type': {'displayName': 'Length', 'value': 212}, 'value': '7.4'}, {'type': {'displayName': 'PassEndX', 'value': 140}, 'value': '43.9'}]",True,,False,,,
1901403,SecondHalf,58,13.0,61,Pass,Successful,276,Napoli,557549.0,Alisson Santos,43.9,94.2,41.0,97.9,,,,,"[{'type': {'displayName': 'Length', 'value': 212}, 'value': '3.9'}, {'type': {'displayName': 'PassEndY', 'value': 141}, 'value': '97.9'}, {'type': {'displayName': 'PassEndX', 'value': 140}, 'value': '41.0'}, {'type': {'displayName': 'Angle', 'value': 213}, 'value': '2.45'}, {'type': {'displayName': 'Zone', 'value': 56}, 'value': 'Back'}]",True,,False,,,
1901403,SecondHalf,58,15.0,61,Dispossessed,Successful,276,Napoli,395788.0,Miguel Gutiérrez,41.6,94.4,,,,,,,"[{'type': {'displayName': 'Offensive', 'value': 286}}, {'type': {'displayName': 'OppositeRelatedEvent', 'value': 233}, 'value': '586'}, {'type': {'displayName': 'Zone', 'value': 56}, 'value': 'Back'}]",True,,False,,,
1901403,SecondHalf,58,15.0,61,Tackle,Successful,1290,Como,531127.0,Ivan Smolcic,58.4,5.6,,,,,,,"[{'type': {'displayName': 'Zone', 'value': 56}, 'value': 'Right'}, {'type': {'displayName': 'OppositeRelatedEvent', 'value': 233}, 'value': '385'}, {'type': {'displayName': 'StandingSave', 'value': 178}}, {'type': {'displayName': 'Defensive', 'value': 285}}]",True,,False,,,
1901403,SecondHalf,58,19.0,61,Pass,Successful,276,Napoli,395788.0,Miguel Gutiérrez,35.1,100.0,29.5,67.2,,,,,"[{'type': {'displayName': 'ThrowIn', 'value': 107}}, {'type': {'displayName': 'Length', 'value': 212}, 'value': '23.8'}, {'type': {'displayName': 'PassEndY', 'value': 141}, 'value': '67.2'}, {'type': {'displayName': 'Angle', 'value': 213}, 'value': '4.46'}, {'type': {'displayName': 'Longball', 'value': 1}}, {'type': {'displayName': 'PassEndX', 'value': 140}, 'value': '29.5'}, {'type': {'displayName': 'Zone', 'value': 56}, 'value': 'Back'}]",True,,False,,,
1901403,SecondHalf,58,21.0,61,Pass,Unsuccessful,276,Napoli,295358.0,Amir Rrahmani,28.0,63.6,45.0,64.2,,,,,"[{'type': {'displayName': 'PassEndY', 'value': 141}, 'value': '64.2'}, {'type': {'displayName': 'PassEndX', 'value': 140}, 'value': '45.0'}, {'type': {'displayName': 'Angle', 'value': 213}, 'value': '0.02'}, {'type': {'displayName': 'Longball', 'value': 1}}, {'type': {'displayName': 'Length', 'value': 212}, 'value': '17.9'}, {'type': {'displayName': 'Zone', 'value': 56}, 'value': 'Back'}]",True,,False,,,
1901403,SecondHalf,58,24.0,61,BallTouch,Unsuccessful,1290,Como,433972.0,Máximo Perrone,53.8,40.8,,,,,,,"[{'type': {'displayName': 'Zone', 'value': 56}, 'value': 'Center'}]",True,,False,,,
1901403,SecondHalf,58,24.0,61,Pass,Unsuccessful,276,Napoli,73084.0,Kevin De Bruyne,46.9,50.4,60.3,0.0,,,,,"[{'type': {'displayName': 'PassEndX', 'value': 140}, 'value': '60.3'}, {'type': {'displayName': 'PassEndY', 'value': 141}, 'value': '0.0'}, {'type': {'displayName': 'Longball', 'value': 1}}, {'type': {'displayName': 'Length', 'value': 212}, 'value': '37.8'}, {'type': {'displayName': 'Angle', 'value': 213}, 'value': '5.09'}, {'type': {'displayName': 'Zone', 'value': 56}, 'value': 'Right'}]",True,,False,,,
1901403,SecondHalf,58,33.0,61,Pass,Successful,1290,Como,454341.0,Álex Valle,45.5,100.0,37.4,91.9,,,,,"[{'type': {'displayName': 'PassEndX', 'value': 140}, 'value': '37.4'}, {'type': {'displayName': 'Zone', 'value': 56}, 'value': 'Back'}, {'type': {'displayName': 'PassEndY', 'value': 141}, 'value': '91.9'}, {'type': {'displayName': 'Length', 'value': 212}, 'value': '10.6'}, {'type': {'displayName': 'ThrowIn', 'value': 107}}, {'type': {'displayName': 'Angle', 'value': 213}, 'value': '3.78'}]",True,,False,,,
1901403,SecondHalf,58,35.0,61,Pass,Successful,1290,Como,433972.0,Máximo Perrone,37.0,76.3,28.6,54.2,,,,,"[{'type': {'displayName': 'Length', 'value': 212}, 'value': '17.4'}, {'type': {'displayName': 'PassEndY', 'value': 141}, 'value': '54.2'}, {'type': {'displayName': 'Angle', 'value': 213}, 'value': '4.18'}, {'type': {'displayName': 'Zone', 'value': 56}, 'value': 'Back'}, {'type': {'displayName': 'PassEndX', 'value': 140}, 'value': '28.6'}]",True,,False,,,
1901403,SecondHalf,58,38.0,61,Pass,Successful,1290,Como,516374.0,Jacobo Ramón,31.8,48.4,34.2,36.1,,,,,"[{'type': {'displayName': 'Length', 'value': 212}, 'value': '8.7'}, {'type': {'displayName': 'Zone', 'value': 56}, 'value': 'Back'}, {'type': {'displayName': 'Angle', 'value': 213}, 'value': '5.01'}, {'type': {'displayName': 'PassEndY', 'value': 141}, 'value': '36.1'}, {'type': {'displayName': 'PassEndX', 'value': 140}, 'value': '34.2'}]",True,,False,,,
1901403,SecondHalf,58,41.0,61,Pass,Successful,1290,Como,379615.0,Lucas da Cunha,34.7,40.9,33.5,66.9,,,,,"[{'type': {'displayName': 'PassEndX', 'value': 140}, 'value': '33.5'}, {'type': {'displayName': 'PassEndY', 'value': 141}, 'value': '66.9'}, {'type': {'displayName': 'Zone', 'value': 56}, 'value': 'Back'}, {'type': {'displayName': 'Angle', 'value': 213}, 'value': '1.64'}, {'type': {'displayName': 'Length', 'value': 212}, 'value': '17.7'}]",True,,False,,,
1901403,SecondHalf,58,43.0,61,Pass,Successful,1290,Como,433972.0,Máximo Perrone,33.4,61.8,41.0,39.9,,,,,"[{'type': {'displayName': 'Zone', 'value': 56}, 'value': 'Back'}, {'type': {'displayName': 'Angle', 'value': 213}, 'value': '5.20'}, {'type': {'displayName': 'PassEndY', 'value': 141}, 'value': '39.9'}, {'type': {'displayName': 'Length', 'value': 212}, 'value': '16.9'}, {'type': {'displayName': 'PassEndX', 'value': 140}, 'value': '41.0'}]",True,,False,,,
1901403,SecondHalf,58,45.0,61,Pass,Successful,1290,Como,448659.0,Nico Paz,41.0,39.7,36.3,95.4,,,,,"[{'type': {'displayName': 'PassEndY', 'value': 141}, 'value': '95.4'}, {'type': {'displayName': 'Chipped', 'value': 155}}, {'type': {'displayName': 'Angle', 'value': 213}, 'value': '1.70'}, {'type': {'displayName': 'Length', 'value': 212}, 'value': '38.2'}, {'type': {'displayName': 'LayOff', 'value': 156}}, {'type': {'displayName': 'Zone', 'value': 56}, 'value': 'Back'}, {'type': {'displayName': 'Longball', 'value': 1}}, {'type': {'displayName': 'PassEndX', 'value': 140}, 'value': '36.3'}]",True,,False,,,
1901403,SecondHalf,58,51.0,61,Pass,Successful,1290,Como,134984.0,Diego Carlos,43.6,93.7,61.6,95.7,,,,,"[{'type': {'displayName': 'Zone', 'value': 56}, 'value': 'Left'}, {'type': {'displayName': 'PassEndY', 'value': 141}, 'value': '95.7'}, {'type': {'displayName': 'Angle', 'value': 213}, 'value': '0.07'}, {'type': {'displayName': 'Length', 'value': 212}, 'value': '18.9'}, {'type': {'displayName': 'PassEndX', 'value': 140}, 'value': '61.6'}]",True,,False,,,
1901403,SecondHalf,58,56.0,61,Pass,Successful,1290,Como,407944.0,Martin Baturina,60.0,89.7,60.1,47.8,,,,,"[{'type': {'displayName': 'Length', 'value': 212}, 'value': '28.5'}, {'type': {'displayName': 'PassEndX', 'value': 140}, 'value': '60.1'}, {'type': {'displayName': 'PassEndY', 'value': 141}, 'value': '47.8'}, {'type': {'displayName': 'Zone', 'value': 56}, 'value': 'Center'}, {'type': {'displayName': 'Angle', 'value': 213}, 'value': '4.72'}]",True,,False,,,
1901403,SecondHalf,59,0.0,62,Pass,Successful,1290,Como,433972.0,Máximo Perrone,64.9,64.5,78.5,92.8,,,,,"[{'type': {'displayName': 'PassEndX', 'value': 140}, 'value': '78.5'}, {'type': {'displayName': 'Zone', 'value': 56}, 'value': 'Left'}, {'type': {'displayName': 'Angle', 'value': 213}, 'value': '0.93'}, {'type': {'displayName': 'Length', 'value': 212}, 'value': '24.0'}, {'type': {'displayName': 'PassEndY', 'value': 141}, 'value': '92.8'}]",True,,False,,,
1901403,SecondHalf,59,6.0,62,Pass,Successful,1290,Como,454341.0,Álex Valle,87.2,93.3,89.2,43.8,,,,,"[{'type': {'displayName': 'Angle', 'value': 213}, 'value': '4.77'}, {'type': {'displayName': 'LeftFoot', 'value': 72}}, {'type': {'displayName': 'Cross', 'value': 2}}, {'type': {'displayName': 'IntentionalAssist', 'value': 154}}, {'type': {'displayName': 'Zone', 'value': 56}, 'value': 'Center'}, {'type': {'displayName': 'PassEndX', 'value': 140}, 'value': '89.2'}, {'type': {'displayName': 'Chipped', 'value': 155}}, {'type': {'displayName': 'ShotAssist', 'value': 210}, 'value': '13'}, {'type': {'displayName': 'Longball', 'value': 1}}, {'type': {'displayName': 'Length', 'value': 212}, 'value': '33.7'}, {'type': {'displayName': 'PassEndY', 'value': 141}, 'value': '43.8'}, {'type': {'displayName': 'KeyPass', 'value': 11113}}]",True,,False,,,
1901403,SecondHalf,59,9.0,62,Aerial,Successful,1290,Como,502427.0,Assane Diao,89.2,43.8,,,,,,,"[{'type': {'displayName': 'Zone', 'value': 56}, 'value': 'Center'}, {'type': {'displayName': 'OppositeRelatedEvent', 'value': 233}, 'value': '391'}, {'type': {'displayName': 'Offensive', 'value': 286}}]",False,,False,,,
1901403,SecondHalf,59,9.0,62,Aerial,Unsuccessful,276,Napoli,395788.0,Miguel Gutiérrez,10.8,56.2,,,,,,,"[{'type': {'displayName': 'Defensive', 'value': 285}}, {'type': {'displayName': 'Zone', 'value': 56}, 'value': 'Back'}, {'type': {'displayName': 'OppositeRelatedEvent', 'value': 233}, 'value': '601'}]",False,,False,,,
1901403,SecondHalf,59,10.0,62,MissedShots,Successful,1290,Como,502427.0,Assane Diao,89.2,43.8,,,52.4,81.9,,,"[{'type': {'displayName': 'RegularPlay', 'value': 22}}, {'type': {'displayName': 'RelatedEventId', 'value': 55}, 'value': '600'}, {'type': {'displayName': 'IntentionalAssist', 'value': 154}}, {'type': {'displayName': 'BoxCentre', 'value': 17}}, {'type': {'displayName': 'Head', 'value': 15}}, {'type': {'displayName': 'GoalMouthY', 'value': 102}, 'value': '52.4'}, {'type': {'displayName': 'MissHigh', 'value': 74}}, {'type': {'displayName': 'GoalMouthZ', 'value': 103}, 'value': '81.9'}, {'type': {'displayName': 'Assisted', 'value': 29}}, {'type': {'displayName': 'Zone', 'value': 56}, 'value': 'Center'}, {'type': {'displayName': 'FirstTouch', 'value': 328}}]",True,True,False,,600.0,454341.0
1901403,SecondHalf,59,57.0,62,SubstitutionOff,Successful,276,Napoli,73084.0,Kevin De Bruyne,0.0,0.0,,,,,,,"[{'type': {'displayName': 'RelatedEventId', 'value': 55}, 'value': '394'}, {'type': {'displayName': 'PlayerPosition', 'value': 44}, 'value': 'Midfielder'}, {'type': {'displayName': 'JerseyNumber', 'value': 59}, 'value': '11'}]",False,,False,,394.0,349561.0
1901403,SecondHalf,59,57.0,62,SubstitutionOn,Successful,276,Napoli,349561.0,Frank Anguissa,0.0,0.0,,,,,,,"[{'type': {'displayName': 'RelatedEventId', 'value': 55}, 'value': '393'}, {'type': {'displayName': 'PlayerPosition', 'value': 44}, 'value': 'Midfielder'}, {'type': {'displayName': 'JerseyNumber', 'value': 59}, 'value': '99'}, {'type': {'displayName': 'FormationSlot', 'value': 145}, 'value': '10'}]",False,,False,,393.0,73084.0
1901403,SecondHalf,59,58.0,62,FormationChange,Successful,276,Napoli,,,0.0,0.0,,,,,,,"[{'type': {'displayName': 'PlayerPosition', 'value': 44}, 'value': '1, 3, 3, 2, 2, 2, 3, 3, 4, 4, 4, 5, 5, 5, 5, 5, 5, 5, 5'}, {'type': {'displayName': 'CaptainPlayerId', 'value': 194}, 'value': '122683'}, {'type': {'displayName': 'InvolvedPlayers', 'value': 30}, 'value': '149474,122683,395788,333373,295358,422739,349561,111892,439584,336915,557549,241022,141525,381255,339579,122469,436627,423857,92329'}, {'type': {'displayName': 'TeamPlayerFormation', 'value': 131}, 'value': '1, 2, 3, 4, 5, 6, 7, 8, 9, 10, 11, 0, 0, 0, 0, 0, 0, 0, 0'}, {'type': {'displayName': 'TeamFormation', 'value': 130}, 'value': '17'}, {'type': {'displayName': 'JerseyNumber', 'value': 59}, 'value': '32, 21, 3, 4, 13, 31, 99, 68, 19, 8, 27, 1, 14, 6, 20, 22, 23, 30, 37'}]",False,,False,,,
1901403,SecondHalf,60,15.0,63,Pass,Unsuccessful,276,Napoli,149474.0,Vanja Milinkovic-Savic,2.7,49.5,73.6,43.2,,,,,"[{'type': {'displayName': 'GoalKick', 'value': 124}}, {'type': {'displayName': 'Longball', 'value': 1}}, {'type': {'displayName': 'Angle', 'value': 213}, 'value': '6.23'}, {'type': {'displayName': 'Zone', 'value': 56}, 'value': 'Center'}, {'type': {'displayName': 'PassEndY', 'value': 141}, 'value': '43.2'}, {'type': {'displayName': 'PassEndX', 'value': 140}, 'value': '73.6'}, {'type': {'displayName': 'Length', 'value': 212}, 'value': '74.6'}, {'type': {'displayName': 'MissHigh', 'value': 74}}]",True,,False,,,
1901403,SecondHalf,60,22.0,63,Clearance,Successful,1290,Como,134984.0,Diego Carlos,28.2,56.4,34.1,68.7,,,,,"[{'type': {'displayName': 'PassEndX', 'value': 140}, 'value': '34.1'}, {'type': {'displayName': 'Zone', 'value': 56}, 'value': 'Back'}, {'type': {'displayName': 'PassEndY', 'value': 141}, 'value': '68.7'}, {'type': {'displayName': 'Head', 'value': 15}}, {'type': {'displayName': 'Angle', 'value': 213}, 'value': '0.93'}, {'type': {'displayName': 'Length', 'value': 212}, 'value': '10.4'}]",True,,False,,,
1901403,SecondHalf,60,23.0,63,BallTouch,Successful,276,Napoli,336915.0,Scott McTominay,67.6,43.3,,,,,,,"[{'type': {'displayName': 'Zone', 'value': 56}, 'value': 'Center'}]",True,,False,,,
1901403,SecondHalf,60,24.0,63,Pass,Unsuccessful,276,Napoli,422739.0,Sam Beukema,60.5,39.3,68.9,45.6,,,,,"[{'type': {'displayName': 'HeadPass', 'value': 3}}, {'type': {'displayName': 'Length', 'value': 212}, 'value': '9.8'}, {'type': {'displayName': 'Angle', 'value': 213}, 'value': '0.45'}, {'type': {'displayName': 'PassEndY', 'value': 141}, 'value': '45.6'}, {'type': {'displayName': 'PassEndX', 'value': 140}, 'value': '68.9'}, {'type': {'displayName': 'Zone', 'value': 56}, 'value': 'Center'}]",True,,False,,,
1901403,SecondHalf,60,24.0,63,Pass,Successful,1290,Como,134984.0,Diego Carlos,32.4,60.4,73.6,20.4,,,,,"[{'type': {'displayName': 'Longball', 'value': 1}}, {'type': {'displayName': 'PassEndX', 'value': 140}, 'value': '73.6'}, {'type': {'displayName': 'PassEndY', 'value': 141}, 'value': '20.4'}, {'type': {'displayName': 'Zone', 'value': 56}, 'value': 'Right'}, {'type': {'displayName': 'Length', 'value': 212}, 'value': '51.1'}, {'type': {'displayName': 'Angle', 'value': 213}, 'value': '5.72'}]",True,,False,,,
1901403,SecondHalf,60,32.0,63,Dispossessed,Successful,1290,Como,502427.0,Assane Diao,71.7,19.4,,,,,,,"[{'type': {'displayName': 'Zone', 'value': 56}, 'value': 'Right'}, {'type': {'displayName': 'OppositeRelatedEvent', 'value': 233}, 'value': '399'}, {'type': {'displayName': 'Offensive', 'value': 286}}]",True,,False,,,
1901403,SecondHalf,60,32.0,63,Tackle,Unsuccessful,276,Napoli,395788.0,Miguel Gutiérrez,28.3,80.6,,,,,,,"[{'type': {'displayName': 'OppositeRelatedEvent', 'value': 233}, 'value': '606'}, {'type': {'displayName': 'StandingSave', 'value': 178}}, {'type': {'displayName': 'Defensive', 'value': 285}}, {'type': {'displayName': 'Zone', 'value': 56}, 'value': 'Back'}]",True,,False,,,
1901403,SecondHalf,60,33.0,63,BallRecovery,Successful,1290,Como,502427.0,Assane Diao,77.6,10.0,,,,,,,[],False,,False,,,
1901403,SecondHalf,60,35.0,63,TakeOn,Unsuccessful,1290,Como,502427.0,Assane Diao,76.4,8.0,,,,,,,"[{'type': {'displayName': 'OppositeRelatedEvent', 'value': 233}, 'value': '401'}, {'type': {'displayName': 'Zone', 'value': 56}, 'value': 'Right'}, {'type': {'displayName': 'Offensive', 'value': 286}}]",True,,False,,,
1901403,SecondHalf,60,35.0,63,Tackle,Successful,276,Napoli,557549.0,Alisson Santos,23.6,92.1,,,,,,,"[{'type': {'displayName': 'Defensive', 'value': 285}}, {'type': {'displayName': 'Zone', 'value': 56}, 'value': 'Back'}, {'type': {'displayName': 'OppositeRelatedEvent', 'value': 233}, 'value': '608'}, {'type': {'displayName': 'StandingSave', 'value': 178}}]",True,,False,,,
1901403,SecondHalf,60,55.0,63,Pass,Successful,1290,Como,531127.0,Ivan Smolcic,82.0,0.0,57.3,16.5,,,,,"[{'type': {'displayName': 'Angle', 'value': 213}, 'value': '2.69'}, {'type': {'displayName': 'ThrowIn', 'value': 107}}, {'type': {'displayName': 'Zone', 'value': 56}, 'value': 'Right'}, {'type': {'displayName': 'Longball', 'value': 1}}, {'type': {'displayName': 'Length', 'value': 212}, 'value': '28.8'}, {'type': {'displayName': 'PassEndX', 'value': 140}, 'value': '57.3'}, {'type': {'displayName': 'PassEndY', 'value': 141}, 'value': '16.5'}]",True,,False,,,
1901403,SecondHalf,60,57.0,63,Pass,Successful,1290,Como,516374.0,Jacobo Ramón,60.6,24.9,60.3,44.5,,,,,"[{'type': {'displayName': 'Length', 'value': 212}, 'value': '13.3'}, {'type': {'displayName': 'PassEndY', 'value': 141}, 'value': '44.5'}, {'type': {'displayName': 'Angle', 'value': 213}, 'value': '1.59'}, {'type': {'displayName': 'Zone', 'value': 56}, 'value': 'Center'}, {'type': {'displayName': 'PassEndX', 'value': 140}, 'value': '60.3'}]",True,,False,,,
1901403,SecondHalf,61,1.0,64,Pass,Successful,1290,Como,433972.0,Máximo Perrone,56.5,44.8,56.3,59.4,,,,,"[{'type': {'displayName': 'PassEndX', 'value': 140}, 'value': '56.3'}, {'type': {'displayName': 'Zone', 'value': 56}, 'value': 'Center'}, {'type': {'displayName': 'Length', 'value': 212}, 'value': '9.9'}, {'type': {'displayName': 'Angle', 'value': 213}, 'value': '1.59'}, {'type': {'displayName': 'PassEndY', 'value': 141}, 'value': '59.4'}]",True,,False,,,
1901403,SecondHalf,61,3.0,64,Pass,Successful,1290,Como,407944.0,Martin Baturina,56.3,59.4,49.9,50.8,,,,,"[{'type': {'displayName': 'Length', 'value': 212}, 'value': '8.9'}, {'type': {'displayName': 'PassEndY', 'value': 141}, 'value': '50.8'}, {'type': {'displayName': 'PassEndX', 'value': 140}, 'value': '49.9'}, {'type': {'displayName': 'Angle', 'value': 213}, 'value': '3.86'}, {'type': {'displayName': 'Zone', 'value': 56}, 'value': 'Back'}]",True,,False,,,
1901403,SecondHalf,61,5.0,64,Pass,Successful,1290,Como,433972.0,Máximo Perrone,50.1,50.8,46.4,74.2,,,,,"[{'type': {'displayName': 'Length', 'value': 212}, 'value': '16.4'}, {'type': {'displayName': 'PassEndX', 'value': 140}, 'value': '46.4'}, {'type': {'displayName': 'Zone', 'value': 56}, 'value': 'Back'}, {'type': {'displayName': 'PassEndY', 'value': 141}, 'value': '74.2'}, {'type': {'displayName': 'Angle', 'value': 213}, 'value': '1.81'}]",True,,False,,,
1901403,SecondHalf,61,9.0,64,Pass,Successful,1290,Como,134984.0,Diego Carlos,56.3,75.0,51.6,59.4,,,,,"[{'type': {'displayName': 'PassEndY', 'value': 141}, 'value': '59.4'}, {'type': {'displayName': 'Angle', 'value': 213}, 'value': '4.28'}, {'type': {'displayName': 'Length', 'value': 212}, 'value': '11.7'}, {'type': {'displayName': 'PassEndX', 'value': 140}, 'value': '51.6'}, {'type': {'displayName': 'Zone', 'value': 56}, 'value': 'Center'}]",True,,False,,,
1901403,SecondHalf,61,11.0,64,Pass,Successful,1290,Como,433972.0,Máximo Perrone,51.6,59.4,64.6,33.3,,,,,"[{'type': {'displayName': 'PassEndX', 'value': 140}, 'value': '64.6'}, {'type': {'displayName': 'Zone', 'value': 56}, 'value': 'Center'}, {'type': {'displayName': 'Angle', 'value': 213}, 'value': '5.37'}, {'type': {'displayName': 'Length', 'value': 212}, 'value': '22.4'}, {'type': {'displayName': 'PassEndY', 'value': 141}, 'value': '33.3'}]",True,,False,,,
1901403,SecondHalf,61,13.0,64,Pass,Successful,1290,Como,379615.0,Lucas da Cunha,64.1,32.8,53.2,28.5,,,,,"[{'type': {'displayName': 'PassEndX', 'value': 140}, 'value': '53.2'}, {'type': {'displayName': 'Length', 'value': 212}, 'value': '11.8'}, {'type': {'displayName': 'Zone', 'value': 56}, 'value': 'Center'}, {'type': {'displayName': 'Angle', 'value': 213}, 'value': '3.39'}, {'type': {'displayName': 'PassEndY', 'value': 141}, 'value': '28.5'}]",True,,False,,,
1901403,SecondHalf,61,15.0,64,Pass,Successful,1290,Como,516374.0,Jacobo Ramón,57.0,26.4,77.9,17.8,,,,,"[{'type': {'displayName': 'Length', 'value': 212}, 'value': '22.7'}, {'type': {'displayName': 'PassEndX', 'value': 140}, 'value': '77.9'}, {'type': {'displayName': 'PassEndY', 'value': 141}, 'value': '17.8'}, {'type': {'displayName': 'Zone', 'value': 56}, 'value': 'Right'}, {'type': {'displayName': 'Angle', 'value': 213}, 'value': '6.02'}]",True,,False,,,
1901403,SecondHalf,61,20.0,64,Foul,Successful,1290,Como,422873.0,Tasos Douvikas,71.8,15.4,,,,,,,"[{'type': {'displayName': 'Offensive', 'value': 286}}, {'type': {'displayName': 'Foul', 'value': 13}}, {'type': {'displayName': 'Zone', 'value': 56}, 'value': 'Right'}, {'type': {'displayName': 'OppositeRelatedEvent', 'value': 233}, 'value': '403'}]",True,,False,,,
1901403,SecondHalf,61,20.0,64,Foul,Unsuccessful,276,Napoli,333373.0,Alessandro Buongiorno,28.2,84.6,,,,,,,"[{'type': {'displayName': 'Zone', 'value': 56}, 'value': 'Back'}, {'type': {'displayName': 'Foul', 'value': 13}}, {'type': {'displayName': 'StandingSave', 'value': 178}}, {'type': {'displayName': 'Defensive', 'value': 285}}, {'type': {'displayName': 'OppositeRelatedEvent', 'value': 233}, 'value': '619'}]",False,,False,,,
1901403,SecondHalf,62,8.0,65,Pass,Successful,1290,Como,379615.0,Lucas da Cunha,74.7,8.4,67.8,43.5,,,,,"[{'type': {'displayName': 'FreekickTaken', 'value': 5}}, {'type': {'displayName': 'Length', 'value': 212}, 'value': '24.9'}, {'type': {'displayName': 'PassEndX', 'value': 140}, 'value': '67.8'}, {'type': {'displayName': 'Angle', 'value': 213}, 'value': '1.87'}, {'type': {'displayName': 'PassEndY', 'value': 141}, 'value': '43.5'}, {'type': {'displayName': 'Zone', 'value': 56}, 'value': 'Center'}]",True,,False,,,
1901403,SecondHalf,62,10.0,65,Pass,Unsuccessful,1290,Como,433972.0,Máximo Perrone,67.8,43.5,86.6,38.8,,,,,"[{'type': {'displayName': 'Angle', 'value': 213}, 'value': '6.12'}, {'type': {'displayName': 'Chipped', 'value': 155}}, {'type': {'displayName': 'Length', 'value': 212}, 'value': '20.0'}, {'type': {'displayName': 'Zone', 'value': 56}, 'value': 'Center'}, {'type': {'displayName': 'PassEndY', 'value': 141}, 'value': '38.8'}, {'type': {'displayName': 'PassEndX', 'value': 140}, 'value': '86.6'}]",True,,False,,,
1901403,SecondHalf,62,13.0,65,Clearance,Successful,276,Napoli,422739.0,Sam Beukema,10.8,58.6,49.2,80.1,,,,,"[{'type': {'displayName': 'PassEndY', 'value': 141}, 'value': '80.1'}, {'type': {'displayName': 'Angle', 'value': 213}, 'value': '0.35'}, {'type': {'displayName': 'Length', 'value': 212}, 'value': '42.9'}, {'type': {'displayName': 'PassEndX', 'value': 140}, 'value': '49.2'}, {'type': {'displayName': 'Zone', 'value': 56}, 'value': 'Back'}]",True,,False,,,
1901403,SecondHalf,62,18.0,65,Pass,Successful,1290,Como,407944.0,Martin Baturina,43.7,15.0,21.9,43.6,,,,,"[{'type': {'displayName': 'PassEndY', 'value': 141}, 'value': '43.6'}, {'type': {'displayName': 'Length', 'value': 212}, 'value': '30.0'}, {'type': {'displayName': 'PassEndX', 'value': 140}, 'value': '21.9'}, {'type': {'displayName': 'Zone', 'value': 56}, 'value': 'Back'}, {'type': {'displayName': 'Angle', 'value': 213}, 'value': '2.44'}]",True,,False,,,
1901403,SecondHalf,62,21.0,65,Pass,Successful,1290,Como,256536.0,Jean Butez,21.9,43.6,29.7,70.0,,,,,"[{'type': {'displayName': 'PassEndX', 'value': 140}, 'value': '29.7'}, {'type': {'displayName': 'Angle', 'value': 213}, 'value': '1.14'}, {'type': {'displayName': 'PassEndY', 'value': 141}, 'value': '70.0'}, {'type': {'displayName': 'Length', 'value': 212}, 'value': '19.7'}, {'type': {'displayName': 'Zone', 'value': 56}, 'value': 'Back'}]",True,,False,,,
1901403,SecondHalf,62,24.0,65,Pass,Unsuccessful,1290,Como,454341.0,Álex Valle,33.3,81.6,70.3,89.2,,,,,"[{'type': {'displayName': 'PassEndX', 'value': 140}, 'value': '70.3'}, {'type': {'displayName': 'Zone', 'value': 56}, 'value': 'Left'}, {'type': {'displayName': 'Longball', 'value': 1}}, {'type': {'displayName': 'Angle', 'value': 213}, 'value': '0.13'}, {'type': {'displayName': 'PassEndY', 'value': 141}, 'value': '89.2'}, {'type': {'displayName': 'Length', 'value': 212}, 'value': '39.2'}, {'type': {'displayName': 'Chipped', 'value': 155}}]",True,,False,,,
1901403,SecondHalf,62,27.0,65,Aerial,Successful,276,Napoli,422739.0,Sam Beukema,29.7,10.8,,,,,,,"[{'type': {'displayName': 'OppositeRelatedEvent', 'value': 233}, 'value': '625'}, {'type': {'displayName': 'Zone', 'value': 56}, 'value': 'Back'}, {'type': {'displayName': 'Defensive', 'value': 285}}]",False,,False,,,
1901403,SecondHalf,62,27.0,65,Aerial,Unsuccessful,1290,Como,516374.0,Jacobo Ramón,70.3,89.2,,,,,,,"[{'type': {'displayName': 'OppositeRelatedEvent', 'value': 233}, 'value': '420'}, {'type': {'displayName': 'Offensive', 'value': 286}}, {'type': {'displayName': 'Zone', 'value': 56}, 'value': 'Left'}]",False,,False,,,
1901403,SecondHalf,62,28.0,65,Pass,Successful,276,Napoli,422739.0,Sam Beukema,29.7,10.8,43.0,2.9,,,,,"[{'type': {'displayName': 'PassEndY', 'value': 141}, 'value': '2.9'}, {'type': {'displayName': 'HeadPass', 'value': 3}}, {'type': {'displayName': 'Angle', 'value': 213}, 'value': '5.92'}, {'type': {'displayName': 'Zone', 'value': 56}, 'value': 'Back'}, {'type': {'displayName': 'PassEndX', 'value': 140}, 'value': '43.0'}, {'type': {'displayName': 'Length', 'value': 212}, 'value': '15.0'}]",True,,False,,,
1901403,SecondHalf,62,29.0,65,BallRecovery,Successful,276,Napoli,122683.0,Matteo Politano,47.5,3.7,,,,,,,[],False,,False,,,
1901403,SecondHalf,62,30.0,65,Pass,Successful,276,Napoli,122683.0,Matteo Politano,47.3,3.7,43.3,11.5,,,,,"[{'type': {'displayName': 'Length', 'value': 212}, 'value': '6.8'}, {'type': {'displayName': 'Angle', 'value': 213}, 'value': '2.24'}, {'type': {'displayName': 'PassEndY', 'value': 141}, 'value': '11.5'}, {'type': {'displayName': 'PassEndX', 'value': 140}, 'value': '43.3'}, {'type': {'displayName': 'Zone', 'value': 56}, 'value': 'Back'}]",True,,False,,,
1901403,SecondHalf,62,31.0,65,Pass,Successful,276,Napoli,349561.0,Frank Anguissa,43.3,11.8,32.2,6.6,,,,,"[{'type': {'displayName': 'PassEndY', 'value': 141}, 'value': '6.6'}, {'type': {'displayName': 'PassEndX', 'value': 140}, 'value': '32.2'}, {'type': {'displayName': 'Length', 'value': 212}, 'value': '12.2'}, {'type': {'displayName': 'Angle', 'value': 213}, 'value': '3.44'}, {'type': {'displayName': 'Zone', 'value': 56}, 'value': 'Back'}]",True,,False,,,
1901403,SecondHalf,62,32.0,65,Pass,Successful,276,Napoli,422739.0,Sam Beukema,32.2,6.6,42.8,34.3,,,,,"[{'type': {'displayName': 'Zone', 'value': 56}, 'value': 'Back'}, {'type': {'displayName': 'PassEndX', 'value': 140}, 'value': '42.8'}, {'type': {'displayName': 'Length', 'value': 212}, 'value': '21.9'}, {'type': {'displayName': 'PassEndY', 'value': 141}, 'value': '34.3'}, {'type': {'displayName': 'Angle', 'value': 213}, 'value': '1.04'}]",True,,False,,,
1901403,SecondHalf,62,33.0,65,Pass,Successful,276,Napoli,111892.0,Stanislav Lobotka,42.8,34.3,26.6,31.2,,,,,"[{'type': {'displayName': 'PassEndY', 'value': 141}, 'value': '31.2'}, {'type': {'displayName': 'Length', 'value': 212}, 'value': '17.1'}, {'type': {'displayName': 'PassEndX', 'value': 140}, 'value': '26.6'}, {'type': {'displayName': 'Zone', 'value': 56}, 'value': 'Back'}, {'type': {'displayName': 'Angle', 'value': 213}, 'value': '3.26'}]",True,,False,,,
1901403,SecondHalf,62,36.0,65,Pass,Successful,276,Napoli,295358.0,Amir Rrahmani,28.4,31.5,37.8,24.7,,,,,"[{'type': {'displayName': 'PassEndX', 'value': 140}, 'value': '37.8'}, {'type': {'displayName': 'PassEndY', 'value': 141}, 'value': '24.7'}, {'type': {'displayName': 'Angle', 'value': 213}, 'value': '5.85'}, {'type': {'displayName': 'Length', 'value': 212}, 'value': '10.9'}, {'type': {'displayName': 'Zone', 'value': 56}, 'value': 'Back'}]",True,,False,,,
1901403,SecondHalf,62,40.0,65,Pass,Successful,276,Napoli,349561.0,Frank Anguissa,43.5,24.1,48.1,13.6,,,,,"[{'type': {'displayName': 'Angle', 'value': 213}, 'value': '5.31'}, {'type': {'displayName': 'Zone', 'value': 56}, 'value': 'Back'}, {'type': {'displayName': 'Length', 'value': 212}, 'value': '8.6'}, {'type': {'displayName': 'PassEndX', 'value': 140}, 'value': '48.1'}, {'type': {'displayName': 'PassEndY', 'value': 141}, 'value': '13.6'}]",True,,False,,,
1901403,SecondHalf,62,43.0,65,Pass,Successful,276,Napoli,336915.0,Scott McTominay,67.0,13.3,78.6,4.2,,,,,"[{'type': {'displayName': 'Angle', 'value': 213}, 'value': '5.81'}, {'type': {'displayName': 'PassEndY', 'value': 141}, 'value': '4.2'}, {'type': {'displayName': 'Zone', 'value': 56}, 'value': 'Right'}, {'type': {'displayName': 'Length', 'value': 212}, 'value': '13.7'}, {'type': {'displayName': 'PassEndX', 'value': 140}, 'value': '78.6'}]",True,,False,,,
1901403,SecondHalf,62,47.0,65,Pass,Successful,276,Napoli,122683.0,Matteo Politano,78.5,6.1,78.5,18.3,,,,,"[{'type': {'displayName': 'Zone', 'value': 56}, 'value': 'Right'}, {'type': {'displayName': 'Angle', 'value': 213}, 'value': '1.57'}, {'type': {'displayName': 'PassEndY', 'value': 141}, 'value': '18.3'}, {'type': {'displayName': 'PassEndX', 'value': 140}, 'value': '78.5'}, {'type': {'displayName': 'Length', 'value': 212}, 'value': '8.3'}]",True,,False,,,
1901403,SecondHalf,62,49.0,65,Pass,Successful,276,Napoli,349561.0,Frank Anguissa,72.7,22.0,62.3,18.1,,,,,"[{'type': {'displayName': 'Zone', 'value': 56}, 'value': 'Right'}, {'type': {'displayName': 'PassEndX', 'value': 140}, 'value': '62.3'}, {'type': {'displayName': 'PassEndY', 'value': 141}, 'value': '18.1'}, {'type': {'displayName': 'Angle', 'value': 213}, 'value': '3.38'}, {'type': {'displayName': 'Length', 'value': 212}, 'value': '11.2'}]",True,,False,,,
1901403,SecondHalf,62,50.0,65,Pass,Successful,276,Napoli,422739.0,Sam Beukema,62.6,18.1,63.0,34.2,,,,,"[{'type': {'displayName': 'Zone', 'value': 56}, 'value': 'Center'}, {'type': {'displayName': 'Angle', 'value': 213}, 'value': '1.53'}, {'type': {'displayName': 'PassEndX', 'value': 140}, 'value': '63.0'}, {'type': {'displayName': 'Length', 'value': 212}, 'value': '11.0'}, {'type': {'displayName': 'PassEndY', 'value': 141}, 'value': '34.2'}]",True,,False,,,
1901403,SecondHalf,62,52.0,65,Pass,Successful,276,Napoli,111892.0,Stanislav Lobotka,63.0,34.2,70.9,30.4,,,,,"[{'type': {'displayName': 'Zone', 'value': 56}, 'value': 'Center'}, {'type': {'displayName': 'Length', 'value': 212}, 'value': '8.7'}, {'type': {'displayName': 'PassEndX', 'value': 140}, 'value': '70.9'}, {'type': {'displayName': 'PassEndY', 'value': 141}, 'value': '30.4'}, {'type': {'displayName': 'Angle', 'value': 213}, 'value': '5.98'}]",True,,False,,,
1901403,SecondHalf,62,54.0,65,Dispossessed,Successful,276,Napoli,349561.0,Frank Anguissa,69.4,39.6,,,,,,,"[{'type': {'displayName': 'OppositeRelatedEvent', 'value': 233}, 'value': '626'}, {'type': {'displayName': 'Zone', 'value': 56}, 'value': 'Center'}, {'type': {'displayName': 'Offensive', 'value': 286}}]",True,,False,,,
1901403,SecondHalf,62,54.0,65,Tackle,Unsuccessful,1290,Como,448659.0,Nico Paz,30.6,60.4,,,,,,,"[{'type': {'displayName': 'OppositeRelatedEvent', 'value': 233}, 'value': '418'}, {'type': {'displayName': 'Defensive', 'value': 285}}, {'type': {'displayName': 'Zone', 'value': 56}, 'value': 'Back'}]",True,,False,,,
1901403,SecondHalf,62,55.0,65,BallTouch,Successful,276,Napoli,349561.0,Frank Anguissa,71.2,39.0,,,,,,,"[{'type': {'displayName': 'Zone', 'value': 56}, 'value': 'Center'}]",True,,False,,,
1901403,SecondHalf,62,57.0,65,BallRecovery,Successful,1290,Como,516374.0,Jacobo Ramón,27.0,50.1,,,,,,,[],False,,False,,,
1901403,SecondHalf,62,57.0,65,Pass,Successful,1290,Como,516374.0,Jacobo Ramón,27.0,50.1,33.8,60.0,,,,,"[{'type': {'displayName': 'Angle', 'value': 213}, 'value': '0.76'}, {'type': {'displayName': 'Zone', 'value': 56}, 'value': 'Back'}, {'type': {'displayName': 'Length', 'value': 212}, 'value': '9.8'}, {'type': {'displayName': 'PassEndY', 'value': 141}, 'value': '60.0'}, {'type': {'displayName': 'PassEndX', 'value': 140}, 'value': '33.8'}]",True,,False,,,
1901403,SecondHalf,62,57.0,65,Pass,Successful,1290,Como,407944.0,Martin Baturina,33.8,60.0,34.4,36.0,,,,,"[{'type': {'displayName': 'Length', 'value': 212}, 'value': '16.3'}, {'type': {'displayName': 'Zone', 'value': 56}, 'value': 'Back'}, {'type': {'displayName': 'Angle', 'value': 213}, 'value': '4.75'}, {'type': {'displayName': 'PassEndY', 'value': 141}, 'value': '36.0'}, {'type': {'displayName': 'PassEndX', 'value': 140}, 'value': '34.4'}]",True,,False,,,
1901403,SecondHalf,63,11.0,66,Pass,Successful,1290,Como,502427.0,Assane Diao,69.1,84.4,67.0,95.2,,,,,"[{'type': {'displayName': 'Angle', 'value': 213}, 'value': '1.86'}, {'type': {'displayName': 'Zone', 'value': 56}, 'value': 'Left'}, {'type': {'displayName': 'Length', 'value': 212}, 'value': '7.7'}, {'type': {'displayName': 'PassEndY', 'value': 141}, 'value': '95.2'}, {'type': {'displayName': 'PassEndX', 'value': 140}, 'value': '67.0'}]",True,,False,,,
1901403,SecondHalf,63,12.0,66,Pass,Successful,1290,Como,454341.0,Álex Valle,67.0,95.2,65.6,76.2,,,,,"[{'type': {'displayName': 'Zone', 'value': 56}, 'value': 'Center'}, {'type': {'displayName': 'Angle', 'value': 213}, 'value': '4.60'}, {'type': {'displayName': 'PassEndX', 'value': 140}, 'value': '65.6'}, {'type': {'displayName': 'PassEndY', 'value': 141}, 'value': '76.2'}, {'type': {'displayName': 'Length', 'value': 212}, 'value': '13.0'}]",True,,False,,,
1901403,SecondHalf,63,17.0,66,Pass,Successful,1290,Como,407944.0,Martin Baturina,65.7,71.7,65.8,46.5,,,,,"[{'type': {'displayName': 'PassEndX', 'value': 140}, 'value': '65.8'}, {'type': {'displayName': 'PassEndY', 'value': 141}, 'value': '46.5'}, {'type': {'displayName': 'Angle', 'value': 213}, 'value': '4.72'}, {'type': {'displayName': 'Length', 'value': 212}, 'value': '17.1'}, {'type': {'displayName': 'Zone', 'value': 56}, 'value': 'Center'}]",True,,False,,,
1901403,SecondHalf,63,19.0,66,Pass,Successful,1290,Como,448659.0,Nico Paz,66.7,43.2,72.2,41.2,,,,,"[{'type': {'displayName': 'Zone', 'value': 56}, 'value': 'Center'}, {'type': {'displayName': 'PassEndY', 'value': 141}, 'value': '41.2'}, {'type': {'displayName': 'Length', 'value': 212}, 'value': '5.9'}, {'type': {'displayName': 'PassEndX', 'value': 140}, 'value': '72.2'}, {'type': {'displayName': 'Angle', 'value': 213}, 'value': '6.05'}]",True,,False,,,
1901403,SecondHalf,63,20.0,66,Pass,Successful,1290,Como,379615.0,Lucas da Cunha,72.2,41.2,61.7,36.6,,,,,"[{'type': {'displayName': 'LayOff', 'value': 156}}, {'type': {'displayName': 'Zone', 'value': 56}, 'value': 'Center'}, {'type': {'displayName': 'Angle', 'value': 213}, 'value': '3.42'}, {'type': {'displayName': 'PassEndX', 'value': 140}, 'value': '61.7'}, {'type': {'displayName': 'Length', 'value': 212}, 'value': '11.5'}, {'type': {'displayName': 'PassEndY', 'value': 141}, 'value': '36.6'}]",True,,False,,,
1901403,SecondHalf,63,22.0,66,Pass,Successful,1290,Como,448659.0,Nico Paz,64.4,37.0,81.1,51.1,,,,,"[{'type': {'displayName': 'PassEndY', 'value': 141}, 'value': '51.1'}, {'type': {'displayName': 'Throughball', 'value': 4}}, {'type': {'displayName': 'PassEndX', 'value': 140}, 'value': '81.1'}, {'type': {'displayName': 'Length', 'value': 212}, 'value': '20.0'}, {'type': {'displayName': 'Angle', 'value': 213}, 'value': '0.50'}, {'type': {'displayName': 'Zone', 'value': 56}, 'value': 'Center'}]",True,,False,,,
1901403,SecondHalf,63,25.0,66,Pass,Unsuccessful,1290,Como,407944.0,Martin Baturina,81.7,51.1,82.8,50.8,,,,,"[{'type': {'displayName': 'Length', 'value': 212}, 'value': '1.2'}, {'type': {'displayName': 'Angle', 'value': 213}, 'value': '6.11'}, {'type': {'displayName': 'PassEndY', 'value': 141}, 'value': '50.8'}, {'type': {'displayName': 'Zone', 'value': 56}, 'value': 'Center'}, {'type': {'displayName': 'Offensive', 'value': 286}}, {'type': {'displayName': 'OppositeRelatedEvent', 'value': 233}, 'value': '422'}, {'type': {'displayName': 'PassEndX', 'value': 140}, 'value': '82.8'}]",True,,False,,,
1901403,SecondHalf,63,25.0,66,BlockedPass,Successful,276,Napoli,295358.0,Amir Rrahmani,17.2,49.2,,,,,,,"[{'type': {'displayName': 'OppositeRelatedEvent', 'value': 233}, 'value': '636'}, {'type': {'displayName': 'Defensive', 'value': 285}}, {'type': {'displayName': 'Zone', 'value': 56}, 'value': 'Back'}]",True,,False,,,
1901403,SecondHalf,63,27.0,66,SavedShot,Successful,1290,Como,407944.0,Martin Baturina,86.7,48.5,,,48.7,5.1,98.1,49.3,"[{'type': {'displayName': 'RegularPlay', 'value': 22}}, {'type': {'displayName': 'LowCentre', 'value': 78}}, {'type': {'displayName': 'BlockedX', 'value': 146}, 'value': '98.1'}, {'type': {'displayName': 'BlockedY', 'value': 147}, 'value': '49.3'}, {'type': {'displayName': 'Zone', 'value': 56}, 'value': 'Center'}, {'type': {'displayName': 'BoxCentre', 'value': 17}}, {'type': {'displayName': 'OppositeRelatedEvent', 'value': 233}, 'value': '423'}, {'type': {'displayName': 'GoalMouthZ', 'value': 103}, 'value': '5.1'}, {'type': {'displayName': 'RightFoot', 'value': 20}}, {'type': {'displayName': 'GoalMouthY', 'value': 102}, 'value': '48.7'}]",True,True,False,,,
1901403,SecondHalf,63,27.0,66,Save,Successful,276,Napoli,149474.0,Vanja Milinkovic-Savic,3.1,50.3,,,,,,,"[{'type': {'displayName': 'OppositeRelatedEvent', 'value': 233}, 'value': '637'}, {'type': {'displayName': 'Hands', 'value': 182}}, {'type': {'displayName': 'ParriedDanger', 'value': 174}}, {'type': {'displayName': 'DivingSave', 'value': 179}}, {'type': {'displayName': 'Zone', 'value': 56}, 'value': 'Back'}, {'type': {'displayName': 'KeeperSaveInTheBox', 'value': 11115}}]",True,,False,,,
1901403,SecondHalf,63,29.0,66,KeeperPickup,Successful,276,Napoli,149474.0,Vanja Milinkovic-Savic,2.3,57.7,,,,,,,[],False,,False,,,
1901403,SecondHalf,63,36.0,66,Pass,Successful,276,Napoli,149474.0,Vanja Milinkovic-Savic,6.5,57.0,17.3,83.4,,,,,"[{'type': {'displayName': 'KeeperThrow', 'value': 123}}, {'type': {'displayName': 'Angle', 'value': 213}, 'value': '1.01'}, {'type': {'displayName': 'Length', 'value': 212}, 'value': '21.2'}, {'type': {'displayName': 'PassEndX', 'value': 140}, 'value': '17.3'}, {'type': {'displayName': 'PassEndY', 'value': 141}, 'value': '83.4'}, {'type': {'displayName': 'Zone', 'value': 56}, 'value': 'Back'}]",True,,False,,,
1901403,SecondHalf,63,44.0,66,Pass,Successful,276,Napoli,395788.0,Miguel Gutiérrez,61.9,82.6,69.0,94.3,,,,,"[{'type': {'displayName': 'Zone', 'value': 56}, 'value': 'Left'}, {'type': {'displayName': 'Angle', 'value': 213}, 'value': '0.82'}, {'type': {'displayName': 'Length', 'value': 212}, 'value': '10.9'}, {'type': {'displayName': 'PassEndX', 'value': 140}, 'value': '69.0'}, {'type': {'displayName': 'PassEndY', 'value': 141}, 'value': '94.3'}]",True,,False,,,
1901403,SecondHalf,63,51.0,66,Pass,Successful,276,Napoli,557549.0,Alisson Santos,60.3,87.4,42.4,76.8,,,,,"[{'type': {'displayName': 'PassEndX', 'value': 140}, 'value': '42.4'}, {'type': {'displayName': 'Length', 'value': 212}, 'value': '20.1'}, {'type': {'displayName': 'PassEndY', 'value': 141}, 'value': '76.8'}, {'type': {'displayName': 'Angle', 'value': 213}, 'value': '3.51'}, {'type': {'displayName': 'Zone', 'value': 56}, 'value': 'Back'}]",True,,False,,,
1901403,SecondHalf,63,54.0,66,Pass,Successful,276,Napoli,333373.0,Alessandro Buongiorno,44.4,72.3,39.4,40.8,,,,,"[{'type': {'displayName': 'PassEndX', 'value': 140}, 'value': '39.4'}, {'type': {'displayName': 'PassEndY', 'value': 141}, 'value': '40.8'}, {'type': {'displayName': 'Length', 'value': 212}, 'value': '22.1'}, {'type': {'displayName': 'Angle', 'value': 213}, 'value': '4.47'}, {'type': {'displayName': 'Zone', 'value': 56}, 'value': 'Back'}]",True,,False,,,
1901403,SecondHalf,63,56.0,66,Pass,Successful,276,Napoli,295358.0,Amir Rrahmani,39.4,40.8,43.5,21.1,,,,,"[{'type': {'displayName': 'Zone', 'value': 56}, 'value': 'Back'}, {'type': {'displayName': 'PassEndX', 'value': 140}, 'value': '43.5'}, {'type': {'displayName': 'PassEndY', 'value': 141}, 'value': '21.1'}, {'type': {'displayName': 'Angle', 'value': 213}, 'value': '5.02'}, {'type': {'displayName': 'Length', 'value': 212}, 'value': '14.1'}]",True,,False,,,
1901403,SecondHalf,63,58.0,66,Pass,Successful,276,Napoli,422739.0,Sam Beukema,39.5,13.1,48.9,30.1,,,,,"[{'type': {'displayName': 'Angle', 'value': 213}, 'value': '0.86'}, {'type': {'displayName': 'Zone', 'value': 56}, 'value': 'Back'}, {'type': {'displayName': 'Length', 'value': 212}, 'value': '15.2'}, {'type': {'displayName': 'PassEndX', 'value': 140}, 'value': '48.9'}, {'type': {'displayName': 'PassEndY', 'value': 141}, 'value': '30.1'}]",True,,False,,,
1901403,SecondHalf,63,59.0,66,Pass,Successful,276,Napoli,349561.0,Frank Anguissa,47.5,24.4,39.9,14.4,,,,,"[{'type': {'displayName': 'PassEndX', 'value': 140}, 'value': '39.9'}, {'type': {'displayName': 'PassEndY', 'value': 141}, 'value': '14.4'}, {'type': {'displayName': 'Zone', 'value': 56}, 'value': 'Back'}, {'type': {'displayName': 'LayOff', 'value': 156}}, {'type': {'displayName': 'Angle', 'value': 213}, 'value': '3.85'}, {'type': {'displayName': 'Length', 'value': 212}, 'value': '10.5'}]",True,,False,,,
1901403,SecondHalf,64,2.0,67,Pass,Successful,276,Napoli,422739.0,Sam Beukema,40.6,15.6,35.0,41.4,,,,,"[{'type': {'displayName': 'Angle', 'value': 213}, 'value': '1.89'}, {'type': {'displayName': 'PassEndY', 'value': 141}, 'value': '41.4'}, {'type': {'displayName': 'Zone', 'value': 56}, 'value': 'Back'}, {'type': {'displayName': 'PassEndX', 'value': 140}, 'value': '35.0'}, {'type': {'displayName': 'Length', 'value': 212}, 'value': '18.5'}]",True,,False,,,
1901403,SecondHalf,64,4.0,67,Pass,Successful,276,Napoli,295358.0,Amir Rrahmani,35.0,41.4,35.6,76.3,,,,,"[{'type': {'displayName': 'Length', 'value': 212}, 'value': '23.7'}, {'type': {'displayName': 'PassEndX', 'value': 140}, 'value': '35.6'}, {'type': {'displayName': 'Zone', 'value': 56}, 'value': 'Back'}, {'type': {'displayName': 'Angle', 'value': 213}, 'value': '1.54'}, {'type': {'displayName': 'PassEndY', 'value': 141}, 'value': '76.3'}]",True,,False,,,
1901403,SecondHalf,64,6.0,67,Pass,Successful,276,Napoli,333373.0,Alessandro Buongiorno,37.1,77.4,55.4,85.3,,,,,"[{'type': {'displayName': 'PassEndY', 'value': 141}, 'value': '85.3'}, {'type': {'displayName': 'PassEndX', 'value': 140}, 'value': '55.4'}, {'type': {'displayName': 'Length', 'value': 212}, 'value': '20.0'}, {'type': {'displayName': 'Angle', 'value': 213}, 'value': '0.27'}, {'type': {'displayName': 'Zone', 'value': 56}, 'value': 'Left'}]",True,,False,,,
1901403,SecondHalf,64,8.0,67,Pass,Successful,276,Napoli,395788.0,Miguel Gutiérrez,57.7,88.6,64.5,94.5,,,,,"[{'type': {'displayName': 'Angle', 'value': 213}, 'value': '0.51'}, {'type': {'displayName': 'PassEndY', 'value': 141}, 'value': '94.5'}, {'type': {'displayName': 'Zone', 'value': 56}, 'value': 'Left'}, {'type': {'displayName': 'PassEndX', 'value': 140}, 'value': '64.5'}, {'type': {'displayName': 'Length', 'value': 212}, 'value': '8.2'}]",True,,False,,,
1901403,SecondHalf,64,9.0,67,Pass,Successful,276,Napoli,557549.0,Alisson Santos,64.9,93.7,46.3,82.5,,,,,"[{'type': {'displayName': 'PassEndY', 'value': 141}, 'value': '82.5'}, {'type': {'displayName': 'Length', 'value': 212}, 'value': '21.0'}, {'type': {'displayName': 'PassEndX', 'value': 140}, 'value': '46.3'}, {'type': {'displayName': 'Angle', 'value': 213}, 'value': '3.51'}, {'type': {'displayName': 'Zone', 'value': 56}, 'value': 'Back'}]",True,,False,,,
1901403,SecondHalf,64,13.0,67,Pass,Successful,276,Napoli,333373.0,Alessandro Buongiorno,54.8,80.5,65.0,93.3,,,,,"[{'type': {'displayName': 'Angle', 'value': 213}, 'value': '0.68'}, {'type': {'displayName': 'PassEndX', 'value': 140}, 'value': '65.0'}, {'type': {'displayName': 'Zone', 'value': 56}, 'value': 'Left'}, {'type': {'displayName': 'PassEndY', 'value': 141}, 'value': '93.3'}, {'type': {'displayName': 'Length', 'value': 212}, 'value': '13.8'}]",True,,False,,,
1901403,SecondHalf,64,17.0,67,Pass,Successful,276,Napoli,395788.0,Miguel Gutiérrez,55.3,81.4,44.3,49.3,,,,,"[{'type': {'displayName': 'PassEndY', 'value': 141}, 'value': '49.3'}, {'type': {'displayName': 'Angle', 'value': 213}, 'value': '4.23'}, {'type': {'displayName': 'PassEndX', 'value': 140}, 'value': '44.3'}, {'type': {'displayName': 'Length', 'value': 212}, 'value': '24.7'}, {'type': {'displayName': 'Zone', 'value': 56}, 'value': 'Back'}]",True,,False,,,
1901403,SecondHalf,64,21.0,67,Pass,Successful,276,Napoli,295358.0,Amir Rrahmani,46.2,46.2,49.6,38.5,,,,,"[{'type': {'displayName': 'PassEndY', 'value': 141}, 'value': '38.5'}, {'type': {'displayName': 'Zone', 'value': 56}, 'value': 'Back'}, {'type': {'displayName': 'PassEndX', 'value': 140}, 'value': '49.6'}, {'type': {'displayName': 'Angle', 'value': 213}, 'value': '5.31'}, {'type': {'displayName': 'Length', 'value': 212}, 'value': '6.3'}]",True,,False,,,
1901403,SecondHalf,64,24.0,67,Pass,Successful,276,Napoli,336915.0,Scott McTominay,52.7,36.6,52.1,14.8,,,,,"[{'type': {'displayName': 'Length', 'value': 212}, 'value': '14.8'}, {'type': {'displayName': 'PassEndX', 'value': 140}, 'value': '52.1'}, {'type': {'displayName': 'PassEndY', 'value': 141}, 'value': '14.8'}, {'type': {'displayName': 'Zone', 'value': 56}, 'value': 'Right'}, {'type': {'displayName': 'Angle', 'value': 213}, 'value': '4.67'}]",True,,False,,,
1901403,SecondHalf,64,29.0,67,Pass,Successful,276,Napoli,422739.0,Sam Beukema,47.4,34.2,41.9,40.6,,,,,"[{'type': {'displayName': 'Angle', 'value': 213}, 'value': '2.50'}, {'type': {'displayName': 'PassEndY', 'value': 141}, 'value': '40.6'}, {'type': {'displayName': 'Zone', 'value': 56}, 'value': 'Back'}, {'type': {'displayName': 'PassEndX', 'value': 140}, 'value': '41.9'}, {'type': {'displayName': 'Length', 'value': 212}, 'value': '7.2'}]",True,,False,,,
1901403,SecondHalf,64,33.0,67,Pass,Unsuccessful,276,Napoli,295358.0,Amir Rrahmani,44.5,41.7,82.8,70.9,,,,,"[{'type': {'displayName': 'Chipped', 'value': 155}}, {'type': {'displayName': 'PassEndY', 'value': 141}, 'value': '70.9'}, {'type': {'displayName': 'PassEndX', 'value': 140}, 'value': '82.8'}, {'type': {'displayName': 'Length', 'value': 212}, 'value': '44.8'}, {'type': {'displayName': 'Zone', 'value': 56}, 'value': 'Center'}, {'type': {'displayName': 'Longball', 'value': 1}}, {'type': {'displayName': 'Angle', 'value': 213}, 'value': '0.46'}]",True,,False,,,
1901403,SecondHalf,64,35.0,67,Pass,Successful,1290,Como,531127.0,Ivan Smolcic,19.1,28.2,6.5,39.3,,,,,"[{'type': {'displayName': 'PassEndY', 'value': 141}, 'value': '39.3'}, {'type': {'displayName': 'Angle', 'value': 213}, 'value': '2.62'}, {'type': {'displayName': 'Length', 'value': 212}, 'value': '15.2'}, {'type': {'displayName': 'Zone', 'value': 56}, 'value': 'Back'}, {'type': {'displayName': 'PassEndX', 'value': 140}, 'value': '6.5'}]",True,,False,,,
1901403,SecondHalf,64,37.0,67,BallRecovery,Successful,1290,Como,256536.0,Jean Butez,6.5,39.3,,,,,,,[],False,,False,,,
1901403,SecondHalf,64,50.0,67,Pass,Successful,1290,Como,256536.0,Jean Butez,14.2,52.8,25.0,59.5,,,,,"[{'type': {'displayName': 'PassEndX', 'value': 140}, 'value': '25.0'}, {'type': {'displayName': 'Length', 'value': 212}, 'value': '12.2'}, {'type': {'displayName': 'Zone', 'value': 56}, 'value': 'Back'}, {'type': {'displayName': 'Angle', 'value': 213}, 'value': '0.38'}, {'type': {'displayName': 'PassEndY', 'value': 141}, 'value': '59.5'}]",True,,False,,,
1901403,SecondHalf,64,51.0,67,Pass,Successful,1290,Como,433972.0,Máximo Perrone,25.0,59.5,26.0,30.1,,,,,"[{'type': {'displayName': 'Angle', 'value': 213}, 'value': '4.76'}, {'type': {'displayName': 'PassEndY', 'value': 141}, 'value': '30.1'}, {'type': {'displayName': 'Zone', 'value': 56}, 'value': 'Back'}, {'type': {'displayName': 'PassEndX', 'value': 140}, 'value': '26.0'}, {'type': {'displayName': 'Length', 'value': 212}, 'value': '20.0'}]",True,,False,,,
1901403,SecondHalf,64,54.0,67,Pass,Successful,1290,Como,516374.0,Jacobo Ramón,26.1,30.1,32.9,36.9,,,,,"[{'type': {'displayName': 'Length', 'value': 212}, 'value': '8.5'}, {'type': {'displayName': 'PassEndX', 'value': 140}, 'value': '32.9'}, {'type': {'displayName': 'PassEndY', 'value': 141}, 'value': '36.9'}, {'type': {'displayName': 'Zone', 'value': 56}, 'value': 'Back'}, {'type': {'displayName': 'Angle', 'value': 213}, 'value': '0.57'}]",True,,False,,,
1901403,SecondHalf,64,56.0,67,Pass,Successful,1290,Como,448659.0,Nico Paz,32.9,36.9,30.8,7.9,,,,,"[{'type': {'displayName': 'Length', 'value': 212}, 'value': '19.8'}, {'type': {'displayName': 'Angle', 'value': 213}, 'value': '4.60'}, {'type': {'displayName': 'PassEndX', 'value': 140}, 'value': '30.8'}, {'type': {'displayName': 'PassEndY', 'value': 141}, 'value': '7.9'}, {'type': {'displayName': 'Zone', 'value': 56}, 'value': 'Back'}]",True,,False,,,
1901403,SecondHalf,64,58.0,67,Pass,Successful,1290,Como,379615.0,Lucas da Cunha,30.8,7.9,53.5,6.9,,,,,"[{'type': {'displayName': 'PassEndX', 'value': 140}, 'value': '53.5'}, {'type': {'displayName': 'Zone', 'value': 56}, 'value': 'Right'}, {'type': {'displayName': 'Length', 'value': 212}, 'value': '23.8'}, {'type': {'displayName': 'Angle', 'value': 213}, 'value': '6.25'}, {'type': {'displayName': 'PassEndY', 'value': 141}, 'value': '6.9'}]",True,,False,,,
1901403,SecondHalf,65,1.0,68,Challenge,Unsuccessful,276,Napoli,333373.0,Alessandro Buongiorno,40.4,77.8,,,,,,,"[{'type': {'displayName': 'Defensive', 'value': 285}}, {'type': {'displayName': 'OppositeRelatedEvent', 'value': 233}, 'value': '647'}, {'type': {'displayName': 'Zone', 'value': 56}, 'value': 'Back'}]",False,,False,,,
1901403,SecondHalf,65,1.0,68,TakeOn,Successful,1290,Como,502427.0,Assane Diao,59.6,22.2,,,,,,,"[{'type': {'displayName': 'Offensive', 'value': 286}}, {'type': {'displayName': 'OppositeRelatedEvent', 'value': 233}, 'value': '444'}, {'type': {'displayName': 'Zone', 'value': 56}, 'value': 'Center'}]",True,,False,,,
1901403,SecondHalf,65,3.0,68,TakeOn,Unsuccessful,1290,Como,502427.0,Assane Diao,55.3,36.6,,,,,,,"[{'type': {'displayName': 'Offensive', 'value': 286}}, {'type': {'displayName': 'OverRun', 'value': 211}}, {'type': {'displayName': 'Zone', 'value': 56}, 'value': 'Center'}]",True,,False,,,
1901403,SecondHalf,65,4.0,68,Pass,Successful,276,Napoli,336915.0,Scott McTominay,47.7,47.7,24.9,23.8,,,,,"[{'type': {'displayName': 'PassEndY', 'value': 141}, 'value': '23.8'}, {'type': {'displayName': 'Length', 'value': 212}, 'value': '28.9'}, {'type': {'displayName': 'Zone', 'value': 56}, 'value': 'Back'}, {'type': {'displayName': 'Angle', 'value': 213}, 'value': '3.74'}, {'type': {'displayName': 'PassEndX', 'value': 140}, 'value': '24.9'}]",True,,False,,,
1901403,SecondHalf,65,7.0,68,BallRecovery,Successful,276,Napoli,122683.0,Matteo Politano,25.4,23.5,,,,,,,[],False,,False,,,
1901403,SecondHalf,65,7.0,68,Pass,Successful,276,Napoli,122683.0,Matteo Politano,25.4,23.5,9.0,38.4,,,,,"[{'type': {'displayName': 'Angle', 'value': 213}, 'value': '2.61'}, {'type': {'displayName': 'Zone', 'value': 56}, 'value': 'Back'}, {'type': {'displayName': 'Length', 'value': 212}, 'value': '20.0'}, {'type': {'displayName': 'PassEndX', 'value': 140}, 'value': '9.0'}, {'type': {'displayName': 'PassEndY', 'value': 141}, 'value': '38.4'}]",True,,False,,,
1901403,SecondHalf,65,9.0,68,Pass,Successful,276,Napoli,149474.0,Vanja Milinkovic-Savic,8.1,38.4,20.5,28.8,,,,,"[{'type': {'displayName': 'PassEndX', 'value': 140}, 'value': '20.5'}, {'type': {'displayName': 'Angle', 'value': 213}, 'value': '5.82'}, {'type': {'displayName': 'PassEndY', 'value': 141}, 'value': '28.8'}, {'type': {'displayName': 'Length', 'value': 212}, 'value': '14.6'}, {'type': {'displayName': 'Zone', 'value': 56}, 'value': 'Back'}]",True,,False,,,
1901403,SecondHalf,65,12.0,68,Pass,Successful,276,Napoli,422739.0,Sam Beukema,22.5,24.6,28.5,24.3,,,,,"[{'type': {'displayName': 'Zone', 'value': 56}, 'value': 'Back'}, {'type': {'displayName': 'Length', 'value': 212}, 'value': '6.3'}, {'type': {'displayName': 'PassEndX', 'value': 140}, 'value': '28.5'}, {'type': {'displayName': 'PassEndY', 'value': 141}, 'value': '24.3'}, {'type': {'displayName': 'Angle', 'value': 213}, 'value': '6.25'}]",True,,False,,,
1901403,SecondHalf,65,14.0,68,Pass,Successful,276,Napoli,349561.0,Frank Anguissa,32.0,23.8,39.4,8.8,,,,,"[{'type': {'displayName': 'Zone', 'value': 56}, 'value': 'Back'}, {'type': {'displayName': 'Angle', 'value': 213}, 'value': '5.36'}, {'type': {'displayName': 'PassEndY', 'value': 141}, 'value': '8.8'}, {'type': {'displayName': 'PassEndX', 'value': 140}, 'value': '39.4'}, {'type': {'displayName': 'Length', 'value': 212}, 'value': '12.8'}]",True,,False,,,
1901403,SecondHalf,65,17.0,68,Pass,Successful,276,Napoli,336915.0,Scott McTominay,39.6,8.2,36.0,18.0,,,,,"[{'type': {'displayName': 'PassEndY', 'value': 141}, 'value': '18.0'}, {'type': {'displayName': 'PassEndX', 'value': 140}, 'value': '36.0'}, {'type': {'displayName': 'Angle', 'value': 213}, 'value': '2.09'}, {'type': {'displayName': 'Length', 'value': 212}, 'value': '7.7'}, {'type': {'displayName': 'Zone', 'value': 56}, 'value': 'Back'}]",True,,False,,,
1901403,SecondHalf,65,20.0,68,Foul,Successful,276,Napoli,349561.0,Frank Anguissa,39.0,14.6,,,,,,,"[{'type': {'displayName': 'OppositeRelatedEvent', 'value': 233}, 'value': '649'}, {'type': {'displayName': 'Foul', 'value': 13}}, {'type': {'displayName': 'Offensive', 'value': 286}}, {'type': {'displayName': 'Zone', 'value': 56}, 'value': 'Back'}]",True,,False,,,
1901403,SecondHalf,65,20.0,68,Foul,Unsuccessful,1290,Como,448659.0,Nico Paz,61.0,85.4,,,,,,,"[{'type': {'displayName': 'Zone', 'value': 56}, 'value': 'Left'}, {'type': {'displayName': 'StandingSave', 'value': 178}}, {'type': {'displayName': 'Defensive', 'value': 285}}, {'type': {'displayName': 'Foul', 'value': 13}}, {'type': {'displayName': 'OppositeRelatedEvent', 'value': 233}, 'value': '452'}]",False,,False,,,
1901403,SecondHalf,65,51.0,68,Pass,Successful,276,Napoli,295358.0,Amir Rrahmani,35.6,19.9,34.0,35.5,,,,,"[{'type': {'displayName': 'Zone', 'value': 56}, 'value': 'Back'}, {'type': {'displayName': 'Length', 'value': 212}, 'value': '10.7'}, {'type': {'displayName': 'PassEndY', 'value': 141}, 'value': '35.5'}, {'type': {'displayName': 'Angle', 'value': 213}, 'value': '1.73'}, {'type': {'displayName': 'PassEndX', 'value': 140}, 'value': '34.0'}, {'type': {'displayName': 'FreekickTaken', 'value': 5}}]",True,,False,,,
1901403,SecondHalf,65,53.0,68,Pass,Successful,276,Napoli,111892.0,Stanislav Lobotka,34.0,35.5,31.9,22.8,,,,,"[{'type': {'displayName': 'Length', 'value': 212}, 'value': '8.9'}, {'type': {'displayName': 'Angle', 'value': 213}, 'value': '4.46'}, {'type': {'displayName': 'Zone', 'value': 56}, 'value': 'Back'}, {'type': {'displayName': 'PassEndY', 'value': 141}, 'value': '22.8'}, {'type': {'displayName': 'PassEndX', 'value': 140}, 'value': '31.9'}]",True,,False,,,
1901403,SecondHalf,65,55.0,68,Pass,Successful,276,Napoli,295358.0,Amir Rrahmani,31.9,22.8,39.3,4.5,,,,,"[{'type': {'displayName': 'PassEndX', 'value': 140}, 'value': '39.3'}, {'type': {'displayName': 'PassEndY', 'value': 141}, 'value': '4.5'}, {'type': {'displayName': 'Length', 'value': 212}, 'value': '14.7'}, {'type': {'displayName': 'Zone', 'value': 56}, 'value': 'Back'}, {'type': {'displayName': 'Angle', 'value': 213}, 'value': '5.27'}]",True,,False,,,
1901403,SecondHalf,65,57.0,68,Pass,Successful,276,Napoli,422739.0,Sam Beukema,32.8,4.8,20.0,15.3,,,,,"[{'type': {'displayName': 'PassEndY', 'value': 141}, 'value': '15.3'}, {'type': {'displayName': 'Length', 'value': 212}, 'value': '15.2'}, {'type': {'displayName': 'Angle', 'value': 213}, 'value': '2.65'}, {'type': {'displayName': 'PassEndX', 'value': 140}, 'value': '20.0'}, {'type': {'displayName': 'Zone', 'value': 56}, 'value': 'Back'}]",True,,False,,,
1901403,SecondHalf,65,59.0,68,Pass,Successful,276,Napoli,295358.0,Amir Rrahmani,19.8,15.1,12.1,56.2,,,,,"[{'type': {'displayName': 'Length', 'value': 212}, 'value': '29.1'}, {'type': {'displayName': 'PassEndX', 'value': 140}, 'value': '12.1'}, {'type': {'displayName': 'PassEndY', 'value': 141}, 'value': '56.2'}, {'type': {'displayName': 'Zone', 'value': 56}, 'value': 'Back'}, {'type': {'displayName': 'Angle', 'value': 213}, 'value': '1.85'}]",True,,False,,,
1901403,SecondHalf,66,3.0,69,Pass,Successful,276,Napoli,149474.0,Vanja Milinkovic-Savic,14.3,58.9,20.7,91.2,,,,,"[{'type': {'displayName': 'Length', 'value': 212}, 'value': '23.0'}, {'type': {'displayName': 'PassEndX', 'value': 140}, 'value': '20.7'}, {'type': {'displayName': 'PassEndY', 'value': 141}, 'value': '91.2'}, {'type': {'displayName': 'Zone', 'value': 56}, 'value': 'Back'}, {'type': {'displayName': 'Angle', 'value': 213}, 'value': '1.27'}]",True,,False,,,
1901403,SecondHalf,66,6.0,69,Pass,Successful,276,Napoli,333373.0,Alessandro Buongiorno,21.3,90.0,24.5,76.0,,,,,"[{'type': {'displayName': 'Length', 'value': 212}, 'value': '10.1'}, {'type': {'displayName': 'PassEndY', 'value': 141}, 'value': '76.0'}, {'type': {'displayName': 'Zone', 'value': 56}, 'value': 'Back'}, {'type': {'displayName': 'PassEndX', 'value': 140}, 'value': '24.5'}, {'type': {'displayName': 'Angle', 'value': 213}, 'value': '5.05'}]",True,,False,,,
1901403,SecondHalf,66,9.0,69,Pass,Successful,276,Napoli,111892.0,Stanislav Lobotka,21.4,74.4,29.4,45.6,,,,,"[{'type': {'displayName': 'PassEndY', 'value': 141}, 'value': '45.6'}, {'type': {'displayName': 'PassEndX', 'value': 140}, 'value': '29.4'}, {'type': {'displayName': 'Length', 'value': 212}, 'value': '21.3'}, {'type': {'displayName': 'Zone', 'value': 56}, 'value': 'Back'}, {'type': {'displayName': 'Angle', 'value': 213}, 'value': '5.12'}]",True,,False,,,
1901403,SecondHalf,66,10.0,69,Pass,Successful,276,Napoli,336915.0,Scott McTominay,29.4,45.6,22.2,34.3,,,,,"[{'type': {'displayName': 'PassEndY', 'value': 141}, 'value': '34.3'}, {'type': {'displayName': 'Angle', 'value': 213}, 'value': '3.94'}, {'type': {'displayName': 'Length', 'value': 212}, 'value': '10.8'}, {'type': {'displayName': 'LayOff', 'value': 156}}, {'type': {'displayName': 'PassEndX', 'value': 140}, 'value': '22.2'}, {'type': {'displayName': 'Zone', 'value': 56}, 'value': 'Back'}]",True,,False,,,
1901403,SecondHalf,66,13.0,69,Pass,Successful,276,Napoli,295358.0,Amir Rrahmani,17.9,23.5,30.8,3.1,,,,,"[{'type': {'displayName': 'PassEndY', 'value': 141}, 'value': '3.1'}, {'type': {'displayName': 'Angle', 'value': 213}, 'value': '5.49'}, {'type': {'displayName': 'Zone', 'value': 56}, 'value': 'Back'}, {'type': {'displayName': 'Length', 'value': 212}, 'value': '19.4'}, {'type': {'displayName': 'PassEndX', 'value': 140}, 'value': '30.8'}]",True,,False,,,
1901403,SecondHalf,66,16.0,69,Pass,Successful,276,Napoli,422739.0,Sam Beukema,30.9,3.1,42.5,3.3,,,,,"[{'type': {'displayName': 'PassEndX', 'value': 140}, 'value': '42.5'}, {'type': {'displayName': 'Length', 'value': 212}, 'value': '12.2'}, {'type': {'displayName': 'Zone', 'value': 56}, 'value': 'Back'}, {'type': {'displayName': 'PassEndY', 'value': 141}, 'value': '3.3'}, {'type': {'displayName': 'Angle', 'value': 213}, 'value': '0.01'}]",True,,False,,,
1901403,SecondHalf,66,18.0,69,Pass,Successful,276,Napoli,122683.0,Matteo Politano,35.1,15.1,35.4,32.4,,,,,"[{'type': {'displayName': 'PassEndY', 'value': 141}, 'value': '32.4'}, {'type': {'displayName': 'PassEndX', 'value': 140}, 'value': '35.4'}, {'type': {'displayName': 'Angle', 'value': 213}, 'value': '1.54'}, {'type': {'displayName': 'Length', 'value': 212}, 'value': '11.8'}, {'type': {'displayName': 'Zone', 'value': 56}, 'value': 'Back'}]",True,,False,,,
1901403,SecondHalf,66,19.0,69,Pass,Successful,276,Napoli,349561.0,Frank Anguissa,35.4,32.4,28.1,41.5,,,,,"[{'type': {'displayName': 'Zone', 'value': 56}, 'value': 'Back'}, {'type': {'displayName': 'Angle', 'value': 213}, 'value': '2.46'}, {'type': {'displayName': 'PassEndX', 'value': 140}, 'value': '28.1'}, {'type': {'displayName': 'Length', 'value': 212}, 'value': '9.9'}, {'type': {'displayName': 'PassEndY', 'value': 141}, 'value': '41.5'}]",True,,False,,,
1901403,SecondHalf,66,21.0,69,Pass,Successful,276,Napoli,111892.0,Stanislav Lobotka,29.9,42.6,34.7,82.2,,,,,"[{'type': {'displayName': 'Length', 'value': 212}, 'value': '27.4'}, {'type': {'displayName': 'Angle', 'value': 213}, 'value': '1.39'}, {'type': {'displayName': 'PassEndX', 'value': 140}, 'value': '34.7'}, {'type': {'displayName': 'PassEndY', 'value': 141}, 'value': '82.2'}, {'type': {'displayName': 'Zone', 'value': 56}, 'value': 'Back'}]",True,,False,,,
1901403,SecondHalf,66,25.0,69,Pass,Successful,276,Napoli,333373.0,Alessandro Buongiorno,47.5,91.6,57.1,97.0,,,,,"[{'type': {'displayName': 'Length', 'value': 212}, 'value': '10.7'}, {'type': {'displayName': 'PassEndX', 'value': 140}, 'value': '57.1'}, {'type': {'displayName': 'PassEndY', 'value': 141}, 'value': '97.0'}, {'type': {'displayName': 'Zone', 'value': 56}, 'value': 'Left'}, {'type': {'displayName': 'Angle', 'value': 213}, 'value': '0.35'}]",True,,False,,,
1901403,SecondHalf,66,29.0,69,Pass,Successful,276,Napoli,557549.0,Alisson Santos,56.3,95.8,59.0,83.7,,,,,"[{'type': {'displayName': 'PassEndY', 'value': 141}, 'value': '83.7'}, {'type': {'displayName': 'Length', 'value': 212}, 'value': '8.7'}, {'type': {'displayName': 'PassEndX', 'value': 140}, 'value': '59.0'}, {'type': {'displayName': 'Angle', 'value': 213}, 'value': '5.04'}, {'type': {'displayName': 'Zone', 'value': 56}, 'value': 'Left'}]",True,,False,,,
1901403,SecondHalf,66,30.0,69,Pass,Successful,276,Napoli,333373.0,Alessandro Buongiorno,55.0,84.3,42.8,73.8,,,,,"[{'type': {'displayName': 'PassEndX', 'value': 140}, 'value': '42.8'}, {'type': {'displayName': 'PassEndY', 'value': 141}, 'value': '73.8'}, {'type': {'displayName': 'Zone', 'value': 56}, 'value': 'Back'}, {'type': {'displayName': 'Length', 'value': 212}, 'value': '14.7'}, {'type': {'displayName': 'Angle', 'value': 213}, 'value': '3.65'}]",True,,False,,,
1901403,SecondHalf,66,33.0,69,Pass,Successful,276,Napoli,111892.0,Stanislav Lobotka,42.8,71.4,48.0,63.4,,,,,"[{'type': {'displayName': 'Angle', 'value': 213}, 'value': '5.50'}, {'type': {'displayName': 'Length', 'value': 212}, 'value': '7.7'}, {'type': {'displayName': 'PassEndY', 'value': 141}, 'value': '63.4'}, {'type': {'displayName': 'Zone', 'value': 56}, 'value': 'Back'}, {'type': {'displayName': 'PassEndX', 'value': 140}, 'value': '48.0'}]",True,,False,,,
1901403,SecondHalf,66,35.0,69,Pass,Successful,276,Napoli,349561.0,Frank Anguissa,48.6,63.7,43.9,72.1,,,,,"[{'type': {'displayName': 'Zone', 'value': 56}, 'value': 'Back'}, {'type': {'displayName': 'PassEndY', 'value': 141}, 'value': '72.1'}, {'type': {'displayName': 'Length', 'value': 212}, 'value': '7.5'}, {'type': {'displayName': 'PassEndX', 'value': 140}, 'value': '43.9'}, {'type': {'displayName': 'Angle', 'value': 213}, 'value': '2.28'}]",True,,False,,,
1901403,SecondHalf,66,38.0,69,Pass,Successful,276,Napoli,111892.0,Stanislav Lobotka,41.2,67.3,40.8,42.7,,,,,"[{'type': {'displayName': 'PassEndY', 'value': 141}, 'value': '42.7'}, {'type': {'displayName': 'Length', 'value': 212}, 'value': '16.7'}, {'type': {'displayName': 'Angle', 'value': 213}, 'value': '4.69'}, {'type': {'displayName': 'Zone', 'value': 56}, 'value': 'Back'}, {'type': {'displayName': 'PassEndX', 'value': 140}, 'value': '40.8'}]",True,,False,,,
1901403,SecondHalf,66,44.0,69,Pass,Successful,276,Napoli,295358.0,Amir Rrahmani,46.5,35.7,54.5,45.1,,,,,"[{'type': {'displayName': 'Angle', 'value': 213}, 'value': '0.65'}, {'type': {'displayName': 'PassEndY', 'value': 141}, 'value': '45.1'}, {'type': {'displayName': 'Zone', 'value': 56}, 'value': 'Center'}, {'type': {'displayName': 'PassEndX', 'value': 140}, 'value': '54.5'}, {'type': {'displayName': 'Length', 'value': 212}, 'value': '10.6'}]",True,,False,,,
1901403,SecondHalf,66,45.0,69,Pass,Successful,276,Napoli,336915.0,Scott McTominay,55.2,45.1,42.5,12.6,,,,,"[{'type': {'displayName': 'Zone', 'value': 56}, 'value': 'Back'}, {'type': {'displayName': 'PassEndX', 'value': 140}, 'value': '42.5'}, {'type': {'displayName': 'LayOff', 'value': 156}}, {'type': {'displayName': 'PassEndY', 'value': 141}, 'value': '12.6'}, {'type': {'displayName': 'Angle', 'value': 213}, 'value': '4.17'}, {'type': {'displayName': 'Length', 'value': 212}, 'value': '25.8'}]",True,,False,,,
1901403,SecondHalf,66,47.0,69,Pass,Successful,276,Napoli,422739.0,Sam Beukema,36.6,15.4,31.4,57.4,,,,,"[{'type': {'displayName': 'Length', 'value': 212}, 'value': '29.1'}, {'type': {'displayName': 'Angle', 'value': 213}, 'value': '1.76'}, {'type': {'displayName': 'PassEndY', 'value': 141}, 'value': '57.4'}, {'type': {'displayName': 'Zone', 'value': 56}, 'value': 'Back'}, {'type': {'displayName': 'PassEndX', 'value': 140}, 'value': '31.4'}]",True,,False,,,
1901403,SecondHalf,66,51.0,69,Pass,Successful,276,Napoli,111892.0,Stanislav Lobotka,29.7,61.3,36.6,90.6,,,,,"[{'type': {'displayName': 'PassEndX', 'value': 140}, 'value': '36.6'}, {'type': {'displayName': 'PassEndY', 'value': 141}, 'value': '90.6'}, {'type': {'displayName': 'Angle', 'value': 213}, 'value': '1.22'}, {'type': {'displayName': 'Length', 'value': 212}, 'value': '21.2'}, {'type': {'displayName': 'Zone', 'value': 56}, 'value': 'Back'}]",True,,False,,,
1901403,SecondHalf,66,53.0,69,Pass,Successful,276,Napoli,333373.0,Alessandro Buongiorno,36.5,93.0,48.0,92.7,,,,,"[{'type': {'displayName': 'Angle', 'value': 213}, 'value': '6.27'}, {'type': {'displayName': 'Zone', 'value': 56}, 'value': 'Back'}, {'type': {'displayName': 'PassEndX', 'value': 140}, 'value': '48.0'}, {'type': {'displayName': 'Length', 'value': 212}, 'value': '12.1'}, {'type': {'displayName': 'PassEndY', 'value': 141}, 'value': '92.7'}]",True,,False,,,
1901403,SecondHalf,66,55.0,69,Pass,Successful,276,Napoli,395788.0,Miguel Gutiérrez,43.2,91.6,37.6,92.4,,,,,"[{'type': {'displayName': 'PassEndY', 'value': 141}, 'value': '92.4'}, {'type': {'displayName': 'Angle', 'value': 213}, 'value': '3.05'}, {'type': {'displayName': 'PassEndX', 'value': 140}, 'value': '37.6'}, {'type': {'displayName': 'Length', 'value': 212}, 'value': '5.9'}, {'type': {'displayName': 'Zone', 'value': 56}, 'value': 'Back'}]",True,,False,,,
1901403,SecondHalf,66,57.0,69,Pass,Unsuccessful,276,Napoli,333373.0,Alessandro Buongiorno,38.2,92.4,60.9,80.4,,,,,"[{'type': {'displayName': 'Length', 'value': 212}, 'value': '25.2'}, {'type': {'displayName': 'PassEndX', 'value': 140}, 'value': '60.9'}, {'type': {'displayName': 'PassEndY', 'value': 141}, 'value': '80.4'}, {'type': {'displayName': 'Angle', 'value': 213}, 'value': '5.95'}, {'type': {'displayName': 'Zone', 'value': 56}, 'value': 'Left'}]",True,,False,,,
1901403,SecondHalf,67,0.0,70,Interception,Successful,1290,Como,516374.0,Jacobo Ramón,39.1,19.6,,,,,,,"[{'type': {'displayName': 'Zone', 'value': 56}, 'value': 'Back'}]",True,,False,,,
1901403,SecondHalf,67,1.0,70,BallRecovery,Successful,1290,Como,134984.0,Diego Carlos,32.8,32.4,,,,,,,[],False,,False,,,
1901403,SecondHalf,67,2.0,70,Pass,Unsuccessful,1290,Como,134984.0,Diego Carlos,32.8,32.4,88.8,13.2,,,,,"[{'type': {'displayName': 'PassEndY', 'value': 141}, 'value': '13.2'}, {'type': {'displayName': 'PassEndX', 'value': 140}, 'value': '88.8'}, {'type': {'displayName': 'Angle', 'value': 213}, 'value': '6.06'}, {'type': {'displayName': 'Zone', 'value': 56}, 'value': 'Right'}, {'type': {'displayName': 'Chipped', 'value': 155}}, {'type': {'displayName': 'Longball', 'value': 1}}, {'type': {'displayName': 'Length', 'value': 212}, 'value': '60.2'}]",True,,False,,,
1901403,SecondHalf,67,6.0,70,Foul,Successful,276,Napoli,111892.0,Stanislav Lobotka,12.2,86.6,,,,,,,"[{'type': {'displayName': 'Foul', 'value': 13}}, {'type': {'displayName': 'OppositeRelatedEvent', 'value': 233}, 'value': '654'}, {'type': {'displayName': 'Defensive', 'value': 285}}, {'type': {'displayName': 'Zone', 'value': 56}, 'value': 'Back'}]",True,,False,,,
1901403,SecondHalf,67,6.0,70,Foul,Unsuccessful,1290,Como,422873.0,Tasos Douvikas,87.8,13.4,,,,,,,"[{'type': {'displayName': 'OppositeRelatedEvent', 'value': 233}, 'value': '481'}, {'type': {'displayName': 'StandingSave', 'value': 178}}, {'type': {'displayName': 'Zone', 'value': 56}, 'value': 'Right'}, {'type': {'displayName': 'Foul', 'value': 13}}, {'type': {'displayName': 'Offensive', 'value': 286}}]",False,,False,,,
1901403,SecondHalf,67,44.0,70,Pass,Unsuccessful,276,Napoli,149474.0,Vanja Milinkovic-Savic,10.5,82.3,72.9,52.2,,,,,"[{'type': {'displayName': 'Zone', 'value': 56}, 'value': 'Center'}, {'type': {'displayName': 'Longball', 'value': 1}}, {'type': {'displayName': 'Length', 'value': 212}, 'value': '68.6'}, {'type': {'displayName': 'Angle', 'value': 213}, 'value': '5.98'}, {'type': {'displayName': 'PassEndY', 'value': 141}, 'value': '52.2'}, {'type': {'displayName': 'FreekickTaken', 'value': 5}}, {'type': {'displayName': 'PassEndX', 'value': 140}, 'value': '72.9'}]",True,,False,,,
1901403,SecondHalf,67,47.0,70,Aerial,Successful,1290,Como,134984.0,Diego Carlos,27.1,47.8,,,,,,,"[{'type': {'displayName': 'Zone', 'value': 56}, 'value': 'Back'}, {'type': {'displayName': 'Defensive', 'value': 285}}, {'type': {'displayName': 'OppositeRelatedEvent', 'value': 233}, 'value': '483'}]",False,,False,,,
1901403,SecondHalf,67,47.0,70,Aerial,Unsuccessful,276,Napoli,439584.0,Rasmus Højlund,72.9,52.2,,,,,,,"[{'type': {'displayName': 'Zone', 'value': 56}, 'value': 'Center'}, {'type': {'displayName': 'OppositeRelatedEvent', 'value': 233}, 'value': '668'}, {'type': {'displayName': 'Offensive', 'value': 286}}]",False,,False,,,
1901403,SecondHalf,67,48.0,70,Pass,Successful,1290,Como,134984.0,Diego Carlos,27.1,47.8,33.3,43.9,,,,,"[{'type': {'displayName': 'PassEndY', 'value': 141}, 'value': '43.9'}, {'type': {'displayName': 'Angle', 'value': 213}, 'value': '5.90'}, {'type': {'displayName': 'Length', 'value': 212}, 'value': '7.0'}, {'type': {'displayName': 'Zone', 'value': 56}, 'value': 'Back'}, {'type': {'displayName': 'PassEndX', 'value': 140}, 'value': '33.3'}, {'type': {'displayName': 'HeadPass', 'value': 3}}]",True,,False,,,
1901403,SecondHalf,67,51.0,70,BallRecovery,Successful,1290,Como,379615.0,Lucas da Cunha,38.2,44.7,,,,,,,[],False,,False,,,
1901403,SecondHalf,67,52.0,70,Pass,Successful,1290,Como,379615.0,Lucas da Cunha,38.2,44.7,40.0,63.3,,,,,"[{'type': {'displayName': 'Length', 'value': 212}, 'value': '12.8'}, {'type': {'displayName': 'PassEndX', 'value': 140}, 'value': '40.0'}, {'type': {'displayName': 'PassEndY', 'value': 141}, 'value': '63.3'}, {'type': {'displayName': 'Angle', 'value': 213}, 'value': '1.42'}, {'type': {'displayName': 'Zone', 'value': 56}, 'value': 'Back'}]",True,,False,,,
1901403,SecondHalf,67,55.0,70,Pass,Successful,1290,Como,407944.0,Martin Baturina,34.4,68.2,23.6,60.9,,,,,"[{'type': {'displayName': 'Length', 'value': 212}, 'value': '12.4'}, {'type': {'displayName': 'PassEndY', 'value': 141}, 'value': '60.9'}, {'type': {'displayName': 'Angle', 'value': 213}, 'value': '3.55'}, {'type': {'displayName': 'Zone', 'value': 56}, 'value': 'Back'}, {'type': {'displayName': 'PassEndX', 'value': 140}, 'value': '23.6'}]",True,,False,,,
1901403,SecondHalf,67,58.0,70,Pass,Successful,1290,Como,134984.0,Diego Carlos,23.6,60.9,93.6,91.6,,,,,"[{'type': {'displayName': 'Chipped', 'value': 155}}, {'type': {'displayName': 'Angle', 'value': 213}, 'value': '0.28'}, {'type': {'displayName': 'Length', 'value': 212}, 'value': '76.4'}, {'type': {'displayName': 'Longball', 'value': 1}}, {'type': {'displayName': 'Zone', 'value': 56}, 'value': 'Left'}, {'type': {'displayName': 'PassEndY', 'value': 141}, 'value': '91.6'}, {'type': {'displayName': 'PassEndX', 'value': 140}, 'value': '93.6'}]",True,,False,,,
1901403,SecondHalf,68,8.0,71,Pass,Unsuccessful,1290,Como,454341.0,Álex Valle,94.9,94.8,94.3,93.4,,,,,"[{'type': {'displayName': 'PassEndX', 'value': 140}, 'value': '94.3'}, {'type': {'displayName': 'Length', 'value': 212}, 'value': '1.1'}, {'type': {'displayName': 'PassEndY', 'value': 141}, 'value': '93.4'}, {'type': {'displayName': 'Zone', 'value': 56}, 'value': 'Left'}, {'type': {'displayName': 'Angle', 'value': 213}, 'value': '4.13'}]",True,,False,,,
1901403,SecondHalf,68,8.0,71,BallTouch,Successful,276,Napoli,122683.0,Matteo Politano,5.1,2.8,,,,,,,"[{'type': {'displayName': 'Zone', 'value': 56}, 'value': 'Back'}]",True,,False,,,
1901403,SecondHalf,68,9.0,71,BallRecovery,Successful,276,Napoli,349561.0,Frank Anguissa,14.2,8.7,,,,,,,[],False,,False,,,
1901403,SecondHalf,68,11.0,71,Pass,Successful,276,Napoli,349561.0,Frank Anguissa,11.8,10.6,15.8,3.4,,,,,"[{'type': {'displayName': 'Zone', 'value': 56}, 'value': 'Back'}, {'type': {'displayName': 'Angle', 'value': 213}, 'value': '5.42'}, {'type': {'displayName': 'PassEndY', 'value': 141}, 'value': '3.4'}, {'type': {'displayName': 'Length', 'value': 212}, 'value': '6.5'}, {'type': {'displayName': 'PassEndX', 'value': 140}, 'value': '15.8'}]",True,,False,,,
1901403,SecondHalf,68,11.0,71,Pass,Successful,276,Napoli,122683.0,Matteo Politano,15.8,3.4,7.7,9.1,,,,,"[{'type': {'displayName': 'Length', 'value': 212}, 'value': '9.3'}, {'type': {'displayName': 'PassEndX', 'value': 140}, 'value': '7.7'}, {'type': {'displayName': 'PassEndY', 'value': 141}, 'value': '9.1'}, {'type': {'displayName': 'Zone', 'value': 56}, 'value': 'Back'}, {'type': {'displayName': 'Angle', 'value': 213}, 'value': '2.71'}]",True,,False,,,
1901403,SecondHalf,68,17.0,71,Dispossessed,Successful,276,Napoli,349561.0,Frank Anguissa,6.4,11.5,,,,,,,"[{'type': {'displayName': 'Defensive', 'value': 285}}, {'type': {'displayName': 'Zone', 'value': 56}, 'value': 'Back'}, {'type': {'displayName': 'OppositeRelatedEvent', 'value': 233}, 'value': '663'}]",True,,False,,,
1901403,SecondHalf,68,17.0,71,Tackle,Successful,1290,Como,454341.0,Álex Valle,93.6,88.5,,,,,,,"[{'type': {'displayName': 'Zone', 'value': 56}, 'value': 'Left'}, {'type': {'displayName': 'StandingSave', 'value': 178}}, {'type': {'displayName': 'OppositeRelatedEvent', 'value': 233}, 'value': '488'}, {'type': {'displayName': 'Offensive', 'value': 286}}]",True,,False,,,
1901403,SecondHalf,68,20.0,71,BallRecovery,Successful,1290,Como,454341.0,Álex Valle,90.6,79.3,,,,,,,[],False,,False,,,
1901403,SecondHalf,68,20.0,71,Pass,Unsuccessful,1290,Como,454341.0,Álex Valle,90.6,79.3,84.3,49.3,,,,,"[{'type': {'displayName': 'Length', 'value': 212}, 'value': '21.4'}, {'type': {'displayName': 'Zone', 'value': 56}, 'value': 'Center'}, {'type': {'displayName': 'PassEndY', 'value': 141}, 'value': '49.3'}, {'type': {'displayName': 'Angle', 'value': 213}, 'value': '4.40'}, {'type': {'displayName': 'PassEndX', 'value': 140}, 'value': '84.3'}]",True,,False,,,
1901403,SecondHalf,68,20.0,71,BallRecovery,Successful,276,Napoli,395788.0,Miguel Gutiérrez,14.8,40.6,,,,,,,[],False,,False,,,
1901403,SecondHalf,68,21.0,71,Pass,Successful,276,Napoli,395788.0,Miguel Gutiérrez,14.8,40.6,32.2,5.4,,,,,"[{'type': {'displayName': 'PassEndX', 'value': 140}, 'value': '32.2'}, {'type': {'displayName': 'PassEndY', 'value': 141}, 'value': '5.4'}, {'type': {'displayName': 'Length', 'value': 212}, 'value': '30.1'}, {'type': {'displayName': 'Angle', 'value': 213}, 'value': '5.36'}, {'type': {'displayName': 'Zone', 'value': 56}, 'value': 'Back'}]",True,,False,,,
1901403,SecondHalf,68,23.0,71,Pass,Successful,276,Napoli,422739.0,Sam Beukema,31.2,7.0,38.8,22.8,,,,,"[{'type': {'displayName': 'PassEndY', 'value': 141}, 'value': '22.8'}, {'type': {'displayName': 'PassEndX', 'value': 140}, 'value': '38.8'}, {'type': {'displayName': 'Length', 'value': 212}, 'value': '13.4'}, {'type': {'displayName': 'Zone', 'value': 56}, 'value': 'Back'}, {'type': {'displayName': 'Angle', 'value': 213}, 'value': '0.93'}]",True,,False,,,
1901403,SecondHalf,68,26.0,71,TakeOn,Unsuccessful,276,Napoli,336915.0,Scott McTominay,42.2,34.3,,,,,,,"[{'type': {'displayName': 'Zone', 'value': 56}, 'value': 'Back'}, {'type': {'displayName': 'Offensive', 'value': 286}}]",True,,False,,,
1901403,SecondHalf,68,27.0,71,Foul,Successful,276,Napoli,336915.0,Scott McTominay,45.0,35.2,,,,,,,"[{'type': {'displayName': 'Offensive', 'value': 286}}, {'type': {'displayName': 'Foul', 'value': 13}}, {'type': {'displayName': 'Zone', 'value': 56}, 'value': 'Back'}, {'type': {'displayName': 'OppositeRelatedEvent', 'value': 233}, 'value': '666'}]",True,,False,,,
1901403,SecondHalf,68,27.0,71,Foul,Unsuccessful,1290,Como,516374.0,Jacobo Ramón,55.0,64.8,,,,,,,"[{'type': {'displayName': 'Foul', 'value': 13}}, {'type': {'displayName': 'Zone', 'value': 56}, 'value': 'Center'}, {'type': {'displayName': 'Defensive', 'value': 285}}, {'type': {'displayName': 'OppositeRelatedEvent', 'value': 233}, 'value': '492'}, {'type': {'displayName': 'RelatedEventId', 'value': 55}, 'value': '667'}, {'type': {'displayName': 'StandingSave', 'value': 178}}]",False,,False,,667.0,516374.0
1901403,SecondHalf,68,29.0,71,Card,Successful,1290,Como,516374.0,Jacobo Ramón,0.0,0.0,,,,,,,"[{'type': {'displayName': 'Yellow', 'value': 31}}, {'type': {'displayName': 'RelatedEventId', 'value': 55}, 'value': '666'}, {'type': {'displayName': 'Foul', 'value': 13}, 'value': '243'}]",False,,False,Yellow,666.0,516374.0
1901403,SecondHalf,71,17.0,74,Pass,Successful,276,Napoli,295358.0,Amir Rrahmani,46.4,41.7,52.0,28.2,,,,,"[{'type': {'displayName': 'PassEndX', 'value': 140}, 'value': '52.0'}, {'type': {'displayName': 'Zone', 'value': 56}, 'value': 'Center'}, {'type': {'displayName': 'FreekickTaken', 'value': 5}}, {'type': {'displayName': 'Length', 'value': 212}, 'value': '10.9'}, {'type': {'displayName': 'Angle', 'value': 213}, 'value': '5.28'}, {'type': {'displayName': 'PassEndY', 'value': 141}, 'value': '28.2'}]",True,,False,,,
1901403,SecondHalf,71,19.0,74,Pass,Successful,276,Napoli,349561.0,Frank Anguissa,51.9,26.7,60.9,2.7,,,,,"[{'type': {'displayName': 'PassEndY', 'value': 141}, 'value': '2.7'}, {'type': {'displayName': 'Angle', 'value': 213}, 'value': '5.24'}, {'type': {'displayName': 'PassEndX', 'value': 140}, 'value': '60.9'}, {'type': {'displayName': 'Length', 'value': 212}, 'value': '18.9'}, {'type': {'displayName': 'Zone', 'value': 56}, 'value': 'Right'}]",True,,False,,,
1901403,SecondHalf,71,20.0,74,Pass,Successful,276,Napoli,422739.0,Sam Beukema,60.9,2.7,67.8,3.3,,,,,"[{'type': {'displayName': 'PassEndY', 'value': 141}, 'value': '3.3'}, {'type': {'displayName': 'Angle', 'value': 213}, 'value': '0.06'}, {'type': {'displayName': 'Length', 'value': 212}, 'value': '7.3'}, {'type': {'displayName': 'PassEndX', 'value': 140}, 'value': '67.8'}, {'type': {'displayName': 'Zone', 'value': 56}, 'value': 'Right'}]",True,,False,,,
1901403,SecondHalf,71,21.0,74,Pass,Unsuccessful,276,Napoli,122683.0,Matteo Politano,67.8,3.3,94.1,31.0,,,,,"[{'type': {'displayName': 'Length', 'value': 212}, 'value': '33.4'}, {'type': {'displayName': 'PassEndX', 'value': 140}, 'value': '94.1'}, {'type': {'displayName': 'PassEndY', 'value': 141}, 'value': '31.0'}, {'type': {'displayName': 'Angle', 'value': 213}, 'value': '0.60'}, {'type': {'displayName': 'Longball', 'value': 1}}, {'type': {'displayName': 'Zone', 'value': 56}, 'value': 'Center'}]",True,,False,,,
1901403,SecondHalf,71,25.0,74,BallRecovery,Successful,1290,Como,256536.0,Jean Butez,10.3,69.3,,,,,,,[],False,,False,,,
1901403,SecondHalf,71,27.0,74,Pass,Successful,1290,Como,256536.0,Jean Butez,10.3,69.3,14.3,40.9,,,,,"[{'type': {'displayName': 'PassEndY', 'value': 141}, 'value': '40.9'}, {'type': {'displayName': 'Angle', 'value': 213}, 'value': '4.93'}, {'type': {'displayName': 'Length', 'value': 212}, 'value': '19.8'}, {'type': {'displayName': 'Zone', 'value': 56}, 'value': 'Back'}, {'type': {'displayName': 'PassEndX', 'value': 140}, 'value': '14.3'}]",True,,False,,,
1901403,SecondHalf,71,32.0,74,Pass,Successful,1290,Como,516374.0,Jacobo Ramón,26.4,33.7,29.3,14.4,,,,,"[{'type': {'displayName': 'Zone', 'value': 56}, 'value': 'Back'}, {'type': {'displayName': 'Angle', 'value': 213}, 'value': '4.94'}, {'type': {'displayName': 'PassEndY', 'value': 141}, 'value': '14.4'}, {'type': {'displayName': 'Length', 'value': 212}, 'value': '13.5'}, {'type': {'displayName': 'PassEndX', 'value': 140}, 'value': '29.3'}]",True,,False,,,
1901403,SecondHalf,71,37.0,74,Pass,Successful,1290,Como,379615.0,Lucas da Cunha,30.8,20.4,29.2,47.5,,,,,"[{'type': {'displayName': 'PassEndY', 'value': 141}, 'value': '47.5'}, {'type': {'displayName': 'Angle', 'value': 213}, 'value': '1.66'}, {'type': {'displayName': 'Length', 'value': 212}, 'value': '18.5'}, {'type': {'displayName': 'Zone', 'value': 56}, 'value': 'Back'}, {'type': {'displayName': 'PassEndX', 'value': 140}, 'value': '29.2'}]",True,,False,,,
1901403,SecondHalf,71,39.0,74,Pass,Successful,1290,Como,433972.0,Máximo Perrone,29.2,47.5,6.7,55.0,,,,,"[{'type': {'displayName': 'Zone', 'value': 56}, 'value': 'Back'}, {'type': {'displayName': 'Length', 'value': 212}, 'value': '24.2'}, {'type': {'displayName': 'Angle', 'value': 213}, 'value': '2.93'}, {'type': {'displayName': 'PassEndX', 'value': 140}, 'value': '6.7'}, {'type': {'displayName': 'PassEndY', 'value': 141}, 'value': '55.0'}]",True,,False,,,
1901403,SecondHalf,71,41.0,74,Pass,Successful,1290,Como,256536.0,Jean Butez,6.7,55.0,14.9,77.8,,,,,"[{'type': {'displayName': 'Length', 'value': 212}, 'value': '17.7'}, {'type': {'displayName': 'PassEndY', 'value': 141}, 'value': '77.8'}, {'type': {'displayName': 'Zone', 'value': 56}, 'value': 'Back'}, {'type': {'displayName': 'Angle', 'value': 213}, 'value': '1.06'}, {'type': {'displayName': 'PassEndX', 'value': 140}, 'value': '14.9'}]",True,,False,,,
1901403,SecondHalf,71,44.0,74,Pass,Successful,1290,Como,134984.0,Diego Carlos,15.2,78.4,26.7,88.5,,,,,"[{'type': {'displayName': 'Angle', 'value': 213}, 'value': '0.52'}, {'type': {'displayName': 'Length', 'value': 212}, 'value': '13.9'}, {'type': {'displayName': 'PassEndX', 'value': 140}, 'value': '26.7'}, {'type': {'displayName': 'PassEndY', 'value': 141}, 'value': '88.5'}, {'type': {'displayName': 'Zone', 'value': 56}, 'value': 'Back'}]",True,,False,,,
1901403,SecondHalf,71,46.0,74,Pass,Successful,1290,Como,454341.0,Álex Valle,26.7,88.5,32.6,92.7,,,,,"[{'type': {'displayName': 'PassEndX', 'value': 140}, 'value': '32.6'}, {'type': {'displayName': 'Zone', 'value': 56}, 'value': 'Back'}, {'type': {'displayName': 'Angle', 'value': 213}, 'value': '0.43'}, {'type': {'displayName': 'Length', 'value': 212}, 'value': '6.8'}, {'type': {'displayName': 'PassEndY', 'value': 141}, 'value': '92.7'}]",True,,False,,,
1901403,SecondHalf,71,48.0,74,Pass,Successful,1290,Como,448659.0,Nico Paz,33.0,92.2,40.8,85.3,,,,,"[{'type': {'displayName': 'Angle', 'value': 213}, 'value': '5.76'}, {'type': {'displayName': 'PassEndX', 'value': 140}, 'value': '40.8'}, {'type': {'displayName': 'Length', 'value': 212}, 'value': '9.4'}, {'type': {'displayName': 'PassEndY', 'value': 141}, 'value': '85.3'}, {'type': {'displayName': 'Zone', 'value': 56}, 'value': 'Back'}]",True,,False,,,
1901403,SecondHalf,71,50.0,74,Pass,Successful,1290,Como,433972.0,Máximo Perrone,42.2,87.3,44.7,93.9,,,,,"[{'type': {'displayName': 'Angle', 'value': 213}, 'value': '1.04'}, {'type': {'displayName': 'Zone', 'value': 56}, 'value': 'Back'}, {'type': {'displayName': 'PassEndX', 'value': 140}, 'value': '44.7'}, {'type': {'displayName': 'Length', 'value': 212}, 'value': '5.2'}, {'type': {'displayName': 'PassEndY', 'value': 141}, 'value': '93.9'}]",True,,False,,,
1901403,SecondHalf,71,52.0,74,Pass,Successful,1290,Como,448659.0,Nico Paz,51.1,93.6,62.4,77.2,,,,,"[{'type': {'displayName': 'PassEndX', 'value': 140}, 'value': '62.4'}, {'type': {'displayName': 'Length', 'value': 212}, 'value': '16.3'}, {'type': {'displayName': 'PassEndY', 'value': 141}, 'value': '77.2'}, {'type': {'displayName': 'Zone', 'value': 56}, 'value': 'Center'}, {'type': {'displayName': 'Angle', 'value': 213}, 'value': '5.53'}]",True,,False,,,
1901403,SecondHalf,71,55.0,74,Pass,Successful,1290,Como,422873.0,Tasos Douvikas,60.6,73.8,56.5,55.9,,,,,"[{'type': {'displayName': 'Zone', 'value': 56}, 'value': 'Center'}, {'type': {'displayName': 'Length', 'value': 212}, 'value': '12.9'}, {'type': {'displayName': 'PassEndX', 'value': 140}, 'value': '56.5'}, {'type': {'displayName': 'Angle', 'value': 213}, 'value': '4.37'}, {'type': {'displayName': 'PassEndY', 'value': 141}, 'value': '55.9'}]",True,,False,,,
1901403,SecondHalf,72,2.0,75,Pass,Successful,1290,Como,407944.0,Martin Baturina,67.3,41.7,80.7,6.3,,,,,"[{'type': {'displayName': 'Length', 'value': 212}, 'value': '27.9'}, {'type': {'displayName': 'PassEndY', 'value': 141}, 'value': '6.3'}, {'type': {'displayName': 'Zone', 'value': 56}, 'value': 'Right'}, {'type': {'displayName': 'PassEndX', 'value': 140}, 'value': '80.7'}, {'type': {'displayName': 'Angle', 'value': 213}, 'value': '5.24'}]",True,,False,,,
1901403,SecondHalf,72,7.0,75,TakeOn,Unsuccessful,1290,Como,502427.0,Assane Diao,81.6,13.6,,,,,,,"[{'type': {'displayName': 'Zone', 'value': 56}, 'value': 'Right'}, {'type': {'displayName': 'Offensive', 'value': 286}}, {'type': {'displayName': 'OppositeRelatedEvent', 'value': 233}, 'value': '499'}]",True,,False,,,
1901403,SecondHalf,72,7.0,75,Tackle,Unsuccessful,276,Napoli,557549.0,Alisson Santos,18.5,86.3,,,,,,,"[{'type': {'displayName': 'Defensive', 'value': 285}}, {'type': {'displayName': 'Zone', 'value': 56}, 'value': 'Back'}, {'type': {'displayName': 'OppositeRelatedEvent', 'value': 233}, 'value': '684'}, {'type': {'displayName': 'StandingSave', 'value': 178}}]",True,,False,,,
1901403,SecondHalf,72,10.0,75,BallTouch,Successful,1290,Como,502427.0,Assane Diao,83.3,12.3,,,,,,,"[{'type': {'displayName': 'Zone', 'value': 56}, 'value': 'Right'}]",True,,False,,,
1901403,SecondHalf,72,14.0,75,Pass,Successful,1290,Como,407944.0,Martin Baturina,87.5,31.8,87.1,22.6,,,,,"[{'type': {'displayName': 'PassEndY', 'value': 141}, 'value': '22.6'}, {'type': {'displayName': 'PassEndX', 'value': 140}, 'value': '87.1'}, {'type': {'displayName': 'Length', 'value': 212}, 'value': '6.3'}, {'type': {'displayName': 'Zone', 'value': 56}, 'value': 'Center'}, {'type': {'displayName': 'Angle', 'value': 213}, 'value': '4.65'}]",True,,False,,,
1901403,SecondHalf,72,17.0,75,Pass,Successful,1290,Como,531127.0,Ivan Smolcic,86.7,20.1,78.5,29.4,,,,,"[{'type': {'displayName': 'PassEndY', 'value': 141}, 'value': '29.4'}, {'type': {'displayName': 'Zone', 'value': 56}, 'value': 'Center'}, {'type': {'displayName': 'Angle', 'value': 213}, 'value': '2.51'}, {'type': {'displayName': 'Length', 'value': 212}, 'value': '10.7'}, {'type': {'displayName': 'PassEndX', 'value': 140}, 'value': '78.5'}]",True,,False,,,
1901403,SecondHalf,72,19.0,75,Pass,Successful,1290,Como,502427.0,Assane Diao,77.7,27.9,72.6,17.1,,,,,"[{'type': {'displayName': 'Length', 'value': 212}, 'value': '9.1'}, {'type': {'displayName': 'PassEndX', 'value': 140}, 'value': '72.6'}, {'type': {'displayName': 'Angle', 'value': 213}, 'value': '4.08'}, {'type': {'displayName': 'PassEndY', 'value': 141}, 'value': '17.1'}, {'type': {'displayName': 'Zone', 'value': 56}, 'value': 'Right'}]",True,,False,,,
1901403,SecondHalf,72,59.0,75,Pass,Successful,1290,Como,379615.0,Lucas da Cunha,68.2,11.9,52.8,48.1,,,,,"[{'type': {'displayName': 'Zone', 'value': 56}, 'value': 'Center'}, {'type': {'displayName': 'PassEndY', 'value': 141}, 'value': '48.1'}, {'type': {'displayName': 'Angle', 'value': 213}, 'value': '2.15'}, {'type': {'displayName': 'PassEndX', 'value': 140}, 'value': '52.8'}, {'type': {'displayName': 'Length', 'value': 212}, 'value': '29.5'}]",True,,False,,,
1901403,SecondHalf,73,0.0,76,Pass,Successful,1290,Como,433972.0,Máximo Perrone,57.1,53.1,65.1,76.0,,,,,"[{'type': {'displayName': 'Zone', 'value': 56}, 'value': 'Center'}, {'type': {'displayName': 'PassEndX', 'value': 140}, 'value': '65.1'}, {'type': {'displayName': 'Angle', 'value': 213}, 'value': '1.08'}, {'type': {'displayName': 'Length', 'value': 212}, 'value': '17.7'}, {'type': {'displayName': 'PassEndY', 'value': 141}, 'value': '76.0'}]",True,,False,,,
1901403,SecondHalf,73,2.0,76,Pass,Successful,1290,Como,407944.0,Martin Baturina,65.7,73.8,58.4,40.6,,,,,"[{'type': {'displayName': 'PassEndX', 'value': 140}, 'value': '58.4'}, {'type': {'displayName': 'Zone', 'value': 56}, 'value': 'Center'}, {'type': {'displayName': 'Length', 'value': 212}, 'value': '23.8'}, {'type': {'displayName': 'PassEndY', 'value': 141}, 'value': '40.6'}, {'type': {'displayName': 'Angle', 'value': 213}, 'value': '4.39'}]",True,,False,,,
1901403,SecondHalf,73,4.0,76,Pass,Successful,1290,Como,516374.0,Jacobo Ramón,58.0,37.0,64.7,15.0,,,,,"[{'type': {'displayName': 'Length', 'value': 212}, 'value': '16.5'}, {'type': {'displayName': 'Angle', 'value': 213}, 'value': '5.15'}, {'type': {'displayName': 'Zone', 'value': 56}, 'value': 'Right'}, {'type': {'displayName': 'PassEndY', 'value': 141}, 'value': '15.0'}, {'type': {'displayName': 'PassEndX', 'value': 140}, 'value': '64.7'}]",True,,False,,,
1901403,SecondHalf,73,6.0,76,Pass,Successful,1290,Como,379615.0,Lucas da Cunha,64.8,15.0,65.7,31.9,,,,,"[{'type': {'displayName': 'PassEndX', 'value': 140}, 'value': '65.7'}, {'type': {'displayName': 'PassEndY', 'value': 141}, 'value': '31.9'}, {'type': {'displayName': 'Angle', 'value': 213}, 'value': '1.49'}, {'type': {'displayName': 'Zone', 'value': 56}, 'value': 'Center'}, {'type': {'displayName': 'Length', 'value': 212}, 'value': '11.5'}]",True,,False,,,
1901403,SecondHalf,73,7.0,76,Pass,Successful,1290,Como,448659.0,Nico Paz,65.7,31.9,60.0,54.9,,,,,"[{'type': {'displayName': 'Zone', 'value': 56}, 'value': 'Center'}, {'type': {'displayName': 'PassEndY', 'value': 141}, 'value': '54.9'}, {'type': {'displayName': 'Angle', 'value': 213}, 'value': '1.94'}, {'type': {'displayName': 'Length', 'value': 212}, 'value': '16.7'}, {'type': {'displayName': 'PassEndX', 'value': 140}, 'value': '60.0'}]",True,,False,,,
1901403,SecondHalf,73,10.0,76,Pass,Successful,1290,Como,433972.0,Máximo Perrone,60.0,54.9,68.2,53.1,,,,,"[{'type': {'displayName': 'PassEndY', 'value': 141}, 'value': '53.1'}, {'type': {'displayName': 'Angle', 'value': 213}, 'value': '6.14'}, {'type': {'displayName': 'Length', 'value': 212}, 'value': '8.7'}, {'type': {'displayName': 'PassEndX', 'value': 140}, 'value': '68.2'}, {'type': {'displayName': 'Zone', 'value': 56}, 'value': 'Center'}]",True,,False,,,
1901403,SecondHalf,73,11.0,76,Pass,Successful,1290,Como,407944.0,Martin Baturina,68.0,53.0,72.1,40.1,,,,,"[{'type': {'displayName': 'PassEndX', 'value': 140}, 'value': '72.1'}, {'type': {'displayName': 'PassEndY', 'value': 141}, 'value': '40.1'}, {'type': {'displayName': 'Length', 'value': 212}, 'value': '9.8'}, {'type': {'displayName': 'Angle', 'value': 213}, 'value': '5.17'}, {'type': {'displayName': 'Zone', 'value': 56}, 'value': 'Center'}]",True,,False,,,
1901403,SecondHalf,73,13.0,76,TakeOn,Unsuccessful,1290,Como,448659.0,Nico Paz,69.6,48.2,,,,,,,"[{'type': {'displayName': 'OppositeRelatedEvent', 'value': 233}, 'value': '503'}, {'type': {'displayName': 'Offensive', 'value': 286}}, {'type': {'displayName': 'Zone', 'value': 56}, 'value': 'Center'}]",True,,False,,,
1901403,SecondHalf,73,13.0,76,Tackle,Unsuccessful,276,Napoli,295358.0,Amir Rrahmani,30.4,51.7,,,,,,,"[{'type': {'displayName': 'Defensive', 'value': 285}}, {'type': {'displayName': 'OppositeRelatedEvent', 'value': 233}, 'value': '700'}, {'type': {'displayName': 'Zone', 'value': 56}, 'value': 'Back'}, {'type': {'displayName': 'StandingSave', 'value': 178}}]",True,,False,,,
1901403,SecondHalf,73,14.0,76,BallTouch,Successful,1290,Como,448659.0,Nico Paz,68.4,50.8,,,,,,,"[{'type': {'displayName': 'Zone', 'value': 56}, 'value': 'Center'}]",True,,False,,,
1901403,SecondHalf,73,18.0,76,Foul,Successful,276,Napoli,111892.0,Stanislav Lobotka,24.1,45.0,,,,,,,"[{'type': {'displayName': 'Foul', 'value': 13}}, {'type': {'displayName': 'Zone', 'value': 56}, 'value': 'Back'}, {'type': {'displayName': 'OppositeRelatedEvent', 'value': 233}, 'value': '702'}, {'type': {'displayName': 'Defensive', 'value': 285}}]",True,,False,,,
1901403,SecondHalf,73,18.0,76,Foul,Unsuccessful,1290,Como,448659.0,Nico Paz,75.9,55.0,,,,,,,"[{'type': {'displayName': 'Offensive', 'value': 286}}, {'type': {'displayName': 'StandingSave', 'value': 178}}, {'type': {'displayName': 'OppositeRelatedEvent', 'value': 233}, 'value': '504'}, {'type': {'displayName': 'Foul', 'value': 13}}, {'type': {'displayName': 'Zone', 'value': 56}, 'value': 'Center'}]",False,,False,,,
1901403,SecondHalf,73,52.0,76,Pass,Successful,276,Napoli,111892.0,Stanislav Lobotka,25.5,40.0,21.8,23.4,,,,,"[{'type': {'displayName': 'Zone', 'value': 56}, 'value': 'Back'}, {'type': {'displayName': 'Angle', 'value': 213}, 'value': '4.38'}, {'type': {'displayName': 'PassEndY', 'value': 141}, 'value': '23.4'}, {'type': {'displayName': 'Length', 'value': 212}, 'value': '11.9'}, {'type': {'displayName': 'PassEndX', 'value': 140}, 'value': '21.8'}, {'type': {'displayName': 'FreekickTaken', 'value': 5}}]",True,,False,,,
1901403,SecondHalf,73,54.0,76,Pass,Successful,276,Napoli,295358.0,Amir Rrahmani,24.3,21.3,29.1,4.3,,,,,"[{'type': {'displayName': 'Angle', 'value': 213}, 'value': '5.12'}, {'type': {'displayName': 'PassEndY', 'value': 141}, 'value': '4.3'}, {'type': {'displayName': 'Length', 'value': 212}, 'value': '12.6'}, {'type': {'displayName': 'PassEndX', 'value': 140}, 'value': '29.1'}, {'type': {'displayName': 'Zone', 'value': 56}, 'value': 'Back'}]",True,,False,,,
1901403,SecondHalf,73,57.0,76,Pass,Successful,276,Napoli,422739.0,Sam Beukema,26.1,4.6,26.5,31.8,,,,,"[{'type': {'displayName': 'PassEndY', 'value': 141}, 'value': '31.8'}, {'type': {'displayName': 'Angle', 'value': 213}, 'value': '1.55'}, {'type': {'displayName': 'PassEndX', 'value': 140}, 'value': '26.5'}, {'type': {'displayName': 'Length', 'value': 212}, 'value': '18.5'}, {'type': {'displayName': 'Zone', 'value': 56}, 'value': 'Back'}]",True,,False,,,
1901403,SecondHalf,74,2.0,77,Pass,Unsuccessful,276,Napoli,111892.0,Stanislav Lobotka,29.0,38.2,59.6,79.2,,,,,"[{'type': {'displayName': 'Zone', 'value': 56}, 'value': 'Left'}, {'type': {'displayName': 'Longball', 'value': 1}}, {'type': {'displayName': 'Angle', 'value': 213}, 'value': '0.71'}, {'type': {'displayName': 'Chipped', 'value': 155}}, {'type': {'displayName': 'PassEndX', 'value': 140}, 'value': '59.6'}, {'type': {'displayName': 'Length', 'value': 212}, 'value': '42.5'}, {'type': {'displayName': 'PassEndY', 'value': 141}, 'value': '79.2'}]",True,,False,,,
1901403,SecondHalf,74,4.0,77,Pass,Unsuccessful,1290,Como,531127.0,Ivan Smolcic,42.3,15.3,68.0,22.0,,,,,"[{'type': {'displayName': 'PassEndX', 'value': 140}, 'value': '68.0'}, {'type': {'displayName': 'Length', 'value': 212}, 'value': '27.4'}, {'type': {'displayName': 'PassEndY', 'value': 141}, 'value': '22.0'}, {'type': {'displayName': 'Zone', 'value': 56}, 'value': 'Center'}, {'type': {'displayName': 'HeadPass', 'value': 3}}, {'type': {'displayName': 'Angle', 'value': 213}, 'value': '0.17'}]",True,,False,,,
1901403,SecondHalf,74,4.0,77,Pass,Successful,276,Napoli,333373.0,Alessandro Buongiorno,33.8,66.7,42.9,76.3,,,,,"[{'type': {'displayName': 'Angle', 'value': 213}, 'value': '0.60'}, {'type': {'displayName': 'Zone', 'value': 56}, 'value': 'Back'}, {'type': {'displayName': 'PassEndX', 'value': 140}, 'value': '42.9'}, {'type': {'displayName': 'Length', 'value': 212}, 'value': '11.6'}, {'type': {'displayName': 'HeadPass', 'value': 3}}, {'type': {'displayName': 'PassEndY', 'value': 141}, 'value': '76.3'}]",True,,False,,,
1901403,SecondHalf,74,9.0,77,Dispossessed,Successful,276,Napoli,395788.0,Miguel Gutiérrez,41.6,93.6,,,,,,,"[{'type': {'displayName': 'Offensive', 'value': 286}}, {'type': {'displayName': 'OppositeRelatedEvent', 'value': 233}, 'value': '704'}, {'type': {'displayName': 'Zone', 'value': 56}, 'value': 'Back'}]",True,,False,,,
1901403,SecondHalf,74,9.0,77,Tackle,Successful,1290,Como,379615.0,Lucas da Cunha,58.4,6.4,,,,,,,"[{'type': {'displayName': 'Defensive', 'value': 285}}, {'type': {'displayName': 'StandingSave', 'value': 178}}, {'type': {'displayName': 'OppositeRelatedEvent', 'value': 233}, 'value': '510'}, {'type': {'displayName': 'Zone', 'value': 56}, 'value': 'Right'}]",True,,False,,,
1901403,SecondHalf,74,23.0,77,Pass,Successful,276,Napoli,395788.0,Miguel Gutiérrez,45.1,100.0,61.2,76.5,,,,,"[{'type': {'displayName': 'PassEndX', 'value': 140}, 'value': '61.2'}, {'type': {'displayName': 'Length', 'value': 212}, 'value': '23.7'}, {'type': {'displayName': 'PassEndY', 'value': 141}, 'value': '76.5'}, {'type': {'displayName': 'Angle', 'value': 213}, 'value': '5.51'}, {'type': {'displayName': 'Longball', 'value': 1}}, {'type': {'displayName': 'Zone', 'value': 56}, 'value': 'Center'}, {'type': {'displayName': 'ThrowIn', 'value': 107}}]",True,,False,,,
1901403,SecondHalf,74,28.0,77,Dispossessed,Successful,276,Napoli,349561.0,Frank Anguissa,74.1,81.9,,,,,,,"[{'type': {'displayName': 'OppositeRelatedEvent', 'value': 233}, 'value': '707'}, {'type': {'displayName': 'Offensive', 'value': 286}}, {'type': {'displayName': 'Zone', 'value': 56}, 'value': 'Left'}]",True,,False,,,
1901403,SecondHalf,74,28.0,77,Tackle,Successful,1290,Como,448659.0,Nico Paz,25.9,18.1,,,,,,,"[{'type': {'displayName': 'StandingSave', 'value': 178}}, {'type': {'displayName': 'OppositeRelatedEvent', 'value': 233}, 'value': '513'}, {'type': {'displayName': 'Defensive', 'value': 285}}, {'type': {'displayName': 'Zone', 'value': 56}, 'value': 'Back'}]",True,,False,,,
1901403,SecondHalf,74,30.0,77,BallRecovery,Successful,1290,Como,531127.0,Ivan Smolcic,22.3,16.9,,,,,,,[],False,,False,,,
1901403,SecondHalf,74,31.0,77,Pass,Successful,1290,Como,531127.0,Ivan Smolcic,22.3,16.9,29.3,28.0,,,,,"[{'type': {'displayName': 'Zone', 'value': 56}, 'value': 'Back'}, {'type': {'displayName': 'Angle', 'value': 213}, 'value': '0.80'}, {'type': {'displayName': 'PassEndY', 'value': 141}, 'value': '28.0'}, {'type': {'displayName': 'Length', 'value': 212}, 'value': '10.5'}, {'type': {'displayName': 'PassEndX', 'value': 140}, 'value': '29.3'}]",True,,False,,,
1901403,SecondHalf,74,31.0,77,Pass,Successful,1290,Como,379615.0,Lucas da Cunha,29.3,28.0,33.9,35.7,,,,,"[{'type': {'displayName': 'Length', 'value': 212}, 'value': '7.1'}, {'type': {'displayName': 'PassEndY', 'value': 141}, 'value': '35.7'}, {'type': {'displayName': 'Zone', 'value': 56}, 'value': 'Back'}, {'type': {'displayName': 'PassEndX', 'value': 140}, 'value': '33.9'}, {'type': {'displayName': 'Angle', 'value': 213}, 'value': '0.83'}]",True,,False,,,
1901403,SecondHalf,74,32.0,77,Pass,Successful,1290,Como,407944.0,Martin Baturina,33.9,35.7,23.2,32.4,,,,,"[{'type': {'displayName': 'Zone', 'value': 56}, 'value': 'Back'}, {'type': {'displayName': 'PassEndX', 'value': 140}, 'value': '23.2'}, {'type': {'displayName': 'Length', 'value': 212}, 'value': '11.5'}, {'type': {'displayName': 'PassEndY', 'value': 141}, 'value': '32.4'}, {'type': {'displayName': 'Angle', 'value': 213}, 'value': '3.34'}]",True,,False,,,
1901403,SecondHalf,74,37.0,77,Pass,Unsuccessful,1290,Como,516374.0,Jacobo Ramón,26.3,27.9,71.9,3.7,,,,,"[{'type': {'displayName': 'PassEndY', 'value': 141}, 'value': '3.7'}, {'type': {'displayName': 'Longball', 'value': 1}}, {'type': {'displayName': 'Length', 'value': 212}, 'value': '50.6'}, {'type': {'displayName': 'Angle', 'value': 213}, 'value': '5.95'}, {'type': {'displayName': 'Chipped', 'value': 155}}, {'type': {'displayName': 'PassEndX', 'value': 140}, 'value': '71.9'}, {'type': {'displayName': 'Zone', 'value': 56}, 'value': 'Right'}]",True,,False,,,
1901403,SecondHalf,74,40.0,77,Interception,Successful,276,Napoli,333373.0,Alessandro Buongiorno,28.1,96.3,,,,,,,"[{'type': {'displayName': 'Head', 'value': 15}}, {'type': {'displayName': 'Zone', 'value': 56}, 'value': 'Back'}]",True,,False,,,
1901403,SecondHalf,75,27.0,78,Pass,Successful,1290,Como,531127.0,Ivan Smolcic,73.8,0.0,45.0,13.5,,,,,"[{'type': {'displayName': 'ThrowIn', 'value': 107}}, {'type': {'displayName': 'Angle', 'value': 213}, 'value': '2.82'}, {'type': {'displayName': 'PassEndY', 'value': 141}, 'value': '13.5'}, {'type': {'displayName': 'Length', 'value': 212}, 'value': '31.9'}, {'type': {'displayName': 'PassEndX', 'value': 140}, 'value': '45.0'}, {'type': {'displayName': 'Longball', 'value': 1}}, {'type': {'displayName': 'Zone', 'value': 56}, 'value': 'Back'}]",True,,False,,,
1901403,SecondHalf,75,30.0,78,Pass,Successful,1290,Como,516374.0,Jacobo Ramón,44.7,15.1,44.3,36.4,,,,,"[{'type': {'displayName': 'Length', 'value': 212}, 'value': '14.5'}, {'type': {'displayName': 'Zone', 'value': 56}, 'value': 'Back'}, {'type': {'displayName': 'Angle', 'value': 213}, 'value': '1.60'}, {'type': {'displayName': 'PassEndY', 'value': 141}, 'value': '36.4'}, {'type': {'displayName': 'PassEndX', 'value': 140}, 'value': '44.3'}]",True,,False,,,
1901403,SecondHalf,75,32.0,78,Pass,Successful,1290,Como,433972.0,Máximo Perrone,44.3,36.4,43.0,20.1,,,,,"[{'type': {'displayName': 'Angle', 'value': 213}, 'value': '4.59'}, {'type': {'displayName': 'Zone', 'value': 56}, 'value': 'Back'}, {'type': {'displayName': 'PassEndX', 'value': 140}, 'value': '43.0'}, {'type': {'displayName': 'Length', 'value': 212}, 'value': '11.2'}, {'type': {'displayName': 'PassEndY', 'value': 141}, 'value': '20.1'}]",True,,False,,,
1901403,SecondHalf,75,35.0,78,Pass,Successful,1290,Como,516374.0,Jacobo Ramón,56.1,12.7,62.4,9.6,,,,,"[{'type': {'displayName': 'Zone', 'value': 56}, 'value': 'Right'}, {'type': {'displayName': 'PassEndX', 'value': 140}, 'value': '62.4'}, {'type': {'displayName': 'Length', 'value': 212}, 'value': '6.9'}, {'type': {'displayName': 'Angle', 'value': 213}, 'value': '5.97'}, {'type': {'displayName': 'PassEndY', 'value': 141}, 'value': '9.6'}]",True,,False,,,
1901403,SecondHalf,75,39.0,78,Foul,Successful,1290,Como,531127.0,Ivan Smolcic,60.0,4.6,,,,,,,"[{'type': {'displayName': 'Offensive', 'value': 286}}, {'type': {'displayName': 'OppositeRelatedEvent', 'value': 233}, 'value': '516'}, {'type': {'displayName': 'Zone', 'value': 56}, 'value': 'Right'}, {'type': {'displayName': 'Foul', 'value': 13}}]",True,,False,,,
1901403,SecondHalf,75,39.0,78,Foul,Unsuccessful,276,Napoli,557549.0,Alisson Santos,40.0,95.4,,,,,,,"[{'type': {'displayName': 'Foul', 'value': 13}}, {'type': {'displayName': 'Zone', 'value': 56}, 'value': 'Back'}, {'type': {'displayName': 'Defensive', 'value': 285}}, {'type': {'displayName': 'StandingSave', 'value': 178}}, {'type': {'displayName': 'OppositeRelatedEvent', 'value': 233}, 'value': '719'}]",False,,False,,,
1901403,SecondHalf,76,3.0,79,Pass,Successful,1290,Como,531127.0,Ivan Smolcic,57.2,6.0,43.8,47.4,,,,,"[{'type': {'displayName': 'PassEndX', 'value': 140}, 'value': '43.8'}, {'type': {'displayName': 'PassEndY', 'value': 141}, 'value': '47.4'}, {'type': {'displayName': 'Length', 'value': 212}, 'value': '31.5'}, {'type': {'displayName': 'FreekickTaken', 'value': 5}}, {'type': {'displayName': 'Angle', 'value': 213}, 'value': '2.03'}, {'type': {'displayName': 'Zone', 'value': 56}, 'value': 'Back'}]",True,,False,,,
1901403,SecondHalf,76,4.0,79,Pass,Successful,1290,Como,433972.0,Máximo Perrone,43.8,47.4,62.8,87.1,,,,,"[{'type': {'displayName': 'Zone', 'value': 56}, 'value': 'Left'}, {'type': {'displayName': 'PassEndX', 'value': 140}, 'value': '62.8'}, {'type': {'displayName': 'Longball', 'value': 1}}, {'type': {'displayName': 'PassEndY', 'value': 141}, 'value': '87.1'}, {'type': {'displayName': 'Angle', 'value': 213}, 'value': '0.93'}, {'type': {'displayName': 'Length', 'value': 212}, 'value': '33.6'}]",True,,False,,,
1901403,SecondHalf,76,6.0,79,Pass,Unsuccessful,1290,Como,407944.0,Martin Baturina,63.1,87.1,100.0,77.8,,,,,"[{'type': {'displayName': 'PassEndY', 'value': 141}, 'value': '77.8'}, {'type': {'displayName': 'Longball', 'value': 1}}, {'type': {'displayName': 'Zone', 'value': 56}, 'value': 'Center'}, {'type': {'displayName': 'Length', 'value': 212}, 'value': '40.6'}, {'type': {'displayName': 'PassEndX', 'value': 140}, 'value': '100.0'}, {'type': {'displayName': 'Angle', 'value': 213}, 'value': '6.13'}]",True,,False,,,
1901403,SecondHalf,76,35.0,79,Pass,Successful,276,Napoli,149474.0,Vanja Milinkovic-Savic,2.4,47.4,38.8,94.0,,,,,"[{'type': {'displayName': 'Angle', 'value': 213}, 'value': '0.69'}, {'type': {'displayName': 'Chipped', 'value': 155}}, {'type': {'displayName': 'GoalKick', 'value': 124}}, {'type': {'displayName': 'Zone', 'value': 56}, 'value': 'Back'}, {'type': {'displayName': 'Length', 'value': 212}, 'value': '49.6'}, {'type': {'displayName': 'Longball', 'value': 1}}, {'type': {'displayName': 'PassEndY', 'value': 141}, 'value': '94.0'}, {'type': {'displayName': 'MissHigh', 'value': 74}}, {'type': {'displayName': 'PassEndX', 'value': 140}, 'value': '38.8'}]",True,,False,,,
1901403,SecondHalf,76,40.0,79,Foul,Successful,276,Napoli,395788.0,Miguel Gutiérrez,44.8,90.9,,,,,,,"[{'type': {'displayName': 'Zone', 'value': 56}, 'value': 'Back'}, {'type': {'displayName': 'Foul', 'value': 13}}, {'type': {'displayName': 'Offensive', 'value': 286}}, {'type': {'displayName': 'OppositeRelatedEvent', 'value': 233}, 'value': '724'}]",True,,False,,,
1901403,SecondHalf,76,40.0,79,Foul,Unsuccessful,1290,Como,502427.0,Assane Diao,55.2,9.0,,,,,,,"[{'type': {'displayName': 'OppositeRelatedEvent', 'value': 233}, 'value': '519'}, {'type': {'displayName': 'Defensive', 'value': 285}}, {'type': {'displayName': 'StandingSave', 'value': 178}}, {'type': {'displayName': 'Foul', 'value': 13}}, {'type': {'displayName': 'Zone', 'value': 56}, 'value': 'Right'}]",False,,False,,,
1901403,SecondHalf,76,55.0,79,Card,Successful,1290,Como,,,0.0,0.0,,,,,,,"[{'type': {'displayName': 'Yellow', 'value': 31}}]",False,,False,Yellow,,
1901403,SecondHalf,77,24.0,80,Pass,Successful,276,Napoli,395788.0,Miguel Gutiérrez,53.1,92.8,38.6,50.4,,,,,"[{'type': {'displayName': 'Longball', 'value': 1}}, {'type': {'displayName': 'PassEndX', 'value': 140}, 'value': '38.6'}, {'type': {'displayName': 'Angle', 'value': 213}, 'value': '4.23'}, {'type': {'displayName': 'Zone', 'value': 56}, 'value': 'Back'}, {'type': {'displayName': 'Length', 'value': 212}, 'value': '32.6'}, {'type': {'displayName': 'FreekickTaken', 'value': 5}}, {'type': {'displayName': 'PassEndY', 'value': 141}, 'value': '50.4'}]",True,,False,,,
1901403,SecondHalf,77,30.0,80,Pass,Successful,276,Napoli,295358.0,Amir Rrahmani,45.7,45.6,43.3,21.3,,,,,"[{'type': {'displayName': 'PassEndX', 'value': 140}, 'value': '43.3'}, {'type': {'displayName': 'PassEndY', 'value': 141}, 'value': '21.3'}, {'type': {'displayName': 'Angle', 'value': 213}, 'value': '4.56'}, {'type': {'displayName': 'Length', 'value': 212}, 'value': '16.7'}, {'type': {'displayName': 'Zone', 'value': 56}, 'value': 'Back'}]",True,,False,,,
1901403,SecondHalf,77,32.0,80,Pass,Successful,276,Napoli,349561.0,Frank Anguissa,43.3,21.3,59.1,3.1,,,,,"[{'type': {'displayName': 'Zone', 'value': 56}, 'value': 'Right'}, {'type': {'displayName': 'Angle', 'value': 213}, 'value': '5.64'}, {'type': {'displayName': 'PassEndY', 'value': 141}, 'value': '3.1'}, {'type': {'displayName': 'PassEndX', 'value': 140}, 'value': '59.1'}, {'type': {'displayName': 'Length', 'value': 212}, 'value': '20.7'}]",True,,False,,,
1901403,SecondHalf,77,35.0,80,Pass,Successful,276,Napoli,122683.0,Matteo Politano,60.8,3.4,67.1,16.2,,,,,"[{'type': {'displayName': 'Zone', 'value': 56}, 'value': 'Right'}, {'type': {'displayName': 'Length', 'value': 212}, 'value': '10.9'}, {'type': {'displayName': 'PassEndY', 'value': 141}, 'value': '16.2'}, {'type': {'displayName': 'Angle', 'value': 213}, 'value': '0.92'}, {'type': {'displayName': 'PassEndX', 'value': 140}, 'value': '67.1'}]",True,,False,,,
1901403,SecondHalf,77,37.0,80,Pass,Successful,276,Napoli,422739.0,Sam Beukema,63.1,10.8,46.1,32.8,,,,,"[{'type': {'displayName': 'Zone', 'value': 56}, 'value': 'Back'}, {'type': {'displayName': 'Length', 'value': 212}, 'value': '23.3'}, {'type': {'displayName': 'Angle', 'value': 213}, 'value': '2.44'}, {'type': {'displayName': 'PassEndY', 'value': 141}, 'value': '32.8'}, {'type': {'displayName': 'PassEndX', 'value': 140}, 'value': '46.1'}]",True,,False,,,
1901403,SecondHalf,77,43.0,80,Pass,Successful,276,Napoli,295358.0,Amir Rrahmani,47.0,32.4,46.9,73.0,,,,,"[{'type': {'displayName': 'PassEndY', 'value': 141}, 'value': '73.0'}, {'type': {'displayName': 'PassEndX', 'value': 140}, 'value': '46.9'}, {'type': {'displayName': 'Length', 'value': 212}, 'value': '27.6'}, {'type': {'displayName': 'Zone', 'value': 56}, 'value': 'Back'}, {'type': {'displayName': 'Angle', 'value': 213}, 'value': '1.57'}]",True,,False,,,
1901403,SecondHalf,77,47.0,80,Pass,Successful,276,Napoli,333373.0,Alessandro Buongiorno,62.4,80.1,70.6,57.4,,,,,"[{'type': {'displayName': 'PassEndX', 'value': 140}, 'value': '70.6'}, {'type': {'displayName': 'Length', 'value': 212}, 'value': '17.7'}, {'type': {'displayName': 'PassEndY', 'value': 141}, 'value': '57.4'}, {'type': {'displayName': 'Zone', 'value': 56}, 'value': 'Center'}, {'type': {'displayName': 'Angle', 'value': 213}, 'value': '5.22'}]",True,,False,,,
1901403,SecondHalf,77,49.0,80,Pass,Successful,276,Napoli,439584.0,Rasmus Højlund,67.5,56.4,56.2,45.3,,,,,"[{'type': {'displayName': 'PassEndX', 'value': 140}, 'value': '56.2'}, {'type': {'displayName': 'Length', 'value': 212}, 'value': '14.1'}, {'type': {'displayName': 'PassEndY', 'value': 141}, 'value': '45.3'}, {'type': {'displayName': 'Angle', 'value': 213}, 'value': '3.71'}, {'type': {'displayName': 'Zone', 'value': 56}, 'value': 'Center'}]",True,,False,,,
1901403,SecondHalf,77,52.0,80,Pass,Successful,276,Napoli,336915.0,Scott McTominay,59.5,29.5,71.2,3.0,,,,,"[{'type': {'displayName': 'Angle', 'value': 213}, 'value': '5.31'}, {'type': {'displayName': 'Zone', 'value': 56}, 'value': 'Right'}, {'type': {'displayName': 'PassEndY', 'value': 141}, 'value': '3.0'}, {'type': {'displayName': 'PassEndX', 'value': 140}, 'value': '71.2'}, {'type': {'displayName': 'Length', 'value': 212}, 'value': '21.8'}]",True,,False,,,
1901403,SecondHalf,78,1.0,81,Pass,Successful,276,Napoli,122683.0,Matteo Politano,84.8,8.2,90.7,69.4,,,,,"[{'type': {'displayName': 'Angle', 'value': 213}, 'value': '1.42'}, {'type': {'displayName': 'PassEndY', 'value': 141}, 'value': '69.4'}, {'type': {'displayName': 'Chipped', 'value': 155}}, {'type': {'displayName': 'Length', 'value': 212}, 'value': '42.1'}, {'type': {'displayName': 'Cross', 'value': 2}}, {'type': {'displayName': 'PassEndX', 'value': 140}, 'value': '90.7'}, {'type': {'displayName': 'LeftFoot', 'value': 72}}, {'type': {'displayName': 'Zone', 'value': 56}, 'value': 'Center'}, {'type': {'displayName': 'Longball', 'value': 1}}]",True,,False,,,
1901403,SecondHalf,78,3.0,81,Aerial,Successful,276,Napoli,557549.0,Alisson Santos,90.7,69.4,,,,,,,"[{'type': {'displayName': 'OppositeRelatedEvent', 'value': 233}, 'value': '725'}, {'type': {'displayName': 'Offensive', 'value': 286}}, {'type': {'displayName': 'Zone', 'value': 56}, 'value': 'Center'}]",False,,False,,,
1901403,SecondHalf,78,3.0,81,Aerial,Unsuccessful,1290,Como,531127.0,Ivan Smolcic,9.3,30.6,,,,,,,"[{'type': {'displayName': 'Defensive', 'value': 285}}, {'type': {'displayName': 'OppositeRelatedEvent', 'value': 233}, 'value': '602'}, {'type': {'displayName': 'Zone', 'value': 56}, 'value': 'Back'}]",False,,False,,,
1901403,SecondHalf,78,4.0,81,Pass,Unsuccessful,276,Napoli,557549.0,Alisson Santos,90.7,69.4,89.9,64.6,,,,,"[{'type': {'displayName': 'PassEndX', 'value': 140}, 'value': '89.9'}, {'type': {'displayName': 'PassEndY', 'value': 141}, 'value': '64.6'}, {'type': {'displayName': 'Length', 'value': 212}, 'value': '3.4'}, {'type': {'displayName': 'Zone', 'value': 56}, 'value': 'Center'}, {'type': {'displayName': 'Angle', 'value': 213}, 'value': '4.46'}, {'type': {'displayName': 'HeadPass', 'value': 3}}]",True,,False,,,
1901403,SecondHalf,78,6.0,81,Clearance,Successful,1290,Como,516374.0,Jacobo Ramón,10.3,41.7,31.4,56.2,,,,,"[{'type': {'displayName': 'PassEndX', 'value': 140}, 'value': '31.4'}, {'type': {'displayName': 'Zone', 'value': 56}, 'value': 'Back'}, {'type': {'displayName': 'PassEndY', 'value': 141}, 'value': '56.2'}, {'type': {'displayName': 'Length', 'value': 212}, 'value': '24.3'}, {'type': {'displayName': 'Angle', 'value': 213}, 'value': '0.42'}]",True,,False,,,
1901403,SecondHalf,78,11.0,81,Pass,Successful,276,Napoli,333373.0,Alessandro Buongiorno,61.0,40.9,44.4,3.6,,,,,"[{'type': {'displayName': 'Angle', 'value': 213}, 'value': '4.11'}, {'type': {'displayName': 'HeadPass', 'value': 3}}, {'type': {'displayName': 'Zone', 'value': 56}, 'value': 'Back'}, {'type': {'displayName': 'PassEndY', 'value': 141}, 'value': '3.6'}, {'type': {'displayName': 'Length', 'value': 212}, 'value': '30.8'}, {'type': {'displayName': 'PassEndX', 'value': 140}, 'value': '44.4'}]",True,,False,,,
1901403,SecondHalf,78,15.0,81,Pass,Successful,276,Napoli,422739.0,Sam Beukema,42.5,3.4,53.7,1.9,,,,,"[{'type': {'displayName': 'Angle', 'value': 213}, 'value': '6.20'}, {'type': {'displayName': 'Zone', 'value': 56}, 'value': 'Right'}, {'type': {'displayName': 'Length', 'value': 212}, 'value': '11.8'}, {'type': {'displayName': 'PassEndX', 'value': 140}, 'value': '53.7'}, {'type': {'displayName': 'PassEndY', 'value': 141}, 'value': '1.9'}]",True,,False,,,
1901403,SecondHalf,78,17.0,81,Pass,Successful,276,Napoli,122683.0,Matteo Politano,53.8,2.1,29.4,24.3,,,,,"[{'type': {'displayName': 'Length', 'value': 212}, 'value': '29.7'}, {'type': {'displayName': 'PassEndX', 'value': 140}, 'value': '29.4'}, {'type': {'displayName': 'PassEndY', 'value': 141}, 'value': '24.3'}, {'type': {'displayName': 'Zone', 'value': 56}, 'value': 'Back'}, {'type': {'displayName': 'Angle', 'value': 213}, 'value': '2.61'}]",True,,False,,,
1901403,SecondHalf,78,19.0,81,Pass,Successful,276,Napoli,295358.0,Amir Rrahmani,29.4,24.3,30.6,7.3,,,,,"[{'type': {'displayName': 'Zone', 'value': 56}, 'value': 'Back'}, {'type': {'displayName': 'Length', 'value': 212}, 'value': '11.6'}, {'type': {'displayName': 'PassEndX', 'value': 140}, 'value': '30.6'}, {'type': {'displayName': 'PassEndY', 'value': 141}, 'value': '7.3'}, {'type': {'displayName': 'Angle', 'value': 213}, 'value': '4.82'}]",True,,False,,,
1901403,SecondHalf,78,22.0,81,Pass,Successful,276,Napoli,422739.0,Sam Beukema,27.8,12.9,9.8,43.3,,,,,"[{'type': {'displayName': 'PassEndX', 'value': 140}, 'value': '9.8'}, {'type': {'displayName': 'Angle', 'value': 213}, 'value': '2.31'}, {'type': {'displayName': 'Length', 'value': 212}, 'value': '28.0'}, {'type': {'displayName': 'PassEndY', 'value': 141}, 'value': '43.3'}, {'type': {'displayName': 'Zone', 'value': 56}, 'value': 'Back'}]",True,,False,,,
1901403,SecondHalf,78,32.0,81,Pass,Successful,276,Napoli,149474.0,Vanja Milinkovic-Savic,9.8,43.3,24.3,65.2,,,,,"[{'type': {'displayName': 'Angle', 'value': 213}, 'value': '0.77'}, {'type': {'displayName': 'Zone', 'value': 56}, 'value': 'Back'}, {'type': {'displayName': 'Length', 'value': 212}, 'value': '21.3'}, {'type': {'displayName': 'PassEndX', 'value': 140}, 'value': '24.3'}, {'type': {'displayName': 'PassEndY', 'value': 141}, 'value': '65.2'}]",True,,False,,,
1901403,SecondHalf,78,34.0,81,Pass,Successful,276,Napoli,395788.0,Miguel Gutiérrez,24.3,65.2,21.4,56.5,,,,,"[{'type': {'displayName': 'PassEndX', 'value': 140}, 'value': '21.4'}, {'type': {'displayName': 'Length', 'value': 212}, 'value': '6.7'}, {'type': {'displayName': 'PassEndY', 'value': 141}, 'value': '56.5'}, {'type': {'displayName': 'Angle', 'value': 213}, 'value': '4.24'}, {'type': {'displayName': 'Zone', 'value': 56}, 'value': 'Back'}]",True,,False,,,
1901403,SecondHalf,78,37.0,81,Pass,Successful,276,Napoli,349561.0,Frank Anguissa,21.4,56.5,7.9,51.0,,,,,"[{'type': {'displayName': 'Angle', 'value': 213}, 'value': '3.40'}, {'type': {'displayName': 'Zone', 'value': 56}, 'value': 'Back'}, {'type': {'displayName': 'PassEndX', 'value': 140}, 'value': '7.9'}, {'type': {'displayName': 'PassEndY', 'value': 141}, 'value': '51.0'}, {'type': {'displayName': 'Length', 'value': 212}, 'value': '14.7'}]",True,,False,,,
1901403,SecondHalf,78,40.0,81,Pass,Successful,276,Napoli,149474.0,Vanja Milinkovic-Savic,6.3,47.4,18.3,18.4,,,,,"[{'type': {'displayName': 'Angle', 'value': 213}, 'value': '5.28'}, {'type': {'displayName': 'Zone', 'value': 56}, 'value': 'Back'}, {'type': {'displayName': 'PassEndX', 'value': 140}, 'value': '18.3'}, {'type': {'displayName': 'Length', 'value': 212}, 'value': '23.4'}, {'type': {'displayName': 'PassEndY', 'value': 141}, 'value': '18.4'}]",True,,False,,,
1901403,SecondHalf,78,42.0,81,Pass,Successful,276,Napoli,295358.0,Amir Rrahmani,18.3,18.4,26.7,25.0,,,,,"[{'type': {'displayName': 'Length', 'value': 212}, 'value': '9.9'}, {'type': {'displayName': 'Angle', 'value': 213}, 'value': '0.47'}, {'type': {'displayName': 'PassEndX', 'value': 140}, 'value': '26.7'}, {'type': {'displayName': 'PassEndY', 'value': 141}, 'value': '25.0'}, {'type': {'displayName': 'Zone', 'value': 56}, 'value': 'Back'}]",True,,False,,,
1901403,SecondHalf,78,44.0,81,Pass,Successful,276,Napoli,111892.0,Stanislav Lobotka,26.4,16.0,36.4,3.4,,,,,"[{'type': {'displayName': 'Length', 'value': 212}, 'value': '13.6'}, {'type': {'displayName': 'Zone', 'value': 56}, 'value': 'Back'}, {'type': {'displayName': 'Angle', 'value': 213}, 'value': '5.60'}, {'type': {'displayName': 'PassEndX', 'value': 140}, 'value': '36.4'}, {'type': {'displayName': 'PassEndY', 'value': 141}, 'value': '3.4'}]",True,,False,,,
1901403,SecondHalf,78,45.0,81,Pass,Successful,276,Napoli,422739.0,Sam Beukema,34.9,3.4,18.3,4.8,,,,,"[{'type': {'displayName': 'PassEndY', 'value': 141}, 'value': '4.8'}, {'type': {'displayName': 'PassEndX', 'value': 140}, 'value': '18.3'}, {'type': {'displayName': 'Length', 'value': 212}, 'value': '17.5'}, {'type': {'displayName': 'Angle', 'value': 213}, 'value': '3.09'}, {'type': {'displayName': 'Zone', 'value': 56}, 'value': 'Back'}]",True,,False,,,
1901403,SecondHalf,78,48.0,81,Pass,Successful,276,Napoli,111892.0,Stanislav Lobotka,15.0,10.9,4.9,50.1,,,,,"[{'type': {'displayName': 'PassEndY', 'value': 141}, 'value': '50.1'}, {'type': {'displayName': 'Length', 'value': 212}, 'value': '28.7'}, {'type': {'displayName': 'PassEndX', 'value': 140}, 'value': '4.9'}, {'type': {'displayName': 'Zone', 'value': 56}, 'value': 'Back'}, {'type': {'displayName': 'Angle', 'value': 213}, 'value': '1.95'}]",True,,False,,,
1901403,SecondHalf,78,52.0,81,Pass,Successful,276,Napoli,149474.0,Vanja Milinkovic-Savic,4.9,53.5,9.5,80.8,,,,,"[{'type': {'displayName': 'PassEndY', 'value': 141}, 'value': '80.8'}, {'type': {'displayName': 'Length', 'value': 212}, 'value': '19.2'}, {'type': {'displayName': 'PassEndX', 'value': 140}, 'value': '9.5'}, {'type': {'displayName': 'Angle', 'value': 213}, 'value': '1.32'}, {'type': {'displayName': 'Zone', 'value': 56}, 'value': 'Back'}]",True,,False,,,
1901403,SecondHalf,78,55.0,81,Pass,Successful,276,Napoli,333373.0,Alessandro Buongiorno,16.9,80.8,39.2,63.7,,,,,"[{'type': {'displayName': 'PassEndX', 'value': 140}, 'value': '39.2'}, {'type': {'displayName': 'Angle', 'value': 213}, 'value': '5.82'}, {'type': {'displayName': 'Zone', 'value': 56}, 'value': 'Back'}, {'type': {'displayName': 'Length', 'value': 212}, 'value': '26.1'}, {'type': {'displayName': 'PassEndY', 'value': 141}, 'value': '63.7'}]",True,,False,,,
1901403,SecondHalf,78,59.0,81,Pass,Successful,276,Napoli,439584.0,Rasmus Højlund,45.8,77.2,47.7,87.0,,,,,"[{'type': {'displayName': 'PassEndY', 'value': 141}, 'value': '87.0'}, {'type': {'displayName': 'Length', 'value': 212}, 'value': '7.0'}, {'type': {'displayName': 'Angle', 'value': 213}, 'value': '1.28'}, {'type': {'displayName': 'PassEndX', 'value': 140}, 'value': '47.7'}, {'type': {'displayName': 'Zone', 'value': 56}, 'value': 'Back'}]",True,,False,,,
1901403,SecondHalf,79,1.0,82,Pass,Successful,276,Napoli,395788.0,Miguel Gutiérrez,56.2,89.8,76.8,53.8,,,,,"[{'type': {'displayName': 'PassEndX', 'value': 140}, 'value': '76.8'}, {'type': {'displayName': 'Length', 'value': 212}, 'value': '32.7'}, {'type': {'displayName': 'PassEndY', 'value': 141}, 'value': '53.8'}, {'type': {'displayName': 'ShotAssist', 'value': 210}, 'value': '13'}, {'type': {'displayName': 'IntentionalAssist', 'value': 154}}, {'type': {'displayName': 'Throughball', 'value': 4}}, {'type': {'displayName': 'Longball', 'value': 1}}, {'type': {'displayName': 'Zone', 'value': 56}, 'value': 'Center'}, {'type': {'displayName': 'Chipped', 'value': 155}}, {'type': {'displayName': 'Angle', 'value': 213}, 'value': '5.44'}, {'type': {'displayName': 'KeyPass', 'value': 11113}}]",True,,False,,,
1901403,SecondHalf,79,4.0,82,MissedShots,Successful,276,Napoli,336915.0,Scott McTominay,88.0,64.6,,,59.0,4.2,,,"[{'type': {'displayName': 'BoxLeft', 'value': 64}}, {'type': {'displayName': 'GoalMouthY', 'value': 102}, 'value': '59.0'}, {'type': {'displayName': 'RelatedEventId', 'value': 55}, 'value': '547'}, {'type': {'displayName': 'GoalMouthZ', 'value': 103}, 'value': '4.2'}, {'type': {'displayName': 'Assisted', 'value': 29}}, {'type': {'displayName': 'Zone', 'value': 56}, 'value': 'Center'}, {'type': {'displayName': 'RegularPlay', 'value': 22}}, {'type': {'displayName': 'LeftFoot', 'value': 72}}, {'type': {'displayName': 'IntentionalAssist', 'value': 154}}]",True,True,False,,547.0,395788.0
1901403,SecondHalf,79,42.0,82,SubstitutionOff,Successful,276,Napoli,295358.0,Amir Rrahmani,0.0,0.0,,,,,,,"[{'type': {'displayName': 'RelatedEventId', 'value': 55}, 'value': '551'}, {'type': {'displayName': 'JerseyNumber', 'value': 59}, 'value': '13'}, {'type': {'displayName': 'PlayerPosition', 'value': 44}, 'value': 'Defender'}]",False,,False,,551.0,92329.0
1901403,SecondHalf,79,42.0,82,SubstitutionOn,Successful,276,Napoli,92329.0,Leonardo Spinazzola,0.0,0.0,,,,,,,"[{'type': {'displayName': 'JerseyNumber', 'value': 59}, 'value': '37'}, {'type': {'displayName': 'PlayerPosition', 'value': 44}, 'value': 'Midfielder'}, {'type': {'displayName': 'FormationSlot', 'value': 145}, 'value': '5'}, {'type': {'displayName': 'RelatedEventId', 'value': 55}, 'value': '550'}]",False,,False,,550.0,295358.0
1901403,SecondHalf,79,43.0,82,FormationChange,Successful,276,Napoli,,,0.0,0.0,,,,,,,"[{'type': {'displayName': 'CaptainPlayerId', 'value': 194}, 'value': '122683'}, {'type': {'displayName': 'PlayerPosition', 'value': 44}, 'value': '1, 3, 3, 2, 2, 2, 3, 3, 4, 4, 4, 5, 5, 5, 5, 5, 5, 5'}, {'type': {'displayName': 'InvolvedPlayers', 'value': 30}, 'value': '149474,122683,92329,395788,333373,422739,349561,111892,439584,336915,557549,241022,141525,381255,339579,122469,436627,423857'}, {'type': {'displayName': 'JerseyNumber', 'value': 59}, 'value': '32, 21, 37, 3, 4, 31, 99, 68, 19, 8, 27, 1, 14, 6, 20, 22, 23, 30'}, {'type': {'displayName': 'TeamPlayerFormation', 'value': 131}, 'value': '1, 2, 3, 4, 5, 6, 7, 8, 9, 10, 11, 0, 0, 0, 0, 0, 0, 0'}, {'type': {'displayName': 'TeamFormation', 'value': 130}, 'value': '17'}]",False,,False,,,
1901403,SecondHalf,79,45.0,82,SubstitutionOff,Successful,1290,Como,407944.0,Martin Baturina,0.0,0.0,,,,,,,"[{'type': {'displayName': 'JerseyNumber', 'value': 59}, 'value': '20'}, {'type': {'displayName': 'RelatedEventId', 'value': 55}, 'value': '734'}, {'type': {'displayName': 'PlayerPosition', 'value': 44}, 'value': 'Midfielder'}]",False,,False,,734.0,539559.0
1901403,SecondHalf,79,45.0,82,SubstitutionOn,Successful,1290,Como,539559.0,Jesús Rodríguez,0.0,0.0,,,,,,,"[{'type': {'displayName': 'PlayerPosition', 'value': 44}, 'value': 'Forward'}, {'type': {'displayName': 'RelatedEventId', 'value': 55}, 'value': '733'}, {'type': {'displayName': 'FormationSlot', 'value': 145}, 'value': '11'}, {'type': {'displayName': 'JerseyNumber', 'value': 59}, 'value': '17'}]",False,,False,,733.0,407944.0
1901403,SecondHalf,79,49.0,82,SubstitutionOff,Successful,1290,Como,422873.0,Tasos Douvikas,0.0,0.0,,,,,,,"[{'type': {'displayName': 'PlayerPosition', 'value': 44}, 'value': 'Forward'}, {'type': {'displayName': 'RelatedEventId', 'value': 55}, 'value': '730'}, {'type': {'displayName': 'JerseyNumber', 'value': 59}, 'value': '11'}]",False,,False,,730.0,91213.0
1901403,SecondHalf,79,49.0,82,SubstitutionOn,Successful,1290,Como,91213.0,Álvaro Morata,0.0,0.0,,,,,,,"[{'type': {'displayName': 'FormationSlot', 'value': 145}, 'value': '9'}, {'type': {'displayName': 'PlayerPosition', 'value': 44}, 'value': 'Forward'}, {'type': {'displayName': 'JerseyNumber', 'value': 59}, 'value': '7'}, {'type': {'displayName': 'RelatedEventId', 'value': 55}, 'value': '729'}]",False,,False,,729.0,422873.0
1901403,SecondHalf,79,58.0,82,SubstitutionOff,Successful,1290,Como,454341.0,Álex Valle,0.0,0.0,,,,,,,"[{'type': {'displayName': 'RelatedEventId', 'value': 55}, 'value': '732'}, {'type': {'displayName': 'PlayerPosition', 'value': 44}, 'value': 'Defender'}, {'type': {'displayName': 'JerseyNumber', 'value': 59}, 'value': '3'}]",False,,False,,732.0,113275.0
1901403,SecondHalf,79,58.0,82,SubstitutionOn,Successful,1290,Como,113275.0,Alberto Moreno,0.0,0.0,,,,,,,"[{'type': {'displayName': 'FormationSlot', 'value': 145}, 'value': '3'}, {'type': {'displayName': 'JerseyNumber', 'value': 59}, 'value': '18'}, {'type': {'displayName': 'PlayerPosition', 'value': 44}, 'value': 'Defender'}, {'type': {'displayName': 'RelatedEventId', 'value': 55}, 'value': '731'}]",False,,False,,731.0,454341.0
1901403,SecondHalf,80,21.0,83,Pass,Successful,1290,Como,516374.0,Jacobo Ramón,3.8,41.4,2.6,59.5,,,,,"[{'type': {'displayName': 'Length', 'value': 212}, 'value': '12.4'}, {'type': {'displayName': 'GoalKick', 'value': 124}}, {'type': {'displayName': 'Angle', 'value': 213}, 'value': '1.67'}, {'type': {'displayName': 'PassEndY', 'value': 141}, 'value': '59.5'}, {'type': {'displayName': 'Zone', 'value': 56}, 'value': 'Back'}, {'type': {'displayName': 'PassEndX', 'value': 140}, 'value': '2.6'}]",True,,False,,,
1901403,SecondHalf,80,24.0,83,Pass,Successful,1290,Como,256536.0,Jean Butez,6.2,57.9,5.5,14.5,,,,,"[{'type': {'displayName': 'Length', 'value': 212}, 'value': '29.5'}, {'type': {'displayName': 'PassEndY', 'value': 141}, 'value': '14.5'}, {'type': {'displayName': 'Angle', 'value': 213}, 'value': '4.69'}, {'type': {'displayName': 'Zone', 'value': 56}, 'value': 'Back'}, {'type': {'displayName': 'PassEndX', 'value': 140}, 'value': '5.5'}, {'type': {'displayName': 'Chipped', 'value': 155}}]",True,,False,,,
1901403,SecondHalf,80,30.0,83,Pass,Unsuccessful,1290,Como,516374.0,Jacobo Ramón,15.4,14.7,47.4,63.0,,,,,"[{'type': {'displayName': 'Longball', 'value': 1}}, {'type': {'displayName': 'Angle', 'value': 213}, 'value': '0.77'}, {'type': {'displayName': 'PassEndX', 'value': 140}, 'value': '47.4'}, {'type': {'displayName': 'Length', 'value': 212}, 'value': '47.0'}, {'type': {'displayName': 'PassEndY', 'value': 141}, 'value': '63.0'}, {'type': {'displayName': 'Zone', 'value': 56}, 'value': 'Back'}]",True,,False,,,
1901403,SecondHalf,80,32.0,83,BallTouch,Unsuccessful,276,Napoli,422739.0,Sam Beukema,53.1,40.9,,,,,,,"[{'type': {'displayName': 'Zone', 'value': 56}, 'value': 'Center'}]",True,,False,,,
1901403,SecondHalf,80,35.0,83,Pass,Unsuccessful,1290,Como,539559.0,Jesús Rodríguez,50.5,70.5,68.2,66.6,,,,,"[{'type': {'displayName': 'PassEndX', 'value': 140}, 'value': '68.2'}, {'type': {'displayName': 'Angle', 'value': 213}, 'value': '6.14'}, {'type': {'displayName': 'Length', 'value': 212}, 'value': '18.8'}, {'type': {'displayName': 'PassEndY', 'value': 141}, 'value': '66.6'}, {'type': {'displayName': 'Zone', 'value': 56}, 'value': 'Center'}]",True,,False,,,
1901403,SecondHalf,80,36.0,83,BallRecovery,Successful,276,Napoli,422739.0,Sam Beukema,24.3,39.0,,,,,,,[],False,,False,,,
1901403,SecondHalf,80,38.0,83,Pass,Successful,276,Napoli,422739.0,Sam Beukema,26.6,44.5,31.7,57.3,,,,,"[{'type': {'displayName': 'PassEndY', 'value': 141}, 'value': '57.3'}, {'type': {'displayName': 'PassEndX', 'value': 140}, 'value': '31.7'}, {'type': {'displayName': 'Length', 'value': 212}, 'value': '10.2'}, {'type': {'displayName': 'Zone', 'value': 56}, 'value': 'Back'}, {'type': {'displayName': 'Angle', 'value': 213}, 'value': '1.02'}]",True,,False,,,
1901403,SecondHalf,80,39.0,83,Pass,Successful,276,Napoli,395788.0,Miguel Gutiérrez,31.7,57.3,11.3,82.0,,,,,"[{'type': {'displayName': 'Angle', 'value': 213}, 'value': '2.48'}, {'type': {'displayName': 'Zone', 'value': 56}, 'value': 'Back'}, {'type': {'displayName': 'PassEndY', 'value': 141}, 'value': '82.0'}, {'type': {'displayName': 'Length', 'value': 212}, 'value': '27.2'}, {'type': {'displayName': 'PassEndX', 'value': 140}, 'value': '11.3'}]",True,,False,,,
1901403,SecondHalf,80,43.0,83,Pass,Successful,276,Napoli,92329.0,Leonardo Spinazzola,9.8,81.9,3.9,50.8,,,,,"[{'type': {'displayName': 'PassEndX', 'value': 140}, 'value': '3.9'}, {'type': {'displayName': 'Angle', 'value': 213}, 'value': '4.43'}, {'type': {'displayName': 'PassEndY', 'value': 141}, 'value': '50.8'}, {'type': {'displayName': 'Zone', 'value': 56}, 'value': 'Back'}, {'type': {'displayName': 'Length', 'value': 212}, 'value': '22.0'}]",True,,False,,,
1901403,SecondHalf,80,46.0,83,Pass,Successful,276,Napoli,149474.0,Vanja Milinkovic-Savic,5.5,46.8,9.3,25.3,,,,,"[{'type': {'displayName': 'PassEndX', 'value': 140}, 'value': '9.3'}, {'type': {'displayName': 'Zone', 'value': 56}, 'value': 'Back'}, {'type': {'displayName': 'Length', 'value': 212}, 'value': '15.2'}, {'type': {'displayName': 'Angle', 'value': 213}, 'value': '4.98'}, {'type': {'displayName': 'PassEndY', 'value': 141}, 'value': '25.3'}]",True,,False,,,
1901403,SecondHalf,80,47.0,83,Pass,Successful,276,Napoli,422739.0,Sam Beukema,9.3,25.3,22.0,33.9,,,,,"[{'type': {'displayName': 'Zone', 'value': 56}, 'value': 'Back'}, {'type': {'displayName': 'PassEndY', 'value': 141}, 'value': '33.9'}, {'type': {'displayName': 'Angle', 'value': 213}, 'value': '0.41'}, {'type': {'displayName': 'PassEndX', 'value': 140}, 'value': '22.0'}, {'type': {'displayName': 'Length', 'value': 212}, 'value': '14.6'}]",True,,False,,,
1901403,SecondHalf,80,49.0,83,Pass,Successful,276,Napoli,349561.0,Frank Anguissa,22.0,34.0,26.4,10.3,,,,,"[{'type': {'displayName': 'PassEndY', 'value': 141}, 'value': '10.3'}, {'type': {'displayName': 'Length', 'value': 212}, 'value': '16.8'}, {'type': {'displayName': 'PassEndX', 'value': 140}, 'value': '26.4'}, {'type': {'displayName': 'Zone', 'value': 56}, 'value': 'Back'}, {'type': {'displayName': 'Angle', 'value': 213}, 'value': '4.99'}]",True,,False,,,
1901403,SecondHalf,80,50.0,83,Pass,Unsuccessful,276,Napoli,122683.0,Matteo Politano,26.4,10.3,46.0,46.0,,,,,"[{'type': {'displayName': 'Angle', 'value': 213}, 'value': '0.87'}, {'type': {'displayName': 'Zone', 'value': 56}, 'value': 'Back'}, {'type': {'displayName': 'Longball', 'value': 1}}, {'type': {'displayName': 'PassEndX', 'value': 140}, 'value': '46.0'}, {'type': {'displayName': 'Length', 'value': 212}, 'value': '31.8'}, {'type': {'displayName': 'PassEndY', 'value': 141}, 'value': '46.0'}]",True,,False,,,
1901403,SecondHalf,80,53.0,83,BallTouch,Unsuccessful,1290,Como,516374.0,Jacobo Ramón,50.2,52.9,,,,,,,"[{'type': {'displayName': 'Zone', 'value': 56}, 'value': 'Center'}]",True,,False,,,
1901403,SecondHalf,80,54.0,83,BallTouch,Successful,276,Napoli,439584.0,Rasmus Højlund,45.9,46.0,,,,,,,"[{'type': {'displayName': 'Zone', 'value': 56}, 'value': 'Back'}]",True,,False,,,
1901403,SecondHalf,80,56.0,83,Pass,Successful,276,Napoli,111892.0,Stanislav Lobotka,37.7,55.3,42.7,78.6,,,,,"[{'type': {'displayName': 'Angle', 'value': 213}, 'value': '1.25'}, {'type': {'displayName': 'PassEndY', 'value': 141}, 'value': '78.6'}, {'type': {'displayName': 'Length', 'value': 212}, 'value': '16.7'}, {'type': {'displayName': 'Zone', 'value': 56}, 'value': 'Back'}, {'type': {'displayName': 'PassEndX', 'value': 140}, 'value': '42.7'}]",True,,False,,,
1901403,SecondHalf,81,7.0,84,Pass,Successful,276,Napoli,92329.0,Leonardo Spinazzola,97.3,88.0,81.7,45.1,,,,,"[{'type': {'displayName': 'Angle', 'value': 213}, 'value': '4.20'}, {'type': {'displayName': 'Chipped', 'value': 155}}, {'type': {'displayName': 'Cross', 'value': 2}}, {'type': {'displayName': 'Length', 'value': 212}, 'value': '33.5'}, {'type': {'displayName': 'PassEndY', 'value': 141}, 'value': '45.1'}, {'type': {'displayName': 'Zone', 'value': 56}, 'value': 'Center'}, {'type': {'displayName': 'LeftFoot', 'value': 72}}, {'type': {'displayName': 'PassEndX', 'value': 140}, 'value': '81.7'}, {'type': {'displayName': 'Longball', 'value': 1}}]",True,,False,,,
1901403,SecondHalf,81,10.0,84,BallTouch,Successful,276,Napoli,349561.0,Frank Anguissa,81.5,45.0,,,,,,,"[{'type': {'displayName': 'Zone', 'value': 56}, 'value': 'Center'}]",True,,False,,,
1901403,SecondHalf,81,12.0,84,Pass,Successful,276,Napoli,122683.0,Matteo Politano,76.3,19.6,63.7,27.9,,,,,"[{'type': {'displayName': 'PassEndX', 'value': 140}, 'value': '63.7'}, {'type': {'displayName': 'Zone', 'value': 56}, 'value': 'Center'}, {'type': {'displayName': 'Angle', 'value': 213}, 'value': '2.74'}, {'type': {'displayName': 'PassEndY', 'value': 141}, 'value': '27.9'}, {'type': {'displayName': 'Length', 'value': 212}, 'value': '14.4'}]",True,,False,,,
1901403,SecondHalf,81,15.0,84,Pass,Successful,276,Napoli,422739.0,Sam Beukema,68.4,28.8,75.5,32.7,,,,,"[{'type': {'displayName': 'PassEndY', 'value': 141}, 'value': '32.7'}, {'type': {'displayName': 'PassEndX', 'value': 140}, 'value': '75.5'}, {'type': {'displayName': 'Angle', 'value': 213}, 'value': '0.34'}, {'type': {'displayName': 'Zone', 'value': 56}, 'value': 'Center'}, {'type': {'displayName': 'Length', 'value': 212}, 'value': '7.9'}]",True,,False,,,
1901403,SecondHalf,81,17.0,84,Pass,Successful,276,Napoli,349561.0,Frank Anguissa,73.1,36.4,64.8,55.5,,,,,"[{'type': {'displayName': 'Length', 'value': 212}, 'value': '15.6'}, {'type': {'displayName': 'PassEndX', 'value': 140}, 'value': '64.8'}, {'type': {'displayName': 'Zone', 'value': 56}, 'value': 'Center'}, {'type': {'displayName': 'Angle', 'value': 213}, 'value': '2.16'}, {'type': {'displayName': 'PassEndY', 'value': 141}, 'value': '55.5'}]",True,,False,,,
1901403,SecondHalf,81,19.0,84,Pass,Successful,276,Napoli,333373.0,Alessandro Buongiorno,65.8,55.6,69.6,62.5,,,,,"[{'type': {'displayName': 'PassEndX', 'value': 140}, 'value': '69.6'}, {'type': {'displayName': 'Zone', 'value': 56}, 'value': 'Center'}, {'type': {'displayName': 'PassEndY', 'value': 141}, 'value': '62.5'}, {'type': {'displayName': 'Angle', 'value': 213}, 'value': '0.87'}, {'type': {'displayName': 'Length', 'value': 212}, 'value': '6.2'}]",True,,False,,,
1901403,SecondHalf,81,22.0,84,Pass,Successful,276,Napoli,395788.0,Miguel Gutiérrez,69.8,68.4,80.1,90.0,,,,,"[{'type': {'displayName': 'Angle', 'value': 213}, 'value': '0.94'}, {'type': {'displayName': 'Zone', 'value': 56}, 'value': 'Left'}, {'type': {'displayName': 'PassEndY', 'value': 141}, 'value': '90.0'}, {'type': {'displayName': 'Length', 'value': 212}, 'value': '18.2'}, {'type': {'displayName': 'PassEndX', 'value': 140}, 'value': '80.1'}]",True,,False,,,
1901403,SecondHalf,81,26.0,84,Pass,Successful,276,Napoli,557549.0,Alisson Santos,84.0,85.3,75.6,85.0,,,,,"[{'type': {'displayName': 'Angle', 'value': 213}, 'value': '3.16'}, {'type': {'displayName': 'PassEndY', 'value': 141}, 'value': '85.0'}, {'type': {'displayName': 'Length', 'value': 212}, 'value': '8.8'}, {'type': {'displayName': 'PassEndX', 'value': 140}, 'value': '75.6'}, {'type': {'displayName': 'Zone', 'value': 56}, 'value': 'Left'}]",True,,False,,,
1901403,SecondHalf,81,29.0,84,Pass,Successful,276,Napoli,395788.0,Miguel Gutiérrez,74.9,85.0,95.1,82.2,,,,,"[{'type': {'displayName': 'PassEndX', 'value': 140}, 'value': '95.1'}, {'type': {'displayName': 'Zone', 'value': 56}, 'value': 'Left'}, {'type': {'displayName': 'Angle', 'value': 213}, 'value': '6.19'}, {'type': {'displayName': 'Length', 'value': 212}, 'value': '21.3'}, {'type': {'displayName': 'PassEndY', 'value': 141}, 'value': '82.2'}]",True,,False,,,
1901403,SecondHalf,81,31.0,84,Pass,Successful,276,Napoli,92329.0,Leonardo Spinazzola,96.7,82.8,90.5,40.6,,,,,"[{'type': {'displayName': 'PassEndX', 'value': 140}, 'value': '90.5'}, {'type': {'displayName': 'PassEndY', 'value': 141}, 'value': '40.6'}, {'type': {'displayName': 'LeftFoot', 'value': 72}}, {'type': {'displayName': 'Angle', 'value': 213}, 'value': '4.49'}, {'type': {'displayName': 'Length', 'value': 212}, 'value': '29.4'}, {'type': {'displayName': 'Chipped', 'value': 155}}, {'type': {'displayName': 'Cross', 'value': 2}}, {'type': {'displayName': 'Zone', 'value': 56}, 'value': 'Center'}]",True,,False,,,
1901403,SecondHalf,81,33.0,84,Aerial,Successful,276,Napoli,122683.0,Matteo Politano,90.5,40.6,,,,,,,"[{'type': {'displayName': 'Offensive', 'value': 286}}, {'type': {'displayName': 'OppositeRelatedEvent', 'value': 233}, 'value': '741'}, {'type': {'displayName': 'Zone', 'value': 56}, 'value': 'Center'}]",False,,False,,,
1901403,SecondHalf,81,33.0,84,Aerial,Unsuccessful,1290,Como,113275.0,Alberto Moreno,9.5,59.4,,,,,,,"[{'type': {'displayName': 'Zone', 'value': 56}, 'value': 'Back'}, {'type': {'displayName': 'OppositeRelatedEvent', 'value': 233}, 'value': '574'}, {'type': {'displayName': 'Defensive', 'value': 285}}]",False,,False,,,
1901403,SecondHalf,81,34.0,84,BallTouch,Unsuccessful,276,Napoli,122683.0,Matteo Politano,90.5,40.6,,,,,,,"[{'type': {'displayName': 'Zone', 'value': 56}, 'value': 'Center'}]",True,,False,,,
1901403,SecondHalf,81,38.0,84,BallRecovery,Successful,1290,Como,539559.0,Jesús Rodríguez,21.3,89.2,,,,,,,[],False,,False,,,
1901403,SecondHalf,81,40.0,84,Pass,Successful,1290,Como,539559.0,Jesús Rodríguez,27.1,90.3,14.2,86.1,,,,,"[{'type': {'displayName': 'PassEndY', 'value': 141}, 'value': '86.1'}, {'type': {'displayName': 'Length', 'value': 212}, 'value': '13.8'}, {'type': {'displayName': 'Angle', 'value': 213}, 'value': '3.35'}, {'type': {'displayName': 'PassEndX', 'value': 140}, 'value': '14.2'}, {'type': {'displayName': 'Zone', 'value': 56}, 'value': 'Back'}]",True,,False,,,
1901403,SecondHalf,81,43.0,84,Pass,Successful,1290,Como,113275.0,Alberto Moreno,14.2,86.1,41.8,88.2,,,,,"[{'type': {'displayName': 'Chipped', 'value': 155}}, {'type': {'displayName': 'PassEndX', 'value': 140}, 'value': '41.8'}, {'type': {'displayName': 'Zone', 'value': 56}, 'value': 'Back'}, {'type': {'displayName': 'Length', 'value': 212}, 'value': '29.0'}, {'type': {'displayName': 'Angle', 'value': 213}, 'value': '0.05'}, {'type': {'displayName': 'PassEndY', 'value': 141}, 'value': '88.2'}]",True,,False,,,
1901403,SecondHalf,81,49.0,84,Pass,Successful,1290,Como,539559.0,Jesús Rodríguez,40.7,66.0,49.3,52.6,,,,,"[{'type': {'displayName': 'PassEndX', 'value': 140}, 'value': '49.3'}, {'type': {'displayName': 'PassEndY', 'value': 141}, 'value': '52.6'}, {'type': {'displayName': 'Angle', 'value': 213}, 'value': '5.49'}, {'type': {'displayName': 'Zone', 'value': 56}, 'value': 'Back'}, {'type': {'displayName': 'Length', 'value': 212}, 'value': '12.8'}]",True,,False,,,
1901403,SecondHalf,81,50.0,84,Pass,Successful,1290,Como,448659.0,Nico Paz,56.3,57.0,75.0,82.9,,,,,"[{'type': {'displayName': 'Angle', 'value': 213}, 'value': '0.73'}, {'type': {'displayName': 'Length', 'value': 212}, 'value': '26.4'}, {'type': {'displayName': 'Zone', 'value': 56}, 'value': 'Left'}, {'type': {'displayName': 'PassEndY', 'value': 141}, 'value': '82.9'}, {'type': {'displayName': 'PassEndX', 'value': 140}, 'value': '75.0'}]",True,,False,,,
1901403,SecondHalf,81,57.0,84,Pass,Unsuccessful,1290,Como,91213.0,Álvaro Morata,79.8,78.4,85.3,66.9,,,,,"[{'type': {'displayName': 'PassEndY', 'value': 141}, 'value': '66.9'}, {'type': {'displayName': 'PassEndX', 'value': 140}, 'value': '85.3'}, {'type': {'displayName': 'Length', 'value': 212}, 'value': '9.7'}, {'type': {'displayName': 'Chipped', 'value': 155}}, {'type': {'displayName': 'Zone', 'value': 56}, 'value': 'Center'}, {'type': {'displayName': 'Angle', 'value': 213}, 'value': '5.35'}]",True,,False,,,
1901403,SecondHalf,81,58.0,84,BallTouch,Successful,276,Napoli,333373.0,Alessandro Buongiorno,14.7,23.5,,,,,,,"[{'type': {'displayName': 'Zone', 'value': 56}, 'value': 'Back'}]",True,,False,,,
1901403,SecondHalf,81,59.0,84,KeeperPickup,Successful,276,Napoli,149474.0,Vanja Milinkovic-Savic,3.9,42.3,,,,,,,[],False,,False,,,
1901403,SecondHalf,82,14.0,85,Pass,Successful,276,Napoli,149474.0,Vanja Milinkovic-Savic,8.5,42.6,7.4,75.7,,,,,"[{'type': {'displayName': 'Zone', 'value': 56}, 'value': 'Back'}, {'type': {'displayName': 'PassEndX', 'value': 140}, 'value': '7.4'}, {'type': {'displayName': 'Length', 'value': 212}, 'value': '22.5'}, {'type': {'displayName': 'PassEndY', 'value': 141}, 'value': '75.7'}, {'type': {'displayName': 'Angle', 'value': 213}, 'value': '1.62'}]",True,,False,,,
1901403,SecondHalf,82,16.0,85,Pass,Successful,276,Napoli,395788.0,Miguel Gutiérrez,6.8,75.9,20.1,93.3,,,,,"[{'type': {'displayName': 'Angle', 'value': 213}, 'value': '0.70'}, {'type': {'displayName': 'Zone', 'value': 56}, 'value': 'Back'}, {'type': {'displayName': 'PassEndX', 'value': 140}, 'value': '20.1'}, {'type': {'displayName': 'Length', 'value': 212}, 'value': '18.3'}, {'type': {'displayName': 'PassEndY', 'value': 141}, 'value': '93.3'}]",True,,False,,,
1901403,SecondHalf,82,21.0,85,Pass,Successful,276,Napoli,92329.0,Leonardo Spinazzola,41.0,84.7,45.8,57.7,,,,,"[{'type': {'displayName': 'PassEndY', 'value': 141}, 'value': '57.7'}, {'type': {'displayName': 'Length', 'value': 212}, 'value': '19.0'}, {'type': {'displayName': 'Angle', 'value': 213}, 'value': '4.98'}, {'type': {'displayName': 'PassEndX', 'value': 140}, 'value': '45.8'}, {'type': {'displayName': 'Zone', 'value': 56}, 'value': 'Back'}]",True,,False,,,
1901403,SecondHalf,82,23.0,85,Pass,Successful,276,Napoli,349561.0,Frank Anguissa,47.4,64.2,55.1,94.6,,,,,"[{'type': {'displayName': 'Angle', 'value': 213}, 'value': '1.20'}, {'type': {'displayName': 'Length', 'value': 212}, 'value': '22.2'}, {'type': {'displayName': 'PassEndY', 'value': 141}, 'value': '94.6'}, {'type': {'displayName': 'Zone', 'value': 56}, 'value': 'Left'}, {'type': {'displayName': 'PassEndX', 'value': 140}, 'value': '55.1'}]",True,,False,,,
1901403,SecondHalf,82,27.0,85,Pass,Successful,276,Napoli,557549.0,Alisson Santos,57.4,94.9,43.2,89.8,,,,,"[{'type': {'displayName': 'Length', 'value': 212}, 'value': '15.3'}, {'type': {'displayName': 'PassEndX', 'value': 140}, 'value': '43.2'}, {'type': {'displayName': 'Angle', 'value': 213}, 'value': '3.37'}, {'type': {'displayName': 'PassEndY', 'value': 141}, 'value': '89.8'}, {'type': {'displayName': 'Zone', 'value': 56}, 'value': 'Back'}]",True,,False,,,
1901403,SecondHalf,82,29.0,85,Pass,Successful,276,Napoli,92329.0,Leonardo Spinazzola,40.6,88.0,35.6,49.3,,,,,"[{'type': {'displayName': 'Length', 'value': 212}, 'value': '26.8'}, {'type': {'displayName': 'PassEndX', 'value': 140}, 'value': '35.6'}, {'type': {'displayName': 'PassEndY', 'value': 141}, 'value': '49.3'}, {'type': {'displayName': 'Angle', 'value': 213}, 'value': '4.52'}, {'type': {'displayName': 'Zone', 'value': 56}, 'value': 'Back'}]",True,,False,,,
1901403,SecondHalf,82,32.0,85,Pass,Successful,276,Napoli,333373.0,Alessandro Buongiorno,36.0,47.7,32.5,24.0,,,,,"[{'type': {'displayName': 'Angle', 'value': 213}, 'value': '4.49'}, {'type': {'displayName': 'Length', 'value': 212}, 'value': '16.5'}, {'type': {'displayName': 'PassEndX', 'value': 140}, 'value': '32.5'}, {'type': {'displayName': 'Zone', 'value': 56}, 'value': 'Back'}, {'type': {'displayName': 'PassEndY', 'value': 141}, 'value': '24.0'}]",True,,False,,,
1901403,SecondHalf,82,35.0,85,Pass,Successful,276,Napoli,422739.0,Sam Beukema,32.5,24.1,36.9,45.0,,,,,"[{'type': {'displayName': 'Length', 'value': 212}, 'value': '14.9'}, {'type': {'displayName': 'Angle', 'value': 213}, 'value': '1.26'}, {'type': {'displayName': 'Zone', 'value': 56}, 'value': 'Back'}, {'type': {'displayName': 'PassEndY', 'value': 141}, 'value': '45.0'}, {'type': {'displayName': 'PassEndX', 'value': 140}, 'value': '36.9'}]",True,,False,,,
1901403,SecondHalf,82,36.0,85,Pass,Successful,276,Napoli,333373.0,Alessandro Buongiorno,38.7,45.1,40.3,61.0,,,,,"[{'type': {'displayName': 'PassEndY', 'value': 141}, 'value': '61.0'}, {'type': {'displayName': 'Length', 'value': 212}, 'value': '10.9'}, {'type': {'displayName': 'PassEndX', 'value': 140}, 'value': '40.3'}, {'type': {'displayName': 'Zone', 'value': 56}, 'value': 'Back'}, {'type': {'displayName': 'Angle', 'value': 213}, 'value': '1.42'}]",True,,False,,,
1901403,SecondHalf,82,39.0,85,Pass,Successful,276,Napoli,395788.0,Miguel Gutiérrez,45.0,65.7,95.5,96.9,,,,,"[{'type': {'displayName': 'Chipped', 'value': 155}}, {'type': {'displayName': 'Length', 'value': 212}, 'value': '57.1'}, {'type': {'displayName': 'Angle', 'value': 213}, 'value': '0.38'}, {'type': {'displayName': 'Longball', 'value': 1}}, {'type': {'displayName': 'PassEndY', 'value': 141}, 'value': '96.9'}, {'type': {'displayName': 'Zone', 'value': 56}, 'value': 'Left'}, {'type': {'displayName': 'PassEndX', 'value': 140}, 'value': '95.5'}]",True,,False,,,
1901403,SecondHalf,82,47.0,85,Pass,Successful,276,Napoli,557549.0,Alisson Santos,87.1,82.9,80.7,66.1,,,,,"[{'type': {'displayName': 'PassEndX', 'value': 140}, 'value': '80.7'}, {'type': {'displayName': 'ShotAssist', 'value': 210}, 'value': '15'}, {'type': {'displayName': 'Angle', 'value': 213}, 'value': '4.18'}, {'type': {'displayName': 'PassEndY', 'value': 141}, 'value': '66.1'}, {'type': {'displayName': 'Zone', 'value': 56}, 'value': 'Center'}, {'type': {'displayName': 'Length', 'value': 212}, 'value': '13.3'}, {'type': {'displayName': 'KeyPass', 'value': 11113}}]",True,,False,,,
1901403,SecondHalf,82,49.0,85,SavedShot,Successful,276,Napoli,92329.0,Leonardo Spinazzola,78.4,59.9,,,50.4,19.0,81.6,58.5,"[{'type': {'displayName': 'Zone', 'value': 56}, 'value': 'Center'}, {'type': {'displayName': 'OppositeRelatedEvent', 'value': 233}, 'value': '748'}, {'type': {'displayName': 'Blocked', 'value': 82}}, {'type': {'displayName': 'BlockedX', 'value': 146}, 'value': '81.6'}, {'type': {'displayName': 'LowCentre', 'value': 78}}, {'type': {'displayName': 'Assisted', 'value': 29}}, {'type': {'displayName': 'OutOfBoxCentre', 'value': 18}}, {'type': {'displayName': 'BlockedY', 'value': 147}, 'value': '58.5'}, {'type': {'displayName': 'RelatedEventId', 'value': 55}, 'value': '588'}, {'type': {'displayName': 'IndividualPlay', 'value': 215}}, {'type': {'displayName': 'GoalMouthZ', 'value': 103}, 'value': '19'}, {'type': {'displayName': 'RightFoot', 'value': 20}}, {'type': {'displayName': 'RegularPlay', 'value': 22}}, {'type': {'displayName': 'GoalMouthY', 'value': 102}, 'value': '50.4'}]",True,True,False,,588.0,557549.0
1901403,SecondHalf,82,49.0,85,Save,Successful,1290,Como,516374.0,Jacobo Ramón,18.2,41.9,,,,,,,"[{'type': {'displayName': 'OppositeRelatedEvent', 'value': 233}, 'value': '589'}, {'type': {'displayName': 'OutfielderBlock', 'value': 94}}, {'type': {'displayName': 'Zone', 'value': 56}, 'value': 'Back'}]",True,,False,,,
1901403,SecondHalf,82,53.0,85,BallRecovery,Successful,1290,Como,448659.0,Nico Paz,37.5,39.0,,,,,,,[],False,,False,,,
1901403,SecondHalf,82,53.0,85,Pass,Successful,1290,Como,448659.0,Nico Paz,40.2,38.8,48.8,11.4,,,,,"[{'type': {'displayName': 'PassEndY', 'value': 141}, 'value': '11.4'}, {'type': {'displayName': 'Angle', 'value': 213}, 'value': '5.16'}, {'type': {'displayName': 'PassEndX', 'value': 140}, 'value': '48.8'}, {'type': {'displayName': 'Length', 'value': 212}, 'value': '20.7'}, {'type': {'displayName': 'Zone', 'value': 56}, 'value': 'Back'}]",True,,False,,,
1901403,SecondHalf,83,1.0,86,Pass,Successful,1290,Como,502427.0,Assane Diao,72.8,35.5,70.7,52.0,,,,,"[{'type': {'displayName': 'Angle', 'value': 213}, 'value': '1.76'}, {'type': {'displayName': 'Zone', 'value': 56}, 'value': 'Center'}, {'type': {'displayName': 'PassEndY', 'value': 141}, 'value': '52.0'}, {'type': {'displayName': 'Length', 'value': 212}, 'value': '11.4'}, {'type': {'displayName': 'PassEndX', 'value': 140}, 'value': '70.7'}]",True,,False,,,
1901403,SecondHalf,83,3.0,86,Pass,Successful,1290,Como,448659.0,Nico Paz,70.7,52.0,80.9,69.4,,,,,"[{'type': {'displayName': 'PassEndX', 'value': 140}, 'value': '80.9'}, {'type': {'displayName': 'Zone', 'value': 56}, 'value': 'Center'}, {'type': {'displayName': 'Length', 'value': 212}, 'value': '16.0'}, {'type': {'displayName': 'PassEndY', 'value': 141}, 'value': '69.4'}, {'type': {'displayName': 'Angle', 'value': 213}, 'value': '0.84'}]",True,,False,,,
1901403,SecondHalf,83,6.0,86,BallTouch,Unsuccessful,1290,Como,539559.0,Jesús Rodríguez,81.5,69.4,,,,,,,"[{'type': {'displayName': 'Zone', 'value': 56}, 'value': 'Center'}]",True,,False,,,
1901403,SecondHalf,83,7.0,86,BallRecovery,Successful,276,Napoli,122683.0,Matteo Politano,13.4,24.7,,,,,,,[],False,,False,,,
1901403,SecondHalf,83,8.0,86,Pass,Successful,276,Napoli,122683.0,Matteo Politano,27.8,16.2,42.5,15.1,,,,,"[{'type': {'displayName': 'Length', 'value': 212}, 'value': '15.5'}, {'type': {'displayName': 'PassEndX', 'value': 140}, 'value': '42.5'}, {'type': {'displayName': 'Angle', 'value': 213}, 'value': '6.23'}, {'type': {'displayName': 'PassEndY', 'value': 141}, 'value': '15.1'}, {'type': {'displayName': 'Zone', 'value': 56}, 'value': 'Back'}]",True,,False,,,
1901403,SecondHalf,83,16.0,86,Pass,Successful,276,Napoli,336915.0,Scott McTominay,81.5,14.2,79.6,39.7,,,,,"[{'type': {'displayName': 'Zone', 'value': 56}, 'value': 'Center'}, {'type': {'displayName': 'Angle', 'value': 213}, 'value': '1.69'}, {'type': {'displayName': 'Length', 'value': 212}, 'value': '17.5'}, {'type': {'displayName': 'PassEndX', 'value': 140}, 'value': '79.6'}, {'type': {'displayName': 'PassEndY', 'value': 141}, 'value': '39.7'}]",True,,False,,,
1901403,SecondHalf,83,21.0,86,Pass,Successful,276,Napoli,439584.0,Rasmus Højlund,82.3,59.1,86.5,68.1,,,,,"[{'type': {'displayName': 'Length', 'value': 212}, 'value': '7.5'}, {'type': {'displayName': 'PassEndX', 'value': 140}, 'value': '86.5'}, {'type': {'displayName': 'PassEndY', 'value': 141}, 'value': '68.1'}, {'type': {'displayName': 'Zone', 'value': 56}, 'value': 'Center'}, {'type': {'displayName': 'Angle', 'value': 213}, 'value': '0.95'}]",True,,False,,,
1901403,SecondHalf,83,25.0,86,Pass,Successful,276,Napoli,557549.0,Alisson Santos,81.7,63.6,77.4,77.7,,,,,"[{'type': {'displayName': 'Angle', 'value': 213}, 'value': '2.01'}, {'type': {'displayName': 'PassEndY', 'value': 141}, 'value': '77.7'}, {'type': {'displayName': 'Zone', 'value': 56}, 'value': 'Center'}, {'type': {'displayName': 'PassEndX', 'value': 140}, 'value': '77.4'}, {'type': {'displayName': 'Length', 'value': 212}, 'value': '10.6'}]",True,,False,,,
1901403,SecondHalf,83,28.0,86,Pass,Successful,276,Napoli,92329.0,Leonardo Spinazzola,73.9,76.6,63.0,36.3,,,,,"[{'type': {'displayName': 'PassEndX', 'value': 140}, 'value': '63.0'}, {'type': {'displayName': 'Length', 'value': 212}, 'value': '29.7'}, {'type': {'displayName': 'PassEndY', 'value': 141}, 'value': '36.3'}, {'type': {'displayName': 'Angle', 'value': 213}, 'value': '4.32'}, {'type': {'displayName': 'Zone', 'value': 56}, 'value': 'Center'}]",True,,False,,,
1901403,SecondHalf,83,31.0,86,Pass,Successful,276,Napoli,349561.0,Frank Anguissa,67.2,33.6,74.7,13.8,,,,,"[{'type': {'displayName': 'PassEndY', 'value': 141}, 'value': '13.8'}, {'type': {'displayName': 'PassEndX', 'value': 140}, 'value': '74.7'}, {'type': {'displayName': 'ShotAssist', 'value': 210}, 'value': '14'}, {'type': {'displayName': 'Length', 'value': 212}, 'value': '15.6'}, {'type': {'displayName': 'Angle', 'value': 213}, 'value': '5.24'}, {'type': {'displayName': 'Zone', 'value': 56}, 'value': 'Right'}, {'type': {'displayName': 'KeyPass', 'value': 11113}}]",True,,False,,,
1901403,SecondHalf,83,37.0,86,ShotOnPost,Successful,276,Napoli,122683.0,Matteo Politano,78.8,34.0,,,55.5,16.5,,,"[{'type': {'displayName': 'LeftFoot', 'value': 72}}, {'type': {'displayName': 'IndividualPlay', 'value': 215}}, {'type': {'displayName': 'Zone', 'value': 56}, 'value': 'Center'}, {'type': {'displayName': 'Assisted', 'value': 29}}, {'type': {'displayName': 'RelatedEventId', 'value': 55}, 'value': '596'}, {'type': {'displayName': 'MissLeft', 'value': 73}}, {'type': {'displayName': 'GoalMouthZ', 'value': 103}, 'value': '16.5'}, {'type': {'displayName': 'RegularPlay', 'value': 22}}, {'type': {'displayName': 'OutOfBoxCentre', 'value': 18}}, {'type': {'displayName': 'GoalMouthY', 'value': 102}, 'value': '55.5'}]",True,True,False,,596.0,349561.0
1901403,SecondHalf,83,44.0,86,TakeOn,Unsuccessful,276,Napoli,557549.0,Alisson Santos,91.6,73.5,,,,,,,"[{'type': {'displayName': 'Offensive', 'value': 286}}, {'type': {'displayName': 'OppositeRelatedEvent', 'value': 233}, 'value': '755'}, {'type': {'displayName': 'Zone', 'value': 56}, 'value': 'Center'}]",True,,False,,,
1901403,SecondHalf,83,44.0,86,Tackle,Successful,1290,Como,531127.0,Ivan Smolcic,8.4,26.5,,,,,,,"[{'type': {'displayName': 'Defensive', 'value': 285}}, {'type': {'displayName': 'StandingSave', 'value': 178}}, {'type': {'displayName': 'Zone', 'value': 56}, 'value': 'Back'}, {'type': {'displayName': 'OppositeRelatedEvent', 'value': 233}, 'value': '598'}]",True,,False,,,
1901403,SecondHalf,83,47.0,86,BallRecovery,Successful,1290,Como,502427.0,Assane Diao,20.0,30.4,,,,,,,[],False,,False,,,
1901403,SecondHalf,83,53.0,86,Foul,Successful,1290,Como,502427.0,Assane Diao,20.4,28.4,,,,,,,"[{'type': {'displayName': 'Defensive', 'value': 285}}, {'type': {'displayName': 'Foul', 'value': 13}}, {'type': {'displayName': 'Zone', 'value': 56}, 'value': 'Back'}, {'type': {'displayName': 'OppositeRelatedEvent', 'value': 233}, 'value': '600'}]",True,,False,,,
1901403,SecondHalf,83,53.0,86,Foul,Unsuccessful,276,Napoli,395788.0,Miguel Gutiérrez,79.6,71.6,,,,,,,"[{'type': {'displayName': 'StandingSave', 'value': 178}}, {'type': {'displayName': 'Foul', 'value': 13}}, {'type': {'displayName': 'Offensive', 'value': 286}}, {'type': {'displayName': 'Zone', 'value': 56}, 'value': 'Center'}, {'type': {'displayName': 'OppositeRelatedEvent', 'value': 233}, 'value': '757'}]",False,,False,,,
1901403,SecondHalf,85,10.0,88,SubstitutionOff,Successful,1290,Como,502427.0,Assane Diao,0.0,0.0,,,,,,,"[{'type': {'displayName': 'RelatedEventId', 'value': 55}, 'value': '759'}, {'type': {'displayName': 'JerseyNumber', 'value': 59}, 'value': '38'}, {'type': {'displayName': 'PlayerPosition', 'value': 44}, 'value': 'Forward'}]",False,,False,,759.0,228854.0
1901403,SecondHalf,85,10.0,88,SubstitutionOn,Successful,1290,Como,228854.0,Mërgim Vojvoda,0.0,0.0,,,,,,,"[{'type': {'displayName': 'PlayerPosition', 'value': 44}, 'value': 'Midfielder'}, {'type': {'displayName': 'RelatedEventId', 'value': 55}, 'value': '758'}, {'type': {'displayName': 'JerseyNumber', 'value': 59}, 'value': '31'}, {'type': {'displayName': 'FormationSlot', 'value': 145}, 'value': '7'}]",False,,False,,758.0,502427.0
1901403,SecondHalf,85,29.0,88,SubstitutionOff,Successful,1290,Como,379615.0,Lucas da Cunha,0.0,0.0,,,,,,,"[{'type': {'displayName': 'PlayerPosition', 'value': 44}, 'value': 'Midfielder'}, {'type': {'displayName': 'RelatedEventId', 'value': 55}, 'value': '761'}, {'type': {'displayName': 'JerseyNumber', 'value': 59}, 'value': '33'}]",False,,False,,761.0,90782.0
1901403,SecondHalf,85,29.0,88,SubstitutionOn,Successful,1290,Como,90782.0,Sergi Roberto,0.0,0.0,,,,,,,"[{'type': {'displayName': 'PlayerPosition', 'value': 44}, 'value': 'Midfielder'}, {'type': {'displayName': 'FormationSlot', 'value': 145}, 'value': '4'}, {'type': {'displayName': 'RelatedEventId', 'value': 55}, 'value': '760'}, {'type': {'displayName': 'JerseyNumber', 'value': 59}, 'value': '8'}]",False,,False,,760.0,379615.0
1901403,SecondHalf,85,32.0,88,FormationChange,Successful,1290,Como,,,0.0,0.0,,,,,,,"[{'type': {'displayName': 'TeamPlayerFormation', 'value': 131}, 'value': '1, 2, 3, 4, 5, 6, 7, 8, 9, 10, 11, 0, 0, 0, 0, 0, 0, 0, 0, 0'}, {'type': {'displayName': 'TeamFormation', 'value': 130}, 'value': '8'}, {'type': {'displayName': 'JerseyNumber', 'value': 59}, 'value': '1, 28, 18, 8, 14, 34, 31, 23, 7, 10, 17, 21, 22, 44, 2, 5, 6, 15, 19, 77'}, {'type': {'displayName': 'InvolvedPlayers', 'value': 30}, 'value': '256536,531127,113275,90782,516374,134984,228854,433972,91213,448659,539559,426515,34133,427499,116465,118148,368272,607629,420245,402849'}, {'type': {'displayName': 'PlayerPosition', 'value': 44}, 'value': '1, 2, 2, 3, 2, 2, 3, 3, 4, 3, 3, 5, 5, 5, 5, 5, 5, 5, 5, 5'}, {'type': {'displayName': 'CaptainPlayerId', 'value': 194}, 'value': '90782'}]",False,,False,,,
1901403,SecondHalf,85,47.0,88,Pass,Successful,1290,Como,516374.0,Jacobo Ramón,22.0,26.7,25.6,63.1,,,,,"[{'type': {'displayName': 'Angle', 'value': 213}, 'value': '1.42'}, {'type': {'displayName': 'FreekickTaken', 'value': 5}}, {'type': {'displayName': 'Length', 'value': 212}, 'value': '25.0'}, {'type': {'displayName': 'Zone', 'value': 56}, 'value': 'Back'}, {'type': {'displayName': 'PassEndY', 'value': 141}, 'value': '63.1'}, {'type': {'displayName': 'PassEndX', 'value': 140}, 'value': '25.6'}]",True,,False,,,
1901403,SecondHalf,85,50.0,88,Pass,Successful,1290,Como,433972.0,Máximo Perrone,25.6,63.1,29.5,57.6,,,,,"[{'type': {'displayName': 'PassEndX', 'value': 140}, 'value': '29.5'}, {'type': {'displayName': 'Zone', 'value': 56}, 'value': 'Back'}, {'type': {'displayName': 'PassEndY', 'value': 141}, 'value': '57.6'}, {'type': {'displayName': 'Length', 'value': 212}, 'value': '5.5'}, {'type': {'displayName': 'Angle', 'value': 213}, 'value': '5.54'}]",True,,False,,,
1901403,SecondHalf,85,50.0,88,Pass,Successful,1290,Como,448659.0,Nico Paz,29.5,57.6,29.5,82.5,,,,,"[{'type': {'displayName': 'PassEndY', 'value': 141}, 'value': '82.5'}, {'type': {'displayName': 'Length', 'value': 212}, 'value': '16.9'}, {'type': {'displayName': 'Zone', 'value': 56}, 'value': 'Back'}, {'type': {'displayName': 'Angle', 'value': 213}, 'value': '1.57'}, {'type': {'displayName': 'PassEndX', 'value': 140}, 'value': '29.5'}]",True,,False,,,
1901403,SecondHalf,85,53.0,88,Pass,Successful,1290,Como,134984.0,Diego Carlos,29.0,82.2,7.2,45.0,,,,,"[{'type': {'displayName': 'Length', 'value': 212}, 'value': '34.1'}, {'type': {'displayName': 'Angle', 'value': 213}, 'value': '3.98'}, {'type': {'displayName': 'PassEndX', 'value': 140}, 'value': '7.2'}, {'type': {'displayName': 'Longball', 'value': 1}}, {'type': {'displayName': 'Zone', 'value': 56}, 'value': 'Back'}, {'type': {'displayName': 'PassEndY', 'value': 141}, 'value': '45.0'}]",True,,False,,,
1901403,SecondHalf,85,56.0,88,Pass,Successful,1290,Como,256536.0,Jean Butez,7.5,45.0,17.8,25.0,,,,,"[{'type': {'displayName': 'PassEndY', 'value': 141}, 'value': '25.0'}, {'type': {'displayName': 'Zone', 'value': 56}, 'value': 'Back'}, {'type': {'displayName': 'Angle', 'value': 213}, 'value': '5.38'}, {'type': {'displayName': 'PassEndX', 'value': 140}, 'value': '17.8'}, {'type': {'displayName': 'Length', 'value': 212}, 'value': '17.4'}]",True,,False,,,
1901403,SecondHalf,85,58.0,88,Pass,Successful,1290,Como,516374.0,Jacobo Ramón,18.4,24.0,26.0,8.7,,,,,"[{'type': {'displayName': 'Length', 'value': 212}, 'value': '13.1'}, {'type': {'displayName': 'Zone', 'value': 56}, 'value': 'Back'}, {'type': {'displayName': 'Angle', 'value': 213}, 'value': '5.37'}, {'type': {'displayName': 'PassEndY', 'value': 141}, 'value': '8.7'}, {'type': {'displayName': 'PassEndX', 'value': 140}, 'value': '26.0'}]",True,,False,,,
1901403,SecondHalf,86,0.0,89,Pass,Successful,1290,Como,531127.0,Ivan Smolcic,26.0,8.7,39.2,5.4,,,,,"[{'type': {'displayName': 'PassEndX', 'value': 140}, 'value': '39.2'}, {'type': {'displayName': 'Zone', 'value': 56}, 'value': 'Back'}, {'type': {'displayName': 'PassEndY', 'value': 141}, 'value': '5.4'}, {'type': {'displayName': 'Length', 'value': 212}, 'value': '14.0'}, {'type': {'displayName': 'Angle', 'value': 213}, 'value': '6.12'}]",True,,False,,,
1901403,SecondHalf,86,3.0,89,Pass,Successful,1290,Como,228854.0,Mërgim Vojvoda,35.5,9.6,8.7,42.6,,,,,"[{'type': {'displayName': 'Length', 'value': 212}, 'value': '36.0'}, {'type': {'displayName': 'PassEndY', 'value': 141}, 'value': '42.6'}, {'type': {'displayName': 'Angle', 'value': 213}, 'value': '2.47'}, {'type': {'displayName': 'Zone', 'value': 56}, 'value': 'Back'}, {'type': {'displayName': 'Longball', 'value': 1}}, {'type': {'displayName': 'PassEndX', 'value': 140}, 'value': '8.7'}]",True,,False,,,
1901403,SecondHalf,86,9.0,89,Pass,Successful,1290,Como,256536.0,Jean Butez,8.7,42.6,60.2,12.4,,,,,"[{'type': {'displayName': 'PassEndX', 'value': 140}, 'value': '60.2'}, {'type': {'displayName': 'Zone', 'value': 56}, 'value': 'Right'}, {'type': {'displayName': 'Length', 'value': 212}, 'value': '57.8'}, {'type': {'displayName': 'PassEndY', 'value': 141}, 'value': '12.4'}, {'type': {'displayName': 'Angle', 'value': 213}, 'value': '5.92'}, {'type': {'displayName': 'Longball', 'value': 1}}, {'type': {'displayName': 'Chipped', 'value': 155}}]",True,,False,,,
1901403,SecondHalf,86,12.0,89,BallTouch,Unsuccessful,1290,Como,228854.0,Mërgim Vojvoda,58.8,12.4,,,,,,,"[{'type': {'displayName': 'Zone', 'value': 56}, 'value': 'Right'}]",True,,False,,,
1901403,SecondHalf,86,24.0,89,Pass,Successful,276,Napoli,92329.0,Leonardo Spinazzola,46.4,100.0,40.7,92.4,,,,,"[{'type': {'displayName': 'PassEndX', 'value': 140}, 'value': '40.7'}, {'type': {'displayName': 'PassEndY', 'value': 141}, 'value': '92.4'}, {'type': {'displayName': 'Zone', 'value': 56}, 'value': 'Back'}, {'type': {'displayName': 'Length', 'value': 212}, 'value': '8.7'}, {'type': {'displayName': 'ThrowIn', 'value': 107}}, {'type': {'displayName': 'Angle', 'value': 213}, 'value': '3.95'}]",True,,False,,,
1901403,SecondHalf,86,29.0,89,BallTouch,Successful,276,Napoli,395788.0,Miguel Gutiérrez,42.4,93.6,,,,,,,"[{'type': {'displayName': 'Zone', 'value': 56}, 'value': 'Back'}]",True,,False,,,
1901403,SecondHalf,86,30.0,89,BallRecovery,Successful,1290,Como,228854.0,Mërgim Vojvoda,63.4,9.7,,,,,,,[],False,,False,,,
1901403,SecondHalf,86,30.0,89,Pass,Successful,1290,Como,228854.0,Mërgim Vojvoda,63.4,9.7,65.7,18.3,,,,,"[{'type': {'displayName': 'PassEndY', 'value': 141}, 'value': '18.3'}, {'type': {'displayName': 'Angle', 'value': 213}, 'value': '1.18'}, {'type': {'displayName': 'Zone', 'value': 56}, 'value': 'Right'}, {'type': {'displayName': 'PassEndX', 'value': 140}, 'value': '65.7'}, {'type': {'displayName': 'Length', 'value': 212}, 'value': '6.3'}]",True,,False,,,
1901403,SecondHalf,86,31.0,89,Pass,Successful,1290,Como,90782.0,Sergi Roberto,65.7,18.3,87.3,3.6,,,,,"[{'type': {'displayName': 'PassEndX', 'value': 140}, 'value': '87.3'}, {'type': {'displayName': 'Angle', 'value': 213}, 'value': '5.87'}, {'type': {'displayName': 'PassEndY', 'value': 141}, 'value': '3.6'}, {'type': {'displayName': 'Zone', 'value': 56}, 'value': 'Right'}, {'type': {'displayName': 'Length', 'value': 212}, 'value': '24.8'}]",True,,False,,,
1901403,SecondHalf,86,34.0,89,TakeOn,Unsuccessful,1290,Como,91213.0,Álvaro Morata,87.2,5.8,,,,,,,"[{'type': {'displayName': 'OppositeRelatedEvent', 'value': 233}, 'value': '606'}, {'type': {'displayName': 'Offensive', 'value': 286}}, {'type': {'displayName': 'Zone', 'value': 56}, 'value': 'Right'}]",True,,False,,,
1901403,SecondHalf,86,34.0,89,Tackle,Unsuccessful,276,Napoli,92329.0,Leonardo Spinazzola,12.8,94.2,,,,,,,"[{'type': {'displayName': 'Zone', 'value': 56}, 'value': 'Back'}, {'type': {'displayName': 'Defensive', 'value': 285}}, {'type': {'displayName': 'StandingSave', 'value': 178}}, {'type': {'displayName': 'OppositeRelatedEvent', 'value': 233}, 'value': '777'}]",True,,False,,,
1901403,SecondHalf,86,35.0,89,Pass,Unsuccessful,1290,Como,91213.0,Álvaro Morata,89.3,4.9,82.8,38.2,,,,,"[{'type': {'displayName': 'Length', 'value': 212}, 'value': '23.7'}, {'type': {'displayName': 'PassEndX', 'value': 140}, 'value': '82.8'}, {'type': {'displayName': 'PassEndY', 'value': 141}, 'value': '38.2'}, {'type': {'displayName': 'Zone', 'value': 56}, 'value': 'Center'}, {'type': {'displayName': 'Angle', 'value': 213}, 'value': '1.86'}]",True,,False,,,
1901403,SecondHalf,86,38.0,89,BallRecovery,Successful,276,Napoli,111892.0,Stanislav Lobotka,13.1,64.3,,,,,,,[],False,,False,,,
1901403,SecondHalf,86,38.0,89,Pass,Successful,276,Napoli,111892.0,Stanislav Lobotka,13.2,64.3,8.4,48.1,,,,,"[{'type': {'displayName': 'Length', 'value': 212}, 'value': '12.1'}, {'type': {'displayName': 'Zone', 'value': 56}, 'value': 'Back'}, {'type': {'displayName': 'PassEndY', 'value': 141}, 'value': '48.1'}, {'type': {'displayName': 'Angle', 'value': 213}, 'value': '4.28'}, {'type': {'displayName': 'PassEndX', 'value': 140}, 'value': '8.4'}]",True,,False,,,
1901403,SecondHalf,86,41.0,89,Pass,Unsuccessful,276,Napoli,422739.0,Sam Beukema,3.2,57.4,6.4,70.6,,,,,"[{'type': {'displayName': 'Chipped', 'value': 155}}, {'type': {'displayName': 'PassEndX', 'value': 140}, 'value': '6.4'}, {'type': {'displayName': 'Zone', 'value': 56}, 'value': 'Back'}, {'type': {'displayName': 'Angle', 'value': 213}, 'value': '1.21'}, {'type': {'displayName': 'PassEndY', 'value': 141}, 'value': '70.6'}, {'type': {'displayName': 'Length', 'value': 212}, 'value': '9.6'}]",True,,False,,,
1901403,SecondHalf,86,43.0,89,BallTouch,Successful,1290,Como,91213.0,Álvaro Morata,90.7,32.8,,,,,,,"[{'type': {'displayName': 'Zone', 'value': 56}, 'value': 'Center'}]",True,,False,,,
1901403,SecondHalf,87,19.0,90,Pass,Unsuccessful,276,Napoli,149474.0,Vanja Milinkovic-Savic,4.6,51.9,68.8,52.5,,,,,"[{'type': {'displayName': 'Angle', 'value': 213}, 'value': '0.01'}, {'type': {'displayName': 'Longball', 'value': 1}}, {'type': {'displayName': 'GoalKick', 'value': 124}}, {'type': {'displayName': 'MissHigh', 'value': 74}}, {'type': {'displayName': 'Zone', 'value': 56}, 'value': 'Center'}, {'type': {'displayName': 'PassEndY', 'value': 141}, 'value': '52.5'}, {'type': {'displayName': 'Length', 'value': 212}, 'value': '67.4'}, {'type': {'displayName': 'PassEndX', 'value': 140}, 'value': '68.8'}]",True,,False,,,
1901403,SecondHalf,87,21.0,90,Aerial,Successful,1290,Como,516374.0,Jacobo Ramón,31.2,47.5,,,,,,,"[{'type': {'displayName': 'Defensive', 'value': 285}}, {'type': {'displayName': 'Zone', 'value': 56}, 'value': 'Back'}, {'type': {'displayName': 'OppositeRelatedEvent', 'value': 233}, 'value': '612'}]",False,,False,,,
1901403,SecondHalf,87,21.0,90,Aerial,Unsuccessful,276,Napoli,439584.0,Rasmus Højlund,68.8,52.5,,,,,,,"[{'type': {'displayName': 'Offensive', 'value': 286}}, {'type': {'displayName': 'OppositeRelatedEvent', 'value': 233}, 'value': '781'}, {'type': {'displayName': 'Zone', 'value': 56}, 'value': 'Center'}]",False,,False,,,
1901403,SecondHalf,87,22.0,90,Pass,Unsuccessful,1290,Como,516374.0,Jacobo Ramón,31.2,47.5,28.5,55.0,,,,,"[{'type': {'displayName': 'Zone', 'value': 56}, 'value': 'Back'}, {'type': {'displayName': 'PassEndY', 'value': 141}, 'value': '55.0'}, {'type': {'displayName': 'PassEndX', 'value': 140}, 'value': '28.5'}, {'type': {'displayName': 'HeadPass', 'value': 3}}, {'type': {'displayName': 'Length', 'value': 212}, 'value': '5.8'}, {'type': {'displayName': 'Angle', 'value': 213}, 'value': '2.08'}]",True,,False,,,
1901403,SecondHalf,87,22.0,90,BallTouch,Successful,276,Napoli,439584.0,Rasmus Højlund,68.8,52.5,,,,,,,"[{'type': {'displayName': 'Zone', 'value': 56}, 'value': 'Center'}]",True,,False,,,
1901403,SecondHalf,87,24.0,90,Pass,Successful,276,Napoli,111892.0,Stanislav Lobotka,62.5,49.2,54.1,64.6,,,,,"[{'type': {'displayName': 'PassEndY', 'value': 141}, 'value': '64.6'}, {'type': {'displayName': 'Angle', 'value': 213}, 'value': '2.27'}, {'type': {'displayName': 'Length', 'value': 212}, 'value': '13.7'}, {'type': {'displayName': 'Zone', 'value': 56}, 'value': 'Center'}, {'type': {'displayName': 'PassEndX', 'value': 140}, 'value': '54.1'}]",True,,False,,,
1901403,SecondHalf,87,26.0,90,Pass,Successful,276,Napoli,92329.0,Leonardo Spinazzola,54.1,64.6,33.1,76.2,,,,,"[{'type': {'displayName': 'PassEndY', 'value': 141}, 'value': '76.2'}, {'type': {'displayName': 'PassEndX', 'value': 140}, 'value': '33.1'}, {'type': {'displayName': 'Length', 'value': 212}, 'value': '23.4'}, {'type': {'displayName': 'Angle', 'value': 213}, 'value': '2.80'}, {'type': {'displayName': 'Zone', 'value': 56}, 'value': 'Back'}]",True,,False,,,
1901403,SecondHalf,87,31.0,90,Pass,Successful,276,Napoli,395788.0,Miguel Gutiérrez,43.2,74.8,26.7,19.3,,,,,"[{'type': {'displayName': 'Zone', 'value': 56}, 'value': 'Back'}, {'type': {'displayName': 'Length', 'value': 212}, 'value': '41.5'}, {'type': {'displayName': 'Longball', 'value': 1}}, {'type': {'displayName': 'Angle', 'value': 213}, 'value': '4.28'}, {'type': {'displayName': 'PassEndX', 'value': 140}, 'value': '26.7'}, {'type': {'displayName': 'PassEndY', 'value': 141}, 'value': '19.3'}]",True,,False,,,
1901403,SecondHalf,87,36.0,90,Pass,Successful,276,Napoli,333373.0,Alessandro Buongiorno,25.2,18.6,25.1,36.0,,,,,"[{'type': {'displayName': 'PassEndX', 'value': 140}, 'value': '25.1'}, {'type': {'displayName': 'Length', 'value': 212}, 'value': '11.8'}, {'type': {'displayName': 'Angle', 'value': 213}, 'value': '1.58'}, {'type': {'displayName': 'PassEndY', 'value': 141}, 'value': '36.0'}, {'type': {'displayName': 'Zone', 'value': 56}, 'value': 'Back'}]",True,,False,,,
1901403,SecondHalf,87,40.0,90,Pass,Successful,276,Napoli,349561.0,Frank Anguissa,30.8,32.5,24.6,22.8,,,,,"[{'type': {'displayName': 'PassEndX', 'value': 140}, 'value': '24.6'}, {'type': {'displayName': 'PassEndY', 'value': 141}, 'value': '22.8'}, {'type': {'displayName': 'Zone', 'value': 56}, 'value': 'Back'}, {'type': {'displayName': 'Angle', 'value': 213}, 'value': '3.93'}, {'type': {'displayName': 'Length', 'value': 212}, 'value': '9.3'}]",True,,False,,,
1901403,SecondHalf,87,43.0,90,Pass,Successful,276,Napoli,333373.0,Alessandro Buongiorno,21.7,26.2,22.6,62.5,,,,,"[{'type': {'displayName': 'Angle', 'value': 213}, 'value': '1.53'}, {'type': {'displayName': 'Zone', 'value': 56}, 'value': 'Back'}, {'type': {'displayName': 'Length', 'value': 212}, 'value': '24.7'}, {'type': {'displayName': 'PassEndX', 'value': 140}, 'value': '22.6'}, {'type': {'displayName': 'PassEndY', 'value': 141}, 'value': '62.5'}]",True,,False,,,
1901403,SecondHalf,87,50.0,90,Pass,Successful,276,Napoli,395788.0,Miguel Gutiérrez,37.2,72.9,53.6,92.7,,,,,"[{'type': {'displayName': 'Angle', 'value': 213}, 'value': '0.66'}, {'type': {'displayName': 'Length', 'value': 212}, 'value': '21.9'}, {'type': {'displayName': 'PassEndX', 'value': 140}, 'value': '53.6'}, {'type': {'displayName': 'Zone', 'value': 56}, 'value': 'Left'}, {'type': {'displayName': 'PassEndY', 'value': 141}, 'value': '92.7'}]",True,,False,,,
1901403,SecondHalf,87,58.0,90,Pass,Successful,276,Napoli,557549.0,Alisson Santos,41.6,62.7,27.1,33.1,,,,,"[{'type': {'displayName': 'Angle', 'value': 213}, 'value': '4.06'}, {'type': {'displayName': 'Zone', 'value': 56}, 'value': 'Back'}, {'type': {'displayName': 'PassEndY', 'value': 141}, 'value': '33.1'}, {'type': {'displayName': 'Length', 'value': 212}, 'value': '25.2'}, {'type': {'displayName': 'PassEndX', 'value': 140}, 'value': '27.1'}]",True,,False,,,
1901403,SecondHalf,88,3.0,91,Pass,Successful,276,Napoli,333373.0,Alessandro Buongiorno,47.9,30.4,54.5,4.8,,,,,"[{'type': {'displayName': 'Length', 'value': 212}, 'value': '18.7'}, {'type': {'displayName': 'Zone', 'value': 56}, 'value': 'Right'}, {'type': {'displayName': 'Angle', 'value': 213}, 'value': '5.09'}, {'type': {'displayName': 'PassEndY', 'value': 141}, 'value': '4.8'}, {'type': {'displayName': 'PassEndX', 'value': 140}, 'value': '54.5'}]",True,,False,,,
1901403,SecondHalf,88,7.0,91,Pass,Successful,276,Napoli,422739.0,Sam Beukema,54.5,4.8,71.3,8.2,,,,,"[{'type': {'displayName': 'Zone', 'value': 56}, 'value': 'Right'}, {'type': {'displayName': 'PassEndY', 'value': 141}, 'value': '8.2'}, {'type': {'displayName': 'Angle', 'value': 213}, 'value': '0.13'}, {'type': {'displayName': 'Length', 'value': 212}, 'value': '17.8'}, {'type': {'displayName': 'PassEndX', 'value': 140}, 'value': '71.3'}]",True,,False,,,
1901403,SecondHalf,88,10.0,91,Pass,Unsuccessful,276,Napoli,336915.0,Scott McTominay,68.2,4.0,86.9,2.7,,,,,"[{'type': {'displayName': 'PassEndX', 'value': 140}, 'value': '86.9'}, {'type': {'displayName': 'Angle', 'value': 213}, 'value': '6.24'}, {'type': {'displayName': 'Length', 'value': 212}, 'value': '19.7'}, {'type': {'displayName': 'Zone', 'value': 56}, 'value': 'Right'}, {'type': {'displayName': 'PassEndY', 'value': 141}, 'value': '2.7'}]",True,,False,,,
1901403,SecondHalf,88,13.0,91,Interception,Successful,1290,Como,113275.0,Alberto Moreno,13.1,97.3,,,,,,,"[{'type': {'displayName': 'Zone', 'value': 56}, 'value': 'Back'}]",True,,False,,,
1901403,SecondHalf,88,15.0,91,BallRecovery,Successful,1290,Como,113275.0,Alberto Moreno,13.1,96.1,,,,,,,[],False,,False,,,
1901403,SecondHalf,88,15.0,91,Pass,Successful,1290,Como,113275.0,Alberto Moreno,13.1,96.1,25.9,89.5,,,,,"[{'type': {'displayName': 'PassEndY', 'value': 141}, 'value': '89.5'}, {'type': {'displayName': 'Angle', 'value': 213}, 'value': '5.96'}, {'type': {'displayName': 'Length', 'value': 212}, 'value': '14.2'}, {'type': {'displayName': 'Chipped', 'value': 155}}, {'type': {'displayName': 'Zone', 'value': 56}, 'value': 'Back'}, {'type': {'displayName': 'PassEndX', 'value': 140}, 'value': '25.9'}]",True,,False,,,
1901403,SecondHalf,88,16.0,91,Pass,Unsuccessful,1290,Como,448659.0,Nico Paz,25.9,89.5,29.6,92.7,,,,,"[{'type': {'displayName': 'PassEndY', 'value': 141}, 'value': '92.7'}, {'type': {'displayName': 'Angle', 'value': 213}, 'value': '0.51'}, {'type': {'displayName': 'Zone', 'value': 56}, 'value': 'Back'}, {'type': {'displayName': 'PassEndX', 'value': 140}, 'value': '29.6'}, {'type': {'displayName': 'Length', 'value': 212}, 'value': '4.5'}]",True,,False,,,
1901403,SecondHalf,88,17.0,91,Pass,Successful,276,Napoli,422739.0,Sam Beukema,61.8,6.4,62.4,17.4,,,,,"[{'type': {'displayName': 'Length', 'value': 212}, 'value': '7.5'}, {'type': {'displayName': 'PassEndX', 'value': 140}, 'value': '62.4'}, {'type': {'displayName': 'PassEndY', 'value': 141}, 'value': '17.4'}, {'type': {'displayName': 'Zone', 'value': 56}, 'value': 'Right'}, {'type': {'displayName': 'Angle', 'value': 213}, 'value': '1.49'}]",True,,False,,,
1901403,SecondHalf,88,18.0,91,BallRecovery,Successful,276,Napoli,349561.0,Frank Anguissa,62.3,14.1,,,,,,,[],False,,False,,,
1901403,SecondHalf,88,20.0,91,Pass,Successful,276,Napoli,349561.0,Frank Anguissa,62.6,19.2,56.3,46.6,,,,,"[{'type': {'displayName': 'Length', 'value': 212}, 'value': '19.8'}, {'type': {'displayName': 'PassEndY', 'value': 141}, 'value': '46.6'}, {'type': {'displayName': 'PassEndX', 'value': 140}, 'value': '56.3'}, {'type': {'displayName': 'Zone', 'value': 56}, 'value': 'Center'}, {'type': {'displayName': 'Angle', 'value': 213}, 'value': '1.91'}]",True,,False,,,
1901403,SecondHalf,88,21.0,91,Pass,Successful,276,Napoli,395788.0,Miguel Gutiérrez,57.9,51.1,73.8,93.4,,,,,"[{'type': {'displayName': 'Length', 'value': 212}, 'value': '33.3'}, {'type': {'displayName': 'PassEndY', 'value': 141}, 'value': '93.4'}, {'type': {'displayName': 'Angle', 'value': 213}, 'value': '1.04'}, {'type': {'displayName': 'PassEndX', 'value': 140}, 'value': '73.8'}, {'type': {'displayName': 'Longball', 'value': 1}}, {'type': {'displayName': 'Zone', 'value': 56}, 'value': 'Left'}]",True,,False,,,
1901403,SecondHalf,88,27.0,91,Pass,Successful,276,Napoli,557549.0,Alisson Santos,84.0,86.7,75.8,71.1,,,,,"[{'type': {'displayName': 'PassEndY', 'value': 141}, 'value': '71.1'}, {'type': {'displayName': 'Angle', 'value': 213}, 'value': '4.03'}, {'type': {'displayName': 'Length', 'value': 212}, 'value': '13.7'}, {'type': {'displayName': 'PassEndX', 'value': 140}, 'value': '75.8'}, {'type': {'displayName': 'Zone', 'value': 56}, 'value': 'Center'}]",True,,False,,,
1901403,SecondHalf,88,30.0,91,Pass,Successful,276,Napoli,111892.0,Stanislav Lobotka,75.8,71.1,72.3,90.6,,,,,"[{'type': {'displayName': 'Angle', 'value': 213}, 'value': '1.84'}, {'type': {'displayName': 'Length', 'value': 212}, 'value': '13.8'}, {'type': {'displayName': 'PassEndY', 'value': 141}, 'value': '90.6'}, {'type': {'displayName': 'Zone', 'value': 56}, 'value': 'Left'}, {'type': {'displayName': 'PassEndX', 'value': 140}, 'value': '72.3'}]",True,,False,,,
1901403,SecondHalf,88,31.0,91,Pass,Unsuccessful,276,Napoli,395788.0,Miguel Gutiérrez,72.3,90.6,80.0,99.3,,,,,"[{'type': {'displayName': 'Length', 'value': 212}, 'value': '10.0'}, {'type': {'displayName': 'PassEndX', 'value': 140}, 'value': '80.0'}, {'type': {'displayName': 'PassEndY', 'value': 141}, 'value': '99.3'}, {'type': {'displayName': 'Zone', 'value': 56}, 'value': 'Left'}, {'type': {'displayName': 'Angle', 'value': 213}, 'value': '0.63'}]",True,,False,,,
1901403,SecondHalf,88,33.0,91,Interception,Successful,1290,Como,531127.0,Ivan Smolcic,20.0,0.7,,,,,,,"[{'type': {'displayName': 'Zone', 'value': 56}, 'value': 'Back'}]",True,,False,,,
1901403,SecondHalf,88,34.0,91,Pass,Successful,276,Napoli,395788.0,Miguel Gutiérrez,66.7,87.9,59.7,57.4,,,,,"[{'type': {'displayName': 'Angle', 'value': 213}, 'value': '4.37'}, {'type': {'displayName': 'PassEndY', 'value': 141}, 'value': '57.4'}, {'type': {'displayName': 'PassEndX', 'value': 140}, 'value': '59.7'}, {'type': {'displayName': 'Length', 'value': 212}, 'value': '22.0'}, {'type': {'displayName': 'Zone', 'value': 56}, 'value': 'Center'}]",True,,False,,,
1901403,SecondHalf,88,36.0,91,Pass,Unsuccessful,276,Napoli,333373.0,Alessandro Buongiorno,59.7,57.4,72.5,27.3,,,,,"[{'type': {'displayName': 'Zone', 'value': 56}, 'value': 'Center'}, {'type': {'displayName': 'PassEndY', 'value': 141}, 'value': '27.3'}, {'type': {'displayName': 'Length', 'value': 212}, 'value': '24.5'}, {'type': {'displayName': 'Angle', 'value': 213}, 'value': '5.29'}, {'type': {'displayName': 'PassEndX', 'value': 140}, 'value': '72.5'}]",True,,False,,,
1901403,SecondHalf,88,38.0,91,Interception,Successful,1290,Como,113275.0,Alberto Moreno,27.5,72.7,,,,,,,"[{'type': {'displayName': 'Zone', 'value': 56}, 'value': 'Back'}]",True,,False,,,
1901403,SecondHalf,88,39.0,91,Foul,Successful,1290,Como,113275.0,Alberto Moreno,32.3,73.8,,,,,,,"[{'type': {'displayName': 'Foul', 'value': 13}}, {'type': {'displayName': 'Zone', 'value': 56}, 'value': 'Back'}, {'type': {'displayName': 'Defensive', 'value': 285}}, {'type': {'displayName': 'OppositeRelatedEvent', 'value': 233}, 'value': '635'}]",True,,False,,,
1901403,SecondHalf,88,39.0,91,Foul,Unsuccessful,276,Napoli,122683.0,Matteo Politano,67.8,26.2,,,,,,,"[{'type': {'displayName': 'StandingSave', 'value': 178}}, {'type': {'displayName': 'Offensive', 'value': 286}}, {'type': {'displayName': 'Zone', 'value': 56}, 'value': 'Center'}, {'type': {'displayName': 'Foul', 'value': 13}}, {'type': {'displayName': 'RelatedEventId', 'value': 55}, 'value': '636'}, {'type': {'displayName': 'OppositeRelatedEvent', 'value': 233}, 'value': '789'}]",False,,False,,636.0,122683.0
1901403,SecondHalf,88,42.0,91,Card,Successful,276,Napoli,122683.0,Matteo Politano,0.0,0.0,,,,,,,"[{'type': {'displayName': 'Yellow', 'value': 31}}, {'type': {'displayName': 'RelatedEventId', 'value': 55}, 'value': '635'}, {'type': {'displayName': 'Foul', 'value': 13}, 'value': '243'}]",False,,False,Yellow,635.0,122683.0
1901403,SecondHalf,88,57.0,91,Pass,Successful,1290,Como,433972.0,Máximo Perrone,37.5,72.7,31.4,62.7,,,,,"[{'type': {'displayName': 'PassEndX', 'value': 140}, 'value': '31.4'}, {'type': {'displayName': 'PassEndY', 'value': 141}, 'value': '62.7'}, {'type': {'displayName': 'Length', 'value': 212}, 'value': '9.3'}, {'type': {'displayName': 'Zone', 'value': 56}, 'value': 'Back'}, {'type': {'displayName': 'FreekickTaken', 'value': 5}}, {'type': {'displayName': 'Angle', 'value': 213}, 'value': '3.96'}]",True,,False,,,
1901403,SecondHalf,89,11.0,92,Pass,Successful,1290,Como,134984.0,Diego Carlos,30.3,60.9,38.6,33.6,,,,,"[{'type': {'displayName': 'PassEndX', 'value': 140}, 'value': '38.6'}, {'type': {'displayName': 'Length', 'value': 212}, 'value': '20.5'}, {'type': {'displayName': 'PassEndY', 'value': 141}, 'value': '33.6'}, {'type': {'displayName': 'Angle', 'value': 213}, 'value': '5.15'}, {'type': {'displayName': 'Zone', 'value': 56}, 'value': 'Back'}]",True,,False,,,
1901403,SecondHalf,89,12.0,92,Pass,Successful,1290,Como,90782.0,Sergi Roberto,38.6,33.6,37.1,50.1,,,,,"[{'type': {'displayName': 'Angle', 'value': 213}, 'value': '1.71'}, {'type': {'displayName': 'Length', 'value': 212}, 'value': '11.3'}, {'type': {'displayName': 'PassEndX', 'value': 140}, 'value': '37.1'}, {'type': {'displayName': 'PassEndY', 'value': 141}, 'value': '50.1'}, {'type': {'displayName': 'Zone', 'value': 56}, 'value': 'Back'}]",True,,False,,,
1901403,SecondHalf,89,13.0,92,Pass,Successful,1290,Como,448659.0,Nico Paz,37.1,50.1,45.7,93.3,,,,,"[{'type': {'displayName': 'Angle', 'value': 213}, 'value': '1.27'}, {'type': {'displayName': 'Zone', 'value': 56}, 'value': 'Back'}, {'type': {'displayName': 'Chipped', 'value': 155}}, {'type': {'displayName': 'Length', 'value': 212}, 'value': '30.7'}, {'type': {'displayName': 'PassEndX', 'value': 140}, 'value': '45.7'}, {'type': {'displayName': 'PassEndY', 'value': 141}, 'value': '93.3'}]",True,,False,,,
1901403,SecondHalf,89,18.0,92,Pass,Successful,1290,Como,113275.0,Alberto Moreno,57.1,92.8,55.1,77.2,,,,,"[{'type': {'displayName': 'Length', 'value': 212}, 'value': '10.8'}, {'type': {'displayName': 'Angle', 'value': 213}, 'value': '4.52'}, {'type': {'displayName': 'Zone', 'value': 56}, 'value': 'Center'}, {'type': {'displayName': 'PassEndY', 'value': 141}, 'value': '77.2'}, {'type': {'displayName': 'PassEndX', 'value': 140}, 'value': '55.1'}]",True,,False,,,
1901403,SecondHalf,89,23.0,92,Pass,Successful,1290,Como,433972.0,Máximo Perrone,53.5,60.4,52.0,30.1,,,,,"[{'type': {'displayName': 'Angle', 'value': 213}, 'value': '4.64'}, {'type': {'displayName': 'PassEndY', 'value': 141}, 'value': '30.1'}, {'type': {'displayName': 'Length', 'value': 212}, 'value': '20.7'}, {'type': {'displayName': 'PassEndX', 'value': 140}, 'value': '52.0'}, {'type': {'displayName': 'Zone', 'value': 56}, 'value': 'Center'}]",True,,False,,,
1901403,SecondHalf,89,29.0,92,Pass,Successful,1290,Como,516374.0,Jacobo Ramón,64.9,19.3,75.1,5.7,,,,,"[{'type': {'displayName': 'Length', 'value': 212}, 'value': '14.2'}, {'type': {'displayName': 'Angle', 'value': 213}, 'value': '5.57'}, {'type': {'displayName': 'PassEndY', 'value': 141}, 'value': '5.7'}, {'type': {'displayName': 'Zone', 'value': 56}, 'value': 'Right'}, {'type': {'displayName': 'PassEndX', 'value': 140}, 'value': '75.1'}]",True,,False,,,
1901403,SecondHalf,89,31.0,92,Pass,Successful,1290,Como,531127.0,Ivan Smolcic,75.1,5.8,64.0,10.8,,,,,"[{'type': {'displayName': 'PassEndX', 'value': 140}, 'value': '64.0'}, {'type': {'displayName': 'PassEndY', 'value': 141}, 'value': '10.8'}, {'type': {'displayName': 'Angle', 'value': 213}, 'value': '2.86'}, {'type': {'displayName': 'Length', 'value': 212}, 'value': '12.1'}, {'type': {'displayName': 'Zone', 'value': 56}, 'value': 'Right'}]",True,,False,,,
1901403,SecondHalf,89,33.0,92,Pass,Successful,1290,Como,516374.0,Jacobo Ramón,64.0,10.8,57.7,40.5,,,,,"[{'type': {'displayName': 'Length', 'value': 212}, 'value': '21.3'}, {'type': {'displayName': 'Zone', 'value': 56}, 'value': 'Center'}, {'type': {'displayName': 'Angle', 'value': 213}, 'value': '1.89'}, {'type': {'displayName': 'PassEndY', 'value': 141}, 'value': '40.5'}, {'type': {'displayName': 'PassEndX', 'value': 140}, 'value': '57.7'}]",True,,False,,,
1901403,SecondHalf,89,37.0,92,Pass,Successful,1290,Como,433972.0,Máximo Perrone,56.2,43.6,53.1,62.4,,,,,"[{'type': {'displayName': 'PassEndX', 'value': 140}, 'value': '53.1'}, {'type': {'displayName': 'Zone', 'value': 56}, 'value': 'Center'}, {'type': {'displayName': 'PassEndY', 'value': 141}, 'value': '62.4'}, {'type': {'displayName': 'Length', 'value': 212}, 'value': '13.2'}, {'type': {'displayName': 'Angle', 'value': 213}, 'value': '1.82'}]",True,,False,,,
1901403,SecondHalf,89,40.0,92,Pass,Successful,1290,Como,134984.0,Diego Carlos,52.9,58.2,53.6,50.7,,,,,"[{'type': {'displayName': 'Length', 'value': 212}, 'value': '5.2'}, {'type': {'displayName': 'PassEndX', 'value': 140}, 'value': '53.6'}, {'type': {'displayName': 'PassEndY', 'value': 141}, 'value': '50.7'}, {'type': {'displayName': 'Angle', 'value': 213}, 'value': '4.86'}, {'type': {'displayName': 'Zone', 'value': 56}, 'value': 'Center'}]",True,,False,,,
1901403,SecondHalf,89,41.0,92,Pass,Successful,1290,Como,433972.0,Máximo Perrone,53.6,50.7,65.3,33.4,,,,,"[{'type': {'displayName': 'Angle', 'value': 213}, 'value': '5.52'}, {'type': {'displayName': 'Zone', 'value': 56}, 'value': 'Center'}, {'type': {'displayName': 'Length', 'value': 212}, 'value': '17.0'}, {'type': {'displayName': 'PassEndY', 'value': 141}, 'value': '33.4'}, {'type': {'displayName': 'PassEndX', 'value': 140}, 'value': '65.3'}]",True,,False,,,
1901403,SecondHalf,89,44.0,92,Pass,Successful,1290,Como,90782.0,Sergi Roberto,64.1,53.1,67.6,65.1,,,,,"[{'type': {'displayName': 'PassEndY', 'value': 141}, 'value': '65.1'}, {'type': {'displayName': 'PassEndX', 'value': 140}, 'value': '67.6'}, {'type': {'displayName': 'Length', 'value': 212}, 'value': '8.9'}, {'type': {'displayName': 'Zone', 'value': 56}, 'value': 'Center'}, {'type': {'displayName': 'Angle', 'value': 213}, 'value': '1.15'}]",True,,False,,,
1901403,SecondHalf,89,45.0,92,Pass,Successful,1290,Como,91213.0,Álvaro Morata,67.6,65.1,67.0,41.1,,,,,"[{'type': {'displayName': 'Zone', 'value': 56}, 'value': 'Center'}, {'type': {'displayName': 'LayOff', 'value': 156}}, {'type': {'displayName': 'PassEndY', 'value': 141}, 'value': '41.1'}, {'type': {'displayName': 'Length', 'value': 212}, 'value': '16.3'}, {'type': {'displayName': 'PassEndX', 'value': 140}, 'value': '67.0'}, {'type': {'displayName': 'Angle', 'value': 213}, 'value': '4.67'}]",True,,False,,,
1901403,SecondHalf,89,47.0,92,BallTouch,Unsuccessful,1290,Como,448659.0,Nico Paz,69.1,39.3,,,,,,,"[{'type': {'displayName': 'Zone', 'value': 56}, 'value': 'Center'}]",True,,False,,,
1901403,SecondHalf,89,49.0,92,Foul,Successful,276,Napoli,111892.0,Stanislav Lobotka,33.6,63.0,,,,,,,"[{'type': {'displayName': 'Foul', 'value': 13}}, {'type': {'displayName': 'OppositeRelatedEvent', 'value': 233}, 'value': '805'}, {'type': {'displayName': 'Zone', 'value': 56}, 'value': 'Back'}, {'type': {'displayName': 'Offensive', 'value': 286}}]",True,,False,,,
1901403,SecondHalf,89,49.0,92,Foul,Unsuccessful,1290,Como,448659.0,Nico Paz,66.4,37.0,,,,,,,"[{'type': {'displayName': 'Defensive', 'value': 285}}, {'type': {'displayName': 'Foul', 'value': 13}}, {'type': {'displayName': 'Zone', 'value': 56}, 'value': 'Center'}, {'type': {'displayName': 'OppositeRelatedEvent', 'value': 233}, 'value': '638'}, {'type': {'displayName': 'StandingSave', 'value': 178}}]",False,,False,,,
1901403,SecondHalf,90,28.0,93,Pass,Unsuccessful,276,Napoli,149474.0,Vanja Milinkovic-Savic,28.4,59.8,75.0,53.5,,,,,"[{'type': {'displayName': 'Angle', 'value': 213}, 'value': '6.20'}, {'type': {'displayName': 'Zone', 'value': 56}, 'value': 'Center'}, {'type': {'displayName': 'Longball', 'value': 1}}, {'type': {'displayName': 'Length', 'value': 212}, 'value': '49.1'}, {'type': {'displayName': 'PassEndX', 'value': 140}, 'value': '75.0'}, {'type': {'displayName': 'FreekickTaken', 'value': 5}}, {'type': {'displayName': 'PassEndY', 'value': 141}, 'value': '53.5'}]",True,,False,,,
1901403,SecondHalf,90,30.0,93,Aerial,Successful,1290,Como,516374.0,Jacobo Ramón,25.0,46.5,,,,,,,"[{'type': {'displayName': 'Zone', 'value': 56}, 'value': 'Back'}, {'type': {'displayName': 'OppositeRelatedEvent', 'value': 233}, 'value': '640'}, {'type': {'displayName': 'Defensive', 'value': 285}}]",False,,False,,,
1901403,SecondHalf,90,30.0,93,Aerial,Unsuccessful,276,Napoli,439584.0,Rasmus Højlund,75.0,53.5,,,,,,,"[{'type': {'displayName': 'OppositeRelatedEvent', 'value': 233}, 'value': '807'}, {'type': {'displayName': 'Offensive', 'value': 286}}, {'type': {'displayName': 'Zone', 'value': 56}, 'value': 'Center'}]",False,,False,,,
1901403,SecondHalf,90,31.0,93,Pass,Successful,1290,Como,516374.0,Jacobo Ramón,25.0,46.5,28.4,29.5,,,,,"[{'type': {'displayName': 'HeadPass', 'value': 3}}, {'type': {'displayName': 'PassEndX', 'value': 140}, 'value': '28.4'}, {'type': {'displayName': 'PassEndY', 'value': 141}, 'value': '29.5'}, {'type': {'displayName': 'Zone', 'value': 56}, 'value': 'Back'}, {'type': {'displayName': 'Length', 'value': 212}, 'value': '12.1'}, {'type': {'displayName': 'Angle', 'value': 213}, 'value': '5.01'}]",True,,False,,,
1901403,SecondHalf,90,33.0,93,BallRecovery,Successful,1290,Como,228854.0,Mërgim Vojvoda,28.4,29.5,,,,,,,[],False,,False,,,
1901403,SecondHalf,90,33.0,93,Pass,Successful,1290,Como,228854.0,Mërgim Vojvoda,28.4,29.5,17.4,13.9,,,,,"[{'type': {'displayName': 'Angle', 'value': 213}, 'value': '3.88'}, {'type': {'displayName': 'PassEndY', 'value': 141}, 'value': '13.9'}, {'type': {'displayName': 'Length', 'value': 212}, 'value': '15.7'}, {'type': {'displayName': 'PassEndX', 'value': 140}, 'value': '17.4'}, {'type': {'displayName': 'Zone', 'value': 56}, 'value': 'Back'}]",True,,False,,,
1901403,SecondHalf,90,35.0,93,Pass,Unsuccessful,1290,Como,531127.0,Ivan Smolcic,17.4,13.9,48.9,0.0,,,,,"[{'type': {'displayName': 'Angle', 'value': 213}, 'value': '5.98'}, {'type': {'displayName': 'Longball', 'value': 1}}, {'type': {'displayName': 'Zone', 'value': 56}, 'value': 'Back'}, {'type': {'displayName': 'Length', 'value': 212}, 'value': '34.7'}, {'type': {'displayName': 'PassEndX', 'value': 140}, 'value': '48.9'}, {'type': {'displayName': 'PassEndY', 'value': 141}, 'value': '0.0'}]",True,,False,,,
1901403,SecondHalf,90,42.0,93,Pass,Successful,276,Napoli,92329.0,Leonardo Spinazzola,70.4,100.0,59.9,92.4,,,,,"[{'type': {'displayName': 'PassEndX', 'value': 140}, 'value': '59.9'}, {'type': {'displayName': 'PassEndY', 'value': 141}, 'value': '92.4'}, {'type': {'displayName': 'Zone', 'value': 56}, 'value': 'Left'}, {'type': {'displayName': 'ThrowIn', 'value': 107}}, {'type': {'displayName': 'Angle', 'value': 213}, 'value': '3.66'}, {'type': {'displayName': 'Length', 'value': 212}, 'value': '12.7'}]",True,,False,,,
1901403,SecondHalf,90,47.0,93,Pass,Successful,276,Napoli,395788.0,Miguel Gutiérrez,66.1,81.6,35.0,65.4,,,,,"[{'type': {'displayName': 'Longball', 'value': 1}}, {'type': {'displayName': 'PassEndX', 'value': 140}, 'value': '35.0'}, {'type': {'displayName': 'Length', 'value': 212}, 'value': '34.5'}, {'type': {'displayName': 'Angle', 'value': 213}, 'value': '3.47'}, {'type': {'displayName': 'PassEndY', 'value': 141}, 'value': '65.4'}, {'type': {'displayName': 'Zone', 'value': 56}, 'value': 'Back'}]",True,,False,,,
1901403,SecondHalf,90,50.0,93,Pass,Successful,276,Napoli,333373.0,Alessandro Buongiorno,36.3,59.4,33.2,33.9,,,,,"[{'type': {'displayName': 'PassEndX', 'value': 140}, 'value': '33.2'}, {'type': {'displayName': 'PassEndY', 'value': 141}, 'value': '33.9'}, {'type': {'displayName': 'Angle', 'value': 213}, 'value': '4.53'}, {'type': {'displayName': 'Length', 'value': 212}, 'value': '17.6'}, {'type': {'displayName': 'Zone', 'value': 56}, 'value': 'Back'}]",True,,False,,,
1901403,SecondHalf,90,53.0,93,Pass,Successful,276,Napoli,422739.0,Sam Beukema,31.8,33.9,40.0,2.8,,,,,"[{'type': {'displayName': 'Angle', 'value': 213}, 'value': '5.10'}, {'type': {'displayName': 'Zone', 'value': 56}, 'value': 'Back'}, {'type': {'displayName': 'PassEndY', 'value': 141}, 'value': '2.8'}, {'type': {'displayName': 'PassEndX', 'value': 140}, 'value': '40.0'}, {'type': {'displayName': 'Length', 'value': 212}, 'value': '22.8'}]",True,,False,,,
1901403,SecondHalf,90,55.0,93,Pass,Unsuccessful,276,Napoli,122683.0,Matteo Politano,40.0,2.8,82.5,19.0,,,,,"[{'type': {'displayName': 'Length', 'value': 212}, 'value': '46.0'}, {'type': {'displayName': 'PassEndX', 'value': 140}, 'value': '82.5'}, {'type': {'displayName': 'Longball', 'value': 1}}, {'type': {'displayName': 'Zone', 'value': 56}, 'value': 'Right'}, {'type': {'displayName': 'Angle', 'value': 213}, 'value': '0.24'}, {'type': {'displayName': 'PassEndY', 'value': 141}, 'value': '19.0'}]",True,,False,,,
1901403,SecondHalf,91,0.0,94,Clearance,Successful,1290,Como,134984.0,Diego Carlos,17.6,76.0,12.6,91.9,,,,,"[{'type': {'displayName': 'Angle', 'value': 213}, 'value': '2.02'}, {'type': {'displayName': 'PassEndY', 'value': 141}, 'value': '91.9'}, {'type': {'displayName': 'Zone', 'value': 56}, 'value': 'Back'}, {'type': {'displayName': 'Head', 'value': 15}}, {'type': {'displayName': 'Length', 'value': 212}, 'value': '12.0'}, {'type': {'displayName': 'PassEndX', 'value': 140}, 'value': '12.6'}]",True,,False,,,
1901403,SecondHalf,91,9.0,94,Pass,Successful,276,Napoli,439584.0,Rasmus Højlund,88.9,22.3,79.0,26.7,,,,,"[{'type': {'displayName': 'Length', 'value': 212}, 'value': '10.8'}, {'type': {'displayName': 'Angle', 'value': 213}, 'value': '2.86'}, {'type': {'displayName': 'Zone', 'value': 56}, 'value': 'Center'}, {'type': {'displayName': 'PassEndX', 'value': 140}, 'value': '79.0'}, {'type': {'displayName': 'PassEndY', 'value': 141}, 'value': '26.7'}]",True,,False,,,
1901403,SecondHalf,91,11.0,94,Dispossessed,Successful,276,Napoli,349561.0,Frank Anguissa,79.6,27.3,,,,,,,"[{'type': {'displayName': 'Offensive', 'value': 286}}, {'type': {'displayName': 'Zone', 'value': 56}, 'value': 'Center'}, {'type': {'displayName': 'OppositeRelatedEvent', 'value': 233}, 'value': '814'}]",True,,False,,,
1901403,SecondHalf,91,11.0,94,Tackle,Successful,1290,Como,448659.0,Nico Paz,20.4,72.7,,,,,,,"[{'type': {'displayName': 'Defensive', 'value': 285}}, {'type': {'displayName': 'StandingSave', 'value': 178}}, {'type': {'displayName': 'Zone', 'value': 56}, 'value': 'Back'}, {'type': {'displayName': 'OppositeRelatedEvent', 'value': 233}, 'value': '648'}]",True,,False,,,
1901403,SecondHalf,91,13.0,94,TakeOn,Unsuccessful,1290,Como,448659.0,Nico Paz,26.0,73.8,,,,,,,"[{'type': {'displayName': 'Defensive', 'value': 285}}, {'type': {'displayName': 'OppositeRelatedEvent', 'value': 233}, 'value': '649'}, {'type': {'displayName': 'Zone', 'value': 56}, 'value': 'Back'}]",True,,False,,,
1901403,SecondHalf,91,13.0,94,Tackle,Unsuccessful,276,Napoli,122683.0,Matteo Politano,74.0,26.2,,,,,,,"[{'type': {'displayName': 'OppositeRelatedEvent', 'value': 233}, 'value': '815'}, {'type': {'displayName': 'StandingSave', 'value': 178}}, {'type': {'displayName': 'Offensive', 'value': 286}}, {'type': {'displayName': 'Zone', 'value': 56}, 'value': 'Center'}]",True,,False,,,
1901403,SecondHalf,91,18.0,94,Foul,Successful,1290,Como,539559.0,Jesús Rodríguez,36.2,94.8,,,,,,,"[{'type': {'displayName': 'Foul', 'value': 13}}, {'type': {'displayName': 'OppositeRelatedEvent', 'value': 233}, 'value': '650'}, {'type': {'displayName': 'Offensive', 'value': 286}}, {'type': {'displayName': 'Zone', 'value': 56}, 'value': 'Back'}]",True,,False,,,
1901403,SecondHalf,91,18.0,94,Foul,Unsuccessful,276,Napoli,422739.0,Sam Beukema,63.8,5.2,,,,,,,"[{'type': {'displayName': 'StandingSave', 'value': 178}}, {'type': {'displayName': 'Defensive', 'value': 285}}, {'type': {'displayName': 'Zone', 'value': 56}, 'value': 'Right'}, {'type': {'displayName': 'OppositeRelatedEvent', 'value': 233}, 'value': '816'}, {'type': {'displayName': 'Foul', 'value': 13}}]",False,,False,,,
1901403,SecondHalf,91,41.0,94,Pass,Successful,1290,Como,113275.0,Alberto Moreno,35.9,93.4,26.5,70.5,,,,,"[{'type': {'displayName': 'Zone', 'value': 56}, 'value': 'Back'}, {'type': {'displayName': 'PassEndY', 'value': 141}, 'value': '70.5'}, {'type': {'displayName': 'PassEndX', 'value': 140}, 'value': '26.5'}, {'type': {'displayName': 'FreekickTaken', 'value': 5}}, {'type': {'displayName': 'Length', 'value': 212}, 'value': '18.4'}, {'type': {'displayName': 'Angle', 'value': 213}, 'value': '4.15'}]",True,,False,,,
1901403,SecondHalf,91,47.0,94,Pass,Successful,1290,Como,134984.0,Diego Carlos,27.6,62.4,39.3,59.2,,,,,"[{'type': {'displayName': 'PassEndX', 'value': 140}, 'value': '39.3'}, {'type': {'displayName': 'Angle', 'value': 213}, 'value': '6.11'}, {'type': {'displayName': 'Length', 'value': 212}, 'value': '12.5'}, {'type': {'displayName': 'Zone', 'value': 56}, 'value': 'Back'}, {'type': {'displayName': 'PassEndY', 'value': 141}, 'value': '59.2'}]",True,,False,,,
1901403,SecondHalf,91,50.0,94,Pass,Unsuccessful,1290,Como,448659.0,Nico Paz,39.4,61.9,100.0,87.4,,,,,"[{'type': {'displayName': 'Zone', 'value': 56}, 'value': 'Left'}, {'type': {'displayName': 'Longball', 'value': 1}}, {'type': {'displayName': 'PassEndY', 'value': 141}, 'value': '87.4'}, {'type': {'displayName': 'PassEndX', 'value': 140}, 'value': '100.0'}, {'type': {'displayName': 'Chipped', 'value': 155}}, {'type': {'displayName': 'Angle', 'value': 213}, 'value': '0.26'}, {'type': {'displayName': 'Length', 'value': 212}, 'value': '67.5'}]",True,,False,,,
1901403,SecondHalf,92,23.0,95,Pass,Successful,276,Napoli,149474.0,Vanja Milinkovic-Savic,4.3,45.1,69.4,23.4,,,,,"[{'type': {'displayName': 'Length', 'value': 212}, 'value': '69.9'}, {'type': {'displayName': 'PassEndX', 'value': 140}, 'value': '69.4'}, {'type': {'displayName': 'MissHigh', 'value': 74}}, {'type': {'displayName': 'PassEndY', 'value': 141}, 'value': '23.4'}, {'type': {'displayName': 'Angle', 'value': 213}, 'value': '6.07'}, {'type': {'displayName': 'GoalKick', 'value': 124}}, {'type': {'displayName': 'Longball', 'value': 1}}, {'type': {'displayName': 'Zone', 'value': 56}, 'value': 'Center'}]",True,,False,,,
1901403,SecondHalf,92,25.0,95,Pass,Unsuccessful,276,Napoli,336915.0,Scott McTominay,62.7,27.6,72.5,25.6,,,,,"[{'type': {'displayName': 'Zone', 'value': 56}, 'value': 'Center'}, {'type': {'displayName': 'PassEndY', 'value': 141}, 'value': '25.6'}, {'type': {'displayName': 'Angle', 'value': 213}, 'value': '6.15'}, {'type': {'displayName': 'PassEndX', 'value': 140}, 'value': '72.5'}, {'type': {'displayName': 'Length', 'value': 212}, 'value': '10.4'}]",True,,False,,,
1901403,SecondHalf,92,29.0,95,BallTouch,Successful,1290,Como,433972.0,Máximo Perrone,25.4,79.2,,,,,,,"[{'type': {'displayName': 'Zone', 'value': 56}, 'value': 'Back'}]",True,,False,,,
1901403,SecondHalf,92,29.0,95,Pass,Successful,276,Napoli,349561.0,Frank Anguissa,64.1,16.6,68.9,6.9,,,,,"[{'type': {'displayName': 'PassEndY', 'value': 141}, 'value': '6.9'}, {'type': {'displayName': 'Length', 'value': 212}, 'value': '8.3'}, {'type': {'displayName': 'PassEndX', 'value': 140}, 'value': '68.9'}, {'type': {'displayName': 'Zone', 'value': 56}, 'value': 'Right'}, {'type': {'displayName': 'Angle', 'value': 213}, 'value': '5.36'}]",True,,False,,,
1901403,SecondHalf,92,31.0,95,Pass,Successful,276,Napoli,122683.0,Matteo Politano,68.9,6.9,87.7,13.0,,,,,"[{'type': {'displayName': 'Angle', 'value': 213}, 'value': '0.21'}, {'type': {'displayName': 'Length', 'value': 212}, 'value': '20.2'}, {'type': {'displayName': 'PassEndX', 'value': 140}, 'value': '87.7'}, {'type': {'displayName': 'PassEndY', 'value': 141}, 'value': '13.0'}, {'type': {'displayName': 'Zone', 'value': 56}, 'value': 'Right'}]",True,,False,,,
1901403,SecondHalf,92,32.0,95,Pass,Successful,276,Napoli,349561.0,Frank Anguissa,87.3,13.0,97.7,27.6,,,,,"[{'type': {'displayName': 'Length', 'value': 212}, 'value': '14.8'}, {'type': {'displayName': 'Angle', 'value': 213}, 'value': '0.74'}, {'type': {'displayName': 'Zone', 'value': 56}, 'value': 'Center'}, {'type': {'displayName': 'PassEndX', 'value': 140}, 'value': '97.7'}, {'type': {'displayName': 'PassEndY', 'value': 141}, 'value': '27.6'}]",True,,False,,,
1901403,SecondHalf,92,34.0,95,Pass,Unsuccessful,276,Napoli,336915.0,Scott McTominay,98.9,27.3,98.4,30.6,,,,,"[{'type': {'displayName': 'OppositeRelatedEvent', 'value': 233}, 'value': '822'}, {'type': {'displayName': 'PassEndX', 'value': 140}, 'value': '98.4'}, {'type': {'displayName': 'Offensive', 'value': 286}}, {'type': {'displayName': 'Length', 'value': 212}, 'value': '2.3'}, {'type': {'displayName': 'PassEndY', 'value': 141}, 'value': '30.6'}, {'type': {'displayName': 'Angle', 'value': 213}, 'value': '1.80'}, {'type': {'displayName': 'Zone', 'value': 56}, 'value': 'Center'}]",True,,False,,,
1901403,SecondHalf,92,34.0,95,BlockedPass,Successful,1290,Como,516374.0,Jacobo Ramón,1.6,69.4,,,,,,,"[{'type': {'displayName': 'Defensive', 'value': 285}}, {'type': {'displayName': 'Zone', 'value': 56}, 'value': 'Back'}, {'type': {'displayName': 'OppositeRelatedEvent', 'value': 233}, 'value': '657'}]",True,,False,,,
1901403,SecondHalf,92,36.0,95,CornerAwarded,Successful,276,Napoli,336915.0,Scott McTominay,98.0,34.8,,,,,,,"[{'type': {'displayName': 'MissRight', 'value': 75}}, {'type': {'displayName': 'Zone', 'value': 56}, 'value': 'Center'}, {'type': {'displayName': 'OppositeRelatedEvent', 'value': 233}, 'value': '823'}]",False,,False,,,
1901403,SecondHalf,92,36.0,95,CornerAwarded,Unsuccessful,1290,Como,516374.0,Jacobo Ramón,2.0,65.2,,,,,,,"[{'type': {'displayName': 'MissLeft', 'value': 73}}, {'type': {'displayName': 'Zone', 'value': 56}, 'value': 'Back'}, {'type': {'displayName': 'OppositeRelatedEvent', 'value': 233}, 'value': '658'}]",False,,False,,,
1901403,SecondHalf,93,19.0,96,Pass,Unsuccessful,276,Napoli,122683.0,Matteo Politano,99.5,0.5,98.6,85.3,,,,,"[{'type': {'displayName': 'Longball', 'value': 1}}, {'type': {'displayName': 'Cross', 'value': 2}}, {'type': {'displayName': 'Length', 'value': 212}, 'value': '57.7'}, {'type': {'displayName': 'Angle', 'value': 213}, 'value': '1.59'}, {'type': {'displayName': 'Chipped', 'value': 155}}, {'type': {'displayName': 'Zone', 'value': 56}, 'value': 'Left'}, {'type': {'displayName': 'CornerTaken', 'value': 6}}, {'type': {'displayName': 'PassEndY', 'value': 141}, 'value': '85.3'}, {'type': {'displayName': 'PassEndX', 'value': 140}, 'value': '98.6'}, {'type': {'displayName': 'LeftFoot', 'value': 72}}]",True,,False,,,
1901403,SecondHalf,93,28.0,96,BallRecovery,Successful,1290,Como,448659.0,Nico Paz,4.8,20.5,,,,,,,[],False,,False,,,
1901403,SecondHalf,93,28.0,96,Pass,Successful,1290,Como,448659.0,Nico Paz,4.8,20.5,5.5,15.3,,,,,"[{'type': {'displayName': 'PassEndX', 'value': 140}, 'value': '5.5'}, {'type': {'displayName': 'Zone', 'value': 56}, 'value': 'Back'}, {'type': {'displayName': 'Angle', 'value': 213}, 'value': '4.92'}, {'type': {'displayName': 'PassEndY', 'value': 141}, 'value': '15.3'}, {'type': {'displayName': 'Length', 'value': 212}, 'value': '3.6'}]",True,,False,,,
1901403,SecondHalf,93,29.0,96,Pass,Unsuccessful,1290,Como,433972.0,Máximo Perrone,5.6,15.3,27.5,21.7,,,,,"[{'type': {'displayName': 'PassEndY', 'value': 141}, 'value': '21.7'}, {'type': {'displayName': 'Zone', 'value': 56}, 'value': 'Back'}, {'type': {'displayName': 'Length', 'value': 212}, 'value': '23.4'}, {'type': {'displayName': 'PassEndX', 'value': 140}, 'value': '27.5'}, {'type': {'displayName': 'Angle', 'value': 213}, 'value': '0.19'}, {'type': {'displayName': 'Chipped', 'value': 155}}]",True,,False,,,
1901403,SecondHalf,93,31.0,96,BallRecovery,Successful,276,Napoli,111892.0,Stanislav Lobotka,62.6,75.4,,,,,,,[],False,,False,,,
1901403,SecondHalf,93,32.0,96,Pass,Successful,276,Napoli,111892.0,Stanislav Lobotka,64.1,75.1,77.4,93.1,,,,,"[{'type': {'displayName': 'PassEndX', 'value': 140}, 'value': '77.4'}, {'type': {'displayName': 'PassEndY', 'value': 141}, 'value': '93.1'}, {'type': {'displayName': 'Angle', 'value': 213}, 'value': '0.72'}, {'type': {'displayName': 'Zone', 'value': 56}, 'value': 'Left'}, {'type': {'displayName': 'Length', 'value': 212}, 'value': '18.6'}]",True,,False,,,
1901403,SecondHalf,93,33.0,96,Pass,Unsuccessful,276,Napoli,92329.0,Leonardo Spinazzola,77.4,93.1,82.6,93.3,,,,,"[{'type': {'displayName': 'Angle', 'value': 213}, 'value': '0.02'}, {'type': {'displayName': 'Zone', 'value': 56}, 'value': 'Left'}, {'type': {'displayName': 'Length', 'value': 212}, 'value': '5.5'}, {'type': {'displayName': 'PassEndX', 'value': 140}, 'value': '82.6'}, {'type': {'displayName': 'PassEndY', 'value': 141}, 'value': '93.3'}]",True,,False,,,
1901403,SecondHalf,93,35.0,96,Interception,Successful,1290,Como,433972.0,Máximo Perrone,17.4,6.7,,,,,,,"[{'type': {'displayName': 'Zone', 'value': 56}, 'value': 'Back'}]",True,,False,,,
1901403,SecondHalf,93,45.0,96,Pass,Successful,276,Napoli,92329.0,Leonardo Spinazzola,83.9,100.0,57.1,96.0,,,,,"[{'type': {'displayName': 'PassEndY', 'value': 141}, 'value': '96.0'}, {'type': {'displayName': 'Length', 'value': 212}, 'value': '28.4'}, {'type': {'displayName': 'Longball', 'value': 1}}, {'type': {'displayName': 'Zone', 'value': 56}, 'value': 'Left'}, {'type': {'displayName': 'PassEndX', 'value': 140}, 'value': '57.1'}, {'type': {'displayName': 'ThrowIn', 'value': 107}}, {'type': {'displayName': 'Angle', 'value': 213}, 'value': '3.28'}]",True,,False,,,
1901403,SecondHalf,93,51.0,96,Pass,Successful,276,Napoli,395788.0,Miguel Gutiérrez,58.3,84.7,44.5,62.8,,,,,"[{'type': {'displayName': 'Length', 'value': 212}, 'value': '20.8'}, {'type': {'displayName': 'PassEndY', 'value': 141}, 'value': '62.8'}, {'type': {'displayName': 'Angle', 'value': 213}, 'value': '3.94'}, {'type': {'displayName': 'PassEndX', 'value': 140}, 'value': '44.5'}, {'type': {'displayName': 'Zone', 'value': 56}, 'value': 'Back'}]",True,,False,,,
1901403,SecondHalf,93,54.0,96,Pass,Successful,276,Napoli,333373.0,Alessandro Buongiorno,44.5,62.8,46.9,76.6,,,,,"[{'type': {'displayName': 'PassEndY', 'value': 141}, 'value': '76.6'}, {'type': {'displayName': 'Angle', 'value': 213}, 'value': '1.31'}, {'type': {'displayName': 'Zone', 'value': 56}, 'value': 'Back'}, {'type': {'displayName': 'PassEndX', 'value': 140}, 'value': '46.9'}, {'type': {'displayName': 'Length', 'value': 212}, 'value': '9.7'}]",True,,False,,,
1901403,SecondHalf,93,56.0,96,Pass,Successful,276,Napoli,395788.0,Miguel Gutiérrez,47.1,76.6,69.6,69.7,,,,,"[{'type': {'displayName': 'Length', 'value': 212}, 'value': '24.1'}, {'type': {'displayName': 'PassEndX', 'value': 140}, 'value': '69.6'}, {'type': {'displayName': 'PassEndY', 'value': 141}, 'value': '69.7'}, {'type': {'displayName': 'Angle', 'value': 213}, 'value': '6.09'}, {'type': {'displayName': 'Zone', 'value': 56}, 'value': 'Center'}]",True,,False,,,
1901403,SecondHalf,93,58.0,96,End,Successful,276,Napoli,,,0.0,0.0,,,,,,,[],False,,False,,,
1901403,SecondHalf,93,58.0,96,End,Successful,1290,Como,,,0.0,0.0,,,,,,,[],False,,False,,,
1901403,PostGame,0,0.0,6,End,Successful,276,Napoli,,,0.0,0.0,,,,,,,[],False,,False,,,
1901403,PostGame,0,0.0,6,End,Successful,1290,Como,,,0.0,0.0,,,,,,,[],False,,False,,,
1901403,PreMatch,0,0.0,0,FormationSet,Successful,276,Napoli,,,0.0,0.0,,,,,,,"[{'type': {'displayName': 'JerseyNumber', 'value': 59}, 'value': '32, 21, 3, 4, 13, 31, 68, 8, 19, 11, 27, 1, 14, 6, 20, 22, 23, 30, 37, 99'}, {'type': {'displayName': 'InvolvedPlayers', 'value': 30}, 'value': '149474,122683,395788,333373,295358,422739,111892,336915,439584,73084,557549,241022,141525,381255,339579,122469,436627,423857,92329,349561'}, {'type': {'displayName': 'PlayerPosition', 'value': 44}, 'value': '1, 3, 3, 2, 2, 2, 3, 3, 4, 4, 4, 5, 5, 5, 5, 5, 5, 5, 5, 5'}, {'type': {'displayName': 'CaptainPlayerId', 'value': 194}, 'value': '122683'}, {'type': {'displayName': 'TeamPlayerFormation', 'value': 131}, 'value': '1, 2, 3, 4, 5, 6, 7, 8, 9, 10, 11, 0, 0, 0, 0, 0, 0, 0, 0, 0'}, {'type': {'displayName': 'TeamFormation', 'value': 130}, 'value': '17'}]",False,,False,,,
1901403,PreMatch,0,0.0,0,FormationSet,Successful,1290,Como,,,0.0,0.0,,,,,,,"[{'type': {'displayName': 'JerseyNumber', 'value': 59}, 'value': '1, 28, 3, 33, 14, 34, 38, 23, 11, 10, 20, 21, 22, 44, 2, 5, 6, 7, 8, 15, 17, 18, 19, 31, 77'}, {'type': {'displayName': 'PlayerPosition', 'value': 44}, 'value': '1, 2, 2, 3, 2, 2, 3, 3, 4, 3, 3, 5, 5, 5, 5, 5, 5, 5, 5, 5, 5, 5, 5, 5, 5'}, {'type': {'displayName': 'TeamFormation', 'value': 130}, 'value': '8'}, {'type': {'displayName': 'CaptainPlayerId', 'value': 194}, 'value': '379615'}, {'type': {'displayName': 'TeamPlayerFormation', 'value': 131}, 'value': '1, 2, 3, 4, 5, 6, 7, 8, 9, 10, 11, 0, 0, 0, 0, 0, 0, 0, 0, 0, 0, 0, 0, 0, 0'}, {'type': {'displayName': 'InvolvedPlayers', 'value': 30}, 'value': '256536,531127,454341,379615,516374,134984,502427,433972,422873,448659,407944,426515,34133,427499,116465,118148,368272,91213,90782,607629,539559,113275,420245,228854,402849'}]",False,,False,,,
