game_id,period,minute,second,expanded_minute,type,outcome_type,team_id,team,player_id,player,x,y,end_x,end_y,goal_mouth_y,goal_mouth_z,blocked_x,blocked_y,qualifiers,is_touch,is_shot,is_goal,card_type,related_event_id,related_player_id
1903815,FirstHalf,0,0.0,0,Start,Successful,116,NEC Nijmegen,,,0.0,0.0,,,,,,,[],False,,,,,
1903815,FirstHalf,0,0.0,0,Start,Successful,256,Feyenoord,,,0.0,0.0,,,,,,,[],False,,,,,
1903815,FirstHalf,0,0.0,0,Pass,Successful,116,NEC Nijmegen,37502.0,Tjaronn Chery,50.0,50.0,25.1,53.5,,,,,"[{'type': {'displayName': 'PassEndY', 'value': 141}, 'value': '53.5'}, {'type': {'displayName': 'Zone', 'value': 56}, 'value': 'Back'}, {'type': {'displayName': 'PassEndX', 'value': 140}, 'value': '25.1'}, {'type': {'displayName': 'Angle', 'value': 213}, 'value': '3.05'}, {'type': {'displayName': 'Length', 'value': 212}, 'value': '26.3'}]",True,,,,,
1903815,FirstHalf,0,4.0,0,Pass,Unsuccessful,116,NEC Nijmegen,448283.0,Gonzalo Crettaz,27.1,51.3,68.4,0.0,,,,,"[{'type': {'displayName': 'PassEndX', 'value': 140}, 'value': '68.4'}, {'type': {'displayName': 'PassEndY', 'value': 141}, 'value': '0.0'}, {'type': {'displayName': 'Longball', 'value': 1}}, {'type': {'displayName': 'Angle', 'value': 213}, 'value': '5.59'}, {'type': {'displayName': 'Length', 'value': 212}, 'value': '56.5'}, {'type': {'displayName': 'Zone', 'value': 56}, 'value': 'Right'}]",True,,,,,
1903815,FirstHalf,0,17.0,0,Pass,Successful,256,Feyenoord,400059.0,Gijs Smal,34.0,100.0,14.6,92.1,,,,,"[{'type': {'displayName': 'Length', 'value': 212}, 'value': '21.4'}, {'type': {'displayName': 'Longball', 'value': 1}}, {'type': {'displayName': 'Angle', 'value': 213}, 'value': '3.45'}, {'type': {'displayName': 'PassEndY', 'value': 141}, 'value': '92.1'}, {'type': {'displayName': 'ThrowIn', 'value': 107}}, {'type': {'displayName': 'Zone', 'value': 56}, 'value': 'Back'}, {'type': {'displayName': 'PassEndX', 'value': 140}, 'value': '14.6'}]",True,,,,,
1903815,FirstHalf,0,19.0,0,Pass,Successful,256,Feyenoord,431258.0,Tsuyoshi Watanabe,12.7,89.9,4.3,73.5,,,,,"[{'type': {'displayName': 'PassEndY', 'value': 141}, 'value': '73.5'}, {'type': {'displayName': 'Length', 'value': 212}, 'value': '14.2'}, {'type': {'displayName': 'Angle', 'value': 213}, 'value': '4.04'}, {'type': {'displayName': 'Zone', 'value': 56}, 'value': 'Back'}, {'type': {'displayName': 'PassEndX', 'value': 140}, 'value': '4.3'}]",True,,,,,
1903815,FirstHalf,0,21.0,0,Pass,Unsuccessful,256,Feyenoord,121821.0,Timon Wellenreuther,4.3,73.5,47.6,97.3,,,,,"[{'type': {'displayName': 'PassEndY', 'value': 141}, 'value': '97.3'}, {'type': {'displayName': 'Angle', 'value': 213}, 'value': '0.34'}, {'type': {'displayName': 'Longball', 'value': 1}}, {'type': {'displayName': 'Zone', 'value': 56}, 'value': 'Back'}, {'type': {'displayName': 'PassEndX', 'value': 140}, 'value': '47.6'}, {'type': {'displayName': 'Length', 'value': 212}, 'value': '48.3'}]",True,,,,,
1903815,FirstHalf,0,22.0,0,Aerial,Successful,116,NEC Nijmegen,130917.0,Eli Dasa,52.4,2.7,,,,,,,"[{'type': {'displayName': 'Zone', 'value': 56}, 'value': 'Right'}, {'type': {'displayName': 'Offensive', 'value': 286}}, {'type': {'displayName': 'OppositeRelatedEvent', 'value': 233}, 'value': '421'}]",False,,,,,
1903815,FirstHalf,0,23.0,0,Aerial,Unsuccessful,256,Feyenoord,468119.0,Leo Sauer,47.6,97.3,,,,,,,"[{'type': {'displayName': 'OppositeRelatedEvent', 'value': 233}, 'value': '384'}, {'type': {'displayName': 'Zone', 'value': 56}, 'value': 'Back'}, {'type': {'displayName': 'Defensive', 'value': 285}}]",False,,,,,
1903815,FirstHalf,0,23.0,0,Pass,Unsuccessful,116,NEC Nijmegen,130917.0,Eli Dasa,52.4,2.7,65.7,6.6,,,,,"[{'type': {'displayName': 'Zone', 'value': 56}, 'value': 'Right'}, {'type': {'displayName': 'HeadPass', 'value': 3}}, {'type': {'displayName': 'Length', 'value': 212}, 'value': '14.2'}, {'type': {'displayName': 'Angle', 'value': 213}, 'value': '0.19'}, {'type': {'displayName': 'PassEndX', 'value': 140}, 'value': '65.7'}, {'type': {'displayName': 'PassEndY', 'value': 141}, 'value': '6.6'}]",True,,,,,
1903815,FirstHalf,0,28.0,0,Pass,Unsuccessful,256,Feyenoord,400059.0,Gijs Smal,33.9,97.5,46.1,100.0,,,,,"[{'type': {'displayName': 'PassEndY', 'value': 141}, 'value': '100.0'}, {'type': {'displayName': 'PassEndX', 'value': 140}, 'value': '46.1'}, {'type': {'displayName': 'Longball', 'value': 1}}, {'type': {'displayName': 'Angle', 'value': 213}, 'value': '0.18'}, {'type': {'displayName': 'Length', 'value': 212}, 'value': '13.0'}, {'type': {'displayName': 'Zone', 'value': 56}, 'value': 'Back'}]",True,,,,,
1903815,FirstHalf,0,42.0,0,Pass,Successful,116,NEC Nijmegen,130917.0,Eli Dasa,46.7,0.0,63.0,7.9,,,,,"[{'type': {'displayName': 'Zone', 'value': 56}, 'value': 'Right'}, {'type': {'displayName': 'Angle', 'value': 213}, 'value': '0.37'}, {'type': {'displayName': 'Length', 'value': 212}, 'value': '18.4'}, {'type': {'displayName': 'PassEndY', 'value': 141}, 'value': '7.9'}, {'type': {'displayName': 'ThrowIn', 'value': 107}}, {'type': {'displayName': 'PassEndX', 'value': 140}, 'value': '63.0'}]",True,,,,,
1903815,FirstHalf,0,46.0,0,Pass,Unsuccessful,116,NEC Nijmegen,487049.0,Koki Ogawa,71.8,3.5,74.6,5.4,,,,,"[{'type': {'displayName': 'Zone', 'value': 56}, 'value': 'Right'}, {'type': {'displayName': 'Length', 'value': 212}, 'value': '3.2'}, {'type': {'displayName': 'Angle', 'value': 213}, 'value': '0.41'}, {'type': {'displayName': 'PassEndX', 'value': 140}, 'value': '74.6'}, {'type': {'displayName': 'PassEndY', 'value': 141}, 'value': '5.4'}]",True,,,,,
1903815,FirstHalf,0,49.0,0,TakeOn,Successful,256,Feyenoord,400059.0,Gijs Smal,20.8,96.2,,,,,,,"[{'type': {'displayName': 'OppositeRelatedEvent', 'value': 233}, 'value': '10'}, {'type': {'displayName': 'Zone', 'value': 56}, 'value': 'Back'}, {'type': {'displayName': 'Defensive', 'value': 285}}]",True,,,,,
1903815,FirstHalf,0,49.0,0,Challenge,Unsuccessful,116,NEC Nijmegen,37502.0,Tjaronn Chery,79.2,3.8,,,,,,,"[{'type': {'displayName': 'OppositeRelatedEvent', 'value': 233}, 'value': '9'}, {'type': {'displayName': 'Zone', 'value': 56}, 'value': 'Right'}, {'type': {'displayName': 'Offensive', 'value': 286}}]",False,,,,,
1903815,FirstHalf,0,52.0,0,BallRecovery,Successful,256,Feyenoord,400059.0,Gijs Smal,18.7,97.3,,,,,,,[],False,,,,,
1903815,FirstHalf,0,52.0,0,Pass,Successful,256,Feyenoord,400059.0,Gijs Smal,19.4,97.1,24.2,79.7,,,,,"[{'type': {'displayName': 'PassEndY', 'value': 141}, 'value': '79.7'}, {'type': {'displayName': 'PassEndX', 'value': 140}, 'value': '24.2'}, {'type': {'displayName': 'Zone', 'value': 56}, 'value': 'Back'}, {'type': {'displayName': 'Angle', 'value': 213}, 'value': '5.12'}, {'type': {'displayName': 'Length', 'value': 212}, 'value': '12.9'}]",True,,,,,
1903815,FirstHalf,0,53.0,0,Pass,Successful,256,Feyenoord,415927.0,Luciano Valente,24.2,79.7,15.8,84.3,,,,,"[{'type': {'displayName': 'Angle', 'value': 213}, 'value': '2.80'}, {'type': {'displayName': 'PassEndX', 'value': 140}, 'value': '15.8'}, {'type': {'displayName': 'PassEndY', 'value': 141}, 'value': '84.3'}, {'type': {'displayName': 'Length', 'value': 212}, 'value': '9.4'}, {'type': {'displayName': 'Zone', 'value': 56}, 'value': 'Back'}]",True,,,,,
1903815,FirstHalf,0,55.0,0,Pass,Successful,256,Feyenoord,431258.0,Tsuyoshi Watanabe,16.1,84.3,42.1,75.5,,,,,"[{'type': {'displayName': 'PassEndX', 'value': 140}, 'value': '42.1'}, {'type': {'displayName': 'Length', 'value': 212}, 'value': '27.9'}, {'type': {'displayName': 'PassEndY', 'value': 141}, 'value': '75.5'}, {'type': {'displayName': 'Chipped', 'value': 155}}, {'type': {'displayName': 'Angle', 'value': 213}, 'value': '6.07'}, {'type': {'displayName': 'Zone', 'value': 56}, 'value': 'Back'}]",True,,,,,
1903815,FirstHalf,0,59.0,0,Foul,Successful,256,Feyenoord,377288.0,Ayase Ueda,39.8,68.0,,,,,,,"[{'type': {'displayName': 'Foul', 'value': 13}}, {'type': {'displayName': 'Zone', 'value': 56}, 'value': 'Back'}, {'type': {'displayName': 'OppositeRelatedEvent', 'value': 233}, 'value': '12'}, {'type': {'displayName': 'Offensive', 'value': 286}}]",True,,,,,
1903815,FirstHalf,0,59.0,0,Foul,Unsuccessful,116,NEC Nijmegen,321959.0,Philippe Sandler,60.2,32.0,,,,,,,"[{'type': {'displayName': 'OppositeRelatedEvent', 'value': 233}, 'value': '14'}, {'type': {'displayName': 'Foul', 'value': 13}}, {'type': {'displayName': 'Zone', 'value': 56}, 'value': 'Center'}, {'type': {'displayName': 'Defensive', 'value': 285}}]",False,,,,,
1903815,FirstHalf,1,16.0,1,Pass,Successful,256,Feyenoord,431258.0,Tsuyoshi Watanabe,36.4,66.5,34.0,47.0,,,,,"[{'type': {'displayName': 'PassEndY', 'value': 141}, 'value': '47.0'}, {'type': {'displayName': 'Angle', 'value': 213}, 'value': '4.52'}, {'type': {'displayName': 'Length', 'value': 212}, 'value': '13.5'}, {'type': {'displayName': 'PassEndX', 'value': 140}, 'value': '34.0'}, {'type': {'displayName': 'Zone', 'value': 56}, 'value': 'Back'}, {'type': {'displayName': 'FreekickTaken', 'value': 5}}]",True,,,,,
1903815,FirstHalf,1,17.0,1,Pass,Successful,256,Feyenoord,326642.0,Anel Ahmedhodzic,32.4,44.2,15.1,53.8,,,,,"[{'type': {'displayName': 'PassEndX', 'value': 140}, 'value': '15.1'}, {'type': {'displayName': 'PassEndY', 'value': 141}, 'value': '53.8'}, {'type': {'displayName': 'Angle', 'value': 213}, 'value': '2.80'}, {'type': {'displayName': 'Zone', 'value': 56}, 'value': 'Back'}, {'type': {'displayName': 'Length', 'value': 212}, 'value': '19.3'}]",True,,,,,
1903815,FirstHalf,1,31.0,1,Pass,Successful,256,Feyenoord,121821.0,Timon Wellenreuther,18.5,53.0,29.6,59.1,,,,,"[{'type': {'displayName': 'PassEndX', 'value': 140}, 'value': '29.6'}, {'type': {'displayName': 'Angle', 'value': 213}, 'value': '0.34'}, {'type': {'displayName': 'Length', 'value': 212}, 'value': '12.4'}, {'type': {'displayName': 'PassEndY', 'value': 141}, 'value': '59.1'}, {'type': {'displayName': 'Zone', 'value': 56}, 'value': 'Back'}]",True,,,,,
1903815,FirstHalf,1,34.0,1,Pass,Successful,256,Feyenoord,411078.0,Quinten Timber,29.6,59.2,23.1,30.0,,,,,"[{'type': {'displayName': 'Length', 'value': 212}, 'value': '21.0'}, {'type': {'displayName': 'Zone', 'value': 56}, 'value': 'Back'}, {'type': {'displayName': 'PassEndX', 'value': 140}, 'value': '23.1'}, {'type': {'displayName': 'Angle', 'value': 213}, 'value': '4.38'}, {'type': {'displayName': 'PassEndY', 'value': 141}, 'value': '30.0'}]",True,,,,,
1903815,FirstHalf,1,38.0,1,Pass,Successful,256,Feyenoord,326642.0,Anel Ahmedhodzic,40.3,18.2,75.3,23.8,,,,,"[{'type': {'displayName': 'Zone', 'value': 56}, 'value': 'Center'}, {'type': {'displayName': 'Longball', 'value': 1}}, {'type': {'displayName': 'Chipped', 'value': 155}}, {'type': {'displayName': 'PassEndY', 'value': 141}, 'value': '23.8'}, {'type': {'displayName': 'Length', 'value': 212}, 'value': '36.9'}, {'type': {'displayName': 'Angle', 'value': 213}, 'value': '0.10'}, {'type': {'displayName': 'PassEndX', 'value': 140}, 'value': '75.3'}]",True,,,,,
1903815,FirstHalf,1,46.0,1,Pass,Successful,256,Feyenoord,468119.0,Leo Sauer,72.6,11.5,87.4,5.6,,,,,"[{'type': {'displayName': 'Angle', 'value': 213}, 'value': '6.03'}, {'type': {'displayName': 'PassEndY', 'value': 141}, 'value': '5.6'}, {'type': {'displayName': 'Length', 'value': 212}, 'value': '16.0'}, {'type': {'displayName': 'PassEndX', 'value': 140}, 'value': '87.4'}, {'type': {'displayName': 'Zone', 'value': 56}, 'value': 'Right'}]",True,,,,,
1903815,FirstHalf,1,49.0,1,Pass,Successful,256,Feyenoord,515829.0,Anis Hadj Moussa,90.3,7.9,78.6,10.7,,,,,"[{'type': {'displayName': 'Angle', 'value': 213}, 'value': '2.99'}, {'type': {'displayName': 'Zone', 'value': 56}, 'value': 'Right'}, {'type': {'displayName': 'Length', 'value': 212}, 'value': '12.4'}, {'type': {'displayName': 'PassEndX', 'value': 140}, 'value': '78.6'}, {'type': {'displayName': 'PassEndY', 'value': 141}, 'value': '10.7'}]",True,,,,,
1903815,FirstHalf,1,52.0,1,Pass,Successful,256,Feyenoord,468119.0,Leo Sauer,75.1,12.1,65.4,13.5,,,,,"[{'type': {'displayName': 'PassEndX', 'value': 140}, 'value': '65.4'}, {'type': {'displayName': 'Length', 'value': 212}, 'value': '10.2'}, {'type': {'displayName': 'Angle', 'value': 213}, 'value': '3.05'}, {'type': {'displayName': 'Zone', 'value': 56}, 'value': 'Right'}, {'type': {'displayName': 'PassEndY', 'value': 141}, 'value': '13.5'}]",True,,,,,
1903815,FirstHalf,1,54.0,1,Pass,Successful,256,Feyenoord,326642.0,Anel Ahmedhodzic,65.5,10.6,70.8,4.5,,,,,"[{'type': {'displayName': 'PassEndX', 'value': 140}, 'value': '70.8'}, {'type': {'displayName': 'PassEndY', 'value': 141}, 'value': '4.5'}, {'type': {'displayName': 'Length', 'value': 212}, 'value': '6.9'}, {'type': {'displayName': 'Angle', 'value': 213}, 'value': '5.64'}, {'type': {'displayName': 'Zone', 'value': 56}, 'value': 'Right'}]",True,,,,,
1903815,FirstHalf,1,57.0,1,Pass,Successful,256,Feyenoord,515829.0,Anis Hadj Moussa,70.9,4.5,64.1,7.6,,,,,"[{'type': {'displayName': 'Angle', 'value': 213}, 'value': '2.85'}, {'type': {'displayName': 'PassEndX', 'value': 140}, 'value': '64.1'}, {'type': {'displayName': 'Length', 'value': 212}, 'value': '7.4'}, {'type': {'displayName': 'PassEndY', 'value': 141}, 'value': '7.6'}, {'type': {'displayName': 'Zone', 'value': 56}, 'value': 'Right'}]",True,,,,,
1903815,FirstHalf,2,1.0,2,Pass,Successful,256,Feyenoord,326642.0,Anel Ahmedhodzic,64.2,6.8,44.1,28.8,,,,,"[{'type': {'displayName': 'Zone', 'value': 56}, 'value': 'Back'}, {'type': {'displayName': 'PassEndX', 'value': 140}, 'value': '44.1'}, {'type': {'displayName': 'PassEndY', 'value': 141}, 'value': '28.8'}, {'type': {'displayName': 'Angle', 'value': 213}, 'value': '2.52'}, {'type': {'displayName': 'Length', 'value': 212}, 'value': '25.9'}]",True,,,,,
1903815,FirstHalf,2,3.0,2,Pass,Successful,256,Feyenoord,431258.0,Tsuyoshi Watanabe,44.1,28.8,28.2,54.2,,,,,"[{'type': {'displayName': 'PassEndX', 'value': 140}, 'value': '28.2'}, {'type': {'displayName': 'Zone', 'value': 56}, 'value': 'Back'}, {'type': {'displayName': 'PassEndY', 'value': 141}, 'value': '54.2'}, {'type': {'displayName': 'Angle', 'value': 213}, 'value': '2.34'}, {'type': {'displayName': 'Length', 'value': 212}, 'value': '24.0'}]",True,,,,,
1903815,FirstHalf,2,7.0,2,Pass,Successful,256,Feyenoord,121821.0,Timon Wellenreuther,28.0,54.1,39.2,91.2,,,,,"[{'type': {'displayName': 'Zone', 'value': 56}, 'value': 'Back'}, {'type': {'displayName': 'PassEndX', 'value': 140}, 'value': '39.2'}, {'type': {'displayName': 'Length', 'value': 212}, 'value': '27.8'}, {'type': {'displayName': 'PassEndY', 'value': 141}, 'value': '91.2'}, {'type': {'displayName': 'Angle', 'value': 213}, 'value': '1.13'}]",True,,,,,
1903815,FirstHalf,2,10.0,2,Pass,Successful,256,Feyenoord,400059.0,Gijs Smal,34.9,87.6,20.0,64.7,,,,,"[{'type': {'displayName': 'Zone', 'value': 56}, 'value': 'Back'}, {'type': {'displayName': 'PassEndY', 'value': 141}, 'value': '64.7'}, {'type': {'displayName': 'Length', 'value': 212}, 'value': '22.1'}, {'type': {'displayName': 'PassEndX', 'value': 140}, 'value': '20.0'}, {'type': {'displayName': 'Angle', 'value': 213}, 'value': '3.92'}]",True,,,,,
1903815,FirstHalf,2,12.0,2,Pass,Unsuccessful,256,Feyenoord,121821.0,Timon Wellenreuther,20.0,64.7,61.4,70.5,,,,,"[{'type': {'displayName': 'Zone', 'value': 56}, 'value': 'Center'}, {'type': {'displayName': 'PassEndX', 'value': 140}, 'value': '61.4'}, {'type': {'displayName': 'Length', 'value': 212}, 'value': '43.6'}, {'type': {'displayName': 'PassEndY', 'value': 141}, 'value': '70.5'}, {'type': {'displayName': 'Longball', 'value': 1}}, {'type': {'displayName': 'Angle', 'value': 213}, 'value': '0.09'}]",True,,,,,
1903815,FirstHalf,2,15.0,2,Aerial,Successful,116,NEC Nijmegen,321959.0,Philippe Sandler,38.6,29.5,,,,,,,"[{'type': {'displayName': 'Defensive', 'value': 285}}, {'type': {'displayName': 'OppositeRelatedEvent', 'value': 233}, 'value': '30'}, {'type': {'displayName': 'Zone', 'value': 56}, 'value': 'Back'}]",False,,,,,
1903815,FirstHalf,2,15.0,2,Aerial,Unsuccessful,256,Feyenoord,377288.0,Ayase Ueda,61.4,70.5,,,,,,,"[{'type': {'displayName': 'Offensive', 'value': 286}}, {'type': {'displayName': 'Zone', 'value': 56}, 'value': 'Center'}, {'type': {'displayName': 'OppositeRelatedEvent', 'value': 233}, 'value': '13'}]",False,,,,,
1903815,FirstHalf,2,16.0,2,Pass,Successful,116,NEC Nijmegen,321959.0,Philippe Sandler,38.6,29.5,47.5,39.6,,,,,"[{'type': {'displayName': 'Length', 'value': 212}, 'value': '11.6'}, {'type': {'displayName': 'PassEndY', 'value': 141}, 'value': '39.6'}, {'type': {'displayName': 'HeadPass', 'value': 3}}, {'type': {'displayName': 'Zone', 'value': 56}, 'value': 'Back'}, {'type': {'displayName': 'Angle', 'value': 213}, 'value': '0.63'}, {'type': {'displayName': 'PassEndX', 'value': 140}, 'value': '47.5'}]",True,,,,,
1903815,FirstHalf,2,18.0,2,Dispossessed,Successful,116,NEC Nijmegen,497708.0,Kodai Sano,47.0,37.4,,,,,,,"[{'type': {'displayName': 'Offensive', 'value': 286}}, {'type': {'displayName': 'Zone', 'value': 56}, 'value': 'Back'}, {'type': {'displayName': 'OppositeRelatedEvent', 'value': 233}, 'value': '31'}]",True,,,,,
1903815,FirstHalf,2,18.0,2,Tackle,Unsuccessful,256,Feyenoord,415927.0,Luciano Valente,53.0,62.6,,,,,,,"[{'type': {'displayName': 'StandingSave', 'value': 178}}, {'type': {'displayName': 'OppositeRelatedEvent', 'value': 233}, 'value': '15'}, {'type': {'displayName': 'Defensive', 'value': 285}}, {'type': {'displayName': 'Zone', 'value': 56}, 'value': 'Center'}]",True,,,,,
1903815,FirstHalf,2,20.0,2,BallTouch,Successful,116,NEC Nijmegen,497708.0,Kodai Sano,43.5,36.3,,,,,,,"[{'type': {'displayName': 'Zone', 'value': 56}, 'value': 'Back'}]",True,,,,,
1903815,FirstHalf,2,20.0,2,Pass,Unsuccessful,256,Feyenoord,411078.0,Quinten Timber,62.1,58.2,67.5,50.5,,,,,"[{'type': {'displayName': 'Angle', 'value': 213}, 'value': '5.54'}, {'type': {'displayName': 'HeadPass', 'value': 3}}, {'type': {'displayName': 'Length', 'value': 212}, 'value': '7.7'}, {'type': {'displayName': 'PassEndY', 'value': 141}, 'value': '50.5'}, {'type': {'displayName': 'Zone', 'value': 56}, 'value': 'Center'}, {'type': {'displayName': 'PassEndX', 'value': 140}, 'value': '67.5'}]",True,,,,,
1903815,FirstHalf,2,21.0,2,Pass,Successful,116,NEC Nijmegen,401739.0,Darko Nejasmic,34.4,54.5,24.6,69.6,,,,,"[{'type': {'displayName': 'Zone', 'value': 56}, 'value': 'Back'}, {'type': {'displayName': 'PassEndX', 'value': 140}, 'value': '24.6'}, {'type': {'displayName': 'Angle', 'value': 213}, 'value': '2.36'}, {'type': {'displayName': 'Length', 'value': 212}, 'value': '14.5'}, {'type': {'displayName': 'PassEndY', 'value': 141}, 'value': '69.6'}, {'type': {'displayName': 'HeadPass', 'value': 3}}]",True,,,,,
1903815,FirstHalf,2,22.0,2,Pass,Unsuccessful,116,NEC Nijmegen,130917.0,Eli Dasa,26.8,69.5,64.5,54.1,,,,,"[{'type': {'displayName': 'Angle', 'value': 213}, 'value': '6.02'}, {'type': {'displayName': 'Zone', 'value': 56}, 'value': 'Center'}, {'type': {'displayName': 'Longball', 'value': 1}}, {'type': {'displayName': 'Length', 'value': 212}, 'value': '40.9'}, {'type': {'displayName': 'PassEndY', 'value': 141}, 'value': '54.1'}, {'type': {'displayName': 'PassEndX', 'value': 140}, 'value': '64.5'}]",True,,,,,
1903815,FirstHalf,2,25.0,2,Pass,Unsuccessful,256,Feyenoord,326642.0,Anel Ahmedhodzic,38.3,46.5,44.7,58.6,,,,,"[{'type': {'displayName': 'Length', 'value': 212}, 'value': '10.6'}, {'type': {'displayName': 'HeadPass', 'value': 3}}, {'type': {'displayName': 'PassEndY', 'value': 141}, 'value': '58.6'}, {'type': {'displayName': 'Angle', 'value': 213}, 'value': '0.89'}, {'type': {'displayName': 'Zone', 'value': 56}, 'value': 'Back'}, {'type': {'displayName': 'PassEndX', 'value': 140}, 'value': '44.7'}]",True,,,,,
1903815,FirstHalf,2,27.0,2,BallRecovery,Successful,116,NEC Nijmegen,37502.0,Tjaronn Chery,57.1,39.9,,,,,,,[],False,,,,,
1903815,FirstHalf,2,29.0,2,Pass,Successful,116,NEC Nijmegen,37502.0,Tjaronn Chery,65.4,23.8,65.7,10.4,,,,,"[{'type': {'displayName': 'PassEndX', 'value': 140}, 'value': '65.7'}, {'type': {'displayName': 'Angle', 'value': 213}, 'value': '4.75'}, {'type': {'displayName': 'PassEndY', 'value': 141}, 'value': '10.4'}, {'type': {'displayName': 'Length', 'value': 212}, 'value': '9.1'}, {'type': {'displayName': 'Zone', 'value': 56}, 'value': 'Right'}]",True,,,,,
1903815,FirstHalf,2,32.0,2,Pass,Successful,116,NEC Nijmegen,515755.0,Sami Ouaissa,66.1,10.5,54.4,17.6,,,,,"[{'type': {'displayName': 'PassEndY', 'value': 141}, 'value': '17.6'}, {'type': {'displayName': 'Angle', 'value': 213}, 'value': '2.77'}, {'type': {'displayName': 'Length', 'value': 212}, 'value': '13.2'}, {'type': {'displayName': 'Zone', 'value': 56}, 'value': 'Right'}, {'type': {'displayName': 'PassEndX', 'value': 140}, 'value': '54.4'}]",True,,,,,
1903815,FirstHalf,2,34.0,2,Pass,Successful,116,NEC Nijmegen,321959.0,Philippe Sandler,57.2,19.6,64.1,31.7,,,,,"[{'type': {'displayName': 'Zone', 'value': 56}, 'value': 'Center'}, {'type': {'displayName': 'PassEndX', 'value': 140}, 'value': '64.1'}, {'type': {'displayName': 'Length', 'value': 212}, 'value': '11.0'}, {'type': {'displayName': 'PassEndY', 'value': 141}, 'value': '31.7'}, {'type': {'displayName': 'Angle', 'value': 213}, 'value': '0.85'}]",True,,,,,
1903815,FirstHalf,2,36.0,2,Pass,Successful,116,NEC Nijmegen,497708.0,Kodai Sano,61.9,27.9,55.1,14.5,,,,,"[{'type': {'displayName': 'PassEndY', 'value': 141}, 'value': '14.5'}, {'type': {'displayName': 'Angle', 'value': 213}, 'value': '4.05'}, {'type': {'displayName': 'Length', 'value': 212}, 'value': '11.6'}, {'type': {'displayName': 'Zone', 'value': 56}, 'value': 'Right'}, {'type': {'displayName': 'PassEndX', 'value': 140}, 'value': '55.1'}]",True,,,,,
1903815,FirstHalf,2,45.0,2,Pass,Successful,116,NEC Nijmegen,321959.0,Philippe Sandler,53.2,24.6,46.3,35.8,,,,,"[{'type': {'displayName': 'PassEndX', 'value': 140}, 'value': '46.3'}, {'type': {'displayName': 'Zone', 'value': 56}, 'value': 'Back'}, {'type': {'displayName': 'Length', 'value': 212}, 'value': '10.5'}, {'type': {'displayName': 'Angle', 'value': 213}, 'value': '2.33'}, {'type': {'displayName': 'PassEndY', 'value': 141}, 'value': '35.8'}]",True,,,,,
1903815,FirstHalf,2,45.0,2,Pass,Successful,116,NEC Nijmegen,130917.0,Eli Dasa,45.7,35.0,46.7,23.3,,,,,"[{'type': {'displayName': 'Length', 'value': 212}, 'value': '8.0'}, {'type': {'displayName': 'Angle', 'value': 213}, 'value': '4.84'}, {'type': {'displayName': 'PassEndY', 'value': 141}, 'value': '23.3'}, {'type': {'displayName': 'Zone', 'value': 56}, 'value': 'Back'}, {'type': {'displayName': 'PassEndX', 'value': 140}, 'value': '46.7'}]",True,,,,,
1903815,FirstHalf,2,46.0,2,Pass,Successful,116,NEC Nijmegen,321959.0,Philippe Sandler,46.6,23.3,63.4,9.7,,,,,"[{'type': {'displayName': 'PassEndY', 'value': 141}, 'value': '9.7'}, {'type': {'displayName': 'Length', 'value': 212}, 'value': '19.9'}, {'type': {'displayName': 'Angle', 'value': 213}, 'value': '5.80'}, {'type': {'displayName': 'PassEndX', 'value': 140}, 'value': '63.4'}, {'type': {'displayName': 'Zone', 'value': 56}, 'value': 'Right'}]",True,,,,,
1903815,FirstHalf,2,47.0,2,Pass,Successful,116,NEC Nijmegen,515755.0,Sami Ouaissa,79.6,25.6,91.3,17.0,,,,,"[{'type': {'displayName': 'PassEndY', 'value': 141}, 'value': '17.0'}, {'type': {'displayName': 'PassEndX', 'value': 140}, 'value': '91.3'}, {'type': {'displayName': 'Zone', 'value': 56}, 'value': 'Right'}, {'type': {'displayName': 'Angle', 'value': 213}, 'value': '5.84'}, {'type': {'displayName': 'Length', 'value': 212}, 'value': '13.6'}]",True,,,,,
1903815,FirstHalf,2,56.0,2,Pass,Unsuccessful,116,NEC Nijmegen,497708.0,Kodai Sano,95.2,16.8,94.3,48.2,,,,,"[{'type': {'displayName': 'RightFoot', 'value': 20}}, {'type': {'displayName': 'Angle', 'value': 213}, 'value': '1.62'}, {'type': {'displayName': 'Cross', 'value': 2}}, {'type': {'displayName': 'Length', 'value': 212}, 'value': '21.4'}, {'type': {'displayName': 'PassEndX', 'value': 140}, 'value': '94.3'}, {'type': {'displayName': 'Zone', 'value': 56}, 'value': 'Center'}, {'type': {'displayName': 'PassEndY', 'value': 141}, 'value': '48.2'}]",True,,,,,
1903815,FirstHalf,2,58.0,2,Clearance,Successful,256,Feyenoord,326642.0,Anel Ahmedhodzic,5.1,53.5,10.0,100.0,,,,,"[{'type': {'displayName': 'PassEndX', 'value': 140}, 'value': '10.0'}, {'type': {'displayName': 'Angle', 'value': 213}, 'value': '1.41'}, {'type': {'displayName': 'Zone', 'value': 56}, 'value': 'Back'}, {'type': {'displayName': 'Length', 'value': 212}, 'value': '33.0'}, {'type': {'displayName': 'PassEndY', 'value': 141}, 'value': '100.0'}]",True,,,,,
1903815,FirstHalf,3,16.0,3,Pass,Successful,116,NEC Nijmegen,130917.0,Eli Dasa,81.3,0.0,79.4,13.2,,,,,"[{'type': {'displayName': 'ThrowIn', 'value': 107}}, {'type': {'displayName': 'Zone', 'value': 56}, 'value': 'Right'}, {'type': {'displayName': 'PassEndY', 'value': 141}, 'value': '13.2'}, {'type': {'displayName': 'Length', 'value': 212}, 'value': '10.5'}, {'type': {'displayName': 'Angle', 'value': 213}, 'value': '1.76'}, {'type': {'displayName': 'PassEndX', 'value': 140}, 'value': '79.4'}]",True,,,,,
1903815,FirstHalf,3,17.0,3,Pass,Unsuccessful,116,NEC Nijmegen,497708.0,Kodai Sano,78.6,12.9,76.7,0.0,,,,,"[{'type': {'displayName': 'Length', 'value': 212}, 'value': '10.2'}, {'type': {'displayName': 'Zone', 'value': 56}, 'value': 'Right'}, {'type': {'displayName': 'Angle', 'value': 213}, 'value': '4.52'}, {'type': {'displayName': 'PassEndY', 'value': 141}, 'value': '0.0'}, {'type': {'displayName': 'PassEndX', 'value': 140}, 'value': '76.7'}]",True,,,,,
1903815,FirstHalf,3,29.0,3,Pass,Successful,256,Feyenoord,400059.0,Gijs Smal,31.4,100.0,10.7,91.8,,,,,"[{'type': {'displayName': 'Longball', 'value': 1}}, {'type': {'displayName': 'Angle', 'value': 213}, 'value': '3.44'}, {'type': {'displayName': 'PassEndX', 'value': 140}, 'value': '10.7'}, {'type': {'displayName': 'Length', 'value': 212}, 'value': '22.8'}, {'type': {'displayName': 'ThrowIn', 'value': 107}}, {'type': {'displayName': 'PassEndY', 'value': 141}, 'value': '91.8'}, {'type': {'displayName': 'Zone', 'value': 56}, 'value': 'Back'}]",True,,,,,
1903815,FirstHalf,3,33.0,3,Pass,Unsuccessful,256,Feyenoord,431258.0,Tsuyoshi Watanabe,9.2,88.8,43.3,71.8,,,,,"[{'type': {'displayName': 'PassEndX', 'value': 140}, 'value': '43.3'}, {'type': {'displayName': 'Longball', 'value': 1}}, {'type': {'displayName': 'Zone', 'value': 56}, 'value': 'Back'}, {'type': {'displayName': 'Angle', 'value': 213}, 'value': '5.97'}, {'type': {'displayName': 'Length', 'value': 212}, 'value': '37.6'}, {'type': {'displayName': 'PassEndY', 'value': 141}, 'value': '71.8'}]",True,,,,,
1903815,FirstHalf,3,34.0,3,BallRecovery,Successful,116,NEC Nijmegen,401739.0,Darko Nejasmic,59.5,32.3,,,,,,,[],False,,,,,
1903815,FirstHalf,3,35.0,3,Pass,Successful,116,NEC Nijmegen,401739.0,Darko Nejasmic,60.3,30.4,67.8,12.7,,,,,"[{'type': {'displayName': 'Angle', 'value': 213}, 'value': '5.29'}, {'type': {'displayName': 'Length', 'value': 212}, 'value': '14.4'}, {'type': {'displayName': 'PassEndY', 'value': 141}, 'value': '12.7'}, {'type': {'displayName': 'Zone', 'value': 56}, 'value': 'Right'}, {'type': {'displayName': 'PassEndX', 'value': 140}, 'value': '67.8'}]",True,,,,,
1903815,FirstHalf,3,36.0,3,Pass,Successful,116,NEC Nijmegen,515755.0,Sami Ouaissa,67.8,12.9,74.8,20.1,,,,,"[{'type': {'displayName': 'PassEndY', 'value': 141}, 'value': '20.1'}, {'type': {'displayName': 'PassEndX', 'value': 140}, 'value': '74.8'}, {'type': {'displayName': 'Length', 'value': 212}, 'value': '8.8'}, {'type': {'displayName': 'Angle', 'value': 213}, 'value': '0.59'}, {'type': {'displayName': 'Zone', 'value': 56}, 'value': 'Right'}]",True,,,,,
1903815,FirstHalf,3,39.0,3,Pass,Successful,116,NEC Nijmegen,487049.0,Koki Ogawa,69.3,26.7,62.2,33.3,,,,,"[{'type': {'displayName': 'Length', 'value': 212}, 'value': '8.7'}, {'type': {'displayName': 'PassEndY', 'value': 141}, 'value': '33.3'}, {'type': {'displayName': 'Zone', 'value': 56}, 'value': 'Center'}, {'type': {'displayName': 'PassEndX', 'value': 140}, 'value': '62.2'}, {'type': {'displayName': 'Angle', 'value': 213}, 'value': '2.60'}]",True,,,,,
1903815,FirstHalf,3,40.0,3,Pass,Successful,116,NEC Nijmegen,401739.0,Darko Nejasmic,61.9,33.3,68.1,36.1,,,,,"[{'type': {'displayName': 'Angle', 'value': 213}, 'value': '0.28'}, {'type': {'displayName': 'PassEndX', 'value': 140}, 'value': '68.1'}, {'type': {'displayName': 'Zone', 'value': 56}, 'value': 'Center'}, {'type': {'displayName': 'PassEndY', 'value': 141}, 'value': '36.1'}, {'type': {'displayName': 'Length', 'value': 212}, 'value': '6.8'}]",True,,,,,
1903815,FirstHalf,3,41.0,3,Pass,Successful,116,NEC Nijmegen,497708.0,Kodai Sano,71.7,33.3,77.4,28.0,,,,,"[{'type': {'displayName': 'Zone', 'value': 56}, 'value': 'Center'}, {'type': {'displayName': 'Length', 'value': 212}, 'value': '7.0'}, {'type': {'displayName': 'PassEndX', 'value': 140}, 'value': '77.4'}, {'type': {'displayName': 'Angle', 'value': 213}, 'value': '5.74'}, {'type': {'displayName': 'PassEndY', 'value': 141}, 'value': '28.0'}]",True,,,,,
1903815,FirstHalf,3,43.0,3,Pass,Successful,116,NEC Nijmegen,43004.0,Bryan Linssen,76.9,28.0,72.7,24.1,,,,,"[{'type': {'displayName': 'Angle', 'value': 213}, 'value': '3.68'}, {'type': {'displayName': 'LayOff', 'value': 156}}, {'type': {'displayName': 'Length', 'value': 212}, 'value': '5.1'}, {'type': {'displayName': 'PassEndX', 'value': 140}, 'value': '72.7'}, {'type': {'displayName': 'Zone', 'value': 56}, 'value': 'Center'}, {'type': {'displayName': 'PassEndY', 'value': 141}, 'value': '24.1'}]",True,,,,,
1903815,FirstHalf,3,45.0,3,Pass,Successful,116,NEC Nijmegen,497708.0,Kodai Sano,73.2,22.4,75.3,13.7,,,,,"[{'type': {'displayName': 'Zone', 'value': 56}, 'value': 'Right'}, {'type': {'displayName': 'ShotAssist', 'value': 210}, 'value': '13'}, {'type': {'displayName': 'Length', 'value': 212}, 'value': '6.3'}, {'type': {'displayName': 'PassEndX', 'value': 140}, 'value': '75.3'}, {'type': {'displayName': 'PassEndY', 'value': 141}, 'value': '13.7'}, {'type': {'displayName': 'Angle', 'value': 213}, 'value': '5.07'}, {'type': {'displayName': 'KeyPass', 'value': 11113}}]",True,,,,,
1903815,FirstHalf,3,49.0,3,MissedShots,Successful,116,NEC Nijmegen,515755.0,Sami Ouaissa,78.5,26.8,,,54.3,63.9,,,"[{'type': {'displayName': 'RegularPlay', 'value': 22}}, {'type': {'displayName': 'OutOfBoxCentre', 'value': 18}}, {'type': {'displayName': 'IndividualPlay', 'value': 215}}, {'type': {'displayName': 'MissHigh', 'value': 74}}, {'type': {'displayName': 'GoalMouthZ', 'value': 103}, 'value': '63.9'}, {'type': {'displayName': 'GoalMouthY', 'value': 102}, 'value': '54.3'}, {'type': {'displayName': 'LeftFoot', 'value': 72}}, {'type': {'displayName': 'Assisted', 'value': 29}}, {'type': {'displayName': 'RelatedEventId', 'value': 55}, 'value': '39'}, {'type': {'displayName': 'Zone', 'value': 56}, 'value': 'Center'}]",True,True,,,39.0,497708.0
1903815,FirstHalf,4,13.0,4,Pass,Successful,256,Feyenoord,121821.0,Timon Wellenreuther,4.0,49.8,7.3,64.4,,,,,"[{'type': {'displayName': 'Angle', 'value': 213}, 'value': '1.24'}, {'type': {'displayName': 'Length', 'value': 212}, 'value': '10.5'}, {'type': {'displayName': 'GoalKick', 'value': 124}}, {'type': {'displayName': 'PassEndY', 'value': 141}, 'value': '64.4'}, {'type': {'displayName': 'Zone', 'value': 56}, 'value': 'Back'}, {'type': {'displayName': 'PassEndX', 'value': 140}, 'value': '7.3'}]",True,,,,,
1903815,FirstHalf,4,16.0,4,Pass,Successful,256,Feyenoord,400059.0,Gijs Smal,6.4,62.7,4.7,48.2,,,,,"[{'type': {'displayName': 'Angle', 'value': 213}, 'value': '4.53'}, {'type': {'displayName': 'Length', 'value': 212}, 'value': '10.0'}, {'type': {'displayName': 'Zone', 'value': 56}, 'value': 'Back'}, {'type': {'displayName': 'PassEndX', 'value': 140}, 'value': '4.7'}, {'type': {'displayName': 'PassEndY', 'value': 141}, 'value': '48.2'}]",True,,,,,
1903815,FirstHalf,4,18.0,4,Pass,Successful,256,Feyenoord,121821.0,Timon Wellenreuther,5.1,47.7,20.3,62.6,,,,,"[{'type': {'displayName': 'Zone', 'value': 56}, 'value': 'Back'}, {'type': {'displayName': 'Angle', 'value': 213}, 'value': '0.57'}, {'type': {'displayName': 'Length', 'value': 212}, 'value': '18.9'}, {'type': {'displayName': 'PassEndY', 'value': 141}, 'value': '62.6'}, {'type': {'displayName': 'PassEndX', 'value': 140}, 'value': '20.3'}]",True,,,,,
1903815,FirstHalf,4,21.0,4,Pass,Successful,256,Feyenoord,400059.0,Gijs Smal,27.2,57.0,27.8,32.1,,,,,"[{'type': {'displayName': 'PassEndY', 'value': 141}, 'value': '32.1'}, {'type': {'displayName': 'PassEndX', 'value': 140}, 'value': '27.8'}, {'type': {'displayName': 'Zone', 'value': 56}, 'value': 'Back'}, {'type': {'displayName': 'Angle', 'value': 213}, 'value': '4.75'}, {'type': {'displayName': 'Length', 'value': 212}, 'value': '16.9'}]",True,,,,,
1903815,FirstHalf,4,26.0,4,Pass,Successful,256,Feyenoord,297527.0,Bart Nieuwkoop,27.7,29.7,37.8,6.8,,,,,"[{'type': {'displayName': 'Length', 'value': 212}, 'value': '18.8'}, {'type': {'displayName': 'Zone', 'value': 56}, 'value': 'Back'}, {'type': {'displayName': 'PassEndY', 'value': 141}, 'value': '6.8'}, {'type': {'displayName': 'Angle', 'value': 213}, 'value': '5.31'}, {'type': {'displayName': 'PassEndX', 'value': 140}, 'value': '37.8'}]",True,,,,,
1903815,FirstHalf,4,27.0,4,Challenge,Unsuccessful,116,NEC Nijmegen,400320.0,Ahmetcan Kaplan,63.0,93.6,,,,,,,"[{'type': {'displayName': 'OppositeRelatedEvent', 'value': 233}, 'value': '47'}, {'type': {'displayName': 'Defensive', 'value': 285}}, {'type': {'displayName': 'Zone', 'value': 56}, 'value': 'Left'}]",False,,,,,
1903815,FirstHalf,4,27.0,4,TakeOn,Successful,256,Feyenoord,515829.0,Anis Hadj Moussa,37.0,6.4,,,,,,,"[{'type': {'displayName': 'Zone', 'value': 56}, 'value': 'Back'}, {'type': {'displayName': 'Offensive', 'value': 286}}, {'type': {'displayName': 'OppositeRelatedEvent', 'value': 233}, 'value': '42'}]",True,,,,,
1903815,FirstHalf,4,28.0,4,Pass,Unsuccessful,256,Feyenoord,515829.0,Anis Hadj Moussa,38.7,14.8,76.2,10.1,,,,,"[{'type': {'displayName': 'Length', 'value': 212}, 'value': '39.5'}, {'type': {'displayName': 'PassEndY', 'value': 141}, 'value': '10.1'}, {'type': {'displayName': 'Angle', 'value': 213}, 'value': '6.20'}, {'type': {'displayName': 'Longball', 'value': 1}}, {'type': {'displayName': 'Zone', 'value': 56}, 'value': 'Right'}, {'type': {'displayName': 'PassEndX', 'value': 140}, 'value': '76.2'}]",True,,,,,
1903815,FirstHalf,4,32.0,4,BallRecovery,Successful,116,NEC Nijmegen,401739.0,Darko Nejasmic,16.9,93.3,,,,,,,[],False,,,,,
1903815,FirstHalf,4,32.0,4,Pass,Successful,116,NEC Nijmegen,401739.0,Darko Nejasmic,15.4,92.4,7.8,67.3,,,,,"[{'type': {'displayName': 'Angle', 'value': 213}, 'value': '4.28'}, {'type': {'displayName': 'PassEndX', 'value': 140}, 'value': '7.8'}, {'type': {'displayName': 'Zone', 'value': 56}, 'value': 'Back'}, {'type': {'displayName': 'Length', 'value': 212}, 'value': '18.8'}, {'type': {'displayName': 'PassEndY', 'value': 141}, 'value': '67.3'}]",True,,,,,
1903815,FirstHalf,4,36.0,4,Pass,Unsuccessful,116,NEC Nijmegen,448283.0,Gonzalo Crettaz,6.5,57.3,39.0,37.3,,,,,"[{'type': {'displayName': 'Length', 'value': 212}, 'value': '36.7'}, {'type': {'displayName': 'PassEndY', 'value': 141}, 'value': '37.3'}, {'type': {'displayName': 'Angle', 'value': 213}, 'value': '5.90'}, {'type': {'displayName': 'Longball', 'value': 1}}, {'type': {'displayName': 'Zone', 'value': 56}, 'value': 'Back'}, {'type': {'displayName': 'PassEndX', 'value': 140}, 'value': '39.0'}]",True,,,,,
1903815,FirstHalf,4,37.0,4,Pass,Unsuccessful,256,Feyenoord,411078.0,Quinten Timber,63.1,73.2,64.5,74.6,,,,,"[{'type': {'displayName': 'PassEndX', 'value': 140}, 'value': '64.5'}, {'type': {'displayName': 'Zone', 'value': 56}, 'value': 'Center'}, {'type': {'displayName': 'Angle', 'value': 213}, 'value': '0.57'}, {'type': {'displayName': 'PassEndY', 'value': 141}, 'value': '74.6'}, {'type': {'displayName': 'Length', 'value': 212}, 'value': '1.8'}]",True,,,,,
1903815,FirstHalf,4,38.0,4,BallTouch,Successful,116,NEC Nijmegen,497708.0,Kodai Sano,37.4,30.2,,,,,,,"[{'type': {'displayName': 'Zone', 'value': 56}, 'value': 'Back'}]",True,,,,,
1903815,FirstHalf,4,41.0,4,Foul,Successful,256,Feyenoord,,,61.8,67.0,,,,,,,"[{'type': {'displayName': 'Offensive', 'value': 286}}, {'type': {'displayName': 'OppositeRelatedEvent', 'value': 233}, 'value': '46'}, {'type': {'displayName': 'Zone', 'value': 56}, 'value': 'Center'}]",True,,,,,
1903815,FirstHalf,4,41.0,4,Foul,Unsuccessful,116,NEC Nijmegen,497708.0,Kodai Sano,38.2,33.0,,,,,,,"[{'type': {'displayName': 'OppositeRelatedEvent', 'value': 233}, 'value': '50'}, {'type': {'displayName': 'Defensive', 'value': 285}}, {'type': {'displayName': 'Zone', 'value': 56}, 'value': 'Back'}]",False,,,,,
1903815,FirstHalf,4,44.0,4,Pass,Successful,256,Feyenoord,415927.0,Luciano Valente,63.5,69.6,69.4,68.5,,,,,"[{'type': {'displayName': 'FreekickTaken', 'value': 5}}, {'type': {'displayName': 'Length', 'value': 212}, 'value': '6.2'}, {'type': {'displayName': 'Angle', 'value': 213}, 'value': '6.16'}, {'type': {'displayName': 'PassEndY', 'value': 141}, 'value': '68.5'}, {'type': {'displayName': 'Zone', 'value': 56}, 'value': 'Center'}, {'type': {'displayName': 'PassEndX', 'value': 140}, 'value': '69.4'}]",True,,,,,
1903815,FirstHalf,4,46.0,4,Pass,Successful,256,Feyenoord,361794.0,Sem Steijn,69.3,68.5,69.8,72.1,,,,,"[{'type': {'displayName': 'Length', 'value': 212}, 'value': '2.5'}, {'type': {'displayName': 'PassEndY', 'value': 141}, 'value': '72.1'}, {'type': {'displayName': 'Zone', 'value': 56}, 'value': 'Center'}, {'type': {'displayName': 'PassEndX', 'value': 140}, 'value': '69.8'}, {'type': {'displayName': 'Angle', 'value': 213}, 'value': '1.36'}]",True,,,,,
1903815,FirstHalf,4,47.0,4,BallTouch,Unsuccessful,256,Feyenoord,411078.0,Quinten Timber,69.8,72.1,,,,,,,"[{'type': {'displayName': 'Zone', 'value': 56}, 'value': 'Center'}]",True,,,,,
1903815,FirstHalf,4,48.0,4,Pass,Unsuccessful,116,NEC Nijmegen,321959.0,Philippe Sandler,24.8,37.9,33.0,25.6,,,,,"[{'type': {'displayName': 'Zone', 'value': 56}, 'value': 'Back'}, {'type': {'displayName': 'PassEndX', 'value': 140}, 'value': '33.0'}, {'type': {'displayName': 'PassEndY', 'value': 141}, 'value': '25.6'}, {'type': {'displayName': 'Length', 'value': 212}, 'value': '12.0'}, {'type': {'displayName': 'Angle', 'value': 213}, 'value': '5.51'}]",True,,,,,
1903815,FirstHalf,4,49.0,4,Pass,Successful,256,Feyenoord,400059.0,Gijs Smal,71.6,92.1,80.9,96.7,,,,,"[{'type': {'displayName': 'Length', 'value': 212}, 'value': '10.3'}, {'type': {'displayName': 'Angle', 'value': 213}, 'value': '0.31'}, {'type': {'displayName': 'PassEndY', 'value': 141}, 'value': '96.7'}, {'type': {'displayName': 'PassEndX', 'value': 140}, 'value': '80.9'}, {'type': {'displayName': 'Zone', 'value': 56}, 'value': 'Left'}]",True,,,,,
1903815,FirstHalf,4,55.0,4,Pass,Unsuccessful,256,Feyenoord,468119.0,Leo Sauer,85.4,83.2,91.7,56.7,,,,,"[{'type': {'displayName': 'Zone', 'value': 56}, 'value': 'Center'}, {'type': {'displayName': 'Chipped', 'value': 155}}, {'type': {'displayName': 'Cross', 'value': 2}}, {'type': {'displayName': 'PassEndY', 'value': 141}, 'value': '56.7'}, {'type': {'displayName': 'Angle', 'value': 213}, 'value': '5.06'}, {'type': {'displayName': 'RightFoot', 'value': 20}}, {'type': {'displayName': 'Length', 'value': 212}, 'value': '19.2'}, {'type': {'displayName': 'PassEndX', 'value': 140}, 'value': '91.7'}]",True,,,,,
1903815,FirstHalf,4,57.0,4,Clearance,Successful,116,NEC Nijmegen,321959.0,Philippe Sandler,9.6,47.0,29.1,39.3,,,,,"[{'type': {'displayName': 'Head', 'value': 15}}, {'type': {'displayName': 'PassEndX', 'value': 140}, 'value': '29.1'}, {'type': {'displayName': 'PassEndY', 'value': 141}, 'value': '39.3'}, {'type': {'displayName': 'Length', 'value': 212}, 'value': '21.1'}, {'type': {'displayName': 'Zone', 'value': 56}, 'value': 'Back'}, {'type': {'displayName': 'Angle', 'value': 213}, 'value': '6.03'}]",True,,,,,
1903815,FirstHalf,4,59.0,4,Pass,Successful,256,Feyenoord,415927.0,Luciano Valente,80.3,65.2,75.9,69.6,,,,,"[{'type': {'displayName': 'PassEndY', 'value': 141}, 'value': '69.6'}, {'type': {'displayName': 'Angle', 'value': 213}, 'value': '2.57'}, {'type': {'displayName': 'Length', 'value': 212}, 'value': '5.5'}, {'type': {'displayName': 'PassEndX', 'value': 140}, 'value': '75.9'}, {'type': {'displayName': 'Zone', 'value': 56}, 'value': 'Center'}]",True,,,,,
1903815,FirstHalf,5,0.0,5,Pass,Successful,256,Feyenoord,411078.0,Quinten Timber,75.9,69.7,78.0,81.2,,,,,"[{'type': {'displayName': 'PassEndY', 'value': 141}, 'value': '81.2'}, {'type': {'displayName': 'Angle', 'value': 213}, 'value': '1.30'}, {'type': {'displayName': 'PassEndX', 'value': 140}, 'value': '78.0'}, {'type': {'displayName': 'Zone', 'value': 56}, 'value': 'Left'}, {'type': {'displayName': 'Length', 'value': 212}, 'value': '8.1'}]",True,,,,,
1903815,FirstHalf,5,3.0,5,Pass,Unsuccessful,256,Feyenoord,468119.0,Leo Sauer,79.4,77.1,86.1,74.9,,,,,"[{'type': {'displayName': 'Length', 'value': 212}, 'value': '7.2'}, {'type': {'displayName': 'Angle', 'value': 213}, 'value': '6.07'}, {'type': {'displayName': 'PassEndY', 'value': 141}, 'value': '74.9'}, {'type': {'displayName': 'Zone', 'value': 56}, 'value': 'Center'}, {'type': {'displayName': 'PassEndX', 'value': 140}, 'value': '86.1'}, {'type': {'displayName': 'Offensive', 'value': 286}}, {'type': {'displayName': 'OppositeRelatedEvent', 'value': 233}, 'value': '49'}]",True,,,,,
1903815,FirstHalf,5,3.0,5,BlockedPass,Successful,116,NEC Nijmegen,497708.0,Kodai Sano,13.9,25.1,,,,,,,"[{'type': {'displayName': 'Defensive', 'value': 285}}, {'type': {'displayName': 'OppositeRelatedEvent', 'value': 233}, 'value': '58'}, {'type': {'displayName': 'Zone', 'value': 56}, 'value': 'Back'}]",True,,,,,
1903815,FirstHalf,5,7.0,5,Pass,Successful,256,Feyenoord,411078.0,Quinten Timber,70.7,87.0,78.7,89.9,,,,,"[{'type': {'displayName': 'Angle', 'value': 213}, 'value': '0.23'}, {'type': {'displayName': 'Length', 'value': 212}, 'value': '8.6'}, {'type': {'displayName': 'PassEndX', 'value': 140}, 'value': '78.7'}, {'type': {'displayName': 'PassEndY', 'value': 141}, 'value': '89.9'}, {'type': {'displayName': 'Zone', 'value': 56}, 'value': 'Left'}]",True,,,,,
1903815,FirstHalf,5,9.0,5,Dispossessed,Successful,256,Feyenoord,415927.0,Luciano Valente,76.8,88.8,,,,,,,"[{'type': {'displayName': 'Offensive', 'value': 286}}, {'type': {'displayName': 'OppositeRelatedEvent', 'value': 233}, 'value': '50'}, {'type': {'displayName': 'Zone', 'value': 56}, 'value': 'Left'}]",True,,,,,
1903815,FirstHalf,5,9.0,5,Tackle,Unsuccessful,116,NEC Nijmegen,37502.0,Tjaronn Chery,23.2,11.2,,,,,,,"[{'type': {'displayName': 'StandingSave', 'value': 178}}, {'type': {'displayName': 'Defensive', 'value': 285}}, {'type': {'displayName': 'Zone', 'value': 56}, 'value': 'Back'}, {'type': {'displayName': 'OppositeRelatedEvent', 'value': 233}, 'value': '60'}]",True,,,,,
1903815,FirstHalf,5,11.0,5,Pass,Successful,256,Feyenoord,400059.0,Gijs Smal,69.7,94.3,78.8,77.0,,,,,"[{'type': {'displayName': 'PassEndY', 'value': 141}, 'value': '77.0'}, {'type': {'displayName': 'Zone', 'value': 56}, 'value': 'Center'}, {'type': {'displayName': 'Angle', 'value': 213}, 'value': '5.39'}, {'type': {'displayName': 'Length', 'value': 212}, 'value': '15.2'}, {'type': {'displayName': 'PassEndX', 'value': 140}, 'value': '78.8'}]",True,,,,,
1903815,FirstHalf,5,14.0,5,Pass,Successful,256,Feyenoord,411078.0,Quinten Timber,79.9,74.7,92.8,64.4,,,,,"[{'type': {'displayName': 'Angle', 'value': 213}, 'value': '5.81'}, {'type': {'displayName': 'PassEndY', 'value': 141}, 'value': '64.4'}, {'type': {'displayName': 'Throughball', 'value': 4}}, {'type': {'displayName': 'Length', 'value': 212}, 'value': '15.2'}, {'type': {'displayName': 'Zone', 'value': 56}, 'value': 'Center'}, {'type': {'displayName': 'PassEndX', 'value': 140}, 'value': '92.8'}]",True,,,,,
1903815,FirstHalf,5,17.0,5,Pass,Successful,256,Feyenoord,377288.0,Ayase Ueda,96.1,67.4,88.6,38.2,,,,,"[{'type': {'displayName': 'ShotAssist', 'value': 210}, 'value': '15'}, {'type': {'displayName': 'Zone', 'value': 56}, 'value': 'Center'}, {'type': {'displayName': 'Length', 'value': 212}, 'value': '21.4'}, {'type': {'displayName': 'Angle', 'value': 213}, 'value': '4.33'}, {'type': {'displayName': 'IntentionalAssist', 'value': 154}}, {'type': {'displayName': 'PassEndX', 'value': 140}, 'value': '88.6'}, {'type': {'displayName': 'Chipped', 'value': 155}}, {'type': {'displayName': 'PassEndY', 'value': 141}, 'value': '38.2'}, {'type': {'displayName': 'KeyPass', 'value': 11113}}]",True,,,,,
1903815,FirstHalf,5,19.0,5,SavedShot,Successful,256,Feyenoord,515829.0,Anis Hadj Moussa,89.2,42.1,,,48.6,19.0,92.1,43.9,"[{'type': {'displayName': 'IntentionalAssist', 'value': 154}}, {'type': {'displayName': 'Zone', 'value': 56}, 'value': 'Center'}, {'type': {'displayName': 'BlockedY', 'value': 147}, 'value': '43.9'}, {'type': {'displayName': 'GoalMouthZ', 'value': 103}, 'value': '19'}, {'type': {'displayName': 'LeftFoot', 'value': 72}}, {'type': {'displayName': 'RelatedEventId', 'value': 55}, 'value': '63'}, {'type': {'displayName': 'BlockedX', 'value': 146}, 'value': '92.1'}, {'type': {'displayName': 'OppositeRelatedEvent', 'value': 233}, 'value': '51'}, {'type': {'displayName': 'GoalMouthY', 'value': 102}, 'value': '48.6'}, {'type': {'displayName': 'BoxCentre', 'value': 17}}, {'type': {'displayName': 'RegularPlay', 'value': 22}}, {'type': {'displayName': 'Assisted', 'value': 29}}, {'type': {'displayName': 'LowCentre', 'value': 78}}, {'type': {'displayName': 'Blocked', 'value': 82}}]",True,True,,,63.0,377288.0
1903815,FirstHalf,5,20.0,5,Save,Successful,116,NEC Nijmegen,400320.0,Ahmetcan Kaplan,7.1,57.2,,,,,,,"[{'type': {'displayName': 'Zone', 'value': 56}, 'value': 'Back'}, {'type': {'displayName': 'OutfielderBlock', 'value': 94}}, {'type': {'displayName': 'OppositeRelatedEvent', 'value': 233}, 'value': '64'}]",True,,,,,
1903815,FirstHalf,5,21.0,5,CornerAwarded,Unsuccessful,116,NEC Nijmegen,400320.0,Ahmetcan Kaplan,3.4,60.2,,,,,,,"[{'type': {'displayName': 'MissLeft', 'value': 73}}, {'type': {'displayName': 'OppositeRelatedEvent', 'value': 233}, 'value': '65'}, {'type': {'displayName': 'Zone', 'value': 56}, 'value': 'Back'}]",False,,,,,
1903815,FirstHalf,5,21.0,5,CornerAwarded,Successful,256,Feyenoord,515829.0,Anis Hadj Moussa,96.6,39.8,,,,,,,"[{'type': {'displayName': 'OppositeRelatedEvent', 'value': 233}, 'value': '52'}, {'type': {'displayName': 'MissRight', 'value': 75}}, {'type': {'displayName': 'Zone', 'value': 56}, 'value': 'Center'}]",False,,,,,
1903815,FirstHalf,5,53.0,5,Pass,Unsuccessful,256,Feyenoord,515829.0,Anis Hadj Moussa,99.5,0.5,92.9,54.4,,,,,"[{'type': {'displayName': 'Length', 'value': 212}, 'value': '37.3'}, {'type': {'displayName': 'CornerTaken', 'value': 6}}, {'type': {'displayName': 'Longball', 'value': 1}}, {'type': {'displayName': 'Cross', 'value': 2}}, {'type': {'displayName': 'Angle', 'value': 213}, 'value': '1.76'}, {'type': {'displayName': 'LeftFoot', 'value': 72}}, {'type': {'displayName': 'Zone', 'value': 56}, 'value': 'Center'}, {'type': {'displayName': 'PassEndX', 'value': 140}, 'value': '92.9'}, {'type': {'displayName': 'PassEndY', 'value': 141}, 'value': '54.4'}, {'type': {'displayName': 'Chipped', 'value': 155}}]",True,,,,,
1903815,FirstHalf,5,56.0,5,Clearance,Successful,116,NEC Nijmegen,487049.0,Koki Ogawa,9.0,49.1,10.0,49.3,,,,,"[{'type': {'displayName': 'PassEndX', 'value': 140}, 'value': '10.0'}, {'type': {'displayName': 'Zone', 'value': 56}, 'value': 'Back'}, {'type': {'displayName': 'Angle', 'value': 213}, 'value': '0.13'}, {'type': {'displayName': 'Length', 'value': 212}, 'value': '1.1'}, {'type': {'displayName': 'PassEndY', 'value': 141}, 'value': '49.3'}]",True,,,,,
1903815,FirstHalf,5,57.0,5,BallTouch,Successful,256,Feyenoord,297527.0,Bart Nieuwkoop,92.9,54.5,,,,,,,"[{'type': {'displayName': 'Zone', 'value': 56}, 'value': 'Center'}]",True,,,,,
1903815,FirstHalf,5,58.0,5,Clearance,Successful,116,NEC Nijmegen,497708.0,Kodai Sano,7.4,54.8,34.2,65.4,,,,,"[{'type': {'displayName': 'Zone', 'value': 56}, 'value': 'Back'}, {'type': {'displayName': 'Length', 'value': 212}, 'value': '29.0'}, {'type': {'displayName': 'PassEndX', 'value': 140}, 'value': '34.2'}, {'type': {'displayName': 'PassEndY', 'value': 141}, 'value': '65.4'}, {'type': {'displayName': 'Angle', 'value': 213}, 'value': '0.25'}]",True,,,,,
1903815,FirstHalf,5,59.0,5,Pass,Successful,116,NEC Nijmegen,532237.0,Basar Önal,38.0,65.8,24.4,65.2,,,,,"[{'type': {'displayName': 'Zone', 'value': 56}, 'value': 'Back'}, {'type': {'displayName': 'PassEndY', 'value': 141}, 'value': '65.2'}, {'type': {'displayName': 'Angle', 'value': 213}, 'value': '3.17'}, {'type': {'displayName': 'Length', 'value': 212}, 'value': '14.3'}, {'type': {'displayName': 'PassEndX', 'value': 140}, 'value': '24.4'}]",True,,,,,
1903815,FirstHalf,6,0.0,6,Pass,Successful,116,NEC Nijmegen,400320.0,Ahmetcan Kaplan,21.7,70.8,37.3,64.4,,,,,"[{'type': {'displayName': 'Length', 'value': 212}, 'value': '16.9'}, {'type': {'displayName': 'Angle', 'value': 213}, 'value': '6.02'}, {'type': {'displayName': 'Zone', 'value': 56}, 'value': 'Back'}, {'type': {'displayName': 'PassEndX', 'value': 140}, 'value': '37.3'}, {'type': {'displayName': 'PassEndY', 'value': 141}, 'value': '64.4'}]",True,,,,,
1903815,FirstHalf,6,3.0,6,Pass,Unsuccessful,116,NEC Nijmegen,43004.0,Bryan Linssen,35.7,57.1,35.7,55.6,,,,,"[{'type': {'displayName': 'OppositeRelatedEvent', 'value': 233}, 'value': '104'}, {'type': {'displayName': 'PassEndX', 'value': 140}, 'value': '35.7'}, {'type': {'displayName': 'Zone', 'value': 56}, 'value': 'Back'}, {'type': {'displayName': 'PassEndY', 'value': 141}, 'value': '55.6'}, {'type': {'displayName': 'Offensive', 'value': 286}}, {'type': {'displayName': 'Angle', 'value': 213}, 'value': '4.71'}, {'type': {'displayName': 'Length', 'value': 212}, 'value': '1.0'}]",True,,,,,
1903815,FirstHalf,6,3.0,6,BlockedPass,Successful,256,Feyenoord,415927.0,Luciano Valente,64.3,44.4,,,,,,,"[{'type': {'displayName': 'Defensive', 'value': 285}}, {'type': {'displayName': 'Zone', 'value': 56}, 'value': 'Center'}, {'type': {'displayName': 'OppositeRelatedEvent', 'value': 233}, 'value': '90'}]",True,,,,,
1903815,FirstHalf,6,4.0,6,BallTouch,Unsuccessful,256,Feyenoord,415927.0,Luciano Valente,65.0,45.6,,,,,,,"[{'type': {'displayName': 'Zone', 'value': 56}, 'value': 'Center'}]",True,,,,,
1903815,FirstHalf,6,7.0,6,BallRecovery,Successful,116,NEC Nijmegen,532237.0,Basar Önal,41.3,61.1,,,,,,,[],False,,,,,
1903815,FirstHalf,6,7.0,6,Pass,Unsuccessful,116,NEC Nijmegen,532237.0,Basar Önal,41.3,61.1,54.5,38.9,,,,,"[{'type': {'displayName': 'Angle', 'value': 213}, 'value': '5.46'}, {'type': {'displayName': 'PassEndY', 'value': 141}, 'value': '38.9'}, {'type': {'displayName': 'Zone', 'value': 56}, 'value': 'Center'}, {'type': {'displayName': 'PassEndX', 'value': 140}, 'value': '54.5'}, {'type': {'displayName': 'Length', 'value': 212}, 'value': '20.5'}]",True,,,,,
1903815,FirstHalf,6,10.0,6,Pass,Successful,256,Feyenoord,361794.0,Sem Steijn,46.5,59.2,37.7,50.9,,,,,"[{'type': {'displayName': 'Zone', 'value': 56}, 'value': 'Back'}, {'type': {'displayName': 'PassEndX', 'value': 140}, 'value': '37.7'}, {'type': {'displayName': 'Length', 'value': 212}, 'value': '10.8'}, {'type': {'displayName': 'Angle', 'value': 213}, 'value': '3.69'}, {'type': {'displayName': 'PassEndY', 'value': 141}, 'value': '50.9'}]",True,,,,,
1903815,FirstHalf,6,11.0,6,BallRecovery,Successful,256,Feyenoord,431258.0,Tsuyoshi Watanabe,38.9,44.8,,,,,,,[],False,,,,,
1903815,FirstHalf,6,11.0,6,Pass,Successful,256,Feyenoord,431258.0,Tsuyoshi Watanabe,37.7,51.7,14.8,51.5,,,,,"[{'type': {'displayName': 'Length', 'value': 212}, 'value': '24.0'}, {'type': {'displayName': 'PassEndY', 'value': 141}, 'value': '51.5'}, {'type': {'displayName': 'Zone', 'value': 56}, 'value': 'Back'}, {'type': {'displayName': 'Angle', 'value': 213}, 'value': '3.15'}, {'type': {'displayName': 'PassEndX', 'value': 140}, 'value': '14.8'}]",True,,,,,
1903815,FirstHalf,6,14.0,6,Pass,Successful,256,Feyenoord,121821.0,Timon Wellenreuther,15.0,51.8,29.8,37.7,,,,,"[{'type': {'displayName': 'Zone', 'value': 56}, 'value': 'Back'}, {'type': {'displayName': 'PassEndY', 'value': 141}, 'value': '37.7'}, {'type': {'displayName': 'Angle', 'value': 213}, 'value': '5.73'}, {'type': {'displayName': 'Length', 'value': 212}, 'value': '18.3'}, {'type': {'displayName': 'PassEndX', 'value': 140}, 'value': '29.8'}]",True,,,,,
1903815,FirstHalf,6,21.0,6,Pass,Successful,256,Feyenoord,326642.0,Anel Ahmedhodzic,35.8,34.8,29.2,53.5,,,,,"[{'type': {'displayName': 'Angle', 'value': 213}, 'value': '2.07'}, {'type': {'displayName': 'Length', 'value': 212}, 'value': '14.5'}, {'type': {'displayName': 'PassEndY', 'value': 141}, 'value': '53.5'}, {'type': {'displayName': 'Zone', 'value': 56}, 'value': 'Back'}, {'type': {'displayName': 'PassEndX', 'value': 140}, 'value': '29.2'}]",True,,,,,
1903815,FirstHalf,6,22.0,6,Pass,Successful,256,Feyenoord,431258.0,Tsuyoshi Watanabe,29.2,53.6,33.1,76.1,,,,,"[{'type': {'displayName': 'Length', 'value': 212}, 'value': '15.8'}, {'type': {'displayName': 'Angle', 'value': 213}, 'value': '1.31'}, {'type': {'displayName': 'PassEndY', 'value': 141}, 'value': '76.1'}, {'type': {'displayName': 'Zone', 'value': 56}, 'value': 'Back'}, {'type': {'displayName': 'PassEndX', 'value': 140}, 'value': '33.1'}]",True,,,,,
1903815,FirstHalf,6,26.0,6,Pass,Successful,256,Feyenoord,400059.0,Gijs Smal,33.3,75.8,9.7,61.2,,,,,"[{'type': {'displayName': 'Zone', 'value': 56}, 'value': 'Back'}, {'type': {'displayName': 'PassEndY', 'value': 141}, 'value': '61.2'}, {'type': {'displayName': 'Angle', 'value': 213}, 'value': '3.52'}, {'type': {'displayName': 'Length', 'value': 212}, 'value': '26.7'}, {'type': {'displayName': 'PassEndX', 'value': 140}, 'value': '9.7'}]",True,,,,,
1903815,FirstHalf,6,33.0,6,Pass,Successful,256,Feyenoord,121821.0,Timon Wellenreuther,14.7,59.1,46.9,69.9,,,,,"[{'type': {'displayName': 'PassEndX', 'value': 140}, 'value': '46.9'}, {'type': {'displayName': 'Zone', 'value': 56}, 'value': 'Back'}, {'type': {'displayName': 'PassEndY', 'value': 141}, 'value': '69.9'}, {'type': {'displayName': 'Longball', 'value': 1}}, {'type': {'displayName': 'Angle', 'value': 213}, 'value': '0.21'}, {'type': {'displayName': 'Length', 'value': 212}, 'value': '34.6'}]",True,,,,,
1903815,FirstHalf,6,34.0,6,BallTouch,Unsuccessful,256,Feyenoord,361794.0,Sem Steijn,47.0,69.9,,,,,,,"[{'type': {'displayName': 'Zone', 'value': 56}, 'value': 'Back'}]",True,,,,,
1903815,FirstHalf,6,34.0,6,BallRecovery,Successful,116,NEC Nijmegen,130917.0,Eli Dasa,42.1,23.3,,,,,,,[],False,,,,,
1903815,FirstHalf,6,36.0,6,Pass,Successful,116,NEC Nijmegen,130917.0,Eli Dasa,36.4,31.8,12.1,41.6,,,,,"[{'type': {'displayName': 'Angle', 'value': 213}, 'value': '2.89'}, {'type': {'displayName': 'Zone', 'value': 56}, 'value': 'Back'}, {'type': {'displayName': 'Length', 'value': 212}, 'value': '26.4'}, {'type': {'displayName': 'PassEndY', 'value': 141}, 'value': '41.6'}, {'type': {'displayName': 'PassEndX', 'value': 140}, 'value': '12.1'}]",True,,,,,
1903815,FirstHalf,6,46.0,6,Pass,Successful,116,NEC Nijmegen,448283.0,Gonzalo Crettaz,13.3,48.0,23.1,64.5,,,,,"[{'type': {'displayName': 'Angle', 'value': 213}, 'value': '0.83'}, {'type': {'displayName': 'Zone', 'value': 56}, 'value': 'Back'}, {'type': {'displayName': 'PassEndX', 'value': 140}, 'value': '23.1'}, {'type': {'displayName': 'PassEndY', 'value': 141}, 'value': '64.5'}, {'type': {'displayName': 'Length', 'value': 212}, 'value': '15.2'}]",True,,,,,
1903815,FirstHalf,6,50.0,6,Pass,Successful,116,NEC Nijmegen,400320.0,Ahmetcan Kaplan,28.9,63.2,23.2,36.8,,,,,"[{'type': {'displayName': 'Length', 'value': 212}, 'value': '18.9'}, {'type': {'displayName': 'Angle', 'value': 213}, 'value': '4.39'}, {'type': {'displayName': 'Zone', 'value': 56}, 'value': 'Back'}, {'type': {'displayName': 'PassEndX', 'value': 140}, 'value': '23.2'}, {'type': {'displayName': 'PassEndY', 'value': 141}, 'value': '36.8'}]",True,,,,,
1903815,FirstHalf,6,55.0,6,Pass,Successful,116,NEC Nijmegen,321959.0,Philippe Sandler,27.3,45.2,28.8,69.1,,,,,"[{'type': {'displayName': 'Length', 'value': 212}, 'value': '16.3'}, {'type': {'displayName': 'PassEndY', 'value': 141}, 'value': '69.1'}, {'type': {'displayName': 'Zone', 'value': 56}, 'value': 'Back'}, {'type': {'displayName': 'Angle', 'value': 213}, 'value': '1.47'}, {'type': {'displayName': 'PassEndX', 'value': 140}, 'value': '28.8'}]",True,,,,,
1903815,FirstHalf,6,59.0,6,Pass,Unsuccessful,116,NEC Nijmegen,400320.0,Ahmetcan Kaplan,35.0,72.1,57.2,71.1,,,,,"[{'type': {'displayName': 'PassEndX', 'value': 140}, 'value': '57.2'}, {'type': {'displayName': 'Zone', 'value': 56}, 'value': 'Center'}, {'type': {'displayName': 'Angle', 'value': 213}, 'value': '6.25'}, {'type': {'displayName': 'Length', 'value': 212}, 'value': '23.3'}, {'type': {'displayName': 'PassEndY', 'value': 141}, 'value': '71.1'}]",True,,,,,
1903815,FirstHalf,7,1.0,7,BallRecovery,Successful,256,Feyenoord,326642.0,Anel Ahmedhodzic,47.5,17.0,,,,,,,[],False,,,,,
1903815,FirstHalf,7,2.0,7,Pass,Successful,256,Feyenoord,326642.0,Anel Ahmedhodzic,47.4,17.0,63.1,9.1,,,,,"[{'type': {'displayName': 'Angle', 'value': 213}, 'value': '5.97'}, {'type': {'displayName': 'PassEndY', 'value': 141}, 'value': '9.1'}, {'type': {'displayName': 'Length', 'value': 212}, 'value': '17.3'}, {'type': {'displayName': 'PassEndX', 'value': 140}, 'value': '63.1'}, {'type': {'displayName': 'Zone', 'value': 56}, 'value': 'Right'}]",True,,,,,
1903815,FirstHalf,7,4.0,7,Dispossessed,Successful,256,Feyenoord,377288.0,Ayase Ueda,64.8,8.1,,,,,,,"[{'type': {'displayName': 'Zone', 'value': 56}, 'value': 'Right'}, {'type': {'displayName': 'OppositeRelatedEvent', 'value': 233}, 'value': '65'}, {'type': {'displayName': 'Offensive', 'value': 286}}]",True,,,,,
1903815,FirstHalf,7,4.0,7,Tackle,Successful,116,NEC Nijmegen,400320.0,Ahmetcan Kaplan,35.2,91.9,,,,,,,"[{'type': {'displayName': 'OppositeRelatedEvent', 'value': 233}, 'value': '80'}, {'type': {'displayName': 'Defensive', 'value': 285}}, {'type': {'displayName': 'Zone', 'value': 56}, 'value': 'Back'}, {'type': {'displayName': 'StandingSave', 'value': 178}}]",True,,,,,
1903815,FirstHalf,7,8.0,7,Pass,Successful,256,Feyenoord,297527.0,Bart Nieuwkoop,65.0,0.0,69.4,26.7,,,,,"[{'type': {'displayName': 'Length', 'value': 212}, 'value': '19.3'}, {'type': {'displayName': 'PassEndY', 'value': 141}, 'value': '26.7'}, {'type': {'displayName': 'Angle', 'value': 213}, 'value': '1.33'}, {'type': {'displayName': 'Zone', 'value': 56}, 'value': 'Center'}, {'type': {'displayName': 'ThrowIn', 'value': 107}}, {'type': {'displayName': 'PassEndX', 'value': 140}, 'value': '69.4'}]",True,,,,,
1903815,FirstHalf,7,12.0,7,Pass,Successful,256,Feyenoord,415927.0,Luciano Valente,74.8,34.5,85.7,52.0,,,,,"[{'type': {'displayName': 'Length', 'value': 212}, 'value': '16.5'}, {'type': {'displayName': 'Zone', 'value': 56}, 'value': 'Center'}, {'type': {'displayName': 'PassEndY', 'value': 141}, 'value': '52.0'}, {'type': {'displayName': 'Angle', 'value': 213}, 'value': '0.80'}, {'type': {'displayName': 'IntentionalAssist', 'value': 154}}, {'type': {'displayName': 'ShotAssist', 'value': 210}, 'value': '13'}, {'type': {'displayName': 'PassEndX', 'value': 140}, 'value': '85.7'}, {'type': {'displayName': 'KeyPass', 'value': 11113}}]",True,,,,,
1903815,FirstHalf,7,14.0,7,MissedShots,Successful,256,Feyenoord,361794.0,Sem Steijn,87.0,52.6,,,57.8,52.8,,,"[{'type': {'displayName': 'ThrowinSetPiece', 'value': 160}}, {'type': {'displayName': 'FirstTouch', 'value': 328}}, {'type': {'displayName': 'GoalMouthZ', 'value': 103}, 'value': '52.8'}, {'type': {'displayName': 'RelatedEventId', 'value': 55}, 'value': '83'}, {'type': {'displayName': 'Assisted', 'value': 29}}, {'type': {'displayName': 'IntentionalAssist', 'value': 154}}, {'type': {'displayName': 'GoalMouthY', 'value': 102}, 'value': '57.8'}, {'type': {'displayName': 'LeftFoot', 'value': 72}}, {'type': {'displayName': 'BoxCentre', 'value': 17}}, {'type': {'displayName': 'Zone', 'value': 56}, 'value': 'Center'}]",True,True,,,83.0,415927.0
1903815,FirstHalf,7,41.0,7,Pass,Successful,116,NEC Nijmegen,448283.0,Gonzalo Crettaz,4.6,50.7,15.5,31.8,,,,,"[{'type': {'displayName': 'Length', 'value': 212}, 'value': '17.2'}, {'type': {'displayName': 'Angle', 'value': 213}, 'value': '5.44'}, {'type': {'displayName': 'PassEndY', 'value': 141}, 'value': '31.8'}, {'type': {'displayName': 'PassEndX', 'value': 140}, 'value': '15.5'}, {'type': {'displayName': 'Zone', 'value': 56}, 'value': 'Back'}, {'type': {'displayName': 'GoalKick', 'value': 124}}]",True,,,,,
1903815,FirstHalf,7,46.0,7,Pass,Successful,116,NEC Nijmegen,321959.0,Philippe Sandler,36.7,16.2,55.4,15.8,,,,,"[{'type': {'displayName': 'Length', 'value': 212}, 'value': '19.6'}, {'type': {'displayName': 'PassEndX', 'value': 140}, 'value': '55.4'}, {'type': {'displayName': 'PassEndY', 'value': 141}, 'value': '15.8'}, {'type': {'displayName': 'Angle', 'value': 213}, 'value': '6.27'}, {'type': {'displayName': 'Zone', 'value': 56}, 'value': 'Right'}]",True,,,,,
1903815,FirstHalf,7,47.0,7,Pass,Successful,116,NEC Nijmegen,37502.0,Tjaronn Chery,59.7,14.3,64.7,4.1,,,,,"[{'type': {'displayName': 'PassEndY', 'value': 141}, 'value': '4.1'}, {'type': {'displayName': 'PassEndX', 'value': 140}, 'value': '64.7'}, {'type': {'displayName': 'Zone', 'value': 56}, 'value': 'Right'}, {'type': {'displayName': 'Angle', 'value': 213}, 'value': '5.36'}, {'type': {'displayName': 'Length', 'value': 212}, 'value': '8.7'}]",True,,,,,
1903815,FirstHalf,7,51.0,7,Pass,Successful,116,NEC Nijmegen,130917.0,Eli Dasa,64.5,4.6,56.0,5.3,,,,,"[{'type': {'displayName': 'Angle', 'value': 213}, 'value': '3.09'}, {'type': {'displayName': 'PassEndY', 'value': 141}, 'value': '5.3'}, {'type': {'displayName': 'Length', 'value': 212}, 'value': '8.9'}, {'type': {'displayName': 'PassEndX', 'value': 140}, 'value': '56.0'}, {'type': {'displayName': 'Zone', 'value': 56}, 'value': 'Right'}]",True,,,,,
1903815,FirstHalf,7,53.0,7,Pass,Successful,116,NEC Nijmegen,37502.0,Tjaronn Chery,55.9,4.9,49.0,7.2,,,,,"[{'type': {'displayName': 'Angle', 'value': 213}, 'value': '2.93'}, {'type': {'displayName': 'PassEndX', 'value': 140}, 'value': '49.0'}, {'type': {'displayName': 'Zone', 'value': 56}, 'value': 'Back'}, {'type': {'displayName': 'Length', 'value': 212}, 'value': '7.4'}, {'type': {'displayName': 'PassEndY', 'value': 141}, 'value': '7.2'}]",True,,,,,
1903815,FirstHalf,7,57.0,7,Pass,Successful,116,NEC Nijmegen,321959.0,Philippe Sandler,42.9,7.6,49.3,1.5,,,,,"[{'type': {'displayName': 'Angle', 'value': 213}, 'value': '5.73'}, {'type': {'displayName': 'Zone', 'value': 56}, 'value': 'Back'}, {'type': {'displayName': 'PassEndY', 'value': 141}, 'value': '1.5'}, {'type': {'displayName': 'Length', 'value': 212}, 'value': '7.9'}, {'type': {'displayName': 'PassEndX', 'value': 140}, 'value': '49.3'}]",True,,,,,
1903815,FirstHalf,8,,8,OffsideGiven,Unsuccessful,116,NEC Nijmegen,487049.0,Koki Ogawa,81.3,25.4,,,,,,,[],False,,,,,
1903815,FirstHalf,8,2.0,8,Pass,Successful,116,NEC Nijmegen,37502.0,Tjaronn Chery,53.6,9.4,42.2,10.5,,,,,"[{'type': {'displayName': 'PassEndX', 'value': 140}, 'value': '42.2'}, {'type': {'displayName': 'Zone', 'value': 56}, 'value': 'Back'}, {'type': {'displayName': 'Angle', 'value': 213}, 'value': '3.08'}, {'type': {'displayName': 'Length', 'value': 212}, 'value': '12.0'}, {'type': {'displayName': 'PassEndY', 'value': 141}, 'value': '10.5'}]",True,,,,,
1903815,FirstHalf,8,7.0,8,Pass,Successful,116,NEC Nijmegen,321959.0,Philippe Sandler,45.1,25.7,40.7,37.1,,,,,"[{'type': {'displayName': 'Length', 'value': 212}, 'value': '9.0'}, {'type': {'displayName': 'Angle', 'value': 213}, 'value': '2.11'}, {'type': {'displayName': 'Zone', 'value': 56}, 'value': 'Back'}, {'type': {'displayName': 'PassEndY', 'value': 141}, 'value': '37.1'}, {'type': {'displayName': 'PassEndX', 'value': 140}, 'value': '40.7'}]",True,,,,,
1903815,FirstHalf,8,9.0,8,Pass,Successful,116,NEC Nijmegen,401739.0,Darko Nejasmic,42.2,35.3,45.9,21.9,,,,,"[{'type': {'displayName': 'Length', 'value': 212}, 'value': '9.9'}, {'type': {'displayName': 'Angle', 'value': 213}, 'value': '5.12'}, {'type': {'displayName': 'PassEndY', 'value': 141}, 'value': '21.9'}, {'type': {'displayName': 'Zone', 'value': 56}, 'value': 'Back'}, {'type': {'displayName': 'PassEndX', 'value': 140}, 'value': '45.9'}]",True,,,,,
1903815,FirstHalf,8,12.0,8,Pass,Successful,116,NEC Nijmegen,321959.0,Philippe Sandler,42.5,28.5,34.0,37.8,,,,,"[{'type': {'displayName': 'PassEndX', 'value': 140}, 'value': '34.0'}, {'type': {'displayName': 'Zone', 'value': 56}, 'value': 'Back'}, {'type': {'displayName': 'Angle', 'value': 213}, 'value': '2.53'}, {'type': {'displayName': 'Length', 'value': 212}, 'value': '10.9'}, {'type': {'displayName': 'PassEndY', 'value': 141}, 'value': '37.8'}]",True,,,,,
1903815,FirstHalf,8,18.0,8,Pass,Successful,116,NEC Nijmegen,401739.0,Darko Nejasmic,40.3,28.2,43.5,11.5,,,,,"[{'type': {'displayName': 'Zone', 'value': 56}, 'value': 'Back'}, {'type': {'displayName': 'PassEndX', 'value': 140}, 'value': '43.5'}, {'type': {'displayName': 'Length', 'value': 212}, 'value': '11.8'}, {'type': {'displayName': 'PassEndY', 'value': 141}, 'value': '11.5'}, {'type': {'displayName': 'Angle', 'value': 213}, 'value': '5.00'}]",True,,,,,
1903815,FirstHalf,8,22.0,8,OffsidePass,Successful,116,NEC Nijmegen,130917.0,Eli Dasa,50.6,11.2,81.3,25.4,,,,,"[{'type': {'displayName': 'PlayerCaughtOffside', 'value': 7}, 'value': '487049'}, {'type': {'displayName': 'Longball', 'value': 1}}, {'type': {'displayName': 'PassEndX', 'value': 140}, 'value': '81.3'}, {'type': {'displayName': 'PassEndY', 'value': 141}, 'value': '25.4'}, {'type': {'displayName': 'Zone', 'value': 56}, 'value': 'Center'}]",True,,,,,
1903815,FirstHalf,8,22.0,8,OffsideProvoked,Successful,256,Feyenoord,431258.0,Tsuyoshi Watanabe,32.0,73.0,,,,,,,[],False,,,,,
1903815,FirstHalf,8,39.0,8,Pass,Unsuccessful,256,Feyenoord,121821.0,Timon Wellenreuther,12.1,57.9,61.1,8.2,,,,,"[{'type': {'displayName': 'Longball', 'value': 1}}, {'type': {'displayName': 'Length', 'value': 212}, 'value': '61.6'}, {'type': {'displayName': 'PassEndY', 'value': 141}, 'value': '8.2'}, {'type': {'displayName': 'Zone', 'value': 56}, 'value': 'Right'}, {'type': {'displayName': 'FreekickTaken', 'value': 5}}, {'type': {'displayName': 'PassEndX', 'value': 140}, 'value': '61.1'}, {'type': {'displayName': 'IndirectFreekickTaken', 'value': 241}}, {'type': {'displayName': 'Angle', 'value': 213}, 'value': '5.70'}]",True,,,,,
1903815,FirstHalf,8,42.0,8,Clearance,Successful,116,NEC Nijmegen,400320.0,Ahmetcan Kaplan,40.3,92.3,57.2,100.0,,,,,"[{'type': {'displayName': 'Angle', 'value': 213}, 'value': '0.36'}, {'type': {'displayName': 'Head', 'value': 15}}, {'type': {'displayName': 'PassEndY', 'value': 141}, 'value': '100.0'}, {'type': {'displayName': 'Zone', 'value': 56}, 'value': 'Left'}, {'type': {'displayName': 'PassEndX', 'value': 140}, 'value': '57.2'}, {'type': {'displayName': 'Length', 'value': 212}, 'value': '18.9'}]",True,,,,,
1903815,FirstHalf,8,47.0,8,Pass,Successful,256,Feyenoord,297527.0,Bart Nieuwkoop,56.3,0.0,62.4,28.2,,,,,"[{'type': {'displayName': 'ThrowIn', 'value': 107}}, {'type': {'displayName': 'PassEndY', 'value': 141}, 'value': '28.2'}, {'type': {'displayName': 'Zone', 'value': 56}, 'value': 'Center'}, {'type': {'displayName': 'PassEndX', 'value': 140}, 'value': '62.4'}, {'type': {'displayName': 'Angle', 'value': 213}, 'value': '1.26'}, {'type': {'displayName': 'Length', 'value': 212}, 'value': '21.0'}]",True,,,,,
1903815,FirstHalf,8,49.0,8,Pass,Unsuccessful,256,Feyenoord,515829.0,Anis Hadj Moussa,62.7,28.9,75.3,43.2,,,,,"[{'type': {'displayName': 'Chipped', 'value': 155}}, {'type': {'displayName': 'Length', 'value': 212}, 'value': '16.4'}, {'type': {'displayName': 'Angle', 'value': 213}, 'value': '0.63'}, {'type': {'displayName': 'PassEndY', 'value': 141}, 'value': '43.2'}, {'type': {'displayName': 'Zone', 'value': 56}, 'value': 'Center'}, {'type': {'displayName': 'PassEndX', 'value': 140}, 'value': '75.3'}]",True,,,,,
1903815,FirstHalf,8,50.0,8,Pass,Successful,116,NEC Nijmegen,321959.0,Philippe Sandler,26.0,50.8,32.8,52.1,,,,,"[{'type': {'displayName': 'Zone', 'value': 56}, 'value': 'Back'}, {'type': {'displayName': 'Angle', 'value': 213}, 'value': '0.12'}, {'type': {'displayName': 'HeadPass', 'value': 3}}, {'type': {'displayName': 'PassEndY', 'value': 141}, 'value': '52.1'}, {'type': {'displayName': 'Length', 'value': 212}, 'value': '7.2'}, {'type': {'displayName': 'PassEndX', 'value': 140}, 'value': '32.8'}]",True,,,,,
1903815,FirstHalf,8,51.0,8,BallRecovery,Successful,116,NEC Nijmegen,497708.0,Kodai Sano,32.8,51.7,,,,,,,[],False,,,,,
1903815,FirstHalf,8,54.0,8,Pass,Successful,116,NEC Nijmegen,497708.0,Kodai Sano,32.4,53.8,25.8,57.6,,,,,"[{'type': {'displayName': 'Length', 'value': 212}, 'value': '7.4'}, {'type': {'displayName': 'Zone', 'value': 56}, 'value': 'Back'}, {'type': {'displayName': 'Angle', 'value': 213}, 'value': '2.78'}, {'type': {'displayName': 'PassEndX', 'value': 140}, 'value': '25.8'}, {'type': {'displayName': 'PassEndY', 'value': 141}, 'value': '57.6'}]",True,,,,,
1903815,FirstHalf,8,55.0,8,Pass,Successful,116,NEC Nijmegen,321959.0,Philippe Sandler,25.8,57.6,28.4,78.1,,,,,"[{'type': {'displayName': 'Zone', 'value': 56}, 'value': 'Back'}, {'type': {'displayName': 'PassEndY', 'value': 141}, 'value': '78.1'}, {'type': {'displayName': 'PassEndX', 'value': 140}, 'value': '28.4'}, {'type': {'displayName': 'Length', 'value': 212}, 'value': '14.2'}, {'type': {'displayName': 'Angle', 'value': 213}, 'value': '1.38'}]",True,,,,,
1903815,FirstHalf,8,57.0,8,Pass,Successful,116,NEC Nijmegen,400320.0,Ahmetcan Kaplan,29.1,82.7,40.3,95.6,,,,,"[{'type': {'displayName': 'PassEndX', 'value': 140}, 'value': '40.3'}, {'type': {'displayName': 'Length', 'value': 212}, 'value': '14.7'}, {'type': {'displayName': 'PassEndY', 'value': 141}, 'value': '95.6'}, {'type': {'displayName': 'Zone', 'value': 56}, 'value': 'Back'}, {'type': {'displayName': 'Angle', 'value': 213}, 'value': '0.64'}]",True,,,,,
1903815,FirstHalf,8,59.0,8,Pass,Successful,116,NEC Nijmegen,532237.0,Basar Önal,40.3,95.7,35.9,88.0,,,,,"[{'type': {'displayName': 'Length', 'value': 212}, 'value': '7.0'}, {'type': {'displayName': 'PassEndY', 'value': 141}, 'value': '88.0'}, {'type': {'displayName': 'Zone', 'value': 56}, 'value': 'Back'}, {'type': {'displayName': 'PassEndX', 'value': 140}, 'value': '35.9'}, {'type': {'displayName': 'Angle', 'value': 213}, 'value': '3.99'}]",True,,,,,
1903815,FirstHalf,9,1.0,9,Pass,Unsuccessful,116,NEC Nijmegen,400320.0,Ahmetcan Kaplan,37.7,84.7,64.2,50.8,,,,,"[{'type': {'displayName': 'Angle', 'value': 213}, 'value': '5.59'}, {'type': {'displayName': 'Zone', 'value': 56}, 'value': 'Center'}, {'type': {'displayName': 'Length', 'value': 212}, 'value': '36.1'}, {'type': {'displayName': 'PassEndX', 'value': 140}, 'value': '64.2'}, {'type': {'displayName': 'Longball', 'value': 1}}, {'type': {'displayName': 'PassEndY', 'value': 141}, 'value': '50.8'}]",True,,,,,
1903815,FirstHalf,9,4.0,9,BallRecovery,Successful,256,Feyenoord,431258.0,Tsuyoshi Watanabe,32.0,59.2,,,,,,,[],False,,,,,
1903815,FirstHalf,9,4.0,9,Pass,Successful,256,Feyenoord,431258.0,Tsuyoshi Watanabe,32.0,60.8,14.3,51.4,,,,,"[{'type': {'displayName': 'PassEndY', 'value': 141}, 'value': '51.4'}, {'type': {'displayName': 'Zone', 'value': 56}, 'value': 'Back'}, {'type': {'displayName': 'PassEndX', 'value': 140}, 'value': '14.3'}, {'type': {'displayName': 'Angle', 'value': 213}, 'value': '3.47'}, {'type': {'displayName': 'Length', 'value': 212}, 'value': '19.7'}]",True,,,,,
1903815,FirstHalf,9,9.0,9,Pass,Successful,256,Feyenoord,121821.0,Timon Wellenreuther,14.2,49.5,38.6,35.7,,,,,"[{'type': {'displayName': 'Angle', 'value': 213}, 'value': '5.93'}, {'type': {'displayName': 'PassEndY', 'value': 141}, 'value': '35.7'}, {'type': {'displayName': 'Length', 'value': 212}, 'value': '27.3'}, {'type': {'displayName': 'Zone', 'value': 56}, 'value': 'Back'}, {'type': {'displayName': 'PassEndX', 'value': 140}, 'value': '38.6'}, {'type': {'displayName': 'Chipped', 'value': 155}}]",True,,,,,
1903815,FirstHalf,9,11.0,9,Pass,Unsuccessful,256,Feyenoord,361794.0,Sem Steijn,38.6,35.7,41.0,30.6,,,,,"[{'type': {'displayName': 'HeadPass', 'value': 3}}, {'type': {'displayName': 'PassEndY', 'value': 141}, 'value': '30.6'}, {'type': {'displayName': 'Length', 'value': 212}, 'value': '4.3'}, {'type': {'displayName': 'Zone', 'value': 56}, 'value': 'Back'}, {'type': {'displayName': 'Angle', 'value': 213}, 'value': '5.34'}, {'type': {'displayName': 'PassEndX', 'value': 140}, 'value': '41.0'}]",True,,,,,
1903815,FirstHalf,9,13.0,9,Foul,Successful,256,Feyenoord,,,39.0,25.6,,,,,,,"[{'type': {'displayName': 'Zone', 'value': 56}, 'value': 'Back'}, {'type': {'displayName': 'OppositeRelatedEvent', 'value': 233}, 'value': '89'}, {'type': {'displayName': 'Offensive', 'value': 286}}]",True,,,,,
1903815,FirstHalf,9,13.0,9,Foul,Unsuccessful,116,NEC Nijmegen,532237.0,Basar Önal,61.0,74.4,,,,,,,"[{'type': {'displayName': 'Defensive', 'value': 285}}, {'type': {'displayName': 'OppositeRelatedEvent', 'value': 233}, 'value': '96'}, {'type': {'displayName': 'Zone', 'value': 56}, 'value': 'Center'}]",False,,,,,
1903815,FirstHalf,9,21.0,9,Pass,Successful,256,Feyenoord,415927.0,Luciano Valente,39.9,34.7,34.4,53.6,,,,,"[{'type': {'displayName': 'FreekickTaken', 'value': 5}}, {'type': {'displayName': 'PassEndY', 'value': 141}, 'value': '53.6'}, {'type': {'displayName': 'Angle', 'value': 213}, 'value': '1.99'}, {'type': {'displayName': 'Length', 'value': 212}, 'value': '14.1'}, {'type': {'displayName': 'Zone', 'value': 56}, 'value': 'Back'}, {'type': {'displayName': 'PassEndX', 'value': 140}, 'value': '34.4'}]",True,,,,,
1903815,FirstHalf,9,23.0,9,Pass,Successful,256,Feyenoord,431258.0,Tsuyoshi Watanabe,34.1,54.7,38.1,79.1,,,,,"[{'type': {'displayName': 'PassEndY', 'value': 141}, 'value': '79.1'}, {'type': {'displayName': 'PassEndX', 'value': 140}, 'value': '38.1'}, {'type': {'displayName': 'Zone', 'value': 56}, 'value': 'Back'}, {'type': {'displayName': 'Angle', 'value': 213}, 'value': '1.32'}, {'type': {'displayName': 'Length', 'value': 212}, 'value': '17.1'}]",True,,,,,
1903815,FirstHalf,9,25.0,9,Pass,Successful,256,Feyenoord,400059.0,Gijs Smal,37.9,80.6,75.1,81.2,,,,,"[{'type': {'displayName': 'Longball', 'value': 1}}, {'type': {'displayName': 'Length', 'value': 212}, 'value': '39.1'}, {'type': {'displayName': 'Angle', 'value': 213}, 'value': '0.01'}, {'type': {'displayName': 'PassEndY', 'value': 141}, 'value': '81.2'}, {'type': {'displayName': 'Chipped', 'value': 155}}, {'type': {'displayName': 'Zone', 'value': 56}, 'value': 'Left'}, {'type': {'displayName': 'PassEndX', 'value': 140}, 'value': '75.1'}]",True,,,,,
1903815,FirstHalf,9,30.0,9,BallTouch,Unsuccessful,256,Feyenoord,411078.0,Quinten Timber,76.2,78.9,,,,,,,"[{'type': {'displayName': 'Zone', 'value': 56}, 'value': 'Left'}]",True,,,,,
1903815,FirstHalf,9,30.0,9,BallTouch,Successful,116,NEC Nijmegen,497708.0,Kodai Sano,23.8,21.1,,,,,,,"[{'type': {'displayName': 'Zone', 'value': 56}, 'value': 'Back'}]",True,,,,,
1903815,FirstHalf,9,31.0,9,Pass,Successful,256,Feyenoord,411078.0,Quinten Timber,75.6,75.2,74.7,63.0,,,,,"[{'type': {'displayName': 'PassEndX', 'value': 140}, 'value': '74.7'}, {'type': {'displayName': 'Zone', 'value': 56}, 'value': 'Center'}, {'type': {'displayName': 'ShotAssist', 'value': 210}, 'value': '13'}, {'type': {'displayName': 'PassEndY', 'value': 141}, 'value': '63.0'}, {'type': {'displayName': 'Angle', 'value': 213}, 'value': '4.60'}, {'type': {'displayName': 'Length', 'value': 212}, 'value': '8.3'}, {'type': {'displayName': 'KeyPass', 'value': 11113}}]",True,,,,,
1903815,FirstHalf,9,34.0,9,MissedShots,Successful,256,Feyenoord,468119.0,Leo Sauer,76.8,66.7,,,1.5,11.1,92.3,0.0,"[{'type': {'displayName': 'FirstTouch', 'value': 328}}, {'type': {'displayName': 'IndividualPlay', 'value': 215}}, {'type': {'displayName': 'RightFoot', 'value': 20}}, {'type': {'displayName': 'MissRight', 'value': 75}}, {'type': {'displayName': 'BlockedY', 'value': 147}, 'value': '0'}, {'type': {'displayName': 'OutOfBoxCentre', 'value': 18}}, {'type': {'displayName': 'GoalMouthY', 'value': 102}, 'value': '1.5'}, {'type': {'displayName': 'BlockedX', 'value': 146}, 'value': '92.3'}, {'type': {'displayName': 'RegularPlay', 'value': 22}}, {'type': {'displayName': 'Zone', 'value': 56}, 'value': 'Center'}, {'type': {'displayName': 'Assisted', 'value': 29}}, {'type': {'displayName': 'RelatedEventId', 'value': 55}, 'value': '101'}, {'type': {'displayName': 'GoalMouthZ', 'value': 103}, 'value': '11.1'}]",True,True,,,101.0,411078.0
1903815,FirstHalf,10,8.0,10,Pass,Unsuccessful,116,NEC Nijmegen,400320.0,Ahmetcan Kaplan,8.5,100.0,24.3,93.1,,,,,"[{'type': {'displayName': 'PassEndX', 'value': 140}, 'value': '24.3'}, {'type': {'displayName': 'Length', 'value': 212}, 'value': '17.7'}, {'type': {'displayName': 'Zone', 'value': 56}, 'value': 'Back'}, {'type': {'displayName': 'ThrowIn', 'value': 107}}, {'type': {'displayName': 'Angle', 'value': 213}, 'value': '5.93'}, {'type': {'displayName': 'PassEndY', 'value': 141}, 'value': '93.1'}]",True,,,,,
1903815,FirstHalf,10,10.0,10,Aerial,Successful,256,Feyenoord,297527.0,Bart Nieuwkoop,75.7,6.9,,,,,,,"[{'type': {'displayName': 'Zone', 'value': 56}, 'value': 'Right'}, {'type': {'displayName': 'OppositeRelatedEvent', 'value': 233}, 'value': '94'}, {'type': {'displayName': 'Offensive', 'value': 286}}]",False,,,,,
1903815,FirstHalf,10,10.0,10,Aerial,Unsuccessful,116,NEC Nijmegen,532237.0,Basar Önal,24.3,93.1,,,,,,,"[{'type': {'displayName': 'Defensive', 'value': 285}}, {'type': {'displayName': 'Zone', 'value': 56}, 'value': 'Back'}, {'type': {'displayName': 'OppositeRelatedEvent', 'value': 233}, 'value': '105'}]",False,,,,,
1903815,FirstHalf,10,12.0,10,Pass,Successful,256,Feyenoord,297527.0,Bart Nieuwkoop,75.7,6.9,82.9,4.5,,,,,"[{'type': {'displayName': 'Zone', 'value': 56}, 'value': 'Right'}, {'type': {'displayName': 'HeadPass', 'value': 3}}, {'type': {'displayName': 'PassEndY', 'value': 141}, 'value': '4.5'}, {'type': {'displayName': 'PassEndX', 'value': 140}, 'value': '82.9'}, {'type': {'displayName': 'Angle', 'value': 213}, 'value': '6.07'}, {'type': {'displayName': 'Length', 'value': 212}, 'value': '7.7'}]",True,,,,,
1903815,FirstHalf,10,13.0,10,BallTouch,Successful,256,Feyenoord,515829.0,Anis Hadj Moussa,84.5,12.4,,,,,,,"[{'type': {'displayName': 'Zone', 'value': 56}, 'value': 'Right'}]",True,,,,,
1903815,FirstHalf,10,26.0,10,Pass,Successful,116,NEC Nijmegen,448283.0,Gonzalo Crettaz,4.9,51.7,10.1,71.6,,,,,"[{'type': {'displayName': 'PassEndY', 'value': 141}, 'value': '71.6'}, {'type': {'displayName': 'PassEndX', 'value': 140}, 'value': '10.1'}, {'type': {'displayName': 'Angle', 'value': 213}, 'value': '1.19'}, {'type': {'displayName': 'Zone', 'value': 56}, 'value': 'Back'}, {'type': {'displayName': 'Length', 'value': 212}, 'value': '14.6'}, {'type': {'displayName': 'GoalKick', 'value': 124}}]",True,,,,,
1903815,FirstHalf,10,28.0,10,Pass,Successful,116,NEC Nijmegen,400320.0,Ahmetcan Kaplan,17.0,72.1,7.7,52.8,,,,,"[{'type': {'displayName': 'Length', 'value': 212}, 'value': '16.4'}, {'type': {'displayName': 'Angle', 'value': 213}, 'value': '4.07'}, {'type': {'displayName': 'PassEndY', 'value': 141}, 'value': '52.8'}, {'type': {'displayName': 'Zone', 'value': 56}, 'value': 'Back'}, {'type': {'displayName': 'PassEndX', 'value': 140}, 'value': '7.7'}]",True,,,,,
1903815,FirstHalf,10,32.0,10,Pass,Successful,116,NEC Nijmegen,448283.0,Gonzalo Crettaz,8.6,50.7,15.4,31.7,,,,,"[{'type': {'displayName': 'Angle', 'value': 213}, 'value': '5.22'}, {'type': {'displayName': 'Zone', 'value': 56}, 'value': 'Back'}, {'type': {'displayName': 'PassEndY', 'value': 141}, 'value': '31.7'}, {'type': {'displayName': 'Length', 'value': 212}, 'value': '14.8'}, {'type': {'displayName': 'PassEndX', 'value': 140}, 'value': '15.4'}]",True,,,,,
1903815,FirstHalf,10,39.0,10,Pass,Successful,116,NEC Nijmegen,321959.0,Philippe Sandler,27.5,28.5,26.8,39.9,,,,,"[{'type': {'displayName': 'Angle', 'value': 213}, 'value': '1.67'}, {'type': {'displayName': 'Length', 'value': 212}, 'value': '7.8'}, {'type': {'displayName': 'Zone', 'value': 56}, 'value': 'Back'}, {'type': {'displayName': 'PassEndX', 'value': 140}, 'value': '26.8'}, {'type': {'displayName': 'PassEndY', 'value': 141}, 'value': '39.9'}]",True,,,,,
1903815,FirstHalf,10,41.0,10,Pass,Successful,116,NEC Nijmegen,401739.0,Darko Nejasmic,27.6,38.8,30.6,27.4,,,,,"[{'type': {'displayName': 'Length', 'value': 212}, 'value': '8.4'}, {'type': {'displayName': 'Angle', 'value': 213}, 'value': '5.10'}, {'type': {'displayName': 'Zone', 'value': 56}, 'value': 'Back'}, {'type': {'displayName': 'PassEndX', 'value': 140}, 'value': '30.6'}, {'type': {'displayName': 'PassEndY', 'value': 141}, 'value': '27.4'}]",True,,,,,
1903815,FirstHalf,10,43.0,10,Pass,Successful,116,NEC Nijmegen,321959.0,Philippe Sandler,31.1,29.7,30.0,48.0,,,,,"[{'type': {'displayName': 'Angle', 'value': 213}, 'value': '1.66'}, {'type': {'displayName': 'PassEndY', 'value': 141}, 'value': '48.0'}, {'type': {'displayName': 'PassEndX', 'value': 140}, 'value': '30.0'}, {'type': {'displayName': 'Length', 'value': 212}, 'value': '12.5'}, {'type': {'displayName': 'Zone', 'value': 56}, 'value': 'Back'}]",True,,,,,
1903815,FirstHalf,10,46.0,10,Pass,Successful,116,NEC Nijmegen,401739.0,Darko Nejasmic,29.8,50.8,31.2,69.6,,,,,"[{'type': {'displayName': 'PassEndX', 'value': 140}, 'value': '31.2'}, {'type': {'displayName': 'Zone', 'value': 56}, 'value': 'Back'}, {'type': {'displayName': 'Length', 'value': 212}, 'value': '12.9'}, {'type': {'displayName': 'Angle', 'value': 213}, 'value': '1.46'}, {'type': {'displayName': 'PassEndY', 'value': 141}, 'value': '69.6'}]",True,,,,,
1903815,FirstHalf,10,49.0,10,Pass,Successful,116,NEC Nijmegen,400320.0,Ahmetcan Kaplan,33.1,69.8,28.1,54.8,,,,,"[{'type': {'displayName': 'Angle', 'value': 213}, 'value': '4.24'}, {'type': {'displayName': 'PassEndX', 'value': 140}, 'value': '28.1'}, {'type': {'displayName': 'PassEndY', 'value': 141}, 'value': '54.8'}, {'type': {'displayName': 'Length', 'value': 212}, 'value': '11.5'}, {'type': {'displayName': 'Zone', 'value': 56}, 'value': 'Back'}]",True,,,,,
1903815,FirstHalf,10,52.0,10,Pass,Successful,116,NEC Nijmegen,401739.0,Darko Nejasmic,27.0,51.5,28.2,33.0,,,,,"[{'type': {'displayName': 'PassEndX', 'value': 140}, 'value': '28.2'}, {'type': {'displayName': 'Length', 'value': 212}, 'value': '12.6'}, {'type': {'displayName': 'Angle', 'value': 213}, 'value': '4.81'}, {'type': {'displayName': 'Zone', 'value': 56}, 'value': 'Back'}, {'type': {'displayName': 'PassEndY', 'value': 141}, 'value': '33.0'}]",True,,,,,
1903815,FirstHalf,10,54.0,10,Pass,Successful,116,NEC Nijmegen,321959.0,Philippe Sandler,24.7,34.5,6.6,48.5,,,,,"[{'type': {'displayName': 'PassEndX', 'value': 140}, 'value': '6.6'}, {'type': {'displayName': 'Angle', 'value': 213}, 'value': '2.68'}, {'type': {'displayName': 'Zone', 'value': 56}, 'value': 'Back'}, {'type': {'displayName': 'Length', 'value': 212}, 'value': '21.3'}, {'type': {'displayName': 'PassEndY', 'value': 141}, 'value': '48.5'}]",True,,,,,
1903815,FirstHalf,10,59.0,10,Pass,Unsuccessful,116,NEC Nijmegen,448283.0,Gonzalo Crettaz,9.6,35.1,58.1,58.7,,,,,"[{'type': {'displayName': 'PassEndY', 'value': 141}, 'value': '58.7'}, {'type': {'displayName': 'Angle', 'value': 213}, 'value': '0.31'}, {'type': {'displayName': 'Zone', 'value': 56}, 'value': 'Center'}, {'type': {'displayName': 'PassEndX', 'value': 140}, 'value': '58.1'}, {'type': {'displayName': 'Length', 'value': 212}, 'value': '53.4'}, {'type': {'displayName': 'Longball', 'value': 1}}]",True,,,,,
1903815,FirstHalf,11,,11,OffsideGiven,Unsuccessful,116,NEC Nijmegen,532237.0,Basar Önal,92.1,70.3,,,,,,,[],False,,,,,
1903815,FirstHalf,11,3.0,11,Pass,Unsuccessful,256,Feyenoord,326642.0,Anel Ahmedhodzic,43.3,36.7,62.1,43.2,,,,,"[{'type': {'displayName': 'Angle', 'value': 213}, 'value': '0.22'}, {'type': {'displayName': 'PassEndY', 'value': 141}, 'value': '43.2'}, {'type': {'displayName': 'HeadPass', 'value': 3}}, {'type': {'displayName': 'Zone', 'value': 56}, 'value': 'Center'}, {'type': {'displayName': 'Length', 'value': 212}, 'value': '20.2'}, {'type': {'displayName': 'PassEndX', 'value': 140}, 'value': '62.1'}]",True,,,,,
1903815,FirstHalf,11,6.0,11,Pass,Successful,116,NEC Nijmegen,497708.0,Kodai Sano,41.0,60.7,51.1,57.1,,,,,"[{'type': {'displayName': 'PassEndY', 'value': 141}, 'value': '57.1'}, {'type': {'displayName': 'Zone', 'value': 56}, 'value': 'Center'}, {'type': {'displayName': 'PassEndX', 'value': 140}, 'value': '51.1'}, {'type': {'displayName': 'Angle', 'value': 213}, 'value': '6.06'}, {'type': {'displayName': 'Length', 'value': 212}, 'value': '10.9'}, {'type': {'displayName': 'HeadPass', 'value': 3}}]",True,,,,,
1903815,FirstHalf,11,8.0,11,Dispossessed,Successful,116,NEC Nijmegen,487049.0,Koki Ogawa,52.6,57.0,,,,,,,"[{'type': {'displayName': 'Zone', 'value': 56}, 'value': 'Center'}, {'type': {'displayName': 'Offensive', 'value': 286}}, {'type': {'displayName': 'OppositeRelatedEvent', 'value': 233}, 'value': '110'}]",True,,,,,
1903815,FirstHalf,11,8.0,11,Tackle,Unsuccessful,256,Feyenoord,411078.0,Quinten Timber,47.4,43.0,,,,,,,"[{'type': {'displayName': 'StandingSave', 'value': 178}}, {'type': {'displayName': 'Defensive', 'value': 285}}, {'type': {'displayName': 'Zone', 'value': 56}, 'value': 'Back'}, {'type': {'displayName': 'OppositeRelatedEvent', 'value': 233}, 'value': '108'}]",True,,,,,
1903815,FirstHalf,11,10.0,11,TakeOn,Unsuccessful,116,NEC Nijmegen,487049.0,Koki Ogawa,54.2,56.0,,,,,,,"[{'type': {'displayName': 'OppositeRelatedEvent', 'value': 233}, 'value': '111'}, {'type': {'displayName': 'Offensive', 'value': 286}}, {'type': {'displayName': 'Zone', 'value': 56}, 'value': 'Center'}]",True,,,,,
1903815,FirstHalf,11,10.0,11,Tackle,Unsuccessful,256,Feyenoord,411078.0,Quinten Timber,45.8,44.0,,,,,,,"[{'type': {'displayName': 'Defensive', 'value': 285}}, {'type': {'displayName': 'OppositeRelatedEvent', 'value': 233}, 'value': '109'}, {'type': {'displayName': 'Zone', 'value': 56}, 'value': 'Back'}]",True,,,,,
1903815,FirstHalf,11,14.0,11,OffsidePass,Successful,116,NEC Nijmegen,515755.0,Sami Ouaissa,74.8,71.1,92.1,70.3,,,,,"[{'type': {'displayName': 'Zone', 'value': 56}, 'value': 'Center'}, {'type': {'displayName': 'PlayerCaughtOffside', 'value': 7}, 'value': '532237'}, {'type': {'displayName': 'PassEndX', 'value': 140}, 'value': '92.1'}, {'type': {'displayName': 'PassEndY', 'value': 141}, 'value': '70.3'}]",True,,,,,
1903815,FirstHalf,11,14.0,11,OffsideProvoked,Successful,256,Feyenoord,431258.0,Tsuyoshi Watanabe,22.8,49.9,,,,,,,[],False,,,,,
1903815,FirstHalf,11,35.0,11,Pass,Successful,256,Feyenoord,326642.0,Anel Ahmedhodzic,12.2,26.7,8.7,48.2,,,,,"[{'type': {'displayName': 'Zone', 'value': 56}, 'value': 'Back'}, {'type': {'displayName': 'FreekickTaken', 'value': 5}}, {'type': {'displayName': 'IndirectFreekickTaken', 'value': 241}}, {'type': {'displayName': 'Angle', 'value': 213}, 'value': '1.82'}, {'type': {'displayName': 'Length', 'value': 212}, 'value': '15.1'}, {'type': {'displayName': 'PassEndX', 'value': 140}, 'value': '8.7'}, {'type': {'displayName': 'PassEndY', 'value': 141}, 'value': '48.2'}]",True,,,,,
1903815,FirstHalf,11,51.0,11,Pass,Unsuccessful,256,Feyenoord,121821.0,Timon Wellenreuther,22.2,47.4,63.8,86.9,,,,,"[{'type': {'displayName': 'Longball', 'value': 1}}, {'type': {'displayName': 'Chipped', 'value': 155}}, {'type': {'displayName': 'PassEndY', 'value': 141}, 'value': '86.9'}, {'type': {'displayName': 'PassEndX', 'value': 140}, 'value': '63.8'}, {'type': {'displayName': 'Zone', 'value': 56}, 'value': 'Left'}, {'type': {'displayName': 'Angle', 'value': 213}, 'value': '0.55'}, {'type': {'displayName': 'Length', 'value': 212}, 'value': '51.3'}]",True,,,,,
1903815,FirstHalf,11,54.0,11,BallTouch,Successful,116,NEC Nijmegen,487049.0,Koki Ogawa,26.6,8.1,,,,,,,"[{'type': {'displayName': 'Zone', 'value': 56}, 'value': 'Back'}]",True,,,,,
1903815,FirstHalf,12,28.0,12,Pass,Successful,256,Feyenoord,400059.0,Gijs Smal,74.6,100.0,72.5,95.3,,,,,"[{'type': {'displayName': 'Zone', 'value': 56}, 'value': 'Left'}, {'type': {'displayName': 'ThrowIn', 'value': 107}}, {'type': {'displayName': 'Angle', 'value': 213}, 'value': '4.24'}, {'type': {'displayName': 'PassEndY', 'value': 141}, 'value': '95.3'}, {'type': {'displayName': 'PassEndX', 'value': 140}, 'value': '72.5'}, {'type': {'displayName': 'Length', 'value': 212}, 'value': '4.9'}]",True,,,,,
1903815,FirstHalf,12,29.0,12,Pass,Successful,256,Feyenoord,415927.0,Luciano Valente,71.5,95.3,75.7,98.8,,,,,"[{'type': {'displayName': 'PassEndX', 'value': 140}, 'value': '75.7'}, {'type': {'displayName': 'PassEndY', 'value': 141}, 'value': '98.8'}, {'type': {'displayName': 'Zone', 'value': 56}, 'value': 'Left'}, {'type': {'displayName': 'Angle', 'value': 213}, 'value': '0.49'}, {'type': {'displayName': 'Length', 'value': 212}, 'value': '5.0'}]",True,,,,,
1903815,FirstHalf,12,30.0,12,Pass,Unsuccessful,256,Feyenoord,400059.0,Gijs Smal,74.9,97.3,71.3,83.5,,,,,"[{'type': {'displayName': 'PassEndX', 'value': 140}, 'value': '71.3'}, {'type': {'displayName': 'Length', 'value': 212}, 'value': '10.1'}, {'type': {'displayName': 'PassEndY', 'value': 141}, 'value': '83.5'}, {'type': {'displayName': 'Zone', 'value': 56}, 'value': 'Left'}, {'type': {'displayName': 'Angle', 'value': 213}, 'value': '4.33'}]",True,,,,,
1903815,FirstHalf,12,31.0,12,BallRecovery,Successful,116,NEC Nijmegen,43004.0,Bryan Linssen,30.0,21.1,,,,,,,[],False,,,,,
1903815,FirstHalf,12,33.0,12,Pass,Unsuccessful,116,NEC Nijmegen,43004.0,Bryan Linssen,34.5,21.4,60.9,24.2,,,,,"[{'type': {'displayName': 'Zone', 'value': 56}, 'value': 'Center'}, {'type': {'displayName': 'Chipped', 'value': 155}}, {'type': {'displayName': 'PassEndY', 'value': 141}, 'value': '24.2'}, {'type': {'displayName': 'Length', 'value': 212}, 'value': '27.8'}, {'type': {'displayName': 'PassEndX', 'value': 140}, 'value': '60.9'}, {'type': {'displayName': 'Angle', 'value': 213}, 'value': '0.07'}]",True,,,,,
1903815,FirstHalf,12,37.0,12,BallTouch,Successful,256,Feyenoord,431258.0,Tsuyoshi Watanabe,41.5,74.9,,,,,,,"[{'type': {'displayName': 'Zone', 'value': 56}, 'value': 'Back'}]",True,,,,,
1903815,FirstHalf,12,38.0,12,BallRecovery,Successful,256,Feyenoord,326642.0,Anel Ahmedhodzic,43.2,68.6,,,,,,,[],False,,,,,
1903815,FirstHalf,12,38.0,12,Pass,Successful,256,Feyenoord,326642.0,Anel Ahmedhodzic,43.2,68.6,54.4,53.3,,,,,"[{'type': {'displayName': 'PassEndY', 'value': 141}, 'value': '53.3'}, {'type': {'displayName': 'PassEndX', 'value': 140}, 'value': '54.4'}, {'type': {'displayName': 'Angle', 'value': 213}, 'value': '5.56'}, {'type': {'displayName': 'Zone', 'value': 56}, 'value': 'Center'}, {'type': {'displayName': 'Length', 'value': 212}, 'value': '15.7'}]",True,,,,,
1903815,FirstHalf,12,40.0,12,Pass,Unsuccessful,256,Feyenoord,361794.0,Sem Steijn,53.4,52.6,55.3,54.2,,,,,"[{'type': {'displayName': 'OppositeRelatedEvent', 'value': 233}, 'value': '116'}, {'type': {'displayName': 'Zone', 'value': 56}, 'value': 'Center'}, {'type': {'displayName': 'PassEndY', 'value': 141}, 'value': '54.2'}, {'type': {'displayName': 'PassEndX', 'value': 140}, 'value': '55.3'}, {'type': {'displayName': 'Offensive', 'value': 286}}, {'type': {'displayName': 'Angle', 'value': 213}, 'value': '0.50'}, {'type': {'displayName': 'Length', 'value': 212}, 'value': '2.3'}]",True,,,,,
1903815,FirstHalf,12,40.0,12,BlockedPass,Successful,116,NEC Nijmegen,401739.0,Darko Nejasmic,44.7,45.8,,,,,,,"[{'type': {'displayName': 'Zone', 'value': 56}, 'value': 'Back'}, {'type': {'displayName': 'Defensive', 'value': 285}}, {'type': {'displayName': 'OppositeRelatedEvent', 'value': 233}, 'value': '123'}]",True,,,,,
1903815,FirstHalf,12,46.0,12,Pass,Successful,256,Feyenoord,468119.0,Leo Sauer,63.0,98.1,61.1,89.0,,,,,"[{'type': {'displayName': 'PassEndX', 'value': 140}, 'value': '61.1'}, {'type': {'displayName': 'Zone', 'value': 56}, 'value': 'Left'}, {'type': {'displayName': 'Length', 'value': 212}, 'value': '6.5'}, {'type': {'displayName': 'PassEndY', 'value': 141}, 'value': '89.0'}, {'type': {'displayName': 'Angle', 'value': 213}, 'value': '4.40'}]",True,,,,,
1903815,FirstHalf,12,47.0,12,Pass,Unsuccessful,256,Feyenoord,415927.0,Luciano Valente,59.5,86.9,94.9,84.6,,,,,"[{'type': {'displayName': 'Longball', 'value': 1}}, {'type': {'displayName': 'PassEndY', 'value': 141}, 'value': '84.6'}, {'type': {'displayName': 'Angle', 'value': 213}, 'value': '6.24'}, {'type': {'displayName': 'Zone', 'value': 56}, 'value': 'Left'}, {'type': {'displayName': 'Length', 'value': 212}, 'value': '37.2'}, {'type': {'displayName': 'PassEndX', 'value': 140}, 'value': '94.9'}]",True,,,,,
1903815,FirstHalf,12,50.0,12,BallRecovery,Successful,116,NEC Nijmegen,448283.0,Gonzalo Crettaz,2.7,23.1,,,,,,,[],False,,,,,
1903815,FirstHalf,13,3.0,13,Pass,Successful,116,NEC Nijmegen,448283.0,Gonzalo Crettaz,6.5,34.5,12.6,27.4,,,,,"[{'type': {'displayName': 'PassEndX', 'value': 140}, 'value': '12.6'}, {'type': {'displayName': 'PassEndY', 'value': 141}, 'value': '27.4'}, {'type': {'displayName': 'Angle', 'value': 213}, 'value': '5.64'}, {'type': {'displayName': 'Length', 'value': 212}, 'value': '8.0'}, {'type': {'displayName': 'Zone', 'value': 56}, 'value': 'Back'}]",True,,,,,
1903815,FirstHalf,13,5.0,13,Pass,Successful,116,NEC Nijmegen,321959.0,Philippe Sandler,12.3,28.7,5.8,50.5,,,,,"[{'type': {'displayName': 'PassEndX', 'value': 140}, 'value': '5.8'}, {'type': {'displayName': 'Length', 'value': 212}, 'value': '16.3'}, {'type': {'displayName': 'Angle', 'value': 213}, 'value': '2.00'}, {'type': {'displayName': 'Zone', 'value': 56}, 'value': 'Back'}, {'type': {'displayName': 'PassEndY', 'value': 141}, 'value': '50.5'}]",True,,,,,
1903815,FirstHalf,13,8.0,13,Pass,Successful,116,NEC Nijmegen,448283.0,Gonzalo Crettaz,10.4,65.4,58.7,56.1,,,,,"[{'type': {'displayName': 'Zone', 'value': 56}, 'value': 'Center'}, {'type': {'displayName': 'Angle', 'value': 213}, 'value': '6.16'}, {'type': {'displayName': 'PassEndY', 'value': 141}, 'value': '56.1'}, {'type': {'displayName': 'Length', 'value': 212}, 'value': '51.1'}, {'type': {'displayName': 'Longball', 'value': 1}}, {'type': {'displayName': 'PassEndX', 'value': 140}, 'value': '58.7'}]",True,,,,,
1903815,FirstHalf,13,11.0,13,Aerial,Successful,116,NEC Nijmegen,487049.0,Koki Ogawa,58.7,56.1,,,,,,,"[{'type': {'displayName': 'Offensive', 'value': 286}}, {'type': {'displayName': 'Zone', 'value': 56}, 'value': 'Center'}, {'type': {'displayName': 'OppositeRelatedEvent', 'value': 233}, 'value': '127'}]",False,,,,,
1903815,FirstHalf,13,11.0,13,Aerial,Unsuccessful,256,Feyenoord,431258.0,Tsuyoshi Watanabe,41.3,43.9,,,,,,,"[{'type': {'displayName': 'OppositeRelatedEvent', 'value': 233}, 'value': '121'}, {'type': {'displayName': 'Zone', 'value': 56}, 'value': 'Back'}, {'type': {'displayName': 'Defensive', 'value': 285}}]",False,,,,,
1903815,FirstHalf,13,12.0,13,Pass,Unsuccessful,116,NEC Nijmegen,487049.0,Koki Ogawa,58.7,56.1,65.4,49.5,,,,,"[{'type': {'displayName': 'PassEndX', 'value': 140}, 'value': '65.4'}, {'type': {'displayName': 'Zone', 'value': 56}, 'value': 'Center'}, {'type': {'displayName': 'HeadPass', 'value': 3}}, {'type': {'displayName': 'PassEndY', 'value': 141}, 'value': '49.5'}, {'type': {'displayName': 'Angle', 'value': 213}, 'value': '5.72'}, {'type': {'displayName': 'Length', 'value': 212}, 'value': '8.3'}]",True,,,,,
1903815,FirstHalf,13,14.0,13,BallRecovery,Successful,256,Feyenoord,415927.0,Luciano Valente,34.6,49.8,,,,,,,[],False,,,,,
1903815,FirstHalf,13,14.0,13,Pass,Successful,256,Feyenoord,415927.0,Luciano Valente,34.6,48.2,30.4,40.0,,,,,"[{'type': {'displayName': 'Angle', 'value': 213}, 'value': '4.04'}, {'type': {'displayName': 'PassEndY', 'value': 141}, 'value': '40.0'}, {'type': {'displayName': 'PassEndX', 'value': 140}, 'value': '30.4'}, {'type': {'displayName': 'Length', 'value': 212}, 'value': '7.1'}, {'type': {'displayName': 'Zone', 'value': 56}, 'value': 'Back'}]",True,,,,,
1903815,FirstHalf,13,18.0,13,Pass,Successful,256,Feyenoord,326642.0,Anel Ahmedhodzic,25.5,35.1,9.7,48.0,,,,,"[{'type': {'displayName': 'PassEndX', 'value': 140}, 'value': '9.7'}, {'type': {'displayName': 'Angle', 'value': 213}, 'value': '2.66'}, {'type': {'displayName': 'PassEndY', 'value': 141}, 'value': '48.0'}, {'type': {'displayName': 'Zone', 'value': 56}, 'value': 'Back'}, {'type': {'displayName': 'Length', 'value': 212}, 'value': '18.8'}]",True,,,,,
1903815,FirstHalf,13,21.0,13,Pass,Successful,256,Feyenoord,121821.0,Timon Wellenreuther,9.7,48.3,24.9,76.1,,,,,"[{'type': {'displayName': 'PassEndX', 'value': 140}, 'value': '24.9'}, {'type': {'displayName': 'Angle', 'value': 213}, 'value': '0.87'}, {'type': {'displayName': 'Length', 'value': 212}, 'value': '24.7'}, {'type': {'displayName': 'PassEndY', 'value': 141}, 'value': '76.1'}, {'type': {'displayName': 'Zone', 'value': 56}, 'value': 'Back'}]",True,,,,,
1903815,FirstHalf,13,29.0,13,Pass,Successful,256,Feyenoord,431258.0,Tsuyoshi Watanabe,67.7,87.3,71.1,96.5,,,,,"[{'type': {'displayName': 'PassEndX', 'value': 140}, 'value': '71.1'}, {'type': {'displayName': 'Angle', 'value': 213}, 'value': '1.05'}, {'type': {'displayName': 'PassEndY', 'value': 141}, 'value': '96.5'}, {'type': {'displayName': 'Zone', 'value': 56}, 'value': 'Left'}, {'type': {'displayName': 'Length', 'value': 212}, 'value': '7.2'}]",True,,,,,
1903815,FirstHalf,13,35.0,13,Pass,Successful,256,Feyenoord,468119.0,Leo Sauer,79.6,93.7,68.9,81.7,,,,,"[{'type': {'displayName': 'Zone', 'value': 56}, 'value': 'Left'}, {'type': {'displayName': 'PassEndX', 'value': 140}, 'value': '68.9'}, {'type': {'displayName': 'Length', 'value': 212}, 'value': '13.9'}, {'type': {'displayName': 'PassEndY', 'value': 141}, 'value': '81.7'}, {'type': {'displayName': 'Angle', 'value': 213}, 'value': '3.77'}]",True,,,,,
1903815,FirstHalf,13,37.0,13,Pass,Successful,256,Feyenoord,431258.0,Tsuyoshi Watanabe,69.1,81.7,69.8,91.4,,,,,"[{'type': {'displayName': 'Zone', 'value': 56}, 'value': 'Left'}, {'type': {'displayName': 'PassEndX', 'value': 140}, 'value': '69.8'}, {'type': {'displayName': 'Angle', 'value': 213}, 'value': '1.46'}, {'type': {'displayName': 'Length', 'value': 212}, 'value': '6.6'}, {'type': {'displayName': 'PassEndY', 'value': 141}, 'value': '91.4'}]",True,,,,,
1903815,FirstHalf,13,40.0,13,Pass,Successful,256,Feyenoord,411078.0,Quinten Timber,69.2,91.1,70.6,81.2,,,,,"[{'type': {'displayName': 'PassEndX', 'value': 140}, 'value': '70.6'}, {'type': {'displayName': 'Angle', 'value': 213}, 'value': '4.93'}, {'type': {'displayName': 'PassEndY', 'value': 141}, 'value': '81.2'}, {'type': {'displayName': 'Zone', 'value': 56}, 'value': 'Left'}, {'type': {'displayName': 'Length', 'value': 212}, 'value': '6.9'}]",True,,,,,
1903815,FirstHalf,13,42.0,13,Pass,Successful,256,Feyenoord,415927.0,Luciano Valente,72.0,87.9,76.7,90.6,,,,,"[{'type': {'displayName': 'PassEndX', 'value': 140}, 'value': '76.7'}, {'type': {'displayName': 'Angle', 'value': 213}, 'value': '0.36'}, {'type': {'displayName': 'Length', 'value': 212}, 'value': '5.3'}, {'type': {'displayName': 'PassEndY', 'value': 141}, 'value': '90.6'}, {'type': {'displayName': 'Zone', 'value': 56}, 'value': 'Left'}]",True,,,,,
1903815,FirstHalf,13,43.0,13,Pass,Successful,256,Feyenoord,468119.0,Leo Sauer,76.3,91.8,70.6,93.5,,,,,"[{'type': {'displayName': 'Zone', 'value': 56}, 'value': 'Left'}, {'type': {'displayName': 'PassEndX', 'value': 140}, 'value': '70.6'}, {'type': {'displayName': 'Angle', 'value': 213}, 'value': '2.95'}, {'type': {'displayName': 'Length', 'value': 212}, 'value': '6.1'}, {'type': {'displayName': 'PassEndY', 'value': 141}, 'value': '93.5'}]",True,,,,,
1903815,FirstHalf,13,48.0,13,Pass,Successful,256,Feyenoord,415927.0,Luciano Valente,68.7,87.6,91.5,63.2,,,,,"[{'type': {'displayName': 'ShotAssist', 'value': 210}, 'value': '15'}, {'type': {'displayName': 'PassEndY', 'value': 141}, 'value': '63.2'}, {'type': {'displayName': 'IntentionalAssist', 'value': 154}}, {'type': {'displayName': 'Length', 'value': 212}, 'value': '29.1'}, {'type': {'displayName': 'Angle', 'value': 213}, 'value': '5.68'}, {'type': {'displayName': 'PassEndX', 'value': 140}, 'value': '91.5'}, {'type': {'displayName': 'Zone', 'value': 56}, 'value': 'Center'}, {'type': {'displayName': 'Throughball', 'value': 4}}, {'type': {'displayName': 'KeyPass', 'value': 11113}}]",True,,,,,
1903815,FirstHalf,13,51.0,13,SavedShot,Successful,256,Feyenoord,377288.0,Ayase Ueda,93.9,66.4,,,52.7,19.0,95.9,61.9,"[{'type': {'displayName': 'GoalMouthZ', 'value': 103}, 'value': '19'}, {'type': {'displayName': 'Assisted', 'value': 29}}, {'type': {'displayName': 'SixYardBlock', 'value': 100}}, {'type': {'displayName': 'BlockedX', 'value': 146}, 'value': '95.9'}, {'type': {'displayName': 'IntentionalAssist', 'value': 154}}, {'type': {'displayName': 'LeftFoot', 'value': 72}}, {'type': {'displayName': 'OppositeRelatedEvent', 'value': 233}, 'value': '123'}, {'type': {'displayName': 'RelatedEventId', 'value': 55}, 'value': '138'}, {'type': {'displayName': 'BlockedY', 'value': 147}, 'value': '61.9'}, {'type': {'displayName': 'BoxLeft', 'value': 64}}, {'type': {'displayName': 'RegularPlay', 'value': 22}}, {'type': {'displayName': 'Blocked', 'value': 82}}, {'type': {'displayName': 'GoalMouthY', 'value': 102}, 'value': '52.7'}, {'type': {'displayName': 'LowLeft', 'value': 76}}, {'type': {'displayName': 'Zone', 'value': 56}, 'value': 'Center'}]",True,True,,,138.0,415927.0
1903815,FirstHalf,13,51.0,13,Save,Successful,116,NEC Nijmegen,321959.0,Philippe Sandler,2.5,36.1,,,,,,,"[{'type': {'displayName': 'Zone', 'value': 56}, 'value': 'Back'}, {'type': {'displayName': 'OppositeRelatedEvent', 'value': 233}, 'value': '139'}, {'type': {'displayName': 'OutfielderBlock', 'value': 94}}]",True,,,,,
1903815,FirstHalf,13,52.0,13,CornerAwarded,Unsuccessful,116,NEC Nijmegen,321959.0,Philippe Sandler,0.8,30.6,,,,,,,"[{'type': {'displayName': 'OppositeRelatedEvent', 'value': 233}, 'value': '140'}, {'type': {'displayName': 'MissLeft', 'value': 73}}, {'type': {'displayName': 'Zone', 'value': 56}, 'value': 'Back'}]",False,,,,,
1903815,FirstHalf,13,52.0,13,CornerAwarded,Successful,256,Feyenoord,377288.0,Ayase Ueda,99.2,69.4,,,,,,,"[{'type': {'displayName': 'Zone', 'value': 56}, 'value': 'Center'}, {'type': {'displayName': 'MissLeft', 'value': 73}}, {'type': {'displayName': 'OppositeRelatedEvent', 'value': 233}, 'value': '124'}]",False,,,,,
1903815,FirstHalf,14,29.0,14,Pass,Unsuccessful,256,Feyenoord,361794.0,Sem Steijn,99.5,99.5,88.9,45.0,,,,,"[{'type': {'displayName': 'Cross', 'value': 2}}, {'type': {'displayName': 'PassEndX', 'value': 140}, 'value': '88.9'}, {'type': {'displayName': 'Zone', 'value': 56}, 'value': 'Center'}, {'type': {'displayName': 'Angle', 'value': 213}, 'value': '4.42'}, {'type': {'displayName': 'CornerTaken', 'value': 6}}, {'type': {'displayName': 'Chipped', 'value': 155}}, {'type': {'displayName': 'Longball', 'value': 1}}, {'type': {'displayName': 'RightFoot', 'value': 20}}, {'type': {'displayName': 'Length', 'value': 212}, 'value': '38.7'}, {'type': {'displayName': 'PassEndY', 'value': 141}, 'value': '45.0'}]",True,,,,,
1903815,FirstHalf,14,30.0,14,Aerial,Successful,116,NEC Nijmegen,515755.0,Sami Ouaissa,11.1,55.0,,,,,,,"[{'type': {'displayName': 'OppositeRelatedEvent', 'value': 233}, 'value': '142'}, {'type': {'displayName': 'Zone', 'value': 56}, 'value': 'Back'}, {'type': {'displayName': 'Defensive', 'value': 285}}]",False,,,,,
1903815,FirstHalf,14,30.0,14,Aerial,Unsuccessful,256,Feyenoord,297527.0,Bart Nieuwkoop,88.9,45.0,,,,,,,"[{'type': {'displayName': 'Offensive', 'value': 286}}, {'type': {'displayName': 'Zone', 'value': 56}, 'value': 'Center'}, {'type': {'displayName': 'OppositeRelatedEvent', 'value': 233}, 'value': '125'}]",False,,,,,
1903815,FirstHalf,14,30.0,14,Clearance,Successful,116,NEC Nijmegen,515755.0,Sami Ouaissa,11.1,55.0,14.9,50.2,,,,,"[{'type': {'displayName': 'Length', 'value': 212}, 'value': '5.2'}, {'type': {'displayName': 'Angle', 'value': 213}, 'value': '5.60'}, {'type': {'displayName': 'PassEndY', 'value': 141}, 'value': '50.2'}, {'type': {'displayName': 'PassEndX', 'value': 140}, 'value': '14.9'}, {'type': {'displayName': 'Zone', 'value': 56}, 'value': 'Back'}, {'type': {'displayName': 'Head', 'value': 15}}]",True,,,,,
1903815,FirstHalf,14,32.0,14,MissedShots,Successful,256,Feyenoord,515829.0,Anis Hadj Moussa,81.5,48.5,,,45.9,62.5,,,"[{'type': {'displayName': 'OutOfBoxCentre', 'value': 18}}, {'type': {'displayName': 'FromCorner', 'value': 25}}, {'type': {'displayName': 'GoalMouthZ', 'value': 103}, 'value': '62.5'}, {'type': {'displayName': 'LeftFoot', 'value': 72}}, {'type': {'displayName': 'GoalMouthY', 'value': 102}, 'value': '45.9'}, {'type': {'displayName': 'Zone', 'value': 56}, 'value': 'Center'}, {'type': {'displayName': 'MissHigh', 'value': 74}}]",True,True,,,,
1903815,FirstHalf,14,39.0,14,Pass,Unsuccessful,116,NEC Nijmegen,448283.0,Gonzalo Crettaz,4.1,57.4,61.8,70.0,,,,,"[{'type': {'displayName': 'PassEndX', 'value': 140}, 'value': '61.8'}, {'type': {'displayName': 'MissHigh', 'value': 74}}, {'type': {'displayName': 'Angle', 'value': 213}, 'value': '0.14'}, {'type': {'displayName': 'PassEndY', 'value': 141}, 'value': '70.0'}, {'type': {'displayName': 'Length', 'value': 212}, 'value': '61.2'}, {'type': {'displayName': 'GoalKick', 'value': 124}}, {'type': {'displayName': 'Longball', 'value': 1}}, {'type': {'displayName': 'Zone', 'value': 56}, 'value': 'Center'}]",True,,,,,
1903815,FirstHalf,14,42.0,14,Pass,Successful,256,Feyenoord,297527.0,Bart Nieuwkoop,39.4,28.9,47.3,11.6,,,,,"[{'type': {'displayName': 'Length', 'value': 212}, 'value': '14.4'}, {'type': {'displayName': 'Angle', 'value': 213}, 'value': '5.33'}, {'type': {'displayName': 'Zone', 'value': 56}, 'value': 'Back'}, {'type': {'displayName': 'PassEndY', 'value': 141}, 'value': '11.6'}, {'type': {'displayName': 'PassEndX', 'value': 140}, 'value': '47.3'}, {'type': {'displayName': 'HeadPass', 'value': 3}}]",True,,,,,
1903815,FirstHalf,14,44.0,14,BallRecovery,Successful,256,Feyenoord,515829.0,Anis Hadj Moussa,47.5,11.2,,,,,,,[],False,,,,,
1903815,FirstHalf,14,49.0,14,Pass,Successful,256,Feyenoord,515829.0,Anis Hadj Moussa,62.4,28.0,69.1,52.9,,,,,"[{'type': {'displayName': 'PassEndY', 'value': 141}, 'value': '52.9'}, {'type': {'displayName': 'Zone', 'value': 56}, 'value': 'Center'}, {'type': {'displayName': 'PassEndX', 'value': 140}, 'value': '69.1'}, {'type': {'displayName': 'Angle', 'value': 213}, 'value': '1.18'}, {'type': {'displayName': 'Length', 'value': 212}, 'value': '18.3'}]",True,,,,,
1903815,FirstHalf,14,51.0,14,Pass,Successful,256,Feyenoord,377288.0,Ayase Ueda,70.6,63.3,79.9,88.4,,,,,"[{'type': {'displayName': 'PassEndY', 'value': 141}, 'value': '88.4'}, {'type': {'displayName': 'PassEndX', 'value': 140}, 'value': '79.9'}, {'type': {'displayName': 'Length', 'value': 212}, 'value': '19.7'}, {'type': {'displayName': 'Zone', 'value': 56}, 'value': 'Left'}, {'type': {'displayName': 'Angle', 'value': 213}, 'value': '1.05'}]",True,,,,,
1903815,FirstHalf,14,55.0,14,Pass,Successful,256,Feyenoord,468119.0,Leo Sauer,81.5,77.0,93.4,68.5,,,,,"[{'type': {'displayName': 'Zone', 'value': 56}, 'value': 'Center'}, {'type': {'displayName': 'PassEndX', 'value': 140}, 'value': '93.4'}, {'type': {'displayName': 'PassEndY', 'value': 141}, 'value': '68.5'}, {'type': {'displayName': 'Angle', 'value': 213}, 'value': '5.85'}, {'type': {'displayName': 'Length', 'value': 212}, 'value': '13.8'}]",True,,,,,
1903815,FirstHalf,14,56.0,14,Pass,Unsuccessful,256,Feyenoord,415927.0,Luciano Valente,92.9,68.6,93.1,65.9,,,,,"[{'type': {'displayName': 'Angle', 'value': 213}, 'value': '4.83'}, {'type': {'displayName': 'Length', 'value': 212}, 'value': '1.8'}, {'type': {'displayName': 'PassEndX', 'value': 140}, 'value': '93.1'}, {'type': {'displayName': 'PassEndY', 'value': 141}, 'value': '65.9'}, {'type': {'displayName': 'Zone', 'value': 56}, 'value': 'Center'}]",True,,,,,
1903815,FirstHalf,14,57.0,14,BallTouch,Successful,116,NEC Nijmegen,497708.0,Kodai Sano,7.0,35.8,,,,,,,"[{'type': {'displayName': 'Zone', 'value': 56}, 'value': 'Back'}]",True,,,,,
1903815,FirstHalf,14,59.0,14,KeeperPickup,Successful,116,NEC Nijmegen,448283.0,Gonzalo Crettaz,8.7,42.9,,,,,,,[],False,,,,,
1903815,FirstHalf,15,10.0,15,Pass,Successful,116,NEC Nijmegen,448283.0,Gonzalo Crettaz,8.1,57.3,11.1,71.8,,,,,"[{'type': {'displayName': 'Length', 'value': 212}, 'value': '10.4'}, {'type': {'displayName': 'Zone', 'value': 56}, 'value': 'Back'}, {'type': {'displayName': 'PassEndY', 'value': 141}, 'value': '71.8'}, {'type': {'displayName': 'PassEndX', 'value': 140}, 'value': '11.1'}, {'type': {'displayName': 'KeeperThrow', 'value': 123}}, {'type': {'displayName': 'Angle', 'value': 213}, 'value': '1.26'}]",True,,,,,
1903815,FirstHalf,15,13.0,15,Pass,Successful,116,NEC Nijmegen,400320.0,Ahmetcan Kaplan,13.8,73.3,4.3,56.3,,,,,"[{'type': {'displayName': 'Angle', 'value': 213}, 'value': '4.00'}, {'type': {'displayName': 'PassEndY', 'value': 141}, 'value': '56.3'}, {'type': {'displayName': 'Length', 'value': 212}, 'value': '15.3'}, {'type': {'displayName': 'PassEndX', 'value': 140}, 'value': '4.3'}, {'type': {'displayName': 'Zone', 'value': 56}, 'value': 'Back'}]",True,,,,,
1903815,FirstHalf,15,17.0,15,Pass,Successful,116,NEC Nijmegen,448283.0,Gonzalo Crettaz,9.7,46.5,13.3,33.3,,,,,"[{'type': {'displayName': 'Zone', 'value': 56}, 'value': 'Back'}, {'type': {'displayName': 'PassEndX', 'value': 140}, 'value': '13.3'}, {'type': {'displayName': 'PassEndY', 'value': 141}, 'value': '33.3'}, {'type': {'displayName': 'Length', 'value': 212}, 'value': '9.7'}, {'type': {'displayName': 'Angle', 'value': 213}, 'value': '5.11'}]",True,,,,,
1903815,FirstHalf,15,23.0,15,Pass,Successful,116,NEC Nijmegen,321959.0,Philippe Sandler,30.9,50.5,39.8,95.7,,,,,"[{'type': {'displayName': 'Angle', 'value': 213}, 'value': '1.28'}, {'type': {'displayName': 'PassEndX', 'value': 140}, 'value': '39.8'}, {'type': {'displayName': 'Length', 'value': 212}, 'value': '32.1'}, {'type': {'displayName': 'Zone', 'value': 56}, 'value': 'Back'}, {'type': {'displayName': 'Longball', 'value': 1}}, {'type': {'displayName': 'PassEndY', 'value': 141}, 'value': '95.7'}]",True,,,,,
1903815,FirstHalf,15,26.0,15,Pass,Successful,116,NEC Nijmegen,43004.0,Bryan Linssen,38.4,91.8,30.6,74.9,,,,,"[{'type': {'displayName': 'PassEndY', 'value': 141}, 'value': '74.9'}, {'type': {'displayName': 'PassEndX', 'value': 140}, 'value': '30.6'}, {'type': {'displayName': 'Zone', 'value': 56}, 'value': 'Back'}, {'type': {'displayName': 'Length', 'value': 212}, 'value': '14.1'}, {'type': {'displayName': 'Angle', 'value': 213}, 'value': '4.09'}]",True,,,,,
1903815,FirstHalf,15,29.0,15,Pass,Successful,116,NEC Nijmegen,400320.0,Ahmetcan Kaplan,30.9,74.1,43.8,73.3,,,,,"[{'type': {'displayName': 'Zone', 'value': 56}, 'value': 'Back'}, {'type': {'displayName': 'Angle', 'value': 213}, 'value': '6.24'}, {'type': {'displayName': 'PassEndY', 'value': 141}, 'value': '73.3'}, {'type': {'displayName': 'PassEndX', 'value': 140}, 'value': '43.8'}, {'type': {'displayName': 'Length', 'value': 212}, 'value': '13.6'}]",True,,,,,
1903815,FirstHalf,15,31.0,15,Pass,Successful,116,NEC Nijmegen,321959.0,Philippe Sandler,46.0,76.7,46.5,93.6,,,,,"[{'type': {'displayName': 'Angle', 'value': 213}, 'value': '1.53'}, {'type': {'displayName': 'Zone', 'value': 56}, 'value': 'Back'}, {'type': {'displayName': 'Length', 'value': 212}, 'value': '11.5'}, {'type': {'displayName': 'PassEndX', 'value': 140}, 'value': '46.5'}, {'type': {'displayName': 'PassEndY', 'value': 141}, 'value': '93.6'}]",True,,,,,
1903815,FirstHalf,15,33.0,15,Pass,Successful,116,NEC Nijmegen,43004.0,Bryan Linssen,40.9,95.5,62.8,98.3,,,,,"[{'type': {'displayName': 'Zone', 'value': 56}, 'value': 'Left'}, {'type': {'displayName': 'PassEndX', 'value': 140}, 'value': '62.8'}, {'type': {'displayName': 'PassEndY', 'value': 141}, 'value': '98.3'}, {'type': {'displayName': 'Angle', 'value': 213}, 'value': '0.08'}, {'type': {'displayName': 'Length', 'value': 212}, 'value': '23.1'}]",True,,,,,
1903815,FirstHalf,15,33.0,15,BallTouch,Unsuccessful,116,NEC Nijmegen,532237.0,Basar Önal,60.0,97.4,,,,,,,"[{'type': {'displayName': 'Zone', 'value': 56}, 'value': 'Left'}]",True,,,,,
1903815,FirstHalf,15,53.0,15,Pass,Successful,256,Feyenoord,297527.0,Bart Nieuwkoop,45.1,0.0,26.6,13.0,,,,,"[{'type': {'displayName': 'PassEndX', 'value': 140}, 'value': '26.6'}, {'type': {'displayName': 'ThrowIn', 'value': 107}}, {'type': {'displayName': 'Zone', 'value': 56}, 'value': 'Back'}, {'type': {'displayName': 'PassEndY', 'value': 141}, 'value': '13.0'}, {'type': {'displayName': 'Angle', 'value': 213}, 'value': '2.69'}, {'type': {'displayName': 'Longball', 'value': 1}}, {'type': {'displayName': 'Length', 'value': 212}, 'value': '21.6'}]",True,,,,,
1903815,FirstHalf,15,57.0,15,Pass,Successful,256,Feyenoord,326642.0,Anel Ahmedhodzic,24.3,14.1,9.4,47.7,,,,,"[{'type': {'displayName': 'PassEndX', 'value': 140}, 'value': '9.4'}, {'type': {'displayName': 'Angle', 'value': 213}, 'value': '2.17'}, {'type': {'displayName': 'Zone', 'value': 56}, 'value': 'Back'}, {'type': {'displayName': 'Length', 'value': 212}, 'value': '27.7'}, {'type': {'displayName': 'PassEndY', 'value': 141}, 'value': '47.7'}]",True,,,,,
1903815,FirstHalf,16,7.0,16,Pass,Successful,256,Feyenoord,121821.0,Timon Wellenreuther,24.1,45.9,37.9,88.2,,,,,"[{'type': {'displayName': 'Zone', 'value': 56}, 'value': 'Back'}, {'type': {'displayName': 'Angle', 'value': 213}, 'value': '1.10'}, {'type': {'displayName': 'Length', 'value': 212}, 'value': '32.2'}, {'type': {'displayName': 'PassEndY', 'value': 141}, 'value': '88.2'}, {'type': {'displayName': 'Longball', 'value': 1}}, {'type': {'displayName': 'PassEndX', 'value': 140}, 'value': '37.9'}]",True,,,,,
1903815,FirstHalf,16,10.0,16,Pass,Successful,256,Feyenoord,431258.0,Tsuyoshi Watanabe,40.3,90.0,57.1,97.5,,,,,"[{'type': {'displayName': 'Zone', 'value': 56}, 'value': 'Left'}, {'type': {'displayName': 'Angle', 'value': 213}, 'value': '0.28'}, {'type': {'displayName': 'PassEndY', 'value': 141}, 'value': '97.5'}, {'type': {'displayName': 'Length', 'value': 212}, 'value': '18.4'}, {'type': {'displayName': 'PassEndX', 'value': 140}, 'value': '57.1'}]",True,,,,,
1903815,FirstHalf,16,13.0,16,Pass,Successful,256,Feyenoord,468119.0,Leo Sauer,57.1,97.5,54.3,89.4,,,,,"[{'type': {'displayName': 'Length', 'value': 212}, 'value': '6.2'}, {'type': {'displayName': 'Angle', 'value': 213}, 'value': '4.22'}, {'type': {'displayName': 'PassEndX', 'value': 140}, 'value': '54.3'}, {'type': {'displayName': 'PassEndY', 'value': 141}, 'value': '89.4'}, {'type': {'displayName': 'Zone', 'value': 56}, 'value': 'Left'}]",True,,,,,
1903815,FirstHalf,16,15.0,16,Pass,Successful,256,Feyenoord,400059.0,Gijs Smal,57.5,81.4,52.6,78.0,,,,,"[{'type': {'displayName': 'Angle', 'value': 213}, 'value': '3.56'}, {'type': {'displayName': 'Length', 'value': 212}, 'value': '5.6'}, {'type': {'displayName': 'Zone', 'value': 56}, 'value': 'Center'}, {'type': {'displayName': 'PassEndY', 'value': 141}, 'value': '78.0'}, {'type': {'displayName': 'PassEndX', 'value': 140}, 'value': '52.6'}]",True,,,,,
1903815,FirstHalf,16,17.0,16,Pass,Successful,256,Feyenoord,361794.0,Sem Steijn,51.1,74.6,44.1,36.2,,,,,"[{'type': {'displayName': 'Angle', 'value': 213}, 'value': '4.44'}, {'type': {'displayName': 'Zone', 'value': 56}, 'value': 'Back'}, {'type': {'displayName': 'Length', 'value': 212}, 'value': '27.1'}, {'type': {'displayName': 'PassEndX', 'value': 140}, 'value': '44.1'}, {'type': {'displayName': 'PassEndY', 'value': 141}, 'value': '36.2'}]",True,,,,,
1903815,FirstHalf,16,20.0,16,Pass,Successful,256,Feyenoord,326642.0,Anel Ahmedhodzic,45.1,33.0,55.1,13.3,,,,,"[{'type': {'displayName': 'Length', 'value': 212}, 'value': '17.0'}, {'type': {'displayName': 'Angle', 'value': 213}, 'value': '5.38'}, {'type': {'displayName': 'PassEndY', 'value': 141}, 'value': '13.3'}, {'type': {'displayName': 'PassEndX', 'value': 140}, 'value': '55.1'}, {'type': {'displayName': 'Zone', 'value': 56}, 'value': 'Right'}]",True,,,,,
1903815,FirstHalf,16,21.0,16,Pass,Successful,256,Feyenoord,297527.0,Bart Nieuwkoop,54.2,14.1,66.1,40.9,,,,,"[{'type': {'displayName': 'PassEndY', 'value': 141}, 'value': '40.9'}, {'type': {'displayName': 'Zone', 'value': 56}, 'value': 'Center'}, {'type': {'displayName': 'PassEndX', 'value': 140}, 'value': '66.1'}, {'type': {'displayName': 'Length', 'value': 212}, 'value': '22.1'}, {'type': {'displayName': 'Angle', 'value': 213}, 'value': '0.97'}]",True,,,,,
1903815,FirstHalf,16,23.0,16,Pass,Successful,256,Feyenoord,361794.0,Sem Steijn,66.1,41.7,71.7,28.3,,,,,"[{'type': {'displayName': 'PassEndY', 'value': 141}, 'value': '28.3'}, {'type': {'displayName': 'Angle', 'value': 213}, 'value': '5.29'}, {'type': {'displayName': 'Zone', 'value': 56}, 'value': 'Center'}, {'type': {'displayName': 'PassEndX', 'value': 140}, 'value': '71.7'}, {'type': {'displayName': 'Length', 'value': 212}, 'value': '10.8'}]",True,,,,,
1903815,FirstHalf,16,24.0,16,Pass,Unsuccessful,256,Feyenoord,415927.0,Luciano Valente,72.4,27.9,81.3,49.4,,,,,"[{'type': {'displayName': 'Angle', 'value': 213}, 'value': '1.00'}, {'type': {'displayName': 'Zone', 'value': 56}, 'value': 'Center'}, {'type': {'displayName': 'Length', 'value': 212}, 'value': '17.4'}, {'type': {'displayName': 'PassEndY', 'value': 141}, 'value': '49.4'}, {'type': {'displayName': 'PassEndX', 'value': 140}, 'value': '81.3'}]",True,,,,,
1903815,FirstHalf,16,25.0,16,Interception,Successful,116,NEC Nijmegen,321959.0,Philippe Sandler,18.7,50.6,,,,,,,"[{'type': {'displayName': 'Zone', 'value': 56}, 'value': 'Back'}]",True,,,,,
1903815,FirstHalf,16,29.0,16,CornerAwarded,Unsuccessful,116,NEC Nijmegen,321959.0,Philippe Sandler,6.3,78.8,,,,,,,"[{'type': {'displayName': 'Zone', 'value': 56}, 'value': 'Back'}, {'type': {'displayName': 'OppositeRelatedEvent', 'value': 233}, 'value': '164'}, {'type': {'displayName': 'MissLeft', 'value': 73}}]",False,,,,,
1903815,FirstHalf,16,29.0,16,CornerAwarded,Successful,256,Feyenoord,415927.0,Luciano Valente,93.7,21.2,,,,,,,"[{'type': {'displayName': 'OppositeRelatedEvent', 'value': 233}, 'value': '141'}, {'type': {'displayName': 'Zone', 'value': 56}, 'value': 'Center'}, {'type': {'displayName': 'MissRight', 'value': 75}}]",False,,,,,
1903815,FirstHalf,16,53.0,16,Pass,Unsuccessful,256,Feyenoord,515829.0,Anis Hadj Moussa,99.5,0.5,94.8,51.1,,,,,"[{'type': {'displayName': 'Zone', 'value': 56}, 'value': 'Center'}, {'type': {'displayName': 'Length', 'value': 212}, 'value': '34.8'}, {'type': {'displayName': 'PassEndX', 'value': 140}, 'value': '94.8'}, {'type': {'displayName': 'PassEndY', 'value': 141}, 'value': '51.1'}, {'type': {'displayName': 'CornerTaken', 'value': 6}}, {'type': {'displayName': 'Cross', 'value': 2}}, {'type': {'displayName': 'LeftFoot', 'value': 72}}, {'type': {'displayName': 'Longball', 'value': 1}}, {'type': {'displayName': 'Chipped', 'value': 155}}, {'type': {'displayName': 'Angle', 'value': 213}, 'value': '1.71'}]",True,,,,,
1903815,FirstHalf,16,57.0,16,Clearance,Successful,116,NEC Nijmegen,487049.0,Koki Ogawa,8.0,51.7,24.5,93.4,,,,,"[{'type': {'displayName': 'Length', 'value': 212}, 'value': '33.2'}, {'type': {'displayName': 'PassEndY', 'value': 141}, 'value': '93.4'}, {'type': {'displayName': 'Angle', 'value': 213}, 'value': '1.02'}, {'type': {'displayName': 'PassEndX', 'value': 140}, 'value': '24.5'}, {'type': {'displayName': 'Zone', 'value': 56}, 'value': 'Back'}, {'type': {'displayName': 'Head', 'value': 15}}]",True,,,,,
1903815,FirstHalf,17,2.0,17,TakeOn,Unsuccessful,256,Feyenoord,515829.0,Anis Hadj Moussa,76.9,4.8,,,,,,,"[{'type': {'displayName': 'Zone', 'value': 56}, 'value': 'Right'}, {'type': {'displayName': 'OppositeRelatedEvent', 'value': 233}, 'value': '143'}, {'type': {'displayName': 'Offensive', 'value': 286}}]",True,,,,,
1903815,FirstHalf,17,2.0,17,Tackle,Successful,116,NEC Nijmegen,532237.0,Basar Önal,23.1,95.2,,,,,,,"[{'type': {'displayName': 'Zone', 'value': 56}, 'value': 'Back'}, {'type': {'displayName': 'StandingSave', 'value': 178}}, {'type': {'displayName': 'OppositeRelatedEvent', 'value': 233}, 'value': '166'}, {'type': {'displayName': 'Defensive', 'value': 285}}]",True,,,,,
1903815,FirstHalf,17,3.0,17,BallRecovery,Successful,116,NEC Nijmegen,532237.0,Basar Önal,25.5,94.7,,,,,,,[],False,,,,,
1903815,FirstHalf,17,7.0,17,Pass,Successful,116,NEC Nijmegen,532237.0,Basar Önal,36.8,66.3,51.3,36.1,,,,,"[{'type': {'displayName': 'Length', 'value': 212}, 'value': '25.6'}, {'type': {'displayName': 'Zone', 'value': 56}, 'value': 'Center'}, {'type': {'displayName': 'Angle', 'value': 213}, 'value': '5.35'}, {'type': {'displayName': 'PassEndY', 'value': 141}, 'value': '36.1'}, {'type': {'displayName': 'PassEndX', 'value': 140}, 'value': '51.3'}]",True,,,,,
1903815,FirstHalf,17,12.0,17,Pass,Unsuccessful,116,NEC Nijmegen,515755.0,Sami Ouaissa,67.1,37.1,77.7,63.2,,,,,"[{'type': {'displayName': 'PassEndX', 'value': 140}, 'value': '77.7'}, {'type': {'displayName': 'Angle', 'value': 213}, 'value': '1.01'}, {'type': {'displayName': 'PassEndY', 'value': 141}, 'value': '63.2'}, {'type': {'displayName': 'Length', 'value': 212}, 'value': '20.9'}, {'type': {'displayName': 'Zone', 'value': 56}, 'value': 'Center'}]",True,,,,,
1903815,FirstHalf,17,14.0,17,Clearance,Successful,256,Feyenoord,515829.0,Anis Hadj Moussa,23.7,33.8,46.0,42.1,,,,,"[{'type': {'displayName': 'Angle', 'value': 213}, 'value': '0.24'}, {'type': {'displayName': 'PassEndX', 'value': 140}, 'value': '46.0'}, {'type': {'displayName': 'PassEndY', 'value': 141}, 'value': '42.1'}, {'type': {'displayName': 'Zone', 'value': 56}, 'value': 'Back'}, {'type': {'displayName': 'Length', 'value': 212}, 'value': '24.1'}]",True,,,,,
1903815,FirstHalf,17,16.0,17,Pass,Successful,116,NEC Nijmegen,400320.0,Ahmetcan Kaplan,55.4,58.4,56.2,40.1,,,,,"[{'type': {'displayName': 'PassEndX', 'value': 140}, 'value': '56.2'}, {'type': {'displayName': 'Zone', 'value': 56}, 'value': 'Center'}, {'type': {'displayName': 'Chipped', 'value': 155}}, {'type': {'displayName': 'Length', 'value': 212}, 'value': '12.5'}, {'type': {'displayName': 'Angle', 'value': 213}, 'value': '4.78'}, {'type': {'displayName': 'PassEndY', 'value': 141}, 'value': '40.1'}]",True,,,,,
1903815,FirstHalf,17,18.0,17,Pass,Successful,116,NEC Nijmegen,401739.0,Darko Nejasmic,56.2,39.9,46.5,46.7,,,,,"[{'type': {'displayName': 'Zone', 'value': 56}, 'value': 'Back'}, {'type': {'displayName': 'HeadPass', 'value': 3}}, {'type': {'displayName': 'PassEndX', 'value': 140}, 'value': '46.5'}, {'type': {'displayName': 'Length', 'value': 212}, 'value': '11.2'}, {'type': {'displayName': 'PassEndY', 'value': 141}, 'value': '46.7'}, {'type': {'displayName': 'Angle', 'value': 213}, 'value': '2.72'}]",True,,,,,
1903815,FirstHalf,17,21.0,17,Pass,Successful,116,NEC Nijmegen,321959.0,Philippe Sandler,45.6,42.4,54.8,28.2,,,,,"[{'type': {'displayName': 'PassEndY', 'value': 141}, 'value': '28.2'}, {'type': {'displayName': 'PassEndX', 'value': 140}, 'value': '54.8'}, {'type': {'displayName': 'Length', 'value': 212}, 'value': '13.7'}, {'type': {'displayName': 'Angle', 'value': 213}, 'value': '5.50'}, {'type': {'displayName': 'Zone', 'value': 56}, 'value': 'Center'}]",True,,,,,
1903815,FirstHalf,17,25.0,17,Pass,Successful,116,NEC Nijmegen,401739.0,Darko Nejasmic,56.7,30.2,47.5,42.6,,,,,"[{'type': {'displayName': 'Angle', 'value': 213}, 'value': '2.42'}, {'type': {'displayName': 'PassEndX', 'value': 140}, 'value': '47.5'}, {'type': {'displayName': 'Length', 'value': 212}, 'value': '12.8'}, {'type': {'displayName': 'PassEndY', 'value': 141}, 'value': '42.6'}, {'type': {'displayName': 'Zone', 'value': 56}, 'value': 'Back'}]",True,,,,,
1903815,FirstHalf,17,29.0,17,Pass,Successful,116,NEC Nijmegen,321959.0,Philippe Sandler,52.2,50.5,54.3,73.1,,,,,"[{'type': {'displayName': 'Zone', 'value': 56}, 'value': 'Center'}, {'type': {'displayName': 'PassEndX', 'value': 140}, 'value': '54.3'}, {'type': {'displayName': 'Length', 'value': 212}, 'value': '15.5'}, {'type': {'displayName': 'Angle', 'value': 213}, 'value': '1.43'}, {'type': {'displayName': 'PassEndY', 'value': 141}, 'value': '73.1'}]",True,,,,,
1903815,FirstHalf,17,32.0,17,Pass,Successful,116,NEC Nijmegen,400320.0,Ahmetcan Kaplan,54.3,76.7,64.1,76.4,,,,,"[{'type': {'displayName': 'PassEndX', 'value': 140}, 'value': '64.1'}, {'type': {'displayName': 'PassEndY', 'value': 141}, 'value': '76.4'}, {'type': {'displayName': 'Angle', 'value': 213}, 'value': '6.26'}, {'type': {'displayName': 'Zone', 'value': 56}, 'value': 'Center'}, {'type': {'displayName': 'Length', 'value': 212}, 'value': '10.3'}]",True,,,,,
1903815,FirstHalf,17,34.0,17,Pass,Unsuccessful,116,NEC Nijmegen,532237.0,Basar Önal,64.1,76.4,69.2,75.6,,,,,"[{'type': {'displayName': 'Angle', 'value': 213}, 'value': '6.18'}, {'type': {'displayName': 'PassEndY', 'value': 141}, 'value': '75.6'}, {'type': {'displayName': 'Length', 'value': 212}, 'value': '5.4'}, {'type': {'displayName': 'PassEndX', 'value': 140}, 'value': '69.2'}, {'type': {'displayName': 'Zone', 'value': 56}, 'value': 'Center'}]",True,,,,,
1903815,FirstHalf,17,36.0,17,BallRecovery,Successful,256,Feyenoord,326642.0,Anel Ahmedhodzic,32.8,32.6,,,,,,,[],False,,,,,
1903815,FirstHalf,17,36.0,17,Pass,Successful,256,Feyenoord,326642.0,Anel Ahmedhodzic,32.8,32.6,43.2,38.6,,,,,"[{'type': {'displayName': 'Zone', 'value': 56}, 'value': 'Back'}, {'type': {'displayName': 'Length', 'value': 212}, 'value': '11.7'}, {'type': {'displayName': 'PassEndY', 'value': 141}, 'value': '38.6'}, {'type': {'displayName': 'Angle', 'value': 213}, 'value': '0.36'}, {'type': {'displayName': 'PassEndX', 'value': 140}, 'value': '43.2'}]",True,,,,,
1903815,FirstHalf,17,37.0,17,Pass,Successful,256,Feyenoord,377288.0,Ayase Ueda,43.2,38.5,37.9,45.0,,,,,"[{'type': {'displayName': 'PassEndX', 'value': 140}, 'value': '37.9'}, {'type': {'displayName': 'Zone', 'value': 56}, 'value': 'Back'}, {'type': {'displayName': 'Angle', 'value': 213}, 'value': '2.47'}, {'type': {'displayName': 'PassEndY', 'value': 141}, 'value': '45.0'}, {'type': {'displayName': 'Length', 'value': 212}, 'value': '7.1'}]",True,,,,,
1903815,FirstHalf,17,38.0,17,Pass,Successful,256,Feyenoord,411078.0,Quinten Timber,37.9,45.1,57.5,85.8,,,,,"[{'type': {'displayName': 'Zone', 'value': 56}, 'value': 'Left'}, {'type': {'displayName': 'ShotAssist', 'value': 210}, 'value': '13'}, {'type': {'displayName': 'Length', 'value': 212}, 'value': '34.5'}, {'type': {'displayName': 'PassEndY', 'value': 141}, 'value': '85.8'}, {'type': {'displayName': 'PassEndX', 'value': 140}, 'value': '57.5'}, {'type': {'displayName': 'Longball', 'value': 1}}, {'type': {'displayName': 'Angle', 'value': 213}, 'value': '0.93'}, {'type': {'displayName': 'KeyPass', 'value': 11113}}]",True,,,,,
1903815,FirstHalf,17,45.0,17,MissedShots,Successful,256,Feyenoord,400059.0,Gijs Smal,87.5,69.3,,,57.6,56.9,,,"[{'type': {'displayName': 'GoalMouthY', 'value': 102}, 'value': '57.6'}, {'type': {'displayName': 'Assisted', 'value': 29}}, {'type': {'displayName': 'LeftFoot', 'value': 72}}, {'type': {'displayName': 'RelatedEventId', 'value': 55}, 'value': '171'}, {'type': {'displayName': 'BoxLeft', 'value': 64}}, {'type': {'displayName': 'Zone', 'value': 56}, 'value': 'Center'}, {'type': {'displayName': 'GoalMouthZ', 'value': 103}, 'value': '56.9'}, {'type': {'displayName': 'FastBreak', 'value': 23}}]",True,True,,,171.0,411078.0
1903815,FirstHalf,19,19.0,19,Pass,Successful,116,NEC Nijmegen,448283.0,Gonzalo Crettaz,4.8,51.8,29.8,49.8,,,,,"[{'type': {'displayName': 'GoalKick', 'value': 124}}, {'type': {'displayName': 'PassEndX', 'value': 140}, 'value': '29.8'}, {'type': {'displayName': 'Zone', 'value': 56}, 'value': 'Back'}, {'type': {'displayName': 'Angle', 'value': 213}, 'value': '6.23'}, {'type': {'displayName': 'PassEndY', 'value': 141}, 'value': '49.8'}, {'type': {'displayName': 'Length', 'value': 212}, 'value': '26.3'}]",True,,,,,
1903815,FirstHalf,19,24.0,19,Pass,Successful,116,NEC Nijmegen,321959.0,Philippe Sandler,38.8,53.8,40.3,69.6,,,,,"[{'type': {'displayName': 'Angle', 'value': 213}, 'value': '1.43'}, {'type': {'displayName': 'Length', 'value': 212}, 'value': '10.9'}, {'type': {'displayName': 'Zone', 'value': 56}, 'value': 'Back'}, {'type': {'displayName': 'PassEndY', 'value': 141}, 'value': '69.6'}, {'type': {'displayName': 'PassEndX', 'value': 140}, 'value': '40.3'}]",True,,,,,
1903815,FirstHalf,19,29.0,19,Pass,Successful,116,NEC Nijmegen,400320.0,Ahmetcan Kaplan,45.1,74.1,37.4,57.1,,,,,"[{'type': {'displayName': 'PassEndY', 'value': 141}, 'value': '57.1'}, {'type': {'displayName': 'Length', 'value': 212}, 'value': '14.1'}, {'type': {'displayName': 'Angle', 'value': 213}, 'value': '4.10'}, {'type': {'displayName': 'Zone', 'value': 56}, 'value': 'Back'}, {'type': {'displayName': 'PassEndX', 'value': 140}, 'value': '37.4'}]",True,,,,,
1903815,FirstHalf,19,33.0,19,Pass,Successful,116,NEC Nijmegen,321959.0,Philippe Sandler,30.7,56.6,12.6,57.8,,,,,"[{'type': {'displayName': 'Length', 'value': 212}, 'value': '19.0'}, {'type': {'displayName': 'PassEndY', 'value': 141}, 'value': '57.8'}, {'type': {'displayName': 'PassEndX', 'value': 140}, 'value': '12.6'}, {'type': {'displayName': 'Angle', 'value': 213}, 'value': '3.10'}, {'type': {'displayName': 'Zone', 'value': 56}, 'value': 'Back'}]",True,,,,,
1903815,FirstHalf,19,36.0,19,Pass,Successful,116,NEC Nijmegen,448283.0,Gonzalo Crettaz,13.8,47.5,62.7,68.8,,,,,"[{'type': {'displayName': 'PassEndX', 'value': 140}, 'value': '62.7'}, {'type': {'displayName': 'PassEndY', 'value': 141}, 'value': '68.8'}, {'type': {'displayName': 'Zone', 'value': 56}, 'value': 'Center'}, {'type': {'displayName': 'Length', 'value': 212}, 'value': '53.3'}, {'type': {'displayName': 'Longball', 'value': 1}}, {'type': {'displayName': 'Angle', 'value': 213}, 'value': '0.27'}]",True,,,,,
1903815,FirstHalf,19,40.0,19,BallTouch,Successful,116,NEC Nijmegen,532237.0,Basar Önal,62.8,69.1,,,,,,,"[{'type': {'displayName': 'Zone', 'value': 56}, 'value': 'Center'}]",True,,,,,
1903815,FirstHalf,19,41.0,19,Pass,Unsuccessful,116,NEC Nijmegen,497708.0,Kodai Sano,52.0,71.8,62.0,74.3,,,,,"[{'type': {'displayName': 'Angle', 'value': 213}, 'value': '0.16'}, {'type': {'displayName': 'PassEndX', 'value': 140}, 'value': '62.0'}, {'type': {'displayName': 'Zone', 'value': 56}, 'value': 'Center'}, {'type': {'displayName': 'Chipped', 'value': 155}}, {'type': {'displayName': 'PassEndY', 'value': 141}, 'value': '74.3'}, {'type': {'displayName': 'Length', 'value': 212}, 'value': '10.6'}]",True,,,,,
1903815,FirstHalf,19,43.0,19,Interception,Successful,256,Feyenoord,297527.0,Bart Nieuwkoop,38.0,25.7,,,,,,,"[{'type': {'displayName': 'Zone', 'value': 56}, 'value': 'Back'}, {'type': {'displayName': 'Head', 'value': 15}}]",True,,,,,
1903815,FirstHalf,19,51.0,19,Pass,Successful,116,NEC Nijmegen,400320.0,Ahmetcan Kaplan,40.4,96.4,34.7,80.2,,,,,"[{'type': {'displayName': 'Zone', 'value': 56}, 'value': 'Back'}, {'type': {'displayName': 'Angle', 'value': 213}, 'value': '4.21'}, {'type': {'displayName': 'PassEndY', 'value': 141}, 'value': '80.2'}, {'type': {'displayName': 'Length', 'value': 212}, 'value': '12.5'}, {'type': {'displayName': 'PassEndX', 'value': 140}, 'value': '34.7'}]",True,,,,,
1903815,FirstHalf,19,55.0,19,Pass,Successful,116,NEC Nijmegen,321959.0,Philippe Sandler,33.6,67.3,10.0,50.3,,,,,"[{'type': {'displayName': 'PassEndY', 'value': 141}, 'value': '50.3'}, {'type': {'displayName': 'Angle', 'value': 213}, 'value': '3.58'}, {'type': {'displayName': 'Length', 'value': 212}, 'value': '27.3'}, {'type': {'displayName': 'PassEndX', 'value': 140}, 'value': '10.0'}, {'type': {'displayName': 'Zone', 'value': 56}, 'value': 'Back'}]",True,,,,,
1903815,FirstHalf,20,2.0,20,Pass,Successful,116,NEC Nijmegen,448283.0,Gonzalo Crettaz,13.5,55.9,16.1,73.4,,,,,"[{'type': {'displayName': 'Angle', 'value': 213}, 'value': '1.35'}, {'type': {'displayName': 'Length', 'value': 212}, 'value': '12.2'}, {'type': {'displayName': 'PassEndX', 'value': 140}, 'value': '16.1'}, {'type': {'displayName': 'Zone', 'value': 56}, 'value': 'Back'}, {'type': {'displayName': 'PassEndY', 'value': 141}, 'value': '73.4'}]",True,,,,,
1903815,FirstHalf,20,11.0,20,Pass,Successful,116,NEC Nijmegen,400320.0,Ahmetcan Kaplan,29.3,69.6,23.9,55.6,,,,,"[{'type': {'displayName': 'Zone', 'value': 56}, 'value': 'Back'}, {'type': {'displayName': 'Angle', 'value': 213}, 'value': '4.18'}, {'type': {'displayName': 'Length', 'value': 212}, 'value': '11.1'}, {'type': {'displayName': 'PassEndX', 'value': 140}, 'value': '23.9'}, {'type': {'displayName': 'PassEndY', 'value': 141}, 'value': '55.6'}]",True,,,,,
1903815,FirstHalf,20,14.0,20,Pass,Successful,116,NEC Nijmegen,321959.0,Philippe Sandler,24.3,60.7,27.0,75.6,,,,,"[{'type': {'displayName': 'Angle', 'value': 213}, 'value': '1.30'}, {'type': {'displayName': 'PassEndX', 'value': 140}, 'value': '27.0'}, {'type': {'displayName': 'PassEndY', 'value': 141}, 'value': '75.6'}, {'type': {'displayName': 'Length', 'value': 212}, 'value': '10.5'}, {'type': {'displayName': 'Zone', 'value': 56}, 'value': 'Back'}]",True,,,,,
1903815,FirstHalf,20,19.0,20,Pass,Successful,116,NEC Nijmegen,400320.0,Ahmetcan Kaplan,25.8,68.5,7.0,52.6,,,,,"[{'type': {'displayName': 'Angle', 'value': 213}, 'value': '3.64'}, {'type': {'displayName': 'PassEndY', 'value': 141}, 'value': '52.6'}, {'type': {'displayName': 'Zone', 'value': 56}, 'value': 'Back'}, {'type': {'displayName': 'Length', 'value': 212}, 'value': '22.5'}, {'type': {'displayName': 'PassEndX', 'value': 140}, 'value': '7.0'}]",True,,,,,
1903815,FirstHalf,20,23.0,20,Pass,Unsuccessful,116,NEC Nijmegen,448283.0,Gonzalo Crettaz,6.9,48.0,42.1,0.0,,,,,"[{'type': {'displayName': 'Longball', 'value': 1}}, {'type': {'displayName': 'Zone', 'value': 56}, 'value': 'Back'}, {'type': {'displayName': 'Angle', 'value': 213}, 'value': '5.54'}, {'type': {'displayName': 'PassEndY', 'value': 141}, 'value': '0.0'}, {'type': {'displayName': 'Length', 'value': 212}, 'value': '50.2'}, {'type': {'displayName': 'PassEndX', 'value': 140}, 'value': '42.1'}]",True,,,,,
1903815,FirstHalf,20,30.0,20,Pass,Successful,256,Feyenoord,400059.0,Gijs Smal,63.1,100.0,43.0,95.6,,,,,"[{'type': {'displayName': 'PassEndX', 'value': 140}, 'value': '43.0'}, {'type': {'displayName': 'Length', 'value': 212}, 'value': '21.5'}, {'type': {'displayName': 'PassEndY', 'value': 141}, 'value': '95.6'}, {'type': {'displayName': 'ThrowIn', 'value': 107}}, {'type': {'displayName': 'Longball', 'value': 1}}, {'type': {'displayName': 'Zone', 'value': 56}, 'value': 'Back'}, {'type': {'displayName': 'Angle', 'value': 213}, 'value': '3.33'}]",True,,,,,
1903815,FirstHalf,20,34.0,20,Pass,Successful,256,Feyenoord,431258.0,Tsuyoshi Watanabe,46.5,89.4,53.3,95.2,,,,,"[{'type': {'displayName': 'Angle', 'value': 213}, 'value': '0.50'}, {'type': {'displayName': 'Zone', 'value': 56}, 'value': 'Left'}, {'type': {'displayName': 'PassEndY', 'value': 141}, 'value': '95.2'}, {'type': {'displayName': 'Length', 'value': 212}, 'value': '8.2'}, {'type': {'displayName': 'PassEndX', 'value': 140}, 'value': '53.3'}]",True,,,,,
1903815,FirstHalf,20,38.0,20,Pass,Successful,256,Feyenoord,400059.0,Gijs Smal,53.2,90.8,54.6,82.4,,,,,"[{'type': {'displayName': 'PassEndY', 'value': 141}, 'value': '82.4'}, {'type': {'displayName': 'Length', 'value': 212}, 'value': '5.9'}, {'type': {'displayName': 'Zone', 'value': 56}, 'value': 'Left'}, {'type': {'displayName': 'PassEndX', 'value': 140}, 'value': '54.6'}, {'type': {'displayName': 'Angle', 'value': 213}, 'value': '4.96'}]",True,,,,,
1903815,FirstHalf,20,39.0,20,Pass,Successful,256,Feyenoord,415927.0,Luciano Valente,54.6,82.4,47.1,89.7,,,,,"[{'type': {'displayName': 'PassEndX', 'value': 140}, 'value': '47.1'}, {'type': {'displayName': 'LayOff', 'value': 156}}, {'type': {'displayName': 'Zone', 'value': 56}, 'value': 'Back'}, {'type': {'displayName': 'Length', 'value': 212}, 'value': '9.3'}, {'type': {'displayName': 'PassEndY', 'value': 141}, 'value': '89.7'}, {'type': {'displayName': 'Angle', 'value': 213}, 'value': '2.58'}]",True,,,,,
1903815,FirstHalf,20,40.0,20,Pass,Successful,256,Feyenoord,400059.0,Gijs Smal,47.1,89.7,33.5,76.8,,,,,"[{'type': {'displayName': 'Angle', 'value': 213}, 'value': '3.69'}, {'type': {'displayName': 'PassEndX', 'value': 140}, 'value': '33.5'}, {'type': {'displayName': 'PassEndY', 'value': 141}, 'value': '76.8'}, {'type': {'displayName': 'Length', 'value': 212}, 'value': '16.8'}, {'type': {'displayName': 'Zone', 'value': 56}, 'value': 'Back'}]",True,,,,,
1903815,FirstHalf,20,42.0,20,Pass,Successful,256,Feyenoord,431258.0,Tsuyoshi Watanabe,31.7,73.0,34.0,20.4,,,,,"[{'type': {'displayName': 'Length', 'value': 212}, 'value': '35.8'}, {'type': {'displayName': 'PassEndY', 'value': 141}, 'value': '20.4'}, {'type': {'displayName': 'Angle', 'value': 213}, 'value': '4.78'}, {'type': {'displayName': 'Longball', 'value': 1}}, {'type': {'displayName': 'Zone', 'value': 56}, 'value': 'Back'}, {'type': {'displayName': 'PassEndX', 'value': 140}, 'value': '34.0'}]",True,,,,,
1903815,FirstHalf,20,45.0,20,Pass,Successful,256,Feyenoord,326642.0,Anel Ahmedhodzic,33.9,19.1,59.7,3.8,,,,,"[{'type': {'displayName': 'Zone', 'value': 56}, 'value': 'Right'}, {'type': {'displayName': 'PassEndX', 'value': 140}, 'value': '59.7'}, {'type': {'displayName': 'Angle', 'value': 213}, 'value': '5.92'}, {'type': {'displayName': 'PassEndY', 'value': 141}, 'value': '3.8'}, {'type': {'displayName': 'Length', 'value': 212}, 'value': '29.0'}]",True,,,,,
1903815,FirstHalf,20,47.0,20,Pass,Successful,256,Feyenoord,515829.0,Anis Hadj Moussa,59.7,3.8,55.1,13.9,,,,,"[{'type': {'displayName': 'Zone', 'value': 56}, 'value': 'Right'}, {'type': {'displayName': 'PassEndX', 'value': 140}, 'value': '55.1'}, {'type': {'displayName': 'Length', 'value': 212}, 'value': '8.4'}, {'type': {'displayName': 'Angle', 'value': 213}, 'value': '2.18'}, {'type': {'displayName': 'PassEndY', 'value': 141}, 'value': '13.9'}]",True,,,,,
1903815,FirstHalf,20,49.0,20,TakeOn,Unsuccessful,256,Feyenoord,297527.0,Bart Nieuwkoop,56.6,14.2,,,,,,,"[{'type': {'displayName': 'Zone', 'value': 56}, 'value': 'Right'}, {'type': {'displayName': 'Offensive', 'value': 286}}, {'type': {'displayName': 'OppositeRelatedEvent', 'value': 233}, 'value': '172'}]",True,,,,,
1903815,FirstHalf,20,49.0,20,Tackle,Successful,116,NEC Nijmegen,401739.0,Darko Nejasmic,43.4,85.8,,,,,,,"[{'type': {'displayName': 'StandingSave', 'value': 178}}, {'type': {'displayName': 'OppositeRelatedEvent', 'value': 233}, 'value': '186'}, {'type': {'displayName': 'Defensive', 'value': 285}}, {'type': {'displayName': 'Zone', 'value': 56}, 'value': 'Back'}]",True,,,,,
1903815,FirstHalf,20,50.0,20,BallRecovery,Successful,116,NEC Nijmegen,401739.0,Darko Nejasmic,41.1,88.1,,,,,,,[],False,,,,,
1903815,FirstHalf,20,51.0,20,Pass,Successful,116,NEC Nijmegen,401739.0,Darko Nejasmic,41.4,94.9,53.3,95.2,,,,,"[{'type': {'displayName': 'Zone', 'value': 56}, 'value': 'Left'}, {'type': {'displayName': 'Length', 'value': 212}, 'value': '12.5'}, {'type': {'displayName': 'Angle', 'value': 213}, 'value': '0.02'}, {'type': {'displayName': 'PassEndY', 'value': 141}, 'value': '95.2'}, {'type': {'displayName': 'PassEndX', 'value': 140}, 'value': '53.3'}]",True,,,,,
1903815,FirstHalf,20,56.0,20,Pass,Successful,116,NEC Nijmegen,43004.0,Bryan Linssen,66.7,92.0,70.1,76.1,,,,,"[{'type': {'displayName': 'Angle', 'value': 213}, 'value': '5.03'}, {'type': {'displayName': 'Length', 'value': 212}, 'value': '11.4'}, {'type': {'displayName': 'PassEndY', 'value': 141}, 'value': '76.1'}, {'type': {'displayName': 'PassEndX', 'value': 140}, 'value': '70.1'}, {'type': {'displayName': 'Zone', 'value': 56}, 'value': 'Center'}]",True,,,,,
1903815,FirstHalf,20,57.0,20,Pass,Unsuccessful,116,NEC Nijmegen,497708.0,Kodai Sano,80.0,77.6,84.5,66.0,,,,,"[{'type': {'displayName': 'Zone', 'value': 56}, 'value': 'Center'}, {'type': {'displayName': 'PassEndX', 'value': 140}, 'value': '84.5'}, {'type': {'displayName': 'PassEndY', 'value': 141}, 'value': '66.0'}, {'type': {'displayName': 'Length', 'value': 212}, 'value': '9.2'}, {'type': {'displayName': 'Angle', 'value': 213}, 'value': '5.25'}]",True,,,,,
1903815,FirstHalf,21,0.0,21,BallTouch,Successful,256,Feyenoord,431258.0,Tsuyoshi Watanabe,14.4,37.3,,,,,,,"[{'type': {'displayName': 'Zone', 'value': 56}, 'value': 'Back'}]",True,,,,,
1903815,FirstHalf,21,2.0,21,BallRecovery,Successful,256,Feyenoord,415927.0,Luciano Valente,11.5,41.7,,,,,,,[],False,,,,,
1903815,FirstHalf,21,3.0,21,Pass,Successful,256,Feyenoord,415927.0,Luciano Valente,11.5,41.7,21.6,20.4,,,,,"[{'type': {'displayName': 'Zone', 'value': 56}, 'value': 'Back'}, {'type': {'displayName': 'Length', 'value': 212}, 'value': '18.0'}, {'type': {'displayName': 'PassEndX', 'value': 140}, 'value': '21.6'}, {'type': {'displayName': 'PassEndY', 'value': 141}, 'value': '20.4'}, {'type': {'displayName': 'Angle', 'value': 213}, 'value': '5.34'}]",True,,,,,
1903815,FirstHalf,21,7.0,21,Foul,Successful,256,Feyenoord,297527.0,Bart Nieuwkoop,23.6,13.2,,,,,,,"[{'type': {'displayName': 'Defensive', 'value': 285}}, {'type': {'displayName': 'OppositeRelatedEvent', 'value': 233}, 'value': '179'}, {'type': {'displayName': 'Zone', 'value': 56}, 'value': 'Back'}, {'type': {'displayName': 'Foul', 'value': 13}}]",True,,,,,
1903815,FirstHalf,21,7.0,21,Foul,Unsuccessful,116,NEC Nijmegen,43004.0,Bryan Linssen,76.4,86.8,,,,,,,"[{'type': {'displayName': 'OppositeRelatedEvent', 'value': 233}, 'value': '190'}, {'type': {'displayName': 'Offensive', 'value': 286}}, {'type': {'displayName': 'Zone', 'value': 56}, 'value': 'Left'}, {'type': {'displayName': 'Foul', 'value': 13}}]",False,,,,,
1903815,FirstHalf,21,34.0,21,Pass,Successful,256,Feyenoord,326642.0,Anel Ahmedhodzic,30.1,13.8,27.3,43.5,,,,,"[{'type': {'displayName': 'PassEndY', 'value': 141}, 'value': '43.5'}, {'type': {'displayName': 'Angle', 'value': 213}, 'value': '1.72'}, {'type': {'displayName': 'Length', 'value': 212}, 'value': '20.4'}, {'type': {'displayName': 'PassEndX', 'value': 140}, 'value': '27.3'}, {'type': {'displayName': 'FreekickTaken', 'value': 5}}, {'type': {'displayName': 'Zone', 'value': 56}, 'value': 'Back'}]",True,,,,,
1903815,FirstHalf,21,41.0,21,Pass,Successful,256,Feyenoord,121821.0,Timon Wellenreuther,29.8,52.1,34.0,82.1,,,,,"[{'type': {'displayName': 'Zone', 'value': 56}, 'value': 'Back'}, {'type': {'displayName': 'PassEndX', 'value': 140}, 'value': '34.0'}, {'type': {'displayName': 'PassEndY', 'value': 141}, 'value': '82.1'}, {'type': {'displayName': 'Angle', 'value': 213}, 'value': '1.36'}, {'type': {'displayName': 'Length', 'value': 212}, 'value': '20.9'}]",True,,,,,
1903815,FirstHalf,21,43.0,21,Pass,Successful,256,Feyenoord,431258.0,Tsuyoshi Watanabe,34.1,83.0,54.2,64.6,,,,,"[{'type': {'displayName': 'Angle', 'value': 213}, 'value': '5.75'}, {'type': {'displayName': 'Length', 'value': 212}, 'value': '24.5'}, {'type': {'displayName': 'PassEndY', 'value': 141}, 'value': '64.6'}, {'type': {'displayName': 'PassEndX', 'value': 140}, 'value': '54.2'}, {'type': {'displayName': 'Zone', 'value': 56}, 'value': 'Center'}]",True,,,,,
1903815,FirstHalf,21,47.0,21,Pass,Successful,256,Feyenoord,377288.0,Ayase Ueda,53.2,55.5,52.2,48.2,,,,,"[{'type': {'displayName': 'PassEndX', 'value': 140}, 'value': '52.2'}, {'type': {'displayName': 'Zone', 'value': 56}, 'value': 'Center'}, {'type': {'displayName': 'PassEndY', 'value': 141}, 'value': '48.2'}, {'type': {'displayName': 'Angle', 'value': 213}, 'value': '4.50'}, {'type': {'displayName': 'Length', 'value': 212}, 'value': '5.1'}]",True,,,,,
1903815,FirstHalf,21,48.0,21,Pass,Successful,256,Feyenoord,415927.0,Luciano Valente,52.2,48.2,68.8,86.1,,,,,"[{'type': {'displayName': 'PassEndX', 'value': 140}, 'value': '68.8'}, {'type': {'displayName': 'Angle', 'value': 213}, 'value': '0.98'}, {'type': {'displayName': 'Zone', 'value': 56}, 'value': 'Left'}, {'type': {'displayName': 'PassEndY', 'value': 141}, 'value': '86.1'}, {'type': {'displayName': 'ShotAssist', 'value': 210}, 'value': '15'}, {'type': {'displayName': 'Length', 'value': 212}, 'value': '31.1'}, {'type': {'displayName': 'KeyPass', 'value': 11113}}]",True,,,,,
1903815,FirstHalf,21,55.0,21,SavedShot,Successful,256,Feyenoord,468119.0,Leo Sauer,86.2,65.2,,,48.5,3.2,99.1,51.6,"[{'type': {'displayName': 'Zone', 'value': 56}, 'value': 'Center'}, {'type': {'displayName': 'RightFoot', 'value': 20}}, {'type': {'displayName': 'BoxLeft', 'value': 64}}, {'type': {'displayName': 'LowCentre', 'value': 78}}, {'type': {'displayName': 'BlockedY', 'value': 147}, 'value': '51.6'}, {'type': {'displayName': 'BlockedX', 'value': 146}, 'value': '99.1'}, {'type': {'displayName': 'IndividualPlay', 'value': 215}}, {'type': {'displayName': 'OppositeRelatedEvent', 'value': 233}, 'value': '180'}, {'type': {'displayName': 'RelatedEventId', 'value': 55}, 'value': '195'}, {'type': {'displayName': 'GoalMouthZ', 'value': 103}, 'value': '3.2'}, {'type': {'displayName': 'Assisted', 'value': 29}}, {'type': {'displayName': 'GoalMouthY', 'value': 102}, 'value': '48.5'}, {'type': {'displayName': 'RegularPlay', 'value': 22}}]",True,True,,,195.0,415927.0
1903815,FirstHalf,21,55.0,21,Save,Successful,116,NEC Nijmegen,448283.0,Gonzalo Crettaz,1.9,48.8,,,,,,,"[{'type': {'displayName': 'OppositeRelatedEvent', 'value': 233}, 'value': '196'}, {'type': {'displayName': 'DivingSave', 'value': 179}}, {'type': {'displayName': 'Collected', 'value': 177}}, {'type': {'displayName': 'Zone', 'value': 56}, 'value': 'Back'}, {'type': {'displayName': 'Hands', 'value': 182}}, {'type': {'displayName': 'KeeperSaveInTheBox', 'value': 11115}}]",True,,,,,
1903815,FirstHalf,22,0.0,22,KeeperPickup,Successful,116,NEC Nijmegen,448283.0,Gonzalo Crettaz,7.1,56.4,,,,,,,[],False,,,,,
1903815,FirstHalf,22,8.0,22,Pass,Unsuccessful,116,NEC Nijmegen,448283.0,Gonzalo Crettaz,6.6,55.1,12.3,37.3,,,,,"[{'type': {'displayName': 'PassEndX', 'value': 140}, 'value': '12.3'}, {'type': {'displayName': 'Length', 'value': 212}, 'value': '13.5'}, {'type': {'displayName': 'PassEndY', 'value': 141}, 'value': '37.3'}, {'type': {'displayName': 'Angle', 'value': 213}, 'value': '5.17'}, {'type': {'displayName': 'Zone', 'value': 56}, 'value': 'Back'}, {'type': {'displayName': 'KeeperThrow', 'value': 123}}]",True,,,,,
1903815,FirstHalf,22,9.0,22,Pass,Successful,116,NEC Nijmegen,321959.0,Philippe Sandler,12.2,32.8,6.4,48.2,,,,,"[{'type': {'displayName': 'Length', 'value': 212}, 'value': '12.1'}, {'type': {'displayName': 'Angle', 'value': 213}, 'value': '2.10'}, {'type': {'displayName': 'Zone', 'value': 56}, 'value': 'Back'}, {'type': {'displayName': 'PassEndY', 'value': 141}, 'value': '48.2'}, {'type': {'displayName': 'PassEndX', 'value': 140}, 'value': '6.4'}]",True,,,,,
1903815,FirstHalf,22,15.0,22,Pass,Unsuccessful,116,NEC Nijmegen,448283.0,Gonzalo Crettaz,6.8,57.3,32.8,79.7,,,,,"[{'type': {'displayName': 'Zone', 'value': 56}, 'value': 'Back'}, {'type': {'displayName': 'Angle', 'value': 213}, 'value': '0.51'}, {'type': {'displayName': 'Length', 'value': 212}, 'value': '31.3'}, {'type': {'displayName': 'Chipped', 'value': 155}}, {'type': {'displayName': 'PassEndX', 'value': 140}, 'value': '32.8'}, {'type': {'displayName': 'PassEndY', 'value': 141}, 'value': '79.7'}]",True,,,,,
1903815,FirstHalf,22,16.0,22,Aerial,Successful,256,Feyenoord,297527.0,Bart Nieuwkoop,67.2,20.3,,,,,,,"[{'type': {'displayName': 'OppositeRelatedEvent', 'value': 233}, 'value': '184'}, {'type': {'displayName': 'Offensive', 'value': 286}}, {'type': {'displayName': 'Zone', 'value': 56}, 'value': 'Right'}]",False,,,,,
1903815,FirstHalf,22,16.0,22,Aerial,Unsuccessful,116,NEC Nijmegen,43004.0,Bryan Linssen,32.8,79.7,,,,,,,"[{'type': {'displayName': 'Defensive', 'value': 285}}, {'type': {'displayName': 'Zone', 'value': 56}, 'value': 'Back'}, {'type': {'displayName': 'OppositeRelatedEvent', 'value': 233}, 'value': '197'}]",False,,,,,
1903815,FirstHalf,22,16.0,22,Pass,Unsuccessful,256,Feyenoord,297527.0,Bart Nieuwkoop,67.2,20.3,75.3,22.6,,,,,"[{'type': {'displayName': 'Length', 'value': 212}, 'value': '8.6'}, {'type': {'displayName': 'PassEndY', 'value': 141}, 'value': '22.6'}, {'type': {'displayName': 'Angle', 'value': 213}, 'value': '0.18'}, {'type': {'displayName': 'PassEndX', 'value': 140}, 'value': '75.3'}, {'type': {'displayName': 'Zone', 'value': 56}, 'value': 'Center'}, {'type': {'displayName': 'HeadPass', 'value': 3}}]",True,,,,,
1903815,FirstHalf,22,17.0,22,Dispossessed,Successful,256,Feyenoord,515829.0,Anis Hadj Moussa,74.5,23.8,,,,,,,"[{'type': {'displayName': 'Offensive', 'value': 286}}, {'type': {'displayName': 'OppositeRelatedEvent', 'value': 233}, 'value': '185'}, {'type': {'displayName': 'Zone', 'value': 56}, 'value': 'Center'}]",True,,,,,
1903815,FirstHalf,22,17.0,22,Tackle,Successful,116,NEC Nijmegen,400320.0,Ahmetcan Kaplan,25.5,76.2,,,,,,,"[{'type': {'displayName': 'OppositeRelatedEvent', 'value': 233}, 'value': '199'}, {'type': {'displayName': 'Defensive', 'value': 285}}, {'type': {'displayName': 'StandingSave', 'value': 178}}, {'type': {'displayName': 'Zone', 'value': 56}, 'value': 'Back'}]",True,,,,,
1903815,FirstHalf,22,20.0,22,TakeOn,Successful,116,NEC Nijmegen,400320.0,Ahmetcan Kaplan,28.5,70.4,,,,,,,"[{'type': {'displayName': 'Defensive', 'value': 285}}, {'type': {'displayName': 'Zone', 'value': 56}, 'value': 'Back'}, {'type': {'displayName': 'OppositeRelatedEvent', 'value': 233}, 'value': '200'}]",True,,,,,
1903815,FirstHalf,22,20.0,22,Challenge,Unsuccessful,256,Feyenoord,415927.0,Luciano Valente,71.5,29.6,,,,,,,"[{'type': {'displayName': 'Offensive', 'value': 286}}, {'type': {'displayName': 'OppositeRelatedEvent', 'value': 233}, 'value': '187'}, {'type': {'displayName': 'Zone', 'value': 56}, 'value': 'Center'}]",False,,,,,
1903815,FirstHalf,22,22.0,22,Pass,Successful,116,NEC Nijmegen,400320.0,Ahmetcan Kaplan,30.4,60.7,29.1,46.2,,,,,"[{'type': {'displayName': 'PassEndX', 'value': 140}, 'value': '29.1'}, {'type': {'displayName': 'Length', 'value': 212}, 'value': '10.0'}, {'type': {'displayName': 'PassEndY', 'value': 141}, 'value': '46.2'}, {'type': {'displayName': 'Angle', 'value': 213}, 'value': '4.57'}, {'type': {'displayName': 'Zone', 'value': 56}, 'value': 'Back'}]",True,,,,,
1903815,FirstHalf,22,24.0,22,Pass,Successful,116,NEC Nijmegen,401739.0,Darko Nejasmic,31.4,42.1,45.0,10.2,,,,,"[{'type': {'displayName': 'PassEndX', 'value': 140}, 'value': '45.0'}, {'type': {'displayName': 'Angle', 'value': 213}, 'value': '5.29'}, {'type': {'displayName': 'Zone', 'value': 56}, 'value': 'Back'}, {'type': {'displayName': 'Length', 'value': 212}, 'value': '26.0'}, {'type': {'displayName': 'PassEndY', 'value': 141}, 'value': '10.2'}]",True,,,,,
1903815,FirstHalf,22,29.0,22,Pass,Successful,116,NEC Nijmegen,37502.0,Tjaronn Chery,44.4,19.6,37.2,23.3,,,,,"[{'type': {'displayName': 'Length', 'value': 212}, 'value': '8.0'}, {'type': {'displayName': 'PassEndY', 'value': 141}, 'value': '23.3'}, {'type': {'displayName': 'Angle', 'value': 213}, 'value': '2.82'}, {'type': {'displayName': 'PassEndX', 'value': 140}, 'value': '37.2'}, {'type': {'displayName': 'Zone', 'value': 56}, 'value': 'Back'}]",True,,,,,
1903815,FirstHalf,22,32.0,22,Pass,Unsuccessful,116,NEC Nijmegen,401739.0,Darko Nejasmic,40.3,24.9,63.3,40.4,,,,,"[{'type': {'displayName': 'Zone', 'value': 56}, 'value': 'Center'}, {'type': {'displayName': 'Length', 'value': 212}, 'value': '26.3'}, {'type': {'displayName': 'PassEndY', 'value': 141}, 'value': '40.4'}, {'type': {'displayName': 'PassEndX', 'value': 140}, 'value': '63.3'}, {'type': {'displayName': 'Angle', 'value': 213}, 'value': '0.41'}]",True,,,,,
1903815,FirstHalf,22,36.0,22,Interception,Successful,256,Feyenoord,415927.0,Luciano Valente,36.7,59.6,,,,,,,"[{'type': {'displayName': 'Zone', 'value': 56}, 'value': 'Back'}]",True,,,,,
1903815,FirstHalf,22,53.0,22,Pass,Successful,116,NEC Nijmegen,130917.0,Eli Dasa,45.1,0.0,30.7,10.9,,,,,"[{'type': {'displayName': 'ThrowIn', 'value': 107}}, {'type': {'displayName': 'Zone', 'value': 56}, 'value': 'Back'}, {'type': {'displayName': 'PassEndY', 'value': 141}, 'value': '10.9'}, {'type': {'displayName': 'Length', 'value': 212}, 'value': '17.5'}, {'type': {'displayName': 'Angle', 'value': 213}, 'value': '2.62'}, {'type': {'displayName': 'PassEndX', 'value': 140}, 'value': '30.7'}]",True,,,,,
1903815,FirstHalf,22,58.0,22,Pass,Successful,116,NEC Nijmegen,321959.0,Philippe Sandler,31.6,26.9,13.5,50.5,,,,,"[{'type': {'displayName': 'PassEndX', 'value': 140}, 'value': '13.5'}, {'type': {'displayName': 'Angle', 'value': 213}, 'value': '2.44'}, {'type': {'displayName': 'Zone', 'value': 56}, 'value': 'Back'}, {'type': {'displayName': 'Length', 'value': 212}, 'value': '24.9'}, {'type': {'displayName': 'PassEndY', 'value': 141}, 'value': '50.5'}]",True,,,,,
1903815,FirstHalf,23,2.0,23,Pass,Unsuccessful,116,NEC Nijmegen,448283.0,Gonzalo Crettaz,14.8,58.6,35.1,100.0,,,,,"[{'type': {'displayName': 'Longball', 'value': 1}}, {'type': {'displayName': 'Angle', 'value': 213}, 'value': '0.95'}, {'type': {'displayName': 'PassEndY', 'value': 141}, 'value': '100.0'}, {'type': {'displayName': 'Chipped', 'value': 155}}, {'type': {'displayName': 'Zone', 'value': 56}, 'value': 'Back'}, {'type': {'displayName': 'Length', 'value': 212}, 'value': '36.4'}, {'type': {'displayName': 'PassEndX', 'value': 140}, 'value': '35.1'}]",True,,,,,
1903815,FirstHalf,23,17.0,23,Pass,Successful,256,Feyenoord,297527.0,Bart Nieuwkoop,70.2,0.0,74.8,19.1,,,,,"[{'type': {'displayName': 'ThrowIn', 'value': 107}}, {'type': {'displayName': 'PassEndX', 'value': 140}, 'value': '74.8'}, {'type': {'displayName': 'PassEndY', 'value': 141}, 'value': '19.1'}, {'type': {'displayName': 'Zone', 'value': 56}, 'value': 'Right'}, {'type': {'displayName': 'Angle', 'value': 213}, 'value': '1.23'}, {'type': {'displayName': 'Length', 'value': 212}, 'value': '14.4'}]",True,,,,,
1903815,FirstHalf,23,21.0,23,Pass,Successful,256,Feyenoord,377288.0,Ayase Ueda,71.7,13.0,79.3,3.5,,,,,"[{'type': {'displayName': 'Zone', 'value': 56}, 'value': 'Right'}, {'type': {'displayName': 'PassEndX', 'value': 140}, 'value': '79.3'}, {'type': {'displayName': 'PassEndY', 'value': 141}, 'value': '3.5'}, {'type': {'displayName': 'Angle', 'value': 213}, 'value': '5.60'}, {'type': {'displayName': 'Length', 'value': 212}, 'value': '10.3'}]",True,,,,,
1903815,FirstHalf,23,23.0,23,Challenge,Unsuccessful,116,NEC Nijmegen,400320.0,Ahmetcan Kaplan,16.8,94.9,,,,,,,"[{'type': {'displayName': 'Defensive', 'value': 285}}, {'type': {'displayName': 'OppositeRelatedEvent', 'value': 233}, 'value': '206'}, {'type': {'displayName': 'Zone', 'value': 56}, 'value': 'Back'}]",False,,,,,
1903815,FirstHalf,23,23.0,23,TakeOn,Successful,256,Feyenoord,515829.0,Anis Hadj Moussa,83.2,5.1,,,,,,,"[{'type': {'displayName': 'Zone', 'value': 56}, 'value': 'Right'}, {'type': {'displayName': 'Offensive', 'value': 286}}, {'type': {'displayName': 'OppositeRelatedEvent', 'value': 233}, 'value': '197'}]",True,,,,,
1903815,FirstHalf,23,26.0,23,Pass,Unsuccessful,256,Feyenoord,515829.0,Anis Hadj Moussa,86.6,10.9,88.9,46.5,,,,,"[{'type': {'displayName': 'LeftFoot', 'value': 72}}, {'type': {'displayName': 'Length', 'value': 212}, 'value': '24.3'}, {'type': {'displayName': 'Angle', 'value': 213}, 'value': '1.47'}, {'type': {'displayName': 'PassEndY', 'value': 141}, 'value': '46.5'}, {'type': {'displayName': 'Cross', 'value': 2}}, {'type': {'displayName': 'PassEndX', 'value': 140}, 'value': '88.9'}, {'type': {'displayName': 'Chipped', 'value': 155}}, {'type': {'displayName': 'Zone', 'value': 56}, 'value': 'Center'}]",True,,,,,
1903815,FirstHalf,23,27.0,23,Clearance,Successful,116,NEC Nijmegen,321959.0,Philippe Sandler,13.0,60.7,29.1,66.3,,,,,"[{'type': {'displayName': 'PassEndX', 'value': 140}, 'value': '29.1'}, {'type': {'displayName': 'Angle', 'value': 213}, 'value': '0.22'}, {'type': {'displayName': 'Zone', 'value': 56}, 'value': 'Back'}, {'type': {'displayName': 'Length', 'value': 212}, 'value': '17.3'}, {'type': {'displayName': 'PassEndY', 'value': 141}, 'value': '66.3'}]",True,,,,,
1903815,FirstHalf,23,31.0,23,Pass,Successful,256,Feyenoord,415927.0,Luciano Valente,76.2,51.4,88.6,43.0,,,,,"[{'type': {'displayName': 'Angle', 'value': 213}, 'value': '5.87'}, {'type': {'displayName': 'PassEndY', 'value': 141}, 'value': '43.0'}, {'type': {'displayName': 'Length', 'value': 212}, 'value': '14.2'}, {'type': {'displayName': 'PassEndX', 'value': 140}, 'value': '88.6'}, {'type': {'displayName': 'Zone', 'value': 56}, 'value': 'Center'}, {'type': {'displayName': 'ShotAssist', 'value': 210}, 'value': '15'}, {'type': {'displayName': 'IntentionalAssist', 'value': 154}}, {'type': {'displayName': 'BigChanceCreated', 'value': 11112}}, {'type': {'displayName': 'KeyPass', 'value': 11113}}]",True,,,,,
1903815,FirstHalf,23,33.0,23,SavedShot,Successful,256,Feyenoord,377288.0,Ayase Ueda,88.6,43.0,,,51.9,3.8,93.7,46.0,"[{'type': {'displayName': 'LowLeft', 'value': 76}}, {'type': {'displayName': 'BigChance', 'value': 214}}, {'type': {'displayName': 'GoalMouthZ', 'value': 103}, 'value': '3.8'}, {'type': {'displayName': 'Assisted', 'value': 29}}, {'type': {'displayName': 'OneOnOne', 'value': 89}}, {'type': {'displayName': 'BoxCentre', 'value': 17}}, {'type': {'displayName': 'Zone', 'value': 56}, 'value': 'Center'}, {'type': {'displayName': 'GoalMouthY', 'value': 102}, 'value': '51.9'}, {'type': {'displayName': 'LeftFoot', 'value': 72}}, {'type': {'displayName': 'BlockedY', 'value': 147}, 'value': '46.0'}, {'type': {'displayName': 'BlockedX', 'value': 146}, 'value': '93.7'}, {'type': {'displayName': 'RelatedEventId', 'value': 55}, 'value': '208'}, {'type': {'displayName': 'RegularPlay', 'value': 22}}, {'type': {'displayName': 'OppositeRelatedEvent', 'value': 233}, 'value': '199'}, {'type': {'displayName': 'IntentionalAssist', 'value': 154}}]",True,True,,,208.0,415927.0
1903815,FirstHalf,23,33.0,23,Save,Successful,116,NEC Nijmegen,448283.0,Gonzalo Crettaz,5.7,53.4,,,,,,,"[{'type': {'displayName': 'Zone', 'value': 56}, 'value': 'Back'}, {'type': {'displayName': 'DivingSave', 'value': 179}}, {'type': {'displayName': 'Hands', 'value': 182}}, {'type': {'displayName': 'Collected', 'value': 177}}, {'type': {'displayName': 'OppositeRelatedEvent', 'value': 233}, 'value': '209'}, {'type': {'displayName': 'KeeperSaveInTheBox', 'value': 11115}}]",True,,,,,
1903815,FirstHalf,23,34.0,23,KeeperPickup,Successful,116,NEC Nijmegen,448283.0,Gonzalo Crettaz,5.7,50.5,,,,,,,[],False,,,,,
1903815,FirstHalf,23,52.0,23,Pass,Unsuccessful,116,NEC Nijmegen,448283.0,Gonzalo Crettaz,10.2,49.7,88.9,53.5,,,,,"[{'type': {'displayName': 'PassEndY', 'value': 141}, 'value': '53.5'}, {'type': {'displayName': 'Angle', 'value': 213}, 'value': '0.03'}, {'type': {'displayName': 'Length', 'value': 212}, 'value': '82.7'}, {'type': {'displayName': 'Longball', 'value': 1}}, {'type': {'displayName': 'PassEndX', 'value': 140}, 'value': '88.9'}, {'type': {'displayName': 'Zone', 'value': 56}, 'value': 'Center'}]",True,,,,,
1903815,FirstHalf,23,58.0,23,BallRecovery,Successful,256,Feyenoord,121821.0,Timon Wellenreuther,12.8,54.1,,,,,,,[],False,,,,,
1903815,FirstHalf,24,4.0,24,Pass,Unsuccessful,256,Feyenoord,121821.0,Timon Wellenreuther,22.8,52.6,88.5,46.2,,,,,"[{'type': {'displayName': 'Angle', 'value': 213}, 'value': '6.22'}, {'type': {'displayName': 'Length', 'value': 212}, 'value': '69.1'}, {'type': {'displayName': 'PassEndX', 'value': 140}, 'value': '88.5'}, {'type': {'displayName': 'PassEndY', 'value': 141}, 'value': '46.2'}, {'type': {'displayName': 'Zone', 'value': 56}, 'value': 'Center'}, {'type': {'displayName': 'Longball', 'value': 1}}]",True,,,,,
1903815,FirstHalf,24,9.0,24,KeeperPickup,Successful,116,NEC Nijmegen,448283.0,Gonzalo Crettaz,9.7,55.3,,,,,,,[],False,,,,,
1903815,FirstHalf,24,25.0,24,Pass,Successful,116,NEC Nijmegen,448283.0,Gonzalo Crettaz,10.8,55.6,21.5,38.3,,,,,"[{'type': {'displayName': 'Angle', 'value': 213}, 'value': '5.47'}, {'type': {'displayName': 'PassEndY', 'value': 141}, 'value': '38.3'}, {'type': {'displayName': 'Length', 'value': 212}, 'value': '16.3'}, {'type': {'displayName': 'PassEndX', 'value': 140}, 'value': '21.5'}, {'type': {'displayName': 'KeeperThrow', 'value': 123}}, {'type': {'displayName': 'Zone', 'value': 56}, 'value': 'Back'}]",True,,,,,
1903815,FirstHalf,24,28.0,24,Pass,Successful,116,NEC Nijmegen,321959.0,Philippe Sandler,21.3,31.5,25.6,14.2,,,,,"[{'type': {'displayName': 'PassEndX', 'value': 140}, 'value': '25.6'}, {'type': {'displayName': 'Zone', 'value': 56}, 'value': 'Back'}, {'type': {'displayName': 'Length', 'value': 212}, 'value': '12.6'}, {'type': {'displayName': 'Angle', 'value': 213}, 'value': '5.08'}, {'type': {'displayName': 'PassEndY', 'value': 141}, 'value': '14.2'}]",True,,,,,
1903815,FirstHalf,24,29.0,24,Pass,Successful,116,NEC Nijmegen,130917.0,Eli Dasa,23.2,14.2,9.2,40.1,,,,,"[{'type': {'displayName': 'Angle', 'value': 213}, 'value': '2.27'}, {'type': {'displayName': 'PassEndX', 'value': 140}, 'value': '9.2'}, {'type': {'displayName': 'PassEndY', 'value': 141}, 'value': '40.1'}, {'type': {'displayName': 'Length', 'value': 212}, 'value': '22.9'}, {'type': {'displayName': 'Zone', 'value': 56}, 'value': 'Back'}]",True,,,,,
1903815,FirstHalf,24,40.0,24,Pass,Successful,116,NEC Nijmegen,448283.0,Gonzalo Crettaz,15.9,65.7,27.6,95.9,,,,,"[{'type': {'displayName': 'Angle', 'value': 213}, 'value': '1.03'}, {'type': {'displayName': 'Length', 'value': 212}, 'value': '23.9'}, {'type': {'displayName': 'PassEndX', 'value': 140}, 'value': '27.6'}, {'type': {'displayName': 'PassEndY', 'value': 141}, 'value': '95.9'}, {'type': {'displayName': 'Zone', 'value': 56}, 'value': 'Back'}]",True,,,,,
1903815,FirstHalf,24,44.0,24,Pass,Unsuccessful,116,NEC Nijmegen,43004.0,Bryan Linssen,28.5,97.2,52.5,100.0,,,,,"[{'type': {'displayName': 'Angle', 'value': 213}, 'value': '0.13'}, {'type': {'displayName': 'PassEndX', 'value': 140}, 'value': '52.5'}, {'type': {'displayName': 'Length', 'value': 212}, 'value': '25.4'}, {'type': {'displayName': 'PassEndY', 'value': 141}, 'value': '100.0'}, {'type': {'displayName': 'Zone', 'value': 56}, 'value': 'Left'}]",True,,,,,
1903815,FirstHalf,24,53.0,24,Pass,Successful,256,Feyenoord,297527.0,Bart Nieuwkoop,52.4,0.0,38.8,7.9,,,,,"[{'type': {'displayName': 'Zone', 'value': 56}, 'value': 'Back'}, {'type': {'displayName': 'ThrowIn', 'value': 107}}, {'type': {'displayName': 'Angle', 'value': 213}, 'value': '2.72'}, {'type': {'displayName': 'Length', 'value': 212}, 'value': '15.6'}, {'type': {'displayName': 'PassEndX', 'value': 140}, 'value': '38.8'}, {'type': {'displayName': 'PassEndY', 'value': 141}, 'value': '7.9'}]",True,,,,,
1903815,FirstHalf,24,56.0,24,Pass,Successful,256,Feyenoord,326642.0,Anel Ahmedhodzic,37.6,12.4,33.0,46.4,,,,,"[{'type': {'displayName': 'PassEndX', 'value': 140}, 'value': '33.0'}, {'type': {'displayName': 'Length', 'value': 212}, 'value': '23.6'}, {'type': {'displayName': 'Angle', 'value': 213}, 'value': '1.78'}, {'type': {'displayName': 'Zone', 'value': 56}, 'value': 'Back'}, {'type': {'displayName': 'PassEndY', 'value': 141}, 'value': '46.4'}]",True,,,,,
1903815,FirstHalf,24,58.0,24,Pass,Successful,256,Feyenoord,431258.0,Tsuyoshi Watanabe,32.9,47.0,37.9,91.2,,,,,"[{'type': {'displayName': 'Zone', 'value': 56}, 'value': 'Back'}, {'type': {'displayName': 'Angle', 'value': 213}, 'value': '1.40'}, {'type': {'displayName': 'PassEndY', 'value': 141}, 'value': '91.2'}, {'type': {'displayName': 'PassEndX', 'value': 140}, 'value': '37.9'}, {'type': {'displayName': 'Length', 'value': 212}, 'value': '30.5'}]",True,,,,,
1903815,FirstHalf,25,3.0,25,Pass,Successful,256,Feyenoord,400059.0,Gijs Smal,32.4,78.0,13.9,55.0,,,,,"[{'type': {'displayName': 'PassEndX', 'value': 140}, 'value': '13.9'}, {'type': {'displayName': 'PassEndY', 'value': 141}, 'value': '55.0'}, {'type': {'displayName': 'Angle', 'value': 213}, 'value': '3.82'}, {'type': {'displayName': 'Length', 'value': 212}, 'value': '24.9'}, {'type': {'displayName': 'Zone', 'value': 56}, 'value': 'Back'}]",True,,,,,
1903815,FirstHalf,25,16.0,25,Pass,Successful,256,Feyenoord,121821.0,Timon Wellenreuther,28.7,55.9,64.8,47.9,,,,,"[{'type': {'displayName': 'PassEndY', 'value': 141}, 'value': '47.9'}, {'type': {'displayName': 'Longball', 'value': 1}}, {'type': {'displayName': 'Zone', 'value': 56}, 'value': 'Center'}, {'type': {'displayName': 'PassEndX', 'value': 140}, 'value': '64.8'}, {'type': {'displayName': 'Angle', 'value': 213}, 'value': '6.14'}, {'type': {'displayName': 'Length', 'value': 212}, 'value': '38.3'}]",True,,,,,
1903815,FirstHalf,25,19.0,25,Pass,Successful,256,Feyenoord,468119.0,Leo Sauer,64.8,47.9,62.3,46.4,,,,,"[{'type': {'displayName': 'PassEndX', 'value': 140}, 'value': '62.3'}, {'type': {'displayName': 'Zone', 'value': 56}, 'value': 'Center'}, {'type': {'displayName': 'LayOff', 'value': 156}}, {'type': {'displayName': 'Length', 'value': 212}, 'value': '2.8'}, {'type': {'displayName': 'Angle', 'value': 213}, 'value': '3.51'}, {'type': {'displayName': 'PassEndY', 'value': 141}, 'value': '46.4'}]",True,,,,,
1903815,FirstHalf,25,20.0,25,Pass,Unsuccessful,256,Feyenoord,361794.0,Sem Steijn,63.0,45.5,61.5,44.7,,,,,"[{'type': {'displayName': 'Length', 'value': 212}, 'value': '1.7'}, {'type': {'displayName': 'OppositeRelatedEvent', 'value': 233}, 'value': '209'}, {'type': {'displayName': 'Offensive', 'value': 286}}, {'type': {'displayName': 'Angle', 'value': 213}, 'value': '3.47'}, {'type': {'displayName': 'Zone', 'value': 56}, 'value': 'Center'}, {'type': {'displayName': 'PassEndX', 'value': 140}, 'value': '61.5'}, {'type': {'displayName': 'PassEndY', 'value': 141}, 'value': '44.7'}]",True,,,,,
1903815,FirstHalf,25,20.0,25,BlockedPass,Successful,116,NEC Nijmegen,401739.0,Darko Nejasmic,38.5,55.3,,,,,,,"[{'type': {'displayName': 'OppositeRelatedEvent', 'value': 233}, 'value': '219'}, {'type': {'displayName': 'Zone', 'value': 56}, 'value': 'Back'}, {'type': {'displayName': 'Defensive', 'value': 285}}]",True,,,,,
1903815,FirstHalf,25,22.0,25,Dispossessed,Successful,116,NEC Nijmegen,130917.0,Eli Dasa,37.0,55.1,,,,,,,"[{'type': {'displayName': 'Offensive', 'value': 286}}, {'type': {'displayName': 'OppositeRelatedEvent', 'value': 233}, 'value': '220'}, {'type': {'displayName': 'Zone', 'value': 56}, 'value': 'Back'}]",True,,,,,
1903815,FirstHalf,25,22.0,25,Tackle,Unsuccessful,256,Feyenoord,411078.0,Quinten Timber,63.0,44.9,,,,,,,"[{'type': {'displayName': 'Zone', 'value': 56}, 'value': 'Center'}, {'type': {'displayName': 'Defensive', 'value': 285}}, {'type': {'displayName': 'OppositeRelatedEvent', 'value': 233}, 'value': '210'}, {'type': {'displayName': 'StandingSave', 'value': 178}}]",True,,,,,
1903815,FirstHalf,25,23.0,25,BallTouch,Successful,116,NEC Nijmegen,130917.0,Eli Dasa,41.8,61.9,,,,,,,"[{'type': {'displayName': 'Zone', 'value': 56}, 'value': 'Back'}]",True,,,,,
1903815,FirstHalf,25,24.0,25,BallRecovery,Successful,116,NEC Nijmegen,401739.0,Darko Nejasmic,32.0,62.7,,,,,,,[],False,,,,,
1903815,FirstHalf,25,24.0,25,Pass,Successful,116,NEC Nijmegen,401739.0,Darko Nejasmic,31.9,63.2,22.0,67.8,,,,,"[{'type': {'displayName': 'PassEndX', 'value': 140}, 'value': '22.0'}, {'type': {'displayName': 'Zone', 'value': 56}, 'value': 'Back'}, {'type': {'displayName': 'PassEndY', 'value': 141}, 'value': '67.8'}, {'type': {'displayName': 'Length', 'value': 212}, 'value': '10.9'}, {'type': {'displayName': 'Angle', 'value': 213}, 'value': '2.85'}]",True,,,,,
1903815,FirstHalf,25,25.0,25,Pass,Successful,116,NEC Nijmegen,497708.0,Kodai Sano,22.1,66.8,6.2,51.8,,,,,"[{'type': {'displayName': 'PassEndY', 'value': 141}, 'value': '51.8'}, {'type': {'displayName': 'Length', 'value': 212}, 'value': '19.6'}, {'type': {'displayName': 'Zone', 'value': 56}, 'value': 'Back'}, {'type': {'displayName': 'PassEndX', 'value': 140}, 'value': '6.2'}, {'type': {'displayName': 'Angle', 'value': 213}, 'value': '3.69'}]",True,,,,,
1903815,FirstHalf,25,29.0,25,Pass,Unsuccessful,116,NEC Nijmegen,448283.0,Gonzalo Crettaz,8.3,50.3,57.0,50.8,,,,,"[{'type': {'displayName': 'PassEndX', 'value': 140}, 'value': '57.0'}, {'type': {'displayName': 'PassEndY', 'value': 141}, 'value': '50.8'}, {'type': {'displayName': 'Longball', 'value': 1}}, {'type': {'displayName': 'Angle', 'value': 213}, 'value': '0.01'}, {'type': {'displayName': 'Length', 'value': 212}, 'value': '51.1'}, {'type': {'displayName': 'Zone', 'value': 56}, 'value': 'Center'}]",True,,,,,
1903815,FirstHalf,25,32.0,25,Pass,Successful,256,Feyenoord,431258.0,Tsuyoshi Watanabe,47.0,51.0,35.1,48.4,,,,,"[{'type': {'displayName': 'HeadPass', 'value': 3}}, {'type': {'displayName': 'PassEndY', 'value': 141}, 'value': '48.4'}, {'type': {'displayName': 'PassEndX', 'value': 140}, 'value': '35.1'}, {'type': {'displayName': 'Zone', 'value': 56}, 'value': 'Back'}, {'type': {'displayName': 'Angle', 'value': 213}, 'value': '3.28'}, {'type': {'displayName': 'Length', 'value': 212}, 'value': '12.6'}]",True,,,,,
1903815,FirstHalf,25,34.0,25,BallRecovery,Successful,256,Feyenoord,326642.0,Anel Ahmedhodzic,31.7,40.4,,,,,,,[],False,,,,,
1903815,FirstHalf,25,34.0,25,Pass,Successful,256,Feyenoord,326642.0,Anel Ahmedhodzic,31.1,40.0,18.8,49.8,,,,,"[{'type': {'displayName': 'PassEndY', 'value': 141}, 'value': '49.8'}, {'type': {'displayName': 'Zone', 'value': 56}, 'value': 'Back'}, {'type': {'displayName': 'PassEndX', 'value': 140}, 'value': '18.8'}, {'type': {'displayName': 'Length', 'value': 212}, 'value': '14.5'}, {'type': {'displayName': 'Angle', 'value': 213}, 'value': '2.67'}]",True,,,,,
1903815,FirstHalf,25,43.0,25,Pass,Successful,256,Feyenoord,121821.0,Timon Wellenreuther,27.2,55.6,30.5,77.7,,,,,"[{'type': {'displayName': 'PassEndX', 'value': 140}, 'value': '30.5'}, {'type': {'displayName': 'Zone', 'value': 56}, 'value': 'Back'}, {'type': {'displayName': 'Length', 'value': 212}, 'value': '15.4'}, {'type': {'displayName': 'Angle', 'value': 213}, 'value': '1.34'}, {'type': {'displayName': 'PassEndY', 'value': 141}, 'value': '77.7'}]",True,,,,,
1903815,FirstHalf,25,44.0,25,Pass,Successful,256,Feyenoord,431258.0,Tsuyoshi Watanabe,30.4,77.7,37.1,93.7,,,,,"[{'type': {'displayName': 'Length', 'value': 212}, 'value': '13.0'}, {'type': {'displayName': 'PassEndX', 'value': 140}, 'value': '37.1'}, {'type': {'displayName': 'Zone', 'value': 56}, 'value': 'Back'}, {'type': {'displayName': 'PassEndY', 'value': 141}, 'value': '93.7'}, {'type': {'displayName': 'Angle', 'value': 213}, 'value': '1.00'}]",True,,,,,
1903815,FirstHalf,25,47.0,25,Pass,Successful,256,Feyenoord,411078.0,Quinten Timber,43.0,95.3,49.3,98.7,,,,,"[{'type': {'displayName': 'PassEndY', 'value': 141}, 'value': '98.7'}, {'type': {'displayName': 'PassEndX', 'value': 140}, 'value': '49.3'}, {'type': {'displayName': 'Zone', 'value': 56}, 'value': 'Back'}, {'type': {'displayName': 'Length', 'value': 212}, 'value': '7.0'}, {'type': {'displayName': 'Angle', 'value': 213}, 'value': '0.34'}]",True,,,,,
1903815,FirstHalf,25,51.0,25,Pass,Unsuccessful,256,Feyenoord,468119.0,Leo Sauer,43.9,97.1,52.1,80.5,,,,,"[{'type': {'displayName': 'Zone', 'value': 56}, 'value': 'Left'}, {'type': {'displayName': 'Angle', 'value': 213}, 'value': '5.36'}, {'type': {'displayName': 'Length', 'value': 212}, 'value': '14.2'}, {'type': {'displayName': 'PassEndY', 'value': 141}, 'value': '80.5'}, {'type': {'displayName': 'PassEndX', 'value': 140}, 'value': '52.1'}]",True,,,,,
1903815,FirstHalf,25,53.0,25,Interception,Successful,116,NEC Nijmegen,401739.0,Darko Nejasmic,47.9,19.5,,,,,,,"[{'type': {'displayName': 'Zone', 'value': 56}, 'value': 'Back'}]",True,,,,,
1903815,FirstHalf,25,54.0,25,BallTouch,Successful,256,Feyenoord,411078.0,Quinten Timber,52.5,80.2,,,,,,,"[{'type': {'displayName': 'Zone', 'value': 56}, 'value': 'Left'}]",True,,,,,
1903815,FirstHalf,25,55.0,25,Pass,Successful,116,NEC Nijmegen,401739.0,Darko Nejasmic,44.9,31.2,56.9,28.2,,,,,"[{'type': {'displayName': 'Angle', 'value': 213}, 'value': '6.12'}, {'type': {'displayName': 'Zone', 'value': 56}, 'value': 'Center'}, {'type': {'displayName': 'PassEndY', 'value': 141}, 'value': '28.2'}, {'type': {'displayName': 'Length', 'value': 212}, 'value': '12.8'}, {'type': {'displayName': 'PassEndX', 'value': 140}, 'value': '56.9'}]",True,,,,,
1903815,FirstHalf,25,56.0,25,BallRecovery,Successful,116,NEC Nijmegen,487049.0,Koki Ogawa,56.9,28.2,,,,,,,[],False,,,,,
1903815,FirstHalf,25,57.0,25,Pass,Successful,116,NEC Nijmegen,487049.0,Koki Ogawa,56.9,28.2,55.1,36.5,,,,,"[{'type': {'displayName': 'Angle', 'value': 213}, 'value': '1.89'}, {'type': {'displayName': 'PassEndY', 'value': 141}, 'value': '36.5'}, {'type': {'displayName': 'Length', 'value': 212}, 'value': '6.0'}, {'type': {'displayName': 'Zone', 'value': 56}, 'value': 'Center'}, {'type': {'displayName': 'PassEndX', 'value': 140}, 'value': '55.1'}]",True,,,,,
1903815,FirstHalf,25,59.0,25,Pass,Successful,116,NEC Nijmegen,497708.0,Kodai Sano,55.7,30.2,56.3,18.1,,,,,"[{'type': {'displayName': 'Length', 'value': 212}, 'value': '8.3'}, {'type': {'displayName': 'Angle', 'value': 213}, 'value': '4.79'}, {'type': {'displayName': 'Zone', 'value': 56}, 'value': 'Right'}, {'type': {'displayName': 'PassEndY', 'value': 141}, 'value': '18.1'}, {'type': {'displayName': 'PassEndX', 'value': 140}, 'value': '56.3'}]",True,,,,,
1903815,FirstHalf,26,3.0,26,Pass,Successful,116,NEC Nijmegen,401739.0,Darko Nejasmic,56.7,16.2,59.7,9.2,,,,,"[{'type': {'displayName': 'PassEndX', 'value': 140}, 'value': '59.7'}, {'type': {'displayName': 'Angle', 'value': 213}, 'value': '5.30'}, {'type': {'displayName': 'Length', 'value': 212}, 'value': '5.7'}, {'type': {'displayName': 'Zone', 'value': 56}, 'value': 'Right'}, {'type': {'displayName': 'PassEndY', 'value': 141}, 'value': '9.2'}]",True,,,,,
1903815,FirstHalf,26,5.0,26,Pass,Successful,116,NEC Nijmegen,515755.0,Sami Ouaissa,58.0,12.9,47.8,42.2,,,,,"[{'type': {'displayName': 'Angle', 'value': 213}, 'value': '2.06'}, {'type': {'displayName': 'PassEndX', 'value': 140}, 'value': '47.8'}, {'type': {'displayName': 'PassEndY', 'value': 141}, 'value': '42.2'}, {'type': {'displayName': 'Zone', 'value': 56}, 'value': 'Back'}, {'type': {'displayName': 'Length', 'value': 212}, 'value': '22.6'}]",True,,,,,
1903815,FirstHalf,26,8.0,26,Pass,Successful,116,NEC Nijmegen,321959.0,Philippe Sandler,50.1,32.7,59.8,33.8,,,,,"[{'type': {'displayName': 'Angle', 'value': 213}, 'value': '0.07'}, {'type': {'displayName': 'Length', 'value': 212}, 'value': '10.2'}, {'type': {'displayName': 'PassEndY', 'value': 141}, 'value': '33.8'}, {'type': {'displayName': 'Zone', 'value': 56}, 'value': 'Center'}, {'type': {'displayName': 'PassEndX', 'value': 140}, 'value': '59.8'}]",True,,,,,
1903815,FirstHalf,26,13.0,26,Pass,Successful,116,NEC Nijmegen,497708.0,Kodai Sano,42.0,32.5,42.8,17.0,,,,,"[{'type': {'displayName': 'Zone', 'value': 56}, 'value': 'Back'}, {'type': {'displayName': 'Length', 'value': 212}, 'value': '10.6'}, {'type': {'displayName': 'PassEndY', 'value': 141}, 'value': '17.0'}, {'type': {'displayName': 'PassEndX', 'value': 140}, 'value': '42.8'}, {'type': {'displayName': 'Angle', 'value': 213}, 'value': '4.79'}]",True,,,,,
1903815,FirstHalf,26,17.0,26,Pass,Unsuccessful,116,NEC Nijmegen,401739.0,Darko Nejasmic,42.2,10.2,60.2,4.1,,,,,"[{'type': {'displayName': 'Zone', 'value': 56}, 'value': 'Right'}, {'type': {'displayName': 'PassEndY', 'value': 141}, 'value': '4.1'}, {'type': {'displayName': 'PassEndX', 'value': 140}, 'value': '60.2'}, {'type': {'displayName': 'Length', 'value': 212}, 'value': '19.3'}, {'type': {'displayName': 'Angle', 'value': 213}, 'value': '6.07'}]",True,,,,,
1903815,FirstHalf,26,19.0,26,BallRecovery,Successful,256,Feyenoord,400059.0,Gijs Smal,42.4,97.3,,,,,,,[],False,,,,,
1903815,FirstHalf,26,20.0,26,Pass,Unsuccessful,256,Feyenoord,400059.0,Gijs Smal,43.0,97.8,45.3,96.8,,,,,"[{'type': {'displayName': 'OppositeRelatedEvent', 'value': 233}, 'value': '225'}, {'type': {'displayName': 'Zone', 'value': 56}, 'value': 'Back'}, {'type': {'displayName': 'Offensive', 'value': 286}}, {'type': {'displayName': 'PassEndY', 'value': 141}, 'value': '96.8'}, {'type': {'displayName': 'Length', 'value': 212}, 'value': '2.5'}, {'type': {'displayName': 'Angle', 'value': 213}, 'value': '6.01'}, {'type': {'displayName': 'PassEndX', 'value': 140}, 'value': '45.3'}]",True,,,,,
1903815,FirstHalf,26,20.0,26,BlockedPass,Successful,116,NEC Nijmegen,497708.0,Kodai Sano,54.7,3.2,,,,,,,"[{'type': {'displayName': 'Defensive', 'value': 285}}, {'type': {'displayName': 'Zone', 'value': 56}, 'value': 'Right'}, {'type': {'displayName': 'OppositeRelatedEvent', 'value': 233}, 'value': '229'}]",True,,,,,
1903815,FirstHalf,26,21.0,26,BallTouch,Successful,256,Feyenoord,400059.0,Gijs Smal,45.1,95.6,,,,,,,"[{'type': {'displayName': 'Zone', 'value': 56}, 'value': 'Back'}]",True,,,,,
1903815,FirstHalf,26,41.0,26,Pass,Successful,116,NEC Nijmegen,130917.0,Eli Dasa,54.5,0.0,33.7,5.8,,,,,"[{'type': {'displayName': 'Angle', 'value': 213}, 'value': '2.90'}, {'type': {'displayName': 'Zone', 'value': 56}, 'value': 'Back'}, {'type': {'displayName': 'Longball', 'value': 1}}, {'type': {'displayName': 'Length', 'value': 212}, 'value': '22.5'}, {'type': {'displayName': 'ThrowIn', 'value': 107}}, {'type': {'displayName': 'PassEndY', 'value': 141}, 'value': '5.8'}, {'type': {'displayName': 'PassEndX', 'value': 140}, 'value': '33.7'}]",True,,,,,
1903815,FirstHalf,26,47.0,26,Pass,Successful,116,NEC Nijmegen,321959.0,Philippe Sandler,41.0,34.5,33.2,41.9,,,,,"[{'type': {'displayName': 'PassEndY', 'value': 141}, 'value': '41.9'}, {'type': {'displayName': 'PassEndX', 'value': 140}, 'value': '33.2'}, {'type': {'displayName': 'Zone', 'value': 56}, 'value': 'Back'}, {'type': {'displayName': 'Length', 'value': 212}, 'value': '9.6'}, {'type': {'displayName': 'Angle', 'value': 213}, 'value': '2.59'}]",True,,,,,
1903815,FirstHalf,26,49.0,26,Pass,Successful,116,NEC Nijmegen,400320.0,Ahmetcan Kaplan,32.8,41.6,36.7,23.9,,,,,"[{'type': {'displayName': 'PassEndY', 'value': 141}, 'value': '23.9'}, {'type': {'displayName': 'Angle', 'value': 213}, 'value': '5.04'}, {'type': {'displayName': 'Length', 'value': 212}, 'value': '12.7'}, {'type': {'displayName': 'PassEndX', 'value': 140}, 'value': '36.7'}, {'type': {'displayName': 'Zone', 'value': 56}, 'value': 'Back'}]",True,,,,,
1903815,FirstHalf,26,52.0,26,Pass,Successful,116,NEC Nijmegen,401739.0,Darko Nejasmic,29.1,25.9,11.0,39.9,,,,,"[{'type': {'displayName': 'PassEndX', 'value': 140}, 'value': '11.0'}, {'type': {'displayName': 'Zone', 'value': 56}, 'value': 'Back'}, {'type': {'displayName': 'PassEndY', 'value': 141}, 'value': '39.9'}, {'type': {'displayName': 'Angle', 'value': 213}, 'value': '2.68'}, {'type': {'displayName': 'Length', 'value': 212}, 'value': '21.3'}]",True,,,,,
1903815,FirstHalf,26,56.0,26,Pass,Successful,116,NEC Nijmegen,448283.0,Gonzalo Crettaz,13.1,36.5,55.4,33.7,,,,,"[{'type': {'displayName': 'PassEndY', 'value': 141}, 'value': '33.7'}, {'type': {'displayName': 'PassEndX', 'value': 140}, 'value': '55.4'}, {'type': {'displayName': 'Longball', 'value': 1}}, {'type': {'displayName': 'Angle', 'value': 213}, 'value': '6.24'}, {'type': {'displayName': 'Length', 'value': 212}, 'value': '44.5'}, {'type': {'displayName': 'Zone', 'value': 56}, 'value': 'Center'}]",True,,,,,
1903815,FirstHalf,27,0.0,27,Aerial,Successful,116,NEC Nijmegen,487049.0,Koki Ogawa,55.4,33.7,,,,,,,"[{'type': {'displayName': 'OppositeRelatedEvent', 'value': 233}, 'value': '233'}, {'type': {'displayName': 'Zone', 'value': 56}, 'value': 'Center'}, {'type': {'displayName': 'Offensive', 'value': 286}}]",False,,,,,
1903815,FirstHalf,27,0.0,27,Aerial,Unsuccessful,256,Feyenoord,431258.0,Tsuyoshi Watanabe,44.6,66.3,,,,,,,"[{'type': {'displayName': 'Defensive', 'value': 285}}, {'type': {'displayName': 'OppositeRelatedEvent', 'value': 233}, 'value': '232'}, {'type': {'displayName': 'Zone', 'value': 56}, 'value': 'Back'}]",False,,,,,
1903815,FirstHalf,27,0.0,27,Pass,Unsuccessful,116,NEC Nijmegen,487049.0,Koki Ogawa,55.4,33.7,60.3,32.5,,,,,"[{'type': {'displayName': 'Angle', 'value': 213}, 'value': '6.13'}, {'type': {'displayName': 'Length', 'value': 212}, 'value': '5.2'}, {'type': {'displayName': 'PassEndX', 'value': 140}, 'value': '60.3'}, {'type': {'displayName': 'PassEndY', 'value': 141}, 'value': '32.5'}, {'type': {'displayName': 'Zone', 'value': 56}, 'value': 'Center'}, {'type': {'displayName': 'HeadPass', 'value': 3}}]",True,,,,,
1903815,FirstHalf,27,2.0,27,BallTouch,Successful,116,NEC Nijmegen,37502.0,Tjaronn Chery,52.7,25.4,,,,,,,"[{'type': {'displayName': 'Zone', 'value': 56}, 'value': 'Center'}]",True,,,,,
1903815,FirstHalf,27,2.0,27,Clearance,Successful,256,Feyenoord,326642.0,Anel Ahmedhodzic,41.2,69.0,43.6,72.4,,,,,"[{'type': {'displayName': 'Length', 'value': 212}, 'value': '3.4'}, {'type': {'displayName': 'PassEndX', 'value': 140}, 'value': '43.6'}, {'type': {'displayName': 'PassEndY', 'value': 141}, 'value': '72.4'}, {'type': {'displayName': 'Angle', 'value': 213}, 'value': '0.74'}, {'type': {'displayName': 'Zone', 'value': 56}, 'value': 'Back'}]",True,,,,,
1903815,FirstHalf,27,18.0,27,Pass,Successful,256,Feyenoord,400059.0,Gijs Smal,62.4,100.0,73.0,83.2,,,,,"[{'type': {'displayName': 'Length', 'value': 212}, 'value': '16.6'}, {'type': {'displayName': 'Angle', 'value': 213}, 'value': '5.44'}, {'type': {'displayName': 'PassEndY', 'value': 141}, 'value': '83.2'}, {'type': {'displayName': 'PassEndX', 'value': 140}, 'value': '73.0'}, {'type': {'displayName': 'Zone', 'value': 56}, 'value': 'Left'}, {'type': {'displayName': 'ThrowIn', 'value': 107}}]",True,,,,,
1903815,FirstHalf,27,21.0,27,Aerial,Successful,256,Feyenoord,377288.0,Ayase Ueda,73.0,83.2,,,,,,,"[{'type': {'displayName': 'OppositeRelatedEvent', 'value': 233}, 'value': '237'}, {'type': {'displayName': 'Offensive', 'value': 286}}, {'type': {'displayName': 'Zone', 'value': 56}, 'value': 'Left'}]",False,,,,,
1903815,FirstHalf,27,21.0,27,Aerial,Unsuccessful,116,NEC Nijmegen,321959.0,Philippe Sandler,27.0,16.8,,,,,,,"[{'type': {'displayName': 'Defensive', 'value': 285}}, {'type': {'displayName': 'OppositeRelatedEvent', 'value': 233}, 'value': '237'}, {'type': {'displayName': 'Zone', 'value': 56}, 'value': 'Back'}]",False,,,,,
1903815,FirstHalf,27,22.0,27,Pass,Successful,256,Feyenoord,377288.0,Ayase Ueda,73.0,83.2,68.9,94.6,,,,,"[{'type': {'displayName': 'PassEndX', 'value': 140}, 'value': '68.9'}, {'type': {'displayName': 'LayOff', 'value': 156}}, {'type': {'displayName': 'PassEndY', 'value': 141}, 'value': '94.6'}, {'type': {'displayName': 'Length', 'value': 212}, 'value': '8.9'}, {'type': {'displayName': 'Zone', 'value': 56}, 'value': 'Left'}, {'type': {'displayName': 'Angle', 'value': 213}, 'value': '2.08'}, {'type': {'displayName': 'HeadPass', 'value': 3}}]",True,,,,,
1903815,FirstHalf,27,25.0,27,Pass,Unsuccessful,256,Feyenoord,400059.0,Gijs Smal,82.2,95.9,83.4,53.2,,,,,"[{'type': {'displayName': 'PassEndX', 'value': 140}, 'value': '83.4'}, {'type': {'displayName': 'Zone', 'value': 56}, 'value': 'Center'}, {'type': {'displayName': 'LeftFoot', 'value': 72}}, {'type': {'displayName': 'Cross', 'value': 2}}, {'type': {'displayName': 'Angle', 'value': 213}, 'value': '4.76'}, {'type': {'displayName': 'PassEndY', 'value': 141}, 'value': '53.2'}, {'type': {'displayName': 'Length', 'value': 212}, 'value': '29.1'}]",True,,,,,
1903815,FirstHalf,27,27.0,27,BallTouch,Unsuccessful,116,NEC Nijmegen,497708.0,Kodai Sano,19.3,52.1,,,,,,,"[{'type': {'displayName': 'Zone', 'value': 56}, 'value': 'Back'}]",True,,,,,
1903815,FirstHalf,27,28.0,27,Pass,Successful,256,Feyenoord,361794.0,Sem Steijn,77.7,49.5,87.9,27.6,,,,,"[{'type': {'displayName': 'Angle', 'value': 213}, 'value': '5.34'}, {'type': {'displayName': 'PassEndY', 'value': 141}, 'value': '27.6'}, {'type': {'displayName': 'Length', 'value': 212}, 'value': '18.3'}, {'type': {'displayName': 'PassEndX', 'value': 140}, 'value': '87.9'}, {'type': {'displayName': 'Zone', 'value': 56}, 'value': 'Center'}, {'type': {'displayName': 'ShotAssist', 'value': 210}, 'value': '13'}, {'type': {'displayName': 'KeyPass', 'value': 11113}}]",True,,,,,
1903815,FirstHalf,27,33.0,27,MissedShots,Successful,256,Feyenoord,515829.0,Anis Hadj Moussa,89.9,37.4,,,68.7,9.7,93.0,45.8,"[{'type': {'displayName': 'GoalMouthY', 'value': 102}, 'value': '68.7'}, {'type': {'displayName': 'RegularPlay', 'value': 22}}, {'type': {'displayName': 'Assisted', 'value': 29}}, {'type': {'displayName': 'MissLeft', 'value': 73}}, {'type': {'displayName': 'Zone', 'value': 56}, 'value': 'Center'}, {'type': {'displayName': 'BoxCentre', 'value': 17}}, {'type': {'displayName': 'BlockedX', 'value': 146}, 'value': '93.0'}, {'type': {'displayName': 'GoalMouthZ', 'value': 103}, 'value': '9.7'}, {'type': {'displayName': 'LeftFoot', 'value': 72}}, {'type': {'displayName': 'BlockedY', 'value': 147}, 'value': '45.8'}, {'type': {'displayName': 'RelatedEventId', 'value': 55}, 'value': '240'}]",True,True,,,240.0,361794.0
1903815,FirstHalf,27,33.0,27,BallTouch,Successful,116,NEC Nijmegen,532237.0,Basar Önal,7.2,61.0,,,,,,,"[{'type': {'displayName': 'Zone', 'value': 56}, 'value': 'Back'}]",True,,,,,
1903815,FirstHalf,27,35.0,27,Clearance,Successful,116,NEC Nijmegen,321959.0,Philippe Sandler,8.6,48.7,53.3,97.0,,,,,"[{'type': {'displayName': 'Zone', 'value': 56}, 'value': 'Left'}, {'type': {'displayName': 'PassEndX', 'value': 140}, 'value': '53.3'}, {'type': {'displayName': 'PassEndY', 'value': 141}, 'value': '97.0'}, {'type': {'displayName': 'Angle', 'value': 213}, 'value': '0.61'}, {'type': {'displayName': 'Length', 'value': 212}, 'value': '57.3'}]",True,,,,,
1903815,FirstHalf,27,40.0,27,Pass,Successful,256,Feyenoord,326642.0,Anel Ahmedhodzic,46.1,2.4,26.4,28.8,,,,,"[{'type': {'displayName': 'PassEndX', 'value': 140}, 'value': '26.4'}, {'type': {'displayName': 'Angle', 'value': 213}, 'value': '2.43'}, {'type': {'displayName': 'Length', 'value': 212}, 'value': '27.4'}, {'type': {'displayName': 'PassEndY', 'value': 141}, 'value': '28.8'}, {'type': {'displayName': 'Zone', 'value': 56}, 'value': 'Back'}]",True,,,,,
1903815,FirstHalf,27,48.0,27,Pass,Successful,256,Feyenoord,121821.0,Timon Wellenreuther,32.7,56.4,42.3,91.4,,,,,"[{'type': {'displayName': 'Zone', 'value': 56}, 'value': 'Back'}, {'type': {'displayName': 'PassEndY', 'value': 141}, 'value': '91.4'}, {'type': {'displayName': 'PassEndX', 'value': 140}, 'value': '42.3'}, {'type': {'displayName': 'Length', 'value': 212}, 'value': '25.8'}, {'type': {'displayName': 'Angle', 'value': 213}, 'value': '1.17'}]",True,,,,,
1903815,FirstHalf,27,50.0,27,Pass,Successful,256,Feyenoord,431258.0,Tsuyoshi Watanabe,41.9,90.6,44.7,68.8,,,,,"[{'type': {'displayName': 'Zone', 'value': 56}, 'value': 'Back'}, {'type': {'displayName': 'Angle', 'value': 213}, 'value': '4.91'}, {'type': {'displayName': 'Length', 'value': 212}, 'value': '15.1'}, {'type': {'displayName': 'PassEndX', 'value': 140}, 'value': '44.7'}, {'type': {'displayName': 'PassEndY', 'value': 141}, 'value': '68.8'}]",True,,,,,
1903815,FirstHalf,27,54.0,27,Pass,Successful,256,Feyenoord,411078.0,Quinten Timber,43.0,68.8,45.1,57.0,,,,,"[{'type': {'displayName': 'PassEndX', 'value': 140}, 'value': '45.1'}, {'type': {'displayName': 'Zone', 'value': 56}, 'value': 'Back'}, {'type': {'displayName': 'PassEndY', 'value': 141}, 'value': '57.0'}, {'type': {'displayName': 'Angle', 'value': 213}, 'value': '4.98'}, {'type': {'displayName': 'Length', 'value': 212}, 'value': '8.3'}]",True,,,,,
1903815,FirstHalf,28,0.0,28,BallTouch,Unsuccessful,256,Feyenoord,415927.0,Luciano Valente,61.0,95.3,,,,,,,"[{'type': {'displayName': 'Zone', 'value': 56}, 'value': 'Left'}]",True,,,,,
1903815,FirstHalf,28,1.0,28,BallRecovery,Successful,116,NEC Nijmegen,497708.0,Kodai Sano,41.3,7.4,,,,,,,[],False,,,,,
1903815,FirstHalf,28,5.0,28,BallTouch,Unsuccessful,116,NEC Nijmegen,497708.0,Kodai Sano,33.5,3.1,,,,,,,"[{'type': {'displayName': 'Zone', 'value': 56}, 'value': 'Back'}]",True,,,,,
1903815,FirstHalf,28,18.0,28,Pass,Successful,256,Feyenoord,400059.0,Gijs Smal,68.8,100.0,64.0,93.2,,,,,"[{'type': {'displayName': 'PassEndX', 'value': 140}, 'value': '64.0'}, {'type': {'displayName': 'Length', 'value': 212}, 'value': '7.4'}, {'type': {'displayName': 'Angle', 'value': 213}, 'value': '3.97'}, {'type': {'displayName': 'PassEndY', 'value': 141}, 'value': '93.2'}, {'type': {'displayName': 'ThrowIn', 'value': 107}}, {'type': {'displayName': 'Zone', 'value': 56}, 'value': 'Left'}]",True,,,,,
1903815,FirstHalf,28,21.0,28,Pass,Successful,256,Feyenoord,415927.0,Luciano Valente,64.0,92.3,55.8,71.5,,,,,"[{'type': {'displayName': 'PassEndX', 'value': 140}, 'value': '55.8'}, {'type': {'displayName': 'Zone', 'value': 56}, 'value': 'Center'}, {'type': {'displayName': 'Angle', 'value': 213}, 'value': '4.17'}, {'type': {'displayName': 'Length', 'value': 212}, 'value': '16.6'}, {'type': {'displayName': 'PassEndY', 'value': 141}, 'value': '71.5'}]",True,,,,,
1903815,FirstHalf,28,24.0,28,Pass,Successful,256,Feyenoord,411078.0,Quinten Timber,54.0,63.6,52.3,32.4,,,,,"[{'type': {'displayName': 'Zone', 'value': 56}, 'value': 'Center'}, {'type': {'displayName': 'PassEndX', 'value': 140}, 'value': '52.3'}, {'type': {'displayName': 'Angle', 'value': 213}, 'value': '4.63'}, {'type': {'displayName': 'Length', 'value': 212}, 'value': '21.3'}, {'type': {'displayName': 'PassEndY', 'value': 141}, 'value': '32.4'}]",True,,,,,
1903815,FirstHalf,28,26.0,28,Pass,Successful,256,Feyenoord,326642.0,Anel Ahmedhodzic,52.3,31.7,65.5,25.4,,,,,"[{'type': {'displayName': 'Length', 'value': 212}, 'value': '14.5'}, {'type': {'displayName': 'Angle', 'value': 213}, 'value': '5.98'}, {'type': {'displayName': 'PassEndY', 'value': 141}, 'value': '25.4'}, {'type': {'displayName': 'PassEndX', 'value': 140}, 'value': '65.5'}, {'type': {'displayName': 'Zone', 'value': 56}, 'value': 'Center'}]",True,,,,,
1903815,FirstHalf,28,29.0,28,Pass,Successful,256,Feyenoord,297527.0,Bart Nieuwkoop,65.9,25.9,90.6,24.8,,,,,"[{'type': {'displayName': 'PassEndX', 'value': 140}, 'value': '90.6'}, {'type': {'displayName': 'Zone', 'value': 56}, 'value': 'Center'}, {'type': {'displayName': 'Length', 'value': 212}, 'value': '25.9'}, {'type': {'displayName': 'PassEndY', 'value': 141}, 'value': '24.8'}, {'type': {'displayName': 'Angle', 'value': 213}, 'value': '6.25'}]",True,,,,,
1903815,FirstHalf,28,33.0,28,Pass,Unsuccessful,256,Feyenoord,515829.0,Anis Hadj Moussa,93.0,31.7,100.0,82.1,,,,,"[{'type': {'displayName': 'Zone', 'value': 56}, 'value': 'Left'}, {'type': {'displayName': 'Length', 'value': 212}, 'value': '35.2'}, {'type': {'displayName': 'PassEndY', 'value': 141}, 'value': '82.1'}, {'type': {'displayName': 'PassEndX', 'value': 140}, 'value': '100.0'}, {'type': {'displayName': 'Longball', 'value': 1}}, {'type': {'displayName': 'Angle', 'value': 213}, 'value': '1.34'}]",True,,,,,
1903815,FirstHalf,29,1.0,29,Pass,Unsuccessful,116,NEC Nijmegen,448283.0,Gonzalo Crettaz,4.7,48.8,45.2,50.0,,,,,"[{'type': {'displayName': 'Longball', 'value': 1}}, {'type': {'displayName': 'GoalKick', 'value': 124}}, {'type': {'displayName': 'MissHigh', 'value': 74}}, {'type': {'displayName': 'Zone', 'value': 56}, 'value': 'Back'}, {'type': {'displayName': 'PassEndY', 'value': 141}, 'value': '50.0'}, {'type': {'displayName': 'Length', 'value': 212}, 'value': '42.5'}, {'type': {'displayName': 'Angle', 'value': 213}, 'value': '0.02'}, {'type': {'displayName': 'PassEndX', 'value': 140}, 'value': '45.2'}]",True,,,,,
1903815,FirstHalf,29,3.0,29,BallTouch,Successful,256,Feyenoord,431258.0,Tsuyoshi Watanabe,54.9,40.0,,,,,,,"[{'type': {'displayName': 'Zone', 'value': 56}, 'value': 'Center'}]",True,,,,,
1903815,FirstHalf,29,5.0,29,BallRecovery,Successful,256,Feyenoord,415927.0,Luciano Valente,48.3,52.1,,,,,,,[],False,,,,,
1903815,FirstHalf,29,5.0,29,Pass,Successful,256,Feyenoord,415927.0,Luciano Valente,48.3,52.1,75.3,11.3,,,,,"[{'type': {'displayName': 'PassEndX', 'value': 140}, 'value': '75.3'}, {'type': {'displayName': 'Length', 'value': 212}, 'value': '39.7'}, {'type': {'displayName': 'Angle', 'value': 213}, 'value': '5.51'}, {'type': {'displayName': 'PassEndY', 'value': 141}, 'value': '11.3'}, {'type': {'displayName': 'Zone', 'value': 56}, 'value': 'Right'}, {'type': {'displayName': 'Chipped', 'value': 155}}, {'type': {'displayName': 'Longball', 'value': 1}}]",True,,,,,
1903815,FirstHalf,29,8.0,29,Pass,Successful,256,Feyenoord,515829.0,Anis Hadj Moussa,74.5,10.4,87.5,13.9,,,,,"[{'type': {'displayName': 'PassEndX', 'value': 140}, 'value': '87.5'}, {'type': {'displayName': 'PassEndY', 'value': 141}, 'value': '13.9'}, {'type': {'displayName': 'Zone', 'value': 56}, 'value': 'Right'}, {'type': {'displayName': 'Angle', 'value': 213}, 'value': '0.17'}, {'type': {'displayName': 'Length', 'value': 212}, 'value': '13.9'}]",True,,,,,
1903815,FirstHalf,29,10.0,29,BallTouch,Unsuccessful,256,Feyenoord,297527.0,Bart Nieuwkoop,88.7,16.0,,,,,,,"[{'type': {'displayName': 'Zone', 'value': 56}, 'value': 'Right'}]",True,,,,,
1903815,FirstHalf,29,11.0,29,BallRecovery,Successful,116,NEC Nijmegen,497708.0,Kodai Sano,5.4,85.0,,,,,,,[],False,,,,,
1903815,FirstHalf,29,13.0,29,Pass,Unsuccessful,116,NEC Nijmegen,497708.0,Kodai Sano,4.2,92.8,41.7,95.6,,,,,"[{'type': {'displayName': 'PassEndX', 'value': 140}, 'value': '41.7'}, {'type': {'displayName': 'Longball', 'value': 1}}, {'type': {'displayName': 'Angle', 'value': 213}, 'value': '0.05'}, {'type': {'displayName': 'Zone', 'value': 56}, 'value': 'Back'}, {'type': {'displayName': 'Length', 'value': 212}, 'value': '39.4'}, {'type': {'displayName': 'PassEndY', 'value': 141}, 'value': '95.6'}]",True,,,,,
1903815,FirstHalf,29,16.0,29,Interception,Successful,256,Feyenoord,326642.0,Anel Ahmedhodzic,59.3,6.0,,,,,,,"[{'type': {'displayName': 'Zone', 'value': 56}, 'value': 'Right'}]",True,,,,,
1903815,FirstHalf,29,35.0,29,Pass,Successful,116,NEC Nijmegen,43004.0,Bryan Linssen,50.5,100.0,38.5,89.6,,,,,"[{'type': {'displayName': 'PassEndX', 'value': 140}, 'value': '38.5'}, {'type': {'displayName': 'Zone', 'value': 56}, 'value': 'Back'}, {'type': {'displayName': 'ThrowIn', 'value': 107}}, {'type': {'displayName': 'Angle', 'value': 213}, 'value': '3.73'}, {'type': {'displayName': 'PassEndY', 'value': 141}, 'value': '89.6'}, {'type': {'displayName': 'Length', 'value': 212}, 'value': '15.2'}]",True,,,,,
1903815,FirstHalf,29,37.0,29,Pass,Successful,116,NEC Nijmegen,400320.0,Ahmetcan Kaplan,35.0,87.6,13.0,66.7,,,,,"[{'type': {'displayName': 'PassEndY', 'value': 141}, 'value': '66.7'}, {'type': {'displayName': 'PassEndX', 'value': 140}, 'value': '13.0'}, {'type': {'displayName': 'Zone', 'value': 56}, 'value': 'Back'}, {'type': {'displayName': 'Angle', 'value': 213}, 'value': '3.69'}, {'type': {'displayName': 'Length', 'value': 212}, 'value': '27.1'}]",True,,,,,
1903815,FirstHalf,29,40.0,29,Pass,Unsuccessful,116,NEC Nijmegen,448283.0,Gonzalo Crettaz,10.3,79.2,54.2,62.1,,,,,"[{'type': {'displayName': 'PassEndX', 'value': 140}, 'value': '54.2'}, {'type': {'displayName': 'Zone', 'value': 56}, 'value': 'Center'}, {'type': {'displayName': 'Length', 'value': 212}, 'value': '47.5'}, {'type': {'displayName': 'PassEndY', 'value': 141}, 'value': '62.1'}, {'type': {'displayName': 'Longball', 'value': 1}}, {'type': {'displayName': 'Angle', 'value': 213}, 'value': '6.04'}]",True,,,,,
1903815,FirstHalf,29,44.0,29,Aerial,Successful,256,Feyenoord,431258.0,Tsuyoshi Watanabe,45.8,37.9,,,,,,,"[{'type': {'displayName': 'Zone', 'value': 56}, 'value': 'Back'}, {'type': {'displayName': 'OppositeRelatedEvent', 'value': 233}, 'value': '253'}, {'type': {'displayName': 'Defensive', 'value': 285}}]",False,,,,,
1903815,FirstHalf,29,44.0,29,Aerial,Unsuccessful,116,NEC Nijmegen,487049.0,Koki Ogawa,54.2,62.1,,,,,,,"[{'type': {'displayName': 'OppositeRelatedEvent', 'value': 233}, 'value': '263'}, {'type': {'displayName': 'Zone', 'value': 56}, 'value': 'Center'}, {'type': {'displayName': 'Offensive', 'value': 286}}]",False,,,,,
1903815,FirstHalf,29,45.0,29,Pass,Unsuccessful,256,Feyenoord,431258.0,Tsuyoshi Watanabe,45.8,37.9,56.6,43.8,,,,,"[{'type': {'displayName': 'Angle', 'value': 213}, 'value': '0.34'}, {'type': {'displayName': 'Length', 'value': 212}, 'value': '12.0'}, {'type': {'displayName': 'HeadPass', 'value': 3}}, {'type': {'displayName': 'PassEndY', 'value': 141}, 'value': '43.8'}, {'type': {'displayName': 'Zone', 'value': 56}, 'value': 'Center'}, {'type': {'displayName': 'PassEndX', 'value': 140}, 'value': '56.6'}]",True,,,,,
1903815,FirstHalf,29,47.0,29,BallTouch,Unsuccessful,116,NEC Nijmegen,401739.0,Darko Nejasmic,39.8,56.9,,,,,,,"[{'type': {'displayName': 'Zone', 'value': 56}, 'value': 'Back'}]",True,,,,,
1903815,FirstHalf,29,49.0,29,Pass,Successful,256,Feyenoord,431258.0,Tsuyoshi Watanabe,49.1,49.4,38.7,65.9,,,,,"[{'type': {'displayName': 'Length', 'value': 212}, 'value': '15.7'}, {'type': {'displayName': 'PassEndY', 'value': 141}, 'value': '65.9'}, {'type': {'displayName': 'Angle', 'value': 213}, 'value': '2.34'}, {'type': {'displayName': 'Zone', 'value': 56}, 'value': 'Back'}, {'type': {'displayName': 'PassEndX', 'value': 140}, 'value': '38.7'}]",True,,,,,
1903815,FirstHalf,29,50.0,29,BallRecovery,Successful,256,Feyenoord,400059.0,Gijs Smal,38.7,65.9,,,,,,,[],False,,,,,
1903815,FirstHalf,29,51.0,29,Pass,Successful,256,Feyenoord,400059.0,Gijs Smal,37.0,59.6,30.7,40.4,,,,,"[{'type': {'displayName': 'Zone', 'value': 56}, 'value': 'Back'}, {'type': {'displayName': 'Length', 'value': 212}, 'value': '14.6'}, {'type': {'displayName': 'PassEndX', 'value': 140}, 'value': '30.7'}, {'type': {'displayName': 'PassEndY', 'value': 141}, 'value': '40.4'}, {'type': {'displayName': 'Angle', 'value': 213}, 'value': '4.24'}]",True,,,,,
1903815,FirstHalf,29,53.0,29,Pass,Successful,256,Feyenoord,326642.0,Anel Ahmedhodzic,27.0,40.8,14.1,57.3,,,,,"[{'type': {'displayName': 'PassEndY', 'value': 141}, 'value': '57.3'}, {'type': {'displayName': 'Zone', 'value': 56}, 'value': 'Back'}, {'type': {'displayName': 'PassEndX', 'value': 140}, 'value': '14.1'}, {'type': {'displayName': 'Length', 'value': 212}, 'value': '17.6'}, {'type': {'displayName': 'Angle', 'value': 213}, 'value': '2.45'}]",True,,,,,
1903815,FirstHalf,29,59.0,29,Pass,Successful,256,Feyenoord,121821.0,Timon Wellenreuther,21.8,54.4,59.5,19.7,,,,,"[{'type': {'displayName': 'PassEndY', 'value': 141}, 'value': '19.7'}, {'type': {'displayName': 'PassEndX', 'value': 140}, 'value': '59.5'}, {'type': {'displayName': 'Zone', 'value': 56}, 'value': 'Right'}, {'type': {'displayName': 'Chipped', 'value': 155}}, {'type': {'displayName': 'Length', 'value': 212}, 'value': '46.1'}, {'type': {'displayName': 'Longball', 'value': 1}}, {'type': {'displayName': 'Angle', 'value': 213}, 'value': '5.75'}]",True,,,,,
1903815,FirstHalf,30,,30,OffsideGiven,Unsuccessful,116,NEC Nijmegen,487049.0,Koki Ogawa,55.7,57.9,,,,,,,[],False,,,,,
1903815,FirstHalf,30,1.0,30,Aerial,Successful,256,Feyenoord,377288.0,Ayase Ueda,59.5,19.7,,,,,,,"[{'type': {'displayName': 'Zone', 'value': 56}, 'value': 'Right'}, {'type': {'displayName': 'Offensive', 'value': 286}}, {'type': {'displayName': 'OppositeRelatedEvent', 'value': 233}, 'value': '255'}]",False,,,,,
1903815,FirstHalf,30,1.0,30,Aerial,Unsuccessful,116,NEC Nijmegen,321959.0,Philippe Sandler,40.5,80.3,,,,,,,"[{'type': {'displayName': 'OppositeRelatedEvent', 'value': 233}, 'value': '270'}, {'type': {'displayName': 'Zone', 'value': 56}, 'value': 'Back'}, {'type': {'displayName': 'Defensive', 'value': 285}}]",False,,,,,
1903815,FirstHalf,30,2.0,30,Pass,Unsuccessful,256,Feyenoord,377288.0,Ayase Ueda,59.5,19.7,77.5,35.3,,,,,"[{'type': {'displayName': 'Zone', 'value': 56}, 'value': 'Center'}, {'type': {'displayName': 'PassEndX', 'value': 140}, 'value': '77.5'}, {'type': {'displayName': 'Angle', 'value': 213}, 'value': '0.51'}, {'type': {'displayName': 'PassEndY', 'value': 141}, 'value': '35.3'}, {'type': {'displayName': 'HeadPass', 'value': 3}}, {'type': {'displayName': 'Length', 'value': 212}, 'value': '21.7'}]",True,,,,,
1903815,FirstHalf,30,4.0,30,BallRecovery,Successful,116,NEC Nijmegen,401739.0,Darko Nejasmic,23.7,63.9,,,,,,,[],False,,,,,
1903815,FirstHalf,30,5.0,30,Pass,Successful,116,NEC Nijmegen,401739.0,Darko Nejasmic,23.7,63.9,8.8,54.3,,,,,"[{'type': {'displayName': 'PassEndY', 'value': 141}, 'value': '54.3'}, {'type': {'displayName': 'Zone', 'value': 56}, 'value': 'Back'}, {'type': {'displayName': 'PassEndX', 'value': 140}, 'value': '8.8'}, {'type': {'displayName': 'Angle', 'value': 213}, 'value': '3.54'}, {'type': {'displayName': 'Length', 'value': 212}, 'value': '17.0'}]",True,,,,,
1903815,FirstHalf,30,8.0,30,Pass,Successful,116,NEC Nijmegen,448283.0,Gonzalo Crettaz,9.5,49.2,52.9,47.7,,,,,"[{'type': {'displayName': 'Zone', 'value': 56}, 'value': 'Center'}, {'type': {'displayName': 'PassEndX', 'value': 140}, 'value': '52.9'}, {'type': {'displayName': 'Angle', 'value': 213}, 'value': '6.26'}, {'type': {'displayName': 'Longball', 'value': 1}}, {'type': {'displayName': 'Length', 'value': 212}, 'value': '45.6'}, {'type': {'displayName': 'PassEndY', 'value': 141}, 'value': '47.7'}]",True,,,,,
1903815,FirstHalf,30,12.0,30,Aerial,Successful,116,NEC Nijmegen,487049.0,Koki Ogawa,52.9,47.7,,,,,,,"[{'type': {'displayName': 'OppositeRelatedEvent', 'value': 233}, 'value': '272'}, {'type': {'displayName': 'Offensive', 'value': 286}}, {'type': {'displayName': 'Zone', 'value': 56}, 'value': 'Center'}]",False,,,,,
1903815,FirstHalf,30,12.0,30,Aerial,Unsuccessful,256,Feyenoord,431258.0,Tsuyoshi Watanabe,47.1,52.3,,,,,,,"[{'type': {'displayName': 'Defensive', 'value': 285}}, {'type': {'displayName': 'Zone', 'value': 56}, 'value': 'Back'}, {'type': {'displayName': 'OppositeRelatedEvent', 'value': 233}, 'value': '259'}]",False,,,,,
1903815,FirstHalf,30,13.0,30,Pass,Unsuccessful,116,NEC Nijmegen,487049.0,Koki Ogawa,52.9,47.7,55.3,47.9,,,,,"[{'type': {'displayName': 'Length', 'value': 212}, 'value': '2.5'}, {'type': {'displayName': 'PassEndX', 'value': 140}, 'value': '55.3'}, {'type': {'displayName': 'PassEndY', 'value': 141}, 'value': '47.9'}, {'type': {'displayName': 'Angle', 'value': 213}, 'value': '0.05'}, {'type': {'displayName': 'Zone', 'value': 56}, 'value': 'Center'}]",True,,,,,
1903815,FirstHalf,30,14.0,30,BallTouch,Successful,256,Feyenoord,431258.0,Tsuyoshi Watanabe,47.7,52.0,,,,,,,"[{'type': {'displayName': 'Zone', 'value': 56}, 'value': 'Back'}]",True,,,,,
1903815,FirstHalf,30,15.0,30,BallTouch,Unsuccessful,256,Feyenoord,411078.0,Quinten Timber,49.0,35.1,,,,,,,"[{'type': {'displayName': 'Zone', 'value': 56}, 'value': 'Back'}]",True,,,,,
1903815,FirstHalf,30,17.0,30,BallTouch,Unsuccessful,116,NEC Nijmegen,497708.0,Kodai Sano,55.9,65.7,,,,,,,"[{'type': {'displayName': 'Zone', 'value': 56}, 'value': 'Center'}]",True,,,,,
1903815,FirstHalf,30,17.0,30,Pass,Successful,256,Feyenoord,297527.0,Bart Nieuwkoop,42.2,35.3,45.8,40.9,,,,,"[{'type': {'displayName': 'Angle', 'value': 213}, 'value': '0.79'}, {'type': {'displayName': 'Zone', 'value': 56}, 'value': 'Back'}, {'type': {'displayName': 'PassEndX', 'value': 140}, 'value': '45.8'}, {'type': {'displayName': 'Length', 'value': 212}, 'value': '5.4'}, {'type': {'displayName': 'PassEndY', 'value': 141}, 'value': '40.9'}]",True,,,,,
1903815,FirstHalf,30,19.0,30,BallRecovery,Successful,256,Feyenoord,415927.0,Luciano Valente,49.7,39.5,,,,,,,[],False,,,,,
1903815,FirstHalf,30,20.0,30,Pass,Successful,256,Feyenoord,415927.0,Luciano Valente,52.6,38.5,87.3,15.4,,,,,"[{'type': {'displayName': 'Length', 'value': 212}, 'value': '39.7'}, {'type': {'displayName': 'PassEndY', 'value': 141}, 'value': '15.4'}, {'type': {'displayName': 'PassEndX', 'value': 140}, 'value': '87.3'}, {'type': {'displayName': 'Zone', 'value': 56}, 'value': 'Right'}, {'type': {'displayName': 'Angle', 'value': 213}, 'value': '5.88'}, {'type': {'displayName': 'Longball', 'value': 1}}]",True,,,,,
1903815,FirstHalf,30,26.0,30,Pass,Unsuccessful,256,Feyenoord,515829.0,Anis Hadj Moussa,91.9,26.0,90.0,55.4,,,,,"[{'type': {'displayName': 'Length', 'value': 212}, 'value': '20.1'}, {'type': {'displayName': 'Cross', 'value': 2}}, {'type': {'displayName': 'LeftFoot', 'value': 72}}, {'type': {'displayName': 'PassEndY', 'value': 141}, 'value': '55.4'}, {'type': {'displayName': 'Zone', 'value': 56}, 'value': 'Center'}, {'type': {'displayName': 'Angle', 'value': 213}, 'value': '1.67'}, {'type': {'displayName': 'PassEndX', 'value': 140}, 'value': '90.0'}]",True,,,,,
1903815,FirstHalf,30,27.0,30,Clearance,Successful,116,NEC Nijmegen,321959.0,Philippe Sandler,8.8,57.1,32.8,37.3,,,,,"[{'type': {'displayName': 'PassEndX', 'value': 140}, 'value': '32.8'}, {'type': {'displayName': 'Angle', 'value': 213}, 'value': '5.79'}, {'type': {'displayName': 'Length', 'value': 212}, 'value': '28.6'}, {'type': {'displayName': 'Zone', 'value': 56}, 'value': 'Back'}, {'type': {'displayName': 'PassEndY', 'value': 141}, 'value': '37.3'}]",True,,,,,
1903815,FirstHalf,30,29.0,30,BallRecovery,Successful,116,NEC Nijmegen,515755.0,Sami Ouaissa,33.8,37.0,,,,,,,[],False,,,,,
1903815,FirstHalf,30,30.0,30,Pass,Successful,116,NEC Nijmegen,515755.0,Sami Ouaissa,33.8,37.0,30.2,44.2,,,,,"[{'type': {'displayName': 'PassEndX', 'value': 140}, 'value': '30.2'}, {'type': {'displayName': 'Length', 'value': 212}, 'value': '6.2'}, {'type': {'displayName': 'Angle', 'value': 213}, 'value': '2.23'}, {'type': {'displayName': 'Zone', 'value': 56}, 'value': 'Back'}, {'type': {'displayName': 'PassEndY', 'value': 141}, 'value': '44.2'}]",True,,,,,
1903815,FirstHalf,30,30.0,30,Pass,Successful,116,NEC Nijmegen,37502.0,Tjaronn Chery,30.8,43.9,39.6,41.3,,,,,"[{'type': {'displayName': 'PassEndY', 'value': 141}, 'value': '41.3'}, {'type': {'displayName': 'Angle', 'value': 213}, 'value': '6.09'}, {'type': {'displayName': 'Zone', 'value': 56}, 'value': 'Back'}, {'type': {'displayName': 'Length', 'value': 212}, 'value': '9.4'}, {'type': {'displayName': 'PassEndX', 'value': 140}, 'value': '39.6'}]",True,,,,,
1903815,FirstHalf,30,31.0,30,Pass,Successful,116,NEC Nijmegen,497708.0,Kodai Sano,39.6,41.3,38.0,51.7,,,,,"[{'type': {'displayName': 'LayOff', 'value': 156}}, {'type': {'displayName': 'Angle', 'value': 213}, 'value': '1.80'}, {'type': {'displayName': 'PassEndY', 'value': 141}, 'value': '51.7'}, {'type': {'displayName': 'Length', 'value': 212}, 'value': '7.3'}, {'type': {'displayName': 'PassEndX', 'value': 140}, 'value': '38.0'}, {'type': {'displayName': 'Zone', 'value': 56}, 'value': 'Back'}]",True,,,,,
1903815,FirstHalf,30,32.0,30,OffsidePass,Successful,116,NEC Nijmegen,43004.0,Bryan Linssen,40.5,49.7,55.7,57.9,,,,,"[{'type': {'displayName': 'PlayerCaughtOffside', 'value': 7}, 'value': '487049'}, {'type': {'displayName': 'PassEndY', 'value': 141}, 'value': '57.9'}, {'type': {'displayName': 'PassEndX', 'value': 140}, 'value': '55.7'}, {'type': {'displayName': 'Zone', 'value': 56}, 'value': 'Center'}]",True,,,,,
1903815,FirstHalf,30,32.0,30,OffsideProvoked,Successful,256,Feyenoord,431258.0,Tsuyoshi Watanabe,38.1,45.8,,,,,,,[],False,,,,,
1903815,FirstHalf,31,20.0,31,Pass,Successful,256,Feyenoord,121821.0,Timon Wellenreuther,30.4,40.4,64.0,93.1,,,,,"[{'type': {'displayName': 'Length', 'value': 212}, 'value': '50.3'}, {'type': {'displayName': 'Longball', 'value': 1}}, {'type': {'displayName': 'FreekickTaken', 'value': 5}}, {'type': {'displayName': 'Angle', 'value': 213}, 'value': '0.79'}, {'type': {'displayName': 'PassEndX', 'value': 140}, 'value': '64.0'}, {'type': {'displayName': 'PassEndY', 'value': 141}, 'value': '93.1'}, {'type': {'displayName': 'Zone', 'value': 56}, 'value': 'Left'}, {'type': {'displayName': 'IndirectFreekickTaken', 'value': 241}}]",True,,,,,
1903815,FirstHalf,31,23.0,31,Aerial,Successful,256,Feyenoord,400059.0,Gijs Smal,64.0,93.1,,,,,,,"[{'type': {'displayName': 'OppositeRelatedEvent', 'value': 233}, 'value': '269'}, {'type': {'displayName': 'Offensive', 'value': 286}}, {'type': {'displayName': 'Zone', 'value': 56}, 'value': 'Left'}]",False,,,,,
1903815,FirstHalf,31,23.0,31,Aerial,Unsuccessful,116,NEC Nijmegen,515755.0,Sami Ouaissa,36.0,6.9,,,,,,,"[{'type': {'displayName': 'Zone', 'value': 56}, 'value': 'Back'}, {'type': {'displayName': 'Defensive', 'value': 285}}, {'type': {'displayName': 'OppositeRelatedEvent', 'value': 233}, 'value': '280'}]",False,,,,,
1903815,FirstHalf,31,23.0,31,Pass,Successful,256,Feyenoord,400059.0,Gijs Smal,64.0,93.1,54.3,85.2,,,,,"[{'type': {'displayName': 'HeadPass', 'value': 3}}, {'type': {'displayName': 'Zone', 'value': 56}, 'value': 'Left'}, {'type': {'displayName': 'Angle', 'value': 213}, 'value': '3.63'}, {'type': {'displayName': 'Length', 'value': 212}, 'value': '11.5'}, {'type': {'displayName': 'PassEndY', 'value': 141}, 'value': '85.2'}, {'type': {'displayName': 'PassEndX', 'value': 140}, 'value': '54.3'}]",True,,,,,
1903815,FirstHalf,31,26.0,31,Pass,Unsuccessful,256,Feyenoord,411078.0,Quinten Timber,54.3,85.2,53.9,83.8,,,,,"[{'type': {'displayName': 'PassEndX', 'value': 140}, 'value': '53.9'}, {'type': {'displayName': 'Zone', 'value': 56}, 'value': 'Left'}, {'type': {'displayName': 'Angle', 'value': 213}, 'value': '4.30'}, {'type': {'displayName': 'PassEndY', 'value': 141}, 'value': '83.8'}, {'type': {'displayName': 'Length', 'value': 212}, 'value': '1.0'}]",True,,,,,
1903815,FirstHalf,31,27.0,31,BallTouch,Successful,116,NEC Nijmegen,37502.0,Tjaronn Chery,41.4,25.2,,,,,,,"[{'type': {'displayName': 'Zone', 'value': 56}, 'value': 'Back'}]",True,,,,,
1903815,FirstHalf,31,29.0,31,BallRecovery,Successful,116,NEC Nijmegen,497708.0,Kodai Sano,46.9,28.2,,,,,,,[],False,,,,,
1903815,FirstHalf,31,29.0,31,Pass,Successful,116,NEC Nijmegen,497708.0,Kodai Sano,47.3,28.0,60.3,11.0,,,,,"[{'type': {'displayName': 'PassEndX', 'value': 140}, 'value': '60.3'}, {'type': {'displayName': 'Angle', 'value': 213}, 'value': '5.58'}, {'type': {'displayName': 'Length', 'value': 212}, 'value': '17.9'}, {'type': {'displayName': 'Zone', 'value': 56}, 'value': 'Right'}, {'type': {'displayName': 'PassEndY', 'value': 141}, 'value': '11.0'}]",True,,,,,
1903815,FirstHalf,31,33.0,31,Pass,Successful,116,NEC Nijmegen,37502.0,Tjaronn Chery,76.2,21.3,75.3,29.4,,,,,"[{'type': {'displayName': 'PassEndX', 'value': 140}, 'value': '75.3'}, {'type': {'displayName': 'Length', 'value': 212}, 'value': '5.6'}, {'type': {'displayName': 'ShotAssist', 'value': 210}, 'value': '15'}, {'type': {'displayName': 'PassEndY', 'value': 141}, 'value': '29.4'}, {'type': {'displayName': 'Zone', 'value': 56}, 'value': 'Center'}, {'type': {'displayName': 'Angle', 'value': 213}, 'value': '1.74'}, {'type': {'displayName': 'KeyPass', 'value': 11113}}]",True,,,,,
1903815,FirstHalf,31,36.0,31,SavedShot,Successful,116,NEC Nijmegen,515755.0,Sami Ouaissa,76.9,32.7,,,50.8,19.0,80.3,35.4,"[{'type': {'displayName': 'LeftFoot', 'value': 72}}, {'type': {'displayName': 'FastBreak', 'value': 23}}, {'type': {'displayName': 'OppositeRelatedEvent', 'value': 233}, 'value': '283'}, {'type': {'displayName': 'Zone', 'value': 56}, 'value': 'Center'}, {'type': {'displayName': 'LowCentre', 'value': 78}}, {'type': {'displayName': 'GoalMouthZ', 'value': 103}, 'value': '19'}, {'type': {'displayName': 'GoalMouthY', 'value': 102}, 'value': '50.8'}, {'type': {'displayName': 'BlockedY', 'value': 147}, 'value': '35.4'}, {'type': {'displayName': 'RelatedEventId', 'value': 55}, 'value': '273'}, {'type': {'displayName': 'Assisted', 'value': 29}}, {'type': {'displayName': 'Blocked', 'value': 82}}, {'type': {'displayName': 'OutOfBoxCentre', 'value': 18}}, {'type': {'displayName': 'IndividualPlay', 'value': 215}}, {'type': {'displayName': 'BlockedX', 'value': 146}, 'value': '80.3'}]",True,True,,,273.0,37502.0
1903815,FirstHalf,31,36.0,31,Save,Successful,256,Feyenoord,400059.0,Gijs Smal,19.5,61.6,,,,,,,"[{'type': {'displayName': 'OutfielderBlock', 'value': 94}}, {'type': {'displayName': 'Zone', 'value': 56}, 'value': 'Back'}, {'type': {'displayName': 'OppositeRelatedEvent', 'value': 233}, 'value': '274'}]",True,,,,,
1903815,FirstHalf,31,41.0,31,SavedShot,Successful,116,NEC Nijmegen,401739.0,Darko Nejasmic,73.2,53.4,,,46.4,26.6,97.5,49.8,"[{'type': {'displayName': 'OppositeRelatedEvent', 'value': 233}, 'value': '284'}, {'type': {'displayName': 'LeftFoot', 'value': 72}}, {'type': {'displayName': 'OutOfBoxCentre', 'value': 18}}, {'type': {'displayName': 'Zone', 'value': 56}, 'value': 'Center'}, {'type': {'displayName': 'BlockedX', 'value': 146}, 'value': '97.5'}, {'type': {'displayName': 'FastBreak', 'value': 23}}, {'type': {'displayName': 'GoalMouthY', 'value': 102}, 'value': '46.4'}, {'type': {'displayName': 'IndividualPlay', 'value': 215}}, {'type': {'displayName': 'GoalMouthZ', 'value': 103}, 'value': '26.6'}, {'type': {'displayName': 'BlockedY', 'value': 147}, 'value': '49.8'}, {'type': {'displayName': 'HighRight', 'value': 81}}]",True,True,,,,
1903815,FirstHalf,31,41.0,31,Save,Successful,256,Feyenoord,121821.0,Timon Wellenreuther,2.4,51.5,,,,,,,"[{'type': {'displayName': 'ParriedSafe', 'value': 173}}, {'type': {'displayName': 'OppositeRelatedEvent', 'value': 233}, 'value': '275'}, {'type': {'displayName': 'DivingSave', 'value': 179}}, {'type': {'displayName': 'Zone', 'value': 56}, 'value': 'Back'}, {'type': {'displayName': 'Hands', 'value': 182}}, {'type': {'displayName': 'KeeperSaveObox', 'value': 11117}}]",True,,,,,
1903815,FirstHalf,31,42.0,31,CornerAwarded,Successful,116,NEC Nijmegen,401739.0,Darko Nejasmic,88.4,51.0,,,,,,,"[{'type': {'displayName': 'OppositeRelatedEvent', 'value': 233}, 'value': '285'}, {'type': {'displayName': 'Zone', 'value': 56}, 'value': 'Center'}, {'type': {'displayName': 'MissRight', 'value': 75}}]",False,,,,,
1903815,FirstHalf,31,42.0,31,CornerAwarded,Unsuccessful,256,Feyenoord,121821.0,Timon Wellenreuther,11.6,49.0,,,,,,,"[{'type': {'displayName': 'MissLeft', 'value': 73}}, {'type': {'displayName': 'Zone', 'value': 56}, 'value': 'Back'}, {'type': {'displayName': 'OppositeRelatedEvent', 'value': 233}, 'value': '276'}]",False,,,,,
1903815,FirstHalf,32,24.0,32,Pass,Unsuccessful,116,NEC Nijmegen,515755.0,Sami Ouaissa,99.5,0.5,92.1,59.1,,,,,"[{'type': {'displayName': 'Longball', 'value': 1}}, {'type': {'displayName': 'Cross', 'value': 2}}, {'type': {'displayName': 'CornerTaken', 'value': 6}}, {'type': {'displayName': 'Chipped', 'value': 155}}, {'type': {'displayName': 'RightFoot', 'value': 20}}, {'type': {'displayName': 'PassEndX', 'value': 140}, 'value': '92.1'}, {'type': {'displayName': 'Angle', 'value': 213}, 'value': '1.76'}, {'type': {'displayName': 'Zone', 'value': 56}, 'value': 'Center'}, {'type': {'displayName': 'Length', 'value': 212}, 'value': '40.6'}, {'type': {'displayName': 'PassEndY', 'value': 141}, 'value': '59.1'}]",True,,,,,
1903815,FirstHalf,32,27.0,32,Clearance,Successful,256,Feyenoord,297527.0,Bart Nieuwkoop,5.9,38.6,19.6,26.2,,,,,"[{'type': {'displayName': 'Angle', 'value': 213}, 'value': '5.75'}, {'type': {'displayName': 'PassEndX', 'value': 140}, 'value': '19.6'}, {'type': {'displayName': 'Zone', 'value': 56}, 'value': 'Back'}, {'type': {'displayName': 'PassEndY', 'value': 141}, 'value': '26.2'}, {'type': {'displayName': 'Head', 'value': 15}}, {'type': {'displayName': 'Length', 'value': 212}, 'value': '16.7'}]",True,,,,,
1903815,FirstHalf,32,30.0,32,BallTouch,Successful,116,NEC Nijmegen,497708.0,Kodai Sano,83.8,75.1,,,,,,,"[{'type': {'displayName': 'Zone', 'value': 56}, 'value': 'Center'}]",True,,,,,
1903815,FirstHalf,32,32.0,32,Pass,Successful,116,NEC Nijmegen,401739.0,Darko Nejasmic,86.3,80.7,77.8,82.9,,,,,"[{'type': {'displayName': 'PassEndY', 'value': 141}, 'value': '82.9'}, {'type': {'displayName': 'Zone', 'value': 56}, 'value': 'Left'}, {'type': {'displayName': 'Angle', 'value': 213}, 'value': '2.98'}, {'type': {'displayName': 'Length', 'value': 212}, 'value': '9.0'}, {'type': {'displayName': 'PassEndX', 'value': 140}, 'value': '77.8'}]",True,,,,,
1903815,FirstHalf,32,33.0,32,Pass,Successful,116,NEC Nijmegen,400320.0,Ahmetcan Kaplan,77.4,83.2,88.9,92.8,,,,,"[{'type': {'displayName': 'Zone', 'value': 56}, 'value': 'Left'}, {'type': {'displayName': 'Angle', 'value': 213}, 'value': '0.50'}, {'type': {'displayName': 'PassEndY', 'value': 141}, 'value': '92.8'}, {'type': {'displayName': 'Length', 'value': 212}, 'value': '13.7'}, {'type': {'displayName': 'PassEndX', 'value': 140}, 'value': '88.9'}]",True,,,,,
1903815,FirstHalf,32,36.0,32,Pass,Unsuccessful,116,NEC Nijmegen,497708.0,Kodai Sano,86.5,89.1,90.6,54.3,,,,,"[{'type': {'displayName': 'PassEndY', 'value': 141}, 'value': '54.3'}, {'type': {'displayName': 'PassEndX', 'value': 140}, 'value': '90.6'}, {'type': {'displayName': 'Zone', 'value': 56}, 'value': 'Center'}, {'type': {'displayName': 'Cross', 'value': 2}}, {'type': {'displayName': 'Chipped', 'value': 155}}, {'type': {'displayName': 'Length', 'value': 212}, 'value': '24.1'}, {'type': {'displayName': 'RightFoot', 'value': 20}}, {'type': {'displayName': 'Angle', 'value': 213}, 'value': '4.89'}]",True,,,,,
1903815,FirstHalf,32,39.0,32,Aerial,Successful,256,Feyenoord,326642.0,Anel Ahmedhodzic,9.4,45.7,,,,,,,"[{'type': {'displayName': 'OppositeRelatedEvent', 'value': 233}, 'value': '282'}, {'type': {'displayName': 'Defensive', 'value': 285}}, {'type': {'displayName': 'Zone', 'value': 56}, 'value': 'Back'}]",False,,,,,
1903815,FirstHalf,32,39.0,32,Aerial,Unsuccessful,116,NEC Nijmegen,321959.0,Philippe Sandler,90.6,54.3,,,,,,,"[{'type': {'displayName': 'Zone', 'value': 56}, 'value': 'Center'}, {'type': {'displayName': 'OppositeRelatedEvent', 'value': 233}, 'value': '287'}, {'type': {'displayName': 'Offensive', 'value': 286}}]",False,,,,,
1903815,FirstHalf,32,39.0,32,Clearance,Successful,256,Feyenoord,326642.0,Anel Ahmedhodzic,9.4,45.7,20.1,10.4,,,,,"[{'type': {'displayName': 'Head', 'value': 15}}, {'type': {'displayName': 'PassEndY', 'value': 141}, 'value': '10.4'}, {'type': {'displayName': 'Zone', 'value': 56}, 'value': 'Back'}, {'type': {'displayName': 'Angle', 'value': 213}, 'value': '5.15'}, {'type': {'displayName': 'Length', 'value': 212}, 'value': '26.5'}, {'type': {'displayName': 'PassEndX', 'value': 140}, 'value': '20.1'}]",True,,,,,
1903815,FirstHalf,32,40.0,32,BallTouch,Unsuccessful,256,Feyenoord,297527.0,Bart Nieuwkoop,20.1,10.9,,,,,,,"[{'type': {'displayName': 'Zone', 'value': 56}, 'value': 'Back'}]",True,,,,,
1903815,FirstHalf,33,,33,OffsideGiven,Unsuccessful,116,NEC Nijmegen,532237.0,Basar Önal,81.3,97.5,,,,,,,[],False,,,,,
1903815,FirstHalf,33,10.0,33,Pass,Successful,116,NEC Nijmegen,400320.0,Ahmetcan Kaplan,83.0,100.0,95.1,94.4,,,,,"[{'type': {'displayName': 'ThrowIn', 'value': 107}}, {'type': {'displayName': 'Zone', 'value': 56}, 'value': 'Left'}, {'type': {'displayName': 'PassEndX', 'value': 140}, 'value': '95.1'}, {'type': {'displayName': 'Length', 'value': 212}, 'value': '13.7'}, {'type': {'displayName': 'Angle', 'value': 213}, 'value': '5.90'}, {'type': {'displayName': 'PassEndY', 'value': 141}, 'value': '94.4'}]",True,,,,,
1903815,FirstHalf,33,13.0,33,Pass,Successful,116,NEC Nijmegen,532237.0,Basar Önal,96.2,97.4,94.6,86.6,,,,,"[{'type': {'displayName': 'PassEndY', 'value': 141}, 'value': '86.6'}, {'type': {'displayName': 'PassEndX', 'value': 140}, 'value': '94.6'}, {'type': {'displayName': 'Length', 'value': 212}, 'value': '7.5'}, {'type': {'displayName': 'Angle', 'value': 213}, 'value': '4.49'}, {'type': {'displayName': 'Zone', 'value': 56}, 'value': 'Left'}]",True,,,,,
1903815,FirstHalf,33,15.0,33,Pass,Unsuccessful,116,NEC Nijmegen,37502.0,Tjaronn Chery,95.3,86.5,94.9,52.5,,,,,"[{'type': {'displayName': 'Cross', 'value': 2}}, {'type': {'displayName': 'Angle', 'value': 213}, 'value': '4.69'}, {'type': {'displayName': 'OppositeRelatedEvent', 'value': 233}, 'value': '291'}, {'type': {'displayName': 'LeftFoot', 'value': 72}}, {'type': {'displayName': 'PassEndX', 'value': 140}, 'value': '94.9'}, {'type': {'displayName': 'PassEndY', 'value': 141}, 'value': '52.5'}, {'type': {'displayName': 'Length', 'value': 212}, 'value': '23.1'}, {'type': {'displayName': 'Chipped', 'value': 155}}, {'type': {'displayName': 'Zone', 'value': 56}, 'value': 'Center'}]",True,,,,,
1903815,FirstHalf,33,17.0,33,Claim,Successful,256,Feyenoord,121821.0,Timon Wellenreuther,5.4,49.3,,,,,,,"[{'type': {'displayName': 'HighClaim', 'value': 88}}, {'type': {'displayName': 'Zone', 'value': 56}, 'value': 'Back'}, {'type': {'displayName': 'OppositeRelatedEvent', 'value': 233}, 'value': '286'}]",True,,,,,
1903815,FirstHalf,33,19.0,33,Pass,Unsuccessful,256,Feyenoord,121821.0,Timon Wellenreuther,14.4,53.2,52.0,17.7,,,,,"[{'type': {'displayName': 'PassEndY', 'value': 141}, 'value': '17.7'}, {'type': {'displayName': 'Longball', 'value': 1}}, {'type': {'displayName': 'Angle', 'value': 213}, 'value': '5.73'}, {'type': {'displayName': 'Zone', 'value': 56}, 'value': 'Right'}, {'type': {'displayName': 'Length', 'value': 212}, 'value': '46.3'}, {'type': {'displayName': 'PassEndX', 'value': 140}, 'value': '52.0'}]",True,,,,,
1903815,FirstHalf,33,24.0,33,BallRecovery,Successful,116,NEC Nijmegen,321959.0,Philippe Sandler,52.0,85.3,,,,,,,[],False,,,,,
1903815,FirstHalf,33,28.0,33,OffsidePass,Successful,116,NEC Nijmegen,321959.0,Philippe Sandler,74.1,94.4,81.3,97.5,,,,,"[{'type': {'displayName': 'PlayerCaughtOffside', 'value': 7}, 'value': '532237'}, {'type': {'displayName': 'PassEndX', 'value': 140}, 'value': '81.3'}, {'type': {'displayName': 'Zone', 'value': 56}, 'value': 'Left'}, {'type': {'displayName': 'PassEndY', 'value': 141}, 'value': '97.5'}]",True,,,,,
1903815,FirstHalf,33,28.0,33,OffsideProvoked,Successful,256,Feyenoord,326642.0,Anel Ahmedhodzic,22.8,28.2,,,,,,,[],False,,,,,
1903815,FirstHalf,33,54.0,33,Pass,Successful,256,Feyenoord,326642.0,Anel Ahmedhodzic,19.7,26.2,13.7,48.3,,,,,"[{'type': {'displayName': 'Zone', 'value': 56}, 'value': 'Back'}, {'type': {'displayName': 'IndirectFreekickTaken', 'value': 241}}, {'type': {'displayName': 'FreekickTaken', 'value': 5}}, {'type': {'displayName': 'Length', 'value': 212}, 'value': '16.3'}, {'type': {'displayName': 'Angle', 'value': 213}, 'value': '1.97'}, {'type': {'displayName': 'PassEndX', 'value': 140}, 'value': '13.7'}, {'type': {'displayName': 'PassEndY', 'value': 141}, 'value': '48.3'}]",True,,,,,
1903815,FirstHalf,34,9.0,34,Pass,Successful,256,Feyenoord,121821.0,Timon Wellenreuther,29.5,41.4,46.7,30.4,,,,,"[{'type': {'displayName': 'Zone', 'value': 56}, 'value': 'Back'}, {'type': {'displayName': 'Angle', 'value': 213}, 'value': '5.89'}, {'type': {'displayName': 'PassEndX', 'value': 140}, 'value': '46.7'}, {'type': {'displayName': 'PassEndY', 'value': 141}, 'value': '30.4'}, {'type': {'displayName': 'Length', 'value': 212}, 'value': '19.5'}]",True,,,,,
1903815,FirstHalf,34,13.0,34,Pass,Successful,256,Feyenoord,377288.0,Ayase Ueda,43.4,31.8,28.6,42.0,,,,,"[{'type': {'displayName': 'PassEndY', 'value': 141}, 'value': '42.0'}, {'type': {'displayName': 'Length', 'value': 212}, 'value': '17.0'}, {'type': {'displayName': 'Angle', 'value': 213}, 'value': '2.72'}, {'type': {'displayName': 'Zone', 'value': 56}, 'value': 'Back'}, {'type': {'displayName': 'PassEndX', 'value': 140}, 'value': '28.6'}]",True,,,,,
1903815,FirstHalf,34,14.0,34,KeeperSweeper,Successful,256,Feyenoord,121821.0,Timon Wellenreuther,25.7,41.2,,,,,,,"[{'type': {'displayName': 'Zone', 'value': 56}, 'value': 'Back'}]",False,,,,,
1903815,FirstHalf,34,15.0,34,Pass,Successful,256,Feyenoord,121821.0,Timon Wellenreuther,28.6,42.0,63.9,93.2,,,,,"[{'type': {'displayName': 'Longball', 'value': 1}}, {'type': {'displayName': 'PassEndX', 'value': 140}, 'value': '63.9'}, {'type': {'displayName': 'Zone', 'value': 56}, 'value': 'Left'}, {'type': {'displayName': 'Angle', 'value': 213}, 'value': '0.75'}, {'type': {'displayName': 'PassEndY', 'value': 141}, 'value': '93.2'}, {'type': {'displayName': 'Length', 'value': 212}, 'value': '50.9'}]",True,,,,,
1903815,FirstHalf,34,19.0,34,Pass,Unsuccessful,256,Feyenoord,468119.0,Leo Sauer,64.7,93.2,67.0,84.6,,,,,"[{'type': {'displayName': 'HeadPass', 'value': 3}}, {'type': {'displayName': 'PassEndX', 'value': 140}, 'value': '67.0'}, {'type': {'displayName': 'Angle', 'value': 213}, 'value': '5.10'}, {'type': {'displayName': 'PassEndY', 'value': 141}, 'value': '84.6'}, {'type': {'displayName': 'Length', 'value': 212}, 'value': '6.3'}, {'type': {'displayName': 'Zone', 'value': 56}, 'value': 'Left'}]",True,,,,,
1903815,FirstHalf,34,23.0,34,BallRecovery,Successful,116,NEC Nijmegen,401739.0,Darko Nejasmic,35.7,22.4,,,,,,,[],False,,,,,
1903815,FirstHalf,34,23.0,34,TakeOn,Successful,116,NEC Nijmegen,401739.0,Darko Nejasmic,31.5,18.5,,,,,,,"[{'type': {'displayName': 'OppositeRelatedEvent', 'value': 233}, 'value': '299'}, {'type': {'displayName': 'Defensive', 'value': 285}}, {'type': {'displayName': 'Zone', 'value': 56}, 'value': 'Back'}]",True,,,,,
1903815,FirstHalf,34,23.0,34,Challenge,Unsuccessful,256,Feyenoord,468119.0,Leo Sauer,68.5,81.5,,,,,,,"[{'type': {'displayName': 'OppositeRelatedEvent', 'value': 233}, 'value': '290'}, {'type': {'displayName': 'Offensive', 'value': 286}}, {'type': {'displayName': 'Zone', 'value': 56}, 'value': 'Left'}]",False,,,,,
1903815,FirstHalf,34,25.0,34,Pass,Successful,116,NEC Nijmegen,401739.0,Darko Nejasmic,33.9,11.5,26.0,8.2,,,,,"[{'type': {'displayName': 'PassEndX', 'value': 140}, 'value': '26.0'}, {'type': {'displayName': 'Zone', 'value': 56}, 'value': 'Back'}, {'type': {'displayName': 'Angle', 'value': 213}, 'value': '3.41'}, {'type': {'displayName': 'PassEndY', 'value': 141}, 'value': '8.2'}, {'type': {'displayName': 'Length', 'value': 212}, 'value': '8.6'}]",True,,,,,
1903815,FirstHalf,34,27.0,34,Pass,Unsuccessful,116,NEC Nijmegen,130917.0,Eli Dasa,25.4,6.6,74.0,17.5,,,,,"[{'type': {'displayName': 'Angle', 'value': 213}, 'value': '0.14'}, {'type': {'displayName': 'Longball', 'value': 1}}, {'type': {'displayName': 'PassEndY', 'value': 141}, 'value': '17.5'}, {'type': {'displayName': 'PassEndX', 'value': 140}, 'value': '74.0'}, {'type': {'displayName': 'Length', 'value': 212}, 'value': '51.6'}, {'type': {'displayName': 'Zone', 'value': 56}, 'value': 'Right'}]",True,,,,,
1903815,FirstHalf,34,31.0,34,BallRecovery,Successful,256,Feyenoord,121821.0,Timon Wellenreuther,27.8,85.2,,,,,,,[],False,,,,,
1903815,FirstHalf,34,32.0,34,Pass,Successful,256,Feyenoord,121821.0,Timon Wellenreuther,27.8,85.2,36.9,88.4,,,,,"[{'type': {'displayName': 'Angle', 'value': 213}, 'value': '0.22'}, {'type': {'displayName': 'PassEndX', 'value': 140}, 'value': '36.9'}, {'type': {'displayName': 'PassEndY', 'value': 141}, 'value': '88.4'}, {'type': {'displayName': 'Length', 'value': 212}, 'value': '9.8'}, {'type': {'displayName': 'Zone', 'value': 56}, 'value': 'Back'}]",True,,,,,
1903815,FirstHalf,34,39.0,34,Pass,Successful,256,Feyenoord,431258.0,Tsuyoshi Watanabe,34.9,72.4,25.2,63.0,,,,,"[{'type': {'displayName': 'PassEndY', 'value': 141}, 'value': '63.0'}, {'type': {'displayName': 'Length', 'value': 212}, 'value': '12.0'}, {'type': {'displayName': 'PassEndX', 'value': 140}, 'value': '25.2'}, {'type': {'displayName': 'Zone', 'value': 56}, 'value': 'Back'}, {'type': {'displayName': 'Angle', 'value': 213}, 'value': '3.70'}]",True,,,,,
1903815,FirstHalf,34,49.0,34,Pass,Successful,256,Feyenoord,121821.0,Timon Wellenreuther,30.5,47.7,38.6,17.9,,,,,"[{'type': {'displayName': 'Length', 'value': 212}, 'value': '22.0'}, {'type': {'displayName': 'Angle', 'value': 213}, 'value': '5.11'}, {'type': {'displayName': 'Zone', 'value': 56}, 'value': 'Back'}, {'type': {'displayName': 'PassEndX', 'value': 140}, 'value': '38.6'}, {'type': {'displayName': 'PassEndY', 'value': 141}, 'value': '17.9'}]",True,,,,,
1903815,FirstHalf,34,52.0,34,Pass,Successful,256,Feyenoord,326642.0,Anel Ahmedhodzic,42.9,11.2,58.1,3.0,,,,,"[{'type': {'displayName': 'PassEndY', 'value': 141}, 'value': '3.0'}, {'type': {'displayName': 'PassEndX', 'value': 140}, 'value': '58.1'}, {'type': {'displayName': 'Zone', 'value': 56}, 'value': 'Right'}, {'type': {'displayName': 'Length', 'value': 212}, 'value': '16.9'}, {'type': {'displayName': 'Angle', 'value': 213}, 'value': '5.95'}]",True,,,,,
1903815,FirstHalf,34,55.0,34,Pass,Successful,256,Feyenoord,515829.0,Anis Hadj Moussa,56.4,17.9,73.0,31.4,,,,,"[{'type': {'displayName': 'Length', 'value': 212}, 'value': '19.7'}, {'type': {'displayName': 'PassEndY', 'value': 141}, 'value': '31.4'}, {'type': {'displayName': 'Angle', 'value': 213}, 'value': '0.48'}, {'type': {'displayName': 'Zone', 'value': 56}, 'value': 'Center'}, {'type': {'displayName': 'PassEndX', 'value': 140}, 'value': '73.0'}]",True,,,,,
1903815,FirstHalf,34,56.0,34,Pass,Unsuccessful,256,Feyenoord,361794.0,Sem Steijn,70.5,29.9,61.8,32.3,,,,,"[{'type': {'displayName': 'Zone', 'value': 56}, 'value': 'Center'}, {'type': {'displayName': 'Angle', 'value': 213}, 'value': '2.96'}, {'type': {'displayName': 'LayOff', 'value': 156}}, {'type': {'displayName': 'Length', 'value': 212}, 'value': '9.3'}, {'type': {'displayName': 'PassEndX', 'value': 140}, 'value': '61.8'}, {'type': {'displayName': 'PassEndY', 'value': 141}, 'value': '32.3'}]",True,,,,,
1903815,FirstHalf,35,0.0,35,BallRecovery,Successful,116,NEC Nijmegen,400320.0,Ahmetcan Kaplan,41.8,73.1,,,,,,,[],False,,,,,
1903815,FirstHalf,35,1.0,35,Pass,Unsuccessful,116,NEC Nijmegen,400320.0,Ahmetcan Kaplan,43.7,72.5,68.5,18.0,,,,,"[{'type': {'displayName': 'Longball', 'value': 1}}, {'type': {'displayName': 'Zone', 'value': 56}, 'value': 'Right'}, {'type': {'displayName': 'Angle', 'value': 213}, 'value': '5.32'}, {'type': {'displayName': 'PassEndY', 'value': 141}, 'value': '18.0'}, {'type': {'displayName': 'Length', 'value': 212}, 'value': '45.3'}, {'type': {'displayName': 'Chipped', 'value': 155}}, {'type': {'displayName': 'PassEndX', 'value': 140}, 'value': '68.5'}]",True,,,,,
1903815,FirstHalf,35,4.0,35,BallRecovery,Successful,256,Feyenoord,400059.0,Gijs Smal,31.6,90.3,,,,,,,[],False,,,,,
1903815,FirstHalf,35,8.0,35,Pass,Successful,256,Feyenoord,400059.0,Gijs Smal,36.7,90.6,62.6,85.8,,,,,"[{'type': {'displayName': 'Angle', 'value': 213}, 'value': '6.16'}, {'type': {'displayName': 'Zone', 'value': 56}, 'value': 'Left'}, {'type': {'displayName': 'Length', 'value': 212}, 'value': '27.4'}, {'type': {'displayName': 'PassEndX', 'value': 140}, 'value': '62.6'}, {'type': {'displayName': 'PassEndY', 'value': 141}, 'value': '85.8'}]",True,,,,,
1903815,FirstHalf,35,15.0,35,Pass,Successful,256,Feyenoord,415927.0,Luciano Valente,68.6,56.2,75.6,12.9,,,,,"[{'type': {'displayName': 'Angle', 'value': 213}, 'value': '4.96'}, {'type': {'displayName': 'PassEndX', 'value': 140}, 'value': '75.6'}, {'type': {'displayName': 'PassEndY', 'value': 141}, 'value': '12.9'}, {'type': {'displayName': 'Length', 'value': 212}, 'value': '30.3'}, {'type': {'displayName': 'Zone', 'value': 56}, 'value': 'Right'}]",True,,,,,
1903815,FirstHalf,35,20.0,35,Challenge,Unsuccessful,116,NEC Nijmegen,400320.0,Ahmetcan Kaplan,14.4,79.7,,,,,,,"[{'type': {'displayName': 'OppositeRelatedEvent', 'value': 233}, 'value': '310'}, {'type': {'displayName': 'Defensive', 'value': 285}}, {'type': {'displayName': 'Zone', 'value': 56}, 'value': 'Back'}]",False,,,,,
1903815,FirstHalf,35,20.0,35,TakeOn,Successful,256,Feyenoord,515829.0,Anis Hadj Moussa,85.6,20.3,,,,,,,"[{'type': {'displayName': 'OppositeRelatedEvent', 'value': 233}, 'value': '296'}, {'type': {'displayName': 'Offensive', 'value': 286}}, {'type': {'displayName': 'Zone', 'value': 56}, 'value': 'Right'}]",True,,,,,
1903815,FirstHalf,35,23.0,35,TakeOn,Unsuccessful,256,Feyenoord,515829.0,Anis Hadj Moussa,85.3,30.3,,,,,,,"[{'type': {'displayName': 'Offensive', 'value': 286}}, {'type': {'displayName': 'Zone', 'value': 56}, 'value': 'Center'}, {'type': {'displayName': 'OverRun', 'value': 211}}]",True,,,,,
1903815,FirstHalf,35,24.0,35,Clearance,Successful,116,NEC Nijmegen,400320.0,Ahmetcan Kaplan,9.5,68.0,10.7,66.5,,,,,"[{'type': {'displayName': 'PassEndY', 'value': 141}, 'value': '66.5'}, {'type': {'displayName': 'OppositeRelatedEvent', 'value': 233}, 'value': '312'}, {'type': {'displayName': 'PassEndX', 'value': 140}, 'value': '10.7'}, {'type': {'displayName': 'Zone', 'value': 56}, 'value': 'Back'}, {'type': {'displayName': 'Angle', 'value': 213}, 'value': '5.60'}, {'type': {'displayName': 'Length', 'value': 212}, 'value': '1.6'}]",True,,,,,
1903815,FirstHalf,35,24.0,35,BlockedPass,Successful,256,Feyenoord,515829.0,Anis Hadj Moussa,89.7,34.8,,,,,,,"[{'type': {'displayName': 'Zone', 'value': 56}, 'value': 'Center'}, {'type': {'displayName': 'OppositeRelatedEvent', 'value': 233}, 'value': '297'}, {'type': {'displayName': 'Defensive', 'value': 285}}]",True,,,,,
1903815,FirstHalf,35,57.0,35,Pass,Successful,116,NEC Nijmegen,448283.0,Gonzalo Crettaz,4.7,50.3,58.2,89.6,,,,,"[{'type': {'displayName': 'PassEndX', 'value': 140}, 'value': '58.2'}, {'type': {'displayName': 'MissHigh', 'value': 74}}, {'type': {'displayName': 'Angle', 'value': 213}, 'value': '0.44'}, {'type': {'displayName': 'Length', 'value': 212}, 'value': '62.2'}, {'type': {'displayName': 'PassEndY', 'value': 141}, 'value': '89.6'}, {'type': {'displayName': 'GoalKick', 'value': 124}}, {'type': {'displayName': 'Zone', 'value': 56}, 'value': 'Left'}, {'type': {'displayName': 'Longball', 'value': 1}}]",True,,,,,
1903815,FirstHalf,36,1.0,36,Aerial,Successful,116,NEC Nijmegen,43004.0,Bryan Linssen,58.2,89.6,,,,,,,"[{'type': {'displayName': 'OppositeRelatedEvent', 'value': 233}, 'value': '314'}, {'type': {'displayName': 'Zone', 'value': 56}, 'value': 'Left'}, {'type': {'displayName': 'Offensive', 'value': 286}}]",False,,,,,
1903815,FirstHalf,36,1.0,36,Aerial,Unsuccessful,256,Feyenoord,297527.0,Bart Nieuwkoop,41.8,10.4,,,,,,,"[{'type': {'displayName': 'Zone', 'value': 56}, 'value': 'Back'}, {'type': {'displayName': 'OppositeRelatedEvent', 'value': 233}, 'value': '300'}, {'type': {'displayName': 'Defensive', 'value': 285}}]",False,,,,,
1903815,FirstHalf,36,1.0,36,Pass,Successful,116,NEC Nijmegen,43004.0,Bryan Linssen,58.2,89.6,67.9,95.1,,,,,"[{'type': {'displayName': 'PassEndY', 'value': 141}, 'value': '95.1'}, {'type': {'displayName': 'HeadPass', 'value': 3}}, {'type': {'displayName': 'Angle', 'value': 213}, 'value': '0.35'}, {'type': {'displayName': 'Length', 'value': 212}, 'value': '10.8'}, {'type': {'displayName': 'Zone', 'value': 56}, 'value': 'Left'}, {'type': {'displayName': 'PassEndX', 'value': 140}, 'value': '67.9'}]",True,,,,,
1903815,FirstHalf,36,3.0,36,Dispossessed,Successful,116,NEC Nijmegen,532237.0,Basar Önal,63.9,96.6,,,,,,,"[{'type': {'displayName': 'Zone', 'value': 56}, 'value': 'Left'}, {'type': {'displayName': 'Offensive', 'value': 286}}, {'type': {'displayName': 'OppositeRelatedEvent', 'value': 233}, 'value': '316'}]",True,,,,,
1903815,FirstHalf,36,3.0,36,Tackle,Successful,256,Feyenoord,326642.0,Anel Ahmedhodzic,36.1,3.4,,,,,,,"[{'type': {'displayName': 'StandingSave', 'value': 178}}, {'type': {'displayName': 'Zone', 'value': 56}, 'value': 'Back'}, {'type': {'displayName': 'OppositeRelatedEvent', 'value': 233}, 'value': '302'}, {'type': {'displayName': 'Defensive', 'value': 285}}]",True,,,,,
1903815,FirstHalf,36,6.0,36,BallTouch,Unsuccessful,256,Feyenoord,297527.0,Bart Nieuwkoop,38.9,2.7,,,,,,,"[{'type': {'displayName': 'Zone', 'value': 56}, 'value': 'Back'}]",True,,,,,
1903815,FirstHalf,36,7.0,36,Pass,Unsuccessful,116,NEC Nijmegen,43004.0,Bryan Linssen,66.4,98.0,76.2,92.6,,,,,"[{'type': {'displayName': 'PassEndY', 'value': 141}, 'value': '92.6'}, {'type': {'displayName': 'PassEndX', 'value': 140}, 'value': '76.2'}, {'type': {'displayName': 'Angle', 'value': 213}, 'value': '5.94'}, {'type': {'displayName': 'Length', 'value': 212}, 'value': '10.9'}, {'type': {'displayName': 'Zone', 'value': 56}, 'value': 'Left'}]",True,,,,,
1903815,FirstHalf,36,9.0,36,BallRecovery,Successful,256,Feyenoord,431258.0,Tsuyoshi Watanabe,20.4,16.5,,,,,,,[],False,,,,,
1903815,FirstHalf,36,9.0,36,Pass,Successful,256,Feyenoord,431258.0,Tsuyoshi Watanabe,20.4,16.5,13.2,46.1,,,,,"[{'type': {'displayName': 'Angle', 'value': 213}, 'value': '1.93'}, {'type': {'displayName': 'Length', 'value': 212}, 'value': '21.5'}, {'type': {'displayName': 'Zone', 'value': 56}, 'value': 'Back'}, {'type': {'displayName': 'PassEndY', 'value': 141}, 'value': '46.1'}, {'type': {'displayName': 'PassEndX', 'value': 140}, 'value': '13.2'}]",True,,,,,
1903815,FirstHalf,36,13.0,36,Pass,Successful,256,Feyenoord,121821.0,Timon Wellenreuther,14.3,53.9,45.6,80.2,,,,,"[{'type': {'displayName': 'Length', 'value': 212}, 'value': '37.4'}, {'type': {'displayName': 'Longball', 'value': 1}}, {'type': {'displayName': 'Angle', 'value': 213}, 'value': '0.50'}, {'type': {'displayName': 'PassEndX', 'value': 140}, 'value': '45.6'}, {'type': {'displayName': 'Zone', 'value': 56}, 'value': 'Back'}, {'type': {'displayName': 'PassEndY', 'value': 141}, 'value': '80.2'}]",True,,,,,
1903815,FirstHalf,36,18.0,36,Pass,Successful,256,Feyenoord,468119.0,Leo Sauer,45.5,80.5,25.8,88.4,,,,,"[{'type': {'displayName': 'Zone', 'value': 56}, 'value': 'Back'}, {'type': {'displayName': 'HeadPass', 'value': 3}}, {'type': {'displayName': 'PassEndY', 'value': 141}, 'value': '88.4'}, {'type': {'displayName': 'Angle', 'value': 213}, 'value': '2.89'}, {'type': {'displayName': 'Length', 'value': 212}, 'value': '21.4'}, {'type': {'displayName': 'PassEndX', 'value': 140}, 'value': '25.8'}]",True,,,,,
1903815,FirstHalf,36,22.0,36,Pass,Successful,256,Feyenoord,400059.0,Gijs Smal,24.6,90.6,7.3,77.7,,,,,"[{'type': {'displayName': 'PassEndX', 'value': 140}, 'value': '7.3'}, {'type': {'displayName': 'PassEndY', 'value': 141}, 'value': '77.7'}, {'type': {'displayName': 'Zone', 'value': 56}, 'value': 'Back'}, {'type': {'displayName': 'Angle', 'value': 213}, 'value': '3.59'}, {'type': {'displayName': 'Length', 'value': 212}, 'value': '20.2'}]",True,,,,,
1903815,FirstHalf,36,25.0,36,Pass,Unsuccessful,256,Feyenoord,121821.0,Timon Wellenreuther,8.3,77.7,54.6,67.1,,,,,"[{'type': {'displayName': 'Angle', 'value': 213}, 'value': '6.14'}, {'type': {'displayName': 'Longball', 'value': 1}}, {'type': {'displayName': 'PassEndY', 'value': 141}, 'value': '67.1'}, {'type': {'displayName': 'Length', 'value': 212}, 'value': '49.1'}, {'type': {'displayName': 'PassEndX', 'value': 140}, 'value': '54.6'}, {'type': {'displayName': 'Zone', 'value': 56}, 'value': 'Center'}]",True,,,,,
1903815,FirstHalf,36,27.0,36,Pass,Successful,116,NEC Nijmegen,321959.0,Philippe Sandler,46.1,34.0,71.7,34.8,,,,,"[{'type': {'displayName': 'Longball', 'value': 1}}, {'type': {'displayName': 'PassEndY', 'value': 141}, 'value': '34.8'}, {'type': {'displayName': 'PassEndX', 'value': 140}, 'value': '71.7'}, {'type': {'displayName': 'Zone', 'value': 56}, 'value': 'Center'}, {'type': {'displayName': 'Length', 'value': 212}, 'value': '26.9'}, {'type': {'displayName': 'Angle', 'value': 213}, 'value': '0.02'}]",True,,,,,
1903815,FirstHalf,36,28.0,36,Pass,Successful,116,NEC Nijmegen,43004.0,Bryan Linssen,73.6,35.6,70.6,29.4,,,,,"[{'type': {'displayName': 'LayOff', 'value': 156}}, {'type': {'displayName': 'Zone', 'value': 56}, 'value': 'Center'}, {'type': {'displayName': 'Angle', 'value': 213}, 'value': '4.07'}, {'type': {'displayName': 'Length', 'value': 212}, 'value': '5.3'}, {'type': {'displayName': 'PassEndX', 'value': 140}, 'value': '70.6'}, {'type': {'displayName': 'PassEndY', 'value': 141}, 'value': '29.4'}]",True,,,,,
1903815,FirstHalf,36,29.0,36,BallRecovery,Successful,116,NEC Nijmegen,515755.0,Sami Ouaissa,70.6,28.7,,,,,,,[],False,,,,,
1903815,FirstHalf,36,30.0,36,Pass,Successful,116,NEC Nijmegen,515755.0,Sami Ouaissa,70.6,28.7,77.6,24.1,,,,,"[{'type': {'displayName': 'Angle', 'value': 213}, 'value': '5.88'}, {'type': {'displayName': 'PassEndX', 'value': 140}, 'value': '77.6'}, {'type': {'displayName': 'Length', 'value': 212}, 'value': '8.0'}, {'type': {'displayName': 'PassEndY', 'value': 141}, 'value': '24.1'}, {'type': {'displayName': 'Zone', 'value': 56}, 'value': 'Center'}]",True,,,,,
1903815,FirstHalf,36,31.0,36,Pass,Unsuccessful,116,NEC Nijmegen,43004.0,Bryan Linssen,79.5,21.6,95.7,51.3,,,,,"[{'type': {'displayName': 'RightFoot', 'value': 20}}, {'type': {'displayName': 'Chipped', 'value': 155}}, {'type': {'displayName': 'PassEndX', 'value': 140}, 'value': '95.7'}, {'type': {'displayName': 'Length', 'value': 212}, 'value': '26.4'}, {'type': {'displayName': 'PassEndY', 'value': 141}, 'value': '51.3'}, {'type': {'displayName': 'Angle', 'value': 213}, 'value': '0.87'}, {'type': {'displayName': 'Zone', 'value': 56}, 'value': 'Center'}, {'type': {'displayName': 'Cross', 'value': 2}}]",True,,,,,
1903815,FirstHalf,36,35.0,36,KeeperPickup,Successful,256,Feyenoord,121821.0,Timon Wellenreuther,4.0,50.3,,,,,,,[],False,,,,,
1903815,FirstHalf,36,41.0,36,Pass,Unsuccessful,256,Feyenoord,121821.0,Timon Wellenreuther,14.2,47.9,36.9,53.0,,,,,"[{'type': {'displayName': 'Angle', 'value': 213}, 'value': '0.14'}, {'type': {'displayName': 'Length', 'value': 212}, 'value': '24.1'}, {'type': {'displayName': 'KeeperThrow', 'value': 123}}, {'type': {'displayName': 'PassEndX', 'value': 140}, 'value': '36.9'}, {'type': {'displayName': 'PassEndY', 'value': 141}, 'value': '53.0'}, {'type': {'displayName': 'Zone', 'value': 56}, 'value': 'Back'}]",True,,,,,
1903815,FirstHalf,36,43.0,36,Interception,Successful,116,NEC Nijmegen,43004.0,Bryan Linssen,63.1,47.0,,,,,,,"[{'type': {'displayName': 'Zone', 'value': 56}, 'value': 'Center'}]",True,,,,,
1903815,FirstHalf,36,45.0,36,BallRecovery,Successful,116,NEC Nijmegen,497708.0,Kodai Sano,57.5,52.6,,,,,,,[],False,,,,,
1903815,FirstHalf,36,45.0,36,Pass,Successful,116,NEC Nijmegen,497708.0,Kodai Sano,57.5,52.6,65.6,59.6,,,,,"[{'type': {'displayName': 'Length', 'value': 212}, 'value': '9.7'}, {'type': {'displayName': 'PassEndY', 'value': 141}, 'value': '59.6'}, {'type': {'displayName': 'Zone', 'value': 56}, 'value': 'Center'}, {'type': {'displayName': 'Angle', 'value': 213}, 'value': '0.51'}, {'type': {'displayName': 'PassEndX', 'value': 140}, 'value': '65.6'}]",True,,,,,
1903815,FirstHalf,36,49.0,36,Pass,Successful,116,NEC Nijmegen,37502.0,Tjaronn Chery,74.6,70.1,83.1,77.7,,,,,"[{'type': {'displayName': 'Angle', 'value': 213}, 'value': '0.52'}, {'type': {'displayName': 'PassEndX', 'value': 140}, 'value': '83.1'}, {'type': {'displayName': 'PassEndY', 'value': 141}, 'value': '77.7'}, {'type': {'displayName': 'Length', 'value': 212}, 'value': '10.3'}, {'type': {'displayName': 'Zone', 'value': 56}, 'value': 'Center'}]",True,,,,,
1903815,FirstHalf,36,50.0,36,Pass,Successful,116,NEC Nijmegen,532237.0,Basar Önal,83.2,77.4,96.4,73.9,,,,,"[{'type': {'displayName': 'PassEndY', 'value': 141}, 'value': '73.9'}, {'type': {'displayName': 'Length', 'value': 212}, 'value': '14.1'}, {'type': {'displayName': 'Angle', 'value': 213}, 'value': '6.11'}, {'type': {'displayName': 'Zone', 'value': 56}, 'value': 'Center'}, {'type': {'displayName': 'PassEndX', 'value': 140}, 'value': '96.4'}]",True,,,,,
1903815,FirstHalf,36,53.0,36,Pass,Successful,116,NEC Nijmegen,37502.0,Tjaronn Chery,97.0,73.3,92.6,49.5,,,,,"[{'type': {'displayName': 'Angle', 'value': 213}, 'value': '4.43'}, {'type': {'displayName': 'LeftFoot', 'value': 72}}, {'type': {'displayName': 'Cross', 'value': 2}}, {'type': {'displayName': 'PassEndY', 'value': 141}, 'value': '49.5'}, {'type': {'displayName': 'ShotAssist', 'value': 210}, 'value': '16'}, {'type': {'displayName': 'Chipped', 'value': 155}}, {'type': {'displayName': 'Length', 'value': 212}, 'value': '16.8'}, {'type': {'displayName': 'Zone', 'value': 56}, 'value': 'Center'}, {'type': {'displayName': 'RegularPlay', 'value': 22}}, {'type': {'displayName': 'IntentionalAssist', 'value': 154}}, {'type': {'displayName': 'PassEndX', 'value': 140}, 'value': '92.6'}, {'type': {'displayName': 'IntentionalGoalAssist', 'value': 11111}}, {'type': {'displayName': 'KeyPass', 'value': 11113}}]",True,,,,,
1903815,FirstHalf,36,55.0,36,Goal,Successful,116,NEC Nijmegen,43004.0,Bryan Linssen,92.3,51.7,,,46.5,3.8,,,"[{'type': {'displayName': 'RegularPlay', 'value': 22}}, {'type': {'displayName': 'RightFoot', 'value': 20}}, {'type': {'displayName': 'Assisted', 'value': 29}}, {'type': {'displayName': 'GoalMouthY', 'value': 102}, 'value': '46.5'}, {'type': {'displayName': 'RelatedEventId', 'value': 55}, 'value': '314'}, {'type': {'displayName': 'GoalMouthZ', 'value': 103}, 'value': '3.8'}, {'type': {'displayName': 'IntentionalAssist', 'value': 154}}, {'type': {'displayName': 'LowRight', 'value': 80}}, {'type': {'displayName': 'BoxCentre', 'value': 17}}, {'type': {'displayName': 'Zone', 'value': 56}, 'value': 'Center'}]",True,True,True,,314.0,37502.0
1903815,FirstHalf,38,22.0,38,Pass,Successful,256,Feyenoord,361794.0,Sem Steijn,50.1,49.8,39.0,57.4,,,,,"[{'type': {'displayName': 'PassEndX', 'value': 140}, 'value': '39.0'}, {'type': {'displayName': 'Length', 'value': 212}, 'value': '12.7'}, {'type': {'displayName': 'Zone', 'value': 56}, 'value': 'Back'}, {'type': {'displayName': 'PassEndY', 'value': 141}, 'value': '57.4'}, {'type': {'displayName': 'Angle', 'value': 213}, 'value': '2.72'}]",True,,,,,
1903815,FirstHalf,38,23.0,38,Pass,Successful,256,Feyenoord,411078.0,Quinten Timber,39.2,57.7,37.1,85.9,,,,,"[{'type': {'displayName': 'PassEndX', 'value': 140}, 'value': '37.1'}, {'type': {'displayName': 'Length', 'value': 212}, 'value': '19.3'}, {'type': {'displayName': 'PassEndY', 'value': 141}, 'value': '85.9'}, {'type': {'displayName': 'Angle', 'value': 213}, 'value': '1.69'}, {'type': {'displayName': 'Zone', 'value': 56}, 'value': 'Back'}]",True,,,,,
1903815,FirstHalf,38,23.0,38,Pass,Successful,256,Feyenoord,400059.0,Gijs Smal,37.1,85.9,52.9,96.1,,,,,"[{'type': {'displayName': 'PassEndX', 'value': 140}, 'value': '52.9'}, {'type': {'displayName': 'Length', 'value': 212}, 'value': '18.0'}, {'type': {'displayName': 'Angle', 'value': 213}, 'value': '0.40'}, {'type': {'displayName': 'Zone', 'value': 56}, 'value': 'Left'}, {'type': {'displayName': 'PassEndY', 'value': 141}, 'value': '96.1'}]",True,,,,,
1903815,FirstHalf,38,27.0,38,TakeOn,Unsuccessful,256,Feyenoord,468119.0,Leo Sauer,61.8,87.0,,,,,,,"[{'type': {'displayName': 'Offensive', 'value': 286}}, {'type': {'displayName': 'Zone', 'value': 56}, 'value': 'Left'}, {'type': {'displayName': 'OppositeRelatedEvent', 'value': 233}, 'value': '316'}]",True,,,,,
1903815,FirstHalf,38,27.0,38,Tackle,Successful,116,NEC Nijmegen,37502.0,Tjaronn Chery,38.2,13.0,,,,,,,"[{'type': {'displayName': 'Zone', 'value': 56}, 'value': 'Back'}, {'type': {'displayName': 'StandingSave', 'value': 178}}, {'type': {'displayName': 'OppositeRelatedEvent', 'value': 233}, 'value': '329'}, {'type': {'displayName': 'Defensive', 'value': 285}}]",True,,,,,
1903815,FirstHalf,38,29.0,38,BallRecovery,Successful,116,NEC Nijmegen,37502.0,Tjaronn Chery,43.3,16.2,,,,,,,[],False,,,,,
1903815,FirstHalf,38,31.0,38,Pass,Successful,116,NEC Nijmegen,37502.0,Tjaronn Chery,47.8,15.0,57.7,22.3,,,,,"[{'type': {'displayName': 'PassEndX', 'value': 140}, 'value': '57.7'}, {'type': {'displayName': 'Zone', 'value': 56}, 'value': 'Center'}, {'type': {'displayName': 'Angle', 'value': 213}, 'value': '0.45'}, {'type': {'displayName': 'PassEndY', 'value': 141}, 'value': '22.3'}, {'type': {'displayName': 'Length', 'value': 212}, 'value': '11.5'}]",True,,,,,
1903815,FirstHalf,38,33.0,38,Pass,Unsuccessful,116,NEC Nijmegen,487049.0,Koki Ogawa,59.6,19.1,69.9,5.1,,,,,"[{'type': {'displayName': 'Angle', 'value': 213}, 'value': '5.56'}, {'type': {'displayName': 'Length', 'value': 212}, 'value': '14.4'}, {'type': {'displayName': 'PassEndX', 'value': 140}, 'value': '69.9'}, {'type': {'displayName': 'PassEndY', 'value': 141}, 'value': '5.1'}, {'type': {'displayName': 'Zone', 'value': 56}, 'value': 'Right'}]",True,,,,,
1903815,FirstHalf,38,36.0,38,BallRecovery,Successful,256,Feyenoord,431258.0,Tsuyoshi Watanabe,28.3,97.5,,,,,,,[],False,,,,,
1903815,FirstHalf,38,41.0,38,Pass,Successful,256,Feyenoord,431258.0,Tsuyoshi Watanabe,18.7,89.6,25.1,69.3,,,,,"[{'type': {'displayName': 'Zone', 'value': 56}, 'value': 'Back'}, {'type': {'displayName': 'PassEndY', 'value': 141}, 'value': '69.3'}, {'type': {'displayName': 'Length', 'value': 212}, 'value': '15.4'}, {'type': {'displayName': 'Angle', 'value': 213}, 'value': '5.17'}, {'type': {'displayName': 'PassEndX', 'value': 140}, 'value': '25.1'}]",True,,,,,
1903815,FirstHalf,38,45.0,38,Foul,Successful,256,Feyenoord,415927.0,Luciano Valente,25.6,64.8,,,,,,,"[{'type': {'displayName': 'OppositeRelatedEvent', 'value': 233}, 'value': '320'}, {'type': {'displayName': 'Foul', 'value': 13}}, {'type': {'displayName': 'Zone', 'value': 56}, 'value': 'Back'}, {'type': {'displayName': 'Defensive', 'value': 285}}]",True,,,,,
1903815,FirstHalf,38,45.0,38,Foul,Unsuccessful,116,NEC Nijmegen,487049.0,Koki Ogawa,74.4,35.2,,,,,,,"[{'type': {'displayName': 'OppositeRelatedEvent', 'value': 233}, 'value': '332'}, {'type': {'displayName': 'Foul', 'value': 13}}, {'type': {'displayName': 'Offensive', 'value': 286}}, {'type': {'displayName': 'Zone', 'value': 56}, 'value': 'Center'}]",False,,,,,
1903815,FirstHalf,38,47.0,38,Pass,Successful,256,Feyenoord,415927.0,Luciano Valente,25.3,68.6,26.5,47.9,,,,,"[{'type': {'displayName': 'Angle', 'value': 213}, 'value': '4.80'}, {'type': {'displayName': 'PassEndX', 'value': 140}, 'value': '26.5'}, {'type': {'displayName': 'PassEndY', 'value': 141}, 'value': '47.9'}, {'type': {'displayName': 'Length', 'value': 212}, 'value': '14.1'}, {'type': {'displayName': 'Zone', 'value': 56}, 'value': 'Back'}, {'type': {'displayName': 'FreekickTaken', 'value': 5}}]",True,,,,,
1903815,FirstHalf,38,52.0,38,Pass,Successful,256,Feyenoord,326642.0,Anel Ahmedhodzic,54.8,28.3,74.6,5.3,,,,,"[{'type': {'displayName': 'Zone', 'value': 56}, 'value': 'Right'}, {'type': {'displayName': 'Angle', 'value': 213}, 'value': '5.64'}, {'type': {'displayName': 'PassEndX', 'value': 140}, 'value': '74.6'}, {'type': {'displayName': 'PassEndY', 'value': 141}, 'value': '5.3'}, {'type': {'displayName': 'Length', 'value': 212}, 'value': '26.0'}]",True,,,,,
1903815,FirstHalf,38,56.0,38,Pass,Unsuccessful,256,Feyenoord,515829.0,Anis Hadj Moussa,77.5,9.2,92.3,28.8,,,,,"[{'type': {'displayName': 'PassEndX', 'value': 140}, 'value': '92.3'}, {'type': {'displayName': 'PassEndY', 'value': 141}, 'value': '28.8'}, {'type': {'displayName': 'Zone', 'value': 56}, 'value': 'Center'}, {'type': {'displayName': 'Angle', 'value': 213}, 'value': '0.71'}, {'type': {'displayName': 'Length', 'value': 212}, 'value': '20.5'}]",True,,,,,
1903815,FirstHalf,39,0.0,39,Interception,Successful,116,NEC Nijmegen,532237.0,Basar Önal,7.7,71.2,,,,,,,"[{'type': {'displayName': 'Zone', 'value': 56}, 'value': 'Back'}]",True,,,,,
1903815,FirstHalf,39,0.0,39,BallRecovery,Successful,116,NEC Nijmegen,532237.0,Basar Önal,4.8,85.3,,,,,,,[],False,,,,,
1903815,FirstHalf,39,1.0,39,Foul,Successful,116,NEC Nijmegen,532237.0,Basar Önal,2.8,89.6,,,,,,,"[{'type': {'displayName': 'Defensive', 'value': 285}}, {'type': {'displayName': 'Zone', 'value': 56}, 'value': 'Back'}, {'type': {'displayName': 'OppositeRelatedEvent', 'value': 233}, 'value': '336'}, {'type': {'displayName': 'Foul', 'value': 13}}]",True,,,,,
1903815,FirstHalf,39,1.0,39,Foul,Unsuccessful,256,Feyenoord,297527.0,Bart Nieuwkoop,97.2,10.4,,,,,,,"[{'type': {'displayName': 'Zone', 'value': 56}, 'value': 'Right'}, {'type': {'displayName': 'OppositeRelatedEvent', 'value': 233}, 'value': '323'}, {'type': {'displayName': 'Foul', 'value': 13}}, {'type': {'displayName': 'Offensive', 'value': 286}}]",False,,,,,
1903815,FirstHalf,39,38.0,39,Pass,Unsuccessful,116,NEC Nijmegen,448283.0,Gonzalo Crettaz,5.6,88.5,68.1,93.3,,,,,"[{'type': {'displayName': 'Angle', 'value': 213}, 'value': '0.05'}, {'type': {'displayName': 'Zone', 'value': 56}, 'value': 'Left'}, {'type': {'displayName': 'PassEndX', 'value': 140}, 'value': '68.1'}, {'type': {'displayName': 'Length', 'value': 212}, 'value': '65.7'}, {'type': {'displayName': 'Longball', 'value': 1}}, {'type': {'displayName': 'FreekickTaken', 'value': 5}}, {'type': {'displayName': 'PassEndY', 'value': 141}, 'value': '93.3'}]",True,,,,,
1903815,FirstHalf,39,41.0,39,Clearance,Successful,256,Feyenoord,297527.0,Bart Nieuwkoop,29.5,4.7,38.3,0.0,,,,,"[{'type': {'displayName': 'Head', 'value': 15}}, {'type': {'displayName': 'Zone', 'value': 56}, 'value': 'Back'}, {'type': {'displayName': 'PassEndX', 'value': 140}, 'value': '38.3'}, {'type': {'displayName': 'PassEndY', 'value': 141}, 'value': '0.0'}, {'type': {'displayName': 'Angle', 'value': 213}, 'value': '5.86'}, {'type': {'displayName': 'Length', 'value': 212}, 'value': '10.1'}]",True,,,,,
1903815,FirstHalf,39,52.0,39,Pass,Successful,116,NEC Nijmegen,400320.0,Ahmetcan Kaplan,60.4,100.0,67.8,85.3,,,,,"[{'type': {'displayName': 'PassEndY', 'value': 141}, 'value': '85.3'}, {'type': {'displayName': 'Zone', 'value': 56}, 'value': 'Left'}, {'type': {'displayName': 'PassEndX', 'value': 140}, 'value': '67.8'}, {'type': {'displayName': 'ThrowIn', 'value': 107}}, {'type': {'displayName': 'Length', 'value': 212}, 'value': '13.8'}, {'type': {'displayName': 'Angle', 'value': 213}, 'value': '5.31'}]",True,,,,,
1903815,FirstHalf,39,55.0,39,Pass,Successful,116,NEC Nijmegen,532237.0,Basar Önal,71.2,87.1,71.9,93.4,,,,,"[{'type': {'displayName': 'PassEndY', 'value': 141}, 'value': '93.4'}, {'type': {'displayName': 'PassEndX', 'value': 140}, 'value': '71.9'}, {'type': {'displayName': 'Angle', 'value': 213}, 'value': '1.40'}, {'type': {'displayName': 'Length', 'value': 212}, 'value': '4.3'}, {'type': {'displayName': 'Zone', 'value': 56}, 'value': 'Left'}]",True,,,,,
1903815,FirstHalf,39,57.0,39,TakeOn,Unsuccessful,116,NEC Nijmegen,497708.0,Kodai Sano,88.0,94.0,,,,,,,"[{'type': {'displayName': 'OppositeRelatedEvent', 'value': 233}, 'value': '339'}, {'type': {'displayName': 'Zone', 'value': 56}, 'value': 'Left'}, {'type': {'displayName': 'Offensive', 'value': 286}}]",True,,,,,
1903815,FirstHalf,39,57.0,39,Tackle,Successful,256,Feyenoord,297527.0,Bart Nieuwkoop,12.0,6.0,,,,,,,"[{'type': {'displayName': 'StandingSave', 'value': 178}}, {'type': {'displayName': 'OppositeRelatedEvent', 'value': 233}, 'value': '328'}, {'type': {'displayName': 'Defensive', 'value': 285}}, {'type': {'displayName': 'Zone', 'value': 56}, 'value': 'Back'}]",True,,,,,
1903815,FirstHalf,39,59.0,39,CornerAwarded,Successful,116,NEC Nijmegen,497708.0,Kodai Sano,93.2,95.6,,,,,,,"[{'type': {'displayName': 'MissLeft', 'value': 73}}, {'type': {'displayName': 'OppositeRelatedEvent', 'value': 233}, 'value': '341'}, {'type': {'displayName': 'Zone', 'value': 56}, 'value': 'Left'}]",False,,,,,
1903815,FirstHalf,39,59.0,39,CornerAwarded,Unsuccessful,256,Feyenoord,297527.0,Bart Nieuwkoop,6.8,4.4,,,,,,,"[{'type': {'displayName': 'OppositeRelatedEvent', 'value': 233}, 'value': '329'}, {'type': {'displayName': 'Zone', 'value': 56}, 'value': 'Back'}, {'type': {'displayName': 'MissLeft', 'value': 73}}]",False,,,,,
1903815,FirstHalf,40,30.0,40,Pass,Successful,116,NEC Nijmegen,532237.0,Basar Önal,99.8,99.2,90.0,56.6,,,,,"[{'type': {'displayName': 'CornerTaken', 'value': 6}}, {'type': {'displayName': 'Cross', 'value': 2}}, {'type': {'displayName': 'Zone', 'value': 56}, 'value': 'Center'}, {'type': {'displayName': 'Angle', 'value': 213}, 'value': '4.37'}, {'type': {'displayName': 'Length', 'value': 212}, 'value': '30.7'}, {'type': {'displayName': 'RightFoot', 'value': 20}}, {'type': {'displayName': 'Chipped', 'value': 155}}, {'type': {'displayName': 'ShotAssist', 'value': 210}, 'value': '13'}, {'type': {'displayName': 'PassEndY', 'value': 141}, 'value': '56.6'}, {'type': {'displayName': 'IntentionalAssist', 'value': 154}}, {'type': {'displayName': 'PassEndX', 'value': 140}, 'value': '90.0'}, {'type': {'displayName': 'KeyPass', 'value': 11113}}]",True,,,,,
1903815,FirstHalf,40,31.0,40,Aerial,Successful,116,NEC Nijmegen,43004.0,Bryan Linssen,93.4,48.7,,,,,,,"[{'type': {'displayName': 'Zone', 'value': 56}, 'value': 'Center'}, {'type': {'displayName': 'OppositeRelatedEvent', 'value': 233}, 'value': '854'}, {'type': {'displayName': 'Offensive', 'value': 286}}]",False,,,,,
1903815,FirstHalf,40,31.0,40,Aerial,Unsuccessful,256,Feyenoord,297527.0,Bart Nieuwkoop,6.6,51.3,,,,,,,"[{'type': {'displayName': 'OppositeRelatedEvent', 'value': 233}, 'value': '804'}, {'type': {'displayName': 'Zone', 'value': 56}, 'value': 'Back'}, {'type': {'displayName': 'Defensive', 'value': 285}}]",False,,,,,
1903815,FirstHalf,40,32.0,40,MissedShots,Successful,116,NEC Nijmegen,43004.0,Bryan Linssen,91.7,50.7,,,30.1,13.9,96.5,33.8,"[{'type': {'displayName': 'FromCorner', 'value': 25}}, {'type': {'displayName': 'RelatedEventId', 'value': 55}, 'value': '330'}, {'type': {'displayName': 'IntentionalAssist', 'value': 154}}, {'type': {'displayName': 'GoalMouthZ', 'value': 103}, 'value': '13.9'}, {'type': {'displayName': 'BlockedX', 'value': 146}, 'value': '96.5'}, {'type': {'displayName': 'Assisted', 'value': 29}}, {'type': {'displayName': 'Zone', 'value': 56}, 'value': 'Center'}, {'type': {'displayName': 'FirstTouch', 'value': 328}}, {'type': {'displayName': 'Head', 'value': 15}}, {'type': {'displayName': 'MissRight', 'value': 75}}, {'type': {'displayName': 'BlockedY', 'value': 147}, 'value': '33.8'}, {'type': {'displayName': 'GoalMouthY', 'value': 102}, 'value': '30.1'}, {'type': {'displayName': 'BoxCentre', 'value': 17}}, {'type': {'displayName': 'KeyPass', 'value': 11113}}]",True,True,,,330.0,532237.0
1903815,FirstHalf,40,35.0,40,MissedShots,Successful,116,NEC Nijmegen,401739.0,Darko Nejasmic,93.4,34.8,,,96.5,8.3,96.2,52.7,"[{'type': {'displayName': 'Zone', 'value': 56}, 'value': 'Center'}, {'type': {'displayName': 'BoxRight', 'value': 63}}, {'type': {'displayName': 'RelatedEventId', 'value': 55}, 'value': '337'}, {'type': {'displayName': 'Assisted', 'value': 29}}, {'type': {'displayName': 'BlockedY', 'value': 147}, 'value': '52.7'}, {'type': {'displayName': 'GoalMouthZ', 'value': 103}, 'value': '8.3'}, {'type': {'displayName': 'GoalMouthY', 'value': 102}, 'value': '96.5'}, {'type': {'displayName': 'MissLeft', 'value': 73}}, {'type': {'displayName': 'BlockedX', 'value': 146}, 'value': '96.2'}, {'type': {'displayName': 'FromCorner', 'value': 25}}, {'type': {'displayName': 'RightFoot', 'value': 20}}]",True,True,,,337.0,43004.0
1903815,FirstHalf,40,36.0,40,Clearance,Successful,256,Feyenoord,377288.0,Ayase Ueda,3.0,44.2,16.0,48.6,,,,,"[{'type': {'displayName': 'PassEndY', 'value': 141}, 'value': '48.6'}, {'type': {'displayName': 'Angle', 'value': 213}, 'value': '0.22'}, {'type': {'displayName': 'Length', 'value': 212}, 'value': '14.0'}, {'type': {'displayName': 'Zone', 'value': 56}, 'value': 'Back'}, {'type': {'displayName': 'PassEndX', 'value': 140}, 'value': '16.0'}]",True,,,,,
1903815,FirstHalf,40,37.0,40,SavedShot,Successful,116,NEC Nijmegen,37502.0,Tjaronn Chery,83.0,51.5,,,49.8,19.0,90.1,52.2,"[{'type': {'displayName': 'LeftFoot', 'value': 72}}, {'type': {'displayName': 'Zone', 'value': 56}, 'value': 'Center'}, {'type': {'displayName': 'FirstTouch', 'value': 328}}, {'type': {'displayName': 'OutOfBoxCentre', 'value': 18}}, {'type': {'displayName': 'GoalMouthY', 'value': 102}, 'value': '49.8'}, {'type': {'displayName': 'LowCentre', 'value': 78}}, {'type': {'displayName': 'BlockedX', 'value': 146}, 'value': '90.1'}, {'type': {'displayName': 'BlockedY', 'value': 147}, 'value': '52.2'}, {'type': {'displayName': 'FromCorner', 'value': 25}}, {'type': {'displayName': 'GoalMouthZ', 'value': 103}, 'value': '19'}, {'type': {'displayName': 'Blocked', 'value': 82}}, {'type': {'displayName': 'OppositeRelatedEvent', 'value': 233}, 'value': '343'}]",True,True,,,,
1903815,FirstHalf,40,37.0,40,Save,Successful,256,Feyenoord,400059.0,Gijs Smal,9.7,46.0,,,,,,,"[{'type': {'displayName': 'OppositeRelatedEvent', 'value': 233}, 'value': '332'}, {'type': {'displayName': 'OutfielderBlock', 'value': 94}}, {'type': {'displayName': 'Zone', 'value': 56}, 'value': 'Back'}]",True,,,,,
1903815,FirstHalf,40,38.0,40,SavedShot,Successful,116,NEC Nijmegen,37502.0,Tjaronn Chery,85.5,53.4,,,50.3,15.2,97.8,51.3,"[{'type': {'displayName': 'OppositeRelatedEvent', 'value': 233}, 'value': '344'}, {'type': {'displayName': 'GoalMouthZ', 'value': 103}, 'value': '15.2'}, {'type': {'displayName': 'LowCentre', 'value': 78}}, {'type': {'displayName': 'BoxCentre', 'value': 17}}, {'type': {'displayName': 'GoalMouthY', 'value': 102}, 'value': '50.3'}, {'type': {'displayName': 'FromCorner', 'value': 25}}, {'type': {'displayName': 'BlockedY', 'value': 147}, 'value': '51.3'}, {'type': {'displayName': 'LeftFoot', 'value': 72}}, {'type': {'displayName': 'BlockedX', 'value': 146}, 'value': '97.8'}, {'type': {'displayName': 'FirstTouch', 'value': 328}}, {'type': {'displayName': 'Zone', 'value': 56}, 'value': 'Center'}]",True,True,,,,
1903815,FirstHalf,40,38.0,40,Save,Successful,256,Feyenoord,121821.0,Timon Wellenreuther,3.0,47.7,,,,,,,"[{'type': {'displayName': 'Zone', 'value': 56}, 'value': 'Back'}, {'type': {'displayName': 'StandingSave', 'value': 178}}, {'type': {'displayName': 'OppositeRelatedEvent', 'value': 233}, 'value': '333'}, {'type': {'displayName': 'Hands', 'value': 182}}, {'type': {'displayName': 'ParriedDanger', 'value': 174}}, {'type': {'displayName': 'KeeperSaveInTheBox', 'value': 11115}}]",True,,,,,
1903815,FirstHalf,40,43.0,40,Clearance,Successful,256,Feyenoord,468119.0,Leo Sauer,11.6,45.9,42.8,46.7,,,,,"[{'type': {'displayName': 'Angle', 'value': 213}, 'value': '0.02'}, {'type': {'displayName': 'Zone', 'value': 56}, 'value': 'Back'}, {'type': {'displayName': 'PassEndY', 'value': 141}, 'value': '46.7'}, {'type': {'displayName': 'PassEndX', 'value': 140}, 'value': '42.8'}, {'type': {'displayName': 'Length', 'value': 212}, 'value': '32.8'}]",True,,,,,
1903815,FirstHalf,40,44.0,40,Pass,Successful,116,NEC Nijmegen,497708.0,Kodai Sano,53.7,65.2,20.3,68.8,,,,,"[{'type': {'displayName': 'Length', 'value': 212}, 'value': '35.2'}, {'type': {'displayName': 'PassEndY', 'value': 141}, 'value': '68.8'}, {'type': {'displayName': 'PassEndX', 'value': 140}, 'value': '20.3'}, {'type': {'displayName': 'Zone', 'value': 56}, 'value': 'Back'}, {'type': {'displayName': 'Angle', 'value': 213}, 'value': '3.07'}, {'type': {'displayName': 'Longball', 'value': 1}}]",True,,,,,
1903815,FirstHalf,40,52.0,40,Pass,Unsuccessful,116,NEC Nijmegen,448283.0,Gonzalo Crettaz,26.9,67.7,73.8,100.0,,,,,"[{'type': {'displayName': 'Longball', 'value': 1}}, {'type': {'displayName': 'Zone', 'value': 56}, 'value': 'Left'}, {'type': {'displayName': 'Angle', 'value': 213}, 'value': '0.44'}, {'type': {'displayName': 'PassEndX', 'value': 140}, 'value': '73.8'}, {'type': {'displayName': 'Length', 'value': 212}, 'value': '54.5'}, {'type': {'displayName': 'PassEndY', 'value': 141}, 'value': '100.0'}]",True,,,,,
1903815,FirstHalf,41,17.0,41,Pass,Successful,256,Feyenoord,297527.0,Bart Nieuwkoop,39.0,0.0,32.0,12.9,,,,,"[{'type': {'displayName': 'Zone', 'value': 56}, 'value': 'Back'}, {'type': {'displayName': 'Angle', 'value': 213}, 'value': '2.22'}, {'type': {'displayName': 'ThrowIn', 'value': 107}}, {'type': {'displayName': 'PassEndX', 'value': 140}, 'value': '32.0'}, {'type': {'displayName': 'PassEndY', 'value': 141}, 'value': '12.9'}, {'type': {'displayName': 'Length', 'value': 212}, 'value': '12.2'}]",True,,,,,
1903815,FirstHalf,41,18.0,41,Pass,Successful,256,Feyenoord,326642.0,Anel Ahmedhodzic,32.3,23.6,34.5,60.9,,,,,"[{'type': {'displayName': 'PassEndY', 'value': 141}, 'value': '60.9'}, {'type': {'displayName': 'PassEndX', 'value': 140}, 'value': '34.5'}, {'type': {'displayName': 'Zone', 'value': 56}, 'value': 'Back'}, {'type': {'displayName': 'Angle', 'value': 213}, 'value': '1.48'}, {'type': {'displayName': 'Length', 'value': 212}, 'value': '25.5'}]",True,,,,,
1903815,FirstHalf,41,23.0,41,Pass,Successful,256,Feyenoord,431258.0,Tsuyoshi Watanabe,34.5,60.9,35.6,35.0,,,,,"[{'type': {'displayName': 'Length', 'value': 212}, 'value': '17.6'}, {'type': {'displayName': 'PassEndY', 'value': 141}, 'value': '35.0'}, {'type': {'displayName': 'Angle', 'value': 213}, 'value': '4.78'}, {'type': {'displayName': 'Zone', 'value': 56}, 'value': 'Back'}, {'type': {'displayName': 'PassEndX', 'value': 140}, 'value': '35.6'}]",True,,,,,
1903815,FirstHalf,41,28.0,41,Pass,Successful,256,Feyenoord,326642.0,Anel Ahmedhodzic,40.7,30.4,37.9,62.9,,,,,"[{'type': {'displayName': 'Length', 'value': 212}, 'value': '22.3'}, {'type': {'displayName': 'PassEndY', 'value': 141}, 'value': '62.9'}, {'type': {'displayName': 'Angle', 'value': 213}, 'value': '1.70'}, {'type': {'displayName': 'Zone', 'value': 56}, 'value': 'Back'}, {'type': {'displayName': 'PassEndX', 'value': 140}, 'value': '37.9'}]",True,,,,,
1903815,FirstHalf,41,29.0,41,Pass,Successful,256,Feyenoord,431258.0,Tsuyoshi Watanabe,37.7,63.0,43.0,80.8,,,,,"[{'type': {'displayName': 'PassEndX', 'value': 140}, 'value': '43.0'}, {'type': {'displayName': 'Zone', 'value': 56}, 'value': 'Back'}, {'type': {'displayName': 'Length', 'value': 212}, 'value': '13.3'}, {'type': {'displayName': 'Angle', 'value': 213}, 'value': '1.14'}, {'type': {'displayName': 'PassEndY', 'value': 141}, 'value': '80.8'}]",True,,,,,
1903815,FirstHalf,41,33.0,41,Pass,Unsuccessful,256,Feyenoord,415927.0,Luciano Valente,43.1,78.7,79.3,57.9,,,,,"[{'type': {'displayName': 'Length', 'value': 212}, 'value': '40.6'}, {'type': {'displayName': 'Longball', 'value': 1}}, {'type': {'displayName': 'Angle', 'value': 213}, 'value': '5.93'}, {'type': {'displayName': 'PassEndY', 'value': 141}, 'value': '57.9'}, {'type': {'displayName': 'Zone', 'value': 56}, 'value': 'Center'}, {'type': {'displayName': 'PassEndX', 'value': 140}, 'value': '79.3'}]",True,,,,,
1903815,FirstHalf,41,36.0,41,KeeperSweeper,Successful,116,NEC Nijmegen,448283.0,Gonzalo Crettaz,19.3,44.2,,,,,,,"[{'type': {'displayName': 'Zone', 'value': 56}, 'value': 'Back'}]",False,,,,,
1903815,FirstHalf,41,37.0,41,Clearance,Successful,116,NEC Nijmegen,448283.0,Gonzalo Crettaz,19.3,44.2,71.1,100.0,,,,,"[{'type': {'displayName': 'PassEndX', 'value': 140}, 'value': '71.1'}, {'type': {'displayName': 'Angle', 'value': 213}, 'value': '0.63'}, {'type': {'displayName': 'Length', 'value': 212}, 'value': '67.1'}, {'type': {'displayName': 'PassEndY', 'value': 141}, 'value': '100.0'}, {'type': {'displayName': 'Zone', 'value': 56}, 'value': 'Left'}]",True,,,,,
1903815,FirstHalf,41,48.0,41,Pass,Successful,256,Feyenoord,297527.0,Bart Nieuwkoop,32.9,0.0,25.0,13.6,,,,,"[{'type': {'displayName': 'Length', 'value': 212}, 'value': '13.1'}, {'type': {'displayName': 'PassEndY', 'value': 141}, 'value': '13.6'}, {'type': {'displayName': 'Angle', 'value': 213}, 'value': '2.25'}, {'type': {'displayName': 'ThrowIn', 'value': 107}}, {'type': {'displayName': 'Zone', 'value': 56}, 'value': 'Back'}, {'type': {'displayName': 'PassEndX', 'value': 140}, 'value': '25.0'}]",True,,,,,
1903815,FirstHalf,41,53.0,41,Pass,Successful,256,Feyenoord,326642.0,Anel Ahmedhodzic,30.7,29.7,24.8,59.4,,,,,"[{'type': {'displayName': 'Length', 'value': 212}, 'value': '21.1'}, {'type': {'displayName': 'PassEndY', 'value': 141}, 'value': '59.4'}, {'type': {'displayName': 'Zone', 'value': 56}, 'value': 'Back'}, {'type': {'displayName': 'Angle', 'value': 213}, 'value': '1.87'}, {'type': {'displayName': 'PassEndX', 'value': 140}, 'value': '24.8'}]",True,,,,,
1903815,FirstHalf,41,55.0,41,Pass,Successful,256,Feyenoord,431258.0,Tsuyoshi Watanabe,24.6,60.0,38.4,77.7,,,,,"[{'type': {'displayName': 'PassEndY', 'value': 141}, 'value': '77.7'}, {'type': {'displayName': 'PassEndX', 'value': 140}, 'value': '38.4'}, {'type': {'displayName': 'Length', 'value': 212}, 'value': '18.8'}, {'type': {'displayName': 'Angle', 'value': 213}, 'value': '0.69'}, {'type': {'displayName': 'Zone', 'value': 56}, 'value': 'Back'}]",True,,,,,
1903815,FirstHalf,42,0.0,42,Pass,Successful,256,Feyenoord,415927.0,Luciano Valente,40.8,75.6,32.8,60.0,,,,,"[{'type': {'displayName': 'PassEndX', 'value': 140}, 'value': '32.8'}, {'type': {'displayName': 'Length', 'value': 212}, 'value': '13.5'}, {'type': {'displayName': 'PassEndY', 'value': 141}, 'value': '60.0'}, {'type': {'displayName': 'Zone', 'value': 56}, 'value': 'Back'}, {'type': {'displayName': 'Angle', 'value': 213}, 'value': '4.04'}]",True,,,,,
1903815,FirstHalf,42,2.0,42,Pass,Successful,256,Feyenoord,431258.0,Tsuyoshi Watanabe,30.6,57.4,33.1,24.2,,,,,"[{'type': {'displayName': 'Angle', 'value': 213}, 'value': '4.83'}, {'type': {'displayName': 'PassEndX', 'value': 140}, 'value': '33.1'}, {'type': {'displayName': 'PassEndY', 'value': 141}, 'value': '24.2'}, {'type': {'displayName': 'Length', 'value': 212}, 'value': '22.7'}, {'type': {'displayName': 'Zone', 'value': 56}, 'value': 'Back'}]",True,,,,,
1903815,FirstHalf,42,4.0,42,Pass,Successful,256,Feyenoord,326642.0,Anel Ahmedhodzic,32.9,24.5,18.0,45.9,,,,,"[{'type': {'displayName': 'PassEndX', 'value': 140}, 'value': '18.0'}, {'type': {'displayName': 'Length', 'value': 212}, 'value': '21.4'}, {'type': {'displayName': 'Angle', 'value': 213}, 'value': '2.39'}, {'type': {'displayName': 'Zone', 'value': 56}, 'value': 'Back'}, {'type': {'displayName': 'PassEndY', 'value': 141}, 'value': '45.9'}]",True,,,,,
1903815,FirstHalf,42,12.0,42,Pass,Successful,256,Feyenoord,121821.0,Timon Wellenreuther,28.5,45.3,32.5,21.8,,,,,"[{'type': {'displayName': 'Zone', 'value': 56}, 'value': 'Back'}, {'type': {'displayName': 'Length', 'value': 212}, 'value': '16.5'}, {'type': {'displayName': 'Angle', 'value': 213}, 'value': '4.97'}, {'type': {'displayName': 'PassEndX', 'value': 140}, 'value': '32.5'}, {'type': {'displayName': 'PassEndY', 'value': 141}, 'value': '21.8'}]",True,,,,,
1903815,FirstHalf,42,14.0,42,Pass,Successful,256,Feyenoord,326642.0,Anel Ahmedhodzic,34.0,22.4,21.3,44.8,,,,,"[{'type': {'displayName': 'Zone', 'value': 56}, 'value': 'Back'}, {'type': {'displayName': 'PassEndX', 'value': 140}, 'value': '21.3'}, {'type': {'displayName': 'Length', 'value': 212}, 'value': '20.2'}, {'type': {'displayName': 'PassEndY', 'value': 141}, 'value': '44.8'}, {'type': {'displayName': 'Angle', 'value': 213}, 'value': '2.29'}]",True,,,,,
1903815,FirstHalf,42,22.0,42,Pass,Successful,256,Feyenoord,121821.0,Timon Wellenreuther,26.7,52.0,39.9,92.3,,,,,"[{'type': {'displayName': 'Zone', 'value': 56}, 'value': 'Back'}, {'type': {'displayName': 'PassEndX', 'value': 140}, 'value': '39.9'}, {'type': {'displayName': 'Length', 'value': 212}, 'value': '30.7'}, {'type': {'displayName': 'PassEndY', 'value': 141}, 'value': '92.3'}, {'type': {'displayName': 'Angle', 'value': 213}, 'value': '1.10'}]",True,,,,,
1903815,FirstHalf,42,25.0,42,Pass,Successful,256,Feyenoord,431258.0,Tsuyoshi Watanabe,41.3,92.8,55.9,97.6,,,,,"[{'type': {'displayName': 'PassEndX', 'value': 140}, 'value': '55.9'}, {'type': {'displayName': 'Zone', 'value': 56}, 'value': 'Left'}, {'type': {'displayName': 'Angle', 'value': 213}, 'value': '0.21'}, {'type': {'displayName': 'PassEndY', 'value': 141}, 'value': '97.6'}, {'type': {'displayName': 'Length', 'value': 212}, 'value': '15.7'}]",True,,,,,
1903815,FirstHalf,42,27.0,42,Pass,Successful,256,Feyenoord,468119.0,Leo Sauer,55.9,97.5,47.4,87.4,,,,,"[{'type': {'displayName': 'PassEndY', 'value': 141}, 'value': '87.4'}, {'type': {'displayName': 'PassEndX', 'value': 140}, 'value': '47.4'}, {'type': {'displayName': 'Zone', 'value': 56}, 'value': 'Back'}, {'type': {'displayName': 'Angle', 'value': 213}, 'value': '3.80'}, {'type': {'displayName': 'Length', 'value': 212}, 'value': '11.3'}]",True,,,,,
1903815,FirstHalf,42,28.0,42,Pass,Successful,256,Feyenoord,400059.0,Gijs Smal,47.4,87.4,40.3,92.6,,,,,"[{'type': {'displayName': 'Length', 'value': 212}, 'value': '8.3'}, {'type': {'displayName': 'Angle', 'value': 213}, 'value': '2.70'}, {'type': {'displayName': 'Zone', 'value': 56}, 'value': 'Back'}, {'type': {'displayName': 'PassEndY', 'value': 141}, 'value': '92.6'}, {'type': {'displayName': 'PassEndX', 'value': 140}, 'value': '40.3'}]",True,,,,,
1903815,FirstHalf,42,31.0,42,Pass,Successful,256,Feyenoord,431258.0,Tsuyoshi Watanabe,40.5,82.6,57.6,61.1,,,,,"[{'type': {'displayName': 'Angle', 'value': 213}, 'value': '5.60'}, {'type': {'displayName': 'PassEndX', 'value': 140}, 'value': '57.6'}, {'type': {'displayName': 'Zone', 'value': 56}, 'value': 'Center'}, {'type': {'displayName': 'Length', 'value': 212}, 'value': '23.2'}, {'type': {'displayName': 'PassEndY', 'value': 141}, 'value': '61.1'}]",True,,,,,
1903815,FirstHalf,42,33.0,42,BallTouch,Unsuccessful,256,Feyenoord,377288.0,Ayase Ueda,57.5,61.8,,,,,,,"[{'type': {'displayName': 'Zone', 'value': 56}, 'value': 'Center'}]",True,,,,,
1903815,FirstHalf,42,37.0,42,Dispossessed,Successful,116,NEC Nijmegen,515755.0,Sami Ouaissa,42.0,38.6,,,,,,,"[{'type': {'displayName': 'OppositeRelatedEvent', 'value': 233}, 'value': '368'}, {'type': {'displayName': 'Zone', 'value': 56}, 'value': 'Back'}, {'type': {'displayName': 'Offensive', 'value': 286}}]",True,,,,,
1903815,FirstHalf,42,37.0,42,Tackle,Successful,256,Feyenoord,411078.0,Quinten Timber,58.0,61.4,,,,,,,"[{'type': {'displayName': 'StandingSave', 'value': 178}}, {'type': {'displayName': 'OppositeRelatedEvent', 'value': 233}, 'value': '342'}, {'type': {'displayName': 'Zone', 'value': 56}, 'value': 'Center'}, {'type': {'displayName': 'Defensive', 'value': 285}}]",True,,,,,
1903815,FirstHalf,42,38.0,42,BallTouch,Unsuccessful,256,Feyenoord,468119.0,Leo Sauer,68.7,57.9,,,,,,,"[{'type': {'displayName': 'Zone', 'value': 56}, 'value': 'Center'}]",True,,,,,
1903815,FirstHalf,42,39.0,42,Clearance,Successful,116,NEC Nijmegen,130917.0,Eli Dasa,31.2,46.6,33.8,47.4,,,,,"[{'type': {'displayName': 'PassEndY', 'value': 141}, 'value': '47.4'}, {'type': {'displayName': 'Length', 'value': 212}, 'value': '2.8'}, {'type': {'displayName': 'PassEndX', 'value': 140}, 'value': '33.8'}, {'type': {'displayName': 'Angle', 'value': 213}, 'value': '0.20'}, {'type': {'displayName': 'Zone', 'value': 56}, 'value': 'Back'}]",True,,,,,
1903815,FirstHalf,42,40.0,42,BallTouch,Successful,256,Feyenoord,468119.0,Leo Sauer,68.3,56.2,,,,,,,"[{'type': {'displayName': 'Zone', 'value': 56}, 'value': 'Center'}]",True,,,,,
1903815,FirstHalf,42,41.0,42,TakeOn,Unsuccessful,116,NEC Nijmegen,497708.0,Kodai Sano,34.6,55.2,,,,,,,"[{'type': {'displayName': 'Zone', 'value': 56}, 'value': 'Back'}, {'type': {'displayName': 'Offensive', 'value': 286}}, {'type': {'displayName': 'OppositeRelatedEvent', 'value': 233}, 'value': '370'}]",True,,,,,
1903815,FirstHalf,42,41.0,42,Tackle,Unsuccessful,256,Feyenoord,411078.0,Quinten Timber,65.4,44.8,,,,,,,"[{'type': {'displayName': 'Zone', 'value': 56}, 'value': 'Center'}, {'type': {'displayName': 'OppositeRelatedEvent', 'value': 233}, 'value': '344'}, {'type': {'displayName': 'StandingSave', 'value': 178}}, {'type': {'displayName': 'Defensive', 'value': 285}}]",True,,,,,
1903815,FirstHalf,42,42.0,42,Pass,Unsuccessful,116,NEC Nijmegen,497708.0,Kodai Sano,39.0,59.9,40.2,60.1,,,,,"[{'type': {'displayName': 'Offensive', 'value': 286}}, {'type': {'displayName': 'PassEndX', 'value': 140}, 'value': '40.2'}, {'type': {'displayName': 'Length', 'value': 212}, 'value': '1.3'}, {'type': {'displayName': 'PassEndY', 'value': 141}, 'value': '60.1'}, {'type': {'displayName': 'Angle', 'value': 213}, 'value': '0.11'}, {'type': {'displayName': 'Zone', 'value': 56}, 'value': 'Back'}, {'type': {'displayName': 'OppositeRelatedEvent', 'value': 233}, 'value': '371'}]",True,,,,,
1903815,FirstHalf,42,42.0,42,BlockedPass,Successful,256,Feyenoord,297527.0,Bart Nieuwkoop,59.8,39.9,,,,,,,"[{'type': {'displayName': 'Zone', 'value': 56}, 'value': 'Center'}, {'type': {'displayName': 'OppositeRelatedEvent', 'value': 233}, 'value': '345'}, {'type': {'displayName': 'Defensive', 'value': 285}}]",True,,,,,
1903815,FirstHalf,42,43.0,42,Pass,Unsuccessful,256,Feyenoord,377288.0,Ayase Ueda,73.1,44.5,74.2,42.0,,,,,"[{'type': {'displayName': 'PassEndX', 'value': 140}, 'value': '74.2'}, {'type': {'displayName': 'Offensive', 'value': 286}}, {'type': {'displayName': 'OppositeRelatedEvent', 'value': 233}, 'value': '382'}, {'type': {'displayName': 'PassEndY', 'value': 141}, 'value': '42.0'}, {'type': {'displayName': 'Angle', 'value': 213}, 'value': '5.31'}, {'type': {'displayName': 'Length', 'value': 212}, 'value': '2.1'}, {'type': {'displayName': 'Zone', 'value': 56}, 'value': 'Center'}]",True,,,,,
1903815,FirstHalf,42,44.0,42,BlockedPass,Successful,116,NEC Nijmegen,400320.0,Ahmetcan Kaplan,25.8,58.0,,,,,,,"[{'type': {'displayName': 'Zone', 'value': 56}, 'value': 'Back'}, {'type': {'displayName': 'Defensive', 'value': 285}}, {'type': {'displayName': 'OppositeRelatedEvent', 'value': 233}, 'value': '372'}]",True,,,,,
1903815,FirstHalf,42,46.0,42,BallRecovery,Successful,116,NEC Nijmegen,401739.0,Darko Nejasmic,20.7,69.5,,,,,,,[],False,,,,,
1903815,FirstHalf,42,47.0,42,Pass,Successful,116,NEC Nijmegen,401739.0,Darko Nejasmic,22.6,64.9,33.1,79.2,,,,,"[{'type': {'displayName': 'Zone', 'value': 56}, 'value': 'Back'}, {'type': {'displayName': 'PassEndX', 'value': 140}, 'value': '33.1'}, {'type': {'displayName': 'Angle', 'value': 213}, 'value': '0.72'}, {'type': {'displayName': 'Length', 'value': 212}, 'value': '14.7'}, {'type': {'displayName': 'PassEndY', 'value': 141}, 'value': '79.2'}]",True,,,,,
1903815,FirstHalf,42,51.0,42,TakeOn,Unsuccessful,116,NEC Nijmegen,532237.0,Basar Önal,58.2,92.0,,,,,,,"[{'type': {'displayName': 'Offensive', 'value': 286}}, {'type': {'displayName': 'Zone', 'value': 56}, 'value': 'Left'}, {'type': {'displayName': 'OppositeRelatedEvent', 'value': 233}, 'value': '373'}]",True,,,,,
1903815,FirstHalf,42,51.0,42,Tackle,Successful,256,Feyenoord,297527.0,Bart Nieuwkoop,41.8,8.0,,,,,,,"[{'type': {'displayName': 'StandingSave', 'value': 178}}, {'type': {'displayName': 'Defensive', 'value': 285}}, {'type': {'displayName': 'Zone', 'value': 56}, 'value': 'Back'}, {'type': {'displayName': 'OppositeRelatedEvent', 'value': 233}, 'value': '347'}]",True,,,,,
1903815,FirstHalf,42,54.0,42,BallRecovery,Successful,256,Feyenoord,415927.0,Luciano Valente,32.8,5.0,,,,,,,[],False,,,,,
1903815,FirstHalf,42,56.0,42,Pass,Successful,256,Feyenoord,415927.0,Luciano Valente,27.8,5.9,15.0,40.9,,,,,"[{'type': {'displayName': 'Length', 'value': 212}, 'value': '27.3'}, {'type': {'displayName': 'Angle', 'value': 213}, 'value': '2.08'}, {'type': {'displayName': 'Zone', 'value': 56}, 'value': 'Back'}, {'type': {'displayName': 'PassEndY', 'value': 141}, 'value': '40.9'}, {'type': {'displayName': 'PassEndX', 'value': 140}, 'value': '15.0'}]",True,,,,,
1903815,FirstHalf,42,58.0,42,Pass,Successful,256,Feyenoord,121821.0,Timon Wellenreuther,23.1,46.8,24.7,72.0,,,,,"[{'type': {'displayName': 'PassEndY', 'value': 141}, 'value': '72.0'}, {'type': {'displayName': 'Zone', 'value': 56}, 'value': 'Back'}, {'type': {'displayName': 'PassEndX', 'value': 140}, 'value': '24.7'}, {'type': {'displayName': 'Length', 'value': 212}, 'value': '17.2'}, {'type': {'displayName': 'Angle', 'value': 213}, 'value': '1.47'}]",True,,,,,
1903815,FirstHalf,43,3.0,43,Pass,Successful,256,Feyenoord,431258.0,Tsuyoshi Watanabe,28.2,68.8,34.4,47.7,,,,,"[{'type': {'displayName': 'PassEndX', 'value': 140}, 'value': '34.4'}, {'type': {'displayName': 'Angle', 'value': 213}, 'value': '5.14'}, {'type': {'displayName': 'Zone', 'value': 56}, 'value': 'Back'}, {'type': {'displayName': 'Length', 'value': 212}, 'value': '15.8'}, {'type': {'displayName': 'PassEndY', 'value': 141}, 'value': '47.7'}]",True,,,,,
1903815,FirstHalf,43,4.0,43,Pass,Unsuccessful,256,Feyenoord,411078.0,Quinten Timber,34.4,47.7,44.3,31.7,,,,,"[{'type': {'displayName': 'PassEndX', 'value': 140}, 'value': '44.3'}, {'type': {'displayName': 'Angle', 'value': 213}, 'value': '5.47'}, {'type': {'displayName': 'Length', 'value': 212}, 'value': '15.0'}, {'type': {'displayName': 'Zone', 'value': 56}, 'value': 'Back'}, {'type': {'displayName': 'PassEndY', 'value': 141}, 'value': '31.7'}]",True,,,,,
1903815,FirstHalf,43,7.0,43,Pass,Successful,116,NEC Nijmegen,532237.0,Basar Önal,55.6,67.0,70.8,55.3,,,,,"[{'type': {'displayName': 'Zone', 'value': 56}, 'value': 'Center'}, {'type': {'displayName': 'PassEndX', 'value': 140}, 'value': '70.8'}, {'type': {'displayName': 'Length', 'value': 212}, 'value': '17.8'}, {'type': {'displayName': 'PassEndY', 'value': 141}, 'value': '55.3'}, {'type': {'displayName': 'Angle', 'value': 213}, 'value': '5.82'}]",True,,,,,
1903815,FirstHalf,43,8.0,43,Pass,Unsuccessful,116,NEC Nijmegen,497708.0,Kodai Sano,71.8,55.3,64.7,55.0,,,,,"[{'type': {'displayName': 'Angle', 'value': 213}, 'value': '3.17'}, {'type': {'displayName': 'Zone', 'value': 56}, 'value': 'Center'}, {'type': {'displayName': 'PassEndX', 'value': 140}, 'value': '64.7'}, {'type': {'displayName': 'PassEndY', 'value': 141}, 'value': '55.0'}, {'type': {'displayName': 'Length', 'value': 212}, 'value': '7.5'}]",True,,,,,
1903815,FirstHalf,43,15.0,43,TakeOn,Successful,116,NEC Nijmegen,497708.0,Kodai Sano,63.6,35.8,,,,,,,"[{'type': {'displayName': 'Zone', 'value': 56}, 'value': 'Center'}, {'type': {'displayName': 'OppositeRelatedEvent', 'value': 233}, 'value': '379'}, {'type': {'displayName': 'Offensive', 'value': 286}}]",True,,,,,
1903815,FirstHalf,43,15.0,43,Challenge,Unsuccessful,256,Feyenoord,415927.0,Luciano Valente,36.4,64.2,,,,,,,"[{'type': {'displayName': 'OppositeRelatedEvent', 'value': 233}, 'value': '351'}, {'type': {'displayName': 'Defensive', 'value': 285}}, {'type': {'displayName': 'Zone', 'value': 56}, 'value': 'Back'}]",False,,,,,
1903815,FirstHalf,43,16.0,43,Pass,Successful,116,NEC Nijmegen,497708.0,Kodai Sano,61.7,31.8,56.2,18.3,,,,,"[{'type': {'displayName': 'Angle', 'value': 213}, 'value': '4.15'}, {'type': {'displayName': 'PassEndY', 'value': 141}, 'value': '18.3'}, {'type': {'displayName': 'Length', 'value': 212}, 'value': '10.8'}, {'type': {'displayName': 'Zone', 'value': 56}, 'value': 'Right'}, {'type': {'displayName': 'PassEndX', 'value': 140}, 'value': '56.2'}]",True,,,,,
1903815,FirstHalf,43,18.0,43,Pass,Successful,116,NEC Nijmegen,130917.0,Eli Dasa,55.9,16.0,62.5,9.7,,,,,"[{'type': {'displayName': 'Angle', 'value': 213}, 'value': '5.73'}, {'type': {'displayName': 'PassEndX', 'value': 140}, 'value': '62.5'}, {'type': {'displayName': 'Length', 'value': 212}, 'value': '8.1'}, {'type': {'displayName': 'PassEndY', 'value': 141}, 'value': '9.7'}, {'type': {'displayName': 'Zone', 'value': 56}, 'value': 'Right'}]",True,,,,,
1903815,FirstHalf,43,20.0,43,Pass,Successful,116,NEC Nijmegen,515755.0,Sami Ouaissa,61.9,9.7,55.8,20.5,,,,,"[{'type': {'displayName': 'Zone', 'value': 56}, 'value': 'Right'}, {'type': {'displayName': 'Angle', 'value': 213}, 'value': '2.29'}, {'type': {'displayName': 'Length', 'value': 212}, 'value': '9.7'}, {'type': {'displayName': 'PassEndX', 'value': 140}, 'value': '55.8'}, {'type': {'displayName': 'PassEndY', 'value': 141}, 'value': '20.5'}]",True,,,,,
1903815,FirstHalf,43,20.0,43,Pass,Successful,116,NEC Nijmegen,130917.0,Eli Dasa,54.0,22.8,45.6,30.0,,,,,"[{'type': {'displayName': 'PassEndX', 'value': 140}, 'value': '45.6'}, {'type': {'displayName': 'Zone', 'value': 56}, 'value': 'Back'}, {'type': {'displayName': 'Length', 'value': 212}, 'value': '10.1'}, {'type': {'displayName': 'PassEndY', 'value': 141}, 'value': '30.0'}, {'type': {'displayName': 'Angle', 'value': 213}, 'value': '2.63'}]",True,,,,,
1903815,FirstHalf,43,23.0,43,Pass,Successful,116,NEC Nijmegen,321959.0,Philippe Sandler,53.4,21.1,51.9,7.6,,,,,"[{'type': {'displayName': 'PassEndX', 'value': 140}, 'value': '51.9'}, {'type': {'displayName': 'Angle', 'value': 213}, 'value': '4.54'}, {'type': {'displayName': 'PassEndY', 'value': 141}, 'value': '7.6'}, {'type': {'displayName': 'Zone', 'value': 56}, 'value': 'Right'}, {'type': {'displayName': 'Length', 'value': 212}, 'value': '9.3'}]",True,,,,,
1903815,FirstHalf,43,25.0,43,BallTouch,Unsuccessful,116,NEC Nijmegen,130917.0,Eli Dasa,50.2,6.3,,,,,,,"[{'type': {'displayName': 'Zone', 'value': 56}, 'value': 'Right'}]",True,,,,,
1903815,FirstHalf,43,31.0,43,Pass,Successful,256,Feyenoord,400059.0,Gijs Smal,54.2,100.0,32.3,95.5,,,,,"[{'type': {'displayName': 'ThrowIn', 'value': 107}}, {'type': {'displayName': 'Length', 'value': 212}, 'value': '23.4'}, {'type': {'displayName': 'Longball', 'value': 1}}, {'type': {'displayName': 'Angle', 'value': 213}, 'value': '3.32'}, {'type': {'displayName': 'Zone', 'value': 56}, 'value': 'Back'}, {'type': {'displayName': 'PassEndX', 'value': 140}, 'value': '32.3'}, {'type': {'displayName': 'PassEndY', 'value': 141}, 'value': '95.5'}]",True,,,,,
1903815,FirstHalf,43,36.0,43,Pass,Successful,256,Feyenoord,431258.0,Tsuyoshi Watanabe,27.4,93.4,27.6,51.4,,,,,"[{'type': {'displayName': 'PassEndX', 'value': 140}, 'value': '27.6'}, {'type': {'displayName': 'Angle', 'value': 213}, 'value': '4.72'}, {'type': {'displayName': 'Zone', 'value': 56}, 'value': 'Back'}, {'type': {'displayName': 'Length', 'value': 212}, 'value': '28.6'}, {'type': {'displayName': 'PassEndY', 'value': 141}, 'value': '51.4'}]",True,,,,,
1903815,FirstHalf,43,38.0,43,Pass,Successful,256,Feyenoord,326642.0,Anel Ahmedhodzic,26.4,49.4,14.5,62.7,,,,,"[{'type': {'displayName': 'Length', 'value': 212}, 'value': '15.4'}, {'type': {'displayName': 'Angle', 'value': 213}, 'value': '2.52'}, {'type': {'displayName': 'PassEndY', 'value': 141}, 'value': '62.7'}, {'type': {'displayName': 'Zone', 'value': 56}, 'value': 'Back'}, {'type': {'displayName': 'PassEndX', 'value': 140}, 'value': '14.5'}]",True,,,,,
1903815,FirstHalf,43,50.0,43,Pass,Successful,256,Feyenoord,121821.0,Timon Wellenreuther,26.4,58.0,31.0,19.4,,,,,"[{'type': {'displayName': 'PassEndY', 'value': 141}, 'value': '19.4'}, {'type': {'displayName': 'Zone', 'value': 56}, 'value': 'Back'}, {'type': {'displayName': 'PassEndX', 'value': 140}, 'value': '31.0'}, {'type': {'displayName': 'Angle', 'value': 213}, 'value': '4.89'}, {'type': {'displayName': 'Length', 'value': 212}, 'value': '26.7'}]",True,,,,,
1903815,FirstHalf,43,54.0,43,Pass,Successful,256,Feyenoord,326642.0,Anel Ahmedhodzic,32.2,19.7,25.4,42.4,,,,,"[{'type': {'displayName': 'Angle', 'value': 213}, 'value': '2.00'}, {'type': {'displayName': 'Length', 'value': 212}, 'value': '17.0'}, {'type': {'displayName': 'PassEndX', 'value': 140}, 'value': '25.4'}, {'type': {'displayName': 'Zone', 'value': 56}, 'value': 'Back'}, {'type': {'displayName': 'PassEndY', 'value': 141}, 'value': '42.4'}]",True,,,,,
1903815,FirstHalf,44,3.0,44,Pass,Successful,256,Feyenoord,121821.0,Timon Wellenreuther,32.7,39.2,47.1,11.5,,,,,"[{'type': {'displayName': 'PassEndX', 'value': 140}, 'value': '47.1'}, {'type': {'displayName': 'Zone', 'value': 56}, 'value': 'Back'}, {'type': {'displayName': 'Angle', 'value': 213}, 'value': '5.39'}, {'type': {'displayName': 'Length', 'value': 212}, 'value': '24.2'}, {'type': {'displayName': 'PassEndY', 'value': 141}, 'value': '11.5'}]",True,,,,,
1903815,FirstHalf,44,9.0,44,Pass,Successful,256,Feyenoord,326642.0,Anel Ahmedhodzic,69.7,10.6,74.6,3.3,,,,,"[{'type': {'displayName': 'Length', 'value': 212}, 'value': '7.1'}, {'type': {'displayName': 'Angle', 'value': 213}, 'value': '5.52'}, {'type': {'displayName': 'Zone', 'value': 56}, 'value': 'Right'}, {'type': {'displayName': 'PassEndX', 'value': 140}, 'value': '74.6'}, {'type': {'displayName': 'PassEndY', 'value': 141}, 'value': '3.3'}]",True,,,,,
1903815,FirstHalf,44,12.0,44,Pass,Successful,256,Feyenoord,515829.0,Anis Hadj Moussa,71.7,5.9,58.3,26.3,,,,,"[{'type': {'displayName': 'PassEndX', 'value': 140}, 'value': '58.3'}, {'type': {'displayName': 'Zone', 'value': 56}, 'value': 'Center'}, {'type': {'displayName': 'Length', 'value': 212}, 'value': '19.8'}, {'type': {'displayName': 'PassEndY', 'value': 141}, 'value': '26.3'}, {'type': {'displayName': 'Angle', 'value': 213}, 'value': '2.36'}]",True,,,,,
1903815,FirstHalf,44,13.0,44,Pass,Successful,256,Feyenoord,411078.0,Quinten Timber,58.3,26.3,62.7,16.5,,,,,"[{'type': {'displayName': 'PassEndX', 'value': 140}, 'value': '62.7'}, {'type': {'displayName': 'Zone', 'value': 56}, 'value': 'Right'}, {'type': {'displayName': 'Angle', 'value': 213}, 'value': '5.32'}, {'type': {'displayName': 'Length', 'value': 212}, 'value': '8.1'}, {'type': {'displayName': 'PassEndY', 'value': 141}, 'value': '16.5'}]",True,,,,,
1903815,FirstHalf,44,15.0,44,Pass,Successful,256,Feyenoord,515829.0,Anis Hadj Moussa,55.3,18.0,47.9,45.9,,,,,"[{'type': {'displayName': 'Angle', 'value': 213}, 'value': '1.96'}, {'type': {'displayName': 'PassEndY', 'value': 141}, 'value': '45.9'}, {'type': {'displayName': 'Length', 'value': 212}, 'value': '20.5'}, {'type': {'displayName': 'Zone', 'value': 56}, 'value': 'Back'}, {'type': {'displayName': 'PassEndX', 'value': 140}, 'value': '47.9'}]",True,,,,,
1903815,FirstHalf,44,19.0,44,Pass,Successful,256,Feyenoord,431258.0,Tsuyoshi Watanabe,52.2,53.2,57.1,76.8,,,,,"[{'type': {'displayName': 'Angle', 'value': 213}, 'value': '1.26'}, {'type': {'displayName': 'PassEndY', 'value': 141}, 'value': '76.8'}, {'type': {'displayName': 'PassEndX', 'value': 140}, 'value': '57.1'}, {'type': {'displayName': 'Length', 'value': 212}, 'value': '16.9'}, {'type': {'displayName': 'Zone', 'value': 56}, 'value': 'Center'}]",True,,,,,
1903815,FirstHalf,44,21.0,44,Pass,Successful,256,Feyenoord,415927.0,Luciano Valente,57.0,77.6,72.1,97.9,,,,,"[{'type': {'displayName': 'PassEndX', 'value': 140}, 'value': '72.1'}, {'type': {'displayName': 'Angle', 'value': 213}, 'value': '0.72'}, {'type': {'displayName': 'PassEndY', 'value': 141}, 'value': '97.9'}, {'type': {'displayName': 'Zone', 'value': 56}, 'value': 'Left'}, {'type': {'displayName': 'Length', 'value': 212}, 'value': '21.0'}]",True,,,,,
1903815,FirstHalf,44,25.0,44,Pass,Successful,256,Feyenoord,400059.0,Gijs Smal,70.5,95.9,63.8,85.0,,,,,"[{'type': {'displayName': 'PassEndY', 'value': 141}, 'value': '85.0'}, {'type': {'displayName': 'Length', 'value': 212}, 'value': '10.2'}, {'type': {'displayName': 'Zone', 'value': 56}, 'value': 'Left'}, {'type': {'displayName': 'Angle', 'value': 213}, 'value': '3.95'}, {'type': {'displayName': 'PassEndX', 'value': 140}, 'value': '63.8'}]",True,,,,,
1903815,FirstHalf,44,28.0,44,Pass,Successful,256,Feyenoord,415927.0,Luciano Valente,64.5,79.0,72.9,52.1,,,,,"[{'type': {'displayName': 'Zone', 'value': 56}, 'value': 'Center'}, {'type': {'displayName': 'Angle', 'value': 213}, 'value': '5.16'}, {'type': {'displayName': 'Length', 'value': 212}, 'value': '20.3'}, {'type': {'displayName': 'PassEndY', 'value': 141}, 'value': '52.1'}, {'type': {'displayName': 'PassEndX', 'value': 140}, 'value': '72.9'}]",True,,,,,
1903815,FirstHalf,44,32.0,44,Pass,Successful,256,Feyenoord,411078.0,Quinten Timber,82.9,43.6,90.2,31.7,,,,,"[{'type': {'displayName': 'Angle', 'value': 213}, 'value': '5.47'}, {'type': {'displayName': 'Zone', 'value': 56}, 'value': 'Center'}, {'type': {'displayName': 'Length', 'value': 212}, 'value': '11.1'}, {'type': {'displayName': 'ShotAssist', 'value': 210}, 'value': '15'}, {'type': {'displayName': 'PassEndX', 'value': 140}, 'value': '90.2'}, {'type': {'displayName': 'PassEndY', 'value': 141}, 'value': '31.7'}, {'type': {'displayName': 'KeyPass', 'value': 11113}}]",True,,,,,
1903815,FirstHalf,44,35.0,44,SavedShot,Successful,256,Feyenoord,515829.0,Anis Hadj Moussa,89.8,37.6,,,49.2,19.0,92.1,40.2,"[{'type': {'displayName': 'RelatedEventId', 'value': 55}, 'value': '395'}, {'type': {'displayName': 'RegularPlay', 'value': 22}}, {'type': {'displayName': 'BlockedX', 'value': 146}, 'value': '92.1'}, {'type': {'displayName': 'GoalMouthZ', 'value': 103}, 'value': '19'}, {'type': {'displayName': 'Zone', 'value': 56}, 'value': 'Center'}, {'type': {'displayName': 'IntentionalAssist', 'value': 154}}, {'type': {'displayName': 'LowCentre', 'value': 78}}, {'type': {'displayName': 'BoxCentre', 'value': 17}}, {'type': {'displayName': 'Blocked', 'value': 82}}, {'type': {'displayName': 'BlockedY', 'value': 147}, 'value': '40.2'}, {'type': {'displayName': 'LeftFoot', 'value': 72}}, {'type': {'displayName': 'Assisted', 'value': 29}}, {'type': {'displayName': 'OppositeRelatedEvent', 'value': 233}, 'value': '359'}, {'type': {'displayName': 'GoalMouthY', 'value': 102}, 'value': '49.2'}]",True,True,,,395.0,411078.0
1903815,FirstHalf,44,35.0,44,Save,Successful,116,NEC Nijmegen,400320.0,Ahmetcan Kaplan,7.2,60.1,,,,,,,"[{'type': {'displayName': 'OppositeRelatedEvent', 'value': 233}, 'value': '396'}, {'type': {'displayName': 'Zone', 'value': 56}, 'value': 'Back'}, {'type': {'displayName': 'OutfielderBlock', 'value': 94}}]",True,,,,,
1903815,FirstHalf,44,37.0,44,Pass,Successful,256,Feyenoord,377288.0,Ayase Ueda,96.7,63.9,90.7,57.1,,,,,"[{'type': {'displayName': 'ShotAssist', 'value': 210}, 'value': '15'}, {'type': {'displayName': 'Zone', 'value': 56}, 'value': 'Center'}, {'type': {'displayName': 'PassEndY', 'value': 141}, 'value': '57.1'}, {'type': {'displayName': 'IntentionalAssist', 'value': 154}}, {'type': {'displayName': 'PassEndX', 'value': 140}, 'value': '90.7'}, {'type': {'displayName': 'Length', 'value': 212}, 'value': '7.8'}, {'type': {'displayName': 'Angle', 'value': 213}, 'value': '3.77'}, {'type': {'displayName': 'KeyPass', 'value': 11113}}]",True,,,,,
1903815,FirstHalf,44,39.0,44,SavedShot,Successful,256,Feyenoord,361794.0,Sem Steijn,91.2,57.3,,,48.0,19.6,98.2,51.4,"[{'type': {'displayName': 'BlockedX', 'value': 146}, 'value': '98.2'}, {'type': {'displayName': 'GoalMouthY', 'value': 102}, 'value': '48.0'}, {'type': {'displayName': 'FirstTouch', 'value': 328}}, {'type': {'displayName': 'RegularPlay', 'value': 22}}, {'type': {'displayName': 'BoxCentre', 'value': 17}}, {'type': {'displayName': 'GoalMouthZ', 'value': 103}, 'value': '19.6'}, {'type': {'displayName': 'RightFoot', 'value': 20}}, {'type': {'displayName': 'LowRight', 'value': 80}}, {'type': {'displayName': 'BlockedY', 'value': 147}, 'value': '51.4'}, {'type': {'displayName': 'RelatedEventId', 'value': 55}, 'value': '397'}, {'type': {'displayName': 'OppositeRelatedEvent', 'value': 233}, 'value': '360'}, {'type': {'displayName': 'Zone', 'value': 56}, 'value': 'Center'}, {'type': {'displayName': 'Assisted', 'value': 29}}, {'type': {'displayName': 'IntentionalAssist', 'value': 154}}]",True,True,,,397.0,377288.0
1903815,FirstHalf,44,39.0,44,Save,Successful,116,NEC Nijmegen,448283.0,Gonzalo Crettaz,1.5,49.5,,,,,,,"[{'type': {'displayName': 'Zone', 'value': 56}, 'value': 'Back'}, {'type': {'displayName': 'Hands', 'value': 182}}, {'type': {'displayName': 'ParriedSafe', 'value': 173}}, {'type': {'displayName': 'OppositeRelatedEvent', 'value': 233}, 'value': '398'}, {'type': {'displayName': 'KeeperSaveInTheBox', 'value': 11115}}]",True,,,,,
1903815,FirstHalf,44,41.0,44,CornerAwarded,Unsuccessful,116,NEC Nijmegen,448283.0,Gonzalo Crettaz,3.2,66.8,,,,,,,"[{'type': {'displayName': 'MissLeft', 'value': 73}}, {'type': {'displayName': 'OppositeRelatedEvent', 'value': 233}, 'value': '399'}, {'type': {'displayName': 'Zone', 'value': 56}, 'value': 'Back'}]",False,,,,,
1903815,FirstHalf,44,41.0,44,CornerAwarded,Successful,256,Feyenoord,431258.0,Tsuyoshi Watanabe,96.8,33.2,,,,,,,"[{'type': {'displayName': 'OppositeRelatedEvent', 'value': 233}, 'value': '361'}, {'type': {'displayName': 'MissRight', 'value': 75}}, {'type': {'displayName': 'Zone', 'value': 56}, 'value': 'Center'}]",False,,,,,
1903815,FirstHalf,45,2.0,45,Pass,Successful,256,Feyenoord,515829.0,Anis Hadj Moussa,99.5,0.5,93.4,46.7,,,,,"[{'type': {'displayName': 'Chipped', 'value': 155}}, {'type': {'displayName': 'IntentionalAssist', 'value': 154}}, {'type': {'displayName': 'CornerTaken', 'value': 6}}, {'type': {'displayName': 'PassEndY', 'value': 141}, 'value': '46.7'}, {'type': {'displayName': 'Length', 'value': 212}, 'value': '32.1'}, {'type': {'displayName': 'Angle', 'value': 213}, 'value': '1.77'}, {'type': {'displayName': 'ShotAssist', 'value': 210}, 'value': '14'}, {'type': {'displayName': 'Zone', 'value': 56}, 'value': 'Center'}, {'type': {'displayName': 'Cross', 'value': 2}}, {'type': {'displayName': 'PassEndX', 'value': 140}, 'value': '93.4'}, {'type': {'displayName': 'LeftFoot', 'value': 72}}, {'type': {'displayName': 'Longball', 'value': 1}}, {'type': {'displayName': 'KeyPass', 'value': 11113}}]",True,,,,,
1903815,FirstHalf,45,4.0,45,ShotOnPost,Successful,256,Feyenoord,431258.0,Tsuyoshi Watanabe,93.4,46.7,,,48.8,41.1,,,"[{'type': {'displayName': 'Head', 'value': 15}}, {'type': {'displayName': 'Zone', 'value': 56}, 'value': 'Center'}, {'type': {'displayName': 'FirstTouch', 'value': 328}}, {'type': {'displayName': 'GoalMouthZ', 'value': 103}, 'value': '41.1'}, {'type': {'displayName': 'BoxCentre', 'value': 17}}, {'type': {'displayName': 'GoalMouthY', 'value': 102}, 'value': '48.8'}, {'type': {'displayName': 'MissHigh', 'value': 74}}, {'type': {'displayName': 'Assisted', 'value': 29}}, {'type': {'displayName': 'RelatedEventId', 'value': 55}, 'value': '400'}, {'type': {'displayName': 'IntentionalAssist', 'value': 154}}, {'type': {'displayName': 'FromCorner', 'value': 25}}]",True,True,,,400.0,515829.0
1903815,FirstHalf,45,5.0,45,Clearance,Successful,116,NEC Nijmegen,515755.0,Sami Ouaissa,11.0,41.7,30.5,44.6,,,,,"[{'type': {'displayName': 'PassEndX', 'value': 140}, 'value': '30.5'}, {'type': {'displayName': 'Angle', 'value': 213}, 'value': '0.10'}, {'type': {'displayName': 'Zone', 'value': 56}, 'value': 'Back'}, {'type': {'displayName': 'PassEndY', 'value': 141}, 'value': '44.6'}, {'type': {'displayName': 'Length', 'value': 212}, 'value': '20.6'}]",True,,,,,
1903815,FirstHalf,45,7.0,45,BallTouch,Successful,116,NEC Nijmegen,130917.0,Eli Dasa,6.6,39.6,,,,,,,"[{'type': {'displayName': 'Zone', 'value': 56}, 'value': 'Back'}]",True,,,,,
1903815,FirstHalf,45,7.0,45,Pass,Successful,256,Feyenoord,400059.0,Gijs Smal,64.3,62.9,69.5,73.0,,,,,"[{'type': {'displayName': 'Angle', 'value': 213}, 'value': '0.90'}, {'type': {'displayName': 'Length', 'value': 212}, 'value': '8.8'}, {'type': {'displayName': 'PassEndX', 'value': 140}, 'value': '69.5'}, {'type': {'displayName': 'PassEndY', 'value': 141}, 'value': '73.0'}, {'type': {'displayName': 'Zone', 'value': 56}, 'value': 'Center'}]",True,,,,,
1903815,FirstHalf,45,9.0,45,Pass,Successful,256,Feyenoord,361794.0,Sem Steijn,69.3,72.9,85.5,80.9,,,,,"[{'type': {'displayName': 'Zone', 'value': 56}, 'value': 'Left'}, {'type': {'displayName': 'Angle', 'value': 213}, 'value': '0.31'}, {'type': {'displayName': 'PassEndY', 'value': 141}, 'value': '80.9'}, {'type': {'displayName': 'PassEndX', 'value': 140}, 'value': '85.5'}, {'type': {'displayName': 'Length', 'value': 212}, 'value': '17.9'}]",True,,,,,
1903815,FirstHalf,45,10.0,45,Pass,Unsuccessful,256,Feyenoord,377288.0,Ayase Ueda,91.3,75.0,92.5,58.3,,,,,"[{'type': {'displayName': 'Cross', 'value': 2}}, {'type': {'displayName': 'Length', 'value': 212}, 'value': '11.4'}, {'type': {'displayName': 'Zone', 'value': 56}, 'value': 'Center'}, {'type': {'displayName': 'PassEndX', 'value': 140}, 'value': '92.5'}, {'type': {'displayName': 'Angle', 'value': 213}, 'value': '4.82'}, {'type': {'displayName': 'PassEndY', 'value': 141}, 'value': '58.3'}, {'type': {'displayName': 'LeftFoot', 'value': 72}}]",True,,,,,
1903815,FirstHalf,45,11.0,45,Interception,Successful,116,NEC Nijmegen,130917.0,Eli Dasa,7.0,41.2,,,,,,,"[{'type': {'displayName': 'Zone', 'value': 56}, 'value': 'Back'}]",True,,,,,
1903815,FirstHalf,45,12.0,45,BallTouch,Successful,116,NEC Nijmegen,487049.0,Koki Ogawa,8.3,46.4,,,,,,,"[{'type': {'displayName': 'Zone', 'value': 56}, 'value': 'Back'}]",True,,,,,
1903815,FirstHalf,45,13.0,45,SavedShot,Successful,256,Feyenoord,326642.0,Anel Ahmedhodzic,91.7,58.9,,,51.2,19.0,93.6,57.0,"[{'type': {'displayName': 'BlockedX', 'value': 146}, 'value': '93.6'}, {'type': {'displayName': 'RightFoot', 'value': 20}}, {'type': {'displayName': 'FromCorner', 'value': 25}}, {'type': {'displayName': 'Zone', 'value': 56}, 'value': 'Center'}, {'type': {'displayName': 'LowCentre', 'value': 78}}, {'type': {'displayName': 'BoxCentre', 'value': 17}}, {'type': {'displayName': 'BlockedY', 'value': 147}, 'value': '57.0'}, {'type': {'displayName': 'GoalMouthY', 'value': 102}, 'value': '51.2'}, {'type': {'displayName': 'GoalMouthZ', 'value': 103}, 'value': '19'}, {'type': {'displayName': 'Blocked', 'value': 82}}, {'type': {'displayName': 'FirstTouch', 'value': 328}}, {'type': {'displayName': 'OppositeRelatedEvent', 'value': 233}, 'value': '364'}]",True,True,,,,
1903815,FirstHalf,45,14.0,45,Save,Successful,116,NEC Nijmegen,487049.0,Koki Ogawa,6.4,43.0,,,,,,,"[{'type': {'displayName': 'OppositeRelatedEvent', 'value': 233}, 'value': '405'}, {'type': {'displayName': 'Zone', 'value': 56}, 'value': 'Back'}, {'type': {'displayName': 'OutfielderBlock', 'value': 94}}]",True,,,,,
1903815,FirstHalf,45,18.0,45,BallRecovery,Successful,116,NEC Nijmegen,515755.0,Sami Ouaissa,33.6,17.5,,,,,,,[],False,,,,,
1903815,FirstHalf,45,25.0,45,Pass,Successful,116,NEC Nijmegen,515755.0,Sami Ouaissa,61.6,24.9,43.8,13.7,,,,,"[{'type': {'displayName': 'Length', 'value': 212}, 'value': '20.2'}, {'type': {'displayName': 'Zone', 'value': 56}, 'value': 'Back'}, {'type': {'displayName': 'PassEndY', 'value': 141}, 'value': '13.7'}, {'type': {'displayName': 'PassEndX', 'value': 140}, 'value': '43.8'}, {'type': {'displayName': 'Angle', 'value': 213}, 'value': '3.53'}]",True,,,,,
1903815,FirstHalf,47,31.0,47,Pass,Successful,116,NEC Nijmegen,321959.0,Philippe Sandler,49.7,35.5,52.5,62.4,,,,,"[{'type': {'displayName': 'Angle', 'value': 213}, 'value': '1.41'}, {'type': {'displayName': 'PassEndX', 'value': 140}, 'value': '52.5'}, {'type': {'displayName': 'Length', 'value': 212}, 'value': '18.5'}, {'type': {'displayName': 'PassEndY', 'value': 141}, 'value': '62.4'}, {'type': {'displayName': 'Zone', 'value': 56}, 'value': 'Center'}]",True,,,,,
1903815,FirstHalf,47,45.0,47,Pass,Successful,116,NEC Nijmegen,400320.0,Ahmetcan Kaplan,63.9,67.5,54.8,53.6,,,,,"[{'type': {'displayName': 'Angle', 'value': 213}, 'value': '3.92'}, {'type': {'displayName': 'PassEndX', 'value': 140}, 'value': '54.8'}, {'type': {'displayName': 'PassEndY', 'value': 141}, 'value': '53.6'}, {'type': {'displayName': 'Length', 'value': 212}, 'value': '13.4'}, {'type': {'displayName': 'Zone', 'value': 56}, 'value': 'Center'}]",True,,,,,
1903815,FirstHalf,47,47.0,47,Pass,Successful,116,NEC Nijmegen,321959.0,Philippe Sandler,53.4,49.3,65.1,6.3,,,,,"[{'type': {'displayName': 'Angle', 'value': 213}, 'value': '5.11'}, {'type': {'displayName': 'PassEndY', 'value': 141}, 'value': '6.3'}, {'type': {'displayName': 'Length', 'value': 212}, 'value': '31.7'}, {'type': {'displayName': 'Zone', 'value': 56}, 'value': 'Right'}, {'type': {'displayName': 'PassEndX', 'value': 140}, 'value': '65.1'}]",True,,,,,
1903815,FirstHalf,47,53.0,47,TakeOn,Unsuccessful,116,NEC Nijmegen,515755.0,Sami Ouaissa,70.3,6.1,,,,,,,"[{'type': {'displayName': 'OppositeRelatedEvent', 'value': 233}, 'value': '409'}, {'type': {'displayName': 'Offensive', 'value': 286}}, {'type': {'displayName': 'Zone', 'value': 56}, 'value': 'Right'}]",True,,,,,
1903815,FirstHalf,47,53.0,47,Tackle,Successful,256,Feyenoord,400059.0,Gijs Smal,29.7,93.9,,,,,,,"[{'type': {'displayName': 'Defensive', 'value': 285}}, {'type': {'displayName': 'OppositeRelatedEvent', 'value': 233}, 'value': '375'}, {'type': {'displayName': 'Zone', 'value': 56}, 'value': 'Back'}, {'type': {'displayName': 'StandingSave', 'value': 178}}]",True,,,,,
1903815,FirstHalf,47,54.0,47,BallRecovery,Successful,256,Feyenoord,400059.0,Gijs Smal,33.8,95.9,,,,,,,[],False,,,,,
1903815,FirstHalf,47,55.0,47,Pass,Successful,256,Feyenoord,400059.0,Gijs Smal,35.7,96.2,35.1,81.8,,,,,"[{'type': {'displayName': 'Angle', 'value': 213}, 'value': '4.65'}, {'type': {'displayName': 'PassEndX', 'value': 140}, 'value': '35.1'}, {'type': {'displayName': 'PassEndY', 'value': 141}, 'value': '81.8'}, {'type': {'displayName': 'Length', 'value': 212}, 'value': '9.8'}, {'type': {'displayName': 'Zone', 'value': 56}, 'value': 'Back'}]",True,,,,,
1903815,FirstHalf,47,56.0,47,Pass,Successful,256,Feyenoord,411078.0,Quinten Timber,34.6,81.2,42.4,97.5,,,,,"[{'type': {'displayName': 'PassEndX', 'value': 140}, 'value': '42.4'}, {'type': {'displayName': 'Angle', 'value': 213}, 'value': '0.93'}, {'type': {'displayName': 'Zone', 'value': 56}, 'value': 'Back'}, {'type': {'displayName': 'PassEndY', 'value': 141}, 'value': '97.5'}, {'type': {'displayName': 'Length', 'value': 212}, 'value': '13.8'}]",True,,,,,
1903815,FirstHalf,48,2.0,48,Pass,Successful,256,Feyenoord,468119.0,Leo Sauer,66.2,93.1,90.4,73.5,,,,,"[{'type': {'displayName': 'Zone', 'value': 56}, 'value': 'Center'}, {'type': {'displayName': 'PassEndX', 'value': 140}, 'value': '90.4'}, {'type': {'displayName': 'PassEndY', 'value': 141}, 'value': '73.5'}, {'type': {'displayName': 'Angle', 'value': 213}, 'value': '5.80'}, {'type': {'displayName': 'Length', 'value': 212}, 'value': '28.7'}]",True,,,,,
1903815,FirstHalf,48,5.0,48,Pass,Unsuccessful,256,Feyenoord,411078.0,Quinten Timber,91.7,72.1,92.5,43.0,,,,,"[{'type': {'displayName': 'PassEndY', 'value': 141}, 'value': '43.0'}, {'type': {'displayName': 'PassEndX', 'value': 140}, 'value': '92.5'}, {'type': {'displayName': 'Angle', 'value': 213}, 'value': '4.75'}, {'type': {'displayName': 'Zone', 'value': 56}, 'value': 'Center'}, {'type': {'displayName': 'Length', 'value': 212}, 'value': '19.8'}]",True,,,,,
1903815,FirstHalf,48,6.0,48,Clearance,Successful,116,NEC Nijmegen,400320.0,Ahmetcan Kaplan,6.2,49.2,10.8,79.2,,,,,"[{'type': {'displayName': 'Zone', 'value': 56}, 'value': 'Back'}, {'type': {'displayName': 'Length', 'value': 212}, 'value': '21.0'}, {'type': {'displayName': 'Angle', 'value': 213}, 'value': '1.34'}, {'type': {'displayName': 'PassEndX', 'value': 140}, 'value': '10.8'}, {'type': {'displayName': 'PassEndY', 'value': 141}, 'value': '79.2'}]",True,,,,,
1903815,FirstHalf,48,11.0,48,Pass,Successful,256,Feyenoord,361794.0,Sem Steijn,94.8,19.8,95.8,52.6,,,,,"[{'type': {'displayName': 'ShotAssist', 'value': 210}, 'value': '16'}, {'type': {'displayName': 'PassEndX', 'value': 140}, 'value': '95.8'}, {'type': {'displayName': 'IntentionalAssist', 'value': 154}}, {'type': {'displayName': 'Angle', 'value': 213}, 'value': '1.52'}, {'type': {'displayName': 'RightFoot', 'value': 20}}, {'type': {'displayName': 'Cross', 'value': 2}}, {'type': {'displayName': 'Zone', 'value': 56}, 'value': 'Center'}, {'type': {'displayName': 'Chipped', 'value': 155}}, {'type': {'displayName': 'Length', 'value': 212}, 'value': '22.3'}, {'type': {'displayName': 'RegularPlay', 'value': 22}}, {'type': {'displayName': 'PassEndY', 'value': 141}, 'value': '52.6'}, {'type': {'displayName': 'BigChanceCreated', 'value': 11112}}, {'type': {'displayName': 'IntentionalGoalAssist', 'value': 11111}}, {'type': {'displayName': 'KeyPass', 'value': 11113}}]",True,,,,,
1903815,FirstHalf,48,13.0,48,Aerial,Successful,256,Feyenoord,468119.0,Leo Sauer,95.8,52.6,,,,,,,"[{'type': {'displayName': 'Zone', 'value': 56}, 'value': 'Center'}, {'type': {'displayName': 'OppositeRelatedEvent', 'value': 233}, 'value': '377'}, {'type': {'displayName': 'Offensive', 'value': 286}}]",False,,,,,
1903815,FirstHalf,48,13.0,48,Aerial,Unsuccessful,116,NEC Nijmegen,130917.0,Eli Dasa,4.2,47.4,,,,,,,"[{'type': {'displayName': 'Zone', 'value': 56}, 'value': 'Back'}, {'type': {'displayName': 'OppositeRelatedEvent', 'value': 233}, 'value': '417'}, {'type': {'displayName': 'Defensive', 'value': 285}}]",False,,,,,
1903815,FirstHalf,48,14.0,48,Goal,Successful,256,Feyenoord,468119.0,Leo Sauer,95.8,52.6,,,53.0,34.2,,,"[{'type': {'displayName': 'Head', 'value': 15}}, {'type': {'displayName': 'FirstTouch', 'value': 328}}, {'type': {'displayName': 'HighLeft', 'value': 77}}, {'type': {'displayName': 'SmallBoxCentre', 'value': 16}}, {'type': {'displayName': 'GoalMouthY', 'value': 102}, 'value': '53.0'}, {'type': {'displayName': 'RelatedEventId', 'value': 55}, 'value': '415'}, {'type': {'displayName': 'Assisted', 'value': 29}}, {'type': {'displayName': 'IntentionalAssist', 'value': 154}}, {'type': {'displayName': 'GoalMouthZ', 'value': 103}, 'value': '34.2'}, {'type': {'displayName': 'BigChance', 'value': 214}}, {'type': {'displayName': 'Zone', 'value': 56}, 'value': 'Center'}, {'type': {'displayName': 'RegularPlay', 'value': 22}}]",True,True,True,,415.0,361794.0
1903815,FirstHalf,49,0.0,49,End,Successful,116,NEC Nijmegen,,,0.0,0.0,,,,,,,[],False,,,,,
1903815,FirstHalf,49,0.0,49,End,Successful,256,Feyenoord,,,0.0,0.0,,,,,,,[],False,,,,,
1903815,SecondHalf,45,0.0,50,Start,Successful,116,NEC Nijmegen,,,0.0,0.0,,,,,,,[],False,,,,,
1903815,SecondHalf,45,0.0,50,Start,Successful,256,Feyenoord,,,0.0,0.0,,,,,,,[],False,,,,,
1903815,SecondHalf,45,0.0,50,Pass,Successful,256,Feyenoord,361794.0,Sem Steijn,50.1,50.2,26.4,40.1,,,,,"[{'type': {'displayName': 'Length', 'value': 212}, 'value': '25.8'}, {'type': {'displayName': 'Angle', 'value': 213}, 'value': '3.41'}, {'type': {'displayName': 'PassEndY', 'value': 141}, 'value': '40.1'}, {'type': {'displayName': 'PassEndX', 'value': 140}, 'value': '26.4'}, {'type': {'displayName': 'Zone', 'value': 56}, 'value': 'Back'}]",True,,,,,
1903815,SecondHalf,45,5.0,50,Pass,Unsuccessful,256,Feyenoord,121821.0,Timon Wellenreuther,26.4,39.7,68.7,13.3,,,,,"[{'type': {'displayName': 'PassEndX', 'value': 140}, 'value': '68.7'}, {'type': {'displayName': 'Zone', 'value': 56}, 'value': 'Right'}, {'type': {'displayName': 'PassEndY', 'value': 141}, 'value': '13.3'}, {'type': {'displayName': 'Angle', 'value': 213}, 'value': '5.90'}, {'type': {'displayName': 'Longball', 'value': 1}}, {'type': {'displayName': 'Length', 'value': 212}, 'value': '47.9'}]",True,,,,,
1903815,SecondHalf,45,8.0,50,Aerial,Successful,116,NEC Nijmegen,400320.0,Ahmetcan Kaplan,31.3,86.7,,,,,,,"[{'type': {'displayName': 'OppositeRelatedEvent', 'value': 233}, 'value': '425'}, {'type': {'displayName': 'Defensive', 'value': 285}}, {'type': {'displayName': 'Zone', 'value': 56}, 'value': 'Back'}]",False,,,,,
1903815,SecondHalf,45,8.0,50,Aerial,Unsuccessful,256,Feyenoord,377288.0,Ayase Ueda,68.7,13.3,,,,,,,"[{'type': {'displayName': 'OppositeRelatedEvent', 'value': 233}, 'value': '388'}, {'type': {'displayName': 'Zone', 'value': 56}, 'value': 'Right'}, {'type': {'displayName': 'Offensive', 'value': 286}}]",False,,,,,
1903815,SecondHalf,45,8.0,50,Clearance,Successful,116,NEC Nijmegen,400320.0,Ahmetcan Kaplan,31.3,86.7,35.8,100.0,,,,,"[{'type': {'displayName': 'PassEndX', 'value': 140}, 'value': '35.8'}, {'type': {'displayName': 'Angle', 'value': 213}, 'value': '1.14'}, {'type': {'displayName': 'Length', 'value': 212}, 'value': '11.4'}, {'type': {'displayName': 'PassEndY', 'value': 141}, 'value': '100.0'}, {'type': {'displayName': 'Zone', 'value': 56}, 'value': 'Back'}, {'type': {'displayName': 'Head', 'value': 15}}]",True,,,,,
1903815,SecondHalf,45,16.0,50,Pass,Unsuccessful,256,Feyenoord,297527.0,Bart Nieuwkoop,73.4,0.0,85.9,13.9,,,,,"[{'type': {'displayName': 'ThrowIn', 'value': 107}}, {'type': {'displayName': 'Zone', 'value': 56}, 'value': 'Right'}, {'type': {'displayName': 'PassEndX', 'value': 140}, 'value': '85.9'}, {'type': {'displayName': 'Angle', 'value': 213}, 'value': '0.67'}, {'type': {'displayName': 'Length', 'value': 212}, 'value': '16.8'}, {'type': {'displayName': 'PassEndY', 'value': 141}, 'value': '13.9'}]",True,,,,,
1903815,SecondHalf,45,18.0,50,BallRecovery,Successful,116,NEC Nijmegen,497708.0,Kodai Sano,13.9,83.7,,,,,,,[],False,,,,,
1903815,SecondHalf,45,20.0,50,Pass,Successful,116,NEC Nijmegen,497708.0,Kodai Sano,15.2,85.3,34.4,67.3,,,,,"[{'type': {'displayName': 'Longball', 'value': 1}}, {'type': {'displayName': 'Zone', 'value': 56}, 'value': 'Back'}, {'type': {'displayName': 'Angle', 'value': 213}, 'value': '5.74'}, {'type': {'displayName': 'PassEndY', 'value': 141}, 'value': '67.3'}, {'type': {'displayName': 'Length', 'value': 212}, 'value': '23.6'}, {'type': {'displayName': 'PassEndX', 'value': 140}, 'value': '34.4'}]",True,,,,,
1903815,SecondHalf,45,24.0,50,Pass,Successful,116,NEC Nijmegen,487049.0,Koki Ogawa,37.5,61.2,46.0,53.0,,,,,"[{'type': {'displayName': 'PassEndX', 'value': 140}, 'value': '46.0'}, {'type': {'displayName': 'Zone', 'value': 56}, 'value': 'Back'}, {'type': {'displayName': 'Angle', 'value': 213}, 'value': '5.72'}, {'type': {'displayName': 'Length', 'value': 212}, 'value': '10.5'}, {'type': {'displayName': 'PassEndY', 'value': 141}, 'value': '53.0'}]",True,,,,,
1903815,SecondHalf,45,25.0,50,Pass,Unsuccessful,116,NEC Nijmegen,515755.0,Sami Ouaissa,46.0,53.5,49.0,73.1,,,,,"[{'type': {'displayName': 'Zone', 'value': 56}, 'value': 'Back'}, {'type': {'displayName': 'Angle', 'value': 213}, 'value': '1.34'}, {'type': {'displayName': 'Length', 'value': 212}, 'value': '13.7'}, {'type': {'displayName': 'PassEndX', 'value': 140}, 'value': '49.0'}, {'type': {'displayName': 'PassEndY', 'value': 141}, 'value': '73.1'}]",True,,,,,
1903815,SecondHalf,45,27.0,50,BallRecovery,Successful,256,Feyenoord,326642.0,Anel Ahmedhodzic,46.2,28.2,,,,,,,[],False,,,,,
1903815,SecondHalf,45,34.0,50,Foul,Successful,256,Feyenoord,326642.0,Anel Ahmedhodzic,46.6,24.6,,,,,,,"[{'type': {'displayName': 'OppositeRelatedEvent', 'value': 233}, 'value': '395'}, {'type': {'displayName': 'Zone', 'value': 56}, 'value': 'Back'}, {'type': {'displayName': 'Foul', 'value': 13}}, {'type': {'displayName': 'Offensive', 'value': 286}}]",True,,,,,
1903815,SecondHalf,45,34.0,50,Foul,Unsuccessful,116,NEC Nijmegen,497708.0,Kodai Sano,53.4,75.4,,,,,,,"[{'type': {'displayName': 'OppositeRelatedEvent', 'value': 233}, 'value': '429'}, {'type': {'displayName': 'Defensive', 'value': 285}}, {'type': {'displayName': 'Foul', 'value': 13}}, {'type': {'displayName': 'Zone', 'value': 56}, 'value': 'Center'}]",False,,,,,
1903815,SecondHalf,45,37.0,50,Pass,Successful,256,Feyenoord,326642.0,Anel Ahmedhodzic,45.9,23.6,32.5,36.7,,,,,"[{'type': {'displayName': 'PassEndX', 'value': 140}, 'value': '32.5'}, {'type': {'displayName': 'Length', 'value': 212}, 'value': '16.7'}, {'type': {'displayName': 'PassEndY', 'value': 141}, 'value': '36.7'}, {'type': {'displayName': 'Zone', 'value': 56}, 'value': 'Back'}, {'type': {'displayName': 'Angle', 'value': 213}, 'value': '2.58'}, {'type': {'displayName': 'FreekickTaken', 'value': 5}}]",True,,,,,
1903815,SecondHalf,45,39.0,50,Pass,Successful,256,Feyenoord,431258.0,Tsuyoshi Watanabe,31.3,38.2,33.8,67.4,,,,,"[{'type': {'displayName': 'Length', 'value': 212}, 'value': '20.0'}, {'type': {'displayName': 'PassEndY', 'value': 141}, 'value': '67.4'}, {'type': {'displayName': 'Zone', 'value': 56}, 'value': 'Back'}, {'type': {'displayName': 'Angle', 'value': 213}, 'value': '1.44'}, {'type': {'displayName': 'PassEndX', 'value': 140}, 'value': '33.8'}]",True,,,,,
1903815,SecondHalf,45,41.0,50,Pass,Successful,256,Feyenoord,400059.0,Gijs Smal,34.1,70.8,37.3,59.9,,,,,"[{'type': {'displayName': 'Angle', 'value': 213}, 'value': '5.14'}, {'type': {'displayName': 'Length', 'value': 212}, 'value': '8.1'}, {'type': {'displayName': 'PassEndX', 'value': 140}, 'value': '37.3'}, {'type': {'displayName': 'Zone', 'value': 56}, 'value': 'Back'}, {'type': {'displayName': 'PassEndY', 'value': 141}, 'value': '59.9'}]",True,,,,,
1903815,SecondHalf,45,46.0,50,Pass,Successful,256,Feyenoord,415927.0,Luciano Valente,42.5,81.2,57.1,80.3,,,,,"[{'type': {'displayName': 'Length', 'value': 212}, 'value': '15.3'}, {'type': {'displayName': 'PassEndY', 'value': 141}, 'value': '80.3'}, {'type': {'displayName': 'Angle', 'value': 213}, 'value': '6.24'}, {'type': {'displayName': 'Zone', 'value': 56}, 'value': 'Left'}, {'type': {'displayName': 'PassEndX', 'value': 140}, 'value': '57.1'}]",True,,,,,
1903815,SecondHalf,45,48.0,50,BallTouch,Unsuccessful,256,Feyenoord,377288.0,Ayase Ueda,57.1,80.3,,,,,,,"[{'type': {'displayName': 'Zone', 'value': 56}, 'value': 'Left'}]",True,,,,,
1903815,SecondHalf,45,48.0,50,BallTouch,Successful,116,NEC Nijmegen,487049.0,Koki Ogawa,55.8,28.9,,,,,,,"[{'type': {'displayName': 'Zone', 'value': 56}, 'value': 'Center'}]",True,,,,,
1903815,SecondHalf,45,49.0,50,BallRecovery,Successful,116,NEC Nijmegen,497708.0,Kodai Sano,56.3,23.8,,,,,,,[],False,,,,,
1903815,SecondHalf,45,52.0,50,Pass,Successful,116,NEC Nijmegen,497708.0,Kodai Sano,71.1,31.2,82.4,25.1,,,,,"[{'type': {'displayName': 'PassEndX', 'value': 140}, 'value': '82.4'}, {'type': {'displayName': 'Angle', 'value': 213}, 'value': '5.95'}, {'type': {'displayName': 'Length', 'value': 212}, 'value': '12.6'}, {'type': {'displayName': 'PassEndY', 'value': 141}, 'value': '25.1'}, {'type': {'displayName': 'Zone', 'value': 56}, 'value': 'Center'}]",True,,,,,
1903815,SecondHalf,45,54.0,50,Pass,Successful,116,NEC Nijmegen,515755.0,Sami Ouaissa,87.1,23.4,86.6,56.8,,,,,"[{'type': {'displayName': 'PassEndY', 'value': 141}, 'value': '56.8'}, {'type': {'displayName': 'PassEndX', 'value': 140}, 'value': '86.6'}, {'type': {'displayName': 'Length', 'value': 212}, 'value': '22.7'}, {'type': {'displayName': 'Zone', 'value': 56}, 'value': 'Center'}, {'type': {'displayName': 'Angle', 'value': 213}, 'value': '1.59'}]",True,,,,,
1903815,SecondHalf,45,57.0,50,TakeOn,Unsuccessful,116,NEC Nijmegen,532237.0,Basar Önal,87.6,55.3,,,,,,,"[{'type': {'displayName': 'Offensive', 'value': 286}}, {'type': {'displayName': 'Zone', 'value': 56}, 'value': 'Center'}, {'type': {'displayName': 'OppositeRelatedEvent', 'value': 233}, 'value': '435'}]",True,,,,,
1903815,SecondHalf,45,57.0,50,Tackle,Unsuccessful,256,Feyenoord,297527.0,Bart Nieuwkoop,12.4,44.7,,,,,,,"[{'type': {'displayName': 'OppositeRelatedEvent', 'value': 233}, 'value': '400'}, {'type': {'displayName': 'Zone', 'value': 56}, 'value': 'Back'}, {'type': {'displayName': 'StandingSave', 'value': 178}}, {'type': {'displayName': 'Defensive', 'value': 285}}]",True,,,,,
1903815,SecondHalf,45,58.0,50,BallTouch,Successful,116,NEC Nijmegen,532237.0,Basar Önal,86.6,56.8,,,,,,,"[{'type': {'displayName': 'Zone', 'value': 56}, 'value': 'Center'}]",True,,,,,
1903815,SecondHalf,46,0.0,51,Clearance,Successful,256,Feyenoord,297527.0,Bart Nieuwkoop,11.9,46.1,17.4,49.7,,,,,"[{'type': {'displayName': 'Zone', 'value': 56}, 'value': 'Back'}, {'type': {'displayName': 'PassEndX', 'value': 140}, 'value': '17.4'}, {'type': {'displayName': 'Angle', 'value': 213}, 'value': '0.40'}, {'type': {'displayName': 'PassEndY', 'value': 141}, 'value': '49.7'}, {'type': {'displayName': 'Length', 'value': 212}, 'value': '6.3'}]",True,,,,,
1903815,SecondHalf,46,0.0,51,MissedShots,Successful,116,NEC Nijmegen,487049.0,Koki Ogawa,82.1,49.7,,,64.4,5.6,91.4,58.1,"[{'type': {'displayName': 'RegularPlay', 'value': 22}}, {'type': {'displayName': 'LeftFoot', 'value': 72}}, {'type': {'displayName': 'GoalMouthZ', 'value': 103}, 'value': '5.6'}, {'type': {'displayName': 'FirstTouch', 'value': 328}}, {'type': {'displayName': 'BlockedX', 'value': 146}, 'value': '91.4'}, {'type': {'displayName': 'MissLeft', 'value': 73}}, {'type': {'displayName': 'GoalMouthY', 'value': 102}, 'value': '64.4'}, {'type': {'displayName': 'OutOfBoxCentre', 'value': 18}}, {'type': {'displayName': 'BlockedY', 'value': 147}, 'value': '58.1'}, {'type': {'displayName': 'Zone', 'value': 56}, 'value': 'Center'}, {'type': {'displayName': 'KeyPass', 'value': 11113}}]",True,True,,,,
1903815,SecondHalf,46,2.0,51,SavedShot,Successful,116,NEC Nijmegen,532237.0,Basar Önal,91.8,60.5,,,52.7,4.4,99.3,52.2,"[{'type': {'displayName': 'BlockedY', 'value': 147}, 'value': '52.2'}, {'type': {'displayName': 'BlockedX', 'value': 146}, 'value': '99.3'}, {'type': {'displayName': 'LeftFoot', 'value': 72}}, {'type': {'displayName': 'GoalMouthY', 'value': 102}, 'value': '52.7'}, {'type': {'displayName': 'RegularPlay', 'value': 22}}, {'type': {'displayName': 'LowLeft', 'value': 76}}, {'type': {'displayName': 'Zone', 'value': 56}, 'value': 'Center'}, {'type': {'displayName': 'OppositeRelatedEvent', 'value': 233}, 'value': '525'}, {'type': {'displayName': 'Assisted', 'value': 29}}, {'type': {'displayName': 'GoalMouthZ', 'value': 103}, 'value': '4.4'}, {'type': {'displayName': 'FirstTouch', 'value': 328}}, {'type': {'displayName': 'BoxCentre', 'value': 17}}, {'type': {'displayName': 'RelatedEventId', 'value': 55}, 'value': '402'}]",True,True,,,402.0,487049.0
1903815,SecondHalf,46,2.0,51,Save,Successful,256,Feyenoord,121821.0,Timon Wellenreuther,3.6,44.2,,,,,,,"[{'type': {'displayName': 'OppositeRelatedEvent', 'value': 233}, 'value': '481'}, {'type': {'displayName': 'Zone', 'value': 56}, 'value': 'Back'}, {'type': {'displayName': 'Collected', 'value': 177}}, {'type': {'displayName': 'StandingSave', 'value': 178}}, {'type': {'displayName': 'Hands', 'value': 182}}, {'type': {'displayName': 'KeeperSaveInTheBox', 'value': 11115}}]",True,,,,,
1903815,SecondHalf,46,3.0,51,KeeperPickup,Successful,256,Feyenoord,121821.0,Timon Wellenreuther,4.2,46.7,,,,,,,[],False,,,,,
1903815,SecondHalf,46,4.0,51,Pass,Successful,256,Feyenoord,121821.0,Timon Wellenreuther,12.0,36.5,28.3,15.1,,,,,"[{'type': {'displayName': 'PassEndX', 'value': 140}, 'value': '28.3'}, {'type': {'displayName': 'PassEndY', 'value': 141}, 'value': '15.1'}, {'type': {'displayName': 'KeeperThrow', 'value': 123}}, {'type': {'displayName': 'Angle', 'value': 213}, 'value': '5.58'}, {'type': {'displayName': 'Length', 'value': 212}, 'value': '22.5'}, {'type': {'displayName': 'Zone', 'value': 56}, 'value': 'Back'}]",True,,,,,
1903815,SecondHalf,46,6.0,51,Pass,Successful,256,Feyenoord,361794.0,Sem Steijn,26.8,7.4,39.4,1.9,,,,,"[{'type': {'displayName': 'Angle', 'value': 213}, 'value': '6.01'}, {'type': {'displayName': 'PassEndX', 'value': 140}, 'value': '39.4'}, {'type': {'displayName': 'Zone', 'value': 56}, 'value': 'Back'}, {'type': {'displayName': 'Length', 'value': 212}, 'value': '13.7'}, {'type': {'displayName': 'PassEndY', 'value': 141}, 'value': '1.9'}]",True,,,,,
1903815,SecondHalf,46,9.0,51,Pass,Successful,256,Feyenoord,515829.0,Anis Hadj Moussa,37.7,3.0,30.6,2.2,,,,,"[{'type': {'displayName': 'PassEndX', 'value': 140}, 'value': '30.6'}, {'type': {'displayName': 'Angle', 'value': 213}, 'value': '3.21'}, {'type': {'displayName': 'Length', 'value': 212}, 'value': '7.5'}, {'type': {'displayName': 'Zone', 'value': 56}, 'value': 'Back'}, {'type': {'displayName': 'PassEndY', 'value': 141}, 'value': '2.2'}]",True,,,,,
1903815,SecondHalf,46,11.0,51,Pass,Successful,256,Feyenoord,361794.0,Sem Steijn,30.6,2.2,26.5,10.4,,,,,"[{'type': {'displayName': 'PassEndY', 'value': 141}, 'value': '10.4'}, {'type': {'displayName': 'Length', 'value': 212}, 'value': '7.0'}, {'type': {'displayName': 'Zone', 'value': 56}, 'value': 'Back'}, {'type': {'displayName': 'Angle', 'value': 213}, 'value': '2.23'}, {'type': {'displayName': 'PassEndX', 'value': 140}, 'value': '26.5'}]",True,,,,,
1903815,SecondHalf,46,15.0,51,Pass,Unsuccessful,256,Feyenoord,326642.0,Anel Ahmedhodzic,26.5,10.4,63.8,25.7,,,,,"[{'type': {'displayName': 'Zone', 'value': 56}, 'value': 'Center'}, {'type': {'displayName': 'Chipped', 'value': 155}}, {'type': {'displayName': 'PassEndY', 'value': 141}, 'value': '25.7'}, {'type': {'displayName': 'Longball', 'value': 1}}, {'type': {'displayName': 'Angle', 'value': 213}, 'value': '0.26'}, {'type': {'displayName': 'Length', 'value': 212}, 'value': '40.5'}, {'type': {'displayName': 'PassEndX', 'value': 140}, 'value': '63.8'}]",True,,,,,
1903815,SecondHalf,46,17.0,51,BallRecovery,Successful,116,NEC Nijmegen,321959.0,Philippe Sandler,39.7,77.1,,,,,,,[],False,,,,,
1903815,SecondHalf,46,22.0,51,Pass,Successful,116,NEC Nijmegen,321959.0,Philippe Sandler,24.6,95.7,9.3,68.3,,,,,"[{'type': {'displayName': 'PassEndX', 'value': 140}, 'value': '9.3'}, {'type': {'displayName': 'Zone', 'value': 56}, 'value': 'Back'}, {'type': {'displayName': 'PassEndY', 'value': 141}, 'value': '68.3'}, {'type': {'displayName': 'Angle', 'value': 213}, 'value': '4.00'}, {'type': {'displayName': 'Length', 'value': 212}, 'value': '24.6'}]",True,,,,,
1903815,SecondHalf,46,27.0,51,Pass,Successful,116,NEC Nijmegen,448283.0,Gonzalo Crettaz,10.3,66.8,37.4,93.7,,,,,"[{'type': {'displayName': 'Zone', 'value': 56}, 'value': 'Back'}, {'type': {'displayName': 'Chipped', 'value': 155}}, {'type': {'displayName': 'PassEndX', 'value': 140}, 'value': '37.4'}, {'type': {'displayName': 'PassEndY', 'value': 141}, 'value': '93.7'}, {'type': {'displayName': 'Longball', 'value': 1}}, {'type': {'displayName': 'Angle', 'value': 213}, 'value': '0.57'}, {'type': {'displayName': 'Length', 'value': 212}, 'value': '33.8'}]",True,,,,,
1903815,SecondHalf,46,28.0,51,Pass,Successful,116,NEC Nijmegen,400320.0,Ahmetcan Kaplan,37.4,93.6,52.0,88.6,,,,,"[{'type': {'displayName': 'Length', 'value': 212}, 'value': '15.7'}, {'type': {'displayName': 'Zone', 'value': 56}, 'value': 'Left'}, {'type': {'displayName': 'Angle', 'value': 213}, 'value': '6.06'}, {'type': {'displayName': 'PassEndX', 'value': 140}, 'value': '52.0'}, {'type': {'displayName': 'PassEndY', 'value': 141}, 'value': '88.6'}, {'type': {'displayName': 'HeadPass', 'value': 3}}]",True,,,,,
1903815,SecondHalf,46,35.0,51,Pass,Successful,116,NEC Nijmegen,43004.0,Bryan Linssen,63.2,87.8,64.3,77.9,,,,,"[{'type': {'displayName': 'ShotAssist', 'value': 210}, 'value': '13'}, {'type': {'displayName': 'PassEndX', 'value': 140}, 'value': '64.3'}, {'type': {'displayName': 'Zone', 'value': 56}, 'value': 'Center'}, {'type': {'displayName': 'PassEndY', 'value': 141}, 'value': '77.9'}, {'type': {'displayName': 'Angle', 'value': 213}, 'value': '4.88'}, {'type': {'displayName': 'Length', 'value': 212}, 'value': '6.8'}, {'type': {'displayName': 'KeyPass', 'value': 11113}}]",True,,,,,
1903815,SecondHalf,46,39.0,51,MissedShots,Successful,116,NEC Nijmegen,497708.0,Kodai Sano,72.6,70.1,,,50.6,61.1,,,"[{'type': {'displayName': 'IndividualPlay', 'value': 215}}, {'type': {'displayName': 'RegularPlay', 'value': 22}}, {'type': {'displayName': 'RightFoot', 'value': 20}}, {'type': {'displayName': 'MissHigh', 'value': 74}}, {'type': {'displayName': 'GoalMouthY', 'value': 102}, 'value': '50.6'}, {'type': {'displayName': 'OutOfBoxCentre', 'value': 18}}, {'type': {'displayName': 'GoalMouthZ', 'value': 103}, 'value': '61.1'}, {'type': {'displayName': 'Zone', 'value': 56}, 'value': 'Center'}, {'type': {'displayName': 'RelatedEventId', 'value': 55}, 'value': '407'}, {'type': {'displayName': 'Assisted', 'value': 29}}]",True,True,,,407.0,43004.0
1903815,SecondHalf,47,3.0,52,Pass,Successful,256,Feyenoord,121821.0,Timon Wellenreuther,3.9,52.4,9.4,67.7,,,,,"[{'type': {'displayName': 'Length', 'value': 212}, 'value': '11.9'}, {'type': {'displayName': 'Zone', 'value': 56}, 'value': 'Back'}, {'type': {'displayName': 'PassEndY', 'value': 141}, 'value': '67.7'}, {'type': {'displayName': 'PassEndX', 'value': 140}, 'value': '9.4'}, {'type': {'displayName': 'Angle', 'value': 213}, 'value': '1.06'}, {'type': {'displayName': 'GoalKick', 'value': 124}}]",True,,,,,
1903815,SecondHalf,47,3.0,52,Pass,Successful,256,Feyenoord,400059.0,Gijs Smal,9.5,67.7,5.2,52.1,,,,,"[{'type': {'displayName': 'PassEndY', 'value': 141}, 'value': '52.1'}, {'type': {'displayName': 'Length', 'value': 212}, 'value': '11.5'}, {'type': {'displayName': 'Zone', 'value': 56}, 'value': 'Back'}, {'type': {'displayName': 'Angle', 'value': 213}, 'value': '4.31'}, {'type': {'displayName': 'PassEndX', 'value': 140}, 'value': '5.2'}]",True,,,,,
1903815,SecondHalf,47,11.0,52,Pass,Unsuccessful,256,Feyenoord,121821.0,Timon Wellenreuther,23.2,47.6,66.3,66.4,,,,,"[{'type': {'displayName': 'Zone', 'value': 56}, 'value': 'Center'}, {'type': {'displayName': 'PassEndX', 'value': 140}, 'value': '66.3'}, {'type': {'displayName': 'Length', 'value': 212}, 'value': '47.0'}, {'type': {'displayName': 'Angle', 'value': 213}, 'value': '0.28'}, {'type': {'displayName': 'Longball', 'value': 1}}, {'type': {'displayName': 'PassEndY', 'value': 141}, 'value': '66.4'}]",True,,,,,
1903815,SecondHalf,47,15.0,52,Pass,Successful,116,NEC Nijmegen,130917.0,Eli Dasa,31.4,31.3,35.1,29.2,,,,,"[{'type': {'displayName': 'Zone', 'value': 56}, 'value': 'Back'}, {'type': {'displayName': 'PassEndY', 'value': 141}, 'value': '29.2'}, {'type': {'displayName': 'PassEndX', 'value': 140}, 'value': '35.1'}, {'type': {'displayName': 'Angle', 'value': 213}, 'value': '5.93'}, {'type': {'displayName': 'Length', 'value': 212}, 'value': '4.1'}]",True,,,,,
1903815,SecondHalf,47,16.0,52,Pass,Successful,116,NEC Nijmegen,37502.0,Tjaronn Chery,34.9,29.2,36.9,39.8,,,,,"[{'type': {'displayName': 'Zone', 'value': 56}, 'value': 'Back'}, {'type': {'displayName': 'Chipped', 'value': 155}}, {'type': {'displayName': 'PassEndX', 'value': 140}, 'value': '36.9'}, {'type': {'displayName': 'Length', 'value': 212}, 'value': '7.5'}, {'type': {'displayName': 'Angle', 'value': 213}, 'value': '1.29'}, {'type': {'displayName': 'PassEndY', 'value': 141}, 'value': '39.8'}]",True,,,,,
1903815,SecondHalf,47,17.0,52,Aerial,Successful,116,NEC Nijmegen,515755.0,Sami Ouaissa,36.9,39.8,,,,,,,"[{'type': {'displayName': 'OppositeRelatedEvent', 'value': 233}, 'value': '447'}, {'type': {'displayName': 'Zone', 'value': 56}, 'value': 'Back'}, {'type': {'displayName': 'Defensive', 'value': 285}}]",False,,,,,
1903815,SecondHalf,47,17.0,52,Aerial,Unsuccessful,256,Feyenoord,400059.0,Gijs Smal,63.1,60.2,,,,,,,"[{'type': {'displayName': 'Zone', 'value': 56}, 'value': 'Center'}, {'type': {'displayName': 'OppositeRelatedEvent', 'value': 233}, 'value': '415'}, {'type': {'displayName': 'Offensive', 'value': 286}}]",False,,,,,
1903815,SecondHalf,47,18.0,52,Pass,Successful,116,NEC Nijmegen,321959.0,Philippe Sandler,35.1,39.3,38.7,34.2,,,,,"[{'type': {'displayName': 'HeadPass', 'value': 3}}, {'type': {'displayName': 'Zone', 'value': 56}, 'value': 'Back'}, {'type': {'displayName': 'PassEndX', 'value': 140}, 'value': '38.7'}, {'type': {'displayName': 'Length', 'value': 212}, 'value': '5.1'}, {'type': {'displayName': 'PassEndY', 'value': 141}, 'value': '34.2'}, {'type': {'displayName': 'Angle', 'value': 213}, 'value': '5.54'}]",True,,,,,
1903815,SecondHalf,47,19.0,52,Pass,Unsuccessful,116,NEC Nijmegen,515755.0,Sami Ouaissa,38.7,34.2,47.9,33.7,,,,,"[{'type': {'displayName': 'PassEndX', 'value': 140}, 'value': '47.9'}, {'type': {'displayName': 'Angle', 'value': 213}, 'value': '6.25'}, {'type': {'displayName': 'PassEndY', 'value': 141}, 'value': '33.7'}, {'type': {'displayName': 'Zone', 'value': 56}, 'value': 'Back'}, {'type': {'displayName': 'HeadPass', 'value': 3}}, {'type': {'displayName': 'Length', 'value': 212}, 'value': '9.7'}]",True,,,,,
1903815,SecondHalf,47,21.0,52,Pass,Unsuccessful,256,Feyenoord,431258.0,Tsuyoshi Watanabe,54.0,73.7,63.4,93.5,,,,,"[{'type': {'displayName': 'Zone', 'value': 56}, 'value': 'Left'}, {'type': {'displayName': 'Length', 'value': 212}, 'value': '16.7'}, {'type': {'displayName': 'PassEndY', 'value': 141}, 'value': '93.5'}, {'type': {'displayName': 'PassEndX', 'value': 140}, 'value': '63.4'}, {'type': {'displayName': 'Angle', 'value': 213}, 'value': '0.94'}]",True,,,,,
1903815,SecondHalf,47,23.0,52,Pass,Unsuccessful,116,NEC Nijmegen,130917.0,Eli Dasa,36.8,8.2,77.5,17.0,,,,,"[{'type': {'displayName': 'PassEndX', 'value': 140}, 'value': '77.5'}, {'type': {'displayName': 'Length', 'value': 212}, 'value': '43.2'}, {'type': {'displayName': 'PassEndY', 'value': 141}, 'value': '17.0'}, {'type': {'displayName': 'Angle', 'value': 213}, 'value': '0.14'}, {'type': {'displayName': 'Zone', 'value': 56}, 'value': 'Right'}, {'type': {'displayName': 'Longball', 'value': 1}}]",True,,,,,
1903815,SecondHalf,47,32.0,52,Pass,Successful,256,Feyenoord,121821.0,Timon Wellenreuther,28.9,61.8,34.9,87.3,,,,,"[{'type': {'displayName': 'Angle', 'value': 213}, 'value': '1.22'}, {'type': {'displayName': 'PassEndX', 'value': 140}, 'value': '34.9'}, {'type': {'displayName': 'PassEndY', 'value': 141}, 'value': '87.3'}, {'type': {'displayName': 'Length', 'value': 212}, 'value': '18.4'}, {'type': {'displayName': 'Zone', 'value': 56}, 'value': 'Back'}]",True,,,,,
1903815,SecondHalf,47,34.0,52,Pass,Successful,256,Feyenoord,431258.0,Tsuyoshi Watanabe,35.3,89.0,44.7,94.9,,,,,"[{'type': {'displayName': 'PassEndX', 'value': 140}, 'value': '44.7'}, {'type': {'displayName': 'PassEndY', 'value': 141}, 'value': '94.9'}, {'type': {'displayName': 'Length', 'value': 212}, 'value': '10.7'}, {'type': {'displayName': 'Angle', 'value': 213}, 'value': '0.39'}, {'type': {'displayName': 'Zone', 'value': 56}, 'value': 'Back'}]",True,,,,,
1903815,SecondHalf,47,37.0,52,Pass,Successful,256,Feyenoord,400059.0,Gijs Smal,40.5,94.6,34.4,75.3,,,,,"[{'type': {'displayName': 'PassEndY', 'value': 141}, 'value': '75.3'}, {'type': {'displayName': 'Angle', 'value': 213}, 'value': '4.26'}, {'type': {'displayName': 'Zone', 'value': 56}, 'value': 'Back'}, {'type': {'displayName': 'PassEndX', 'value': 140}, 'value': '34.4'}, {'type': {'displayName': 'Length', 'value': 212}, 'value': '14.6'}]",True,,,,,
1903815,SecondHalf,47,39.0,52,Pass,Successful,256,Feyenoord,415927.0,Luciano Valente,34.6,75.8,24.9,90.8,,,,,"[{'type': {'displayName': 'Zone', 'value': 56}, 'value': 'Back'}, {'type': {'displayName': 'Length', 'value': 212}, 'value': '14.4'}, {'type': {'displayName': 'PassEndY', 'value': 141}, 'value': '90.8'}, {'type': {'displayName': 'PassEndX', 'value': 140}, 'value': '24.9'}, {'type': {'displayName': 'Angle', 'value': 213}, 'value': '2.36'}]",True,,,,,
1903815,SecondHalf,47,41.0,52,Pass,Successful,256,Feyenoord,431258.0,Tsuyoshi Watanabe,22.5,92.8,12.2,71.1,,,,,"[{'type': {'displayName': 'Zone', 'value': 56}, 'value': 'Back'}, {'type': {'displayName': 'Angle', 'value': 213}, 'value': '4.08'}, {'type': {'displayName': 'Length', 'value': 212}, 'value': '18.3'}, {'type': {'displayName': 'PassEndY', 'value': 141}, 'value': '71.1'}, {'type': {'displayName': 'PassEndX', 'value': 140}, 'value': '12.2'}]",True,,,,,
1903815,SecondHalf,47,44.0,52,Pass,Unsuccessful,256,Feyenoord,121821.0,Timon Wellenreuther,12.5,71.8,58.7,59.4,,,,,"[{'type': {'displayName': 'Length', 'value': 212}, 'value': '49.2'}, {'type': {'displayName': 'Angle', 'value': 213}, 'value': '6.11'}, {'type': {'displayName': 'PassEndY', 'value': 141}, 'value': '59.4'}, {'type': {'displayName': 'PassEndX', 'value': 140}, 'value': '58.7'}, {'type': {'displayName': 'Longball', 'value': 1}}, {'type': {'displayName': 'Zone', 'value': 56}, 'value': 'Center'}]",True,,,,,
1903815,SecondHalf,47,46.0,52,Pass,Successful,116,NEC Nijmegen,321959.0,Philippe Sandler,39.3,39.8,53.3,50.8,,,,,"[{'type': {'displayName': 'Angle', 'value': 213}, 'value': '0.47'}, {'type': {'displayName': 'PassEndY', 'value': 141}, 'value': '50.8'}, {'type': {'displayName': 'Length', 'value': 212}, 'value': '16.5'}, {'type': {'displayName': 'PassEndX', 'value': 140}, 'value': '53.3'}, {'type': {'displayName': 'Zone', 'value': 56}, 'value': 'Center'}, {'type': {'displayName': 'HeadPass', 'value': 3}}]",True,,,,,
1903815,SecondHalf,47,48.0,52,Pass,Unsuccessful,116,NEC Nijmegen,532237.0,Basar Önal,52.7,50.0,46.9,38.8,,,,,"[{'type': {'displayName': 'PassEndY', 'value': 141}, 'value': '38.8'}, {'type': {'displayName': 'PassEndX', 'value': 140}, 'value': '46.9'}, {'type': {'displayName': 'Angle', 'value': 213}, 'value': '4.04'}, {'type': {'displayName': 'Zone', 'value': 56}, 'value': 'Back'}, {'type': {'displayName': 'Length', 'value': 212}, 'value': '9.8'}]",True,,,,,
1903815,SecondHalf,47,50.0,52,Pass,Successful,256,Feyenoord,377288.0,Ayase Ueda,53.5,68.0,55.0,63.2,,,,,"[{'type': {'displayName': 'PassEndX', 'value': 140}, 'value': '55.0'}, {'type': {'displayName': 'Length', 'value': 212}, 'value': '3.6'}, {'type': {'displayName': 'Angle', 'value': 213}, 'value': '5.16'}, {'type': {'displayName': 'Zone', 'value': 56}, 'value': 'Center'}, {'type': {'displayName': 'PassEndY', 'value': 141}, 'value': '63.2'}]",True,,,,,
1903815,SecondHalf,47,51.0,52,Challenge,Unsuccessful,116,NEC Nijmegen,515755.0,Sami Ouaissa,40.0,29.2,,,,,,,"[{'type': {'displayName': 'Defensive', 'value': 285}}, {'type': {'displayName': 'OppositeRelatedEvent', 'value': 233}, 'value': '457'}, {'type': {'displayName': 'Zone', 'value': 56}, 'value': 'Back'}]",False,,,,,
1903815,SecondHalf,47,51.0,52,TakeOn,Successful,256,Feyenoord,411078.0,Quinten Timber,60.0,70.8,,,,,,,"[{'type': {'displayName': 'Zone', 'value': 56}, 'value': 'Center'}, {'type': {'displayName': 'Offensive', 'value': 286}}, {'type': {'displayName': 'OppositeRelatedEvent', 'value': 233}, 'value': '418'}]",True,,,,,
1903815,SecondHalf,47,55.0,52,TakeOn,Unsuccessful,256,Feyenoord,411078.0,Quinten Timber,70.0,67.8,,,,,,,"[{'type': {'displayName': 'Offensive', 'value': 286}}, {'type': {'displayName': 'OppositeRelatedEvent', 'value': 233}, 'value': '462'}, {'type': {'displayName': 'Zone', 'value': 56}, 'value': 'Center'}]",True,,,,,
1903815,SecondHalf,47,55.0,52,Tackle,Successful,116,NEC Nijmegen,497708.0,Kodai Sano,30.0,32.2,,,,,,,"[{'type': {'displayName': 'Defensive', 'value': 285}}, {'type': {'displayName': 'Zone', 'value': 56}, 'value': 'Back'}, {'type': {'displayName': 'StandingSave', 'value': 178}}, {'type': {'displayName': 'OppositeRelatedEvent', 'value': 233}, 'value': '458'}]",True,,,,,
1903815,SecondHalf,47,56.0,52,BallRecovery,Successful,116,NEC Nijmegen,321959.0,Philippe Sandler,24.5,41.9,,,,,,,[],False,,,,,
1903815,SecondHalf,47,56.0,52,Pass,Successful,116,NEC Nijmegen,321959.0,Philippe Sandler,25.9,39.8,32.3,37.3,,,,,"[{'type': {'displayName': 'Angle', 'value': 213}, 'value': '6.04'}, {'type': {'displayName': 'Length', 'value': 212}, 'value': '6.9'}, {'type': {'displayName': 'Zone', 'value': 56}, 'value': 'Back'}, {'type': {'displayName': 'PassEndX', 'value': 140}, 'value': '32.3'}, {'type': {'displayName': 'PassEndY', 'value': 141}, 'value': '37.3'}]",True,,,,,
1903815,SecondHalf,47,58.0,52,Pass,Successful,116,NEC Nijmegen,497708.0,Kodai Sano,33.9,38.1,44.3,30.2,,,,,"[{'type': {'displayName': 'Zone', 'value': 56}, 'value': 'Back'}, {'type': {'displayName': 'PassEndY', 'value': 141}, 'value': '30.2'}, {'type': {'displayName': 'Length', 'value': 212}, 'value': '12.2'}, {'type': {'displayName': 'Angle', 'value': 213}, 'value': '5.83'}, {'type': {'displayName': 'PassEndX', 'value': 140}, 'value': '44.3'}]",True,,,,,
1903815,SecondHalf,48,5.0,53,Pass,Unsuccessful,116,NEC Nijmegen,515755.0,Sami Ouaissa,77.7,30.5,89.7,25.1,,,,,"[{'type': {'displayName': 'PassEndY', 'value': 141}, 'value': '25.1'}, {'type': {'displayName': 'Angle', 'value': 213}, 'value': '6.00'}, {'type': {'displayName': 'Zone', 'value': 56}, 'value': 'Center'}, {'type': {'displayName': 'Length', 'value': 212}, 'value': '13.1'}, {'type': {'displayName': 'PassEndX', 'value': 140}, 'value': '89.7'}]",True,,,,,
1903815,SecondHalf,48,8.0,53,BallRecovery,Successful,256,Feyenoord,415927.0,Luciano Valente,4.0,84.7,,,,,,,[],False,,,,,
1903815,SecondHalf,48,12.0,53,Pass,Successful,256,Feyenoord,415927.0,Luciano Valente,5.7,84.3,17.0,95.2,,,,,"[{'type': {'displayName': 'Length', 'value': 212}, 'value': '14.0'}, {'type': {'displayName': 'Zone', 'value': 56}, 'value': 'Back'}, {'type': {'displayName': 'Angle', 'value': 213}, 'value': '0.56'}, {'type': {'displayName': 'PassEndX', 'value': 140}, 'value': '17.0'}, {'type': {'displayName': 'PassEndY', 'value': 141}, 'value': '95.2'}]",True,,,,,
1903815,SecondHalf,48,14.0,53,Pass,Successful,256,Feyenoord,400059.0,Gijs Smal,17.3,94.9,21.2,84.3,,,,,"[{'type': {'displayName': 'Length', 'value': 212}, 'value': '8.3'}, {'type': {'displayName': 'Zone', 'value': 56}, 'value': 'Back'}, {'type': {'displayName': 'Angle', 'value': 213}, 'value': '5.23'}, {'type': {'displayName': 'PassEndY', 'value': 141}, 'value': '84.3'}, {'type': {'displayName': 'PassEndX', 'value': 140}, 'value': '21.2'}]",True,,,,,
1903815,SecondHalf,48,18.0,53,Pass,Successful,256,Feyenoord,411078.0,Quinten Timber,25.6,88.2,33.7,66.4,,,,,"[{'type': {'displayName': 'PassEndX', 'value': 140}, 'value': '33.7'}, {'type': {'displayName': 'Length', 'value': 212}, 'value': '17.1'}, {'type': {'displayName': 'Zone', 'value': 56}, 'value': 'Back'}, {'type': {'displayName': 'PassEndY', 'value': 141}, 'value': '66.4'}, {'type': {'displayName': 'Angle', 'value': 213}, 'value': '5.23'}]",True,,,,,
1903815,SecondHalf,48,20.0,53,Pass,Successful,256,Feyenoord,415927.0,Luciano Valente,34.1,66.2,59.3,61.5,,,,,"[{'type': {'displayName': 'Angle', 'value': 213}, 'value': '6.16'}, {'type': {'displayName': 'Length', 'value': 212}, 'value': '26.7'}, {'type': {'displayName': 'PassEndY', 'value': 141}, 'value': '61.5'}, {'type': {'displayName': 'Zone', 'value': 56}, 'value': 'Center'}, {'type': {'displayName': 'PassEndX', 'value': 140}, 'value': '59.3'}]",True,,,,,
1903815,SecondHalf,48,23.0,53,Pass,Unsuccessful,256,Feyenoord,377288.0,Ayase Ueda,63.5,55.2,73.1,29.8,,,,,"[{'type': {'displayName': 'Angle', 'value': 213}, 'value': '5.24'}, {'type': {'displayName': 'PassEndX', 'value': 140}, 'value': '73.1'}, {'type': {'displayName': 'Zone', 'value': 56}, 'value': 'Center'}, {'type': {'displayName': 'PassEndY', 'value': 141}, 'value': '29.8'}, {'type': {'displayName': 'Length', 'value': 212}, 'value': '20.0'}]",True,,,,,
1903815,SecondHalf,48,27.0,53,Pass,Successful,116,NEC Nijmegen,400320.0,Ahmetcan Kaplan,24.3,71.1,35.4,68.7,,,,,"[{'type': {'displayName': 'Zone', 'value': 56}, 'value': 'Back'}, {'type': {'displayName': 'PassEndY', 'value': 141}, 'value': '68.7'}, {'type': {'displayName': 'PassEndX', 'value': 140}, 'value': '35.4'}, {'type': {'displayName': 'Length', 'value': 212}, 'value': '11.8'}, {'type': {'displayName': 'Angle', 'value': 213}, 'value': '6.14'}]",True,,,,,
1903815,SecondHalf,48,28.0,53,BallRecovery,Successful,116,NEC Nijmegen,532237.0,Basar Önal,35.4,69.6,,,,,,,[],False,,,,,
1903815,SecondHalf,48,28.0,53,Pass,Successful,116,NEC Nijmegen,532237.0,Basar Önal,35.4,69.6,31.5,81.0,,,,,"[{'type': {'displayName': 'PassEndY', 'value': 141}, 'value': '81.0'}, {'type': {'displayName': 'Zone', 'value': 56}, 'value': 'Back'}, {'type': {'displayName': 'Angle', 'value': 213}, 'value': '2.06'}, {'type': {'displayName': 'Length', 'value': 212}, 'value': '8.8'}, {'type': {'displayName': 'PassEndX', 'value': 140}, 'value': '31.5'}]",True,,,,,
1903815,SecondHalf,48,30.0,53,Pass,Successful,116,NEC Nijmegen,400320.0,Ahmetcan Kaplan,32.3,81.5,43.1,89.1,,,,,"[{'type': {'displayName': 'PassEndX', 'value': 140}, 'value': '43.1'}, {'type': {'displayName': 'Angle', 'value': 213}, 'value': '0.43'}, {'type': {'displayName': 'Length', 'value': 212}, 'value': '12.5'}, {'type': {'displayName': 'PassEndY', 'value': 141}, 'value': '89.1'}, {'type': {'displayName': 'Zone', 'value': 56}, 'value': 'Back'}]",True,,,,,
1903815,SecondHalf,48,32.0,53,Pass,Successful,116,NEC Nijmegen,532237.0,Basar Önal,42.8,89.1,57.8,70.6,,,,,"[{'type': {'displayName': 'PassEndX', 'value': 140}, 'value': '57.8'}, {'type': {'displayName': 'Length', 'value': 212}, 'value': '20.2'}, {'type': {'displayName': 'Angle', 'value': 213}, 'value': '5.61'}, {'type': {'displayName': 'Zone', 'value': 56}, 'value': 'Center'}, {'type': {'displayName': 'PassEndY', 'value': 141}, 'value': '70.6'}]",True,,,,,
1903815,SecondHalf,48,36.0,53,Pass,Successful,116,NEC Nijmegen,43004.0,Bryan Linssen,61.0,80.0,67.3,90.4,,,,,"[{'type': {'displayName': 'PassEndX', 'value': 140}, 'value': '67.3'}, {'type': {'displayName': 'Angle', 'value': 213}, 'value': '0.82'}, {'type': {'displayName': 'Length', 'value': 212}, 'value': '9.7'}, {'type': {'displayName': 'PassEndY', 'value': 141}, 'value': '90.4'}, {'type': {'displayName': 'Zone', 'value': 56}, 'value': 'Left'}]",True,,,,,
1903815,SecondHalf,48,40.0,53,Pass,Successful,116,NEC Nijmegen,532237.0,Basar Önal,77.6,79.9,77.0,66.2,,,,,"[{'type': {'displayName': 'ShotAssist', 'value': 210}, 'value': '15'}, {'type': {'displayName': 'PassEndX', 'value': 140}, 'value': '77.0'}, {'type': {'displayName': 'Length', 'value': 212}, 'value': '9.3'}, {'type': {'displayName': 'Angle', 'value': 213}, 'value': '4.64'}, {'type': {'displayName': 'PassEndY', 'value': 141}, 'value': '66.2'}, {'type': {'displayName': 'Zone', 'value': 56}, 'value': 'Center'}, {'type': {'displayName': 'KeyPass', 'value': 11113}}]",True,,,,,
1903815,SecondHalf,48,42.0,53,SavedShot,Successful,116,NEC Nijmegen,43004.0,Bryan Linssen,78.3,62.7,,,50.2,17.1,97.8,50.9,"[{'type': {'displayName': 'BlockedX', 'value': 146}, 'value': '97.8'}, {'type': {'displayName': 'RightFoot', 'value': 20}}, {'type': {'displayName': 'OutOfBoxCentre', 'value': 18}}, {'type': {'displayName': 'GoalMouthY', 'value': 102}, 'value': '50.2'}, {'type': {'displayName': 'OppositeRelatedEvent', 'value': 233}, 'value': '466'}, {'type': {'displayName': 'FastBreak', 'value': 23}}, {'type': {'displayName': 'Zone', 'value': 56}, 'value': 'Center'}, {'type': {'displayName': 'RelatedEventId', 'value': 55}, 'value': '429'}, {'type': {'displayName': 'Assisted', 'value': 29}}, {'type': {'displayName': 'LowCentre', 'value': 78}}, {'type': {'displayName': 'GoalMouthZ', 'value': 103}, 'value': '17.1'}, {'type': {'displayName': 'IndividualPlay', 'value': 215}}, {'type': {'displayName': 'BlockedY', 'value': 147}, 'value': '50.9'}]",True,True,,,429.0,532237.0
1903815,SecondHalf,48,42.0,53,Save,Successful,256,Feyenoord,121821.0,Timon Wellenreuther,3.4,49.2,,,,,,,"[{'type': {'displayName': 'Collected', 'value': 177}}, {'type': {'displayName': 'StandingSave', 'value': 178}}, {'type': {'displayName': 'OppositeRelatedEvent', 'value': 233}, 'value': '430'}, {'type': {'displayName': 'Hands', 'value': 182}}, {'type': {'displayName': 'Zone', 'value': 56}, 'value': 'Back'}, {'type': {'displayName': 'KeeperSaveObox', 'value': 11117}}]",True,,,,,
1903815,SecondHalf,48,46.0,53,KeeperPickup,Successful,256,Feyenoord,121821.0,Timon Wellenreuther,3.4,49.2,,,,,,,[],False,,,,,
1903815,SecondHalf,48,49.0,53,Pass,Unsuccessful,256,Feyenoord,121821.0,Timon Wellenreuther,12.9,63.0,79.0,72.6,,,,,"[{'type': {'displayName': 'PassEndX', 'value': 140}, 'value': '79.0'}, {'type': {'displayName': 'Angle', 'value': 213}, 'value': '0.09'}, {'type': {'displayName': 'Zone', 'value': 56}, 'value': 'Center'}, {'type': {'displayName': 'Length', 'value': 212}, 'value': '69.7'}, {'type': {'displayName': 'PassEndY', 'value': 141}, 'value': '72.6'}, {'type': {'displayName': 'Longball', 'value': 1}}]",True,,,,,
1903815,SecondHalf,48,54.0,53,KeeperSweeper,Successful,116,NEC Nijmegen,448283.0,Gonzalo Crettaz,20.3,24.6,,,,,,,"[{'type': {'displayName': 'Zone', 'value': 56}, 'value': 'Back'}]",False,,,,,
1903815,SecondHalf,48,55.0,53,Clearance,Successful,116,NEC Nijmegen,448283.0,Gonzalo Crettaz,20.3,24.6,26.8,0.0,,,,,"[{'type': {'displayName': 'Zone', 'value': 56}, 'value': 'Back'}, {'type': {'displayName': 'PassEndY', 'value': 141}, 'value': '0.0'}, {'type': {'displayName': 'Angle', 'value': 213}, 'value': '5.07'}, {'type': {'displayName': 'Length', 'value': 212}, 'value': '19.3'}, {'type': {'displayName': 'PassEndX', 'value': 140}, 'value': '26.8'}, {'type': {'displayName': 'Head', 'value': 15}}]",True,,,,,
1903815,SecondHalf,49,25.0,54,Pass,Successful,256,Feyenoord,400059.0,Gijs Smal,74.3,100.0,60.7,94.0,,,,,"[{'type': {'displayName': 'PassEndX', 'value': 140}, 'value': '60.7'}, {'type': {'displayName': 'Length', 'value': 212}, 'value': '15.2'}, {'type': {'displayName': 'Angle', 'value': 213}, 'value': '3.48'}, {'type': {'displayName': 'PassEndY', 'value': 141}, 'value': '94.0'}, {'type': {'displayName': 'Zone', 'value': 56}, 'value': 'Left'}, {'type': {'displayName': 'ThrowIn', 'value': 107}}]",True,,,,,
1903815,SecondHalf,49,28.0,54,Pass,Successful,256,Feyenoord,431258.0,Tsuyoshi Watanabe,60.4,92.8,56.1,69.4,,,,,"[{'type': {'displayName': 'PassEndX', 'value': 140}, 'value': '56.1'}, {'type': {'displayName': 'PassEndY', 'value': 141}, 'value': '69.4'}, {'type': {'displayName': 'Length', 'value': 212}, 'value': '16.5'}, {'type': {'displayName': 'Zone', 'value': 56}, 'value': 'Center'}, {'type': {'displayName': 'Angle', 'value': 213}, 'value': '4.44'}]",True,,,,,
1903815,SecondHalf,49,30.0,54,Pass,Successful,256,Feyenoord,326642.0,Anel Ahmedhodzic,56.3,70.2,32.7,63.9,,,,,"[{'type': {'displayName': 'Angle', 'value': 213}, 'value': '3.31'}, {'type': {'displayName': 'Zone', 'value': 56}, 'value': 'Back'}, {'type': {'displayName': 'Length', 'value': 212}, 'value': '25.1'}, {'type': {'displayName': 'PassEndY', 'value': 141}, 'value': '63.9'}, {'type': {'displayName': 'PassEndX', 'value': 140}, 'value': '32.7'}]",True,,,,,
1903815,SecondHalf,49,35.0,54,Pass,Successful,256,Feyenoord,121821.0,Timon Wellenreuther,33.7,57.7,77.7,7.7,,,,,"[{'type': {'displayName': 'Chipped', 'value': 155}}, {'type': {'displayName': 'Zone', 'value': 56}, 'value': 'Right'}, {'type': {'displayName': 'PassEndY', 'value': 141}, 'value': '7.7'}, {'type': {'displayName': 'Angle', 'value': 213}, 'value': '5.65'}, {'type': {'displayName': 'Length', 'value': 212}, 'value': '57.4'}, {'type': {'displayName': 'Longball', 'value': 1}}, {'type': {'displayName': 'PassEndX', 'value': 140}, 'value': '77.7'}]",True,,,,,
1903815,SecondHalf,49,39.0,54,Challenge,Unsuccessful,116,NEC Nijmegen,400320.0,Ahmetcan Kaplan,21.6,77.6,,,,,,,"[{'type': {'displayName': 'OppositeRelatedEvent', 'value': 233}, 'value': '474'}, {'type': {'displayName': 'Zone', 'value': 56}, 'value': 'Back'}, {'type': {'displayName': 'Defensive', 'value': 285}}]",False,,,,,
1903815,SecondHalf,49,39.0,54,TakeOn,Successful,256,Feyenoord,515829.0,Anis Hadj Moussa,78.4,22.4,,,,,,,"[{'type': {'displayName': 'Zone', 'value': 56}, 'value': 'Center'}, {'type': {'displayName': 'OppositeRelatedEvent', 'value': 233}, 'value': '434'}, {'type': {'displayName': 'Offensive', 'value': 286}}]",True,,,,,
1903815,SecondHalf,49,42.0,54,BallTouch,Unsuccessful,256,Feyenoord,515829.0,Anis Hadj Moussa,76.3,34.4,,,,,,,"[{'type': {'displayName': 'Zone', 'value': 56}, 'value': 'Center'}]",True,,,,,
1903815,SecondHalf,49,43.0,54,Foul,Successful,116,NEC Nijmegen,37502.0,Tjaronn Chery,25.0,68.6,,,,,,,"[{'type': {'displayName': 'Defensive', 'value': 285}}, {'type': {'displayName': 'Zone', 'value': 56}, 'value': 'Back'}, {'type': {'displayName': 'Foul', 'value': 13}}, {'type': {'displayName': 'OppositeRelatedEvent', 'value': 233}, 'value': '476'}]",True,,,,,
1903815,SecondHalf,49,43.0,54,Foul,Unsuccessful,256,Feyenoord,515829.0,Anis Hadj Moussa,75.0,31.4,,,,,,,"[{'type': {'displayName': 'Zone', 'value': 56}, 'value': 'Center'}, {'type': {'displayName': 'OppositeRelatedEvent', 'value': 233}, 'value': '435'}, {'type': {'displayName': 'Foul', 'value': 13}}, {'type': {'displayName': 'Offensive', 'value': 286}}]",False,,,,,
1903815,SecondHalf,50,3.0,55,Pass,Successful,116,NEC Nijmegen,448283.0,Gonzalo Crettaz,26.6,70.8,45.1,89.1,,,,,"[{'type': {'displayName': 'PassEndX', 'value': 140}, 'value': '45.1'}, {'type': {'displayName': 'Angle', 'value': 213}, 'value': '0.57'}, {'type': {'displayName': 'Zone', 'value': 56}, 'value': 'Back'}, {'type': {'displayName': 'PassEndY', 'value': 141}, 'value': '89.1'}, {'type': {'displayName': 'Length', 'value': 212}, 'value': '23.1'}, {'type': {'displayName': 'FreekickTaken', 'value': 5}}]",True,,,,,
1903815,SecondHalf,50,5.0,55,BallRecovery,Successful,116,NEC Nijmegen,43004.0,Bryan Linssen,53.2,92.4,,,,,,,[],False,,,,,
1903815,SecondHalf,50,6.0,55,Pass,Successful,116,NEC Nijmegen,43004.0,Bryan Linssen,54.2,90.3,51.9,71.0,,,,,"[{'type': {'displayName': 'Zone', 'value': 56}, 'value': 'Center'}, {'type': {'displayName': 'PassEndX', 'value': 140}, 'value': '51.9'}, {'type': {'displayName': 'PassEndY', 'value': 141}, 'value': '71.0'}, {'type': {'displayName': 'Angle', 'value': 213}, 'value': '4.53'}, {'type': {'displayName': 'Length', 'value': 212}, 'value': '13.3'}]",True,,,,,
1903815,SecondHalf,50,7.0,55,Pass,Successful,116,NEC Nijmegen,401739.0,Darko Nejasmic,53.4,73.4,37.2,80.2,,,,,"[{'type': {'displayName': 'Zone', 'value': 56}, 'value': 'Back'}, {'type': {'displayName': 'PassEndX', 'value': 140}, 'value': '37.2'}, {'type': {'displayName': 'Length', 'value': 212}, 'value': '17.6'}, {'type': {'displayName': 'Angle', 'value': 213}, 'value': '2.88'}, {'type': {'displayName': 'PassEndY', 'value': 141}, 'value': '80.2'}]",True,,,,,
1903815,SecondHalf,50,8.0,55,Pass,Successful,116,NEC Nijmegen,400320.0,Ahmetcan Kaplan,36.5,79.5,16.1,58.6,,,,,"[{'type': {'displayName': 'Zone', 'value': 56}, 'value': 'Back'}, {'type': {'displayName': 'Angle', 'value': 213}, 'value': '3.73'}, {'type': {'displayName': 'Length', 'value': 212}, 'value': '25.7'}, {'type': {'displayName': 'PassEndY', 'value': 141}, 'value': '58.6'}, {'type': {'displayName': 'PassEndX', 'value': 140}, 'value': '16.1'}]",True,,,,,
1903815,SecondHalf,50,14.0,55,Pass,Unsuccessful,116,NEC Nijmegen,448283.0,Gonzalo Crettaz,15.9,48.8,65.6,27.1,,,,,"[{'type': {'displayName': 'Zone', 'value': 56}, 'value': 'Center'}, {'type': {'displayName': 'Length', 'value': 212}, 'value': '54.2'}, {'type': {'displayName': 'PassEndY', 'value': 141}, 'value': '27.1'}, {'type': {'displayName': 'PassEndX', 'value': 140}, 'value': '65.6'}, {'type': {'displayName': 'Longball', 'value': 1}}, {'type': {'displayName': 'Angle', 'value': 213}, 'value': '6.01'}]",True,,,,,
1903815,SecondHalf,50,18.0,55,Pass,Unsuccessful,256,Feyenoord,400059.0,Gijs Smal,34.3,83.5,47.8,75.3,,,,,"[{'type': {'displayName': 'PassEndY', 'value': 141}, 'value': '75.3'}, {'type': {'displayName': 'Angle', 'value': 213}, 'value': '5.91'}, {'type': {'displayName': 'Length', 'value': 212}, 'value': '15.2'}, {'type': {'displayName': 'PassEndX', 'value': 140}, 'value': '47.8'}, {'type': {'displayName': 'Zone', 'value': 56}, 'value': 'Back'}, {'type': {'displayName': 'HeadPass', 'value': 3}}]",True,,,,,
1903815,SecondHalf,50,20.0,55,Pass,Successful,116,NEC Nijmegen,497708.0,Kodai Sano,54.1,31.2,55.2,45.2,,,,,"[{'type': {'displayName': 'PassEndY', 'value': 141}, 'value': '45.2'}, {'type': {'displayName': 'Length', 'value': 212}, 'value': '9.6'}, {'type': {'displayName': 'HeadPass', 'value': 3}}, {'type': {'displayName': 'Zone', 'value': 56}, 'value': 'Center'}, {'type': {'displayName': 'Angle', 'value': 213}, 'value': '1.45'}, {'type': {'displayName': 'PassEndX', 'value': 140}, 'value': '55.2'}]",True,,,,,
1903815,SecondHalf,50,22.0,55,Pass,Unsuccessful,116,NEC Nijmegen,401739.0,Darko Nejasmic,56.2,41.9,66.5,30.9,,,,,"[{'type': {'displayName': 'PassEndY', 'value': 141}, 'value': '30.9'}, {'type': {'displayName': 'PassEndX', 'value': 140}, 'value': '66.5'}, {'type': {'displayName': 'Angle', 'value': 213}, 'value': '5.68'}, {'type': {'displayName': 'Length', 'value': 212}, 'value': '13.1'}, {'type': {'displayName': 'Zone', 'value': 56}, 'value': 'Center'}]",True,,,,,
1903815,SecondHalf,50,23.0,55,Interception,Successful,256,Feyenoord,400059.0,Gijs Smal,33.5,69.1,,,,,,,"[{'type': {'displayName': 'Zone', 'value': 56}, 'value': 'Back'}]",True,,,,,
1903815,SecondHalf,50,24.0,55,Pass,Unsuccessful,116,NEC Nijmegen,130917.0,Eli Dasa,61.2,28.5,65.6,29.0,,,,,"[{'type': {'displayName': 'PassEndY', 'value': 141}, 'value': '29.0'}, {'type': {'displayName': 'PassEndX', 'value': 140}, 'value': '65.6'}, {'type': {'displayName': 'Zone', 'value': 56}, 'value': 'Center'}, {'type': {'displayName': 'Angle', 'value': 213}, 'value': '0.07'}, {'type': {'displayName': 'Length', 'value': 212}, 'value': '4.6'}]",True,,,,,
1903815,SecondHalf,50,25.0,55,BallTouch,Successful,256,Feyenoord,468119.0,Leo Sauer,33.8,82.7,,,,,,,"[{'type': {'displayName': 'Zone', 'value': 56}, 'value': 'Back'}]",True,,,,,
1903815,SecondHalf,50,25.0,55,Pass,Successful,116,NEC Nijmegen,37502.0,Tjaronn Chery,65.6,29.9,66.0,21.3,,,,,"[{'type': {'displayName': 'PassEndY', 'value': 141}, 'value': '21.3'}, {'type': {'displayName': 'Length', 'value': 212}, 'value': '5.9'}, {'type': {'displayName': 'Zone', 'value': 56}, 'value': 'Center'}, {'type': {'displayName': 'Angle', 'value': 213}, 'value': '4.78'}, {'type': {'displayName': 'PassEndX', 'value': 140}, 'value': '66.0'}]",True,,,,,
1903815,SecondHalf,50,29.0,55,Pass,Successful,116,NEC Nijmegen,130917.0,Eli Dasa,75.3,14.7,69.1,14.8,,,,,"[{'type': {'displayName': 'PassEndY', 'value': 141}, 'value': '14.8'}, {'type': {'displayName': 'Angle', 'value': 213}, 'value': '3.13'}, {'type': {'displayName': 'Length', 'value': 212}, 'value': '6.5'}, {'type': {'displayName': 'Zone', 'value': 56}, 'value': 'Right'}, {'type': {'displayName': 'PassEndX', 'value': 140}, 'value': '69.1'}]",True,,,,,
1903815,SecondHalf,50,32.0,55,Pass,Unsuccessful,116,NEC Nijmegen,37502.0,Tjaronn Chery,68.8,17.6,79.8,24.2,,,,,"[{'type': {'displayName': 'Angle', 'value': 213}, 'value': '0.37'}, {'type': {'displayName': 'Length', 'value': 212}, 'value': '12.4'}, {'type': {'displayName': 'Chipped', 'value': 155}}, {'type': {'displayName': 'PassEndX', 'value': 140}, 'value': '79.8'}, {'type': {'displayName': 'PassEndY', 'value': 141}, 'value': '24.2'}, {'type': {'displayName': 'Zone', 'value': 56}, 'value': 'Center'}]",True,,,,,
1903815,SecondHalf,50,33.0,55,Pass,Unsuccessful,256,Feyenoord,400059.0,Gijs Smal,21.8,75.0,32.4,71.2,,,,,"[{'type': {'displayName': 'PassEndX', 'value': 140}, 'value': '32.4'}, {'type': {'displayName': 'PassEndY', 'value': 141}, 'value': '71.2'}, {'type': {'displayName': 'Length', 'value': 212}, 'value': '11.4'}, {'type': {'displayName': 'Angle', 'value': 213}, 'value': '6.06'}, {'type': {'displayName': 'Zone', 'value': 56}, 'value': 'Back'}]",True,,,,,
1903815,SecondHalf,50,34.0,55,TakeOn,Unsuccessful,116,NEC Nijmegen,37502.0,Tjaronn Chery,68.6,28.4,,,,,,,"[{'type': {'displayName': 'Offensive', 'value': 286}}, {'type': {'displayName': 'Zone', 'value': 56}, 'value': 'Center'}, {'type': {'displayName': 'OppositeRelatedEvent', 'value': 233}, 'value': '481'}]",True,,,,,
1903815,SecondHalf,50,34.0,55,Tackle,Unsuccessful,256,Feyenoord,411078.0,Quinten Timber,31.4,71.6,,,,,,,"[{'type': {'displayName': 'OppositeRelatedEvent', 'value': 233}, 'value': '448'}, {'type': {'displayName': 'StandingSave', 'value': 178}}, {'type': {'displayName': 'Zone', 'value': 56}, 'value': 'Back'}, {'type': {'displayName': 'Defensive', 'value': 285}}]",True,,,,,
1903815,SecondHalf,50,35.0,55,Pass,Successful,116,NEC Nijmegen,37502.0,Tjaronn Chery,69.9,34.0,65.7,47.7,,,,,"[{'type': {'displayName': 'PassEndX', 'value': 140}, 'value': '65.7'}, {'type': {'displayName': 'PassEndY', 'value': 141}, 'value': '47.7'}, {'type': {'displayName': 'Length', 'value': 212}, 'value': '10.3'}, {'type': {'displayName': 'Zone', 'value': 56}, 'value': 'Center'}, {'type': {'displayName': 'Angle', 'value': 213}, 'value': '2.01'}]",True,,,,,
1903815,SecondHalf,50,37.0,55,Pass,Successful,116,NEC Nijmegen,401739.0,Darko Nejasmic,65.7,49.5,67.7,68.0,,,,,"[{'type': {'displayName': 'Length', 'value': 212}, 'value': '12.8'}, {'type': {'displayName': 'PassEndY', 'value': 141}, 'value': '68.0'}, {'type': {'displayName': 'Angle', 'value': 213}, 'value': '1.41'}, {'type': {'displayName': 'Zone', 'value': 56}, 'value': 'Center'}, {'type': {'displayName': 'PassEndX', 'value': 140}, 'value': '67.7'}]",True,,,,,
1903815,SecondHalf,50,39.0,55,Pass,Successful,116,NEC Nijmegen,43004.0,Bryan Linssen,72.5,68.5,75.4,57.9,,,,,"[{'type': {'displayName': 'Zone', 'value': 56}, 'value': 'Center'}, {'type': {'displayName': 'Angle', 'value': 213}, 'value': '5.11'}, {'type': {'displayName': 'Length', 'value': 212}, 'value': '7.8'}, {'type': {'displayName': 'PassEndY', 'value': 141}, 'value': '57.9'}, {'type': {'displayName': 'PassEndX', 'value': 140}, 'value': '75.4'}]",True,,,,,
1903815,SecondHalf,50,42.0,55,Pass,Successful,116,NEC Nijmegen,37502.0,Tjaronn Chery,80.3,72.3,92.4,78.6,,,,,"[{'type': {'displayName': 'Length', 'value': 212}, 'value': '13.4'}, {'type': {'displayName': 'Angle', 'value': 213}, 'value': '0.33'}, {'type': {'displayName': 'PassEndY', 'value': 141}, 'value': '78.6'}, {'type': {'displayName': 'PassEndX', 'value': 140}, 'value': '92.4'}, {'type': {'displayName': 'Zone', 'value': 56}, 'value': 'Center'}]",True,,,,,
1903815,SecondHalf,50,45.0,55,Pass,Successful,116,NEC Nijmegen,532237.0,Basar Önal,91.7,69.1,85.1,67.8,,,,,"[{'type': {'displayName': 'Length', 'value': 212}, 'value': '7.0'}, {'type': {'displayName': 'Zone', 'value': 56}, 'value': 'Center'}, {'type': {'displayName': 'PassEndY', 'value': 141}, 'value': '67.8'}, {'type': {'displayName': 'PassEndX', 'value': 140}, 'value': '85.1'}, {'type': {'displayName': 'ShotAssist', 'value': 210}, 'value': '15'}, {'type': {'displayName': 'Angle', 'value': 213}, 'value': '3.27'}, {'type': {'displayName': 'KeyPass', 'value': 11113}}]",True,,,,,
1903815,SecondHalf,50,47.0,55,SavedShot,Successful,116,NEC Nijmegen,37502.0,Tjaronn Chery,88.4,70.6,,,52.0,8.9,98.6,52.7,"[{'type': {'displayName': 'RegularPlay', 'value': 22}}, {'type': {'displayName': 'BoxLeft', 'value': 64}}, {'type': {'displayName': 'BlockedX', 'value': 146}, 'value': '98.6'}, {'type': {'displayName': 'LowLeft', 'value': 76}}, {'type': {'displayName': 'LeftFoot', 'value': 72}}, {'type': {'displayName': 'GoalMouthY', 'value': 102}, 'value': '52.0'}, {'type': {'displayName': 'GoalMouthZ', 'value': 103}, 'value': '8.9'}, {'type': {'displayName': 'BlockedY', 'value': 147}, 'value': '52.7'}, {'type': {'displayName': 'Zone', 'value': 56}, 'value': 'Center'}, {'type': {'displayName': 'OppositeRelatedEvent', 'value': 233}, 'value': '482'}, {'type': {'displayName': 'IntentionalAssist', 'value': 154}}, {'type': {'displayName': 'Assisted', 'value': 29}}, {'type': {'displayName': 'RelatedEventId', 'value': 55}, 'value': '453'}]",True,True,,,453.0,532237.0
1903815,SecondHalf,50,48.0,55,Save,Successful,256,Feyenoord,121821.0,Timon Wellenreuther,1.0,47.3,,,,,,,"[{'type': {'displayName': 'Collected', 'value': 177}}, {'type': {'displayName': 'Zone', 'value': 56}, 'value': 'Back'}, {'type': {'displayName': 'OppositeRelatedEvent', 'value': 233}, 'value': '454'}, {'type': {'displayName': 'Hands', 'value': 182}}, {'type': {'displayName': 'KeeperSaveInTheBox', 'value': 11115}}]",True,,,,,
1903815,SecondHalf,50,52.0,55,KeeperPickup,Successful,256,Feyenoord,121821.0,Timon Wellenreuther,1.3,45.6,,,,,,,[],False,,,,,
1903815,SecondHalf,50,53.0,55,Pass,Unsuccessful,256,Feyenoord,121821.0,Timon Wellenreuther,15.9,45.9,57.0,76.2,,,,,"[{'type': {'displayName': 'Zone', 'value': 56}, 'value': 'Center'}, {'type': {'displayName': 'Longball', 'value': 1}}, {'type': {'displayName': 'Length', 'value': 212}, 'value': '47.8'}, {'type': {'displayName': 'PassEndY', 'value': 141}, 'value': '76.2'}, {'type': {'displayName': 'PassEndX', 'value': 140}, 'value': '57.0'}, {'type': {'displayName': 'Angle', 'value': 213}, 'value': '0.45'}]",True,,,,,
1903815,SecondHalf,50,58.0,55,Clearance,Successful,116,NEC Nijmegen,321959.0,Philippe Sandler,36.8,28.7,54.3,26.7,,,,,"[{'type': {'displayName': 'Length', 'value': 212}, 'value': '18.4'}, {'type': {'displayName': 'PassEndY', 'value': 141}, 'value': '26.7'}, {'type': {'displayName': 'Zone', 'value': 56}, 'value': 'Center'}, {'type': {'displayName': 'PassEndX', 'value': 140}, 'value': '54.3'}, {'type': {'displayName': 'Angle', 'value': 213}, 'value': '6.21'}]",True,,,,,
1903815,SecondHalf,51,4.0,56,Pass,Successful,256,Feyenoord,468119.0,Leo Sauer,69.1,57.1,86.4,5.4,,,,,"[{'type': {'displayName': 'PassEndX', 'value': 140}, 'value': '86.4'}, {'type': {'displayName': 'Longball', 'value': 1}}, {'type': {'displayName': 'Angle', 'value': 213}, 'value': '5.19'}, {'type': {'displayName': 'Length', 'value': 212}, 'value': '39.6'}, {'type': {'displayName': 'Zone', 'value': 56}, 'value': 'Right'}, {'type': {'displayName': 'PassEndY', 'value': 141}, 'value': '5.4'}]",True,,,,,
1903815,SecondHalf,51,13.0,56,Pass,Successful,256,Feyenoord,361794.0,Sem Steijn,76.3,9.1,73.1,7.7,,,,,"[{'type': {'displayName': 'Angle', 'value': 213}, 'value': '3.42'}, {'type': {'displayName': 'Length', 'value': 212}, 'value': '3.5'}, {'type': {'displayName': 'PassEndX', 'value': 140}, 'value': '73.1'}, {'type': {'displayName': 'Zone', 'value': 56}, 'value': 'Right'}, {'type': {'displayName': 'PassEndY', 'value': 141}, 'value': '7.7'}]",True,,,,,
1903815,SecondHalf,51,16.0,56,Pass,Successful,256,Feyenoord,415927.0,Luciano Valente,71.8,10.1,60.0,26.7,,,,,"[{'type': {'displayName': 'PassEndX', 'value': 140}, 'value': '60.0'}, {'type': {'displayName': 'PassEndY', 'value': 141}, 'value': '26.7'}, {'type': {'displayName': 'Zone', 'value': 56}, 'value': 'Center'}, {'type': {'displayName': 'Angle', 'value': 213}, 'value': '2.40'}, {'type': {'displayName': 'Length', 'value': 212}, 'value': '16.8'}]",True,,,,,
1903815,SecondHalf,51,19.0,56,Pass,Successful,256,Feyenoord,326642.0,Anel Ahmedhodzic,62.1,27.7,61.5,55.5,,,,,"[{'type': {'displayName': 'PassEndX', 'value': 140}, 'value': '61.5'}, {'type': {'displayName': 'Angle', 'value': 213}, 'value': '1.60'}, {'type': {'displayName': 'Zone', 'value': 56}, 'value': 'Center'}, {'type': {'displayName': 'PassEndY', 'value': 141}, 'value': '55.5'}, {'type': {'displayName': 'Length', 'value': 212}, 'value': '18.9'}]",True,,,,,
1903815,SecondHalf,51,22.0,56,Pass,Successful,256,Feyenoord,431258.0,Tsuyoshi Watanabe,67.4,57.9,78.2,88.8,,,,,"[{'type': {'displayName': 'PassEndX', 'value': 140}, 'value': '78.2'}, {'type': {'displayName': 'Zone', 'value': 56}, 'value': 'Left'}, {'type': {'displayName': 'Angle', 'value': 213}, 'value': '1.08'}, {'type': {'displayName': 'Length', 'value': 212}, 'value': '23.9'}, {'type': {'displayName': 'PassEndY', 'value': 141}, 'value': '88.8'}]",True,,,,,
1903815,SecondHalf,51,26.0,56,Pass,Successful,256,Feyenoord,400059.0,Gijs Smal,79.0,81.4,67.1,69.4,,,,,"[{'type': {'displayName': 'Angle', 'value': 213}, 'value': '3.72'}, {'type': {'displayName': 'Zone', 'value': 56}, 'value': 'Center'}, {'type': {'displayName': 'Length', 'value': 212}, 'value': '14.9'}, {'type': {'displayName': 'PassEndX', 'value': 140}, 'value': '67.1'}, {'type': {'displayName': 'PassEndY', 'value': 141}, 'value': '69.4'}]",True,,,,,
1903815,SecondHalf,51,29.0,56,Pass,Successful,256,Feyenoord,431258.0,Tsuyoshi Watanabe,67.2,69.3,69.0,54.9,,,,,"[{'type': {'displayName': 'PassEndY', 'value': 141}, 'value': '54.9'}, {'type': {'displayName': 'Angle', 'value': 213}, 'value': '4.90'}, {'type': {'displayName': 'Length', 'value': 212}, 'value': '10.0'}, {'type': {'displayName': 'PassEndX', 'value': 140}, 'value': '69.0'}, {'type': {'displayName': 'Zone', 'value': 56}, 'value': 'Center'}]",True,,,,,
1903815,SecondHalf,51,32.0,56,Pass,Unsuccessful,256,Feyenoord,415927.0,Luciano Valente,69.3,54.9,80.6,49.4,,,,,"[{'type': {'displayName': 'PassEndY', 'value': 141}, 'value': '49.4'}, {'type': {'displayName': 'PassEndX', 'value': 140}, 'value': '80.6'}, {'type': {'displayName': 'Angle', 'value': 213}, 'value': '5.98'}, {'type': {'displayName': 'Length', 'value': 212}, 'value': '12.4'}, {'type': {'displayName': 'Zone', 'value': 56}, 'value': 'Center'}]",True,,,,,
1903815,SecondHalf,51,32.0,56,Interception,Successful,116,NEC Nijmegen,497708.0,Kodai Sano,19.4,50.6,,,,,,,"[{'type': {'displayName': 'Zone', 'value': 56}, 'value': 'Back'}]",True,,,,,
1903815,SecondHalf,51,34.0,56,BallRecovery,Successful,116,NEC Nijmegen,43004.0,Bryan Linssen,30.2,60.2,,,,,,,[],False,,,,,
1903815,SecondHalf,51,35.0,56,Dispossessed,Successful,116,NEC Nijmegen,43004.0,Bryan Linssen,34.6,61.3,,,,,,,"[{'type': {'displayName': 'OppositeRelatedEvent', 'value': 233}, 'value': '493'}, {'type': {'displayName': 'Offensive', 'value': 286}}, {'type': {'displayName': 'Zone', 'value': 56}, 'value': 'Back'}]",True,,,,,
1903815,SecondHalf,51,35.0,56,Tackle,Successful,256,Feyenoord,297527.0,Bart Nieuwkoop,65.4,38.7,,,,,,,"[{'type': {'displayName': 'Defensive', 'value': 285}}, {'type': {'displayName': 'OppositeRelatedEvent', 'value': 233}, 'value': '458'}, {'type': {'displayName': 'Zone', 'value': 56}, 'value': 'Center'}, {'type': {'displayName': 'StandingSave', 'value': 178}}]",True,,,,,
1903815,SecondHalf,51,38.0,56,BallRecovery,Successful,256,Feyenoord,326642.0,Anel Ahmedhodzic,58.9,29.5,,,,,,,[],False,,,,,
1903815,SecondHalf,51,41.0,56,Pass,Successful,256,Feyenoord,326642.0,Anel Ahmedhodzic,64.0,11.0,62.4,19.2,,,,,"[{'type': {'displayName': 'Zone', 'value': 56}, 'value': 'Right'}, {'type': {'displayName': 'PassEndY', 'value': 141}, 'value': '19.2'}, {'type': {'displayName': 'Length', 'value': 212}, 'value': '5.8'}, {'type': {'displayName': 'Angle', 'value': 213}, 'value': '1.86'}, {'type': {'displayName': 'PassEndX', 'value': 140}, 'value': '62.4'}]",True,,,,,
1903815,SecondHalf,51,49.0,56,Pass,Successful,256,Feyenoord,415927.0,Luciano Valente,68.3,32.9,64.1,52.4,,,,,"[{'type': {'displayName': 'PassEndY', 'value': 141}, 'value': '52.4'}, {'type': {'displayName': 'PassEndX', 'value': 140}, 'value': '64.1'}, {'type': {'displayName': 'Angle', 'value': 213}, 'value': '1.89'}, {'type': {'displayName': 'Length', 'value': 212}, 'value': '14.0'}, {'type': {'displayName': 'Zone', 'value': 56}, 'value': 'Center'}]",True,,,,,
1903815,SecondHalf,51,51.0,56,Pass,Successful,256,Feyenoord,431258.0,Tsuyoshi Watanabe,64.1,53.6,64.8,72.3,,,,,"[{'type': {'displayName': 'Length', 'value': 212}, 'value': '12.7'}, {'type': {'displayName': 'PassEndY', 'value': 141}, 'value': '72.3'}, {'type': {'displayName': 'PassEndX', 'value': 140}, 'value': '64.8'}, {'type': {'displayName': 'Angle', 'value': 213}, 'value': '1.51'}, {'type': {'displayName': 'Zone', 'value': 56}, 'value': 'Center'}]",True,,,,,
1903815,SecondHalf,51,53.0,56,Pass,Successful,256,Feyenoord,400059.0,Gijs Smal,65.4,83.8,76.0,97.5,,,,,"[{'type': {'displayName': 'PassEndY', 'value': 141}, 'value': '97.5'}, {'type': {'displayName': 'PassEndX', 'value': 140}, 'value': '76.0'}, {'type': {'displayName': 'Angle', 'value': 213}, 'value': '0.70'}, {'type': {'displayName': 'Zone', 'value': 56}, 'value': 'Left'}, {'type': {'displayName': 'Length', 'value': 212}, 'value': '14.5'}]",True,,,,,
1903815,SecondHalf,51,59.0,56,TakeOn,Unsuccessful,256,Feyenoord,468119.0,Leo Sauer,96.8,82.4,,,,,,,"[{'type': {'displayName': 'OppositeRelatedEvent', 'value': 233}, 'value': '459'}, {'type': {'displayName': 'Offensive', 'value': 286}}, {'type': {'displayName': 'Zone', 'value': 56}, 'value': 'Left'}]",True,,,,,
1903815,SecondHalf,51,59.0,56,Tackle,Successful,116,NEC Nijmegen,130917.0,Eli Dasa,3.2,17.6,,,,,,,"[{'type': {'displayName': 'StandingSave', 'value': 178}}, {'type': {'displayName': 'Defensive', 'value': 285}}, {'type': {'displayName': 'Zone', 'value': 56}, 'value': 'Back'}, {'type': {'displayName': 'OppositeRelatedEvent', 'value': 233}, 'value': '499'}]",True,,,,,
1903815,SecondHalf,52,1.0,57,CornerAwarded,Unsuccessful,116,NEC Nijmegen,130917.0,Eli Dasa,0.4,17.0,,,,,,,"[{'type': {'displayName': 'OppositeRelatedEvent', 'value': 233}, 'value': '500'}, {'type': {'displayName': 'MissLeft', 'value': 73}}, {'type': {'displayName': 'Zone', 'value': 56}, 'value': 'Back'}]",False,,,,,
1903815,SecondHalf,52,1.0,57,CornerAwarded,Successful,256,Feyenoord,468119.0,Leo Sauer,99.6,83.0,,,,,,,"[{'type': {'displayName': 'OppositeRelatedEvent', 'value': 233}, 'value': '460'}, {'type': {'displayName': 'Zone', 'value': 56}, 'value': 'Left'}, {'type': {'displayName': 'MissLeft', 'value': 73}}]",False,,,,,
1903815,SecondHalf,52,38.0,57,Pass,Successful,256,Feyenoord,361794.0,Sem Steijn,99.5,99.5,89.6,47.7,,,,,"[{'type': {'displayName': 'RightFoot', 'value': 20}}, {'type': {'displayName': 'Cross', 'value': 2}}, {'type': {'displayName': 'Longball', 'value': 1}}, {'type': {'displayName': 'Angle', 'value': 213}, 'value': '4.43'}, {'type': {'displayName': 'Zone', 'value': 56}, 'value': 'Center'}, {'type': {'displayName': 'PassEndX', 'value': 140}, 'value': '89.6'}, {'type': {'displayName': 'Length', 'value': 212}, 'value': '36.7'}, {'type': {'displayName': 'PassEndY', 'value': 141}, 'value': '47.7'}, {'type': {'displayName': 'CornerTaken', 'value': 6}}, {'type': {'displayName': 'Chipped', 'value': 155}}]",True,,,,,
1903815,SecondHalf,52,42.0,57,Foul,Successful,116,NEC Nijmegen,400320.0,Ahmetcan Kaplan,10.4,50.2,,,,,,,"[{'type': {'displayName': 'Foul', 'value': 13}}, {'type': {'displayName': 'OppositeRelatedEvent', 'value': 233}, 'value': '502'}, {'type': {'displayName': 'Zone', 'value': 56}, 'value': 'Back'}, {'type': {'displayName': 'Defensive', 'value': 285}}]",True,,,,,
1903815,SecondHalf,52,42.0,57,Foul,Unsuccessful,256,Feyenoord,297527.0,Bart Nieuwkoop,89.6,49.8,,,,,,,"[{'type': {'displayName': 'OppositeRelatedEvent', 'value': 233}, 'value': '461'}, {'type': {'displayName': 'Offensive', 'value': 286}}, {'type': {'displayName': 'Foul', 'value': 13}}, {'type': {'displayName': 'Zone', 'value': 56}, 'value': 'Center'}]",False,,,,,
1903815,SecondHalf,53,15.0,58,Pass,Successful,116,NEC Nijmegen,448283.0,Gonzalo Crettaz,11.2,46.2,12.3,26.6,,,,,"[{'type': {'displayName': 'FreekickTaken', 'value': 5}}, {'type': {'displayName': 'PassEndX', 'value': 140}, 'value': '12.3'}, {'type': {'displayName': 'Zone', 'value': 56}, 'value': 'Back'}, {'type': {'displayName': 'Length', 'value': 212}, 'value': '13.4'}, {'type': {'displayName': 'Angle', 'value': 213}, 'value': '4.80'}, {'type': {'displayName': 'PassEndY', 'value': 141}, 'value': '26.6'}]",True,,,,,
1903815,SecondHalf,53,19.0,58,Pass,Successful,116,NEC Nijmegen,321959.0,Philippe Sandler,11.7,31.5,5.9,47.9,,,,,"[{'type': {'displayName': 'Length', 'value': 212}, 'value': '12.7'}, {'type': {'displayName': 'Zone', 'value': 56}, 'value': 'Back'}, {'type': {'displayName': 'PassEndX', 'value': 140}, 'value': '5.9'}, {'type': {'displayName': 'Angle', 'value': 213}, 'value': '2.07'}, {'type': {'displayName': 'PassEndY', 'value': 141}, 'value': '47.9'}]",True,,,,,
1903815,SecondHalf,53,24.0,58,Pass,Successful,116,NEC Nijmegen,448283.0,Gonzalo Crettaz,4.7,57.4,38.5,90.9,,,,,"[{'type': {'displayName': 'PassEndY', 'value': 141}, 'value': '90.9'}, {'type': {'displayName': 'Angle', 'value': 213}, 'value': '0.57'}, {'type': {'displayName': 'PassEndX', 'value': 140}, 'value': '38.5'}, {'type': {'displayName': 'Zone', 'value': 56}, 'value': 'Back'}, {'type': {'displayName': 'Chipped', 'value': 155}}, {'type': {'displayName': 'Length', 'value': 212}, 'value': '42.2'}, {'type': {'displayName': 'Longball', 'value': 1}}]",True,,,,,
1903815,SecondHalf,53,29.0,58,TakeOn,Unsuccessful,116,NEC Nijmegen,532237.0,Basar Önal,39.3,96.2,,,,,,,"[{'type': {'displayName': 'Offensive', 'value': 286}}, {'type': {'displayName': 'OppositeRelatedEvent', 'value': 233}, 'value': '503'}, {'type': {'displayName': 'Zone', 'value': 56}, 'value': 'Back'}]",True,,,,,
1903815,SecondHalf,53,29.0,58,Tackle,Unsuccessful,256,Feyenoord,297527.0,Bart Nieuwkoop,60.7,3.8,,,,,,,"[{'type': {'displayName': 'StandingSave', 'value': 178}}, {'type': {'displayName': 'Defensive', 'value': 285}}, {'type': {'displayName': 'OppositeRelatedEvent', 'value': 233}, 'value': '466'}, {'type': {'displayName': 'Zone', 'value': 56}, 'value': 'Right'}]",True,,,,,
1903815,SecondHalf,53,29.0,58,BallTouch,Successful,116,NEC Nijmegen,532237.0,Basar Önal,39.5,95.1,,,,,,,"[{'type': {'displayName': 'Zone', 'value': 56}, 'value': 'Back'}]",True,,,,,
1903815,SecondHalf,53,30.0,58,BallRecovery,Successful,256,Feyenoord,297527.0,Bart Nieuwkoop,62.0,2.4,,,,,,,[],False,,,,,
1903815,SecondHalf,53,30.0,58,Pass,Successful,256,Feyenoord,297527.0,Bart Nieuwkoop,63.9,2.7,74.9,5.1,,,,,"[{'type': {'displayName': 'Length', 'value': 212}, 'value': '11.7'}, {'type': {'displayName': 'PassEndY', 'value': 141}, 'value': '5.1'}, {'type': {'displayName': 'PassEndX', 'value': 140}, 'value': '74.9'}, {'type': {'displayName': 'Angle', 'value': 213}, 'value': '0.14'}, {'type': {'displayName': 'Zone', 'value': 56}, 'value': 'Right'}]",True,,,,,
1903815,SecondHalf,53,33.0,58,Challenge,Unsuccessful,116,NEC Nijmegen,400320.0,Ahmetcan Kaplan,27.6,91.3,,,,,,,"[{'type': {'displayName': 'OppositeRelatedEvent', 'value': 233}, 'value': '506'}, {'type': {'displayName': 'Zone', 'value': 56}, 'value': 'Back'}, {'type': {'displayName': 'Defensive', 'value': 285}}]",False,,,,,
1903815,SecondHalf,53,33.0,58,TakeOn,Successful,256,Feyenoord,515829.0,Anis Hadj Moussa,72.4,8.7,,,,,,,"[{'type': {'displayName': 'OppositeRelatedEvent', 'value': 233}, 'value': '468'}, {'type': {'displayName': 'Offensive', 'value': 286}}, {'type': {'displayName': 'Zone', 'value': 56}, 'value': 'Right'}]",True,,,,,
1903815,SecondHalf,53,39.0,58,TakeOn,Unsuccessful,256,Feyenoord,515829.0,Anis Hadj Moussa,96.8,25.7,,,,,,,"[{'type': {'displayName': 'Zone', 'value': 56}, 'value': 'Center'}, {'type': {'displayName': 'Offensive', 'value': 286}}, {'type': {'displayName': 'OppositeRelatedEvent', 'value': 233}, 'value': '469'}]",True,,,,,
1903815,SecondHalf,53,39.0,58,Tackle,Successful,116,NEC Nijmegen,497708.0,Kodai Sano,3.2,74.3,,,,,,,"[{'type': {'displayName': 'OppositeRelatedEvent', 'value': 233}, 'value': '507'}, {'type': {'displayName': 'Zone', 'value': 56}, 'value': 'Back'}, {'type': {'displayName': 'Defensive', 'value': 285}}, {'type': {'displayName': 'StandingSave', 'value': 178}}]",True,,,,,
1903815,SecondHalf,53,40.0,58,BallRecovery,Successful,116,NEC Nijmegen,497708.0,Kodai Sano,5.3,83.3,,,,,,,[],False,,,,,
1903815,SecondHalf,53,47.0,58,Pass,Successful,116,NEC Nijmegen,497708.0,Kodai Sano,21.8,88.3,14.2,84.5,,,,,"[{'type': {'displayName': 'Zone', 'value': 56}, 'value': 'Back'}, {'type': {'displayName': 'PassEndX', 'value': 140}, 'value': '14.2'}, {'type': {'displayName': 'Angle', 'value': 213}, 'value': '3.45'}, {'type': {'displayName': 'Length', 'value': 212}, 'value': '8.4'}, {'type': {'displayName': 'PassEndY', 'value': 141}, 'value': '84.5'}]",True,,,,,
1903815,SecondHalf,53,49.0,58,Pass,Successful,116,NEC Nijmegen,400320.0,Ahmetcan Kaplan,20.9,81.4,22.1,73.1,,,,,"[{'type': {'displayName': 'Zone', 'value': 56}, 'value': 'Back'}, {'type': {'displayName': 'PassEndY', 'value': 141}, 'value': '73.1'}, {'type': {'displayName': 'Length', 'value': 212}, 'value': '5.8'}, {'type': {'displayName': 'PassEndX', 'value': 140}, 'value': '22.1'}, {'type': {'displayName': 'Angle', 'value': 213}, 'value': '4.93'}]",True,,,,,
1903815,SecondHalf,53,51.0,58,Pass,Successful,116,NEC Nijmegen,401739.0,Darko Nejasmic,21.6,71.3,53.9,36.8,,,,,"[{'type': {'displayName': 'Length', 'value': 212}, 'value': '41.2'}, {'type': {'displayName': 'Longball', 'value': 1}}, {'type': {'displayName': 'Angle', 'value': 213}, 'value': '5.68'}, {'type': {'displayName': 'PassEndY', 'value': 141}, 'value': '36.8'}, {'type': {'displayName': 'Zone', 'value': 56}, 'value': 'Center'}, {'type': {'displayName': 'Chipped', 'value': 155}}, {'type': {'displayName': 'PassEndX', 'value': 140}, 'value': '53.9'}]",True,,,,,
1903815,SecondHalf,53,58.0,58,TakeOn,Successful,116,NEC Nijmegen,37502.0,Tjaronn Chery,52.6,19.5,,,,,,,"[{'type': {'displayName': 'Zone', 'value': 56}, 'value': 'Right'}, {'type': {'displayName': 'OppositeRelatedEvent', 'value': 233}, 'value': '508'}, {'type': {'displayName': 'Offensive', 'value': 286}}]",True,,,,,
1903815,SecondHalf,53,58.0,58,Challenge,Unsuccessful,256,Feyenoord,468119.0,Leo Sauer,47.4,80.5,,,,,,,"[{'type': {'displayName': 'Zone', 'value': 56}, 'value': 'Back'}, {'type': {'displayName': 'OppositeRelatedEvent', 'value': 233}, 'value': '474'}, {'type': {'displayName': 'Defensive', 'value': 285}}]",False,,,,,
1903815,SecondHalf,53,59.0,58,Pass,Successful,116,NEC Nijmegen,37502.0,Tjaronn Chery,45.6,25.2,26.3,47.0,,,,,"[{'type': {'displayName': 'Zone', 'value': 56}, 'value': 'Back'}, {'type': {'displayName': 'PassEndX', 'value': 140}, 'value': '26.3'}, {'type': {'displayName': 'PassEndY', 'value': 141}, 'value': '47.0'}, {'type': {'displayName': 'Angle', 'value': 213}, 'value': '2.51'}, {'type': {'displayName': 'Length', 'value': 212}, 'value': '25.1'}]",True,,,,,
1903815,SecondHalf,54,8.0,59,Pass,Successful,116,NEC Nijmegen,448283.0,Gonzalo Crettaz,24.6,44.9,36.9,42.4,,,,,"[{'type': {'displayName': 'Zone', 'value': 56}, 'value': 'Back'}, {'type': {'displayName': 'Length', 'value': 212}, 'value': '13.0'}, {'type': {'displayName': 'PassEndY', 'value': 141}, 'value': '42.4'}, {'type': {'displayName': 'PassEndX', 'value': 140}, 'value': '36.9'}, {'type': {'displayName': 'Angle', 'value': 213}, 'value': '6.15'}]",True,,,,,
1903815,SecondHalf,54,9.0,59,Pass,Successful,116,NEC Nijmegen,401739.0,Darko Nejasmic,37.4,40.6,34.7,26.9,,,,,"[{'type': {'displayName': 'PassEndY', 'value': 141}, 'value': '26.9'}, {'type': {'displayName': 'PassEndX', 'value': 140}, 'value': '34.7'}, {'type': {'displayName': 'Zone', 'value': 56}, 'value': 'Back'}, {'type': {'displayName': 'Angle', 'value': 213}, 'value': '4.42'}, {'type': {'displayName': 'Length', 'value': 212}, 'value': '9.7'}, {'type': {'displayName': 'LayOff', 'value': 156}}]",True,,,,,
1903815,SecondHalf,54,15.0,59,BallTouch,Unsuccessful,116,NEC Nijmegen,321959.0,Philippe Sandler,44.8,14.2,,,,,,,"[{'type': {'displayName': 'Zone', 'value': 56}, 'value': 'Back'}]",True,,,,,
1903815,SecondHalf,54,15.0,59,BallRecovery,Successful,256,Feyenoord,377288.0,Ayase Ueda,52.8,93.7,,,,,,,[],False,,,,,
1903815,SecondHalf,54,16.0,59,Pass,Successful,256,Feyenoord,377288.0,Ayase Ueda,52.9,93.5,65.3,85.6,,,,,"[{'type': {'displayName': 'Zone', 'value': 56}, 'value': 'Left'}, {'type': {'displayName': 'PassEndX', 'value': 140}, 'value': '65.3'}, {'type': {'displayName': 'PassEndY', 'value': 141}, 'value': '85.6'}, {'type': {'displayName': 'Length', 'value': 212}, 'value': '14.1'}, {'type': {'displayName': 'Angle', 'value': 213}, 'value': '5.89'}]",True,,,,,
1903815,SecondHalf,54,21.0,59,TakeOn,Unsuccessful,256,Feyenoord,361794.0,Sem Steijn,78.7,80.5,,,,,,,"[{'type': {'displayName': 'Offensive', 'value': 286}}, {'type': {'displayName': 'Zone', 'value': 56}, 'value': 'Left'}, {'type': {'displayName': 'OverRun', 'value': 211}}]",True,,,,,
1903815,SecondHalf,54,23.0,59,BallRecovery,Successful,116,NEC Nijmegen,321959.0,Philippe Sandler,17.5,11.0,,,,,,,[],False,,,,,
1903815,SecondHalf,54,26.0,59,Pass,Successful,116,NEC Nijmegen,321959.0,Philippe Sandler,11.0,4.6,12.9,23.1,,,,,"[{'type': {'displayName': 'PassEndX', 'value': 140}, 'value': '12.9'}, {'type': {'displayName': 'Length', 'value': 212}, 'value': '12.7'}, {'type': {'displayName': 'PassEndY', 'value': 141}, 'value': '23.1'}, {'type': {'displayName': 'Angle', 'value': 213}, 'value': '1.41'}, {'type': {'displayName': 'Zone', 'value': 56}, 'value': 'Back'}]",True,,,,,
1903815,SecondHalf,54,30.0,59,Pass,Unsuccessful,116,NEC Nijmegen,401739.0,Darko Nejasmic,15.2,18.5,69.5,6.6,,,,,"[{'type': {'displayName': 'PassEndX', 'value': 140}, 'value': '69.5'}, {'type': {'displayName': 'Chipped', 'value': 155}}, {'type': {'displayName': 'Length', 'value': 212}, 'value': '57.6'}, {'type': {'displayName': 'PassEndY', 'value': 141}, 'value': '6.6'}, {'type': {'displayName': 'Longball', 'value': 1}}, {'type': {'displayName': 'Zone', 'value': 56}, 'value': 'Right'}, {'type': {'displayName': 'Angle', 'value': 213}, 'value': '6.14'}]",True,,,,,
1903815,SecondHalf,54,34.0,59,BallRecovery,Successful,256,Feyenoord,400059.0,Gijs Smal,27.4,95.2,,,,,,,[],False,,,,,
1903815,SecondHalf,54,38.0,59,Pass,Successful,256,Feyenoord,400059.0,Gijs Smal,28.4,91.8,32.1,74.3,,,,,"[{'type': {'displayName': 'Length', 'value': 212}, 'value': '12.5'}, {'type': {'displayName': 'PassEndX', 'value': 140}, 'value': '32.1'}, {'type': {'displayName': 'PassEndY', 'value': 141}, 'value': '74.3'}, {'type': {'displayName': 'Angle', 'value': 213}, 'value': '5.03'}, {'type': {'displayName': 'Zone', 'value': 56}, 'value': 'Back'}]",True,,,,,
1903815,SecondHalf,54,40.0,59,Pass,Successful,256,Feyenoord,431258.0,Tsuyoshi Watanabe,34.2,69.3,38.4,86.1,,,,,"[{'type': {'displayName': 'PassEndX', 'value': 140}, 'value': '38.4'}, {'type': {'displayName': 'Zone', 'value': 56}, 'value': 'Back'}, {'type': {'displayName': 'Angle', 'value': 213}, 'value': '1.20'}, {'type': {'displayName': 'PassEndY', 'value': 141}, 'value': '86.1'}, {'type': {'displayName': 'Length', 'value': 212}, 'value': '12.2'}]",True,,,,,
1903815,SecondHalf,54,42.0,59,Pass,Successful,256,Feyenoord,400059.0,Gijs Smal,38.4,86.1,25.0,70.2,,,,,"[{'type': {'displayName': 'Zone', 'value': 56}, 'value': 'Back'}, {'type': {'displayName': 'Angle', 'value': 213}, 'value': '3.80'}, {'type': {'displayName': 'Length', 'value': 212}, 'value': '17.7'}, {'type': {'displayName': 'PassEndX', 'value': 140}, 'value': '25.0'}, {'type': {'displayName': 'PassEndY', 'value': 141}, 'value': '70.2'}]",True,,,,,
1903815,SecondHalf,54,46.0,59,Pass,Successful,256,Feyenoord,431258.0,Tsuyoshi Watanabe,27.6,69.0,19.2,50.0,,,,,"[{'type': {'displayName': 'Length', 'value': 212}, 'value': '15.6'}, {'type': {'displayName': 'PassEndY', 'value': 141}, 'value': '50.0'}, {'type': {'displayName': 'Angle', 'value': 213}, 'value': '4.11'}, {'type': {'displayName': 'Zone', 'value': 56}, 'value': 'Back'}, {'type': {'displayName': 'PassEndX', 'value': 140}, 'value': '19.2'}]",True,,,,,
1903815,SecondHalf,54,52.0,59,Pass,Successful,256,Feyenoord,121821.0,Timon Wellenreuther,27.5,47.9,35.5,82.4,,,,,"[{'type': {'displayName': 'Length', 'value': 212}, 'value': '24.9'}, {'type': {'displayName': 'Angle', 'value': 213}, 'value': '1.23'}, {'type': {'displayName': 'PassEndY', 'value': 141}, 'value': '82.4'}, {'type': {'displayName': 'Zone', 'value': 56}, 'value': 'Back'}, {'type': {'displayName': 'PassEndX', 'value': 140}, 'value': '35.5'}]",True,,,,,
1903815,SecondHalf,55,0.0,60,Pass,Successful,256,Feyenoord,431258.0,Tsuyoshi Watanabe,70.8,93.7,73.2,98.2,,,,,"[{'type': {'displayName': 'Zone', 'value': 56}, 'value': 'Left'}, {'type': {'displayName': 'PassEndX', 'value': 140}, 'value': '73.2'}, {'type': {'displayName': 'Length', 'value': 212}, 'value': '4.0'}, {'type': {'displayName': 'Angle', 'value': 213}, 'value': '0.88'}, {'type': {'displayName': 'PassEndY', 'value': 141}, 'value': '98.2'}]",True,,,,,
1903815,SecondHalf,55,2.0,60,Pass,Successful,256,Feyenoord,468119.0,Leo Sauer,71.5,98.2,60.3,69.1,,,,,"[{'type': {'displayName': 'Length', 'value': 212}, 'value': '23.0'}, {'type': {'displayName': 'PassEndY', 'value': 141}, 'value': '69.1'}, {'type': {'displayName': 'PassEndX', 'value': 140}, 'value': '60.3'}, {'type': {'displayName': 'Angle', 'value': 213}, 'value': '4.18'}, {'type': {'displayName': 'Zone', 'value': 56}, 'value': 'Center'}]",True,,,,,
1903815,SecondHalf,55,7.0,60,Pass,Successful,256,Feyenoord,411078.0,Quinten Timber,61.1,68.6,62.1,30.0,,,,,"[{'type': {'displayName': 'Length', 'value': 212}, 'value': '26.3'}, {'type': {'displayName': 'PassEndY', 'value': 141}, 'value': '30.0'}, {'type': {'displayName': 'Zone', 'value': 56}, 'value': 'Center'}, {'type': {'displayName': 'PassEndX', 'value': 140}, 'value': '62.1'}, {'type': {'displayName': 'Angle', 'value': 213}, 'value': '4.75'}]",True,,,,,
1903815,SecondHalf,55,11.0,60,Pass,Successful,256,Feyenoord,415927.0,Luciano Valente,67.4,20.9,79.9,3.6,,,,,"[{'type': {'displayName': 'Zone', 'value': 56}, 'value': 'Right'}, {'type': {'displayName': 'PassEndY', 'value': 141}, 'value': '3.6'}, {'type': {'displayName': 'PassEndX', 'value': 140}, 'value': '79.9'}, {'type': {'displayName': 'Length', 'value': 212}, 'value': '17.6'}, {'type': {'displayName': 'Angle', 'value': 213}, 'value': '5.55'}]",True,,,,,
1903815,SecondHalf,55,15.0,60,Pass,Successful,256,Feyenoord,515829.0,Anis Hadj Moussa,87.3,14.7,96.5,39.9,,,,,"[{'type': {'displayName': 'PassEndX', 'value': 140}, 'value': '96.5'}, {'type': {'displayName': 'PassEndY', 'value': 141}, 'value': '39.9'}, {'type': {'displayName': 'Length', 'value': 212}, 'value': '19.7'}, {'type': {'displayName': 'Angle', 'value': 213}, 'value': '1.06'}, {'type': {'displayName': 'Zone', 'value': 56}, 'value': 'Center'}, {'type': {'displayName': 'ShotAssist', 'value': 210}, 'value': '16'}, {'type': {'displayName': 'RegularPlay', 'value': 22}}, {'type': {'displayName': 'IntentionalAssist', 'value': 154}}, {'type': {'displayName': 'BigChanceCreated', 'value': 11112}}, {'type': {'displayName': 'IntentionalGoalAssist', 'value': 11111}}, {'type': {'displayName': 'KeyPass', 'value': 11113}}]",True,,,,,
1903815,SecondHalf,55,17.0,60,Goal,Successful,256,Feyenoord,297527.0,Bart Nieuwkoop,96.5,39.9,,,48.4,3.8,,,"[{'type': {'displayName': 'SmallBoxRight', 'value': 60}}, {'type': {'displayName': 'BigChance', 'value': 214}}, {'type': {'displayName': 'Zone', 'value': 56}, 'value': 'Center'}, {'type': {'displayName': 'LowCentre', 'value': 78}}, {'type': {'displayName': 'IntentionalAssist', 'value': 154}}, {'type': {'displayName': 'RelatedEventId', 'value': 55}, 'value': '523'}, {'type': {'displayName': 'FirstTouch', 'value': 328}}, {'type': {'displayName': 'OneOnOne', 'value': 89}}, {'type': {'displayName': 'GoalMouthZ', 'value': 103}, 'value': '3.8'}, {'type': {'displayName': 'GoalMouthY', 'value': 102}, 'value': '48.4'}, {'type': {'displayName': 'RightFoot', 'value': 20}}, {'type': {'displayName': 'Assisted', 'value': 29}}, {'type': {'displayName': 'RegularPlay', 'value': 22}}]",True,True,True,,523.0,515829.0
1903815,SecondHalf,56,30.0,61,Pass,Successful,116,NEC Nijmegen,37502.0,Tjaronn Chery,50.1,50.0,41.0,49.8,,,,,"[{'type': {'displayName': 'Length', 'value': 212}, 'value': '9.6'}, {'type': {'displayName': 'Angle', 'value': 213}, 'value': '3.16'}, {'type': {'displayName': 'PassEndY', 'value': 141}, 'value': '49.8'}, {'type': {'displayName': 'Zone', 'value': 56}, 'value': 'Back'}, {'type': {'displayName': 'PassEndX', 'value': 140}, 'value': '41.0'}]",True,,,,,
1903815,SecondHalf,56,32.0,61,Pass,Successful,116,NEC Nijmegen,321959.0,Philippe Sandler,42.9,47.7,40.7,32.5,,,,,"[{'type': {'displayName': 'PassEndY', 'value': 141}, 'value': '32.5'}, {'type': {'displayName': 'PassEndX', 'value': 140}, 'value': '40.7'}, {'type': {'displayName': 'Zone', 'value': 56}, 'value': 'Back'}, {'type': {'displayName': 'Angle', 'value': 213}, 'value': '4.49'}, {'type': {'displayName': 'Length', 'value': 212}, 'value': '10.6'}]",True,,,,,
1903815,SecondHalf,56,34.0,61,Pass,Successful,116,NEC Nijmegen,130917.0,Eli Dasa,40.7,30.4,53.6,16.0,,,,,"[{'type': {'displayName': 'Angle', 'value': 213}, 'value': '5.66'}, {'type': {'displayName': 'PassEndY', 'value': 141}, 'value': '16.0'}, {'type': {'displayName': 'Length', 'value': 212}, 'value': '16.7'}, {'type': {'displayName': 'Zone', 'value': 56}, 'value': 'Right'}, {'type': {'displayName': 'PassEndX', 'value': 140}, 'value': '53.6'}]",True,,,,,
1903815,SecondHalf,56,36.0,61,Pass,Successful,116,NEC Nijmegen,515755.0,Sami Ouaissa,51.6,16.7,37.8,22.9,,,,,"[{'type': {'displayName': 'Length', 'value': 212}, 'value': '15.1'}, {'type': {'displayName': 'PassEndY', 'value': 141}, 'value': '22.9'}, {'type': {'displayName': 'Zone', 'value': 56}, 'value': 'Back'}, {'type': {'displayName': 'Angle', 'value': 213}, 'value': '2.86'}, {'type': {'displayName': 'PassEndX', 'value': 140}, 'value': '37.8'}]",True,,,,,
1903815,SecondHalf,56,39.0,61,Pass,Successful,116,NEC Nijmegen,130917.0,Eli Dasa,38.0,29.9,16.5,48.8,,,,,"[{'type': {'displayName': 'Zone', 'value': 56}, 'value': 'Back'}, {'type': {'displayName': 'Length', 'value': 212}, 'value': '26.0'}, {'type': {'displayName': 'PassEndX', 'value': 140}, 'value': '16.5'}, {'type': {'displayName': 'PassEndY', 'value': 141}, 'value': '48.8'}, {'type': {'displayName': 'Angle', 'value': 213}, 'value': '2.62'}]",True,,,,,
1903815,SecondHalf,56,44.0,61,Pass,Unsuccessful,116,NEC Nijmegen,448283.0,Gonzalo Crettaz,16.8,49.0,61.1,88.1,,,,,"[{'type': {'displayName': 'Zone', 'value': 56}, 'value': 'Left'}, {'type': {'displayName': 'Length', 'value': 212}, 'value': '53.6'}, {'type': {'displayName': 'Angle', 'value': 213}, 'value': '0.52'}, {'type': {'displayName': 'Chipped', 'value': 155}}, {'type': {'displayName': 'Longball', 'value': 1}}, {'type': {'displayName': 'PassEndY', 'value': 141}, 'value': '88.1'}, {'type': {'displayName': 'PassEndX', 'value': 140}, 'value': '61.1'}]",True,,,,,
1903815,SecondHalf,56,47.0,61,Pass,Successful,256,Feyenoord,297527.0,Bart Nieuwkoop,41.4,10.4,55.6,8.5,,,,,"[{'type': {'displayName': 'Angle', 'value': 213}, 'value': '6.20'}, {'type': {'displayName': 'Length', 'value': 212}, 'value': '15.0'}, {'type': {'displayName': 'Zone', 'value': 56}, 'value': 'Right'}, {'type': {'displayName': 'PassEndX', 'value': 140}, 'value': '55.6'}, {'type': {'displayName': 'PassEndY', 'value': 141}, 'value': '8.5'}, {'type': {'displayName': 'HeadPass', 'value': 3}}]",True,,,,,
1903815,SecondHalf,56,49.0,61,BallRecovery,Successful,256,Feyenoord,515829.0,Anis Hadj Moussa,55.0,8.0,,,,,,,[],False,,,,,
1903815,SecondHalf,56,52.0,61,TakeOn,Unsuccessful,256,Feyenoord,515829.0,Anis Hadj Moussa,47.8,6.2,,,,,,,"[{'type': {'displayName': 'Zone', 'value': 56}, 'value': 'Back'}, {'type': {'displayName': 'Offensive', 'value': 286}}, {'type': {'displayName': 'OppositeRelatedEvent', 'value': 233}, 'value': '490'}]",True,,,,,
1903815,SecondHalf,56,52.0,61,Tackle,Unsuccessful,116,NEC Nijmegen,400320.0,Ahmetcan Kaplan,52.2,93.8,,,,,,,"[{'type': {'displayName': 'Zone', 'value': 56}, 'value': 'Left'}, {'type': {'displayName': 'OppositeRelatedEvent', 'value': 233}, 'value': '529'}, {'type': {'displayName': 'Defensive', 'value': 285}}, {'type': {'displayName': 'StandingSave', 'value': 178}}]",True,,,,,
1903815,SecondHalf,56,53.0,61,BallTouch,Successful,256,Feyenoord,515829.0,Anis Hadj Moussa,47.5,2.9,,,,,,,"[{'type': {'displayName': 'Zone', 'value': 56}, 'value': 'Back'}]",True,,,,,
1903815,SecondHalf,57,8.0,62,Pass,Successful,116,NEC Nijmegen,400320.0,Ahmetcan Kaplan,55.1,100.0,49.8,95.9,,,,,"[{'type': {'displayName': 'Length', 'value': 212}, 'value': '6.9'}, {'type': {'displayName': 'Angle', 'value': 213}, 'value': '3.78'}, {'type': {'displayName': 'Zone', 'value': 56}, 'value': 'Back'}, {'type': {'displayName': 'PassEndX', 'value': 140}, 'value': '49.8'}, {'type': {'displayName': 'PassEndY', 'value': 141}, 'value': '95.9'}, {'type': {'displayName': 'ThrowIn', 'value': 107}}]",True,,,,,
1903815,SecondHalf,57,11.0,62,Pass,Successful,116,NEC Nijmegen,497708.0,Kodai Sano,41.5,92.1,36.8,83.5,,,,,"[{'type': {'displayName': 'Zone', 'value': 56}, 'value': 'Back'}, {'type': {'displayName': 'PassEndY', 'value': 141}, 'value': '83.5'}, {'type': {'displayName': 'Length', 'value': 212}, 'value': '7.7'}, {'type': {'displayName': 'PassEndX', 'value': 140}, 'value': '36.8'}, {'type': {'displayName': 'Angle', 'value': 213}, 'value': '4.01'}]",True,,,,,
1903815,SecondHalf,57,13.0,62,Pass,Successful,116,NEC Nijmegen,321959.0,Philippe Sandler,36.4,82.9,43.6,84.8,,,,,"[{'type': {'displayName': 'PassEndY', 'value': 141}, 'value': '84.8'}, {'type': {'displayName': 'Zone', 'value': 56}, 'value': 'Back'}, {'type': {'displayName': 'PassEndX', 'value': 140}, 'value': '43.6'}, {'type': {'displayName': 'Length', 'value': 212}, 'value': '7.7'}, {'type': {'displayName': 'Angle', 'value': 213}, 'value': '0.17'}]",True,,,,,
1903815,SecondHalf,57,13.0,62,Pass,Successful,116,NEC Nijmegen,401739.0,Darko Nejasmic,43.8,84.7,38.8,94.6,,,,,"[{'type': {'displayName': 'PassEndX', 'value': 140}, 'value': '38.8'}, {'type': {'displayName': 'LayOff', 'value': 156}}, {'type': {'displayName': 'Zone', 'value': 56}, 'value': 'Back'}, {'type': {'displayName': 'Length', 'value': 212}, 'value': '8.5'}, {'type': {'displayName': 'PassEndY', 'value': 141}, 'value': '94.6'}, {'type': {'displayName': 'Angle', 'value': 213}, 'value': '2.23'}]",True,,,,,
1903815,SecondHalf,57,16.0,62,Pass,Successful,116,NEC Nijmegen,497708.0,Kodai Sano,37.6,94.1,30.9,88.8,,,,,"[{'type': {'displayName': 'Zone', 'value': 56}, 'value': 'Back'}, {'type': {'displayName': 'PassEndX', 'value': 140}, 'value': '30.9'}, {'type': {'displayName': 'Length', 'value': 212}, 'value': '7.9'}, {'type': {'displayName': 'Angle', 'value': 213}, 'value': '3.62'}, {'type': {'displayName': 'PassEndY', 'value': 141}, 'value': '88.8'}]",True,,,,,
1903815,SecondHalf,57,20.0,62,Pass,Successful,116,NEC Nijmegen,321959.0,Philippe Sandler,32.3,89.9,31.5,95.6,,,,,"[{'type': {'displayName': 'PassEndX', 'value': 140}, 'value': '31.5'}, {'type': {'displayName': 'Zone', 'value': 56}, 'value': 'Back'}, {'type': {'displayName': 'Angle', 'value': 213}, 'value': '1.78'}, {'type': {'displayName': 'PassEndY', 'value': 141}, 'value': '95.6'}, {'type': {'displayName': 'Length', 'value': 212}, 'value': '4.0'}]",True,,,,,
1903815,SecondHalf,57,21.0,62,TakeOn,Unsuccessful,116,NEC Nijmegen,497708.0,Kodai Sano,30.4,96.2,,,,,,,"[{'type': {'displayName': 'Zone', 'value': 56}, 'value': 'Back'}, {'type': {'displayName': 'Defensive', 'value': 285}}, {'type': {'displayName': 'OppositeRelatedEvent', 'value': 233}, 'value': '532'}]",True,,,,,
1903815,SecondHalf,57,21.0,62,Tackle,Successful,256,Feyenoord,377288.0,Ayase Ueda,69.6,3.8,,,,,,,"[{'type': {'displayName': 'OppositeRelatedEvent', 'value': 233}, 'value': '498'}, {'type': {'displayName': 'Zone', 'value': 56}, 'value': 'Right'}, {'type': {'displayName': 'Offensive', 'value': 286}}, {'type': {'displayName': 'StandingSave', 'value': 178}}]",True,,,,,
1903815,SecondHalf,57,23.0,62,BallRecovery,Successful,256,Feyenoord,515829.0,Anis Hadj Moussa,70.5,10.6,,,,,,,[],False,,,,,
1903815,SecondHalf,57,25.0,62,Pass,Unsuccessful,256,Feyenoord,515829.0,Anis Hadj Moussa,74.3,17.3,79.7,24.2,,,,,"[{'type': {'displayName': 'PassEndY', 'value': 141}, 'value': '24.2'}, {'type': {'displayName': 'PassEndX', 'value': 140}, 'value': '79.7'}, {'type': {'displayName': 'Zone', 'value': 56}, 'value': 'Center'}, {'type': {'displayName': 'Angle', 'value': 213}, 'value': '0.69'}, {'type': {'displayName': 'Length', 'value': 212}, 'value': '7.4'}]",True,,,,,
1903815,SecondHalf,57,27.0,62,BallTouch,Successful,116,NEC Nijmegen,401739.0,Darko Nejasmic,19.2,68.8,,,,,,,"[{'type': {'displayName': 'Zone', 'value': 56}, 'value': 'Back'}]",True,,,,,
1903815,SecondHalf,57,30.0,62,BallRecovery,Successful,116,NEC Nijmegen,497708.0,Kodai Sano,8.8,72.1,,,,,,,[],False,,,,,
1903815,SecondHalf,57,31.0,62,Pass,Successful,116,NEC Nijmegen,497708.0,Kodai Sano,8.7,72.5,44.4,92.8,,,,,"[{'type': {'displayName': 'PassEndX', 'value': 140}, 'value': '44.4'}, {'type': {'displayName': 'Angle', 'value': 213}, 'value': '0.35'}, {'type': {'displayName': 'Longball', 'value': 1}}, {'type': {'displayName': 'Length', 'value': 212}, 'value': '39.9'}, {'type': {'displayName': 'PassEndY', 'value': 141}, 'value': '92.8'}, {'type': {'displayName': 'Zone', 'value': 56}, 'value': 'Back'}]",True,,,,,
1903815,SecondHalf,57,32.0,62,BallTouch,Unsuccessful,116,NEC Nijmegen,43004.0,Bryan Linssen,43.8,92.8,,,,,,,"[{'type': {'displayName': 'Zone', 'value': 56}, 'value': 'Back'}]",True,,,,,
1903815,SecondHalf,57,33.0,62,ShieldBallOpp,Successful,256,Feyenoord,326642.0,Anel Ahmedhodzic,57.7,4.5,,,,,,,"[{'type': {'displayName': 'Zone', 'value': 56}, 'value': 'Right'}]",False,,,,,
1903815,SecondHalf,58,5.0,63,SubstitutionOff,Successful,116,NEC Nijmegen,487049.0,Koki Ogawa,0.0,0.0,,,,,,,"[{'type': {'displayName': 'JerseyNumber', 'value': 59}, 'value': '18'}, {'type': {'displayName': 'PlayerPosition', 'value': 44}, 'value': 'Forward'}, {'type': {'displayName': 'RelatedEventId', 'value': 55}, 'value': '507'}]",False,,,,507.0,422806.0
1903815,SecondHalf,58,5.0,63,SubstitutionOn,Successful,116,NEC Nijmegen,422806.0,Dirk Proper,0.0,0.0,,,,,,,"[{'type': {'displayName': 'RelatedEventId', 'value': 55}, 'value': '506'}, {'type': {'displayName': 'JerseyNumber', 'value': 59}, 'value': '71'}, {'type': {'displayName': 'PlayerPosition', 'value': 44}, 'value': 'Midfielder'}, {'type': {'displayName': 'FormationSlot', 'value': 145}, 'value': '9'}]",False,,,,506.0,487049.0
1903815,SecondHalf,58,6.0,63,SubstitutionOff,Successful,116,NEC Nijmegen,37502.0,Tjaronn Chery,0.0,0.0,,,,,,,"[{'type': {'displayName': 'PlayerPosition', 'value': 44}, 'value': 'Midfielder'}, {'type': {'displayName': 'JerseyNumber', 'value': 59}, 'value': '10'}, {'type': {'displayName': 'RelatedEventId', 'value': 55}, 'value': '505'}]",False,,,,505.0,469366.0
1903815,SecondHalf,58,6.0,63,SubstitutionOn,Successful,116,NEC Nijmegen,469366.0,Noé Lebreton,0.0,0.0,,,,,,,"[{'type': {'displayName': 'JerseyNumber', 'value': 59}, 'value': '20'}, {'type': {'displayName': 'FormationSlot', 'value': 145}, 'value': '10'}, {'type': {'displayName': 'RelatedEventId', 'value': 55}, 'value': '504'}, {'type': {'displayName': 'PlayerPosition', 'value': 44}, 'value': 'Midfielder'}]",False,,,,504.0,37502.0
1903815,SecondHalf,58,25.0,63,Pass,Unsuccessful,256,Feyenoord,297527.0,Bart Nieuwkoop,66.0,0.0,68.3,9.8,,,,,"[{'type': {'displayName': 'PassEndX', 'value': 140}, 'value': '68.3'}, {'type': {'displayName': 'Length', 'value': 212}, 'value': '7.6'}, {'type': {'displayName': 'ThrowIn', 'value': 107}}, {'type': {'displayName': 'Zone', 'value': 56}, 'value': 'Right'}, {'type': {'displayName': 'PassEndY', 'value': 141}, 'value': '9.8'}, {'type': {'displayName': 'Angle', 'value': 213}, 'value': '1.25'}]",True,,,,,
1903815,SecondHalf,58,25.0,63,Interception,Successful,116,NEC Nijmegen,469366.0,Noé Lebreton,31.7,90.2,,,,,,,"[{'type': {'displayName': 'Zone', 'value': 56}, 'value': 'Back'}]",True,,,,,
1903815,SecondHalf,58,27.0,63,Pass,Unsuccessful,256,Feyenoord,377288.0,Ayase Ueda,72.4,11.9,72.8,16.0,,,,,"[{'type': {'displayName': 'Offensive', 'value': 286}}, {'type': {'displayName': 'Angle', 'value': 213}, 'value': '1.42'}, {'type': {'displayName': 'Length', 'value': 212}, 'value': '2.8'}, {'type': {'displayName': 'PassEndY', 'value': 141}, 'value': '16.0'}, {'type': {'displayName': 'PassEndX', 'value': 140}, 'value': '72.8'}, {'type': {'displayName': 'OppositeRelatedEvent', 'value': 233}, 'value': '624'}, {'type': {'displayName': 'Zone', 'value': 56}, 'value': 'Right'}]",True,,,,,
1903815,SecondHalf,58,27.0,63,BlockedPass,Successful,116,NEC Nijmegen,321959.0,Philippe Sandler,27.2,84.0,,,,,,,"[{'type': {'displayName': 'Zone', 'value': 56}, 'value': 'Back'}, {'type': {'displayName': 'OppositeRelatedEvent', 'value': 233}, 'value': '539'}, {'type': {'displayName': 'Defensive', 'value': 285}}]",True,,,,,
1903815,SecondHalf,58,29.0,63,BallTouch,Unsuccessful,256,Feyenoord,361794.0,Sem Steijn,72.0,28.2,,,,,,,"[{'type': {'displayName': 'Zone', 'value': 56}, 'value': 'Center'}]",True,,,,,
1903815,SecondHalf,58,29.0,63,BallRecovery,Successful,116,NEC Nijmegen,401739.0,Darko Nejasmic,23.1,64.0,,,,,,,[],False,,,,,
1903815,SecondHalf,58,30.0,63,Pass,Successful,116,NEC Nijmegen,401739.0,Darko Nejasmic,23.3,63.4,55.7,13.2,,,,,"[{'type': {'displayName': 'Zone', 'value': 56}, 'value': 'Right'}, {'type': {'displayName': 'Length', 'value': 212}, 'value': '48.2'}, {'type': {'displayName': 'PassEndY', 'value': 141}, 'value': '13.2'}, {'type': {'displayName': 'PassEndX', 'value': 140}, 'value': '55.7'}, {'type': {'displayName': 'Angle', 'value': 213}, 'value': '5.50'}, {'type': {'displayName': 'Longball', 'value': 1}}]",True,,,,,
1903815,SecondHalf,58,36.0,63,TakeOn,Unsuccessful,116,NEC Nijmegen,515755.0,Sami Ouaissa,60.0,3.9,,,,,,,"[{'type': {'displayName': 'OppositeRelatedEvent', 'value': 233}, 'value': '541'}, {'type': {'displayName': 'Zone', 'value': 56}, 'value': 'Right'}, {'type': {'displayName': 'Offensive', 'value': 286}}]",True,,,,,
1903815,SecondHalf,58,36.0,63,Tackle,Successful,256,Feyenoord,400059.0,Gijs Smal,40.0,96.1,,,,,,,"[{'type': {'displayName': 'OppositeRelatedEvent', 'value': 233}, 'value': '510'}, {'type': {'displayName': 'Defensive', 'value': 285}}, {'type': {'displayName': 'Zone', 'value': 56}, 'value': 'Back'}, {'type': {'displayName': 'StandingSave', 'value': 178}}]",True,,,,,
1903815,SecondHalf,58,45.0,63,Pass,Successful,116,NEC Nijmegen,130917.0,Eli Dasa,55.1,0.0,45.0,15.0,,,,,"[{'type': {'displayName': 'ThrowIn', 'value': 107}}, {'type': {'displayName': 'PassEndX', 'value': 140}, 'value': '45.0'}, {'type': {'displayName': 'PassEndY', 'value': 141}, 'value': '15.0'}, {'type': {'displayName': 'Length', 'value': 212}, 'value': '15.7'}, {'type': {'displayName': 'Zone', 'value': 56}, 'value': 'Back'}, {'type': {'displayName': 'Angle', 'value': 213}, 'value': '2.31'}]",True,,,,,
1903815,SecondHalf,58,49.0,63,Pass,Successful,116,NEC Nijmegen,401739.0,Darko Nejasmic,54.7,25.6,71.7,86.8,,,,,"[{'type': {'displayName': 'Longball', 'value': 1}}, {'type': {'displayName': 'Length', 'value': 212}, 'value': '45.3'}, {'type': {'displayName': 'Chipped', 'value': 155}}, {'type': {'displayName': 'PassEndY', 'value': 141}, 'value': '86.8'}, {'type': {'displayName': 'Zone', 'value': 56}, 'value': 'Left'}, {'type': {'displayName': 'Angle', 'value': 213}, 'value': '1.17'}, {'type': {'displayName': 'PassEndX', 'value': 140}, 'value': '71.7'}]",True,,,,,
1903815,SecondHalf,58,55.0,63,Pass,Unsuccessful,116,NEC Nijmegen,532237.0,Basar Önal,66.6,84.8,65.7,71.3,,,,,"[{'type': {'displayName': 'Zone', 'value': 56}, 'value': 'Center'}, {'type': {'displayName': 'Length', 'value': 212}, 'value': '9.2'}, {'type': {'displayName': 'Angle', 'value': 213}, 'value': '4.61'}, {'type': {'displayName': 'PassEndX', 'value': 140}, 'value': '65.7'}, {'type': {'displayName': 'PassEndY', 'value': 141}, 'value': '71.3'}]",True,,,,,
1903815,SecondHalf,58,56.0,63,BallRecovery,Successful,256,Feyenoord,361794.0,Sem Steijn,28.5,23.9,,,,,,,[],False,,,,,
1903815,SecondHalf,58,57.0,63,Pass,Successful,256,Feyenoord,361794.0,Sem Steijn,28.7,24.1,39.9,9.2,,,,,"[{'type': {'displayName': 'Zone', 'value': 56}, 'value': 'Back'}, {'type': {'displayName': 'PassEndX', 'value': 140}, 'value': '39.9'}, {'type': {'displayName': 'Length', 'value': 212}, 'value': '15.5'}, {'type': {'displayName': 'PassEndY', 'value': 141}, 'value': '9.2'}, {'type': {'displayName': 'Angle', 'value': 213}, 'value': '5.57'}]",True,,,,,
1903815,SecondHalf,59,,64,OffsideGiven,Unsuccessful,116,NEC Nijmegen,43004.0,Bryan Linssen,93.8,50.3,,,,,,,[],False,,,,,
1903815,SecondHalf,59,3.0,64,Pass,Unsuccessful,256,Feyenoord,515829.0,Anis Hadj Moussa,68.1,30.0,75.6,30.7,,,,,"[{'type': {'displayName': 'Zone', 'value': 56}, 'value': 'Center'}, {'type': {'displayName': 'PassEndX', 'value': 140}, 'value': '75.6'}, {'type': {'displayName': 'Length', 'value': 212}, 'value': '7.9'}, {'type': {'displayName': 'PassEndY', 'value': 141}, 'value': '30.7'}, {'type': {'displayName': 'Angle', 'value': 213}, 'value': '0.06'}]",True,,,,,
1903815,SecondHalf,59,5.0,64,Interception,Successful,116,NEC Nijmegen,497708.0,Kodai Sano,24.4,69.3,,,,,,,"[{'type': {'displayName': 'Zone', 'value': 56}, 'value': 'Back'}]",True,,,,,
1903815,SecondHalf,59,6.0,64,BallRecovery,Successful,116,NEC Nijmegen,497708.0,Kodai Sano,22.2,67.7,,,,,,,[],False,,,,,
1903815,SecondHalf,59,8.0,64,TakeOn,Successful,116,NEC Nijmegen,497708.0,Kodai Sano,26.3,60.0,,,,,,,"[{'type': {'displayName': 'Defensive', 'value': 285}}, {'type': {'displayName': 'OppositeRelatedEvent', 'value': 233}, 'value': '547'}, {'type': {'displayName': 'Zone', 'value': 56}, 'value': 'Back'}]",True,,,,,
1903815,SecondHalf,59,8.0,64,Challenge,Unsuccessful,256,Feyenoord,361794.0,Sem Steijn,73.7,40.0,,,,,,,"[{'type': {'displayName': 'Zone', 'value': 56}, 'value': 'Center'}, {'type': {'displayName': 'OppositeRelatedEvent', 'value': 233}, 'value': '517'}, {'type': {'displayName': 'Offensive', 'value': 286}}]",False,,,,,
1903815,SecondHalf,59,9.0,64,Pass,Successful,116,NEC Nijmegen,497708.0,Kodai Sano,25.3,53.5,20.5,40.4,,,,,"[{'type': {'displayName': 'Angle', 'value': 213}, 'value': '4.20'}, {'type': {'displayName': 'PassEndX', 'value': 140}, 'value': '20.5'}, {'type': {'displayName': 'Length', 'value': 212}, 'value': '10.2'}, {'type': {'displayName': 'PassEndY', 'value': 141}, 'value': '40.4'}, {'type': {'displayName': 'Zone', 'value': 56}, 'value': 'Back'}]",True,,,,,
1903815,SecondHalf,59,15.0,64,Pass,Successful,116,NEC Nijmegen,130917.0,Eli Dasa,41.0,31.8,52.6,54.0,,,,,"[{'type': {'displayName': 'Zone', 'value': 56}, 'value': 'Center'}, {'type': {'displayName': 'PassEndY', 'value': 141}, 'value': '54.0'}, {'type': {'displayName': 'PassEndX', 'value': 140}, 'value': '52.6'}, {'type': {'displayName': 'Angle', 'value': 213}, 'value': '0.89'}, {'type': {'displayName': 'Length', 'value': 212}, 'value': '19.4'}]",True,,,,,
1903815,SecondHalf,59,20.0,64,Pass,Unsuccessful,116,NEC Nijmegen,469366.0,Noé Lebreton,74.2,53.0,84.8,56.9,,,,,"[{'type': {'displayName': 'PassEndY', 'value': 141}, 'value': '56.9'}, {'type': {'displayName': 'Zone', 'value': 56}, 'value': 'Center'}, {'type': {'displayName': 'PassEndX', 'value': 140}, 'value': '84.8'}, {'type': {'displayName': 'Angle', 'value': 213}, 'value': '0.23'}, {'type': {'displayName': 'Length', 'value': 212}, 'value': '11.4'}]",True,,,,,
1903815,SecondHalf,59,23.0,64,Interception,Successful,256,Feyenoord,297527.0,Bart Nieuwkoop,15.2,43.1,,,,,,,"[{'type': {'displayName': 'Zone', 'value': 56}, 'value': 'Back'}]",True,,,,,
1903815,SecondHalf,59,23.0,64,SavedShot,Successful,116,NEC Nijmegen,422806.0,Dirk Proper,89.8,45.0,,,50.6,11.4,94.6,47.3,"[{'type': {'displayName': 'GoalMouthZ', 'value': 103}, 'value': '11.4'}, {'type': {'displayName': 'RegularPlay', 'value': 22}}, {'type': {'displayName': 'GoalMouthY', 'value': 102}, 'value': '50.6'}, {'type': {'displayName': 'BlockedX', 'value': 146}, 'value': '94.6'}, {'type': {'displayName': 'LowCentre', 'value': 78}}, {'type': {'displayName': 'BlockedY', 'value': 147}, 'value': '47.3'}, {'type': {'displayName': 'BoxCentre', 'value': 17}}, {'type': {'displayName': 'Zone', 'value': 56}, 'value': 'Center'}, {'type': {'displayName': 'BigChance', 'value': 214}}, {'type': {'displayName': 'RightFoot', 'value': 20}}, {'type': {'displayName': 'FirstTouch', 'value': 328}}, {'type': {'displayName': 'OppositeRelatedEvent', 'value': 233}, 'value': '549'}]",True,True,,,,
1903815,SecondHalf,59,23.0,64,Save,Successful,256,Feyenoord,121821.0,Timon Wellenreuther,6.6,54.6,,,,,,,"[{'type': {'displayName': 'OppositeRelatedEvent', 'value': 233}, 'value': '521'}, {'type': {'displayName': 'ParriedDanger', 'value': 174}}, {'type': {'displayName': 'Feet', 'value': 183}}, {'type': {'displayName': 'Zone', 'value': 56}, 'value': 'Back'}, {'type': {'displayName': 'KeeperSaveInTheBox', 'value': 11115}}]",True,,,,,
1903815,SecondHalf,59,24.0,64,OffsidePass,Successful,116,NEC Nijmegen,422806.0,Dirk Proper,89.7,44.1,93.8,50.3,,,,,"[{'type': {'displayName': 'PlayerCaughtOffside', 'value': 7}, 'value': '43004'}, {'type': {'displayName': 'Zone', 'value': 56}, 'value': 'Center'}, {'type': {'displayName': 'PassEndY', 'value': 141}, 'value': '50.3'}, {'type': {'displayName': 'PassEndX', 'value': 140}, 'value': '93.8'}]",True,,,,,
1903815,SecondHalf,59,24.0,64,OffsideProvoked,Successful,256,Feyenoord,431258.0,Tsuyoshi Watanabe,11.5,51.5,,,,,,,[],False,,,,,
1903815,SecondHalf,61,2.0,66,Pass,Successful,256,Feyenoord,121821.0,Timon Wellenreuther,15.0,46.7,28.9,24.4,,,,,"[{'type': {'displayName': 'Angle', 'value': 213}, 'value': '5.48'}, {'type': {'displayName': 'Zone', 'value': 56}, 'value': 'Back'}, {'type': {'displayName': 'Length', 'value': 212}, 'value': '21.0'}, {'type': {'displayName': 'IndirectFreekickTaken', 'value': 241}}, {'type': {'displayName': 'PassEndY', 'value': 141}, 'value': '24.4'}, {'type': {'displayName': 'PassEndX', 'value': 140}, 'value': '28.9'}, {'type': {'displayName': 'FreekickTaken', 'value': 5}}]",True,,,,,
1903815,SecondHalf,61,7.0,66,Pass,Successful,256,Feyenoord,326642.0,Anel Ahmedhodzic,40.5,23.5,37.7,59.9,,,,,"[{'type': {'displayName': 'Angle', 'value': 213}, 'value': '1.69'}, {'type': {'displayName': 'Zone', 'value': 56}, 'value': 'Back'}, {'type': {'displayName': 'Length', 'value': 212}, 'value': '24.9'}, {'type': {'displayName': 'PassEndY', 'value': 141}, 'value': '59.9'}, {'type': {'displayName': 'PassEndX', 'value': 140}, 'value': '37.7'}]",True,,,,,
1903815,SecondHalf,61,9.0,66,Pass,Successful,256,Feyenoord,431258.0,Tsuyoshi Watanabe,41.8,62.6,47.9,85.9,,,,,"[{'type': {'displayName': 'PassEndX', 'value': 140}, 'value': '47.9'}, {'type': {'displayName': 'Angle', 'value': 213}, 'value': '1.19'}, {'type': {'displayName': 'Zone', 'value': 56}, 'value': 'Back'}, {'type': {'displayName': 'Length', 'value': 212}, 'value': '17.1'}, {'type': {'displayName': 'PassEndY', 'value': 141}, 'value': '85.9'}]",True,,,,,
1903815,SecondHalf,61,11.0,66,Pass,Successful,256,Feyenoord,400059.0,Gijs Smal,52.8,86.5,35.2,68.6,,,,,"[{'type': {'displayName': 'Zone', 'value': 56}, 'value': 'Back'}, {'type': {'displayName': 'Angle', 'value': 213}, 'value': '3.72'}, {'type': {'displayName': 'PassEndY', 'value': 141}, 'value': '68.6'}, {'type': {'displayName': 'Length', 'value': 212}, 'value': '22.1'}, {'type': {'displayName': 'PassEndX', 'value': 140}, 'value': '35.2'}]",True,,,,,
1903815,SecondHalf,61,15.0,66,Pass,Successful,256,Feyenoord,431258.0,Tsuyoshi Watanabe,38.6,68.0,47.3,88.5,,,,,"[{'type': {'displayName': 'PassEndY', 'value': 141}, 'value': '88.5'}, {'type': {'displayName': 'Length', 'value': 212}, 'value': '16.7'}, {'type': {'displayName': 'Angle', 'value': 213}, 'value': '0.99'}, {'type': {'displayName': 'Zone', 'value': 56}, 'value': 'Back'}, {'type': {'displayName': 'PassEndX', 'value': 140}, 'value': '47.3'}]",True,,,,,
1903815,SecondHalf,61,18.0,66,Pass,Successful,256,Feyenoord,400059.0,Gijs Smal,46.2,88.2,48.3,72.6,,,,,"[{'type': {'displayName': 'PassEndY', 'value': 141}, 'value': '72.6'}, {'type': {'displayName': 'PassEndX', 'value': 140}, 'value': '48.3'}, {'type': {'displayName': 'Angle', 'value': 213}, 'value': '4.92'}, {'type': {'displayName': 'Zone', 'value': 56}, 'value': 'Back'}, {'type': {'displayName': 'Length', 'value': 212}, 'value': '10.8'}]",True,,,,,
1903815,SecondHalf,61,24.0,66,Challenge,Unsuccessful,116,NEC Nijmegen,422806.0,Dirk Proper,33.2,18.9,,,,,,,"[{'type': {'displayName': 'OppositeRelatedEvent', 'value': 233}, 'value': '559'}, {'type': {'displayName': 'Defensive', 'value': 285}}, {'type': {'displayName': 'Zone', 'value': 56}, 'value': 'Back'}]",False,,,,,
1903815,SecondHalf,61,24.0,66,TakeOn,Successful,256,Feyenoord,415927.0,Luciano Valente,66.8,81.1,,,,,,,"[{'type': {'displayName': 'Offensive', 'value': 286}}, {'type': {'displayName': 'OppositeRelatedEvent', 'value': 233}, 'value': '525'}, {'type': {'displayName': 'Zone', 'value': 56}, 'value': 'Left'}]",True,,,,,
1903815,SecondHalf,61,25.0,66,Challenge,Unsuccessful,116,NEC Nijmegen,515755.0,Sami Ouaissa,33.2,14.4,,,,,,,"[{'type': {'displayName': 'OppositeRelatedEvent', 'value': 233}, 'value': '560'}, {'type': {'displayName': 'Defensive', 'value': 285}}, {'type': {'displayName': 'Zone', 'value': 56}, 'value': 'Back'}]",False,,,,,
1903815,SecondHalf,61,25.0,66,TakeOn,Successful,256,Feyenoord,415927.0,Luciano Valente,66.8,85.6,,,,,,,"[{'type': {'displayName': 'Offensive', 'value': 286}}, {'type': {'displayName': 'Zone', 'value': 56}, 'value': 'Left'}, {'type': {'displayName': 'OppositeRelatedEvent', 'value': 233}, 'value': '526'}]",True,,,,,
1903815,SecondHalf,61,30.0,66,Pass,Successful,256,Feyenoord,415927.0,Luciano Valente,85.4,36.7,89.0,26.8,,,,,"[{'type': {'displayName': 'PassEndX', 'value': 140}, 'value': '89.0'}, {'type': {'displayName': 'Angle', 'value': 213}, 'value': '5.22'}, {'type': {'displayName': 'Zone', 'value': 56}, 'value': 'Center'}, {'type': {'displayName': 'PassEndY', 'value': 141}, 'value': '26.8'}, {'type': {'displayName': 'Length', 'value': 212}, 'value': '7.7'}]",True,,,,,
1903815,SecondHalf,61,32.0,66,Pass,Unsuccessful,256,Feyenoord,515829.0,Anis Hadj Moussa,92.3,28.8,91.5,43.3,,,,,"[{'type': {'displayName': 'Zone', 'value': 56}, 'value': 'Center'}, {'type': {'displayName': 'PassEndY', 'value': 141}, 'value': '43.3'}, {'type': {'displayName': 'Length', 'value': 212}, 'value': '9.9'}, {'type': {'displayName': 'PassEndX', 'value': 140}, 'value': '91.5'}, {'type': {'displayName': 'Angle', 'value': 213}, 'value': '1.66'}]",True,,,,,
1903815,SecondHalf,61,32.0,66,BallRecovery,Successful,116,NEC Nijmegen,401739.0,Darko Nejasmic,9.9,59.4,,,,,,,[],False,,,,,
1903815,SecondHalf,61,33.0,66,Pass,Successful,116,NEC Nijmegen,401739.0,Darko Nejasmic,10.9,61.2,25.5,62.7,,,,,"[{'type': {'displayName': 'PassEndY', 'value': 141}, 'value': '62.7'}, {'type': {'displayName': 'PassEndX', 'value': 140}, 'value': '25.5'}, {'type': {'displayName': 'Zone', 'value': 56}, 'value': 'Back'}, {'type': {'displayName': 'Length', 'value': 212}, 'value': '15.4'}, {'type': {'displayName': 'Angle', 'value': 213}, 'value': '0.07'}]",True,,,,,
1903815,SecondHalf,61,39.0,66,Foul,Successful,116,NEC Nijmegen,469366.0,Noé Lebreton,31.9,67.4,,,,,,,"[{'type': {'displayName': 'Defensive', 'value': 285}}, {'type': {'displayName': 'Foul', 'value': 13}}, {'type': {'displayName': 'OppositeRelatedEvent', 'value': 233}, 'value': '563'}, {'type': {'displayName': 'Zone', 'value': 56}, 'value': 'Back'}]",True,,,,,
1903815,SecondHalf,61,39.0,66,Foul,Unsuccessful,256,Feyenoord,297527.0,Bart Nieuwkoop,68.1,32.6,,,,,,,"[{'type': {'displayName': 'Foul', 'value': 13}}, {'type': {'displayName': 'Zone', 'value': 56}, 'value': 'Center'}, {'type': {'displayName': 'OppositeRelatedEvent', 'value': 233}, 'value': '529'}, {'type': {'displayName': 'Offensive', 'value': 286}}]",False,,,,,
1903815,SecondHalf,61,40.0,66,Pass,Successful,116,NEC Nijmegen,469366.0,Noé Lebreton,32.6,67.0,54.9,77.2,,,,,"[{'type': {'displayName': 'Length', 'value': 212}, 'value': '24.4'}, {'type': {'displayName': 'Zone', 'value': 56}, 'value': 'Center'}, {'type': {'displayName': 'Angle', 'value': 213}, 'value': '0.29'}, {'type': {'displayName': 'PassEndY', 'value': 141}, 'value': '77.2'}, {'type': {'displayName': 'PassEndX', 'value': 140}, 'value': '54.9'}, {'type': {'displayName': 'FreekickTaken', 'value': 5}}]",True,,,,,
1903815,SecondHalf,61,43.0,66,TakeOn,Unsuccessful,116,NEC Nijmegen,532237.0,Basar Önal,60.8,68.8,,,,,,,"[{'type': {'displayName': 'OppositeRelatedEvent', 'value': 233}, 'value': '564'}, {'type': {'displayName': 'Zone', 'value': 56}, 'value': 'Center'}, {'type': {'displayName': 'Offensive', 'value': 286}}]",True,,,,,
1903815,SecondHalf,61,43.0,66,Tackle,Unsuccessful,256,Feyenoord,297527.0,Bart Nieuwkoop,39.2,31.2,,,,,,,"[{'type': {'displayName': 'Defensive', 'value': 285}}, {'type': {'displayName': 'StandingSave', 'value': 178}}, {'type': {'displayName': 'Zone', 'value': 56}, 'value': 'Back'}, {'type': {'displayName': 'OppositeRelatedEvent', 'value': 233}, 'value': '531'}]",True,,,,,
1903815,SecondHalf,61,47.0,66,Foul,Successful,116,NEC Nijmegen,532237.0,Basar Önal,61.8,69.6,,,,,,,"[{'type': {'displayName': 'Offensive', 'value': 286}}, {'type': {'displayName': 'Zone', 'value': 56}, 'value': 'Center'}, {'type': {'displayName': 'Foul', 'value': 13}}, {'type': {'displayName': 'OppositeRelatedEvent', 'value': 233}, 'value': '566'}]",True,,,,,
1903815,SecondHalf,61,47.0,66,Foul,Unsuccessful,256,Feyenoord,326642.0,Anel Ahmedhodzic,38.2,30.4,,,,,,,"[{'type': {'displayName': 'RelatedEventId', 'value': 55}, 'value': '568'}, {'type': {'displayName': 'OppositeRelatedEvent', 'value': 233}, 'value': '532'}, {'type': {'displayName': 'Zone', 'value': 56}, 'value': 'Back'}, {'type': {'displayName': 'Defensive', 'value': 285}}, {'type': {'displayName': 'Foul', 'value': 13}}]",False,,,,568.0,326642.0
1903815,SecondHalf,62,6.0,67,Card,Successful,256,Feyenoord,326642.0,Anel Ahmedhodzic,0.0,0.0,,,,,,,"[{'type': {'displayName': 'Yellow', 'value': 31}}, {'type': {'displayName': 'RelatedEventId', 'value': 55}, 'value': '566'}, {'type': {'displayName': 'Foul', 'value': 13}, 'value': '243'}]",False,,,Yellow,566.0,326642.0
1903815,SecondHalf,62,25.0,67,Pass,Unsuccessful,116,NEC Nijmegen,401739.0,Darko Nejasmic,62.2,69.0,84.3,45.4,,,,,"[{'type': {'displayName': 'PassEndX', 'value': 140}, 'value': '84.3'}, {'type': {'displayName': 'Length', 'value': 212}, 'value': '28.2'}, {'type': {'displayName': 'Angle', 'value': 213}, 'value': '5.68'}, {'type': {'displayName': 'PassEndY', 'value': 141}, 'value': '45.4'}, {'type': {'displayName': 'Chipped', 'value': 155}}, {'type': {'displayName': 'Zone', 'value': 56}, 'value': 'Center'}, {'type': {'displayName': 'FreekickTaken', 'value': 5}}]",True,,,,,
1903815,SecondHalf,62,29.0,67,Clearance,Successful,256,Feyenoord,377288.0,Ayase Ueda,11.7,56.0,25.6,100.0,,,,,"[{'type': {'displayName': 'PassEndY', 'value': 141}, 'value': '100.0'}, {'type': {'displayName': 'Head', 'value': 15}}, {'type': {'displayName': 'Length', 'value': 212}, 'value': '34.0'}, {'type': {'displayName': 'PassEndX', 'value': 140}, 'value': '25.6'}, {'type': {'displayName': 'Zone', 'value': 56}, 'value': 'Back'}, {'type': {'displayName': 'Angle', 'value': 213}, 'value': '1.13'}]",True,,,,,
1903815,SecondHalf,62,32.0,67,Pass,Successful,116,NEC Nijmegen,130917.0,Eli Dasa,71.5,0.0,61.3,13.0,,,,,"[{'type': {'displayName': 'PassEndX', 'value': 140}, 'value': '61.3'}, {'type': {'displayName': 'Angle', 'value': 213}, 'value': '2.38'}, {'type': {'displayName': 'Zone', 'value': 56}, 'value': 'Right'}, {'type': {'displayName': 'ThrowIn', 'value': 107}}, {'type': {'displayName': 'Length', 'value': 212}, 'value': '14.8'}, {'type': {'displayName': 'PassEndY', 'value': 141}, 'value': '13.0'}]",True,,,,,
1903815,SecondHalf,62,35.0,67,Pass,Successful,116,NEC Nijmegen,497708.0,Kodai Sano,57.5,22.4,52.7,46.9,,,,,"[{'type': {'displayName': 'Angle', 'value': 213}, 'value': '1.86'}, {'type': {'displayName': 'Length', 'value': 212}, 'value': '17.4'}, {'type': {'displayName': 'PassEndY', 'value': 141}, 'value': '46.9'}, {'type': {'displayName': 'Zone', 'value': 56}, 'value': 'Center'}, {'type': {'displayName': 'PassEndX', 'value': 140}, 'value': '52.7'}]",True,,,,,
1903815,SecondHalf,62,41.0,67,Pass,Successful,116,NEC Nijmegen,401739.0,Darko Nejasmic,53.7,42.6,66.2,23.1,,,,,"[{'type': {'displayName': 'Length', 'value': 212}, 'value': '18.7'}, {'type': {'displayName': 'PassEndY', 'value': 141}, 'value': '23.1'}, {'type': {'displayName': 'Angle', 'value': 213}, 'value': '5.49'}, {'type': {'displayName': 'PassEndX', 'value': 140}, 'value': '66.2'}, {'type': {'displayName': 'Zone', 'value': 56}, 'value': 'Center'}]",True,,,,,
1903815,SecondHalf,62,43.0,67,Pass,Successful,116,NEC Nijmegen,422806.0,Dirk Proper,69.8,20.6,78.7,5.1,,,,,"[{'type': {'displayName': 'PassEndX', 'value': 140}, 'value': '78.7'}, {'type': {'displayName': 'Angle', 'value': 213}, 'value': '5.44'}, {'type': {'displayName': 'Zone', 'value': 56}, 'value': 'Right'}, {'type': {'displayName': 'Length', 'value': 212}, 'value': '14.1'}, {'type': {'displayName': 'PassEndY', 'value': 141}, 'value': '5.1'}]",True,,,,,
1903815,SecondHalf,62,45.0,67,Pass,Successful,116,NEC Nijmegen,130917.0,Eli Dasa,80.6,5.6,86.1,24.2,,,,,"[{'type': {'displayName': 'PassEndX', 'value': 140}, 'value': '86.1'}, {'type': {'displayName': 'Angle', 'value': 213}, 'value': '1.14'}, {'type': {'displayName': 'Zone', 'value': 56}, 'value': 'Center'}, {'type': {'displayName': 'Length', 'value': 212}, 'value': '13.9'}, {'type': {'displayName': 'PassEndY', 'value': 141}, 'value': '24.2'}]",True,,,,,
1903815,SecondHalf,62,47.0,67,Pass,Unsuccessful,116,NEC Nijmegen,422806.0,Dirk Proper,86.8,23.4,84.0,22.1,,,,,"[{'type': {'displayName': 'Zone', 'value': 56}, 'value': 'Center'}, {'type': {'displayName': 'Angle', 'value': 213}, 'value': '3.43'}, {'type': {'displayName': 'Length', 'value': 212}, 'value': '3.1'}, {'type': {'displayName': 'PassEndY', 'value': 141}, 'value': '22.1'}, {'type': {'displayName': 'PassEndX', 'value': 140}, 'value': '84.0'}]",True,,,,,
1903815,SecondHalf,62,48.0,67,BallRecovery,Successful,256,Feyenoord,411078.0,Quinten Timber,21.1,80.0,,,,,,,[],False,,,,,
1903815,SecondHalf,62,49.0,67,Pass,Unsuccessful,256,Feyenoord,411078.0,Quinten Timber,26.1,74.7,48.3,57.9,,,,,"[{'type': {'displayName': 'Angle', 'value': 213}, 'value': '5.83'}, {'type': {'displayName': 'Zone', 'value': 56}, 'value': 'Back'}, {'type': {'displayName': 'PassEndX', 'value': 140}, 'value': '48.3'}, {'type': {'displayName': 'Length', 'value': 212}, 'value': '26.0'}, {'type': {'displayName': 'PassEndY', 'value': 141}, 'value': '57.9'}]",True,,,,,
1903815,SecondHalf,62,52.0,67,BallRecovery,Successful,116,NEC Nijmegen,401739.0,Darko Nejasmic,49.3,44.6,,,,,,,[],False,,,,,
1903815,SecondHalf,62,52.0,67,Pass,Successful,116,NEC Nijmegen,401739.0,Darko Nejasmic,52.1,42.2,61.7,47.0,,,,,"[{'type': {'displayName': 'Length', 'value': 212}, 'value': '10.6'}, {'type': {'displayName': 'PassEndY', 'value': 141}, 'value': '47.0'}, {'type': {'displayName': 'Zone', 'value': 56}, 'value': 'Center'}, {'type': {'displayName': 'PassEndX', 'value': 140}, 'value': '61.7'}, {'type': {'displayName': 'Angle', 'value': 213}, 'value': '0.31'}]",True,,,,,
1903815,SecondHalf,62,55.0,67,Pass,Successful,116,NEC Nijmegen,469366.0,Noé Lebreton,66.9,43.7,70.9,33.8,,,,,"[{'type': {'displayName': 'PassEndX', 'value': 140}, 'value': '70.9'}, {'type': {'displayName': 'Zone', 'value': 56}, 'value': 'Center'}, {'type': {'displayName': 'Length', 'value': 212}, 'value': '7.9'}, {'type': {'displayName': 'Angle', 'value': 213}, 'value': '5.27'}, {'type': {'displayName': 'PassEndY', 'value': 141}, 'value': '33.8'}]",True,,,,,
1903815,SecondHalf,62,57.0,67,TakeOn,Unsuccessful,116,NEC Nijmegen,497708.0,Kodai Sano,69.4,33.2,,,,,,,"[{'type': {'displayName': 'OppositeRelatedEvent', 'value': 233}, 'value': '573'}, {'type': {'displayName': 'Offensive', 'value': 286}}, {'type': {'displayName': 'Zone', 'value': 56}, 'value': 'Center'}]",True,,,,,
1903815,SecondHalf,62,57.0,67,Tackle,Unsuccessful,256,Feyenoord,411078.0,Quinten Timber,30.6,66.8,,,,,,,"[{'type': {'displayName': 'Zone', 'value': 56}, 'value': 'Back'}, {'type': {'displayName': 'OppositeRelatedEvent', 'value': 233}, 'value': '544'}, {'type': {'displayName': 'StandingSave', 'value': 178}}, {'type': {'displayName': 'Defensive', 'value': 285}}]",True,,,,,
1903815,SecondHalf,63,0.0,68,BallRecovery,Successful,256,Feyenoord,411078.0,Quinten Timber,34.7,64.9,,,,,,,[],False,,,,,
1903815,SecondHalf,63,0.0,68,BallTouch,Successful,116,NEC Nijmegen,497708.0,Kodai Sano,67.3,36.0,,,,,,,"[{'type': {'displayName': 'Zone', 'value': 56}, 'value': 'Center'}]",True,,,,,
1903815,SecondHalf,63,1.0,68,Pass,Unsuccessful,256,Feyenoord,411078.0,Quinten Timber,38.3,61.5,52.9,48.3,,,,,"[{'type': {'displayName': 'PassEndY', 'value': 141}, 'value': '48.3'}, {'type': {'displayName': 'Angle', 'value': 213}, 'value': '5.75'}, {'type': {'displayName': 'Length', 'value': 212}, 'value': '17.8'}, {'type': {'displayName': 'Zone', 'value': 56}, 'value': 'Center'}, {'type': {'displayName': 'PassEndX', 'value': 140}, 'value': '52.9'}]",True,,,,,
1903815,SecondHalf,63,2.0,68,BallRecovery,Successful,116,NEC Nijmegen,401739.0,Darko Nejasmic,46.5,55.1,,,,,,,[],False,,,,,
1903815,SecondHalf,63,6.0,68,Pass,Successful,116,NEC Nijmegen,401739.0,Darko Nejasmic,56.2,52.6,68.4,13.8,,,,,"[{'type': {'displayName': 'Length', 'value': 212}, 'value': '29.3'}, {'type': {'displayName': 'Chipped', 'value': 155}}, {'type': {'displayName': 'Angle', 'value': 213}, 'value': '5.16'}, {'type': {'displayName': 'PassEndX', 'value': 140}, 'value': '68.4'}, {'type': {'displayName': 'Zone', 'value': 56}, 'value': 'Right'}, {'type': {'displayName': 'PassEndY', 'value': 141}, 'value': '13.8'}]",True,,,,,
1903815,SecondHalf,63,8.0,68,Pass,Unsuccessful,116,NEC Nijmegen,130917.0,Eli Dasa,70.2,14.0,86.1,12.0,,,,,"[{'type': {'displayName': 'PassEndX', 'value': 140}, 'value': '86.1'}, {'type': {'displayName': 'Zone', 'value': 56}, 'value': 'Right'}, {'type': {'displayName': 'Angle', 'value': 213}, 'value': '6.20'}, {'type': {'displayName': 'Length', 'value': 212}, 'value': '16.8'}, {'type': {'displayName': 'PassEndY', 'value': 141}, 'value': '12.0'}]",True,,,,,
1903815,SecondHalf,63,10.0,68,BallRecovery,Successful,256,Feyenoord,400059.0,Gijs Smal,12.7,90.8,,,,,,,[],False,,,,,
1903815,SecondHalf,63,12.0,68,Pass,Unsuccessful,256,Feyenoord,400059.0,Gijs Smal,12.4,95.5,32.3,88.7,,,,,"[{'type': {'displayName': 'Length', 'value': 212}, 'value': '21.4'}, {'type': {'displayName': 'PassEndY', 'value': 141}, 'value': '88.7'}, {'type': {'displayName': 'Zone', 'value': 56}, 'value': 'Back'}, {'type': {'displayName': 'Angle', 'value': 213}, 'value': '6.07'}, {'type': {'displayName': 'Longball', 'value': 1}}, {'type': {'displayName': 'PassEndX', 'value': 140}, 'value': '32.3'}]",True,,,,,
1903815,SecondHalf,63,14.0,68,BallRecovery,Successful,116,NEC Nijmegen,130917.0,Eli Dasa,69.2,23.8,,,,,,,[],False,,,,,
1903815,SecondHalf,63,17.0,68,Pass,Successful,116,NEC Nijmegen,130917.0,Eli Dasa,72.7,19.5,78.5,6.3,,,,,"[{'type': {'displayName': 'Angle', 'value': 213}, 'value': '5.31'}, {'type': {'displayName': 'PassEndY', 'value': 141}, 'value': '6.3'}, {'type': {'displayName': 'PassEndX', 'value': 140}, 'value': '78.5'}, {'type': {'displayName': 'Zone', 'value': 56}, 'value': 'Right'}, {'type': {'displayName': 'Length', 'value': 212}, 'value': '10.8'}]",True,,,,,
1903815,SecondHalf,63,20.0,68,Pass,Successful,116,NEC Nijmegen,515755.0,Sami Ouaissa,76.4,6.3,63.4,19.1,,,,,"[{'type': {'displayName': 'PassEndY', 'value': 141}, 'value': '19.1'}, {'type': {'displayName': 'PassEndX', 'value': 140}, 'value': '63.4'}, {'type': {'displayName': 'Length', 'value': 212}, 'value': '16.2'}, {'type': {'displayName': 'Zone', 'value': 56}, 'value': 'Right'}, {'type': {'displayName': 'Angle', 'value': 213}, 'value': '2.57'}]",True,,,,,
1903815,SecondHalf,63,21.0,68,Pass,Successful,116,NEC Nijmegen,422806.0,Dirk Proper,62.7,19.1,66.0,29.4,,,,,"[{'type': {'displayName': 'Angle', 'value': 213}, 'value': '1.11'}, {'type': {'displayName': 'PassEndY', 'value': 141}, 'value': '29.4'}, {'type': {'displayName': 'Length', 'value': 212}, 'value': '7.8'}, {'type': {'displayName': 'PassEndX', 'value': 140}, 'value': '66.0'}, {'type': {'displayName': 'Zone', 'value': 56}, 'value': 'Center'}]",True,,,,,
1903815,SecondHalf,63,23.0,68,Pass,Successful,116,NEC Nijmegen,497708.0,Kodai Sano,66.0,29.4,57.0,31.0,,,,,"[{'type': {'displayName': 'PassEndY', 'value': 141}, 'value': '31.0'}, {'type': {'displayName': 'Angle', 'value': 213}, 'value': '3.03'}, {'type': {'displayName': 'Length', 'value': 212}, 'value': '9.5'}, {'type': {'displayName': 'PassEndX', 'value': 140}, 'value': '57.0'}, {'type': {'displayName': 'Zone', 'value': 56}, 'value': 'Center'}]",True,,,,,
1903815,SecondHalf,63,25.0,68,Pass,Successful,116,NEC Nijmegen,321959.0,Philippe Sandler,60.1,37.1,55.1,66.2,,,,,"[{'type': {'displayName': 'PassEndY', 'value': 141}, 'value': '66.2'}, {'type': {'displayName': 'Angle', 'value': 213}, 'value': '1.83'}, {'type': {'displayName': 'PassEndX', 'value': 140}, 'value': '55.1'}, {'type': {'displayName': 'Zone', 'value': 56}, 'value': 'Center'}, {'type': {'displayName': 'Length', 'value': 212}, 'value': '20.5'}]",True,,,,,
1903815,SecondHalf,63,30.0,68,Pass,Successful,116,NEC Nijmegen,400320.0,Ahmetcan Kaplan,58.9,68.3,69.8,94.9,,,,,"[{'type': {'displayName': 'PassEndX', 'value': 140}, 'value': '69.8'}, {'type': {'displayName': 'Angle', 'value': 213}, 'value': '1.01'}, {'type': {'displayName': 'PassEndY', 'value': 141}, 'value': '94.9'}, {'type': {'displayName': 'Length', 'value': 212}, 'value': '21.4'}, {'type': {'displayName': 'Zone', 'value': 56}, 'value': 'Left'}, {'type': {'displayName': 'ShotAssist', 'value': 210}, 'value': '15'}, {'type': {'displayName': 'KeyPass', 'value': 11113}}]",True,,,,,
1903815,SecondHalf,63,41.0,68,TakeOn,Successful,116,NEC Nijmegen,532237.0,Basar Önal,97.5,69.0,,,,,,,"[{'type': {'displayName': 'Zone', 'value': 56}, 'value': 'Center'}, {'type': {'displayName': 'Offensive', 'value': 286}}, {'type': {'displayName': 'OppositeRelatedEvent', 'value': 233}, 'value': '578'}]",True,,,,,
1903815,SecondHalf,63,41.0,68,Challenge,Unsuccessful,256,Feyenoord,297527.0,Bart Nieuwkoop,2.5,31.0,,,,,,,"[{'type': {'displayName': 'Defensive', 'value': 285}}, {'type': {'displayName': 'OppositeRelatedEvent', 'value': 233}, 'value': '556'}, {'type': {'displayName': 'Zone', 'value': 56}, 'value': 'Back'}]",False,,,,,
1903815,SecondHalf,63,43.0,68,SavedShot,Successful,116,NEC Nijmegen,532237.0,Basar Önal,99.0,62.9,,,53.6,8.9,99.5,58.8,"[{'type': {'displayName': 'BlockedX', 'value': 146}, 'value': '99.5'}, {'type': {'displayName': 'Assisted', 'value': 29}}, {'type': {'displayName': 'SmallBoxLeft', 'value': 61}}, {'type': {'displayName': 'RightFoot', 'value': 20}}, {'type': {'displayName': 'RegularPlay', 'value': 22}}, {'type': {'displayName': 'Zone', 'value': 56}, 'value': 'Center'}, {'type': {'displayName': 'BlockedY', 'value': 147}, 'value': '58.8'}, {'type': {'displayName': 'GoalMouthY', 'value': 102}, 'value': '53.6'}, {'type': {'displayName': 'GoalMouthZ', 'value': 103}, 'value': '8.9'}, {'type': {'displayName': 'OppositeRelatedEvent', 'value': 233}, 'value': '579'}, {'type': {'displayName': 'LowLeft', 'value': 76}}, {'type': {'displayName': 'IndividualPlay', 'value': 215}}, {'type': {'displayName': 'RelatedEventId', 'value': 55}, 'value': '555'}]",True,True,,,555.0,400320.0
1903815,SecondHalf,63,43.0,68,Save,Successful,256,Feyenoord,121821.0,Timon Wellenreuther,0.5,44.0,,,,,,,"[{'type': {'displayName': 'OppositeRelatedEvent', 'value': 233}, 'value': '557'}, {'type': {'displayName': 'ParriedSafe', 'value': 173}}, {'type': {'displayName': 'Hands', 'value': 182}}, {'type': {'displayName': 'Zone', 'value': 56}, 'value': 'Back'}, {'type': {'displayName': 'KeeperSaveInSixYard', 'value': 11116}}, {'type': {'displayName': 'KeeperSaveInTheBox', 'value': 11115}}]",True,,,,,
1903815,SecondHalf,63,45.0,68,CornerAwarded,Successful,116,NEC Nijmegen,532237.0,Basar Önal,98.2,57.7,,,,,,,"[{'type': {'displayName': 'OppositeRelatedEvent', 'value': 233}, 'value': '580'}, {'type': {'displayName': 'Zone', 'value': 56}, 'value': 'Center'}, {'type': {'displayName': 'MissLeft', 'value': 73}}]",False,,,,,
1903815,SecondHalf,63,45.0,68,CornerAwarded,Unsuccessful,256,Feyenoord,121821.0,Timon Wellenreuther,1.8,42.3,,,,,,,"[{'type': {'displayName': 'MissLeft', 'value': 73}}, {'type': {'displayName': 'OppositeRelatedEvent', 'value': 233}, 'value': '558'}, {'type': {'displayName': 'Zone', 'value': 56}, 'value': 'Back'}]",False,,,,,
1903815,SecondHalf,64,13.0,69,Pass,Unsuccessful,116,NEC Nijmegen,532237.0,Basar Önal,99.5,99.5,90.7,42.2,,,,,"[{'type': {'displayName': 'Longball', 'value': 1}}, {'type': {'displayName': 'Chipped', 'value': 155}}, {'type': {'displayName': 'CornerTaken', 'value': 6}}, {'type': {'displayName': 'Cross', 'value': 2}}, {'type': {'displayName': 'RightFoot', 'value': 20}}, {'type': {'displayName': 'Zone', 'value': 56}, 'value': 'Center'}, {'type': {'displayName': 'PassEndY', 'value': 141}, 'value': '42.2'}, {'type': {'displayName': 'Angle', 'value': 213}, 'value': '4.48'}, {'type': {'displayName': 'Length', 'value': 212}, 'value': '40.0'}, {'type': {'displayName': 'PassEndX', 'value': 140}, 'value': '90.7'}]",True,,,,,
1903815,SecondHalf,64,16.0,69,Aerial,Successful,256,Feyenoord,297527.0,Bart Nieuwkoop,9.3,57.8,,,,,,,"[{'type': {'displayName': 'Defensive', 'value': 285}}, {'type': {'displayName': 'OppositeRelatedEvent', 'value': 233}, 'value': '560'}, {'type': {'displayName': 'Zone', 'value': 56}, 'value': 'Back'}]",False,,,,,
1903815,SecondHalf,64,16.0,69,Aerial,Unsuccessful,116,NEC Nijmegen,401739.0,Darko Nejasmic,90.7,42.2,,,,,,,"[{'type': {'displayName': 'Offensive', 'value': 286}}, {'type': {'displayName': 'OppositeRelatedEvent', 'value': 233}, 'value': '581'}, {'type': {'displayName': 'Zone', 'value': 56}, 'value': 'Center'}]",False,,,,,
1903815,SecondHalf,64,17.0,69,Clearance,Successful,256,Feyenoord,297527.0,Bart Nieuwkoop,9.3,57.8,10.5,54.7,,,,,"[{'type': {'displayName': 'Length', 'value': 212}, 'value': '2.5'}, {'type': {'displayName': 'Head', 'value': 15}}, {'type': {'displayName': 'PassEndY', 'value': 141}, 'value': '54.7'}, {'type': {'displayName': 'Angle', 'value': 213}, 'value': '5.25'}, {'type': {'displayName': 'Zone', 'value': 56}, 'value': 'Back'}, {'type': {'displayName': 'PassEndX', 'value': 140}, 'value': '10.5'}]",True,,,,,
1903815,SecondHalf,64,18.0,69,Dispossessed,Successful,116,NEC Nijmegen,469366.0,Noé Lebreton,90.0,51.6,,,,,,,"[{'type': {'displayName': 'OppositeRelatedEvent', 'value': 233}, 'value': '582'}, {'type': {'displayName': 'Zone', 'value': 56}, 'value': 'Center'}, {'type': {'displayName': 'Offensive', 'value': 286}}]",True,,,,,
1903815,SecondHalf,64,18.0,69,Tackle,Unsuccessful,256,Feyenoord,377288.0,Ayase Ueda,10.0,48.4,,,,,,,"[{'type': {'displayName': 'StandingSave', 'value': 178}}, {'type': {'displayName': 'Zone', 'value': 56}, 'value': 'Back'}, {'type': {'displayName': 'OppositeRelatedEvent', 'value': 233}, 'value': '562'}, {'type': {'displayName': 'Defensive', 'value': 285}}]",True,,,,,
1903815,SecondHalf,64,21.0,69,SavedShot,Successful,116,NEC Nijmegen,469366.0,Noé Lebreton,91.7,54.4,,,51.0,19.0,93.7,52.3,"[{'type': {'displayName': 'BoxCentre', 'value': 17}}, {'type': {'displayName': 'GoalMouthY', 'value': 102}, 'value': '51.0'}, {'type': {'displayName': 'Blocked', 'value': 82}}, {'type': {'displayName': 'BlockedX', 'value': 146}, 'value': '93.7'}, {'type': {'displayName': 'BlockedY', 'value': 147}, 'value': '52.3'}, {'type': {'displayName': 'FromCorner', 'value': 25}}, {'type': {'displayName': 'OppositeRelatedEvent', 'value': 233}, 'value': '583'}, {'type': {'displayName': 'Zone', 'value': 56}, 'value': 'Center'}, {'type': {'displayName': 'LeftFoot', 'value': 72}}, {'type': {'displayName': 'FirstTouch', 'value': 328}}, {'type': {'displayName': 'LowCentre', 'value': 78}}, {'type': {'displayName': 'GoalMouthZ', 'value': 103}, 'value': '19'}]",True,True,,,,
1903815,SecondHalf,64,21.0,69,Save,Successful,256,Feyenoord,431258.0,Tsuyoshi Watanabe,7.3,45.6,,,,,,,"[{'type': {'displayName': 'Zone', 'value': 56}, 'value': 'Back'}, {'type': {'displayName': 'OppositeRelatedEvent', 'value': 233}, 'value': '563'}, {'type': {'displayName': 'OutfielderBlock', 'value': 94}}]",True,,,,,
1903815,SecondHalf,64,24.0,69,KeeperPickup,Successful,256,Feyenoord,121821.0,Timon Wellenreuther,3.5,27.3,,,,,,,[],False,,,,,
1903815,SecondHalf,64,40.0,69,Pass,Successful,256,Feyenoord,121821.0,Timon Wellenreuther,18.0,45.5,31.3,9.4,,,,,"[{'type': {'displayName': 'Angle', 'value': 213}, 'value': '5.23'}, {'type': {'displayName': 'Zone', 'value': 56}, 'value': 'Back'}, {'type': {'displayName': 'PassEndX', 'value': 140}, 'value': '31.3'}, {'type': {'displayName': 'Length', 'value': 212}, 'value': '28.2'}, {'type': {'displayName': 'PassEndY', 'value': 141}, 'value': '9.4'}]",True,,,,,
1903815,SecondHalf,64,44.0,69,Pass,Successful,256,Feyenoord,326642.0,Anel Ahmedhodzic,29.6,12.9,12.4,32.1,,,,,"[{'type': {'displayName': 'Length', 'value': 212}, 'value': '22.3'}, {'type': {'displayName': 'Angle', 'value': 213}, 'value': '2.52'}, {'type': {'displayName': 'PassEndY', 'value': 141}, 'value': '32.1'}, {'type': {'displayName': 'Zone', 'value': 56}, 'value': 'Back'}, {'type': {'displayName': 'PassEndX', 'value': 140}, 'value': '12.4'}]",True,,,,,
1903815,SecondHalf,64,47.0,69,Pass,Successful,256,Feyenoord,121821.0,Timon Wellenreuther,13.2,26.5,23.9,27.7,,,,,"[{'type': {'displayName': 'PassEndX', 'value': 140}, 'value': '23.9'}, {'type': {'displayName': 'PassEndY', 'value': 141}, 'value': '27.7'}, {'type': {'displayName': 'Zone', 'value': 56}, 'value': 'Back'}, {'type': {'displayName': 'Length', 'value': 212}, 'value': '11.3'}, {'type': {'displayName': 'Angle', 'value': 213}, 'value': '0.07'}]",True,,,,,
1903815,SecondHalf,64,57.0,69,Pass,Successful,256,Feyenoord,415927.0,Luciano Valente,22.4,56.8,15.9,70.2,,,,,"[{'type': {'displayName': 'PassEndX', 'value': 140}, 'value': '15.9'}, {'type': {'displayName': 'Angle', 'value': 213}, 'value': '2.21'}, {'type': {'displayName': 'Zone', 'value': 56}, 'value': 'Back'}, {'type': {'displayName': 'PassEndY', 'value': 141}, 'value': '70.2'}, {'type': {'displayName': 'Length', 'value': 212}, 'value': '11.4'}]",True,,,,,
1903815,SecondHalf,64,58.0,69,Pass,Successful,256,Feyenoord,431258.0,Tsuyoshi Watanabe,14.7,72.1,7.1,48.8,,,,,"[{'type': {'displayName': 'Length', 'value': 212}, 'value': '17.7'}, {'type': {'displayName': 'Angle', 'value': 213}, 'value': '4.25'}, {'type': {'displayName': 'PassEndX', 'value': 140}, 'value': '7.1'}, {'type': {'displayName': 'Zone', 'value': 56}, 'value': 'Back'}, {'type': {'displayName': 'PassEndY', 'value': 141}, 'value': '48.8'}]",True,,,,,
1903815,SecondHalf,65,1.0,70,Pass,Successful,256,Feyenoord,121821.0,Timon Wellenreuther,13.1,43.8,27.4,43.9,,,,,"[{'type': {'displayName': 'PassEndX', 'value': 140}, 'value': '27.4'}, {'type': {'displayName': 'Zone', 'value': 56}, 'value': 'Back'}, {'type': {'displayName': 'Angle', 'value': 213}, 'value': '0.00'}, {'type': {'displayName': 'Length', 'value': 212}, 'value': '15.0'}, {'type': {'displayName': 'PassEndY', 'value': 141}, 'value': '43.9'}]",True,,,,,
1903815,SecondHalf,65,7.0,70,Pass,Successful,256,Feyenoord,431258.0,Tsuyoshi Watanabe,43.4,29.2,54.8,25.9,,,,,"[{'type': {'displayName': 'Zone', 'value': 56}, 'value': 'Center'}, {'type': {'displayName': 'PassEndX', 'value': 140}, 'value': '54.8'}, {'type': {'displayName': 'PassEndY', 'value': 141}, 'value': '25.9'}, {'type': {'displayName': 'Angle', 'value': 213}, 'value': '6.10'}, {'type': {'displayName': 'Length', 'value': 212}, 'value': '12.2'}]",True,,,,,
1903815,SecondHalf,65,8.0,70,Pass,Successful,256,Feyenoord,361794.0,Sem Steijn,54.8,25.9,44.8,5.4,,,,,"[{'type': {'displayName': 'Zone', 'value': 56}, 'value': 'Back'}, {'type': {'displayName': 'LayOff', 'value': 156}}, {'type': {'displayName': 'PassEndY', 'value': 141}, 'value': '5.4'}, {'type': {'displayName': 'PassEndX', 'value': 140}, 'value': '44.8'}, {'type': {'displayName': 'Angle', 'value': 213}, 'value': '4.07'}, {'type': {'displayName': 'Length', 'value': 212}, 'value': '17.5'}]",True,,,,,
1903815,SecondHalf,65,9.0,70,Pass,Successful,256,Feyenoord,297527.0,Bart Nieuwkoop,44.8,5.6,59.5,2.4,,,,,"[{'type': {'displayName': 'Angle', 'value': 213}, 'value': '6.14'}, {'type': {'displayName': 'Length', 'value': 212}, 'value': '15.6'}, {'type': {'displayName': 'PassEndY', 'value': 141}, 'value': '2.4'}, {'type': {'displayName': 'Zone', 'value': 56}, 'value': 'Right'}, {'type': {'displayName': 'PassEndX', 'value': 140}, 'value': '59.5'}]",True,,,,,
1903815,SecondHalf,65,13.0,70,Pass,Unsuccessful,256,Feyenoord,515829.0,Anis Hadj Moussa,61.5,3.8,74.2,59.6,,,,,"[{'type': {'displayName': 'Length', 'value': 212}, 'value': '40.2'}, {'type': {'displayName': 'PassEndY', 'value': 141}, 'value': '59.6'}, {'type': {'displayName': 'PassEndX', 'value': 140}, 'value': '74.2'}, {'type': {'displayName': 'Angle', 'value': 213}, 'value': '1.23'}, {'type': {'displayName': 'Chipped', 'value': 155}}, {'type': {'displayName': 'Zone', 'value': 56}, 'value': 'Center'}, {'type': {'displayName': 'Longball', 'value': 1}}]",True,,,,,
1903815,SecondHalf,65,15.0,70,Pass,Successful,116,NEC Nijmegen,130917.0,Eli Dasa,18.5,31.2,29.1,34.6,,,,,"[{'type': {'displayName': 'Zone', 'value': 56}, 'value': 'Back'}, {'type': {'displayName': 'Length', 'value': 212}, 'value': '11.4'}, {'type': {'displayName': 'Angle', 'value': 213}, 'value': '0.20'}, {'type': {'displayName': 'HeadPass', 'value': 3}}, {'type': {'displayName': 'PassEndX', 'value': 140}, 'value': '29.1'}, {'type': {'displayName': 'PassEndY', 'value': 141}, 'value': '34.6'}]",True,,,,,
1903815,SecondHalf,65,18.0,70,BallRecovery,Successful,116,NEC Nijmegen,422806.0,Dirk Proper,28.8,29.9,,,,,,,[],False,,,,,
1903815,SecondHalf,65,18.0,70,Pass,Successful,116,NEC Nijmegen,422806.0,Dirk Proper,27.8,29.9,22.2,32.7,,,,,"[{'type': {'displayName': 'PassEndX', 'value': 140}, 'value': '22.2'}, {'type': {'displayName': 'Zone', 'value': 56}, 'value': 'Back'}, {'type': {'displayName': 'PassEndY', 'value': 141}, 'value': '32.7'}, {'type': {'displayName': 'Length', 'value': 212}, 'value': '6.2'}, {'type': {'displayName': 'Angle', 'value': 213}, 'value': '2.83'}]",True,,,,,
1903815,SecondHalf,65,20.0,70,Pass,Successful,116,NEC Nijmegen,130917.0,Eli Dasa,24.6,33.2,31.1,46.2,,,,,"[{'type': {'displayName': 'PassEndY', 'value': 141}, 'value': '46.2'}, {'type': {'displayName': 'Angle', 'value': 213}, 'value': '0.91'}, {'type': {'displayName': 'Length', 'value': 212}, 'value': '11.2'}, {'type': {'displayName': 'Zone', 'value': 56}, 'value': 'Back'}, {'type': {'displayName': 'PassEndX', 'value': 140}, 'value': '31.1'}]",True,,,,,
1903815,SecondHalf,65,22.0,70,TakeOn,Successful,116,NEC Nijmegen,497708.0,Kodai Sano,30.0,46.1,,,,,,,"[{'type': {'displayName': 'Zone', 'value': 56}, 'value': 'Back'}, {'type': {'displayName': 'Defensive', 'value': 285}}, {'type': {'displayName': 'OppositeRelatedEvent', 'value': 233}, 'value': '596'}]",True,,,,,
1903815,SecondHalf,65,22.0,70,Challenge,Unsuccessful,256,Feyenoord,468119.0,Leo Sauer,70.0,53.9,,,,,,,"[{'type': {'displayName': 'OppositeRelatedEvent', 'value': 233}, 'value': '568'}, {'type': {'displayName': 'Zone', 'value': 56}, 'value': 'Center'}, {'type': {'displayName': 'Offensive', 'value': 286}}]",False,,,,,
1903815,SecondHalf,65,22.0,70,Pass,Successful,116,NEC Nijmegen,497708.0,Kodai Sano,29.1,47.0,23.6,40.4,,,,,"[{'type': {'displayName': 'Zone', 'value': 56}, 'value': 'Back'}, {'type': {'displayName': 'PassEndX', 'value': 140}, 'value': '23.6'}, {'type': {'displayName': 'PassEndY', 'value': 141}, 'value': '40.4'}, {'type': {'displayName': 'Angle', 'value': 213}, 'value': '3.80'}, {'type': {'displayName': 'Length', 'value': 212}, 'value': '7.3'}]",True,,,,,
1903815,SecondHalf,65,25.0,70,Pass,Successful,116,NEC Nijmegen,321959.0,Philippe Sandler,25.9,34.8,34.2,22.1,,,,,"[{'type': {'displayName': 'Length', 'value': 212}, 'value': '12.3'}, {'type': {'displayName': 'PassEndY', 'value': 141}, 'value': '22.1'}, {'type': {'displayName': 'PassEndX', 'value': 140}, 'value': '34.2'}, {'type': {'displayName': 'Angle', 'value': 213}, 'value': '5.50'}, {'type': {'displayName': 'Zone', 'value': 56}, 'value': 'Back'}]",True,,,,,
1903815,SecondHalf,65,28.0,70,Pass,Successful,116,NEC Nijmegen,422806.0,Dirk Proper,36.5,22.6,36.8,32.7,,,,,"[{'type': {'displayName': 'PassEndY', 'value': 141}, 'value': '32.7'}, {'type': {'displayName': 'Zone', 'value': 56}, 'value': 'Back'}, {'type': {'displayName': 'PassEndX', 'value': 140}, 'value': '36.8'}, {'type': {'displayName': 'Length', 'value': 212}, 'value': '6.9'}, {'type': {'displayName': 'Angle', 'value': 213}, 'value': '1.52'}]",True,,,,,
1903815,SecondHalf,65,32.0,70,Pass,Successful,116,NEC Nijmegen,130917.0,Eli Dasa,57.8,12.0,67.3,5.1,,,,,"[{'type': {'displayName': 'Angle', 'value': 213}, 'value': '5.84'}, {'type': {'displayName': 'Length', 'value': 212}, 'value': '11.0'}, {'type': {'displayName': 'PassEndY', 'value': 141}, 'value': '5.1'}, {'type': {'displayName': 'PassEndX', 'value': 140}, 'value': '67.3'}, {'type': {'displayName': 'Zone', 'value': 56}, 'value': 'Right'}]",True,,,,,
1903815,SecondHalf,65,34.0,70,Pass,Successful,116,NEC Nijmegen,515755.0,Sami Ouaissa,69.1,6.9,69.1,16.0,,,,,"[{'type': {'displayName': 'Angle', 'value': 213}, 'value': '1.57'}, {'type': {'displayName': 'PassEndY', 'value': 141}, 'value': '16.0'}, {'type': {'displayName': 'PassEndX', 'value': 140}, 'value': '69.1'}, {'type': {'displayName': 'Length', 'value': 212}, 'value': '6.2'}, {'type': {'displayName': 'Zone', 'value': 56}, 'value': 'Right'}]",True,,,,,
1903815,SecondHalf,65,35.0,70,Pass,Unsuccessful,116,NEC Nijmegen,130917.0,Eli Dasa,69.8,17.0,87.5,25.7,,,,,"[{'type': {'displayName': 'PassEndY', 'value': 141}, 'value': '25.7'}, {'type': {'displayName': 'Zone', 'value': 56}, 'value': 'Center'}, {'type': {'displayName': 'Angle', 'value': 213}, 'value': '0.31'}, {'type': {'displayName': 'PassEndX', 'value': 140}, 'value': '87.5'}, {'type': {'displayName': 'Length', 'value': 212}, 'value': '19.5'}]",True,,,,,
1903815,SecondHalf,65,38.0,70,Smother,Successful,256,Feyenoord,121821.0,Timon Wellenreuther,12.5,74.3,,,,,,,[],True,,,,,
1903815,SecondHalf,65,39.0,70,KeeperPickup,Successful,256,Feyenoord,121821.0,Timon Wellenreuther,11.3,71.1,,,,,,,[],False,,,,,
1903815,SecondHalf,66,,71,OffsideGiven,Unsuccessful,116,NEC Nijmegen,532237.0,Basar Önal,85.8,81.5,,,,,,,[],False,,,,,
1903815,SecondHalf,66,2.0,71,Pass,Successful,256,Feyenoord,121821.0,Timon Wellenreuther,30.6,67.0,60.3,74.1,,,,,"[{'type': {'displayName': 'PassEndY', 'value': 141}, 'value': '74.1'}, {'type': {'displayName': 'PassEndX', 'value': 140}, 'value': '60.3'}, {'type': {'displayName': 'Length', 'value': 212}, 'value': '31.6'}, {'type': {'displayName': 'Zone', 'value': 56}, 'value': 'Center'}, {'type': {'displayName': 'Longball', 'value': 1}}, {'type': {'displayName': 'Angle', 'value': 213}, 'value': '0.15'}]",True,,,,,
1903815,SecondHalf,66,5.0,71,Aerial,Successful,256,Feyenoord,468119.0,Leo Sauer,60.3,74.1,,,,,,,"[{'type': {'displayName': 'Zone', 'value': 56}, 'value': 'Center'}, {'type': {'displayName': 'OppositeRelatedEvent', 'value': 233}, 'value': '575'}, {'type': {'displayName': 'Offensive', 'value': 286}}]",False,,,,,
1903815,SecondHalf,66,5.0,71,Aerial,Unsuccessful,116,NEC Nijmegen,130917.0,Eli Dasa,39.7,25.9,,,,,,,"[{'type': {'displayName': 'Zone', 'value': 56}, 'value': 'Back'}, {'type': {'displayName': 'OppositeRelatedEvent', 'value': 233}, 'value': '601'}, {'type': {'displayName': 'Defensive', 'value': 285}}]",False,,,,,
1903815,SecondHalf,66,6.0,71,Pass,Unsuccessful,256,Feyenoord,468119.0,Leo Sauer,60.3,74.1,65.2,55.9,,,,,"[{'type': {'displayName': 'HeadPass', 'value': 3}}, {'type': {'displayName': 'Zone', 'value': 56}, 'value': 'Center'}, {'type': {'displayName': 'PassEndY', 'value': 141}, 'value': '55.9'}, {'type': {'displayName': 'PassEndX', 'value': 140}, 'value': '65.2'}, {'type': {'displayName': 'Angle', 'value': 213}, 'value': '5.11'}, {'type': {'displayName': 'Length', 'value': 212}, 'value': '13.4'}]",True,,,,,
1903815,SecondHalf,66,6.0,71,BallRecovery,Successful,116,NEC Nijmegen,497708.0,Kodai Sano,34.9,36.6,,,,,,,[],False,,,,,
1903815,SecondHalf,66,12.0,71,Pass,Successful,116,NEC Nijmegen,497708.0,Kodai Sano,30.4,39.9,42.2,35.1,,,,,"[{'type': {'displayName': 'Zone', 'value': 56}, 'value': 'Back'}, {'type': {'displayName': 'PassEndY', 'value': 141}, 'value': '35.1'}, {'type': {'displayName': 'PassEndX', 'value': 140}, 'value': '42.2'}, {'type': {'displayName': 'Length', 'value': 212}, 'value': '12.8'}, {'type': {'displayName': 'Angle', 'value': 213}, 'value': '6.03'}]",True,,,,,
1903815,SecondHalf,66,17.0,71,Pass,Successful,116,NEC Nijmegen,130917.0,Eli Dasa,42.1,27.5,38.0,26.1,,,,,"[{'type': {'displayName': 'Zone', 'value': 56}, 'value': 'Back'}, {'type': {'displayName': 'Length', 'value': 212}, 'value': '4.4'}, {'type': {'displayName': 'Angle', 'value': 213}, 'value': '3.36'}, {'type': {'displayName': 'PassEndX', 'value': 140}, 'value': '38.0'}, {'type': {'displayName': 'PassEndY', 'value': 141}, 'value': '26.1'}]",True,,,,,
1903815,SecondHalf,66,25.0,71,Pass,Successful,116,NEC Nijmegen,321959.0,Philippe Sandler,43.3,29.2,36.1,47.2,,,,,"[{'type': {'displayName': 'Angle', 'value': 213}, 'value': '2.12'}, {'type': {'displayName': 'Zone', 'value': 56}, 'value': 'Back'}, {'type': {'displayName': 'Length', 'value': 212}, 'value': '14.4'}, {'type': {'displayName': 'PassEndY', 'value': 141}, 'value': '47.2'}, {'type': {'displayName': 'PassEndX', 'value': 140}, 'value': '36.1'}]",True,,,,,
1903815,SecondHalf,66,27.0,71,Pass,Successful,116,NEC Nijmegen,401739.0,Darko Nejasmic,36.9,48.8,34.3,60.7,,,,,"[{'type': {'displayName': 'PassEndX', 'value': 140}, 'value': '34.3'}, {'type': {'displayName': 'Length', 'value': 212}, 'value': '8.5'}, {'type': {'displayName': 'PassEndY', 'value': 141}, 'value': '60.7'}, {'type': {'displayName': 'Zone', 'value': 56}, 'value': 'Back'}, {'type': {'displayName': 'Angle', 'value': 213}, 'value': '1.90'}]",True,,,,,
1903815,SecondHalf,66,28.0,71,Pass,Successful,116,NEC Nijmegen,400320.0,Ahmetcan Kaplan,34.3,58.1,34.6,40.3,,,,,"[{'type': {'displayName': 'Zone', 'value': 56}, 'value': 'Back'}, {'type': {'displayName': 'PassEndX', 'value': 140}, 'value': '34.6'}, {'type': {'displayName': 'Length', 'value': 212}, 'value': '12.1'}, {'type': {'displayName': 'Angle', 'value': 213}, 'value': '4.74'}, {'type': {'displayName': 'PassEndY', 'value': 141}, 'value': '40.3'}]",True,,,,,
1903815,SecondHalf,66,31.0,71,Pass,Successful,116,NEC Nijmegen,321959.0,Philippe Sandler,33.4,39.4,50.5,35.0,,,,,"[{'type': {'displayName': 'PassEndY', 'value': 141}, 'value': '35.0'}, {'type': {'displayName': 'Zone', 'value': 56}, 'value': 'Center'}, {'type': {'displayName': 'PassEndX', 'value': 140}, 'value': '50.5'}, {'type': {'displayName': 'Length', 'value': 212}, 'value': '18.2'}, {'type': {'displayName': 'Angle', 'value': 213}, 'value': '6.12'}]",True,,,,,
1903815,SecondHalf,66,33.0,71,Pass,Successful,116,NEC Nijmegen,422806.0,Dirk Proper,49.9,34.2,46.0,24.6,,,,,"[{'type': {'displayName': 'Angle', 'value': 213}, 'value': '4.15'}, {'type': {'displayName': 'PassEndY', 'value': 141}, 'value': '24.6'}, {'type': {'displayName': 'PassEndX', 'value': 140}, 'value': '46.0'}, {'type': {'displayName': 'Length', 'value': 212}, 'value': '7.7'}, {'type': {'displayName': 'Zone', 'value': 56}, 'value': 'Back'}, {'type': {'displayName': 'LayOff', 'value': 156}}]",True,,,,,
1903815,SecondHalf,66,36.0,71,Pass,Successful,116,NEC Nijmegen,130917.0,Eli Dasa,48.7,29.9,57.5,38.6,,,,,"[{'type': {'displayName': 'PassEndY', 'value': 141}, 'value': '38.6'}, {'type': {'displayName': 'Length', 'value': 212}, 'value': '11.0'}, {'type': {'displayName': 'Angle', 'value': 213}, 'value': '0.57'}, {'type': {'displayName': 'Zone', 'value': 56}, 'value': 'Center'}, {'type': {'displayName': 'PassEndX', 'value': 140}, 'value': '57.5'}]",True,,,,,
1903815,SecondHalf,66,38.0,71,Pass,Successful,116,NEC Nijmegen,469366.0,Noé Lebreton,57.9,37.1,59.5,10.4,,,,,"[{'type': {'displayName': 'Angle', 'value': 213}, 'value': '4.80'}, {'type': {'displayName': 'PassEndX', 'value': 140}, 'value': '59.5'}, {'type': {'displayName': 'PassEndY', 'value': 141}, 'value': '10.4'}, {'type': {'displayName': 'Length', 'value': 212}, 'value': '18.2'}, {'type': {'displayName': 'Chipped', 'value': 155}}, {'type': {'displayName': 'Zone', 'value': 56}, 'value': 'Right'}]",True,,,,,
1903815,SecondHalf,66,43.0,71,Pass,Successful,116,NEC Nijmegen,401739.0,Darko Nejasmic,65.0,8.1,66.6,27.7,,,,,"[{'type': {'displayName': 'Length', 'value': 212}, 'value': '13.4'}, {'type': {'displayName': 'Angle', 'value': 213}, 'value': '1.45'}, {'type': {'displayName': 'PassEndX', 'value': 140}, 'value': '66.6'}, {'type': {'displayName': 'PassEndY', 'value': 141}, 'value': '27.7'}, {'type': {'displayName': 'Zone', 'value': 56}, 'value': 'Center'}]",True,,,,,
1903815,SecondHalf,66,45.0,71,Pass,Successful,116,NEC Nijmegen,469366.0,Noé Lebreton,67.6,34.5,66.3,50.0,,,,,"[{'type': {'displayName': 'PassEndX', 'value': 140}, 'value': '66.3'}, {'type': {'displayName': 'Length', 'value': 212}, 'value': '10.6'}, {'type': {'displayName': 'Angle', 'value': 213}, 'value': '1.70'}, {'type': {'displayName': 'Zone', 'value': 56}, 'value': 'Center'}, {'type': {'displayName': 'PassEndY', 'value': 141}, 'value': '50.0'}]",True,,,,,
1903815,SecondHalf,66,48.0,71,Pass,Unsuccessful,116,NEC Nijmegen,497708.0,Kodai Sano,66.9,51.5,75.2,66.0,,,,,"[{'type': {'displayName': 'Zone', 'value': 56}, 'value': 'Center'}, {'type': {'displayName': 'Angle', 'value': 213}, 'value': '0.85'}, {'type': {'displayName': 'PassEndX', 'value': 140}, 'value': '75.2'}, {'type': {'displayName': 'PassEndY', 'value': 141}, 'value': '66.0'}, {'type': {'displayName': 'Length', 'value': 212}, 'value': '13.2'}]",True,,,,,
1903815,SecondHalf,66,49.0,71,BallTouch,Successful,256,Feyenoord,515829.0,Anis Hadj Moussa,25.9,28.2,,,,,,,"[{'type': {'displayName': 'Zone', 'value': 56}, 'value': 'Back'}]",True,,,,,
1903815,SecondHalf,66,50.0,71,OffsidePass,Successful,116,NEC Nijmegen,400320.0,Ahmetcan Kaplan,78.6,68.2,85.8,81.5,,,,,"[{'type': {'displayName': 'Zone', 'value': 56}, 'value': 'Left'}, {'type': {'displayName': 'PassEndX', 'value': 140}, 'value': '85.8'}, {'type': {'displayName': 'PlayerCaughtOffside', 'value': 7}, 'value': '532237'}, {'type': {'displayName': 'PassEndY', 'value': 141}, 'value': '81.5'}]",True,,,,,
1903815,SecondHalf,66,50.0,71,OffsideProvoked,Successful,256,Feyenoord,326642.0,Anel Ahmedhodzic,18.4,49.7,,,,,,,[],False,,,,,
1903815,SecondHalf,67,26.0,72,SubstitutionOff,Successful,256,Feyenoord,361794.0,Sem Steijn,0.0,0.0,,,,,,,"[{'type': {'displayName': 'RelatedEventId', 'value': 55}, 'value': '607'}, {'type': {'displayName': 'PlayerPosition', 'value': 44}, 'value': 'Midfielder'}, {'type': {'displayName': 'JerseyNumber', 'value': 59}, 'value': '14'}]",False,,,,607.0,409892.0
1903815,SecondHalf,67,26.0,72,SubstitutionOn,Successful,256,Feyenoord,409892.0,Oussama Targhalline,0.0,0.0,,,,,,,"[{'type': {'displayName': 'RelatedEventId', 'value': 55}, 'value': '606'}, {'type': {'displayName': 'FormationSlot', 'value': 145}, 'value': '10'}, {'type': {'displayName': 'JerseyNumber', 'value': 59}, 'value': '28'}, {'type': {'displayName': 'PlayerPosition', 'value': 44}, 'value': 'Midfielder'}]",False,,,,606.0,361794.0
1903815,SecondHalf,67,34.0,72,SubstitutionOff,Successful,256,Feyenoord,297527.0,Bart Nieuwkoop,0.0,0.0,,,,,,,"[{'type': {'displayName': 'PlayerPosition', 'value': 44}, 'value': 'Defender'}, {'type': {'displayName': 'RelatedEventId', 'value': 55}, 'value': '605'}, {'type': {'displayName': 'JerseyNumber', 'value': 59}, 'value': '2'}]",False,,,,605.0,345527.0
1903815,SecondHalf,67,34.0,72,SubstitutionOn,Successful,256,Feyenoord,345527.0,Jordan Lotomba,0.0,0.0,,,,,,,"[{'type': {'displayName': 'FormationSlot', 'value': 145}, 'value': '2'}, {'type': {'displayName': 'JerseyNumber', 'value': 59}, 'value': '30'}, {'type': {'displayName': 'PlayerPosition', 'value': 44}, 'value': 'Defender'}, {'type': {'displayName': 'RelatedEventId', 'value': 55}, 'value': '604'}]",False,,,,604.0,297527.0
1903815,SecondHalf,67,47.0,72,SubstitutionOff,Successful,116,NEC Nijmegen,43004.0,Bryan Linssen,0.0,0.0,,,,,,,"[{'type': {'displayName': 'JerseyNumber', 'value': 59}, 'value': '30'}, {'type': {'displayName': 'RelatedEventId', 'value': 55}, 'value': '598'}, {'type': {'displayName': 'PlayerPosition', 'value': 44}, 'value': 'Forward'}]",False,,,,598.0,538340.0
1903815,SecondHalf,67,47.0,72,SubstitutionOn,Successful,116,NEC Nijmegen,538340.0,Kento Shiogai,0.0,0.0,,,,,,,"[{'type': {'displayName': 'JerseyNumber', 'value': 59}, 'value': '9'}, {'type': {'displayName': 'PlayerPosition', 'value': 44}, 'value': 'Midfielder'}, {'type': {'displayName': 'FormationSlot', 'value': 145}, 'value': '11'}, {'type': {'displayName': 'RelatedEventId', 'value': 55}, 'value': '597'}]",False,,,,597.0,43004.0
1903815,SecondHalf,67,48.0,72,FormationChange,Successful,116,NEC Nijmegen,,,0.0,0.0,,,,,,,"[{'type': {'displayName': 'CaptainPlayerId', 'value': 194}, 'value': '422806'}, {'type': {'displayName': 'TeamFormation', 'value': 130}, 'value': '17'}, {'type': {'displayName': 'TeamPlayerFormation', 'value': 131}, 'value': '1, 2, 3, 4, 5, 6, 7, 8, 9, 10, 11, 0, 0, 0, 0, 0, 0, 0, 0, 0'}, {'type': {'displayName': 'JerseyNumber', 'value': 59}, 'value': '1, 25, 11, 4, 3, 14, 23, 6, 9, 71, 20, 2, 5, 7, 15, 21, 24, 31, 32, 35'}, {'type': {'displayName': 'InvolvedPlayers', 'value': 30}, 'value': '448283,515755,532237,400320,321959,130917,497708,401739,538340,422806,469366,430309,301027,120454,94885,365712,582294,429380,343314,576635'}, {'type': {'displayName': 'PlayerPosition', 'value': 44}, 'value': '1, 3, 3, 2, 2, 2, 3, 3, 4, 4, 4, 5, 5, 5, 5, 5, 5, 5, 5, 5'}]",False,,,,,
1903815,SecondHalf,67,50.0,72,Pass,Successful,256,Feyenoord,121821.0,Timon Wellenreuther,18.7,35.2,27.3,69.3,,,,,"[{'type': {'displayName': 'Zone', 'value': 56}, 'value': 'Back'}, {'type': {'displayName': 'PassEndX', 'value': 140}, 'value': '27.3'}, {'type': {'displayName': 'PassEndY', 'value': 141}, 'value': '69.3'}, {'type': {'displayName': 'Angle', 'value': 213}, 'value': '1.20'}, {'type': {'displayName': 'Length', 'value': 212}, 'value': '24.9'}, {'type': {'displayName': 'FreekickTaken', 'value': 5}}]",True,,,,,
1903815,SecondHalf,67,52.0,72,Pass,Successful,256,Feyenoord,431258.0,Tsuyoshi Watanabe,27.3,70.9,36.6,68.6,,,,,"[{'type': {'displayName': 'Angle', 'value': 213}, 'value': '6.12'}, {'type': {'displayName': 'Length', 'value': 212}, 'value': '9.9'}, {'type': {'displayName': 'PassEndY', 'value': 141}, 'value': '68.6'}, {'type': {'displayName': 'PassEndX', 'value': 140}, 'value': '36.6'}, {'type': {'displayName': 'Zone', 'value': 56}, 'value': 'Back'}]",True,,,,,
1903815,SecondHalf,67,56.0,72,Pass,Unsuccessful,256,Feyenoord,411078.0,Quinten Timber,38.2,82.6,40.3,100.0,,,,,"[{'type': {'displayName': 'Zone', 'value': 56}, 'value': 'Back'}, {'type': {'displayName': 'PassEndX', 'value': 140}, 'value': '40.3'}, {'type': {'displayName': 'PassEndY', 'value': 141}, 'value': '100.0'}, {'type': {'displayName': 'Angle', 'value': 213}, 'value': '1.40'}, {'type': {'displayName': 'Length', 'value': 212}, 'value': '12.8'}]",True,,,,,
1903815,SecondHalf,68,4.0,73,Pass,Successful,116,NEC Nijmegen,130917.0,Eli Dasa,56.4,0.0,57.9,9.1,,,,,"[{'type': {'displayName': 'PassEndX', 'value': 140}, 'value': '57.9'}, {'type': {'displayName': 'ThrowIn', 'value': 107}}, {'type': {'displayName': 'Length', 'value': 212}, 'value': '7.7'}, {'type': {'displayName': 'PassEndY', 'value': 141}, 'value': '9.1'}, {'type': {'displayName': 'Angle', 'value': 213}, 'value': '1.37'}, {'type': {'displayName': 'Zone', 'value': 56}, 'value': 'Right'}]",True,,,,,
1903815,SecondHalf,68,6.0,73,Pass,Successful,116,NEC Nijmegen,515755.0,Sami Ouaissa,54.4,12.5,40.2,30.4,,,,,"[{'type': {'displayName': 'Zone', 'value': 56}, 'value': 'Back'}, {'type': {'displayName': 'Angle', 'value': 213}, 'value': '2.46'}, {'type': {'displayName': 'PassEndX', 'value': 140}, 'value': '40.2'}, {'type': {'displayName': 'PassEndY', 'value': 141}, 'value': '30.4'}, {'type': {'displayName': 'Length', 'value': 212}, 'value': '19.2'}]",True,,,,,
1903815,SecondHalf,68,9.0,73,Pass,Successful,116,NEC Nijmegen,321959.0,Philippe Sandler,42.0,33.7,53.7,48.5,,,,,"[{'type': {'displayName': 'PassEndY', 'value': 141}, 'value': '48.5'}, {'type': {'displayName': 'Length', 'value': 212}, 'value': '15.9'}, {'type': {'displayName': 'Zone', 'value': 56}, 'value': 'Center'}, {'type': {'displayName': 'Angle', 'value': 213}, 'value': '0.69'}, {'type': {'displayName': 'PassEndX', 'value': 140}, 'value': '53.7'}]",True,,,,,
1903815,SecondHalf,68,10.0,73,Pass,Successful,116,NEC Nijmegen,497708.0,Kodai Sano,54.0,46.0,59.5,30.2,,,,,"[{'type': {'displayName': 'Zone', 'value': 56}, 'value': 'Center'}, {'type': {'displayName': 'Angle', 'value': 213}, 'value': '5.21'}, {'type': {'displayName': 'PassEndX', 'value': 140}, 'value': '59.5'}, {'type': {'displayName': 'PassEndY', 'value': 141}, 'value': '30.2'}, {'type': {'displayName': 'Length', 'value': 212}, 'value': '12.2'}]",True,,,,,
1903815,SecondHalf,68,11.0,73,Pass,Unsuccessful,116,NEC Nijmegen,422806.0,Dirk Proper,63.8,38.9,66.3,40.1,,,,,"[{'type': {'displayName': 'Angle', 'value': 213}, 'value': '0.30'}, {'type': {'displayName': 'Length', 'value': 212}, 'value': '2.7'}, {'type': {'displayName': 'OppositeRelatedEvent', 'value': 233}, 'value': '850'}, {'type': {'displayName': 'Zone', 'value': 56}, 'value': 'Center'}, {'type': {'displayName': 'PassEndY', 'value': 141}, 'value': '40.1'}, {'type': {'displayName': 'PassEndX', 'value': 140}, 'value': '66.3'}, {'type': {'displayName': 'Offensive', 'value': 286}}]",True,,,,,
1903815,SecondHalf,68,12.0,73,BlockedPass,Successful,256,Feyenoord,411078.0,Quinten Timber,33.7,59.9,,,,,,,"[{'type': {'displayName': 'Defensive', 'value': 285}}, {'type': {'displayName': 'Zone', 'value': 56}, 'value': 'Back'}, {'type': {'displayName': 'OppositeRelatedEvent', 'value': 233}, 'value': '795'}]",True,,,,,
1903815,SecondHalf,68,14.0,73,Pass,Successful,116,NEC Nijmegen,422806.0,Dirk Proper,59.5,31.3,70.0,18.1,,,,,"[{'type': {'displayName': 'PassEndX', 'value': 140}, 'value': '70.0'}, {'type': {'displayName': 'Zone', 'value': 56}, 'value': 'Right'}, {'type': {'displayName': 'PassEndY', 'value': 141}, 'value': '18.1'}, {'type': {'displayName': 'Angle', 'value': 213}, 'value': '5.60'}, {'type': {'displayName': 'Length', 'value': 212}, 'value': '14.2'}]",True,,,,,
1903815,SecondHalf,68,16.0,73,Pass,Successful,116,NEC Nijmegen,515755.0,Sami Ouaissa,71.2,19.1,83.8,8.4,,,,,"[{'type': {'displayName': 'Angle', 'value': 213}, 'value': '5.78'}, {'type': {'displayName': 'Zone', 'value': 56}, 'value': 'Right'}, {'type': {'displayName': 'Length', 'value': 212}, 'value': '15.1'}, {'type': {'displayName': 'PassEndY', 'value': 141}, 'value': '8.4'}, {'type': {'displayName': 'PassEndX', 'value': 140}, 'value': '83.8'}]",True,,,,,
1903815,SecondHalf,68,21.0,73,TakeOn,Unsuccessful,116,NEC Nijmegen,130917.0,Eli Dasa,85.4,14.8,,,,,,,"[{'type': {'displayName': 'OppositeRelatedEvent', 'value': 233}, 'value': '643'}, {'type': {'displayName': 'Offensive', 'value': 286}}, {'type': {'displayName': 'Zone', 'value': 56}, 'value': 'Right'}]",True,,,,,
1903815,SecondHalf,68,21.0,73,Tackle,Successful,256,Feyenoord,400059.0,Gijs Smal,14.6,85.2,,,,,,,"[{'type': {'displayName': 'StandingSave', 'value': 178}}, {'type': {'displayName': 'Defensive', 'value': 285}}, {'type': {'displayName': 'OppositeRelatedEvent', 'value': 233}, 'value': '796'}, {'type': {'displayName': 'Zone', 'value': 56}, 'value': 'Back'}]",True,,,,,
1903815,SecondHalf,68,22.0,73,BallRecovery,Successful,256,Feyenoord,415927.0,Luciano Valente,28.8,62.6,,,,,,,[],False,,,,,
1903815,SecondHalf,68,23.0,73,TakeOn,Unsuccessful,256,Feyenoord,415927.0,Luciano Valente,33.1,60.8,,,,,,,"[{'type': {'displayName': 'OppositeRelatedEvent', 'value': 233}, 'value': '797'}, {'type': {'displayName': 'Zone', 'value': 56}, 'value': 'Back'}, {'type': {'displayName': 'Defensive', 'value': 285}}]",True,,,,,
1903815,SecondHalf,68,24.0,73,Tackle,Unsuccessful,116,NEC Nijmegen,497708.0,Kodai Sano,66.9,39.2,,,,,,,"[{'type': {'displayName': 'Zone', 'value': 56}, 'value': 'Center'}, {'type': {'displayName': 'StandingSave', 'value': 178}}, {'type': {'displayName': 'Offensive', 'value': 286}}, {'type': {'displayName': 'OppositeRelatedEvent', 'value': 233}, 'value': '608'}]",True,,,,,
1903815,SecondHalf,68,25.0,73,BallRecovery,Successful,116,NEC Nijmegen,130917.0,Eli Dasa,69.8,47.4,,,,,,,[],False,,,,,
1903815,SecondHalf,68,26.0,73,Pass,Successful,116,NEC Nijmegen,130917.0,Eli Dasa,68.7,40.3,74.6,46.4,,,,,"[{'type': {'displayName': 'Angle', 'value': 213}, 'value': '0.59'}, {'type': {'displayName': 'PassEndY', 'value': 141}, 'value': '46.4'}, {'type': {'displayName': 'PassEndX', 'value': 140}, 'value': '74.6'}, {'type': {'displayName': 'Length', 'value': 212}, 'value': '7.5'}, {'type': {'displayName': 'Zone', 'value': 56}, 'value': 'Center'}]",True,,,,,
1903815,SecondHalf,68,27.0,73,Pass,Successful,116,NEC Nijmegen,469366.0,Noé Lebreton,71.5,42.9,67.7,36.8,,,,,"[{'type': {'displayName': 'PassEndX', 'value': 140}, 'value': '67.7'}, {'type': {'displayName': 'Angle', 'value': 213}, 'value': '3.95'}, {'type': {'displayName': 'Zone', 'value': 56}, 'value': 'Center'}, {'type': {'displayName': 'Length', 'value': 212}, 'value': '5.8'}, {'type': {'displayName': 'PassEndY', 'value': 141}, 'value': '36.8'}]",True,,,,,
1903815,SecondHalf,68,29.0,73,Pass,Successful,116,NEC Nijmegen,422806.0,Dirk Proper,71.0,38.8,70.3,53.1,,,,,"[{'type': {'displayName': 'Zone', 'value': 56}, 'value': 'Center'}, {'type': {'displayName': 'Angle', 'value': 213}, 'value': '1.65'}, {'type': {'displayName': 'Length', 'value': 212}, 'value': '9.8'}, {'type': {'displayName': 'PassEndY', 'value': 141}, 'value': '53.1'}, {'type': {'displayName': 'PassEndX', 'value': 140}, 'value': '70.3'}]",True,,,,,
1903815,SecondHalf,68,32.0,73,Pass,Successful,116,NEC Nijmegen,497708.0,Kodai Sano,72.9,52.8,76.1,60.7,,,,,"[{'type': {'displayName': 'Angle', 'value': 213}, 'value': '1.01'}, {'type': {'displayName': 'Length', 'value': 212}, 'value': '6.3'}, {'type': {'displayName': 'PassEndX', 'value': 140}, 'value': '76.1'}, {'type': {'displayName': 'Zone', 'value': 56}, 'value': 'Center'}, {'type': {'displayName': 'PassEndY', 'value': 141}, 'value': '60.7'}]",True,,,,,
1903815,SecondHalf,68,34.0,73,Pass,Successful,116,NEC Nijmegen,130917.0,Eli Dasa,78.3,68.7,84.3,79.7,,,,,"[{'type': {'displayName': 'Zone', 'value': 56}, 'value': 'Left'}, {'type': {'displayName': 'Length', 'value': 212}, 'value': '9.8'}, {'type': {'displayName': 'Angle', 'value': 213}, 'value': '0.87'}, {'type': {'displayName': 'PassEndY', 'value': 141}, 'value': '79.7'}, {'type': {'displayName': 'PassEndX', 'value': 140}, 'value': '84.3'}]",True,,,,,
1903815,SecondHalf,68,36.0,73,Pass,Successful,116,NEC Nijmegen,532237.0,Basar Önal,82.5,77.2,93.6,48.4,,,,,"[{'type': {'displayName': 'Length', 'value': 212}, 'value': '22.8'}, {'type': {'displayName': 'RightFoot', 'value': 20}}, {'type': {'displayName': 'Zone', 'value': 56}, 'value': 'Center'}, {'type': {'displayName': 'Chipped', 'value': 155}}, {'type': {'displayName': 'ShotAssist', 'value': 210}, 'value': '16'}, {'type': {'displayName': 'RegularPlay', 'value': 22}}, {'type': {'displayName': 'IntentionalAssist', 'value': 154}}, {'type': {'displayName': 'PassEndX', 'value': 140}, 'value': '93.6'}, {'type': {'displayName': 'PassEndY', 'value': 141}, 'value': '48.4'}, {'type': {'displayName': 'Angle', 'value': 213}, 'value': '5.25'}, {'type': {'displayName': 'Cross', 'value': 2}}, {'type': {'displayName': 'BigChanceCreated', 'value': 11112}}, {'type': {'displayName': 'IntentionalGoalAssist', 'value': 11111}}, {'type': {'displayName': 'KeyPass', 'value': 11113}}]",True,,,,,
1903815,SecondHalf,68,39.0,73,Goal,Successful,116,NEC Nijmegen,469366.0,Noé Lebreton,93.6,48.4,,,48.7,10.1,,,"[{'type': {'displayName': 'GoalMouthZ', 'value': 103}, 'value': '10.1'}, {'type': {'displayName': 'Zone', 'value': 56}, 'value': 'Center'}, {'type': {'displayName': 'RegularPlay', 'value': 22}}, {'type': {'displayName': 'RelatedEventId', 'value': 55}, 'value': '604'}, {'type': {'displayName': 'IntentionalAssist', 'value': 154}}, {'type': {'displayName': 'Assisted', 'value': 29}}, {'type': {'displayName': 'GoalMouthY', 'value': 102}, 'value': '48.7'}, {'type': {'displayName': 'FirstTouch', 'value': 328}}, {'type': {'displayName': 'LowCentre', 'value': 78}}, {'type': {'displayName': 'BoxCentre', 'value': 17}}, {'type': {'displayName': 'BigChance', 'value': 214}}, {'type': {'displayName': 'Head', 'value': 15}}]",True,True,True,,604.0,532237.0
1903815,SecondHalf,69,35.0,74,Pass,Successful,256,Feyenoord,377288.0,Ayase Ueda,50.2,50.0,36.4,39.4,,,,,"[{'type': {'displayName': 'PassEndY', 'value': 141}, 'value': '39.4'}, {'type': {'displayName': 'PassEndX', 'value': 140}, 'value': '36.4'}, {'type': {'displayName': 'Angle', 'value': 213}, 'value': '3.60'}, {'type': {'displayName': 'Length', 'value': 212}, 'value': '16.2'}, {'type': {'displayName': 'Zone', 'value': 56}, 'value': 'Back'}]",True,,,,,
1903815,SecondHalf,69,37.0,74,Pass,Successful,256,Feyenoord,409892.0,Oussama Targhalline,40.6,21.3,39.7,11.6,,,,,"[{'type': {'displayName': 'PassEndX', 'value': 140}, 'value': '39.7'}, {'type': {'displayName': 'Angle', 'value': 213}, 'value': '4.57'}, {'type': {'displayName': 'Length', 'value': 212}, 'value': '6.7'}, {'type': {'displayName': 'PassEndY', 'value': 141}, 'value': '11.6'}, {'type': {'displayName': 'Zone', 'value': 56}, 'value': 'Back'}]",True,,,,,
1903815,SecondHalf,69,38.0,74,Pass,Unsuccessful,256,Feyenoord,345527.0,Jordan Lotomba,39.6,11.1,43.0,9.9,,,,,"[{'type': {'displayName': 'Length', 'value': 212}, 'value': '3.7'}, {'type': {'displayName': 'Zone', 'value': 56}, 'value': 'Back'}, {'type': {'displayName': 'Angle', 'value': 213}, 'value': '6.06'}, {'type': {'displayName': 'PassEndY', 'value': 141}, 'value': '9.9'}, {'type': {'displayName': 'PassEndX', 'value': 140}, 'value': '43.0'}]",True,,,,,
1903815,SecondHalf,69,39.0,74,BallTouch,Successful,116,NEC Nijmegen,532237.0,Basar Önal,56.9,89.0,,,,,,,"[{'type': {'displayName': 'Zone', 'value': 56}, 'value': 'Left'}]",True,,,,,
1903815,SecondHalf,69,39.0,74,TakeOn,Unsuccessful,256,Feyenoord,515829.0,Anis Hadj Moussa,56.0,3.2,,,,,,,"[{'type': {'displayName': 'OppositeRelatedEvent', 'value': 233}, 'value': '801'}, {'type': {'displayName': 'Offensive', 'value': 286}}, {'type': {'displayName': 'Zone', 'value': 56}, 'value': 'Right'}]",True,,,,,
1903815,SecondHalf,69,40.0,74,Tackle,Unsuccessful,116,NEC Nijmegen,400320.0,Ahmetcan Kaplan,44.0,96.8,,,,,,,"[{'type': {'displayName': 'OppositeRelatedEvent', 'value': 233}, 'value': '849'}, {'type': {'displayName': 'StandingSave', 'value': 178}}, {'type': {'displayName': 'Zone', 'value': 56}, 'value': 'Back'}, {'type': {'displayName': 'Defensive', 'value': 285}}]",True,,,,,
1903815,SecondHalf,69,42.0,74,BallRecovery,Successful,116,NEC Nijmegen,400320.0,Ahmetcan Kaplan,44.1,93.1,,,,,,,[],False,,,,,
1903815,SecondHalf,69,42.0,74,Pass,Successful,116,NEC Nijmegen,400320.0,Ahmetcan Kaplan,44.1,93.1,36.6,87.5,,,,,"[{'type': {'displayName': 'Angle', 'value': 213}, 'value': '3.59'}, {'type': {'displayName': 'Zone', 'value': 56}, 'value': 'Back'}, {'type': {'displayName': 'Length', 'value': 212}, 'value': '8.7'}, {'type': {'displayName': 'PassEndY', 'value': 141}, 'value': '87.5'}, {'type': {'displayName': 'PassEndX', 'value': 140}, 'value': '36.6'}]",True,,,,,
1903815,SecondHalf,69,47.0,74,Pass,Successful,116,NEC Nijmegen,401739.0,Darko Nejasmic,29.9,82.9,11.2,70.6,,,,,"[{'type': {'displayName': 'Zone', 'value': 56}, 'value': 'Back'}, {'type': {'displayName': 'Angle', 'value': 213}, 'value': '3.54'}, {'type': {'displayName': 'PassEndY', 'value': 141}, 'value': '70.6'}, {'type': {'displayName': 'PassEndX', 'value': 140}, 'value': '11.2'}, {'type': {'displayName': 'Length', 'value': 212}, 'value': '21.3'}]",True,,,,,
1903815,SecondHalf,69,48.0,74,Pass,Successful,116,NEC Nijmegen,448283.0,Gonzalo Crettaz,11.8,71.6,54.9,75.1,,,,,"[{'type': {'displayName': 'Zone', 'value': 56}, 'value': 'Center'}, {'type': {'displayName': 'PassEndX', 'value': 140}, 'value': '54.9'}, {'type': {'displayName': 'PassEndY', 'value': 141}, 'value': '75.1'}, {'type': {'displayName': 'Angle', 'value': 213}, 'value': '0.05'}, {'type': {'displayName': 'Length', 'value': 212}, 'value': '45.3'}, {'type': {'displayName': 'Longball', 'value': 1}}]",True,,,,,
1903815,SecondHalf,69,50.0,74,Aerial,Successful,116,NEC Nijmegen,538340.0,Kento Shiogai,54.9,75.1,,,,,,,"[{'type': {'displayName': 'Offensive', 'value': 286}}, {'type': {'displayName': 'Zone', 'value': 56}, 'value': 'Center'}, {'type': {'displayName': 'OppositeRelatedEvent', 'value': 233}, 'value': '612'}]",False,,,,,
1903815,SecondHalf,69,50.0,74,Aerial,Unsuccessful,256,Feyenoord,326642.0,Anel Ahmedhodzic,45.1,24.9,,,,,,,"[{'type': {'displayName': 'OppositeRelatedEvent', 'value': 233}, 'value': '610'}, {'type': {'displayName': 'Defensive', 'value': 285}}, {'type': {'displayName': 'Zone', 'value': 56}, 'value': 'Back'}]",False,,,,,
1903815,SecondHalf,69,51.0,74,BallTouch,Unsuccessful,116,NEC Nijmegen,538340.0,Kento Shiogai,52.9,73.4,,,,,,,"[{'type': {'displayName': 'Zone', 'value': 56}, 'value': 'Center'}]",True,,,,,
1903815,SecondHalf,69,54.0,74,Pass,Unsuccessful,256,Feyenoord,409892.0,Oussama Targhalline,58.9,17.4,69.6,0.0,,,,,"[{'type': {'displayName': 'Chipped', 'value': 155}}, {'type': {'displayName': 'PassEndX', 'value': 140}, 'value': '69.6'}, {'type': {'displayName': 'PassEndY', 'value': 141}, 'value': '0.0'}, {'type': {'displayName': 'Angle', 'value': 213}, 'value': '5.44'}, {'type': {'displayName': 'Length', 'value': 212}, 'value': '16.9'}, {'type': {'displayName': 'Zone', 'value': 56}, 'value': 'Right'}]",True,,,,,
1903815,SecondHalf,70,17.0,75,Pass,Successful,116,NEC Nijmegen,400320.0,Ahmetcan Kaplan,34.0,100.0,46.0,85.8,,,,,"[{'type': {'displayName': 'Zone', 'value': 56}, 'value': 'Back'}, {'type': {'displayName': 'ThrowIn', 'value': 107}}, {'type': {'displayName': 'Angle', 'value': 213}, 'value': '5.56'}, {'type': {'displayName': 'Length', 'value': 212}, 'value': '16.7'}, {'type': {'displayName': 'PassEndX', 'value': 140}, 'value': '46.0'}, {'type': {'displayName': 'PassEndY', 'value': 141}, 'value': '85.8'}]",True,,,,,
1903815,SecondHalf,70,19.0,75,Aerial,Successful,116,NEC Nijmegen,538340.0,Kento Shiogai,46.0,85.8,,,,,,,"[{'type': {'displayName': 'Zone', 'value': 56}, 'value': 'Back'}, {'type': {'displayName': 'Defensive', 'value': 285}}, {'type': {'displayName': 'OppositeRelatedEvent', 'value': 233}, 'value': '616'}]",False,,,,,
1903815,SecondHalf,70,19.0,75,Aerial,Unsuccessful,256,Feyenoord,409892.0,Oussama Targhalline,54.0,14.2,,,,,,,"[{'type': {'displayName': 'OppositeRelatedEvent', 'value': 233}, 'value': '614'}, {'type': {'displayName': 'Offensive', 'value': 286}}, {'type': {'displayName': 'Zone', 'value': 56}, 'value': 'Right'}]",False,,,,,
1903815,SecondHalf,70,19.0,75,Pass,Unsuccessful,116,NEC Nijmegen,538340.0,Kento Shiogai,46.0,85.8,60.1,100.0,,,,,"[{'type': {'displayName': 'HeadPass', 'value': 3}}, {'type': {'displayName': 'Zone', 'value': 56}, 'value': 'Left'}, {'type': {'displayName': 'Length', 'value': 212}, 'value': '18.3'}, {'type': {'displayName': 'Angle', 'value': 213}, 'value': '0.62'}, {'type': {'displayName': 'PassEndY', 'value': 141}, 'value': '100.0'}, {'type': {'displayName': 'PassEndX', 'value': 140}, 'value': '60.1'}]",True,,,,,
1903815,SecondHalf,70,29.0,75,Pass,Successful,256,Feyenoord,345527.0,Jordan Lotomba,40.8,0.0,28.4,7.2,,,,,"[{'type': {'displayName': 'Angle', 'value': 213}, 'value': '2.74'}, {'type': {'displayName': 'ThrowIn', 'value': 107}}, {'type': {'displayName': 'Length', 'value': 212}, 'value': '14.1'}, {'type': {'displayName': 'PassEndY', 'value': 141}, 'value': '7.2'}, {'type': {'displayName': 'PassEndX', 'value': 140}, 'value': '28.4'}, {'type': {'displayName': 'Zone', 'value': 56}, 'value': 'Back'}]",True,,,,,
1903815,SecondHalf,70,32.0,75,Pass,Successful,256,Feyenoord,326642.0,Anel Ahmedhodzic,26.8,11.6,26.9,46.7,,,,,"[{'type': {'displayName': 'Zone', 'value': 56}, 'value': 'Back'}, {'type': {'displayName': 'Length', 'value': 212}, 'value': '23.9'}, {'type': {'displayName': 'PassEndX', 'value': 140}, 'value': '26.9'}, {'type': {'displayName': 'PassEndY', 'value': 141}, 'value': '46.7'}, {'type': {'displayName': 'Angle', 'value': 213}, 'value': '1.57'}]",True,,,,,
1903815,SecondHalf,70,34.0,75,Pass,Successful,256,Feyenoord,431258.0,Tsuyoshi Watanabe,28.2,53.3,32.0,80.5,,,,,"[{'type': {'displayName': 'Angle', 'value': 213}, 'value': '1.36'}, {'type': {'displayName': 'Zone', 'value': 56}, 'value': 'Back'}, {'type': {'displayName': 'Length', 'value': 212}, 'value': '18.9'}, {'type': {'displayName': 'PassEndY', 'value': 141}, 'value': '80.5'}, {'type': {'displayName': 'PassEndX', 'value': 140}, 'value': '32.0'}]",True,,,,,
1903815,SecondHalf,70,37.0,75,Pass,Successful,256,Feyenoord,400059.0,Gijs Smal,35.2,97.0,64.3,63.9,,,,,"[{'type': {'displayName': 'PassEndX', 'value': 140}, 'value': '64.3'}, {'type': {'displayName': 'Angle', 'value': 213}, 'value': '5.65'}, {'type': {'displayName': 'Zone', 'value': 56}, 'value': 'Center'}, {'type': {'displayName': 'Length', 'value': 212}, 'value': '38.0'}, {'type': {'displayName': 'PassEndY', 'value': 141}, 'value': '63.9'}, {'type': {'displayName': 'Longball', 'value': 1}}, {'type': {'displayName': 'Chipped', 'value': 155}}]",True,,,,,
1903815,SecondHalf,70,42.0,75,Foul,Successful,256,Feyenoord,377288.0,Ayase Ueda,60.0,66.2,,,,,,,"[{'type': {'displayName': 'Offensive', 'value': 286}}, {'type': {'displayName': 'Zone', 'value': 56}, 'value': 'Center'}, {'type': {'displayName': 'Foul', 'value': 13}}, {'type': {'displayName': 'OppositeRelatedEvent', 'value': 233}, 'value': '619'}]",True,,,,,
1903815,SecondHalf,70,42.0,75,Foul,Unsuccessful,116,NEC Nijmegen,321959.0,Philippe Sandler,40.0,33.8,,,,,,,"[{'type': {'displayName': 'Foul', 'value': 13}}, {'type': {'displayName': 'OppositeRelatedEvent', 'value': 233}, 'value': '622'}, {'type': {'displayName': 'Zone', 'value': 56}, 'value': 'Back'}, {'type': {'displayName': 'Defensive', 'value': 285}}]",False,,,,,
1903815,SecondHalf,70,48.0,75,Pass,Successful,256,Feyenoord,377288.0,Ayase Ueda,57.5,68.8,53.7,46.2,,,,,"[{'type': {'displayName': 'PassEndX', 'value': 140}, 'value': '53.7'}, {'type': {'displayName': 'PassEndY', 'value': 141}, 'value': '46.2'}, {'type': {'displayName': 'FreekickTaken', 'value': 5}}, {'type': {'displayName': 'Angle', 'value': 213}, 'value': '4.46'}, {'type': {'displayName': 'Zone', 'value': 56}, 'value': 'Center'}, {'type': {'displayName': 'Length', 'value': 212}, 'value': '15.9'}]",True,,,,,
1903815,SecondHalf,70,50.0,75,Pass,Successful,256,Feyenoord,409892.0,Oussama Targhalline,53.9,45.8,56.3,25.0,,,,,"[{'type': {'displayName': 'PassEndY', 'value': 141}, 'value': '25.0'}, {'type': {'displayName': 'Zone', 'value': 56}, 'value': 'Center'}, {'type': {'displayName': 'PassEndX', 'value': 140}, 'value': '56.3'}, {'type': {'displayName': 'Length', 'value': 212}, 'value': '14.4'}, {'type': {'displayName': 'Angle', 'value': 213}, 'value': '4.89'}]",True,,,,,
1903815,SecondHalf,70,53.0,75,Pass,Successful,256,Feyenoord,345527.0,Jordan Lotomba,57.0,32.9,66.2,39.5,,,,,"[{'type': {'displayName': 'Zone', 'value': 56}, 'value': 'Center'}, {'type': {'displayName': 'PassEndY', 'value': 141}, 'value': '39.5'}, {'type': {'displayName': 'Angle', 'value': 213}, 'value': '0.43'}, {'type': {'displayName': 'Length', 'value': 212}, 'value': '10.7'}, {'type': {'displayName': 'PassEndX', 'value': 140}, 'value': '66.2'}]",True,,,,,
1903815,SecondHalf,70,55.0,75,Pass,Successful,256,Feyenoord,415927.0,Luciano Valente,64.0,38.6,53.2,34.7,,,,,"[{'type': {'displayName': 'Angle', 'value': 213}, 'value': '3.37'}, {'type': {'displayName': 'Length', 'value': 212}, 'value': '11.6'}, {'type': {'displayName': 'PassEndY', 'value': 141}, 'value': '34.7'}, {'type': {'displayName': 'PassEndX', 'value': 140}, 'value': '53.2'}, {'type': {'displayName': 'Zone', 'value': 56}, 'value': 'Center'}]",True,,,,,
1903815,SecondHalf,70,57.0,75,Pass,Successful,256,Feyenoord,326642.0,Anel Ahmedhodzic,52.6,33.2,54.5,21.8,,,,,"[{'type': {'displayName': 'Length', 'value': 212}, 'value': '8.0'}, {'type': {'displayName': 'Angle', 'value': 213}, 'value': '4.96'}, {'type': {'displayName': 'PassEndX', 'value': 140}, 'value': '54.5'}, {'type': {'displayName': 'PassEndY', 'value': 141}, 'value': '21.8'}, {'type': {'displayName': 'Zone', 'value': 56}, 'value': 'Center'}]",True,,,,,
1903815,SecondHalf,70,58.0,75,Pass,Successful,256,Feyenoord,409892.0,Oussama Targhalline,52.9,25.3,46.3,32.3,,,,,"[{'type': {'displayName': 'PassEndY', 'value': 141}, 'value': '32.3'}, {'type': {'displayName': 'Angle', 'value': 213}, 'value': '2.54'}, {'type': {'displayName': 'Zone', 'value': 56}, 'value': 'Back'}, {'type': {'displayName': 'Length', 'value': 212}, 'value': '8.4'}, {'type': {'displayName': 'PassEndX', 'value': 140}, 'value': '46.3'}]",True,,,,,
1903815,SecondHalf,71,3.0,76,Pass,Successful,256,Feyenoord,326642.0,Anel Ahmedhodzic,44.7,31.7,47.9,39.2,,,,,"[{'type': {'displayName': 'Zone', 'value': 56}, 'value': 'Back'}, {'type': {'displayName': 'Angle', 'value': 213}, 'value': '0.99'}, {'type': {'displayName': 'Length', 'value': 212}, 'value': '6.1'}, {'type': {'displayName': 'PassEndX', 'value': 140}, 'value': '47.9'}, {'type': {'displayName': 'PassEndY', 'value': 141}, 'value': '39.2'}]",True,,,,,
1903815,SecondHalf,71,7.0,76,Pass,Successful,256,Feyenoord,409892.0,Oussama Targhalline,50.7,46.1,53.9,72.6,,,,,"[{'type': {'displayName': 'Zone', 'value': 56}, 'value': 'Center'}, {'type': {'displayName': 'Length', 'value': 212}, 'value': '18.3'}, {'type': {'displayName': 'PassEndX', 'value': 140}, 'value': '53.9'}, {'type': {'displayName': 'PassEndY', 'value': 141}, 'value': '72.6'}, {'type': {'displayName': 'Angle', 'value': 213}, 'value': '1.39'}]",True,,,,,
1903815,SecondHalf,71,11.0,76,Pass,Successful,256,Feyenoord,431258.0,Tsuyoshi Watanabe,59.0,83.5,68.0,92.8,,,,,"[{'type': {'displayName': 'Zone', 'value': 56}, 'value': 'Left'}, {'type': {'displayName': 'PassEndY', 'value': 141}, 'value': '92.8'}, {'type': {'displayName': 'PassEndX', 'value': 140}, 'value': '68.0'}, {'type': {'displayName': 'Length', 'value': 212}, 'value': '11.4'}, {'type': {'displayName': 'Angle', 'value': 213}, 'value': '0.59'}]",True,,,,,
1903815,SecondHalf,71,14.0,76,Pass,Successful,256,Feyenoord,468119.0,Leo Sauer,68.8,63.5,69.5,49.1,,,,,"[{'type': {'displayName': 'Length', 'value': 212}, 'value': '9.8'}, {'type': {'displayName': 'Zone', 'value': 56}, 'value': 'Center'}, {'type': {'displayName': 'Angle', 'value': 213}, 'value': '4.79'}, {'type': {'displayName': 'PassEndY', 'value': 141}, 'value': '49.1'}, {'type': {'displayName': 'PassEndX', 'value': 140}, 'value': '69.5'}]",True,,,,,
1903815,SecondHalf,71,17.0,76,Foul,Successful,256,Feyenoord,415927.0,Luciano Valente,71.3,50.8,,,,,,,"[{'type': {'displayName': 'Foul', 'value': 13}}, {'type': {'displayName': 'Offensive', 'value': 286}}, {'type': {'displayName': 'Zone', 'value': 56}, 'value': 'Center'}, {'type': {'displayName': 'OppositeRelatedEvent', 'value': 233}, 'value': '622'}]",True,,,,,
1903815,SecondHalf,71,17.0,76,Foul,Unsuccessful,116,NEC Nijmegen,401739.0,Darko Nejasmic,28.7,49.2,,,,,,,"[{'type': {'displayName': 'Foul', 'value': 13}}, {'type': {'displayName': 'Zone', 'value': 56}, 'value': 'Back'}, {'type': {'displayName': 'OppositeRelatedEvent', 'value': 233}, 'value': '633'}, {'type': {'displayName': 'Defensive', 'value': 285}}]",False,,,,,
1903815,SecondHalf,72,5.0,77,Pass,Successful,256,Feyenoord,400059.0,Gijs Smal,75.1,45.0,76.1,40.6,,,,,"[{'type': {'displayName': 'ShotAssist', 'value': 210}, 'value': '13'}, {'type': {'displayName': 'IntentionalAssist', 'value': 154}}, {'type': {'displayName': 'FreekickTaken', 'value': 5}}, {'type': {'displayName': 'Zone', 'value': 56}, 'value': 'Center'}, {'type': {'displayName': 'PassEndY', 'value': 141}, 'value': '40.6'}, {'type': {'displayName': 'PassEndX', 'value': 140}, 'value': '76.1'}, {'type': {'displayName': 'Length', 'value': 212}, 'value': '3.2'}, {'type': {'displayName': 'Angle', 'value': 213}, 'value': '5.05'}, {'type': {'displayName': 'KeyPass', 'value': 11113}}]",True,,,,,
1903815,SecondHalf,72,6.0,77,MissedShots,Successful,256,Feyenoord,411078.0,Quinten Timber,76.1,40.6,,,60.2,9.7,,,"[{'type': {'displayName': 'GoalMouthY', 'value': 102}, 'value': '60.2'}, {'type': {'displayName': 'FirstTouch', 'value': 328}}, {'type': {'displayName': 'IndividualPlay', 'value': 215}}, {'type': {'displayName': 'Assisted', 'value': 29}}, {'type': {'displayName': 'OutOfBoxCentre', 'value': 18}}, {'type': {'displayName': 'Zone', 'value': 56}, 'value': 'Center'}, {'type': {'displayName': 'SetPiece', 'value': 24}}, {'type': {'displayName': 'MissLeft', 'value': 73}}, {'type': {'displayName': 'IntentionalAssist', 'value': 154}}, {'type': {'displayName': 'RelatedEventId', 'value': 55}, 'value': '637'}, {'type': {'displayName': 'RightFoot', 'value': 20}}, {'type': {'displayName': 'GoalMouthZ', 'value': 103}, 'value': '9.7'}]",True,True,,,637.0,400059.0
1903815,SecondHalf,72,29.0,77,Pass,Successful,116,NEC Nijmegen,448283.0,Gonzalo Crettaz,4.8,50.0,4.9,66.0,,,,,"[{'type': {'displayName': 'GoalKick', 'value': 124}}, {'type': {'displayName': 'PassEndX', 'value': 140}, 'value': '4.9'}, {'type': {'displayName': 'Angle', 'value': 213}, 'value': '1.56'}, {'type': {'displayName': 'Length', 'value': 212}, 'value': '10.9'}, {'type': {'displayName': 'PassEndY', 'value': 141}, 'value': '66.0'}, {'type': {'displayName': 'Zone', 'value': 56}, 'value': 'Back'}]",True,,,,,
1903815,SecondHalf,72,34.0,77,Pass,Successful,116,NEC Nijmegen,400320.0,Ahmetcan Kaplan,12.1,51.3,9.1,29.2,,,,,"[{'type': {'displayName': 'Angle', 'value': 213}, 'value': '4.51'}, {'type': {'displayName': 'Zone', 'value': 56}, 'value': 'Back'}, {'type': {'displayName': 'PassEndY', 'value': 141}, 'value': '29.2'}, {'type': {'displayName': 'Length', 'value': 212}, 'value': '15.4'}, {'type': {'displayName': 'PassEndX', 'value': 140}, 'value': '9.1'}]",True,,,,,
1903815,SecondHalf,72,37.0,77,Pass,Successful,116,NEC Nijmegen,321959.0,Philippe Sandler,23.2,23.3,47.5,22.6,,,,,"[{'type': {'displayName': 'Angle', 'value': 213}, 'value': '6.26'}, {'type': {'displayName': 'PassEndY', 'value': 141}, 'value': '22.6'}, {'type': {'displayName': 'Length', 'value': 212}, 'value': '25.5'}, {'type': {'displayName': 'PassEndX', 'value': 140}, 'value': '47.5'}, {'type': {'displayName': 'Zone', 'value': 56}, 'value': 'Back'}]",True,,,,,
1903815,SecondHalf,72,39.0,77,Pass,Successful,116,NEC Nijmegen,422806.0,Dirk Proper,54.7,20.6,62.2,8.7,,,,,"[{'type': {'displayName': 'PassEndY', 'value': 141}, 'value': '8.7'}, {'type': {'displayName': 'Angle', 'value': 213}, 'value': '5.48'}, {'type': {'displayName': 'Length', 'value': 212}, 'value': '11.3'}, {'type': {'displayName': 'Zone', 'value': 56}, 'value': 'Right'}, {'type': {'displayName': 'PassEndX', 'value': 140}, 'value': '62.2'}]",True,,,,,
1903815,SecondHalf,72,42.0,77,Pass,Successful,116,NEC Nijmegen,515755.0,Sami Ouaissa,63.3,34.2,63.4,51.0,,,,,"[{'type': {'displayName': 'Length', 'value': 212}, 'value': '11.4'}, {'type': {'displayName': 'Zone', 'value': 56}, 'value': 'Center'}, {'type': {'displayName': 'PassEndY', 'value': 141}, 'value': '51.0'}, {'type': {'displayName': 'Angle', 'value': 213}, 'value': '1.56'}, {'type': {'displayName': 'PassEndX', 'value': 140}, 'value': '63.4'}]",True,,,,,
1903815,SecondHalf,72,44.0,77,Pass,Successful,116,NEC Nijmegen,469366.0,Noé Lebreton,66.2,52.6,78.5,80.9,,,,,"[{'type': {'displayName': 'PassEndX', 'value': 140}, 'value': '78.5'}, {'type': {'displayName': 'PassEndY', 'value': 141}, 'value': '80.9'}, {'type': {'displayName': 'Angle', 'value': 213}, 'value': '0.98'}, {'type': {'displayName': 'LayOff', 'value': 156}}, {'type': {'displayName': 'Zone', 'value': 56}, 'value': 'Left'}, {'type': {'displayName': 'ShotAssist', 'value': 210}, 'value': '15'}, {'type': {'displayName': 'Length', 'value': 212}, 'value': '23.2'}, {'type': {'displayName': 'KeyPass', 'value': 11113}}]",True,,,,,
1903815,SecondHalf,72,48.0,77,SavedShot,Successful,116,NEC Nijmegen,532237.0,Basar Önal,88.3,74.6,,,48.1,25.3,99.4,52.7,"[{'type': {'displayName': 'Zone', 'value': 56}, 'value': 'Center'}, {'type': {'displayName': 'HighRight', 'value': 81}}, {'type': {'displayName': 'RegularPlay', 'value': 22}}, {'type': {'displayName': 'GoalMouthZ', 'value': 103}, 'value': '25.3'}, {'type': {'displayName': 'RightFoot', 'value': 20}}, {'type': {'displayName': 'GoalMouthY', 'value': 102}, 'value': '48.1'}, {'type': {'displayName': 'BlockedY', 'value': 147}, 'value': '52.7'}, {'type': {'displayName': 'Assisted', 'value': 29}}, {'type': {'displayName': 'RelatedEventId', 'value': 55}, 'value': '631'}, {'type': {'displayName': 'BoxLeft', 'value': 64}}, {'type': {'displayName': 'BlockedX', 'value': 146}, 'value': '99.4'}, {'type': {'displayName': 'IndividualPlay', 'value': 215}}, {'type': {'displayName': 'OppositeRelatedEvent', 'value': 233}, 'value': '641'}]",True,True,,,631.0,469366.0
1903815,SecondHalf,72,48.0,77,Save,Successful,256,Feyenoord,121821.0,Timon Wellenreuther,1.6,47.9,,,,,,,"[{'type': {'displayName': 'DivingSave', 'value': 179}}, {'type': {'displayName': 'OppositeRelatedEvent', 'value': 233}, 'value': '632'}, {'type': {'displayName': 'Hands', 'value': 182}}, {'type': {'displayName': 'Zone', 'value': 56}, 'value': 'Back'}, {'type': {'displayName': 'KeeperSaveInTheBox', 'value': 11115}}]",True,,,,,
1903815,SecondHalf,72,51.0,77,CornerAwarded,Successful,116,NEC Nijmegen,532237.0,Basar Önal,93.4,61.0,,,,,,,"[{'type': {'displayName': 'MissRight', 'value': 75}}, {'type': {'displayName': 'Zone', 'value': 56}, 'value': 'Center'}, {'type': {'displayName': 'OppositeRelatedEvent', 'value': 233}, 'value': '642'}]",False,,,,,
1903815,SecondHalf,72,51.0,77,CornerAwarded,Unsuccessful,256,Feyenoord,121821.0,Timon Wellenreuther,6.6,39.0,,,,,,,"[{'type': {'displayName': 'OppositeRelatedEvent', 'value': 233}, 'value': '633'}, {'type': {'displayName': 'MissLeft', 'value': 73}}, {'type': {'displayName': 'Zone', 'value': 56}, 'value': 'Back'}]",False,,,,,
1903815,SecondHalf,73,21.0,78,Pass,Unsuccessful,116,NEC Nijmegen,515755.0,Sami Ouaissa,99.5,0.5,92.1,53.0,,,,,"[{'type': {'displayName': 'Chipped', 'value': 155}}, {'type': {'displayName': 'LeftFoot', 'value': 72}}, {'type': {'displayName': 'CornerTaken', 'value': 6}}, {'type': {'displayName': 'PassEndY', 'value': 141}, 'value': '53.0'}, {'type': {'displayName': 'Length', 'value': 212}, 'value': '36.5'}, {'type': {'displayName': 'PassEndX', 'value': 140}, 'value': '92.1'}, {'type': {'displayName': 'Zone', 'value': 56}, 'value': 'Center'}, {'type': {'displayName': 'Angle', 'value': 213}, 'value': '1.79'}, {'type': {'displayName': 'Longball', 'value': 1}}, {'type': {'displayName': 'Cross', 'value': 2}}]",True,,,,,
1903815,SecondHalf,73,25.0,78,Aerial,Successful,256,Feyenoord,345527.0,Jordan Lotomba,7.9,47.0,,,,,,,"[{'type': {'displayName': 'OppositeRelatedEvent', 'value': 233}, 'value': '635'}, {'type': {'displayName': 'Zone', 'value': 56}, 'value': 'Back'}, {'type': {'displayName': 'Defensive', 'value': 285}}]",False,,,,,
1903815,SecondHalf,73,25.0,78,Aerial,Unsuccessful,116,NEC Nijmegen,321959.0,Philippe Sandler,92.1,53.0,,,,,,,"[{'type': {'displayName': 'Zone', 'value': 56}, 'value': 'Center'}, {'type': {'displayName': 'Offensive', 'value': 286}}, {'type': {'displayName': 'OppositeRelatedEvent', 'value': 233}, 'value': '644'}]",False,,,,,
1903815,SecondHalf,73,25.0,78,Clearance,Successful,256,Feyenoord,345527.0,Jordan Lotomba,7.9,47.0,3.4,44.7,,,,,"[{'type': {'displayName': 'Length', 'value': 212}, 'value': '5.0'}, {'type': {'displayName': 'PassEndX', 'value': 140}, 'value': '3.4'}, {'type': {'displayName': 'Head', 'value': 15}}, {'type': {'displayName': 'PassEndY', 'value': 141}, 'value': '44.7'}, {'type': {'displayName': 'Angle', 'value': 213}, 'value': '3.46'}, {'type': {'displayName': 'Zone', 'value': 56}, 'value': 'Back'}]",True,,,,,
1903815,SecondHalf,73,26.0,78,BallTouch,Successful,116,NEC Nijmegen,321959.0,Philippe Sandler,92.1,53.0,,,,,,,"[{'type': {'displayName': 'Zone', 'value': 56}, 'value': 'Center'}]",True,,,,,
1903815,SecondHalf,73,29.0,78,Pass,Successful,116,NEC Nijmegen,515755.0,Sami Ouaissa,88.6,20.0,75.0,16.0,,,,,"[{'type': {'displayName': 'PassEndX', 'value': 140}, 'value': '75.0'}, {'type': {'displayName': 'Angle', 'value': 213}, 'value': '3.33'}, {'type': {'displayName': 'Zone', 'value': 56}, 'value': 'Right'}, {'type': {'displayName': 'Length', 'value': 212}, 'value': '14.5'}, {'type': {'displayName': 'PassEndY', 'value': 141}, 'value': '16.0'}]",True,,,,,
1903815,SecondHalf,73,32.0,78,Pass,Successful,116,NEC Nijmegen,130917.0,Eli Dasa,85.8,4.3,89.5,51.3,,,,,"[{'type': {'displayName': 'RightFoot', 'value': 20}}, {'type': {'displayName': 'PassEndY', 'value': 141}, 'value': '51.3'}, {'type': {'displayName': 'Length', 'value': 212}, 'value': '32.2'}, {'type': {'displayName': 'IntentionalAssist', 'value': 154}}, {'type': {'displayName': 'Chipped', 'value': 155}}, {'type': {'displayName': 'PassEndX', 'value': 140}, 'value': '89.5'}, {'type': {'displayName': 'Longball', 'value': 1}}, {'type': {'displayName': 'Angle', 'value': 213}, 'value': '1.45'}, {'type': {'displayName': 'Zone', 'value': 56}, 'value': 'Center'}, {'type': {'displayName': 'Cross', 'value': 2}}, {'type': {'displayName': 'ShotAssist', 'value': 210}, 'value': '15'}, {'type': {'displayName': 'KeyPass', 'value': 11113}}]",True,,,,,
1903815,SecondHalf,73,36.0,78,Aerial,Successful,116,NEC Nijmegen,321959.0,Philippe Sandler,88.3,43.7,,,,,,,"[{'type': {'displayName': 'OppositeRelatedEvent', 'value': 233}, 'value': '646'}, {'type': {'displayName': 'Offensive', 'value': 286}}, {'type': {'displayName': 'Zone', 'value': 56}, 'value': 'Center'}]",False,,,,,
1903815,SecondHalf,73,36.0,78,Aerial,Unsuccessful,256,Feyenoord,326642.0,Anel Ahmedhodzic,11.7,56.3,,,,,,,"[{'type': {'displayName': 'OppositeRelatedEvent', 'value': 233}, 'value': '639'}, {'type': {'displayName': 'Zone', 'value': 56}, 'value': 'Back'}, {'type': {'displayName': 'Defensive', 'value': 285}}]",False,,,,,
1903815,SecondHalf,73,37.0,78,SavedShot,Successful,116,NEC Nijmegen,321959.0,Philippe Sandler,90.1,49.1,,,50.0,19.0,92.0,49.3,"[{'type': {'displayName': 'Blocked', 'value': 82}}, {'type': {'displayName': 'FromCorner', 'value': 25}}, {'type': {'displayName': 'RelatedEventId', 'value': 55}, 'value': '638'}, {'type': {'displayName': 'GoalMouthZ', 'value': 103}, 'value': '19'}, {'type': {'displayName': 'BoxCentre', 'value': 17}}, {'type': {'displayName': 'LowCentre', 'value': 78}}, {'type': {'displayName': 'Assisted', 'value': 29}}, {'type': {'displayName': 'FirstTouch', 'value': 328}}, {'type': {'displayName': 'Head', 'value': 15}}, {'type': {'displayName': 'GoalMouthY', 'value': 102}, 'value': '50.0'}, {'type': {'displayName': 'Zone', 'value': 56}, 'value': 'Center'}, {'type': {'displayName': 'BlockedX', 'value': 146}, 'value': '92.0'}, {'type': {'displayName': 'BlockedY', 'value': 147}, 'value': '49.3'}, {'type': {'displayName': 'OppositeRelatedEvent', 'value': 233}, 'value': '648'}, {'type': {'displayName': 'IntentionalAssist', 'value': 154}}]",True,True,,,638.0,130917.0
1903815,SecondHalf,73,37.0,78,Save,Successful,256,Feyenoord,326642.0,Anel Ahmedhodzic,9.8,55.2,,,,,,,"[{'type': {'displayName': 'OutfielderBlock', 'value': 94}}, {'type': {'displayName': 'OppositeRelatedEvent', 'value': 233}, 'value': '640'}, {'type': {'displayName': 'Zone', 'value': 56}, 'value': 'Back'}]",True,,,,,
1903815,SecondHalf,73,37.0,78,CornerAwarded,Successful,116,NEC Nijmegen,321959.0,Philippe Sandler,91.2,48.0,,,,,,,"[{'type': {'displayName': 'Zone', 'value': 56}, 'value': 'Center'}, {'type': {'displayName': 'MissLeft', 'value': 73}}, {'type': {'displayName': 'OppositeRelatedEvent', 'value': 233}, 'value': '647'}]",False,,,,,
1903815,SecondHalf,73,37.0,78,CornerAwarded,Unsuccessful,256,Feyenoord,326642.0,Anel Ahmedhodzic,8.8,52.0,,,,,,,"[{'type': {'displayName': 'MissLeft', 'value': 73}}, {'type': {'displayName': 'Zone', 'value': 56}, 'value': 'Back'}, {'type': {'displayName': 'OppositeRelatedEvent', 'value': 233}, 'value': '641'}]",False,,,,,
1903815,SecondHalf,74,11.0,79,Pass,Successful,116,NEC Nijmegen,532237.0,Basar Önal,99.5,99.5,90.5,46.9,,,,,"[{'type': {'displayName': 'Chipped', 'value': 155}}, {'type': {'displayName': 'PassEndX', 'value': 140}, 'value': '90.5'}, {'type': {'displayName': 'CornerTaken', 'value': 6}}, {'type': {'displayName': 'Angle', 'value': 213}, 'value': '4.45'}, {'type': {'displayName': 'Longball', 'value': 1}}, {'type': {'displayName': 'IntentionalAssist', 'value': 154}}, {'type': {'displayName': 'ShotAssist', 'value': 210}, 'value': '15'}, {'type': {'displayName': 'Zone', 'value': 56}, 'value': 'Center'}, {'type': {'displayName': 'RightFoot', 'value': 20}}, {'type': {'displayName': 'Length', 'value': 212}, 'value': '37.0'}, {'type': {'displayName': 'Cross', 'value': 2}}, {'type': {'displayName': 'PassEndY', 'value': 141}, 'value': '46.9'}, {'type': {'displayName': 'KeyPass', 'value': 11113}}]",True,,,,,
1903815,SecondHalf,74,14.0,79,Aerial,Successful,116,NEC Nijmegen,400320.0,Ahmetcan Kaplan,90.5,46.9,,,,,,,"[{'type': {'displayName': 'OppositeRelatedEvent', 'value': 233}, 'value': '650'}, {'type': {'displayName': 'Offensive', 'value': 286}}, {'type': {'displayName': 'Zone', 'value': 56}, 'value': 'Center'}]",False,,,,,
1903815,SecondHalf,74,14.0,79,Aerial,Unsuccessful,256,Feyenoord,411078.0,Quinten Timber,9.5,53.1,,,,,,,"[{'type': {'displayName': 'Defensive', 'value': 285}}, {'type': {'displayName': 'OppositeRelatedEvent', 'value': 233}, 'value': '643'}, {'type': {'displayName': 'Zone', 'value': 56}, 'value': 'Back'}]",False,,,,,
1903815,SecondHalf,74,14.0,79,SavedShot,Successful,116,NEC Nijmegen,400320.0,Ahmetcan Kaplan,90.3,48.3,,,51.6,19.0,92.1,48.9,"[{'type': {'displayName': 'IntentionalAssist', 'value': 154}}, {'type': {'displayName': 'RelatedEventId', 'value': 55}, 'value': '642'}, {'type': {'displayName': 'Blocked', 'value': 82}}, {'type': {'displayName': 'Zone', 'value': 56}, 'value': 'Center'}, {'type': {'displayName': 'GoalMouthZ', 'value': 103}, 'value': '19'}, {'type': {'displayName': 'LowCentre', 'value': 78}}, {'type': {'displayName': 'OppositeRelatedEvent', 'value': 233}, 'value': '651'}, {'type': {'displayName': 'FromCorner', 'value': 25}}, {'type': {'displayName': 'Head', 'value': 15}}, {'type': {'displayName': 'GoalMouthY', 'value': 102}, 'value': '51.6'}, {'type': {'displayName': 'FirstTouch', 'value': 328}}, {'type': {'displayName': 'Assisted', 'value': 29}}, {'type': {'displayName': 'BlockedX', 'value': 146}, 'value': '92.1'}, {'type': {'displayName': 'BlockedY', 'value': 147}, 'value': '48.9'}, {'type': {'displayName': 'BoxCentre', 'value': 17}}]",True,True,,,642.0,532237.0
1903815,SecondHalf,74,14.0,79,Save,Successful,256,Feyenoord,411078.0,Quinten Timber,8.3,52.7,,,,,,,"[{'type': {'displayName': 'Zone', 'value': 56}, 'value': 'Back'}, {'type': {'displayName': 'OutfielderBlock', 'value': 94}}, {'type': {'displayName': 'OppositeRelatedEvent', 'value': 233}, 'value': '644'}]",True,,,,,
1903815,SecondHalf,74,17.0,79,TakeOn,Unsuccessful,116,NEC Nijmegen,515755.0,Sami Ouaissa,85.4,29.2,,,,,,,"[{'type': {'displayName': 'Zone', 'value': 56}, 'value': 'Center'}, {'type': {'displayName': 'Offensive', 'value': 286}}, {'type': {'displayName': 'OppositeRelatedEvent', 'value': 233}, 'value': '665'}]",True,,,,,
1903815,SecondHalf,74,17.0,79,Tackle,Unsuccessful,256,Feyenoord,345527.0,Jordan Lotomba,14.6,70.8,,,,,,,"[{'type': {'displayName': 'Defensive', 'value': 285}}, {'type': {'displayName': 'StandingSave', 'value': 178}}, {'type': {'displayName': 'Zone', 'value': 56}, 'value': 'Back'}, {'type': {'displayName': 'OppositeRelatedEvent', 'value': 233}, 'value': '645'}]",True,,,,,
1903815,SecondHalf,74,18.0,79,Pass,Successful,116,NEC Nijmegen,321959.0,Philippe Sandler,88.6,24.1,83.5,28.2,,,,,"[{'type': {'displayName': 'Angle', 'value': 213}, 'value': '2.66'}, {'type': {'displayName': 'Zone', 'value': 56}, 'value': 'Center'}, {'type': {'displayName': 'Length', 'value': 212}, 'value': '6.0'}, {'type': {'displayName': 'PassEndX', 'value': 140}, 'value': '83.5'}, {'type': {'displayName': 'PassEndY', 'value': 141}, 'value': '28.2'}]",True,,,,,
1903815,SecondHalf,74,19.0,79,Pass,Successful,116,NEC Nijmegen,515755.0,Sami Ouaissa,81.4,28.9,78.0,42.9,,,,,"[{'type': {'displayName': 'Angle', 'value': 213}, 'value': '1.93'}, {'type': {'displayName': 'Length', 'value': 212}, 'value': '10.2'}, {'type': {'displayName': 'PassEndY', 'value': 141}, 'value': '42.9'}, {'type': {'displayName': 'PassEndX', 'value': 140}, 'value': '78.0'}, {'type': {'displayName': 'Zone', 'value': 56}, 'value': 'Center'}]",True,,,,,
1903815,SecondHalf,74,21.0,79,Pass,Unsuccessful,116,NEC Nijmegen,401739.0,Darko Nejasmic,77.7,42.9,100.0,23.9,,,,,"[{'type': {'displayName': 'PassEndX', 'value': 140}, 'value': '100.0'}, {'type': {'displayName': 'Angle', 'value': 213}, 'value': '5.80'}, {'type': {'displayName': 'PassEndY', 'value': 141}, 'value': '23.9'}, {'type': {'displayName': 'Zone', 'value': 56}, 'value': 'Center'}, {'type': {'displayName': 'Length', 'value': 212}, 'value': '28.0'}]",True,,,,,
1903815,SecondHalf,74,36.0,79,Pass,Successful,256,Feyenoord,431258.0,Tsuyoshi Watanabe,4.8,62.1,14.1,22.1,,,,,"[{'type': {'displayName': 'PassEndX', 'value': 140}, 'value': '14.1'}, {'type': {'displayName': 'Zone', 'value': 56}, 'value': 'Back'}, {'type': {'displayName': 'GoalKick', 'value': 124}}, {'type': {'displayName': 'PassEndY', 'value': 141}, 'value': '22.1'}, {'type': {'displayName': 'Length', 'value': 212}, 'value': '28.9'}, {'type': {'displayName': 'Angle', 'value': 213}, 'value': '5.06'}]",True,,,,,
1903815,SecondHalf,74,42.0,79,Pass,Successful,256,Feyenoord,326642.0,Anel Ahmedhodzic,15.1,24.1,7.0,46.8,,,,,"[{'type': {'displayName': 'PassEndX', 'value': 140}, 'value': '7.0'}, {'type': {'displayName': 'Zone', 'value': 56}, 'value': 'Back'}, {'type': {'displayName': 'Angle', 'value': 213}, 'value': '2.07'}, {'type': {'displayName': 'Length', 'value': 212}, 'value': '17.6'}, {'type': {'displayName': 'PassEndY', 'value': 141}, 'value': '46.8'}]",True,,,,,
1903815,SecondHalf,74,43.0,79,Pass,Successful,256,Feyenoord,121821.0,Timon Wellenreuther,6.7,46.1,14.5,22.0,,,,,"[{'type': {'displayName': 'Zone', 'value': 56}, 'value': 'Back'}, {'type': {'displayName': 'PassEndX', 'value': 140}, 'value': '14.5'}, {'type': {'displayName': 'PassEndY', 'value': 141}, 'value': '22.0'}, {'type': {'displayName': 'Angle', 'value': 213}, 'value': '5.18'}, {'type': {'displayName': 'Length', 'value': 212}, 'value': '18.3'}]",True,,,,,
1903815,SecondHalf,74,47.0,79,Pass,Successful,256,Feyenoord,326642.0,Anel Ahmedhodzic,22.4,15.9,24.9,2.9,,,,,"[{'type': {'displayName': 'Zone', 'value': 56}, 'value': 'Back'}, {'type': {'displayName': 'PassEndY', 'value': 141}, 'value': '2.9'}, {'type': {'displayName': 'Length', 'value': 212}, 'value': '9.2'}, {'type': {'displayName': 'PassEndX', 'value': 140}, 'value': '24.9'}, {'type': {'displayName': 'Angle', 'value': 213}, 'value': '5.00'}]",True,,,,,
1903815,SecondHalf,74,48.0,79,Pass,Successful,256,Feyenoord,345527.0,Jordan Lotomba,23.3,4.5,3.3,29.1,,,,,"[{'type': {'displayName': 'PassEndY', 'value': 141}, 'value': '29.1'}, {'type': {'displayName': 'PassEndX', 'value': 140}, 'value': '3.3'}, {'type': {'displayName': 'Zone', 'value': 56}, 'value': 'Back'}, {'type': {'displayName': 'Angle', 'value': 213}, 'value': '2.47'}, {'type': {'displayName': 'Length', 'value': 212}, 'value': '26.8'}]",True,,,,,
1903815,SecondHalf,74,53.0,79,Pass,Successful,256,Feyenoord,121821.0,Timon Wellenreuther,2.0,17.0,11.0,3.0,,,,,"[{'type': {'displayName': 'PassEndX', 'value': 140}, 'value': '11.0'}, {'type': {'displayName': 'Zone', 'value': 56}, 'value': 'Back'}, {'type': {'displayName': 'PassEndY', 'value': 141}, 'value': '3.0'}, {'type': {'displayName': 'Angle', 'value': 213}, 'value': '5.49'}, {'type': {'displayName': 'Length', 'value': 212}, 'value': '13.4'}]",True,,,,,
1903815,SecondHalf,74,57.0,79,Pass,Unsuccessful,256,Feyenoord,345527.0,Jordan Lotomba,11.0,2.9,23.7,0.0,,,,,"[{'type': {'displayName': 'Longball', 'value': 1}}, {'type': {'displayName': 'PassEndX', 'value': 140}, 'value': '23.7'}, {'type': {'displayName': 'Angle', 'value': 213}, 'value': '6.08'}, {'type': {'displayName': 'Zone', 'value': 56}, 'value': 'Back'}, {'type': {'displayName': 'PassEndY', 'value': 141}, 'value': '0.0'}, {'type': {'displayName': 'Length', 'value': 212}, 'value': '13.6'}]",True,,,,,
1903815,SecondHalf,75,20.0,80,SubstitutionOff,Successful,256,Feyenoord,515829.0,Anis Hadj Moussa,0.0,0.0,,,,,,,"[{'type': {'displayName': 'PlayerPosition', 'value': 44}, 'value': 'Forward'}, {'type': {'displayName': 'RelatedEventId', 'value': 55}, 'value': '662'}, {'type': {'displayName': 'JerseyNumber', 'value': 59}, 'value': '23'}]",False,,,,662.0,534893.0
1903815,SecondHalf,75,20.0,80,SubstitutionOn,Successful,256,Feyenoord,534893.0,Aymen Sliti,0.0,0.0,,,,,,,"[{'type': {'displayName': 'PlayerPosition', 'value': 44}, 'value': 'Midfielder'}, {'type': {'displayName': 'RelatedEventId', 'value': 55}, 'value': '661'}, {'type': {'displayName': 'JerseyNumber', 'value': 59}, 'value': '32'}, {'type': {'displayName': 'FormationSlot', 'value': 145}, 'value': '7'}]",False,,,,661.0,515829.0
1903815,SecondHalf,75,40.0,80,Pass,Successful,116,NEC Nijmegen,400320.0,Ahmetcan Kaplan,81.0,100.0,89.8,88.5,,,,,"[{'type': {'displayName': 'Length', 'value': 212}, 'value': '13.0'}, {'type': {'displayName': 'ThrowIn', 'value': 107}}, {'type': {'displayName': 'Angle', 'value': 213}, 'value': '5.50'}, {'type': {'displayName': 'PassEndX', 'value': 140}, 'value': '89.8'}, {'type': {'displayName': 'PassEndY', 'value': 141}, 'value': '88.5'}, {'type': {'displayName': 'Zone', 'value': 56}, 'value': 'Left'}]",True,,,,,
1903815,SecondHalf,75,42.0,80,Pass,Successful,116,NEC Nijmegen,469366.0,Noé Lebreton,88.8,89.6,87.5,94.4,,,,,"[{'type': {'displayName': 'Zone', 'value': 56}, 'value': 'Left'}, {'type': {'displayName': 'LayOff', 'value': 156}}, {'type': {'displayName': 'Length', 'value': 212}, 'value': '3.5'}, {'type': {'displayName': 'Angle', 'value': 213}, 'value': '1.97'}, {'type': {'displayName': 'PassEndX', 'value': 140}, 'value': '87.5'}, {'type': {'displayName': 'PassEndY', 'value': 141}, 'value': '94.4'}]",True,,,,,
1903815,SecondHalf,75,43.0,80,Pass,Unsuccessful,116,NEC Nijmegen,400320.0,Ahmetcan Kaplan,88.2,94.4,92.1,62.7,,,,,"[{'type': {'displayName': 'Chipped', 'value': 155}}, {'type': {'displayName': 'LeftFoot', 'value': 72}}, {'type': {'displayName': 'Cross', 'value': 2}}, {'type': {'displayName': 'PassEndX', 'value': 140}, 'value': '92.1'}, {'type': {'displayName': 'PassEndY', 'value': 141}, 'value': '62.7'}, {'type': {'displayName': 'Zone', 'value': 56}, 'value': 'Center'}, {'type': {'displayName': 'Angle', 'value': 213}, 'value': '4.90'}, {'type': {'displayName': 'Length', 'value': 212}, 'value': '21.9'}]",True,,,,,
1903815,SecondHalf,75,44.0,80,Clearance,Successful,256,Feyenoord,326642.0,Anel Ahmedhodzic,4.0,34.7,0.0,37.4,,,,,"[{'type': {'displayName': 'PassEndY', 'value': 141}, 'value': '37.4'}, {'type': {'displayName': 'PassEndX', 'value': 140}, 'value': '0.0'}, {'type': {'displayName': 'Zone', 'value': 56}, 'value': 'Back'}, {'type': {'displayName': 'Length', 'value': 212}, 'value': '6.6'}, {'type': {'displayName': 'Angle', 'value': 213}, 'value': '2.86'}]",True,,,,,
1903815,SecondHalf,75,44.0,80,CornerAwarded,Successful,116,NEC Nijmegen,400320.0,Ahmetcan Kaplan,98.1,62.6,,,,,,,"[{'type': {'displayName': 'MissLeft', 'value': 73}}, {'type': {'displayName': 'Zone', 'value': 56}, 'value': 'Center'}, {'type': {'displayName': 'OppositeRelatedEvent', 'value': 233}, 'value': '664'}]",False,,,,,
1903815,SecondHalf,75,44.0,80,CornerAwarded,Unsuccessful,256,Feyenoord,326642.0,Anel Ahmedhodzic,1.9,37.4,,,,,,,"[{'type': {'displayName': 'OppositeRelatedEvent', 'value': 233}, 'value': '654'}, {'type': {'displayName': 'Zone', 'value': 56}, 'value': 'Back'}, {'type': {'displayName': 'MissLeft', 'value': 73}}]",False,,,,,
1903815,SecondHalf,76,8.0,81,Pass,Unsuccessful,116,NEC Nijmegen,532237.0,Basar Önal,99.5,99.5,91.3,43.1,,,,,"[{'type': {'displayName': 'Longball', 'value': 1}}, {'type': {'displayName': 'Zone', 'value': 56}, 'value': 'Center'}, {'type': {'displayName': 'PassEndX', 'value': 140}, 'value': '91.3'}, {'type': {'displayName': 'Cross', 'value': 2}}, {'type': {'displayName': 'CornerTaken', 'value': 6}}, {'type': {'displayName': 'Chipped', 'value': 155}}, {'type': {'displayName': 'PassEndY', 'value': 141}, 'value': '43.1'}, {'type': {'displayName': 'Length', 'value': 212}, 'value': '39.3'}, {'type': {'displayName': 'RightFoot', 'value': 20}}, {'type': {'displayName': 'Angle', 'value': 213}, 'value': '4.49'}]",True,,,,,
1903815,SecondHalf,76,11.0,81,Aerial,Successful,256,Feyenoord,345527.0,Jordan Lotomba,8.7,56.9,,,,,,,"[{'type': {'displayName': 'OppositeRelatedEvent', 'value': 233}, 'value': '656'}, {'type': {'displayName': 'Defensive', 'value': 285}}, {'type': {'displayName': 'Zone', 'value': 56}, 'value': 'Back'}]",False,,,,,
1903815,SecondHalf,76,11.0,81,Aerial,Unsuccessful,116,NEC Nijmegen,401739.0,Darko Nejasmic,91.3,43.1,,,,,,,"[{'type': {'displayName': 'OppositeRelatedEvent', 'value': 233}, 'value': '666'}, {'type': {'displayName': 'Zone', 'value': 56}, 'value': 'Center'}, {'type': {'displayName': 'Offensive', 'value': 286}}]",False,,,,,
1903815,SecondHalf,76,11.0,81,Clearance,Successful,256,Feyenoord,345527.0,Jordan Lotomba,8.7,56.9,5.1,48.9,,,,,"[{'type': {'displayName': 'Angle', 'value': 213}, 'value': '4.11'}, {'type': {'displayName': 'Length', 'value': 212}, 'value': '6.6'}, {'type': {'displayName': 'PassEndX', 'value': 140}, 'value': '5.1'}, {'type': {'displayName': 'Zone', 'value': 56}, 'value': 'Back'}, {'type': {'displayName': 'Head', 'value': 15}}, {'type': {'displayName': 'PassEndY', 'value': 141}, 'value': '48.9'}]",True,,,,,
1903815,SecondHalf,76,15.0,81,Foul,Successful,256,Feyenoord,121821.0,Timon Wellenreuther,4.3,48.4,,,,,,,"[{'type': {'displayName': 'Zone', 'value': 56}, 'value': 'Back'}, {'type': {'displayName': 'Defensive', 'value': 285}}, {'type': {'displayName': 'Foul', 'value': 13}}, {'type': {'displayName': 'AerialFoul', 'value': 264}}, {'type': {'displayName': 'OppositeRelatedEvent', 'value': 233}, 'value': '657'}]",True,,,,,
1903815,SecondHalf,76,15.0,81,Foul,Unsuccessful,116,NEC Nijmegen,538340.0,Kento Shiogai,95.7,51.6,,,,,,,"[{'type': {'displayName': 'AerialFoul', 'value': 264}}, {'type': {'displayName': 'Foul', 'value': 13}}, {'type': {'displayName': 'Zone', 'value': 56}, 'value': 'Center'}, {'type': {'displayName': 'OppositeRelatedEvent', 'value': 233}, 'value': '668'}, {'type': {'displayName': 'Offensive', 'value': 286}}]",False,,,,,
1903815,SecondHalf,76,32.0,81,Pass,Successful,256,Feyenoord,121821.0,Timon Wellenreuther,9.0,54.1,13.2,31.8,,,,,"[{'type': {'displayName': 'PassEndX', 'value': 140}, 'value': '13.2'}, {'type': {'displayName': 'Angle', 'value': 213}, 'value': '5.00'}, {'type': {'displayName': 'Zone', 'value': 56}, 'value': 'Back'}, {'type': {'displayName': 'PassEndY', 'value': 141}, 'value': '31.8'}, {'type': {'displayName': 'Length', 'value': 212}, 'value': '15.8'}, {'type': {'displayName': 'FreekickTaken', 'value': 5}}]",True,,,,,
1903815,SecondHalf,76,33.0,81,Pass,Successful,256,Feyenoord,326642.0,Anel Ahmedhodzic,13.2,31.8,9.1,53.0,,,,,"[{'type': {'displayName': 'Zone', 'value': 56}, 'value': 'Back'}, {'type': {'displayName': 'Length', 'value': 212}, 'value': '15.0'}, {'type': {'displayName': 'PassEndY', 'value': 141}, 'value': '53.0'}, {'type': {'displayName': 'PassEndX', 'value': 140}, 'value': '9.1'}, {'type': {'displayName': 'Angle', 'value': 213}, 'value': '1.86'}]",True,,,,,
1903815,SecondHalf,76,39.0,81,Pass,Successful,256,Feyenoord,121821.0,Timon Wellenreuther,13.2,53.8,25.7,11.8,,,,,"[{'type': {'displayName': 'Angle', 'value': 213}, 'value': '5.14'}, {'type': {'displayName': 'Length', 'value': 212}, 'value': '31.4'}, {'type': {'displayName': 'PassEndX', 'value': 140}, 'value': '25.7'}, {'type': {'displayName': 'PassEndY', 'value': 141}, 'value': '11.8'}, {'type': {'displayName': 'Zone', 'value': 56}, 'value': 'Back'}]",True,,,,,
1903815,SecondHalf,76,42.0,81,Pass,Successful,256,Feyenoord,326642.0,Anel Ahmedhodzic,27.2,10.7,8.8,39.7,,,,,"[{'type': {'displayName': 'PassEndX', 'value': 140}, 'value': '8.8'}, {'type': {'displayName': 'Length', 'value': 212}, 'value': '27.6'}, {'type': {'displayName': 'Zone', 'value': 56}, 'value': 'Back'}, {'type': {'displayName': 'PassEndY', 'value': 141}, 'value': '39.7'}, {'type': {'displayName': 'Angle', 'value': 213}, 'value': '2.35'}]",True,,,,,
1903815,SecondHalf,76,47.0,81,Pass,Unsuccessful,256,Feyenoord,121821.0,Timon Wellenreuther,12.1,28.2,51.5,41.8,,,,,"[{'type': {'displayName': 'Zone', 'value': 56}, 'value': 'Center'}, {'type': {'displayName': 'PassEndY', 'value': 141}, 'value': '41.8'}, {'type': {'displayName': 'Angle', 'value': 213}, 'value': '0.22'}, {'type': {'displayName': 'Longball', 'value': 1}}, {'type': {'displayName': 'Length', 'value': 212}, 'value': '42.4'}, {'type': {'displayName': 'PassEndX', 'value': 140}, 'value': '51.5'}]",True,,,,,
1903815,SecondHalf,76,50.0,81,Aerial,Successful,116,NEC Nijmegen,401739.0,Darko Nejasmic,48.5,58.2,,,,,,,"[{'type': {'displayName': 'Defensive', 'value': 285}}, {'type': {'displayName': 'Zone', 'value': 56}, 'value': 'Back'}, {'type': {'displayName': 'OppositeRelatedEvent', 'value': 233}, 'value': '674'}]",False,,,,,
1903815,SecondHalf,76,50.0,81,Aerial,Unsuccessful,256,Feyenoord,377288.0,Ayase Ueda,51.5,41.8,,,,,,,"[{'type': {'displayName': 'Offensive', 'value': 286}}, {'type': {'displayName': 'Zone', 'value': 56}, 'value': 'Center'}, {'type': {'displayName': 'OppositeRelatedEvent', 'value': 233}, 'value': '658'}]",False,,,,,
1903815,SecondHalf,76,50.0,81,Pass,Unsuccessful,116,NEC Nijmegen,401739.0,Darko Nejasmic,48.5,58.2,58.8,60.4,,,,,"[{'type': {'displayName': 'PassEndY', 'value': 141}, 'value': '60.4'}, {'type': {'displayName': 'PassEndX', 'value': 140}, 'value': '58.8'}, {'type': {'displayName': 'HeadPass', 'value': 3}}, {'type': {'displayName': 'Length', 'value': 212}, 'value': '10.9'}, {'type': {'displayName': 'Zone', 'value': 56}, 'value': 'Center'}, {'type': {'displayName': 'Angle', 'value': 213}, 'value': '0.14'}]",True,,,,,
1903815,SecondHalf,76,52.0,81,Aerial,Successful,256,Feyenoord,409892.0,Oussama Targhalline,41.2,39.6,,,,,,,"[{'type': {'displayName': 'Zone', 'value': 56}, 'value': 'Back'}, {'type': {'displayName': 'Defensive', 'value': 285}}, {'type': {'displayName': 'OppositeRelatedEvent', 'value': 233}, 'value': '660'}]",False,,,,,
1903815,SecondHalf,76,52.0,81,Aerial,Unsuccessful,116,NEC Nijmegen,422806.0,Dirk Proper,58.8,60.4,,,,,,,"[{'type': {'displayName': 'Zone', 'value': 56}, 'value': 'Center'}, {'type': {'displayName': 'OppositeRelatedEvent', 'value': 233}, 'value': '675'}, {'type': {'displayName': 'Offensive', 'value': 286}}]",False,,,,,
1903815,SecondHalf,76,53.0,81,Pass,Successful,256,Feyenoord,409892.0,Oussama Targhalline,41.2,39.6,59.3,27.9,,,,,"[{'type': {'displayName': 'Length', 'value': 212}, 'value': '20.6'}, {'type': {'displayName': 'Angle', 'value': 213}, 'value': '5.89'}, {'type': {'displayName': 'PassEndY', 'value': 141}, 'value': '27.9'}, {'type': {'displayName': 'PassEndX', 'value': 140}, 'value': '59.3'}, {'type': {'displayName': 'HeadPass', 'value': 3}}, {'type': {'displayName': 'Zone', 'value': 56}, 'value': 'Center'}]",True,,,,,
1903815,SecondHalf,76,55.0,81,Pass,Successful,256,Feyenoord,415927.0,Luciano Valente,58.6,28.8,65.4,32.4,,,,,"[{'type': {'displayName': 'PassEndY', 'value': 141}, 'value': '32.4'}, {'type': {'displayName': 'Length', 'value': 212}, 'value': '7.5'}, {'type': {'displayName': 'Angle', 'value': 213}, 'value': '0.33'}, {'type': {'displayName': 'Zone', 'value': 56}, 'value': 'Center'}, {'type': {'displayName': 'Chipped', 'value': 155}}, {'type': {'displayName': 'PassEndX', 'value': 140}, 'value': '65.4'}]",True,,,,,
1903815,SecondHalf,76,55.0,81,Dispossessed,Successful,256,Feyenoord,377288.0,Ayase Ueda,61.4,36.7,,,,,,,"[{'type': {'displayName': 'OppositeRelatedEvent', 'value': 233}, 'value': '661'}, {'type': {'displayName': 'Zone', 'value': 56}, 'value': 'Center'}, {'type': {'displayName': 'Offensive', 'value': 286}}]",True,,,,,
1903815,SecondHalf,76,55.0,81,Tackle,Unsuccessful,116,NEC Nijmegen,401739.0,Darko Nejasmic,38.6,63.3,,,,,,,"[{'type': {'displayName': 'OppositeRelatedEvent', 'value': 233}, 'value': '678'}, {'type': {'displayName': 'StandingSave', 'value': 178}}, {'type': {'displayName': 'Defensive', 'value': 285}}, {'type': {'displayName': 'Zone', 'value': 56}, 'value': 'Back'}]",True,,,,,
1903815,SecondHalf,76,56.0,81,Pass,Successful,256,Feyenoord,534893.0,Aymen Sliti,67.6,27.6,63.4,30.9,,,,,"[{'type': {'displayName': 'PassEndX', 'value': 140}, 'value': '63.4'}, {'type': {'displayName': 'Zone', 'value': 56}, 'value': 'Center'}, {'type': {'displayName': 'Angle', 'value': 213}, 'value': '2.67'}, {'type': {'displayName': 'PassEndY', 'value': 141}, 'value': '30.9'}, {'type': {'displayName': 'Length', 'value': 212}, 'value': '4.9'}]",True,,,,,
1903815,SecondHalf,77,0.0,82,Pass,Successful,256,Feyenoord,411078.0,Quinten Timber,57.4,66.4,72.8,93.1,,,,,"[{'type': {'displayName': 'Length', 'value': 212}, 'value': '24.3'}, {'type': {'displayName': 'Zone', 'value': 56}, 'value': 'Left'}, {'type': {'displayName': 'Angle', 'value': 213}, 'value': '0.84'}, {'type': {'displayName': 'PassEndX', 'value': 140}, 'value': '72.8'}, {'type': {'displayName': 'PassEndY', 'value': 141}, 'value': '93.1'}]",True,,,,,
1903815,SecondHalf,77,1.0,82,Pass,Successful,256,Feyenoord,400059.0,Gijs Smal,74.0,93.1,72.3,85.3,,,,,"[{'type': {'displayName': 'PassEndX', 'value': 140}, 'value': '72.3'}, {'type': {'displayName': 'Zone', 'value': 56}, 'value': 'Left'}, {'type': {'displayName': 'Length', 'value': 212}, 'value': '5.6'}, {'type': {'displayName': 'Angle', 'value': 213}, 'value': '4.39'}, {'type': {'displayName': 'PassEndY', 'value': 141}, 'value': '85.3'}]",True,,,,,
1903815,SecondHalf,77,2.0,82,Pass,Successful,256,Feyenoord,468119.0,Leo Sauer,72.2,82.7,66.5,72.6,,,,,"[{'type': {'displayName': 'Angle', 'value': 213}, 'value': '4.00'}, {'type': {'displayName': 'Length', 'value': 212}, 'value': '9.1'}, {'type': {'displayName': 'PassEndY', 'value': 141}, 'value': '72.6'}, {'type': {'displayName': 'PassEndX', 'value': 140}, 'value': '66.5'}, {'type': {'displayName': 'Zone', 'value': 56}, 'value': 'Center'}]",True,,,,,
1903815,SecondHalf,77,9.0,82,Pass,Successful,256,Feyenoord,411078.0,Quinten Timber,78.4,77.1,90.0,93.4,,,,,"[{'type': {'displayName': 'Zone', 'value': 56}, 'value': 'Left'}, {'type': {'displayName': 'Angle', 'value': 213}, 'value': '0.74'}, {'type': {'displayName': 'Length', 'value': 212}, 'value': '16.5'}, {'type': {'displayName': 'PassEndX', 'value': 140}, 'value': '90.0'}, {'type': {'displayName': 'PassEndY', 'value': 141}, 'value': '93.4'}]",True,,,,,
1903815,SecondHalf,77,11.0,82,Pass,Unsuccessful,256,Feyenoord,400059.0,Gijs Smal,90.8,92.3,91.6,82.4,,,,,"[{'type': {'displayName': 'Angle', 'value': 213}, 'value': '4.84'}, {'type': {'displayName': 'Chipped', 'value': 155}}, {'type': {'displayName': 'PassEndX', 'value': 140}, 'value': '91.6'}, {'type': {'displayName': 'LeftFoot', 'value': 72}}, {'type': {'displayName': 'Cross', 'value': 2}}, {'type': {'displayName': 'Zone', 'value': 56}, 'value': 'Left'}, {'type': {'displayName': 'Length', 'value': 212}, 'value': '6.8'}, {'type': {'displayName': 'PassEndY', 'value': 141}, 'value': '82.4'}]",True,,,,,
1903815,SecondHalf,77,12.0,82,BallTouch,Successful,116,NEC Nijmegen,515755.0,Sami Ouaissa,8.7,16.3,,,,,,,"[{'type': {'displayName': 'Zone', 'value': 56}, 'value': 'Back'}]",True,,,,,
1903815,SecondHalf,77,25.0,82,Pass,Unsuccessful,256,Feyenoord,400059.0,Gijs Smal,89.2,100.0,92.7,74.1,,,,,"[{'type': {'displayName': 'PassEndX', 'value': 140}, 'value': '92.7'}, {'type': {'displayName': 'Length', 'value': 212}, 'value': '18.3'}, {'type': {'displayName': 'Angle', 'value': 213}, 'value': '4.91'}, {'type': {'displayName': 'PassEndY', 'value': 141}, 'value': '74.1'}, {'type': {'displayName': 'Zone', 'value': 56}, 'value': 'Center'}, {'type': {'displayName': 'ThrowIn', 'value': 107}}]",True,,,,,
1903815,SecondHalf,77,27.0,82,Pass,Successful,116,NEC Nijmegen,497708.0,Kodai Sano,5.9,25.2,7.9,16.3,,,,,"[{'type': {'displayName': 'Length', 'value': 212}, 'value': '6.4'}, {'type': {'displayName': 'Angle', 'value': 213}, 'value': '5.05'}, {'type': {'displayName': 'PassEndX', 'value': 140}, 'value': '7.9'}, {'type': {'displayName': 'PassEndY', 'value': 141}, 'value': '16.3'}, {'type': {'displayName': 'Zone', 'value': 56}, 'value': 'Back'}]",True,,,,,
1903815,SecondHalf,77,28.0,82,BallRecovery,Successful,116,NEC Nijmegen,515755.0,Sami Ouaissa,8.9,15.8,,,,,,,[],False,,,,,
1903815,SecondHalf,77,28.0,82,Pass,Successful,116,NEC Nijmegen,515755.0,Sami Ouaissa,9.1,15.7,18.5,11.5,,,,,"[{'type': {'displayName': 'Zone', 'value': 56}, 'value': 'Back'}, {'type': {'displayName': 'Length', 'value': 212}, 'value': '10.3'}, {'type': {'displayName': 'Angle', 'value': 213}, 'value': '6.00'}, {'type': {'displayName': 'PassEndX', 'value': 140}, 'value': '18.5'}, {'type': {'displayName': 'PassEndY', 'value': 141}, 'value': '11.5'}]",True,,,,,
1903815,SecondHalf,77,31.0,82,TakeOn,Unsuccessful,116,NEC Nijmegen,538340.0,Kento Shiogai,21.2,5.2,,,,,,,"[{'type': {'displayName': 'Defensive', 'value': 285}}, {'type': {'displayName': 'Zone', 'value': 56}, 'value': 'Back'}, {'type': {'displayName': 'OppositeRelatedEvent', 'value': 233}, 'value': '686'}]",True,,,,,
1903815,SecondHalf,77,31.0,82,Tackle,Successful,256,Feyenoord,409892.0,Oussama Targhalline,78.8,94.8,,,,,,,"[{'type': {'displayName': 'OppositeRelatedEvent', 'value': 233}, 'value': '667'}, {'type': {'displayName': 'Zone', 'value': 56}, 'value': 'Left'}, {'type': {'displayName': 'StandingSave', 'value': 178}}, {'type': {'displayName': 'Offensive', 'value': 286}}]",True,,,,,
1903815,SecondHalf,77,55.0,82,Pass,Unsuccessful,116,NEC Nijmegen,130917.0,Eli Dasa,29.1,0.0,46.8,6.9,,,,,"[{'type': {'displayName': 'Zone', 'value': 56}, 'value': 'Back'}, {'type': {'displayName': 'ThrowIn', 'value': 107}}, {'type': {'displayName': 'PassEndX', 'value': 140}, 'value': '46.8'}, {'type': {'displayName': 'Angle', 'value': 213}, 'value': '0.31'}, {'type': {'displayName': 'Length', 'value': 212}, 'value': '19.5'}, {'type': {'displayName': 'PassEndY', 'value': 141}, 'value': '6.9'}]",True,,,,,
1903815,SecondHalf,77,59.0,82,Pass,Unsuccessful,256,Feyenoord,409892.0,Oussama Targhalline,58.9,97.3,66.7,100.0,,,,,"[{'type': {'displayName': 'PassEndX', 'value': 140}, 'value': '66.7'}, {'type': {'displayName': 'Angle', 'value': 213}, 'value': '0.31'}, {'type': {'displayName': 'Zone', 'value': 56}, 'value': 'Left'}, {'type': {'displayName': 'Length', 'value': 212}, 'value': '8.6'}, {'type': {'displayName': 'PassEndY', 'value': 141}, 'value': '100.0'}]",True,,,,,
1903815,SecondHalf,78,2.0,83,Pass,Unsuccessful,116,NEC Nijmegen,130917.0,Eli Dasa,36.8,0.0,41.7,19.3,,,,,"[{'type': {'displayName': 'ThrowIn', 'value': 107}}, {'type': {'displayName': 'Length', 'value': 212}, 'value': '15.4'}, {'type': {'displayName': 'PassEndY', 'value': 141}, 'value': '19.3'}, {'type': {'displayName': 'Angle', 'value': 213}, 'value': '1.23'}, {'type': {'displayName': 'Zone', 'value': 56}, 'value': 'Back'}, {'type': {'displayName': 'PassEndX', 'value': 140}, 'value': '41.7'}]",True,,,,,
1903815,SecondHalf,78,4.0,83,Interception,Successful,256,Feyenoord,409892.0,Oussama Targhalline,58.3,80.7,,,,,,,"[{'type': {'displayName': 'Zone', 'value': 56}, 'value': 'Left'}]",True,,,,,
1903815,SecondHalf,78,5.0,83,TakeOn,Unsuccessful,256,Feyenoord,415927.0,Luciano Valente,63.4,83.6,,,,,,,"[{'type': {'displayName': 'OppositeRelatedEvent', 'value': 233}, 'value': '672'}, {'type': {'displayName': 'Zone', 'value': 56}, 'value': 'Left'}, {'type': {'displayName': 'Offensive', 'value': 286}}]",True,,,,,
1903815,SecondHalf,78,5.0,83,Tackle,Unsuccessful,116,NEC Nijmegen,469366.0,Noé Lebreton,36.6,16.4,,,,,,,"[{'type': {'displayName': 'OppositeRelatedEvent', 'value': 233}, 'value': '691'}, {'type': {'displayName': 'StandingSave', 'value': 178}}, {'type': {'displayName': 'Zone', 'value': 56}, 'value': 'Back'}, {'type': {'displayName': 'Defensive', 'value': 285}}]",True,,,,,
1903815,SecondHalf,78,7.0,83,Pass,Unsuccessful,256,Feyenoord,411078.0,Quinten Timber,63.8,85.9,65.3,86.7,,,,,"[{'type': {'displayName': 'Angle', 'value': 213}, 'value': '0.33'}, {'type': {'displayName': 'Offensive', 'value': 286}}, {'type': {'displayName': 'PassEndX', 'value': 140}, 'value': '65.3'}, {'type': {'displayName': 'OppositeRelatedEvent', 'value': 233}, 'value': '673'}, {'type': {'displayName': 'Length', 'value': 212}, 'value': '1.7'}, {'type': {'displayName': 'PassEndY', 'value': 141}, 'value': '86.7'}, {'type': {'displayName': 'Zone', 'value': 56}, 'value': 'Left'}]",True,,,,,
1903815,SecondHalf,78,7.0,83,BlockedPass,Successful,116,NEC Nijmegen,497708.0,Kodai Sano,34.7,13.3,,,,,,,"[{'type': {'displayName': 'Defensive', 'value': 285}}, {'type': {'displayName': 'OppositeRelatedEvent', 'value': 233}, 'value': '692'}, {'type': {'displayName': 'Zone', 'value': 56}, 'value': 'Back'}]",True,,,,,
1903815,SecondHalf,78,9.0,83,Pass,Unsuccessful,116,NEC Nijmegen,422806.0,Dirk Proper,38.9,14.2,70.9,38.9,,,,,"[{'type': {'displayName': 'Angle', 'value': 213}, 'value': '0.46'}, {'type': {'displayName': 'Longball', 'value': 1}}, {'type': {'displayName': 'Chipped', 'value': 155}}, {'type': {'displayName': 'Length', 'value': 212}, 'value': '37.6'}, {'type': {'displayName': 'PassEndY', 'value': 141}, 'value': '38.9'}, {'type': {'displayName': 'PassEndX', 'value': 140}, 'value': '70.9'}, {'type': {'displayName': 'Zone', 'value': 56}, 'value': 'Center'}]",True,,,,,
1903815,SecondHalf,78,13.0,83,BallRecovery,Successful,256,Feyenoord,121821.0,Timon Wellenreuther,22.3,56.7,,,,,,,[],False,,,,,
1903815,SecondHalf,78,14.0,83,Pass,Successful,256,Feyenoord,121821.0,Timon Wellenreuther,23.1,56.8,29.6,68.0,,,,,"[{'type': {'displayName': 'PassEndX', 'value': 140}, 'value': '29.6'}, {'type': {'displayName': 'Length', 'value': 212}, 'value': '10.2'}, {'type': {'displayName': 'Zone', 'value': 56}, 'value': 'Back'}, {'type': {'displayName': 'PassEndY', 'value': 141}, 'value': '68.0'}, {'type': {'displayName': 'Angle', 'value': 213}, 'value': '0.84'}]",True,,,,,
1903815,SecondHalf,78,20.0,83,Pass,Successful,256,Feyenoord,431258.0,Tsuyoshi Watanabe,31.4,59.4,38.4,72.1,,,,,"[{'type': {'displayName': 'Zone', 'value': 56}, 'value': 'Back'}, {'type': {'displayName': 'Length', 'value': 212}, 'value': '11.3'}, {'type': {'displayName': 'Angle', 'value': 213}, 'value': '0.87'}, {'type': {'displayName': 'PassEndX', 'value': 140}, 'value': '38.4'}, {'type': {'displayName': 'PassEndY', 'value': 141}, 'value': '72.1'}]",True,,,,,
1903815,SecondHalf,78,22.0,83,Pass,Successful,256,Feyenoord,411078.0,Quinten Timber,38.8,72.6,57.4,89.6,,,,,"[{'type': {'displayName': 'PassEndY', 'value': 141}, 'value': '89.6'}, {'type': {'displayName': 'Length', 'value': 212}, 'value': '22.7'}, {'type': {'displayName': 'Zone', 'value': 56}, 'value': 'Left'}, {'type': {'displayName': 'Angle', 'value': 213}, 'value': '0.53'}, {'type': {'displayName': 'PassEndX', 'value': 140}, 'value': '57.4'}]",True,,,,,
1903815,SecondHalf,78,24.0,83,Pass,Successful,256,Feyenoord,377288.0,Ayase Ueda,58.3,89.4,52.0,95.2,,,,,"[{'type': {'displayName': 'Length', 'value': 212}, 'value': '7.7'}, {'type': {'displayName': 'PassEndY', 'value': 141}, 'value': '95.2'}, {'type': {'displayName': 'Angle', 'value': 213}, 'value': '2.60'}, {'type': {'displayName': 'LayOff', 'value': 156}}, {'type': {'displayName': 'Zone', 'value': 56}, 'value': 'Left'}, {'type': {'displayName': 'PassEndX', 'value': 140}, 'value': '52.0'}]",True,,,,,
1903815,SecondHalf,78,25.0,83,Pass,Successful,256,Feyenoord,468119.0,Leo Sauer,52.4,95.0,87.1,87.9,,,,,"[{'type': {'displayName': 'PassEndX', 'value': 140}, 'value': '87.1'}, {'type': {'displayName': 'Zone', 'value': 56}, 'value': 'Left'}, {'type': {'displayName': 'PassEndY', 'value': 141}, 'value': '87.9'}, {'type': {'displayName': 'Longball', 'value': 1}}, {'type': {'displayName': 'Angle', 'value': 213}, 'value': '6.15'}, {'type': {'displayName': 'Length', 'value': 212}, 'value': '36.8'}]",True,,,,,
1903815,SecondHalf,78,29.0,83,Pass,Unsuccessful,256,Feyenoord,400059.0,Gijs Smal,87.3,88.2,87.0,85.3,,,,,"[{'type': {'displayName': 'PassEndY', 'value': 141}, 'value': '85.3'}, {'type': {'displayName': 'Offensive', 'value': 286}}, {'type': {'displayName': 'PassEndX', 'value': 140}, 'value': '87.0'}, {'type': {'displayName': 'LeftFoot', 'value': 72}}, {'type': {'displayName': 'OppositeRelatedEvent', 'value': 233}, 'value': '675'}, {'type': {'displayName': 'Length', 'value': 212}, 'value': '2.0'}, {'type': {'displayName': 'Zone', 'value': 56}, 'value': 'Left'}, {'type': {'displayName': 'Cross', 'value': 2}}, {'type': {'displayName': 'Angle', 'value': 213}, 'value': '4.55'}]",True,,,,,
1903815,SecondHalf,78,29.0,83,Clearance,Successful,116,NEC Nijmegen,515755.0,Sami Ouaissa,13.0,14.7,,,,,,,"[{'type': {'displayName': 'BlockedCross', 'value': 185}}, {'type': {'displayName': 'Zone', 'value': 56}, 'value': 'Back'}, {'type': {'displayName': 'OppositeRelatedEvent', 'value': 233}, 'value': '699'}]",True,,,,,
1903815,SecondHalf,78,43.0,83,Pass,Successful,256,Feyenoord,400059.0,Gijs Smal,89.4,100.0,80.9,94.3,,,,,"[{'type': {'displayName': 'Length', 'value': 212}, 'value': '10.1'}, {'type': {'displayName': 'ThrowIn', 'value': 107}}, {'type': {'displayName': 'Angle', 'value': 213}, 'value': '3.62'}, {'type': {'displayName': 'PassEndY', 'value': 141}, 'value': '94.3'}, {'type': {'displayName': 'PassEndX', 'value': 140}, 'value': '80.9'}, {'type': {'displayName': 'Zone', 'value': 56}, 'value': 'Left'}]",True,,,,,
1903815,SecondHalf,78,44.0,83,Pass,Unsuccessful,256,Feyenoord,468119.0,Leo Sauer,81.9,86.2,81.2,67.1,,,,,"[{'type': {'displayName': 'Zone', 'value': 56}, 'value': 'Center'}, {'type': {'displayName': 'Angle', 'value': 213}, 'value': '4.66'}, {'type': {'displayName': 'Length', 'value': 212}, 'value': '13.0'}, {'type': {'displayName': 'PassEndY', 'value': 141}, 'value': '67.1'}, {'type': {'displayName': 'PassEndX', 'value': 140}, 'value': '81.2'}]",True,,,,,
1903815,SecondHalf,78,46.0,83,Pass,Successful,116,NEC Nijmegen,497708.0,Kodai Sano,21.1,32.0,26.3,31.3,,,,,"[{'type': {'displayName': 'PassEndX', 'value': 140}, 'value': '26.3'}, {'type': {'displayName': 'Angle', 'value': 213}, 'value': '6.20'}, {'type': {'displayName': 'Zone', 'value': 56}, 'value': 'Back'}, {'type': {'displayName': 'Length', 'value': 212}, 'value': '5.5'}, {'type': {'displayName': 'PassEndY', 'value': 141}, 'value': '31.3'}]",True,,,,,
1903815,SecondHalf,78,47.0,83,BallRecovery,Successful,116,NEC Nijmegen,469366.0,Noé Lebreton,26.3,31.3,,,,,,,[],False,,,,,
1903815,SecondHalf,78,57.0,83,Pass,Successful,116,NEC Nijmegen,321959.0,Philippe Sandler,20.0,35.1,9.4,50.0,,,,,"[{'type': {'displayName': 'Length', 'value': 212}, 'value': '15.1'}, {'type': {'displayName': 'Zone', 'value': 56}, 'value': 'Back'}, {'type': {'displayName': 'Angle', 'value': 213}, 'value': '2.40'}, {'type': {'displayName': 'PassEndY', 'value': 141}, 'value': '50.0'}, {'type': {'displayName': 'PassEndX', 'value': 140}, 'value': '9.4'}]",True,,,,,
1903815,SecondHalf,78,58.0,83,Pass,Successful,116,NEC Nijmegen,448283.0,Gonzalo Crettaz,13.4,69.0,39.5,90.9,,,,,"[{'type': {'displayName': 'PassEndX', 'value': 140}, 'value': '39.5'}, {'type': {'displayName': 'Longball', 'value': 1}}, {'type': {'displayName': 'Angle', 'value': 213}, 'value': '0.50'}, {'type': {'displayName': 'Zone', 'value': 56}, 'value': 'Back'}, {'type': {'displayName': 'Length', 'value': 212}, 'value': '31.2'}, {'type': {'displayName': 'PassEndY', 'value': 141}, 'value': '90.9'}]",True,,,,,
1903815,SecondHalf,79,2.0,84,Pass,Unsuccessful,116,NEC Nijmegen,532237.0,Basar Önal,39.6,90.8,53.6,86.3,,,,,"[{'type': {'displayName': 'Length', 'value': 212}, 'value': '15.0'}, {'type': {'displayName': 'Zone', 'value': 56}, 'value': 'Left'}, {'type': {'displayName': 'HeadPass', 'value': 3}}, {'type': {'displayName': 'PassEndY', 'value': 141}, 'value': '86.3'}, {'type': {'displayName': 'Angle', 'value': 213}, 'value': '6.08'}, {'type': {'displayName': 'PassEndX', 'value': 140}, 'value': '53.6'}]",True,,,,,
1903815,SecondHalf,79,4.0,84,Pass,Successful,256,Feyenoord,326642.0,Anel Ahmedhodzic,46.3,10.9,52.1,1.6,,,,,"[{'type': {'displayName': 'Angle', 'value': 213}, 'value': '5.48'}, {'type': {'displayName': 'PassEndX', 'value': 140}, 'value': '52.1'}, {'type': {'displayName': 'Length', 'value': 212}, 'value': '8.8'}, {'type': {'displayName': 'PassEndY', 'value': 141}, 'value': '1.6'}, {'type': {'displayName': 'Zone', 'value': 56}, 'value': 'Right'}]",True,,,,,
1903815,SecondHalf,79,7.0,84,BallRecovery,Successful,256,Feyenoord,345527.0,Jordan Lotomba,46.1,5.6,,,,,,,[],False,,,,,
1903815,SecondHalf,79,10.0,84,Pass,Successful,256,Feyenoord,345527.0,Jordan Lotomba,36.5,24.7,33.0,49.1,,,,,"[{'type': {'displayName': 'PassEndY', 'value': 141}, 'value': '49.1'}, {'type': {'displayName': 'PassEndX', 'value': 140}, 'value': '33.0'}, {'type': {'displayName': 'Length', 'value': 212}, 'value': '17.0'}, {'type': {'displayName': 'Angle', 'value': 213}, 'value': '1.79'}, {'type': {'displayName': 'Zone', 'value': 56}, 'value': 'Back'}]",True,,,,,
1903815,SecondHalf,79,16.0,84,Pass,Successful,256,Feyenoord,431258.0,Tsuyoshi Watanabe,33.7,58.9,43.4,73.5,,,,,"[{'type': {'displayName': 'Length', 'value': 212}, 'value': '14.2'}, {'type': {'displayName': 'PassEndY', 'value': 141}, 'value': '73.5'}, {'type': {'displayName': 'Angle', 'value': 213}, 'value': '0.77'}, {'type': {'displayName': 'Zone', 'value': 56}, 'value': 'Back'}, {'type': {'displayName': 'PassEndX', 'value': 140}, 'value': '43.4'}]",True,,,,,
1903815,SecondHalf,79,17.0,84,Pass,Unsuccessful,256,Feyenoord,400059.0,Gijs Smal,43.9,76.2,75.1,100.0,,,,,"[{'type': {'displayName': 'PassEndY', 'value': 141}, 'value': '100.0'}, {'type': {'displayName': 'Longball', 'value': 1}}, {'type': {'displayName': 'Angle', 'value': 213}, 'value': '0.48'}, {'type': {'displayName': 'Length', 'value': 212}, 'value': '37.0'}, {'type': {'displayName': 'PassEndX', 'value': 140}, 'value': '75.1'}, {'type': {'displayName': 'Zone', 'value': 56}, 'value': 'Left'}, {'type': {'displayName': 'Chipped', 'value': 155}}]",True,,,,,
1903815,SecondHalf,79,33.0,84,Pass,Successful,116,NEC Nijmegen,130917.0,Eli Dasa,26.2,0.0,6.3,20.6,,,,,"[{'type': {'displayName': 'ThrowIn', 'value': 107}}, {'type': {'displayName': 'PassEndY', 'value': 141}, 'value': '20.6'}, {'type': {'displayName': 'PassEndX', 'value': 140}, 'value': '6.3'}, {'type': {'displayName': 'Zone', 'value': 56}, 'value': 'Back'}, {'type': {'displayName': 'Length', 'value': 212}, 'value': '25.9'}, {'type': {'displayName': 'Longball', 'value': 1}}, {'type': {'displayName': 'Angle', 'value': 213}, 'value': '2.51'}]",True,,,,,
1903815,SecondHalf,79,36.0,84,Pass,Unsuccessful,116,NEC Nijmegen,448283.0,Gonzalo Crettaz,6.9,19.3,55.0,50.8,,,,,"[{'type': {'displayName': 'Longball', 'value': 1}}, {'type': {'displayName': 'PassEndY', 'value': 141}, 'value': '50.8'}, {'type': {'displayName': 'PassEndX', 'value': 140}, 'value': '55.0'}, {'type': {'displayName': 'Angle', 'value': 213}, 'value': '0.40'}, {'type': {'displayName': 'Zone', 'value': 56}, 'value': 'Center'}, {'type': {'displayName': 'Length', 'value': 212}, 'value': '54.9'}]",True,,,,,
1903815,SecondHalf,79,40.0,84,Pass,Unsuccessful,256,Feyenoord,326642.0,Anel Ahmedhodzic,44.4,51.1,54.8,66.2,,,,,"[{'type': {'displayName': 'Zone', 'value': 56}, 'value': 'Center'}, {'type': {'displayName': 'Angle', 'value': 213}, 'value': '0.75'}, {'type': {'displayName': 'HeadPass', 'value': 3}}, {'type': {'displayName': 'PassEndX', 'value': 140}, 'value': '54.8'}, {'type': {'displayName': 'PassEndY', 'value': 141}, 'value': '66.2'}, {'type': {'displayName': 'Length', 'value': 212}, 'value': '15.0'}]",True,,,,,
1903815,SecondHalf,79,48.0,84,Pass,Successful,116,NEC Nijmegen,497708.0,Kodai Sano,52.9,29.7,44.6,30.0,,,,,"[{'type': {'displayName': 'Angle', 'value': 213}, 'value': '3.12'}, {'type': {'displayName': 'PassEndY', 'value': 141}, 'value': '30.0'}, {'type': {'displayName': 'PassEndX', 'value': 140}, 'value': '44.6'}, {'type': {'displayName': 'Length', 'value': 212}, 'value': '8.7'}, {'type': {'displayName': 'Zone', 'value': 56}, 'value': 'Back'}]",True,,,,,
1903815,SecondHalf,79,49.0,84,Pass,Successful,116,NEC Nijmegen,321959.0,Philippe Sandler,43.4,29.5,48.3,35.5,,,,,"[{'type': {'displayName': 'Angle', 'value': 213}, 'value': '0.67'}, {'type': {'displayName': 'Length', 'value': 212}, 'value': '6.6'}, {'type': {'displayName': 'PassEndX', 'value': 140}, 'value': '48.3'}, {'type': {'displayName': 'Zone', 'value': 56}, 'value': 'Back'}, {'type': {'displayName': 'PassEndY', 'value': 141}, 'value': '35.5'}]",True,,,,,
1903815,SecondHalf,79,51.0,84,Pass,Successful,116,NEC Nijmegen,497708.0,Kodai Sano,48.4,35.5,39.9,61.1,,,,,"[{'type': {'displayName': 'Length', 'value': 212}, 'value': '19.6'}, {'type': {'displayName': 'PassEndY', 'value': 141}, 'value': '61.1'}, {'type': {'displayName': 'Zone', 'value': 56}, 'value': 'Back'}, {'type': {'displayName': 'Angle', 'value': 213}, 'value': '2.04'}, {'type': {'displayName': 'PassEndX', 'value': 140}, 'value': '39.9'}]",True,,,,,
1903815,SecondHalf,79,54.0,84,Pass,Successful,116,NEC Nijmegen,401739.0,Darko Nejasmic,34.6,52.3,16.8,45.2,,,,,"[{'type': {'displayName': 'Zone', 'value': 56}, 'value': 'Back'}, {'type': {'displayName': 'Length', 'value': 212}, 'value': '19.3'}, {'type': {'displayName': 'Angle', 'value': 213}, 'value': '3.39'}, {'type': {'displayName': 'PassEndX', 'value': 140}, 'value': '16.8'}, {'type': {'displayName': 'PassEndY', 'value': 141}, 'value': '45.2'}]",True,,,,,
1903815,SecondHalf,79,58.0,84,Pass,Unsuccessful,116,NEC Nijmegen,448283.0,Gonzalo Crettaz,17.8,38.3,86.9,58.7,,,,,"[{'type': {'displayName': 'Chipped', 'value': 155}}, {'type': {'displayName': 'Longball', 'value': 1}}, {'type': {'displayName': 'Angle', 'value': 213}, 'value': '0.19'}, {'type': {'displayName': 'Zone', 'value': 56}, 'value': 'Center'}, {'type': {'displayName': 'PassEndX', 'value': 140}, 'value': '86.9'}, {'type': {'displayName': 'PassEndY', 'value': 141}, 'value': '58.7'}, {'type': {'displayName': 'Length', 'value': 212}, 'value': '73.9'}]",True,,,,,
1903815,SecondHalf,80,3.0,85,KeeperPickup,Successful,256,Feyenoord,121821.0,Timon Wellenreuther,12.7,49.5,,,,,,,[],False,,,,,
1903815,SecondHalf,80,4.0,85,Pass,Successful,256,Feyenoord,121821.0,Timon Wellenreuther,14.4,50.2,28.0,74.1,,,,,"[{'type': {'displayName': 'Zone', 'value': 56}, 'value': 'Back'}, {'type': {'displayName': 'KeeperThrow', 'value': 123}}, {'type': {'displayName': 'PassEndX', 'value': 140}, 'value': '28.0'}, {'type': {'displayName': 'Angle', 'value': 213}, 'value': '0.85'}, {'type': {'displayName': 'Length', 'value': 212}, 'value': '21.6'}, {'type': {'displayName': 'PassEndY', 'value': 141}, 'value': '74.1'}]",True,,,,,
1903815,SecondHalf,80,14.0,85,Pass,Successful,256,Feyenoord,431258.0,Tsuyoshi Watanabe,54.0,70.6,48.3,42.4,,,,,"[{'type': {'displayName': 'PassEndX', 'value': 140}, 'value': '48.3'}, {'type': {'displayName': 'PassEndY', 'value': 141}, 'value': '42.4'}, {'type': {'displayName': 'Zone', 'value': 56}, 'value': 'Back'}, {'type': {'displayName': 'Angle', 'value': 213}, 'value': '4.41'}, {'type': {'displayName': 'Length', 'value': 212}, 'value': '20.1'}]",True,,,,,
1903815,SecondHalf,80,16.0,85,Pass,Successful,256,Feyenoord,326642.0,Anel Ahmedhodzic,48.3,42.4,48.6,22.6,,,,,"[{'type': {'displayName': 'Zone', 'value': 56}, 'value': 'Back'}, {'type': {'displayName': 'Angle', 'value': 213}, 'value': '4.74'}, {'type': {'displayName': 'PassEndY', 'value': 141}, 'value': '22.6'}, {'type': {'displayName': 'PassEndX', 'value': 140}, 'value': '48.6'}, {'type': {'displayName': 'Length', 'value': 212}, 'value': '13.5'}]",True,,,,,
1903815,SecondHalf,80,18.0,85,Pass,Successful,256,Feyenoord,345527.0,Jordan Lotomba,48.4,25.1,53.1,39.5,,,,,"[{'type': {'displayName': 'PassEndX', 'value': 140}, 'value': '53.1'}, {'type': {'displayName': 'Zone', 'value': 56}, 'value': 'Center'}, {'type': {'displayName': 'PassEndY', 'value': 141}, 'value': '39.5'}, {'type': {'displayName': 'Angle', 'value': 213}, 'value': '1.10'}, {'type': {'displayName': 'Length', 'value': 212}, 'value': '11.0'}]",True,,,,,
1903815,SecondHalf,80,21.0,85,Pass,Successful,256,Feyenoord,409892.0,Oussama Targhalline,51.7,36.7,44.8,41.4,,,,,"[{'type': {'displayName': 'Angle', 'value': 213}, 'value': '2.73'}, {'type': {'displayName': 'Length', 'value': 212}, 'value': '7.9'}, {'type': {'displayName': 'PassEndY', 'value': 141}, 'value': '41.4'}, {'type': {'displayName': 'Zone', 'value': 56}, 'value': 'Back'}, {'type': {'displayName': 'PassEndX', 'value': 140}, 'value': '44.8'}]",True,,,,,
1903815,SecondHalf,80,23.0,85,Pass,Successful,256,Feyenoord,326642.0,Anel Ahmedhodzic,46.9,43.3,45.1,66.8,,,,,"[{'type': {'displayName': 'Zone', 'value': 56}, 'value': 'Back'}, {'type': {'displayName': 'Angle', 'value': 213}, 'value': '1.69'}, {'type': {'displayName': 'Length', 'value': 212}, 'value': '16.1'}, {'type': {'displayName': 'PassEndX', 'value': 140}, 'value': '45.1'}, {'type': {'displayName': 'PassEndY', 'value': 141}, 'value': '66.8'}]",True,,,,,
1903815,SecondHalf,80,25.0,85,Pass,Successful,256,Feyenoord,431258.0,Tsuyoshi Watanabe,45.1,66.8,59.5,87.6,,,,,"[{'type': {'displayName': 'Zone', 'value': 56}, 'value': 'Left'}, {'type': {'displayName': 'PassEndX', 'value': 140}, 'value': '59.5'}, {'type': {'displayName': 'Angle', 'value': 213}, 'value': '0.75'}, {'type': {'displayName': 'Length', 'value': 212}, 'value': '20.7'}, {'type': {'displayName': 'PassEndY', 'value': 141}, 'value': '87.6'}]",True,,,,,
1903815,SecondHalf,80,30.0,85,Pass,Successful,256,Feyenoord,411078.0,Quinten Timber,64.0,68.2,73.1,72.9,,,,,"[{'type': {'displayName': 'PassEndX', 'value': 140}, 'value': '73.1'}, {'type': {'displayName': 'Length', 'value': 212}, 'value': '10.1'}, {'type': {'displayName': 'Zone', 'value': 56}, 'value': 'Center'}, {'type': {'displayName': 'PassEndY', 'value': 141}, 'value': '72.9'}, {'type': {'displayName': 'Angle', 'value': 213}, 'value': '0.32'}]",True,,,,,
1903815,SecondHalf,80,31.0,85,Pass,Successful,256,Feyenoord,400059.0,Gijs Smal,75.1,75.2,92.5,97.3,,,,,"[{'type': {'displayName': 'Angle', 'value': 213}, 'value': '0.69'}, {'type': {'displayName': 'Length', 'value': 212}, 'value': '23.7'}, {'type': {'displayName': 'PassEndX', 'value': 140}, 'value': '92.5'}, {'type': {'displayName': 'Zone', 'value': 56}, 'value': 'Left'}, {'type': {'displayName': 'PassEndY', 'value': 141}, 'value': '97.3'}]",True,,,,,
1903815,SecondHalf,80,39.0,85,Pass,Successful,256,Feyenoord,468119.0,Leo Sauer,85.0,80.2,75.9,90.2,,,,,"[{'type': {'displayName': 'Angle', 'value': 213}, 'value': '2.52'}, {'type': {'displayName': 'Length', 'value': 212}, 'value': '11.7'}, {'type': {'displayName': 'PassEndY', 'value': 141}, 'value': '90.2'}, {'type': {'displayName': 'Zone', 'value': 56}, 'value': 'Left'}, {'type': {'displayName': 'PassEndX', 'value': 140}, 'value': '75.9'}]",True,,,,,
1903815,SecondHalf,80,41.0,85,Pass,Successful,256,Feyenoord,409892.0,Oussama Targhalline,76.0,90.2,89.0,85.5,,,,,"[{'type': {'displayName': 'PassEndY', 'value': 141}, 'value': '85.5'}, {'type': {'displayName': 'PassEndX', 'value': 140}, 'value': '89.0'}, {'type': {'displayName': 'Angle', 'value': 213}, 'value': '6.05'}, {'type': {'displayName': 'Length', 'value': 212}, 'value': '14.0'}, {'type': {'displayName': 'Zone', 'value': 56}, 'value': 'Left'}]",True,,,,,
1903815,SecondHalf,80,46.0,85,Pass,Successful,256,Feyenoord,411078.0,Quinten Timber,81.3,75.5,79.0,71.2,,,,,"[{'type': {'displayName': 'Angle', 'value': 213}, 'value': '4.02'}, {'type': {'displayName': 'Length', 'value': 212}, 'value': '3.8'}, {'type': {'displayName': 'PassEndX', 'value': 140}, 'value': '79.0'}, {'type': {'displayName': 'Zone', 'value': 56}, 'value': 'Center'}, {'type': {'displayName': 'PassEndY', 'value': 141}, 'value': '71.2'}]",True,,,,,
1903815,SecondHalf,80,48.0,85,Pass,Successful,256,Feyenoord,468119.0,Leo Sauer,79.0,71.1,94.7,73.0,,,,,"[{'type': {'displayName': 'Length', 'value': 212}, 'value': '16.5'}, {'type': {'displayName': 'PassEndY', 'value': 141}, 'value': '73.0'}, {'type': {'displayName': 'Angle', 'value': 213}, 'value': '0.08'}, {'type': {'displayName': 'PassEndX', 'value': 140}, 'value': '94.7'}, {'type': {'displayName': 'Zone', 'value': 56}, 'value': 'Center'}]",True,,,,,
1903815,SecondHalf,80,49.0,85,Pass,Unsuccessful,256,Feyenoord,415927.0,Luciano Valente,94.7,73.0,92.1,56.1,,,,,"[{'type': {'displayName': 'Zone', 'value': 56}, 'value': 'Center'}, {'type': {'displayName': 'PassEndY', 'value': 141}, 'value': '56.1'}, {'type': {'displayName': 'Length', 'value': 212}, 'value': '11.8'}, {'type': {'displayName': 'PassEndX', 'value': 140}, 'value': '92.1'}, {'type': {'displayName': 'Angle', 'value': 213}, 'value': '4.48'}]",True,,,,,
1903815,SecondHalf,80,50.0,85,Clearance,Successful,116,NEC Nijmegen,401739.0,Darko Nejasmic,5.8,45.5,8.4,36.6,,,,,"[{'type': {'displayName': 'PassEndY', 'value': 141}, 'value': '36.6'}, {'type': {'displayName': 'PassEndX', 'value': 140}, 'value': '8.4'}, {'type': {'displayName': 'Zone', 'value': 56}, 'value': 'Back'}, {'type': {'displayName': 'Length', 'value': 212}, 'value': '6.6'}, {'type': {'displayName': 'Angle', 'value': 213}, 'value': '5.14'}]",True,,,,,
1903815,SecondHalf,80,51.0,85,Dispossessed,Successful,256,Feyenoord,400059.0,Gijs Smal,92.1,56.6,,,,,,,"[{'type': {'displayName': 'OppositeRelatedEvent', 'value': 233}, 'value': '695'}, {'type': {'displayName': 'Offensive', 'value': 286}}, {'type': {'displayName': 'Zone', 'value': 56}, 'value': 'Center'}]",True,,,,,
1903815,SecondHalf,80,51.0,85,Tackle,Successful,116,NEC Nijmegen,401739.0,Darko Nejasmic,7.9,43.4,,,,,,,"[{'type': {'displayName': 'Zone', 'value': 56}, 'value': 'Back'}, {'type': {'displayName': 'StandingSave', 'value': 178}}, {'type': {'displayName': 'Defensive', 'value': 285}}, {'type': {'displayName': 'OppositeRelatedEvent', 'value': 233}, 'value': '729'}]",True,,,,,
1903815,SecondHalf,80,53.0,85,BallRecovery,Successful,116,NEC Nijmegen,497708.0,Kodai Sano,11.7,35.8,,,,,,,[],False,,,,,
1903815,SecondHalf,80,53.0,85,Pass,Unsuccessful,116,NEC Nijmegen,497708.0,Kodai Sano,13.8,35.6,40.7,34.6,,,,,"[{'type': {'displayName': 'PassEndY', 'value': 141}, 'value': '34.6'}, {'type': {'displayName': 'PassEndX', 'value': 140}, 'value': '40.7'}, {'type': {'displayName': 'Angle', 'value': 213}, 'value': '6.26'}, {'type': {'displayName': 'Length', 'value': 212}, 'value': '28.3'}, {'type': {'displayName': 'Longball', 'value': 1}}, {'type': {'displayName': 'Zone', 'value': 56}, 'value': 'Back'}]",True,,,,,
1903815,SecondHalf,80,56.0,85,Pass,Successful,256,Feyenoord,431258.0,Tsuyoshi Watanabe,61.1,64.7,65.7,60.2,,,,,"[{'type': {'displayName': 'Length', 'value': 212}, 'value': '5.7'}, {'type': {'displayName': 'PassEndX', 'value': 140}, 'value': '65.7'}, {'type': {'displayName': 'Zone', 'value': 56}, 'value': 'Center'}, {'type': {'displayName': 'Angle', 'value': 213}, 'value': '5.72'}, {'type': {'displayName': 'PassEndY', 'value': 141}, 'value': '60.2'}]",True,,,,,
1903815,SecondHalf,80,57.0,85,BallRecovery,Successful,256,Feyenoord,409892.0,Oussama Targhalline,65.5,62.0,,,,,,,[],False,,,,,
1903815,SecondHalf,80,57.0,85,Pass,Successful,256,Feyenoord,409892.0,Oussama Targhalline,66.0,60.2,61.6,45.5,,,,,"[{'type': {'displayName': 'PassEndY', 'value': 141}, 'value': '45.5'}, {'type': {'displayName': 'Angle', 'value': 213}, 'value': '4.28'}, {'type': {'displayName': 'Length', 'value': 212}, 'value': '11.0'}, {'type': {'displayName': 'Zone', 'value': 56}, 'value': 'Center'}, {'type': {'displayName': 'PassEndX', 'value': 140}, 'value': '61.6'}]",True,,,,,
1903815,SecondHalf,81,0.0,86,Pass,Successful,256,Feyenoord,326642.0,Anel Ahmedhodzic,60.3,42.1,69.3,10.1,,,,,"[{'type': {'displayName': 'PassEndY', 'value': 141}, 'value': '10.1'}, {'type': {'displayName': 'Angle', 'value': 213}, 'value': '5.12'}, {'type': {'displayName': 'Zone', 'value': 56}, 'value': 'Right'}, {'type': {'displayName': 'Length', 'value': 212}, 'value': '23.7'}, {'type': {'displayName': 'PassEndX', 'value': 140}, 'value': '69.3'}]",True,,,,,
1903815,SecondHalf,81,4.0,86,Pass,Successful,256,Feyenoord,534893.0,Aymen Sliti,73.1,27.1,81.5,31.5,,,,,"[{'type': {'displayName': 'PassEndX', 'value': 140}, 'value': '81.5'}, {'type': {'displayName': 'PassEndY', 'value': 141}, 'value': '31.5'}, {'type': {'displayName': 'Angle', 'value': 213}, 'value': '0.33'}, {'type': {'displayName': 'Zone', 'value': 56}, 'value': 'Center'}, {'type': {'displayName': 'Length', 'value': 212}, 'value': '9.3'}]",True,,,,,
1903815,SecondHalf,81,6.0,86,BallTouch,Unsuccessful,256,Feyenoord,377288.0,Ayase Ueda,81.7,31.5,,,,,,,"[{'type': {'displayName': 'Zone', 'value': 56}, 'value': 'Center'}]",True,,,,,
1903815,SecondHalf,81,7.0,86,Pass,Successful,116,NEC Nijmegen,401739.0,Darko Nejasmic,18.2,60.9,21.6,70.3,,,,,"[{'type': {'displayName': 'Angle', 'value': 213}, 'value': '1.06'}, {'type': {'displayName': 'Length', 'value': 212}, 'value': '7.3'}, {'type': {'displayName': 'PassEndY', 'value': 141}, 'value': '70.3'}, {'type': {'displayName': 'Zone', 'value': 56}, 'value': 'Back'}, {'type': {'displayName': 'PassEndX', 'value': 140}, 'value': '21.6'}]",True,,,,,
1903815,SecondHalf,81,7.0,86,BallRecovery,Successful,116,NEC Nijmegen,400320.0,Ahmetcan Kaplan,21.7,70.3,,,,,,,[],False,,,,,
1903815,SecondHalf,81,10.0,86,Foul,Successful,116,NEC Nijmegen,400320.0,Ahmetcan Kaplan,24.1,74.4,,,,,,,"[{'type': {'displayName': 'Zone', 'value': 56}, 'value': 'Back'}, {'type': {'displayName': 'OppositeRelatedEvent', 'value': 233}, 'value': '735'}, {'type': {'displayName': 'Defensive', 'value': 285}}, {'type': {'displayName': 'Foul', 'value': 13}}]",True,,,,,
1903815,SecondHalf,81,10.0,86,Foul,Unsuccessful,256,Feyenoord,534893.0,Aymen Sliti,75.9,25.6,,,,,,,"[{'type': {'displayName': 'OppositeRelatedEvent', 'value': 233}, 'value': '700'}, {'type': {'displayName': 'Zone', 'value': 56}, 'value': 'Center'}, {'type': {'displayName': 'Offensive', 'value': 286}}, {'type': {'displayName': 'Foul', 'value': 13}}]",False,,,,,
1903815,SecondHalf,81,56.0,86,Pass,Successful,116,NEC Nijmegen,448283.0,Gonzalo Crettaz,23.2,71.1,67.8,58.7,,,,,"[{'type': {'displayName': 'Longball', 'value': 1}}, {'type': {'displayName': 'Zone', 'value': 56}, 'value': 'Center'}, {'type': {'displayName': 'PassEndY', 'value': 141}, 'value': '58.7'}, {'type': {'displayName': 'Angle', 'value': 213}, 'value': '6.11'}, {'type': {'displayName': 'Length', 'value': 212}, 'value': '47.6'}, {'type': {'displayName': 'FreekickTaken', 'value': 5}}, {'type': {'displayName': 'PassEndX', 'value': 140}, 'value': '67.8'}]",True,,,,,
1903815,SecondHalf,82,0.0,87,Aerial,Successful,116,NEC Nijmegen,469366.0,Noé Lebreton,67.8,58.7,,,,,,,"[{'type': {'displayName': 'OppositeRelatedEvent', 'value': 233}, 'value': '736'}, {'type': {'displayName': 'Offensive', 'value': 286}}, {'type': {'displayName': 'Zone', 'value': 56}, 'value': 'Center'}]",False,,,,,
1903815,SecondHalf,82,0.0,87,Aerial,Unsuccessful,256,Feyenoord,326642.0,Anel Ahmedhodzic,32.2,41.3,,,,,,,"[{'type': {'displayName': 'Defensive', 'value': 285}}, {'type': {'displayName': 'Zone', 'value': 56}, 'value': 'Back'}, {'type': {'displayName': 'OppositeRelatedEvent', 'value': 233}, 'value': '702'}]",False,,,,,
1903815,SecondHalf,82,1.0,87,Pass,Unsuccessful,116,NEC Nijmegen,469366.0,Noé Lebreton,67.8,58.7,76.0,51.8,,,,,"[{'type': {'displayName': 'PassEndY', 'value': 141}, 'value': '51.8'}, {'type': {'displayName': 'PassEndX', 'value': 140}, 'value': '76.0'}, {'type': {'displayName': 'Zone', 'value': 56}, 'value': 'Center'}, {'type': {'displayName': 'Angle', 'value': 213}, 'value': '5.78'}, {'type': {'displayName': 'Length', 'value': 212}, 'value': '9.8'}, {'type': {'displayName': 'HeadPass', 'value': 3}}]",True,,,,,
1903815,SecondHalf,82,2.0,87,BallRecovery,Successful,256,Feyenoord,400059.0,Gijs Smal,21.0,53.3,,,,,,,[],False,,,,,
1903815,SecondHalf,82,2.0,87,Pass,Successful,256,Feyenoord,400059.0,Gijs Smal,21.0,53.3,8.1,45.1,,,,,"[{'type': {'displayName': 'Length', 'value': 212}, 'value': '14.6'}, {'type': {'displayName': 'PassEndX', 'value': 140}, 'value': '8.1'}, {'type': {'displayName': 'Angle', 'value': 213}, 'value': '3.53'}, {'type': {'displayName': 'Zone', 'value': 56}, 'value': 'Back'}, {'type': {'displayName': 'PassEndY', 'value': 141}, 'value': '45.1'}]",True,,,,,
1903815,SecondHalf,82,4.0,87,Pass,Unsuccessful,256,Feyenoord,121821.0,Timon Wellenreuther,8.1,45.1,53.2,56.5,,,,,"[{'type': {'displayName': 'Longball', 'value': 1}}, {'type': {'displayName': 'Zone', 'value': 56}, 'value': 'Center'}, {'type': {'displayName': 'PassEndY', 'value': 141}, 'value': '56.5'}, {'type': {'displayName': 'PassEndX', 'value': 140}, 'value': '53.2'}, {'type': {'displayName': 'Angle', 'value': 213}, 'value': '0.16'}, {'type': {'displayName': 'Length', 'value': 212}, 'value': '48.0'}]",True,,,,,
1903815,SecondHalf,82,7.0,87,Clearance,Successful,116,NEC Nijmegen,321959.0,Philippe Sandler,44.4,42.9,65.5,0.0,,,,,"[{'type': {'displayName': 'Head', 'value': 15}}, {'type': {'displayName': 'PassEndY', 'value': 141}, 'value': '0.0'}, {'type': {'displayName': 'Length', 'value': 212}, 'value': '37.7'}, {'type': {'displayName': 'Zone', 'value': 56}, 'value': 'Right'}, {'type': {'displayName': 'Angle', 'value': 213}, 'value': '5.34'}, {'type': {'displayName': 'PassEndX', 'value': 140}, 'value': '65.5'}]",True,,,,,
1903815,SecondHalf,82,13.0,87,Pass,Successful,256,Feyenoord,400059.0,Gijs Smal,33.4,100.0,26.0,91.5,,,,,"[{'type': {'displayName': 'PassEndX', 'value': 140}, 'value': '26.0'}, {'type': {'displayName': 'ThrowIn', 'value': 107}}, {'type': {'displayName': 'Length', 'value': 212}, 'value': '10.1'}, {'type': {'displayName': 'Angle', 'value': 213}, 'value': '3.84'}, {'type': {'displayName': 'PassEndY', 'value': 141}, 'value': '91.5'}, {'type': {'displayName': 'Zone', 'value': 56}, 'value': 'Back'}]",True,,,,,
1903815,SecondHalf,82,19.0,87,Pass,Successful,256,Feyenoord,431258.0,Tsuyoshi Watanabe,29.7,66.2,29.1,40.4,,,,,"[{'type': {'displayName': 'Angle', 'value': 213}, 'value': '4.68'}, {'type': {'displayName': 'Length', 'value': 212}, 'value': '17.6'}, {'type': {'displayName': 'PassEndY', 'value': 141}, 'value': '40.4'}, {'type': {'displayName': 'PassEndX', 'value': 140}, 'value': '29.1'}, {'type': {'displayName': 'Zone', 'value': 56}, 'value': 'Back'}]",True,,,,,
1903815,SecondHalf,82,22.0,87,Pass,Successful,256,Feyenoord,326642.0,Anel Ahmedhodzic,29.0,40.6,13.7,46.7,,,,,"[{'type': {'displayName': 'PassEndX', 'value': 140}, 'value': '13.7'}, {'type': {'displayName': 'Zone', 'value': 56}, 'value': 'Back'}, {'type': {'displayName': 'PassEndY', 'value': 141}, 'value': '46.7'}, {'type': {'displayName': 'Angle', 'value': 213}, 'value': '2.89'}, {'type': {'displayName': 'Length', 'value': 212}, 'value': '16.6'}]",True,,,,,
1903815,SecondHalf,82,23.0,87,Pass,Successful,256,Feyenoord,121821.0,Timon Wellenreuther,13.6,46.7,37.7,13.0,,,,,"[{'type': {'displayName': 'PassEndX', 'value': 140}, 'value': '37.7'}, {'type': {'displayName': 'Zone', 'value': 56}, 'value': 'Back'}, {'type': {'displayName': 'Length', 'value': 212}, 'value': '34.1'}, {'type': {'displayName': 'PassEndY', 'value': 141}, 'value': '13.0'}, {'type': {'displayName': 'Angle', 'value': 213}, 'value': '5.55'}, {'type': {'displayName': 'Longball', 'value': 1}}]",True,,,,,
1903815,SecondHalf,82,25.0,87,Pass,Unsuccessful,256,Feyenoord,345527.0,Jordan Lotomba,37.9,12.3,46.3,24.2,,,,,"[{'type': {'displayName': 'PassEndX', 'value': 140}, 'value': '46.3'}, {'type': {'displayName': 'Angle', 'value': 213}, 'value': '0.74'}, {'type': {'displayName': 'Length', 'value': 212}, 'value': '12.0'}, {'type': {'displayName': 'PassEndY', 'value': 141}, 'value': '24.2'}, {'type': {'displayName': 'Zone', 'value': 56}, 'value': 'Back'}, {'type': {'displayName': 'HeadPass', 'value': 3}}]",True,,,,,
1903815,SecondHalf,82,26.0,87,BallRecovery,Successful,116,NEC Nijmegen,401739.0,Darko Nejasmic,53.3,67.0,,,,,,,[],False,,,,,
1903815,SecondHalf,82,28.0,87,Pass,Unsuccessful,116,NEC Nijmegen,401739.0,Darko Nejasmic,52.1,65.7,66.8,33.3,,,,,"[{'type': {'displayName': 'Length', 'value': 212}, 'value': '26.9'}, {'type': {'displayName': 'Angle', 'value': 213}, 'value': '5.32'}, {'type': {'displayName': 'PassEndX', 'value': 140}, 'value': '66.8'}, {'type': {'displayName': 'PassEndY', 'value': 141}, 'value': '33.3'}, {'type': {'displayName': 'Zone', 'value': 56}, 'value': 'Center'}]",True,,,,,
1903815,SecondHalf,82,31.0,87,Interception,Successful,256,Feyenoord,400059.0,Gijs Smal,33.2,66.7,,,,,,,"[{'type': {'displayName': 'Zone', 'value': 56}, 'value': 'Back'}]",True,,,,,
1903815,SecondHalf,82,34.0,87,Foul,Successful,256,Feyenoord,468119.0,Leo Sauer,35.0,89.6,,,,,,,"[{'type': {'displayName': 'OppositeRelatedEvent', 'value': 233}, 'value': '709'}, {'type': {'displayName': 'Foul', 'value': 13}}, {'type': {'displayName': 'Zone', 'value': 56}, 'value': 'Back'}, {'type': {'displayName': 'Offensive', 'value': 286}}]",True,,,,,
1903815,SecondHalf,82,34.0,87,Foul,Unsuccessful,116,NEC Nijmegen,515755.0,Sami Ouaissa,65.0,10.4,,,,,,,"[{'type': {'displayName': 'OppositeRelatedEvent', 'value': 233}, 'value': '747'}, {'type': {'displayName': 'Defensive', 'value': 285}}, {'type': {'displayName': 'Foul', 'value': 13}}, {'type': {'displayName': 'Zone', 'value': 56}, 'value': 'Right'}]",False,,,,,
1903815,SecondHalf,82,42.0,87,Pass,Successful,256,Feyenoord,400059.0,Gijs Smal,35.8,88.1,86.8,67.9,,,,,"[{'type': {'displayName': 'PassEndY', 'value': 141}, 'value': '67.9'}, {'type': {'displayName': 'PassEndX', 'value': 140}, 'value': '86.8'}, {'type': {'displayName': 'Angle', 'value': 213}, 'value': '6.03'}, {'type': {'displayName': 'Longball', 'value': 1}}, {'type': {'displayName': 'Zone', 'value': 56}, 'value': 'Center'}, {'type': {'displayName': 'Chipped', 'value': 155}}, {'type': {'displayName': 'Length', 'value': 212}, 'value': '55.3'}, {'type': {'displayName': 'FreekickTaken', 'value': 5}}]",True,,,,,
1903815,SecondHalf,82,46.0,87,TakeOn,Unsuccessful,256,Feyenoord,411078.0,Quinten Timber,89.3,65.2,,,,,,,"[{'type': {'displayName': 'OverRun', 'value': 211}}, {'type': {'displayName': 'Zone', 'value': 56}, 'value': 'Center'}, {'type': {'displayName': 'Offensive', 'value': 286}}]",True,,,,,
1903815,SecondHalf,82,47.0,87,Pass,Successful,116,NEC Nijmegen,422806.0,Dirk Proper,9.6,34.6,5.0,31.3,,,,,"[{'type': {'displayName': 'Angle', 'value': 213}, 'value': '3.58'}, {'type': {'displayName': 'Length', 'value': 212}, 'value': '5.3'}, {'type': {'displayName': 'HeadPass', 'value': 3}}, {'type': {'displayName': 'PassEndX', 'value': 140}, 'value': '5.0'}, {'type': {'displayName': 'PassEndY', 'value': 141}, 'value': '31.3'}, {'type': {'displayName': 'Zone', 'value': 56}, 'value': 'Back'}]",True,,,,,
1903815,SecondHalf,82,48.0,87,BallTouch,Successful,116,NEC Nijmegen,321959.0,Philippe Sandler,5.0,31.3,,,,,,,"[{'type': {'displayName': 'Zone', 'value': 56}, 'value': 'Back'}]",True,,,,,
1903815,SecondHalf,82,49.0,87,BallRecovery,Successful,116,NEC Nijmegen,422806.0,Dirk Proper,4.9,29.4,,,,,,,[],False,,,,,
1903815,SecondHalf,82,50.0,87,Pass,Successful,116,NEC Nijmegen,422806.0,Dirk Proper,4.9,29.4,11.1,15.0,,,,,"[{'type': {'displayName': 'PassEndX', 'value': 140}, 'value': '11.1'}, {'type': {'displayName': 'Zone', 'value': 56}, 'value': 'Back'}, {'type': {'displayName': 'Angle', 'value': 213}, 'value': '5.30'}, {'type': {'displayName': 'PassEndY', 'value': 141}, 'value': '15.0'}, {'type': {'displayName': 'Length', 'value': 212}, 'value': '11.8'}]",True,,,,,
1903815,SecondHalf,82,52.0,87,TakeOn,Successful,116,NEC Nijmegen,401739.0,Darko Nejasmic,17.2,8.6,,,,,,,"[{'type': {'displayName': 'Defensive', 'value': 285}}, {'type': {'displayName': 'OppositeRelatedEvent', 'value': 233}, 'value': '750'}, {'type': {'displayName': 'Zone', 'value': 56}, 'value': 'Back'}]",True,,,,,
1903815,SecondHalf,82,52.0,87,Challenge,Unsuccessful,256,Feyenoord,468119.0,Leo Sauer,82.8,91.4,,,,,,,"[{'type': {'displayName': 'Zone', 'value': 56}, 'value': 'Left'}, {'type': {'displayName': 'Offensive', 'value': 286}}, {'type': {'displayName': 'OppositeRelatedEvent', 'value': 233}, 'value': '714'}]",False,,,,,
1903815,SecondHalf,82,53.0,87,Pass,Successful,116,NEC Nijmegen,401739.0,Darko Nejasmic,14.0,8.1,23.2,10.9,,,,,"[{'type': {'displayName': 'Zone', 'value': 56}, 'value': 'Back'}, {'type': {'displayName': 'PassEndY', 'value': 141}, 'value': '10.9'}, {'type': {'displayName': 'Length', 'value': 212}, 'value': '9.8'}, {'type': {'displayName': 'Angle', 'value': 213}, 'value': '0.19'}, {'type': {'displayName': 'PassEndX', 'value': 140}, 'value': '23.2'}]",True,,,,,
1903815,SecondHalf,82,55.0,87,Pass,Unsuccessful,116,NEC Nijmegen,130917.0,Eli Dasa,23.5,10.7,25.9,12.7,,,,,"[{'type': {'displayName': 'Length', 'value': 212}, 'value': '2.9'}, {'type': {'displayName': 'Offensive', 'value': 286}}, {'type': {'displayName': 'Zone', 'value': 56}, 'value': 'Back'}, {'type': {'displayName': 'PassEndY', 'value': 141}, 'value': '12.7'}, {'type': {'displayName': 'Angle', 'value': 213}, 'value': '0.49'}, {'type': {'displayName': 'OppositeRelatedEvent', 'value': 233}, 'value': '751'}, {'type': {'displayName': 'PassEndX', 'value': 140}, 'value': '25.9'}]",True,,,,,
1903815,SecondHalf,82,55.0,87,BlockedPass,Successful,256,Feyenoord,409892.0,Oussama Targhalline,74.1,87.3,,,,,,,"[{'type': {'displayName': 'Defensive', 'value': 285}}, {'type': {'displayName': 'OppositeRelatedEvent', 'value': 233}, 'value': '716'}, {'type': {'displayName': 'Zone', 'value': 56}, 'value': 'Left'}]",True,,,,,
1903815,SecondHalf,82,57.0,87,Pass,Successful,116,NEC Nijmegen,538340.0,Kento Shiogai,33.5,10.9,28.9,24.6,,,,,"[{'type': {'displayName': 'PassEndX', 'value': 140}, 'value': '28.9'}, {'type': {'displayName': 'Zone', 'value': 56}, 'value': 'Back'}, {'type': {'displayName': 'Angle', 'value': 213}, 'value': '2.05'}, {'type': {'displayName': 'PassEndY', 'value': 141}, 'value': '24.6'}, {'type': {'displayName': 'Length', 'value': 212}, 'value': '10.5'}]",True,,,,,
1903815,SecondHalf,82,58.0,87,Pass,Successful,116,NEC Nijmegen,401739.0,Darko Nejasmic,29.0,24.6,59.8,12.0,,,,,"[{'type': {'displayName': 'Length', 'value': 212}, 'value': '33.5'}, {'type': {'displayName': 'Angle', 'value': 213}, 'value': '6.02'}, {'type': {'displayName': 'Zone', 'value': 56}, 'value': 'Right'}, {'type': {'displayName': 'Longball', 'value': 1}}, {'type': {'displayName': 'PassEndY', 'value': 141}, 'value': '12.0'}, {'type': {'displayName': 'PassEndX', 'value': 140}, 'value': '59.8'}]",True,,,,,
1903815,SecondHalf,83,6.0,88,TakeOn,Unsuccessful,116,NEC Nijmegen,515755.0,Sami Ouaissa,77.2,34.0,,,,,,,"[{'type': {'displayName': 'Offensive', 'value': 286}}, {'type': {'displayName': 'OppositeRelatedEvent', 'value': 233}, 'value': '752'}, {'type': {'displayName': 'Zone', 'value': 56}, 'value': 'Center'}]",True,,,,,
1903815,SecondHalf,83,6.0,88,Tackle,Unsuccessful,256,Feyenoord,409892.0,Oussama Targhalline,22.8,66.0,,,,,,,"[{'type': {'displayName': 'OppositeRelatedEvent', 'value': 233}, 'value': '719'}, {'type': {'displayName': 'StandingSave', 'value': 178}}, {'type': {'displayName': 'Defensive', 'value': 285}}, {'type': {'displayName': 'Zone', 'value': 56}, 'value': 'Back'}]",True,,,,,
1903815,SecondHalf,83,8.0,88,Pass,Successful,116,NEC Nijmegen,422806.0,Dirk Proper,71.6,28.9,67.8,34.3,,,,,"[{'type': {'displayName': 'Zone', 'value': 56}, 'value': 'Center'}, {'type': {'displayName': 'PassEndY', 'value': 141}, 'value': '34.3'}, {'type': {'displayName': 'Angle', 'value': 213}, 'value': '2.40'}, {'type': {'displayName': 'PassEndX', 'value': 140}, 'value': '67.8'}, {'type': {'displayName': 'Length', 'value': 212}, 'value': '5.4'}]",True,,,,,
1903815,SecondHalf,83,12.0,88,Pass,Successful,116,NEC Nijmegen,401739.0,Darko Nejasmic,70.1,40.6,81.4,82.2,,,,,"[{'type': {'displayName': 'Zone', 'value': 56}, 'value': 'Left'}, {'type': {'displayName': 'Length', 'value': 212}, 'value': '30.7'}, {'type': {'displayName': 'Angle', 'value': 213}, 'value': '1.17'}, {'type': {'displayName': 'Chipped', 'value': 155}}, {'type': {'displayName': 'PassEndY', 'value': 141}, 'value': '82.2'}, {'type': {'displayName': 'PassEndX', 'value': 140}, 'value': '81.4'}]",True,,,,,
1903815,SecondHalf,83,14.0,88,Pass,Successful,116,NEC Nijmegen,532237.0,Basar Önal,79.9,78.6,93.0,51.4,,,,,"[{'type': {'displayName': 'Cross', 'value': 2}}, {'type': {'displayName': 'Angle', 'value': 213}, 'value': '5.35'}, {'type': {'displayName': 'RegularPlay', 'value': 22}}, {'type': {'displayName': 'IntentionalAssist', 'value': 154}}, {'type': {'displayName': 'RightFoot', 'value': 20}}, {'type': {'displayName': 'PassEndX', 'value': 140}, 'value': '93.0'}, {'type': {'displayName': 'ShotAssist', 'value': 210}, 'value': '16'}, {'type': {'displayName': 'Length', 'value': 212}, 'value': '23.0'}, {'type': {'displayName': 'Chipped', 'value': 155}}, {'type': {'displayName': 'Zone', 'value': 56}, 'value': 'Center'}, {'type': {'displayName': 'PassEndY', 'value': 141}, 'value': '51.4'}, {'type': {'displayName': 'BigChanceCreated', 'value': 11112}}, {'type': {'displayName': 'IntentionalGoalAssist', 'value': 11111}}, {'type': {'displayName': 'KeyPass', 'value': 11113}}]",True,,,,,
1903815,SecondHalf,83,17.0,88,Goal,Successful,116,NEC Nijmegen,538340.0,Kento Shiogai,93.0,51.4,,,47.1,10.1,,,"[{'type': {'displayName': 'Assisted', 'value': 29}}, {'type': {'displayName': 'GoalMouthY', 'value': 102}, 'value': '47.1'}, {'type': {'displayName': 'Zone', 'value': 56}, 'value': 'Center'}, {'type': {'displayName': 'Head', 'value': 15}}, {'type': {'displayName': 'BigChance', 'value': 214}}, {'type': {'displayName': 'FirstTouch', 'value': 328}}, {'type': {'displayName': 'LowRight', 'value': 80}}, {'type': {'displayName': 'GoalMouthZ', 'value': 103}, 'value': '10.1'}, {'type': {'displayName': 'IntentionalAssist', 'value': 154}}, {'type': {'displayName': 'RelatedEventId', 'value': 55}, 'value': '722'}, {'type': {'displayName': 'BoxCentre', 'value': 17}}, {'type': {'displayName': 'RegularPlay', 'value': 22}}]",True,True,True,,722.0,532237.0
1903815,SecondHalf,84,23.0,89,Pass,Successful,256,Feyenoord,377288.0,Ayase Ueda,49.9,50.2,39.7,57.6,,,,,"[{'type': {'displayName': 'PassEndX', 'value': 140}, 'value': '39.7'}, {'type': {'displayName': 'Zone', 'value': 56}, 'value': 'Back'}, {'type': {'displayName': 'PassEndY', 'value': 141}, 'value': '57.6'}, {'type': {'displayName': 'Length', 'value': 212}, 'value': '11.8'}, {'type': {'displayName': 'Angle', 'value': 213}, 'value': '2.70'}]",True,,,,,
1903815,SecondHalf,84,24.0,89,Pass,Successful,256,Feyenoord,411078.0,Quinten Timber,39.8,57.9,35.9,75.6,,,,,"[{'type': {'displayName': 'Angle', 'value': 213}, 'value': '1.90'}, {'type': {'displayName': 'Length', 'value': 212}, 'value': '12.7'}, {'type': {'displayName': 'PassEndX', 'value': 140}, 'value': '35.9'}, {'type': {'displayName': 'Zone', 'value': 56}, 'value': 'Back'}, {'type': {'displayName': 'PassEndY', 'value': 141}, 'value': '75.6'}]",True,,,,,
1903815,SecondHalf,84,27.0,89,Foul,Successful,256,Feyenoord,400059.0,Gijs Smal,40.2,74.6,,,,,,,"[{'type': {'displayName': 'Zone', 'value': 56}, 'value': 'Back'}, {'type': {'displayName': 'Offensive', 'value': 286}}, {'type': {'displayName': 'Foul', 'value': 13}}, {'type': {'displayName': 'OppositeRelatedEvent', 'value': 233}, 'value': '724'}]",True,,,,,
1903815,SecondHalf,84,27.0,89,Foul,Unsuccessful,116,NEC Nijmegen,538340.0,Kento Shiogai,59.8,25.4,,,,,,,"[{'type': {'displayName': 'Defensive', 'value': 285}}, {'type': {'displayName': 'Zone', 'value': 56}, 'value': 'Center'}, {'type': {'displayName': 'OppositeRelatedEvent', 'value': 233}, 'value': '756'}, {'type': {'displayName': 'Foul', 'value': 13}}]",False,,,,,
1903815,SecondHalf,84,29.0,89,Pass,Unsuccessful,256,Feyenoord,411078.0,Quinten Timber,40.6,66.8,41.2,60.9,,,,,"[{'type': {'displayName': 'Zone', 'value': 56}, 'value': 'Back'}, {'type': {'displayName': 'Length', 'value': 212}, 'value': '4.1'}, {'type': {'displayName': 'PassEndY', 'value': 141}, 'value': '60.9'}, {'type': {'displayName': 'PassEndX', 'value': 140}, 'value': '41.2'}, {'type': {'displayName': 'Angle', 'value': 213}, 'value': '4.87'}, {'type': {'displayName': 'FreekickTaken', 'value': 5}}]",True,,,,,
1903815,SecondHalf,84,31.0,89,BallTouch,Successful,116,NEC Nijmegen,469366.0,Noé Lebreton,54.1,38.8,,,,,,,"[{'type': {'displayName': 'Zone', 'value': 56}, 'value': 'Center'}]",True,,,,,
1903815,SecondHalf,84,34.0,89,Pass,Unsuccessful,256,Feyenoord,409892.0,Oussama Targhalline,63.2,17.7,89.1,5.6,,,,,"[{'type': {'displayName': 'Zone', 'value': 56}, 'value': 'Right'}, {'type': {'displayName': 'Angle', 'value': 213}, 'value': '5.99'}, {'type': {'displayName': 'Length', 'value': 212}, 'value': '28.4'}, {'type': {'displayName': 'PassEndX', 'value': 140}, 'value': '89.1'}, {'type': {'displayName': 'PassEndY', 'value': 141}, 'value': '5.6'}]",True,,,,,
1903815,SecondHalf,84,40.0,89,Foul,Successful,116,NEC Nijmegen,400320.0,Ahmetcan Kaplan,11.4,93.8,,,,,,,"[{'type': {'displayName': 'Defensive', 'value': 285}}, {'type': {'displayName': 'Foul', 'value': 13}}, {'type': {'displayName': 'Zone', 'value': 56}, 'value': 'Back'}, {'type': {'displayName': 'OppositeRelatedEvent', 'value': 233}, 'value': '759'}]",True,,,,,
1903815,SecondHalf,84,40.0,89,Foul,Unsuccessful,256,Feyenoord,534893.0,Aymen Sliti,88.6,6.2,,,,,,,"[{'type': {'displayName': 'Foul', 'value': 13}}, {'type': {'displayName': 'Zone', 'value': 56}, 'value': 'Right'}, {'type': {'displayName': 'Offensive', 'value': 286}}, {'type': {'displayName': 'OppositeRelatedEvent', 'value': 233}, 'value': '726'}]",False,,,,,
1903815,SecondHalf,85,15.0,90,Pass,Successful,116,NEC Nijmegen,448283.0,Gonzalo Crettaz,19.1,86.2,64.6,90.3,,,,,"[{'type': {'displayName': 'PassEndX', 'value': 140}, 'value': '64.6'}, {'type': {'displayName': 'Zone', 'value': 56}, 'value': 'Left'}, {'type': {'displayName': 'FreekickTaken', 'value': 5}}, {'type': {'displayName': 'Length', 'value': 212}, 'value': '47.9'}, {'type': {'displayName': 'Longball', 'value': 1}}, {'type': {'displayName': 'Angle', 'value': 213}, 'value': '0.06'}, {'type': {'displayName': 'PassEndY', 'value': 141}, 'value': '90.3'}]",True,,,,,
1903815,SecondHalf,85,20.0,90,BallTouch,Unsuccessful,116,NEC Nijmegen,532237.0,Basar Önal,64.6,90.8,,,,,,,"[{'type': {'displayName': 'Zone', 'value': 56}, 'value': 'Left'}]",True,,,,,
1903815,SecondHalf,85,59.0,90,SubstitutionOff,Successful,116,NEC Nijmegen,532237.0,Basar Önal,0.0,0.0,,,,,,,"[{'type': {'displayName': 'RelatedEventId', 'value': 55}, 'value': '731'}, {'type': {'displayName': 'JerseyNumber', 'value': 59}, 'value': '11'}, {'type': {'displayName': 'PlayerPosition', 'value': 44}, 'value': 'Forward'}]",False,,,,731.0,430309.0
1903815,SecondHalf,85,59.0,90,SubstitutionOn,Successful,116,NEC Nijmegen,430309.0,Brayann Pereira,0.0,0.0,,,,,,,"[{'type': {'displayName': 'FormationSlot', 'value': 145}, 'value': '3'}, {'type': {'displayName': 'PlayerPosition', 'value': 44}, 'value': 'Midfielder'}, {'type': {'displayName': 'RelatedEventId', 'value': 55}, 'value': '730'}, {'type': {'displayName': 'JerseyNumber', 'value': 59}, 'value': '2'}]",False,,,,730.0,532237.0
1903815,SecondHalf,86,2.0,91,SubstitutionOff,Successful,116,NEC Nijmegen,515755.0,Sami Ouaissa,0.0,0.0,,,,,,,"[{'type': {'displayName': 'PlayerPosition', 'value': 44}, 'value': 'Midfielder'}, {'type': {'displayName': 'JerseyNumber', 'value': 59}, 'value': '25'}, {'type': {'displayName': 'RelatedEventId', 'value': 55}, 'value': '733'}]",False,,,,733.0,582294.0
1903815,SecondHalf,86,2.0,91,SubstitutionOn,Successful,116,NEC Nijmegen,582294.0,Deveron Fonville,0.0,0.0,,,,,,,"[{'type': {'displayName': 'RelatedEventId', 'value': 55}, 'value': '732'}, {'type': {'displayName': 'PlayerPosition', 'value': 44}, 'value': 'Midfielder'}, {'type': {'displayName': 'FormationSlot', 'value': 145}, 'value': '2'}, {'type': {'displayName': 'JerseyNumber', 'value': 59}, 'value': '24'}]",False,,,,732.0,515755.0
1903815,SecondHalf,86,3.0,91,FormationChange,Successful,116,NEC Nijmegen,,,0.0,0.0,,,,,,,"[{'type': {'displayName': 'JerseyNumber', 'value': 59}, 'value': '1, 2, 24, 4, 3, 14, 23, 6, 9, 71, 20, 5, 7, 15, 21, 31, 32, 35'}, {'type': {'displayName': 'PlayerPosition', 'value': 44}, 'value': '1, 3, 3, 2, 2, 2, 3, 3, 4, 4, 4, 5, 5, 5, 5, 5, 5, 5'}, {'type': {'displayName': 'CaptainPlayerId', 'value': 194}, 'value': '422806'}, {'type': {'displayName': 'TeamPlayerFormation', 'value': 131}, 'value': '1, 2, 3, 4, 5, 6, 7, 8, 9, 10, 11, 0, 0, 0, 0, 0, 0, 0'}, {'type': {'displayName': 'TeamFormation', 'value': 130}, 'value': '17'}, {'type': {'displayName': 'InvolvedPlayers', 'value': 30}, 'value': '448283,430309,582294,400320,321959,130917,497708,401739,538340,422806,469366,301027,120454,94885,365712,429380,343314,576635'}]",False,,,,,
1903815,SecondHalf,86,10.0,91,Pass,Successful,256,Feyenoord,345527.0,Jordan Lotomba,39.0,0.0,35.0,12.3,,,,,"[{'type': {'displayName': 'ThrowIn', 'value': 107}}, {'type': {'displayName': 'Angle', 'value': 213}, 'value': '2.01'}, {'type': {'displayName': 'PassEndX', 'value': 140}, 'value': '35.0'}, {'type': {'displayName': 'PassEndY', 'value': 141}, 'value': '12.3'}, {'type': {'displayName': 'Zone', 'value': 56}, 'value': 'Back'}, {'type': {'displayName': 'Length', 'value': 212}, 'value': '10.0'}]",True,,,,,
1903815,SecondHalf,86,12.0,91,Pass,Successful,256,Feyenoord,326642.0,Anel Ahmedhodzic,36.0,10.0,34.9,35.0,,,,,"[{'type': {'displayName': 'PassEndY', 'value': 141}, 'value': '35.0'}, {'type': {'displayName': 'Length', 'value': 212}, 'value': '17.0'}, {'type': {'displayName': 'Angle', 'value': 213}, 'value': '1.64'}, {'type': {'displayName': 'Zone', 'value': 56}, 'value': 'Back'}, {'type': {'displayName': 'PassEndX', 'value': 140}, 'value': '34.9'}]",True,,,,,
1903815,SecondHalf,86,16.0,91,Pass,Successful,256,Feyenoord,409892.0,Oussama Targhalline,31.6,58.7,53.8,79.7,,,,,"[{'type': {'displayName': 'Length', 'value': 212}, 'value': '27.3'}, {'type': {'displayName': 'PassEndY', 'value': 141}, 'value': '79.7'}, {'type': {'displayName': 'Zone', 'value': 56}, 'value': 'Left'}, {'type': {'displayName': 'Angle', 'value': 213}, 'value': '0.55'}, {'type': {'displayName': 'PassEndX', 'value': 140}, 'value': '53.8'}]",True,,,,,
1903815,SecondHalf,86,19.0,91,Pass,Successful,256,Feyenoord,400059.0,Gijs Smal,60.0,83.5,70.3,86.4,,,,,"[{'type': {'displayName': 'PassEndX', 'value': 140}, 'value': '70.3'}, {'type': {'displayName': 'Angle', 'value': 213}, 'value': '0.18'}, {'type': {'displayName': 'Zone', 'value': 56}, 'value': 'Left'}, {'type': {'displayName': 'Length', 'value': 212}, 'value': '11.0'}, {'type': {'displayName': 'PassEndY', 'value': 141}, 'value': '86.4'}]",True,,,,,
1903815,SecondHalf,86,22.0,91,Pass,Successful,256,Feyenoord,411078.0,Quinten Timber,66.2,80.8,70.8,72.2,,,,,"[{'type': {'displayName': 'Length', 'value': 212}, 'value': '7.6'}, {'type': {'displayName': 'Angle', 'value': 213}, 'value': '5.40'}, {'type': {'displayName': 'Zone', 'value': 56}, 'value': 'Center'}, {'type': {'displayName': 'PassEndY', 'value': 141}, 'value': '72.2'}, {'type': {'displayName': 'PassEndX', 'value': 140}, 'value': '70.8'}]",True,,,,,
1903815,SecondHalf,86,23.0,91,Pass,Successful,256,Feyenoord,400059.0,Gijs Smal,72.1,75.5,81.8,93.4,,,,,"[{'type': {'displayName': 'Length', 'value': 212}, 'value': '15.9'}, {'type': {'displayName': 'PassEndY', 'value': 141}, 'value': '93.4'}, {'type': {'displayName': 'Zone', 'value': 56}, 'value': 'Left'}, {'type': {'displayName': 'Angle', 'value': 213}, 'value': '0.87'}, {'type': {'displayName': 'PassEndX', 'value': 140}, 'value': '81.8'}]",True,,,,,
1903815,SecondHalf,86,29.0,91,Pass,Successful,256,Feyenoord,468119.0,Leo Sauer,78.4,75.9,73.5,55.5,,,,,"[{'type': {'displayName': 'Length', 'value': 212}, 'value': '14.8'}, {'type': {'displayName': 'PassEndY', 'value': 141}, 'value': '55.5'}, {'type': {'displayName': 'Angle', 'value': 213}, 'value': '4.36'}, {'type': {'displayName': 'Zone', 'value': 56}, 'value': 'Center'}, {'type': {'displayName': 'PassEndX', 'value': 140}, 'value': '73.5'}]",True,,,,,
1903815,SecondHalf,86,31.0,91,Pass,Successful,256,Feyenoord,411078.0,Quinten Timber,72.6,52.9,75.9,15.7,,,,,"[{'type': {'displayName': 'Zone', 'value': 56}, 'value': 'Right'}, {'type': {'displayName': 'Angle', 'value': 213}, 'value': '4.85'}, {'type': {'displayName': 'Length', 'value': 212}, 'value': '25.5'}, {'type': {'displayName': 'PassEndY', 'value': 141}, 'value': '15.7'}, {'type': {'displayName': 'PassEndX', 'value': 140}, 'value': '75.9'}]",True,,,,,
1903815,SecondHalf,86,35.0,91,Pass,Unsuccessful,256,Feyenoord,534893.0,Aymen Sliti,77.7,23.3,95.2,45.9,,,,,"[{'type': {'displayName': 'LeftFoot', 'value': 72}}, {'type': {'displayName': 'Angle', 'value': 213}, 'value': '0.70'}, {'type': {'displayName': 'Cross', 'value': 2}}, {'type': {'displayName': 'Zone', 'value': 56}, 'value': 'Center'}, {'type': {'displayName': 'Length', 'value': 212}, 'value': '24.0'}, {'type': {'displayName': 'Chipped', 'value': 155}}, {'type': {'displayName': 'PassEndY', 'value': 141}, 'value': '45.9'}, {'type': {'displayName': 'PassEndX', 'value': 140}, 'value': '95.2'}]",True,,,,,
1903815,SecondHalf,86,37.0,91,Clearance,Successful,116,NEC Nijmegen,401739.0,Darko Nejasmic,5.9,50.7,12.9,100.0,,,,,"[{'type': {'displayName': 'Zone', 'value': 56}, 'value': 'Back'}, {'type': {'displayName': 'PassEndY', 'value': 141}, 'value': '100.0'}, {'type': {'displayName': 'PassEndX', 'value': 140}, 'value': '12.9'}, {'type': {'displayName': 'Angle', 'value': 213}, 'value': '1.36'}, {'type': {'displayName': 'Head', 'value': 15}}, {'type': {'displayName': 'Length', 'value': 212}, 'value': '35.6'}]",True,,,,,
1903815,SecondHalf,86,57.0,91,SubstitutionOff,Successful,256,Feyenoord,326642.0,Anel Ahmedhodzic,0.0,0.0,,,,,,,"[{'type': {'displayName': 'JerseyNumber', 'value': 59}, 'value': '21'}, {'type': {'displayName': 'RelatedEventId', 'value': 55}, 'value': '771'}, {'type': {'displayName': 'PlayerPosition', 'value': 44}, 'value': 'Defender'}]",False,,,,771.0,426271.0
1903815,SecondHalf,86,57.0,91,SubstitutionOn,Successful,256,Feyenoord,426271.0,Casper Tengstedt,0.0,0.0,,,,,,,"[{'type': {'displayName': 'PlayerPosition', 'value': 44}, 'value': 'Defender'}, {'type': {'displayName': 'RelatedEventId', 'value': 55}, 'value': '770'}, {'type': {'displayName': 'FormationSlot', 'value': 145}, 'value': '5'}, {'type': {'displayName': 'JerseyNumber', 'value': 59}, 'value': '17'}]",False,,,,770.0,326642.0
1903815,SecondHalf,87,8.0,92,Pass,Unsuccessful,256,Feyenoord,345527.0,Jordan Lotomba,87.4,0.0,100.0,16.3,,,,,"[{'type': {'displayName': 'Zone', 'value': 56}, 'value': 'Right'}, {'type': {'displayName': 'PassEndX', 'value': 140}, 'value': '100.0'}, {'type': {'displayName': 'PassEndY', 'value': 141}, 'value': '16.3'}, {'type': {'displayName': 'ThrowIn', 'value': 107}}, {'type': {'displayName': 'Length', 'value': 212}, 'value': '19.2'}, {'type': {'displayName': 'Angle', 'value': 213}, 'value': '0.69'}]",True,,,,,
1903815,SecondHalf,87,11.0,92,ShieldBallOpp,Successful,116,NEC Nijmegen,400320.0,Ahmetcan Kaplan,1.5,85.2,,,,,,,"[{'type': {'displayName': 'Zone', 'value': 56}, 'value': 'Back'}]",False,,,,,
1903815,SecondHalf,87,44.0,92,Pass,Successful,116,NEC Nijmegen,448283.0,Gonzalo Crettaz,4.6,54.0,60.0,79.4,,,,,"[{'type': {'displayName': 'PassEndX', 'value': 140}, 'value': '60.0'}, {'type': {'displayName': 'Longball', 'value': 1}}, {'type': {'displayName': 'MissHigh', 'value': 74}}, {'type': {'displayName': 'Zone', 'value': 56}, 'value': 'Left'}, {'type': {'displayName': 'PassEndY', 'value': 141}, 'value': '79.4'}, {'type': {'displayName': 'Length', 'value': 212}, 'value': '60.7'}, {'type': {'displayName': 'Angle', 'value': 213}, 'value': '0.29'}, {'type': {'displayName': 'GoalKick', 'value': 124}}]",True,,,,,
1903815,SecondHalf,87,49.0,92,Pass,Successful,116,NEC Nijmegen,582294.0,Deveron Fonville,61.5,79.2,58.6,70.6,,,,,"[{'type': {'displayName': 'Zone', 'value': 56}, 'value': 'Center'}, {'type': {'displayName': 'PassEndY', 'value': 141}, 'value': '70.6'}, {'type': {'displayName': 'PassEndX', 'value': 140}, 'value': '58.6'}, {'type': {'displayName': 'HeadPass', 'value': 3}}, {'type': {'displayName': 'Length', 'value': 212}, 'value': '6.6'}, {'type': {'displayName': 'Angle', 'value': 213}, 'value': '4.23'}]",True,,,,,
1903815,SecondHalf,87,52.0,92,Pass,Unsuccessful,116,NEC Nijmegen,469366.0,Noé Lebreton,58.6,70.0,71.7,50.3,,,,,"[{'type': {'displayName': 'Zone', 'value': 56}, 'value': 'Center'}, {'type': {'displayName': 'PassEndY', 'value': 141}, 'value': '50.3'}, {'type': {'displayName': 'Length', 'value': 212}, 'value': '19.2'}, {'type': {'displayName': 'PassEndX', 'value': 140}, 'value': '71.7'}, {'type': {'displayName': 'HeadPass', 'value': 3}}, {'type': {'displayName': 'Angle', 'value': 213}, 'value': '5.51'}]",True,,,,,
1903815,SecondHalf,87,55.0,92,BallRecovery,Successful,256,Feyenoord,409892.0,Oussama Targhalline,29.1,53.6,,,,,,,[],False,,,,,
1903815,SecondHalf,87,55.0,92,Pass,Successful,256,Feyenoord,409892.0,Oussama Targhalline,28.3,56.1,40.2,67.9,,,,,"[{'type': {'displayName': 'PassEndX', 'value': 140}, 'value': '40.2'}, {'type': {'displayName': 'Angle', 'value': 213}, 'value': '0.57'}, {'type': {'displayName': 'Length', 'value': 212}, 'value': '14.8'}, {'type': {'displayName': 'PassEndY', 'value': 141}, 'value': '67.9'}, {'type': {'displayName': 'Zone', 'value': 56}, 'value': 'Back'}]",True,,,,,
1903815,SecondHalf,87,57.0,92,Pass,Successful,256,Feyenoord,400059.0,Gijs Smal,41.3,70.5,32.8,61.1,,,,,"[{'type': {'displayName': 'PassEndY', 'value': 141}, 'value': '61.1'}, {'type': {'displayName': 'Length', 'value': 212}, 'value': '11.0'}, {'type': {'displayName': 'PassEndX', 'value': 140}, 'value': '32.8'}, {'type': {'displayName': 'Zone', 'value': 56}, 'value': 'Back'}, {'type': {'displayName': 'Angle', 'value': 213}, 'value': '3.76'}]",True,,,,,
1903815,SecondHalf,88,1.0,93,Pass,Successful,256,Feyenoord,409892.0,Oussama Targhalline,45.6,50.9,55.4,31.4,,,,,"[{'type': {'displayName': 'PassEndY', 'value': 141}, 'value': '31.4'}, {'type': {'displayName': 'PassEndX', 'value': 140}, 'value': '55.4'}, {'type': {'displayName': 'Angle', 'value': 213}, 'value': '5.37'}, {'type': {'displayName': 'Zone', 'value': 56}, 'value': 'Center'}, {'type': {'displayName': 'Length', 'value': 212}, 'value': '16.8'}]",True,,,,,
1903815,SecondHalf,88,4.0,93,Pass,Successful,256,Feyenoord,345527.0,Jordan Lotomba,59.6,25.9,73.5,4.7,,,,,"[{'type': {'displayName': 'Angle', 'value': 213}, 'value': '5.50'}, {'type': {'displayName': 'PassEndY', 'value': 141}, 'value': '4.7'}, {'type': {'displayName': 'Length', 'value': 212}, 'value': '20.5'}, {'type': {'displayName': 'PassEndX', 'value': 140}, 'value': '73.5'}, {'type': {'displayName': 'Zone', 'value': 56}, 'value': 'Right'}]",True,,,,,
1903815,SecondHalf,88,13.0,93,Pass,Successful,256,Feyenoord,534893.0,Aymen Sliti,73.6,20.3,80.9,21.7,,,,,"[{'type': {'displayName': 'Angle', 'value': 213}, 'value': '0.12'}, {'type': {'displayName': 'Length', 'value': 212}, 'value': '7.7'}, {'type': {'displayName': 'Zone', 'value': 56}, 'value': 'Center'}, {'type': {'displayName': 'PassEndY', 'value': 141}, 'value': '21.7'}, {'type': {'displayName': 'PassEndX', 'value': 140}, 'value': '80.9'}]",True,,,,,
1903815,SecondHalf,88,16.0,93,Pass,Successful,256,Feyenoord,345527.0,Jordan Lotomba,81.9,22.1,93.4,17.0,,,,,"[{'type': {'displayName': 'Zone', 'value': 56}, 'value': 'Right'}, {'type': {'displayName': 'PassEndX', 'value': 140}, 'value': '93.4'}, {'type': {'displayName': 'PassEndY', 'value': 141}, 'value': '17.0'}, {'type': {'displayName': 'Length', 'value': 212}, 'value': '12.6'}, {'type': {'displayName': 'Angle', 'value': 213}, 'value': '6.00'}]",True,,,,,
1903815,SecondHalf,88,18.0,93,Pass,Unsuccessful,256,Feyenoord,534893.0,Aymen Sliti,92.9,18.0,93.7,21.7,,,,,"[{'type': {'displayName': 'OppositeRelatedEvent', 'value': 233}, 'value': '744'}, {'type': {'displayName': 'Cross', 'value': 2}}, {'type': {'displayName': 'Length', 'value': 212}, 'value': '2.7'}, {'type': {'displayName': 'PassEndY', 'value': 141}, 'value': '21.7'}, {'type': {'displayName': 'Offensive', 'value': 286}}, {'type': {'displayName': 'Angle', 'value': 213}, 'value': '1.25'}, {'type': {'displayName': 'Zone', 'value': 56}, 'value': 'Center'}, {'type': {'displayName': 'RightFoot', 'value': 20}}, {'type': {'displayName': 'PassEndX', 'value': 140}, 'value': '93.7'}]",True,,,,,
1903815,SecondHalf,88,18.0,93,Clearance,Successful,116,NEC Nijmegen,582294.0,Deveron Fonville,1.3,62.4,,,,,,,"[{'type': {'displayName': 'Zone', 'value': 56}, 'value': 'Back'}, {'type': {'displayName': 'BlockedCross', 'value': 185}}, {'type': {'displayName': 'OppositeRelatedEvent', 'value': 233}, 'value': '782'}]",True,,,,,
1903815,SecondHalf,88,20.0,93,CornerAwarded,Unsuccessful,116,NEC Nijmegen,582294.0,Deveron Fonville,1.4,77.6,,,,,,,"[{'type': {'displayName': 'Zone', 'value': 56}, 'value': 'Back'}, {'type': {'displayName': 'MissLeft', 'value': 73}}, {'type': {'displayName': 'OppositeRelatedEvent', 'value': 233}, 'value': '783'}]",False,,,,,
1903815,SecondHalf,88,20.0,93,CornerAwarded,Successful,256,Feyenoord,534893.0,Aymen Sliti,98.6,22.4,,,,,,,"[{'type': {'displayName': 'Zone', 'value': 56}, 'value': 'Center'}, {'type': {'displayName': 'OppositeRelatedEvent', 'value': 233}, 'value': '746'}, {'type': {'displayName': 'MissRight', 'value': 75}}]",False,,,,,
1903815,SecondHalf,88,37.0,93,Pass,Unsuccessful,256,Feyenoord,534893.0,Aymen Sliti,99.5,0.5,97.3,43.5,,,,,"[{'type': {'displayName': 'PassEndX', 'value': 140}, 'value': '97.3'}, {'type': {'displayName': 'PassEndY', 'value': 141}, 'value': '43.5'}, {'type': {'displayName': 'Length', 'value': 212}, 'value': '29.3'}, {'type': {'displayName': 'Angle', 'value': 213}, 'value': '1.65'}, {'type': {'displayName': 'Zone', 'value': 56}, 'value': 'Center'}, {'type': {'displayName': 'CornerTaken', 'value': 6}}, {'type': {'displayName': 'Chipped', 'value': 155}}, {'type': {'displayName': 'Cross', 'value': 2}}, {'type': {'displayName': 'LeftFoot', 'value': 72}}]",True,,,,,
1903815,SecondHalf,88,40.0,93,Clearance,Successful,116,NEC Nijmegen,130917.0,Eli Dasa,3.5,55.0,16.2,89.0,,,,,"[{'type': {'displayName': 'Angle', 'value': 213}, 'value': '1.05'}, {'type': {'displayName': 'Head', 'value': 15}}, {'type': {'displayName': 'Zone', 'value': 56}, 'value': 'Back'}, {'type': {'displayName': 'PassEndY', 'value': 141}, 'value': '89.0'}, {'type': {'displayName': 'Length', 'value': 212}, 'value': '26.7'}, {'type': {'displayName': 'PassEndX', 'value': 140}, 'value': '16.2'}]",True,,,,,
1903815,SecondHalf,88,43.0,93,Pass,Successful,256,Feyenoord,534893.0,Aymen Sliti,83.7,8.5,93.3,46.9,,,,,"[{'type': {'displayName': 'ShotAssist', 'value': 210}, 'value': '13'}, {'type': {'displayName': 'LeftFoot', 'value': 72}}, {'type': {'displayName': 'PassEndX', 'value': 140}, 'value': '93.3'}, {'type': {'displayName': 'Zone', 'value': 56}, 'value': 'Center'}, {'type': {'displayName': 'Angle', 'value': 213}, 'value': '1.20'}, {'type': {'displayName': 'IntentionalAssist', 'value': 154}}, {'type': {'displayName': 'Cross', 'value': 2}}, {'type': {'displayName': 'Chipped', 'value': 155}}, {'type': {'displayName': 'Length', 'value': 212}, 'value': '28.0'}, {'type': {'displayName': 'PassEndY', 'value': 141}, 'value': '46.9'}, {'type': {'displayName': 'KeyPass', 'value': 11113}}]",True,,,,,
1903815,SecondHalf,88,46.0,93,Aerial,Successful,256,Feyenoord,431258.0,Tsuyoshi Watanabe,93.3,46.9,,,,,,,"[{'type': {'displayName': 'Zone', 'value': 56}, 'value': 'Center'}, {'type': {'displayName': 'OppositeRelatedEvent', 'value': 233}, 'value': '752'}, {'type': {'displayName': 'Offensive', 'value': 286}}]",False,,,,,
1903815,SecondHalf,88,46.0,93,Aerial,Unsuccessful,116,NEC Nijmegen,497708.0,Kodai Sano,6.7,53.1,,,,,,,"[{'type': {'displayName': 'Defensive', 'value': 285}}, {'type': {'displayName': 'OppositeRelatedEvent', 'value': 233}, 'value': '786'}, {'type': {'displayName': 'Zone', 'value': 56}, 'value': 'Back'}]",False,,,,,
1903815,SecondHalf,88,47.0,93,MissedShots,Successful,256,Feyenoord,431258.0,Tsuyoshi Watanabe,93.3,46.9,,,35.5,4.2,95.1,44.9,"[{'type': {'displayName': 'FirstTouch', 'value': 328}}, {'type': {'displayName': 'GoalMouthZ', 'value': 103}, 'value': '4.2'}, {'type': {'displayName': 'BoxCentre', 'value': 17}}, {'type': {'displayName': 'RelatedEventId', 'value': 55}, 'value': '785'}, {'type': {'displayName': 'BlockedX', 'value': 146}, 'value': '95.1'}, {'type': {'displayName': 'FromCorner', 'value': 25}}, {'type': {'displayName': 'Head', 'value': 15}}, {'type': {'displayName': 'Assisted', 'value': 29}}, {'type': {'displayName': 'Zone', 'value': 56}, 'value': 'Center'}, {'type': {'displayName': 'GoalMouthY', 'value': 102}, 'value': '35.5'}, {'type': {'displayName': 'MissRight', 'value': 75}}, {'type': {'displayName': 'BlockedY', 'value': 147}, 'value': '44.9'}, {'type': {'displayName': 'IntentionalAssist', 'value': 154}}]",True,True,,,785.0,534893.0
1903815,SecondHalf,88,47.0,93,BallTouch,Successful,116,NEC Nijmegen,422806.0,Dirk Proper,9.9,56.3,,,,,,,"[{'type': {'displayName': 'Zone', 'value': 56}, 'value': 'Back'}]",True,,,,,
1903815,SecondHalf,88,49.0,93,Clearance,Successful,116,NEC Nijmegen,400320.0,Ahmetcan Kaplan,4.4,60.4,11.6,79.5,,,,,"[{'type': {'displayName': 'Angle', 'value': 213}, 'value': '1.04'}, {'type': {'displayName': 'PassEndY', 'value': 141}, 'value': '79.5'}, {'type': {'displayName': 'Zone', 'value': 56}, 'value': 'Back'}, {'type': {'displayName': 'PassEndX', 'value': 140}, 'value': '11.6'}, {'type': {'displayName': 'Length', 'value': 212}, 'value': '15.0'}]",True,,,,,
1903815,SecondHalf,88,51.0,93,Clearance,Successful,116,NEC Nijmegen,130917.0,Eli Dasa,11.0,79.5,39.9,91.4,,,,,"[{'type': {'displayName': 'Head', 'value': 15}}, {'type': {'displayName': 'Zone', 'value': 56}, 'value': 'Back'}, {'type': {'displayName': 'Angle', 'value': 213}, 'value': '0.26'}, {'type': {'displayName': 'Length', 'value': 212}, 'value': '31.4'}, {'type': {'displayName': 'PassEndX', 'value': 140}, 'value': '39.9'}, {'type': {'displayName': 'PassEndY', 'value': 141}, 'value': '91.4'}]",True,,,,,
1903815,SecondHalf,88,56.0,93,Pass,Successful,256,Feyenoord,415927.0,Luciano Valente,60.3,4.8,69.1,11.0,,,,,"[{'type': {'displayName': 'Angle', 'value': 213}, 'value': '0.43'}, {'type': {'displayName': 'Length', 'value': 212}, 'value': '10.2'}, {'type': {'displayName': 'PassEndX', 'value': 140}, 'value': '69.1'}, {'type': {'displayName': 'Zone', 'value': 56}, 'value': 'Right'}, {'type': {'displayName': 'PassEndY', 'value': 141}, 'value': '11.0'}]",True,,,,,
1903815,SecondHalf,88,58.0,93,Pass,Successful,256,Feyenoord,345527.0,Jordan Lotomba,67.6,8.6,70.0,3.3,,,,,"[{'type': {'displayName': 'Zone', 'value': 56}, 'value': 'Right'}, {'type': {'displayName': 'PassEndX', 'value': 140}, 'value': '70.0'}, {'type': {'displayName': 'PassEndY', 'value': 141}, 'value': '3.3'}, {'type': {'displayName': 'Length', 'value': 212}, 'value': '4.4'}, {'type': {'displayName': 'Angle', 'value': 213}, 'value': '5.32'}]",True,,,,,
1903815,SecondHalf,89,1.0,94,Pass,Unsuccessful,256,Feyenoord,534893.0,Aymen Sliti,72.0,7.4,98.0,52.4,,,,,"[{'type': {'displayName': 'Length', 'value': 212}, 'value': '41.0'}, {'type': {'displayName': 'PassEndY', 'value': 141}, 'value': '52.4'}, {'type': {'displayName': 'Longball', 'value': 1}}, {'type': {'displayName': 'Zone', 'value': 56}, 'value': 'Center'}, {'type': {'displayName': 'PassEndX', 'value': 140}, 'value': '98.0'}, {'type': {'displayName': 'Angle', 'value': 213}, 'value': '0.84'}, {'type': {'displayName': 'Cross', 'value': 2}}, {'type': {'displayName': 'Chipped', 'value': 155}}, {'type': {'displayName': 'LeftFoot', 'value': 72}}]",True,,,,,
1903815,SecondHalf,89,4.0,94,KeeperPickup,Successful,116,NEC Nijmegen,448283.0,Gonzalo Crettaz,3.2,48.8,,,,,,,[],False,,,,,
1903815,SecondHalf,89,19.0,94,Pass,Successful,116,NEC Nijmegen,448283.0,Gonzalo Crettaz,12.1,50.7,59.8,86.8,,,,,"[{'type': {'displayName': 'PassEndY', 'value': 141}, 'value': '86.8'}, {'type': {'displayName': 'Longball', 'value': 1}}, {'type': {'displayName': 'Length', 'value': 212}, 'value': '55.8'}, {'type': {'displayName': 'Zone', 'value': 56}, 'value': 'Left'}, {'type': {'displayName': 'PassEndX', 'value': 140}, 'value': '59.8'}, {'type': {'displayName': 'Angle', 'value': 213}, 'value': '0.46'}]",True,,,,,
1903815,SecondHalf,89,21.0,94,Aerial,Successful,116,NEC Nijmegen,538340.0,Kento Shiogai,59.8,86.8,,,,,,,"[{'type': {'displayName': 'Zone', 'value': 56}, 'value': 'Left'}, {'type': {'displayName': 'OppositeRelatedEvent', 'value': 233}, 'value': '792'}, {'type': {'displayName': 'Offensive', 'value': 286}}]",False,,,,,
1903815,SecondHalf,89,21.0,94,Aerial,Unsuccessful,256,Feyenoord,345527.0,Jordan Lotomba,40.2,13.2,,,,,,,"[{'type': {'displayName': 'Zone', 'value': 56}, 'value': 'Back'}, {'type': {'displayName': 'OppositeRelatedEvent', 'value': 233}, 'value': '754'}, {'type': {'displayName': 'Defensive', 'value': 285}}]",False,,,,,
1903815,SecondHalf,89,22.0,94,BallTouch,Unsuccessful,116,NEC Nijmegen,538340.0,Kento Shiogai,61.8,84.3,,,,,,,"[{'type': {'displayName': 'Zone', 'value': 56}, 'value': 'Left'}]",True,,,,,
1903815,SecondHalf,89,23.0,94,Foul,Successful,256,Feyenoord,,,38.7,12.9,,,,,,,"[{'type': {'displayName': 'Offensive', 'value': 286}}, {'type': {'displayName': 'Zone', 'value': 56}, 'value': 'Back'}, {'type': {'displayName': 'OppositeRelatedEvent', 'value': 233}, 'value': '755'}]",True,,,,,
1903815,SecondHalf,89,23.0,94,Foul,Unsuccessful,116,NEC Nijmegen,538340.0,Kento Shiogai,61.3,87.1,,,,,,,"[{'type': {'displayName': 'Zone', 'value': 56}, 'value': 'Left'}, {'type': {'displayName': 'Defensive', 'value': 285}}, {'type': {'displayName': 'OppositeRelatedEvent', 'value': 233}, 'value': '791'}]",False,,,,,
1903815,SecondHalf,89,29.0,94,Pass,Successful,256,Feyenoord,345527.0,Jordan Lotomba,36.3,7.4,34.7,15.3,,,,,"[{'type': {'displayName': 'FreekickTaken', 'value': 5}}, {'type': {'displayName': 'Zone', 'value': 56}, 'value': 'Back'}, {'type': {'displayName': 'Angle', 'value': 213}, 'value': '1.87'}, {'type': {'displayName': 'Length', 'value': 212}, 'value': '5.6'}, {'type': {'displayName': 'PassEndX', 'value': 140}, 'value': '34.7'}, {'type': {'displayName': 'PassEndY', 'value': 141}, 'value': '15.3'}]",True,,,,,
1903815,SecondHalf,89,34.0,94,Pass,Successful,256,Feyenoord,409892.0,Oussama Targhalline,45.4,36.1,58.6,82.4,,,,,"[{'type': {'displayName': 'Zone', 'value': 56}, 'value': 'Left'}, {'type': {'displayName': 'PassEndY', 'value': 141}, 'value': '82.4'}, {'type': {'displayName': 'PassEndX', 'value': 140}, 'value': '58.6'}, {'type': {'displayName': 'Length', 'value': 212}, 'value': '34.4'}, {'type': {'displayName': 'Longball', 'value': 1}}, {'type': {'displayName': 'Angle', 'value': 213}, 'value': '1.16'}]",True,,,,,
1903815,SecondHalf,89,38.0,94,Pass,Successful,256,Feyenoord,400059.0,Gijs Smal,68.8,88.2,72.1,96.5,,,,,"[{'type': {'displayName': 'Zone', 'value': 56}, 'value': 'Left'}, {'type': {'displayName': 'PassEndX', 'value': 140}, 'value': '72.1'}, {'type': {'displayName': 'PassEndY', 'value': 141}, 'value': '96.5'}, {'type': {'displayName': 'Angle', 'value': 213}, 'value': '1.02'}, {'type': {'displayName': 'Length', 'value': 212}, 'value': '6.6'}]",True,,,,,
1903815,SecondHalf,89,43.0,94,Foul,Successful,256,Feyenoord,468119.0,Leo Sauer,69.0,81.6,,,,,,,"[{'type': {'displayName': 'Offensive', 'value': 286}}, {'type': {'displayName': 'Foul', 'value': 13}}, {'type': {'displayName': 'OppositeRelatedEvent', 'value': 233}, 'value': '758'}, {'type': {'displayName': 'Zone', 'value': 56}, 'value': 'Left'}]",True,,,,,
1903815,SecondHalf,89,43.0,94,Foul,Unsuccessful,116,NEC Nijmegen,430309.0,Brayann Pereira,31.0,18.4,,,,,,,"[{'type': {'displayName': 'Zone', 'value': 56}, 'value': 'Back'}, {'type': {'displayName': 'Defensive', 'value': 285}}, {'type': {'displayName': 'OppositeRelatedEvent', 'value': 233}, 'value': '796'}, {'type': {'displayName': 'Foul', 'value': 13}}]",False,,,,,
1903815,SecondHalf,89,52.0,94,Pass,Successful,256,Feyenoord,409892.0,Oussama Targhalline,65.4,83.7,76.5,84.9,,,,,"[{'type': {'displayName': 'FreekickTaken', 'value': 5}}, {'type': {'displayName': 'PassEndX', 'value': 140}, 'value': '76.5'}, {'type': {'displayName': 'Zone', 'value': 56}, 'value': 'Left'}, {'type': {'displayName': 'Length', 'value': 212}, 'value': '11.7'}, {'type': {'displayName': 'Angle', 'value': 213}, 'value': '0.07'}, {'type': {'displayName': 'PassEndY', 'value': 141}, 'value': '84.9'}]",True,,,,,
1903815,SecondHalf,89,52.0,94,Pass,Successful,256,Feyenoord,411078.0,Quinten Timber,76.5,84.9,68.0,74.7,,,,,"[{'type': {'displayName': 'Zone', 'value': 56}, 'value': 'Center'}, {'type': {'displayName': 'PassEndX', 'value': 140}, 'value': '68.0'}, {'type': {'displayName': 'Angle', 'value': 213}, 'value': '3.80'}, {'type': {'displayName': 'Length', 'value': 212}, 'value': '11.3'}, {'type': {'displayName': 'PassEndY', 'value': 141}, 'value': '74.7'}]",True,,,,,
1903815,SecondHalf,89,54.0,94,Pass,Successful,256,Feyenoord,409892.0,Oussama Targhalline,66.7,64.3,69.7,39.2,,,,,"[{'type': {'displayName': 'PassEndX', 'value': 140}, 'value': '69.7'}, {'type': {'displayName': 'Zone', 'value': 56}, 'value': 'Center'}, {'type': {'displayName': 'Length', 'value': 212}, 'value': '17.4'}, {'type': {'displayName': 'PassEndY', 'value': 141}, 'value': '39.2'}, {'type': {'displayName': 'Angle', 'value': 213}, 'value': '4.89'}]",True,,,,,
1903815,SecondHalf,89,57.0,94,Pass,Successful,256,Feyenoord,534893.0,Aymen Sliti,70.5,42.6,96.8,58.9,,,,,"[{'type': {'displayName': 'Zone', 'value': 56}, 'value': 'Center'}, {'type': {'displayName': 'Chipped', 'value': 155}}, {'type': {'displayName': 'PassEndY', 'value': 141}, 'value': '58.9'}, {'type': {'displayName': 'PassEndX', 'value': 140}, 'value': '96.8'}, {'type': {'displayName': 'Angle', 'value': 213}, 'value': '0.38'}, {'type': {'displayName': 'Length', 'value': 212}, 'value': '29.8'}]",True,,,,,
1903815,SecondHalf,90,1.0,95,Pass,Unsuccessful,256,Feyenoord,377288.0,Ayase Ueda,96.9,60.0,94.4,50.5,,,,,"[{'type': {'displayName': 'Angle', 'value': 213}, 'value': '4.33'}, {'type': {'displayName': 'Length', 'value': 212}, 'value': '7.0'}, {'type': {'displayName': 'HeadPass', 'value': 3}}, {'type': {'displayName': 'Zone', 'value': 56}, 'value': 'Center'}, {'type': {'displayName': 'PassEndY', 'value': 141}, 'value': '50.5'}, {'type': {'displayName': 'PassEndX', 'value': 140}, 'value': '94.4'}]",True,,,,,
1903815,SecondHalf,90,1.0,95,Clearance,Successful,116,NEC Nijmegen,401739.0,Darko Nejasmic,7.6,49.3,4.6,16.3,,,,,"[{'type': {'displayName': 'Angle', 'value': 213}, 'value': '4.57'}, {'type': {'displayName': 'PassEndX', 'value': 140}, 'value': '4.6'}, {'type': {'displayName': 'PassEndY', 'value': 141}, 'value': '16.3'}, {'type': {'displayName': 'Zone', 'value': 56}, 'value': 'Back'}, {'type': {'displayName': 'Length', 'value': 212}, 'value': '22.7'}]",True,,,,,
1903815,SecondHalf,90,3.0,95,Pass,Unsuccessful,256,Feyenoord,400059.0,Gijs Smal,94.5,82.4,93.3,59.4,,,,,"[{'type': {'displayName': 'PassEndX', 'value': 140}, 'value': '93.3'}, {'type': {'displayName': 'LeftFoot', 'value': 72}}, {'type': {'displayName': 'Zone', 'value': 56}, 'value': 'Center'}, {'type': {'displayName': 'PassEndY', 'value': 141}, 'value': '59.4'}, {'type': {'displayName': 'Angle', 'value': 213}, 'value': '4.63'}, {'type': {'displayName': 'Cross', 'value': 2}}, {'type': {'displayName': 'Length', 'value': 212}, 'value': '15.7'}]",True,,,,,
1903815,SecondHalf,90,4.0,95,Clearance,Successful,116,NEC Nijmegen,422806.0,Dirk Proper,9.2,41.9,5.0,28.5,,,,,"[{'type': {'displayName': 'Angle', 'value': 213}, 'value': '4.26'}, {'type': {'displayName': 'Length', 'value': 212}, 'value': '10.1'}, {'type': {'displayName': 'Zone', 'value': 56}, 'value': 'Back'}, {'type': {'displayName': 'PassEndX', 'value': 140}, 'value': '5.0'}, {'type': {'displayName': 'PassEndY', 'value': 141}, 'value': '28.5'}]",True,,,,,
1903815,SecondHalf,90,5.0,95,Clearance,Successful,116,NEC Nijmegen,469366.0,Noé Lebreton,4.9,28.4,45.5,34.3,,,,,"[{'type': {'displayName': 'Zone', 'value': 56}, 'value': 'Back'}, {'type': {'displayName': 'Angle', 'value': 213}, 'value': '0.09'}, {'type': {'displayName': 'PassEndY', 'value': 141}, 'value': '34.3'}, {'type': {'displayName': 'Length', 'value': 212}, 'value': '42.8'}, {'type': {'displayName': 'PassEndX', 'value': 140}, 'value': '45.5'}]",True,,,,,
1903815,SecondHalf,90,6.0,95,BallTouch,Unsuccessful,116,NEC Nijmegen,497708.0,Kodai Sano,46.6,33.2,,,,,,,"[{'type': {'displayName': 'Zone', 'value': 56}, 'value': 'Back'}]",True,,,,,
1903815,SecondHalf,90,7.0,95,BallTouch,Unsuccessful,256,Feyenoord,534893.0,Aymen Sliti,38.1,70.6,,,,,,,"[{'type': {'displayName': 'Zone', 'value': 56}, 'value': 'Back'}]",True,,,,,
1903815,SecondHalf,90,8.0,95,BallRecovery,Successful,116,NEC Nijmegen,497708.0,Kodai Sano,57.0,28.5,,,,,,,[],False,,,,,
1903815,SecondHalf,90,9.0,95,Pass,Unsuccessful,116,NEC Nijmegen,497708.0,Kodai Sano,57.0,28.5,61.3,33.3,,,,,"[{'type': {'displayName': 'Zone', 'value': 56}, 'value': 'Center'}, {'type': {'displayName': 'Length', 'value': 212}, 'value': '5.6'}, {'type': {'displayName': 'Angle', 'value': 213}, 'value': '0.63'}, {'type': {'displayName': 'PassEndX', 'value': 140}, 'value': '61.3'}, {'type': {'displayName': 'PassEndY', 'value': 141}, 'value': '33.3'}]",True,,,,,
1903815,SecondHalf,90,10.0,95,BallTouch,Successful,256,Feyenoord,534893.0,Aymen Sliti,39.0,69.4,,,,,,,"[{'type': {'displayName': 'Zone', 'value': 56}, 'value': 'Back'}]",True,,,,,
1903815,SecondHalf,90,15.0,95,Goal,Successful,116,NEC Nijmegen,538340.0,Kento Shiogai,61.5,46.8,,,50.1,23.4,,,"[{'type': {'displayName': 'GoalMouthZ', 'value': 103}, 'value': '23.4'}, {'type': {'displayName': 'FastBreak', 'value': 23}}, {'type': {'displayName': 'IndividualPlay', 'value': 215}}, {'type': {'displayName': 'ThirtyFivePlusCentre', 'value': 19}}, {'type': {'displayName': 'RightFoot', 'value': 20}}, {'type': {'displayName': 'Zone', 'value': 56}, 'value': 'Center'}, {'type': {'displayName': 'HighCentre', 'value': 79}}, {'type': {'displayName': 'GoalMouthY', 'value': 102}, 'value': '50.1'}, {'type': {'displayName': 'FirstTouch', 'value': 328}}]",True,True,True,,,
1903815,SecondHalf,91,26.0,96,Pass,Successful,256,Feyenoord,377288.0,Ayase Ueda,49.9,50.0,39.0,68.0,,,,,"[{'type': {'displayName': 'PassEndY', 'value': 141}, 'value': '68.0'}, {'type': {'displayName': 'Length', 'value': 212}, 'value': '16.8'}, {'type': {'displayName': 'PassEndX', 'value': 140}, 'value': '39.0'}, {'type': {'displayName': 'Zone', 'value': 56}, 'value': 'Back'}, {'type': {'displayName': 'Angle', 'value': 213}, 'value': '2.32'}]",True,,,,,
1903815,SecondHalf,91,29.0,96,Pass,Successful,256,Feyenoord,411078.0,Quinten Timber,42.2,75.8,95.2,45.0,,,,,"[{'type': {'displayName': 'Longball', 'value': 1}}, {'type': {'displayName': 'Zone', 'value': 56}, 'value': 'Center'}, {'type': {'displayName': 'Length', 'value': 212}, 'value': '59.5'}, {'type': {'displayName': 'Angle', 'value': 213}, 'value': '5.92'}, {'type': {'displayName': 'PassEndX', 'value': 140}, 'value': '95.2'}, {'type': {'displayName': 'PassEndY', 'value': 141}, 'value': '45.0'}]",True,,,,,
1903815,SecondHalf,91,32.0,96,Pass,Successful,256,Feyenoord,468119.0,Leo Sauer,74.1,77.4,95.2,45.0,,,,,"[{'type': {'displayName': 'ShotAssist', 'value': 210}, 'value': '15'}, {'type': {'displayName': 'PassEndX', 'value': 140}, 'value': '95.2'}, {'type': {'displayName': 'IntentionalAssist', 'value': 154}}, {'type': {'displayName': 'Zone', 'value': 56}, 'value': 'Center'}, {'type': {'displayName': 'Angle', 'value': 213}, 'value': '5.50'}, {'type': {'displayName': 'Length', 'value': 212}, 'value': '31.2'}, {'type': {'displayName': 'PassEndY', 'value': 141}, 'value': '45.0'}, {'type': {'displayName': 'Chipped', 'value': 155}}, {'type': {'displayName': 'RightFoot', 'value': 20}}, {'type': {'displayName': 'Cross', 'value': 2}}, {'type': {'displayName': 'KeyPass', 'value': 11113}}]",True,,,,,
1903815,SecondHalf,91,34.0,96,Aerial,Successful,256,Feyenoord,426271.0,Casper Tengstedt,95.2,45.0,,,,,,,"[{'type': {'displayName': 'OppositeRelatedEvent', 'value': 233}, 'value': '766'}, {'type': {'displayName': 'Offensive', 'value': 286}}, {'type': {'displayName': 'Zone', 'value': 56}, 'value': 'Center'}]",False,,,,,
1903815,SecondHalf,91,34.0,96,Aerial,Unsuccessful,116,NEC Nijmegen,400320.0,Ahmetcan Kaplan,4.8,55.0,,,,,,,"[{'type': {'displayName': 'Zone', 'value': 56}, 'value': 'Back'}, {'type': {'displayName': 'Defensive', 'value': 285}}, {'type': {'displayName': 'OppositeRelatedEvent', 'value': 233}, 'value': '808'}]",False,,,,,
1903815,SecondHalf,91,35.0,96,SavedShot,Successful,256,Feyenoord,426271.0,Casper Tengstedt,95.2,45.0,,,49.7,19.0,96.8,46.6,"[{'type': {'displayName': 'GoalMouthZ', 'value': 103}, 'value': '19'}, {'type': {'displayName': 'FirstTouch', 'value': 328}}, {'type': {'displayName': 'IntentionalAssist', 'value': 154}}, {'type': {'displayName': 'Head', 'value': 15}}, {'type': {'displayName': 'BlockedX', 'value': 146}, 'value': '96.8'}, {'type': {'displayName': 'BlockedY', 'value': 147}, 'value': '46.6'}, {'type': {'displayName': 'Blocked', 'value': 82}}, {'type': {'displayName': 'GoalMouthY', 'value': 102}, 'value': '49.7'}, {'type': {'displayName': 'Assisted', 'value': 29}}, {'type': {'displayName': 'SixYardBlock', 'value': 100}}, {'type': {'displayName': 'Zone', 'value': 56}, 'value': 'Center'}, {'type': {'displayName': 'RelatedEventId', 'value': 55}, 'value': '807'}, {'type': {'displayName': 'RegularPlay', 'value': 22}}, {'type': {'displayName': 'SmallBoxCentre', 'value': 16}}, {'type': {'displayName': 'OppositeRelatedEvent', 'value': 233}, 'value': '767'}, {'type': {'displayName': 'LowCentre', 'value': 78}}]",True,True,,,807.0,468119.0
1903815,SecondHalf,91,35.0,96,Save,Successful,116,NEC Nijmegen,400320.0,Ahmetcan Kaplan,3.2,53.4,,,,,,,"[{'type': {'displayName': 'OutfielderBlock', 'value': 94}}, {'type': {'displayName': 'OppositeRelatedEvent', 'value': 233}, 'value': '843'}, {'type': {'displayName': 'Zone', 'value': 56}, 'value': 'Back'}]",True,,,,,
1903815,SecondHalf,91,36.0,96,CornerAwarded,Unsuccessful,116,NEC Nijmegen,400320.0,Ahmetcan Kaplan,0.6,51.6,,,,,,,"[{'type': {'displayName': 'MissLeft', 'value': 73}}, {'type': {'displayName': 'Zone', 'value': 56}, 'value': 'Back'}, {'type': {'displayName': 'OppositeRelatedEvent', 'value': 233}, 'value': '809'}]",False,,,,,
1903815,SecondHalf,91,36.0,96,CornerAwarded,Successful,256,Feyenoord,426271.0,Casper Tengstedt,99.4,48.4,,,,,,,"[{'type': {'displayName': 'Zone', 'value': 56}, 'value': 'Center'}, {'type': {'displayName': 'OppositeRelatedEvent', 'value': 233}, 'value': '768'}, {'type': {'displayName': 'MissRight', 'value': 75}}]",False,,,,,
1903815,SecondHalf,91,54.0,96,Pass,Unsuccessful,256,Feyenoord,534893.0,Aymen Sliti,99.5,0.5,96.4,45.0,,,,,"[{'type': {'displayName': 'Cross', 'value': 2}}, {'type': {'displayName': 'Length', 'value': 212}, 'value': '30.4'}, {'type': {'displayName': 'Angle', 'value': 213}, 'value': '1.68'}, {'type': {'displayName': 'PassEndY', 'value': 141}, 'value': '45.0'}, {'type': {'displayName': 'CornerTaken', 'value': 6}}, {'type': {'displayName': 'LeftFoot', 'value': 72}}, {'type': {'displayName': 'Zone', 'value': 56}, 'value': 'Center'}, {'type': {'displayName': 'PassEndX', 'value': 140}, 'value': '96.4'}, {'type': {'displayName': 'Chipped', 'value': 155}}]",True,,,,,
1903815,SecondHalf,91,55.0,96,Clearance,Successful,116,NEC Nijmegen,400320.0,Ahmetcan Kaplan,8.5,54.8,24.6,37.1,,,,,"[{'type': {'displayName': 'PassEndX', 'value': 140}, 'value': '24.6'}, {'type': {'displayName': 'Angle', 'value': 213}, 'value': '5.66'}, {'type': {'displayName': 'PassEndY', 'value': 141}, 'value': '37.1'}, {'type': {'displayName': 'Zone', 'value': 56}, 'value': 'Back'}, {'type': {'displayName': 'Head', 'value': 15}}, {'type': {'displayName': 'Length', 'value': 212}, 'value': '20.8'}]",True,,,,,
1903815,SecondHalf,92,0.0,97,BallRecovery,Successful,116,NEC Nijmegen,401739.0,Darko Nejasmic,20.9,20.1,,,,,,,[],False,,,,,
1903815,SecondHalf,92,4.0,97,Dispossessed,Successful,116,NEC Nijmegen,401739.0,Darko Nejasmic,17.4,5.0,,,,,,,"[{'type': {'displayName': 'Defensive', 'value': 285}}, {'type': {'displayName': 'OppositeRelatedEvent', 'value': 233}, 'value': '812'}, {'type': {'displayName': 'Zone', 'value': 56}, 'value': 'Back'}]",True,,,,,
1903815,SecondHalf,92,4.0,97,Tackle,Successful,256,Feyenoord,415927.0,Luciano Valente,82.6,95.0,,,,,,,"[{'type': {'displayName': 'Offensive', 'value': 286}}, {'type': {'displayName': 'StandingSave', 'value': 178}}, {'type': {'displayName': 'OppositeRelatedEvent', 'value': 233}, 'value': '771'}, {'type': {'displayName': 'Zone', 'value': 56}, 'value': 'Left'}]",True,,,,,
1903815,SecondHalf,92,27.0,97,Pass,Successful,116,NEC Nijmegen,321959.0,Philippe Sandler,26.9,0.0,47.3,14.3,,,,,"[{'type': {'displayName': 'PassEndY', 'value': 141}, 'value': '14.3'}, {'type': {'displayName': 'Angle', 'value': 213}, 'value': '0.48'}, {'type': {'displayName': 'Longball', 'value': 1}}, {'type': {'displayName': 'Length', 'value': 212}, 'value': '24.1'}, {'type': {'displayName': 'PassEndX', 'value': 140}, 'value': '47.3'}, {'type': {'displayName': 'ThrowIn', 'value': 107}}, {'type': {'displayName': 'Zone', 'value': 56}, 'value': 'Back'}]",True,,,,,
1903815,SecondHalf,92,33.0,97,BallTouch,Successful,116,NEC Nijmegen,469366.0,Noé Lebreton,46.5,12.9,,,,,,,"[{'type': {'displayName': 'Zone', 'value': 56}, 'value': 'Back'}]",True,,,,,
1903815,SecondHalf,92,34.0,97,Foul,Successful,116,NEC Nijmegen,538340.0,Kento Shiogai,45.9,8.1,,,,,,,"[{'type': {'displayName': 'OppositeRelatedEvent', 'value': 233}, 'value': '814'}, {'type': {'displayName': 'Offensive', 'value': 286}}, {'type': {'displayName': 'Zone', 'value': 56}, 'value': 'Back'}, {'type': {'displayName': 'Foul', 'value': 13}}]",True,,,,,
1903815,SecondHalf,92,34.0,97,Foul,Unsuccessful,256,Feyenoord,431258.0,Tsuyoshi Watanabe,54.1,91.9,,,,,,,"[{'type': {'displayName': 'Zone', 'value': 56}, 'value': 'Left'}, {'type': {'displayName': 'Foul', 'value': 13}}, {'type': {'displayName': 'Defensive', 'value': 285}}, {'type': {'displayName': 'OppositeRelatedEvent', 'value': 233}, 'value': '776'}]",False,,,,,
1903815,SecondHalf,93,1.0,98,Card,Successful,116,NEC Nijmegen,400320.0,Ahmetcan Kaplan,0.0,0.0,,,,,,,"[{'type': {'displayName': 'Yellow', 'value': 31}}]",False,,,Yellow,,
1903815,SecondHalf,93,9.0,98,Pass,Successful,116,NEC Nijmegen,448283.0,Gonzalo Crettaz,39.7,3.9,66.6,76.2,,,,,"[{'type': {'displayName': 'PassEndY', 'value': 141}, 'value': '76.2'}, {'type': {'displayName': 'PassEndX', 'value': 140}, 'value': '66.6'}, {'type': {'displayName': 'FreekickTaken', 'value': 5}}, {'type': {'displayName': 'Length', 'value': 212}, 'value': '56.7'}, {'type': {'displayName': 'Angle', 'value': 213}, 'value': '1.05'}, {'type': {'displayName': 'Longball', 'value': 1}}, {'type': {'displayName': 'Zone', 'value': 56}, 'value': 'Center'}]",True,,,,,
1903815,SecondHalf,93,14.0,98,Pass,Unsuccessful,116,NEC Nijmegen,582294.0,Deveron Fonville,67.7,76.2,80.8,59.1,,,,,"[{'type': {'displayName': 'HeadPass', 'value': 3}}, {'type': {'displayName': 'PassEndX', 'value': 140}, 'value': '80.8'}, {'type': {'displayName': 'Angle', 'value': 213}, 'value': '5.58'}, {'type': {'displayName': 'Zone', 'value': 56}, 'value': 'Center'}, {'type': {'displayName': 'PassEndY', 'value': 141}, 'value': '59.1'}, {'type': {'displayName': 'Length', 'value': 212}, 'value': '18.0'}]",True,,,,,
1903815,SecondHalf,93,15.0,98,Clearance,Successful,256,Feyenoord,431258.0,Tsuyoshi Watanabe,14.3,38.8,24.9,25.7,,,,,"[{'type': {'displayName': 'Angle', 'value': 213}, 'value': '5.61'}, {'type': {'displayName': 'PassEndY', 'value': 141}, 'value': '25.7'}, {'type': {'displayName': 'Length', 'value': 212}, 'value': '14.3'}, {'type': {'displayName': 'PassEndX', 'value': 140}, 'value': '24.9'}, {'type': {'displayName': 'Head', 'value': 15}}, {'type': {'displayName': 'Zone', 'value': 56}, 'value': 'Back'}]",True,,,,,
1903815,SecondHalf,93,17.0,98,BallTouch,Unsuccessful,256,Feyenoord,345527.0,Jordan Lotomba,24.9,25.7,,,,,,,"[{'type': {'displayName': 'Zone', 'value': 56}, 'value': 'Back'}]",True,,,,,
1903815,SecondHalf,93,23.0,98,BallTouch,Unsuccessful,116,NEC Nijmegen,469366.0,Noé Lebreton,95.3,80.5,,,,,,,"[{'type': {'displayName': 'Zone', 'value': 56}, 'value': 'Left'}]",True,,,,,
1903815,SecondHalf,93,32.0,98,Pass,Successful,256,Feyenoord,121821.0,Timon Wellenreuther,4.0,50.9,21.5,65.8,,,,,"[{'type': {'displayName': 'GoalKick', 'value': 124}}, {'type': {'displayName': 'Zone', 'value': 56}, 'value': 'Back'}, {'type': {'displayName': 'PassEndY', 'value': 141}, 'value': '65.8'}, {'type': {'displayName': 'PassEndX', 'value': 140}, 'value': '21.5'}, {'type': {'displayName': 'Angle', 'value': 213}, 'value': '0.50'}, {'type': {'displayName': 'Length', 'value': 212}, 'value': '21.0'}]",True,,,,,
1903815,SecondHalf,93,34.0,98,Pass,Successful,256,Feyenoord,400059.0,Gijs Smal,27.2,69.4,24.6,56.4,,,,,"[{'type': {'displayName': 'Angle', 'value': 213}, 'value': '4.41'}, {'type': {'displayName': 'Length', 'value': 212}, 'value': '9.3'}, {'type': {'displayName': 'PassEndX', 'value': 140}, 'value': '24.6'}, {'type': {'displayName': 'Zone', 'value': 56}, 'value': 'Back'}, {'type': {'displayName': 'PassEndY', 'value': 141}, 'value': '56.4'}]",True,,,,,
1903815,SecondHalf,93,37.0,98,Pass,Successful,256,Feyenoord,431258.0,Tsuyoshi Watanabe,30.9,50.9,49.1,29.4,,,,,"[{'type': {'displayName': 'Length', 'value': 212}, 'value': '24.1'}, {'type': {'displayName': 'Angle', 'value': 213}, 'value': '5.63'}, {'type': {'displayName': 'PassEndY', 'value': 141}, 'value': '29.4'}, {'type': {'displayName': 'Zone', 'value': 56}, 'value': 'Back'}, {'type': {'displayName': 'PassEndX', 'value': 140}, 'value': '49.1'}]",True,,,,,
1903815,SecondHalf,93,40.0,98,Pass,Successful,256,Feyenoord,409892.0,Oussama Targhalline,60.2,22.0,64.5,9.8,,,,,"[{'type': {'displayName': 'PassEndX', 'value': 140}, 'value': '64.5'}, {'type': {'displayName': 'Zone', 'value': 56}, 'value': 'Right'}, {'type': {'displayName': 'Length', 'value': 212}, 'value': '9.4'}, {'type': {'displayName': 'PassEndY', 'value': 141}, 'value': '9.8'}, {'type': {'displayName': 'Angle', 'value': 213}, 'value': '5.21'}]",True,,,,,
1903815,SecondHalf,93,42.0,98,Pass,Successful,256,Feyenoord,345527.0,Jordan Lotomba,67.7,8.3,73.1,2.4,,,,,"[{'type': {'displayName': 'Length', 'value': 212}, 'value': '6.9'}, {'type': {'displayName': 'PassEndY', 'value': 141}, 'value': '2.4'}, {'type': {'displayName': 'Zone', 'value': 56}, 'value': 'Right'}, {'type': {'displayName': 'Angle', 'value': 213}, 'value': '5.67'}, {'type': {'displayName': 'PassEndX', 'value': 140}, 'value': '73.1'}]",True,,,,,
1903815,SecondHalf,93,45.0,98,Pass,Unsuccessful,256,Feyenoord,534893.0,Aymen Sliti,73.1,3.0,92.5,7.9,,,,,"[{'type': {'displayName': 'PassEndY', 'value': 141}, 'value': '7.9'}, {'type': {'displayName': 'Angle', 'value': 213}, 'value': '0.16'}, {'type': {'displayName': 'PassEndX', 'value': 140}, 'value': '92.5'}, {'type': {'displayName': 'Length', 'value': 212}, 'value': '20.6'}, {'type': {'displayName': 'Zone', 'value': 56}, 'value': 'Right'}]",True,,,,,
1903815,SecondHalf,93,48.0,98,BallRecovery,Successful,116,NEC Nijmegen,497708.0,Kodai Sano,11.6,90.8,,,,,,,[],False,,,,,
1903815,SecondHalf,93,49.0,98,Pass,Unsuccessful,116,NEC Nijmegen,497708.0,Kodai Sano,11.9,91.9,66.5,84.0,,,,,"[{'type': {'displayName': 'Zone', 'value': 56}, 'value': 'Left'}, {'type': {'displayName': 'PassEndY', 'value': 141}, 'value': '84.0'}, {'type': {'displayName': 'PassEndX', 'value': 140}, 'value': '66.5'}, {'type': {'displayName': 'Length', 'value': 212}, 'value': '57.6'}, {'type': {'displayName': 'Angle', 'value': 213}, 'value': '6.19'}, {'type': {'displayName': 'Longball', 'value': 1}}]",True,,,,,
1903815,SecondHalf,94,0.0,99,BallRecovery,Successful,256,Feyenoord,431258.0,Tsuyoshi Watanabe,47.7,25.9,,,,,,,[],False,,,,,
1903815,SecondHalf,94,0.0,99,Pass,Successful,256,Feyenoord,431258.0,Tsuyoshi Watanabe,47.7,25.9,85.1,72.7,,,,,"[{'type': {'displayName': 'Longball', 'value': 1}}, {'type': {'displayName': 'Chipped', 'value': 155}}, {'type': {'displayName': 'Zone', 'value': 56}, 'value': 'Center'}, {'type': {'displayName': 'PassEndY', 'value': 141}, 'value': '72.7'}, {'type': {'displayName': 'PassEndX', 'value': 140}, 'value': '85.1'}, {'type': {'displayName': 'Angle', 'value': 213}, 'value': '0.68'}, {'type': {'displayName': 'Length', 'value': 212}, 'value': '50.5'}]",True,,,,,
1903815,SecondHalf,94,3.0,99,Aerial,Successful,256,Feyenoord,377288.0,Ayase Ueda,85.1,72.7,,,,,,,"[{'type': {'displayName': 'Offensive', 'value': 286}}, {'type': {'displayName': 'OppositeRelatedEvent', 'value': 233}, 'value': '784'}, {'type': {'displayName': 'Zone', 'value': 56}, 'value': 'Center'}]",False,,,,,
1903815,SecondHalf,94,3.0,99,Aerial,Unsuccessful,116,NEC Nijmegen,430309.0,Brayann Pereira,14.9,27.3,,,,,,,"[{'type': {'displayName': 'OppositeRelatedEvent', 'value': 233}, 'value': '826'}, {'type': {'displayName': 'Defensive', 'value': 285}}, {'type': {'displayName': 'Zone', 'value': 56}, 'value': 'Back'}]",False,,,,,
1903815,SecondHalf,94,3.0,99,BallTouch,Unsuccessful,256,Feyenoord,377288.0,Ayase Ueda,85.1,73.2,,,,,,,"[{'type': {'displayName': 'Zone', 'value': 56}, 'value': 'Center'}]",True,,,,,
1903815,SecondHalf,94,5.0,99,Clearance,Successful,116,NEC Nijmegen,401739.0,Darko Nejasmic,25.8,21.9,30.4,20.8,,,,,"[{'type': {'displayName': 'PassEndX', 'value': 140}, 'value': '30.4'}, {'type': {'displayName': 'Angle', 'value': 213}, 'value': '6.13'}, {'type': {'displayName': 'Length', 'value': 212}, 'value': '4.9'}, {'type': {'displayName': 'Zone', 'value': 56}, 'value': 'Back'}, {'type': {'displayName': 'PassEndY', 'value': 141}, 'value': '20.8'}]",True,,,,,
1903815,SecondHalf,94,8.0,99,BallTouch,Successful,256,Feyenoord,400059.0,Gijs Smal,74.0,85.6,,,,,,,"[{'type': {'displayName': 'Zone', 'value': 56}, 'value': 'Left'}]",True,,,,,
1903815,SecondHalf,94,11.0,99,Pass,Successful,256,Feyenoord,468119.0,Leo Sauer,97.6,72.4,89.9,55.8,,,,,"[{'type': {'displayName': 'PassEndY', 'value': 141}, 'value': '55.8'}, {'type': {'displayName': 'Angle', 'value': 213}, 'value': '4.09'}, {'type': {'displayName': 'Length', 'value': 212}, 'value': '13.9'}, {'type': {'displayName': 'PassEndX', 'value': 140}, 'value': '89.9'}, {'type': {'displayName': 'IntentionalAssist', 'value': 154}}, {'type': {'displayName': 'ShotAssist', 'value': 210}, 'value': '13'}, {'type': {'displayName': 'Zone', 'value': 56}, 'value': 'Center'}, {'type': {'displayName': 'KeyPass', 'value': 11113}}]",True,,,,,
1903815,SecondHalf,94,13.0,99,MissedShots,Successful,256,Feyenoord,377288.0,Ayase Ueda,89.9,55.8,,,50.4,68.1,,,"[{'type': {'displayName': 'FirstTouch', 'value': 328}}, {'type': {'displayName': 'LeftFoot', 'value': 72}}, {'type': {'displayName': 'RelatedEventId', 'value': 55}, 'value': '829'}, {'type': {'displayName': 'Zone', 'value': 56}, 'value': 'Center'}, {'type': {'displayName': 'IntentionalAssist', 'value': 154}}, {'type': {'displayName': 'Assisted', 'value': 29}}, {'type': {'displayName': 'MissHigh', 'value': 74}}, {'type': {'displayName': 'BoxCentre', 'value': 17}}, {'type': {'displayName': 'GoalMouthY', 'value': 102}, 'value': '50.4'}, {'type': {'displayName': 'GoalMouthZ', 'value': 103}, 'value': '68.1'}, {'type': {'displayName': 'RegularPlay', 'value': 22}}]",True,True,,,829.0,468119.0
1903815,SecondHalf,94,42.0,99,Pass,Unsuccessful,116,NEC Nijmegen,448283.0,Gonzalo Crettaz,4.9,49.0,66.5,54.8,,,,,"[{'type': {'displayName': 'PassEndX', 'value': 140}, 'value': '66.5'}, {'type': {'displayName': 'Length', 'value': 212}, 'value': '64.8'}, {'type': {'displayName': 'PassEndY', 'value': 141}, 'value': '54.8'}, {'type': {'displayName': 'Longball', 'value': 1}}, {'type': {'displayName': 'Zone', 'value': 56}, 'value': 'Center'}, {'type': {'displayName': 'MissHigh', 'value': 74}}, {'type': {'displayName': 'GoalKick', 'value': 124}}, {'type': {'displayName': 'Angle', 'value': 213}, 'value': '0.06'}]",True,,,,,
1903815,SecondHalf,94,45.0,99,Aerial,Successful,256,Feyenoord,345527.0,Jordan Lotomba,33.5,45.2,,,,,,,"[{'type': {'displayName': 'Defensive', 'value': 285}}, {'type': {'displayName': 'Zone', 'value': 56}, 'value': 'Back'}, {'type': {'displayName': 'OppositeRelatedEvent', 'value': 233}, 'value': '788'}]",False,,,,,
1903815,SecondHalf,94,45.0,99,Aerial,Unsuccessful,116,NEC Nijmegen,469366.0,Noé Lebreton,66.5,54.8,,,,,,,"[{'type': {'displayName': 'Offensive', 'value': 286}}, {'type': {'displayName': 'Zone', 'value': 56}, 'value': 'Center'}, {'type': {'displayName': 'OppositeRelatedEvent', 'value': 233}, 'value': '832'}]",False,,,,,
1903815,SecondHalf,94,46.0,99,Pass,Unsuccessful,256,Feyenoord,345527.0,Jordan Lotomba,33.5,45.2,36.5,58.9,,,,,"[{'type': {'displayName': 'PassEndY', 'value': 141}, 'value': '58.9'}, {'type': {'displayName': 'HeadPass', 'value': 3}}, {'type': {'displayName': 'Angle', 'value': 213}, 'value': '1.24'}, {'type': {'displayName': 'Zone', 'value': 56}, 'value': 'Back'}, {'type': {'displayName': 'PassEndX', 'value': 140}, 'value': '36.5'}, {'type': {'displayName': 'Length', 'value': 212}, 'value': '9.8'}]",True,,,,,
1903815,SecondHalf,94,47.0,99,Pass,Unsuccessful,116,NEC Nijmegen,422806.0,Dirk Proper,63.1,42.9,79.9,38.8,,,,,"[{'type': {'displayName': 'Length', 'value': 212}, 'value': '17.9'}, {'type': {'displayName': 'Angle', 'value': 213}, 'value': '6.13'}, {'type': {'displayName': 'Zone', 'value': 56}, 'value': 'Center'}, {'type': {'displayName': 'PassEndX', 'value': 140}, 'value': '79.9'}, {'type': {'displayName': 'PassEndY', 'value': 141}, 'value': '38.8'}]",True,,,,,
1903815,SecondHalf,94,50.0,99,BallRecovery,Successful,256,Feyenoord,431258.0,Tsuyoshi Watanabe,19.5,63.9,,,,,,,[],False,,,,,
1903815,SecondHalf,94,50.0,99,Pass,Successful,256,Feyenoord,431258.0,Tsuyoshi Watanabe,19.5,63.9,4.3,53.8,,,,,"[{'type': {'displayName': 'PassEndX', 'value': 140}, 'value': '4.3'}, {'type': {'displayName': 'PassEndY', 'value': 141}, 'value': '53.8'}, {'type': {'displayName': 'Angle', 'value': 213}, 'value': '3.55'}, {'type': {'displayName': 'Length', 'value': 212}, 'value': '17.4'}, {'type': {'displayName': 'Zone', 'value': 56}, 'value': 'Back'}]",True,,,,,
1903815,SecondHalf,94,56.0,99,Pass,Successful,256,Feyenoord,121821.0,Timon Wellenreuther,4.0,49.8,32.2,8.5,,,,,"[{'type': {'displayName': 'Length', 'value': 212}, 'value': '40.8'}, {'type': {'displayName': 'Longball', 'value': 1}}, {'type': {'displayName': 'Angle', 'value': 213}, 'value': '5.52'}, {'type': {'displayName': 'PassEndY', 'value': 141}, 'value': '8.5'}, {'type': {'displayName': 'PassEndX', 'value': 140}, 'value': '32.2'}, {'type': {'displayName': 'Zone', 'value': 56}, 'value': 'Back'}]",True,,,,,
1903815,SecondHalf,94,59.0,99,Pass,Unsuccessful,256,Feyenoord,534893.0,Aymen Sliti,27.0,5.6,30.3,5.7,,,,,"[{'type': {'displayName': 'Offensive', 'value': 286}}, {'type': {'displayName': 'PassEndX', 'value': 140}, 'value': '30.3'}, {'type': {'displayName': 'Angle', 'value': 213}, 'value': '0.02'}, {'type': {'displayName': 'Length', 'value': 212}, 'value': '3.5'}, {'type': {'displayName': 'PassEndY', 'value': 141}, 'value': '5.7'}, {'type': {'displayName': 'OppositeRelatedEvent', 'value': 233}, 'value': '790'}, {'type': {'displayName': 'Zone', 'value': 56}, 'value': 'Back'}]",True,,,,,
1903815,SecondHalf,94,59.0,99,BlockedPass,Successful,116,NEC Nijmegen,582294.0,Deveron Fonville,69.7,94.3,,,,,,,"[{'type': {'displayName': 'Zone', 'value': 56}, 'value': 'Left'}, {'type': {'displayName': 'Defensive', 'value': 285}}, {'type': {'displayName': 'OppositeRelatedEvent', 'value': 233}, 'value': '837'}]",True,,,,,
1903815,SecondHalf,95,0.0,100,Pass,Unsuccessful,256,Feyenoord,409892.0,Oussama Targhalline,29.1,11.5,38.1,0.0,,,,,"[{'type': {'displayName': 'Zone', 'value': 56}, 'value': 'Back'}, {'type': {'displayName': 'Angle', 'value': 213}, 'value': '5.55'}, {'type': {'displayName': 'PassEndX', 'value': 140}, 'value': '38.1'}, {'type': {'displayName': 'Length', 'value': 212}, 'value': '12.7'}, {'type': {'displayName': 'PassEndY', 'value': 141}, 'value': '0.0'}]",True,,,,,
1903815,SecondHalf,95,2.0,100,End,Successful,116,NEC Nijmegen,,,0.0,0.0,,,,,,,[],False,,,,,
1903815,SecondHalf,95,2.0,100,End,Successful,256,Feyenoord,,,0.0,0.0,,,,,,,[],False,,,,,
1903815,PostGame,0,0.0,10,End,Successful,116,NEC Nijmegen,,,0.0,0.0,,,,,,,[],False,,,,,
1903815,PostGame,0,0.0,10,End,Successful,256,Feyenoord,,,0.0,0.0,,,,,,,[],False,,,,,
1903815,PreMatch,0,0.0,0,FormationSet,Successful,256,Feyenoord,,,0.0,0.0,,,,,,,"[{'type': {'displayName': 'TeamFormation', 'value': 130}, 'value': '8'}, {'type': {'displayName': 'TeamPlayerFormation', 'value': 131}, 'value': '1, 2, 3, 4, 5, 6, 7, 8, 9, 10, 11, 0, 0, 0, 0, 0, 0, 0, 0, 0, 0, 0'}, {'type': {'displayName': 'CaptainPlayerId', 'value': 194}, 'value': '361794'}, {'type': {'displayName': 'JerseyNumber', 'value': 59}, 'value': '22, 2, 5, 8, 21, 4, 23, 40, 9, 14, 16, 1, 11, 17, 27, 28, 30, 32, 39, 43, 46, 49'}, {'type': {'displayName': 'PlayerPosition', 'value': 44}, 'value': '1, 2, 2, 3, 2, 2, 3, 3, 4, 3, 3, 5, 5, 5, 5, 5, 5, 5, 5, 5, 5, 5'}, {'type': {'displayName': 'InvolvedPlayers', 'value': 30}, 'value': '121821,297527,400059,411078,326642,431258,515829,415927,377288,361794,468119,302709,424768,426271,568706,409892,345527,534893,453930,532292,569074,601837'}]",False,,,,,
1903815,PreMatch,0,0.0,0,FormationSet,Successful,116,NEC Nijmegen,,,0.0,0.0,,,,,,,"[{'type': {'displayName': 'InvolvedPlayers', 'value': 30}, 'value': '448283,515755,532237,400320,321959,130917,497708,401739,487049,37502,43004,430309,301027,120454,538340,94885,469366,365712,582294,429380,343314,576635,422806'}, {'type': {'displayName': 'PlayerPosition', 'value': 44}, 'value': '1, 3, 3, 2, 2, 2, 3, 3, 4, 4, 4, 5, 5, 5, 5, 5, 5, 5, 5, 5, 5, 5, 5'}, {'type': {'displayName': 'TeamFormation', 'value': 130}, 'value': '17'}, {'type': {'displayName': 'TeamPlayerFormation', 'value': 131}, 'value': '1, 2, 3, 4, 5, 6, 7, 8, 9, 10, 11, 0, 0, 0, 0, 0, 0, 0, 0, 0, 0, 0, 0'}, {'type': {'displayName': 'CaptainPlayerId', 'value': 194}, 'value': '37502'}, {'type': {'displayName': 'JerseyNumber', 'value': 59}, 'value': '1, 25, 11, 4, 3, 14, 23, 6, 18, 10, 30, 2, 5, 7, 9, 15, 20, 21, 24, 31, 32, 35, 71'}]",False,,,,,
