game_id,period,minute,second,expanded_minute,type,outcome_type,team_id,team,player_id,player,x,y,end_x,end_y,goal_mouth_y,goal_mouth_z,blocked_x,blocked_y,qualifiers,is_touch,is_shot,is_goal,card_type,related_event_id,related_player_id
1903330,FirstHalf,0,0.0,0,Start,Successful,29,West Ham,,,0.0,0.0,,,,,,,[],False,,,,,
1903330,FirstHalf,0,0.0,0,Start,Successful,170,Fulham,,,0.0,0.0,,,,,,,[],False,,,,,
1903330,FirstHalf,0,0.0,0,Pass,Successful,29,West Ham,447231.0,Mateus Fernandes,50.2,50.3,20.6,56.6,,,,,"[{'type': {'displayName': 'PassEndX', 'value': 140}, 'value': '20.6'}, {'type': {'displayName': 'Length', 'value': 212}, 'value': '31.4'}, {'type': {'displayName': 'Angle', 'value': 213}, 'value': '3.00'}, {'type': {'displayName': 'PassEndY', 'value': 141}, 'value': '56.6'}, {'type': {'displayName': 'Zone', 'value': 56}, 'value': 'Back'}]",True,,,,,
1903330,FirstHalf,0,4.0,0,Pass,Unsuccessful,29,West Ham,92516.0,Alphonse Areola,22.7,53.3,65.7,11.4,,,,,"[{'type': {'displayName': 'Angle', 'value': 213}, 'value': '5.72'}, {'type': {'displayName': 'PassEndY', 'value': 141}, 'value': '11.4'}, {'type': {'displayName': 'Zone', 'value': 56}, 'value': 'Right'}, {'type': {'displayName': 'Longball', 'value': 1}}, {'type': {'displayName': 'PassEndX', 'value': 140}, 'value': '65.7'}, {'type': {'displayName': 'Length', 'value': 212}, 'value': '53.4'}]",True,,,,,
1903330,FirstHalf,0,8.0,0,Aerial,Successful,170,Fulham,306581.0,Antonee Robinson,34.3,88.6,,,,,,,"[{'type': {'displayName': 'Zone', 'value': 56}, 'value': 'Back'}, {'type': {'displayName': 'Defensive', 'value': 285}}, {'type': {'displayName': 'OppositeRelatedEvent', 'value': 233}, 'value': '6'}]",False,,,,,
1903330,FirstHalf,0,8.0,0,Aerial,Unsuccessful,29,West Ham,319756.0,Lucas Paquetá,65.7,11.4,,,,,,,"[{'type': {'displayName': 'Offensive', 'value': 286}}, {'type': {'displayName': 'OppositeRelatedEvent', 'value': 233}, 'value': '4'}, {'type': {'displayName': 'Zone', 'value': 56}, 'value': 'Right'}]",False,,,,,
1903330,FirstHalf,0,9.0,0,BallTouch,Successful,170,Fulham,306581.0,Antonee Robinson,34.4,84.7,,,,,,,"[{'type': {'displayName': 'Zone', 'value': 56}, 'value': 'Back'}]",True,,,,,
1903330,FirstHalf,0,10.0,0,Clearance,Successful,170,Fulham,333182.0,Jorge Cuenca,18.3,89.7,20.7,100.0,,,,,"[{'type': {'displayName': 'PassEndY', 'value': 141}, 'value': '100.0'}, {'type': {'displayName': 'Zone', 'value': 56}, 'value': 'Back'}, {'type': {'displayName': 'PassEndX', 'value': 140}, 'value': '20.7'}, {'type': {'displayName': 'Length', 'value': 212}, 'value': '8.4'}, {'type': {'displayName': 'Angle', 'value': 213}, 'value': '1.27'}]",True,,,,,
1903330,FirstHalf,0,16.0,0,Pass,Successful,29,West Ham,313672.0,Kyle Walker-Peters,69.0,0.0,78.6,9.5,,,,,"[{'type': {'displayName': 'PassEndX', 'value': 140}, 'value': '78.6'}, {'type': {'displayName': 'Zone', 'value': 56}, 'value': 'Right'}, {'type': {'displayName': 'Length', 'value': 212}, 'value': '12.5'}, {'type': {'displayName': 'PassEndY', 'value': 141}, 'value': '9.5'}, {'type': {'displayName': 'ThrowIn', 'value': 107}}, {'type': {'displayName': 'Angle', 'value': 213}, 'value': '0.63'}]",True,,,,,
1903330,FirstHalf,0,16.0,0,Pass,Successful,29,West Ham,319756.0,Lucas Paquetá,78.6,9.5,70.9,6.7,,,,,"[{'type': {'displayName': 'PassEndX', 'value': 140}, 'value': '70.9'}, {'type': {'displayName': 'Length', 'value': 212}, 'value': '8.3'}, {'type': {'displayName': 'Chipped', 'value': 155}}, {'type': {'displayName': 'PassEndY', 'value': 141}, 'value': '6.7'}, {'type': {'displayName': 'Angle', 'value': 213}, 'value': '3.37'}, {'type': {'displayName': 'Zone', 'value': 56}, 'value': 'Right'}]",True,,,,,
1903330,FirstHalf,0,17.0,0,Pass,Successful,29,West Ham,313672.0,Kyle Walker-Peters,70.9,6.7,80.0,8.3,,,,,"[{'type': {'displayName': 'PassEndX', 'value': 140}, 'value': '80.0'}, {'type': {'displayName': 'Length', 'value': 212}, 'value': '9.6'}, {'type': {'displayName': 'Angle', 'value': 213}, 'value': '0.11'}, {'type': {'displayName': 'PassEndY', 'value': 141}, 'value': '8.3'}, {'type': {'displayName': 'Zone', 'value': 56}, 'value': 'Right'}]",True,,,,,
1903330,FirstHalf,0,20.0,0,Pass,Unsuccessful,29,West Ham,319756.0,Lucas Paquetá,78.3,5.0,80.6,4.1,,,,,"[{'type': {'displayName': 'PassEndX', 'value': 140}, 'value': '80.6'}, {'type': {'displayName': 'Length', 'value': 212}, 'value': '2.5'}, {'type': {'displayName': 'Offensive', 'value': 286}}, {'type': {'displayName': 'Zone', 'value': 56}, 'value': 'Right'}, {'type': {'displayName': 'OppositeRelatedEvent', 'value': 233}, 'value': '8'}, {'type': {'displayName': 'Angle', 'value': 213}, 'value': '6.03'}, {'type': {'displayName': 'PassEndY', 'value': 141}, 'value': '4.1'}]",True,,,,,
1903330,FirstHalf,0,20.0,0,BlockedPass,Successful,170,Fulham,306581.0,Antonee Robinson,19.4,95.9,,,,,,,"[{'type': {'displayName': 'Zone', 'value': 56}, 'value': 'Back'}, {'type': {'displayName': 'Defensive', 'value': 285}}, {'type': {'displayName': 'OppositeRelatedEvent', 'value': 233}, 'value': '11'}]",True,,,,,
1903330,FirstHalf,0,27.0,0,Pass,Successful,29,West Ham,313672.0,Kyle Walker-Peters,81.3,0.0,87.1,8.6,,,,,"[{'type': {'displayName': 'Length', 'value': 212}, 'value': '9.0'}, {'type': {'displayName': 'PassEndX', 'value': 140}, 'value': '87.1'}, {'type': {'displayName': 'PassEndY', 'value': 141}, 'value': '8.6'}, {'type': {'displayName': 'Angle', 'value': 213}, 'value': '0.83'}, {'type': {'displayName': 'Zone', 'value': 56}, 'value': 'Right'}, {'type': {'displayName': 'ThrowIn', 'value': 107}}]",True,,,,,
1903330,FirstHalf,0,29.0,0,Pass,Unsuccessful,29,West Ham,443815.0,Soungoutou Magassa,87.1,8.6,87.4,10.3,,,,,"[{'type': {'displayName': 'Chipped', 'value': 155}}, {'type': {'displayName': 'PassEndX', 'value': 140}, 'value': '87.4'}, {'type': {'displayName': 'Angle', 'value': 213}, 'value': '1.30'}, {'type': {'displayName': 'Zone', 'value': 56}, 'value': 'Right'}, {'type': {'displayName': 'Length', 'value': 212}, 'value': '1.2'}, {'type': {'displayName': 'Cross', 'value': 2}}, {'type': {'displayName': 'PassEndY', 'value': 141}, 'value': '10.3'}, {'type': {'displayName': 'RightFoot', 'value': 20}}]",True,,,,,
1903330,FirstHalf,0,30.0,0,BallTouch,Successful,170,Fulham,363686.0,Emile Smith Rowe,10.8,90.6,,,,,,,"[{'type': {'displayName': 'Zone', 'value': 56}, 'value': 'Back'}]",True,,,,,
1903330,FirstHalf,0,31.0,0,KeeperPickup,Successful,170,Fulham,92173.0,Bernd Leno,4.3,55.5,,,,,,,[],False,,,,,
1903330,FirstHalf,0,38.0,0,Pass,Successful,170,Fulham,92173.0,Bernd Leno,13.3,43.6,14.0,26.8,,,,,"[{'type': {'displayName': 'PassEndX', 'value': 140}, 'value': '14.0'}, {'type': {'displayName': 'Length', 'value': 212}, 'value': '11.4'}, {'type': {'displayName': 'Zone', 'value': 56}, 'value': 'Back'}, {'type': {'displayName': 'Angle', 'value': 213}, 'value': '4.78'}, {'type': {'displayName': 'PassEndY', 'value': 141}, 'value': '26.8'}]",True,,,,,
1903330,FirstHalf,0,42.0,0,Pass,Successful,170,Fulham,231135.0,Joachim Andersen,21.8,29.8,15.2,56.5,,,,,"[{'type': {'displayName': 'Zone', 'value': 56}, 'value': 'Back'}, {'type': {'displayName': 'PassEndY', 'value': 141}, 'value': '56.5'}, {'type': {'displayName': 'Angle', 'value': 213}, 'value': '1.94'}, {'type': {'displayName': 'Length', 'value': 212}, 'value': '19.4'}, {'type': {'displayName': 'PassEndX', 'value': 140}, 'value': '15.2'}]",True,,,,,
1903330,FirstHalf,0,45.0,0,Pass,Successful,170,Fulham,92173.0,Bernd Leno,14.3,56.5,27.3,55.0,,,,,"[{'type': {'displayName': 'Length', 'value': 212}, 'value': '13.7'}, {'type': {'displayName': 'Angle', 'value': 213}, 'value': '6.21'}, {'type': {'displayName': 'PassEndY', 'value': 141}, 'value': '55.0'}, {'type': {'displayName': 'Zone', 'value': 56}, 'value': 'Back'}, {'type': {'displayName': 'PassEndX', 'value': 140}, 'value': '27.3'}]",True,,,,,
1903330,FirstHalf,0,47.0,0,Pass,Successful,170,Fulham,321020.0,Sander Berge,27.3,55.0,12.3,58.6,,,,,"[{'type': {'displayName': 'PassEndX', 'value': 140}, 'value': '12.3'}, {'type': {'displayName': 'Length', 'value': 212}, 'value': '15.9'}, {'type': {'displayName': 'LayOff', 'value': 156}}, {'type': {'displayName': 'Angle', 'value': 213}, 'value': '2.99'}, {'type': {'displayName': 'PassEndY', 'value': 141}, 'value': '58.6'}, {'type': {'displayName': 'Zone', 'value': 56}, 'value': 'Back'}]",True,,,,,
1903330,FirstHalf,0,51.0,0,Pass,Successful,170,Fulham,92173.0,Bernd Leno,9.7,66.6,25.6,95.4,,,,,"[{'type': {'displayName': 'Angle', 'value': 213}, 'value': '0.86'}, {'type': {'displayName': 'Zone', 'value': 56}, 'value': 'Back'}, {'type': {'displayName': 'PassEndY', 'value': 141}, 'value': '95.4'}, {'type': {'displayName': 'Length', 'value': 212}, 'value': '25.7'}, {'type': {'displayName': 'PassEndX', 'value': 140}, 'value': '25.6'}, {'type': {'displayName': 'Chipped', 'value': 155}}]",True,,,,,
1903330,FirstHalf,0,58.0,0,Foul,Successful,170,Fulham,306581.0,Antonee Robinson,32.8,89.1,,,,,,,"[{'type': {'displayName': 'Foul', 'value': 13}}, {'type': {'displayName': 'Zone', 'value': 56}, 'value': 'Back'}, {'type': {'displayName': 'Defensive', 'value': 285}}, {'type': {'displayName': 'OppositeRelatedEvent', 'value': 233}, 'value': '15'}]",True,,,,,
1903330,FirstHalf,0,58.0,0,Foul,Unsuccessful,29,West Ham,319756.0,Lucas Paquetá,67.2,10.9,,,,,,,"[{'type': {'displayName': 'Zone', 'value': 56}, 'value': 'Right'}, {'type': {'displayName': 'OppositeRelatedEvent', 'value': 233}, 'value': '17'}, {'type': {'displayName': 'Foul', 'value': 13}}, {'type': {'displayName': 'Offensive', 'value': 286}}]",False,,,,,
1903330,FirstHalf,1,9.0,1,Pass,Successful,170,Fulham,333182.0,Jorge Cuenca,26.2,89.7,18.8,58.5,,,,,"[{'type': {'displayName': 'Zone', 'value': 56}, 'value': 'Back'}, {'type': {'displayName': 'PassEndY', 'value': 141}, 'value': '58.5'}, {'type': {'displayName': 'Angle', 'value': 213}, 'value': '4.36'}, {'type': {'displayName': 'PassEndX', 'value': 140}, 'value': '18.8'}, {'type': {'displayName': 'FreekickTaken', 'value': 5}}, {'type': {'displayName': 'Length', 'value': 212}, 'value': '22.6'}]",True,,,,,
1903330,FirstHalf,1,16.0,1,Pass,Successful,170,Fulham,231135.0,Joachim Andersen,37.5,37.2,38.2,66.4,,,,,"[{'type': {'displayName': 'Zone', 'value': 56}, 'value': 'Back'}, {'type': {'displayName': 'Angle', 'value': 213}, 'value': '1.53'}, {'type': {'displayName': 'Length', 'value': 212}, 'value': '19.9'}, {'type': {'displayName': 'PassEndY', 'value': 141}, 'value': '66.4'}, {'type': {'displayName': 'PassEndX', 'value': 140}, 'value': '38.2'}]",True,,,,,
1903330,FirstHalf,1,18.0,1,Pass,Successful,170,Fulham,333182.0,Jorge Cuenca,40.2,69.9,54.5,68.7,,,,,"[{'type': {'displayName': 'PassEndY', 'value': 141}, 'value': '68.7'}, {'type': {'displayName': 'Angle', 'value': 213}, 'value': '6.23'}, {'type': {'displayName': 'Zone', 'value': 56}, 'value': 'Center'}, {'type': {'displayName': 'PassEndX', 'value': 140}, 'value': '54.5'}, {'type': {'displayName': 'Length', 'value': 212}, 'value': '15.0'}]",True,,,,,
1903330,FirstHalf,1,20.0,1,Pass,Successful,170,Fulham,363686.0,Emile Smith Rowe,46.0,72.6,35.8,81.1,,,,,"[{'type': {'displayName': 'Length', 'value': 212}, 'value': '12.2'}, {'type': {'displayName': 'PassEndX', 'value': 140}, 'value': '35.8'}, {'type': {'displayName': 'Zone', 'value': 56}, 'value': 'Back'}, {'type': {'displayName': 'Angle', 'value': 213}, 'value': '2.65'}, {'type': {'displayName': 'PassEndY', 'value': 141}, 'value': '81.1'}]",True,,,,,
1903330,FirstHalf,1,22.0,1,Pass,Successful,170,Fulham,333182.0,Jorge Cuenca,32.7,85.8,39.6,96.9,,,,,"[{'type': {'displayName': 'Length', 'value': 212}, 'value': '10.5'}, {'type': {'displayName': 'PassEndX', 'value': 140}, 'value': '39.6'}, {'type': {'displayName': 'Angle', 'value': 213}, 'value': '0.81'}, {'type': {'displayName': 'Zone', 'value': 56}, 'value': 'Back'}, {'type': {'displayName': 'PassEndY', 'value': 141}, 'value': '96.9'}]",True,,,,,
1903330,FirstHalf,1,24.0,1,Pass,Successful,170,Fulham,306581.0,Antonee Robinson,43.0,96.1,62.5,74.1,,,,,"[{'type': {'displayName': 'Angle', 'value': 213}, 'value': '5.65'}, {'type': {'displayName': 'PassEndY', 'value': 141}, 'value': '74.1'}, {'type': {'displayName': 'PassEndX', 'value': 140}, 'value': '62.5'}, {'type': {'displayName': 'Zone', 'value': 56}, 'value': 'Center'}, {'type': {'displayName': 'Length', 'value': 212}, 'value': '25.4'}]",True,,,,,
1903330,FirstHalf,1,27.0,1,Challenge,Unsuccessful,29,West Ham,429534.0,Freddie Potts,42.6,27.1,,,,,,,"[{'type': {'displayName': 'OppositeRelatedEvent', 'value': 233}, 'value': '25'}, {'type': {'displayName': 'Zone', 'value': 56}, 'value': 'Back'}, {'type': {'displayName': 'Defensive', 'value': 285}}]",False,,,,,
1903330,FirstHalf,1,27.0,1,TakeOn,Successful,170,Fulham,108186.0,Raúl Jiménez,57.4,72.9,,,,,,,"[{'type': {'displayName': 'Offensive', 'value': 286}}, {'type': {'displayName': 'Zone', 'value': 56}, 'value': 'Center'}, {'type': {'displayName': 'OppositeRelatedEvent', 'value': 233}, 'value': '16'}]",True,,,,,
1903330,FirstHalf,1,30.0,1,Pass,Successful,170,Fulham,108186.0,Raúl Jiménez,55.2,71.4,42.5,47.7,,,,,"[{'type': {'displayName': 'Zone', 'value': 56}, 'value': 'Back'}, {'type': {'displayName': 'Angle', 'value': 213}, 'value': '4.02'}, {'type': {'displayName': 'PassEndY', 'value': 141}, 'value': '47.7'}, {'type': {'displayName': 'PassEndX', 'value': 140}, 'value': '42.5'}, {'type': {'displayName': 'Length', 'value': 212}, 'value': '20.9'}]",True,,,,,
1903330,FirstHalf,1,33.0,1,Pass,Successful,170,Fulham,231135.0,Joachim Andersen,43.8,37.3,62.9,6.4,,,,,"[{'type': {'displayName': 'Angle', 'value': 213}, 'value': '5.47'}, {'type': {'displayName': 'PassEndY', 'value': 141}, 'value': '6.4'}, {'type': {'displayName': 'PassEndX', 'value': 140}, 'value': '62.9'}, {'type': {'displayName': 'Length', 'value': 212}, 'value': '29.0'}, {'type': {'displayName': 'Zone', 'value': 56}, 'value': 'Right'}]",True,,,,,
1903330,FirstHalf,1,34.0,1,Foul,Successful,170,Fulham,333044.0,Harry Wilson,60.1,9.1,,,,,,,"[{'type': {'displayName': 'Zone', 'value': 56}, 'value': 'Right'}, {'type': {'displayName': 'Offensive', 'value': 286}}, {'type': {'displayName': 'Foul', 'value': 13}}, {'type': {'displayName': 'OppositeRelatedEvent', 'value': 233}, 'value': '17'}]",True,,,,,
1903330,FirstHalf,1,34.0,1,Foul,Unsuccessful,29,West Ham,459708.0,Ollie Scarles,39.9,90.9,,,,,,,"[{'type': {'displayName': 'Zone', 'value': 56}, 'value': 'Back'}, {'type': {'displayName': 'Defensive', 'value': 285}}, {'type': {'displayName': 'Foul', 'value': 13}}, {'type': {'displayName': 'OppositeRelatedEvent', 'value': 233}, 'value': '30'}]",False,,,,,
1903330,FirstHalf,1,51.0,1,Pass,Successful,170,Fulham,333044.0,Harry Wilson,64.6,12.4,51.2,12.9,,,,,"[{'type': {'displayName': 'Length', 'value': 212}, 'value': '14.1'}, {'type': {'displayName': 'FreekickTaken', 'value': 5}}, {'type': {'displayName': 'PassEndX', 'value': 140}, 'value': '51.2'}, {'type': {'displayName': 'PassEndY', 'value': 141}, 'value': '12.9'}, {'type': {'displayName': 'Zone', 'value': 56}, 'value': 'Right'}, {'type': {'displayName': 'Angle', 'value': 213}, 'value': '3.12'}]",True,,,,,
1903330,FirstHalf,1,54.0,1,Pass,Successful,170,Fulham,145996.0,Kenny Tete,49.8,13.5,36.2,32.1,,,,,"[{'type': {'displayName': 'PassEndY', 'value': 141}, 'value': '32.1'}, {'type': {'displayName': 'Angle', 'value': 213}, 'value': '2.42'}, {'type': {'displayName': 'PassEndX', 'value': 140}, 'value': '36.2'}, {'type': {'displayName': 'Zone', 'value': 56}, 'value': 'Back'}, {'type': {'displayName': 'Length', 'value': 212}, 'value': '19.1'}]",True,,,,,
1903330,FirstHalf,1,54.0,1,Pass,Successful,170,Fulham,231135.0,Joachim Andersen,35.4,32.2,35.4,67.8,,,,,"[{'type': {'displayName': 'Angle', 'value': 213}, 'value': '1.57'}, {'type': {'displayName': 'PassEndY', 'value': 141}, 'value': '67.8'}, {'type': {'displayName': 'Length', 'value': 212}, 'value': '24.2'}, {'type': {'displayName': 'PassEndX', 'value': 140}, 'value': '35.4'}, {'type': {'displayName': 'Zone', 'value': 56}, 'value': 'Back'}]",True,,,,,
1903330,FirstHalf,1,56.0,1,Pass,Successful,170,Fulham,333182.0,Jorge Cuenca,35.6,74.1,60.2,59.1,,,,,"[{'type': {'displayName': 'Length', 'value': 212}, 'value': '27.8'}, {'type': {'displayName': 'PassEndX', 'value': 140}, 'value': '60.2'}, {'type': {'displayName': 'Angle', 'value': 213}, 'value': '5.91'}, {'type': {'displayName': 'PassEndY', 'value': 141}, 'value': '59.1'}, {'type': {'displayName': 'Zone', 'value': 56}, 'value': 'Center'}]",True,,,,,
1903330,FirstHalf,1,58.0,1,Pass,Successful,170,Fulham,108186.0,Raúl Jiménez,60.5,58.2,36.3,37.2,,,,,"[{'type': {'displayName': 'Length', 'value': 212}, 'value': '29.1'}, {'type': {'displayName': 'PassEndX', 'value': 140}, 'value': '36.3'}, {'type': {'displayName': 'PassEndY', 'value': 141}, 'value': '37.2'}, {'type': {'displayName': 'Angle', 'value': 213}, 'value': '3.65'}, {'type': {'displayName': 'Zone', 'value': 56}, 'value': 'Back'}]",True,,,,,
1903330,FirstHalf,1,59.0,1,Pass,Successful,170,Fulham,231135.0,Joachim Andersen,36.3,37.0,48.2,43.0,,,,,"[{'type': {'displayName': 'Length', 'value': 212}, 'value': '13.1'}, {'type': {'displayName': 'PassEndX', 'value': 140}, 'value': '48.2'}, {'type': {'displayName': 'Zone', 'value': 56}, 'value': 'Back'}, {'type': {'displayName': 'Angle', 'value': 213}, 'value': '0.32'}, {'type': {'displayName': 'PassEndY', 'value': 141}, 'value': '43.0'}]",True,,,,,
1903330,FirstHalf,2,0.0,2,Pass,Successful,170,Fulham,321020.0,Sander Berge,48.2,43.0,53.1,24.3,,,,,"[{'type': {'displayName': 'Zone', 'value': 56}, 'value': 'Center'}, {'type': {'displayName': 'Angle', 'value': 213}, 'value': '5.10'}, {'type': {'displayName': 'Length', 'value': 212}, 'value': '13.7'}, {'type': {'displayName': 'PassEndY', 'value': 141}, 'value': '24.3'}, {'type': {'displayName': 'PassEndX', 'value': 140}, 'value': '53.1'}]",True,,,,,
1903330,FirstHalf,2,5.0,2,Pass,Successful,170,Fulham,145996.0,Kenny Tete,64.8,12.7,69.7,2.8,,,,,"[{'type': {'displayName': 'Length', 'value': 212}, 'value': '8.5'}, {'type': {'displayName': 'Angle', 'value': 213}, 'value': '5.36'}, {'type': {'displayName': 'PassEndY', 'value': 141}, 'value': '2.8'}, {'type': {'displayName': 'Zone', 'value': 56}, 'value': 'Right'}, {'type': {'displayName': 'PassEndX', 'value': 140}, 'value': '69.7'}]",True,,,,,
1903330,FirstHalf,2,7.0,2,Pass,Successful,170,Fulham,333044.0,Harry Wilson,68.7,11.2,68.8,25.2,,,,,"[{'type': {'displayName': 'Length', 'value': 212}, 'value': '9.5'}, {'type': {'displayName': 'PassEndY', 'value': 141}, 'value': '25.2'}, {'type': {'displayName': 'Zone', 'value': 56}, 'value': 'Center'}, {'type': {'displayName': 'Angle', 'value': 213}, 'value': '1.56'}, {'type': {'displayName': 'PassEndX', 'value': 140}, 'value': '68.8'}]",True,,,,,
1903330,FirstHalf,2,9.0,2,Pass,Successful,170,Fulham,321020.0,Sander Berge,68.8,25.2,61.6,24.1,,,,,"[{'type': {'displayName': 'PassEndY', 'value': 141}, 'value': '24.1'}, {'type': {'displayName': 'Angle', 'value': 213}, 'value': '3.24'}, {'type': {'displayName': 'Zone', 'value': 56}, 'value': 'Center'}, {'type': {'displayName': 'PassEndX', 'value': 140}, 'value': '61.6'}, {'type': {'displayName': 'Length', 'value': 212}, 'value': '7.6'}]",True,,,,,
1903330,FirstHalf,2,10.0,2,Pass,Successful,170,Fulham,231135.0,Joachim Andersen,61.5,26.2,55.8,53.1,,,,,"[{'type': {'displayName': 'Length', 'value': 212}, 'value': '19.2'}, {'type': {'displayName': 'PassEndY', 'value': 141}, 'value': '53.1'}, {'type': {'displayName': 'PassEndX', 'value': 140}, 'value': '55.8'}, {'type': {'displayName': 'Zone', 'value': 56}, 'value': 'Center'}, {'type': {'displayName': 'Angle', 'value': 213}, 'value': '1.89'}]",True,,,,,
1903330,FirstHalf,2,16.0,2,Pass,Unsuccessful,170,Fulham,333182.0,Jorge Cuenca,64.0,63.4,100.0,85.0,,,,,"[{'type': {'displayName': 'PassEndX', 'value': 140}, 'value': '100.0'}, {'type': {'displayName': 'Longball', 'value': 1}}, {'type': {'displayName': 'Chipped', 'value': 155}}, {'type': {'displayName': 'Length', 'value': 212}, 'value': '41.7'}, {'type': {'displayName': 'Angle', 'value': 213}, 'value': '0.36'}, {'type': {'displayName': 'Zone', 'value': 56}, 'value': 'Left'}, {'type': {'displayName': 'PassEndY', 'value': 141}, 'value': '85.0'}]",True,,,,,
1903330,FirstHalf,2,44.0,2,Pass,Unsuccessful,29,West Ham,92516.0,Alphonse Areola,2.8,46.7,60.2,27.0,,,,,"[{'type': {'displayName': 'Zone', 'value': 56}, 'value': 'Center'}, {'type': {'displayName': 'PassEndY', 'value': 141}, 'value': '27.0'}, {'type': {'displayName': 'GoalKick', 'value': 124}}, {'type': {'displayName': 'Longball', 'value': 1}}, {'type': {'displayName': 'Angle', 'value': 213}, 'value': '6.06'}, {'type': {'displayName': 'PassEndX', 'value': 140}, 'value': '60.2'}, {'type': {'displayName': 'Length', 'value': 212}, 'value': '61.7'}]",True,,,,,
1903330,FirstHalf,2,49.0,2,Aerial,Successful,170,Fulham,321020.0,Sander Berge,39.8,73.0,,,,,,,"[{'type': {'displayName': 'OppositeRelatedEvent', 'value': 233}, 'value': '19'}, {'type': {'displayName': 'Defensive', 'value': 285}}, {'type': {'displayName': 'Zone', 'value': 56}, 'value': 'Back'}]",False,,,,,
1903330,FirstHalf,2,49.0,2,Aerial,Unsuccessful,29,West Ham,443815.0,Soungoutou Magassa,60.2,27.0,,,,,,,"[{'type': {'displayName': 'Offensive', 'value': 286}}, {'type': {'displayName': 'Zone', 'value': 56}, 'value': 'Center'}, {'type': {'displayName': 'OppositeRelatedEvent', 'value': 233}, 'value': '44'}]",False,,,,,
1903330,FirstHalf,2,49.0,2,Pass,Successful,170,Fulham,321020.0,Sander Berge,39.8,73.0,45.1,86.7,,,,,"[{'type': {'displayName': 'Zone', 'value': 56}, 'value': 'Back'}, {'type': {'displayName': 'Length', 'value': 212}, 'value': '10.9'}, {'type': {'displayName': 'PassEndY', 'value': 141}, 'value': '86.7'}, {'type': {'displayName': 'HeadPass', 'value': 3}}, {'type': {'displayName': 'Angle', 'value': 213}, 'value': '1.03'}, {'type': {'displayName': 'PassEndX', 'value': 140}, 'value': '45.1'}]",True,,,,,
1903330,FirstHalf,2,51.0,2,BallRecovery,Successful,170,Fulham,363686.0,Emile Smith Rowe,45.8,87.9,,,,,,,[],False,,,,,
1903330,FirstHalf,2,51.0,2,Pass,Successful,170,Fulham,363686.0,Emile Smith Rowe,45.8,87.9,34.1,96.9,,,,,"[{'type': {'displayName': 'Angle', 'value': 213}, 'value': '2.68'}, {'type': {'displayName': 'PassEndY', 'value': 141}, 'value': '96.9'}, {'type': {'displayName': 'Length', 'value': 212}, 'value': '13.7'}, {'type': {'displayName': 'Zone', 'value': 56}, 'value': 'Back'}, {'type': {'displayName': 'PassEndX', 'value': 140}, 'value': '34.1'}]",True,,,,,
1903330,FirstHalf,2,53.0,2,Pass,Successful,170,Fulham,306581.0,Antonee Robinson,33.3,97.2,64.2,84.6,,,,,"[{'type': {'displayName': 'Chipped', 'value': 155}}, {'type': {'displayName': 'Zone', 'value': 56}, 'value': 'Left'}, {'type': {'displayName': 'Angle', 'value': 213}, 'value': '6.03'}, {'type': {'displayName': 'PassEndY', 'value': 141}, 'value': '84.6'}, {'type': {'displayName': 'Longball', 'value': 1}}, {'type': {'displayName': 'PassEndX', 'value': 140}, 'value': '64.2'}, {'type': {'displayName': 'Length', 'value': 212}, 'value': '33.6'}]",True,,,,,
1903330,FirstHalf,2,56.0,2,Pass,Successful,170,Fulham,297395.0,Sasa Lukic,68.8,88.5,64.7,89.5,,,,,"[{'type': {'displayName': 'PassEndY', 'value': 141}, 'value': '89.5'}, {'type': {'displayName': 'Length', 'value': 212}, 'value': '4.4'}, {'type': {'displayName': 'Zone', 'value': 56}, 'value': 'Left'}, {'type': {'displayName': 'Angle', 'value': 213}, 'value': '2.98'}, {'type': {'displayName': 'PassEndX', 'value': 140}, 'value': '64.7'}]",True,,,,,
1903330,FirstHalf,2,57.0,2,Pass,Successful,170,Fulham,429174.0,Kevin,62.5,91.3,70.2,96.3,,,,,"[{'type': {'displayName': 'Length', 'value': 212}, 'value': '8.8'}, {'type': {'displayName': 'PassEndY', 'value': 141}, 'value': '96.3'}, {'type': {'displayName': 'PassEndX', 'value': 140}, 'value': '70.2'}, {'type': {'displayName': 'Angle', 'value': 213}, 'value': '0.40'}, {'type': {'displayName': 'Zone', 'value': 56}, 'value': 'Left'}]",True,,,,,
1903330,FirstHalf,2,58.0,2,BallTouch,Unsuccessful,170,Fulham,363686.0,Emile Smith Rowe,70.2,96.3,,,,,,,"[{'type': {'displayName': 'Zone', 'value': 56}, 'value': 'Left'}]",True,,,,,
1903330,FirstHalf,3,17.0,3,Pass,Successful,29,West Ham,313672.0,Kyle Walker-Peters,40.2,0.0,63.3,7.7,,,,,"[{'type': {'displayName': 'Angle', 'value': 213}, 'value': '0.27'}, {'type': {'displayName': 'PassEndX', 'value': 140}, 'value': '63.3'}, {'type': {'displayName': 'ThrowIn', 'value': 107}}, {'type': {'displayName': 'Length', 'value': 212}, 'value': '25.1'}, {'type': {'displayName': 'Zone', 'value': 56}, 'value': 'Right'}, {'type': {'displayName': 'Longball', 'value': 1}}, {'type': {'displayName': 'PassEndY', 'value': 141}, 'value': '7.7'}]",True,,,,,
1903330,FirstHalf,3,19.0,3,Dispossessed,Successful,29,West Ham,322596.0,Jarrod Bowen,64.4,7.2,,,,,,,"[{'type': {'displayName': 'Offensive', 'value': 286}}, {'type': {'displayName': 'OppositeRelatedEvent', 'value': 233}, 'value': '53'}, {'type': {'displayName': 'Zone', 'value': 56}, 'value': 'Right'}]",True,,,,,
1903330,FirstHalf,3,19.0,3,Tackle,Unsuccessful,170,Fulham,333182.0,Jorge Cuenca,35.6,92.8,,,,,,,"[{'type': {'displayName': 'StandingSave', 'value': 178}}, {'type': {'displayName': 'Zone', 'value': 56}, 'value': 'Back'}, {'type': {'displayName': 'OppositeRelatedEvent', 'value': 233}, 'value': '22'}, {'type': {'displayName': 'Defensive', 'value': 285}}]",True,,,,,
1903330,FirstHalf,3,21.0,3,Pass,Successful,29,West Ham,447231.0,Mateus Fernandes,62.0,35.7,72.3,81.1,,,,,"[{'type': {'displayName': 'PassEndY', 'value': 141}, 'value': '81.1'}, {'type': {'displayName': 'Zone', 'value': 56}, 'value': 'Left'}, {'type': {'displayName': 'Angle', 'value': 213}, 'value': '1.23'}, {'type': {'displayName': 'PassEndX', 'value': 140}, 'value': '72.3'}, {'type': {'displayName': 'Longball', 'value': 1}}, {'type': {'displayName': 'Length', 'value': 212}, 'value': '32.7'}]",True,,,,,
1903330,FirstHalf,3,29.0,3,Pass,Successful,29,West Ham,459708.0,Ollie Scarles,77.6,92.9,69.6,89.4,,,,,"[{'type': {'displayName': 'Zone', 'value': 56}, 'value': 'Left'}, {'type': {'displayName': 'Angle', 'value': 213}, 'value': '3.42'}, {'type': {'displayName': 'PassEndY', 'value': 141}, 'value': '89.4'}, {'type': {'displayName': 'Length', 'value': 212}, 'value': '8.7'}, {'type': {'displayName': 'PassEndX', 'value': 140}, 'value': '69.6'}]",True,,,,,
1903330,FirstHalf,3,30.0,3,Pass,Successful,29,West Ham,382564.0,Crysencio Summerville,69.1,89.1,62.6,90.2,,,,,"[{'type': {'displayName': 'Angle', 'value': 213}, 'value': '3.03'}, {'type': {'displayName': 'Zone', 'value': 56}, 'value': 'Left'}, {'type': {'displayName': 'PassEndY', 'value': 141}, 'value': '90.2'}, {'type': {'displayName': 'PassEndX', 'value': 140}, 'value': '62.6'}, {'type': {'displayName': 'Length', 'value': 212}, 'value': '6.9'}]",True,,,,,
1903330,FirstHalf,3,32.0,3,Pass,Successful,29,West Ham,447231.0,Mateus Fernandes,62.6,90.2,64.6,74.7,,,,,"[{'type': {'displayName': 'Angle', 'value': 213}, 'value': '4.91'}, {'type': {'displayName': 'PassEndY', 'value': 141}, 'value': '74.7'}, {'type': {'displayName': 'PassEndX', 'value': 140}, 'value': '64.6'}, {'type': {'displayName': 'Zone', 'value': 56}, 'value': 'Center'}, {'type': {'displayName': 'Length', 'value': 212}, 'value': '10.7'}]",True,,,,,
1903330,FirstHalf,3,33.0,3,Pass,Successful,29,West Ham,429534.0,Freddie Potts,64.6,74.7,63.4,89.3,,,,,"[{'type': {'displayName': 'PassEndY', 'value': 141}, 'value': '89.3'}, {'type': {'displayName': 'Angle', 'value': 213}, 'value': '1.70'}, {'type': {'displayName': 'Zone', 'value': 56}, 'value': 'Left'}, {'type': {'displayName': 'Length', 'value': 212}, 'value': '10.0'}, {'type': {'displayName': 'PassEndX', 'value': 140}, 'value': '63.4'}]",True,,,,,
1903330,FirstHalf,3,34.0,3,Pass,Successful,29,West Ham,447231.0,Mateus Fernandes,63.3,86.3,67.1,76.3,,,,,"[{'type': {'displayName': 'PassEndX', 'value': 140}, 'value': '67.1'}, {'type': {'displayName': 'Length', 'value': 212}, 'value': '7.9'}, {'type': {'displayName': 'Zone', 'value': 56}, 'value': 'Center'}, {'type': {'displayName': 'Angle', 'value': 213}, 'value': '5.24'}, {'type': {'displayName': 'PassEndY', 'value': 141}, 'value': '76.3'}]",True,,,,,
1903330,FirstHalf,3,35.0,3,Pass,Successful,29,West Ham,382564.0,Crysencio Summerville,67.1,76.3,62.8,86.9,,,,,"[{'type': {'displayName': 'Length', 'value': 212}, 'value': '8.5'}, {'type': {'displayName': 'PassEndX', 'value': 140}, 'value': '62.8'}, {'type': {'displayName': 'Angle', 'value': 213}, 'value': '2.13'}, {'type': {'displayName': 'Zone', 'value': 56}, 'value': 'Left'}, {'type': {'displayName': 'PassEndY', 'value': 141}, 'value': '86.9'}]",True,,,,,
1903330,FirstHalf,3,36.0,3,Pass,Successful,29,West Ham,447231.0,Mateus Fernandes,63.2,85.1,64.9,76.1,,,,,"[{'type': {'displayName': 'Angle', 'value': 213}, 'value': '5.00'}, {'type': {'displayName': 'PassEndY', 'value': 141}, 'value': '76.1'}, {'type': {'displayName': 'PassEndX', 'value': 140}, 'value': '64.9'}, {'type': {'displayName': 'Length', 'value': 212}, 'value': '6.4'}, {'type': {'displayName': 'Zone', 'value': 56}, 'value': 'Center'}]",True,,,,,
1903330,FirstHalf,3,37.0,3,Pass,Successful,29,West Ham,382564.0,Crysencio Summerville,64.9,76.1,60.1,87.7,,,,,"[{'type': {'displayName': 'PassEndX', 'value': 140}, 'value': '60.1'}, {'type': {'displayName': 'Length', 'value': 212}, 'value': '9.4'}, {'type': {'displayName': 'LayOff', 'value': 156}}, {'type': {'displayName': 'PassEndY', 'value': 141}, 'value': '87.7'}, {'type': {'displayName': 'Zone', 'value': 56}, 'value': 'Left'}, {'type': {'displayName': 'Angle', 'value': 213}, 'value': '2.14'}]",True,,,,,
1903330,FirstHalf,3,39.0,3,Pass,Successful,29,West Ham,447231.0,Mateus Fernandes,59.4,85.6,43.8,41.8,,,,,"[{'type': {'displayName': 'PassEndX', 'value': 140}, 'value': '43.8'}, {'type': {'displayName': 'PassEndY', 'value': 141}, 'value': '41.8'}, {'type': {'displayName': 'Angle', 'value': 213}, 'value': '4.21'}, {'type': {'displayName': 'Longball', 'value': 1}}, {'type': {'displayName': 'Zone', 'value': 56}, 'value': 'Back'}, {'type': {'displayName': 'Length', 'value': 212}, 'value': '34.0'}]",True,,,,,
1903330,FirstHalf,3,43.0,3,Pass,Successful,29,West Ham,361710.0,Jean-Clair Todibo,44.8,32.8,61.0,9.5,,,,,"[{'type': {'displayName': 'PassEndY', 'value': 141}, 'value': '9.5'}, {'type': {'displayName': 'Zone', 'value': 56}, 'value': 'Right'}, {'type': {'displayName': 'Angle', 'value': 213}, 'value': '5.53'}, {'type': {'displayName': 'Length', 'value': 212}, 'value': '23.2'}, {'type': {'displayName': 'PassEndX', 'value': 140}, 'value': '61.0'}]",True,,,,,
1903330,FirstHalf,3,45.0,3,Pass,Successful,29,West Ham,313672.0,Kyle Walker-Peters,60.4,7.6,63.6,17.1,,,,,"[{'type': {'displayName': 'Length', 'value': 212}, 'value': '7.3'}, {'type': {'displayName': 'Angle', 'value': 213}, 'value': '1.09'}, {'type': {'displayName': 'PassEndY', 'value': 141}, 'value': '17.1'}, {'type': {'displayName': 'PassEndX', 'value': 140}, 'value': '63.6'}, {'type': {'displayName': 'Zone', 'value': 56}, 'value': 'Right'}]",True,,,,,
1903330,FirstHalf,3,47.0,3,Pass,Successful,29,West Ham,443815.0,Soungoutou Magassa,62.8,15.5,44.6,16.1,,,,,"[{'type': {'displayName': 'Length', 'value': 212}, 'value': '19.1'}, {'type': {'displayName': 'PassEndY', 'value': 141}, 'value': '16.1'}, {'type': {'displayName': 'Angle', 'value': 213}, 'value': '3.12'}, {'type': {'displayName': 'Zone', 'value': 56}, 'value': 'Back'}, {'type': {'displayName': 'PassEndX', 'value': 140}, 'value': '44.6'}]",True,,,,,
1903330,FirstHalf,3,50.0,3,Pass,Successful,29,West Ham,361710.0,Jean-Clair Todibo,45.1,14.6,71.2,21.5,,,,,"[{'type': {'displayName': 'Length', 'value': 212}, 'value': '27.8'}, {'type': {'displayName': 'PassEndX', 'value': 140}, 'value': '71.2'}, {'type': {'displayName': 'Angle', 'value': 213}, 'value': '0.17'}, {'type': {'displayName': 'PassEndY', 'value': 141}, 'value': '21.5'}, {'type': {'displayName': 'Zone', 'value': 56}, 'value': 'Center'}]",True,,,,,
1903330,FirstHalf,3,51.0,3,Pass,Successful,29,West Ham,322596.0,Jarrod Bowen,71.2,21.5,64.8,19.4,,,,,"[{'type': {'displayName': 'PassEndY', 'value': 141}, 'value': '19.4'}, {'type': {'displayName': 'Zone', 'value': 56}, 'value': 'Right'}, {'type': {'displayName': 'Angle', 'value': 213}, 'value': '3.35'}, {'type': {'displayName': 'LayOff', 'value': 156}}, {'type': {'displayName': 'PassEndX', 'value': 140}, 'value': '64.8'}, {'type': {'displayName': 'Length', 'value': 212}, 'value': '6.9'}]",True,,,,,
1903330,FirstHalf,3,53.0,3,Pass,Unsuccessful,29,West Ham,319756.0,Lucas Paquetá,64.8,19.4,72.7,14.6,,,,,"[{'type': {'displayName': 'PassEndX', 'value': 140}, 'value': '72.7'}, {'type': {'displayName': 'Angle', 'value': 213}, 'value': '5.91'}, {'type': {'displayName': 'Length', 'value': 212}, 'value': '8.9'}, {'type': {'displayName': 'PassEndY', 'value': 141}, 'value': '14.6'}, {'type': {'displayName': 'Zone', 'value': 56}, 'value': 'Right'}]",True,,,,,
1903330,FirstHalf,3,53.0,3,BallRecovery,Successful,170,Fulham,429174.0,Kevin,31.2,87.1,,,,,,,[],False,,,,,
1903330,FirstHalf,3,54.0,3,Pass,Successful,170,Fulham,429174.0,Kevin,31.7,85.9,25.9,70.9,,,,,"[{'type': {'displayName': 'Zone', 'value': 56}, 'value': 'Back'}, {'type': {'displayName': 'Length', 'value': 212}, 'value': '11.9'}, {'type': {'displayName': 'PassEndX', 'value': 140}, 'value': '25.9'}, {'type': {'displayName': 'Angle', 'value': 213}, 'value': '4.17'}, {'type': {'displayName': 'PassEndY', 'value': 141}, 'value': '70.9'}]",True,,,,,
1903330,FirstHalf,3,55.0,3,Pass,Successful,170,Fulham,333182.0,Jorge Cuenca,23.6,66.7,23.0,49.2,,,,,"[{'type': {'displayName': 'PassEndX', 'value': 140}, 'value': '23.0'}, {'type': {'displayName': 'Zone', 'value': 56}, 'value': 'Back'}, {'type': {'displayName': 'Angle', 'value': 213}, 'value': '4.66'}, {'type': {'displayName': 'PassEndY', 'value': 141}, 'value': '49.2'}, {'type': {'displayName': 'Length', 'value': 212}, 'value': '11.9'}]",True,,,,,
1903330,FirstHalf,4,2.0,4,Pass,Successful,170,Fulham,231135.0,Joachim Andersen,29.1,43.9,34.6,49.5,,,,,"[{'type': {'displayName': 'PassEndX', 'value': 140}, 'value': '34.6'}, {'type': {'displayName': 'Length', 'value': 212}, 'value': '6.9'}, {'type': {'displayName': 'Zone', 'value': 56}, 'value': 'Back'}, {'type': {'displayName': 'Angle', 'value': 213}, 'value': '0.58'}, {'type': {'displayName': 'PassEndY', 'value': 141}, 'value': '49.5'}]",True,,,,,
1903330,FirstHalf,4,5.0,4,Pass,Successful,170,Fulham,321020.0,Sander Berge,34.9,39.9,35.8,18.7,,,,,"[{'type': {'displayName': 'Angle', 'value': 213}, 'value': '4.78'}, {'type': {'displayName': 'Zone', 'value': 56}, 'value': 'Back'}, {'type': {'displayName': 'PassEndY', 'value': 141}, 'value': '18.7'}, {'type': {'displayName': 'Length', 'value': 212}, 'value': '14.4'}, {'type': {'displayName': 'PassEndX', 'value': 140}, 'value': '35.8'}]",True,,,,,
1903330,FirstHalf,4,7.0,4,Pass,Successful,170,Fulham,145996.0,Kenny Tete,33.1,21.0,22.6,22.3,,,,,"[{'type': {'displayName': 'PassEndX', 'value': 140}, 'value': '22.6'}, {'type': {'displayName': 'Zone', 'value': 56}, 'value': 'Back'}, {'type': {'displayName': 'Angle', 'value': 213}, 'value': '3.06'}, {'type': {'displayName': 'PassEndY', 'value': 141}, 'value': '22.3'}, {'type': {'displayName': 'Length', 'value': 212}, 'value': '11.1'}]",True,,,,,
1903330,FirstHalf,4,10.0,4,Pass,Successful,170,Fulham,231135.0,Joachim Andersen,21.1,25.0,10.9,45.3,,,,,"[{'type': {'displayName': 'PassEndY', 'value': 141}, 'value': '45.3'}, {'type': {'displayName': 'Angle', 'value': 213}, 'value': '2.23'}, {'type': {'displayName': 'PassEndX', 'value': 140}, 'value': '10.9'}, {'type': {'displayName': 'Length', 'value': 212}, 'value': '17.5'}, {'type': {'displayName': 'Zone', 'value': 56}, 'value': 'Back'}]",True,,,,,
1903330,FirstHalf,4,13.0,4,Pass,Successful,170,Fulham,92173.0,Bernd Leno,10.5,45.1,23.8,39.3,,,,,"[{'type': {'displayName': 'PassEndY', 'value': 141}, 'value': '39.3'}, {'type': {'displayName': 'Zone', 'value': 56}, 'value': 'Back'}, {'type': {'displayName': 'Angle', 'value': 213}, 'value': '6.01'}, {'type': {'displayName': 'PassEndX', 'value': 140}, 'value': '23.8'}, {'type': {'displayName': 'Length', 'value': 212}, 'value': '14.5'}]",True,,,,,
1903330,FirstHalf,4,15.0,4,Pass,Successful,170,Fulham,321020.0,Sander Berge,23.8,39.3,8.7,47.2,,,,,"[{'type': {'displayName': 'Length', 'value': 212}, 'value': '16.7'}, {'type': {'displayName': 'Zone', 'value': 56}, 'value': 'Back'}, {'type': {'displayName': 'PassEndX', 'value': 140}, 'value': '8.7'}, {'type': {'displayName': 'LayOff', 'value': 156}}, {'type': {'displayName': 'PassEndY', 'value': 141}, 'value': '47.2'}, {'type': {'displayName': 'Angle', 'value': 213}, 'value': '2.81'}]",True,,,,,
1903330,FirstHalf,4,18.0,4,Pass,Successful,170,Fulham,92173.0,Bernd Leno,6.7,67.8,14.5,97.3,,,,,"[{'type': {'displayName': 'Length', 'value': 212}, 'value': '21.7'}, {'type': {'displayName': 'PassEndX', 'value': 140}, 'value': '14.5'}, {'type': {'displayName': 'Angle', 'value': 213}, 'value': '1.18'}, {'type': {'displayName': 'Zone', 'value': 56}, 'value': 'Back'}, {'type': {'displayName': 'PassEndY', 'value': 141}, 'value': '97.3'}]",True,,,,,
1903330,FirstHalf,4,21.0,4,Pass,Successful,170,Fulham,306581.0,Antonee Robinson,12.6,95.5,27.3,94.3,,,,,"[{'type': {'displayName': 'PassEndX', 'value': 140}, 'value': '27.3'}, {'type': {'displayName': 'Length', 'value': 212}, 'value': '15.5'}, {'type': {'displayName': 'Zone', 'value': 56}, 'value': 'Back'}, {'type': {'displayName': 'PassEndY', 'value': 141}, 'value': '94.3'}, {'type': {'displayName': 'Angle', 'value': 213}, 'value': '6.23'}]",True,,,,,
1903330,FirstHalf,4,26.0,4,Dispossessed,Successful,170,Fulham,429174.0,Kevin,25.1,94.0,,,,,,,"[{'type': {'displayName': 'Zone', 'value': 56}, 'value': 'Back'}, {'type': {'displayName': 'Defensive', 'value': 285}}, {'type': {'displayName': 'OppositeRelatedEvent', 'value': 233}, 'value': '39'}]",True,,,,,
1903330,FirstHalf,4,26.0,4,Tackle,Successful,29,West Ham,319756.0,Lucas Paquetá,74.9,6.0,,,,,,,"[{'type': {'displayName': 'OppositeRelatedEvent', 'value': 233}, 'value': '65'}, {'type': {'displayName': 'Offensive', 'value': 286}}, {'type': {'displayName': 'Zone', 'value': 56}, 'value': 'Right'}, {'type': {'displayName': 'StandingSave', 'value': 178}}]",True,,,,,
1903330,FirstHalf,4,27.0,4,BallRecovery,Successful,29,West Ham,319756.0,Lucas Paquetá,74.6,6.8,,,,,,,[],False,,,,,
1903330,FirstHalf,4,32.0,4,Pass,Successful,29,West Ham,319756.0,Lucas Paquetá,78.9,10.4,73.7,8.0,,,,,"[{'type': {'displayName': 'PassEndX', 'value': 140}, 'value': '73.7'}, {'type': {'displayName': 'Angle', 'value': 213}, 'value': '3.43'}, {'type': {'displayName': 'Zone', 'value': 56}, 'value': 'Right'}, {'type': {'displayName': 'PassEndY', 'value': 141}, 'value': '8.0'}, {'type': {'displayName': 'Length', 'value': 212}, 'value': '5.7'}]",True,,,,,
1903330,FirstHalf,4,33.0,4,Pass,Successful,29,West Ham,313672.0,Kyle Walker-Peters,73.7,8.0,69.6,20.4,,,,,"[{'type': {'displayName': 'Length', 'value': 212}, 'value': '9.5'}, {'type': {'displayName': 'PassEndX', 'value': 140}, 'value': '69.6'}, {'type': {'displayName': 'Zone', 'value': 56}, 'value': 'Right'}, {'type': {'displayName': 'PassEndY', 'value': 141}, 'value': '20.4'}, {'type': {'displayName': 'Angle', 'value': 213}, 'value': '2.04'}]",True,,,,,
1903330,FirstHalf,4,34.0,4,Pass,Successful,29,West Ham,443815.0,Soungoutou Magassa,69.6,20.4,58.8,40.1,,,,,"[{'type': {'displayName': 'Angle', 'value': 213}, 'value': '2.27'}, {'type': {'displayName': 'Zone', 'value': 56}, 'value': 'Center'}, {'type': {'displayName': 'PassEndY', 'value': 141}, 'value': '40.1'}, {'type': {'displayName': 'Length', 'value': 212}, 'value': '17.6'}, {'type': {'displayName': 'PassEndX', 'value': 140}, 'value': '58.8'}]",True,,,,,
1903330,FirstHalf,4,37.0,4,Pass,Successful,29,West Ham,447231.0,Mateus Fernandes,60.7,40.6,68.9,57.9,,,,,"[{'type': {'displayName': 'Zone', 'value': 56}, 'value': 'Center'}, {'type': {'displayName': 'Angle', 'value': 213}, 'value': '0.94'}, {'type': {'displayName': 'Length', 'value': 212}, 'value': '14.6'}, {'type': {'displayName': 'PassEndY', 'value': 141}, 'value': '57.9'}, {'type': {'displayName': 'PassEndX', 'value': 140}, 'value': '68.9'}]",True,,,,,
1903330,FirstHalf,4,42.0,4,Pass,Successful,29,West Ham,382564.0,Crysencio Summerville,66.8,47.0,70.7,11.9,,,,,"[{'type': {'displayName': 'PassEndY', 'value': 141}, 'value': '11.9'}, {'type': {'displayName': 'Angle', 'value': 213}, 'value': '4.88'}, {'type': {'displayName': 'Zone', 'value': 56}, 'value': 'Right'}, {'type': {'displayName': 'Length', 'value': 212}, 'value': '24.2'}, {'type': {'displayName': 'PassEndX', 'value': 140}, 'value': '70.7'}]",True,,,,,
1903330,FirstHalf,4,45.0,4,Pass,Unsuccessful,29,West Ham,313672.0,Kyle Walker-Peters,70.8,11.0,76.0,33.9,,,,,"[{'type': {'displayName': 'Angle', 'value': 213}, 'value': '1.23'}, {'type': {'displayName': 'PassEndY', 'value': 141}, 'value': '33.9'}, {'type': {'displayName': 'Zone', 'value': 56}, 'value': 'Center'}, {'type': {'displayName': 'PassEndX', 'value': 140}, 'value': '76.0'}, {'type': {'displayName': 'Length', 'value': 212}, 'value': '16.5'}]",True,,,,,
1903330,FirstHalf,4,46.0,4,BallTouch,Successful,170,Fulham,321020.0,Sander Berge,24.4,66.2,,,,,,,"[{'type': {'displayName': 'Zone', 'value': 56}, 'value': 'Back'}]",True,,,,,
1903330,FirstHalf,4,47.0,4,BallRecovery,Successful,170,Fulham,231135.0,Joachim Andersen,19.8,52.9,,,,,,,[],False,,,,,
1903330,FirstHalf,4,48.0,4,Pass,Successful,170,Fulham,231135.0,Joachim Andersen,19.8,52.9,24.7,72.7,,,,,"[{'type': {'displayName': 'PassEndY', 'value': 141}, 'value': '72.7'}, {'type': {'displayName': 'Angle', 'value': 213}, 'value': '1.21'}, {'type': {'displayName': 'Zone', 'value': 56}, 'value': 'Back'}, {'type': {'displayName': 'Length', 'value': 212}, 'value': '14.4'}, {'type': {'displayName': 'PassEndX', 'value': 140}, 'value': '24.7'}]",True,,,,,
1903330,FirstHalf,4,50.0,4,Pass,Unsuccessful,170,Fulham,363686.0,Emile Smith Rowe,28.3,86.4,49.1,95.5,,,,,"[{'type': {'displayName': 'Length', 'value': 212}, 'value': '22.7'}, {'type': {'displayName': 'Angle', 'value': 213}, 'value': '0.28'}, {'type': {'displayName': 'PassEndY', 'value': 141}, 'value': '95.5'}, {'type': {'displayName': 'PassEndX', 'value': 140}, 'value': '49.1'}, {'type': {'displayName': 'Zone', 'value': 56}, 'value': 'Back'}]",True,,,,,
1903330,FirstHalf,4,52.0,4,Pass,Successful,29,West Ham,361710.0,Jean-Clair Todibo,57.4,10.4,62.4,16.1,,,,,"[{'type': {'displayName': 'Angle', 'value': 213}, 'value': '0.64'}, {'type': {'displayName': 'PassEndY', 'value': 141}, 'value': '16.1'}, {'type': {'displayName': 'PassEndX', 'value': 140}, 'value': '62.4'}, {'type': {'displayName': 'Zone', 'value': 56}, 'value': 'Right'}, {'type': {'displayName': 'Length', 'value': 212}, 'value': '6.5'}]",True,,,,,
1903330,FirstHalf,4,52.0,4,BallRecovery,Successful,29,West Ham,313672.0,Kyle Walker-Peters,62.4,16.1,,,,,,,[],False,,,,,
1903330,FirstHalf,4,54.0,4,Pass,Successful,29,West Ham,313672.0,Kyle Walker-Peters,63.5,15.5,73.1,18.2,,,,,"[{'type': {'displayName': 'Zone', 'value': 56}, 'value': 'Right'}, {'type': {'displayName': 'PassEndY', 'value': 141}, 'value': '18.2'}, {'type': {'displayName': 'Angle', 'value': 213}, 'value': '0.18'}, {'type': {'displayName': 'Length', 'value': 212}, 'value': '10.2'}, {'type': {'displayName': 'PassEndX', 'value': 140}, 'value': '73.1'}]",True,,,,,
1903330,FirstHalf,4,57.0,4,BallTouch,Unsuccessful,29,West Ham,382564.0,Crysencio Summerville,71.0,24.7,,,,,,,"[{'type': {'displayName': 'Zone', 'value': 56}, 'value': 'Center'}]",True,,,,,
1903330,FirstHalf,4,58.0,4,BallRecovery,Successful,170,Fulham,231135.0,Joachim Andersen,25.5,51.6,,,,,,,[],False,,,,,
1903330,FirstHalf,4,59.0,4,Pass,Successful,170,Fulham,231135.0,Joachim Andersen,30.0,41.8,35.7,19.0,,,,,"[{'type': {'displayName': 'Zone', 'value': 56}, 'value': 'Back'}, {'type': {'displayName': 'PassEndY', 'value': 141}, 'value': '19.0'}, {'type': {'displayName': 'PassEndX', 'value': 140}, 'value': '35.7'}, {'type': {'displayName': 'Angle', 'value': 213}, 'value': '5.08'}, {'type': {'displayName': 'Length', 'value': 212}, 'value': '16.6'}]",True,,,,,
1903330,FirstHalf,5,4.0,5,Pass,Successful,170,Fulham,145996.0,Kenny Tete,43.7,9.9,37.3,39.0,,,,,"[{'type': {'displayName': 'Angle', 'value': 213}, 'value': '1.90'}, {'type': {'displayName': 'PassEndX', 'value': 140}, 'value': '37.3'}, {'type': {'displayName': 'Length', 'value': 212}, 'value': '20.9'}, {'type': {'displayName': 'Zone', 'value': 56}, 'value': 'Back'}, {'type': {'displayName': 'PassEndY', 'value': 141}, 'value': '39.0'}]",True,,,,,
1903330,FirstHalf,5,8.0,5,Pass,Successful,170,Fulham,321020.0,Sander Berge,42.2,39.9,59.5,68.4,,,,,"[{'type': {'displayName': 'PassEndX', 'value': 140}, 'value': '59.5'}, {'type': {'displayName': 'Length', 'value': 212}, 'value': '26.6'}, {'type': {'displayName': 'Zone', 'value': 56}, 'value': 'Center'}, {'type': {'displayName': 'Angle', 'value': 213}, 'value': '0.82'}, {'type': {'displayName': 'PassEndY', 'value': 141}, 'value': '68.4'}]",True,,,,,
1903330,FirstHalf,5,13.0,5,Pass,Successful,170,Fulham,363686.0,Emile Smith Rowe,63.2,84.6,52.7,85.2,,,,,"[{'type': {'displayName': 'PassEndX', 'value': 140}, 'value': '52.7'}, {'type': {'displayName': 'Length', 'value': 212}, 'value': '11.0'}, {'type': {'displayName': 'PassEndY', 'value': 141}, 'value': '85.2'}, {'type': {'displayName': 'Angle', 'value': 213}, 'value': '3.10'}, {'type': {'displayName': 'Zone', 'value': 56}, 'value': 'Left'}]",True,,,,,
1903330,FirstHalf,5,15.0,5,Pass,Successful,170,Fulham,306581.0,Antonee Robinson,52.7,85.2,40.4,39.9,,,,,"[{'type': {'displayName': 'Length', 'value': 212}, 'value': '33.4'}, {'type': {'displayName': 'Longball', 'value': 1}}, {'type': {'displayName': 'PassEndX', 'value': 140}, 'value': '40.4'}, {'type': {'displayName': 'Zone', 'value': 56}, 'value': 'Back'}, {'type': {'displayName': 'Angle', 'value': 213}, 'value': '4.32'}, {'type': {'displayName': 'PassEndY', 'value': 141}, 'value': '39.9'}]",True,,,,,
1903330,FirstHalf,5,22.0,5,Pass,Unsuccessful,170,Fulham,231135.0,Joachim Andersen,60.5,29.5,64.0,21.1,,,,,"[{'type': {'displayName': 'Chipped', 'value': 155}}, {'type': {'displayName': 'Angle', 'value': 213}, 'value': '5.28'}, {'type': {'displayName': 'PassEndX', 'value': 140}, 'value': '64.0'}, {'type': {'displayName': 'Length', 'value': 212}, 'value': '6.8'}, {'type': {'displayName': 'PassEndY', 'value': 141}, 'value': '21.1'}, {'type': {'displayName': 'Zone', 'value': 56}, 'value': 'Right'}]",True,,,,,
1903330,FirstHalf,5,24.0,5,BallTouch,Successful,29,West Ham,382564.0,Crysencio Summerville,35.6,85.9,,,,,,,"[{'type': {'displayName': 'Zone', 'value': 56}, 'value': 'Back'}]",True,,,,,
1903330,FirstHalf,5,29.0,5,Pass,Successful,170,Fulham,231135.0,Joachim Andersen,58.1,27.4,73.4,25.5,,,,,"[{'type': {'displayName': 'Angle', 'value': 213}, 'value': '6.20'}, {'type': {'displayName': 'PassEndY', 'value': 141}, 'value': '25.5'}, {'type': {'displayName': 'PassEndX', 'value': 140}, 'value': '73.4'}, {'type': {'displayName': 'Length', 'value': 212}, 'value': '16.1'}, {'type': {'displayName': 'Zone', 'value': 56}, 'value': 'Center'}]",True,,,,,
1903330,FirstHalf,5,30.0,5,Pass,Unsuccessful,170,Fulham,297395.0,Sasa Lukic,73.4,25.5,73.3,22.6,,,,,"[{'type': {'displayName': 'Zone', 'value': 56}, 'value': 'Center'}, {'type': {'displayName': 'Angle', 'value': 213}, 'value': '4.66'}, {'type': {'displayName': 'PassEndY', 'value': 141}, 'value': '22.6'}, {'type': {'displayName': 'PassEndX', 'value': 140}, 'value': '73.3'}, {'type': {'displayName': 'Length', 'value': 212}, 'value': '2.0'}, {'type': {'displayName': 'OppositeRelatedEvent', 'value': 233}, 'value': '53'}, {'type': {'displayName': 'Offensive', 'value': 286}}]",True,,,,,
1903330,FirstHalf,5,30.0,5,BlockedPass,Successful,29,West Ham,459708.0,Ollie Scarles,26.7,77.4,,,,,,,"[{'type': {'displayName': 'OppositeRelatedEvent', 'value': 233}, 'value': '78'}, {'type': {'displayName': 'Zone', 'value': 56}, 'value': 'Back'}, {'type': {'displayName': 'Defensive', 'value': 285}}]",True,,,,,
1903330,FirstHalf,5,33.0,5,TakeOn,Unsuccessful,29,West Ham,382564.0,Crysencio Summerville,35.0,89.4,,,,,,,"[{'type': {'displayName': 'OverRun', 'value': 211}}, {'type': {'displayName': 'Offensive', 'value': 286}}, {'type': {'displayName': 'Zone', 'value': 56}, 'value': 'Back'}]",True,,,,,
1903330,FirstHalf,5,33.0,5,Pass,Successful,170,Fulham,297395.0,Sasa Lukic,70.7,11.4,64.2,10.6,,,,,"[{'type': {'displayName': 'PassEndX', 'value': 140}, 'value': '64.2'}, {'type': {'displayName': 'Zone', 'value': 56}, 'value': 'Right'}, {'type': {'displayName': 'Angle', 'value': 213}, 'value': '3.22'}, {'type': {'displayName': 'Length', 'value': 212}, 'value': '6.8'}, {'type': {'displayName': 'PassEndY', 'value': 141}, 'value': '10.6'}]",True,,,,,
1903330,FirstHalf,5,34.0,5,Pass,Successful,170,Fulham,145996.0,Kenny Tete,64.0,10.6,52.4,9.7,,,,,"[{'type': {'displayName': 'Length', 'value': 212}, 'value': '12.2'}, {'type': {'displayName': 'PassEndY', 'value': 141}, 'value': '9.7'}, {'type': {'displayName': 'Zone', 'value': 56}, 'value': 'Right'}, {'type': {'displayName': 'PassEndX', 'value': 140}, 'value': '52.4'}, {'type': {'displayName': 'Angle', 'value': 213}, 'value': '3.19'}]",True,,,,,
1903330,FirstHalf,5,39.0,5,Pass,Successful,170,Fulham,231135.0,Joachim Andersen,60.2,14.1,57.1,6.7,,,,,"[{'type': {'displayName': 'PassEndY', 'value': 141}, 'value': '6.7'}, {'type': {'displayName': 'Zone', 'value': 56}, 'value': 'Right'}, {'type': {'displayName': 'Angle', 'value': 213}, 'value': '4.14'}, {'type': {'displayName': 'Length', 'value': 212}, 'value': '6.0'}, {'type': {'displayName': 'PassEndX', 'value': 140}, 'value': '57.1'}]",True,,,,,
1903330,FirstHalf,5,41.0,5,Pass,Successful,170,Fulham,297395.0,Sasa Lukic,55.0,10.9,39.6,42.0,,,,,"[{'type': {'displayName': 'Angle', 'value': 213}, 'value': '2.22'}, {'type': {'displayName': 'PassEndY', 'value': 141}, 'value': '42.0'}, {'type': {'displayName': 'Zone', 'value': 56}, 'value': 'Back'}, {'type': {'displayName': 'PassEndX', 'value': 140}, 'value': '39.6'}, {'type': {'displayName': 'Length', 'value': 212}, 'value': '26.6'}]",True,,,,,
1903330,FirstHalf,5,48.0,5,Pass,Successful,170,Fulham,333182.0,Jorge Cuenca,58.2,66.1,67.6,66.6,,,,,"[{'type': {'displayName': 'PassEndX', 'value': 140}, 'value': '67.6'}, {'type': {'displayName': 'Angle', 'value': 213}, 'value': '0.03'}, {'type': {'displayName': 'Zone', 'value': 56}, 'value': 'Center'}, {'type': {'displayName': 'PassEndY', 'value': 141}, 'value': '66.6'}, {'type': {'displayName': 'Length', 'value': 212}, 'value': '9.9'}]",True,,,,,
1903330,FirstHalf,5,50.0,5,Pass,Successful,170,Fulham,363686.0,Emile Smith Rowe,66.1,73.2,64.7,94.3,,,,,"[{'type': {'displayName': 'PassEndX', 'value': 140}, 'value': '64.7'}, {'type': {'displayName': 'Length', 'value': 212}, 'value': '14.4'}, {'type': {'displayName': 'Angle', 'value': 213}, 'value': '1.67'}, {'type': {'displayName': 'PassEndY', 'value': 141}, 'value': '94.3'}, {'type': {'displayName': 'Zone', 'value': 56}, 'value': 'Left'}]",True,,,,,
1903330,FirstHalf,5,52.0,5,Pass,Successful,170,Fulham,306581.0,Antonee Robinson,71.6,92.8,78.3,82.2,,,,,"[{'type': {'displayName': 'PassEndY', 'value': 141}, 'value': '82.2'}, {'type': {'displayName': 'Angle', 'value': 213}, 'value': '5.49'}, {'type': {'displayName': 'Zone', 'value': 56}, 'value': 'Left'}, {'type': {'displayName': 'PassEndX', 'value': 140}, 'value': '78.3'}, {'type': {'displayName': 'Length', 'value': 212}, 'value': '10.1'}]",True,,,,,
1903330,FirstHalf,5,54.0,5,Dispossessed,Successful,170,Fulham,363686.0,Emile Smith Rowe,81.3,83.1,,,,,,,"[{'type': {'displayName': 'OppositeRelatedEvent', 'value': 233}, 'value': '55'}, {'type': {'displayName': 'Offensive', 'value': 286}}, {'type': {'displayName': 'Zone', 'value': 56}, 'value': 'Left'}]",True,,,,,
1903330,FirstHalf,5,54.0,5,Tackle,Unsuccessful,29,West Ham,361710.0,Jean-Clair Todibo,18.6,16.8,,,,,,,"[{'type': {'displayName': 'Defensive', 'value': 285}}, {'type': {'displayName': 'OppositeRelatedEvent', 'value': 233}, 'value': '86'}, {'type': {'displayName': 'Zone', 'value': 56}, 'value': 'Back'}, {'type': {'displayName': 'StandingSave', 'value': 178}}]",True,,,,,
1903330,FirstHalf,5,55.0,5,Pass,Successful,170,Fulham,306581.0,Antonee Robinson,76.3,87.9,85.3,66.1,,,,,"[{'type': {'displayName': 'Length', 'value': 212}, 'value': '17.6'}, {'type': {'displayName': 'PassEndY', 'value': 141}, 'value': '66.1'}, {'type': {'displayName': 'Zone', 'value': 56}, 'value': 'Center'}, {'type': {'displayName': 'Angle', 'value': 213}, 'value': '5.28'}, {'type': {'displayName': 'ShotAssist', 'value': 210}, 'value': '13'}, {'type': {'displayName': 'PassEndX', 'value': 140}, 'value': '85.3'}, {'type': {'displayName': 'KeyPass', 'value': 11113}}]",True,,,,,
1903330,FirstHalf,5,57.0,5,MissedShots,Successful,170,Fulham,108186.0,Raúl Jiménez,84.2,62.1,,,40.0,61.1,,,"[{'type': {'displayName': 'RightFoot', 'value': 20}}, {'type': {'displayName': 'Assisted', 'value': 29}}, {'type': {'displayName': 'BoxCentre', 'value': 17}}, {'type': {'displayName': 'HighRight', 'value': 81}}, {'type': {'displayName': 'GoalMouthY', 'value': 102}, 'value': '40'}, {'type': {'displayName': 'GoalMouthZ', 'value': 103}, 'value': '61.1'}, {'type': {'displayName': 'Zone', 'value': 56}, 'value': 'Center'}, {'type': {'displayName': 'IndividualPlay', 'value': 215}}, {'type': {'displayName': 'RelatedEventId', 'value': 55}, 'value': '87'}, {'type': {'displayName': 'RegularPlay', 'value': 22}}]",True,True,,,87.0,306581.0
1903330,FirstHalf,6,24.0,6,Pass,Unsuccessful,29,West Ham,92516.0,Alphonse Areola,2.6,48.4,62.4,24.6,,,,,"[{'type': {'displayName': 'PassEndY', 'value': 141}, 'value': '24.6'}, {'type': {'displayName': 'Zone', 'value': 56}, 'value': 'Center'}, {'type': {'displayName': 'Angle', 'value': 213}, 'value': '6.03'}, {'type': {'displayName': 'GoalKick', 'value': 124}}, {'type': {'displayName': 'Longball', 'value': 1}}, {'type': {'displayName': 'MissHigh', 'value': 74}}, {'type': {'displayName': 'PassEndX', 'value': 140}, 'value': '62.4'}, {'type': {'displayName': 'Length', 'value': 212}, 'value': '64.8'}]",True,,,,,
1903330,FirstHalf,6,28.0,6,Aerial,Successful,170,Fulham,321020.0,Sander Berge,37.6,75.4,,,,,,,"[{'type': {'displayName': 'OppositeRelatedEvent', 'value': 233}, 'value': '58'}, {'type': {'displayName': 'Zone', 'value': 56}, 'value': 'Back'}, {'type': {'displayName': 'Defensive', 'value': 285}}]",False,,,,,
1903330,FirstHalf,6,28.0,6,Aerial,Unsuccessful,29,West Ham,443815.0,Soungoutou Magassa,62.4,24.6,,,,,,,"[{'type': {'displayName': 'Zone', 'value': 56}, 'value': 'Center'}, {'type': {'displayName': 'OppositeRelatedEvent', 'value': 233}, 'value': '90'}, {'type': {'displayName': 'Offensive', 'value': 286}}]",False,,,,,
1903330,FirstHalf,6,28.0,6,Pass,Unsuccessful,170,Fulham,321020.0,Sander Berge,38.9,77.5,42.0,77.5,,,,,"[{'type': {'displayName': 'Zone', 'value': 56}, 'value': 'Back'}, {'type': {'displayName': 'HeadPass', 'value': 3}}, {'type': {'displayName': 'Length', 'value': 212}, 'value': '3.3'}, {'type': {'displayName': 'PassEndX', 'value': 140}, 'value': '42.0'}, {'type': {'displayName': 'PassEndY', 'value': 141}, 'value': '77.5'}, {'type': {'displayName': 'Angle', 'value': 213}, 'value': '0.00'}]",True,,,,,
1903330,FirstHalf,6,29.0,6,BallTouch,Successful,29,West Ham,443815.0,Soungoutou Magassa,57.8,23.9,,,,,,,"[{'type': {'displayName': 'Zone', 'value': 56}, 'value': 'Center'}]",True,,,,,
1903330,FirstHalf,6,29.0,6,Pass,Unsuccessful,170,Fulham,363686.0,Emile Smith Rowe,50.6,73.9,41.4,86.7,,,,,"[{'type': {'displayName': 'PassEndX', 'value': 140}, 'value': '41.4'}, {'type': {'displayName': 'Angle', 'value': 213}, 'value': '2.41'}, {'type': {'displayName': 'Length', 'value': 212}, 'value': '13.0'}, {'type': {'displayName': 'PassEndY', 'value': 141}, 'value': '86.7'}, {'type': {'displayName': 'Zone', 'value': 56}, 'value': 'Back'}, {'type': {'displayName': 'HeadPass', 'value': 3}}]",True,,,,,
1903330,FirstHalf,6,35.0,6,BallTouch,Unsuccessful,29,West Ham,319756.0,Lucas Paquetá,45.9,5.2,,,,,,,"[{'type': {'displayName': 'Zone', 'value': 56}, 'value': 'Back'}]",True,,,,,
1903330,FirstHalf,6,35.0,6,Pass,Unsuccessful,170,Fulham,429174.0,Kevin,59.7,92.2,59.1,92.4,,,,,"[{'type': {'displayName': 'Length', 'value': 212}, 'value': '0.6'}, {'type': {'displayName': 'Zone', 'value': 56}, 'value': 'Left'}, {'type': {'displayName': 'PassEndX', 'value': 140}, 'value': '59.1'}, {'type': {'displayName': 'Angle', 'value': 213}, 'value': '2.93'}, {'type': {'displayName': 'Offensive', 'value': 286}}, {'type': {'displayName': 'OppositeRelatedEvent', 'value': 233}, 'value': '60'}, {'type': {'displayName': 'PassEndY', 'value': 141}, 'value': '92.4'}]",True,,,,,
1903330,FirstHalf,6,35.0,6,BlockedPass,Successful,29,West Ham,319756.0,Lucas Paquetá,40.9,7.6,,,,,,,"[{'type': {'displayName': 'Zone', 'value': 56}, 'value': 'Back'}, {'type': {'displayName': 'Defensive', 'value': 285}}, {'type': {'displayName': 'OppositeRelatedEvent', 'value': 233}, 'value': '94'}]",True,,,,,
1903330,FirstHalf,6,37.0,6,BallRecovery,Successful,170,Fulham,297395.0,Sasa Lukic,60.1,79.9,,,,,,,[],False,,,,,
1903330,FirstHalf,6,37.0,6,Pass,Successful,170,Fulham,297395.0,Sasa Lukic,60.1,79.9,67.3,67.8,,,,,"[{'type': {'displayName': 'PassEndX', 'value': 140}, 'value': '67.3'}, {'type': {'displayName': 'Zone', 'value': 56}, 'value': 'Center'}, {'type': {'displayName': 'Angle', 'value': 213}, 'value': '5.46'}, {'type': {'displayName': 'PassEndY', 'value': 141}, 'value': '67.8'}, {'type': {'displayName': 'Length', 'value': 212}, 'value': '11.2'}]",True,,,,,
1903330,FirstHalf,6,39.0,6,Pass,Successful,170,Fulham,108186.0,Raúl Jiménez,69.3,62.7,68.7,29.2,,,,,"[{'type': {'displayName': 'Zone', 'value': 56}, 'value': 'Center'}, {'type': {'displayName': 'Length', 'value': 212}, 'value': '22.8'}, {'type': {'displayName': 'Angle', 'value': 213}, 'value': '4.68'}, {'type': {'displayName': 'ShotAssist', 'value': 210}, 'value': '15'}, {'type': {'displayName': 'PassEndY', 'value': 141}, 'value': '29.2'}, {'type': {'displayName': 'PassEndX', 'value': 140}, 'value': '68.7'}, {'type': {'displayName': 'KeyPass', 'value': 11113}}]",True,,,,,
1903330,FirstHalf,6,43.0,6,Challenge,Unsuccessful,29,West Ham,459708.0,Ollie Scarles,23.3,56.3,,,,,,,"[{'type': {'displayName': 'Zone', 'value': 56}, 'value': 'Back'}, {'type': {'displayName': 'OppositeRelatedEvent', 'value': 233}, 'value': '98'}, {'type': {'displayName': 'Defensive', 'value': 285}}]",False,,,,,
1903330,FirstHalf,6,43.0,6,TakeOn,Successful,170,Fulham,333044.0,Harry Wilson,76.7,43.7,,,,,,,"[{'type': {'displayName': 'Zone', 'value': 56}, 'value': 'Center'}, {'type': {'displayName': 'OppositeRelatedEvent', 'value': 233}, 'value': '61'}, {'type': {'displayName': 'Offensive', 'value': 286}}]",True,,,,,
1903330,FirstHalf,6,45.0,6,SavedShot,Successful,170,Fulham,333044.0,Harry Wilson,74.9,43.0,,,52.3,32.9,98.5,49.6,"[{'type': {'displayName': 'RegularPlay', 'value': 22}}, {'type': {'displayName': 'HighLeft', 'value': 77}}, {'type': {'displayName': 'LeftFoot', 'value': 72}}, {'type': {'displayName': 'Zone', 'value': 56}, 'value': 'Center'}, {'type': {'displayName': 'GoalMouthZ', 'value': 103}, 'value': '32.9'}, {'type': {'displayName': 'Assisted', 'value': 29}}, {'type': {'displayName': 'RelatedEventId', 'value': 55}, 'value': '97'}, {'type': {'displayName': 'OutOfBoxCentre', 'value': 18}}, {'type': {'displayName': 'BlockedX', 'value': 146}, 'value': '98.5'}, {'type': {'displayName': 'BlockedY', 'value': 147}, 'value': '49.6'}, {'type': {'displayName': 'IndividualPlay', 'value': 215}}, {'type': {'displayName': 'OppositeRelatedEvent', 'value': 233}, 'value': '62'}, {'type': {'displayName': 'GoalMouthY', 'value': 102}, 'value': '52.3'}]",True,True,,,97.0,108186.0
1903330,FirstHalf,6,46.0,6,Save,Successful,29,West Ham,92516.0,Alphonse Areola,1.1,50.4,,,,,,,"[{'type': {'displayName': 'DivingSave', 'value': 179}}, {'type': {'displayName': 'OppositeRelatedEvent', 'value': 233}, 'value': '99'}, {'type': {'displayName': 'ParriedSafe', 'value': 173}}, {'type': {'displayName': 'Zone', 'value': 56}, 'value': 'Back'}, {'type': {'displayName': 'Hands', 'value': 182}}, {'type': {'displayName': 'KeeperSaveObox', 'value': 11117}}]",True,,,,,
1903330,FirstHalf,6,46.0,6,CornerAwarded,Unsuccessful,29,West Ham,92516.0,Alphonse Areola,4.2,51.0,,,,,,,"[{'type': {'displayName': 'OppositeRelatedEvent', 'value': 233}, 'value': '100'}, {'type': {'displayName': 'MissLeft', 'value': 73}}, {'type': {'displayName': 'Zone', 'value': 56}, 'value': 'Back'}]",False,,,,,
1903330,FirstHalf,6,46.0,6,CornerAwarded,Successful,170,Fulham,333044.0,Harry Wilson,95.8,49.0,,,,,,,"[{'type': {'displayName': 'Zone', 'value': 56}, 'value': 'Center'}, {'type': {'displayName': 'MissLeft', 'value': 73}}, {'type': {'displayName': 'OppositeRelatedEvent', 'value': 233}, 'value': '63'}]",False,,,,,
1903330,FirstHalf,7,28.0,7,Pass,Successful,170,Fulham,333044.0,Harry Wilson,99.5,99.5,86.5,63.9,,,,,"[{'type': {'displayName': 'LeftFoot', 'value': 72}}, {'type': {'displayName': 'CornerTaken', 'value': 6}}, {'type': {'displayName': 'Zone', 'value': 56}, 'value': 'Center'}, {'type': {'displayName': 'PassEndY', 'value': 141}, 'value': '63.9'}, {'type': {'displayName': 'Length', 'value': 212}, 'value': '27.8'}, {'type': {'displayName': 'Cross', 'value': 2}}, {'type': {'displayName': 'PassEndX', 'value': 140}, 'value': '86.5'}, {'type': {'displayName': 'Angle', 'value': 213}, 'value': '4.20'}]",True,,,,,
1903330,FirstHalf,7,30.0,7,Pass,Unsuccessful,170,Fulham,363686.0,Emile Smith Rowe,86.4,63.7,87.2,60.0,,,,,"[{'type': {'displayName': 'Angle', 'value': 213}, 'value': '5.03'}, {'type': {'displayName': 'PassEndY', 'value': 141}, 'value': '60.0'}, {'type': {'displayName': 'PassEndX', 'value': 140}, 'value': '87.2'}, {'type': {'displayName': 'Zone', 'value': 56}, 'value': 'Center'}, {'type': {'displayName': 'Length', 'value': 212}, 'value': '2.7'}]",True,,,,,
1903330,FirstHalf,7,31.0,7,Clearance,Successful,29,West Ham,368310.0,Maximilian Kilman,8.7,39.2,29.6,0.0,,,,,"[{'type': {'displayName': 'PassEndX', 'value': 140}, 'value': '29.6'}, {'type': {'displayName': 'PassEndY', 'value': 141}, 'value': '0.0'}, {'type': {'displayName': 'Length', 'value': 212}, 'value': '34.9'}, {'type': {'displayName': 'Angle', 'value': 213}, 'value': '5.39'}, {'type': {'displayName': 'Zone', 'value': 56}, 'value': 'Back'}]",True,,,,,
1903330,FirstHalf,7,53.0,7,Pass,Successful,170,Fulham,306581.0,Antonee Robinson,68.0,100.0,54.8,93.6,,,,,"[{'type': {'displayName': 'ThrowIn', 'value': 107}}, {'type': {'displayName': 'Length', 'value': 212}, 'value': '14.8'}, {'type': {'displayName': 'Zone', 'value': 56}, 'value': 'Left'}, {'type': {'displayName': 'PassEndX', 'value': 140}, 'value': '54.8'}, {'type': {'displayName': 'PassEndY', 'value': 141}, 'value': '93.6'}, {'type': {'displayName': 'Angle', 'value': 213}, 'value': '3.49'}]",True,,,,,
1903330,FirstHalf,7,55.0,7,Dispossessed,Successful,170,Fulham,429174.0,Kevin,55.0,94.2,,,,,,,"[{'type': {'displayName': 'Offensive', 'value': 286}}, {'type': {'displayName': 'Zone', 'value': 56}, 'value': 'Left'}, {'type': {'displayName': 'OppositeRelatedEvent', 'value': 233}, 'value': '66'}]",True,,,,,
1903330,FirstHalf,7,55.0,7,Tackle,Successful,29,West Ham,319756.0,Lucas Paquetá,45.0,5.7,,,,,,,"[{'type': {'displayName': 'StandingSave', 'value': 178}}, {'type': {'displayName': 'OppositeRelatedEvent', 'value': 233}, 'value': '105'}, {'type': {'displayName': 'Zone', 'value': 56}, 'value': 'Back'}, {'type': {'displayName': 'Defensive', 'value': 285}}]",True,,,,,
1903330,FirstHalf,8,23.0,8,Pass,Successful,170,Fulham,306581.0,Antonee Robinson,49.1,100.0,60.0,89.1,,,,,"[{'type': {'displayName': 'PassEndY', 'value': 141}, 'value': '89.1'}, {'type': {'displayName': 'Zone', 'value': 56}, 'value': 'Left'}, {'type': {'displayName': 'ThrowIn', 'value': 107}}, {'type': {'displayName': 'Length', 'value': 212}, 'value': '14.1'}, {'type': {'displayName': 'PassEndX', 'value': 140}, 'value': '60.0'}, {'type': {'displayName': 'Angle', 'value': 213}, 'value': '5.66'}]",True,,,,,
1903330,FirstHalf,8,25.0,8,Pass,Successful,170,Fulham,108186.0,Raúl Jiménez,60.1,88.9,45.4,97.6,,,,,"[{'type': {'displayName': 'LayOff', 'value': 156}}, {'type': {'displayName': 'HeadPass', 'value': 3}}, {'type': {'displayName': 'Length', 'value': 212}, 'value': '16.5'}, {'type': {'displayName': 'Angle', 'value': 213}, 'value': '2.78'}, {'type': {'displayName': 'PassEndX', 'value': 140}, 'value': '45.4'}, {'type': {'displayName': 'Zone', 'value': 56}, 'value': 'Back'}, {'type': {'displayName': 'PassEndY', 'value': 141}, 'value': '97.6'}]",True,,,,,
1903330,FirstHalf,8,27.0,8,TakeOn,Unsuccessful,170,Fulham,306581.0,Antonee Robinson,44.2,93.4,,,,,,,"[{'type': {'displayName': 'OppositeRelatedEvent', 'value': 233}, 'value': '68'}, {'type': {'displayName': 'Zone', 'value': 56}, 'value': 'Back'}, {'type': {'displayName': 'Offensive', 'value': 286}}]",True,,,,,
1903330,FirstHalf,8,27.0,8,Tackle,Successful,29,West Ham,443815.0,Soungoutou Magassa,55.8,6.6,,,,,,,"[{'type': {'displayName': 'OppositeRelatedEvent', 'value': 233}, 'value': '109'}, {'type': {'displayName': 'StandingSave', 'value': 178}}, {'type': {'displayName': 'Defensive', 'value': 285}}, {'type': {'displayName': 'Zone', 'value': 56}, 'value': 'Right'}]",True,,,,,
1903330,FirstHalf,8,48.0,8,Pass,Successful,170,Fulham,306581.0,Antonee Robinson,46.9,100.0,67.2,93.0,,,,,"[{'type': {'displayName': 'Longball', 'value': 1}}, {'type': {'displayName': 'PassEndY', 'value': 141}, 'value': '93.0'}, {'type': {'displayName': 'Zone', 'value': 56}, 'value': 'Left'}, {'type': {'displayName': 'Length', 'value': 212}, 'value': '22.1'}, {'type': {'displayName': 'ThrowIn', 'value': 107}}, {'type': {'displayName': 'PassEndX', 'value': 140}, 'value': '67.2'}, {'type': {'displayName': 'Angle', 'value': 213}, 'value': '6.02'}]",True,,,,,
1903330,FirstHalf,8,51.0,8,Pass,Successful,170,Fulham,108186.0,Raúl Jiménez,64.6,90.1,56.2,67.3,,,,,"[{'type': {'displayName': 'Chipped', 'value': 155}}, {'type': {'displayName': 'PassEndX', 'value': 140}, 'value': '56.2'}, {'type': {'displayName': 'Length', 'value': 212}, 'value': '17.8'}, {'type': {'displayName': 'Zone', 'value': 56}, 'value': 'Center'}, {'type': {'displayName': 'Angle', 'value': 213}, 'value': '4.20'}, {'type': {'displayName': 'PassEndY', 'value': 141}, 'value': '67.3'}]",True,,,,,
1903330,FirstHalf,8,53.0,8,Pass,Successful,170,Fulham,321020.0,Sander Berge,54.5,65.2,69.1,3.4,,,,,"[{'type': {'displayName': 'PassEndX', 'value': 140}, 'value': '69.1'}, {'type': {'displayName': 'Angle', 'value': 213}, 'value': '5.06'}, {'type': {'displayName': 'Zone', 'value': 56}, 'value': 'Right'}, {'type': {'displayName': 'PassEndY', 'value': 141}, 'value': '3.4'}, {'type': {'displayName': 'Longball', 'value': 1}}, {'type': {'displayName': 'Length', 'value': 212}, 'value': '44.7'}]",True,,,,,
1903330,FirstHalf,8,58.0,8,Pass,Unsuccessful,170,Fulham,333044.0,Harry Wilson,69.1,17.2,89.5,48.4,,,,,"[{'type': {'displayName': 'PassEndY', 'value': 141}, 'value': '48.4'}, {'type': {'displayName': 'Chipped', 'value': 155}}, {'type': {'displayName': 'Angle', 'value': 213}, 'value': '0.78'}, {'type': {'displayName': 'Cross', 'value': 2}}, {'type': {'displayName': 'PassEndX', 'value': 140}, 'value': '89.5'}, {'type': {'displayName': 'Zone', 'value': 56}, 'value': 'Center'}, {'type': {'displayName': 'LeftFoot', 'value': 72}}, {'type': {'displayName': 'Length', 'value': 212}, 'value': '30.1'}]",True,,,,,
1903330,FirstHalf,9,0.0,9,Clearance,Successful,29,West Ham,361710.0,Jean-Clair Todibo,11.6,55.1,13.1,74.7,,,,,"[{'type': {'displayName': 'Length', 'value': 212}, 'value': '13.4'}, {'type': {'displayName': 'PassEndX', 'value': 140}, 'value': '13.1'}, {'type': {'displayName': 'Angle', 'value': 213}, 'value': '1.45'}, {'type': {'displayName': 'Zone', 'value': 56}, 'value': 'Back'}, {'type': {'displayName': 'PassEndY', 'value': 141}, 'value': '74.7'}, {'type': {'displayName': 'Head', 'value': 15}}]",True,,,,,
1903330,FirstHalf,9,2.0,9,Pass,Successful,29,West Ham,447231.0,Mateus Fernandes,13.1,74.7,8.2,67.2,,,,,"[{'type': {'displayName': 'PassEndY', 'value': 141}, 'value': '67.2'}, {'type': {'displayName': 'Angle', 'value': 213}, 'value': '3.92'}, {'type': {'displayName': 'Zone', 'value': 56}, 'value': 'Back'}, {'type': {'displayName': 'Length', 'value': 212}, 'value': '7.2'}, {'type': {'displayName': 'PassEndX', 'value': 140}, 'value': '8.2'}]",True,,,,,
1903330,FirstHalf,9,4.0,9,Pass,Unsuccessful,29,West Ham,368310.0,Maximilian Kilman,8.2,67.2,54.2,82.0,,,,,"[{'type': {'displayName': 'PassEndY', 'value': 141}, 'value': '82.0'}, {'type': {'displayName': 'Zone', 'value': 56}, 'value': 'Left'}, {'type': {'displayName': 'Angle', 'value': 213}, 'value': '0.21'}, {'type': {'displayName': 'Longball', 'value': 1}}, {'type': {'displayName': 'Length', 'value': 212}, 'value': '49.3'}, {'type': {'displayName': 'PassEndX', 'value': 140}, 'value': '54.2'}]",True,,,,,
1903330,FirstHalf,9,5.0,9,Pass,Successful,170,Fulham,231135.0,Joachim Andersen,44.9,24.9,56.3,25.0,,,,,"[{'type': {'displayName': 'Length', 'value': 212}, 'value': '12.0'}, {'type': {'displayName': 'PassEndY', 'value': 141}, 'value': '25.0'}, {'type': {'displayName': 'PassEndX', 'value': 140}, 'value': '56.3'}, {'type': {'displayName': 'Angle', 'value': 213}, 'value': '0.01'}, {'type': {'displayName': 'Zone', 'value': 56}, 'value': 'Center'}]",True,,,,,
1903330,FirstHalf,9,6.0,9,Pass,Successful,170,Fulham,321020.0,Sander Berge,57.9,30.3,37.9,60.7,,,,,"[{'type': {'displayName': 'PassEndX', 'value': 140}, 'value': '37.9'}, {'type': {'displayName': 'PassEndY', 'value': 141}, 'value': '60.7'}, {'type': {'displayName': 'Length', 'value': 212}, 'value': '29.5'}, {'type': {'displayName': 'Angle', 'value': 213}, 'value': '2.36'}, {'type': {'displayName': 'Zone', 'value': 56}, 'value': 'Back'}]",True,,,,,
1903330,FirstHalf,9,11.0,9,Pass,Successful,170,Fulham,333182.0,Jorge Cuenca,41.3,62.5,47.9,53.7,,,,,"[{'type': {'displayName': 'PassEndX', 'value': 140}, 'value': '47.9'}, {'type': {'displayName': 'PassEndY', 'value': 141}, 'value': '53.7'}, {'type': {'displayName': 'Length', 'value': 212}, 'value': '9.2'}, {'type': {'displayName': 'Angle', 'value': 213}, 'value': '5.57'}, {'type': {'displayName': 'Zone', 'value': 56}, 'value': 'Back'}]",True,,,,,
1903330,FirstHalf,9,12.0,9,Pass,Successful,170,Fulham,321020.0,Sander Berge,48.0,55.3,57.3,90.7,,,,,"[{'type': {'displayName': 'PassEndY', 'value': 141}, 'value': '90.7'}, {'type': {'displayName': 'Zone', 'value': 56}, 'value': 'Left'}, {'type': {'displayName': 'Length', 'value': 212}, 'value': '26.0'}, {'type': {'displayName': 'Angle', 'value': 213}, 'value': '1.19'}, {'type': {'displayName': 'PassEndX', 'value': 140}, 'value': '57.3'}]",True,,,,,
1903330,FirstHalf,9,18.0,9,Pass,Successful,170,Fulham,306581.0,Antonee Robinson,69.3,86.7,78.3,93.0,,,,,"[{'type': {'displayName': 'Zone', 'value': 56}, 'value': 'Left'}, {'type': {'displayName': 'Angle', 'value': 213}, 'value': '0.43'}, {'type': {'displayName': 'PassEndX', 'value': 140}, 'value': '78.3'}, {'type': {'displayName': 'PassEndY', 'value': 141}, 'value': '93.0'}, {'type': {'displayName': 'Length', 'value': 212}, 'value': '10.4'}]",True,,,,,
1903330,FirstHalf,9,19.0,9,Pass,Successful,170,Fulham,429174.0,Kevin,80.4,92.4,90.4,84.1,,,,,"[{'type': {'displayName': 'PassEndX', 'value': 140}, 'value': '90.4'}, {'type': {'displayName': 'Zone', 'value': 56}, 'value': 'Left'}, {'type': {'displayName': 'Angle', 'value': 213}, 'value': '5.79'}, {'type': {'displayName': 'Length', 'value': 212}, 'value': '11.9'}, {'type': {'displayName': 'PassEndY', 'value': 141}, 'value': '84.1'}]",True,,,,,
1903330,FirstHalf,9,22.0,9,Pass,Successful,170,Fulham,306581.0,Antonee Robinson,91.9,86.1,89.1,93.7,,,,,"[{'type': {'displayName': 'Zone', 'value': 56}, 'value': 'Left'}, {'type': {'displayName': 'PassEndX', 'value': 140}, 'value': '89.1'}, {'type': {'displayName': 'Angle', 'value': 213}, 'value': '2.09'}, {'type': {'displayName': 'PassEndY', 'value': 141}, 'value': '93.7'}, {'type': {'displayName': 'Length', 'value': 212}, 'value': '5.9'}]",True,,,,,
1903330,FirstHalf,9,27.0,9,Pass,Successful,170,Fulham,429174.0,Kevin,91.6,94.2,80.7,94.8,,,,,"[{'type': {'displayName': 'Angle', 'value': 213}, 'value': '3.11'}, {'type': {'displayName': 'PassEndY', 'value': 141}, 'value': '94.8'}, {'type': {'displayName': 'PassEndX', 'value': 140}, 'value': '80.7'}, {'type': {'displayName': 'Length', 'value': 212}, 'value': '11.5'}, {'type': {'displayName': 'Zone', 'value': 56}, 'value': 'Left'}]",True,,,,,
1903330,FirstHalf,9,29.0,9,Pass,Successful,170,Fulham,306581.0,Antonee Robinson,77.9,95.8,72.0,85.9,,,,,"[{'type': {'displayName': 'PassEndX', 'value': 140}, 'value': '72.0'}, {'type': {'displayName': 'Zone', 'value': 56}, 'value': 'Left'}, {'type': {'displayName': 'Angle', 'value': 213}, 'value': '3.97'}, {'type': {'displayName': 'Length', 'value': 212}, 'value': '9.1'}, {'type': {'displayName': 'PassEndY', 'value': 141}, 'value': '85.9'}]",True,,,,,
1903330,FirstHalf,9,30.0,9,Pass,Successful,170,Fulham,321020.0,Sander Berge,71.2,85.0,62.5,92.8,,,,,"[{'type': {'displayName': 'Angle', 'value': 213}, 'value': '2.62'}, {'type': {'displayName': 'Zone', 'value': 56}, 'value': 'Left'}, {'type': {'displayName': 'PassEndY', 'value': 141}, 'value': '92.8'}, {'type': {'displayName': 'PassEndX', 'value': 140}, 'value': '62.5'}, {'type': {'displayName': 'Length', 'value': 212}, 'value': '10.6'}]",True,,,,,
1903330,FirstHalf,9,31.0,9,Pass,Successful,170,Fulham,333182.0,Jorge Cuenca,62.5,92.8,73.4,98.1,,,,,"[{'type': {'displayName': 'Angle', 'value': 213}, 'value': '0.31'}, {'type': {'displayName': 'Zone', 'value': 56}, 'value': 'Left'}, {'type': {'displayName': 'PassEndX', 'value': 140}, 'value': '73.4'}, {'type': {'displayName': 'PassEndY', 'value': 141}, 'value': '98.1'}, {'type': {'displayName': 'Length', 'value': 212}, 'value': '12.0'}]",True,,,,,
1903330,FirstHalf,9,35.0,9,Pass,Successful,170,Fulham,306581.0,Antonee Robinson,69.5,95.4,64.6,86.4,,,,,"[{'type': {'displayName': 'Length', 'value': 212}, 'value': '8.0'}, {'type': {'displayName': 'PassEndY', 'value': 141}, 'value': '86.4'}, {'type': {'displayName': 'Zone', 'value': 56}, 'value': 'Left'}, {'type': {'displayName': 'Angle', 'value': 213}, 'value': '4.01'}, {'type': {'displayName': 'PassEndX', 'value': 140}, 'value': '64.6'}]",True,,,,,
1903330,FirstHalf,9,37.0,9,Pass,Successful,170,Fulham,321020.0,Sander Berge,62.3,86.2,47.2,94.2,,,,,"[{'type': {'displayName': 'PassEndX', 'value': 140}, 'value': '47.2'}, {'type': {'displayName': 'PassEndY', 'value': 141}, 'value': '94.2'}, {'type': {'displayName': 'Length', 'value': 212}, 'value': '16.8'}, {'type': {'displayName': 'Zone', 'value': 56}, 'value': 'Back'}, {'type': {'displayName': 'Angle', 'value': 213}, 'value': '2.81'}]",True,,,,,
1903330,FirstHalf,9,40.0,9,Pass,Successful,170,Fulham,333182.0,Jorge Cuenca,42.5,88.8,29.7,52.3,,,,,"[{'type': {'displayName': 'PassEndY', 'value': 141}, 'value': '52.3'}, {'type': {'displayName': 'Zone', 'value': 56}, 'value': 'Back'}, {'type': {'displayName': 'PassEndX', 'value': 140}, 'value': '29.7'}, {'type': {'displayName': 'Length', 'value': 212}, 'value': '28.2'}, {'type': {'displayName': 'Angle', 'value': 213}, 'value': '4.22'}]",True,,,,,
1903330,FirstHalf,9,44.0,9,Pass,Successful,170,Fulham,231135.0,Joachim Andersen,29.9,52.3,19.1,66.0,,,,,"[{'type': {'displayName': 'PassEndY', 'value': 141}, 'value': '66.0'}, {'type': {'displayName': 'Angle', 'value': 213}, 'value': '2.45'}, {'type': {'displayName': 'PassEndX', 'value': 140}, 'value': '19.1'}, {'type': {'displayName': 'Length', 'value': 212}, 'value': '14.7'}, {'type': {'displayName': 'Zone', 'value': 56}, 'value': 'Back'}]",True,,,,,
1903330,FirstHalf,9,45.0,9,Pass,Successful,170,Fulham,92173.0,Bernd Leno,16.6,63.7,20.5,31.0,,,,,"[{'type': {'displayName': 'PassEndX', 'value': 140}, 'value': '20.5'}, {'type': {'displayName': 'Length', 'value': 212}, 'value': '22.6'}, {'type': {'displayName': 'PassEndY', 'value': 141}, 'value': '31.0'}, {'type': {'displayName': 'Zone', 'value': 56}, 'value': 'Back'}, {'type': {'displayName': 'Angle', 'value': 213}, 'value': '4.89'}]",True,,,,,
1903330,FirstHalf,9,46.0,9,Pass,Successful,170,Fulham,231135.0,Joachim Andersen,21.1,34.3,14.5,63.9,,,,,"[{'type': {'displayName': 'Angle', 'value': 213}, 'value': '1.90'}, {'type': {'displayName': 'PassEndY', 'value': 141}, 'value': '63.9'}, {'type': {'displayName': 'PassEndX', 'value': 140}, 'value': '14.5'}, {'type': {'displayName': 'Length', 'value': 212}, 'value': '21.3'}, {'type': {'displayName': 'Zone', 'value': 56}, 'value': 'Back'}]",True,,,,,
1903330,FirstHalf,9,49.0,9,Pass,Successful,170,Fulham,92173.0,Bernd Leno,14.1,64.8,25.5,64.0,,,,,"[{'type': {'displayName': 'Length', 'value': 212}, 'value': '12.0'}, {'type': {'displayName': 'PassEndX', 'value': 140}, 'value': '25.5'}, {'type': {'displayName': 'Zone', 'value': 56}, 'value': 'Back'}, {'type': {'displayName': 'Angle', 'value': 213}, 'value': '6.24'}, {'type': {'displayName': 'PassEndY', 'value': 141}, 'value': '64.0'}]",True,,,,,
1903330,FirstHalf,9,51.0,9,Pass,Successful,170,Fulham,321020.0,Sander Berge,25.5,64.0,9.9,62.7,,,,,"[{'type': {'displayName': 'PassEndY', 'value': 141}, 'value': '62.7'}, {'type': {'displayName': 'Zone', 'value': 56}, 'value': 'Back'}, {'type': {'displayName': 'PassEndX', 'value': 140}, 'value': '9.9'}, {'type': {'displayName': 'Length', 'value': 212}, 'value': '16.4'}, {'type': {'displayName': 'Angle', 'value': 213}, 'value': '3.20'}, {'type': {'displayName': 'LayOff', 'value': 156}}]",True,,,,,
1903330,FirstHalf,9,55.0,9,Pass,Unsuccessful,170,Fulham,92173.0,Bernd Leno,10.5,66.0,52.6,68.1,,,,,"[{'type': {'displayName': 'Chipped', 'value': 155}}, {'type': {'displayName': 'Length', 'value': 212}, 'value': '44.2'}, {'type': {'displayName': 'PassEndX', 'value': 140}, 'value': '52.6'}, {'type': {'displayName': 'Longball', 'value': 1}}, {'type': {'displayName': 'Zone', 'value': 56}, 'value': 'Center'}, {'type': {'displayName': 'PassEndY', 'value': 141}, 'value': '68.1'}, {'type': {'displayName': 'Angle', 'value': 213}, 'value': '0.03'}]",True,,,,,
1903330,FirstHalf,9,57.0,9,Aerial,Successful,29,West Ham,361710.0,Jean-Clair Todibo,47.4,31.9,,,,,,,"[{'type': {'displayName': 'Defensive', 'value': 285}}, {'type': {'displayName': 'Zone', 'value': 56}, 'value': 'Back'}, {'type': {'displayName': 'OppositeRelatedEvent', 'value': 233}, 'value': '135'}]",False,,,,,
1903330,FirstHalf,9,57.0,9,Aerial,Unsuccessful,170,Fulham,108186.0,Raúl Jiménez,52.6,68.1,,,,,,,"[{'type': {'displayName': 'OppositeRelatedEvent', 'value': 233}, 'value': '74'}, {'type': {'displayName': 'Offensive', 'value': 286}}, {'type': {'displayName': 'Zone', 'value': 56}, 'value': 'Center'}]",False,,,,,
1903330,FirstHalf,9,58.0,9,Pass,Unsuccessful,29,West Ham,361710.0,Jean-Clair Todibo,47.4,31.9,58.5,53.1,,,,,"[{'type': {'displayName': 'PassEndX', 'value': 140}, 'value': '58.5'}, {'type': {'displayName': 'HeadPass', 'value': 3}}, {'type': {'displayName': 'Length', 'value': 212}, 'value': '18.5'}, {'type': {'displayName': 'PassEndY', 'value': 141}, 'value': '53.1'}, {'type': {'displayName': 'Zone', 'value': 56}, 'value': 'Center'}, {'type': {'displayName': 'Angle', 'value': 213}, 'value': '0.89'}]",True,,,,,
1903330,FirstHalf,9,59.0,9,Pass,Successful,170,Fulham,297395.0,Sasa Lukic,44.5,50.8,55.8,50.7,,,,,"[{'type': {'displayName': 'PassEndY', 'value': 141}, 'value': '50.7'}, {'type': {'displayName': 'Zone', 'value': 56}, 'value': 'Center'}, {'type': {'displayName': 'Length', 'value': 212}, 'value': '11.9'}, {'type': {'displayName': 'HeadPass', 'value': 3}}, {'type': {'displayName': 'PassEndX', 'value': 140}, 'value': '55.8'}, {'type': {'displayName': 'Angle', 'value': 213}, 'value': '6.28'}]",True,,,,,
1903330,FirstHalf,10,0.0,10,Pass,Successful,170,Fulham,363686.0,Emile Smith Rowe,55.9,50.7,60.8,52.5,,,,,"[{'type': {'displayName': 'Zone', 'value': 56}, 'value': 'Center'}, {'type': {'displayName': 'Length', 'value': 212}, 'value': '5.3'}, {'type': {'displayName': 'HeadPass', 'value': 3}}, {'type': {'displayName': 'PassEndY', 'value': 141}, 'value': '52.5'}, {'type': {'displayName': 'Angle', 'value': 213}, 'value': '0.23'}, {'type': {'displayName': 'PassEndX', 'value': 140}, 'value': '60.8'}]",True,,,,,
1903330,FirstHalf,10,1.0,10,Pass,Successful,170,Fulham,429174.0,Kevin,60.8,52.5,58.2,47.1,,,,,"[{'type': {'displayName': 'Angle', 'value': 213}, 'value': '4.07'}, {'type': {'displayName': 'Zone', 'value': 56}, 'value': 'Center'}, {'type': {'displayName': 'PassEndY', 'value': 141}, 'value': '47.1'}, {'type': {'displayName': 'Length', 'value': 212}, 'value': '4.6'}, {'type': {'displayName': 'PassEndX', 'value': 140}, 'value': '58.2'}]",True,,,,,
1903330,FirstHalf,10,2.0,10,Dispossessed,Successful,170,Fulham,363686.0,Emile Smith Rowe,60.8,43.4,,,,,,,"[{'type': {'displayName': 'Zone', 'value': 56}, 'value': 'Center'}, {'type': {'displayName': 'OppositeRelatedEvent', 'value': 233}, 'value': '76'}, {'type': {'displayName': 'Offensive', 'value': 286}}]",True,,,,,
1903330,FirstHalf,10,2.0,10,Tackle,Unsuccessful,29,West Ham,447231.0,Mateus Fernandes,39.2,56.6,,,,,,,"[{'type': {'displayName': 'Defensive', 'value': 285}}, {'type': {'displayName': 'OppositeRelatedEvent', 'value': 233}, 'value': '139'}, {'type': {'displayName': 'StandingSave', 'value': 178}}, {'type': {'displayName': 'Zone', 'value': 56}, 'value': 'Back'}]",True,,,,,
1903330,FirstHalf,10,3.0,10,Pass,Unsuccessful,170,Fulham,429174.0,Kevin,55.3,52.3,56.3,47.9,,,,,"[{'type': {'displayName': 'Zone', 'value': 56}, 'value': 'Center'}, {'type': {'displayName': 'Angle', 'value': 213}, 'value': '5.05'}, {'type': {'displayName': 'Length', 'value': 212}, 'value': '3.2'}, {'type': {'displayName': 'PassEndY', 'value': 141}, 'value': '47.9'}, {'type': {'displayName': 'PassEndX', 'value': 140}, 'value': '56.3'}]",True,,,,,
1903330,FirstHalf,10,4.0,10,BallTouch,Successful,29,West Ham,447231.0,Mateus Fernandes,42.0,56.0,,,,,,,"[{'type': {'displayName': 'Zone', 'value': 56}, 'value': 'Back'}]",True,,,,,
1903330,FirstHalf,10,11.0,10,BallRecovery,Successful,29,West Ham,459708.0,Ollie Scarles,23.5,76.7,,,,,,,[],False,,,,,
1903330,FirstHalf,10,11.0,10,Pass,Successful,29,West Ham,459708.0,Ollie Scarles,23.5,76.7,24.2,65.8,,,,,"[{'type': {'displayName': 'Zone', 'value': 56}, 'value': 'Back'}, {'type': {'displayName': 'Length', 'value': 212}, 'value': '7.4'}, {'type': {'displayName': 'PassEndY', 'value': 141}, 'value': '65.8'}, {'type': {'displayName': 'PassEndX', 'value': 140}, 'value': '24.2'}, {'type': {'displayName': 'Angle', 'value': 213}, 'value': '4.81'}]",True,,,,,
1903330,FirstHalf,10,12.0,10,Pass,Successful,29,West Ham,368310.0,Maximilian Kilman,24.8,66.1,24.2,37.6,,,,,"[{'type': {'displayName': 'PassEndY', 'value': 141}, 'value': '37.6'}, {'type': {'displayName': 'Zone', 'value': 56}, 'value': 'Back'}, {'type': {'displayName': 'Angle', 'value': 213}, 'value': '4.68'}, {'type': {'displayName': 'PassEndX', 'value': 140}, 'value': '24.2'}, {'type': {'displayName': 'Length', 'value': 212}, 'value': '19.4'}]",True,,,,,
1903330,FirstHalf,10,16.0,10,Pass,Successful,29,West Ham,361710.0,Jean-Clair Todibo,28.3,32.7,40.5,8.9,,,,,"[{'type': {'displayName': 'Angle', 'value': 213}, 'value': '5.38'}, {'type': {'displayName': 'PassEndY', 'value': 141}, 'value': '8.9'}, {'type': {'displayName': 'Length', 'value': 212}, 'value': '20.6'}, {'type': {'displayName': 'PassEndX', 'value': 140}, 'value': '40.5'}, {'type': {'displayName': 'Zone', 'value': 56}, 'value': 'Back'}]",True,,,,,
1903330,FirstHalf,10,18.0,10,Pass,Successful,29,West Ham,313672.0,Kyle Walker-Peters,39.9,7.1,42.1,19.4,,,,,"[{'type': {'displayName': 'Angle', 'value': 213}, 'value': '1.30'}, {'type': {'displayName': 'Zone', 'value': 56}, 'value': 'Back'}, {'type': {'displayName': 'PassEndX', 'value': 140}, 'value': '42.1'}, {'type': {'displayName': 'PassEndY', 'value': 141}, 'value': '19.4'}, {'type': {'displayName': 'Length', 'value': 212}, 'value': '8.7'}]",True,,,,,
1903330,FirstHalf,10,21.0,10,Pass,Successful,29,West Ham,443815.0,Soungoutou Magassa,45.9,11.6,56.4,4.0,,,,,"[{'type': {'displayName': 'Angle', 'value': 213}, 'value': '5.84'}, {'type': {'displayName': 'Length', 'value': 212}, 'value': '12.2'}, {'type': {'displayName': 'PassEndX', 'value': 140}, 'value': '56.4'}, {'type': {'displayName': 'PassEndY', 'value': 141}, 'value': '4.0'}, {'type': {'displayName': 'Zone', 'value': 56}, 'value': 'Right'}]",True,,,,,
1903330,FirstHalf,10,24.0,10,Pass,Successful,29,West Ham,319756.0,Lucas Paquetá,56.9,3.4,36.2,9.4,,,,,"[{'type': {'displayName': 'Zone', 'value': 56}, 'value': 'Back'}, {'type': {'displayName': 'Length', 'value': 212}, 'value': '22.1'}, {'type': {'displayName': 'PassEndY', 'value': 141}, 'value': '9.4'}, {'type': {'displayName': 'PassEndX', 'value': 140}, 'value': '36.2'}, {'type': {'displayName': 'Angle', 'value': 213}, 'value': '2.96'}]",True,,,,,
1903330,FirstHalf,10,27.0,10,Pass,Successful,29,West Ham,313672.0,Kyle Walker-Peters,39.7,9.1,31.2,29.5,,,,,"[{'type': {'displayName': 'Length', 'value': 212}, 'value': '16.5'}, {'type': {'displayName': 'PassEndX', 'value': 140}, 'value': '31.2'}, {'type': {'displayName': 'Zone', 'value': 56}, 'value': 'Back'}, {'type': {'displayName': 'PassEndY', 'value': 141}, 'value': '29.5'}, {'type': {'displayName': 'Angle', 'value': 213}, 'value': '2.14'}]",True,,,,,
1903330,FirstHalf,10,29.0,10,Pass,Successful,29,West Ham,361710.0,Jean-Clair Todibo,31.7,32.8,34.1,78.7,,,,,"[{'type': {'displayName': 'PassEndY', 'value': 141}, 'value': '78.7'}, {'type': {'displayName': 'Zone', 'value': 56}, 'value': 'Back'}, {'type': {'displayName': 'Angle', 'value': 213}, 'value': '1.49'}, {'type': {'displayName': 'Length', 'value': 212}, 'value': '31.3'}, {'type': {'displayName': 'PassEndX', 'value': 140}, 'value': '34.1'}]",True,,,,,
1903330,FirstHalf,10,34.0,10,Pass,Successful,29,West Ham,368310.0,Maximilian Kilman,38.3,79.9,43.9,96.3,,,,,"[{'type': {'displayName': 'Zone', 'value': 56}, 'value': 'Back'}, {'type': {'displayName': 'PassEndX', 'value': 140}, 'value': '43.9'}, {'type': {'displayName': 'Length', 'value': 212}, 'value': '12.6'}, {'type': {'displayName': 'PassEndY', 'value': 141}, 'value': '96.3'}, {'type': {'displayName': 'Angle', 'value': 213}, 'value': '1.09'}]",True,,,,,
1903330,FirstHalf,10,37.0,10,Pass,Successful,29,West Ham,459708.0,Ollie Scarles,43.9,96.3,15.0,75.0,,,,,"[{'type': {'displayName': 'Zone', 'value': 56}, 'value': 'Back'}, {'type': {'displayName': 'Angle', 'value': 213}, 'value': '3.59'}, {'type': {'displayName': 'PassEndY', 'value': 141}, 'value': '75.0'}, {'type': {'displayName': 'PassEndX', 'value': 140}, 'value': '15.0'}, {'type': {'displayName': 'Length', 'value': 212}, 'value': '33.6'}, {'type': {'displayName': 'Longball', 'value': 1}}]",True,,,,,
1903330,FirstHalf,10,40.0,10,Pass,Successful,29,West Ham,368310.0,Maximilian Kilman,15.0,75.0,4.6,47.3,,,,,"[{'type': {'displayName': 'PassEndX', 'value': 140}, 'value': '4.6'}, {'type': {'displayName': 'Length', 'value': 212}, 'value': '21.8'}, {'type': {'displayName': 'Angle', 'value': 213}, 'value': '4.19'}, {'type': {'displayName': 'PassEndY', 'value': 141}, 'value': '47.3'}, {'type': {'displayName': 'Zone', 'value': 56}, 'value': 'Back'}]",True,,,,,
1903330,FirstHalf,10,44.0,10,Pass,Unsuccessful,29,West Ham,92516.0,Alphonse Areola,3.9,41.9,43.0,30.1,,,,,"[{'type': {'displayName': 'Length', 'value': 212}, 'value': '41.8'}, {'type': {'displayName': 'PassEndX', 'value': 140}, 'value': '43.0'}, {'type': {'displayName': 'PassEndY', 'value': 141}, 'value': '30.1'}, {'type': {'displayName': 'Angle', 'value': 213}, 'value': '6.09'}, {'type': {'displayName': 'Zone', 'value': 56}, 'value': 'Back'}, {'type': {'displayName': 'Longball', 'value': 1}}]",True,,,,,
1903330,FirstHalf,10,47.0,10,Pass,Successful,170,Fulham,321020.0,Sander Berge,57.5,70.8,75.4,78.4,,,,,"[{'type': {'displayName': 'Zone', 'value': 56}, 'value': 'Center'}, {'type': {'displayName': 'Angle', 'value': 213}, 'value': '0.27'}, {'type': {'displayName': 'PassEndY', 'value': 141}, 'value': '78.4'}, {'type': {'displayName': 'Length', 'value': 212}, 'value': '19.5'}, {'type': {'displayName': 'HeadPass', 'value': 3}}, {'type': {'displayName': 'PassEndX', 'value': 140}, 'value': '75.4'}]",True,,,,,
1903330,FirstHalf,10,48.0,10,Pass,Unsuccessful,170,Fulham,108186.0,Raúl Jiménez,75.7,78.6,63.2,95.7,,,,,"[{'type': {'displayName': 'Zone', 'value': 56}, 'value': 'Left'}, {'type': {'displayName': 'Angle', 'value': 213}, 'value': '2.42'}, {'type': {'displayName': 'PassEndY', 'value': 141}, 'value': '95.7'}, {'type': {'displayName': 'LayOff', 'value': 156}}, {'type': {'displayName': 'Length', 'value': 212}, 'value': '17.5'}, {'type': {'displayName': 'PassEndX', 'value': 140}, 'value': '63.2'}]",True,,,,,
1903330,FirstHalf,10,49.0,10,Clearance,Successful,29,West Ham,313672.0,Kyle Walker-Peters,33.6,8.6,40.9,0.0,,,,,"[{'type': {'displayName': 'Length', 'value': 212}, 'value': '10.2'}, {'type': {'displayName': 'Angle', 'value': 213}, 'value': '5.56'}, {'type': {'displayName': 'PassEndX', 'value': 140}, 'value': '40.9'}, {'type': {'displayName': 'Zone', 'value': 56}, 'value': 'Back'}, {'type': {'displayName': 'PassEndY', 'value': 141}, 'value': '0.0'}]",True,,,,,
1903330,FirstHalf,11,7.0,11,Pass,Unsuccessful,170,Fulham,306581.0,Antonee Robinson,62.3,100.0,82.3,83.7,,,,,"[{'type': {'displayName': 'Angle', 'value': 213}, 'value': '5.77'}, {'type': {'displayName': 'PassEndX', 'value': 140}, 'value': '82.3'}, {'type': {'displayName': 'ThrowIn', 'value': 107}}, {'type': {'displayName': 'PassEndY', 'value': 141}, 'value': '83.7'}, {'type': {'displayName': 'Zone', 'value': 56}, 'value': 'Left'}, {'type': {'displayName': 'Length', 'value': 212}, 'value': '24.1'}, {'type': {'displayName': 'Longball', 'value': 1}}]",True,,,,,
1903330,FirstHalf,11,9.0,11,Clearance,Successful,29,West Ham,361710.0,Jean-Clair Todibo,25.5,16.1,29.1,12.0,,,,,"[{'type': {'displayName': 'PassEndX', 'value': 140}, 'value': '29.1'}, {'type': {'displayName': 'PassEndY', 'value': 141}, 'value': '12.0'}, {'type': {'displayName': 'Head', 'value': 15}}, {'type': {'displayName': 'Angle', 'value': 213}, 'value': '5.65'}, {'type': {'displayName': 'Zone', 'value': 56}, 'value': 'Back'}, {'type': {'displayName': 'Length', 'value': 212}, 'value': '4.7'}]",True,,,,,
1903330,FirstHalf,11,11.0,11,TakeOn,Unsuccessful,170,Fulham,429174.0,Kevin,75.0,88.4,,,,,,,"[{'type': {'displayName': 'Offensive', 'value': 286}}, {'type': {'displayName': 'Zone', 'value': 56}, 'value': 'Left'}, {'type': {'displayName': 'OppositeRelatedEvent', 'value': 233}, 'value': '94'}]",True,,,,,
1903330,FirstHalf,11,11.0,11,Tackle,Unsuccessful,29,West Ham,313672.0,Kyle Walker-Peters,25.0,11.6,,,,,,,"[{'type': {'displayName': 'Zone', 'value': 56}, 'value': 'Back'}, {'type': {'displayName': 'Defensive', 'value': 285}}, {'type': {'displayName': 'StandingSave', 'value': 178}}, {'type': {'displayName': 'OppositeRelatedEvent', 'value': 233}, 'value': '146'}]",True,,,,,
1903330,FirstHalf,11,12.0,11,BallTouch,Successful,170,Fulham,429174.0,Kevin,81.9,84.9,,,,,,,"[{'type': {'displayName': 'Zone', 'value': 56}, 'value': 'Left'}]",True,,,,,
1903330,FirstHalf,11,13.0,11,BallTouch,Successful,29,West Ham,313672.0,Kyle Walker-Peters,20.0,6.5,,,,,,,"[{'type': {'displayName': 'Zone', 'value': 56}, 'value': 'Back'}]",True,,,,,
1903330,FirstHalf,11,13.0,11,Foul,Successful,29,West Ham,443815.0,Soungoutou Magassa,17.6,10.6,,,,,,,"[{'type': {'displayName': 'Foul', 'value': 13}}, {'type': {'displayName': 'OppositeRelatedEvent', 'value': 233}, 'value': '147'}, {'type': {'displayName': 'Zone', 'value': 56}, 'value': 'Back'}, {'type': {'displayName': 'Defensive', 'value': 285}}]",True,,,,,
1903330,FirstHalf,11,13.0,11,Foul,Unsuccessful,170,Fulham,429174.0,Kevin,82.4,89.4,,,,,,,"[{'type': {'displayName': 'OppositeRelatedEvent', 'value': 233}, 'value': '95'}, {'type': {'displayName': 'Foul', 'value': 13}}, {'type': {'displayName': 'Offensive', 'value': 286}}, {'type': {'displayName': 'Zone', 'value': 56}, 'value': 'Left'}]",False,,,,,
1903330,FirstHalf,11,42.0,11,Pass,Unsuccessful,29,West Ham,92516.0,Alphonse Areola,15.1,9.7,64.3,24.0,,,,,"[{'type': {'displayName': 'PassEndY', 'value': 141}, 'value': '24.0'}, {'type': {'displayName': 'Zone', 'value': 56}, 'value': 'Center'}, {'type': {'displayName': 'Angle', 'value': 213}, 'value': '0.19'}, {'type': {'displayName': 'Longball', 'value': 1}}, {'type': {'displayName': 'FreekickTaken', 'value': 5}}, {'type': {'displayName': 'PassEndX', 'value': 140}, 'value': '64.3'}, {'type': {'displayName': 'Length', 'value': 212}, 'value': '52.6'}]",True,,,,,
1903330,FirstHalf,11,44.0,11,Aerial,Successful,170,Fulham,321020.0,Sander Berge,35.7,76.0,,,,,,,"[{'type': {'displayName': 'Defensive', 'value': 285}}, {'type': {'displayName': 'Zone', 'value': 56}, 'value': 'Back'}, {'type': {'displayName': 'OppositeRelatedEvent', 'value': 233}, 'value': '98'}]",False,,,,,
1903330,FirstHalf,11,44.0,11,Aerial,Unsuccessful,29,West Ham,319756.0,Lucas Paquetá,64.3,24.0,,,,,,,"[{'type': {'displayName': 'Offensive', 'value': 286}}, {'type': {'displayName': 'Zone', 'value': 56}, 'value': 'Center'}, {'type': {'displayName': 'OppositeRelatedEvent', 'value': 233}, 'value': '149'}]",False,,,,,
1903330,FirstHalf,11,44.0,11,Pass,Successful,170,Fulham,321020.0,Sander Berge,35.7,76.0,46.0,90.6,,,,,"[{'type': {'displayName': 'Length', 'value': 212}, 'value': '14.7'}, {'type': {'displayName': 'PassEndX', 'value': 140}, 'value': '46.0'}, {'type': {'displayName': 'HeadPass', 'value': 3}}, {'type': {'displayName': 'Angle', 'value': 213}, 'value': '0.74'}, {'type': {'displayName': 'Zone', 'value': 56}, 'value': 'Back'}, {'type': {'displayName': 'PassEndY', 'value': 141}, 'value': '90.6'}]",True,,,,,
1903330,FirstHalf,11,46.0,11,Aerial,Successful,170,Fulham,429174.0,Kevin,44.8,91.3,,,,,,,"[{'type': {'displayName': 'Zone', 'value': 56}, 'value': 'Back'}, {'type': {'displayName': 'OppositeRelatedEvent', 'value': 233}, 'value': '795'}, {'type': {'displayName': 'Defensive', 'value': 285}}]",False,,,,,
1903330,FirstHalf,11,46.0,11,Aerial,Unsuccessful,29,West Ham,313672.0,Kyle Walker-Peters,55.2,8.7,,,,,,,"[{'type': {'displayName': 'OppositeRelatedEvent', 'value': 233}, 'value': '943'}, {'type': {'displayName': 'Offensive', 'value': 286}}, {'type': {'displayName': 'Zone', 'value': 56}, 'value': 'Right'}]",False,,,,,
1903330,FirstHalf,11,47.0,11,Pass,Unsuccessful,170,Fulham,429174.0,Kevin,46.0,90.6,61.9,95.4,,,,,"[{'type': {'displayName': 'Length', 'value': 212}, 'value': '17.0'}, {'type': {'displayName': 'PassEndX', 'value': 140}, 'value': '61.9'}, {'type': {'displayName': 'Angle', 'value': 213}, 'value': '0.19'}, {'type': {'displayName': 'PassEndY', 'value': 141}, 'value': '95.4'}, {'type': {'displayName': 'Zone', 'value': 56}, 'value': 'Left'}, {'type': {'displayName': 'HeadPass', 'value': 3}}]",True,,,,,
1903330,FirstHalf,11,49.0,11,Pass,Successful,29,West Ham,313672.0,Kyle Walker-Peters,38.8,4.0,11.2,32.7,,,,,"[{'type': {'displayName': 'PassEndY', 'value': 141}, 'value': '32.7'}, {'type': {'displayName': 'Angle', 'value': 213}, 'value': '2.55'}, {'type': {'displayName': 'Zone', 'value': 56}, 'value': 'Back'}, {'type': {'displayName': 'PassEndX', 'value': 140}, 'value': '11.2'}, {'type': {'displayName': 'Length', 'value': 212}, 'value': '34.9'}, {'type': {'displayName': 'Longball', 'value': 1}}]",True,,,,,
1903330,FirstHalf,11,53.0,11,Pass,Successful,29,West Ham,92516.0,Alphonse Areola,12.3,30.9,22.8,13.7,,,,,"[{'type': {'displayName': 'Angle', 'value': 213}, 'value': '5.47'}, {'type': {'displayName': 'PassEndY', 'value': 141}, 'value': '13.7'}, {'type': {'displayName': 'Zone', 'value': 56}, 'value': 'Back'}, {'type': {'displayName': 'PassEndX', 'value': 140}, 'value': '22.8'}, {'type': {'displayName': 'Length', 'value': 212}, 'value': '16.1'}]",True,,,,,
1903330,FirstHalf,11,56.0,11,Pass,Successful,29,West Ham,361710.0,Jean-Clair Todibo,24.2,14.0,6.9,41.0,,,,,"[{'type': {'displayName': 'PassEndX', 'value': 140}, 'value': '6.9'}, {'type': {'displayName': 'PassEndY', 'value': 141}, 'value': '41.0'}, {'type': {'displayName': 'Length', 'value': 212}, 'value': '25.8'}, {'type': {'displayName': 'Zone', 'value': 56}, 'value': 'Back'}, {'type': {'displayName': 'Angle', 'value': 213}, 'value': '2.35'}]",True,,,,,
1903330,FirstHalf,12,0.0,12,Pass,Successful,29,West Ham,92516.0,Alphonse Areola,7.7,40.3,16.8,15.2,,,,,"[{'type': {'displayName': 'PassEndY', 'value': 141}, 'value': '15.2'}, {'type': {'displayName': 'PassEndX', 'value': 140}, 'value': '16.8'}, {'type': {'displayName': 'Angle', 'value': 213}, 'value': '5.22'}, {'type': {'displayName': 'Zone', 'value': 56}, 'value': 'Back'}, {'type': {'displayName': 'Length', 'value': 212}, 'value': '19.6'}]",True,,,,,
1903330,FirstHalf,12,2.0,12,Pass,Successful,29,West Ham,361710.0,Jean-Clair Todibo,20.4,14.1,34.0,4.3,,,,,"[{'type': {'displayName': 'PassEndY', 'value': 141}, 'value': '4.3'}, {'type': {'displayName': 'Zone', 'value': 56}, 'value': 'Back'}, {'type': {'displayName': 'Angle', 'value': 213}, 'value': '5.85'}, {'type': {'displayName': 'PassEndX', 'value': 140}, 'value': '34.0'}, {'type': {'displayName': 'Length', 'value': 212}, 'value': '15.8'}]",True,,,,,
1903330,FirstHalf,12,4.0,12,Pass,Successful,29,West Ham,313672.0,Kyle Walker-Peters,34.8,3.8,44.4,4.0,,,,,"[{'type': {'displayName': 'Angle', 'value': 213}, 'value': '0.01'}, {'type': {'displayName': 'Zone', 'value': 56}, 'value': 'Back'}, {'type': {'displayName': 'PassEndY', 'value': 141}, 'value': '4.0'}, {'type': {'displayName': 'Length', 'value': 212}, 'value': '10.1'}, {'type': {'displayName': 'PassEndX', 'value': 140}, 'value': '44.4'}]",True,,,,,
1903330,FirstHalf,12,5.0,12,Pass,Successful,29,West Ham,319756.0,Lucas Paquetá,44.4,4.0,39.6,8.2,,,,,"[{'type': {'displayName': 'Angle', 'value': 213}, 'value': '2.63'}, {'type': {'displayName': 'PassEndX', 'value': 140}, 'value': '39.6'}, {'type': {'displayName': 'Zone', 'value': 56}, 'value': 'Back'}, {'type': {'displayName': 'PassEndY', 'value': 141}, 'value': '8.2'}, {'type': {'displayName': 'Length', 'value': 212}, 'value': '5.8'}, {'type': {'displayName': 'LayOff', 'value': 156}}]",True,,,,,
1903330,FirstHalf,12,7.0,12,Pass,Successful,29,West Ham,313672.0,Kyle Walker-Peters,39.6,8.2,61.3,13.8,,,,,"[{'type': {'displayName': 'Length', 'value': 212}, 'value': '23.1'}, {'type': {'displayName': 'PassEndX', 'value': 140}, 'value': '61.3'}, {'type': {'displayName': 'PassEndY', 'value': 141}, 'value': '13.8'}, {'type': {'displayName': 'Zone', 'value': 56}, 'value': 'Right'}, {'type': {'displayName': 'Angle', 'value': 213}, 'value': '0.17'}]",True,,,,,
1903330,FirstHalf,12,11.0,12,Pass,Successful,29,West Ham,322596.0,Jarrod Bowen,39.1,16.7,14.4,50.0,,,,,"[{'type': {'displayName': 'PassEndY', 'value': 141}, 'value': '50.0'}, {'type': {'displayName': 'Zone', 'value': 56}, 'value': 'Back'}, {'type': {'displayName': 'Angle', 'value': 213}, 'value': '2.42'}, {'type': {'displayName': 'Longball', 'value': 1}}, {'type': {'displayName': 'PassEndX', 'value': 140}, 'value': '14.4'}, {'type': {'displayName': 'Length', 'value': 212}, 'value': '34.4'}]",True,,,,,
1903330,FirstHalf,12,14.0,12,Pass,Successful,29,West Ham,92516.0,Alphonse Areola,14.3,50.0,25.0,63.9,,,,,"[{'type': {'displayName': 'Length', 'value': 212}, 'value': '14.7'}, {'type': {'displayName': 'PassEndY', 'value': 141}, 'value': '63.9'}, {'type': {'displayName': 'Angle', 'value': 213}, 'value': '0.70'}, {'type': {'displayName': 'Zone', 'value': 56}, 'value': 'Back'}, {'type': {'displayName': 'PassEndX', 'value': 140}, 'value': '25.0'}]",True,,,,,
1903330,FirstHalf,12,16.0,12,Pass,Successful,29,West Ham,368310.0,Maximilian Kilman,25.0,63.9,26.7,25.0,,,,,"[{'type': {'displayName': 'Angle', 'value': 213}, 'value': '4.78'}, {'type': {'displayName': 'PassEndY', 'value': 141}, 'value': '25.0'}, {'type': {'displayName': 'Length', 'value': 212}, 'value': '26.5'}, {'type': {'displayName': 'PassEndX', 'value': 140}, 'value': '26.7'}, {'type': {'displayName': 'Zone', 'value': 56}, 'value': 'Back'}]",True,,,,,
1903330,FirstHalf,12,20.0,12,Pass,Successful,29,West Ham,361710.0,Jean-Clair Todibo,27.1,23.7,36.4,6.4,,,,,"[{'type': {'displayName': 'Angle', 'value': 213}, 'value': '5.41'}, {'type': {'displayName': 'PassEndY', 'value': 141}, 'value': '6.4'}, {'type': {'displayName': 'Zone', 'value': 56}, 'value': 'Back'}, {'type': {'displayName': 'PassEndX', 'value': 140}, 'value': '36.4'}, {'type': {'displayName': 'Length', 'value': 212}, 'value': '15.3'}]",True,,,,,
1903330,FirstHalf,12,24.0,12,Pass,Successful,29,West Ham,313672.0,Kyle Walker-Peters,36.9,7.3,28.0,21.6,,,,,"[{'type': {'displayName': 'Length', 'value': 212}, 'value': '13.5'}, {'type': {'displayName': 'PassEndX', 'value': 140}, 'value': '28.0'}, {'type': {'displayName': 'Angle', 'value': 213}, 'value': '2.34'}, {'type': {'displayName': 'Zone', 'value': 56}, 'value': 'Back'}, {'type': {'displayName': 'PassEndY', 'value': 141}, 'value': '21.6'}]",True,,,,,
1903330,FirstHalf,12,28.0,12,Pass,Successful,29,West Ham,361710.0,Jean-Clair Todibo,32.5,26.4,30.4,66.7,,,,,"[{'type': {'displayName': 'PassEndY', 'value': 141}, 'value': '66.7'}, {'type': {'displayName': 'Zone', 'value': 56}, 'value': 'Back'}, {'type': {'displayName': 'Angle', 'value': 213}, 'value': '1.65'}, {'type': {'displayName': 'PassEndX', 'value': 140}, 'value': '30.4'}, {'type': {'displayName': 'Length', 'value': 212}, 'value': '27.5'}]",True,,,,,
1903330,FirstHalf,12,32.0,12,Pass,Successful,29,West Ham,368310.0,Maximilian Kilman,31.1,68.2,47.0,92.1,,,,,"[{'type': {'displayName': 'Length', 'value': 212}, 'value': '23.3'}, {'type': {'displayName': 'Zone', 'value': 56}, 'value': 'Back'}, {'type': {'displayName': 'PassEndY', 'value': 141}, 'value': '92.1'}, {'type': {'displayName': 'PassEndX', 'value': 140}, 'value': '47.0'}, {'type': {'displayName': 'Angle', 'value': 213}, 'value': '0.77'}]",True,,,,,
1903330,FirstHalf,12,36.0,12,Pass,Successful,29,West Ham,382564.0,Crysencio Summerville,45.4,88.0,45.3,73.2,,,,,"[{'type': {'displayName': 'Length', 'value': 212}, 'value': '10.1'}, {'type': {'displayName': 'PassEndX', 'value': 140}, 'value': '45.3'}, {'type': {'displayName': 'PassEndY', 'value': 141}, 'value': '73.2'}, {'type': {'displayName': 'Zone', 'value': 56}, 'value': 'Back'}, {'type': {'displayName': 'Angle', 'value': 213}, 'value': '4.70'}]",True,,,,,
1903330,FirstHalf,12,39.0,12,Pass,Successful,29,West Ham,429534.0,Freddie Potts,56.9,66.6,46.5,52.8,,,,,"[{'type': {'displayName': 'Zone', 'value': 56}, 'value': 'Back'}, {'type': {'displayName': 'Angle', 'value': 213}, 'value': '3.85'}, {'type': {'displayName': 'PassEndX', 'value': 140}, 'value': '46.5'}, {'type': {'displayName': 'PassEndY', 'value': 141}, 'value': '52.8'}, {'type': {'displayName': 'Length', 'value': 212}, 'value': '14.4'}]",True,,,,,
1903330,FirstHalf,12,42.0,12,Pass,Successful,29,West Ham,443815.0,Soungoutou Magassa,46.5,52.8,46.3,27.7,,,,,"[{'type': {'displayName': 'PassEndY', 'value': 141}, 'value': '27.7'}, {'type': {'displayName': 'Length', 'value': 212}, 'value': '17.1'}, {'type': {'displayName': 'PassEndX', 'value': 140}, 'value': '46.3'}, {'type': {'displayName': 'Angle', 'value': 213}, 'value': '4.70'}, {'type': {'displayName': 'Zone', 'value': 56}, 'value': 'Back'}]",True,,,,,
1903330,FirstHalf,12,43.0,12,Pass,Successful,29,West Ham,361710.0,Jean-Clair Todibo,58.3,23.1,68.5,8.0,,,,,"[{'type': {'displayName': 'PassEndX', 'value': 140}, 'value': '68.5'}, {'type': {'displayName': 'Length', 'value': 212}, 'value': '14.8'}, {'type': {'displayName': 'Zone', 'value': 56}, 'value': 'Right'}, {'type': {'displayName': 'PassEndY', 'value': 141}, 'value': '8.0'}, {'type': {'displayName': 'Angle', 'value': 213}, 'value': '5.52'}]",True,,,,,
1903330,FirstHalf,12,46.0,12,Pass,Successful,29,West Ham,313672.0,Kyle Walker-Peters,68.5,8.2,71.3,16.1,,,,,"[{'type': {'displayName': 'Angle', 'value': 213}, 'value': '1.07'}, {'type': {'displayName': 'Zone', 'value': 56}, 'value': 'Right'}, {'type': {'displayName': 'PassEndY', 'value': 141}, 'value': '16.1'}, {'type': {'displayName': 'Length', 'value': 212}, 'value': '6.1'}, {'type': {'displayName': 'PassEndX', 'value': 140}, 'value': '71.3'}]",True,,,,,
1903330,FirstHalf,12,47.0,12,Pass,Successful,29,West Ham,447231.0,Mateus Fernandes,71.3,16.1,79.8,7.9,,,,,"[{'type': {'displayName': 'Zone', 'value': 56}, 'value': 'Right'}, {'type': {'displayName': 'Length', 'value': 212}, 'value': '10.5'}, {'type': {'displayName': 'PassEndX', 'value': 140}, 'value': '79.8'}, {'type': {'displayName': 'PassEndY', 'value': 141}, 'value': '7.9'}, {'type': {'displayName': 'Angle', 'value': 213}, 'value': '5.72'}]",True,,,,,
1903330,FirstHalf,12,48.0,12,Pass,Successful,29,West Ham,313672.0,Kyle Walker-Peters,79.7,7.7,86.6,31.2,,,,,"[{'type': {'displayName': 'PassEndY', 'value': 141}, 'value': '31.2'}, {'type': {'displayName': 'PassEndX', 'value': 140}, 'value': '86.6'}, {'type': {'displayName': 'Angle', 'value': 213}, 'value': '1.15'}, {'type': {'displayName': 'Length', 'value': 212}, 'value': '17.5'}, {'type': {'displayName': 'Zone', 'value': 56}, 'value': 'Center'}]",True,,,,,
1903330,FirstHalf,12,50.0,12,Pass,Unsuccessful,29,West Ham,319756.0,Lucas Paquetá,86.6,31.2,93.9,30.6,,,,,"[{'type': {'displayName': 'Length', 'value': 212}, 'value': '7.7'}, {'type': {'displayName': 'Angle', 'value': 213}, 'value': '6.23'}, {'type': {'displayName': 'PassEndX', 'value': 140}, 'value': '93.9'}, {'type': {'displayName': 'Zone', 'value': 56}, 'value': 'Center'}, {'type': {'displayName': 'PassEndY', 'value': 141}, 'value': '30.6'}]",True,,,,,
1903330,FirstHalf,12,52.0,12,Clearance,Successful,170,Fulham,333182.0,Jorge Cuenca,9.2,68.4,0.0,75.7,,,,,"[{'type': {'displayName': 'Angle', 'value': 213}, 'value': '2.71'}, {'type': {'displayName': 'PassEndX', 'value': 140}, 'value': '0.0'}, {'type': {'displayName': 'PassEndY', 'value': 141}, 'value': '75.7'}, {'type': {'displayName': 'Zone', 'value': 56}, 'value': 'Back'}, {'type': {'displayName': 'Length', 'value': 212}, 'value': '11.8'}]",True,,,,,
1903330,FirstHalf,12,52.0,12,CornerAwarded,Successful,29,West Ham,319756.0,Lucas Paquetá,98.1,26.8,,,,,,,"[{'type': {'displayName': 'Zone', 'value': 56}, 'value': 'Center'}, {'type': {'displayName': 'OppositeRelatedEvent', 'value': 233}, 'value': '154'}, {'type': {'displayName': 'MissRight', 'value': 75}}]",False,,,,,
1903330,FirstHalf,12,52.0,12,CornerAwarded,Unsuccessful,170,Fulham,333182.0,Jorge Cuenca,2.0,73.2,,,,,,,"[{'type': {'displayName': 'OppositeRelatedEvent', 'value': 233}, 'value': '122'}, {'type': {'displayName': 'MissLeft', 'value': 73}}, {'type': {'displayName': 'Zone', 'value': 56}, 'value': 'Back'}]",False,,,,,
1903330,FirstHalf,13,27.0,13,Pass,Unsuccessful,29,West Ham,459708.0,Ollie Scarles,99.6,0.5,97.5,35.7,,,,,"[{'type': {'displayName': 'Cross', 'value': 2}}, {'type': {'displayName': 'Zone', 'value': 56}, 'value': 'Center'}, {'type': {'displayName': 'LeftFoot', 'value': 72}}, {'type': {'displayName': 'Angle', 'value': 213}, 'value': '1.66'}, {'type': {'displayName': 'Chipped', 'value': 155}}, {'type': {'displayName': 'PassEndY', 'value': 141}, 'value': '35.7'}, {'type': {'displayName': 'CornerTaken', 'value': 6}}, {'type': {'displayName': 'Length', 'value': 212}, 'value': '24.0'}, {'type': {'displayName': 'PassEndX', 'value': 140}, 'value': '97.5'}]",True,,,,,
1903330,FirstHalf,13,29.0,13,Aerial,Successful,170,Fulham,333044.0,Harry Wilson,2.5,64.3,,,,,,,"[{'type': {'displayName': 'Zone', 'value': 56}, 'value': 'Back'}, {'type': {'displayName': 'Defensive', 'value': 285}}, {'type': {'displayName': 'OppositeRelatedEvent', 'value': 233}, 'value': '125'}]",False,,,,,
1903330,FirstHalf,13,29.0,13,Aerial,Unsuccessful,29,West Ham,322596.0,Jarrod Bowen,97.5,35.7,,,,,,,"[{'type': {'displayName': 'Offensive', 'value': 286}}, {'type': {'displayName': 'Zone', 'value': 56}, 'value': 'Center'}, {'type': {'displayName': 'OppositeRelatedEvent', 'value': 233}, 'value': '157'}]",False,,,,,
1903330,FirstHalf,13,30.0,13,Clearance,Successful,170,Fulham,333044.0,Harry Wilson,2.5,64.3,0.0,23.8,,,,,"[{'type': {'displayName': 'PassEndX', 'value': 140}, 'value': '0.0'}, {'type': {'displayName': 'Length', 'value': 212}, 'value': '27.8'}, {'type': {'displayName': 'Zone', 'value': 56}, 'value': 'Back'}, {'type': {'displayName': 'Head', 'value': 15}}, {'type': {'displayName': 'Angle', 'value': 213}, 'value': '4.58'}, {'type': {'displayName': 'PassEndY', 'value': 141}, 'value': '23.8'}]",True,,,,,
1903330,FirstHalf,13,31.0,13,CornerAwarded,Successful,29,West Ham,459708.0,Ollie Scarles,98.4,45.8,,,,,,,"[{'type': {'displayName': 'Zone', 'value': 56}, 'value': 'Center'}, {'type': {'displayName': 'OppositeRelatedEvent', 'value': 233}, 'value': '156'}, {'type': {'displayName': 'MissLeft', 'value': 73}}]",False,,,,,
1903330,FirstHalf,13,31.0,13,CornerAwarded,Unsuccessful,170,Fulham,333044.0,Harry Wilson,1.6,54.2,,,,,,,"[{'type': {'displayName': 'MissLeft', 'value': 73}}, {'type': {'displayName': 'OppositeRelatedEvent', 'value': 233}, 'value': '124'}, {'type': {'displayName': 'Zone', 'value': 56}, 'value': 'Back'}]",False,,,,,
1903330,FirstHalf,14,0.0,14,Pass,Unsuccessful,29,West Ham,429534.0,Freddie Potts,99.7,99.6,95.9,45.5,,,,,"[{'type': {'displayName': 'Length', 'value': 212}, 'value': '37.0'}, {'type': {'displayName': 'PassEndY', 'value': 141}, 'value': '45.5'}, {'type': {'displayName': 'RightFoot', 'value': 20}}, {'type': {'displayName': 'Angle', 'value': 213}, 'value': '4.60'}, {'type': {'displayName': 'Zone', 'value': 56}, 'value': 'Center'}, {'type': {'displayName': 'Longball', 'value': 1}}, {'type': {'displayName': 'Cross', 'value': 2}}, {'type': {'displayName': 'PassEndX', 'value': 140}, 'value': '95.9'}, {'type': {'displayName': 'CornerTaken', 'value': 6}}, {'type': {'displayName': 'Chipped', 'value': 155}}]",True,,,,,
1903330,FirstHalf,14,3.0,14,Aerial,Successful,170,Fulham,321020.0,Sander Berge,4.1,54.5,,,,,,,"[{'type': {'displayName': 'Zone', 'value': 56}, 'value': 'Back'}, {'type': {'displayName': 'OppositeRelatedEvent', 'value': 233}, 'value': '127'}, {'type': {'displayName': 'Defensive', 'value': 285}}]",False,,,,,
1903330,FirstHalf,14,3.0,14,Aerial,Unsuccessful,29,West Ham,443815.0,Soungoutou Magassa,95.9,45.5,,,,,,,"[{'type': {'displayName': 'Offensive', 'value': 286}}, {'type': {'displayName': 'OppositeRelatedEvent', 'value': 233}, 'value': '158'}, {'type': {'displayName': 'Zone', 'value': 56}, 'value': 'Center'}]",False,,,,,
1903330,FirstHalf,14,3.0,14,Clearance,Successful,170,Fulham,321020.0,Sander Berge,4.1,54.5,17.3,81.4,,,,,"[{'type': {'displayName': 'Head', 'value': 15}}, {'type': {'displayName': 'Zone', 'value': 56}, 'value': 'Back'}, {'type': {'displayName': 'Length', 'value': 212}, 'value': '22.9'}, {'type': {'displayName': 'Angle', 'value': 213}, 'value': '0.92'}, {'type': {'displayName': 'PassEndX', 'value': 140}, 'value': '17.3'}, {'type': {'displayName': 'PassEndY', 'value': 141}, 'value': '81.4'}]",True,,,,,
1903330,FirstHalf,14,5.0,14,Pass,Successful,29,West Ham,322596.0,Jarrod Bowen,85.4,21.9,73.3,17.3,,,,,"[{'type': {'displayName': 'Angle', 'value': 213}, 'value': '3.38'}, {'type': {'displayName': 'Zone', 'value': 56}, 'value': 'Right'}, {'type': {'displayName': 'Length', 'value': 212}, 'value': '13.1'}, {'type': {'displayName': 'PassEndY', 'value': 141}, 'value': '17.3'}, {'type': {'displayName': 'PassEndX', 'value': 140}, 'value': '73.3'}]",True,,,,,
1903330,FirstHalf,14,7.0,14,Pass,Successful,29,West Ham,447231.0,Mateus Fernandes,72.2,18.0,81.0,11.3,,,,,"[{'type': {'displayName': 'Length', 'value': 212}, 'value': '10.3'}, {'type': {'displayName': 'Zone', 'value': 56}, 'value': 'Right'}, {'type': {'displayName': 'PassEndX', 'value': 140}, 'value': '81.0'}, {'type': {'displayName': 'PassEndY', 'value': 141}, 'value': '11.3'}, {'type': {'displayName': 'Angle', 'value': 213}, 'value': '5.83'}]",True,,,,,
1903330,FirstHalf,14,9.0,14,Pass,Unsuccessful,29,West Ham,322596.0,Jarrod Bowen,77.9,12.8,93.7,50.7,,,,,"[{'type': {'displayName': 'Angle', 'value': 213}, 'value': '1.00'}, {'type': {'displayName': 'Cross', 'value': 2}}, {'type': {'displayName': 'PassEndY', 'value': 141}, 'value': '50.7'}, {'type': {'displayName': 'LeftFoot', 'value': 72}}, {'type': {'displayName': 'Zone', 'value': 56}, 'value': 'Center'}, {'type': {'displayName': 'PassEndX', 'value': 140}, 'value': '93.7'}, {'type': {'displayName': 'Length', 'value': 212}, 'value': '30.7'}, {'type': {'displayName': 'Chipped', 'value': 155}}]",True,,,,,
1903330,FirstHalf,14,11.0,14,Clearance,Successful,170,Fulham,231135.0,Joachim Andersen,9.4,51.4,23.9,65.4,,,,,"[{'type': {'displayName': 'PassEndY', 'value': 141}, 'value': '65.4'}, {'type': {'displayName': 'Length', 'value': 212}, 'value': '18.0'}, {'type': {'displayName': 'Zone', 'value': 56}, 'value': 'Back'}, {'type': {'displayName': 'PassEndX', 'value': 140}, 'value': '23.9'}, {'type': {'displayName': 'Angle', 'value': 213}, 'value': '0.56'}, {'type': {'displayName': 'Head', 'value': 15}}]",True,,,,,
1903330,FirstHalf,14,12.0,14,Clearance,Successful,170,Fulham,333044.0,Harry Wilson,23.9,65.4,30.5,68.1,,,,,"[{'type': {'displayName': 'Length', 'value': 212}, 'value': '7.2'}, {'type': {'displayName': 'PassEndX', 'value': 140}, 'value': '30.5'}, {'type': {'displayName': 'Angle', 'value': 213}, 'value': '0.26'}, {'type': {'displayName': 'PassEndY', 'value': 141}, 'value': '68.1'}, {'type': {'displayName': 'Zone', 'value': 56}, 'value': 'Back'}, {'type': {'displayName': 'Head', 'value': 15}}]",True,,,,,
1903330,FirstHalf,14,13.0,14,BallTouch,Successful,170,Fulham,108186.0,Raúl Jiménez,30.5,68.1,,,,,,,"[{'type': {'displayName': 'Zone', 'value': 56}, 'value': 'Back'}]",True,,,,,
1903330,FirstHalf,14,14.0,14,TakeOn,Unsuccessful,170,Fulham,333044.0,Harry Wilson,30.1,64.2,,,,,,,"[{'type': {'displayName': 'OppositeRelatedEvent', 'value': 233}, 'value': '131'}, {'type': {'displayName': 'Zone', 'value': 56}, 'value': 'Back'}, {'type': {'displayName': 'Defensive', 'value': 285}}]",True,,,,,
1903330,FirstHalf,14,14.0,14,Tackle,Successful,29,West Ham,322596.0,Jarrod Bowen,69.9,35.8,,,,,,,"[{'type': {'displayName': 'StandingSave', 'value': 178}}, {'type': {'displayName': 'Zone', 'value': 56}, 'value': 'Center'}, {'type': {'displayName': 'Offensive', 'value': 286}}, {'type': {'displayName': 'OppositeRelatedEvent', 'value': 233}, 'value': '164'}]",True,,,,,
1903330,FirstHalf,14,14.0,14,BallTouch,Successful,170,Fulham,333044.0,Harry Wilson,30.2,66.9,,,,,,,"[{'type': {'displayName': 'Zone', 'value': 56}, 'value': 'Back'}]",True,,,,,
1903330,FirstHalf,14,15.0,14,BallTouch,Successful,170,Fulham,108186.0,Raúl Jiménez,26.4,56.2,,,,,,,"[{'type': {'displayName': 'Zone', 'value': 56}, 'value': 'Back'}]",True,,,,,
1903330,FirstHalf,14,19.0,14,Pass,Successful,29,West Ham,361710.0,Jean-Clair Todibo,71.5,34.0,90.2,33.0,,,,,"[{'type': {'displayName': 'IntentionalAssist', 'value': 154}}, {'type': {'displayName': 'PassEndY', 'value': 141}, 'value': '33.0'}, {'type': {'displayName': 'Zone', 'value': 56}, 'value': 'Center'}, {'type': {'displayName': 'Length', 'value': 212}, 'value': '19.6'}, {'type': {'displayName': 'ShotAssist', 'value': 210}, 'value': '15'}, {'type': {'displayName': 'PassEndX', 'value': 140}, 'value': '90.2'}, {'type': {'displayName': 'Angle', 'value': 213}, 'value': '6.25'}, {'type': {'displayName': 'KeyPass', 'value': 11113}}]",True,,,,,
1903330,FirstHalf,14,23.0,14,SavedShot,Successful,29,West Ham,322596.0,Jarrod Bowen,90.2,33.0,,,47.4,30.4,99.0,46.8,"[{'type': {'displayName': 'RightFoot', 'value': 20}}, {'type': {'displayName': 'BoxRight', 'value': 63}}, {'type': {'displayName': 'BlockedY', 'value': 147}, 'value': '46.8'}, {'type': {'displayName': 'IntentionalAssist', 'value': 154}}, {'type': {'displayName': 'FirstTouch', 'value': 328}}, {'type': {'displayName': 'Zone', 'value': 56}, 'value': 'Center'}, {'type': {'displayName': 'HighRight', 'value': 81}}, {'type': {'displayName': 'GoalMouthY', 'value': 102}, 'value': '47.4'}, {'type': {'displayName': 'OppositeRelatedEvent', 'value': 233}, 'value': '165'}, {'type': {'displayName': 'BlockedX', 'value': 146}, 'value': '99.0'}, {'type': {'displayName': 'RelatedEventId', 'value': 55}, 'value': '132'}, {'type': {'displayName': 'RegularPlay', 'value': 22}}, {'type': {'displayName': 'GoalMouthZ', 'value': 103}, 'value': '30.4'}, {'type': {'displayName': 'Assisted', 'value': 29}}]",True,True,,,132.0,361710.0
1903330,FirstHalf,14,23.0,14,Save,Successful,170,Fulham,92173.0,Bernd Leno,2.0,53.1,,,,,,,"[{'type': {'displayName': 'Hands', 'value': 182}}, {'type': {'displayName': 'ParriedSafe', 'value': 173}}, {'type': {'displayName': 'Zone', 'value': 56}, 'value': 'Back'}, {'type': {'displayName': 'OppositeRelatedEvent', 'value': 233}, 'value': '133'}, {'type': {'displayName': 'KeeperSaveInTheBox', 'value': 11115}}]",True,,,,,
1903330,FirstHalf,14,23.0,14,CornerAwarded,Successful,29,West Ham,322596.0,Jarrod Bowen,94.4,42.8,,,,,,,"[{'type': {'displayName': 'MissRight', 'value': 75}}, {'type': {'displayName': 'Zone', 'value': 56}, 'value': 'Center'}, {'type': {'displayName': 'OppositeRelatedEvent', 'value': 233}, 'value': '166'}]",False,,,,,
1903330,FirstHalf,14,23.0,14,CornerAwarded,Unsuccessful,170,Fulham,92173.0,Bernd Leno,5.6,57.3,,,,,,,"[{'type': {'displayName': 'Zone', 'value': 56}, 'value': 'Back'}, {'type': {'displayName': 'OppositeRelatedEvent', 'value': 233}, 'value': '134'}, {'type': {'displayName': 'MissLeft', 'value': 73}}]",False,,,,,
1903330,FirstHalf,14,55.0,14,Pass,Unsuccessful,29,West Ham,459708.0,Ollie Scarles,99.5,0.5,98.7,51.5,,,,,"[{'type': {'displayName': 'OppositeRelatedEvent', 'value': 233}, 'value': '167'}, {'type': {'displayName': 'Angle', 'value': 213}, 'value': '1.60'}, {'type': {'displayName': 'PassEndY', 'value': 141}, 'value': '51.5'}, {'type': {'displayName': 'Chipped', 'value': 155}}, {'type': {'displayName': 'Zone', 'value': 56}, 'value': 'Center'}, {'type': {'displayName': 'Cross', 'value': 2}}, {'type': {'displayName': 'Length', 'value': 212}, 'value': '34.7'}, {'type': {'displayName': 'Longball', 'value': 1}}, {'type': {'displayName': 'PassEndX', 'value': 140}, 'value': '98.7'}, {'type': {'displayName': 'LeftFoot', 'value': 72}}, {'type': {'displayName': 'CornerTaken', 'value': 6}}]",True,,,,,
1903330,FirstHalf,14,57.0,14,Punch,Unsuccessful,170,Fulham,92173.0,Bernd Leno,1.3,48.5,9.4,39.3,,,,,"[{'type': {'displayName': 'PassEndX', 'value': 140}, 'value': '9.4'}, {'type': {'displayName': 'Length', 'value': 212}, 'value': '10.6'}, {'type': {'displayName': 'Angle', 'value': 213}, 'value': '5.65'}, {'type': {'displayName': 'OppositeRelatedEvent', 'value': 233}, 'value': '135'}, {'type': {'displayName': 'PassEndY', 'value': 141}, 'value': '39.3'}]",True,,,,,
1903330,FirstHalf,14,59.0,14,BallTouch,Successful,29,West Ham,443815.0,Soungoutou Magassa,89.9,60.3,,,,,,,"[{'type': {'displayName': 'Zone', 'value': 56}, 'value': 'Center'}]",True,,,,,
1903330,FirstHalf,15,1.0,15,Foul,Successful,170,Fulham,231135.0,Joachim Andersen,7.8,42.5,,,,,,,"[{'type': {'displayName': 'Foul', 'value': 13}}, {'type': {'displayName': 'Defensive', 'value': 285}}, {'type': {'displayName': 'OppositeRelatedEvent', 'value': 233}, 'value': '137'}, {'type': {'displayName': 'Zone', 'value': 56}, 'value': 'Back'}]",True,,,,,
1903330,FirstHalf,15,1.0,15,Foul,Unsuccessful,29,West Ham,382564.0,Crysencio Summerville,92.2,57.5,,,,,,,"[{'type': {'displayName': 'Offensive', 'value': 286}}, {'type': {'displayName': 'OppositeRelatedEvent', 'value': 233}, 'value': '168'}, {'type': {'displayName': 'Zone', 'value': 56}, 'value': 'Center'}, {'type': {'displayName': 'Foul', 'value': 13}}]",False,,,,,
1903330,FirstHalf,15,32.0,15,Pass,Successful,170,Fulham,92173.0,Bernd Leno,11.8,46.5,31.9,14.7,,,,,"[{'type': {'displayName': 'Length', 'value': 212}, 'value': '30.2'}, {'type': {'displayName': 'PassEndX', 'value': 140}, 'value': '31.9'}, {'type': {'displayName': 'FreekickTaken', 'value': 5}}, {'type': {'displayName': 'Zone', 'value': 56}, 'value': 'Back'}, {'type': {'displayName': 'PassEndY', 'value': 141}, 'value': '14.7'}, {'type': {'displayName': 'Angle', 'value': 213}, 'value': '5.49'}]",True,,,,,
1903330,FirstHalf,15,33.0,15,Pass,Successful,170,Fulham,231135.0,Joachim Andersen,31.9,14.7,44.6,15.4,,,,,"[{'type': {'displayName': 'PassEndY', 'value': 141}, 'value': '15.4'}, {'type': {'displayName': 'Zone', 'value': 56}, 'value': 'Back'}, {'type': {'displayName': 'PassEndX', 'value': 140}, 'value': '44.6'}, {'type': {'displayName': 'Length', 'value': 212}, 'value': '13.3'}, {'type': {'displayName': 'Angle', 'value': 213}, 'value': '0.04'}]",True,,,,,
1903330,FirstHalf,15,34.0,15,Pass,Successful,170,Fulham,108186.0,Raúl Jiménez,44.6,15.4,47.9,4.6,,,,,"[{'type': {'displayName': 'Length', 'value': 212}, 'value': '8.1'}, {'type': {'displayName': 'PassEndX', 'value': 140}, 'value': '47.9'}, {'type': {'displayName': 'PassEndY', 'value': 141}, 'value': '4.6'}, {'type': {'displayName': 'Angle', 'value': 213}, 'value': '5.15'}, {'type': {'displayName': 'Zone', 'value': 56}, 'value': 'Back'}]",True,,,,,
1903330,FirstHalf,15,36.0,15,Pass,Successful,170,Fulham,145996.0,Kenny Tete,58.0,5.4,70.7,24.3,,,,,"[{'type': {'displayName': 'Zone', 'value': 56}, 'value': 'Center'}, {'type': {'displayName': 'Angle', 'value': 213}, 'value': '0.77'}, {'type': {'displayName': 'Chipped', 'value': 155}}, {'type': {'displayName': 'PassEndY', 'value': 141}, 'value': '24.3'}, {'type': {'displayName': 'Length', 'value': 212}, 'value': '18.5'}, {'type': {'displayName': 'PassEndX', 'value': 140}, 'value': '70.7'}]",True,,,,,
1903330,FirstHalf,15,38.0,15,Pass,Unsuccessful,170,Fulham,333044.0,Harry Wilson,70.7,24.3,63.5,20.8,,,,,"[{'type': {'displayName': 'Angle', 'value': 213}, 'value': '3.45'}, {'type': {'displayName': 'Zone', 'value': 56}, 'value': 'Right'}, {'type': {'displayName': 'PassEndX', 'value': 140}, 'value': '63.5'}, {'type': {'displayName': 'PassEndY', 'value': 141}, 'value': '20.8'}, {'type': {'displayName': 'Length', 'value': 212}, 'value': '7.9'}]",True,,,,,
1903330,FirstHalf,15,41.0,15,Foul,Successful,170,Fulham,297395.0,Sasa Lukic,70.1,21.8,,,,,,,"[{'type': {'displayName': 'Zone', 'value': 56}, 'value': 'Center'}, {'type': {'displayName': 'Foul', 'value': 13}}, {'type': {'displayName': 'OppositeRelatedEvent', 'value': 233}, 'value': '138'}, {'type': {'displayName': 'Offensive', 'value': 286}}]",True,,,,,
1903330,FirstHalf,15,41.0,15,Foul,Unsuccessful,29,West Ham,447231.0,Mateus Fernandes,29.8,78.2,,,,,,,"[{'type': {'displayName': 'Foul', 'value': 13}}, {'type': {'displayName': 'OppositeRelatedEvent', 'value': 233}, 'value': '175'}, {'type': {'displayName': 'Defensive', 'value': 285}}, {'type': {'displayName': 'Zone', 'value': 56}, 'value': 'Back'}]",False,,,,,
1903330,FirstHalf,16,27.0,16,Pass,Successful,170,Fulham,333044.0,Harry Wilson,64.1,20.5,92.8,56.2,,,,,"[{'type': {'displayName': 'Angle', 'value': 213}, 'value': '0.68'}, {'type': {'displayName': 'ShotAssist', 'value': 210}, 'value': '13'}, {'type': {'displayName': 'IntentionalAssist', 'value': 154}}, {'type': {'displayName': 'LeftFoot', 'value': 72}}, {'type': {'displayName': 'PassEndY', 'value': 141}, 'value': '56.2'}, {'type': {'displayName': 'FreekickTaken', 'value': 5}}, {'type': {'displayName': 'Zone', 'value': 56}, 'value': 'Center'}, {'type': {'displayName': 'Cross', 'value': 2}}, {'type': {'displayName': 'Chipped', 'value': 155}}, {'type': {'displayName': 'PassEndX', 'value': 140}, 'value': '92.8'}, {'type': {'displayName': 'Longball', 'value': 1}}, {'type': {'displayName': 'Length', 'value': 212}, 'value': '38.7'}, {'type': {'displayName': 'KeyPass', 'value': 11113}}]",True,,,,,
1903330,FirstHalf,16,30.0,16,Aerial,Successful,170,Fulham,108186.0,Raúl Jiménez,92.8,56.2,,,,,,,"[{'type': {'displayName': 'Zone', 'value': 56}, 'value': 'Center'}, {'type': {'displayName': 'Offensive', 'value': 286}}, {'type': {'displayName': 'OppositeRelatedEvent', 'value': 233}, 'value': '139'}]",False,,,,,
1903330,FirstHalf,16,30.0,16,Aerial,Unsuccessful,29,West Ham,361710.0,Jean-Clair Todibo,7.2,43.8,,,,,,,"[{'type': {'displayName': 'Zone', 'value': 56}, 'value': 'Back'}, {'type': {'displayName': 'OppositeRelatedEvent', 'value': 233}, 'value': '177'}, {'type': {'displayName': 'Defensive', 'value': 285}}]",False,,,,,
1903330,FirstHalf,16,30.0,16,MissedShots,Successful,170,Fulham,108186.0,Raúl Jiménez,92.8,56.2,,,41.0,19.4,95.6,49.8,"[{'type': {'displayName': 'FirstTouch', 'value': 328}}, {'type': {'displayName': 'SetPiece', 'value': 24}}, {'type': {'displayName': 'Zone', 'value': 56}, 'value': 'Center'}, {'type': {'displayName': 'IntentionalAssist', 'value': 154}}, {'type': {'displayName': 'BlockedY', 'value': 147}, 'value': '49.8'}, {'type': {'displayName': 'BoxCentre', 'value': 17}}, {'type': {'displayName': 'GoalMouthZ', 'value': 103}, 'value': '19.4'}, {'type': {'displayName': 'BlockedX', 'value': 146}, 'value': '95.6'}, {'type': {'displayName': 'RelatedEventId', 'value': 55}, 'value': '176'}, {'type': {'displayName': 'Assisted', 'value': 29}}, {'type': {'displayName': 'GoalMouthY', 'value': 102}, 'value': '41.0'}, {'type': {'displayName': 'Head', 'value': 15}}]",True,True,,,176.0,333044.0
1903330,FirstHalf,16,31.0,16,KeeperPickup,Successful,29,West Ham,92516.0,Alphonse Areola,3.7,48.5,,,,,,,[],False,,,,,
1903330,FirstHalf,16,32.0,16,Pass,Successful,29,West Ham,92516.0,Alphonse Areola,1.7,49.3,35.4,7.9,,,,,"[{'type': {'displayName': 'PassEndX', 'value': 140}, 'value': '35.4'}, {'type': {'displayName': 'KeeperThrow', 'value': 123}}, {'type': {'displayName': 'Length', 'value': 212}, 'value': '45.2'}, {'type': {'displayName': 'Longball', 'value': 1}}, {'type': {'displayName': 'PassEndY', 'value': 141}, 'value': '7.9'}, {'type': {'displayName': 'Angle', 'value': 213}, 'value': '5.61'}, {'type': {'displayName': 'Zone', 'value': 56}, 'value': 'Back'}]",True,,,,,
1903330,FirstHalf,16,35.0,16,TakeOn,Successful,29,West Ham,447231.0,Mateus Fernandes,32.8,10.4,,,,,,,"[{'type': {'displayName': 'Defensive', 'value': 285}}, {'type': {'displayName': 'Zone', 'value': 56}, 'value': 'Back'}, {'type': {'displayName': 'OppositeRelatedEvent', 'value': 233}, 'value': '179'}]",True,,,,,
1903330,FirstHalf,16,35.0,16,Challenge,Unsuccessful,170,Fulham,429174.0,Kevin,67.2,89.6,,,,,,,"[{'type': {'displayName': 'Zone', 'value': 56}, 'value': 'Left'}, {'type': {'displayName': 'OppositeRelatedEvent', 'value': 233}, 'value': '142'}, {'type': {'displayName': 'Offensive', 'value': 286}}]",False,,,,,
1903330,FirstHalf,16,37.0,16,Pass,Successful,29,West Ham,447231.0,Mateus Fernandes,32.9,26.2,54.2,8.3,,,,,"[{'type': {'displayName': 'PassEndY', 'value': 141}, 'value': '8.3'}, {'type': {'displayName': 'Angle', 'value': 213}, 'value': '5.78'}, {'type': {'displayName': 'Length', 'value': 212}, 'value': '25.5'}, {'type': {'displayName': 'PassEndX', 'value': 140}, 'value': '54.2'}, {'type': {'displayName': 'Zone', 'value': 56}, 'value': 'Right'}]",True,,,,,
1903330,FirstHalf,16,44.0,16,Pass,Successful,29,West Ham,319756.0,Lucas Paquetá,68.5,6.4,60.2,5.2,,,,,"[{'type': {'displayName': 'PassEndY', 'value': 141}, 'value': '5.2'}, {'type': {'displayName': 'Zone', 'value': 56}, 'value': 'Right'}, {'type': {'displayName': 'PassEndX', 'value': 140}, 'value': '60.2'}, {'type': {'displayName': 'Length', 'value': 212}, 'value': '8.8'}, {'type': {'displayName': 'Angle', 'value': 213}, 'value': '3.23'}]",True,,,,,
1903330,FirstHalf,16,45.0,16,Pass,Successful,29,West Ham,313672.0,Kyle Walker-Peters,60.4,5.3,64.9,12.9,,,,,"[{'type': {'displayName': 'PassEndX', 'value': 140}, 'value': '64.9'}, {'type': {'displayName': 'Length', 'value': 212}, 'value': '7.0'}, {'type': {'displayName': 'PassEndY', 'value': 141}, 'value': '12.9'}, {'type': {'displayName': 'Angle', 'value': 213}, 'value': '0.83'}, {'type': {'displayName': 'Zone', 'value': 56}, 'value': 'Right'}]",True,,,,,
1903330,FirstHalf,16,47.0,16,Pass,Successful,29,West Ham,319756.0,Lucas Paquetá,64.9,12.9,46.2,31.3,,,,,"[{'type': {'displayName': 'Angle', 'value': 213}, 'value': '2.57'}, {'type': {'displayName': 'Zone', 'value': 56}, 'value': 'Back'}, {'type': {'displayName': 'PassEndX', 'value': 140}, 'value': '46.2'}, {'type': {'displayName': 'PassEndY', 'value': 141}, 'value': '31.3'}, {'type': {'displayName': 'Length', 'value': 212}, 'value': '23.3'}]",True,,,,,
1903330,FirstHalf,16,48.0,16,Pass,Successful,29,West Ham,447231.0,Mateus Fernandes,46.2,31.3,33.6,19.7,,,,,"[{'type': {'displayName': 'Length', 'value': 212}, 'value': '15.4'}, {'type': {'displayName': 'PassEndY', 'value': 141}, 'value': '19.7'}, {'type': {'displayName': 'PassEndX', 'value': 140}, 'value': '33.6'}, {'type': {'displayName': 'Angle', 'value': 213}, 'value': '3.68'}, {'type': {'displayName': 'Zone', 'value': 56}, 'value': 'Back'}]",True,,,,,
1903330,FirstHalf,16,51.0,16,Pass,Successful,29,West Ham,361710.0,Jean-Clair Todibo,34.3,20.7,35.3,56.0,,,,,"[{'type': {'displayName': 'Zone', 'value': 56}, 'value': 'Back'}, {'type': {'displayName': 'PassEndY', 'value': 141}, 'value': '56.0'}, {'type': {'displayName': 'PassEndX', 'value': 140}, 'value': '35.3'}, {'type': {'displayName': 'Angle', 'value': 213}, 'value': '1.53'}, {'type': {'displayName': 'Length', 'value': 212}, 'value': '24.0'}]",True,,,,,
1903330,FirstHalf,16,56.0,16,Pass,Successful,29,West Ham,447231.0,Mateus Fernandes,35.8,60.2,46.2,51.5,,,,,"[{'type': {'displayName': 'Zone', 'value': 56}, 'value': 'Back'}, {'type': {'displayName': 'PassEndX', 'value': 140}, 'value': '46.2'}, {'type': {'displayName': 'Length', 'value': 212}, 'value': '12.4'}, {'type': {'displayName': 'PassEndY', 'value': 141}, 'value': '51.5'}, {'type': {'displayName': 'Angle', 'value': 213}, 'value': '5.79'}]",True,,,,,
1903330,FirstHalf,16,57.0,16,Pass,Unsuccessful,29,West Ham,319756.0,Lucas Paquetá,46.2,51.5,61.9,63.0,,,,,"[{'type': {'displayName': 'Length', 'value': 212}, 'value': '18.2'}, {'type': {'displayName': 'PassEndY', 'value': 141}, 'value': '63.0'}, {'type': {'displayName': 'Zone', 'value': 56}, 'value': 'Center'}, {'type': {'displayName': 'Angle', 'value': 213}, 'value': '0.44'}, {'type': {'displayName': 'PassEndX', 'value': 140}, 'value': '61.9'}]",True,,,,,
1903330,FirstHalf,16,59.0,16,BallRecovery,Successful,170,Fulham,231135.0,Joachim Andersen,32.9,30.3,,,,,,,[],False,,,,,
1903330,FirstHalf,17,,17,OffsideGiven,Unsuccessful,29,West Ham,322596.0,Jarrod Bowen,57.0,57.0,,,,,,,[],False,,,,,
1903330,FirstHalf,17,0.0,17,Pass,Successful,170,Fulham,231135.0,Joachim Andersen,32.9,30.3,50.8,24.9,,,,,"[{'type': {'displayName': 'Length', 'value': 212}, 'value': '19.2'}, {'type': {'displayName': 'PassEndX', 'value': 140}, 'value': '50.8'}, {'type': {'displayName': 'Zone', 'value': 56}, 'value': 'Center'}, {'type': {'displayName': 'PassEndY', 'value': 141}, 'value': '24.9'}, {'type': {'displayName': 'Angle', 'value': 213}, 'value': '6.09'}]",True,,,,,
1903330,FirstHalf,17,0.0,17,Pass,Successful,170,Fulham,333044.0,Harry Wilson,51.7,24.9,54.1,41.2,,,,,"[{'type': {'displayName': 'Zone', 'value': 56}, 'value': 'Center'}, {'type': {'displayName': 'Angle', 'value': 213}, 'value': '1.35'}, {'type': {'displayName': 'PassEndX', 'value': 140}, 'value': '54.1'}, {'type': {'displayName': 'PassEndY', 'value': 141}, 'value': '41.2'}, {'type': {'displayName': 'Length', 'value': 212}, 'value': '11.4'}]",True,,,,,
1903330,FirstHalf,17,3.0,17,Pass,Unsuccessful,170,Fulham,363686.0,Emile Smith Rowe,55.0,49.3,66.6,75.0,,,,,"[{'type': {'displayName': 'PassEndX', 'value': 140}, 'value': '66.6'}, {'type': {'displayName': 'PassEndY', 'value': 141}, 'value': '75.0'}, {'type': {'displayName': 'Length', 'value': 212}, 'value': '21.3'}, {'type': {'displayName': 'Angle', 'value': 213}, 'value': '0.96'}, {'type': {'displayName': 'Zone', 'value': 56}, 'value': 'Center'}]",True,,,,,
1903330,FirstHalf,17,4.0,17,Interception,Successful,29,West Ham,361710.0,Jean-Clair Todibo,30.4,23.6,,,,,,,"[{'type': {'displayName': 'Zone', 'value': 56}, 'value': 'Back'}]",True,,,,,
1903330,FirstHalf,17,5.0,17,BallTouch,Successful,170,Fulham,429174.0,Kevin,72.4,77.0,,,,,,,"[{'type': {'displayName': 'Zone', 'value': 56}, 'value': 'Center'}]",True,,,,,
1903330,FirstHalf,17,8.0,17,BallRecovery,Successful,29,West Ham,447231.0,Mateus Fernandes,24.4,33.6,,,,,,,[],False,,,,,
1903330,FirstHalf,17,9.0,17,Pass,Successful,29,West Ham,447231.0,Mateus Fernandes,28.3,33.3,28.8,44.5,,,,,"[{'type': {'displayName': 'Zone', 'value': 56}, 'value': 'Back'}, {'type': {'displayName': 'PassEndY', 'value': 141}, 'value': '44.5'}, {'type': {'displayName': 'Length', 'value': 212}, 'value': '7.6'}, {'type': {'displayName': 'Angle', 'value': 213}, 'value': '1.50'}, {'type': {'displayName': 'PassEndX', 'value': 140}, 'value': '28.8'}]",True,,,,,
1903330,FirstHalf,17,10.0,17,Pass,Successful,29,West Ham,319756.0,Lucas Paquetá,28.8,44.5,34.3,83.3,,,,,"[{'type': {'displayName': 'Angle', 'value': 213}, 'value': '1.36'}, {'type': {'displayName': 'PassEndX', 'value': 140}, 'value': '34.3'}, {'type': {'displayName': 'PassEndY', 'value': 141}, 'value': '83.3'}, {'type': {'displayName': 'Zone', 'value': 56}, 'value': 'Back'}, {'type': {'displayName': 'Length', 'value': 212}, 'value': '27.0'}]",True,,,,,
1903330,FirstHalf,17,13.0,17,OffsidePass,Successful,29,West Ham,459708.0,Ollie Scarles,40.5,85.2,57.0,57.0,,,,,"[{'type': {'displayName': 'PlayerCaughtOffside', 'value': 7}, 'value': '322596'}, {'type': {'displayName': 'PassEndX', 'value': 140}, 'value': '57.0'}, {'type': {'displayName': 'PassEndY', 'value': 141}, 'value': '57.0'}, {'type': {'displayName': 'Zone', 'value': 56}, 'value': 'Center'}]",True,,,,,
1903330,FirstHalf,17,13.0,17,OffsideProvoked,Successful,170,Fulham,231135.0,Joachim Andersen,43.3,22.5,,,,,,,[],False,,,,,
1903330,FirstHalf,17,39.0,17,Pass,Successful,170,Fulham,321020.0,Sander Berge,34.5,40.1,44.6,6.6,,,,,"[{'type': {'displayName': 'PassEndX', 'value': 140}, 'value': '44.6'}, {'type': {'displayName': 'Length', 'value': 212}, 'value': '25.1'}, {'type': {'displayName': 'FreekickTaken', 'value': 5}}, {'type': {'displayName': 'IndirectFreekickTaken', 'value': 241}}, {'type': {'displayName': 'Zone', 'value': 56}, 'value': 'Back'}, {'type': {'displayName': 'Angle', 'value': 213}, 'value': '5.15'}, {'type': {'displayName': 'PassEndY', 'value': 141}, 'value': '6.6'}]",True,,,,,
1903330,FirstHalf,17,45.0,17,Pass,Successful,170,Fulham,145996.0,Kenny Tete,70.1,14.1,73.9,6.4,,,,,"[{'type': {'displayName': 'Length', 'value': 212}, 'value': '6.6'}, {'type': {'displayName': 'PassEndX', 'value': 140}, 'value': '73.9'}, {'type': {'displayName': 'PassEndY', 'value': 141}, 'value': '6.4'}, {'type': {'displayName': 'Zone', 'value': 56}, 'value': 'Right'}, {'type': {'displayName': 'Angle', 'value': 213}, 'value': '5.36'}]",True,,,,,
1903330,FirstHalf,17,48.0,17,Pass,Successful,170,Fulham,333044.0,Harry Wilson,73.9,6.4,73.5,11.5,,,,,"[{'type': {'displayName': 'Zone', 'value': 56}, 'value': 'Right'}, {'type': {'displayName': 'Length', 'value': 212}, 'value': '3.5'}, {'type': {'displayName': 'PassEndY', 'value': 141}, 'value': '11.5'}, {'type': {'displayName': 'PassEndX', 'value': 140}, 'value': '73.5'}, {'type': {'displayName': 'Angle', 'value': 213}, 'value': '1.69'}]",True,,,,,
1903330,FirstHalf,17,49.0,17,Pass,Successful,170,Fulham,145996.0,Kenny Tete,73.5,11.5,70.9,5.5,,,,,"[{'type': {'displayName': 'Zone', 'value': 56}, 'value': 'Right'}, {'type': {'displayName': 'Angle', 'value': 213}, 'value': '4.12'}, {'type': {'displayName': 'PassEndY', 'value': 141}, 'value': '5.5'}, {'type': {'displayName': 'Length', 'value': 212}, 'value': '4.9'}, {'type': {'displayName': 'PassEndX', 'value': 140}, 'value': '70.9'}]",True,,,,,
1903330,FirstHalf,17,50.0,17,Pass,Successful,170,Fulham,333044.0,Harry Wilson,70.9,5.5,71.3,23.9,,,,,"[{'type': {'displayName': 'PassEndY', 'value': 141}, 'value': '23.9'}, {'type': {'displayName': 'Zone', 'value': 56}, 'value': 'Center'}, {'type': {'displayName': 'Length', 'value': 212}, 'value': '12.5'}, {'type': {'displayName': 'ShotAssist', 'value': 210}, 'value': '15'}, {'type': {'displayName': 'Angle', 'value': 213}, 'value': '1.54'}, {'type': {'displayName': 'PassEndX', 'value': 140}, 'value': '71.3'}, {'type': {'displayName': 'KeyPass', 'value': 11113}}]",True,,,,,
1903330,FirstHalf,17,53.0,17,SavedShot,Successful,170,Fulham,321020.0,Sander Berge,81.1,33.3,,,49.6,19.0,84.3,36.1,"[{'type': {'displayName': 'BlockedY', 'value': 147}, 'value': '36.1'}, {'type': {'displayName': 'LowCentre', 'value': 78}}, {'type': {'displayName': 'IndividualPlay', 'value': 215}}, {'type': {'displayName': 'RelatedEventId', 'value': 55}, 'value': '953'}, {'type': {'displayName': 'OppositeRelatedEvent', 'value': 233}, 'value': '158'}, {'type': {'displayName': 'RegularPlay', 'value': 22}}, {'type': {'displayName': 'Zone', 'value': 56}, 'value': 'Center'}, {'type': {'displayName': 'BlockedX', 'value': 146}, 'value': '84.3'}, {'type': {'displayName': 'GoalMouthZ', 'value': 103}, 'value': '19'}, {'type': {'displayName': 'Assisted', 'value': 29}}, {'type': {'displayName': 'RightFoot', 'value': 20}}, {'type': {'displayName': 'Blocked', 'value': 82}}, {'type': {'displayName': 'OutOfBoxCentre', 'value': 18}}, {'type': {'displayName': 'GoalMouthY', 'value': 102}, 'value': '49.6'}]",True,True,,,953.0,333044.0
1903330,FirstHalf,17,53.0,17,Save,Successful,29,West Ham,368310.0,Maximilian Kilman,15.7,63.9,,,,,,,"[{'type': {'displayName': 'OutfielderBlock', 'value': 94}}, {'type': {'displayName': 'OppositeRelatedEvent', 'value': 233}, 'value': '189'}, {'type': {'displayName': 'Zone', 'value': 56}, 'value': 'Back'}]",True,,,,,
1903330,FirstHalf,17,59.0,17,CornerAwarded,Unsuccessful,29,West Ham,368310.0,Maximilian Kilman,10.6,56.4,,,,,,,"[{'type': {'displayName': 'OppositeRelatedEvent', 'value': 233}, 'value': '190'}, {'type': {'displayName': 'MissLeft', 'value': 73}}, {'type': {'displayName': 'Zone', 'value': 56}, 'value': 'Back'}]",False,,,,,
1903330,FirstHalf,17,59.0,17,CornerAwarded,Successful,170,Fulham,321020.0,Sander Berge,89.4,43.6,,,,,,,"[{'type': {'displayName': 'OppositeRelatedEvent', 'value': 233}, 'value': '159'}, {'type': {'displayName': 'MissRight', 'value': 75}}, {'type': {'displayName': 'Zone', 'value': 56}, 'value': 'Center'}]",False,,,,,
1903330,FirstHalf,18,39.0,18,Pass,Successful,170,Fulham,297395.0,Sasa Lukic,99.5,0.5,79.6,6.3,,,,,"[{'type': {'displayName': 'CornerTaken', 'value': 6}}, {'type': {'displayName': 'Length', 'value': 212}, 'value': '21.3'}, {'type': {'displayName': 'Angle', 'value': 213}, 'value': '2.96'}, {'type': {'displayName': 'PassEndX', 'value': 140}, 'value': '79.6'}, {'type': {'displayName': 'Zone', 'value': 56}, 'value': 'Right'}, {'type': {'displayName': 'PassEndY', 'value': 141}, 'value': '6.3'}]",True,,,,,
1903330,FirstHalf,18,41.0,18,Pass,Successful,170,Fulham,429174.0,Kevin,76.3,7.9,71.7,19.6,,,,,"[{'type': {'displayName': 'PassEndY', 'value': 141}, 'value': '19.6'}, {'type': {'displayName': 'Zone', 'value': 56}, 'value': 'Right'}, {'type': {'displayName': 'PassEndX', 'value': 140}, 'value': '71.7'}, {'type': {'displayName': 'Angle', 'value': 213}, 'value': '2.12'}, {'type': {'displayName': 'Length', 'value': 212}, 'value': '9.3'}]",True,,,,,
1903330,FirstHalf,18,42.0,18,Pass,Successful,170,Fulham,333044.0,Harry Wilson,71.6,19.6,78.1,3.3,,,,,"[{'type': {'displayName': 'PassEndY', 'value': 141}, 'value': '3.3'}, {'type': {'displayName': 'Zone', 'value': 56}, 'value': 'Right'}, {'type': {'displayName': 'Angle', 'value': 213}, 'value': '5.26'}, {'type': {'displayName': 'Length', 'value': 212}, 'value': '13.0'}, {'type': {'displayName': 'PassEndX', 'value': 140}, 'value': '78.1'}]",True,,,,,
1903330,FirstHalf,18,45.0,18,Pass,Successful,170,Fulham,297395.0,Sasa Lukic,78.1,3.3,67.0,10.9,,,,,"[{'type': {'displayName': 'PassEndX', 'value': 140}, 'value': '67.0'}, {'type': {'displayName': 'Length', 'value': 212}, 'value': '12.7'}, {'type': {'displayName': 'Zone', 'value': 56}, 'value': 'Right'}, {'type': {'displayName': 'Angle', 'value': 213}, 'value': '2.72'}, {'type': {'displayName': 'PassEndY', 'value': 141}, 'value': '10.9'}]",True,,,,,
1903330,FirstHalf,18,49.0,18,Pass,Unsuccessful,170,Fulham,333044.0,Harry Wilson,66.1,13.0,88.3,65.4,,,,,"[{'type': {'displayName': 'Chipped', 'value': 155}}, {'type': {'displayName': 'PassEndX', 'value': 140}, 'value': '88.3'}, {'type': {'displayName': 'Angle', 'value': 213}, 'value': '0.99'}, {'type': {'displayName': 'Length', 'value': 212}, 'value': '42.6'}, {'type': {'displayName': 'Longball', 'value': 1}}, {'type': {'displayName': 'Zone', 'value': 56}, 'value': 'Center'}, {'type': {'displayName': 'PassEndY', 'value': 141}, 'value': '65.4'}]",True,,,,,
1903330,FirstHalf,18,51.0,18,Aerial,Successful,29,West Ham,361710.0,Jean-Clair Todibo,11.7,34.6,,,,,,,"[{'type': {'displayName': 'Defensive', 'value': 285}}, {'type': {'displayName': 'OppositeRelatedEvent', 'value': 233}, 'value': '196'}, {'type': {'displayName': 'Zone', 'value': 56}, 'value': 'Back'}]",False,,,,,
1903330,FirstHalf,18,51.0,18,Aerial,Unsuccessful,170,Fulham,108186.0,Raúl Jiménez,88.3,65.4,,,,,,,"[{'type': {'displayName': 'Zone', 'value': 56}, 'value': 'Center'}, {'type': {'displayName': 'Offensive', 'value': 286}}, {'type': {'displayName': 'OppositeRelatedEvent', 'value': 233}, 'value': '160'}]",False,,,,,
1903330,FirstHalf,18,52.0,18,Clearance,Successful,29,West Ham,361710.0,Jean-Clair Todibo,11.7,34.6,8.3,6.8,,,,,"[{'type': {'displayName': 'PassEndX', 'value': 140}, 'value': '8.3'}, {'type': {'displayName': 'Length', 'value': 212}, 'value': '19.2'}, {'type': {'displayName': 'Angle', 'value': 213}, 'value': '4.53'}, {'type': {'displayName': 'Zone', 'value': 56}, 'value': 'Back'}, {'type': {'displayName': 'Head', 'value': 15}}, {'type': {'displayName': 'PassEndY', 'value': 141}, 'value': '6.8'}]",True,,,,,
1903330,FirstHalf,18,55.0,18,BallRecovery,Successful,29,West Ham,459708.0,Ollie Scarles,8.5,6.7,,,,,,,[],False,,,,,
1903330,FirstHalf,18,57.0,18,Pass,Successful,29,West Ham,459708.0,Ollie Scarles,9.3,12.2,23.0,23.7,,,,,"[{'type': {'displayName': 'PassEndX', 'value': 140}, 'value': '23.0'}, {'type': {'displayName': 'Length', 'value': 212}, 'value': '16.4'}, {'type': {'displayName': 'PassEndY', 'value': 141}, 'value': '23.7'}, {'type': {'displayName': 'Zone', 'value': 56}, 'value': 'Back'}, {'type': {'displayName': 'Angle', 'value': 213}, 'value': '0.50'}]",True,,,,,
1903330,FirstHalf,18,59.0,18,Foul,Successful,29,West Ham,443815.0,Soungoutou Magassa,23.6,16.3,,,,,,,"[{'type': {'displayName': 'Zone', 'value': 56}, 'value': 'Back'}, {'type': {'displayName': 'OppositeRelatedEvent', 'value': 233}, 'value': '197'}, {'type': {'displayName': 'Foul', 'value': 13}}, {'type': {'displayName': 'Defensive', 'value': 285}}]",True,,,,,
1903330,FirstHalf,18,59.0,18,Foul,Unsuccessful,170,Fulham,231135.0,Joachim Andersen,76.4,83.6,,,,,,,"[{'type': {'displayName': 'Foul', 'value': 13}}, {'type': {'displayName': 'Offensive', 'value': 286}}, {'type': {'displayName': 'OppositeRelatedEvent', 'value': 233}, 'value': '164'}, {'type': {'displayName': 'Zone', 'value': 56}, 'value': 'Left'}]",False,,,,,
1903330,FirstHalf,19,33.0,19,Pass,Successful,29,West Ham,361710.0,Jean-Clair Todibo,26.8,25.6,94.6,6.8,,,,,"[{'type': {'displayName': 'Chipped', 'value': 155}}, {'type': {'displayName': 'Length', 'value': 212}, 'value': '72.3'}, {'type': {'displayName': 'Longball', 'value': 1}}, {'type': {'displayName': 'PassEndX', 'value': 140}, 'value': '94.6'}, {'type': {'displayName': 'Zone', 'value': 56}, 'value': 'Right'}, {'type': {'displayName': 'FreekickTaken', 'value': 5}}, {'type': {'displayName': 'Angle', 'value': 213}, 'value': '6.11'}, {'type': {'displayName': 'PassEndY', 'value': 141}, 'value': '6.8'}]",True,,,,,
1903330,FirstHalf,19,38.0,19,Dispossessed,Successful,29,West Ham,319756.0,Lucas Paquetá,88.6,7.8,,,,,,,"[{'type': {'displayName': 'Offensive', 'value': 286}}, {'type': {'displayName': 'Zone', 'value': 56}, 'value': 'Right'}, {'type': {'displayName': 'OppositeRelatedEvent', 'value': 233}, 'value': '199'}]",True,,,,,
1903330,FirstHalf,19,38.0,19,Tackle,Unsuccessful,170,Fulham,306581.0,Antonee Robinson,11.4,92.2,,,,,,,"[{'type': {'displayName': 'Defensive', 'value': 285}}, {'type': {'displayName': 'StandingSave', 'value': 178}}, {'type': {'displayName': 'Zone', 'value': 56}, 'value': 'Back'}, {'type': {'displayName': 'OppositeRelatedEvent', 'value': 233}, 'value': '796'}]",True,,,,,
1903330,FirstHalf,19,41.0,19,Pass,Successful,29,West Ham,319756.0,Lucas Paquetá,91.9,6.2,87.2,4.7,,,,,"[{'type': {'displayName': 'Zone', 'value': 56}, 'value': 'Right'}, {'type': {'displayName': 'Angle', 'value': 213}, 'value': '3.35'}, {'type': {'displayName': 'Length', 'value': 212}, 'value': '5.0'}, {'type': {'displayName': 'PassEndY', 'value': 141}, 'value': '4.7'}, {'type': {'displayName': 'PassEndX', 'value': 140}, 'value': '87.2'}]",True,,,,,
1903330,FirstHalf,19,41.0,19,Pass,Unsuccessful,29,West Ham,313672.0,Kyle Walker-Peters,87.2,4.7,87.4,6.1,,,,,"[{'type': {'displayName': 'PassEndY', 'value': 141}, 'value': '6.1'}, {'type': {'displayName': 'Angle', 'value': 213}, 'value': '1.35'}, {'type': {'displayName': 'Zone', 'value': 56}, 'value': 'Right'}, {'type': {'displayName': 'OppositeRelatedEvent', 'value': 233}, 'value': '200'}, {'type': {'displayName': 'Length', 'value': 212}, 'value': '1.0'}, {'type': {'displayName': 'Offensive', 'value': 286}}, {'type': {'displayName': 'PassEndX', 'value': 140}, 'value': '87.4'}]",True,,,,,
1903330,FirstHalf,19,41.0,19,BlockedPass,Successful,170,Fulham,306581.0,Antonee Robinson,12.6,93.9,,,,,,,"[{'type': {'displayName': 'OppositeRelatedEvent', 'value': 233}, 'value': '167'}, {'type': {'displayName': 'Defensive', 'value': 285}}, {'type': {'displayName': 'Zone', 'value': 56}, 'value': 'Back'}]",True,,,,,
1903330,FirstHalf,19,44.0,19,Pass,Successful,29,West Ham,443815.0,Soungoutou Magassa,85.5,9.1,63.4,15.3,,,,,"[{'type': {'displayName': 'Zone', 'value': 56}, 'value': 'Right'}, {'type': {'displayName': 'Length', 'value': 212}, 'value': '23.6'}, {'type': {'displayName': 'PassEndX', 'value': 140}, 'value': '63.4'}, {'type': {'displayName': 'Angle', 'value': 213}, 'value': '2.96'}, {'type': {'displayName': 'PassEndY', 'value': 141}, 'value': '15.3'}]",True,,,,,
1903330,FirstHalf,19,47.0,19,Pass,Successful,29,West Ham,429534.0,Freddie Potts,68.8,25.2,75.7,25.2,,,,,"[{'type': {'displayName': 'Length', 'value': 212}, 'value': '7.2'}, {'type': {'displayName': 'Angle', 'value': 213}, 'value': '0.00'}, {'type': {'displayName': 'PassEndX', 'value': 140}, 'value': '75.7'}, {'type': {'displayName': 'PassEndY', 'value': 141}, 'value': '25.2'}, {'type': {'displayName': 'Zone', 'value': 56}, 'value': 'Center'}]",True,,,,,
1903330,FirstHalf,19,51.0,19,Pass,Unsuccessful,29,West Ham,319756.0,Lucas Paquetá,74.0,24.3,100.0,35.1,,,,,"[{'type': {'displayName': 'Angle', 'value': 213}, 'value': '0.25'}, {'type': {'displayName': 'Zone', 'value': 56}, 'value': 'Center'}, {'type': {'displayName': 'Length', 'value': 212}, 'value': '29.8'}, {'type': {'displayName': 'PassEndX', 'value': 140}, 'value': '100.0'}, {'type': {'displayName': 'PassEndY', 'value': 141}, 'value': '35.1'}]",True,,,,,
1903330,FirstHalf,20,,20,OffsideGiven,Unsuccessful,29,West Ham,319756.0,Lucas Paquetá,88.0,36.6,,,,,,,[],False,,,,,
1903330,FirstHalf,20,14.0,20,Pass,Successful,170,Fulham,92173.0,Bernd Leno,4.9,54.3,31.3,95.5,,,,,"[{'type': {'displayName': 'Zone', 'value': 56}, 'value': 'Back'}, {'type': {'displayName': 'GoalKick', 'value': 124}}, {'type': {'displayName': 'Angle', 'value': 213}, 'value': '0.79'}, {'type': {'displayName': 'PassEndY', 'value': 141}, 'value': '95.5'}, {'type': {'displayName': 'MissHigh', 'value': 74}}, {'type': {'displayName': 'Length', 'value': 212}, 'value': '39.4'}, {'type': {'displayName': 'Chipped', 'value': 155}}, {'type': {'displayName': 'Longball', 'value': 1}}, {'type': {'displayName': 'PassEndX', 'value': 140}, 'value': '31.3'}]",True,,,,,
1903330,FirstHalf,20,18.0,20,Pass,Successful,170,Fulham,306581.0,Antonee Robinson,31.6,88.0,18.8,85.6,,,,,"[{'type': {'displayName': 'PassEndY', 'value': 141}, 'value': '85.6'}, {'type': {'displayName': 'Angle', 'value': 213}, 'value': '3.26'}, {'type': {'displayName': 'Zone', 'value': 56}, 'value': 'Back'}, {'type': {'displayName': 'Length', 'value': 212}, 'value': '13.5'}, {'type': {'displayName': 'PassEndX', 'value': 140}, 'value': '18.8'}]",True,,,,,
1903330,FirstHalf,20,21.0,20,Pass,Successful,170,Fulham,333182.0,Jorge Cuenca,24.2,85.9,30.9,66.1,,,,,"[{'type': {'displayName': 'PassEndY', 'value': 141}, 'value': '66.1'}, {'type': {'displayName': 'Angle', 'value': 213}, 'value': '5.19'}, {'type': {'displayName': 'PassEndX', 'value': 140}, 'value': '30.9'}, {'type': {'displayName': 'Zone', 'value': 56}, 'value': 'Back'}, {'type': {'displayName': 'Length', 'value': 212}, 'value': '15.2'}]",True,,,,,
1903330,FirstHalf,20,24.0,20,Pass,Successful,170,Fulham,363686.0,Emile Smith Rowe,31.0,65.7,21.4,42.6,,,,,"[{'type': {'displayName': 'PassEndY', 'value': 141}, 'value': '42.6'}, {'type': {'displayName': 'Angle', 'value': 213}, 'value': '4.14'}, {'type': {'displayName': 'LayOff', 'value': 156}}, {'type': {'displayName': 'PassEndX', 'value': 140}, 'value': '21.4'}, {'type': {'displayName': 'Zone', 'value': 56}, 'value': 'Back'}, {'type': {'displayName': 'Length', 'value': 212}, 'value': '18.7'}]",True,,,,,
1903330,FirstHalf,20,25.0,20,Pass,Unsuccessful,170,Fulham,231135.0,Joachim Andersen,21.1,41.5,48.9,36.1,,,,,"[{'type': {'displayName': 'PassEndX', 'value': 140}, 'value': '48.9'}, {'type': {'displayName': 'Longball', 'value': 1}}, {'type': {'displayName': 'Length', 'value': 212}, 'value': '29.4'}, {'type': {'displayName': 'Angle', 'value': 213}, 'value': '6.16'}, {'type': {'displayName': 'Zone', 'value': 56}, 'value': 'Back'}, {'type': {'displayName': 'PassEndY', 'value': 141}, 'value': '36.1'}]",True,,,,,
1903330,FirstHalf,20,28.0,20,BallRecovery,Successful,29,West Ham,459708.0,Ollie Scarles,53.6,59.0,,,,,,,[],False,,,,,
1903330,FirstHalf,20,28.0,20,Pass,Successful,29,West Ham,459708.0,Ollie Scarles,53.6,59.0,60.5,51.5,,,,,"[{'type': {'displayName': 'Zone', 'value': 56}, 'value': 'Center'}, {'type': {'displayName': 'Angle', 'value': 213}, 'value': '5.67'}, {'type': {'displayName': 'Length', 'value': 212}, 'value': '8.9'}, {'type': {'displayName': 'PassEndY', 'value': 141}, 'value': '51.5'}, {'type': {'displayName': 'PassEndX', 'value': 140}, 'value': '60.5'}]",True,,,,,
1903330,FirstHalf,20,29.0,20,Pass,Successful,29,West Ham,447231.0,Mateus Fernandes,55.7,53.6,38.4,53.0,,,,,"[{'type': {'displayName': 'PassEndY', 'value': 141}, 'value': '53.0'}, {'type': {'displayName': 'Zone', 'value': 56}, 'value': 'Back'}, {'type': {'displayName': 'PassEndX', 'value': 140}, 'value': '38.4'}, {'type': {'displayName': 'Length', 'value': 212}, 'value': '18.2'}, {'type': {'displayName': 'Angle', 'value': 213}, 'value': '3.16'}]",True,,,,,
1903330,FirstHalf,20,31.0,20,Pass,Successful,29,West Ham,368310.0,Maximilian Kilman,38.4,53.0,39.3,37.1,,,,,"[{'type': {'displayName': 'PassEndX', 'value': 140}, 'value': '39.3'}, {'type': {'displayName': 'Length', 'value': 212}, 'value': '10.9'}, {'type': {'displayName': 'Angle', 'value': 213}, 'value': '4.80'}, {'type': {'displayName': 'PassEndY', 'value': 141}, 'value': '37.1'}, {'type': {'displayName': 'Zone', 'value': 56}, 'value': 'Back'}]",True,,,,,
1903330,FirstHalf,20,32.0,20,Pass,Successful,29,West Ham,361710.0,Jean-Clair Todibo,39.3,37.1,54.6,34.3,,,,,"[{'type': {'displayName': 'PassEndY', 'value': 141}, 'value': '34.3'}, {'type': {'displayName': 'Zone', 'value': 56}, 'value': 'Center'}, {'type': {'displayName': 'PassEndX', 'value': 140}, 'value': '54.6'}, {'type': {'displayName': 'Angle', 'value': 213}, 'value': '6.17'}, {'type': {'displayName': 'Length', 'value': 212}, 'value': '16.2'}]",True,,,,,
1903330,FirstHalf,20,33.0,20,Pass,Successful,29,West Ham,443815.0,Soungoutou Magassa,45.3,33.0,42.4,41.0,,,,,"[{'type': {'displayName': 'PassEndX', 'value': 140}, 'value': '42.4'}, {'type': {'displayName': 'Length', 'value': 212}, 'value': '6.2'}, {'type': {'displayName': 'Zone', 'value': 56}, 'value': 'Back'}, {'type': {'displayName': 'Angle', 'value': 213}, 'value': '2.08'}, {'type': {'displayName': 'PassEndY', 'value': 141}, 'value': '41.0'}]",True,,,,,
1903330,FirstHalf,20,38.0,20,Pass,Successful,29,West Ham,447231.0,Mateus Fernandes,55.8,70.5,64.6,96.9,,,,,"[{'type': {'displayName': 'Length', 'value': 212}, 'value': '20.2'}, {'type': {'displayName': 'Zone', 'value': 56}, 'value': 'Left'}, {'type': {'displayName': 'Angle', 'value': 213}, 'value': '1.10'}, {'type': {'displayName': 'PassEndX', 'value': 140}, 'value': '64.6'}, {'type': {'displayName': 'PassEndY', 'value': 141}, 'value': '96.9'}]",True,,,,,
1903330,FirstHalf,20,41.0,20,Pass,Successful,29,West Ham,382564.0,Crysencio Summerville,66.5,94.1,86.1,93.9,,,,,"[{'type': {'displayName': 'Length', 'value': 212}, 'value': '20.6'}, {'type': {'displayName': 'Zone', 'value': 56}, 'value': 'Left'}, {'type': {'displayName': 'PassEndY', 'value': 141}, 'value': '93.9'}, {'type': {'displayName': 'PassEndX', 'value': 140}, 'value': '86.1'}, {'type': {'displayName': 'Angle', 'value': 213}, 'value': '6.28'}]",True,,,,,
1903330,FirstHalf,20,46.0,20,Pass,Successful,29,West Ham,459708.0,Ollie Scarles,83.2,92.1,69.5,77.9,,,,,"[{'type': {'displayName': 'Zone', 'value': 56}, 'value': 'Center'}, {'type': {'displayName': 'Length', 'value': 212}, 'value': '17.3'}, {'type': {'displayName': 'PassEndX', 'value': 140}, 'value': '69.5'}, {'type': {'displayName': 'PassEndY', 'value': 141}, 'value': '77.9'}, {'type': {'displayName': 'Angle', 'value': 213}, 'value': '3.73'}]",True,,,,,
1903330,FirstHalf,20,49.0,20,OffsidePass,Successful,29,West Ham,447231.0,Mateus Fernandes,69.5,74.6,88.0,36.6,,,,,"[{'type': {'displayName': 'Longball', 'value': 1}}, {'type': {'displayName': 'PlayerCaughtOffside', 'value': 7}, 'value': '319756'}, {'type': {'displayName': 'PassEndX', 'value': 140}, 'value': '88.0'}, {'type': {'displayName': 'PassEndY', 'value': 141}, 'value': '36.6'}, {'type': {'displayName': 'Zone', 'value': 56}, 'value': 'Center'}]",True,,,,,
1903330,FirstHalf,20,49.0,20,OffsideProvoked,Successful,170,Fulham,306581.0,Antonee Robinson,14.2,57.7,,,,,,,[],False,,,,,
1903330,FirstHalf,21,15.0,21,Pass,Successful,170,Fulham,92173.0,Bernd Leno,9.3,59.7,22.9,74.4,,,,,"[{'type': {'displayName': 'Zone', 'value': 56}, 'value': 'Back'}, {'type': {'displayName': 'FreekickTaken', 'value': 5}}, {'type': {'displayName': 'Length', 'value': 212}, 'value': '17.4'}, {'type': {'displayName': 'Angle', 'value': 213}, 'value': '0.61'}, {'type': {'displayName': 'IndirectFreekickTaken', 'value': 241}}, {'type': {'displayName': 'PassEndY', 'value': 141}, 'value': '74.4'}, {'type': {'displayName': 'PassEndX', 'value': 140}, 'value': '22.9'}]",True,,,,,
1903330,FirstHalf,21,19.0,21,Pass,Successful,170,Fulham,333182.0,Jorge Cuenca,40.2,80.2,60.6,95.8,,,,,"[{'type': {'displayName': 'Angle', 'value': 213}, 'value': '0.46'}, {'type': {'displayName': 'Zone', 'value': 56}, 'value': 'Left'}, {'type': {'displayName': 'PassEndY', 'value': 141}, 'value': '95.8'}, {'type': {'displayName': 'Length', 'value': 212}, 'value': '23.9'}, {'type': {'displayName': 'PassEndX', 'value': 140}, 'value': '60.6'}]",True,,,,,
1903330,FirstHalf,21,23.0,21,Pass,Successful,170,Fulham,363686.0,Emile Smith Rowe,60.8,94.0,40.1,96.6,,,,,"[{'type': {'displayName': 'Angle', 'value': 213}, 'value': '3.06'}, {'type': {'displayName': 'PassEndY', 'value': 141}, 'value': '96.6'}, {'type': {'displayName': 'Zone', 'value': 56}, 'value': 'Back'}, {'type': {'displayName': 'Length', 'value': 212}, 'value': '21.8'}, {'type': {'displayName': 'PassEndX', 'value': 140}, 'value': '40.1'}]",True,,,,,
1903330,FirstHalf,21,28.0,21,Pass,Successful,170,Fulham,306581.0,Antonee Robinson,39.5,90.6,29.7,51.4,,,,,"[{'type': {'displayName': 'Angle', 'value': 213}, 'value': '4.34'}, {'type': {'displayName': 'PassEndY', 'value': 141}, 'value': '51.4'}, {'type': {'displayName': 'Zone', 'value': 56}, 'value': 'Back'}, {'type': {'displayName': 'Length', 'value': 212}, 'value': '28.6'}, {'type': {'displayName': 'PassEndX', 'value': 140}, 'value': '29.7'}]",True,,,,,
1903330,FirstHalf,21,32.0,21,Pass,Successful,170,Fulham,231135.0,Joachim Andersen,31.2,52.2,35.4,75.3,,,,,"[{'type': {'displayName': 'Zone', 'value': 56}, 'value': 'Back'}, {'type': {'displayName': 'Length', 'value': 212}, 'value': '16.3'}, {'type': {'displayName': 'PassEndX', 'value': 140}, 'value': '35.4'}, {'type': {'displayName': 'PassEndY', 'value': 141}, 'value': '75.3'}, {'type': {'displayName': 'Angle', 'value': 213}, 'value': '1.30'}]",True,,,,,
1903330,FirstHalf,21,38.0,21,Pass,Successful,170,Fulham,333182.0,Jorge Cuenca,46.0,73.2,58.6,72.1,,,,,"[{'type': {'displayName': 'PassEndY', 'value': 141}, 'value': '72.1'}, {'type': {'displayName': 'PassEndX', 'value': 140}, 'value': '58.6'}, {'type': {'displayName': 'Angle', 'value': 213}, 'value': '6.23'}, {'type': {'displayName': 'Zone', 'value': 56}, 'value': 'Center'}, {'type': {'displayName': 'Length', 'value': 212}, 'value': '13.3'}]",True,,,,,
1903330,FirstHalf,21,40.0,21,Pass,Successful,170,Fulham,363686.0,Emile Smith Rowe,57.4,71.1,45.0,39.1,,,,,"[{'type': {'displayName': 'LayOff', 'value': 156}}, {'type': {'displayName': 'Angle', 'value': 213}, 'value': '4.17'}, {'type': {'displayName': 'Zone', 'value': 56}, 'value': 'Back'}, {'type': {'displayName': 'PassEndY', 'value': 141}, 'value': '39.1'}, {'type': {'displayName': 'PassEndX', 'value': 140}, 'value': '45.0'}, {'type': {'displayName': 'Length', 'value': 212}, 'value': '25.4'}]",True,,,,,
1903330,FirstHalf,21,42.0,21,Pass,Successful,170,Fulham,231135.0,Joachim Andersen,46.1,35.5,66.1,1.9,,,,,"[{'type': {'displayName': 'PassEndX', 'value': 140}, 'value': '66.1'}, {'type': {'displayName': 'Length', 'value': 212}, 'value': '31.0'}, {'type': {'displayName': 'PassEndY', 'value': 141}, 'value': '1.9'}, {'type': {'displayName': 'Zone', 'value': 56}, 'value': 'Right'}, {'type': {'displayName': 'Angle', 'value': 213}, 'value': '5.46'}]",True,,,,,
1903330,FirstHalf,21,48.0,21,Pass,Successful,170,Fulham,333044.0,Harry Wilson,67.5,7.3,58.0,15.0,,,,,"[{'type': {'displayName': 'Length', 'value': 212}, 'value': '11.3'}, {'type': {'displayName': 'Zone', 'value': 56}, 'value': 'Right'}, {'type': {'displayName': 'PassEndX', 'value': 140}, 'value': '58.0'}, {'type': {'displayName': 'PassEndY', 'value': 141}, 'value': '15.0'}, {'type': {'displayName': 'Angle', 'value': 213}, 'value': '2.66'}]",True,,,,,
1903330,FirstHalf,21,50.0,21,Pass,Successful,170,Fulham,231135.0,Joachim Andersen,58.0,19.2,52.3,54.4,,,,,"[{'type': {'displayName': 'PassEndX', 'value': 140}, 'value': '52.3'}, {'type': {'displayName': 'PassEndY', 'value': 141}, 'value': '54.4'}, {'type': {'displayName': 'Length', 'value': 212}, 'value': '24.7'}, {'type': {'displayName': 'Zone', 'value': 56}, 'value': 'Center'}, {'type': {'displayName': 'Angle', 'value': 213}, 'value': '1.82'}]",True,,,,,
1903330,FirstHalf,21,55.0,21,Pass,Successful,170,Fulham,333182.0,Jorge Cuenca,57.6,64.0,63.6,52.5,,,,,"[{'type': {'displayName': 'Zone', 'value': 56}, 'value': 'Center'}, {'type': {'displayName': 'Angle', 'value': 213}, 'value': '5.39'}, {'type': {'displayName': 'PassEndY', 'value': 141}, 'value': '52.5'}, {'type': {'displayName': 'Length', 'value': 212}, 'value': '10.0'}, {'type': {'displayName': 'PassEndX', 'value': 140}, 'value': '63.6'}]",True,,,,,
1903330,FirstHalf,21,59.0,21,Pass,Successful,170,Fulham,321020.0,Sander Berge,64.8,64.0,54.7,70.5,,,,,"[{'type': {'displayName': 'Zone', 'value': 56}, 'value': 'Center'}, {'type': {'displayName': 'Length', 'value': 212}, 'value': '11.5'}, {'type': {'displayName': 'PassEndY', 'value': 141}, 'value': '70.5'}, {'type': {'displayName': 'Angle', 'value': 213}, 'value': '2.75'}, {'type': {'displayName': 'PassEndX', 'value': 140}, 'value': '54.7'}]",True,,,,,
1903330,FirstHalf,22,1.0,22,Pass,Successful,170,Fulham,333182.0,Jorge Cuenca,57.9,68.1,58.8,56.4,,,,,"[{'type': {'displayName': 'PassEndX', 'value': 140}, 'value': '58.8'}, {'type': {'displayName': 'PassEndY', 'value': 141}, 'value': '56.4'}, {'type': {'displayName': 'Length', 'value': 212}, 'value': '8.0'}, {'type': {'displayName': 'Zone', 'value': 56}, 'value': 'Center'}, {'type': {'displayName': 'Angle', 'value': 213}, 'value': '4.83'}]",True,,,,,
1903330,FirstHalf,22,6.0,22,Pass,Successful,170,Fulham,297395.0,Sasa Lukic,63.0,44.8,66.9,30.3,,,,,"[{'type': {'displayName': 'PassEndY', 'value': 141}, 'value': '30.3'}, {'type': {'displayName': 'Zone', 'value': 56}, 'value': 'Center'}, {'type': {'displayName': 'Angle', 'value': 213}, 'value': '5.11'}, {'type': {'displayName': 'PassEndX', 'value': 140}, 'value': '66.9'}, {'type': {'displayName': 'Length', 'value': 212}, 'value': '10.7'}]",True,,,,,
1903330,FirstHalf,22,10.0,22,Pass,Successful,170,Fulham,333044.0,Harry Wilson,68.1,36.3,87.1,90.6,,,,,"[{'type': {'displayName': 'PassEndX', 'value': 140}, 'value': '87.1'}, {'type': {'displayName': 'Longball', 'value': 1}}, {'type': {'displayName': 'Zone', 'value': 56}, 'value': 'Left'}, {'type': {'displayName': 'Length', 'value': 212}, 'value': '42.0'}, {'type': {'displayName': 'PassEndY', 'value': 141}, 'value': '90.6'}, {'type': {'displayName': 'Chipped', 'value': 155}}, {'type': {'displayName': 'Angle', 'value': 213}, 'value': '1.08'}]",True,,,,,
1903330,FirstHalf,22,15.0,22,Pass,Successful,170,Fulham,306581.0,Antonee Robinson,78.3,87.0,68.5,79.5,,,,,"[{'type': {'displayName': 'PassEndY', 'value': 141}, 'value': '79.5'}, {'type': {'displayName': 'Angle', 'value': 213}, 'value': '3.60'}, {'type': {'displayName': 'Zone', 'value': 56}, 'value': 'Left'}, {'type': {'displayName': 'Length', 'value': 212}, 'value': '11.5'}, {'type': {'displayName': 'PassEndX', 'value': 140}, 'value': '68.5'}]",True,,,,,
1903330,FirstHalf,22,17.0,22,Pass,Successful,170,Fulham,321020.0,Sander Berge,66.4,75.0,66.5,59.8,,,,,"[{'type': {'displayName': 'Zone', 'value': 56}, 'value': 'Center'}, {'type': {'displayName': 'Angle', 'value': 213}, 'value': '4.72'}, {'type': {'displayName': 'PassEndX', 'value': 140}, 'value': '66.5'}, {'type': {'displayName': 'PassEndY', 'value': 141}, 'value': '59.8'}, {'type': {'displayName': 'Length', 'value': 212}, 'value': '10.3'}]",True,,,,,
1903330,FirstHalf,22,18.0,22,Pass,Successful,170,Fulham,297395.0,Sasa Lukic,66.4,62.2,74.4,63.4,,,,,"[{'type': {'displayName': 'PassEndY', 'value': 141}, 'value': '63.4'}, {'type': {'displayName': 'PassEndX', 'value': 140}, 'value': '74.4'}, {'type': {'displayName': 'Zone', 'value': 56}, 'value': 'Center'}, {'type': {'displayName': 'Angle', 'value': 213}, 'value': '0.10'}, {'type': {'displayName': 'Length', 'value': 212}, 'value': '8.4'}]",True,,,,,
1903330,FirstHalf,22,19.0,22,Pass,Successful,170,Fulham,363686.0,Emile Smith Rowe,74.4,63.4,79.6,54.4,,,,,"[{'type': {'displayName': 'Length', 'value': 212}, 'value': '8.2'}, {'type': {'displayName': 'PassEndY', 'value': 141}, 'value': '54.4'}, {'type': {'displayName': 'Angle', 'value': 213}, 'value': '5.44'}, {'type': {'displayName': 'Zone', 'value': 56}, 'value': 'Center'}, {'type': {'displayName': 'PassEndX', 'value': 140}, 'value': '79.6'}]",True,,,,,
1903330,FirstHalf,22,20.0,22,Pass,Unsuccessful,170,Fulham,108186.0,Raúl Jiménez,79.8,54.1,70.5,51.6,,,,,"[{'type': {'displayName': 'LayOff', 'value': 156}}, {'type': {'displayName': 'Zone', 'value': 56}, 'value': 'Center'}, {'type': {'displayName': 'Length', 'value': 212}, 'value': '9.9'}, {'type': {'displayName': 'Angle', 'value': 213}, 'value': '3.31'}, {'type': {'displayName': 'PassEndY', 'value': 141}, 'value': '51.6'}, {'type': {'displayName': 'PassEndX', 'value': 140}, 'value': '70.5'}]",True,,,,,
1903330,FirstHalf,22,23.0,22,BallTouch,Successful,29,West Ham,447231.0,Mateus Fernandes,26.1,61.1,,,,,,,"[{'type': {'displayName': 'Zone', 'value': 56}, 'value': 'Back'}]",True,,,,,
1903330,FirstHalf,22,25.0,22,BallRecovery,Successful,29,West Ham,443815.0,Soungoutou Magassa,26.9,60.9,,,,,,,[],False,,,,,
1903330,FirstHalf,22,25.0,22,Pass,Successful,29,West Ham,443815.0,Soungoutou Magassa,26.9,60.9,40.7,73.3,,,,,"[{'type': {'displayName': 'Angle', 'value': 213}, 'value': '0.53'}, {'type': {'displayName': 'PassEndY', 'value': 141}, 'value': '73.3'}, {'type': {'displayName': 'Zone', 'value': 56}, 'value': 'Back'}, {'type': {'displayName': 'PassEndX', 'value': 140}, 'value': '40.7'}, {'type': {'displayName': 'Length', 'value': 212}, 'value': '16.8'}]",True,,,,,
1903330,FirstHalf,22,27.0,22,Dispossessed,Successful,29,West Ham,382564.0,Crysencio Summerville,53.1,70.9,,,,,,,"[{'type': {'displayName': 'OppositeRelatedEvent', 'value': 233}, 'value': '231'}, {'type': {'displayName': 'Offensive', 'value': 286}}, {'type': {'displayName': 'Zone', 'value': 56}, 'value': 'Center'}]",True,,,,,
1903330,FirstHalf,22,27.0,22,Tackle,Successful,170,Fulham,108186.0,Raúl Jiménez,46.9,29.1,,,,,,,"[{'type': {'displayName': 'StandingSave', 'value': 178}}, {'type': {'displayName': 'Zone', 'value': 56}, 'value': 'Back'}, {'type': {'displayName': 'OppositeRelatedEvent', 'value': 233}, 'value': '186'}, {'type': {'displayName': 'Defensive', 'value': 285}}]",True,,,,,
1903330,FirstHalf,22,28.0,22,BallRecovery,Successful,170,Fulham,231135.0,Joachim Andersen,40.0,29.4,,,,,,,[],False,,,,,
1903330,FirstHalf,22,28.0,22,Pass,Successful,170,Fulham,231135.0,Joachim Andersen,40.0,29.4,45.8,43.2,,,,,"[{'type': {'displayName': 'Length', 'value': 212}, 'value': '11.2'}, {'type': {'displayName': 'Zone', 'value': 56}, 'value': 'Back'}, {'type': {'displayName': 'Angle', 'value': 213}, 'value': '1.00'}, {'type': {'displayName': 'PassEndX', 'value': 140}, 'value': '45.8'}, {'type': {'displayName': 'PassEndY', 'value': 141}, 'value': '43.2'}]",True,,,,,
1903330,FirstHalf,22,29.0,22,Pass,Successful,170,Fulham,321020.0,Sander Berge,45.8,43.2,55.1,24.6,,,,,"[{'type': {'displayName': 'Length', 'value': 212}, 'value': '16.0'}, {'type': {'displayName': 'Zone', 'value': 56}, 'value': 'Center'}, {'type': {'displayName': 'PassEndY', 'value': 141}, 'value': '24.6'}, {'type': {'displayName': 'Angle', 'value': 213}, 'value': '5.37'}, {'type': {'displayName': 'PassEndX', 'value': 140}, 'value': '55.1'}]",True,,,,,
1903330,FirstHalf,22,32.0,22,Pass,Successful,170,Fulham,297395.0,Sasa Lukic,56.1,25.2,65.6,4.9,,,,,"[{'type': {'displayName': 'PassEndY', 'value': 141}, 'value': '4.9'}, {'type': {'displayName': 'PassEndX', 'value': 140}, 'value': '65.6'}, {'type': {'displayName': 'Angle', 'value': 213}, 'value': '5.34'}, {'type': {'displayName': 'Zone', 'value': 56}, 'value': 'Right'}, {'type': {'displayName': 'Length', 'value': 212}, 'value': '17.0'}]",True,,,,,
1903330,FirstHalf,22,38.0,22,Pass,Unsuccessful,170,Fulham,108186.0,Raúl Jiménez,69.2,14.4,71.1,15.3,,,,,"[{'type': {'displayName': 'Zone', 'value': 56}, 'value': 'Right'}, {'type': {'displayName': 'PassEndY', 'value': 141}, 'value': '15.3'}, {'type': {'displayName': 'Angle', 'value': 213}, 'value': '0.30'}, {'type': {'displayName': 'Offensive', 'value': 286}}, {'type': {'displayName': 'Length', 'value': 212}, 'value': '2.1'}, {'type': {'displayName': 'OppositeRelatedEvent', 'value': 233}, 'value': '187'}, {'type': {'displayName': 'PassEndX', 'value': 140}, 'value': '71.1'}]",True,,,,,
1903330,FirstHalf,22,38.0,22,BlockedPass,Successful,29,West Ham,459708.0,Ollie Scarles,28.9,84.7,,,,,,,"[{'type': {'displayName': 'OppositeRelatedEvent', 'value': 233}, 'value': '236'}, {'type': {'displayName': 'Defensive', 'value': 285}}, {'type': {'displayName': 'Zone', 'value': 56}, 'value': 'Back'}]",True,,,,,
1903330,FirstHalf,22,41.0,22,Pass,Successful,170,Fulham,333044.0,Harry Wilson,85.9,7.3,73.5,30.4,,,,,"[{'type': {'displayName': 'Zone', 'value': 56}, 'value': 'Center'}, {'type': {'displayName': 'PassEndX', 'value': 140}, 'value': '73.5'}, {'type': {'displayName': 'Length', 'value': 212}, 'value': '20.4'}, {'type': {'displayName': 'PassEndY', 'value': 141}, 'value': '30.4'}, {'type': {'displayName': 'Angle', 'value': 213}, 'value': '2.26'}]",True,,,,,
1903330,FirstHalf,22,44.0,22,Pass,Successful,170,Fulham,321020.0,Sander Berge,70.8,33.6,71.3,69.7,,,,,"[{'type': {'displayName': 'PassEndY', 'value': 141}, 'value': '69.7'}, {'type': {'displayName': 'Angle', 'value': 213}, 'value': '1.55'}, {'type': {'displayName': 'Zone', 'value': 56}, 'value': 'Center'}, {'type': {'displayName': 'PassEndX', 'value': 140}, 'value': '71.3'}, {'type': {'displayName': 'Length', 'value': 212}, 'value': '24.6'}]",True,,,,,
1903330,FirstHalf,22,47.0,22,Pass,Successful,170,Fulham,306581.0,Antonee Robinson,71.3,73.2,77.7,85.6,,,,,"[{'type': {'displayName': 'Zone', 'value': 56}, 'value': 'Left'}, {'type': {'displayName': 'PassEndY', 'value': 141}, 'value': '85.6'}, {'type': {'displayName': 'PassEndX', 'value': 140}, 'value': '77.7'}, {'type': {'displayName': 'Angle', 'value': 213}, 'value': '0.90'}, {'type': {'displayName': 'Length', 'value': 212}, 'value': '10.8'}]",True,,,,,
1903330,FirstHalf,22,49.0,22,Dispossessed,Successful,170,Fulham,363686.0,Emile Smith Rowe,76.6,86.2,,,,,,,"[{'type': {'displayName': 'OppositeRelatedEvent', 'value': 233}, 'value': '188'}, {'type': {'displayName': 'Zone', 'value': 56}, 'value': 'Left'}, {'type': {'displayName': 'Offensive', 'value': 286}}]",True,,,,,
1903330,FirstHalf,22,49.0,22,Tackle,Unsuccessful,29,West Ham,313672.0,Kyle Walker-Peters,23.4,13.8,,,,,,,"[{'type': {'displayName': 'Zone', 'value': 56}, 'value': 'Back'}, {'type': {'displayName': 'StandingSave', 'value': 178}}, {'type': {'displayName': 'OppositeRelatedEvent', 'value': 233}, 'value': '240'}, {'type': {'displayName': 'Defensive', 'value': 285}}]",True,,,,,
1903330,FirstHalf,22,50.0,22,Pass,Successful,170,Fulham,363686.0,Emile Smith Rowe,77.2,85.8,64.7,86.8,,,,,"[{'type': {'displayName': 'PassEndX', 'value': 140}, 'value': '64.7'}, {'type': {'displayName': 'Zone', 'value': 56}, 'value': 'Left'}, {'type': {'displayName': 'Length', 'value': 212}, 'value': '13.1'}, {'type': {'displayName': 'Angle', 'value': 213}, 'value': '3.09'}, {'type': {'displayName': 'PassEndY', 'value': 141}, 'value': '86.8'}]",True,,,,,
1903330,FirstHalf,22,55.0,22,Pass,Successful,170,Fulham,306581.0,Antonee Robinson,63.1,89.8,57.4,76.9,,,,,"[{'type': {'displayName': 'Zone', 'value': 56}, 'value': 'Center'}, {'type': {'displayName': 'Length', 'value': 212}, 'value': '10.6'}, {'type': {'displayName': 'PassEndY', 'value': 141}, 'value': '76.9'}, {'type': {'displayName': 'Angle', 'value': 213}, 'value': '4.11'}, {'type': {'displayName': 'PassEndX', 'value': 140}, 'value': '57.4'}]",True,,,,,
1903330,FirstHalf,22,56.0,22,Pass,Successful,170,Fulham,321020.0,Sander Berge,52.8,74.7,52.3,51.9,,,,,"[{'type': {'displayName': 'Angle', 'value': 213}, 'value': '4.68'}, {'type': {'displayName': 'Length', 'value': 212}, 'value': '15.5'}, {'type': {'displayName': 'PassEndY', 'value': 141}, 'value': '51.9'}, {'type': {'displayName': 'PassEndX', 'value': 140}, 'value': '52.3'}, {'type': {'displayName': 'Zone', 'value': 56}, 'value': 'Center'}]",True,,,,,
1903330,FirstHalf,22,58.0,22,Pass,Successful,170,Fulham,231135.0,Joachim Andersen,52.8,51.9,60.5,63.1,,,,,"[{'type': {'displayName': 'Zone', 'value': 56}, 'value': 'Center'}, {'type': {'displayName': 'PassEndY', 'value': 141}, 'value': '63.1'}, {'type': {'displayName': 'Angle', 'value': 213}, 'value': '0.76'}, {'type': {'displayName': 'Length', 'value': 212}, 'value': '11.1'}, {'type': {'displayName': 'PassEndX', 'value': 140}, 'value': '60.5'}]",True,,,,,
1903330,FirstHalf,22,59.0,22,Pass,Successful,170,Fulham,363686.0,Emile Smith Rowe,61.0,64.0,57.5,62.7,,,,,"[{'type': {'displayName': 'Zone', 'value': 56}, 'value': 'Center'}, {'type': {'displayName': 'Angle', 'value': 213}, 'value': '3.38'}, {'type': {'displayName': 'Length', 'value': 212}, 'value': '3.8'}, {'type': {'displayName': 'PassEndY', 'value': 141}, 'value': '62.7'}, {'type': {'displayName': 'PassEndX', 'value': 140}, 'value': '57.5'}]",True,,,,,
1903330,FirstHalf,23,0.0,23,Pass,Successful,170,Fulham,231135.0,Joachim Andersen,57.4,63.7,55.5,88.0,,,,,"[{'type': {'displayName': 'PassEndY', 'value': 141}, 'value': '88.0'}, {'type': {'displayName': 'Zone', 'value': 56}, 'value': 'Left'}, {'type': {'displayName': 'Length', 'value': 212}, 'value': '16.6'}, {'type': {'displayName': 'PassEndX', 'value': 140}, 'value': '55.5'}, {'type': {'displayName': 'Angle', 'value': 213}, 'value': '1.69'}]",True,,,,,
1903330,FirstHalf,23,2.0,23,Pass,Successful,170,Fulham,306581.0,Antonee Robinson,58.6,88.9,85.7,85.2,,,,,"[{'type': {'displayName': 'Angle', 'value': 213}, 'value': '6.19'}, {'type': {'displayName': 'Chipped', 'value': 155}}, {'type': {'displayName': 'PassEndX', 'value': 140}, 'value': '85.7'}, {'type': {'displayName': 'Length', 'value': 212}, 'value': '28.6'}, {'type': {'displayName': 'Zone', 'value': 56}, 'value': 'Left'}, {'type': {'displayName': 'PassEndY', 'value': 141}, 'value': '85.2'}]",True,,,,,
1903330,FirstHalf,23,8.0,23,Dispossessed,Successful,170,Fulham,363686.0,Emile Smith Rowe,87.5,91.3,,,,,,,"[{'type': {'displayName': 'OppositeRelatedEvent', 'value': 233}, 'value': '189'}, {'type': {'displayName': 'Zone', 'value': 56}, 'value': 'Left'}, {'type': {'displayName': 'Offensive', 'value': 286}}]",True,,,,,
1903330,FirstHalf,23,8.0,23,Tackle,Successful,29,West Ham,361710.0,Jean-Clair Todibo,12.5,8.7,,,,,,,"[{'type': {'displayName': 'StandingSave', 'value': 178}}, {'type': {'displayName': 'Defensive', 'value': 285}}, {'type': {'displayName': 'OppositeRelatedEvent', 'value': 233}, 'value': '249'}, {'type': {'displayName': 'Zone', 'value': 56}, 'value': 'Back'}]",True,,,,,
1903330,FirstHalf,23,17.0,23,Pass,Unsuccessful,170,Fulham,306581.0,Antonee Robinson,89.2,100.0,98.3,76.0,,,,,"[{'type': {'displayName': 'Length', 'value': 212}, 'value': '19.7'}, {'type': {'displayName': 'Angle', 'value': 213}, 'value': '5.22'}, {'type': {'displayName': 'PassEndX', 'value': 140}, 'value': '98.3'}, {'type': {'displayName': 'Zone', 'value': 56}, 'value': 'Center'}, {'type': {'displayName': 'ThrowIn', 'value': 107}}, {'type': {'displayName': 'PassEndY', 'value': 141}, 'value': '76.0'}]",True,,,,,
1903330,FirstHalf,23,18.0,23,Interception,Successful,29,West Ham,361710.0,Jean-Clair Todibo,1.7,24.0,,,,,,,"[{'type': {'displayName': 'Zone', 'value': 56}, 'value': 'Back'}]",True,,,,,
1903330,FirstHalf,23,18.0,23,CornerAwarded,Unsuccessful,29,West Ham,361710.0,Jean-Clair Todibo,6.7,27.0,,,,,,,"[{'type': {'displayName': 'MissLeft', 'value': 73}}, {'type': {'displayName': 'Zone', 'value': 56}, 'value': 'Back'}, {'type': {'displayName': 'OppositeRelatedEvent', 'value': 233}, 'value': '252'}]",False,,,,,
1903330,FirstHalf,23,18.0,23,CornerAwarded,Successful,170,Fulham,306581.0,Antonee Robinson,93.3,73.0,,,,,,,"[{'type': {'displayName': 'OppositeRelatedEvent', 'value': 233}, 'value': '192'}, {'type': {'displayName': 'Zone', 'value': 56}, 'value': 'Center'}, {'type': {'displayName': 'MissLeft', 'value': 73}}]",False,,,,,
1903330,FirstHalf,23,55.0,23,Pass,Unsuccessful,170,Fulham,297395.0,Sasa Lukic,99.5,99.5,95.7,51.9,,,,,"[{'type': {'displayName': 'Length', 'value': 212}, 'value': '32.6'}, {'type': {'displayName': 'Longball', 'value': 1}}, {'type': {'displayName': 'Chipped', 'value': 155}}, {'type': {'displayName': 'PassEndX', 'value': 140}, 'value': '95.7'}, {'type': {'displayName': 'CornerTaken', 'value': 6}}, {'type': {'displayName': 'RightFoot', 'value': 20}}, {'type': {'displayName': 'Zone', 'value': 56}, 'value': 'Center'}, {'type': {'displayName': 'Angle', 'value': 213}, 'value': '4.59'}, {'type': {'displayName': 'Cross', 'value': 2}}, {'type': {'displayName': 'PassEndY', 'value': 141}, 'value': '51.9'}]",True,,,,,
1903330,FirstHalf,23,59.0,23,Aerial,Successful,29,West Ham,368310.0,Maximilian Kilman,4.3,48.1,,,,,,,"[{'type': {'displayName': 'Zone', 'value': 56}, 'value': 'Back'}, {'type': {'displayName': 'OppositeRelatedEvent', 'value': 233}, 'value': '254'}, {'type': {'displayName': 'Defensive', 'value': 285}}]",False,,,,,
1903330,FirstHalf,23,59.0,23,Aerial,Unsuccessful,170,Fulham,231135.0,Joachim Andersen,95.7,51.9,,,,,,,"[{'type': {'displayName': 'Offensive', 'value': 286}}, {'type': {'displayName': 'OppositeRelatedEvent', 'value': 233}, 'value': '193'}, {'type': {'displayName': 'Zone', 'value': 56}, 'value': 'Center'}]",False,,,,,
1903330,FirstHalf,24,0.0,24,Clearance,Successful,29,West Ham,368310.0,Maximilian Kilman,4.3,48.1,26.0,60.9,,,,,"[{'type': {'displayName': 'Angle', 'value': 213}, 'value': '0.36'}, {'type': {'displayName': 'Zone', 'value': 56}, 'value': 'Back'}, {'type': {'displayName': 'PassEndY', 'value': 141}, 'value': '60.9'}, {'type': {'displayName': 'Head', 'value': 15}}, {'type': {'displayName': 'Length', 'value': 212}, 'value': '24.4'}, {'type': {'displayName': 'PassEndX', 'value': 140}, 'value': '26.0'}]",True,,,,,
1903330,FirstHalf,24,3.0,24,BallRecovery,Successful,29,West Ham,447231.0,Mateus Fernandes,26.4,60.5,,,,,,,[],False,,,,,
1903330,FirstHalf,24,3.0,24,Pass,Successful,29,West Ham,447231.0,Mateus Fernandes,26.4,60.5,31.8,46.9,,,,,"[{'type': {'displayName': 'PassEndX', 'value': 140}, 'value': '31.8'}, {'type': {'displayName': 'Zone', 'value': 56}, 'value': 'Back'}, {'type': {'displayName': 'Angle', 'value': 213}, 'value': '5.26'}, {'type': {'displayName': 'PassEndY', 'value': 141}, 'value': '46.9'}, {'type': {'displayName': 'Length', 'value': 212}, 'value': '10.8'}]",True,,,,,
1903330,FirstHalf,24,8.0,24,Pass,Unsuccessful,29,West Ham,319756.0,Lucas Paquetá,45.3,34.3,65.7,38.5,,,,,"[{'type': {'displayName': 'Angle', 'value': 213}, 'value': '0.13'}, {'type': {'displayName': 'PassEndX', 'value': 140}, 'value': '65.7'}, {'type': {'displayName': 'Length', 'value': 212}, 'value': '21.6'}, {'type': {'displayName': 'PassEndY', 'value': 141}, 'value': '38.5'}, {'type': {'displayName': 'Zone', 'value': 56}, 'value': 'Center'}]",True,,,,,
1903330,FirstHalf,24,10.0,24,BallTouch,Successful,170,Fulham,333044.0,Harry Wilson,30.9,66.9,,,,,,,"[{'type': {'displayName': 'Zone', 'value': 56}, 'value': 'Back'}]",True,,,,,
1903330,FirstHalf,24,16.0,24,Pass,Successful,29,West Ham,322596.0,Jarrod Bowen,91.6,17.6,79.9,12.3,,,,,"[{'type': {'displayName': 'Angle', 'value': 213}, 'value': '3.43'}, {'type': {'displayName': 'Length', 'value': 212}, 'value': '12.8'}, {'type': {'displayName': 'PassEndX', 'value': 140}, 'value': '79.9'}, {'type': {'displayName': 'Zone', 'value': 56}, 'value': 'Right'}, {'type': {'displayName': 'PassEndY', 'value': 141}, 'value': '12.3'}]",True,,,,,
1903330,FirstHalf,24,18.0,24,Pass,Successful,29,West Ham,459708.0,Ollie Scarles,79.8,12.3,70.0,26.2,,,,,"[{'type': {'displayName': 'PassEndX', 'value': 140}, 'value': '70.0'}, {'type': {'displayName': 'Zone', 'value': 56}, 'value': 'Center'}, {'type': {'displayName': 'Angle', 'value': 213}, 'value': '2.40'}, {'type': {'displayName': 'PassEndY', 'value': 141}, 'value': '26.2'}, {'type': {'displayName': 'Length', 'value': 212}, 'value': '14.0'}]",True,,,,,
1903330,FirstHalf,24,20.0,24,Pass,Successful,29,West Ham,319756.0,Lucas Paquetá,71.4,24.4,83.4,27.4,,,,,"[{'type': {'displayName': 'PassEndY', 'value': 141}, 'value': '27.4'}, {'type': {'displayName': 'Angle', 'value': 213}, 'value': '0.16'}, {'type': {'displayName': 'Zone', 'value': 56}, 'value': 'Center'}, {'type': {'displayName': 'PassEndX', 'value': 140}, 'value': '83.4'}, {'type': {'displayName': 'Length', 'value': 212}, 'value': '12.8'}]",True,,,,,
1903330,FirstHalf,24,26.0,24,Pass,Successful,29,West Ham,382564.0,Crysencio Summerville,80.6,24.9,73.0,25.0,,,,,"[{'type': {'displayName': 'Length', 'value': 212}, 'value': '8.0'}, {'type': {'displayName': 'PassEndX', 'value': 140}, 'value': '73.0'}, {'type': {'displayName': 'PassEndY', 'value': 141}, 'value': '25.0'}, {'type': {'displayName': 'Angle', 'value': 213}, 'value': '3.13'}, {'type': {'displayName': 'Zone', 'value': 56}, 'value': 'Center'}]",True,,,,,
1903330,FirstHalf,24,28.0,24,Pass,Successful,29,West Ham,319756.0,Lucas Paquetá,72.2,24.9,79.2,9.1,,,,,"[{'type': {'displayName': 'Angle', 'value': 213}, 'value': '5.31'}, {'type': {'displayName': 'PassEndY', 'value': 141}, 'value': '9.1'}, {'type': {'displayName': 'Zone', 'value': 56}, 'value': 'Right'}, {'type': {'displayName': 'PassEndX', 'value': 140}, 'value': '79.2'}, {'type': {'displayName': 'Length', 'value': 212}, 'value': '13.0'}]",True,,,,,
1903330,FirstHalf,24,30.0,24,Pass,Successful,29,West Ham,313672.0,Kyle Walker-Peters,79.2,6.1,77.6,13.4,,,,,"[{'type': {'displayName': 'Zone', 'value': 56}, 'value': 'Right'}, {'type': {'displayName': 'Length', 'value': 212}, 'value': '5.2'}, {'type': {'displayName': 'PassEndX', 'value': 140}, 'value': '77.6'}, {'type': {'displayName': 'PassEndY', 'value': 141}, 'value': '13.4'}, {'type': {'displayName': 'Angle', 'value': 213}, 'value': '1.90'}]",True,,,,,
1903330,FirstHalf,24,31.0,24,Pass,Successful,29,West Ham,382564.0,Crysencio Summerville,77.6,13.4,75.9,23.1,,,,,"[{'type': {'displayName': 'PassEndY', 'value': 141}, 'value': '23.1'}, {'type': {'displayName': 'Angle', 'value': 213}, 'value': '1.84'}, {'type': {'displayName': 'Zone', 'value': 56}, 'value': 'Center'}, {'type': {'displayName': 'PassEndX', 'value': 140}, 'value': '75.9'}, {'type': {'displayName': 'Length', 'value': 212}, 'value': '6.8'}]",True,,,,,
1903330,FirstHalf,24,33.0,24,Pass,Successful,29,West Ham,322596.0,Jarrod Bowen,75.9,23.1,95.2,22.5,,,,,"[{'type': {'displayName': 'PassEndY', 'value': 141}, 'value': '22.5'}, {'type': {'displayName': 'Angle', 'value': 213}, 'value': '6.26'}, {'type': {'displayName': 'PassEndX', 'value': 140}, 'value': '95.2'}, {'type': {'displayName': 'Zone', 'value': 56}, 'value': 'Center'}, {'type': {'displayName': 'Length', 'value': 212}, 'value': '20.3'}]",True,,,,,
1903330,FirstHalf,24,35.0,24,Pass,Successful,29,West Ham,382564.0,Crysencio Summerville,97.9,24.3,87.4,57.6,,,,,"[{'type': {'displayName': 'IntentionalAssist', 'value': 154}}, {'type': {'displayName': 'Zone', 'value': 56}, 'value': 'Center'}, {'type': {'displayName': 'PassEndY', 'value': 141}, 'value': '57.6'}, {'type': {'displayName': 'Angle', 'value': 213}, 'value': '2.02'}, {'type': {'displayName': 'Length', 'value': 212}, 'value': '25.2'}, {'type': {'displayName': 'Chipped', 'value': 155}}, {'type': {'displayName': 'PassEndX', 'value': 140}, 'value': '87.4'}, {'type': {'displayName': 'ShotAssist', 'value': 210}, 'value': '13'}, {'type': {'displayName': 'KeyPass', 'value': 11113}}]",True,,,,,
1903330,FirstHalf,24,38.0,24,MissedShots,Successful,29,West Ham,459708.0,Ollie Scarles,87.4,57.6,,,61.5,2.8,,,"[{'type': {'displayName': 'GoalMouthZ', 'value': 103}, 'value': '2.8'}, {'type': {'displayName': 'MissLeft', 'value': 73}}, {'type': {'displayName': 'IntentionalAssist', 'value': 154}}, {'type': {'displayName': 'RelatedEventId', 'value': 55}, 'value': '206'}, {'type': {'displayName': 'Zone', 'value': 56}, 'value': 'Center'}, {'type': {'displayName': 'Assisted', 'value': 29}}, {'type': {'displayName': 'RegularPlay', 'value': 22}}, {'type': {'displayName': 'FirstTouch', 'value': 328}}, {'type': {'displayName': 'BoxCentre', 'value': 17}}, {'type': {'displayName': 'Head', 'value': 15}}, {'type': {'displayName': 'GoalMouthY', 'value': 102}, 'value': '61.5'}]",True,True,,,206.0,382564.0
1903330,FirstHalf,24,55.0,24,Pass,Successful,170,Fulham,92173.0,Bernd Leno,4.1,52.1,11.7,67.9,,,,,"[{'type': {'displayName': 'PassEndX', 'value': 140}, 'value': '11.7'}, {'type': {'displayName': 'Angle', 'value': 213}, 'value': '0.93'}, {'type': {'displayName': 'GoalKick', 'value': 124}}, {'type': {'displayName': 'PassEndY', 'value': 141}, 'value': '67.9'}, {'type': {'displayName': 'Zone', 'value': 56}, 'value': 'Back'}, {'type': {'displayName': 'Length', 'value': 212}, 'value': '13.4'}]",True,,,,,
1903330,FirstHalf,25,6.0,25,Pass,Successful,170,Fulham,333182.0,Jorge Cuenca,28.1,67.5,27.5,38.4,,,,,"[{'type': {'displayName': 'Angle', 'value': 213}, 'value': '4.68'}, {'type': {'displayName': 'Zone', 'value': 56}, 'value': 'Back'}, {'type': {'displayName': 'PassEndX', 'value': 140}, 'value': '27.5'}, {'type': {'displayName': 'PassEndY', 'value': 141}, 'value': '38.4'}, {'type': {'displayName': 'Length', 'value': 212}, 'value': '19.8'}]",True,,,,,
1903330,FirstHalf,25,7.0,25,Pass,Successful,170,Fulham,231135.0,Joachim Andersen,32.8,38.7,33.9,67.5,,,,,"[{'type': {'displayName': 'Angle', 'value': 213}, 'value': '1.51'}, {'type': {'displayName': 'Length', 'value': 212}, 'value': '19.6'}, {'type': {'displayName': 'PassEndY', 'value': 141}, 'value': '67.5'}, {'type': {'displayName': 'PassEndX', 'value': 140}, 'value': '33.9'}, {'type': {'displayName': 'Zone', 'value': 56}, 'value': 'Back'}]",True,,,,,
1903330,FirstHalf,25,9.0,25,Pass,Successful,170,Fulham,333182.0,Jorge Cuenca,33.0,68.7,42.6,69.0,,,,,"[{'type': {'displayName': 'Angle', 'value': 213}, 'value': '0.02'}, {'type': {'displayName': 'PassEndY', 'value': 141}, 'value': '69.0'}, {'type': {'displayName': 'PassEndX', 'value': 140}, 'value': '42.6'}, {'type': {'displayName': 'Length', 'value': 212}, 'value': '10.1'}, {'type': {'displayName': 'Zone', 'value': 56}, 'value': 'Back'}]",True,,,,,
1903330,FirstHalf,25,11.0,25,Pass,Unsuccessful,170,Fulham,363686.0,Emile Smith Rowe,42.6,69.0,42.1,70.5,,,,,"[{'type': {'displayName': 'PassEndX', 'value': 140}, 'value': '42.1'}, {'type': {'displayName': 'Offensive', 'value': 286}}, {'type': {'displayName': 'OppositeRelatedEvent', 'value': 233}, 'value': '209'}, {'type': {'displayName': 'Angle', 'value': 213}, 'value': '2.05'}, {'type': {'displayName': 'Zone', 'value': 56}, 'value': 'Back'}, {'type': {'displayName': 'Length', 'value': 212}, 'value': '1.1'}, {'type': {'displayName': 'PassEndY', 'value': 141}, 'value': '70.5'}]",True,,,,,
1903330,FirstHalf,25,11.0,25,BlockedPass,Successful,29,West Ham,429534.0,Freddie Potts,57.9,29.5,,,,,,,"[{'type': {'displayName': 'Zone', 'value': 56}, 'value': 'Center'}, {'type': {'displayName': 'OppositeRelatedEvent', 'value': 233}, 'value': '261'}, {'type': {'displayName': 'Defensive', 'value': 285}}]",True,,,,,
1903330,FirstHalf,25,12.0,25,BallTouch,Successful,170,Fulham,363686.0,Emile Smith Rowe,41.9,70.5,,,,,,,"[{'type': {'displayName': 'Zone', 'value': 56}, 'value': 'Back'}]",True,,,,,
1903330,FirstHalf,25,12.0,25,Foul,Successful,170,Fulham,,,40.8,66.0,,,,,,,"[{'type': {'displayName': 'Zone', 'value': 56}, 'value': 'Back'}, {'type': {'displayName': 'Offensive', 'value': 286}}, {'type': {'displayName': 'OppositeRelatedEvent', 'value': 233}, 'value': '210'}]",True,,,,,
1903330,FirstHalf,25,12.0,25,Foul,Unsuccessful,29,West Ham,429534.0,Freddie Potts,59.2,34.0,,,,,,,"[{'type': {'displayName': 'Defensive', 'value': 285}}, {'type': {'displayName': 'Zone', 'value': 56}, 'value': 'Center'}, {'type': {'displayName': 'OppositeRelatedEvent', 'value': 233}, 'value': '262'}]",False,,,,,
1903330,FirstHalf,25,34.0,25,Pass,Successful,170,Fulham,333182.0,Jorge Cuenca,35.9,70.2,24.9,59.5,,,,,"[{'type': {'displayName': 'PassEndY', 'value': 141}, 'value': '59.5'}, {'type': {'displayName': 'Zone', 'value': 56}, 'value': 'Back'}, {'type': {'displayName': 'Angle', 'value': 213}, 'value': '3.70'}, {'type': {'displayName': 'PassEndX', 'value': 140}, 'value': '24.9'}, {'type': {'displayName': 'Length', 'value': 212}, 'value': '13.7'}, {'type': {'displayName': 'FreekickTaken', 'value': 5}}]",True,,,,,
1903330,FirstHalf,25,35.0,25,Pass,Successful,170,Fulham,92173.0,Bernd Leno,26.5,50.8,32.5,28.3,,,,,"[{'type': {'displayName': 'PassEndY', 'value': 141}, 'value': '28.3'}, {'type': {'displayName': 'Zone', 'value': 56}, 'value': 'Back'}, {'type': {'displayName': 'Angle', 'value': 213}, 'value': '5.10'}, {'type': {'displayName': 'Length', 'value': 212}, 'value': '16.5'}, {'type': {'displayName': 'PassEndX', 'value': 140}, 'value': '32.5'}]",True,,,,,
1903330,FirstHalf,25,39.0,25,Pass,Unsuccessful,170,Fulham,231135.0,Joachim Andersen,41.2,25.5,70.2,91.2,,,,,"[{'type': {'displayName': 'Angle', 'value': 213}, 'value': '0.97'}, {'type': {'displayName': 'PassEndX', 'value': 140}, 'value': '70.2'}, {'type': {'displayName': 'Chipped', 'value': 155}}, {'type': {'displayName': 'Longball', 'value': 1}}, {'type': {'displayName': 'PassEndY', 'value': 141}, 'value': '91.2'}, {'type': {'displayName': 'Length', 'value': 212}, 'value': '54.1'}, {'type': {'displayName': 'Zone', 'value': 56}, 'value': 'Left'}]",True,,,,,
1903330,FirstHalf,25,43.0,25,Pass,Successful,29,West Ham,313672.0,Kyle Walker-Peters,24.8,11.7,33.3,23.9,,,,,"[{'type': {'displayName': 'Length', 'value': 212}, 'value': '12.2'}, {'type': {'displayName': 'PassEndX', 'value': 140}, 'value': '33.3'}, {'type': {'displayName': 'Zone', 'value': 56}, 'value': 'Back'}, {'type': {'displayName': 'PassEndY', 'value': 141}, 'value': '23.9'}, {'type': {'displayName': 'Angle', 'value': 213}, 'value': '0.75'}]",True,,,,,
1903330,FirstHalf,25,44.0,25,BallRecovery,Successful,29,West Ham,319756.0,Lucas Paquetá,33.3,23.9,,,,,,,[],False,,,,,
1903330,FirstHalf,25,45.0,25,Pass,Successful,29,West Ham,319756.0,Lucas Paquetá,33.3,23.9,34.0,37.0,,,,,"[{'type': {'displayName': 'Length', 'value': 212}, 'value': '8.9'}, {'type': {'displayName': 'PassEndX', 'value': 140}, 'value': '34.0'}, {'type': {'displayName': 'PassEndY', 'value': 141}, 'value': '37.0'}, {'type': {'displayName': 'Angle', 'value': 213}, 'value': '1.49'}, {'type': {'displayName': 'Zone', 'value': 56}, 'value': 'Back'}]",True,,,,,
1903330,FirstHalf,25,47.0,25,Pass,Successful,29,West Ham,429534.0,Freddie Potts,34.0,37.0,47.2,38.2,,,,,"[{'type': {'displayName': 'Length', 'value': 212}, 'value': '13.9'}, {'type': {'displayName': 'PassEndX', 'value': 140}, 'value': '47.2'}, {'type': {'displayName': 'PassEndY', 'value': 141}, 'value': '38.2'}, {'type': {'displayName': 'Zone', 'value': 56}, 'value': 'Back'}, {'type': {'displayName': 'Angle', 'value': 213}, 'value': '0.06'}]",True,,,,,
1903330,FirstHalf,25,49.0,25,Pass,Successful,29,West Ham,447231.0,Mateus Fernandes,53.9,38.8,81.3,10.6,,,,,"[{'type': {'displayName': 'Longball', 'value': 1}}, {'type': {'displayName': 'Zone', 'value': 56}, 'value': 'Right'}, {'type': {'displayName': 'Angle', 'value': 213}, 'value': '5.70'}, {'type': {'displayName': 'PassEndY', 'value': 141}, 'value': '10.6'}, {'type': {'displayName': 'PassEndX', 'value': 140}, 'value': '81.3'}, {'type': {'displayName': 'Length', 'value': 212}, 'value': '34.6'}]",True,,,,,
1903330,FirstHalf,25,55.0,25,Pass,Successful,29,West Ham,313672.0,Kyle Walker-Peters,90.1,20.1,87.0,42.2,,,,,"[{'type': {'displayName': 'Length', 'value': 212}, 'value': '15.4'}, {'type': {'displayName': 'Zone', 'value': 56}, 'value': 'Center'}, {'type': {'displayName': 'PassEndX', 'value': 140}, 'value': '87.0'}, {'type': {'displayName': 'PassEndY', 'value': 141}, 'value': '42.2'}, {'type': {'displayName': 'Angle', 'value': 213}, 'value': '1.78'}]",True,,,,,
1903330,FirstHalf,25,56.0,25,BallTouch,Unsuccessful,29,West Ham,382564.0,Crysencio Summerville,87.1,41.5,,,,,,,"[{'type': {'displayName': 'Zone', 'value': 56}, 'value': 'Center'}]",True,,,,,
1903330,FirstHalf,25,57.0,25,Clearance,Successful,170,Fulham,297395.0,Sasa Lukic,10.4,59.7,39.8,100.0,,,,,"[{'type': {'displayName': 'Length', 'value': 212}, 'value': '42.0'}, {'type': {'displayName': 'PassEndY', 'value': 141}, 'value': '100.0'}, {'type': {'displayName': 'Angle', 'value': 213}, 'value': '0.74'}, {'type': {'displayName': 'Zone', 'value': 56}, 'value': 'Back'}, {'type': {'displayName': 'PassEndX', 'value': 140}, 'value': '39.8'}]",True,,,,,
1903330,FirstHalf,26,3.0,26,Pass,Successful,29,West Ham,443815.0,Soungoutou Magassa,62.0,0.0,66.1,7.1,,,,,"[{'type': {'displayName': 'PassEndX', 'value': 140}, 'value': '66.1'}, {'type': {'displayName': 'Length', 'value': 212}, 'value': '7.5'}, {'type': {'displayName': 'ThrowIn', 'value': 107}}, {'type': {'displayName': 'Angle', 'value': 213}, 'value': '0.96'}, {'type': {'displayName': 'PassEndY', 'value': 141}, 'value': '7.1'}, {'type': {'displayName': 'Zone', 'value': 56}, 'value': 'Right'}]",True,,,,,
1903330,FirstHalf,26,4.0,26,Pass,Successful,29,West Ham,319756.0,Lucas Paquetá,68.1,10.4,65.3,4.6,,,,,"[{'type': {'displayName': 'PassEndY', 'value': 141}, 'value': '4.6'}, {'type': {'displayName': 'Zone', 'value': 56}, 'value': 'Right'}, {'type': {'displayName': 'Length', 'value': 212}, 'value': '4.9'}, {'type': {'displayName': 'LayOff', 'value': 156}}, {'type': {'displayName': 'Angle', 'value': 213}, 'value': '4.07'}, {'type': {'displayName': 'PassEndX', 'value': 140}, 'value': '65.3'}]",True,,,,,
1903330,FirstHalf,26,6.0,26,Pass,Successful,29,West Ham,443815.0,Soungoutou Magassa,65.3,6.1,71.9,6.9,,,,,"[{'type': {'displayName': 'Length', 'value': 212}, 'value': '7.0'}, {'type': {'displayName': 'PassEndX', 'value': 140}, 'value': '71.9'}, {'type': {'displayName': 'PassEndY', 'value': 141}, 'value': '6.9'}, {'type': {'displayName': 'Angle', 'value': 213}, 'value': '0.08'}, {'type': {'displayName': 'Zone', 'value': 56}, 'value': 'Right'}]",True,,,,,
1903330,FirstHalf,26,7.0,26,TakeOn,Unsuccessful,29,West Ham,319756.0,Lucas Paquetá,71.9,6.9,,,,,,,"[{'type': {'displayName': 'Offensive', 'value': 286}}, {'type': {'displayName': 'Zone', 'value': 56}, 'value': 'Right'}]",True,,,,,
1903330,FirstHalf,26,10.0,26,Foul,Successful,29,West Ham,319756.0,Lucas Paquetá,63.0,9.8,,,,,,,"[{'type': {'displayName': 'Zone', 'value': 56}, 'value': 'Right'}, {'type': {'displayName': 'Offensive', 'value': 286}}, {'type': {'displayName': 'OppositeRelatedEvent', 'value': 233}, 'value': '269'}, {'type': {'displayName': 'Foul', 'value': 13}}]",True,,,,,
1903330,FirstHalf,26,10.0,26,Foul,Unsuccessful,170,Fulham,429174.0,Kevin,37.0,90.2,,,,,,,"[{'type': {'displayName': 'Zone', 'value': 56}, 'value': 'Back'}, {'type': {'displayName': 'OppositeRelatedEvent', 'value': 233}, 'value': '220'}, {'type': {'displayName': 'Foul', 'value': 13}}, {'type': {'displayName': 'Defensive', 'value': 285}}]",False,,,,,
1903330,FirstHalf,27,0.0,27,Pass,Successful,29,West Ham,429534.0,Freddie Potts,67.8,7.3,92.6,70.0,,,,,"[{'type': {'displayName': 'RightFoot', 'value': 20}}, {'type': {'displayName': 'Cross', 'value': 2}}, {'type': {'displayName': 'Angle', 'value': 213}, 'value': '1.02'}, {'type': {'displayName': 'Chipped', 'value': 155}}, {'type': {'displayName': 'Zone', 'value': 56}, 'value': 'Center'}, {'type': {'displayName': 'PassEndX', 'value': 140}, 'value': '92.6'}, {'type': {'displayName': 'Longball', 'value': 1}}, {'type': {'displayName': 'Length', 'value': 212}, 'value': '50.0'}, {'type': {'displayName': 'PassEndY', 'value': 141}, 'value': '70.0'}, {'type': {'displayName': 'FreekickTaken', 'value': 5}}]",True,,,,,
1903330,FirstHalf,27,2.0,27,Aerial,Successful,29,West Ham,368310.0,Maximilian Kilman,92.6,70.0,,,,,,,"[{'type': {'displayName': 'Zone', 'value': 56}, 'value': 'Center'}, {'type': {'displayName': 'OppositeRelatedEvent', 'value': 233}, 'value': '271'}, {'type': {'displayName': 'Offensive', 'value': 286}}]",False,,,,,
1903330,FirstHalf,27,2.0,27,Aerial,Unsuccessful,170,Fulham,108186.0,Raúl Jiménez,7.4,30.0,,,,,,,"[{'type': {'displayName': 'Zone', 'value': 56}, 'value': 'Back'}, {'type': {'displayName': 'Defensive', 'value': 285}}, {'type': {'displayName': 'OppositeRelatedEvent', 'value': 233}, 'value': '222'}]",False,,,,,
1903330,FirstHalf,27,3.0,27,Pass,Successful,29,West Ham,368310.0,Maximilian Kilman,92.6,70.0,87.4,56.1,,,,,"[{'type': {'displayName': 'ShotAssist', 'value': 210}, 'value': '15'}, {'type': {'displayName': 'PassEndY', 'value': 141}, 'value': '56.1'}, {'type': {'displayName': 'HeadPass', 'value': 3}}, {'type': {'displayName': 'Angle', 'value': 213}, 'value': '4.19'}, {'type': {'displayName': 'Zone', 'value': 56}, 'value': 'Center'}, {'type': {'displayName': 'IntentionalAssist', 'value': 154}}, {'type': {'displayName': 'Length', 'value': 212}, 'value': '10.9'}, {'type': {'displayName': 'PassEndX', 'value': 140}, 'value': '87.4'}, {'type': {'displayName': 'KeyPass', 'value': 11113}}]",True,,,,,
1903330,FirstHalf,27,5.0,27,SavedShot,Successful,29,West Ham,382564.0,Crysencio Summerville,87.4,56.1,,,52.0,19.0,95.1,53.6,"[{'type': {'displayName': 'GoalMouthY', 'value': 102}, 'value': '52.0'}, {'type': {'displayName': 'Assisted', 'value': 29}}, {'type': {'displayName': 'SixYardBlock', 'value': 100}}, {'type': {'displayName': 'LowLeft', 'value': 76}}, {'type': {'displayName': 'Zone', 'value': 56}, 'value': 'Center'}, {'type': {'displayName': 'LeftFoot', 'value': 72}}, {'type': {'displayName': 'Blocked', 'value': 82}}, {'type': {'displayName': 'BoxCentre', 'value': 17}}, {'type': {'displayName': 'BlockedY', 'value': 147}, 'value': '53.6'}, {'type': {'displayName': 'SetPiece', 'value': 24}}, {'type': {'displayName': 'FirstTouch', 'value': 328}}, {'type': {'displayName': 'RelatedEventId', 'value': 55}, 'value': '223'}, {'type': {'displayName': 'BlockedX', 'value': 146}, 'value': '95.1'}, {'type': {'displayName': 'OppositeRelatedEvent', 'value': 233}, 'value': '272'}, {'type': {'displayName': 'IntentionalAssist', 'value': 154}}, {'type': {'displayName': 'GoalMouthZ', 'value': 103}, 'value': '19'}]",True,True,,,223.0,368310.0
1903330,FirstHalf,27,5.0,27,Save,Successful,170,Fulham,231135.0,Joachim Andersen,3.6,46.0,,,,,,,"[{'type': {'displayName': 'Zone', 'value': 56}, 'value': 'Back'}, {'type': {'displayName': 'OppositeRelatedEvent', 'value': 233}, 'value': '224'}, {'type': {'displayName': 'OutfielderBlock', 'value': 94}}]",True,,,,,
1903330,FirstHalf,27,5.0,27,CornerAwarded,Successful,29,West Ham,382564.0,Crysencio Summerville,91.4,52.4,,,,,,,"[{'type': {'displayName': 'MissRight', 'value': 75}}, {'type': {'displayName': 'Zone', 'value': 56}, 'value': 'Center'}, {'type': {'displayName': 'OppositeRelatedEvent', 'value': 233}, 'value': '273'}]",False,,,,,
1903330,FirstHalf,27,5.0,27,CornerAwarded,Unsuccessful,170,Fulham,231135.0,Joachim Andersen,8.6,47.6,,,,,,,"[{'type': {'displayName': 'MissLeft', 'value': 73}}, {'type': {'displayName': 'OppositeRelatedEvent', 'value': 233}, 'value': '225'}, {'type': {'displayName': 'Zone', 'value': 56}, 'value': 'Back'}]",False,,,,,
1903330,FirstHalf,27,42.0,27,Pass,Unsuccessful,29,West Ham,459708.0,Ollie Scarles,99.5,0.5,97.0,41.5,,,,,"[{'type': {'displayName': 'Chipped', 'value': 155}}, {'type': {'displayName': 'Cross', 'value': 2}}, {'type': {'displayName': 'CornerTaken', 'value': 6}}, {'type': {'displayName': 'Zone', 'value': 56}, 'value': 'Center'}, {'type': {'displayName': 'LeftFoot', 'value': 72}}, {'type': {'displayName': 'Angle', 'value': 213}, 'value': '1.66'}, {'type': {'displayName': 'Length', 'value': 212}, 'value': '28.0'}, {'type': {'displayName': 'PassEndX', 'value': 140}, 'value': '97.0'}, {'type': {'displayName': 'PassEndY', 'value': 141}, 'value': '41.5'}]",True,,,,,
1903330,FirstHalf,27,43.0,27,Aerial,Successful,29,West Ham,322596.0,Jarrod Bowen,97.0,41.5,,,,,,,"[{'type': {'displayName': 'Offensive', 'value': 286}}, {'type': {'displayName': 'Zone', 'value': 56}, 'value': 'Center'}, {'type': {'displayName': 'OppositeRelatedEvent', 'value': 233}, 'value': '274'}]",False,,,,,
1903330,FirstHalf,27,43.0,27,Aerial,Unsuccessful,170,Fulham,333044.0,Harry Wilson,3.0,58.5,,,,,,,"[{'type': {'displayName': 'Defensive', 'value': 285}}, {'type': {'displayName': 'Zone', 'value': 56}, 'value': 'Back'}, {'type': {'displayName': 'OppositeRelatedEvent', 'value': 233}, 'value': '227'}]",False,,,,,
1903330,FirstHalf,27,44.0,27,Pass,Unsuccessful,29,West Ham,322596.0,Jarrod Bowen,96.9,39.1,96.6,43.2,,,,,"[{'type': {'displayName': 'Angle', 'value': 213}, 'value': '1.68'}, {'type': {'displayName': 'PassEndY', 'value': 141}, 'value': '43.2'}, {'type': {'displayName': 'PassEndX', 'value': 140}, 'value': '96.6'}, {'type': {'displayName': 'Length', 'value': 212}, 'value': '2.8'}, {'type': {'displayName': 'Zone', 'value': 56}, 'value': 'Center'}]",True,,,,,
1903330,FirstHalf,27,45.0,27,Aerial,Successful,170,Fulham,363686.0,Emile Smith Rowe,6.9,61.8,,,,,,,"[{'type': {'displayName': 'Zone', 'value': 56}, 'value': 'Back'}, {'type': {'displayName': 'OppositeRelatedEvent', 'value': 233}, 'value': '229'}, {'type': {'displayName': 'Defensive', 'value': 285}}]",False,,,,,
1903330,FirstHalf,27,45.0,27,Aerial,Unsuccessful,29,West Ham,361710.0,Jean-Clair Todibo,93.1,38.2,,,,,,,"[{'type': {'displayName': 'Zone', 'value': 56}, 'value': 'Center'}, {'type': {'displayName': 'Offensive', 'value': 286}}, {'type': {'displayName': 'OppositeRelatedEvent', 'value': 233}, 'value': '276'}]",False,,,,,
1903330,FirstHalf,27,46.0,27,Clearance,Successful,170,Fulham,363686.0,Emile Smith Rowe,9.3,65.0,19.4,76.9,,,,,"[{'type': {'displayName': 'Length', 'value': 212}, 'value': '13.3'}, {'type': {'displayName': 'PassEndX', 'value': 140}, 'value': '19.4'}, {'type': {'displayName': 'Zone', 'value': 56}, 'value': 'Back'}, {'type': {'displayName': 'Head', 'value': 15}}, {'type': {'displayName': 'PassEndY', 'value': 141}, 'value': '76.9'}, {'type': {'displayName': 'Angle', 'value': 213}, 'value': '0.65'}]",True,,,,,
1903330,FirstHalf,27,50.0,27,BallRecovery,Successful,170,Fulham,429174.0,Kevin,23.8,77.7,,,,,,,[],False,,,,,
1903330,FirstHalf,27,51.0,27,Foul,Successful,170,Fulham,,,28.8,82.4,,,,,,,"[{'type': {'displayName': 'OppositeRelatedEvent', 'value': 233}, 'value': '228'}, {'type': {'displayName': 'Defensive', 'value': 285}}, {'type': {'displayName': 'Zone', 'value': 56}, 'value': 'Back'}]",True,,,,,
1903330,FirstHalf,27,51.0,27,Foul,Unsuccessful,29,West Ham,459708.0,Ollie Scarles,71.2,17.6,,,,,,,"[{'type': {'displayName': 'Zone', 'value': 56}, 'value': 'Right'}, {'type': {'displayName': 'Offensive', 'value': 286}}, {'type': {'displayName': 'OppositeRelatedEvent', 'value': 233}, 'value': '279'}]",False,,,,,
1903330,FirstHalf,28,11.0,28,Pass,Successful,170,Fulham,333182.0,Jorge Cuenca,31.6,74.5,19.6,54.7,,,,,"[{'type': {'displayName': 'Angle', 'value': 213}, 'value': '3.96'}, {'type': {'displayName': 'FreekickTaken', 'value': 5}}, {'type': {'displayName': 'Length', 'value': 212}, 'value': '18.4'}, {'type': {'displayName': 'PassEndX', 'value': 140}, 'value': '19.6'}, {'type': {'displayName': 'Zone', 'value': 56}, 'value': 'Back'}, {'type': {'displayName': 'PassEndY', 'value': 141}, 'value': '54.7'}]",True,,,,,
1903330,FirstHalf,28,12.0,28,Pass,Successful,170,Fulham,92173.0,Bernd Leno,19.6,52.9,29.4,24.9,,,,,"[{'type': {'displayName': 'Angle', 'value': 213}, 'value': '5.21'}, {'type': {'displayName': 'PassEndX', 'value': 140}, 'value': '29.4'}, {'type': {'displayName': 'PassEndY', 'value': 141}, 'value': '24.9'}, {'type': {'displayName': 'Length', 'value': 212}, 'value': '21.6'}, {'type': {'displayName': 'Zone', 'value': 56}, 'value': 'Back'}]",True,,,,,
1903330,FirstHalf,28,16.0,28,Pass,Successful,170,Fulham,231135.0,Joachim Andersen,36.4,25.9,28.9,44.4,,,,,"[{'type': {'displayName': 'Angle', 'value': 213}, 'value': '2.13'}, {'type': {'displayName': 'PassEndY', 'value': 141}, 'value': '44.4'}, {'type': {'displayName': 'Length', 'value': 212}, 'value': '14.8'}, {'type': {'displayName': 'PassEndX', 'value': 140}, 'value': '28.9'}, {'type': {'displayName': 'Zone', 'value': 56}, 'value': 'Back'}]",True,,,,,
1903330,FirstHalf,28,23.0,28,Pass,Unsuccessful,170,Fulham,92173.0,Bernd Leno,33.7,44.2,73.4,92.7,,,,,"[{'type': {'displayName': 'Chipped', 'value': 155}}, {'type': {'displayName': 'Length', 'value': 212}, 'value': '53.2'}, {'type': {'displayName': 'PassEndX', 'value': 140}, 'value': '73.4'}, {'type': {'displayName': 'Angle', 'value': 213}, 'value': '0.67'}, {'type': {'displayName': 'PassEndY', 'value': 141}, 'value': '92.7'}, {'type': {'displayName': 'Zone', 'value': 56}, 'value': 'Left'}, {'type': {'displayName': 'Longball', 'value': 1}}]",True,,,,,
1903330,FirstHalf,28,29.0,28,BallRecovery,Successful,29,West Ham,313672.0,Kyle Walker-Peters,29.4,9.8,,,,,,,[],False,,,,,
1903330,FirstHalf,28,30.0,28,Pass,Successful,29,West Ham,313672.0,Kyle Walker-Peters,29.4,9.8,49.4,7.0,,,,,"[{'type': {'displayName': 'Chipped', 'value': 155}}, {'type': {'displayName': 'Length', 'value': 212}, 'value': '21.1'}, {'type': {'displayName': 'Angle', 'value': 213}, 'value': '6.19'}, {'type': {'displayName': 'PassEndX', 'value': 140}, 'value': '49.4'}, {'type': {'displayName': 'PassEndY', 'value': 141}, 'value': '7.0'}, {'type': {'displayName': 'Zone', 'value': 56}, 'value': 'Back'}]",True,,,,,
1903330,FirstHalf,28,32.0,28,Pass,Unsuccessful,29,West Ham,319756.0,Lucas Paquetá,55.6,7.6,72.4,31.5,,,,,"[{'type': {'displayName': 'Angle', 'value': 213}, 'value': '0.74'}, {'type': {'displayName': 'Zone', 'value': 56}, 'value': 'Center'}, {'type': {'displayName': 'PassEndY', 'value': 141}, 'value': '31.5'}, {'type': {'displayName': 'PassEndX', 'value': 140}, 'value': '72.4'}, {'type': {'displayName': 'Length', 'value': 212}, 'value': '24.0'}, {'type': {'displayName': 'Chipped', 'value': 155}}]",True,,,,,
1903330,FirstHalf,28,33.0,28,Pass,Successful,170,Fulham,231135.0,Joachim Andersen,31.3,80.8,34.1,93.6,,,,,"[{'type': {'displayName': 'Zone', 'value': 56}, 'value': 'Back'}, {'type': {'displayName': 'PassEndY', 'value': 141}, 'value': '93.6'}, {'type': {'displayName': 'Angle', 'value': 213}, 'value': '1.25'}, {'type': {'displayName': 'HeadPass', 'value': 3}}, {'type': {'displayName': 'Length', 'value': 212}, 'value': '9.2'}, {'type': {'displayName': 'PassEndX', 'value': 140}, 'value': '34.1'}]",True,,,,,
1903330,FirstHalf,28,35.0,28,Pass,Successful,170,Fulham,333182.0,Jorge Cuenca,34.2,93.6,37.3,85.0,,,,,"[{'type': {'displayName': 'Length', 'value': 212}, 'value': '6.7'}, {'type': {'displayName': 'PassEndY', 'value': 141}, 'value': '85.0'}, {'type': {'displayName': 'Zone', 'value': 56}, 'value': 'Back'}, {'type': {'displayName': 'HeadPass', 'value': 3}}, {'type': {'displayName': 'PassEndX', 'value': 140}, 'value': '37.3'}, {'type': {'displayName': 'Angle', 'value': 213}, 'value': '5.22'}]",True,,,,,
1903330,FirstHalf,28,37.0,28,BallRecovery,Successful,170,Fulham,321020.0,Sander Berge,37.3,85.0,,,,,,,[],False,,,,,
1903330,FirstHalf,28,37.0,28,Pass,Successful,170,Fulham,321020.0,Sander Berge,37.3,85.0,30.4,89.8,,,,,"[{'type': {'displayName': 'PassEndX', 'value': 140}, 'value': '30.4'}, {'type': {'displayName': 'PassEndY', 'value': 141}, 'value': '89.8'}, {'type': {'displayName': 'Length', 'value': 212}, 'value': '7.9'}, {'type': {'displayName': 'Angle', 'value': 213}, 'value': '2.72'}, {'type': {'displayName': 'Zone', 'value': 56}, 'value': 'Back'}]",True,,,,,
1903330,FirstHalf,28,38.0,28,Pass,Successful,170,Fulham,333182.0,Jorge Cuenca,29.2,89.8,37.3,73.9,,,,,"[{'type': {'displayName': 'PassEndY', 'value': 141}, 'value': '73.9'}, {'type': {'displayName': 'Angle', 'value': 213}, 'value': '5.38'}, {'type': {'displayName': 'Zone', 'value': 56}, 'value': 'Back'}, {'type': {'displayName': 'Length', 'value': 212}, 'value': '13.8'}, {'type': {'displayName': 'PassEndX', 'value': 140}, 'value': '37.3'}]",True,,,,,
1903330,FirstHalf,28,41.0,28,Pass,Successful,170,Fulham,297395.0,Sasa Lukic,42.4,68.5,60.7,95.1,,,,,"[{'type': {'displayName': 'PassEndX', 'value': 140}, 'value': '60.7'}, {'type': {'displayName': 'Length', 'value': 212}, 'value': '26.4'}, {'type': {'displayName': 'PassEndY', 'value': 141}, 'value': '95.1'}, {'type': {'displayName': 'Angle', 'value': 213}, 'value': '0.76'}, {'type': {'displayName': 'Zone', 'value': 56}, 'value': 'Left'}]",True,,,,,
1903330,FirstHalf,28,46.0,28,Pass,Successful,170,Fulham,306581.0,Antonee Robinson,73.2,91.2,87.1,61.2,,,,,"[{'type': {'displayName': 'Cross', 'value': 2}}, {'type': {'displayName': 'Zone', 'value': 56}, 'value': 'Center'}, {'type': {'displayName': 'PassEndY', 'value': 141}, 'value': '61.2'}, {'type': {'displayName': 'Angle', 'value': 213}, 'value': '5.33'}, {'type': {'displayName': 'LeftFoot', 'value': 72}}, {'type': {'displayName': 'Chipped', 'value': 155}}, {'type': {'displayName': 'Length', 'value': 212}, 'value': '25.1'}, {'type': {'displayName': 'PassEndX', 'value': 140}, 'value': '87.1'}]",True,,,,,
1903330,FirstHalf,28,48.0,28,TakeOn,Unsuccessful,170,Fulham,108186.0,Raúl Jiménez,90.2,62.8,,,,,,,"[{'type': {'displayName': 'OppositeRelatedEvent', 'value': 233}, 'value': '234'}, {'type': {'displayName': 'Zone', 'value': 56}, 'value': 'Center'}, {'type': {'displayName': 'Offensive', 'value': 286}}]",True,,,,,
1903330,FirstHalf,28,48.0,28,Tackle,Unsuccessful,29,West Ham,368310.0,Maximilian Kilman,9.8,37.2,,,,,,,"[{'type': {'displayName': 'StandingSave', 'value': 178}}, {'type': {'displayName': 'Zone', 'value': 56}, 'value': 'Back'}, {'type': {'displayName': 'Defensive', 'value': 285}}, {'type': {'displayName': 'OppositeRelatedEvent', 'value': 233}, 'value': '412'}]",True,,,,,
1903330,FirstHalf,28,49.0,28,BallTouch,Successful,170,Fulham,108186.0,Raúl Jiménez,88.6,62.1,,,,,,,"[{'type': {'displayName': 'Zone', 'value': 56}, 'value': 'Center'}]",True,,,,,
1903330,FirstHalf,28,50.0,28,Clearance,Successful,29,West Ham,368310.0,Maximilian Kilman,3.9,30.7,9.6,0.0,,,,,"[{'type': {'displayName': 'Length', 'value': 212}, 'value': '22.8'}, {'type': {'displayName': 'PassEndY', 'value': 141}, 'value': '0.0'}, {'type': {'displayName': 'Zone', 'value': 56}, 'value': 'Back'}, {'type': {'displayName': 'PassEndX', 'value': 140}, 'value': '9.6'}, {'type': {'displayName': 'Angle', 'value': 213}, 'value': '4.98'}]",True,,,,,
1903330,FirstHalf,29,3.0,29,Pass,Successful,170,Fulham,306581.0,Antonee Robinson,88.5,100.0,88.5,56.2,,,,,"[{'type': {'displayName': 'PassEndY', 'value': 141}, 'value': '56.2'}, {'type': {'displayName': 'Angle', 'value': 213}, 'value': '4.71'}, {'type': {'displayName': 'Zone', 'value': 56}, 'value': 'Center'}, {'type': {'displayName': 'Longball', 'value': 1}}, {'type': {'displayName': 'Length', 'value': 212}, 'value': '30.5'}, {'type': {'displayName': 'ThrowIn', 'value': 107}}, {'type': {'displayName': 'PassEndX', 'value': 140}, 'value': '88.5'}]",True,,,,,
1903330,FirstHalf,29,7.0,29,Pass,Unsuccessful,170,Fulham,333182.0,Jorge Cuenca,71.5,94.3,86.5,50.1,,,,,"[{'type': {'displayName': 'LeftFoot', 'value': 72}}, {'type': {'displayName': 'Chipped', 'value': 155}}, {'type': {'displayName': 'PassEndX', 'value': 140}, 'value': '86.5'}, {'type': {'displayName': 'PassEndY', 'value': 141}, 'value': '50.1'}, {'type': {'displayName': 'Zone', 'value': 56}, 'value': 'Center'}, {'type': {'displayName': 'Angle', 'value': 213}, 'value': '5.20'}, {'type': {'displayName': 'Length', 'value': 212}, 'value': '33.9'}, {'type': {'displayName': 'Cross', 'value': 2}}, {'type': {'displayName': 'Longball', 'value': 1}}]",True,,,,,
1903330,FirstHalf,29,9.0,29,Clearance,Successful,29,West Ham,368310.0,Maximilian Kilman,10.9,57.6,24.0,74.2,,,,,"[{'type': {'displayName': 'Head', 'value': 15}}, {'type': {'displayName': 'Angle', 'value': 213}, 'value': '0.69'}, {'type': {'displayName': 'PassEndY', 'value': 141}, 'value': '74.2'}, {'type': {'displayName': 'PassEndX', 'value': 140}, 'value': '24.0'}, {'type': {'displayName': 'Length', 'value': 212}, 'value': '17.8'}, {'type': {'displayName': 'Zone', 'value': 56}, 'value': 'Back'}]",True,,,,,
1903330,FirstHalf,29,10.0,29,Clearance,Successful,29,West Ham,382564.0,Crysencio Summerville,23.8,74.1,34.9,64.9,,,,,"[{'type': {'displayName': 'Zone', 'value': 56}, 'value': 'Back'}, {'type': {'displayName': 'Length', 'value': 212}, 'value': '13.2'}, {'type': {'displayName': 'PassEndX', 'value': 140}, 'value': '34.9'}, {'type': {'displayName': 'PassEndY', 'value': 141}, 'value': '64.9'}, {'type': {'displayName': 'Angle', 'value': 213}, 'value': '5.79'}, {'type': {'displayName': 'Head', 'value': 15}}]",True,,,,,
1903330,FirstHalf,29,13.0,29,Pass,Successful,170,Fulham,145996.0,Kenny Tete,62.4,36.4,64.5,44.4,,,,,"[{'type': {'displayName': 'Length', 'value': 212}, 'value': '5.9'}, {'type': {'displayName': 'Angle', 'value': 213}, 'value': '1.19'}, {'type': {'displayName': 'PassEndX', 'value': 140}, 'value': '64.5'}, {'type': {'displayName': 'PassEndY', 'value': 141}, 'value': '44.4'}, {'type': {'displayName': 'Zone', 'value': 56}, 'value': 'Center'}]",True,,,,,
1903330,FirstHalf,29,14.0,29,Pass,Successful,170,Fulham,321020.0,Sander Berge,64.4,46.9,64.7,27.1,,,,,"[{'type': {'displayName': 'PassEndY', 'value': 141}, 'value': '27.1'}, {'type': {'displayName': 'Angle', 'value': 213}, 'value': '4.74'}, {'type': {'displayName': 'Length', 'value': 212}, 'value': '13.5'}, {'type': {'displayName': 'PassEndX', 'value': 140}, 'value': '64.7'}, {'type': {'displayName': 'Zone', 'value': 56}, 'value': 'Center'}]",True,,,,,
1903330,FirstHalf,29,20.0,29,Pass,Successful,170,Fulham,297395.0,Sasa Lukic,63.8,22.6,59.6,36.7,,,,,"[{'type': {'displayName': 'Zone', 'value': 56}, 'value': 'Center'}, {'type': {'displayName': 'Angle', 'value': 213}, 'value': '2.00'}, {'type': {'displayName': 'PassEndX', 'value': 140}, 'value': '59.6'}, {'type': {'displayName': 'PassEndY', 'value': 141}, 'value': '36.7'}, {'type': {'displayName': 'Length', 'value': 212}, 'value': '10.6'}]",True,,,,,
1903330,FirstHalf,29,23.0,29,Pass,Successful,170,Fulham,321020.0,Sander Berge,58.1,36.0,56.1,68.8,,,,,"[{'type': {'displayName': 'PassEndX', 'value': 140}, 'value': '56.1'}, {'type': {'displayName': 'Length', 'value': 212}, 'value': '22.4'}, {'type': {'displayName': 'Zone', 'value': 56}, 'value': 'Center'}, {'type': {'displayName': 'Angle', 'value': 213}, 'value': '1.66'}, {'type': {'displayName': 'PassEndY', 'value': 141}, 'value': '68.8'}]",True,,,,,
1903330,FirstHalf,29,25.0,29,Pass,Successful,170,Fulham,333182.0,Jorge Cuenca,60.0,76.6,71.0,94.9,,,,,"[{'type': {'displayName': 'PassEndY', 'value': 141}, 'value': '94.9'}, {'type': {'displayName': 'Angle', 'value': 213}, 'value': '0.82'}, {'type': {'displayName': 'Zone', 'value': 56}, 'value': 'Left'}, {'type': {'displayName': 'PassEndX', 'value': 140}, 'value': '71.0'}, {'type': {'displayName': 'Length', 'value': 212}, 'value': '17.0'}]",True,,,,,
1903330,FirstHalf,29,29.0,29,Pass,Successful,170,Fulham,306581.0,Antonee Robinson,71.0,94.9,56.2,95.2,,,,,"[{'type': {'displayName': 'PassEndX', 'value': 140}, 'value': '56.2'}, {'type': {'displayName': 'Length', 'value': 212}, 'value': '15.5'}, {'type': {'displayName': 'Zone', 'value': 56}, 'value': 'Left'}, {'type': {'displayName': 'Angle', 'value': 213}, 'value': '3.13'}, {'type': {'displayName': 'PassEndY', 'value': 141}, 'value': '95.2'}]",True,,,,,
1903330,FirstHalf,29,30.0,29,Pass,Successful,170,Fulham,333182.0,Jorge Cuenca,56.2,94.5,59.5,82.3,,,,,"[{'type': {'displayName': 'PassEndY', 'value': 141}, 'value': '82.3'}, {'type': {'displayName': 'Zone', 'value': 56}, 'value': 'Left'}, {'type': {'displayName': 'PassEndX', 'value': 140}, 'value': '59.5'}, {'type': {'displayName': 'Length', 'value': 212}, 'value': '9.0'}, {'type': {'displayName': 'Angle', 'value': 213}, 'value': '5.11'}]",True,,,,,
1903330,FirstHalf,29,32.0,29,Pass,Successful,170,Fulham,321020.0,Sander Berge,59.5,84.0,66.6,96.9,,,,,"[{'type': {'displayName': 'Angle', 'value': 213}, 'value': '0.87'}, {'type': {'displayName': 'PassEndX', 'value': 140}, 'value': '66.6'}, {'type': {'displayName': 'Length', 'value': 212}, 'value': '11.5'}, {'type': {'displayName': 'Zone', 'value': 56}, 'value': 'Left'}, {'type': {'displayName': 'PassEndY', 'value': 141}, 'value': '96.9'}]",True,,,,,
1903330,FirstHalf,29,34.0,29,Pass,Successful,170,Fulham,306581.0,Antonee Robinson,66.9,94.9,75.7,63.7,,,,,"[{'type': {'displayName': 'Zone', 'value': 56}, 'value': 'Center'}, {'type': {'displayName': 'Length', 'value': 212}, 'value': '23.1'}, {'type': {'displayName': 'PassEndX', 'value': 140}, 'value': '75.7'}, {'type': {'displayName': 'PassEndY', 'value': 141}, 'value': '63.7'}, {'type': {'displayName': 'Angle', 'value': 213}, 'value': '5.12'}]",True,,,,,
1903330,FirstHalf,29,36.0,29,Pass,Successful,170,Fulham,108186.0,Raúl Jiménez,75.0,63.4,80.6,69.1,,,,,"[{'type': {'displayName': 'ShotAssist', 'value': 210}, 'value': '15'}, {'type': {'displayName': 'Length', 'value': 212}, 'value': '7.0'}, {'type': {'displayName': 'PassEndX', 'value': 140}, 'value': '80.6'}, {'type': {'displayName': 'PassEndY', 'value': 141}, 'value': '69.1'}, {'type': {'displayName': 'Zone', 'value': 56}, 'value': 'Center'}, {'type': {'displayName': 'Angle', 'value': 213}, 'value': '0.58'}, {'type': {'displayName': 'IntentionalAssist', 'value': 154}}, {'type': {'displayName': 'KeyPass', 'value': 11113}}]",True,,,,,
1903330,FirstHalf,29,39.0,29,SavedShot,Successful,170,Fulham,429174.0,Kevin,86.4,52.5,,,51.0,4.4,98.0,50.5,"[{'type': {'displayName': 'LowCentre', 'value': 78}}, {'type': {'displayName': 'IndividualPlay', 'value': 215}}, {'type': {'displayName': 'RelatedEventId', 'value': 55}, 'value': '303'}, {'type': {'displayName': 'IntentionalAssist', 'value': 154}}, {'type': {'displayName': 'GoalMouthY', 'value': 102}, 'value': '51.0'}, {'type': {'displayName': 'BlockedX', 'value': 146}, 'value': '98.0'}, {'type': {'displayName': 'BoxCentre', 'value': 17}}, {'type': {'displayName': 'RightFoot', 'value': 20}}, {'type': {'displayName': 'BlockedY', 'value': 147}, 'value': '50.5'}, {'type': {'displayName': 'Zone', 'value': 56}, 'value': 'Center'}, {'type': {'displayName': 'Assisted', 'value': 29}}, {'type': {'displayName': 'GoalMouthZ', 'value': 103}, 'value': '4.4'}, {'type': {'displayName': 'OppositeRelatedEvent', 'value': 233}, 'value': '240'}, {'type': {'displayName': 'RegularPlay', 'value': 22}}]",True,True,,,303.0,108186.0
1903330,FirstHalf,29,39.0,29,Save,Successful,29,West Ham,92516.0,Alphonse Areola,4.4,49.8,,,,,,,"[{'type': {'displayName': 'Zone', 'value': 56}, 'value': 'Back'}, {'type': {'displayName': 'OppositeRelatedEvent', 'value': 233}, 'value': '304'}, {'type': {'displayName': 'Collected', 'value': 177}}, {'type': {'displayName': 'Hands', 'value': 182}}, {'type': {'displayName': 'KeeperSaveInTheBox', 'value': 11115}}]",True,,,,,
1903330,FirstHalf,29,40.0,29,KeeperPickup,Successful,29,West Ham,92516.0,Alphonse Areola,7.2,44.3,,,,,,,[],False,,,,,
1903330,FirstHalf,29,49.0,29,Pass,Successful,29,West Ham,92516.0,Alphonse Areola,9.0,46.7,14.1,65.7,,,,,"[{'type': {'displayName': 'Length', 'value': 212}, 'value': '14.0'}, {'type': {'displayName': 'PassEndX', 'value': 140}, 'value': '14.1'}, {'type': {'displayName': 'KeeperThrow', 'value': 123}}, {'type': {'displayName': 'Angle', 'value': 213}, 'value': '1.18'}, {'type': {'displayName': 'Zone', 'value': 56}, 'value': 'Back'}, {'type': {'displayName': 'PassEndY', 'value': 141}, 'value': '65.7'}]",True,,,,,
1903330,FirstHalf,29,52.0,29,Pass,Successful,29,West Ham,368310.0,Maximilian Kilman,19.7,65.5,21.4,49.1,,,,,"[{'type': {'displayName': 'PassEndY', 'value': 141}, 'value': '49.1'}, {'type': {'displayName': 'Angle', 'value': 213}, 'value': '4.87'}, {'type': {'displayName': 'Zone', 'value': 56}, 'value': 'Back'}, {'type': {'displayName': 'PassEndX', 'value': 140}, 'value': '21.4'}, {'type': {'displayName': 'Length', 'value': 212}, 'value': '11.3'}]",True,,,,,
1903330,FirstHalf,29,54.0,29,Pass,Successful,29,West Ham,429534.0,Freddie Potts,22.3,47.0,25.4,74.7,,,,,"[{'type': {'displayName': 'PassEndY', 'value': 141}, 'value': '74.7'}, {'type': {'displayName': 'Zone', 'value': 56}, 'value': 'Back'}, {'type': {'displayName': 'Length', 'value': 212}, 'value': '19.1'}, {'type': {'displayName': 'PassEndX', 'value': 140}, 'value': '25.4'}, {'type': {'displayName': 'Angle', 'value': 213}, 'value': '1.40'}]",True,,,,,
1903330,FirstHalf,29,58.0,29,Pass,Successful,29,West Ham,368310.0,Maximilian Kilman,27.7,75.4,28.3,65.1,,,,,"[{'type': {'displayName': 'PassEndX', 'value': 140}, 'value': '28.3'}, {'type': {'displayName': 'Angle', 'value': 213}, 'value': '4.80'}, {'type': {'displayName': 'Zone', 'value': 56}, 'value': 'Back'}, {'type': {'displayName': 'PassEndY', 'value': 141}, 'value': '65.1'}, {'type': {'displayName': 'Length', 'value': 212}, 'value': '7.0'}]",True,,,,,
1903330,FirstHalf,30,0.0,30,Pass,Successful,29,West Ham,429534.0,Freddie Potts,28.4,64.6,24.0,30.3,,,,,"[{'type': {'displayName': 'Length', 'value': 212}, 'value': '23.8'}, {'type': {'displayName': 'PassEndX', 'value': 140}, 'value': '24.0'}, {'type': {'displayName': 'PassEndY', 'value': 141}, 'value': '30.3'}, {'type': {'displayName': 'Angle', 'value': 213}, 'value': '4.52'}, {'type': {'displayName': 'Zone', 'value': 56}, 'value': 'Back'}]",True,,,,,
1903330,FirstHalf,30,3.0,30,Pass,Successful,29,West Ham,361710.0,Jean-Clair Todibo,25.9,27.9,35.0,4.9,,,,,"[{'type': {'displayName': 'Zone', 'value': 56}, 'value': 'Back'}, {'type': {'displayName': 'Length', 'value': 212}, 'value': '18.3'}, {'type': {'displayName': 'Angle', 'value': 213}, 'value': '5.26'}, {'type': {'displayName': 'PassEndX', 'value': 140}, 'value': '35.0'}, {'type': {'displayName': 'PassEndY', 'value': 141}, 'value': '4.9'}]",True,,,,,
1903330,FirstHalf,30,5.0,30,Pass,Successful,29,West Ham,313672.0,Kyle Walker-Peters,34.9,4.6,28.9,14.9,,,,,"[{'type': {'displayName': 'PassEndX', 'value': 140}, 'value': '28.9'}, {'type': {'displayName': 'Angle', 'value': 213}, 'value': '2.30'}, {'type': {'displayName': 'Zone', 'value': 56}, 'value': 'Back'}, {'type': {'displayName': 'PassEndY', 'value': 141}, 'value': '14.9'}, {'type': {'displayName': 'Length', 'value': 212}, 'value': '9.4'}]",True,,,,,
1903330,FirstHalf,30,7.0,30,Pass,Successful,29,West Ham,361710.0,Jean-Clair Todibo,27.4,14.6,8.7,40.1,,,,,"[{'type': {'displayName': 'PassEndX', 'value': 140}, 'value': '8.7'}, {'type': {'displayName': 'Length', 'value': 212}, 'value': '26.2'}, {'type': {'displayName': 'Zone', 'value': 56}, 'value': 'Back'}, {'type': {'displayName': 'PassEndY', 'value': 141}, 'value': '40.1'}, {'type': {'displayName': 'Angle', 'value': 213}, 'value': '2.42'}]",True,,,,,
1903330,FirstHalf,30,11.0,30,Pass,Unsuccessful,29,West Ham,92516.0,Alphonse Areola,8.7,40.1,39.6,0.0,,,,,"[{'type': {'displayName': 'Longball', 'value': 1}}, {'type': {'displayName': 'PassEndY', 'value': 141}, 'value': '0.0'}, {'type': {'displayName': 'PassEndX', 'value': 140}, 'value': '39.6'}, {'type': {'displayName': 'Length', 'value': 212}, 'value': '43.3'}, {'type': {'displayName': 'Zone', 'value': 56}, 'value': 'Back'}, {'type': {'displayName': 'Angle', 'value': 213}, 'value': '5.56'}]",True,,,,,
1903330,FirstHalf,30,29.0,30,Pass,Successful,170,Fulham,306581.0,Antonee Robinson,63.2,100.0,71.2,96.3,,,,,"[{'type': {'displayName': 'Angle', 'value': 213}, 'value': '5.91'}, {'type': {'displayName': 'PassEndX', 'value': 140}, 'value': '71.2'}, {'type': {'displayName': 'ThrowIn', 'value': 107}}, {'type': {'displayName': 'Length', 'value': 212}, 'value': '9.0'}, {'type': {'displayName': 'Zone', 'value': 56}, 'value': 'Left'}, {'type': {'displayName': 'PassEndY', 'value': 141}, 'value': '96.3'}]",True,,,,,
1903330,FirstHalf,30,31.0,30,Pass,Successful,170,Fulham,108186.0,Raúl Jiménez,70.8,96.7,63.1,97.5,,,,,"[{'type': {'displayName': 'PassEndY', 'value': 141}, 'value': '97.5'}, {'type': {'displayName': 'Angle', 'value': 213}, 'value': '3.07'}, {'type': {'displayName': 'Zone', 'value': 56}, 'value': 'Left'}, {'type': {'displayName': 'PassEndX', 'value': 140}, 'value': '63.1'}, {'type': {'displayName': 'Length', 'value': 212}, 'value': '8.1'}]",True,,,,,
1903330,FirstHalf,30,34.0,30,Pass,Successful,170,Fulham,306581.0,Antonee Robinson,53.9,94.8,30.5,56.8,,,,,"[{'type': {'displayName': 'PassEndX', 'value': 140}, 'value': '30.5'}, {'type': {'displayName': 'Angle', 'value': 213}, 'value': '3.95'}, {'type': {'displayName': 'PassEndY', 'value': 141}, 'value': '56.8'}, {'type': {'displayName': 'Longball', 'value': 1}}, {'type': {'displayName': 'Zone', 'value': 56}, 'value': 'Back'}, {'type': {'displayName': 'Length', 'value': 212}, 'value': '35.7'}]",True,,,,,
1903330,FirstHalf,30,38.0,30,Pass,Successful,170,Fulham,92173.0,Bernd Leno,30.5,55.5,35.2,83.8,,,,,"[{'type': {'displayName': 'Angle', 'value': 213}, 'value': '1.32'}, {'type': {'displayName': 'Length', 'value': 212}, 'value': '19.9'}, {'type': {'displayName': 'PassEndY', 'value': 141}, 'value': '83.8'}, {'type': {'displayName': 'PassEndX', 'value': 140}, 'value': '35.2'}, {'type': {'displayName': 'Zone', 'value': 56}, 'value': 'Back'}]",True,,,,,
1903330,FirstHalf,30,40.0,30,Pass,Successful,170,Fulham,333182.0,Jorge Cuenca,36.0,84.6,41.3,72.9,,,,,"[{'type': {'displayName': 'Angle', 'value': 213}, 'value': '5.32'}, {'type': {'displayName': 'Length', 'value': 212}, 'value': '9.7'}, {'type': {'displayName': 'PassEndX', 'value': 140}, 'value': '41.3'}, {'type': {'displayName': 'Zone', 'value': 56}, 'value': 'Back'}, {'type': {'displayName': 'PassEndY', 'value': 141}, 'value': '72.9'}]",True,,,,,
1903330,FirstHalf,30,42.0,30,Pass,Successful,170,Fulham,321020.0,Sander Berge,41.3,72.9,20.3,62.1,,,,,"[{'type': {'displayName': 'Angle', 'value': 213}, 'value': '3.46'}, {'type': {'displayName': 'PassEndY', 'value': 141}, 'value': '62.1'}, {'type': {'displayName': 'Zone', 'value': 56}, 'value': 'Back'}, {'type': {'displayName': 'Length', 'value': 212}, 'value': '23.2'}, {'type': {'displayName': 'PassEndX', 'value': 140}, 'value': '20.3'}]",True,,,,,
1903330,FirstHalf,30,46.0,30,Pass,Successful,170,Fulham,92173.0,Bernd Leno,20.2,57.1,26.7,33.0,,,,,"[{'type': {'displayName': 'PassEndY', 'value': 141}, 'value': '33.0'}, {'type': {'displayName': 'Angle', 'value': 213}, 'value': '5.11'}, {'type': {'displayName': 'Zone', 'value': 56}, 'value': 'Back'}, {'type': {'displayName': 'Length', 'value': 212}, 'value': '17.8'}, {'type': {'displayName': 'PassEndX', 'value': 140}, 'value': '26.7'}]",True,,,,,
1903330,FirstHalf,30,50.0,30,Pass,Successful,170,Fulham,231135.0,Joachim Andersen,35.8,24.7,58.8,9.1,,,,,"[{'type': {'displayName': 'PassEndX', 'value': 140}, 'value': '58.8'}, {'type': {'displayName': 'PassEndY', 'value': 141}, 'value': '9.1'}, {'type': {'displayName': 'Length', 'value': 212}, 'value': '26.4'}, {'type': {'displayName': 'Angle', 'value': 213}, 'value': '5.87'}, {'type': {'displayName': 'Zone', 'value': 56}, 'value': 'Right'}]",True,,,,,
1903330,FirstHalf,30,52.0,30,Pass,Successful,170,Fulham,333044.0,Harry Wilson,58.8,9.1,47.2,5.4,,,,,"[{'type': {'displayName': 'Length', 'value': 212}, 'value': '12.4'}, {'type': {'displayName': 'PassEndX', 'value': 140}, 'value': '47.2'}, {'type': {'displayName': 'Angle', 'value': 213}, 'value': '3.35'}, {'type': {'displayName': 'LayOff', 'value': 156}}, {'type': {'displayName': 'PassEndY', 'value': 141}, 'value': '5.4'}, {'type': {'displayName': 'Zone', 'value': 56}, 'value': 'Back'}]",True,,,,,
1903330,FirstHalf,30,56.0,30,Pass,Successful,170,Fulham,145996.0,Kenny Tete,38.4,5.7,26.9,4.3,,,,,"[{'type': {'displayName': 'PassEndX', 'value': 140}, 'value': '26.9'}, {'type': {'displayName': 'Length', 'value': 212}, 'value': '12.1'}, {'type': {'displayName': 'Angle', 'value': 213}, 'value': '3.22'}, {'type': {'displayName': 'Zone', 'value': 56}, 'value': 'Back'}, {'type': {'displayName': 'PassEndY', 'value': 141}, 'value': '4.3'}]",True,,,,,
1903330,FirstHalf,30,58.0,30,Pass,Successful,170,Fulham,231135.0,Joachim Andersen,26.9,4.3,13.8,34.5,,,,,"[{'type': {'displayName': 'PassEndX', 'value': 140}, 'value': '13.8'}, {'type': {'displayName': 'Length', 'value': 212}, 'value': '24.7'}, {'type': {'displayName': 'Zone', 'value': 56}, 'value': 'Back'}, {'type': {'displayName': 'PassEndY', 'value': 141}, 'value': '34.5'}, {'type': {'displayName': 'Angle', 'value': 213}, 'value': '2.16'}]",True,,,,,
1903330,FirstHalf,31,5.0,31,Pass,Successful,170,Fulham,92173.0,Bernd Leno,15.2,44.4,31.1,98.1,,,,,"[{'type': {'displayName': 'Angle', 'value': 213}, 'value': '1.14'}, {'type': {'displayName': 'PassEndY', 'value': 141}, 'value': '98.1'}, {'type': {'displayName': 'Zone', 'value': 56}, 'value': 'Back'}, {'type': {'displayName': 'Longball', 'value': 1}}, {'type': {'displayName': 'PassEndX', 'value': 140}, 'value': '31.1'}, {'type': {'displayName': 'Chipped', 'value': 155}}, {'type': {'displayName': 'Length', 'value': 212}, 'value': '40.2'}]",True,,,,,
1903330,FirstHalf,31,8.0,31,Pass,Successful,170,Fulham,306581.0,Antonee Robinson,31.1,98.1,42.1,86.2,,,,,"[{'type': {'displayName': 'PassEndY', 'value': 141}, 'value': '86.2'}, {'type': {'displayName': 'Angle', 'value': 213}, 'value': '5.67'}, {'type': {'displayName': 'Length', 'value': 212}, 'value': '14.1'}, {'type': {'displayName': 'HeadPass', 'value': 3}}, {'type': {'displayName': 'Zone', 'value': 56}, 'value': 'Back'}, {'type': {'displayName': 'PassEndX', 'value': 140}, 'value': '42.1'}]",True,,,,,
1903330,FirstHalf,31,10.0,31,Pass,Successful,170,Fulham,429174.0,Kevin,42.3,86.1,45.1,76.3,,,,,"[{'type': {'displayName': 'Zone', 'value': 56}, 'value': 'Back'}, {'type': {'displayName': 'Length', 'value': 212}, 'value': '7.3'}, {'type': {'displayName': 'PassEndX', 'value': 140}, 'value': '45.1'}, {'type': {'displayName': 'PassEndY', 'value': 141}, 'value': '76.3'}, {'type': {'displayName': 'HeadPass', 'value': 3}}, {'type': {'displayName': 'Angle', 'value': 213}, 'value': '5.13'}]",True,,,,,
1903330,FirstHalf,31,14.0,31,Pass,Successful,170,Fulham,363686.0,Emile Smith Rowe,62.3,85.9,72.9,93.6,,,,,"[{'type': {'displayName': 'Length', 'value': 212}, 'value': '12.3'}, {'type': {'displayName': 'Zone', 'value': 56}, 'value': 'Left'}, {'type': {'displayName': 'PassEndX', 'value': 140}, 'value': '72.9'}, {'type': {'displayName': 'PassEndY', 'value': 141}, 'value': '93.6'}, {'type': {'displayName': 'Angle', 'value': 213}, 'value': '0.44'}]",True,,,,,
1903330,FirstHalf,31,16.0,31,Pass,Successful,170,Fulham,108186.0,Raúl Jiménez,71.9,93.7,67.0,82.6,,,,,"[{'type': {'displayName': 'Zone', 'value': 56}, 'value': 'Left'}, {'type': {'displayName': 'Length', 'value': 212}, 'value': '9.1'}, {'type': {'displayName': 'PassEndX', 'value': 140}, 'value': '67.0'}, {'type': {'displayName': 'PassEndY', 'value': 141}, 'value': '82.6'}, {'type': {'displayName': 'Angle', 'value': 213}, 'value': '4.11'}]",True,,,,,
1903330,FirstHalf,31,20.0,31,Pass,Unsuccessful,170,Fulham,429174.0,Kevin,67.1,77.7,70.0,76.0,,,,,"[{'type': {'displayName': 'Length', 'value': 212}, 'value': '3.3'}, {'type': {'displayName': 'Offensive', 'value': 286}}, {'type': {'displayName': 'PassEndX', 'value': 140}, 'value': '70.0'}, {'type': {'displayName': 'Zone', 'value': 56}, 'value': 'Center'}, {'type': {'displayName': 'Angle', 'value': 213}, 'value': '5.92'}, {'type': {'displayName': 'OppositeRelatedEvent', 'value': 233}, 'value': '253'}, {'type': {'displayName': 'PassEndY', 'value': 141}, 'value': '76.0'}]",True,,,,,
1903330,FirstHalf,31,20.0,31,BlockedPass,Successful,29,West Ham,443815.0,Soungoutou Magassa,30.0,24.0,,,,,,,"[{'type': {'displayName': 'Defensive', 'value': 285}}, {'type': {'displayName': 'OppositeRelatedEvent', 'value': 233}, 'value': '322'}, {'type': {'displayName': 'Zone', 'value': 56}, 'value': 'Back'}]",True,,,,,
1903330,FirstHalf,31,22.0,31,Pass,Successful,170,Fulham,321020.0,Sander Berge,63.1,66.4,65.0,49.9,,,,,"[{'type': {'displayName': 'Angle', 'value': 213}, 'value': '4.89'}, {'type': {'displayName': 'PassEndY', 'value': 141}, 'value': '49.9'}, {'type': {'displayName': 'PassEndX', 'value': 140}, 'value': '65.0'}, {'type': {'displayName': 'Zone', 'value': 56}, 'value': 'Center'}, {'type': {'displayName': 'Length', 'value': 212}, 'value': '11.4'}]",True,,,,,
1903330,FirstHalf,31,26.0,31,Pass,Successful,170,Fulham,297395.0,Sasa Lukic,65.9,46.2,64.3,60.1,,,,,"[{'type': {'displayName': 'Angle', 'value': 213}, 'value': '1.75'}, {'type': {'displayName': 'Zone', 'value': 56}, 'value': 'Center'}, {'type': {'displayName': 'PassEndY', 'value': 141}, 'value': '60.1'}, {'type': {'displayName': 'PassEndX', 'value': 140}, 'value': '64.3'}, {'type': {'displayName': 'Length', 'value': 212}, 'value': '9.6'}]",True,,,,,
1903330,FirstHalf,31,28.0,31,Pass,Successful,170,Fulham,321020.0,Sander Berge,64.2,62.7,70.8,91.5,,,,,"[{'type': {'displayName': 'PassEndY', 'value': 141}, 'value': '91.5'}, {'type': {'displayName': 'Zone', 'value': 56}, 'value': 'Left'}, {'type': {'displayName': 'Angle', 'value': 213}, 'value': '1.23'}, {'type': {'displayName': 'Length', 'value': 212}, 'value': '20.8'}, {'type': {'displayName': 'PassEndX', 'value': 140}, 'value': '70.8'}]",True,,,,,
1903330,FirstHalf,31,32.0,31,Pass,Successful,170,Fulham,306581.0,Antonee Robinson,73.5,94.9,62.6,76.5,,,,,"[{'type': {'displayName': 'PassEndX', 'value': 140}, 'value': '62.6'}, {'type': {'displayName': 'Zone', 'value': 56}, 'value': 'Center'}, {'type': {'displayName': 'Length', 'value': 212}, 'value': '17.0'}, {'type': {'displayName': 'PassEndY', 'value': 141}, 'value': '76.5'}, {'type': {'displayName': 'Angle', 'value': 213}, 'value': '3.97'}]",True,,,,,
1903330,FirstHalf,31,36.0,31,Pass,Successful,170,Fulham,321020.0,Sander Berge,64.5,67.2,65.4,40.3,,,,,"[{'type': {'displayName': 'Length', 'value': 212}, 'value': '18.3'}, {'type': {'displayName': 'ShotAssist', 'value': 210}, 'value': '15'}, {'type': {'displayName': 'PassEndX', 'value': 140}, 'value': '65.4'}, {'type': {'displayName': 'Angle', 'value': 213}, 'value': '4.76'}, {'type': {'displayName': 'Zone', 'value': 56}, 'value': 'Center'}, {'type': {'displayName': 'PassEndY', 'value': 141}, 'value': '40.3'}, {'type': {'displayName': 'KeyPass', 'value': 11113}}]",True,,,,,
1903330,FirstHalf,31,39.0,31,SavedShot,Successful,170,Fulham,231135.0,Joachim Andersen,71.6,39.5,,,49.2,8.9,98.2,49.1,"[{'type': {'displayName': 'Assisted', 'value': 29}}, {'type': {'displayName': 'GoalMouthZ', 'value': 103}, 'value': '8.9'}, {'type': {'displayName': 'Zone', 'value': 56}, 'value': 'Center'}, {'type': {'displayName': 'RightFoot', 'value': 20}}, {'type': {'displayName': 'GoalMouthY', 'value': 102}, 'value': '49.2'}, {'type': {'displayName': 'OppositeRelatedEvent', 'value': 233}, 'value': '254'}, {'type': {'displayName': 'BlockedX', 'value': 146}, 'value': '98.2'}, {'type': {'displayName': 'RelatedEventId', 'value': 55}, 'value': '327'}, {'type': {'displayName': 'IndividualPlay', 'value': 215}}, {'type': {'displayName': 'BlockedY', 'value': 147}, 'value': '49.1'}, {'type': {'displayName': 'LowCentre', 'value': 78}}, {'type': {'displayName': 'RegularPlay', 'value': 22}}, {'type': {'displayName': 'OutOfBoxCentre', 'value': 18}}]",True,True,,,327.0,321020.0
1903330,FirstHalf,31,39.0,31,Save,Successful,29,West Ham,92516.0,Alphonse Areola,4.3,53.4,,,,,,,"[{'type': {'displayName': 'Feet', 'value': 183}}, {'type': {'displayName': 'OppositeRelatedEvent', 'value': 233}, 'value': '328'}, {'type': {'displayName': 'Zone', 'value': 56}, 'value': 'Back'}, {'type': {'displayName': 'ParriedDanger', 'value': 174}}, {'type': {'displayName': 'KeeperSaveObox', 'value': 11117}}]",True,,,,,
1903330,FirstHalf,31,43.0,31,MissedShots,Successful,170,Fulham,333044.0,Harry Wilson,91.0,45.6,,,38.8,2.8,,,"[{'type': {'displayName': 'LeftFoot', 'value': 72}}, {'type': {'displayName': 'Zone', 'value': 56}, 'value': 'Center'}, {'type': {'displayName': 'BoxCentre', 'value': 17}}, {'type': {'displayName': 'GoalMouthY', 'value': 102}, 'value': '38.8'}, {'type': {'displayName': 'GoalMouthZ', 'value': 103}, 'value': '2.8'}, {'type': {'displayName': 'RegularPlay', 'value': 22}}, {'type': {'displayName': 'MissRight', 'value': 75}}, {'type': {'displayName': 'FirstTouch', 'value': 328}}]",True,True,,,,
1903330,FirstHalf,32,22.0,32,Pass,Unsuccessful,29,West Ham,92516.0,Alphonse Areola,3.1,50.7,54.5,25.8,,,,,"[{'type': {'displayName': 'PassEndY', 'value': 141}, 'value': '25.8'}, {'type': {'displayName': 'Zone', 'value': 56}, 'value': 'Center'}, {'type': {'displayName': 'Longball', 'value': 1}}, {'type': {'displayName': 'Length', 'value': 212}, 'value': '56.6'}, {'type': {'displayName': 'MissHigh', 'value': 74}}, {'type': {'displayName': 'PassEndX', 'value': 140}, 'value': '54.5'}, {'type': {'displayName': 'Angle', 'value': 213}, 'value': '5.98'}, {'type': {'displayName': 'GoalKick', 'value': 124}}]",True,,,,,
1903330,FirstHalf,32,24.0,32,Aerial,Successful,170,Fulham,321020.0,Sander Berge,45.5,74.2,,,,,,,"[{'type': {'displayName': 'Zone', 'value': 56}, 'value': 'Back'}, {'type': {'displayName': 'OppositeRelatedEvent', 'value': 233}, 'value': '258'}, {'type': {'displayName': 'Defensive', 'value': 285}}]",False,,,,,
1903330,FirstHalf,32,24.0,32,Aerial,Unsuccessful,29,West Ham,319756.0,Lucas Paquetá,54.5,25.8,,,,,,,"[{'type': {'displayName': 'Offensive', 'value': 286}}, {'type': {'displayName': 'OppositeRelatedEvent', 'value': 233}, 'value': '331'}, {'type': {'displayName': 'Zone', 'value': 56}, 'value': 'Center'}]",False,,,,,
1903330,FirstHalf,32,26.0,32,BallTouch,Unsuccessful,170,Fulham,321020.0,Sander Berge,42.5,82.2,,,,,,,"[{'type': {'displayName': 'Zone', 'value': 56}, 'value': 'Back'}]",True,,,,,
1903330,FirstHalf,32,27.0,32,Dispossessed,Successful,29,West Ham,322596.0,Jarrod Bowen,65.2,17.6,,,,,,,"[{'type': {'displayName': 'Zone', 'value': 56}, 'value': 'Right'}, {'type': {'displayName': 'OppositeRelatedEvent', 'value': 233}, 'value': '333'}, {'type': {'displayName': 'Offensive', 'value': 286}}]",True,,,,,
1903330,FirstHalf,32,27.0,32,Tackle,Unsuccessful,170,Fulham,306581.0,Antonee Robinson,34.8,82.4,,,,,,,"[{'type': {'displayName': 'Defensive', 'value': 285}}, {'type': {'displayName': 'OppositeRelatedEvent', 'value': 233}, 'value': '259'}, {'type': {'displayName': 'Zone', 'value': 56}, 'value': 'Back'}, {'type': {'displayName': 'StandingSave', 'value': 178}}]",True,,,,,
1903330,FirstHalf,32,28.0,32,Pass,Unsuccessful,29,West Ham,319756.0,Lucas Paquetá,63.2,19.4,66.0,20.1,,,,,"[{'type': {'displayName': 'Angle', 'value': 213}, 'value': '0.16'}, {'type': {'displayName': 'Zone', 'value': 56}, 'value': 'Right'}, {'type': {'displayName': 'PassEndY', 'value': 141}, 'value': '20.1'}, {'type': {'displayName': 'PassEndX', 'value': 140}, 'value': '66.0'}, {'type': {'displayName': 'Length', 'value': 212}, 'value': '3.0'}]",True,,,,,
1903330,FirstHalf,32,29.0,32,Interception,Successful,170,Fulham,333182.0,Jorge Cuenca,34.0,79.9,,,,,,,"[{'type': {'displayName': 'Zone', 'value': 56}, 'value': 'Back'}]",True,,,,,
1903330,FirstHalf,32,30.0,32,BallTouch,Unsuccessful,170,Fulham,333182.0,Jorge Cuenca,36.5,81.6,,,,,,,"[{'type': {'displayName': 'Zone', 'value': 56}, 'value': 'Back'}]",True,,,,,
1903330,FirstHalf,32,31.0,32,Pass,Unsuccessful,29,West Ham,443815.0,Soungoutou Magassa,63.5,21.0,99.3,12.9,,,,,"[{'type': {'displayName': 'Angle', 'value': 213}, 'value': '6.14'}, {'type': {'displayName': 'PassEndY', 'value': 141}, 'value': '12.9'}, {'type': {'displayName': 'PassEndX', 'value': 140}, 'value': '99.3'}, {'type': {'displayName': 'Zone', 'value': 56}, 'value': 'Right'}, {'type': {'displayName': 'Longball', 'value': 1}}, {'type': {'displayName': 'Length', 'value': 212}, 'value': '38.0'}]",True,,,,,
1903330,FirstHalf,32,35.0,32,KeeperPickup,Successful,170,Fulham,92173.0,Bernd Leno,14.1,64.2,,,,,,,[],False,,,,,
1903330,FirstHalf,32,59.0,32,Pass,Successful,170,Fulham,92173.0,Bernd Leno,15.3,47.7,23.2,19.2,,,,,"[{'type': {'displayName': 'Angle', 'value': 213}, 'value': '5.12'}, {'type': {'displayName': 'KeeperThrow', 'value': 123}}, {'type': {'displayName': 'PassEndX', 'value': 140}, 'value': '23.2'}, {'type': {'displayName': 'Zone', 'value': 56}, 'value': 'Back'}, {'type': {'displayName': 'Length', 'value': 212}, 'value': '21.1'}, {'type': {'displayName': 'PassEndY', 'value': 141}, 'value': '19.2'}]",True,,,,,
1903330,FirstHalf,33,,33,OffsideGiven,Unsuccessful,170,Fulham,108186.0,Raúl Jiménez,58.1,46.0,,,,,,,[],False,,,,,
1903330,FirstHalf,33,4.0,33,Pass,Successful,170,Fulham,231135.0,Joachim Andersen,32.4,16.3,20.5,43.9,,,,,"[{'type': {'displayName': 'Zone', 'value': 56}, 'value': 'Back'}, {'type': {'displayName': 'Length', 'value': 212}, 'value': '22.5'}, {'type': {'displayName': 'PassEndX', 'value': 140}, 'value': '20.5'}, {'type': {'displayName': 'Angle', 'value': 213}, 'value': '2.16'}, {'type': {'displayName': 'PassEndY', 'value': 141}, 'value': '43.9'}]",True,,,,,
1903330,FirstHalf,33,8.0,33,Pass,Successful,170,Fulham,92173.0,Bernd Leno,27.5,40.6,32.6,18.0,,,,,"[{'type': {'displayName': 'Length', 'value': 212}, 'value': '16.3'}, {'type': {'displayName': 'Angle', 'value': 213}, 'value': '5.05'}, {'type': {'displayName': 'PassEndY', 'value': 141}, 'value': '18.0'}, {'type': {'displayName': 'Zone', 'value': 56}, 'value': 'Back'}, {'type': {'displayName': 'PassEndX', 'value': 140}, 'value': '32.6'}]",True,,,,,
1903330,FirstHalf,33,14.0,33,Pass,Successful,170,Fulham,231135.0,Joachim Andersen,32.8,15.7,19.2,39.6,,,,,"[{'type': {'displayName': 'Length', 'value': 212}, 'value': '21.6'}, {'type': {'displayName': 'PassEndX', 'value': 140}, 'value': '19.2'}, {'type': {'displayName': 'PassEndY', 'value': 141}, 'value': '39.6'}, {'type': {'displayName': 'Zone', 'value': 56}, 'value': 'Back'}, {'type': {'displayName': 'Angle', 'value': 213}, 'value': '2.29'}]",True,,,,,
1903330,FirstHalf,33,17.0,33,OffsidePass,Successful,170,Fulham,92173.0,Bernd Leno,24.2,40.5,58.1,46.0,,,,,"[{'type': {'displayName': 'Longball', 'value': 1}}, {'type': {'displayName': 'PassEndY', 'value': 141}, 'value': '46.0'}, {'type': {'displayName': 'Zone', 'value': 56}, 'value': 'Center'}, {'type': {'displayName': 'PlayerCaughtOffside', 'value': 7}, 'value': '108186'}, {'type': {'displayName': 'PassEndX', 'value': 140}, 'value': '58.1'}]",True,,,,,
1903330,FirstHalf,33,17.0,33,OffsideProvoked,Successful,29,West Ham,368310.0,Maximilian Kilman,43.4,63.4,,,,,,,[],False,,,,,
1903330,FirstHalf,33,34.0,33,Pass,Successful,29,West Ham,429534.0,Freddie Potts,31.2,65.7,47.2,97.2,,,,,"[{'type': {'displayName': 'PassEndX', 'value': 140}, 'value': '47.2'}, {'type': {'displayName': 'Length', 'value': 212}, 'value': '27.2'}, {'type': {'displayName': 'IndirectFreekickTaken', 'value': 241}}, {'type': {'displayName': 'Angle', 'value': 213}, 'value': '0.91'}, {'type': {'displayName': 'FreekickTaken', 'value': 5}}, {'type': {'displayName': 'PassEndY', 'value': 141}, 'value': '97.2'}, {'type': {'displayName': 'Zone', 'value': 56}, 'value': 'Back'}]",True,,,,,
1903330,FirstHalf,33,36.0,33,Pass,Successful,29,West Ham,459708.0,Ollie Scarles,47.5,95.9,44.3,82.9,,,,,"[{'type': {'displayName': 'Zone', 'value': 56}, 'value': 'Back'}, {'type': {'displayName': 'Length', 'value': 212}, 'value': '9.5'}, {'type': {'displayName': 'PassEndX', 'value': 140}, 'value': '44.3'}, {'type': {'displayName': 'Angle', 'value': 213}, 'value': '4.35'}, {'type': {'displayName': 'PassEndY', 'value': 141}, 'value': '82.9'}]",True,,,,,
1903330,FirstHalf,33,38.0,33,Pass,Successful,29,West Ham,429534.0,Freddie Potts,44.3,82.9,58.9,82.4,,,,,"[{'type': {'displayName': 'Zone', 'value': 56}, 'value': 'Left'}, {'type': {'displayName': 'PassEndY', 'value': 141}, 'value': '82.4'}, {'type': {'displayName': 'Angle', 'value': 213}, 'value': '6.26'}, {'type': {'displayName': 'Length', 'value': 212}, 'value': '15.3'}, {'type': {'displayName': 'PassEndX', 'value': 140}, 'value': '58.9'}]",True,,,,,
1903330,FirstHalf,33,40.0,33,Dispossessed,Successful,29,West Ham,382564.0,Crysencio Summerville,56.2,73.6,,,,,,,"[{'type': {'displayName': 'Offensive', 'value': 286}}, {'type': {'displayName': 'Zone', 'value': 56}, 'value': 'Center'}, {'type': {'displayName': 'OppositeRelatedEvent', 'value': 233}, 'value': '342'}]",True,,,,,
1903330,FirstHalf,33,40.0,33,Tackle,Unsuccessful,170,Fulham,145996.0,Kenny Tete,43.8,26.4,,,,,,,"[{'type': {'displayName': 'Zone', 'value': 56}, 'value': 'Back'}, {'type': {'displayName': 'OppositeRelatedEvent', 'value': 233}, 'value': '273'}, {'type': {'displayName': 'Defensive', 'value': 285}}]",True,,,,,
1903330,FirstHalf,33,47.0,33,Pass,Successful,29,West Ham,382564.0,Crysencio Summerville,55.3,51.3,57.6,21.9,,,,,"[{'type': {'displayName': 'PassEndX', 'value': 140}, 'value': '57.6'}, {'type': {'displayName': 'Length', 'value': 212}, 'value': '20.1'}, {'type': {'displayName': 'Zone', 'value': 56}, 'value': 'Center'}, {'type': {'displayName': 'Angle', 'value': 213}, 'value': '4.83'}, {'type': {'displayName': 'PassEndY', 'value': 141}, 'value': '21.9'}]",True,,,,,
1903330,FirstHalf,33,50.0,33,Pass,Successful,29,West Ham,361710.0,Jean-Clair Todibo,60.6,19.5,72.6,5.3,,,,,"[{'type': {'displayName': 'PassEndX', 'value': 140}, 'value': '72.6'}, {'type': {'displayName': 'Length', 'value': 212}, 'value': '15.9'}, {'type': {'displayName': 'Zone', 'value': 56}, 'value': 'Right'}, {'type': {'displayName': 'Angle', 'value': 213}, 'value': '5.63'}, {'type': {'displayName': 'PassEndY', 'value': 141}, 'value': '5.3'}]",True,,,,,
1903330,FirstHalf,33,52.0,33,Pass,Successful,29,West Ham,313672.0,Kyle Walker-Peters,69.7,6.1,52.0,17.0,,,,,"[{'type': {'displayName': 'Length', 'value': 212}, 'value': '20.0'}, {'type': {'displayName': 'PassEndX', 'value': 140}, 'value': '52.0'}, {'type': {'displayName': 'PassEndY', 'value': 141}, 'value': '17.0'}, {'type': {'displayName': 'Zone', 'value': 56}, 'value': 'Right'}, {'type': {'displayName': 'Angle', 'value': 213}, 'value': '2.76'}]",True,,,,,
1903330,FirstHalf,33,56.0,33,Pass,Successful,29,West Ham,447231.0,Mateus Fernandes,52.0,17.0,57.2,53.6,,,,,"[{'type': {'displayName': 'PassEndY', 'value': 141}, 'value': '53.6'}, {'type': {'displayName': 'Zone', 'value': 56}, 'value': 'Center'}, {'type': {'displayName': 'Length', 'value': 212}, 'value': '25.5'}, {'type': {'displayName': 'PassEndX', 'value': 140}, 'value': '57.2'}, {'type': {'displayName': 'Angle', 'value': 213}, 'value': '1.35'}]",True,,,,,
1903330,FirstHalf,33,58.0,33,Pass,Successful,29,West Ham,429534.0,Freddie Potts,57.2,53.6,64.4,92.1,,,,,"[{'type': {'displayName': 'Angle', 'value': 213}, 'value': '1.29'}, {'type': {'displayName': 'PassEndX', 'value': 140}, 'value': '64.4'}, {'type': {'displayName': 'Length', 'value': 212}, 'value': '27.2'}, {'type': {'displayName': 'Zone', 'value': 56}, 'value': 'Left'}, {'type': {'displayName': 'PassEndY', 'value': 141}, 'value': '92.1'}]",True,,,,,
1903330,FirstHalf,34,2.0,34,Pass,Successful,29,West Ham,459708.0,Ollie Scarles,64.4,92.1,73.9,82.4,,,,,"[{'type': {'displayName': 'PassEndX', 'value': 140}, 'value': '73.9'}, {'type': {'displayName': 'Zone', 'value': 56}, 'value': 'Left'}, {'type': {'displayName': 'Angle', 'value': 213}, 'value': '5.70'}, {'type': {'displayName': 'PassEndY', 'value': 141}, 'value': '82.4'}, {'type': {'displayName': 'Length', 'value': 212}, 'value': '12.0'}]",True,,,,,
1903330,FirstHalf,34,4.0,34,Foul,Successful,29,West Ham,382564.0,Crysencio Summerville,72.2,79.8,,,,,,,"[{'type': {'displayName': 'Offensive', 'value': 286}}, {'type': {'displayName': 'OppositeRelatedEvent', 'value': 233}, 'value': '344'}, {'type': {'displayName': 'Foul', 'value': 13}}, {'type': {'displayName': 'Zone', 'value': 56}, 'value': 'Left'}]",True,,,,,
1903330,FirstHalf,34,4.0,34,Foul,Unsuccessful,170,Fulham,297395.0,Sasa Lukic,27.8,20.2,,,,,,,"[{'type': {'displayName': 'OppositeRelatedEvent', 'value': 233}, 'value': '272'}, {'type': {'displayName': 'Zone', 'value': 56}, 'value': 'Back'}, {'type': {'displayName': 'Foul', 'value': 13}}, {'type': {'displayName': 'Defensive', 'value': 285}}]",False,,,,,
1903330,FirstHalf,34,53.0,34,Pass,Unsuccessful,29,West Ham,429534.0,Freddie Potts,67.5,80.5,90.6,58.1,,,,,"[{'type': {'displayName': 'Length', 'value': 212}, 'value': '28.6'}, {'type': {'displayName': 'Cross', 'value': 2}}, {'type': {'displayName': 'Zone', 'value': 56}, 'value': 'Center'}, {'type': {'displayName': 'PassEndY', 'value': 141}, 'value': '58.1'}, {'type': {'displayName': 'Chipped', 'value': 155}}, {'type': {'displayName': 'RightFoot', 'value': 20}}, {'type': {'displayName': 'FreekickTaken', 'value': 5}}, {'type': {'displayName': 'PassEndX', 'value': 140}, 'value': '90.6'}, {'type': {'displayName': 'Angle', 'value': 213}, 'value': '5.72'}]",True,,,,,
1903330,FirstHalf,34,56.0,34,Interception,Successful,170,Fulham,145996.0,Kenny Tete,9.4,41.9,,,,,,,"[{'type': {'displayName': 'Zone', 'value': 56}, 'value': 'Back'}, {'type': {'displayName': 'LastMan', 'value': 14}}]",True,,,,,
1903330,FirstHalf,35,1.0,35,Clearance,Successful,170,Fulham,333044.0,Harry Wilson,13.3,28.8,65.8,34.0,,,,,"[{'type': {'displayName': 'PassEndX', 'value': 140}, 'value': '65.8'}, {'type': {'displayName': 'PassEndY', 'value': 141}, 'value': '34.0'}, {'type': {'displayName': 'Length', 'value': 212}, 'value': '55.2'}, {'type': {'displayName': 'Zone', 'value': 56}, 'value': 'Center'}, {'type': {'displayName': 'Angle', 'value': 213}, 'value': '0.06'}]",True,,,,,
1903330,FirstHalf,35,3.0,35,Pass,Successful,29,West Ham,313672.0,Kyle Walker-Peters,38.6,82.7,44.9,94.8,,,,,"[{'type': {'displayName': 'Zone', 'value': 56}, 'value': 'Back'}, {'type': {'displayName': 'Angle', 'value': 213}, 'value': '0.89'}, {'type': {'displayName': 'PassEndX', 'value': 140}, 'value': '44.9'}, {'type': {'displayName': 'PassEndY', 'value': 141}, 'value': '94.8'}, {'type': {'displayName': 'Length', 'value': 212}, 'value': '10.6'}]",True,,,,,
1903330,FirstHalf,35,6.0,35,Pass,Successful,29,West Ham,459708.0,Ollie Scarles,44.3,95.7,30.4,88.9,,,,,"[{'type': {'displayName': 'Angle', 'value': 213}, 'value': '3.45'}, {'type': {'displayName': 'Zone', 'value': 56}, 'value': 'Back'}, {'type': {'displayName': 'PassEndX', 'value': 140}, 'value': '30.4'}, {'type': {'displayName': 'PassEndY', 'value': 141}, 'value': '88.9'}, {'type': {'displayName': 'Length', 'value': 212}, 'value': '15.3'}]",True,,,,,
1903330,FirstHalf,35,8.0,35,Pass,Successful,29,West Ham,313672.0,Kyle Walker-Peters,30.1,87.8,8.0,47.8,,,,,"[{'type': {'displayName': 'Length', 'value': 212}, 'value': '35.8'}, {'type': {'displayName': 'Longball', 'value': 1}}, {'type': {'displayName': 'PassEndX', 'value': 140}, 'value': '8.0'}, {'type': {'displayName': 'PassEndY', 'value': 141}, 'value': '47.8'}, {'type': {'displayName': 'Zone', 'value': 56}, 'value': 'Back'}, {'type': {'displayName': 'Angle', 'value': 213}, 'value': '4.01'}]",True,,,,,
1903330,FirstHalf,35,15.0,35,Pass,Successful,29,West Ham,92516.0,Alphonse Areola,8.8,47.5,25.3,18.2,,,,,"[{'type': {'displayName': 'PassEndY', 'value': 141}, 'value': '18.2'}, {'type': {'displayName': 'Zone', 'value': 56}, 'value': 'Back'}, {'type': {'displayName': 'PassEndX', 'value': 140}, 'value': '25.3'}, {'type': {'displayName': 'Angle', 'value': 213}, 'value': '5.43'}, {'type': {'displayName': 'Length', 'value': 212}, 'value': '26.4'}]",True,,,,,
1903330,FirstHalf,35,16.0,35,Pass,Successful,29,West Ham,361710.0,Jean-Clair Todibo,26.8,15.9,42.2,6.7,,,,,"[{'type': {'displayName': 'PassEndY', 'value': 141}, 'value': '6.7'}, {'type': {'displayName': 'Angle', 'value': 213}, 'value': '5.91'}, {'type': {'displayName': 'Length', 'value': 212}, 'value': '17.3'}, {'type': {'displayName': 'Zone', 'value': 56}, 'value': 'Back'}, {'type': {'displayName': 'PassEndX', 'value': 140}, 'value': '42.2'}]",True,,,,,
1903330,FirstHalf,35,18.0,35,Pass,Successful,29,West Ham,319756.0,Lucas Paquetá,41.9,6.5,38.0,29.7,,,,,"[{'type': {'displayName': 'Zone', 'value': 56}, 'value': 'Back'}, {'type': {'displayName': 'Length', 'value': 212}, 'value': '16.3'}, {'type': {'displayName': 'PassEndY', 'value': 141}, 'value': '29.7'}, {'type': {'displayName': 'Angle', 'value': 213}, 'value': '1.82'}, {'type': {'displayName': 'PassEndX', 'value': 140}, 'value': '38.0'}]",True,,,,,
1903330,FirstHalf,35,21.0,35,Pass,Successful,29,West Ham,443815.0,Soungoutou Magassa,37.1,27.0,42.4,10.3,,,,,"[{'type': {'displayName': 'PassEndX', 'value': 140}, 'value': '42.4'}, {'type': {'displayName': 'Length', 'value': 212}, 'value': '12.6'}, {'type': {'displayName': 'Zone', 'value': 56}, 'value': 'Back'}, {'type': {'displayName': 'Angle', 'value': 213}, 'value': '5.17'}, {'type': {'displayName': 'PassEndY', 'value': 141}, 'value': '10.3'}]",True,,,,,
1903330,FirstHalf,35,22.0,35,Pass,Unsuccessful,29,West Ham,319756.0,Lucas Paquetá,42.4,10.3,59.2,20.6,,,,,"[{'type': {'displayName': 'Angle', 'value': 213}, 'value': '0.38'}, {'type': {'displayName': 'Zone', 'value': 56}, 'value': 'Right'}, {'type': {'displayName': 'PassEndY', 'value': 141}, 'value': '20.6'}, {'type': {'displayName': 'PassEndX', 'value': 140}, 'value': '59.2'}, {'type': {'displayName': 'Length', 'value': 212}, 'value': '19.0'}]",True,,,,,
1903330,FirstHalf,35,24.0,35,Pass,Successful,170,Fulham,333182.0,Jorge Cuenca,43.7,81.1,52.9,71.7,,,,,"[{'type': {'displayName': 'Zone', 'value': 56}, 'value': 'Center'}, {'type': {'displayName': 'Length', 'value': 212}, 'value': '11.6'}, {'type': {'displayName': 'PassEndX', 'value': 140}, 'value': '52.9'}, {'type': {'displayName': 'PassEndY', 'value': 141}, 'value': '71.7'}, {'type': {'displayName': 'Angle', 'value': 213}, 'value': '5.70'}]",True,,,,,
1903330,FirstHalf,35,26.0,35,BallTouch,Unsuccessful,170,Fulham,297395.0,Sasa Lukic,52.9,71.7,,,,,,,"[{'type': {'displayName': 'Zone', 'value': 56}, 'value': 'Center'}]",True,,,,,
1903330,FirstHalf,35,27.0,35,Pass,Successful,29,West Ham,443815.0,Soungoutou Magassa,38.4,28.0,42.9,38.6,,,,,"[{'type': {'displayName': 'Zone', 'value': 56}, 'value': 'Back'}, {'type': {'displayName': 'PassEndY', 'value': 141}, 'value': '38.6'}, {'type': {'displayName': 'Angle', 'value': 213}, 'value': '0.99'}, {'type': {'displayName': 'PassEndX', 'value': 140}, 'value': '42.9'}, {'type': {'displayName': 'Length', 'value': 212}, 'value': '8.6'}]",True,,,,,
1903330,FirstHalf,35,29.0,35,TakeOn,Successful,29,West Ham,447231.0,Mateus Fernandes,45.2,39.8,,,,,,,"[{'type': {'displayName': 'OppositeRelatedEvent', 'value': 233}, 'value': '349'}, {'type': {'displayName': 'Zone', 'value': 56}, 'value': 'Back'}, {'type': {'displayName': 'Offensive', 'value': 286}}]",True,,,,,
1903330,FirstHalf,35,29.0,35,Challenge,Unsuccessful,170,Fulham,297395.0,Sasa Lukic,54.8,60.2,,,,,,,"[{'type': {'displayName': 'OppositeRelatedEvent', 'value': 233}, 'value': '284'}, {'type': {'displayName': 'Defensive', 'value': 285}}, {'type': {'displayName': 'Zone', 'value': 56}, 'value': 'Center'}]",False,,,,,
1903330,FirstHalf,35,34.0,35,Pass,Unsuccessful,29,West Ham,447231.0,Mateus Fernandes,54.7,29.7,56.5,33.7,,,,,"[{'type': {'displayName': 'Length', 'value': 212}, 'value': '3.3'}, {'type': {'displayName': 'Chipped', 'value': 155}}, {'type': {'displayName': 'Angle', 'value': 213}, 'value': '0.96'}, {'type': {'displayName': 'PassEndX', 'value': 140}, 'value': '56.5'}, {'type': {'displayName': 'Zone', 'value': 56}, 'value': 'Center'}, {'type': {'displayName': 'PassEndY', 'value': 141}, 'value': '33.7'}]",True,,,,,
1903330,FirstHalf,35,35.0,35,Interception,Successful,170,Fulham,363686.0,Emile Smith Rowe,43.5,66.3,,,,,,,"[{'type': {'displayName': 'Zone', 'value': 56}, 'value': 'Back'}]",True,,,,,
1903330,FirstHalf,35,36.0,35,Pass,Successful,29,West Ham,447231.0,Mateus Fernandes,56.5,33.7,69.7,30.6,,,,,"[{'type': {'displayName': 'Angle', 'value': 213}, 'value': '6.13'}, {'type': {'displayName': 'PassEndX', 'value': 140}, 'value': '69.7'}, {'type': {'displayName': 'Length', 'value': 212}, 'value': '14.0'}, {'type': {'displayName': 'Zone', 'value': 56}, 'value': 'Center'}, {'type': {'displayName': 'PassEndY', 'value': 141}, 'value': '30.6'}]",True,,,,,
1903330,FirstHalf,35,37.0,35,Pass,Successful,29,West Ham,319756.0,Lucas Paquetá,69.7,30.6,61.5,22.7,,,,,"[{'type': {'displayName': 'Angle', 'value': 213}, 'value': '3.70'}, {'type': {'displayName': 'PassEndY', 'value': 141}, 'value': '22.7'}, {'type': {'displayName': 'Length', 'value': 212}, 'value': '10.1'}, {'type': {'displayName': 'PassEndX', 'value': 140}, 'value': '61.5'}, {'type': {'displayName': 'Zone', 'value': 56}, 'value': 'Center'}]",True,,,,,
1903330,FirstHalf,35,41.0,35,Pass,Successful,29,West Ham,447231.0,Mateus Fernandes,70.0,19.1,85.0,7.3,,,,,"[{'type': {'displayName': 'PassEndX', 'value': 140}, 'value': '85.0'}, {'type': {'displayName': 'Zone', 'value': 56}, 'value': 'Right'}, {'type': {'displayName': 'Angle', 'value': 213}, 'value': '5.81'}, {'type': {'displayName': 'Length', 'value': 212}, 'value': '17.7'}, {'type': {'displayName': 'PassEndY', 'value': 141}, 'value': '7.3'}]",True,,,,,
1903330,FirstHalf,35,45.0,35,Pass,Successful,29,West Ham,313672.0,Kyle Walker-Peters,87.8,7.6,73.8,9.2,,,,,"[{'type': {'displayName': 'PassEndX', 'value': 140}, 'value': '73.8'}, {'type': {'displayName': 'Length', 'value': 212}, 'value': '14.7'}, {'type': {'displayName': 'PassEndY', 'value': 141}, 'value': '9.2'}, {'type': {'displayName': 'Angle', 'value': 213}, 'value': '3.07'}, {'type': {'displayName': 'Zone', 'value': 56}, 'value': 'Right'}]",True,,,,,
1903330,FirstHalf,35,46.0,35,Pass,Unsuccessful,29,West Ham,429534.0,Freddie Potts,74.4,9.2,92.1,49.6,,,,,"[{'type': {'displayName': 'RightFoot', 'value': 20}}, {'type': {'displayName': 'PassEndY', 'value': 141}, 'value': '49.6'}, {'type': {'displayName': 'Angle', 'value': 213}, 'value': '0.98'}, {'type': {'displayName': 'Cross', 'value': 2}}, {'type': {'displayName': 'Zone', 'value': 56}, 'value': 'Center'}, {'type': {'displayName': 'PassEndX', 'value': 140}, 'value': '92.1'}, {'type': {'displayName': 'Longball', 'value': 1}}, {'type': {'displayName': 'Length', 'value': 212}, 'value': '33.2'}, {'type': {'displayName': 'Chipped', 'value': 155}}]",True,,,,,
1903330,FirstHalf,35,49.0,35,Clearance,Successful,170,Fulham,231135.0,Joachim Andersen,8.5,53.1,12.0,85.2,,,,,"[{'type': {'displayName': 'Length', 'value': 212}, 'value': '22.1'}, {'type': {'displayName': 'PassEndX', 'value': 140}, 'value': '12.0'}, {'type': {'displayName': 'Head', 'value': 15}}, {'type': {'displayName': 'Zone', 'value': 56}, 'value': 'Back'}, {'type': {'displayName': 'Angle', 'value': 213}, 'value': '1.40'}, {'type': {'displayName': 'PassEndY', 'value': 141}, 'value': '85.2'}]",True,,,,,
1903330,FirstHalf,35,52.0,35,BallTouch,Unsuccessful,29,West Ham,447231.0,Mateus Fernandes,91.4,17.7,,,,,,,"[{'type': {'displayName': 'Zone', 'value': 56}, 'value': 'Right'}]",True,,,,,
1903330,FirstHalf,35,56.0,35,Dispossessed,Successful,170,Fulham,306581.0,Antonee Robinson,8.6,85.2,,,,,,,"[{'type': {'displayName': 'OppositeRelatedEvent', 'value': 233}, 'value': '292'}, {'type': {'displayName': 'Defensive', 'value': 285}}, {'type': {'displayName': 'Zone', 'value': 56}, 'value': 'Back'}]",True,,,,,
1903330,FirstHalf,35,56.0,35,Tackle,Successful,29,West Ham,447231.0,Mateus Fernandes,91.4,14.8,,,,,,,"[{'type': {'displayName': 'Zone', 'value': 56}, 'value': 'Right'}, {'type': {'displayName': 'Offensive', 'value': 286}}, {'type': {'displayName': 'StandingSave', 'value': 178}}, {'type': {'displayName': 'OppositeRelatedEvent', 'value': 233}, 'value': '352'}]",True,,,,,
1903330,FirstHalf,36,20.0,36,Pass,Successful,170,Fulham,92173.0,Bernd Leno,5.0,52.8,13.5,18.9,,,,,"[{'type': {'displayName': 'PassEndY', 'value': 141}, 'value': '18.9'}, {'type': {'displayName': 'Zone', 'value': 56}, 'value': 'Back'}, {'type': {'displayName': 'Angle', 'value': 213}, 'value': '5.08'}, {'type': {'displayName': 'Length', 'value': 212}, 'value': '24.7'}, {'type': {'displayName': 'GoalKick', 'value': 124}}, {'type': {'displayName': 'PassEndX', 'value': 140}, 'value': '13.5'}]",True,,,,,
1903330,FirstHalf,36,24.0,36,Pass,Successful,170,Fulham,231135.0,Joachim Andersen,25.8,13.9,27.4,28.3,,,,,"[{'type': {'displayName': 'PassEndY', 'value': 141}, 'value': '28.3'}, {'type': {'displayName': 'PassEndX', 'value': 140}, 'value': '27.4'}, {'type': {'displayName': 'Length', 'value': 212}, 'value': '9.9'}, {'type': {'displayName': 'Angle', 'value': 213}, 'value': '1.40'}, {'type': {'displayName': 'Zone', 'value': 56}, 'value': 'Back'}]",True,,,,,
1903330,FirstHalf,36,25.0,36,Pass,Successful,170,Fulham,297395.0,Sasa Lukic,27.4,28.2,4.1,31.6,,,,,"[{'type': {'displayName': 'Length', 'value': 212}, 'value': '24.6'}, {'type': {'displayName': 'PassEndY', 'value': 141}, 'value': '31.6'}, {'type': {'displayName': 'Zone', 'value': 56}, 'value': 'Back'}, {'type': {'displayName': 'PassEndX', 'value': 140}, 'value': '4.1'}, {'type': {'displayName': 'Angle', 'value': 213}, 'value': '3.05'}]",True,,,,,
1903330,FirstHalf,36,28.0,36,Pass,Successful,170,Fulham,92173.0,Bernd Leno,2.6,30.3,16.6,4.9,,,,,"[{'type': {'displayName': 'PassEndY', 'value': 141}, 'value': '4.9'}, {'type': {'displayName': 'Zone', 'value': 56}, 'value': 'Back'}, {'type': {'displayName': 'Angle', 'value': 213}, 'value': '5.42'}, {'type': {'displayName': 'PassEndX', 'value': 140}, 'value': '16.6'}, {'type': {'displayName': 'Length', 'value': 212}, 'value': '22.7'}]",True,,,,,
1903330,FirstHalf,36,31.0,36,Pass,Successful,170,Fulham,231135.0,Joachim Andersen,14.5,4.3,44.4,9.1,,,,,"[{'type': {'displayName': 'PassEndY', 'value': 141}, 'value': '9.1'}, {'type': {'displayName': 'Angle', 'value': 213}, 'value': '0.10'}, {'type': {'displayName': 'Zone', 'value': 56}, 'value': 'Back'}, {'type': {'displayName': 'Length', 'value': 212}, 'value': '31.6'}, {'type': {'displayName': 'Chipped', 'value': 155}}, {'type': {'displayName': 'PassEndX', 'value': 140}, 'value': '44.4'}]",True,,,,,
1903330,FirstHalf,36,34.0,36,Aerial,Successful,170,Fulham,108186.0,Raúl Jiménez,44.4,9.1,,,,,,,"[{'type': {'displayName': 'Defensive', 'value': 285}}, {'type': {'displayName': 'OppositeRelatedEvent', 'value': 233}, 'value': '294'}, {'type': {'displayName': 'Zone', 'value': 56}, 'value': 'Back'}]",False,,,,,
1903330,FirstHalf,36,34.0,36,Aerial,Unsuccessful,29,West Ham,368310.0,Maximilian Kilman,55.6,90.9,,,,,,,"[{'type': {'displayName': 'Offensive', 'value': 286}}, {'type': {'displayName': 'Zone', 'value': 56}, 'value': 'Left'}, {'type': {'displayName': 'OppositeRelatedEvent', 'value': 233}, 'value': '359'}]",False,,,,,
1903330,FirstHalf,36,34.0,36,Pass,Successful,170,Fulham,108186.0,Raúl Jiménez,44.4,9.1,56.8,13.9,,,,,"[{'type': {'displayName': 'Zone', 'value': 56}, 'value': 'Right'}, {'type': {'displayName': 'Length', 'value': 212}, 'value': '13.4'}, {'type': {'displayName': 'HeadPass', 'value': 3}}, {'type': {'displayName': 'PassEndX', 'value': 140}, 'value': '56.8'}, {'type': {'displayName': 'PassEndY', 'value': 141}, 'value': '13.9'}, {'type': {'displayName': 'Angle', 'value': 213}, 'value': '0.25'}]",True,,,,,
1903330,FirstHalf,36,38.0,36,Pass,Successful,170,Fulham,333044.0,Harry Wilson,61.3,5.4,55.1,5.1,,,,,"[{'type': {'displayName': 'Length', 'value': 212}, 'value': '6.5'}, {'type': {'displayName': 'PassEndX', 'value': 140}, 'value': '55.1'}, {'type': {'displayName': 'Zone', 'value': 56}, 'value': 'Right'}, {'type': {'displayName': 'PassEndY', 'value': 141}, 'value': '5.1'}, {'type': {'displayName': 'Angle', 'value': 213}, 'value': '3.17'}]",True,,,,,
1903330,FirstHalf,36,40.0,36,Pass,Successful,170,Fulham,108186.0,Raúl Jiménez,55.5,5.1,59.3,13.6,,,,,"[{'type': {'displayName': 'PassEndX', 'value': 140}, 'value': '59.3'}, {'type': {'displayName': 'Length', 'value': 212}, 'value': '7.0'}, {'type': {'displayName': 'Zone', 'value': 56}, 'value': 'Right'}, {'type': {'displayName': 'Angle', 'value': 213}, 'value': '0.97'}, {'type': {'displayName': 'PassEndY', 'value': 141}, 'value': '13.6'}]",True,,,,,
1903330,FirstHalf,36,41.0,36,Pass,Successful,170,Fulham,333044.0,Harry Wilson,59.3,13.6,53.3,12.6,,,,,"[{'type': {'displayName': 'PassEndX', 'value': 140}, 'value': '53.3'}, {'type': {'displayName': 'Length', 'value': 212}, 'value': '6.3'}, {'type': {'displayName': 'Angle', 'value': 213}, 'value': '3.25'}, {'type': {'displayName': 'PassEndY', 'value': 141}, 'value': '12.6'}, {'type': {'displayName': 'Zone', 'value': 56}, 'value': 'Right'}]",True,,,,,
1903330,FirstHalf,36,42.0,36,Pass,Successful,170,Fulham,145996.0,Kenny Tete,53.4,13.6,45.5,31.2,,,,,"[{'type': {'displayName': 'Angle', 'value': 213}, 'value': '2.18'}, {'type': {'displayName': 'Zone', 'value': 56}, 'value': 'Back'}, {'type': {'displayName': 'PassEndY', 'value': 141}, 'value': '31.2'}, {'type': {'displayName': 'Length', 'value': 212}, 'value': '14.6'}, {'type': {'displayName': 'PassEndX', 'value': 140}, 'value': '45.5'}]",True,,,,,
1903330,FirstHalf,36,48.0,36,Pass,Successful,170,Fulham,321020.0,Sander Berge,53.3,55.2,77.2,93.4,,,,,"[{'type': {'displayName': 'Longball', 'value': 1}}, {'type': {'displayName': 'Zone', 'value': 56}, 'value': 'Left'}, {'type': {'displayName': 'Length', 'value': 212}, 'value': '36.1'}, {'type': {'displayName': 'Angle', 'value': 213}, 'value': '0.80'}, {'type': {'displayName': 'PassEndY', 'value': 141}, 'value': '93.4'}, {'type': {'displayName': 'PassEndX', 'value': 140}, 'value': '77.2'}]",True,,,,,
1903330,FirstHalf,36,52.0,36,Challenge,Unsuccessful,29,West Ham,313672.0,Kyle Walker-Peters,16.5,17.8,,,,,,,"[{'type': {'displayName': 'Defensive', 'value': 285}}, {'type': {'displayName': 'OppositeRelatedEvent', 'value': 233}, 'value': '366'}, {'type': {'displayName': 'Zone', 'value': 56}, 'value': 'Back'}]",False,,,,,
1903330,FirstHalf,36,52.0,36,TakeOn,Successful,170,Fulham,306581.0,Antonee Robinson,83.5,82.2,,,,,,,"[{'type': {'displayName': 'Offensive', 'value': 286}}, {'type': {'displayName': 'OppositeRelatedEvent', 'value': 233}, 'value': '295'}, {'type': {'displayName': 'Zone', 'value': 56}, 'value': 'Left'}]",True,,,,,
1903330,FirstHalf,36,53.0,36,Pass,Successful,170,Fulham,306581.0,Antonee Robinson,85.1,72.1,77.1,58.0,,,,,"[{'type': {'displayName': 'PassEndX', 'value': 140}, 'value': '77.1'}, {'type': {'displayName': 'Length', 'value': 212}, 'value': '12.7'}, {'type': {'displayName': 'Zone', 'value': 56}, 'value': 'Center'}, {'type': {'displayName': 'Angle', 'value': 213}, 'value': '3.99'}, {'type': {'displayName': 'PassEndY', 'value': 141}, 'value': '58.0'}]",True,,,,,
1903330,FirstHalf,36,55.0,36,Pass,Successful,170,Fulham,333044.0,Harry Wilson,74.0,65.1,86.7,75.3,,,,,"[{'type': {'displayName': 'Zone', 'value': 56}, 'value': 'Center'}, {'type': {'displayName': 'PassEndY', 'value': 141}, 'value': '75.3'}, {'type': {'displayName': 'Angle', 'value': 213}, 'value': '0.48'}, {'type': {'displayName': 'Length', 'value': 212}, 'value': '15.0'}, {'type': {'displayName': 'PassEndX', 'value': 140}, 'value': '86.7'}]",True,,,,,
1903330,FirstHalf,36,59.0,36,Pass,Successful,170,Fulham,306581.0,Antonee Robinson,82.4,86.1,66.5,86.7,,,,,"[{'type': {'displayName': 'Length', 'value': 212}, 'value': '16.7'}, {'type': {'displayName': 'Angle', 'value': 213}, 'value': '3.12'}, {'type': {'displayName': 'Zone', 'value': 56}, 'value': 'Left'}, {'type': {'displayName': 'PassEndX', 'value': 140}, 'value': '66.5'}, {'type': {'displayName': 'PassEndY', 'value': 141}, 'value': '86.7'}]",True,,,,,
1903330,FirstHalf,37,1.0,37,Pass,Successful,170,Fulham,333182.0,Jorge Cuenca,65.9,87.6,78.9,94.6,,,,,"[{'type': {'displayName': 'Angle', 'value': 213}, 'value': '0.34'}, {'type': {'displayName': 'Zone', 'value': 56}, 'value': 'Left'}, {'type': {'displayName': 'PassEndY', 'value': 141}, 'value': '94.6'}, {'type': {'displayName': 'Length', 'value': 212}, 'value': '14.5'}, {'type': {'displayName': 'PassEndX', 'value': 140}, 'value': '78.9'}]",True,,,,,
1903330,FirstHalf,37,3.0,37,Pass,Unsuccessful,170,Fulham,306581.0,Antonee Robinson,78.9,94.6,84.6,89.7,,,,,"[{'type': {'displayName': 'Length', 'value': 212}, 'value': '6.8'}, {'type': {'displayName': 'Zone', 'value': 56}, 'value': 'Left'}, {'type': {'displayName': 'PassEndX', 'value': 140}, 'value': '84.6'}, {'type': {'displayName': 'PassEndY', 'value': 141}, 'value': '89.7'}, {'type': {'displayName': 'Angle', 'value': 213}, 'value': '5.78'}]",True,,,,,
1903330,FirstHalf,37,5.0,37,Interception,Successful,29,West Ham,313672.0,Kyle Walker-Peters,15.4,10.3,,,,,,,"[{'type': {'displayName': 'Zone', 'value': 56}, 'value': 'Back'}]",True,,,,,
1903330,FirstHalf,37,12.0,37,Pass,Unsuccessful,170,Fulham,306581.0,Antonee Robinson,86.4,100.0,93.8,81.7,,,,,"[{'type': {'displayName': 'Angle', 'value': 213}, 'value': '5.24'}, {'type': {'displayName': 'Length', 'value': 212}, 'value': '15.5'}, {'type': {'displayName': 'PassEndX', 'value': 140}, 'value': '93.8'}, {'type': {'displayName': 'Zone', 'value': 56}, 'value': 'Left'}, {'type': {'displayName': 'PassEndY', 'value': 141}, 'value': '81.7'}, {'type': {'displayName': 'ThrowIn', 'value': 107}}]",True,,,,,
1903330,FirstHalf,37,16.0,37,BallRecovery,Successful,29,West Ham,429534.0,Freddie Potts,9.3,12.5,,,,,,,[],False,,,,,
1903330,FirstHalf,37,16.0,37,Pass,Unsuccessful,29,West Ham,429534.0,Freddie Potts,9.3,12.5,38.2,30.3,,,,,"[{'type': {'displayName': 'PassEndX', 'value': 140}, 'value': '38.2'}, {'type': {'displayName': 'Longball', 'value': 1}}, {'type': {'displayName': 'Zone', 'value': 56}, 'value': 'Back'}, {'type': {'displayName': 'Length', 'value': 212}, 'value': '32.7'}, {'type': {'displayName': 'PassEndY', 'value': 141}, 'value': '30.3'}, {'type': {'displayName': 'Angle', 'value': 213}, 'value': '0.38'}]",True,,,,,
1903330,FirstHalf,37,17.0,37,Pass,Unsuccessful,170,Fulham,231135.0,Joachim Andersen,59.8,76.3,70.6,92.8,,,,,"[{'type': {'displayName': 'Length', 'value': 212}, 'value': '16.0'}, {'type': {'displayName': 'PassEndX', 'value': 140}, 'value': '70.6'}, {'type': {'displayName': 'Angle', 'value': 213}, 'value': '0.78'}, {'type': {'displayName': 'Zone', 'value': 56}, 'value': 'Left'}, {'type': {'displayName': 'PassEndY', 'value': 141}, 'value': '92.8'}, {'type': {'displayName': 'Longball', 'value': 1}}]",True,,,,,
1903330,FirstHalf,37,25.0,37,Pass,Successful,29,West Ham,319756.0,Lucas Paquetá,63.2,7.0,59.4,15.9,,,,,"[{'type': {'displayName': 'Length', 'value': 212}, 'value': '7.2'}, {'type': {'displayName': 'Zone', 'value': 56}, 'value': 'Right'}, {'type': {'displayName': 'PassEndX', 'value': 140}, 'value': '59.4'}, {'type': {'displayName': 'PassEndY', 'value': 141}, 'value': '15.9'}, {'type': {'displayName': 'Angle', 'value': 213}, 'value': '2.15'}]",True,,,,,
1903330,FirstHalf,37,26.0,37,Pass,Successful,29,West Ham,443815.0,Soungoutou Magassa,59.4,15.9,62.0,8.5,,,,,"[{'type': {'displayName': 'Zone', 'value': 56}, 'value': 'Right'}, {'type': {'displayName': 'Angle', 'value': 213}, 'value': '5.21'}, {'type': {'displayName': 'PassEndY', 'value': 141}, 'value': '8.5'}, {'type': {'displayName': 'Length', 'value': 212}, 'value': '5.7'}, {'type': {'displayName': 'PassEndX', 'value': 140}, 'value': '62.0'}]",True,,,,,
1903330,FirstHalf,37,32.0,37,Pass,Successful,29,West Ham,319756.0,Lucas Paquetá,69.1,17.6,62.2,18.0,,,,,"[{'type': {'displayName': 'Length', 'value': 212}, 'value': '7.3'}, {'type': {'displayName': 'Zone', 'value': 56}, 'value': 'Right'}, {'type': {'displayName': 'PassEndX', 'value': 140}, 'value': '62.2'}, {'type': {'displayName': 'PassEndY', 'value': 141}, 'value': '18.0'}, {'type': {'displayName': 'Angle', 'value': 213}, 'value': '3.10'}]",True,,,,,
1903330,FirstHalf,37,34.0,37,Pass,Successful,29,West Ham,443815.0,Soungoutou Magassa,61.2,18.5,54.5,34.3,,,,,"[{'type': {'displayName': 'Angle', 'value': 213}, 'value': '2.15'}, {'type': {'displayName': 'Zone', 'value': 56}, 'value': 'Center'}, {'type': {'displayName': 'PassEndX', 'value': 140}, 'value': '54.5'}, {'type': {'displayName': 'PassEndY', 'value': 141}, 'value': '34.3'}, {'type': {'displayName': 'Length', 'value': 212}, 'value': '12.8'}]",True,,,,,
1903330,FirstHalf,37,36.0,37,Pass,Successful,29,West Ham,429534.0,Freddie Potts,55.5,34.9,76.9,94.8,,,,,"[{'type': {'displayName': 'Angle', 'value': 213}, 'value': '1.07'}, {'type': {'displayName': 'PassEndY', 'value': 141}, 'value': '94.8'}, {'type': {'displayName': 'PassEndX', 'value': 140}, 'value': '76.9'}, {'type': {'displayName': 'Longball', 'value': 1}}, {'type': {'displayName': 'Length', 'value': 212}, 'value': '46.5'}, {'type': {'displayName': 'Chipped', 'value': 155}}, {'type': {'displayName': 'Zone', 'value': 56}, 'value': 'Left'}]",True,,,,,
1903330,FirstHalf,37,44.0,37,Pass,Successful,29,West Ham,459708.0,Ollie Scarles,67.8,96.8,87.2,93.8,,,,,"[{'type': {'displayName': 'PassEndY', 'value': 141}, 'value': '93.8'}, {'type': {'displayName': 'PassEndX', 'value': 140}, 'value': '87.2'}, {'type': {'displayName': 'Zone', 'value': 56}, 'value': 'Left'}, {'type': {'displayName': 'Angle', 'value': 213}, 'value': '6.18'}, {'type': {'displayName': 'Length', 'value': 212}, 'value': '20.5'}]",True,,,,,
1903330,FirstHalf,37,48.0,37,Pass,Unsuccessful,29,West Ham,322596.0,Jarrod Bowen,93.9,89.3,95.8,56.6,,,,,"[{'type': {'displayName': 'PassEndX', 'value': 140}, 'value': '95.8'}, {'type': {'displayName': 'Length', 'value': 212}, 'value': '22.3'}, {'type': {'displayName': 'Chipped', 'value': 155}}, {'type': {'displayName': 'Cross', 'value': 2}}, {'type': {'displayName': 'LeftFoot', 'value': 72}}, {'type': {'displayName': 'Zone', 'value': 56}, 'value': 'Center'}, {'type': {'displayName': 'Angle', 'value': 213}, 'value': '4.80'}, {'type': {'displayName': 'PassEndY', 'value': 141}, 'value': '56.6'}]",True,,,,,
1903330,FirstHalf,37,50.0,37,Clearance,Successful,170,Fulham,333182.0,Jorge Cuenca,4.5,49.9,11.7,9.3,,,,,"[{'type': {'displayName': 'Angle', 'value': 213}, 'value': '4.98'}, {'type': {'displayName': 'PassEndX', 'value': 140}, 'value': '11.7'}, {'type': {'displayName': 'PassEndY', 'value': 141}, 'value': '9.3'}, {'type': {'displayName': 'Length', 'value': 212}, 'value': '28.6'}, {'type': {'displayName': 'Head', 'value': 15}}, {'type': {'displayName': 'Zone', 'value': 56}, 'value': 'Back'}]",True,,,,,
1903330,FirstHalf,37,54.0,37,Foul,Successful,170,Fulham,145996.0,Kenny Tete,17.3,9.9,,,,,,,"[{'type': {'displayName': 'Foul', 'value': 13}}, {'type': {'displayName': 'Defensive', 'value': 285}}, {'type': {'displayName': 'OppositeRelatedEvent', 'value': 233}, 'value': '307'}, {'type': {'displayName': 'Zone', 'value': 56}, 'value': 'Back'}]",True,,,,,
1903330,FirstHalf,37,54.0,37,Foul,Unsuccessful,29,West Ham,459708.0,Ollie Scarles,82.7,90.1,,,,,,,"[{'type': {'displayName': 'OppositeRelatedEvent', 'value': 233}, 'value': '377'}, {'type': {'displayName': 'Zone', 'value': 56}, 'value': 'Left'}, {'type': {'displayName': 'Offensive', 'value': 286}}, {'type': {'displayName': 'Foul', 'value': 13}}]",False,,,,,
1903330,FirstHalf,38,17.0,38,Pass,Successful,170,Fulham,231135.0,Joachim Andersen,14.1,11.1,8.5,28.2,,,,,"[{'type': {'displayName': 'Angle', 'value': 213}, 'value': '2.04'}, {'type': {'displayName': 'PassEndX', 'value': 140}, 'value': '8.5'}, {'type': {'displayName': 'Length', 'value': 212}, 'value': '13.0'}, {'type': {'displayName': 'Zone', 'value': 56}, 'value': 'Back'}, {'type': {'displayName': 'FreekickTaken', 'value': 5}}, {'type': {'displayName': 'PassEndY', 'value': 141}, 'value': '28.2'}]",True,,,,,
1903330,FirstHalf,38,18.0,38,Pass,Successful,170,Fulham,92173.0,Bernd Leno,8.5,28.3,23.6,5.7,,,,,"[{'type': {'displayName': 'PassEndY', 'value': 141}, 'value': '5.7'}, {'type': {'displayName': 'Angle', 'value': 213}, 'value': '5.51'}, {'type': {'displayName': 'PassEndX', 'value': 140}, 'value': '23.6'}, {'type': {'displayName': 'Zone', 'value': 56}, 'value': 'Back'}, {'type': {'displayName': 'Length', 'value': 212}, 'value': '22.1'}]",True,,,,,
1903330,FirstHalf,38,22.0,38,Pass,Successful,170,Fulham,231135.0,Joachim Andersen,30.2,4.9,42.3,21.4,,,,,"[{'type': {'displayName': 'Angle', 'value': 213}, 'value': '0.72'}, {'type': {'displayName': 'PassEndX', 'value': 140}, 'value': '42.3'}, {'type': {'displayName': 'PassEndY', 'value': 141}, 'value': '21.4'}, {'type': {'displayName': 'Zone', 'value': 56}, 'value': 'Back'}, {'type': {'displayName': 'Length', 'value': 212}, 'value': '17.0'}]",True,,,,,
1903330,FirstHalf,38,27.0,38,Pass,Successful,170,Fulham,108186.0,Raúl Jiménez,40.2,14.5,12.8,41.4,,,,,"[{'type': {'displayName': 'PassEndX', 'value': 140}, 'value': '12.8'}, {'type': {'displayName': 'Zone', 'value': 56}, 'value': 'Back'}, {'type': {'displayName': 'PassEndY', 'value': 141}, 'value': '41.4'}, {'type': {'displayName': 'Angle', 'value': 213}, 'value': '2.58'}, {'type': {'displayName': 'Longball', 'value': 1}}, {'type': {'displayName': 'Length', 'value': 212}, 'value': '34.1'}]",True,,,,,
1903330,FirstHalf,38,42.0,38,Pass,Unsuccessful,170,Fulham,92173.0,Bernd Leno,19.4,37.0,60.5,7.8,,,,,"[{'type': {'displayName': 'Longball', 'value': 1}}, {'type': {'displayName': 'Zone', 'value': 56}, 'value': 'Right'}, {'type': {'displayName': 'Length', 'value': 212}, 'value': '47.5'}, {'type': {'displayName': 'Angle', 'value': 213}, 'value': '5.85'}, {'type': {'displayName': 'PassEndX', 'value': 140}, 'value': '60.5'}, {'type': {'displayName': 'PassEndY', 'value': 141}, 'value': '7.8'}, {'type': {'displayName': 'Chipped', 'value': 155}}]",True,,,,,
1903330,FirstHalf,38,44.0,38,Pass,Successful,29,West Ham,459708.0,Ollie Scarles,37.7,93.0,42.8,95.0,,,,,"[{'type': {'displayName': 'Length', 'value': 212}, 'value': '5.5'}, {'type': {'displayName': 'PassEndX', 'value': 140}, 'value': '42.8'}, {'type': {'displayName': 'Zone', 'value': 56}, 'value': 'Back'}, {'type': {'displayName': 'Angle', 'value': 213}, 'value': '0.25'}, {'type': {'displayName': 'HeadPass', 'value': 3}}, {'type': {'displayName': 'PassEndY', 'value': 141}, 'value': '95.0'}]",True,,,,,
1903330,FirstHalf,38,47.0,38,BallTouch,Unsuccessful,29,West Ham,382564.0,Crysencio Summerville,44.3,95.6,,,,,,,"[{'type': {'displayName': 'Zone', 'value': 56}, 'value': 'Back'}]",True,,,,,
1903330,FirstHalf,39,0.0,39,Pass,Successful,170,Fulham,145996.0,Kenny Tete,50.9,0.0,51.9,8.4,,,,,"[{'type': {'displayName': 'PassEndX', 'value': 140}, 'value': '51.9'}, {'type': {'displayName': 'Length', 'value': 212}, 'value': '6.6'}, {'type': {'displayName': 'ThrowIn', 'value': 107}}, {'type': {'displayName': 'Zone', 'value': 56}, 'value': 'Right'}, {'type': {'displayName': 'Angle', 'value': 213}, 'value': '1.41'}, {'type': {'displayName': 'PassEndY', 'value': 141}, 'value': '8.4'}]",True,,,,,
1903330,FirstHalf,39,0.0,39,Pass,Successful,170,Fulham,333044.0,Harry Wilson,51.9,8.4,45.5,3.6,,,,,"[{'type': {'displayName': 'LayOff', 'value': 156}}, {'type': {'displayName': 'PassEndX', 'value': 140}, 'value': '45.5'}, {'type': {'displayName': 'Length', 'value': 212}, 'value': '7.5'}, {'type': {'displayName': 'Zone', 'value': 56}, 'value': 'Back'}, {'type': {'displayName': 'PassEndY', 'value': 141}, 'value': '3.6'}, {'type': {'displayName': 'Angle', 'value': 213}, 'value': '3.59'}]",True,,,,,
1903330,FirstHalf,39,2.0,39,Pass,Successful,170,Fulham,145996.0,Kenny Tete,41.7,4.0,28.4,3.7,,,,,"[{'type': {'displayName': 'PassEndY', 'value': 141}, 'value': '3.7'}, {'type': {'displayName': 'PassEndX', 'value': 140}, 'value': '28.4'}, {'type': {'displayName': 'Angle', 'value': 213}, 'value': '3.16'}, {'type': {'displayName': 'Zone', 'value': 56}, 'value': 'Back'}, {'type': {'displayName': 'Length', 'value': 212}, 'value': '14.0'}]",True,,,,,
1903330,FirstHalf,39,4.0,39,Pass,Successful,170,Fulham,231135.0,Joachim Andersen,28.4,3.7,8.4,23.4,,,,,"[{'type': {'displayName': 'PassEndX', 'value': 140}, 'value': '8.4'}, {'type': {'displayName': 'PassEndY', 'value': 141}, 'value': '23.4'}, {'type': {'displayName': 'Length', 'value': 212}, 'value': '24.9'}, {'type': {'displayName': 'Zone', 'value': 56}, 'value': 'Back'}, {'type': {'displayName': 'Angle', 'value': 213}, 'value': '2.57'}]",True,,,,,
1903330,FirstHalf,39,10.0,39,Pass,Unsuccessful,170,Fulham,92173.0,Bernd Leno,9.2,22.6,57.5,19.8,,,,,"[{'type': {'displayName': 'Length', 'value': 212}, 'value': '50.8'}, {'type': {'displayName': 'Chipped', 'value': 155}}, {'type': {'displayName': 'PassEndX', 'value': 140}, 'value': '57.5'}, {'type': {'displayName': 'Angle', 'value': 213}, 'value': '6.25'}, {'type': {'displayName': 'Longball', 'value': 1}}, {'type': {'displayName': 'PassEndY', 'value': 141}, 'value': '19.8'}, {'type': {'displayName': 'Zone', 'value': 56}, 'value': 'Right'}]",True,,,,,
1903330,FirstHalf,39,12.0,39,Aerial,Successful,29,West Ham,368310.0,Maximilian Kilman,42.5,80.2,,,,,,,"[{'type': {'displayName': 'Zone', 'value': 56}, 'value': 'Back'}, {'type': {'displayName': 'OppositeRelatedEvent', 'value': 233}, 'value': '389'}, {'type': {'displayName': 'Defensive', 'value': 285}}]",False,,,,,
1903330,FirstHalf,39,12.0,39,Aerial,Unsuccessful,170,Fulham,108186.0,Raúl Jiménez,57.5,19.8,,,,,,,"[{'type': {'displayName': 'OppositeRelatedEvent', 'value': 233}, 'value': '311'}, {'type': {'displayName': 'Zone', 'value': 56}, 'value': 'Right'}, {'type': {'displayName': 'Offensive', 'value': 286}}]",False,,,,,
1903330,FirstHalf,39,13.0,39,Pass,Unsuccessful,29,West Ham,368310.0,Maximilian Kilman,42.5,80.2,42.9,97.2,,,,,"[{'type': {'displayName': 'HeadPass', 'value': 3}}, {'type': {'displayName': 'Angle', 'value': 213}, 'value': '1.53'}, {'type': {'displayName': 'PassEndY', 'value': 141}, 'value': '97.2'}, {'type': {'displayName': 'Length', 'value': 212}, 'value': '11.6'}, {'type': {'displayName': 'Zone', 'value': 56}, 'value': 'Back'}, {'type': {'displayName': 'PassEndX', 'value': 140}, 'value': '42.9'}]",True,,,,,
1903330,FirstHalf,39,18.0,39,BallTouch,Successful,170,Fulham,145996.0,Kenny Tete,56.3,8.7,,,,,,,"[{'type': {'displayName': 'Zone', 'value': 56}, 'value': 'Right'}]",True,,,,,
1903330,FirstHalf,39,20.0,39,Pass,Successful,170,Fulham,297395.0,Sasa Lukic,47.6,15.6,35.2,15.4,,,,,"[{'type': {'displayName': 'Angle', 'value': 213}, 'value': '3.15'}, {'type': {'displayName': 'PassEndY', 'value': 141}, 'value': '15.4'}, {'type': {'displayName': 'PassEndX', 'value': 140}, 'value': '35.2'}, {'type': {'displayName': 'Length', 'value': 212}, 'value': '13.0'}, {'type': {'displayName': 'Zone', 'value': 56}, 'value': 'Back'}]",True,,,,,
1903330,FirstHalf,39,21.0,39,Pass,Successful,170,Fulham,231135.0,Joachim Andersen,35.2,15.4,54.9,29.2,,,,,"[{'type': {'displayName': 'PassEndY', 'value': 141}, 'value': '29.2'}, {'type': {'displayName': 'Angle', 'value': 213}, 'value': '0.43'}, {'type': {'displayName': 'Zone', 'value': 56}, 'value': 'Center'}, {'type': {'displayName': 'PassEndX', 'value': 140}, 'value': '54.9'}, {'type': {'displayName': 'Length', 'value': 212}, 'value': '22.7'}]",True,,,,,
1903330,FirstHalf,39,24.0,39,Dispossessed,Successful,170,Fulham,333044.0,Harry Wilson,54.2,28.0,,,,,,,"[{'type': {'displayName': 'OppositeRelatedEvent', 'value': 233}, 'value': '313'}, {'type': {'displayName': 'Zone', 'value': 56}, 'value': 'Center'}, {'type': {'displayName': 'Offensive', 'value': 286}}]",True,,,,,
1903330,FirstHalf,39,24.0,39,Tackle,Successful,29,West Ham,459708.0,Ollie Scarles,45.8,72.0,,,,,,,"[{'type': {'displayName': 'Defensive', 'value': 285}}, {'type': {'displayName': 'OppositeRelatedEvent', 'value': 233}, 'value': '393'}, {'type': {'displayName': 'Zone', 'value': 56}, 'value': 'Back'}]",True,,,,,
1903330,FirstHalf,39,27.0,39,BallRecovery,Successful,29,West Ham,447231.0,Mateus Fernandes,54.4,72.3,,,,,,,[],False,,,,,
1903330,FirstHalf,39,28.0,39,Pass,Successful,29,West Ham,447231.0,Mateus Fernandes,54.4,72.3,62.5,40.0,,,,,"[{'type': {'displayName': 'PassEndY', 'value': 141}, 'value': '40.0'}, {'type': {'displayName': 'Angle', 'value': 213}, 'value': '5.08'}, {'type': {'displayName': 'PassEndX', 'value': 140}, 'value': '62.5'}, {'type': {'displayName': 'Length', 'value': 212}, 'value': '23.6'}, {'type': {'displayName': 'Zone', 'value': 56}, 'value': 'Center'}]",True,,,,,
1903330,FirstHalf,39,32.0,39,Pass,Successful,29,West Ham,319756.0,Lucas Paquetá,63.8,33.6,68.5,52.6,,,,,"[{'type': {'displayName': 'PassEndY', 'value': 141}, 'value': '52.6'}, {'type': {'displayName': 'Angle', 'value': 213}, 'value': '1.21'}, {'type': {'displayName': 'Zone', 'value': 56}, 'value': 'Center'}, {'type': {'displayName': 'Length', 'value': 212}, 'value': '13.8'}, {'type': {'displayName': 'PassEndX', 'value': 140}, 'value': '68.5'}]",True,,,,,
1903330,FirstHalf,39,33.0,39,Pass,Unsuccessful,29,West Ham,447231.0,Mateus Fernandes,66.5,51.5,75.6,51.9,,,,,"[{'type': {'displayName': 'PassEndY', 'value': 141}, 'value': '51.9'}, {'type': {'displayName': 'Zone', 'value': 56}, 'value': 'Center'}, {'type': {'displayName': 'Length', 'value': 212}, 'value': '9.6'}, {'type': {'displayName': 'Angle', 'value': 213}, 'value': '0.03'}, {'type': {'displayName': 'PassEndX', 'value': 140}, 'value': '75.6'}]",True,,,,,
1903330,FirstHalf,39,35.0,39,Clearance,Successful,170,Fulham,333182.0,Jorge Cuenca,23.7,64.8,34.0,66.0,,,,,"[{'type': {'displayName': 'Length', 'value': 212}, 'value': '10.8'}, {'type': {'displayName': 'Angle', 'value': 213}, 'value': '0.08'}, {'type': {'displayName': 'PassEndY', 'value': 141}, 'value': '66.0'}, {'type': {'displayName': 'PassEndX', 'value': 140}, 'value': '34.0'}, {'type': {'displayName': 'Zone', 'value': 56}, 'value': 'Back'}]",True,,,,,
1903330,FirstHalf,39,36.0,39,BallRecovery,Successful,170,Fulham,363686.0,Emile Smith Rowe,34.0,66.0,,,,,,,[],False,,,,,
1903330,FirstHalf,39,37.0,39,Pass,Successful,170,Fulham,363686.0,Emile Smith Rowe,40.3,74.8,56.8,92.4,,,,,"[{'type': {'displayName': 'PassEndY', 'value': 141}, 'value': '92.4'}, {'type': {'displayName': 'Zone', 'value': 56}, 'value': 'Left'}, {'type': {'displayName': 'Length', 'value': 212}, 'value': '21.1'}, {'type': {'displayName': 'PassEndX', 'value': 140}, 'value': '56.8'}, {'type': {'displayName': 'Angle', 'value': 213}, 'value': '0.60'}]",True,,,,,
1903330,FirstHalf,39,43.0,39,Challenge,Unsuccessful,29,West Ham,429534.0,Freddie Potts,28.7,20.2,,,,,,,"[{'type': {'displayName': 'Zone', 'value': 56}, 'value': 'Back'}, {'type': {'displayName': 'OppositeRelatedEvent', 'value': 233}, 'value': '397'}, {'type': {'displayName': 'Defensive', 'value': 285}}]",False,,,,,
1903330,FirstHalf,39,43.0,39,TakeOn,Successful,170,Fulham,429174.0,Kevin,71.3,79.8,,,,,,,"[{'type': {'displayName': 'OppositeRelatedEvent', 'value': 233}, 'value': '319'}, {'type': {'displayName': 'Zone', 'value': 56}, 'value': 'Left'}, {'type': {'displayName': 'Offensive', 'value': 286}}]",True,,,,,
1903330,FirstHalf,39,45.0,39,Pass,Unsuccessful,170,Fulham,429174.0,Kevin,74.9,77.8,100.0,71.1,,,,,"[{'type': {'displayName': 'Zone', 'value': 56}, 'value': 'Center'}, {'type': {'displayName': 'PassEndY', 'value': 141}, 'value': '71.1'}, {'type': {'displayName': 'Length', 'value': 212}, 'value': '27.9'}, {'type': {'displayName': 'Angle', 'value': 213}, 'value': '6.12'}, {'type': {'displayName': 'PassEndX', 'value': 140}, 'value': '100.0'}]",True,,,,,
1903330,FirstHalf,40,19.0,40,Pass,Unsuccessful,29,West Ham,92516.0,Alphonse Areola,3.0,46.9,61.3,29.8,,,,,"[{'type': {'displayName': 'Longball', 'value': 1}}, {'type': {'displayName': 'GoalKick', 'value': 124}}, {'type': {'displayName': 'PassEndX', 'value': 140}, 'value': '61.3'}, {'type': {'displayName': 'Length', 'value': 212}, 'value': '62.3'}, {'type': {'displayName': 'Zone', 'value': 56}, 'value': 'Center'}, {'type': {'displayName': 'Angle', 'value': 213}, 'value': '6.10'}, {'type': {'displayName': 'PassEndY', 'value': 141}, 'value': '29.8'}, {'type': {'displayName': 'MissHigh', 'value': 74}}]",True,,,,,
1903330,FirstHalf,40,22.0,40,Aerial,Successful,170,Fulham,321020.0,Sander Berge,38.7,70.2,,,,,,,"[{'type': {'displayName': 'Zone', 'value': 56}, 'value': 'Back'}, {'type': {'displayName': 'Defensive', 'value': 285}}, {'type': {'displayName': 'OppositeRelatedEvent', 'value': 233}, 'value': '322'}]",False,,,,,
1903330,FirstHalf,40,22.0,40,Aerial,Unsuccessful,29,West Ham,319756.0,Lucas Paquetá,61.3,29.8,,,,,,,"[{'type': {'displayName': 'OppositeRelatedEvent', 'value': 233}, 'value': '400'}, {'type': {'displayName': 'Offensive', 'value': 286}}, {'type': {'displayName': 'Zone', 'value': 56}, 'value': 'Center'}]",False,,,,,
1903330,FirstHalf,40,22.0,40,Pass,Unsuccessful,170,Fulham,321020.0,Sander Berge,38.7,70.2,71.8,94.2,,,,,"[{'type': {'displayName': 'Zone', 'value': 56}, 'value': 'Left'}, {'type': {'displayName': 'PassEndY', 'value': 141}, 'value': '94.2'}, {'type': {'displayName': 'Longball', 'value': 1}}, {'type': {'displayName': 'Angle', 'value': 213}, 'value': '0.44'}, {'type': {'displayName': 'Length', 'value': 212}, 'value': '38.4'}, {'type': {'displayName': 'HeadPass', 'value': 3}}, {'type': {'displayName': 'PassEndX', 'value': 140}, 'value': '71.8'}]",True,,,,,
1903330,FirstHalf,40,26.0,40,Pass,Unsuccessful,29,West Ham,361710.0,Jean-Clair Todibo,29.3,13.7,45.5,9.1,,,,,"[{'type': {'displayName': 'Angle', 'value': 213}, 'value': '6.10'}, {'type': {'displayName': 'PassEndY', 'value': 141}, 'value': '9.1'}, {'type': {'displayName': 'Length', 'value': 212}, 'value': '17.3'}, {'type': {'displayName': 'PassEndX', 'value': 140}, 'value': '45.5'}, {'type': {'displayName': 'Longball', 'value': 1}}, {'type': {'displayName': 'Zone', 'value': 56}, 'value': 'Back'}]",True,,,,,
1903330,FirstHalf,40,27.0,40,BallRecovery,Successful,170,Fulham,321020.0,Sander Berge,61.0,97.8,,,,,,,[],False,,,,,
1903330,FirstHalf,40,28.0,40,Pass,Successful,170,Fulham,321020.0,Sander Berge,61.0,97.8,73.0,79.5,,,,,"[{'type': {'displayName': 'Zone', 'value': 56}, 'value': 'Left'}, {'type': {'displayName': 'Angle', 'value': 213}, 'value': '5.50'}, {'type': {'displayName': 'PassEndY', 'value': 141}, 'value': '79.5'}, {'type': {'displayName': 'PassEndX', 'value': 140}, 'value': '73.0'}, {'type': {'displayName': 'Length', 'value': 212}, 'value': '17.7'}]",True,,,,,
1903330,FirstHalf,40,30.0,40,Pass,Successful,170,Fulham,363686.0,Emile Smith Rowe,72.9,79.2,68.9,82.3,,,,,"[{'type': {'displayName': 'Zone', 'value': 56}, 'value': 'Left'}, {'type': {'displayName': 'Length', 'value': 212}, 'value': '4.7'}, {'type': {'displayName': 'PassEndX', 'value': 140}, 'value': '68.9'}, {'type': {'displayName': 'PassEndY', 'value': 141}, 'value': '82.3'}, {'type': {'displayName': 'Angle', 'value': 213}, 'value': '2.68'}]",True,,,,,
1903330,FirstHalf,40,33.0,40,Pass,Successful,170,Fulham,429174.0,Kevin,60.6,66.1,65.6,31.2,,,,,"[{'type': {'displayName': 'Angle', 'value': 213}, 'value': '4.93'}, {'type': {'displayName': 'PassEndY', 'value': 141}, 'value': '31.2'}, {'type': {'displayName': 'Zone', 'value': 56}, 'value': 'Center'}, {'type': {'displayName': 'PassEndX', 'value': 140}, 'value': '65.6'}, {'type': {'displayName': 'Length', 'value': 212}, 'value': '24.3'}]",True,,,,,
1903330,FirstHalf,40,34.0,40,Pass,Successful,170,Fulham,333044.0,Harry Wilson,65.6,30.6,58.7,31.2,,,,,"[{'type': {'displayName': 'Angle', 'value': 213}, 'value': '3.09'}, {'type': {'displayName': 'PassEndY', 'value': 141}, 'value': '31.2'}, {'type': {'displayName': 'Zone', 'value': 56}, 'value': 'Center'}, {'type': {'displayName': 'Length', 'value': 212}, 'value': '7.3'}, {'type': {'displayName': 'PassEndX', 'value': 140}, 'value': '58.7'}, {'type': {'displayName': 'LayOff', 'value': 156}}]",True,,,,,
1903330,FirstHalf,40,36.0,40,Pass,Successful,170,Fulham,145996.0,Kenny Tete,61.3,26.5,82.0,24.6,,,,,"[{'type': {'displayName': 'Length', 'value': 212}, 'value': '21.8'}, {'type': {'displayName': 'PassEndY', 'value': 141}, 'value': '24.6'}, {'type': {'displayName': 'Angle', 'value': 213}, 'value': '6.22'}, {'type': {'displayName': 'Zone', 'value': 56}, 'value': 'Center'}, {'type': {'displayName': 'PassEndX', 'value': 140}, 'value': '82.0'}]",True,,,,,
1903330,FirstHalf,40,38.0,40,Pass,Successful,170,Fulham,297395.0,Sasa Lukic,86.7,24.7,87.4,52.6,,,,,"[{'type': {'displayName': 'Cross', 'value': 2}}, {'type': {'displayName': 'PassEndY', 'value': 141}, 'value': '52.6'}, {'type': {'displayName': 'Zone', 'value': 56}, 'value': 'Center'}, {'type': {'displayName': 'Chipped', 'value': 155}}, {'type': {'displayName': 'ShotAssist', 'value': 210}, 'value': '13'}, {'type': {'displayName': 'RightFoot', 'value': 20}}, {'type': {'displayName': 'Length', 'value': 212}, 'value': '19.0'}, {'type': {'displayName': 'PassEndX', 'value': 140}, 'value': '87.4'}, {'type': {'displayName': 'Angle', 'value': 213}, 'value': '1.53'}, {'type': {'displayName': 'IntentionalAssist', 'value': 154}}, {'type': {'displayName': 'KeyPass', 'value': 11113}}]",True,,,,,
1903330,FirstHalf,40,40.0,40,Aerial,Successful,170,Fulham,363686.0,Emile Smith Rowe,87.4,52.6,,,,,,,"[{'type': {'displayName': 'Offensive', 'value': 286}}, {'type': {'displayName': 'OppositeRelatedEvent', 'value': 233}, 'value': '324'}, {'type': {'displayName': 'Zone', 'value': 56}, 'value': 'Center'}]",False,,,,,
1903330,FirstHalf,40,40.0,40,Aerial,Unsuccessful,29,West Ham,313672.0,Kyle Walker-Peters,12.6,47.4,,,,,,,"[{'type': {'displayName': 'OppositeRelatedEvent', 'value': 233}, 'value': '409'}, {'type': {'displayName': 'Defensive', 'value': 285}}, {'type': {'displayName': 'Zone', 'value': 56}, 'value': 'Back'}]",False,,,,,
1903330,FirstHalf,40,41.0,40,MissedShots,Successful,170,Fulham,363686.0,Emile Smith Rowe,87.4,52.6,,,42.9,69.4,,,"[{'type': {'displayName': 'Assisted', 'value': 29}}, {'type': {'displayName': 'Zone', 'value': 56}, 'value': 'Center'}, {'type': {'displayName': 'RegularPlay', 'value': 22}}, {'type': {'displayName': 'GoalMouthZ', 'value': 103}, 'value': '69.4'}, {'type': {'displayName': 'BoxCentre', 'value': 17}}, {'type': {'displayName': 'GoalMouthY', 'value': 102}, 'value': '42.9'}, {'type': {'displayName': 'RelatedEventId', 'value': 55}, 'value': '408'}, {'type': {'displayName': 'HighRight', 'value': 81}}, {'type': {'displayName': 'IntentionalAssist', 'value': 154}}, {'type': {'displayName': 'FirstTouch', 'value': 328}}, {'type': {'displayName': 'Head', 'value': 15}}]",True,True,,,408.0,297395.0
1903330,FirstHalf,41,,41,OffsideGiven,Unsuccessful,29,West Ham,322596.0,Jarrod Bowen,80.1,29.7,,,,,,,[],False,,,,,
1903330,FirstHalf,41,11.0,41,Pass,Unsuccessful,29,West Ham,92516.0,Alphonse Areola,2.4,49.9,56.5,50.1,,,,,"[{'type': {'displayName': 'Longball', 'value': 1}}, {'type': {'displayName': 'Zone', 'value': 56}, 'value': 'Center'}, {'type': {'displayName': 'Length', 'value': 212}, 'value': '56.8'}, {'type': {'displayName': 'PassEndY', 'value': 141}, 'value': '50.1'}, {'type': {'displayName': 'GoalKick', 'value': 124}}, {'type': {'displayName': 'Angle', 'value': 213}, 'value': '0.00'}, {'type': {'displayName': 'PassEndX', 'value': 140}, 'value': '56.5'}, {'type': {'displayName': 'MissHigh', 'value': 74}}]",True,,,,,
1903330,FirstHalf,41,13.0,41,Pass,Unsuccessful,170,Fulham,231135.0,Joachim Andersen,37.1,55.0,72.9,43.2,,,,,"[{'type': {'displayName': 'PassEndY', 'value': 141}, 'value': '43.2'}, {'type': {'displayName': 'Angle', 'value': 213}, 'value': '6.07'}, {'type': {'displayName': 'Longball', 'value': 1}}, {'type': {'displayName': 'Length', 'value': 212}, 'value': '38.4'}, {'type': {'displayName': 'PassEndX', 'value': 140}, 'value': '72.9'}, {'type': {'displayName': 'Zone', 'value': 56}, 'value': 'Center'}, {'type': {'displayName': 'HeadPass', 'value': 3}}]",True,,,,,
1903330,FirstHalf,41,17.0,41,Pass,Successful,29,West Ham,459708.0,Ollie Scarles,22.7,69.1,6.7,44.0,,,,,"[{'type': {'displayName': 'PassEndY', 'value': 141}, 'value': '44.0'}, {'type': {'displayName': 'Angle', 'value': 213}, 'value': '3.93'}, {'type': {'displayName': 'PassEndX', 'value': 140}, 'value': '6.7'}, {'type': {'displayName': 'Length', 'value': 212}, 'value': '23.9'}, {'type': {'displayName': 'Zone', 'value': 56}, 'value': 'Back'}]",True,,,,,
1903330,FirstHalf,41,22.0,41,Pass,Successful,29,West Ham,92516.0,Alphonse Areola,9.4,40.3,63.4,26.8,,,,,"[{'type': {'displayName': 'Angle', 'value': 213}, 'value': '6.12'}, {'type': {'displayName': 'PassEndY', 'value': 141}, 'value': '26.8'}, {'type': {'displayName': 'Zone', 'value': 56}, 'value': 'Center'}, {'type': {'displayName': 'Length', 'value': 212}, 'value': '57.4'}, {'type': {'displayName': 'Longball', 'value': 1}}, {'type': {'displayName': 'PassEndX', 'value': 140}, 'value': '63.4'}]",True,,,,,
1903330,FirstHalf,41,26.0,41,Pass,Successful,29,West Ham,319756.0,Lucas Paquetá,64.3,25.9,71.5,33.1,,,,,"[{'type': {'displayName': 'HeadPass', 'value': 3}}, {'type': {'displayName': 'Length', 'value': 212}, 'value': '9.0'}, {'type': {'displayName': 'Zone', 'value': 56}, 'value': 'Center'}, {'type': {'displayName': 'PassEndY', 'value': 141}, 'value': '33.1'}, {'type': {'displayName': 'Angle', 'value': 213}, 'value': '0.57'}, {'type': {'displayName': 'PassEndX', 'value': 140}, 'value': '71.5'}]",True,,,,,
1903330,FirstHalf,41,27.0,41,TakeOn,Unsuccessful,29,West Ham,322596.0,Jarrod Bowen,68.9,29.3,,,,,,,"[{'type': {'displayName': 'OppositeRelatedEvent', 'value': 233}, 'value': '413'}, {'type': {'displayName': 'Zone', 'value': 56}, 'value': 'Center'}, {'type': {'displayName': 'Offensive', 'value': 286}}]",True,,,,,
1903330,FirstHalf,41,27.0,41,Tackle,Unsuccessful,170,Fulham,333182.0,Jorge Cuenca,31.1,70.7,,,,,,,"[{'type': {'displayName': 'Defensive', 'value': 285}}, {'type': {'displayName': 'StandingSave', 'value': 178}}, {'type': {'displayName': 'OppositeRelatedEvent', 'value': 233}, 'value': '329'}, {'type': {'displayName': 'Zone', 'value': 56}, 'value': 'Back'}]",True,,,,,
1903330,FirstHalf,41,29.0,41,BallTouch,Successful,29,West Ham,322596.0,Jarrod Bowen,68.8,29.8,,,,,,,"[{'type': {'displayName': 'Zone', 'value': 56}, 'value': 'Center'}]",True,,,,,
1903330,FirstHalf,41,30.0,41,BallRecovery,Successful,170,Fulham,333182.0,Jorge Cuenca,31.5,79.5,,,,,,,[],False,,,,,
1903330,FirstHalf,41,30.0,41,Pass,Unsuccessful,170,Fulham,333182.0,Jorge Cuenca,31.5,79.5,36.5,100.0,,,,,"[{'type': {'displayName': 'PassEndX', 'value': 140}, 'value': '36.5'}, {'type': {'displayName': 'PassEndY', 'value': 141}, 'value': '100.0'}, {'type': {'displayName': 'Length', 'value': 212}, 'value': '15.6'}, {'type': {'displayName': 'Zone', 'value': 56}, 'value': 'Back'}, {'type': {'displayName': 'Angle', 'value': 213}, 'value': '1.23'}]",True,,,,,
1903330,FirstHalf,41,34.0,41,Pass,Successful,29,West Ham,313672.0,Kyle Walker-Peters,62.8,0.0,67.8,7.0,,,,,"[{'type': {'displayName': 'Zone', 'value': 56}, 'value': 'Right'}, {'type': {'displayName': 'Angle', 'value': 213}, 'value': '0.81'}, {'type': {'displayName': 'PassEndY', 'value': 141}, 'value': '7.0'}, {'type': {'displayName': 'Length', 'value': 212}, 'value': '7.6'}, {'type': {'displayName': 'PassEndX', 'value': 140}, 'value': '67.8'}, {'type': {'displayName': 'ThrowIn', 'value': 107}}]",True,,,,,
1903330,FirstHalf,41,35.0,41,Pass,Successful,29,West Ham,319756.0,Lucas Paquetá,67.8,7.0,65.9,2.6,,,,,"[{'type': {'displayName': 'Zone', 'value': 56}, 'value': 'Right'}, {'type': {'displayName': 'PassEndY', 'value': 141}, 'value': '2.6'}, {'type': {'displayName': 'LayOff', 'value': 156}}, {'type': {'displayName': 'Angle', 'value': 213}, 'value': '4.12'}, {'type': {'displayName': 'Length', 'value': 212}, 'value': '3.6'}, {'type': {'displayName': 'PassEndX', 'value': 140}, 'value': '65.9'}]",True,,,,,
1903330,FirstHalf,41,42.0,41,Pass,Successful,29,West Ham,313672.0,Kyle Walker-Peters,54.3,4.9,62.8,4.6,,,,,"[{'type': {'displayName': 'PassEndY', 'value': 141}, 'value': '4.6'}, {'type': {'displayName': 'Zone', 'value': 56}, 'value': 'Right'}, {'type': {'displayName': 'PassEndX', 'value': 140}, 'value': '62.8'}, {'type': {'displayName': 'Angle', 'value': 213}, 'value': '6.26'}, {'type': {'displayName': 'Length', 'value': 212}, 'value': '8.9'}]",True,,,,,
1903330,FirstHalf,41,43.0,41,Pass,Successful,29,West Ham,319756.0,Lucas Paquetá,62.8,4.6,52.2,18.0,,,,,"[{'type': {'displayName': 'Angle', 'value': 213}, 'value': '2.46'}, {'type': {'displayName': 'Zone', 'value': 56}, 'value': 'Right'}, {'type': {'displayName': 'PassEndY', 'value': 141}, 'value': '18.0'}, {'type': {'displayName': 'Length', 'value': 212}, 'value': '14.4'}, {'type': {'displayName': 'LayOff', 'value': 156}}, {'type': {'displayName': 'PassEndX', 'value': 140}, 'value': '52.2'}]",True,,,,,
1903330,FirstHalf,41,45.0,41,BallTouch,Unsuccessful,29,West Ham,443815.0,Soungoutou Magassa,45.0,16.8,,,,,,,"[{'type': {'displayName': 'Zone', 'value': 56}, 'value': 'Back'}]",True,,,,,
1903330,FirstHalf,41,45.0,41,Pass,Successful,170,Fulham,363686.0,Emile Smith Rowe,57.6,76.2,44.8,72.3,,,,,"[{'type': {'displayName': 'Length', 'value': 212}, 'value': '13.7'}, {'type': {'displayName': 'PassEndX', 'value': 140}, 'value': '44.8'}, {'type': {'displayName': 'HeadPass', 'value': 3}}, {'type': {'displayName': 'Angle', 'value': 213}, 'value': '3.34'}, {'type': {'displayName': 'Zone', 'value': 56}, 'value': 'Back'}, {'type': {'displayName': 'PassEndY', 'value': 141}, 'value': '72.3'}]",True,,,,,
1903330,FirstHalf,41,47.0,41,TakeOn,Unsuccessful,170,Fulham,297395.0,Sasa Lukic,44.5,74.6,,,,,,,"[{'type': {'displayName': 'Zone', 'value': 56}, 'value': 'Back'}, {'type': {'displayName': 'OppositeRelatedEvent', 'value': 233}, 'value': '337'}, {'type': {'displayName': 'Offensive', 'value': 286}}]",True,,,,,
1903330,FirstHalf,41,47.0,41,Tackle,Successful,29,West Ham,429534.0,Freddie Potts,55.5,25.4,,,,,,,"[{'type': {'displayName': 'StandingSave', 'value': 178}}, {'type': {'displayName': 'Zone', 'value': 56}, 'value': 'Center'}, {'type': {'displayName': 'Defensive', 'value': 285}}, {'type': {'displayName': 'OppositeRelatedEvent', 'value': 233}, 'value': '418'}]",True,,,,,
1903330,FirstHalf,41,51.0,41,OffsidePass,Successful,29,West Ham,429534.0,Freddie Potts,70.4,34.8,80.1,29.7,,,,,"[{'type': {'displayName': 'PassEndX', 'value': 140}, 'value': '80.1'}, {'type': {'displayName': 'Zone', 'value': 56}, 'value': 'Center'}, {'type': {'displayName': 'PlayerCaughtOffside', 'value': 7}, 'value': '322596'}, {'type': {'displayName': 'PassEndY', 'value': 141}, 'value': '29.7'}]",True,,,,,
1903330,FirstHalf,41,51.0,41,OffsideProvoked,Successful,170,Fulham,231135.0,Joachim Andersen,22.4,64.0,,,,,,,[],False,,,,,
1903330,FirstHalf,42,24.0,42,Pass,Successful,170,Fulham,92173.0,Bernd Leno,22.2,67.3,45.0,94.5,,,,,"[{'type': {'displayName': 'FreekickTaken', 'value': 5}}, {'type': {'displayName': 'Length', 'value': 212}, 'value': '30.3'}, {'type': {'displayName': 'IndirectFreekickTaken', 'value': 241}}, {'type': {'displayName': 'PassEndX', 'value': 140}, 'value': '45.0'}, {'type': {'displayName': 'Zone', 'value': 56}, 'value': 'Back'}, {'type': {'displayName': 'PassEndY', 'value': 141}, 'value': '94.5'}, {'type': {'displayName': 'Angle', 'value': 213}, 'value': '0.66'}, {'type': {'displayName': 'Chipped', 'value': 155}}]",True,,,,,
1903330,FirstHalf,42,29.0,42,Dispossessed,Successful,170,Fulham,306581.0,Antonee Robinson,46.7,92.9,,,,,,,"[{'type': {'displayName': 'Offensive', 'value': 286}}, {'type': {'displayName': 'Zone', 'value': 56}, 'value': 'Back'}, {'type': {'displayName': 'OppositeRelatedEvent', 'value': 233}, 'value': '340'}]",True,,,,,
1903330,FirstHalf,42,29.0,42,Tackle,Unsuccessful,29,West Ham,319756.0,Lucas Paquetá,53.3,7.1,,,,,,,"[{'type': {'displayName': 'StandingSave', 'value': 178}}, {'type': {'displayName': 'Zone', 'value': 56}, 'value': 'Right'}, {'type': {'displayName': 'OppositeRelatedEvent', 'value': 233}, 'value': '423'}, {'type': {'displayName': 'Defensive', 'value': 285}}]",True,,,,,
1903330,FirstHalf,42,30.0,42,BallTouch,Successful,170,Fulham,306581.0,Antonee Robinson,48.9,94.3,,,,,,,"[{'type': {'displayName': 'Zone', 'value': 56}, 'value': 'Back'}]",True,,,,,
1903330,FirstHalf,42,45.0,42,Pass,Successful,29,West Ham,313672.0,Kyle Walker-Peters,55.1,0.0,72.6,13.5,,,,,"[{'type': {'displayName': 'PassEndX', 'value': 140}, 'value': '72.6'}, {'type': {'displayName': 'ThrowIn', 'value': 107}}, {'type': {'displayName': 'Angle', 'value': 213}, 'value': '0.51'}, {'type': {'displayName': 'PassEndY', 'value': 141}, 'value': '13.5'}, {'type': {'displayName': 'Zone', 'value': 56}, 'value': 'Right'}, {'type': {'displayName': 'Length', 'value': 212}, 'value': '21.1'}]",True,,,,,
1903330,FirstHalf,42,46.0,42,Pass,Successful,29,West Ham,322596.0,Jarrod Bowen,72.6,13.5,68.3,11.7,,,,,"[{'type': {'displayName': 'Zone', 'value': 56}, 'value': 'Right'}, {'type': {'displayName': 'PassEndY', 'value': 141}, 'value': '11.7'}, {'type': {'displayName': 'LayOff', 'value': 156}}, {'type': {'displayName': 'Angle', 'value': 213}, 'value': '3.41'}, {'type': {'displayName': 'PassEndX', 'value': 140}, 'value': '68.3'}, {'type': {'displayName': 'Length', 'value': 212}, 'value': '4.7'}]",True,,,,,
1903330,FirstHalf,42,47.0,42,Pass,Unsuccessful,29,West Ham,319756.0,Lucas Paquetá,68.3,11.7,76.7,15.0,,,,,"[{'type': {'displayName': 'PassEndY', 'value': 141}, 'value': '15.0'}, {'type': {'displayName': 'Zone', 'value': 56}, 'value': 'Right'}, {'type': {'displayName': 'Length', 'value': 212}, 'value': '9.1'}, {'type': {'displayName': 'Chipped', 'value': 155}}, {'type': {'displayName': 'PassEndX', 'value': 140}, 'value': '76.7'}, {'type': {'displayName': 'Angle', 'value': 213}, 'value': '0.25'}]",True,,,,,
1903330,FirstHalf,42,47.0,42,Clearance,Successful,170,Fulham,333182.0,Jorge Cuenca,23.3,88.6,36.1,79.6,,,,,"[{'type': {'displayName': 'Zone', 'value': 56}, 'value': 'Back'}, {'type': {'displayName': 'Angle', 'value': 213}, 'value': '5.86'}, {'type': {'displayName': 'Length', 'value': 212}, 'value': '14.8'}, {'type': {'displayName': 'PassEndY', 'value': 141}, 'value': '79.6'}, {'type': {'displayName': 'PassEndX', 'value': 140}, 'value': '36.1'}]",True,,,,,
1903330,FirstHalf,42,49.0,42,Aerial,Successful,29,West Ham,319756.0,Lucas Paquetá,63.9,20.4,,,,,,,"[{'type': {'displayName': 'OppositeRelatedEvent', 'value': 233}, 'value': '427'}, {'type': {'displayName': 'Offensive', 'value': 286}}, {'type': {'displayName': 'Zone', 'value': 56}, 'value': 'Right'}]",False,,,,,
1903330,FirstHalf,42,49.0,42,Aerial,Unsuccessful,170,Fulham,297395.0,Sasa Lukic,36.1,79.6,,,,,,,"[{'type': {'displayName': 'Defensive', 'value': 285}}, {'type': {'displayName': 'OppositeRelatedEvent', 'value': 233}, 'value': '345'}, {'type': {'displayName': 'Zone', 'value': 56}, 'value': 'Back'}]",False,,,,,
1903330,FirstHalf,42,50.0,42,Pass,Unsuccessful,29,West Ham,319756.0,Lucas Paquetá,63.9,20.4,75.9,21.2,,,,,"[{'type': {'displayName': 'Zone', 'value': 56}, 'value': 'Center'}, {'type': {'displayName': 'PassEndY', 'value': 141}, 'value': '21.2'}, {'type': {'displayName': 'HeadPass', 'value': 3}}, {'type': {'displayName': 'Angle', 'value': 213}, 'value': '0.04'}, {'type': {'displayName': 'Length', 'value': 212}, 'value': '12.6'}, {'type': {'displayName': 'PassEndX', 'value': 140}, 'value': '75.9'}]",True,,,,,
1903330,FirstHalf,42,51.0,42,Clearance,Successful,170,Fulham,333182.0,Jorge Cuenca,22.5,75.3,47.0,54.1,,,,,"[{'type': {'displayName': 'PassEndY', 'value': 141}, 'value': '54.1'}, {'type': {'displayName': 'Zone', 'value': 56}, 'value': 'Back'}, {'type': {'displayName': 'PassEndX', 'value': 140}, 'value': '47.0'}, {'type': {'displayName': 'Angle', 'value': 213}, 'value': '5.77'}, {'type': {'displayName': 'Length', 'value': 212}, 'value': '29.5'}]",True,,,,,
1903330,FirstHalf,42,55.0,42,Pass,Unsuccessful,29,West Ham,368310.0,Maximilian Kilman,53.0,47.0,71.5,50.9,,,,,"[{'type': {'displayName': 'Angle', 'value': 213}, 'value': '0.14'}, {'type': {'displayName': 'HeadPass', 'value': 3}}, {'type': {'displayName': 'PassEndY', 'value': 141}, 'value': '50.9'}, {'type': {'displayName': 'PassEndX', 'value': 140}, 'value': '71.5'}, {'type': {'displayName': 'Length', 'value': 212}, 'value': '19.6'}, {'type': {'displayName': 'Zone', 'value': 56}, 'value': 'Center'}]",True,,,,,
1903330,FirstHalf,42,57.0,42,Pass,Unsuccessful,170,Fulham,231135.0,Joachim Andersen,29.8,49.6,47.2,68.1,,,,,"[{'type': {'displayName': 'Zone', 'value': 56}, 'value': 'Back'}, {'type': {'displayName': 'PassEndX', 'value': 140}, 'value': '47.2'}, {'type': {'displayName': 'PassEndY', 'value': 141}, 'value': '68.1'}, {'type': {'displayName': 'Length', 'value': 212}, 'value': '22.2'}, {'type': {'displayName': 'HeadPass', 'value': 3}}, {'type': {'displayName': 'Angle', 'value': 213}, 'value': '0.60'}]",True,,,,,
1903330,FirstHalf,43,0.0,43,Pass,Successful,29,West Ham,361710.0,Jean-Clair Todibo,56.8,26.8,58.4,6.7,,,,,"[{'type': {'displayName': 'PassEndY', 'value': 141}, 'value': '6.7'}, {'type': {'displayName': 'Angle', 'value': 213}, 'value': '4.83'}, {'type': {'displayName': 'Zone', 'value': 56}, 'value': 'Right'}, {'type': {'displayName': 'PassEndX', 'value': 140}, 'value': '58.4'}, {'type': {'displayName': 'Length', 'value': 212}, 'value': '13.8'}]",True,,,,,
1903330,FirstHalf,43,1.0,43,Pass,Successful,29,West Ham,313672.0,Kyle Walker-Peters,58.0,5.5,74.8,2.3,,,,,"[{'type': {'displayName': 'Zone', 'value': 56}, 'value': 'Right'}, {'type': {'displayName': 'Length', 'value': 212}, 'value': '17.8'}, {'type': {'displayName': 'PassEndX', 'value': 140}, 'value': '74.8'}, {'type': {'displayName': 'PassEndY', 'value': 141}, 'value': '2.3'}, {'type': {'displayName': 'Angle', 'value': 213}, 'value': '6.16'}]",True,,,,,
1903330,FirstHalf,43,4.0,43,TakeOn,Unsuccessful,29,West Ham,361710.0,Jean-Clair Todibo,74.8,2.3,,,,,,,"[{'type': {'displayName': 'Zone', 'value': 56}, 'value': 'Right'}, {'type': {'displayName': 'OverRun', 'value': 211}}, {'type': {'displayName': 'Offensive', 'value': 286}}]",True,,,,,
1903330,FirstHalf,43,12.0,43,Card,Successful,29,West Ham,361710.0,Jean-Clair Todibo,0.0,0.0,,,,,,,"[{'type': {'displayName': 'Yellow', 'value': 31}}]",False,,,Yellow,,
1903330,FirstHalf,43,43.0,43,Pass,Unsuccessful,170,Fulham,306581.0,Antonee Robinson,23.9,100.0,55.1,86.2,,,,,"[{'type': {'displayName': 'Longball', 'value': 1}}, {'type': {'displayName': 'Zone', 'value': 56}, 'value': 'Left'}, {'type': {'displayName': 'Length', 'value': 212}, 'value': '34.4'}, {'type': {'displayName': 'PassEndX', 'value': 140}, 'value': '55.1'}, {'type': {'displayName': 'PassEndY', 'value': 141}, 'value': '86.2'}, {'type': {'displayName': 'ThrowIn', 'value': 107}}, {'type': {'displayName': 'Angle', 'value': 213}, 'value': '5.98'}]",True,,,,,
1903330,FirstHalf,43,44.0,43,Aerial,Successful,29,West Ham,313672.0,Kyle Walker-Peters,53.6,11.5,,,,,,,"[{'type': {'displayName': 'Offensive', 'value': 286}}, {'type': {'displayName': 'OppositeRelatedEvent', 'value': 233}, 'value': '954'}, {'type': {'displayName': 'Zone', 'value': 56}, 'value': 'Right'}]",False,,,,,
1903330,FirstHalf,43,44.0,43,Aerial,Unsuccessful,170,Fulham,108186.0,Raúl Jiménez,46.4,88.5,,,,,,,"[{'type': {'displayName': 'OppositeRelatedEvent', 'value': 233}, 'value': '806'}, {'type': {'displayName': 'Zone', 'value': 56}, 'value': 'Back'}, {'type': {'displayName': 'Defensive', 'value': 285}}]",False,,,,,
1903330,FirstHalf,43,45.0,43,Pass,Unsuccessful,29,West Ham,313672.0,Kyle Walker-Peters,52.4,9.4,54.1,10.7,,,,,"[{'type': {'displayName': 'PassEndY', 'value': 141}, 'value': '10.7'}, {'type': {'displayName': 'Angle', 'value': 213}, 'value': '0.46'}, {'type': {'displayName': 'PassEndX', 'value': 140}, 'value': '54.1'}, {'type': {'displayName': 'Zone', 'value': 56}, 'value': 'Right'}, {'type': {'displayName': 'Length', 'value': 212}, 'value': '2.0'}, {'type': {'displayName': 'HeadPass', 'value': 3}}]",True,,,,,
1903330,FirstHalf,43,46.0,43,BallTouch,Successful,170,Fulham,108186.0,Raúl Jiménez,46.4,88.5,,,,,,,"[{'type': {'displayName': 'Zone', 'value': 56}, 'value': 'Back'}]",True,,,,,
1903330,FirstHalf,43,47.0,43,BallRecovery,Successful,29,West Ham,443815.0,Soungoutou Magassa,40.6,33.3,,,,,,,[],False,,,,,
1903330,FirstHalf,43,47.0,43,Pass,Successful,29,West Ham,443815.0,Soungoutou Magassa,40.6,33.3,55.1,43.6,,,,,"[{'type': {'displayName': 'PassEndX', 'value': 140}, 'value': '55.1'}, {'type': {'displayName': 'Length', 'value': 212}, 'value': '16.8'}, {'type': {'displayName': 'Zone', 'value': 56}, 'value': 'Center'}, {'type': {'displayName': 'PassEndY', 'value': 141}, 'value': '43.6'}, {'type': {'displayName': 'Angle', 'value': 213}, 'value': '0.43'}]",True,,,,,
1903330,FirstHalf,43,48.0,43,Pass,Unsuccessful,29,West Ham,382564.0,Crysencio Summerville,55.1,43.6,42.4,63.6,,,,,"[{'type': {'displayName': 'PassEndY', 'value': 141}, 'value': '63.6'}, {'type': {'displayName': 'Angle', 'value': 213}, 'value': '2.35'}, {'type': {'displayName': 'Length', 'value': 212}, 'value': '19.0'}, {'type': {'displayName': 'Zone', 'value': 56}, 'value': 'Back'}, {'type': {'displayName': 'PassEndX', 'value': 140}, 'value': '42.4'}]",True,,,,,
1903330,FirstHalf,43,49.0,43,BallRecovery,Successful,170,Fulham,333044.0,Harry Wilson,53.7,38.8,,,,,,,[],False,,,,,
1903330,FirstHalf,43,53.0,43,Pass,Successful,170,Fulham,333044.0,Harry Wilson,71.1,25.5,86.6,11.4,,,,,"[{'type': {'displayName': 'PassEndY', 'value': 141}, 'value': '11.4'}, {'type': {'displayName': 'Angle', 'value': 213}, 'value': '5.75'}, {'type': {'displayName': 'Zone', 'value': 56}, 'value': 'Right'}, {'type': {'displayName': 'PassEndX', 'value': 140}, 'value': '86.6'}, {'type': {'displayName': 'Length', 'value': 212}, 'value': '18.9'}]",True,,,,,
1903330,FirstHalf,43,55.0,43,Pass,Unsuccessful,170,Fulham,108186.0,Raúl Jiménez,91.6,12.0,91.5,15.0,,,,,"[{'type': {'displayName': 'Cross', 'value': 2}}, {'type': {'displayName': 'PassEndY', 'value': 141}, 'value': '15.0'}, {'type': {'displayName': 'Zone', 'value': 56}, 'value': 'Right'}, {'type': {'displayName': 'Angle', 'value': 213}, 'value': '1.62'}, {'type': {'displayName': 'RightFoot', 'value': 20}}, {'type': {'displayName': 'Length', 'value': 212}, 'value': '2.0'}, {'type': {'displayName': 'Offensive', 'value': 286}}, {'type': {'displayName': 'PassEndX', 'value': 140}, 'value': '91.5'}, {'type': {'displayName': 'OppositeRelatedEvent', 'value': 233}, 'value': '356'}]",True,,,,,
1903330,FirstHalf,43,55.0,43,Clearance,Successful,29,West Ham,459708.0,Ollie Scarles,8.5,85.0,,,,,,,"[{'type': {'displayName': 'BlockedCross', 'value': 185}}, {'type': {'displayName': 'Zone', 'value': 56}, 'value': 'Back'}, {'type': {'displayName': 'OppositeRelatedEvent', 'value': 233}, 'value': '434'}]",True,,,,,
1903330,FirstHalf,43,57.0,43,Pass,Unsuccessful,170,Fulham,145996.0,Kenny Tete,87.5,16.8,100.0,43.0,,,,,"[{'type': {'displayName': 'Angle', 'value': 213}, 'value': '0.88'}, {'type': {'displayName': 'Zone', 'value': 56}, 'value': 'Center'}, {'type': {'displayName': 'Length', 'value': 212}, 'value': '23.0'}, {'type': {'displayName': 'PassEndY', 'value': 141}, 'value': '43.0'}, {'type': {'displayName': 'PassEndX', 'value': 140}, 'value': '100.0'}]",True,,,,,
1903330,FirstHalf,44,28.0,44,Pass,Successful,29,West Ham,92516.0,Alphonse Areola,4.7,46.0,66.2,40.1,,,,,"[{'type': {'displayName': 'Longball', 'value': 1}}, {'type': {'displayName': 'PassEndX', 'value': 140}, 'value': '66.2'}, {'type': {'displayName': 'GoalKick', 'value': 124}}, {'type': {'displayName': 'Length', 'value': 212}, 'value': '64.7'}, {'type': {'displayName': 'Angle', 'value': 213}, 'value': '6.22'}, {'type': {'displayName': 'MissHigh', 'value': 74}}, {'type': {'displayName': 'Zone', 'value': 56}, 'value': 'Center'}, {'type': {'displayName': 'PassEndY', 'value': 141}, 'value': '40.1'}]",True,,,,,
1903330,FirstHalf,44,30.0,44,BallTouch,Unsuccessful,29,West Ham,322596.0,Jarrod Bowen,64.1,41.8,,,,,,,"[{'type': {'displayName': 'Zone', 'value': 56}, 'value': 'Center'}]",True,,,,,
1903330,FirstHalf,44,32.0,44,Pass,Unsuccessful,170,Fulham,231135.0,Joachim Andersen,31.3,59.4,63.8,63.0,,,,,"[{'type': {'displayName': 'PassEndY', 'value': 141}, 'value': '63.0'}, {'type': {'displayName': 'Angle', 'value': 213}, 'value': '0.07'}, {'type': {'displayName': 'Zone', 'value': 56}, 'value': 'Center'}, {'type': {'displayName': 'Longball', 'value': 1}}, {'type': {'displayName': 'Length', 'value': 212}, 'value': '34.2'}, {'type': {'displayName': 'PassEndX', 'value': 140}, 'value': '63.8'}]",True,,,,,
1903330,FirstHalf,44,34.0,44,Aerial,Successful,29,West Ham,361710.0,Jean-Clair Todibo,36.2,37.0,,,,,,,"[{'type': {'displayName': 'Defensive', 'value': 285}}, {'type': {'displayName': 'OppositeRelatedEvent', 'value': 233}, 'value': '438'}, {'type': {'displayName': 'Zone', 'value': 56}, 'value': 'Back'}]",False,,,,,
1903330,FirstHalf,44,34.0,44,Aerial,Unsuccessful,170,Fulham,108186.0,Raúl Jiménez,63.8,63.0,,,,,,,"[{'type': {'displayName': 'Offensive', 'value': 286}}, {'type': {'displayName': 'OppositeRelatedEvent', 'value': 233}, 'value': '360'}, {'type': {'displayName': 'Zone', 'value': 56}, 'value': 'Center'}]",False,,,,,
1903330,FirstHalf,44,34.0,44,Pass,Successful,29,West Ham,361710.0,Jean-Clair Todibo,36.2,37.0,35.9,13.7,,,,,"[{'type': {'displayName': 'Length', 'value': 212}, 'value': '15.8'}, {'type': {'displayName': 'HeadPass', 'value': 3}}, {'type': {'displayName': 'PassEndX', 'value': 140}, 'value': '35.9'}, {'type': {'displayName': 'PassEndY', 'value': 141}, 'value': '13.7'}, {'type': {'displayName': 'Angle', 'value': 213}, 'value': '4.69'}, {'type': {'displayName': 'Zone', 'value': 56}, 'value': 'Back'}]",True,,,,,
1903330,FirstHalf,44,35.0,44,Pass,Unsuccessful,29,West Ham,313672.0,Kyle Walker-Peters,34.4,10.9,43.3,20.7,,,,,"[{'type': {'displayName': 'Length', 'value': 212}, 'value': '11.5'}, {'type': {'displayName': 'Zone', 'value': 56}, 'value': 'Back'}, {'type': {'displayName': 'PassEndY', 'value': 141}, 'value': '20.7'}, {'type': {'displayName': 'Chipped', 'value': 155}}, {'type': {'displayName': 'PassEndX', 'value': 140}, 'value': '43.3'}, {'type': {'displayName': 'Angle', 'value': 213}, 'value': '0.62'}]",True,,,,,
1903330,FirstHalf,44,37.0,44,Pass,Unsuccessful,170,Fulham,321020.0,Sander Berge,59.1,78.3,64.1,73.6,,,,,"[{'type': {'displayName': 'PassEndY', 'value': 141}, 'value': '73.6'}, {'type': {'displayName': 'Angle', 'value': 213}, 'value': '5.74'}, {'type': {'displayName': 'HeadPass', 'value': 3}}, {'type': {'displayName': 'Length', 'value': 212}, 'value': '6.1'}, {'type': {'displayName': 'Zone', 'value': 56}, 'value': 'Center'}, {'type': {'displayName': 'PassEndX', 'value': 140}, 'value': '64.1'}]",True,,,,,
1903330,FirstHalf,44,38.0,44,Pass,Successful,29,West Ham,429534.0,Freddie Potts,38.5,24.6,43.0,20.3,,,,,"[{'type': {'displayName': 'Angle', 'value': 213}, 'value': '5.73'}, {'type': {'displayName': 'PassEndY', 'value': 141}, 'value': '20.3'}, {'type': {'displayName': 'PassEndX', 'value': 140}, 'value': '43.0'}, {'type': {'displayName': 'Zone', 'value': 56}, 'value': 'Back'}, {'type': {'displayName': 'HeadPass', 'value': 3}}, {'type': {'displayName': 'Length', 'value': 212}, 'value': '5.6'}]",True,,,,,
1903330,FirstHalf,44,42.0,44,Pass,Unsuccessful,29,West Ham,443815.0,Soungoutou Magassa,41.1,20.4,43.2,20.4,,,,,"[{'type': {'displayName': 'PassEndX', 'value': 140}, 'value': '43.2'}, {'type': {'displayName': 'OppositeRelatedEvent', 'value': 233}, 'value': '440'}, {'type': {'displayName': 'Angle', 'value': 213}, 'value': '0.00'}, {'type': {'displayName': 'PassEndY', 'value': 141}, 'value': '20.4'}, {'type': {'displayName': 'Zone', 'value': 56}, 'value': 'Back'}, {'type': {'displayName': 'Offensive', 'value': 286}}, {'type': {'displayName': 'Length', 'value': 212}, 'value': '2.2'}]",True,,,,,
1903330,FirstHalf,44,42.0,44,BlockedPass,Successful,170,Fulham,321020.0,Sander Berge,56.8,79.6,,,,,,,"[{'type': {'displayName': 'Zone', 'value': 56}, 'value': 'Left'}, {'type': {'displayName': 'Defensive', 'value': 285}}, {'type': {'displayName': 'OppositeRelatedEvent', 'value': 233}, 'value': '364'}]",True,,,,,
1903330,FirstHalf,44,43.0,44,Pass,Successful,29,West Ham,447231.0,Mateus Fernandes,36.3,32.8,7.1,46.6,,,,,"[{'type': {'displayName': 'PassEndX', 'value': 140}, 'value': '7.1'}, {'type': {'displayName': 'Longball', 'value': 1}}, {'type': {'displayName': 'Length', 'value': 212}, 'value': '32.1'}, {'type': {'displayName': 'Angle', 'value': 213}, 'value': '2.84'}, {'type': {'displayName': 'Zone', 'value': 56}, 'value': 'Back'}, {'type': {'displayName': 'PassEndY', 'value': 141}, 'value': '46.6'}]",True,,,,,
1903330,FirstHalf,44,46.0,44,Pass,Successful,29,West Ham,92516.0,Alphonse Areola,8.1,46.1,22.8,63.9,,,,,"[{'type': {'displayName': 'Angle', 'value': 213}, 'value': '0.67'}, {'type': {'displayName': 'PassEndX', 'value': 140}, 'value': '22.8'}, {'type': {'displayName': 'Zone', 'value': 56}, 'value': 'Back'}, {'type': {'displayName': 'Length', 'value': 212}, 'value': '19.6'}, {'type': {'displayName': 'PassEndY', 'value': 141}, 'value': '63.9'}]",True,,,,,
1903330,FirstHalf,44,49.0,44,Pass,Successful,29,West Ham,368310.0,Maximilian Kilman,24.0,64.2,31.1,50.0,,,,,"[{'type': {'displayName': 'Length', 'value': 212}, 'value': '12.2'}, {'type': {'displayName': 'PassEndY', 'value': 141}, 'value': '50.0'}, {'type': {'displayName': 'Angle', 'value': 213}, 'value': '5.37'}, {'type': {'displayName': 'Zone', 'value': 56}, 'value': 'Back'}, {'type': {'displayName': 'PassEndX', 'value': 140}, 'value': '31.1'}]",True,,,,,
1903330,FirstHalf,44,52.0,44,Pass,Successful,29,West Ham,443815.0,Soungoutou Magassa,32.7,47.3,74.4,12.0,,,,,"[{'type': {'displayName': 'Length', 'value': 212}, 'value': '49.9'}, {'type': {'displayName': 'PassEndY', 'value': 141}, 'value': '12.0'}, {'type': {'displayName': 'Longball', 'value': 1}}, {'type': {'displayName': 'Zone', 'value': 56}, 'value': 'Right'}, {'type': {'displayName': 'Chipped', 'value': 155}}, {'type': {'displayName': 'Angle', 'value': 213}, 'value': '5.78'}, {'type': {'displayName': 'PassEndX', 'value': 140}, 'value': '74.4'}]",True,,,,,
1903330,FirstHalf,44,59.0,44,Pass,Successful,29,West Ham,313672.0,Kyle Walker-Peters,86.5,11.1,74.9,15.8,,,,,"[{'type': {'displayName': 'Zone', 'value': 56}, 'value': 'Right'}, {'type': {'displayName': 'Length', 'value': 212}, 'value': '12.6'}, {'type': {'displayName': 'PassEndY', 'value': 141}, 'value': '15.8'}, {'type': {'displayName': 'PassEndX', 'value': 140}, 'value': '74.9'}, {'type': {'displayName': 'Angle', 'value': 213}, 'value': '2.88'}]",True,,,,,
1903330,FirstHalf,45,1.0,45,Pass,Successful,29,West Ham,319756.0,Lucas Paquetá,74.9,15.8,74.8,33.4,,,,,"[{'type': {'displayName': 'PassEndX', 'value': 140}, 'value': '74.8'}, {'type': {'displayName': 'Zone', 'value': 56}, 'value': 'Center'}, {'type': {'displayName': 'Angle', 'value': 213}, 'value': '1.58'}, {'type': {'displayName': 'Length', 'value': 212}, 'value': '12.0'}, {'type': {'displayName': 'PassEndY', 'value': 141}, 'value': '33.4'}]",True,,,,,
1903330,FirstHalf,45,3.0,45,Pass,Successful,29,West Ham,322596.0,Jarrod Bowen,74.9,35.8,90.4,67.8,,,,,"[{'type': {'displayName': 'Length', 'value': 212}, 'value': '27.2'}, {'type': {'displayName': 'PassEndX', 'value': 140}, 'value': '90.4'}, {'type': {'displayName': 'Zone', 'value': 56}, 'value': 'Center'}, {'type': {'displayName': 'Angle', 'value': 213}, 'value': '0.93'}, {'type': {'displayName': 'PassEndY', 'value': 141}, 'value': '67.8'}]",True,,,,,
1903330,FirstHalf,45,5.0,45,BallTouch,Unsuccessful,29,West Ham,447231.0,Mateus Fernandes,90.0,66.9,,,,,,,"[{'type': {'displayName': 'Zone', 'value': 56}, 'value': 'Center'}]",True,,,,,
1903330,FirstHalf,45,8.0,45,End,Successful,29,West Ham,,,0.0,0.0,,,,,,,[],False,,,,,
1903330,FirstHalf,45,8.0,45,End,Successful,170,Fulham,,,0.0,0.0,,,,,,,[],False,,,,,
1903330,SecondHalf,45,0.0,46,Start,Successful,29,West Ham,,,0.0,0.0,,,,,,,[],False,,,,,
1903330,SecondHalf,45,0.0,46,Start,Successful,170,Fulham,,,0.0,0.0,,,,,,,[],False,,,,,
1903330,SecondHalf,45,0.0,46,Pass,Successful,170,Fulham,363686.0,Emile Smith Rowe,49.9,50.1,35.1,49.8,,,,,"[{'type': {'displayName': 'PassEndY', 'value': 141}, 'value': '49.8'}, {'type': {'displayName': 'Angle', 'value': 213}, 'value': '3.15'}, {'type': {'displayName': 'Zone', 'value': 56}, 'value': 'Back'}, {'type': {'displayName': 'PassEndX', 'value': 140}, 'value': '35.1'}, {'type': {'displayName': 'Length', 'value': 212}, 'value': '15.5'}]",True,,,,,
1903330,SecondHalf,45,4.0,46,Pass,Unsuccessful,170,Fulham,231135.0,Joachim Andersen,35.2,48.4,73.3,12.9,,,,,"[{'type': {'displayName': 'Angle', 'value': 213}, 'value': '5.74'}, {'type': {'displayName': 'PassEndX', 'value': 140}, 'value': '73.3'}, {'type': {'displayName': 'Length', 'value': 212}, 'value': '46.7'}, {'type': {'displayName': 'Zone', 'value': 56}, 'value': 'Right'}, {'type': {'displayName': 'PassEndY', 'value': 141}, 'value': '12.9'}, {'type': {'displayName': 'Longball', 'value': 1}}]",True,,,,,
1903330,SecondHalf,45,7.0,46,Aerial,Successful,29,West Ham,459708.0,Ollie Scarles,26.7,87.1,,,,,,,"[{'type': {'displayName': 'Defensive', 'value': 285}}, {'type': {'displayName': 'OppositeRelatedEvent', 'value': 233}, 'value': '449'}, {'type': {'displayName': 'Zone', 'value': 56}, 'value': 'Back'}]",False,,,,,
1903330,SecondHalf,45,7.0,46,Aerial,Unsuccessful,170,Fulham,108186.0,Raúl Jiménez,73.3,12.9,,,,,,,"[{'type': {'displayName': 'OppositeRelatedEvent', 'value': 233}, 'value': '377'}, {'type': {'displayName': 'Offensive', 'value': 286}}, {'type': {'displayName': 'Zone', 'value': 56}, 'value': 'Right'}]",False,,,,,
1903330,SecondHalf,45,8.0,46,BallTouch,Unsuccessful,29,West Ham,459708.0,Ollie Scarles,31.2,87.3,,,,,,,"[{'type': {'displayName': 'Zone', 'value': 56}, 'value': 'Back'}]",True,,,,,
1903330,SecondHalf,45,10.0,46,Pass,Successful,170,Fulham,333044.0,Harry Wilson,87.1,7.3,94.6,21.9,,,,,"[{'type': {'displayName': 'Angle', 'value': 213}, 'value': '0.90'}, {'type': {'displayName': 'PassEndY', 'value': 141}, 'value': '21.9'}, {'type': {'displayName': 'Zone', 'value': 56}, 'value': 'Center'}, {'type': {'displayName': 'Length', 'value': 212}, 'value': '12.7'}, {'type': {'displayName': 'PassEndX', 'value': 140}, 'value': '94.6'}]",True,,,,,
1903330,SecondHalf,45,12.0,46,Pass,Unsuccessful,170,Fulham,297395.0,Sasa Lukic,94.6,22.0,91.7,42.0,,,,,"[{'type': {'displayName': 'Angle', 'value': 213}, 'value': '1.79'}, {'type': {'displayName': 'Cross', 'value': 2}}, {'type': {'displayName': 'PassEndY', 'value': 141}, 'value': '42.0'}, {'type': {'displayName': 'Zone', 'value': 56}, 'value': 'Center'}, {'type': {'displayName': 'RightFoot', 'value': 20}}, {'type': {'displayName': 'Chipped', 'value': 155}}, {'type': {'displayName': 'Length', 'value': 212}, 'value': '13.9'}, {'type': {'displayName': 'PassEndX', 'value': 140}, 'value': '91.7'}]",True,,,,,
1903330,SecondHalf,45,14.0,46,Clearance,Successful,29,West Ham,443815.0,Soungoutou Magassa,8.1,53.7,15.2,92.5,,,,,"[{'type': {'displayName': 'PassEndY', 'value': 141}, 'value': '92.5'}, {'type': {'displayName': 'Angle', 'value': 213}, 'value': '1.30'}, {'type': {'displayName': 'Length', 'value': 212}, 'value': '27.4'}, {'type': {'displayName': 'Zone', 'value': 56}, 'value': 'Back'}, {'type': {'displayName': 'PassEndX', 'value': 140}, 'value': '15.2'}]",True,,,,,
1903330,SecondHalf,45,17.0,46,BallTouch,Unsuccessful,170,Fulham,145996.0,Kenny Tete,87.4,7.0,,,,,,,"[{'type': {'displayName': 'Zone', 'value': 56}, 'value': 'Right'}]",True,,,,,
1903330,SecondHalf,45,35.0,46,Pass,Successful,29,West Ham,459708.0,Ollie Scarles,14.8,100.0,32.4,89.4,,,,,"[{'type': {'displayName': 'Angle', 'value': 213}, 'value': '5.87'}, {'type': {'displayName': 'PassEndY', 'value': 141}, 'value': '89.4'}, {'type': {'displayName': 'Zone', 'value': 56}, 'value': 'Back'}, {'type': {'displayName': 'PassEndX', 'value': 140}, 'value': '32.4'}, {'type': {'displayName': 'Length', 'value': 212}, 'value': '20.1'}, {'type': {'displayName': 'ThrowIn', 'value': 107}}]",True,,,,,
1903330,SecondHalf,45,36.0,46,Pass,Successful,29,West Ham,447231.0,Mateus Fernandes,32.4,89.4,25.0,95.4,,,,,"[{'type': {'displayName': 'PassEndY', 'value': 141}, 'value': '95.4'}, {'type': {'displayName': 'Angle', 'value': 213}, 'value': '2.66'}, {'type': {'displayName': 'Zone', 'value': 56}, 'value': 'Back'}, {'type': {'displayName': 'Length', 'value': 212}, 'value': '8.8'}, {'type': {'displayName': 'LayOff', 'value': 156}}, {'type': {'displayName': 'PassEndX', 'value': 140}, 'value': '25.0'}]",True,,,,,
1903330,SecondHalf,45,39.0,46,Pass,Unsuccessful,29,West Ham,459708.0,Ollie Scarles,17.9,95.4,24.0,100.0,,,,,"[{'type': {'displayName': 'Length', 'value': 212}, 'value': '7.2'}, {'type': {'displayName': 'Longball', 'value': 1}}, {'type': {'displayName': 'PassEndX', 'value': 140}, 'value': '24.0'}, {'type': {'displayName': 'Zone', 'value': 56}, 'value': 'Back'}, {'type': {'displayName': 'Angle', 'value': 213}, 'value': '0.48'}, {'type': {'displayName': 'PassEndY', 'value': 141}, 'value': '100.0'}]",True,,,,,
1903330,SecondHalf,45,52.0,46,Pass,Successful,170,Fulham,145996.0,Kenny Tete,84.1,0.0,75.7,3.1,,,,,"[{'type': {'displayName': 'PassEndX', 'value': 140}, 'value': '75.7'}, {'type': {'displayName': 'Length', 'value': 212}, 'value': '9.4'}, {'type': {'displayName': 'ThrowIn', 'value': 107}}, {'type': {'displayName': 'Zone', 'value': 56}, 'value': 'Right'}, {'type': {'displayName': 'Angle', 'value': 213}, 'value': '2.80'}, {'type': {'displayName': 'PassEndY', 'value': 141}, 'value': '3.1'}]",True,,,,,
1903330,SecondHalf,45,55.0,46,Pass,Successful,170,Fulham,321020.0,Sander Berge,71.8,3.7,62.3,4.2,,,,,"[{'type': {'displayName': 'PassEndX', 'value': 140}, 'value': '62.3'}, {'type': {'displayName': 'Length', 'value': 212}, 'value': '10.0'}, {'type': {'displayName': 'Angle', 'value': 213}, 'value': '3.11'}, {'type': {'displayName': 'PassEndY', 'value': 141}, 'value': '4.2'}, {'type': {'displayName': 'Zone', 'value': 56}, 'value': 'Right'}]",True,,,,,
1903330,SecondHalf,45,56.0,46,Pass,Successful,170,Fulham,231135.0,Joachim Andersen,58.3,4.3,39.5,31.6,,,,,"[{'type': {'displayName': 'Zone', 'value': 56}, 'value': 'Back'}, {'type': {'displayName': 'PassEndX', 'value': 140}, 'value': '39.5'}, {'type': {'displayName': 'Length', 'value': 212}, 'value': '27.1'}, {'type': {'displayName': 'PassEndY', 'value': 141}, 'value': '31.6'}, {'type': {'displayName': 'Angle', 'value': 213}, 'value': '2.39'}]",True,,,,,
1903330,SecondHalf,46,1.0,47,Pass,Successful,170,Fulham,333182.0,Jorge Cuenca,45.3,51.9,44.8,88.9,,,,,"[{'type': {'displayName': 'PassEndY', 'value': 141}, 'value': '88.9'}, {'type': {'displayName': 'PassEndX', 'value': 140}, 'value': '44.8'}, {'type': {'displayName': 'Angle', 'value': 213}, 'value': '1.59'}, {'type': {'displayName': 'Zone', 'value': 56}, 'value': 'Back'}, {'type': {'displayName': 'Length', 'value': 212}, 'value': '25.2'}]",True,,,,,
1903330,SecondHalf,46,5.0,47,Pass,Successful,170,Fulham,306581.0,Antonee Robinson,37.4,89.1,35.2,42.9,,,,,"[{'type': {'displayName': 'Angle', 'value': 213}, 'value': '4.64'}, {'type': {'displayName': 'PassEndX', 'value': 140}, 'value': '35.2'}, {'type': {'displayName': 'Zone', 'value': 56}, 'value': 'Back'}, {'type': {'displayName': 'Length', 'value': 212}, 'value': '31.5'}, {'type': {'displayName': 'PassEndY', 'value': 141}, 'value': '42.9'}]",True,,,,,
1903330,SecondHalf,46,10.0,47,Pass,Successful,170,Fulham,231135.0,Joachim Andersen,36.5,38.4,75.2,71.2,,,,,"[{'type': {'displayName': 'Chipped', 'value': 155}}, {'type': {'displayName': 'PassEndY', 'value': 141}, 'value': '71.2'}, {'type': {'displayName': 'Angle', 'value': 213}, 'value': '0.50'}, {'type': {'displayName': 'Zone', 'value': 56}, 'value': 'Center'}, {'type': {'displayName': 'Length', 'value': 212}, 'value': '46.4'}, {'type': {'displayName': 'Longball', 'value': 1}}, {'type': {'displayName': 'PassEndX', 'value': 140}, 'value': '75.2'}]",True,,,,,
1903330,SecondHalf,46,13.0,47,Pass,Successful,170,Fulham,363686.0,Emile Smith Rowe,75.8,70.6,69.1,62.4,,,,,"[{'type': {'displayName': 'ShotAssist', 'value': 210}, 'value': '13'}, {'type': {'displayName': 'PassEndX', 'value': 140}, 'value': '69.1'}, {'type': {'displayName': 'Length', 'value': 212}, 'value': '9.0'}, {'type': {'displayName': 'Angle', 'value': 213}, 'value': '3.81'}, {'type': {'displayName': 'PassEndY', 'value': 141}, 'value': '62.4'}, {'type': {'displayName': 'Zone', 'value': 56}, 'value': 'Center'}, {'type': {'displayName': 'KeyPass', 'value': 11113}}]",True,,,,,
1903330,SecondHalf,46,15.0,47,MissedShots,Successful,170,Fulham,108186.0,Raúl Jiménez,74.0,56.0,,,43.9,90.3,,,"[{'type': {'displayName': 'GoalMouthZ', 'value': 103}, 'value': '90.3'}, {'type': {'displayName': 'HighRight', 'value': 81}}, {'type': {'displayName': 'Assisted', 'value': 29}}, {'type': {'displayName': 'RegularPlay', 'value': 22}}, {'type': {'displayName': 'RightFoot', 'value': 20}}, {'type': {'displayName': 'Zone', 'value': 56}, 'value': 'Center'}, {'type': {'displayName': 'GoalMouthY', 'value': 102}, 'value': '43.9'}, {'type': {'displayName': 'IndividualPlay', 'value': 215}}, {'type': {'displayName': 'RelatedEventId', 'value': 55}, 'value': '461'}, {'type': {'displayName': 'OutOfBoxCentre', 'value': 18}}]",True,True,,,461.0,363686.0
1903330,SecondHalf,46,41.0,47,Pass,Unsuccessful,29,West Ham,92516.0,Alphonse Areola,4.0,52.5,64.7,15.1,,,,,"[{'type': {'displayName': 'PassEndX', 'value': 140}, 'value': '64.7'}, {'type': {'displayName': 'Longball', 'value': 1}}, {'type': {'displayName': 'Length', 'value': 212}, 'value': '68.6'}, {'type': {'displayName': 'GoalKick', 'value': 124}}, {'type': {'displayName': 'PassEndY', 'value': 141}, 'value': '15.1'}, {'type': {'displayName': 'Angle', 'value': 213}, 'value': '5.90'}, {'type': {'displayName': 'Zone', 'value': 56}, 'value': 'Right'}, {'type': {'displayName': 'MissHigh', 'value': 74}}]",True,,,,,
1903330,SecondHalf,46,45.0,47,Pass,Successful,170,Fulham,321020.0,Sander Berge,40.1,80.2,67.1,92.4,,,,,"[{'type': {'displayName': 'Angle', 'value': 213}, 'value': '0.28'}, {'type': {'displayName': 'PassEndY', 'value': 141}, 'value': '92.4'}, {'type': {'displayName': 'Zone', 'value': 56}, 'value': 'Left'}, {'type': {'displayName': 'PassEndX', 'value': 140}, 'value': '67.1'}, {'type': {'displayName': 'Length', 'value': 212}, 'value': '29.5'}, {'type': {'displayName': 'HeadPass', 'value': 3}}]",True,,,,,
1903330,SecondHalf,46,48.0,47,Dispossessed,Successful,170,Fulham,429174.0,Kevin,63.4,92.0,,,,,,,"[{'type': {'displayName': 'Zone', 'value': 56}, 'value': 'Left'}, {'type': {'displayName': 'Offensive', 'value': 286}}, {'type': {'displayName': 'OppositeRelatedEvent', 'value': 233}, 'value': '419'}]",True,,,,,
1903330,SecondHalf,46,48.0,47,Tackle,Unsuccessful,29,West Ham,313672.0,Kyle Walker-Peters,36.6,8.0,,,,,,,"[{'type': {'displayName': 'Zone', 'value': 56}, 'value': 'Back'}, {'type': {'displayName': 'StandingSave', 'value': 178}}, {'type': {'displayName': 'Defensive', 'value': 285}}, {'type': {'displayName': 'OppositeRelatedEvent', 'value': 233}, 'value': '465'}]",True,,,,,
1903330,SecondHalf,46,49.0,47,BallTouch,Successful,170,Fulham,429174.0,Kevin,61.6,94.3,,,,,,,"[{'type': {'displayName': 'Zone', 'value': 56}, 'value': 'Left'}]",True,,,,,
1903330,SecondHalf,46,51.0,47,Pass,Successful,29,West Ham,443815.0,Soungoutou Magassa,29.5,16.9,31.7,24.3,,,,,"[{'type': {'displayName': 'Zone', 'value': 56}, 'value': 'Back'}, {'type': {'displayName': 'Length', 'value': 212}, 'value': '5.5'}, {'type': {'displayName': 'PassEndX', 'value': 140}, 'value': '31.7'}, {'type': {'displayName': 'PassEndY', 'value': 141}, 'value': '24.3'}, {'type': {'displayName': 'Angle', 'value': 213}, 'value': '1.14'}]",True,,,,,
1903330,SecondHalf,46,52.0,47,Pass,Successful,29,West Ham,429534.0,Freddie Potts,31.7,24.3,18.8,21.1,,,,,"[{'type': {'displayName': 'Length', 'value': 212}, 'value': '13.7'}, {'type': {'displayName': 'PassEndY', 'value': 141}, 'value': '21.1'}, {'type': {'displayName': 'Angle', 'value': 213}, 'value': '3.30'}, {'type': {'displayName': 'Zone', 'value': 56}, 'value': 'Back'}, {'type': {'displayName': 'PassEndX', 'value': 140}, 'value': '18.8'}]",True,,,,,
1903330,SecondHalf,46,53.0,47,Pass,Successful,29,West Ham,361710.0,Jean-Clair Todibo,18.8,21.1,25.9,4.8,,,,,"[{'type': {'displayName': 'Length', 'value': 212}, 'value': '13.4'}, {'type': {'displayName': 'PassEndX', 'value': 140}, 'value': '25.9'}, {'type': {'displayName': 'Angle', 'value': 213}, 'value': '5.30'}, {'type': {'displayName': 'PassEndY', 'value': 141}, 'value': '4.8'}, {'type': {'displayName': 'Zone', 'value': 56}, 'value': 'Back'}]",True,,,,,
1903330,SecondHalf,46,56.0,47,Pass,Successful,29,West Ham,443815.0,Soungoutou Magassa,30.6,6.9,41.9,41.2,,,,,"[{'type': {'displayName': 'PassEndY', 'value': 141}, 'value': '41.2'}, {'type': {'displayName': 'Zone', 'value': 56}, 'value': 'Back'}, {'type': {'displayName': 'Length', 'value': 212}, 'value': '26.2'}, {'type': {'displayName': 'PassEndX', 'value': 140}, 'value': '41.9'}, {'type': {'displayName': 'Angle', 'value': 213}, 'value': '1.10'}]",True,,,,,
1903330,SecondHalf,46,59.0,47,Pass,Successful,29,West Ham,382564.0,Crysencio Summerville,41.9,41.2,33.3,38.8,,,,,"[{'type': {'displayName': 'PassEndX', 'value': 140}, 'value': '33.3'}, {'type': {'displayName': 'Length', 'value': 212}, 'value': '9.2'}, {'type': {'displayName': 'Zone', 'value': 56}, 'value': 'Back'}, {'type': {'displayName': 'LayOff', 'value': 156}}, {'type': {'displayName': 'Angle', 'value': 213}, 'value': '3.32'}, {'type': {'displayName': 'PassEndY', 'value': 141}, 'value': '38.8'}]",True,,,,,
1903330,SecondHalf,47,1.0,48,Pass,Successful,29,West Ham,447231.0,Mateus Fernandes,33.3,38.8,40.3,79.8,,,,,"[{'type': {'displayName': 'PassEndX', 'value': 140}, 'value': '40.3'}, {'type': {'displayName': 'Length', 'value': 212}, 'value': '28.8'}, {'type': {'displayName': 'PassEndY', 'value': 141}, 'value': '79.8'}, {'type': {'displayName': 'Zone', 'value': 56}, 'value': 'Back'}, {'type': {'displayName': 'Angle', 'value': 213}, 'value': '1.31'}]",True,,,,,
1903330,SecondHalf,47,3.0,48,Pass,Successful,29,West Ham,459708.0,Ollie Scarles,40.3,79.8,76.0,93.0,,,,,"[{'type': {'displayName': 'Length', 'value': 212}, 'value': '38.5'}, {'type': {'displayName': 'Zone', 'value': 56}, 'value': 'Left'}, {'type': {'displayName': 'Longball', 'value': 1}}, {'type': {'displayName': 'PassEndY', 'value': 141}, 'value': '93.0'}, {'type': {'displayName': 'PassEndX', 'value': 140}, 'value': '76.0'}, {'type': {'displayName': 'Angle', 'value': 213}, 'value': '0.24'}]",True,,,,,
1903330,SecondHalf,47,12.0,48,Pass,Successful,29,West Ham,382564.0,Crysencio Summerville,62.1,77.1,59.6,58.3,,,,,"[{'type': {'displayName': 'PassEndX', 'value': 140}, 'value': '59.6'}, {'type': {'displayName': 'Angle', 'value': 213}, 'value': '4.51'}, {'type': {'displayName': 'Zone', 'value': 56}, 'value': 'Center'}, {'type': {'displayName': 'PassEndY', 'value': 141}, 'value': '58.3'}, {'type': {'displayName': 'Length', 'value': 212}, 'value': '13.1'}]",True,,,,,
1903330,SecondHalf,47,14.0,48,Pass,Successful,29,West Ham,443815.0,Soungoutou Magassa,58.6,54.9,46.5,64.9,,,,,"[{'type': {'displayName': 'Length', 'value': 212}, 'value': '14.4'}, {'type': {'displayName': 'PassEndX', 'value': 140}, 'value': '46.5'}, {'type': {'displayName': 'Zone', 'value': 56}, 'value': 'Back'}, {'type': {'displayName': 'Angle', 'value': 213}, 'value': '2.65'}, {'type': {'displayName': 'PassEndY', 'value': 141}, 'value': '64.9'}]",True,,,,,
1903330,SecondHalf,47,16.0,48,Pass,Successful,29,West Ham,368310.0,Maximilian Kilman,53.6,65.8,49.3,22.6,,,,,"[{'type': {'displayName': 'Length', 'value': 212}, 'value': '29.7'}, {'type': {'displayName': 'Zone', 'value': 56}, 'value': 'Back'}, {'type': {'displayName': 'PassEndY', 'value': 141}, 'value': '22.6'}, {'type': {'displayName': 'PassEndX', 'value': 140}, 'value': '49.3'}, {'type': {'displayName': 'Angle', 'value': 213}, 'value': '4.56'}]",True,,,,,
1903330,SecondHalf,47,22.0,48,Pass,Successful,29,West Ham,361710.0,Jean-Clair Todibo,52.9,27.1,60.6,15.4,,,,,"[{'type': {'displayName': 'PassEndY', 'value': 141}, 'value': '15.4'}, {'type': {'displayName': 'Zone', 'value': 56}, 'value': 'Right'}, {'type': {'displayName': 'Length', 'value': 212}, 'value': '11.3'}, {'type': {'displayName': 'PassEndX', 'value': 140}, 'value': '60.6'}, {'type': {'displayName': 'Angle', 'value': 213}, 'value': '5.51'}]",True,,,,,
1903330,SecondHalf,47,25.0,48,Pass,Successful,29,West Ham,319756.0,Lucas Paquetá,58.1,20.8,64.0,4.6,,,,,"[{'type': {'displayName': 'PassEndY', 'value': 141}, 'value': '4.6'}, {'type': {'displayName': 'PassEndX', 'value': 140}, 'value': '64.0'}, {'type': {'displayName': 'Zone', 'value': 56}, 'value': 'Right'}, {'type': {'displayName': 'Angle', 'value': 213}, 'value': '5.22'}, {'type': {'displayName': 'Length', 'value': 212}, 'value': '12.6'}]",True,,,,,
1903330,SecondHalf,47,27.0,48,Pass,Successful,29,West Ham,313672.0,Kyle Walker-Peters,62.8,5.4,46.2,13.9,,,,,"[{'type': {'displayName': 'Length', 'value': 212}, 'value': '18.4'}, {'type': {'displayName': 'PassEndX', 'value': 140}, 'value': '46.2'}, {'type': {'displayName': 'Zone', 'value': 56}, 'value': 'Back'}, {'type': {'displayName': 'PassEndY', 'value': 141}, 'value': '13.9'}, {'type': {'displayName': 'Angle', 'value': 213}, 'value': '2.82'}]",True,,,,,
1903330,SecondHalf,47,32.0,48,Pass,Successful,29,West Ham,322596.0,Jarrod Bowen,45.0,13.3,33.9,17.2,,,,,"[{'type': {'displayName': 'PassEndX', 'value': 140}, 'value': '33.9'}, {'type': {'displayName': 'Angle', 'value': 213}, 'value': '2.92'}, {'type': {'displayName': 'Zone', 'value': 56}, 'value': 'Back'}, {'type': {'displayName': 'PassEndY', 'value': 141}, 'value': '17.2'}, {'type': {'displayName': 'Length', 'value': 212}, 'value': '12.0'}]",True,,,,,
1903330,SecondHalf,47,34.0,48,Pass,Successful,29,West Ham,361710.0,Jean-Clair Todibo,33.9,18.4,20.4,46.8,,,,,"[{'type': {'displayName': 'PassEndY', 'value': 141}, 'value': '46.8'}, {'type': {'displayName': 'Angle', 'value': 213}, 'value': '2.20'}, {'type': {'displayName': 'Zone', 'value': 56}, 'value': 'Back'}, {'type': {'displayName': 'PassEndX', 'value': 140}, 'value': '20.4'}, {'type': {'displayName': 'Length', 'value': 212}, 'value': '24.0'}]",True,,,,,
1903330,SecondHalf,47,38.0,48,Pass,Successful,29,West Ham,92516.0,Alphonse Areola,20.3,46.8,35.0,77.7,,,,,"[{'type': {'displayName': 'PassEndX', 'value': 140}, 'value': '35.0'}, {'type': {'displayName': 'Length', 'value': 212}, 'value': '26.1'}, {'type': {'displayName': 'Zone', 'value': 56}, 'value': 'Back'}, {'type': {'displayName': 'PassEndY', 'value': 141}, 'value': '77.7'}, {'type': {'displayName': 'Angle', 'value': 213}, 'value': '0.94'}]",True,,,,,
1903330,SecondHalf,47,45.0,48,Pass,Successful,29,West Ham,368310.0,Maximilian Kilman,33.9,77.8,45.0,96.9,,,,,"[{'type': {'displayName': 'Zone', 'value': 56}, 'value': 'Back'}, {'type': {'displayName': 'PassEndY', 'value': 141}, 'value': '96.9'}, {'type': {'displayName': 'Angle', 'value': 213}, 'value': '0.84'}, {'type': {'displayName': 'Length', 'value': 212}, 'value': '17.5'}, {'type': {'displayName': 'PassEndX', 'value': 140}, 'value': '45.0'}]",True,,,,,
1903330,SecondHalf,47,47.0,48,BallTouch,Unsuccessful,29,West Ham,459708.0,Ollie Scarles,45.9,96.9,,,,,,,"[{'type': {'displayName': 'Zone', 'value': 56}, 'value': 'Back'}]",True,,,,,
1903330,SecondHalf,47,49.0,48,Pass,Successful,170,Fulham,145996.0,Kenny Tete,48.2,8.8,65.6,11.8,,,,,"[{'type': {'displayName': 'PassEndX', 'value': 140}, 'value': '65.6'}, {'type': {'displayName': 'Length', 'value': 212}, 'value': '18.4'}, {'type': {'displayName': 'Longball', 'value': 1}}, {'type': {'displayName': 'PassEndY', 'value': 141}, 'value': '11.8'}, {'type': {'displayName': 'Zone', 'value': 56}, 'value': 'Right'}, {'type': {'displayName': 'Angle', 'value': 213}, 'value': '0.11'}]",True,,,,,
1903330,SecondHalf,47,50.0,48,BallRecovery,Successful,170,Fulham,108186.0,Raúl Jiménez,65.6,11.8,,,,,,,[],False,,,,,
1903330,SecondHalf,47,51.0,48,Pass,Successful,170,Fulham,108186.0,Raúl Jiménez,65.6,11.8,60.8,5.8,,,,,"[{'type': {'displayName': 'PassEndX', 'value': 140}, 'value': '60.8'}, {'type': {'displayName': 'Length', 'value': 212}, 'value': '6.5'}, {'type': {'displayName': 'PassEndY', 'value': 141}, 'value': '5.8'}, {'type': {'displayName': 'Zone', 'value': 56}, 'value': 'Right'}, {'type': {'displayName': 'Angle', 'value': 213}, 'value': '3.82'}]",True,,,,,
1903330,SecondHalf,47,52.0,48,Pass,Unsuccessful,170,Fulham,333044.0,Harry Wilson,60.7,5.7,76.5,19.3,,,,,"[{'type': {'displayName': 'PassEndY', 'value': 141}, 'value': '19.3'}, {'type': {'displayName': 'Length', 'value': 212}, 'value': '19.0'}, {'type': {'displayName': 'PassEndX', 'value': 140}, 'value': '76.5'}, {'type': {'displayName': 'Zone', 'value': 56}, 'value': 'Right'}, {'type': {'displayName': 'Chipped', 'value': 155}}, {'type': {'displayName': 'Angle', 'value': 213}, 'value': '0.51'}]",True,,,,,
1903330,SecondHalf,47,54.0,48,Pass,Successful,29,West Ham,429534.0,Freddie Potts,30.2,71.7,35.0,76.9,,,,,"[{'type': {'displayName': 'HeadPass', 'value': 3}}, {'type': {'displayName': 'Zone', 'value': 56}, 'value': 'Back'}, {'type': {'displayName': 'PassEndX', 'value': 140}, 'value': '35.0'}, {'type': {'displayName': 'Length', 'value': 212}, 'value': '6.2'}, {'type': {'displayName': 'Angle', 'value': 213}, 'value': '0.61'}, {'type': {'displayName': 'PassEndY', 'value': 141}, 'value': '76.9'}]",True,,,,,
1903330,SecondHalf,47,56.0,48,Dispossessed,Successful,29,West Ham,447231.0,Mateus Fernandes,32.6,78.2,,,,,,,"[{'type': {'displayName': 'OppositeRelatedEvent', 'value': 233}, 'value': '473'}, {'type': {'displayName': 'Defensive', 'value': 285}}, {'type': {'displayName': 'Zone', 'value': 56}, 'value': 'Back'}]",True,,,,,
1903330,SecondHalf,47,56.0,48,Tackle,Unsuccessful,170,Fulham,297395.0,Sasa Lukic,67.4,21.8,,,,,,,"[{'type': {'displayName': 'StandingSave', 'value': 178}}, {'type': {'displayName': 'Offensive', 'value': 286}}, {'type': {'displayName': 'OppositeRelatedEvent', 'value': 233}, 'value': '406'}, {'type': {'displayName': 'Zone', 'value': 56}, 'value': 'Center'}]",True,,,,,
1903330,SecondHalf,48,1.0,49,BallRecovery,Successful,29,West Ham,368310.0,Maximilian Kilman,5.2,82.0,,,,,,,[],False,,,,,
1903330,SecondHalf,48,1.0,49,Pass,Successful,29,West Ham,368310.0,Maximilian Kilman,5.2,82.0,7.7,95.5,,,,,"[{'type': {'displayName': 'PassEndY', 'value': 141}, 'value': '95.5'}, {'type': {'displayName': 'Zone', 'value': 56}, 'value': 'Back'}, {'type': {'displayName': 'Angle', 'value': 213}, 'value': '1.29'}, {'type': {'displayName': 'PassEndX', 'value': 140}, 'value': '7.7'}, {'type': {'displayName': 'Length', 'value': 212}, 'value': '9.5'}]",True,,,,,
1903330,SecondHalf,48,5.0,49,Pass,Successful,29,West Ham,459708.0,Ollie Scarles,7.4,95.8,28.8,93.3,,,,,"[{'type': {'displayName': 'Longball', 'value': 1}}, {'type': {'displayName': 'PassEndX', 'value': 140}, 'value': '28.8'}, {'type': {'displayName': 'Length', 'value': 212}, 'value': '22.5'}, {'type': {'displayName': 'Zone', 'value': 56}, 'value': 'Back'}, {'type': {'displayName': 'Angle', 'value': 213}, 'value': '6.21'}, {'type': {'displayName': 'PassEndY', 'value': 141}, 'value': '93.3'}]",True,,,,,
1903330,SecondHalf,48,9.0,49,Pass,Successful,29,West Ham,382564.0,Crysencio Summerville,21.4,94.8,10.7,95.5,,,,,"[{'type': {'displayName': 'Length', 'value': 212}, 'value': '11.2'}, {'type': {'displayName': 'PassEndY', 'value': 141}, 'value': '95.5'}, {'type': {'displayName': 'Angle', 'value': 213}, 'value': '3.10'}, {'type': {'displayName': 'Zone', 'value': 56}, 'value': 'Back'}, {'type': {'displayName': 'PassEndX', 'value': 140}, 'value': '10.7'}]",True,,,,,
1903330,SecondHalf,48,11.0,49,Pass,Successful,29,West Ham,459708.0,Ollie Scarles,10.7,95.5,8.7,81.3,,,,,"[{'type': {'displayName': 'Length', 'value': 212}, 'value': '9.9'}, {'type': {'displayName': 'PassEndX', 'value': 140}, 'value': '8.7'}, {'type': {'displayName': 'Angle', 'value': 213}, 'value': '4.50'}, {'type': {'displayName': 'Zone', 'value': 56}, 'value': 'Back'}, {'type': {'displayName': 'PassEndY', 'value': 141}, 'value': '81.3'}]",True,,,,,
1903330,SecondHalf,48,14.0,49,Pass,Unsuccessful,29,West Ham,368310.0,Maximilian Kilman,10.7,78.7,56.2,82.8,,,,,"[{'type': {'displayName': 'Angle', 'value': 213}, 'value': '0.06'}, {'type': {'displayName': 'Chipped', 'value': 155}}, {'type': {'displayName': 'PassEndY', 'value': 141}, 'value': '82.8'}, {'type': {'displayName': 'Length', 'value': 212}, 'value': '47.9'}, {'type': {'displayName': 'Longball', 'value': 1}}, {'type': {'displayName': 'PassEndX', 'value': 140}, 'value': '56.2'}, {'type': {'displayName': 'Zone', 'value': 56}, 'value': 'Left'}]",True,,,,,
1903330,SecondHalf,48,17.0,49,Pass,Unsuccessful,170,Fulham,231135.0,Joachim Andersen,39.7,11.1,68.4,10.3,,,,,"[{'type': {'displayName': 'PassEndY', 'value': 141}, 'value': '10.3'}, {'type': {'displayName': 'Angle', 'value': 213}, 'value': '6.27'}, {'type': {'displayName': 'Zone', 'value': 56}, 'value': 'Right'}, {'type': {'displayName': 'HeadPass', 'value': 3}}, {'type': {'displayName': 'Length', 'value': 212}, 'value': '30.1'}, {'type': {'displayName': 'PassEndX', 'value': 140}, 'value': '68.4'}]",True,,,,,
1903330,SecondHalf,48,20.0,49,Pass,Successful,29,West Ham,447231.0,Mateus Fernandes,32.9,87.0,24.1,86.7,,,,,"[{'type': {'displayName': 'PassEndX', 'value': 140}, 'value': '24.1'}, {'type': {'displayName': 'Length', 'value': 212}, 'value': '9.2'}, {'type': {'displayName': 'Zone', 'value': 56}, 'value': 'Back'}, {'type': {'displayName': 'PassEndY', 'value': 141}, 'value': '86.7'}, {'type': {'displayName': 'Angle', 'value': 213}, 'value': '3.16'}]",True,,,,,
1903330,SecondHalf,48,22.0,49,Pass,Successful,29,West Ham,459708.0,Ollie Scarles,25.8,87.3,24.0,75.3,,,,,"[{'type': {'displayName': 'PassEndX', 'value': 140}, 'value': '24.0'}, {'type': {'displayName': 'Zone', 'value': 56}, 'value': 'Back'}, {'type': {'displayName': 'Angle', 'value': 213}, 'value': '4.48'}, {'type': {'displayName': 'PassEndY', 'value': 141}, 'value': '75.3'}, {'type': {'displayName': 'Length', 'value': 212}, 'value': '8.4'}]",True,,,,,
1903330,SecondHalf,48,24.0,49,Pass,Successful,29,West Ham,368310.0,Maximilian Kilman,24.0,75.3,32.2,77.4,,,,,"[{'type': {'displayName': 'Angle', 'value': 213}, 'value': '0.16'}, {'type': {'displayName': 'Zone', 'value': 56}, 'value': 'Back'}, {'type': {'displayName': 'PassEndY', 'value': 141}, 'value': '77.4'}, {'type': {'displayName': 'Length', 'value': 212}, 'value': '8.7'}, {'type': {'displayName': 'PassEndX', 'value': 140}, 'value': '32.2'}]",True,,,,,
1903330,SecondHalf,48,30.0,49,Pass,Successful,29,West Ham,447231.0,Mateus Fernandes,38.7,25.5,45.0,3.6,,,,,"[{'type': {'displayName': 'PassEndY', 'value': 141}, 'value': '3.6'}, {'type': {'displayName': 'Angle', 'value': 213}, 'value': '5.13'}, {'type': {'displayName': 'PassEndX', 'value': 140}, 'value': '45.0'}, {'type': {'displayName': 'Length', 'value': 212}, 'value': '16.3'}, {'type': {'displayName': 'Zone', 'value': 56}, 'value': 'Back'}]",True,,,,,
1903330,SecondHalf,48,32.0,49,Pass,Successful,29,West Ham,313672.0,Kyle Walker-Peters,43.7,3.7,56.7,6.4,,,,,"[{'type': {'displayName': 'PassEndX', 'value': 140}, 'value': '56.7'}, {'type': {'displayName': 'Zone', 'value': 56}, 'value': 'Right'}, {'type': {'displayName': 'Length', 'value': 212}, 'value': '13.8'}, {'type': {'displayName': 'Angle', 'value': 213}, 'value': '0.13'}, {'type': {'displayName': 'PassEndY', 'value': 141}, 'value': '6.4'}]",True,,,,,
1903330,SecondHalf,48,35.0,49,TakeOn,Successful,29,West Ham,319756.0,Lucas Paquetá,52.3,6.4,,,,,,,"[{'type': {'displayName': 'OppositeRelatedEvent', 'value': 233}, 'value': '477'}, {'type': {'displayName': 'Offensive', 'value': 286}}, {'type': {'displayName': 'Zone', 'value': 56}, 'value': 'Right'}]",True,,,,,
1903330,SecondHalf,48,35.0,49,Challenge,Unsuccessful,170,Fulham,429174.0,Kevin,47.7,93.6,,,,,,,"[{'type': {'displayName': 'OppositeRelatedEvent', 'value': 233}, 'value': '430'}, {'type': {'displayName': 'Zone', 'value': 56}, 'value': 'Back'}, {'type': {'displayName': 'Defensive', 'value': 285}}]",False,,,,,
1903330,SecondHalf,48,37.0,49,Pass,Unsuccessful,29,West Ham,319756.0,Lucas Paquetá,53.9,6.3,82.2,9.3,,,,,"[{'type': {'displayName': 'PassEndX', 'value': 140}, 'value': '82.2'}, {'type': {'displayName': 'Length', 'value': 212}, 'value': '29.8'}, {'type': {'displayName': 'Zone', 'value': 56}, 'value': 'Right'}, {'type': {'displayName': 'Angle', 'value': 213}, 'value': '0.07'}, {'type': {'displayName': 'PassEndY', 'value': 141}, 'value': '9.3'}, {'type': {'displayName': 'Chipped', 'value': 155}}]",True,,,,,
1903330,SecondHalf,48,40.0,49,BallRecovery,Successful,170,Fulham,333182.0,Jorge Cuenca,21.9,83.5,,,,,,,[],False,,,,,
1903330,SecondHalf,48,40.0,49,Pass,Successful,170,Fulham,333182.0,Jorge Cuenca,21.9,83.5,3.7,51.1,,,,,"[{'type': {'displayName': 'Angle', 'value': 213}, 'value': '4.00'}, {'type': {'displayName': 'PassEndY', 'value': 141}, 'value': '51.1'}, {'type': {'displayName': 'Length', 'value': 212}, 'value': '29.2'}, {'type': {'displayName': 'PassEndX', 'value': 140}, 'value': '3.7'}, {'type': {'displayName': 'Zone', 'value': 56}, 'value': 'Back'}]",True,,,,,
1903330,SecondHalf,48,46.0,49,Pass,Unsuccessful,170,Fulham,92173.0,Bernd Leno,1.7,38.5,60.3,44.7,,,,,"[{'type': {'displayName': 'PassEndY', 'value': 141}, 'value': '44.7'}, {'type': {'displayName': 'Longball', 'value': 1}}, {'type': {'displayName': 'Angle', 'value': 213}, 'value': '0.07'}, {'type': {'displayName': 'Zone', 'value': 56}, 'value': 'Center'}, {'type': {'displayName': 'PassEndX', 'value': 140}, 'value': '60.3'}, {'type': {'displayName': 'Length', 'value': 212}, 'value': '61.7'}]",True,,,,,
1903330,SecondHalf,48,50.0,49,Pass,Successful,29,West Ham,368310.0,Maximilian Kilman,36.8,57.9,43.6,57.6,,,,,"[{'type': {'displayName': 'Angle', 'value': 213}, 'value': '6.25'}, {'type': {'displayName': 'PassEndX', 'value': 140}, 'value': '43.6'}, {'type': {'displayName': 'HeadPass', 'value': 3}}, {'type': {'displayName': 'PassEndY', 'value': 141}, 'value': '57.6'}, {'type': {'displayName': 'Zone', 'value': 56}, 'value': 'Back'}, {'type': {'displayName': 'Length', 'value': 212}, 'value': '7.1'}]",True,,,,,
1903330,SecondHalf,48,51.0,49,BallRecovery,Successful,29,West Ham,429534.0,Freddie Potts,42.9,56.5,,,,,,,[],False,,,,,
1903330,SecondHalf,48,54.0,49,Pass,Unsuccessful,29,West Ham,429534.0,Freddie Potts,42.9,56.5,78.9,57.4,,,,,"[{'type': {'displayName': 'Longball', 'value': 1}}, {'type': {'displayName': 'PassEndX', 'value': 140}, 'value': '78.9'}, {'type': {'displayName': 'Length', 'value': 212}, 'value': '37.8'}, {'type': {'displayName': 'PassEndY', 'value': 141}, 'value': '57.4'}, {'type': {'displayName': 'Zone', 'value': 56}, 'value': 'Center'}, {'type': {'displayName': 'Angle', 'value': 213}, 'value': '0.02'}]",True,,,,,
1903330,SecondHalf,49,0.0,50,BallRecovery,Successful,170,Fulham,92173.0,Bernd Leno,13.9,42.1,,,,,,,[],False,,,,,
1903330,SecondHalf,49,0.0,50,Pass,Successful,170,Fulham,92173.0,Bernd Leno,13.9,42.1,20.3,63.9,,,,,"[{'type': {'displayName': 'PassEndY', 'value': 141}, 'value': '63.9'}, {'type': {'displayName': 'Angle', 'value': 213}, 'value': '1.15'}, {'type': {'displayName': 'Length', 'value': 212}, 'value': '16.3'}, {'type': {'displayName': 'PassEndX', 'value': 140}, 'value': '20.3'}, {'type': {'displayName': 'Zone', 'value': 56}, 'value': 'Back'}]",True,,,,,
1903330,SecondHalf,49,3.0,50,Pass,Successful,170,Fulham,333182.0,Jorge Cuenca,27.2,65.5,28.2,36.7,,,,,"[{'type': {'displayName': 'PassEndX', 'value': 140}, 'value': '28.2'}, {'type': {'displayName': 'Angle', 'value': 213}, 'value': '4.77'}, {'type': {'displayName': 'Zone', 'value': 56}, 'value': 'Back'}, {'type': {'displayName': 'PassEndY', 'value': 141}, 'value': '36.7'}, {'type': {'displayName': 'Length', 'value': 212}, 'value': '19.6'}]",True,,,,,
1903330,SecondHalf,49,5.0,50,Pass,Successful,170,Fulham,231135.0,Joachim Andersen,28.2,36.7,31.4,67.6,,,,,"[{'type': {'displayName': 'Zone', 'value': 56}, 'value': 'Back'}, {'type': {'displayName': 'Length', 'value': 212}, 'value': '21.3'}, {'type': {'displayName': 'PassEndX', 'value': 140}, 'value': '31.4'}, {'type': {'displayName': 'PassEndY', 'value': 141}, 'value': '67.6'}, {'type': {'displayName': 'Angle', 'value': 213}, 'value': '1.41'}]",True,,,,,
1903330,SecondHalf,49,9.0,50,Pass,Successful,170,Fulham,333182.0,Jorge Cuenca,34.0,64.3,33.7,37.3,,,,,"[{'type': {'displayName': 'PassEndX', 'value': 140}, 'value': '33.7'}, {'type': {'displayName': 'Length', 'value': 212}, 'value': '18.4'}, {'type': {'displayName': 'Angle', 'value': 213}, 'value': '4.70'}, {'type': {'displayName': 'Zone', 'value': 56}, 'value': 'Back'}, {'type': {'displayName': 'PassEndY', 'value': 141}, 'value': '37.3'}]",True,,,,,
1903330,SecondHalf,49,13.0,50,Pass,Successful,170,Fulham,231135.0,Joachim Andersen,41.7,34.0,86.6,89.8,,,,,"[{'type': {'displayName': 'PassEndY', 'value': 141}, 'value': '89.8'}, {'type': {'displayName': 'Chipped', 'value': 155}}, {'type': {'displayName': 'PassEndX', 'value': 140}, 'value': '86.6'}, {'type': {'displayName': 'Length', 'value': 212}, 'value': '60.5'}, {'type': {'displayName': 'Zone', 'value': 56}, 'value': 'Left'}, {'type': {'displayName': 'Longball', 'value': 1}}, {'type': {'displayName': 'Angle', 'value': 213}, 'value': '0.68'}]",True,,,,,
1903330,SecondHalf,49,15.0,50,Pass,Unsuccessful,170,Fulham,306581.0,Antonee Robinson,94.2,86.3,94.4,84.6,,,,,"[{'type': {'displayName': 'Zone', 'value': 56}, 'value': 'Left'}, {'type': {'displayName': 'Length', 'value': 212}, 'value': '1.2'}, {'type': {'displayName': 'LeftFoot', 'value': 72}}, {'type': {'displayName': 'OppositeRelatedEvent', 'value': 233}, 'value': '423'}, {'type': {'displayName': 'Cross', 'value': 2}}, {'type': {'displayName': 'Angle', 'value': 213}, 'value': '4.89'}, {'type': {'displayName': 'Offensive', 'value': 286}}, {'type': {'displayName': 'PassEndX', 'value': 140}, 'value': '94.4'}, {'type': {'displayName': 'PassEndY', 'value': 141}, 'value': '84.6'}]",True,,,,,
1903330,SecondHalf,49,15.0,50,Clearance,Successful,29,West Ham,313672.0,Kyle Walker-Peters,5.6,15.4,,,,,,,"[{'type': {'displayName': 'BlockedCross', 'value': 185}}, {'type': {'displayName': 'Zone', 'value': 56}, 'value': 'Back'}, {'type': {'displayName': 'OppositeRelatedEvent', 'value': 233}, 'value': '487'}]",True,,,,,
1903330,SecondHalf,49,19.0,50,Claim,Successful,29,West Ham,92516.0,Alphonse Areola,6.5,43.8,,,,,,,"[{'type': {'displayName': 'HighClaim', 'value': 88}}, {'type': {'displayName': 'Zone', 'value': 56}, 'value': 'Back'}]",True,,,,,
1903330,SecondHalf,49,25.0,50,Pass,Successful,29,West Ham,92516.0,Alphonse Areola,11.4,43.9,24.5,10.5,,,,,"[{'type': {'displayName': 'Angle', 'value': 213}, 'value': '5.26'}, {'type': {'displayName': 'PassEndX', 'value': 140}, 'value': '24.5'}, {'type': {'displayName': 'KeeperThrow', 'value': 123}}, {'type': {'displayName': 'Length', 'value': 212}, 'value': '26.6'}, {'type': {'displayName': 'Zone', 'value': 56}, 'value': 'Back'}, {'type': {'displayName': 'PassEndY', 'value': 141}, 'value': '10.5'}]",True,,,,,
1903330,SecondHalf,49,27.0,50,Pass,Successful,29,West Ham,313672.0,Kyle Walker-Peters,24.9,10.9,31.9,23.2,,,,,"[{'type': {'displayName': 'Angle', 'value': 213}, 'value': '0.85'}, {'type': {'displayName': 'Zone', 'value': 56}, 'value': 'Back'}, {'type': {'displayName': 'PassEndY', 'value': 141}, 'value': '23.2'}, {'type': {'displayName': 'Length', 'value': 212}, 'value': '11.1'}, {'type': {'displayName': 'PassEndX', 'value': 140}, 'value': '31.9'}]",True,,,,,
1903330,SecondHalf,49,29.0,50,Pass,Successful,29,West Ham,443815.0,Soungoutou Magassa,31.9,23.1,36.1,4.5,,,,,"[{'type': {'displayName': 'Length', 'value': 212}, 'value': '13.4'}, {'type': {'displayName': 'PassEndX', 'value': 140}, 'value': '36.1'}, {'type': {'displayName': 'Zone', 'value': 56}, 'value': 'Back'}, {'type': {'displayName': 'PassEndY', 'value': 141}, 'value': '4.5'}, {'type': {'displayName': 'Angle', 'value': 213}, 'value': '5.05'}]",True,,,,,
1903330,SecondHalf,49,32.0,50,Dispossessed,Successful,29,West Ham,319756.0,Lucas Paquetá,35.2,4.6,,,,,,,"[{'type': {'displayName': 'Offensive', 'value': 286}}, {'type': {'displayName': 'Zone', 'value': 56}, 'value': 'Back'}, {'type': {'displayName': 'OppositeRelatedEvent', 'value': 233}, 'value': '488'}]",True,,,,,
1903330,SecondHalf,49,32.0,50,Tackle,Successful,170,Fulham,306581.0,Antonee Robinson,64.8,95.4,,,,,,,"[{'type': {'displayName': 'StandingSave', 'value': 178}}, {'type': {'displayName': 'Defensive', 'value': 285}}, {'type': {'displayName': 'OppositeRelatedEvent', 'value': 233}, 'value': '428'}, {'type': {'displayName': 'Zone', 'value': 56}, 'value': 'Left'}]",True,,,,,
1903330,SecondHalf,50,16.0,51,Pass,Successful,29,West Ham,313672.0,Kyle Walker-Peters,40.2,0.0,43.0,9.4,,,,,"[{'type': {'displayName': 'ThrowIn', 'value': 107}}, {'type': {'displayName': 'Length', 'value': 212}, 'value': '7.7'}, {'type': {'displayName': 'PassEndX', 'value': 140}, 'value': '43.0'}, {'type': {'displayName': 'Zone', 'value': 56}, 'value': 'Back'}, {'type': {'displayName': 'PassEndY', 'value': 141}, 'value': '9.4'}, {'type': {'displayName': 'Angle', 'value': 213}, 'value': '1.18'}]",True,,,,,
1903330,SecondHalf,50,17.0,51,Pass,Successful,29,West Ham,443815.0,Soungoutou Magassa,43.0,9.4,38.7,3.7,,,,,"[{'type': {'displayName': 'Zone', 'value': 56}, 'value': 'Back'}, {'type': {'displayName': 'Length', 'value': 212}, 'value': '6.0'}, {'type': {'displayName': 'PassEndX', 'value': 140}, 'value': '38.7'}, {'type': {'displayName': 'PassEndY', 'value': 141}, 'value': '3.7'}, {'type': {'displayName': 'Angle', 'value': 213}, 'value': '3.85'}]",True,,,,,
1903330,SecondHalf,50,18.0,51,Pass,Successful,29,West Ham,313672.0,Kyle Walker-Peters,38.7,3.7,19.4,15.4,,,,,"[{'type': {'displayName': 'Zone', 'value': 56}, 'value': 'Back'}, {'type': {'displayName': 'PassEndX', 'value': 140}, 'value': '19.4'}, {'type': {'displayName': 'Length', 'value': 212}, 'value': '21.8'}, {'type': {'displayName': 'PassEndY', 'value': 141}, 'value': '15.4'}, {'type': {'displayName': 'Angle', 'value': 213}, 'value': '2.77'}]",True,,,,,
1903330,SecondHalf,50,20.0,51,Pass,Unsuccessful,29,West Ham,361710.0,Jean-Clair Todibo,22.4,12.0,59.7,20.5,,,,,"[{'type': {'displayName': 'Longball', 'value': 1}}, {'type': {'displayName': 'PassEndY', 'value': 141}, 'value': '20.5'}, {'type': {'displayName': 'Zone', 'value': 56}, 'value': 'Right'}, {'type': {'displayName': 'Chipped', 'value': 155}}, {'type': {'displayName': 'Length', 'value': 212}, 'value': '39.6'}, {'type': {'displayName': 'PassEndX', 'value': 140}, 'value': '59.7'}, {'type': {'displayName': 'Angle', 'value': 213}, 'value': '0.15'}]",True,,,,,
1903330,SecondHalf,50,24.0,51,Pass,Successful,170,Fulham,333182.0,Jorge Cuenca,44.5,65.5,62.5,65.7,,,,,"[{'type': {'displayName': 'HeadPass', 'value': 3}}, {'type': {'displayName': 'Length', 'value': 212}, 'value': '18.9'}, {'type': {'displayName': 'PassEndX', 'value': 140}, 'value': '62.5'}, {'type': {'displayName': 'PassEndY', 'value': 141}, 'value': '65.7'}, {'type': {'displayName': 'Zone', 'value': 56}, 'value': 'Center'}, {'type': {'displayName': 'Angle', 'value': 213}, 'value': '0.01'}]",True,,,,,
1903330,SecondHalf,50,25.0,51,Pass,Successful,170,Fulham,297395.0,Sasa Lukic,62.5,65.7,57.5,70.2,,,,,"[{'type': {'displayName': 'LayOff', 'value': 156}}, {'type': {'displayName': 'Zone', 'value': 56}, 'value': 'Center'}, {'type': {'displayName': 'Angle', 'value': 213}, 'value': '2.61'}, {'type': {'displayName': 'PassEndY', 'value': 141}, 'value': '70.2'}, {'type': {'displayName': 'PassEndX', 'value': 140}, 'value': '57.5'}, {'type': {'displayName': 'Length', 'value': 212}, 'value': '6.1'}]",True,,,,,
1903330,SecondHalf,50,26.0,51,Challenge,Unsuccessful,29,West Ham,443815.0,Soungoutou Magassa,43.2,26.0,,,,,,,"[{'type': {'displayName': 'Zone', 'value': 56}, 'value': 'Back'}, {'type': {'displayName': 'Defensive', 'value': 285}}, {'type': {'displayName': 'OppositeRelatedEvent', 'value': 233}, 'value': '492'}]",False,,,,,
1903330,SecondHalf,50,26.0,51,TakeOn,Successful,170,Fulham,321020.0,Sander Berge,56.8,74.0,,,,,,,"[{'type': {'displayName': 'Zone', 'value': 56}, 'value': 'Center'}, {'type': {'displayName': 'OppositeRelatedEvent', 'value': 233}, 'value': '435'}, {'type': {'displayName': 'Offensive', 'value': 286}}]",True,,,,,
1903330,SecondHalf,50,27.0,51,Pass,Successful,170,Fulham,321020.0,Sander Berge,53.9,73.3,59.7,73.2,,,,,"[{'type': {'displayName': 'Angle', 'value': 213}, 'value': '6.27'}, {'type': {'displayName': 'PassEndX', 'value': 140}, 'value': '59.7'}, {'type': {'displayName': 'PassEndY', 'value': 141}, 'value': '73.2'}, {'type': {'displayName': 'Zone', 'value': 56}, 'value': 'Center'}, {'type': {'displayName': 'Length', 'value': 212}, 'value': '6.1'}]",True,,,,,
1903330,SecondHalf,50,30.0,51,Pass,Successful,170,Fulham,429174.0,Kevin,57.1,66.3,43.5,39.0,,,,,"[{'type': {'displayName': 'PassEndX', 'value': 140}, 'value': '43.5'}, {'type': {'displayName': 'Length', 'value': 212}, 'value': '23.4'}, {'type': {'displayName': 'Zone', 'value': 56}, 'value': 'Back'}, {'type': {'displayName': 'Angle', 'value': 213}, 'value': '4.06'}, {'type': {'displayName': 'PassEndY', 'value': 141}, 'value': '39.0'}]",True,,,,,
1903330,SecondHalf,50,34.0,51,BallTouch,Unsuccessful,170,Fulham,231135.0,Joachim Andersen,57.1,31.6,,,,,,,"[{'type': {'displayName': 'Zone', 'value': 56}, 'value': 'Center'}]",True,,,,,
1903330,SecondHalf,50,35.0,51,TakeOn,Unsuccessful,29,West Ham,447231.0,Mateus Fernandes,43.6,68.9,,,,,,,"[{'type': {'displayName': 'Offensive', 'value': 286}}, {'type': {'displayName': 'Zone', 'value': 56}, 'value': 'Back'}]",True,,,,,
1903330,SecondHalf,50,37.0,51,Foul,Successful,29,West Ham,447231.0,Mateus Fernandes,43.4,71.8,,,,,,,"[{'type': {'displayName': 'Offensive', 'value': 286}}, {'type': {'displayName': 'Foul', 'value': 13}}, {'type': {'displayName': 'Zone', 'value': 56}, 'value': 'Back'}, {'type': {'displayName': 'OppositeRelatedEvent', 'value': 233}, 'value': '496'}]",True,,,,,
1903330,SecondHalf,50,37.0,51,Foul,Unsuccessful,170,Fulham,231135.0,Joachim Andersen,56.6,28.2,,,,,,,"[{'type': {'displayName': 'Foul', 'value': 13}}, {'type': {'displayName': 'Zone', 'value': 56}, 'value': 'Center'}, {'type': {'displayName': 'RelatedEventId', 'value': 55}, 'value': '497'}, {'type': {'displayName': 'OppositeRelatedEvent', 'value': 233}, 'value': '436'}, {'type': {'displayName': 'Defensive', 'value': 285}}]",False,,,,497.0,231135.0
1903330,SecondHalf,50,41.0,51,Card,Successful,170,Fulham,231135.0,Joachim Andersen,0.0,0.0,,,,,,,"[{'type': {'displayName': 'Foul', 'value': 13}, 'value': '243'}, {'type': {'displayName': 'Yellow', 'value': 31}}, {'type': {'displayName': 'RelatedEventId', 'value': 55}, 'value': '496'}]",False,,,Yellow,496.0,231135.0
1903330,SecondHalf,50,51.0,51,Pass,Successful,29,West Ham,429534.0,Freddie Potts,41.4,72.9,47.8,72.3,,,,,"[{'type': {'displayName': 'PassEndX', 'value': 140}, 'value': '47.8'}, {'type': {'displayName': 'Length', 'value': 212}, 'value': '6.7'}, {'type': {'displayName': 'FreekickTaken', 'value': 5}}, {'type': {'displayName': 'PassEndY', 'value': 141}, 'value': '72.3'}, {'type': {'displayName': 'Angle', 'value': 213}, 'value': '6.22'}, {'type': {'displayName': 'Zone', 'value': 56}, 'value': 'Back'}]",True,,,,,
1903330,SecondHalf,50,52.0,51,Pass,Successful,29,West Ham,447231.0,Mateus Fernandes,44.7,75.2,40.6,73.8,,,,,"[{'type': {'displayName': 'Angle', 'value': 213}, 'value': '3.36'}, {'type': {'displayName': 'PassEndX', 'value': 140}, 'value': '40.6'}, {'type': {'displayName': 'PassEndY', 'value': 141}, 'value': '73.8'}, {'type': {'displayName': 'Length', 'value': 212}, 'value': '4.4'}, {'type': {'displayName': 'Zone', 'value': 56}, 'value': 'Back'}]",True,,,,,
1903330,SecondHalf,50,52.0,51,Pass,Successful,29,West Ham,429534.0,Freddie Potts,40.4,71.5,38.8,34.6,,,,,"[{'type': {'displayName': 'PassEndX', 'value': 140}, 'value': '38.8'}, {'type': {'displayName': 'Length', 'value': 212}, 'value': '25.1'}, {'type': {'displayName': 'PassEndY', 'value': 141}, 'value': '34.6'}, {'type': {'displayName': 'Angle', 'value': 213}, 'value': '4.65'}, {'type': {'displayName': 'Zone', 'value': 56}, 'value': 'Back'}]",True,,,,,
1903330,SecondHalf,50,55.0,51,Pass,Successful,29,West Ham,361710.0,Jean-Clair Todibo,38.0,31.1,44.0,7.8,,,,,"[{'type': {'displayName': 'Length', 'value': 212}, 'value': '17.1'}, {'type': {'displayName': 'Angle', 'value': 213}, 'value': '5.09'}, {'type': {'displayName': 'PassEndY', 'value': 141}, 'value': '7.8'}, {'type': {'displayName': 'PassEndX', 'value': 140}, 'value': '44.0'}, {'type': {'displayName': 'Zone', 'value': 56}, 'value': 'Back'}]",True,,,,,
1903330,SecondHalf,50,58.0,51,Pass,Successful,29,West Ham,313672.0,Kyle Walker-Peters,44.0,7.8,58.8,27.4,,,,,"[{'type': {'displayName': 'Length', 'value': 212}, 'value': '20.5'}, {'type': {'displayName': 'PassEndX', 'value': 140}, 'value': '58.8'}, {'type': {'displayName': 'Zone', 'value': 56}, 'value': 'Center'}, {'type': {'displayName': 'Angle', 'value': 213}, 'value': '0.71'}, {'type': {'displayName': 'PassEndY', 'value': 141}, 'value': '27.4'}]",True,,,,,
1903330,SecondHalf,51,,52,OffsideGiven,Unsuccessful,29,West Ham,322596.0,Jarrod Bowen,81.5,65.8,,,,,,,[],False,,,,,
1903330,SecondHalf,51,5.0,52,Pass,Successful,29,West Ham,322596.0,Jarrod Bowen,58.8,23.2,63.5,2.4,,,,,"[{'type': {'displayName': 'Length', 'value': 212}, 'value': '15.0'}, {'type': {'displayName': 'PassEndX', 'value': 140}, 'value': '63.5'}, {'type': {'displayName': 'Angle', 'value': 213}, 'value': '5.05'}, {'type': {'displayName': 'PassEndY', 'value': 141}, 'value': '2.4'}, {'type': {'displayName': 'Zone', 'value': 56}, 'value': 'Right'}]",True,,,,,
1903330,SecondHalf,51,6.0,52,Pass,Successful,29,West Ham,319756.0,Lucas Paquetá,62.4,6.9,64.5,19.2,,,,,"[{'type': {'displayName': 'Zone', 'value': 56}, 'value': 'Right'}, {'type': {'displayName': 'PassEndY', 'value': 141}, 'value': '19.2'}, {'type': {'displayName': 'Angle', 'value': 213}, 'value': '1.31'}, {'type': {'displayName': 'Length', 'value': 212}, 'value': '8.6'}, {'type': {'displayName': 'PassEndX', 'value': 140}, 'value': '64.5'}]",True,,,,,
1903330,SecondHalf,51,8.0,52,Pass,Successful,29,West Ham,443815.0,Soungoutou Magassa,64.6,20.1,66.3,33.4,,,,,"[{'type': {'displayName': 'Zone', 'value': 56}, 'value': 'Center'}, {'type': {'displayName': 'PassEndY', 'value': 141}, 'value': '33.4'}, {'type': {'displayName': 'PassEndX', 'value': 140}, 'value': '66.3'}, {'type': {'displayName': 'Angle', 'value': 213}, 'value': '1.38'}, {'type': {'displayName': 'Length', 'value': 212}, 'value': '9.2'}]",True,,,,,
1903330,SecondHalf,51,10.0,52,Pass,Successful,29,West Ham,447231.0,Mateus Fernandes,66.2,34.6,60.3,27.7,,,,,"[{'type': {'displayName': 'PassEndY', 'value': 141}, 'value': '27.7'}, {'type': {'displayName': 'Angle', 'value': 213}, 'value': '3.79'}, {'type': {'displayName': 'Zone', 'value': 56}, 'value': 'Center'}, {'type': {'displayName': 'Length', 'value': 212}, 'value': '7.8'}, {'type': {'displayName': 'PassEndX', 'value': 140}, 'value': '60.3'}]",True,,,,,
1903330,SecondHalf,51,11.0,52,Pass,Successful,29,West Ham,429534.0,Freddie Potts,60.3,27.7,63.1,59.5,,,,,"[{'type': {'displayName': 'PassEndY', 'value': 141}, 'value': '59.5'}, {'type': {'displayName': 'Angle', 'value': 213}, 'value': '1.44'}, {'type': {'displayName': 'Zone', 'value': 56}, 'value': 'Center'}, {'type': {'displayName': 'PassEndX', 'value': 140}, 'value': '63.1'}, {'type': {'displayName': 'Length', 'value': 212}, 'value': '21.8'}]",True,,,,,
1903330,SecondHalf,51,14.0,52,Pass,Unsuccessful,29,West Ham,459708.0,Ollie Scarles,66.8,54.7,73.1,47.2,,,,,"[{'type': {'displayName': 'PassEndX', 'value': 140}, 'value': '73.1'}, {'type': {'displayName': 'Length', 'value': 212}, 'value': '8.4'}, {'type': {'displayName': 'Zone', 'value': 56}, 'value': 'Center'}, {'type': {'displayName': 'PassEndY', 'value': 141}, 'value': '47.2'}, {'type': {'displayName': 'Angle', 'value': 213}, 'value': '5.63'}]",True,,,,,
1903330,SecondHalf,51,15.0,52,Interception,Successful,170,Fulham,333182.0,Jorge Cuenca,22.4,53.6,,,,,,,"[{'type': {'displayName': 'Zone', 'value': 56}, 'value': 'Back'}]",True,,,,,
1903330,SecondHalf,51,16.0,52,BallTouch,Unsuccessful,29,West Ham,459708.0,Ollie Scarles,67.0,51.6,,,,,,,"[{'type': {'displayName': 'Zone', 'value': 56}, 'value': 'Center'}]",True,,,,,
1903330,SecondHalf,51,17.0,52,BallRecovery,Successful,170,Fulham,297395.0,Sasa Lukic,24.5,48.7,,,,,,,[],False,,,,,
1903330,SecondHalf,51,18.0,52,Pass,Successful,170,Fulham,297395.0,Sasa Lukic,23.6,42.4,27.3,48.3,,,,,"[{'type': {'displayName': 'PassEndX', 'value': 140}, 'value': '27.3'}, {'type': {'displayName': 'Angle', 'value': 213}, 'value': '0.80'}, {'type': {'displayName': 'PassEndY', 'value': 141}, 'value': '48.3'}, {'type': {'displayName': 'Length', 'value': 212}, 'value': '5.6'}, {'type': {'displayName': 'Zone', 'value': 56}, 'value': 'Back'}]",True,,,,,
1903330,SecondHalf,51,20.0,52,Pass,Unsuccessful,170,Fulham,321020.0,Sander Berge,41.2,35.8,62.9,20.5,,,,,"[{'type': {'displayName': 'PassEndX', 'value': 140}, 'value': '62.9'}, {'type': {'displayName': 'Zone', 'value': 56}, 'value': 'Right'}, {'type': {'displayName': 'Angle', 'value': 213}, 'value': '5.85'}, {'type': {'displayName': 'Length', 'value': 212}, 'value': '25.0'}, {'type': {'displayName': 'PassEndY', 'value': 141}, 'value': '20.5'}]",True,,,,,
1903330,SecondHalf,51,21.0,52,Interception,Successful,29,West Ham,368310.0,Maximilian Kilman,40.6,79.0,,,,,,,"[{'type': {'displayName': 'Zone', 'value': 56}, 'value': 'Back'}]",True,,,,,
1903330,SecondHalf,51,25.0,52,BallRecovery,Successful,29,West Ham,368310.0,Maximilian Kilman,33.3,82.3,,,,,,,[],False,,,,,
1903330,SecondHalf,51,25.0,52,Pass,Successful,29,West Ham,368310.0,Maximilian Kilman,33.3,82.3,61.6,82.3,,,,,"[{'type': {'displayName': 'Angle', 'value': 213}, 'value': '0.00'}, {'type': {'displayName': 'PassEndY', 'value': 141}, 'value': '82.3'}, {'type': {'displayName': 'PassEndX', 'value': 140}, 'value': '61.6'}, {'type': {'displayName': 'Length', 'value': 212}, 'value': '29.7'}, {'type': {'displayName': 'Zone', 'value': 56}, 'value': 'Left'}]",True,,,,,
1903330,SecondHalf,51,26.0,52,Pass,Successful,29,West Ham,382564.0,Crysencio Summerville,61.6,82.3,54.7,87.0,,,,,"[{'type': {'displayName': 'PassEndY', 'value': 141}, 'value': '87.0'}, {'type': {'displayName': 'Angle', 'value': 213}, 'value': '2.73'}, {'type': {'displayName': 'Zone', 'value': 56}, 'value': 'Left'}, {'type': {'displayName': 'PassEndX', 'value': 140}, 'value': '54.7'}, {'type': {'displayName': 'LayOff', 'value': 156}}, {'type': {'displayName': 'Length', 'value': 212}, 'value': '7.9'}]",True,,,,,
1903330,SecondHalf,51,27.0,52,Pass,Successful,29,West Ham,459708.0,Ollie Scarles,54.7,87.0,55.2,79.2,,,,,"[{'type': {'displayName': 'Angle', 'value': 213}, 'value': '4.81'}, {'type': {'displayName': 'Length', 'value': 212}, 'value': '5.3'}, {'type': {'displayName': 'PassEndX', 'value': 140}, 'value': '55.2'}, {'type': {'displayName': 'Zone', 'value': 56}, 'value': 'Left'}, {'type': {'displayName': 'PassEndY', 'value': 141}, 'value': '79.2'}]",True,,,,,
1903330,SecondHalf,51,28.0,52,Pass,Successful,29,West Ham,429534.0,Freddie Potts,55.2,79.2,64.5,78.0,,,,,"[{'type': {'displayName': 'Angle', 'value': 213}, 'value': '6.20'}, {'type': {'displayName': 'Length', 'value': 212}, 'value': '9.8'}, {'type': {'displayName': 'PassEndX', 'value': 140}, 'value': '64.5'}, {'type': {'displayName': 'Zone', 'value': 56}, 'value': 'Center'}, {'type': {'displayName': 'PassEndY', 'value': 141}, 'value': '78.0'}]",True,,,,,
1903330,SecondHalf,51,30.0,52,Foul,Successful,29,West Ham,443815.0,Soungoutou Magassa,62.3,79.0,,,,,,,"[{'type': {'displayName': 'Zone', 'value': 56}, 'value': 'Left'}, {'type': {'displayName': 'OppositeRelatedEvent', 'value': 233}, 'value': '501'}, {'type': {'displayName': 'Foul', 'value': 13}}, {'type': {'displayName': 'Offensive', 'value': 286}}]",True,,,,,
1903330,SecondHalf,51,30.0,52,Foul,Unsuccessful,170,Fulham,297395.0,Sasa Lukic,37.7,21.0,,,,,,,"[{'type': {'displayName': 'Defensive', 'value': 285}}, {'type': {'displayName': 'Foul', 'value': 13}}, {'type': {'displayName': 'OppositeRelatedEvent', 'value': 233}, 'value': '452'}, {'type': {'displayName': 'Zone', 'value': 56}, 'value': 'Back'}]",False,,,,,
1903330,SecondHalf,51,36.0,52,Pass,Successful,29,West Ham,443815.0,Soungoutou Magassa,64.8,79.2,62.7,75.6,,,,,"[{'type': {'displayName': 'Zone', 'value': 56}, 'value': 'Center'}, {'type': {'displayName': 'Angle', 'value': 213}, 'value': '3.98'}, {'type': {'displayName': 'PassEndY', 'value': 141}, 'value': '75.6'}, {'type': {'displayName': 'Length', 'value': 212}, 'value': '3.3'}, {'type': {'displayName': 'PassEndX', 'value': 140}, 'value': '62.7'}, {'type': {'displayName': 'FreekickTaken', 'value': 5}}]",True,,,,,
1903330,SecondHalf,51,37.0,52,Pass,Successful,29,West Ham,429534.0,Freddie Potts,62.7,75.6,67.9,66.7,,,,,"[{'type': {'displayName': 'PassEndX', 'value': 140}, 'value': '67.9'}, {'type': {'displayName': 'Length', 'value': 212}, 'value': '8.2'}, {'type': {'displayName': 'PassEndY', 'value': 141}, 'value': '66.7'}, {'type': {'displayName': 'Angle', 'value': 213}, 'value': '5.45'}, {'type': {'displayName': 'Zone', 'value': 56}, 'value': 'Center'}]",True,,,,,
1903330,SecondHalf,51,40.0,52,OffsidePass,Successful,29,West Ham,382564.0,Crysencio Summerville,75.5,57.3,81.5,65.8,,,,,"[{'type': {'displayName': 'PassEndY', 'value': 141}, 'value': '65.8'}, {'type': {'displayName': 'PlayerCaughtOffside', 'value': 7}, 'value': '322596'}, {'type': {'displayName': 'PassEndX', 'value': 140}, 'value': '81.5'}, {'type': {'displayName': 'Zone', 'value': 56}, 'value': 'Center'}]",True,,,,,
1903330,SecondHalf,51,40.0,52,OffsideProvoked,Successful,170,Fulham,306581.0,Antonee Robinson,20.1,61.1,,,,,,,[],False,,,,,
1903330,SecondHalf,52,7.0,53,Pass,Successful,170,Fulham,92173.0,Bernd Leno,18.2,47.4,26.5,64.8,,,,,"[{'type': {'displayName': 'Zone', 'value': 56}, 'value': 'Back'}, {'type': {'displayName': 'FreekickTaken', 'value': 5}}, {'type': {'displayName': 'Length', 'value': 212}, 'value': '14.7'}, {'type': {'displayName': 'PassEndX', 'value': 140}, 'value': '26.5'}, {'type': {'displayName': 'Angle', 'value': 213}, 'value': '0.94'}, {'type': {'displayName': 'PassEndY', 'value': 141}, 'value': '64.8'}, {'type': {'displayName': 'IndirectFreekickTaken', 'value': 241}}]",True,,,,,
1903330,SecondHalf,52,12.0,53,Pass,Successful,170,Fulham,333182.0,Jorge Cuenca,25.7,62.5,26.1,29.4,,,,,"[{'type': {'displayName': 'Zone', 'value': 56}, 'value': 'Back'}, {'type': {'displayName': 'PassEndX', 'value': 140}, 'value': '26.1'}, {'type': {'displayName': 'PassEndY', 'value': 141}, 'value': '29.4'}, {'type': {'displayName': 'Length', 'value': 212}, 'value': '22.5'}, {'type': {'displayName': 'Angle', 'value': 213}, 'value': '4.73'}]",True,,,,,
1903330,SecondHalf,52,15.0,53,Pass,Successful,170,Fulham,231135.0,Joachim Andersen,29.5,32.8,32.0,64.2,,,,,"[{'type': {'displayName': 'Zone', 'value': 56}, 'value': 'Back'}, {'type': {'displayName': 'Length', 'value': 212}, 'value': '21.5'}, {'type': {'displayName': 'PassEndY', 'value': 141}, 'value': '64.2'}, {'type': {'displayName': 'Angle', 'value': 213}, 'value': '1.45'}, {'type': {'displayName': 'PassEndX', 'value': 140}, 'value': '32.0'}]",True,,,,,
1903330,SecondHalf,52,22.0,53,Pass,Successful,170,Fulham,333182.0,Jorge Cuenca,47.7,73.6,87.5,14.4,,,,,"[{'type': {'displayName': 'Length', 'value': 212}, 'value': '58.0'}, {'type': {'displayName': 'Longball', 'value': 1}}, {'type': {'displayName': 'Zone', 'value': 56}, 'value': 'Right'}, {'type': {'displayName': 'PassEndX', 'value': 140}, 'value': '87.5'}, {'type': {'displayName': 'Angle', 'value': 213}, 'value': '5.52'}, {'type': {'displayName': 'PassEndY', 'value': 141}, 'value': '14.4'}, {'type': {'displayName': 'Chipped', 'value': 155}}]",True,,,,,
1903330,SecondHalf,52,29.0,53,Pass,Successful,170,Fulham,333044.0,Harry Wilson,92.6,28.5,88.4,92.4,,,,,"[{'type': {'displayName': 'Longball', 'value': 1}}, {'type': {'displayName': 'PassEndX', 'value': 140}, 'value': '88.4'}, {'type': {'displayName': 'Length', 'value': 212}, 'value': '43.7'}, {'type': {'displayName': 'Angle', 'value': 213}, 'value': '1.67'}, {'type': {'displayName': 'PassEndY', 'value': 141}, 'value': '92.4'}, {'type': {'displayName': 'Zone', 'value': 56}, 'value': 'Left'}]",True,,,,,
1903330,SecondHalf,52,36.0,53,Pass,Successful,170,Fulham,108186.0,Raúl Jiménez,89.1,88.0,80.9,89.4,,,,,"[{'type': {'displayName': 'Length', 'value': 212}, 'value': '8.7'}, {'type': {'displayName': 'PassEndY', 'value': 141}, 'value': '89.4'}, {'type': {'displayName': 'Angle', 'value': 213}, 'value': '3.03'}, {'type': {'displayName': 'Zone', 'value': 56}, 'value': 'Left'}, {'type': {'displayName': 'PassEndX', 'value': 140}, 'value': '80.9'}]",True,,,,,
1903330,SecondHalf,52,37.0,53,Pass,Successful,170,Fulham,306581.0,Antonee Robinson,80.9,89.4,86.3,46.9,,,,,"[{'type': {'displayName': 'Cross', 'value': 2}}, {'type': {'displayName': 'LeftFoot', 'value': 72}}, {'type': {'displayName': 'IntentionalAssist', 'value': 154}}, {'type': {'displayName': 'PassEndY', 'value': 141}, 'value': '46.9'}, {'type': {'displayName': 'ShotAssist', 'value': 210}, 'value': '15'}, {'type': {'displayName': 'PassEndX', 'value': 140}, 'value': '86.3'}, {'type': {'displayName': 'Angle', 'value': 213}, 'value': '4.91'}, {'type': {'displayName': 'Chipped', 'value': 155}}, {'type': {'displayName': 'Length', 'value': 212}, 'value': '29.5'}, {'type': {'displayName': 'Zone', 'value': 56}, 'value': 'Center'}, {'type': {'displayName': 'KeyPass', 'value': 11113}}]",True,,,,,
1903330,SecondHalf,52,39.0,53,SavedShot,Successful,170,Fulham,297395.0,Sasa Lukic,86.3,46.9,,,48.1,19.0,88.8,47.1,"[{'type': {'displayName': 'FirstTouch', 'value': 328}}, {'type': {'displayName': 'Head', 'value': 15}}, {'type': {'displayName': 'BoxCentre', 'value': 17}}, {'type': {'displayName': 'LowRight', 'value': 80}}, {'type': {'displayName': 'BlockedX', 'value': 146}, 'value': '88.8'}, {'type': {'displayName': 'GoalMouthY', 'value': 102}, 'value': '48.1'}, {'type': {'displayName': 'IntentionalAssist', 'value': 154}}, {'type': {'displayName': 'BlockedY', 'value': 147}, 'value': '47.1'}, {'type': {'displayName': 'RelatedEventId', 'value': 55}, 'value': '508'}, {'type': {'displayName': 'Blocked', 'value': 82}}, {'type': {'displayName': 'Zone', 'value': 56}, 'value': 'Center'}, {'type': {'displayName': 'Assisted', 'value': 29}}, {'type': {'displayName': 'GoalMouthZ', 'value': 103}, 'value': '19'}, {'type': {'displayName': 'RegularPlay', 'value': 22}}, {'type': {'displayName': 'OppositeRelatedEvent', 'value': 233}, 'value': '457'}]",True,True,,,508.0,306581.0
1903330,SecondHalf,52,39.0,53,Save,Successful,29,West Ham,368310.0,Maximilian Kilman,11.2,52.9,,,,,,,"[{'type': {'displayName': 'OutfielderBlock', 'value': 94}}, {'type': {'displayName': 'Zone', 'value': 56}, 'value': 'Back'}, {'type': {'displayName': 'OppositeRelatedEvent', 'value': 233}, 'value': '509'}]",True,,,,,
1903330,SecondHalf,52,40.0,53,BallTouch,Successful,29,West Ham,459708.0,Ollie Scarles,12.5,60.9,,,,,,,"[{'type': {'displayName': 'Zone', 'value': 56}, 'value': 'Back'}]",True,,,,,
1903330,SecondHalf,52,41.0,53,Clearance,Successful,29,West Ham,382564.0,Crysencio Summerville,18.3,58.9,38.4,43.6,,,,,"[{'type': {'displayName': 'Zone', 'value': 56}, 'value': 'Back'}, {'type': {'displayName': 'PassEndX', 'value': 140}, 'value': '38.4'}, {'type': {'displayName': 'PassEndY', 'value': 141}, 'value': '43.6'}, {'type': {'displayName': 'Angle', 'value': 213}, 'value': '5.83'}, {'type': {'displayName': 'Length', 'value': 212}, 'value': '23.5'}]",True,,,,,
1903330,SecondHalf,52,43.0,53,BallTouch,Unsuccessful,29,West Ham,322596.0,Jarrod Bowen,38.4,43.6,,,,,,,"[{'type': {'displayName': 'Zone', 'value': 56}, 'value': 'Back'}]",True,,,,,
1903330,SecondHalf,52,44.0,53,BallTouch,Unsuccessful,170,Fulham,321020.0,Sander Berge,63.2,49.3,,,,,,,"[{'type': {'displayName': 'Zone', 'value': 56}, 'value': 'Center'}]",True,,,,,
1903330,SecondHalf,52,47.0,53,BallRecovery,Successful,29,West Ham,382564.0,Crysencio Summerville,60.4,54.6,,,,,,,[],False,,,,,
1903330,SecondHalf,52,48.0,53,Pass,Unsuccessful,29,West Ham,382564.0,Crysencio Summerville,65.8,52.2,78.9,26.5,,,,,"[{'type': {'displayName': 'Angle', 'value': 213}, 'value': '5.38'}, {'type': {'displayName': 'PassEndY', 'value': 141}, 'value': '26.5'}, {'type': {'displayName': 'PassEndX', 'value': 140}, 'value': '78.9'}, {'type': {'displayName': 'Length', 'value': 212}, 'value': '22.2'}, {'type': {'displayName': 'Zone', 'value': 56}, 'value': 'Center'}]",True,,,,,
1903330,SecondHalf,52,50.0,53,Interception,Successful,170,Fulham,306581.0,Antonee Robinson,21.1,73.5,,,,,,,"[{'type': {'displayName': 'LastMan', 'value': 14}}, {'type': {'displayName': 'Zone', 'value': 56}, 'value': 'Back'}]",True,,,,,
1903330,SecondHalf,52,56.0,53,BallRecovery,Successful,170,Fulham,333182.0,Jorge Cuenca,8.8,84.4,,,,,,,[],False,,,,,
1903330,SecondHalf,52,59.0,53,Pass,Successful,170,Fulham,333182.0,Jorge Cuenca,8.3,81.0,4.1,53.8,,,,,"[{'type': {'displayName': 'Zone', 'value': 56}, 'value': 'Back'}, {'type': {'displayName': 'PassEndY', 'value': 141}, 'value': '53.8'}, {'type': {'displayName': 'Angle', 'value': 213}, 'value': '4.48'}, {'type': {'displayName': 'Length', 'value': 212}, 'value': '19.0'}, {'type': {'displayName': 'PassEndX', 'value': 140}, 'value': '4.1'}]",True,,,,,
1903330,SecondHalf,53,1.0,54,Pass,Unsuccessful,170,Fulham,92173.0,Bernd Leno,7.1,45.7,59.7,34.3,,,,,"[{'type': {'displayName': 'PassEndY', 'value': 141}, 'value': '34.3'}, {'type': {'displayName': 'Zone', 'value': 56}, 'value': 'Center'}, {'type': {'displayName': 'Angle', 'value': 213}, 'value': '6.14'}, {'type': {'displayName': 'PassEndX', 'value': 140}, 'value': '59.7'}, {'type': {'displayName': 'Longball', 'value': 1}}, {'type': {'displayName': 'Length', 'value': 212}, 'value': '55.8'}]",True,,,,,
1903330,SecondHalf,53,3.0,54,Aerial,Successful,29,West Ham,368310.0,Maximilian Kilman,40.3,65.7,,,,,,,"[{'type': {'displayName': 'Defensive', 'value': 285}}, {'type': {'displayName': 'OppositeRelatedEvent', 'value': 233}, 'value': '517'}, {'type': {'displayName': 'Zone', 'value': 56}, 'value': 'Back'}]",False,,,,,
1903330,SecondHalf,53,3.0,54,Aerial,Unsuccessful,170,Fulham,108186.0,Raúl Jiménez,59.7,34.3,,,,,,,"[{'type': {'displayName': 'OppositeRelatedEvent', 'value': 233}, 'value': '463'}, {'type': {'displayName': 'Zone', 'value': 56}, 'value': 'Center'}, {'type': {'displayName': 'Offensive', 'value': 286}}]",False,,,,,
1903330,SecondHalf,53,4.0,54,Pass,Unsuccessful,29,West Ham,368310.0,Maximilian Kilman,40.3,65.7,55.9,33.9,,,,,"[{'type': {'displayName': 'Zone', 'value': 56}, 'value': 'Center'}, {'type': {'displayName': 'HeadPass', 'value': 3}}, {'type': {'displayName': 'PassEndX', 'value': 140}, 'value': '55.9'}, {'type': {'displayName': 'Length', 'value': 212}, 'value': '27.1'}, {'type': {'displayName': 'Angle', 'value': 213}, 'value': '5.36'}, {'type': {'displayName': 'PassEndY', 'value': 141}, 'value': '33.9'}]",True,,,,,
1903330,SecondHalf,53,6.0,54,Pass,Successful,170,Fulham,363686.0,Emile Smith Rowe,46.0,63.7,42.9,54.0,,,,,"[{'type': {'displayName': 'Zone', 'value': 56}, 'value': 'Back'}, {'type': {'displayName': 'Angle', 'value': 213}, 'value': '4.25'}, {'type': {'displayName': 'Length', 'value': 212}, 'value': '7.4'}, {'type': {'displayName': 'PassEndY', 'value': 141}, 'value': '54.0'}, {'type': {'displayName': 'PassEndX', 'value': 140}, 'value': '42.9'}]",True,,,,,
1903330,SecondHalf,53,9.0,54,Pass,Successful,170,Fulham,321020.0,Sander Berge,46.7,51.4,57.7,23.2,,,,,"[{'type': {'displayName': 'PassEndY', 'value': 141}, 'value': '23.2'}, {'type': {'displayName': 'Length', 'value': 212}, 'value': '22.4'}, {'type': {'displayName': 'Angle', 'value': 213}, 'value': '5.25'}, {'type': {'displayName': 'Zone', 'value': 56}, 'value': 'Center'}, {'type': {'displayName': 'PassEndX', 'value': 140}, 'value': '57.7'}]",True,,,,,
1903330,SecondHalf,53,13.0,54,Pass,Unsuccessful,170,Fulham,297395.0,Sasa Lukic,58.5,18.6,58.1,38.7,,,,,"[{'type': {'displayName': 'Zone', 'value': 56}, 'value': 'Center'}, {'type': {'displayName': 'PassEndX', 'value': 140}, 'value': '58.1'}, {'type': {'displayName': 'PassEndY', 'value': 141}, 'value': '38.7'}, {'type': {'displayName': 'Length', 'value': 212}, 'value': '13.7'}, {'type': {'displayName': 'Angle', 'value': 213}, 'value': '1.60'}]",True,,,,,
1903330,SecondHalf,53,16.0,54,Interception,Successful,29,West Ham,429534.0,Freddie Potts,41.9,61.3,,,,,,,"[{'type': {'displayName': 'Zone', 'value': 56}, 'value': 'Back'}]",True,,,,,
1903330,SecondHalf,53,18.0,54,Pass,Successful,170,Fulham,231135.0,Joachim Andersen,62.2,25.5,75.9,5.2,,,,,"[{'type': {'displayName': 'Zone', 'value': 56}, 'value': 'Right'}, {'type': {'displayName': 'PassEndX', 'value': 140}, 'value': '75.9'}, {'type': {'displayName': 'Length', 'value': 212}, 'value': '19.9'}, {'type': {'displayName': 'PassEndY', 'value': 141}, 'value': '5.2'}, {'type': {'displayName': 'Angle', 'value': 213}, 'value': '5.52'}]",True,,,,,
1903330,SecondHalf,53,22.0,54,Pass,Unsuccessful,170,Fulham,333044.0,Harry Wilson,79.6,7.6,91.5,20.4,,,,,"[{'type': {'displayName': 'PassEndY', 'value': 141}, 'value': '20.4'}, {'type': {'displayName': 'Length', 'value': 212}, 'value': '15.2'}, {'type': {'displayName': 'Angle', 'value': 213}, 'value': '0.61'}, {'type': {'displayName': 'Zone', 'value': 56}, 'value': 'Right'}, {'type': {'displayName': 'PassEndX', 'value': 140}, 'value': '91.5'}]",True,,,,,
1903330,SecondHalf,53,26.0,54,Interception,Successful,29,West Ham,447231.0,Mateus Fernandes,8.5,79.6,,,,,,,"[{'type': {'displayName': 'Zone', 'value': 56}, 'value': 'Back'}]",True,,,,,
1903330,SecondHalf,53,27.0,54,Foul,Successful,29,West Ham,447231.0,Mateus Fernandes,7.8,79.9,,,,,,,"[{'type': {'displayName': 'OppositeRelatedEvent', 'value': 233}, 'value': '523'}, {'type': {'displayName': 'Foul', 'value': 13}}, {'type': {'displayName': 'Zone', 'value': 56}, 'value': 'Back'}, {'type': {'displayName': 'Defensive', 'value': 285}}]",True,,,,,
1903330,SecondHalf,53,27.0,54,Foul,Unsuccessful,170,Fulham,231135.0,Joachim Andersen,92.2,20.1,,,,,,,"[{'type': {'displayName': 'OppositeRelatedEvent', 'value': 233}, 'value': '467'}, {'type': {'displayName': 'Offensive', 'value': 286}}, {'type': {'displayName': 'Zone', 'value': 56}, 'value': 'Right'}, {'type': {'displayName': 'Foul', 'value': 13}}]",False,,,,,
1903330,SecondHalf,53,40.0,54,Card,Successful,170,Fulham,333044.0,Harry Wilson,0.0,0.0,,,,,,,"[{'type': {'displayName': 'Yellow', 'value': 31}}]",False,,,Yellow,,
1903330,SecondHalf,54,8.0,55,Pass,Successful,29,West Ham,92516.0,Alphonse Areola,9.3,70.3,62.8,7.6,,,,,"[{'type': {'displayName': 'Length', 'value': 212}, 'value': '70.5'}, {'type': {'displayName': 'PassEndY', 'value': 141}, 'value': '7.6'}, {'type': {'displayName': 'Zone', 'value': 56}, 'value': 'Right'}, {'type': {'displayName': 'Angle', 'value': 213}, 'value': '5.63'}, {'type': {'displayName': 'FreekickTaken', 'value': 5}}, {'type': {'displayName': 'Longball', 'value': 1}}, {'type': {'displayName': 'PassEndX', 'value': 140}, 'value': '62.8'}]",True,,,,,
1903330,SecondHalf,54,17.0,55,Pass,Successful,29,West Ham,319756.0,Lucas Paquetá,63.3,30.3,63.9,60.8,,,,,"[{'type': {'displayName': 'Angle', 'value': 213}, 'value': '1.54'}, {'type': {'displayName': 'PassEndY', 'value': 141}, 'value': '60.8'}, {'type': {'displayName': 'Zone', 'value': 56}, 'value': 'Center'}, {'type': {'displayName': 'PassEndX', 'value': 140}, 'value': '63.9'}, {'type': {'displayName': 'Length', 'value': 212}, 'value': '20.7'}]",True,,,,,
1903330,SecondHalf,54,18.0,55,Pass,Successful,29,West Ham,447231.0,Mateus Fernandes,63.9,60.8,69.3,75.2,,,,,"[{'type': {'displayName': 'PassEndX', 'value': 140}, 'value': '69.3'}, {'type': {'displayName': 'Length', 'value': 212}, 'value': '11.3'}, {'type': {'displayName': 'PassEndY', 'value': 141}, 'value': '75.2'}, {'type': {'displayName': 'Angle', 'value': 213}, 'value': '1.05'}, {'type': {'displayName': 'Zone', 'value': 56}, 'value': 'Center'}]",True,,,,,
1903330,SecondHalf,54,20.0,55,Pass,Successful,29,West Ham,382564.0,Crysencio Summerville,68.5,69.1,79.8,85.8,,,,,"[{'type': {'displayName': 'Length', 'value': 212}, 'value': '16.4'}, {'type': {'displayName': 'PassEndY', 'value': 141}, 'value': '85.8'}, {'type': {'displayName': 'Angle', 'value': 213}, 'value': '0.76'}, {'type': {'displayName': 'PassEndX', 'value': 140}, 'value': '79.8'}, {'type': {'displayName': 'Zone', 'value': 56}, 'value': 'Left'}]",True,,,,,
1903330,SecondHalf,54,24.0,55,Pass,Unsuccessful,29,West Ham,459708.0,Ollie Scarles,80.2,86.5,92.3,39.6,,,,,"[{'type': {'displayName': 'Length', 'value': 212}, 'value': '34.3'}, {'type': {'displayName': 'LeftFoot', 'value': 72}}, {'type': {'displayName': 'Chipped', 'value': 155}}, {'type': {'displayName': 'Longball', 'value': 1}}, {'type': {'displayName': 'PassEndX', 'value': 140}, 'value': '92.3'}, {'type': {'displayName': 'Zone', 'value': 56}, 'value': 'Center'}, {'type': {'displayName': 'Angle', 'value': 213}, 'value': '5.09'}, {'type': {'displayName': 'Cross', 'value': 2}}, {'type': {'displayName': 'PassEndY', 'value': 141}, 'value': '39.6'}]",True,,,,,
1903330,SecondHalf,54,25.0,55,Clearance,Successful,170,Fulham,306581.0,Antonee Robinson,8.6,61.0,22.0,59.7,,,,,"[{'type': {'displayName': 'Angle', 'value': 213}, 'value': '6.22'}, {'type': {'displayName': 'PassEndY', 'value': 141}, 'value': '59.7'}, {'type': {'displayName': 'PassEndX', 'value': 140}, 'value': '22.0'}, {'type': {'displayName': 'Zone', 'value': 56}, 'value': 'Back'}, {'type': {'displayName': 'Length', 'value': 212}, 'value': '14.1'}]",True,,,,,
1903330,SecondHalf,54,25.0,55,SavedShot,Successful,29,West Ham,319756.0,Lucas Paquetá,82.5,42.3,,,50.9,19.0,86.0,44.0,"[{'type': {'displayName': 'BlockedY', 'value': 147}, 'value': '44.0'}, {'type': {'displayName': 'GoalMouthZ', 'value': 103}, 'value': '19'}, {'type': {'displayName': 'RegularPlay', 'value': 22}}, {'type': {'displayName': 'OutOfBoxCentre', 'value': 18}}, {'type': {'displayName': 'GoalMouthY', 'value': 102}, 'value': '50.9'}, {'type': {'displayName': 'OppositeRelatedEvent', 'value': 233}, 'value': '526'}, {'type': {'displayName': 'BlockedX', 'value': 146}, 'value': '86.0'}, {'type': {'displayName': 'IndividualPlay', 'value': 215}}, {'type': {'displayName': 'Zone', 'value': 56}, 'value': 'Center'}, {'type': {'displayName': 'LowCentre', 'value': 78}}, {'type': {'displayName': 'Volley', 'value': 108}}, {'type': {'displayName': 'LeftFoot', 'value': 72}}, {'type': {'displayName': 'Blocked', 'value': 82}}]",True,True,,,,
1903330,SecondHalf,54,25.0,55,Save,Successful,170,Fulham,321020.0,Sander Berge,14.5,53.8,,,,,,,"[{'type': {'displayName': 'OppositeRelatedEvent', 'value': 233}, 'value': '471'}, {'type': {'displayName': 'Zone', 'value': 56}, 'value': 'Back'}, {'type': {'displayName': 'OutfielderBlock', 'value': 94}}]",True,,,,,
1903330,SecondHalf,54,27.0,55,SavedShot,Successful,29,West Ham,382564.0,Crysencio Summerville,87.4,55.6,,,49.5,19.0,89.3,54.7,"[{'type': {'displayName': 'RegularPlay', 'value': 22}}, {'type': {'displayName': 'Zone', 'value': 56}, 'value': 'Center'}, {'type': {'displayName': 'RightFoot', 'value': 20}}, {'type': {'displayName': 'BoxCentre', 'value': 17}}, {'type': {'displayName': 'GoalMouthY', 'value': 102}, 'value': '49.5'}, {'type': {'displayName': 'Blocked', 'value': 82}}, {'type': {'displayName': 'BlockedY', 'value': 147}, 'value': '54.7'}, {'type': {'displayName': 'OppositeRelatedEvent', 'value': 233}, 'value': '527'}, {'type': {'displayName': 'LowCentre', 'value': 78}}, {'type': {'displayName': 'GoalMouthZ', 'value': 103}, 'value': '19'}, {'type': {'displayName': 'BlockedX', 'value': 146}, 'value': '89.3'}]",True,True,,,,
1903330,SecondHalf,54,27.0,55,Save,Successful,170,Fulham,297395.0,Sasa Lukic,10.8,44.8,,,,,,,"[{'type': {'displayName': 'OutfielderBlock', 'value': 94}}, {'type': {'displayName': 'OppositeRelatedEvent', 'value': 233}, 'value': '472'}, {'type': {'displayName': 'Zone', 'value': 56}, 'value': 'Back'}]",True,,,,,
1903330,SecondHalf,54,32.0,55,Clearance,Successful,170,Fulham,333044.0,Harry Wilson,13.4,29.1,60.0,29.7,,,,,"[{'type': {'displayName': 'Length', 'value': 212}, 'value': '48.9'}, {'type': {'displayName': 'PassEndX', 'value': 140}, 'value': '60.0'}, {'type': {'displayName': 'Zone', 'value': 56}, 'value': 'Center'}, {'type': {'displayName': 'PassEndY', 'value': 141}, 'value': '29.7'}, {'type': {'displayName': 'Angle', 'value': 213}, 'value': '0.01'}]",True,,,,,
1903330,SecondHalf,54,38.0,55,TakeOn,Unsuccessful,170,Fulham,108186.0,Raúl Jiménez,64.2,22.4,,,,,,,"[{'type': {'displayName': 'Offensive', 'value': 286}}, {'type': {'displayName': 'OppositeRelatedEvent', 'value': 233}, 'value': '473'}, {'type': {'displayName': 'Zone', 'value': 56}, 'value': 'Center'}]",True,,,,,
1903330,SecondHalf,54,38.0,55,Tackle,Successful,29,West Ham,361710.0,Jean-Clair Todibo,35.8,77.6,,,,,,,"[{'type': {'displayName': 'OppositeRelatedEvent', 'value': 233}, 'value': '529'}, {'type': {'displayName': 'Defensive', 'value': 285}}, {'type': {'displayName': 'StandingSave', 'value': 178}}, {'type': {'displayName': 'Zone', 'value': 56}, 'value': 'Back'}]",True,,,,,
1903330,SecondHalf,55,14.0,56,SubstitutionOff,Successful,29,West Ham,382564.0,Crysencio Summerville,0.0,0.0,,,,,,,"[{'type': {'displayName': 'JerseyNumber', 'value': 59}, 'value': '7'}, {'type': {'displayName': 'RelatedEventId', 'value': 55}, 'value': '476'}, {'type': {'displayName': 'PlayerPosition', 'value': 44}, 'value': 'Forward'}]",False,,,,476.0,134115.0
1903330,SecondHalf,55,14.0,56,SubstitutionOn,Successful,29,West Ham,134115.0,Callum Wilson,0.0,0.0,,,,,,,"[{'type': {'displayName': 'PlayerPosition', 'value': 44}, 'value': 'Forward'}, {'type': {'displayName': 'JerseyNumber', 'value': 59}, 'value': '9'}, {'type': {'displayName': 'RelatedEventId', 'value': 55}, 'value': '475'}, {'type': {'displayName': 'FormationSlot', 'value': 145}, 'value': '11'}]",False,,,,475.0,382564.0
1903330,SecondHalf,55,15.0,56,FormationChange,Successful,29,West Ham,,,0.0,0.0,,,,,,,"[{'type': {'displayName': 'PlayerPosition', 'value': 44}, 'value': '1, 2, 2, 3, 2, 2, 3, 3, 4, 3, 3, 5, 5, 5, 5, 5, 5, 5, 5'}, {'type': {'displayName': 'TeamFormation', 'value': 130}, 'value': '8'}, {'type': {'displayName': 'CaptainPlayerId', 'value': 194}, 'value': '322596'}, {'type': {'displayName': 'JerseyNumber', 'value': 59}, 'value': '23, 2, 30, 32, 25, 3, 20, 27, 9, 10, 18, 1, 15, 24, 28, 40, 55, 58, 63'}, {'type': {'displayName': 'InvolvedPlayers', 'value': 30}, 'value': '92516,313672,459708,429534,361710,368310,322596,443815,134115,319756,447231,409426,351127,303876,143595,491564,511560,572171,547084'}, {'type': {'displayName': 'TeamPlayerFormation', 'value': 131}, 'value': '1, 2, 3, 4, 5, 6, 7, 8, 9, 10, 11, 0, 0, 0, 0, 0, 0, 0, 0'}]",False,,,,,
1903330,SecondHalf,55,32.0,56,Pass,Successful,170,Fulham,145996.0,Kenny Tete,85.1,0.0,80.4,8.7,,,,,"[{'type': {'displayName': 'PassEndX', 'value': 140}, 'value': '80.4'}, {'type': {'displayName': 'Length', 'value': 212}, 'value': '8.7'}, {'type': {'displayName': 'Zone', 'value': 56}, 'value': 'Right'}, {'type': {'displayName': 'Angle', 'value': 213}, 'value': '2.18'}, {'type': {'displayName': 'PassEndY', 'value': 141}, 'value': '8.7'}, {'type': {'displayName': 'ThrowIn', 'value': 107}}]",True,,,,,
1903330,SecondHalf,55,33.0,56,Pass,Successful,170,Fulham,333044.0,Harry Wilson,80.4,8.7,79.7,3.0,,,,,"[{'type': {'displayName': 'PassEndY', 'value': 141}, 'value': '3.0'}, {'type': {'displayName': 'Angle', 'value': 213}, 'value': '4.52'}, {'type': {'displayName': 'Zone', 'value': 56}, 'value': 'Right'}, {'type': {'displayName': 'PassEndX', 'value': 140}, 'value': '79.7'}, {'type': {'displayName': 'Length', 'value': 212}, 'value': '3.9'}]",True,,,,,
1903330,SecondHalf,55,35.0,56,TakeOn,Unsuccessful,170,Fulham,145996.0,Kenny Tete,79.8,3.4,,,,,,,"[{'type': {'displayName': 'Zone', 'value': 56}, 'value': 'Right'}, {'type': {'displayName': 'OppositeRelatedEvent', 'value': 233}, 'value': '477'}, {'type': {'displayName': 'Offensive', 'value': 286}}]",True,,,,,
1903330,SecondHalf,55,35.0,56,Tackle,Successful,29,West Ham,459708.0,Ollie Scarles,20.2,96.6,,,,,,,"[{'type': {'displayName': 'OppositeRelatedEvent', 'value': 233}, 'value': '533'}, {'type': {'displayName': 'Zone', 'value': 56}, 'value': 'Back'}, {'type': {'displayName': 'Defensive', 'value': 285}}]",True,,,,,
1903330,SecondHalf,55,50.0,56,Pass,Successful,170,Fulham,145996.0,Kenny Tete,79.2,0.0,85.0,8.5,,,,,"[{'type': {'displayName': 'Zone', 'value': 56}, 'value': 'Right'}, {'type': {'displayName': 'ThrowIn', 'value': 107}}, {'type': {'displayName': 'Length', 'value': 212}, 'value': '8.9'}, {'type': {'displayName': 'PassEndX', 'value': 140}, 'value': '85.0'}, {'type': {'displayName': 'Angle', 'value': 213}, 'value': '0.82'}, {'type': {'displayName': 'PassEndY', 'value': 141}, 'value': '8.5'}]",True,,,,,
1903330,SecondHalf,55,51.0,56,Pass,Successful,170,Fulham,297395.0,Sasa Lukic,85.0,8.5,76.9,4.2,,,,,"[{'type': {'displayName': 'Angle', 'value': 213}, 'value': '3.47'}, {'type': {'displayName': 'PassEndY', 'value': 141}, 'value': '4.2'}, {'type': {'displayName': 'PassEndX', 'value': 140}, 'value': '76.9'}, {'type': {'displayName': 'Length', 'value': 212}, 'value': '9.0'}, {'type': {'displayName': 'Zone', 'value': 56}, 'value': 'Right'}]",True,,,,,
1903330,SecondHalf,55,54.0,56,BallTouch,Unsuccessful,170,Fulham,145996.0,Kenny Tete,81.9,3.6,,,,,,,"[{'type': {'displayName': 'Zone', 'value': 56}, 'value': 'Right'}]",True,,,,,
1903330,SecondHalf,55,54.0,56,ShieldBallOpp,Successful,29,West Ham,447231.0,Mateus Fernandes,18.1,93.9,,,,,,,"[{'type': {'displayName': 'Zone', 'value': 56}, 'value': 'Back'}]",False,,,,,
1903330,SecondHalf,56,23.0,57,Pass,Unsuccessful,29,West Ham,459708.0,Ollie Scarles,11.5,100.0,29.8,92.5,,,,,"[{'type': {'displayName': 'PassEndX', 'value': 140}, 'value': '29.8'}, {'type': {'displayName': 'Length', 'value': 212}, 'value': '20.1'}, {'type': {'displayName': 'ThrowIn', 'value': 107}}, {'type': {'displayName': 'PassEndY', 'value': 141}, 'value': '92.5'}, {'type': {'displayName': 'Zone', 'value': 56}, 'value': 'Back'}, {'type': {'displayName': 'Angle', 'value': 213}, 'value': '5.98'}]",True,,,,,
1903330,SecondHalf,56,25.0,57,Pass,Unsuccessful,170,Fulham,297395.0,Sasa Lukic,70.4,7.2,70.3,23.8,,,,,"[{'type': {'displayName': 'Length', 'value': 212}, 'value': '11.3'}, {'type': {'displayName': 'HeadPass', 'value': 3}}, {'type': {'displayName': 'PassEndX', 'value': 140}, 'value': '70.3'}, {'type': {'displayName': 'PassEndY', 'value': 141}, 'value': '23.8'}, {'type': {'displayName': 'Angle', 'value': 213}, 'value': '1.58'}, {'type': {'displayName': 'Zone', 'value': 56}, 'value': 'Center'}]",True,,,,,
1903330,SecondHalf,56,26.0,57,Pass,Unsuccessful,29,West Ham,443815.0,Soungoutou Magassa,30.6,77.4,58.2,11.2,,,,,"[{'type': {'displayName': 'PassEndY', 'value': 141}, 'value': '11.2'}, {'type': {'displayName': 'Zone', 'value': 56}, 'value': 'Right'}, {'type': {'displayName': 'Angle', 'value': 213}, 'value': '5.28'}, {'type': {'displayName': 'Longball', 'value': 1}}, {'type': {'displayName': 'Length', 'value': 212}, 'value': '53.5'}, {'type': {'displayName': 'PassEndX', 'value': 140}, 'value': '58.2'}]",True,,,,,
1903330,SecondHalf,56,29.0,57,BallRecovery,Successful,170,Fulham,306581.0,Antonee Robinson,45.7,85.3,,,,,,,[],False,,,,,
1903330,SecondHalf,56,36.0,57,Pass,Successful,170,Fulham,306581.0,Antonee Robinson,42.5,87.6,29.4,76.0,,,,,"[{'type': {'displayName': 'PassEndY', 'value': 141}, 'value': '76.0'}, {'type': {'displayName': 'PassEndX', 'value': 140}, 'value': '29.4'}, {'type': {'displayName': 'Zone', 'value': 56}, 'value': 'Back'}, {'type': {'displayName': 'Angle', 'value': 213}, 'value': '3.66'}, {'type': {'displayName': 'Length', 'value': 212}, 'value': '15.9'}]",True,,,,,
1903330,SecondHalf,56,39.0,57,Pass,Successful,170,Fulham,333182.0,Jorge Cuenca,29.6,67.8,30.5,32.8,,,,,"[{'type': {'displayName': 'PassEndX', 'value': 140}, 'value': '30.5'}, {'type': {'displayName': 'Length', 'value': 212}, 'value': '23.8'}, {'type': {'displayName': 'Zone', 'value': 56}, 'value': 'Back'}, {'type': {'displayName': 'Angle', 'value': 213}, 'value': '4.75'}, {'type': {'displayName': 'PassEndY', 'value': 141}, 'value': '32.8'}]",True,,,,,
1903330,SecondHalf,56,43.0,57,Pass,Successful,170,Fulham,231135.0,Joachim Andersen,32.1,27.7,57.9,31.5,,,,,"[{'type': {'displayName': 'PassEndY', 'value': 141}, 'value': '31.5'}, {'type': {'displayName': 'Angle', 'value': 213}, 'value': '0.10'}, {'type': {'displayName': 'Length', 'value': 212}, 'value': '27.2'}, {'type': {'displayName': 'Zone', 'value': 56}, 'value': 'Center'}, {'type': {'displayName': 'PassEndX', 'value': 140}, 'value': '57.9'}]",True,,,,,
1903330,SecondHalf,56,45.0,57,Pass,Unsuccessful,170,Fulham,108186.0,Raúl Jiménez,57.9,31.5,58.6,28.0,,,,,"[{'type': {'displayName': 'PassEndY', 'value': 141}, 'value': '28.0'}, {'type': {'displayName': 'Angle', 'value': 213}, 'value': '5.01'}, {'type': {'displayName': 'Zone', 'value': 56}, 'value': 'Center'}, {'type': {'displayName': 'PassEndX', 'value': 140}, 'value': '58.6'}, {'type': {'displayName': 'Offensive', 'value': 286}}, {'type': {'displayName': 'Length', 'value': 212}, 'value': '2.5'}, {'type': {'displayName': 'OppositeRelatedEvent', 'value': 233}, 'value': '482'}]",True,,,,,
1903330,SecondHalf,56,45.0,57,BlockedPass,Successful,29,West Ham,368310.0,Maximilian Kilman,41.4,72.0,,,,,,,"[{'type': {'displayName': 'OppositeRelatedEvent', 'value': 233}, 'value': '544'}, {'type': {'displayName': 'Defensive', 'value': 285}}, {'type': {'displayName': 'Zone', 'value': 56}, 'value': 'Back'}]",True,,,,,
1903330,SecondHalf,56,47.0,57,BallRecovery,Successful,29,West Ham,319756.0,Lucas Paquetá,55.1,39.7,,,,,,,[],False,,,,,
1903330,SecondHalf,56,48.0,57,Pass,Successful,29,West Ham,319756.0,Lucas Paquetá,55.1,39.7,57.9,18.2,,,,,"[{'type': {'displayName': 'PassEndX', 'value': 140}, 'value': '57.9'}, {'type': {'displayName': 'PassEndY', 'value': 141}, 'value': '18.2'}, {'type': {'displayName': 'Length', 'value': 212}, 'value': '14.9'}, {'type': {'displayName': 'Zone', 'value': 56}, 'value': 'Right'}, {'type': {'displayName': 'Angle', 'value': 213}, 'value': '4.91'}]",True,,,,,
1903330,SecondHalf,56,54.0,57,Pass,Successful,29,West Ham,322596.0,Jarrod Bowen,70.0,3.8,78.7,3.4,,,,,"[{'type': {'displayName': 'PassEndX', 'value': 140}, 'value': '78.7'}, {'type': {'displayName': 'Zone', 'value': 56}, 'value': 'Right'}, {'type': {'displayName': 'Angle', 'value': 213}, 'value': '6.25'}, {'type': {'displayName': 'PassEndY', 'value': 141}, 'value': '3.4'}, {'type': {'displayName': 'Length', 'value': 212}, 'value': '9.1'}]",True,,,,,
1903330,SecondHalf,57,0.0,58,TakeOn,Successful,29,West Ham,313672.0,Kyle Walker-Peters,84.3,4.0,,,,,,,"[{'type': {'displayName': 'Zone', 'value': 56}, 'value': 'Right'}, {'type': {'displayName': 'OppositeRelatedEvent', 'value': 233}, 'value': '546'}, {'type': {'displayName': 'Offensive', 'value': 286}}]",True,,,,,
1903330,SecondHalf,57,0.0,58,Challenge,Unsuccessful,170,Fulham,429174.0,Kevin,15.7,96.0,,,,,,,"[{'type': {'displayName': 'Zone', 'value': 56}, 'value': 'Back'}, {'type': {'displayName': 'OppositeRelatedEvent', 'value': 233}, 'value': '486'}, {'type': {'displayName': 'Defensive', 'value': 285}}]",False,,,,,
1903330,SecondHalf,57,1.0,58,Pass,Successful,29,West Ham,313672.0,Kyle Walker-Peters,83.0,4.0,67.7,8.3,,,,,"[{'type': {'displayName': 'PassEndY', 'value': 141}, 'value': '8.3'}, {'type': {'displayName': 'Angle', 'value': 213}, 'value': '2.96'}, {'type': {'displayName': 'Zone', 'value': 56}, 'value': 'Right'}, {'type': {'displayName': 'Length', 'value': 212}, 'value': '16.3'}, {'type': {'displayName': 'PassEndX', 'value': 140}, 'value': '67.7'}]",True,,,,,
1903330,SecondHalf,57,3.0,58,Pass,Successful,29,West Ham,443815.0,Soungoutou Magassa,67.7,8.3,67.1,26.5,,,,,"[{'type': {'displayName': 'Length', 'value': 212}, 'value': '12.4'}, {'type': {'displayName': 'PassEndX', 'value': 140}, 'value': '67.1'}, {'type': {'displayName': 'Angle', 'value': 213}, 'value': '1.62'}, {'type': {'displayName': 'Zone', 'value': 56}, 'value': 'Center'}, {'type': {'displayName': 'PassEndY', 'value': 141}, 'value': '26.5'}]",True,,,,,
1903330,SecondHalf,57,6.0,58,Pass,Successful,29,West Ham,319756.0,Lucas Paquetá,66.8,30.0,67.6,48.5,,,,,"[{'type': {'displayName': 'Angle', 'value': 213}, 'value': '1.50'}, {'type': {'displayName': 'Zone', 'value': 56}, 'value': 'Center'}, {'type': {'displayName': 'PassEndY', 'value': 141}, 'value': '48.5'}, {'type': {'displayName': 'PassEndX', 'value': 140}, 'value': '67.6'}, {'type': {'displayName': 'Length', 'value': 212}, 'value': '12.6'}]",True,,,,,
1903330,SecondHalf,57,8.0,58,Pass,Successful,29,West Ham,429534.0,Freddie Potts,67.6,49.6,63.9,70.9,,,,,"[{'type': {'displayName': 'Angle', 'value': 213}, 'value': '1.83'}, {'type': {'displayName': 'PassEndY', 'value': 141}, 'value': '70.9'}, {'type': {'displayName': 'PassEndX', 'value': 140}, 'value': '63.9'}, {'type': {'displayName': 'Zone', 'value': 56}, 'value': 'Center'}, {'type': {'displayName': 'Length', 'value': 212}, 'value': '15.0'}]",True,,,,,
1903330,SecondHalf,57,13.0,58,Pass,Successful,29,West Ham,368310.0,Maximilian Kilman,71.4,83.0,78.0,94.7,,,,,"[{'type': {'displayName': 'PassEndY', 'value': 141}, 'value': '94.7'}, {'type': {'displayName': 'PassEndX', 'value': 140}, 'value': '78.0'}, {'type': {'displayName': 'Angle', 'value': 213}, 'value': '0.85'}, {'type': {'displayName': 'Length', 'value': 212}, 'value': '10.6'}, {'type': {'displayName': 'Zone', 'value': 56}, 'value': 'Left'}]",True,,,,,
1903330,SecondHalf,57,15.0,58,Pass,Successful,29,West Ham,459708.0,Ollie Scarles,75.1,94.5,68.8,67.5,,,,,"[{'type': {'displayName': 'Angle', 'value': 213}, 'value': '4.37'}, {'type': {'displayName': 'PassEndX', 'value': 140}, 'value': '68.8'}, {'type': {'displayName': 'Length', 'value': 212}, 'value': '19.5'}, {'type': {'displayName': 'Zone', 'value': 56}, 'value': 'Center'}, {'type': {'displayName': 'PassEndY', 'value': 141}, 'value': '67.5'}]",True,,,,,
1903330,SecondHalf,57,19.0,58,Pass,Successful,29,West Ham,447231.0,Mateus Fernandes,67.1,60.8,76.2,35.8,,,,,"[{'type': {'displayName': 'Angle', 'value': 213}, 'value': '5.22'}, {'type': {'displayName': 'Length', 'value': 212}, 'value': '19.5'}, {'type': {'displayName': 'ShotAssist', 'value': 210}, 'value': '15'}, {'type': {'displayName': 'PassEndX', 'value': 140}, 'value': '76.2'}, {'type': {'displayName': 'Zone', 'value': 56}, 'value': 'Center'}, {'type': {'displayName': 'PassEndY', 'value': 141}, 'value': '35.8'}, {'type': {'displayName': 'KeyPass', 'value': 11113}}]",True,,,,,
1903330,SecondHalf,57,21.0,58,SavedShot,Successful,29,West Ham,319756.0,Lucas Paquetá,76.5,36.0,,,49.0,3.2,98.9,48.4,"[{'type': {'displayName': 'IndividualPlay', 'value': 215}}, {'type': {'displayName': 'Zone', 'value': 56}, 'value': 'Center'}, {'type': {'displayName': 'OppositeRelatedEvent', 'value': 233}, 'value': '547'}, {'type': {'displayName': 'RegularPlay', 'value': 22}}, {'type': {'displayName': 'RelatedEventId', 'value': 55}, 'value': '493'}, {'type': {'displayName': 'RightFoot', 'value': 20}}, {'type': {'displayName': 'LowCentre', 'value': 78}}, {'type': {'displayName': 'GoalMouthZ', 'value': 103}, 'value': '3.2'}, {'type': {'displayName': 'OutOfBoxCentre', 'value': 18}}, {'type': {'displayName': 'BlockedX', 'value': 146}, 'value': '98.9'}, {'type': {'displayName': 'BlockedY', 'value': 147}, 'value': '48.4'}, {'type': {'displayName': 'Assisted', 'value': 29}}, {'type': {'displayName': 'GoalMouthY', 'value': 102}, 'value': '49.0'}]",True,True,,,493.0,447231.0
1903330,SecondHalf,57,22.0,58,Save,Successful,170,Fulham,92173.0,Bernd Leno,1.9,49.8,,,,,,,"[{'type': {'displayName': 'Zone', 'value': 56}, 'value': 'Back'}, {'type': {'displayName': 'Hands', 'value': 182}}, {'type': {'displayName': 'OppositeRelatedEvent', 'value': 233}, 'value': '494'}, {'type': {'displayName': 'Collected', 'value': 177}}, {'type': {'displayName': 'KeeperSaveObox', 'value': 11117}}]",True,,,,,
1903330,SecondHalf,57,23.0,58,KeeperPickup,Successful,170,Fulham,92173.0,Bernd Leno,1.9,49.8,,,,,,,[],False,,,,,
1903330,SecondHalf,57,30.0,58,Pass,Successful,170,Fulham,92173.0,Bernd Leno,12.0,48.4,29.3,27.7,,,,,"[{'type': {'displayName': 'PassEndX', 'value': 140}, 'value': '29.3'}, {'type': {'displayName': 'Length', 'value': 212}, 'value': '23.0'}, {'type': {'displayName': 'KeeperThrow', 'value': 123}}, {'type': {'displayName': 'Angle', 'value': 213}, 'value': '5.62'}, {'type': {'displayName': 'Zone', 'value': 56}, 'value': 'Back'}, {'type': {'displayName': 'PassEndY', 'value': 141}, 'value': '27.7'}]",True,,,,,
1903330,SecondHalf,57,37.0,58,Pass,Successful,170,Fulham,145996.0,Kenny Tete,42.7,6.7,41.5,17.5,,,,,"[{'type': {'displayName': 'PassEndX', 'value': 140}, 'value': '41.5'}, {'type': {'displayName': 'Angle', 'value': 213}, 'value': '1.74'}, {'type': {'displayName': 'Zone', 'value': 56}, 'value': 'Back'}, {'type': {'displayName': 'PassEndY', 'value': 141}, 'value': '17.5'}, {'type': {'displayName': 'Length', 'value': 212}, 'value': '7.5'}]",True,,,,,
1903330,SecondHalf,57,38.0,58,Pass,Successful,170,Fulham,297395.0,Sasa Lukic,41.5,17.5,38.3,8.4,,,,,"[{'type': {'displayName': 'PassEndY', 'value': 141}, 'value': '8.4'}, {'type': {'displayName': 'Zone', 'value': 56}, 'value': 'Back'}, {'type': {'displayName': 'Angle', 'value': 213}, 'value': '4.21'}, {'type': {'displayName': 'Length', 'value': 212}, 'value': '7.0'}, {'type': {'displayName': 'PassEndX', 'value': 140}, 'value': '38.3'}]",True,,,,,
1903330,SecondHalf,57,40.0,58,Pass,Successful,170,Fulham,145996.0,Kenny Tete,38.3,8.4,23.7,8.7,,,,,"[{'type': {'displayName': 'PassEndY', 'value': 141}, 'value': '8.7'}, {'type': {'displayName': 'Angle', 'value': 213}, 'value': '3.13'}, {'type': {'displayName': 'Zone', 'value': 56}, 'value': 'Back'}, {'type': {'displayName': 'PassEndX', 'value': 140}, 'value': '23.7'}, {'type': {'displayName': 'Length', 'value': 212}, 'value': '15.3'}]",True,,,,,
1903330,SecondHalf,57,42.0,58,Pass,Successful,170,Fulham,231135.0,Joachim Andersen,23.3,9.6,11.8,39.9,,,,,"[{'type': {'displayName': 'PassEndX', 'value': 140}, 'value': '11.8'}, {'type': {'displayName': 'PassEndY', 'value': 141}, 'value': '39.9'}, {'type': {'displayName': 'Angle', 'value': 213}, 'value': '2.10'}, {'type': {'displayName': 'Length', 'value': 212}, 'value': '23.9'}, {'type': {'displayName': 'Zone', 'value': 56}, 'value': 'Back'}]",True,,,,,
1903330,SecondHalf,57,46.0,58,Pass,Successful,170,Fulham,92173.0,Bernd Leno,11.9,39.7,26.3,70.8,,,,,"[{'type': {'displayName': 'PassEndX', 'value': 140}, 'value': '26.3'}, {'type': {'displayName': 'PassEndY', 'value': 141}, 'value': '70.8'}, {'type': {'displayName': 'Length', 'value': 212}, 'value': '26.0'}, {'type': {'displayName': 'Zone', 'value': 56}, 'value': 'Back'}, {'type': {'displayName': 'Angle', 'value': 213}, 'value': '0.95'}]",True,,,,,
1903330,SecondHalf,57,50.0,58,Pass,Successful,170,Fulham,333182.0,Jorge Cuenca,30.3,65.4,31.4,36.7,,,,,"[{'type': {'displayName': 'Length', 'value': 212}, 'value': '19.6'}, {'type': {'displayName': 'PassEndY', 'value': 141}, 'value': '36.7'}, {'type': {'displayName': 'Angle', 'value': 213}, 'value': '4.77'}, {'type': {'displayName': 'Zone', 'value': 56}, 'value': 'Back'}, {'type': {'displayName': 'PassEndX', 'value': 140}, 'value': '31.4'}]",True,,,,,
1903330,SecondHalf,57,53.0,58,Pass,Successful,170,Fulham,231135.0,Joachim Andersen,34.2,36.4,34.4,65.5,,,,,"[{'type': {'displayName': 'Angle', 'value': 213}, 'value': '1.56'}, {'type': {'displayName': 'PassEndY', 'value': 141}, 'value': '65.5'}, {'type': {'displayName': 'PassEndX', 'value': 140}, 'value': '34.4'}, {'type': {'displayName': 'Length', 'value': 212}, 'value': '19.8'}, {'type': {'displayName': 'Zone', 'value': 56}, 'value': 'Back'}]",True,,,,,
1903330,SecondHalf,58,0.0,59,Pass,Successful,170,Fulham,333182.0,Jorge Cuenca,57.5,80.5,57.6,95.2,,,,,"[{'type': {'displayName': 'PassEndX', 'value': 140}, 'value': '57.6'}, {'type': {'displayName': 'Length', 'value': 212}, 'value': '10.0'}, {'type': {'displayName': 'Angle', 'value': 213}, 'value': '1.56'}, {'type': {'displayName': 'PassEndY', 'value': 141}, 'value': '95.2'}, {'type': {'displayName': 'Zone', 'value': 56}, 'value': 'Left'}]",True,,,,,
1903330,SecondHalf,58,2.0,59,Pass,Successful,170,Fulham,363686.0,Emile Smith Rowe,57.8,95.7,71.8,96.0,,,,,"[{'type': {'displayName': 'PassEndX', 'value': 140}, 'value': '71.8'}, {'type': {'displayName': 'Length', 'value': 212}, 'value': '14.7'}, {'type': {'displayName': 'PassEndY', 'value': 141}, 'value': '96.0'}, {'type': {'displayName': 'Angle', 'value': 213}, 'value': '0.01'}, {'type': {'displayName': 'Zone', 'value': 56}, 'value': 'Left'}]",True,,,,,
1903330,SecondHalf,58,5.0,59,Pass,Unsuccessful,170,Fulham,306581.0,Antonee Robinson,71.9,96.0,100.0,83.4,,,,,"[{'type': {'displayName': 'Length', 'value': 212}, 'value': '31.5'}, {'type': {'displayName': 'PassEndY', 'value': 141}, 'value': '83.4'}, {'type': {'displayName': 'Zone', 'value': 56}, 'value': 'Left'}, {'type': {'displayName': 'PassEndX', 'value': 140}, 'value': '100.0'}, {'type': {'displayName': 'Angle', 'value': 213}, 'value': '6.01'}]",True,,,,,
1903330,SecondHalf,58,27.0,59,Pass,Successful,29,West Ham,92516.0,Alphonse Areola,2.0,48.1,13.8,68.3,,,,,"[{'type': {'displayName': 'Zone', 'value': 56}, 'value': 'Back'}, {'type': {'displayName': 'PassEndY', 'value': 141}, 'value': '68.3'}, {'type': {'displayName': 'Length', 'value': 212}, 'value': '18.5'}, {'type': {'displayName': 'Angle', 'value': 213}, 'value': '0.84'}, {'type': {'displayName': 'PassEndX', 'value': 140}, 'value': '13.8'}, {'type': {'displayName': 'GoalKick', 'value': 124}}]",True,,,,,
1903330,SecondHalf,58,34.0,59,Pass,Successful,29,West Ham,368310.0,Maximilian Kilman,23.9,79.5,69.7,65.7,,,,,"[{'type': {'displayName': 'PassEndY', 'value': 141}, 'value': '65.7'}, {'type': {'displayName': 'Chipped', 'value': 155}}, {'type': {'displayName': 'Angle', 'value': 213}, 'value': '6.09'}, {'type': {'displayName': 'Longball', 'value': 1}}, {'type': {'displayName': 'PassEndX', 'value': 140}, 'value': '69.7'}, {'type': {'displayName': 'Length', 'value': 212}, 'value': '49.0'}, {'type': {'displayName': 'Zone', 'value': 56}, 'value': 'Center'}]",True,,,,,
1903330,SecondHalf,58,38.0,59,Pass,Successful,29,West Ham,134115.0,Callum Wilson,67.0,62.6,67.9,47.5,,,,,"[{'type': {'displayName': 'PassEndX', 'value': 140}, 'value': '67.9'}, {'type': {'displayName': 'Length', 'value': 212}, 'value': '10.3'}, {'type': {'displayName': 'PassEndY', 'value': 141}, 'value': '47.5'}, {'type': {'displayName': 'Zone', 'value': 56}, 'value': 'Center'}, {'type': {'displayName': 'Angle', 'value': 213}, 'value': '4.80'}]",True,,,,,
1903330,SecondHalf,58,42.0,59,Pass,Successful,29,West Ham,447231.0,Mateus Fernandes,68.6,48.8,87.1,70.5,,,,,"[{'type': {'displayName': 'PassEndX', 'value': 140}, 'value': '87.1'}, {'type': {'displayName': 'Length', 'value': 212}, 'value': '24.4'}, {'type': {'displayName': 'Zone', 'value': 56}, 'value': 'Center'}, {'type': {'displayName': 'PassEndY', 'value': 141}, 'value': '70.5'}, {'type': {'displayName': 'Angle', 'value': 213}, 'value': '0.65'}]",True,,,,,
1903330,SecondHalf,58,44.0,59,Pass,Unsuccessful,29,West Ham,319756.0,Lucas Paquetá,87.1,70.2,89.2,63.3,,,,,"[{'type': {'displayName': 'PassEndX', 'value': 140}, 'value': '89.2'}, {'type': {'displayName': 'Length', 'value': 212}, 'value': '5.2'}, {'type': {'displayName': 'Angle', 'value': 213}, 'value': '5.15'}, {'type': {'displayName': 'PassEndY', 'value': 141}, 'value': '63.3'}, {'type': {'displayName': 'Zone', 'value': 56}, 'value': 'Center'}]",True,,,,,
1903330,SecondHalf,58,45.0,59,Interception,Successful,170,Fulham,231135.0,Joachim Andersen,10.8,36.7,,,,,,,"[{'type': {'displayName': 'Zone', 'value': 56}, 'value': 'Back'}]",True,,,,,
1903330,SecondHalf,58,46.0,59,CornerAwarded,Successful,29,West Ham,319756.0,Lucas Paquetá,89.7,63.7,,,,,,,"[{'type': {'displayName': 'MissLeft', 'value': 73}}, {'type': {'displayName': 'OppositeRelatedEvent', 'value': 233}, 'value': '562'}, {'type': {'displayName': 'Zone', 'value': 56}, 'value': 'Center'}]",False,,,,,
1903330,SecondHalf,58,46.0,59,CornerAwarded,Unsuccessful,170,Fulham,231135.0,Joachim Andersen,10.3,36.3,,,,,,,"[{'type': {'displayName': 'MissLeft', 'value': 73}}, {'type': {'displayName': 'OppositeRelatedEvent', 'value': 233}, 'value': '500'}, {'type': {'displayName': 'Zone', 'value': 56}, 'value': 'Back'}]",False,,,,,
1903330,SecondHalf,59,20.0,60,Pass,Unsuccessful,29,West Ham,429534.0,Freddie Potts,99.7,99.5,95.6,48.5,,,,,"[{'type': {'displayName': 'Zone', 'value': 56}, 'value': 'Center'}, {'type': {'displayName': 'Chipped', 'value': 155}}, {'type': {'displayName': 'Length', 'value': 212}, 'value': '34.9'}, {'type': {'displayName': 'Cross', 'value': 2}}, {'type': {'displayName': 'PassEndX', 'value': 140}, 'value': '95.6'}, {'type': {'displayName': 'Angle', 'value': 213}, 'value': '4.59'}, {'type': {'displayName': 'PassEndY', 'value': 141}, 'value': '48.5'}, {'type': {'displayName': 'CornerTaken', 'value': 6}}, {'type': {'displayName': 'RightFoot', 'value': 20}}, {'type': {'displayName': 'Longball', 'value': 1}}]",True,,,,,
1903330,SecondHalf,59,24.0,60,Clearance,Successful,170,Fulham,231135.0,Joachim Andersen,3.3,49.6,7.5,57.3,,,,,"[{'type': {'displayName': 'Head', 'value': 15}}, {'type': {'displayName': 'Zone', 'value': 56}, 'value': 'Back'}, {'type': {'displayName': 'PassEndY', 'value': 141}, 'value': '57.3'}, {'type': {'displayName': 'Angle', 'value': 213}, 'value': '0.87'}, {'type': {'displayName': 'Length', 'value': 212}, 'value': '6.8'}, {'type': {'displayName': 'PassEndX', 'value': 140}, 'value': '7.5'}]",True,,,,,
1903330,SecondHalf,59,25.0,60,Aerial,Successful,29,West Ham,368310.0,Maximilian Kilman,92.5,42.7,,,,,,,"[{'type': {'displayName': 'OppositeRelatedEvent', 'value': 233}, 'value': '564'}, {'type': {'displayName': 'Zone', 'value': 56}, 'value': 'Center'}, {'type': {'displayName': 'Offensive', 'value': 286}}]",False,,,,,
1903330,SecondHalf,59,25.0,60,Aerial,Unsuccessful,170,Fulham,145996.0,Kenny Tete,7.5,57.3,,,,,,,"[{'type': {'displayName': 'Defensive', 'value': 285}}, {'type': {'displayName': 'Zone', 'value': 56}, 'value': 'Back'}, {'type': {'displayName': 'OppositeRelatedEvent', 'value': 233}, 'value': '502'}]",False,,,,,
1903330,SecondHalf,59,26.0,60,Pass,Unsuccessful,29,West Ham,368310.0,Maximilian Kilman,92.5,42.7,91.2,38.8,,,,,"[{'type': {'displayName': 'PassEndY', 'value': 141}, 'value': '38.8'}, {'type': {'displayName': 'Angle', 'value': 213}, 'value': '4.24'}, {'type': {'displayName': 'Length', 'value': 212}, 'value': '3.0'}, {'type': {'displayName': 'HeadPass', 'value': 3}}, {'type': {'displayName': 'Zone', 'value': 56}, 'value': 'Center'}, {'type': {'displayName': 'PassEndX', 'value': 140}, 'value': '91.2'}]",True,,,,,
1903330,SecondHalf,59,27.0,60,BallTouch,Unsuccessful,170,Fulham,321020.0,Sander Berge,18.3,64.3,,,,,,,"[{'type': {'displayName': 'Zone', 'value': 56}, 'value': 'Back'}]",True,,,,,
1903330,SecondHalf,59,28.0,60,SavedShot,Successful,29,West Ham,134115.0,Callum Wilson,93.5,46.1,,,49.7,19.0,94.3,46.6,"[{'type': {'displayName': 'Blocked', 'value': 82}}, {'type': {'displayName': 'SixYardBlock', 'value': 100}}, {'type': {'displayName': 'BlockedY', 'value': 147}, 'value': '46.6'}, {'type': {'displayName': 'LowCentre', 'value': 78}}, {'type': {'displayName': 'FirstTouch', 'value': 328}}, {'type': {'displayName': 'GoalMouthY', 'value': 102}, 'value': '49.7'}, {'type': {'displayName': 'Volley', 'value': 108}}, {'type': {'displayName': 'BoxCentre', 'value': 17}}, {'type': {'displayName': 'OppositeRelatedEvent', 'value': 233}, 'value': '648'}, {'type': {'displayName': 'GoalMouthZ', 'value': 103}, 'value': '19'}, {'type': {'displayName': 'RightFoot', 'value': 20}}, {'type': {'displayName': 'FromCorner', 'value': 25}}, {'type': {'displayName': 'BlockedX', 'value': 146}, 'value': '94.3'}, {'type': {'displayName': 'Zone', 'value': 56}, 'value': 'Center'}]",True,True,,,,
1903330,SecondHalf,59,28.0,60,Save,Successful,170,Fulham,321020.0,Sander Berge,5.7,53.4,,,,,,,"[{'type': {'displayName': 'OutfielderBlock', 'value': 94}}, {'type': {'displayName': 'Zone', 'value': 56}, 'value': 'Back'}, {'type': {'displayName': 'OppositeRelatedEvent', 'value': 233}, 'value': '531'}]",True,,,,,
1903330,SecondHalf,59,28.0,60,Clearance,Successful,170,Fulham,321020.0,Sander Berge,6.8,54.3,23.9,79.5,,,,,"[{'type': {'displayName': 'PassEndX', 'value': 140}, 'value': '23.9'}, {'type': {'displayName': 'Length', 'value': 212}, 'value': '24.8'}, {'type': {'displayName': 'Zone', 'value': 56}, 'value': 'Back'}, {'type': {'displayName': 'Angle', 'value': 213}, 'value': '0.76'}, {'type': {'displayName': 'PassEndY', 'value': 141}, 'value': '79.5'}]",True,,,,,
1903330,SecondHalf,59,30.0,60,Pass,Unsuccessful,29,West Ham,368310.0,Maximilian Kilman,75.2,18.9,70.2,26.4,,,,,"[{'type': {'displayName': 'Length', 'value': 212}, 'value': '7.3'}, {'type': {'displayName': 'PassEndX', 'value': 140}, 'value': '70.2'}, {'type': {'displayName': 'Zone', 'value': 56}, 'value': 'Center'}, {'type': {'displayName': 'PassEndY', 'value': 141}, 'value': '26.4'}, {'type': {'displayName': 'Angle', 'value': 213}, 'value': '2.37'}]",True,,,,,
1903330,SecondHalf,59,30.0,60,TakeOn,Unsuccessful,170,Fulham,429174.0,Kevin,25.9,74.0,,,,,,,"[{'type': {'displayName': 'Zone', 'value': 56}, 'value': 'Back'}, {'type': {'displayName': 'OppositeRelatedEvent', 'value': 233}, 'value': '506'}, {'type': {'displayName': 'Defensive', 'value': 285}}]",True,,,,,
1903330,SecondHalf,59,30.0,60,Tackle,Unsuccessful,29,West Ham,447231.0,Mateus Fernandes,74.1,26.0,,,,,,,"[{'type': {'displayName': 'OppositeRelatedEvent', 'value': 233}, 'value': '567'}, {'type': {'displayName': 'StandingSave', 'value': 178}}, {'type': {'displayName': 'Zone', 'value': 56}, 'value': 'Center'}, {'type': {'displayName': 'Offensive', 'value': 286}}]",True,,,,,
1903330,SecondHalf,59,32.0,60,BallTouch,Successful,170,Fulham,429174.0,Kevin,27.5,69.4,,,,,,,"[{'type': {'displayName': 'Zone', 'value': 56}, 'value': 'Back'}]",True,,,,,
1903330,SecondHalf,59,33.0,60,TakeOn,Successful,29,West Ham,447231.0,Mateus Fernandes,71.3,29.8,,,,,,,"[{'type': {'displayName': 'OppositeRelatedEvent', 'value': 233}, 'value': '569'}, {'type': {'displayName': 'Zone', 'value': 56}, 'value': 'Center'}, {'type': {'displayName': 'Offensive', 'value': 286}}]",True,,,,,
1903330,SecondHalf,59,33.0,60,Challenge,Unsuccessful,170,Fulham,363686.0,Emile Smith Rowe,28.7,70.2,,,,,,,"[{'type': {'displayName': 'Zone', 'value': 56}, 'value': 'Back'}, {'type': {'displayName': 'OppositeRelatedEvent', 'value': 233}, 'value': '507'}, {'type': {'displayName': 'Defensive', 'value': 285}}]",False,,,,,
1903330,SecondHalf,59,35.0,60,Pass,Unsuccessful,29,West Ham,447231.0,Mateus Fernandes,70.9,23.9,79.8,28.9,,,,,"[{'type': {'displayName': 'PassEndY', 'value': 141}, 'value': '28.9'}, {'type': {'displayName': 'Zone', 'value': 56}, 'value': 'Center'}, {'type': {'displayName': 'PassEndX', 'value': 140}, 'value': '79.8'}, {'type': {'displayName': 'Angle', 'value': 213}, 'value': '0.35'}, {'type': {'displayName': 'Length', 'value': 212}, 'value': '9.9'}]",True,,,,,
1903330,SecondHalf,59,35.0,60,Interception,Successful,170,Fulham,306581.0,Antonee Robinson,22.1,71.6,,,,,,,"[{'type': {'displayName': 'Zone', 'value': 56}, 'value': 'Back'}]",True,,,,,
1903330,SecondHalf,59,37.0,60,BallTouch,Unsuccessful,170,Fulham,321020.0,Sander Berge,17.7,64.3,,,,,,,"[{'type': {'displayName': 'Zone', 'value': 56}, 'value': 'Back'}]",True,,,,,
1903330,SecondHalf,59,37.0,60,SavedShot,Successful,29,West Ham,319756.0,Lucas Paquetá,80.6,46.7,,,53.1,19.0,82.4,47.3,"[{'type': {'displayName': 'OutOfBoxCentre', 'value': 18}}, {'type': {'displayName': 'OppositeRelatedEvent', 'value': 233}, 'value': '572'}, {'type': {'displayName': 'LeftFoot', 'value': 72}}, {'type': {'displayName': 'GoalMouthZ', 'value': 103}, 'value': '19'}, {'type': {'displayName': 'LowLeft', 'value': 76}}, {'type': {'displayName': 'Zone', 'value': 56}, 'value': 'Center'}, {'type': {'displayName': 'RegularPlay', 'value': 22}}, {'type': {'displayName': 'FirstTouch', 'value': 328}}, {'type': {'displayName': 'Blocked', 'value': 82}}, {'type': {'displayName': 'GoalMouthY', 'value': 102}, 'value': '53.1'}, {'type': {'displayName': 'BlockedX', 'value': 146}, 'value': '82.4'}, {'type': {'displayName': 'BlockedY', 'value': 147}, 'value': '47.3'}]",True,True,,,,
1903330,SecondHalf,59,37.0,60,Save,Successful,170,Fulham,321020.0,Sander Berge,16.6,52.9,,,,,,,"[{'type': {'displayName': 'OutfielderBlock', 'value': 94}}, {'type': {'displayName': 'OppositeRelatedEvent', 'value': 233}, 'value': '509'}, {'type': {'displayName': 'Zone', 'value': 56}, 'value': 'Back'}]",True,,,,,
1903330,SecondHalf,59,38.0,60,Clearance,Successful,170,Fulham,333182.0,Jorge Cuenca,16.4,45.8,18.2,45.8,,,,,"[{'type': {'displayName': 'Angle', 'value': 213}, 'value': '0.00'}, {'type': {'displayName': 'Zone', 'value': 56}, 'value': 'Back'}, {'type': {'displayName': 'PassEndX', 'value': 140}, 'value': '18.2'}, {'type': {'displayName': 'PassEndY', 'value': 141}, 'value': '45.8'}, {'type': {'displayName': 'Length', 'value': 212}, 'value': '1.9'}]",True,,,,,
1903330,SecondHalf,59,39.0,60,BallTouch,Successful,29,West Ham,447231.0,Mateus Fernandes,81.3,55.8,,,,,,,"[{'type': {'displayName': 'Zone', 'value': 56}, 'value': 'Center'}]",True,,,,,
1903330,SecondHalf,60,10.0,61,Pass,Successful,170,Fulham,145996.0,Kenny Tete,55.1,0.0,60.4,8.7,,,,,"[{'type': {'displayName': 'Zone', 'value': 56}, 'value': 'Right'}, {'type': {'displayName': 'Angle', 'value': 213}, 'value': '0.91'}, {'type': {'displayName': 'PassEndY', 'value': 141}, 'value': '8.7'}, {'type': {'displayName': 'ThrowIn', 'value': 107}}, {'type': {'displayName': 'Length', 'value': 212}, 'value': '9.1'}, {'type': {'displayName': 'PassEndX', 'value': 140}, 'value': '60.4'}]",True,,,,,
1903330,SecondHalf,60,12.0,61,Dispossessed,Successful,170,Fulham,333044.0,Harry Wilson,59.5,10.1,,,,,,,"[{'type': {'displayName': 'OppositeRelatedEvent', 'value': 233}, 'value': '512'}, {'type': {'displayName': 'Zone', 'value': 56}, 'value': 'Right'}, {'type': {'displayName': 'Offensive', 'value': 286}}]",True,,,,,
1903330,SecondHalf,60,12.0,61,Tackle,Successful,29,West Ham,443815.0,Soungoutou Magassa,40.5,89.9,,,,,,,"[{'type': {'displayName': 'StandingSave', 'value': 178}}, {'type': {'displayName': 'OppositeRelatedEvent', 'value': 233}, 'value': '576'}, {'type': {'displayName': 'Zone', 'value': 56}, 'value': 'Back'}, {'type': {'displayName': 'Defensive', 'value': 285}}]",True,,,,,
1903330,SecondHalf,60,14.0,61,BallRecovery,Successful,29,West Ham,447231.0,Mateus Fernandes,44.9,90.3,,,,,,,[],False,,,,,
1903330,SecondHalf,60,14.0,61,Pass,Successful,29,West Ham,447231.0,Mateus Fernandes,44.9,90.3,43.7,82.3,,,,,"[{'type': {'displayName': 'Length', 'value': 212}, 'value': '5.6'}, {'type': {'displayName': 'PassEndX', 'value': 140}, 'value': '43.7'}, {'type': {'displayName': 'Angle', 'value': 213}, 'value': '4.48'}, {'type': {'displayName': 'Zone', 'value': 56}, 'value': 'Back'}, {'type': {'displayName': 'PassEndY', 'value': 141}, 'value': '82.3'}]",True,,,,,
1903330,SecondHalf,60,15.0,61,Pass,Successful,29,West Ham,319756.0,Lucas Paquetá,43.7,82.3,56.4,95.6,,,,,"[{'type': {'displayName': 'Zone', 'value': 56}, 'value': 'Left'}, {'type': {'displayName': 'Length', 'value': 212}, 'value': '16.1'}, {'type': {'displayName': 'PassEndY', 'value': 141}, 'value': '95.6'}, {'type': {'displayName': 'PassEndX', 'value': 140}, 'value': '56.4'}, {'type': {'displayName': 'Angle', 'value': 213}, 'value': '0.60'}]",True,,,,,
1903330,SecondHalf,60,17.0,61,Pass,Successful,29,West Ham,443815.0,Soungoutou Magassa,56.7,95.6,54.2,87.5,,,,,"[{'type': {'displayName': 'PassEndX', 'value': 140}, 'value': '54.2'}, {'type': {'displayName': 'Length', 'value': 212}, 'value': '6.1'}, {'type': {'displayName': 'PassEndY', 'value': 141}, 'value': '87.5'}, {'type': {'displayName': 'Zone', 'value': 56}, 'value': 'Left'}, {'type': {'displayName': 'Angle', 'value': 213}, 'value': '4.27'}]",True,,,,,
1903330,SecondHalf,60,18.0,61,Pass,Successful,29,West Ham,447231.0,Mateus Fernandes,54.2,87.5,57.0,77.9,,,,,"[{'type': {'displayName': 'PassEndX', 'value': 140}, 'value': '57.0'}, {'type': {'displayName': 'PassEndY', 'value': 141}, 'value': '77.9'}, {'type': {'displayName': 'Length', 'value': 212}, 'value': '7.2'}, {'type': {'displayName': 'Zone', 'value': 56}, 'value': 'Center'}, {'type': {'displayName': 'Angle', 'value': 213}, 'value': '5.14'}]",True,,,,,
1903330,SecondHalf,60,22.0,61,Dispossessed,Successful,29,West Ham,319756.0,Lucas Paquetá,58.2,70.9,,,,,,,"[{'type': {'displayName': 'Zone', 'value': 56}, 'value': 'Center'}, {'type': {'displayName': 'Offensive', 'value': 286}}, {'type': {'displayName': 'OppositeRelatedEvent', 'value': 233}, 'value': '580'}]",True,,,,,
1903330,SecondHalf,60,22.0,61,Tackle,Successful,170,Fulham,363686.0,Emile Smith Rowe,41.8,29.2,,,,,,,"[{'type': {'displayName': 'StandingSave', 'value': 178}}, {'type': {'displayName': 'OppositeRelatedEvent', 'value': 233}, 'value': '518'}, {'type': {'displayName': 'Zone', 'value': 56}, 'value': 'Back'}, {'type': {'displayName': 'Defensive', 'value': 285}}]",True,,,,,
1903330,SecondHalf,60,23.0,61,BallRecovery,Successful,170,Fulham,363686.0,Emile Smith Rowe,41.9,25.6,,,,,,,[],False,,,,,
1903330,SecondHalf,60,24.0,61,Pass,Successful,170,Fulham,363686.0,Emile Smith Rowe,41.9,25.6,38.4,14.1,,,,,"[{'type': {'displayName': 'Angle', 'value': 213}, 'value': '4.27'}, {'type': {'displayName': 'Zone', 'value': 56}, 'value': 'Back'}, {'type': {'displayName': 'PassEndY', 'value': 141}, 'value': '14.1'}, {'type': {'displayName': 'Length', 'value': 212}, 'value': '8.6'}, {'type': {'displayName': 'PassEndX', 'value': 140}, 'value': '38.4'}]",True,,,,,
1903330,SecondHalf,60,24.0,61,Pass,Successful,170,Fulham,145996.0,Kenny Tete,36.2,12.4,44.8,3.3,,,,,"[{'type': {'displayName': 'Zone', 'value': 56}, 'value': 'Back'}, {'type': {'displayName': 'Length', 'value': 212}, 'value': '10.9'}, {'type': {'displayName': 'PassEndX', 'value': 140}, 'value': '44.8'}, {'type': {'displayName': 'Angle', 'value': 213}, 'value': '5.68'}, {'type': {'displayName': 'PassEndY', 'value': 141}, 'value': '3.3'}]",True,,,,,
1903330,SecondHalf,60,29.0,61,Pass,Successful,170,Fulham,333044.0,Harry Wilson,42.0,6.6,32.1,12.7,,,,,"[{'type': {'displayName': 'PassEndY', 'value': 141}, 'value': '12.7'}, {'type': {'displayName': 'Zone', 'value': 56}, 'value': 'Back'}, {'type': {'displayName': 'Angle', 'value': 213}, 'value': '2.76'}, {'type': {'displayName': 'PassEndX', 'value': 140}, 'value': '32.1'}, {'type': {'displayName': 'Length', 'value': 212}, 'value': '11.2'}]",True,,,,,
1903330,SecondHalf,60,30.0,61,Pass,Successful,170,Fulham,145996.0,Kenny Tete,32.1,12.7,24.2,17.8,,,,,"[{'type': {'displayName': 'PassEndY', 'value': 141}, 'value': '17.8'}, {'type': {'displayName': 'PassEndX', 'value': 140}, 'value': '24.2'}, {'type': {'displayName': 'Length', 'value': 212}, 'value': '9.0'}, {'type': {'displayName': 'Zone', 'value': 56}, 'value': 'Back'}, {'type': {'displayName': 'Angle', 'value': 213}, 'value': '2.75'}]",True,,,,,
1903330,SecondHalf,60,31.0,61,Pass,Successful,170,Fulham,231135.0,Joachim Andersen,24.5,19.3,25.4,61.0,,,,,"[{'type': {'displayName': 'Zone', 'value': 56}, 'value': 'Back'}, {'type': {'displayName': 'Length', 'value': 212}, 'value': '28.4'}, {'type': {'displayName': 'PassEndX', 'value': 140}, 'value': '25.4'}, {'type': {'displayName': 'PassEndY', 'value': 141}, 'value': '61.0'}, {'type': {'displayName': 'Angle', 'value': 213}, 'value': '1.54'}]",True,,,,,
1903330,SecondHalf,60,39.0,61,Pass,Successful,170,Fulham,333182.0,Jorge Cuenca,37.0,83.4,60.4,96.1,,,,,"[{'type': {'displayName': 'Zone', 'value': 56}, 'value': 'Left'}, {'type': {'displayName': 'Length', 'value': 212}, 'value': '26.0'}, {'type': {'displayName': 'Angle', 'value': 213}, 'value': '0.34'}, {'type': {'displayName': 'PassEndX', 'value': 140}, 'value': '60.4'}, {'type': {'displayName': 'PassEndY', 'value': 141}, 'value': '96.1'}]",True,,,,,
1903330,SecondHalf,60,42.0,61,Pass,Successful,170,Fulham,306581.0,Antonee Robinson,63.7,90.4,70.8,66.0,,,,,"[{'type': {'displayName': 'PassEndY', 'value': 141}, 'value': '66.0'}, {'type': {'displayName': 'Zone', 'value': 56}, 'value': 'Center'}, {'type': {'displayName': 'Angle', 'value': 213}, 'value': '5.13'}, {'type': {'displayName': 'PassEndX', 'value': 140}, 'value': '70.8'}, {'type': {'displayName': 'Length', 'value': 212}, 'value': '18.2'}]",True,,,,,
1903330,SecondHalf,60,44.0,61,Pass,Successful,170,Fulham,108186.0,Raúl Jiménez,70.8,66.0,71.4,71.4,,,,,"[{'type': {'displayName': 'PassEndX', 'value': 140}, 'value': '71.4'}, {'type': {'displayName': 'Angle', 'value': 213}, 'value': '1.40'}, {'type': {'displayName': 'Zone', 'value': 56}, 'value': 'Center'}, {'type': {'displayName': 'Length', 'value': 212}, 'value': '3.7'}, {'type': {'displayName': 'PassEndY', 'value': 141}, 'value': '71.4'}]",True,,,,,
1903330,SecondHalf,60,45.0,61,Pass,Successful,170,Fulham,363686.0,Emile Smith Rowe,74.1,73.6,91.9,93.4,,,,,"[{'type': {'displayName': 'PassEndY', 'value': 141}, 'value': '93.4'}, {'type': {'displayName': 'Angle', 'value': 213}, 'value': '0.62'}, {'type': {'displayName': 'PassEndX', 'value': 140}, 'value': '91.9'}, {'type': {'displayName': 'Zone', 'value': 56}, 'value': 'Left'}, {'type': {'displayName': 'Length', 'value': 212}, 'value': '23.0'}]",True,,,,,
1903330,SecondHalf,60,49.0,61,TakeOn,Unsuccessful,170,Fulham,429174.0,Kevin,91.3,94.5,,,,,,,"[{'type': {'displayName': 'Zone', 'value': 56}, 'value': 'Left'}, {'type': {'displayName': 'Offensive', 'value': 286}}, {'type': {'displayName': 'OppositeRelatedEvent', 'value': 233}, 'value': '519'}]",True,,,,,
1903330,SecondHalf,60,49.0,61,Tackle,Successful,29,West Ham,313672.0,Kyle Walker-Peters,8.8,5.4,,,,,,,"[{'type': {'displayName': 'Zone', 'value': 56}, 'value': 'Back'}, {'type': {'displayName': 'StandingSave', 'value': 178}}, {'type': {'displayName': 'Defensive', 'value': 285}}, {'type': {'displayName': 'OppositeRelatedEvent', 'value': 233}, 'value': '591'}]",True,,,,,
1903330,SecondHalf,61,4.0,62,Pass,Successful,170,Fulham,306581.0,Antonee Robinson,88.8,100.0,90.1,88.8,,,,,"[{'type': {'displayName': 'Angle', 'value': 213}, 'value': '4.87'}, {'type': {'displayName': 'ThrowIn', 'value': 107}}, {'type': {'displayName': 'PassEndY', 'value': 141}, 'value': '88.8'}, {'type': {'displayName': 'Length', 'value': 212}, 'value': '8.5'}, {'type': {'displayName': 'PassEndX', 'value': 140}, 'value': '90.1'}, {'type': {'displayName': 'Zone', 'value': 56}, 'value': 'Left'}]",True,,,,,
1903330,SecondHalf,61,5.0,62,Pass,Successful,170,Fulham,429174.0,Kevin,90.0,88.6,88.9,95.7,,,,,"[{'type': {'displayName': 'Length', 'value': 212}, 'value': '5.0'}, {'type': {'displayName': 'PassEndX', 'value': 140}, 'value': '88.9'}, {'type': {'displayName': 'LayOff', 'value': 156}}, {'type': {'displayName': 'Zone', 'value': 56}, 'value': 'Left'}, {'type': {'displayName': 'Angle', 'value': 213}, 'value': '1.81'}, {'type': {'displayName': 'PassEndY', 'value': 141}, 'value': '95.7'}]",True,,,,,
1903330,SecondHalf,61,7.0,62,Pass,Successful,170,Fulham,306581.0,Antonee Robinson,87.5,97.0,79.2,88.6,,,,,"[{'type': {'displayName': 'Angle', 'value': 213}, 'value': '3.72'}, {'type': {'displayName': 'Length', 'value': 212}, 'value': '10.4'}, {'type': {'displayName': 'PassEndX', 'value': 140}, 'value': '79.2'}, {'type': {'displayName': 'Zone', 'value': 56}, 'value': 'Left'}, {'type': {'displayName': 'PassEndY', 'value': 141}, 'value': '88.6'}]",True,,,,,
1903330,SecondHalf,61,8.0,62,Challenge,Unsuccessful,29,West Ham,443815.0,Soungoutou Magassa,25.8,18.9,,,,,,,"[{'type': {'displayName': 'Zone', 'value': 56}, 'value': 'Back'}, {'type': {'displayName': 'Defensive', 'value': 285}}, {'type': {'displayName': 'OppositeRelatedEvent', 'value': 233}, 'value': '596'}]",False,,,,,
1903330,SecondHalf,61,8.0,62,TakeOn,Successful,170,Fulham,429174.0,Kevin,74.2,81.1,,,,,,,"[{'type': {'displayName': 'Zone', 'value': 56}, 'value': 'Left'}, {'type': {'displayName': 'Offensive', 'value': 286}}, {'type': {'displayName': 'OppositeRelatedEvent', 'value': 233}, 'value': '521'}]",True,,,,,
1903330,SecondHalf,61,10.0,62,Pass,Successful,170,Fulham,429174.0,Kevin,76.8,79.5,83.7,26.2,,,,,"[{'type': {'displayName': 'Chipped', 'value': 155}}, {'type': {'displayName': 'Longball', 'value': 1}}, {'type': {'displayName': 'Length', 'value': 212}, 'value': '37.0'}, {'type': {'displayName': 'PassEndX', 'value': 140}, 'value': '83.7'}, {'type': {'displayName': 'PassEndY', 'value': 141}, 'value': '26.2'}, {'type': {'displayName': 'Zone', 'value': 56}, 'value': 'Center'}, {'type': {'displayName': 'Angle', 'value': 213}, 'value': '4.91'}]",True,,,,,
1903330,SecondHalf,61,15.0,62,Pass,Successful,170,Fulham,333044.0,Harry Wilson,79.6,34.6,74.9,41.4,,,,,"[{'type': {'displayName': 'Angle', 'value': 213}, 'value': '2.39'}, {'type': {'displayName': 'Zone', 'value': 56}, 'value': 'Center'}, {'type': {'displayName': 'PassEndX', 'value': 140}, 'value': '74.9'}, {'type': {'displayName': 'PassEndY', 'value': 141}, 'value': '41.4'}, {'type': {'displayName': 'Length', 'value': 212}, 'value': '6.8'}]",True,,,,,
1903330,SecondHalf,61,18.0,62,Pass,Successful,170,Fulham,321020.0,Sander Berge,74.0,35.8,86.2,15.0,,,,,"[{'type': {'displayName': 'Zone', 'value': 56}, 'value': 'Right'}, {'type': {'displayName': 'Length', 'value': 212}, 'value': '19.1'}, {'type': {'displayName': 'PassEndX', 'value': 140}, 'value': '86.2'}, {'type': {'displayName': 'PassEndY', 'value': 141}, 'value': '15.0'}, {'type': {'displayName': 'Angle', 'value': 213}, 'value': '5.45'}]",True,,,,,
1903330,SecondHalf,61,22.0,62,Dispossessed,Successful,170,Fulham,145996.0,Kenny Tete,89.1,16.3,,,,,,,"[{'type': {'displayName': 'OppositeRelatedEvent', 'value': 233}, 'value': '522'}, {'type': {'displayName': 'Offensive', 'value': 286}}, {'type': {'displayName': 'Zone', 'value': 56}, 'value': 'Right'}]",True,,,,,
1903330,SecondHalf,61,22.0,62,Tackle,Successful,29,West Ham,429534.0,Freddie Potts,10.9,83.7,,,,,,,"[{'type': {'displayName': 'OppositeRelatedEvent', 'value': 233}, 'value': '600'}, {'type': {'displayName': 'Zone', 'value': 56}, 'value': 'Back'}, {'type': {'displayName': 'Defensive', 'value': 285}}, {'type': {'displayName': 'StandingSave', 'value': 178}}]",True,,,,,
1903330,SecondHalf,61,23.0,62,BallRecovery,Successful,29,West Ham,429534.0,Freddie Potts,7.6,83.9,,,,,,,[],False,,,,,
1903330,SecondHalf,61,25.0,62,Pass,Unsuccessful,29,West Ham,429534.0,Freddie Potts,8.7,83.6,39.8,59.9,,,,,"[{'type': {'displayName': 'Chipped', 'value': 155}}, {'type': {'displayName': 'PassEndY', 'value': 141}, 'value': '59.9'}, {'type': {'displayName': 'Angle', 'value': 213}, 'value': '5.82'}, {'type': {'displayName': 'Zone', 'value': 56}, 'value': 'Back'}, {'type': {'displayName': 'Length', 'value': 212}, 'value': '36.4'}, {'type': {'displayName': 'Longball', 'value': 1}}, {'type': {'displayName': 'PassEndX', 'value': 140}, 'value': '39.8'}]",True,,,,,
1903330,SecondHalf,61,27.0,62,Pass,Successful,170,Fulham,231135.0,Joachim Andersen,62.1,37.0,69.8,45.1,,,,,"[{'type': {'displayName': 'HeadPass', 'value': 3}}, {'type': {'displayName': 'Length', 'value': 212}, 'value': '9.8'}, {'type': {'displayName': 'PassEndX', 'value': 140}, 'value': '69.8'}, {'type': {'displayName': 'Zone', 'value': 56}, 'value': 'Center'}, {'type': {'displayName': 'PassEndY', 'value': 141}, 'value': '45.1'}, {'type': {'displayName': 'Angle', 'value': 213}, 'value': '0.60'}]",True,,,,,
1903330,SecondHalf,61,30.0,62,Pass,Successful,170,Fulham,363686.0,Emile Smith Rowe,69.7,45.1,76.0,61.8,,,,,"[{'type': {'displayName': 'Angle', 'value': 213}, 'value': '1.04'}, {'type': {'displayName': 'PassEndY', 'value': 141}, 'value': '61.8'}, {'type': {'displayName': 'PassEndX', 'value': 140}, 'value': '76.0'}, {'type': {'displayName': 'Length', 'value': 212}, 'value': '13.1'}, {'type': {'displayName': 'HeadPass', 'value': 3}}, {'type': {'displayName': 'Zone', 'value': 56}, 'value': 'Center'}]",True,,,,,
1903330,SecondHalf,61,32.0,62,Pass,Successful,170,Fulham,108186.0,Raúl Jiménez,74.6,69.6,59.4,75.3,,,,,"[{'type': {'displayName': 'PassEndX', 'value': 140}, 'value': '59.4'}, {'type': {'displayName': 'Length', 'value': 212}, 'value': '16.4'}, {'type': {'displayName': 'PassEndY', 'value': 141}, 'value': '75.3'}, {'type': {'displayName': 'Zone', 'value': 56}, 'value': 'Center'}, {'type': {'displayName': 'Angle', 'value': 213}, 'value': '2.90'}, {'type': {'displayName': 'LayOff', 'value': 156}}]",True,,,,,
1903330,SecondHalf,61,34.0,62,BallRecovery,Successful,170,Fulham,306581.0,Antonee Robinson,59.6,75.6,,,,,,,[],False,,,,,
1903330,SecondHalf,61,35.0,62,Pass,Successful,170,Fulham,306581.0,Antonee Robinson,59.6,75.6,44.8,66.0,,,,,"[{'type': {'displayName': 'PassEndX', 'value': 140}, 'value': '44.8'}, {'type': {'displayName': 'Angle', 'value': 213}, 'value': '3.54'}, {'type': {'displayName': 'Zone', 'value': 56}, 'value': 'Back'}, {'type': {'displayName': 'PassEndY', 'value': 141}, 'value': '66.0'}, {'type': {'displayName': 'Length', 'value': 212}, 'value': '16.9'}]",True,,,,,
1903330,SecondHalf,61,37.0,62,Pass,Successful,170,Fulham,333182.0,Jorge Cuenca,44.8,66.0,57.9,67.2,,,,,"[{'type': {'displayName': 'PassEndX', 'value': 140}, 'value': '57.9'}, {'type': {'displayName': 'Length', 'value': 212}, 'value': '13.8'}, {'type': {'displayName': 'Angle', 'value': 213}, 'value': '0.06'}, {'type': {'displayName': 'PassEndY', 'value': 141}, 'value': '67.2'}, {'type': {'displayName': 'Zone', 'value': 56}, 'value': 'Center'}]",True,,,,,
1903330,SecondHalf,61,40.0,62,Pass,Successful,170,Fulham,363686.0,Emile Smith Rowe,60.8,79.2,58.1,96.3,,,,,"[{'type': {'displayName': 'PassEndY', 'value': 141}, 'value': '96.3'}, {'type': {'displayName': 'Zone', 'value': 56}, 'value': 'Left'}, {'type': {'displayName': 'Angle', 'value': 213}, 'value': '1.81'}, {'type': {'displayName': 'PassEndX', 'value': 140}, 'value': '58.1'}, {'type': {'displayName': 'Length', 'value': 212}, 'value': '12.0'}]",True,,,,,
1903330,SecondHalf,61,41.0,62,Pass,Successful,170,Fulham,306581.0,Antonee Robinson,57.1,94.2,56.0,70.2,,,,,"[{'type': {'displayName': 'PassEndY', 'value': 141}, 'value': '70.2'}, {'type': {'displayName': 'Angle', 'value': 213}, 'value': '4.64'}, {'type': {'displayName': 'PassEndX', 'value': 140}, 'value': '56.0'}, {'type': {'displayName': 'Zone', 'value': 56}, 'value': 'Center'}, {'type': {'displayName': 'Length', 'value': 212}, 'value': '16.4'}]",True,,,,,
1903330,SecondHalf,61,44.0,62,Pass,Successful,170,Fulham,321020.0,Sander Berge,55.5,68.7,53.7,39.6,,,,,"[{'type': {'displayName': 'Length', 'value': 212}, 'value': '19.9'}, {'type': {'displayName': 'Angle', 'value': 213}, 'value': '4.62'}, {'type': {'displayName': 'Zone', 'value': 56}, 'value': 'Center'}, {'type': {'displayName': 'PassEndX', 'value': 140}, 'value': '53.7'}, {'type': {'displayName': 'PassEndY', 'value': 141}, 'value': '39.6'}]",True,,,,,
1903330,SecondHalf,61,46.0,62,Pass,Successful,170,Fulham,231135.0,Joachim Andersen,54.9,30.6,67.1,5.8,,,,,"[{'type': {'displayName': 'Angle', 'value': 213}, 'value': '5.36'}, {'type': {'displayName': 'Zone', 'value': 56}, 'value': 'Right'}, {'type': {'displayName': 'Length', 'value': 212}, 'value': '21.2'}, {'type': {'displayName': 'PassEndY', 'value': 141}, 'value': '5.8'}, {'type': {'displayName': 'PassEndX', 'value': 140}, 'value': '67.1'}]",True,,,,,
1903330,SecondHalf,61,51.0,62,Pass,Successful,170,Fulham,333044.0,Harry Wilson,66.5,27.6,66.1,40.3,,,,,"[{'type': {'displayName': 'Length', 'value': 212}, 'value': '8.6'}, {'type': {'displayName': 'PassEndX', 'value': 140}, 'value': '66.1'}, {'type': {'displayName': 'Zone', 'value': 56}, 'value': 'Center'}, {'type': {'displayName': 'Angle', 'value': 213}, 'value': '1.62'}, {'type': {'displayName': 'PassEndY', 'value': 141}, 'value': '40.3'}]",True,,,,,
1903330,SecondHalf,61,54.0,62,Pass,Successful,170,Fulham,321020.0,Sander Berge,66.2,47.1,62.4,84.1,,,,,"[{'type': {'displayName': 'PassEndX', 'value': 140}, 'value': '62.4'}, {'type': {'displayName': 'Length', 'value': 212}, 'value': '25.5'}, {'type': {'displayName': 'Zone', 'value': 56}, 'value': 'Left'}, {'type': {'displayName': 'Angle', 'value': 213}, 'value': '1.73'}, {'type': {'displayName': 'PassEndY', 'value': 141}, 'value': '84.1'}]",True,,,,,
1903330,SecondHalf,61,56.0,62,Pass,Successful,170,Fulham,306581.0,Antonee Robinson,59.6,89.5,79.8,96.0,,,,,"[{'type': {'displayName': 'PassEndY', 'value': 141}, 'value': '96.0'}, {'type': {'displayName': 'Zone', 'value': 56}, 'value': 'Left'}, {'type': {'displayName': 'Angle', 'value': 213}, 'value': '0.21'}, {'type': {'displayName': 'Length', 'value': 212}, 'value': '21.7'}, {'type': {'displayName': 'PassEndX', 'value': 140}, 'value': '79.8'}]",True,,,,,
1903330,SecondHalf,61,58.0,62,Pass,Successful,170,Fulham,363686.0,Emile Smith Rowe,80.0,95.8,85.2,91.6,,,,,"[{'type': {'displayName': 'Angle', 'value': 213}, 'value': '5.80'}, {'type': {'displayName': 'Length', 'value': 212}, 'value': '6.2'}, {'type': {'displayName': 'PassEndX', 'value': 140}, 'value': '85.2'}, {'type': {'displayName': 'Zone', 'value': 56}, 'value': 'Left'}, {'type': {'displayName': 'PassEndY', 'value': 141}, 'value': '91.6'}]",True,,,,,
1903330,SecondHalf,62,1.0,63,Pass,Successful,170,Fulham,429174.0,Kevin,84.9,93.7,74.0,93.7,,,,,"[{'type': {'displayName': 'PassEndX', 'value': 140}, 'value': '74.0'}, {'type': {'displayName': 'Length', 'value': 212}, 'value': '11.4'}, {'type': {'displayName': 'Angle', 'value': 213}, 'value': '3.14'}, {'type': {'displayName': 'Zone', 'value': 56}, 'value': 'Left'}, {'type': {'displayName': 'PassEndY', 'value': 141}, 'value': '93.7'}]",True,,,,,
1903330,SecondHalf,62,2.0,63,Pass,Successful,170,Fulham,363686.0,Emile Smith Rowe,74.0,93.7,72.6,81.7,,,,,"[{'type': {'displayName': 'Length', 'value': 212}, 'value': '8.3'}, {'type': {'displayName': 'PassEndX', 'value': 140}, 'value': '72.6'}, {'type': {'displayName': 'ShotAssist', 'value': 210}, 'value': '15'}, {'type': {'displayName': 'PassEndY', 'value': 141}, 'value': '81.7'}, {'type': {'displayName': 'Zone', 'value': 56}, 'value': 'Left'}, {'type': {'displayName': 'Angle', 'value': 213}, 'value': '4.53'}, {'type': {'displayName': 'KeyPass', 'value': 11113}}]",True,,,,,
1903330,SecondHalf,62,5.0,63,SavedShot,Successful,170,Fulham,306581.0,Antonee Robinson,80.0,69.3,,,54.6,19.0,82.9,67.2,"[{'type': {'displayName': 'Zone', 'value': 56}, 'value': 'Center'}, {'type': {'displayName': 'OppositeRelatedEvent', 'value': 233}, 'value': '526'}, {'type': {'displayName': 'RegularPlay', 'value': 22}}, {'type': {'displayName': 'RightFoot', 'value': 20}}, {'type': {'displayName': 'BlockedY', 'value': 147}, 'value': '67.2'}, {'type': {'displayName': 'IndividualPlay', 'value': 215}}, {'type': {'displayName': 'Assisted', 'value': 29}}, {'type': {'displayName': 'RelatedEventId', 'value': 55}, 'value': '616'}, {'type': {'displayName': 'GoalMouthY', 'value': 102}, 'value': '54.6'}, {'type': {'displayName': 'LowLeft', 'value': 76}}, {'type': {'displayName': 'OutOfBoxCentre', 'value': 18}}, {'type': {'displayName': 'BlockedX', 'value': 146}, 'value': '82.9'}, {'type': {'displayName': 'Blocked', 'value': 82}}, {'type': {'displayName': 'GoalMouthZ', 'value': 103}, 'value': '19'}]",True,True,,,616.0,363686.0
1903330,SecondHalf,62,5.0,63,Save,Successful,29,West Ham,429534.0,Freddie Potts,17.7,33.8,,,,,,,"[{'type': {'displayName': 'Zone', 'value': 56}, 'value': 'Back'}, {'type': {'displayName': 'OutfielderBlock', 'value': 94}}, {'type': {'displayName': 'OppositeRelatedEvent', 'value': 233}, 'value': '617'}]",True,,,,,
1903330,SecondHalf,62,8.0,63,KeeperPickup,Successful,29,West Ham,92516.0,Alphonse Areola,3.7,63.2,,,,,,,[],False,,,,,
1903330,SecondHalf,62,12.0,63,Pass,Successful,29,West Ham,92516.0,Alphonse Areola,11.8,67.3,17.0,94.7,,,,,"[{'type': {'displayName': 'PassEndX', 'value': 140}, 'value': '17.0'}, {'type': {'displayName': 'KeeperThrow', 'value': 123}}, {'type': {'displayName': 'Length', 'value': 212}, 'value': '19.4'}, {'type': {'displayName': 'PassEndY', 'value': 141}, 'value': '94.7'}, {'type': {'displayName': 'Zone', 'value': 56}, 'value': 'Back'}, {'type': {'displayName': 'Angle', 'value': 213}, 'value': '1.29'}]",True,,,,,
1903330,SecondHalf,62,16.0,63,BallTouch,Unsuccessful,29,West Ham,459708.0,Ollie Scarles,16.4,96.2,,,,,,,"[{'type': {'displayName': 'Zone', 'value': 56}, 'value': 'Back'}]",True,,,,,
1903330,SecondHalf,62,23.0,63,Pass,Successful,170,Fulham,145996.0,Kenny Tete,68.0,0.0,63.7,17.4,,,,,"[{'type': {'displayName': 'Length', 'value': 212}, 'value': '13.7'}, {'type': {'displayName': 'PassEndX', 'value': 140}, 'value': '63.7'}, {'type': {'displayName': 'ThrowIn', 'value': 107}}, {'type': {'displayName': 'Angle', 'value': 213}, 'value': '1.91'}, {'type': {'displayName': 'Zone', 'value': 56}, 'value': 'Right'}, {'type': {'displayName': 'PassEndY', 'value': 141}, 'value': '17.4'}]",True,,,,,
1903330,SecondHalf,62,25.0,63,Pass,Successful,170,Fulham,321020.0,Sander Berge,62.0,17.6,57.4,6.1,,,,,"[{'type': {'displayName': 'PassEndX', 'value': 140}, 'value': '57.4'}, {'type': {'displayName': 'Length', 'value': 212}, 'value': '9.2'}, {'type': {'displayName': 'Angle', 'value': 213}, 'value': '4.16'}, {'type': {'displayName': 'Zone', 'value': 56}, 'value': 'Right'}, {'type': {'displayName': 'PassEndY', 'value': 141}, 'value': '6.1'}]",True,,,,,
1903330,SecondHalf,62,27.0,63,Pass,Successful,170,Fulham,145996.0,Kenny Tete,57.8,5.2,41.0,13.0,,,,,"[{'type': {'displayName': 'PassEndY', 'value': 141}, 'value': '13.0'}, {'type': {'displayName': 'Angle', 'value': 213}, 'value': '2.85'}, {'type': {'displayName': 'Zone', 'value': 56}, 'value': 'Back'}, {'type': {'displayName': 'Length', 'value': 212}, 'value': '18.4'}, {'type': {'displayName': 'PassEndX', 'value': 140}, 'value': '41.0'}]",True,,,,,
1903330,SecondHalf,62,30.0,63,Pass,Successful,170,Fulham,231135.0,Joachim Andersen,43.6,9.9,39.0,37.9,,,,,"[{'type': {'displayName': 'Length', 'value': 212}, 'value': '19.6'}, {'type': {'displayName': 'Zone', 'value': 56}, 'value': 'Back'}, {'type': {'displayName': 'PassEndX', 'value': 140}, 'value': '39.0'}, {'type': {'displayName': 'Angle', 'value': 213}, 'value': '1.82'}, {'type': {'displayName': 'PassEndY', 'value': 141}, 'value': '37.9'}]",True,,,,,
1903330,SecondHalf,62,37.0,63,Pass,Successful,170,Fulham,333182.0,Jorge Cuenca,64.9,58.9,71.3,59.1,,,,,"[{'type': {'displayName': 'Angle', 'value': 213}, 'value': '0.02'}, {'type': {'displayName': 'PassEndY', 'value': 141}, 'value': '59.1'}, {'type': {'displayName': 'PassEndX', 'value': 140}, 'value': '71.3'}, {'type': {'displayName': 'Length', 'value': 212}, 'value': '6.7'}, {'type': {'displayName': 'Zone', 'value': 56}, 'value': 'Center'}]",True,,,,,
1903330,SecondHalf,62,40.0,63,Pass,Successful,170,Fulham,108186.0,Raúl Jiménez,70.0,64.3,73.4,97.8,,,,,"[{'type': {'displayName': 'PassEndY', 'value': 141}, 'value': '97.8'}, {'type': {'displayName': 'Zone', 'value': 56}, 'value': 'Left'}, {'type': {'displayName': 'Length', 'value': 212}, 'value': '23.1'}, {'type': {'displayName': 'Angle', 'value': 213}, 'value': '1.42'}, {'type': {'displayName': 'PassEndX', 'value': 140}, 'value': '73.4'}]",True,,,,,
1903330,SecondHalf,62,43.0,63,Pass,Successful,170,Fulham,306581.0,Antonee Robinson,79.3,92.2,90.3,49.3,,,,,"[{'type': {'displayName': 'IntentionalAssist', 'value': 154}}, {'type': {'displayName': 'Angle', 'value': 213}, 'value': '5.09'}, {'type': {'displayName': 'PassEndY', 'value': 141}, 'value': '49.3'}, {'type': {'displayName': 'PassEndX', 'value': 140}, 'value': '90.3'}, {'type': {'displayName': 'Chipped', 'value': 155}}, {'type': {'displayName': 'Cross', 'value': 2}}, {'type': {'displayName': 'ShotAssist', 'value': 210}, 'value': '13'}, {'type': {'displayName': 'Length', 'value': 212}, 'value': '31.4'}, {'type': {'displayName': 'LeftFoot', 'value': 72}}, {'type': {'displayName': 'Zone', 'value': 56}, 'value': 'Center'}, {'type': {'displayName': 'KeyPass', 'value': 11113}}]",True,,,,,
1903330,SecondHalf,62,46.0,63,Aerial,Successful,170,Fulham,297395.0,Sasa Lukic,91.8,49.0,,,,,,,"[{'type': {'displayName': 'Offensive', 'value': 286}}, {'type': {'displayName': 'Zone', 'value': 56}, 'value': 'Center'}, {'type': {'displayName': 'OppositeRelatedEvent', 'value': 233}, 'value': '532'}]",False,,,,,
1903330,SecondHalf,62,46.0,63,Aerial,Unsuccessful,29,West Ham,459708.0,Ollie Scarles,8.2,51.0,,,,,,,"[{'type': {'displayName': 'Defensive', 'value': 285}}, {'type': {'displayName': 'Zone', 'value': 56}, 'value': 'Back'}, {'type': {'displayName': 'OppositeRelatedEvent', 'value': 233}, 'value': '624'}]",False,,,,,
1903330,SecondHalf,62,46.0,63,MissedShots,Successful,170,Fulham,297395.0,Sasa Lukic,91.8,50.5,,,62.2,4.2,,,"[{'type': {'displayName': 'BoxCentre', 'value': 17}}, {'type': {'displayName': 'Zone', 'value': 56}, 'value': 'Center'}, {'type': {'displayName': 'Head', 'value': 15}}, {'type': {'displayName': 'RelatedEventId', 'value': 55}, 'value': '623'}, {'type': {'displayName': 'GoalMouthY', 'value': 102}, 'value': '62.2'}, {'type': {'displayName': 'FirstTouch', 'value': 328}}, {'type': {'displayName': 'IntentionalAssist', 'value': 154}}, {'type': {'displayName': 'MissLeft', 'value': 73}}, {'type': {'displayName': 'Assisted', 'value': 29}}, {'type': {'displayName': 'GoalMouthZ', 'value': 103}, 'value': '4.2'}, {'type': {'displayName': 'RegularPlay', 'value': 22}}]",True,True,,,623.0,306581.0
1903330,SecondHalf,63,18.0,64,Pass,Unsuccessful,29,West Ham,92516.0,Alphonse Areola,4.1,47.9,60.7,8.2,,,,,"[{'type': {'displayName': 'PassEndY', 'value': 141}, 'value': '8.2'}, {'type': {'displayName': 'MissHigh', 'value': 74}}, {'type': {'displayName': 'Zone', 'value': 56}, 'value': 'Right'}, {'type': {'displayName': 'Angle', 'value': 213}, 'value': '5.86'}, {'type': {'displayName': 'Length', 'value': 212}, 'value': '65.3'}, {'type': {'displayName': 'GoalKick', 'value': 124}}, {'type': {'displayName': 'PassEndX', 'value': 140}, 'value': '60.7'}, {'type': {'displayName': 'Longball', 'value': 1}}]",True,,,,,
1903330,SecondHalf,63,21.0,64,Pass,Unsuccessful,170,Fulham,306581.0,Antonee Robinson,34.3,88.9,41.0,84.0,,,,,"[{'type': {'displayName': 'PassEndX', 'value': 140}, 'value': '41.0'}, {'type': {'displayName': 'Length', 'value': 212}, 'value': '7.8'}, {'type': {'displayName': 'Angle', 'value': 213}, 'value': '5.84'}, {'type': {'displayName': 'Zone', 'value': 56}, 'value': 'Back'}, {'type': {'displayName': 'PassEndY', 'value': 141}, 'value': '84.0'}, {'type': {'displayName': 'HeadPass', 'value': 3}}]",True,,,,,
1903330,SecondHalf,63,24.0,64,Pass,Unsuccessful,29,West Ham,443815.0,Soungoutou Magassa,56.6,14.7,65.6,11.9,,,,,"[{'type': {'displayName': 'Chipped', 'value': 155}}, {'type': {'displayName': 'PassEndY', 'value': 141}, 'value': '11.9'}, {'type': {'displayName': 'Zone', 'value': 56}, 'value': 'Right'}, {'type': {'displayName': 'Angle', 'value': 213}, 'value': '6.08'}, {'type': {'displayName': 'Length', 'value': 212}, 'value': '9.6'}, {'type': {'displayName': 'PassEndX', 'value': 140}, 'value': '65.6'}]",True,,,,,
1903330,SecondHalf,63,25.0,64,Interception,Successful,170,Fulham,306581.0,Antonee Robinson,32.2,90.0,,,,,,,"[{'type': {'displayName': 'Zone', 'value': 56}, 'value': 'Back'}]",True,,,,,
1903330,SecondHalf,63,47.0,64,Pass,Successful,29,West Ham,313672.0,Kyle Walker-Peters,75.0,0.0,77.6,9.1,,,,,"[{'type': {'displayName': 'Zone', 'value': 56}, 'value': 'Right'}, {'type': {'displayName': 'ThrowIn', 'value': 107}}, {'type': {'displayName': 'PassEndX', 'value': 140}, 'value': '77.6'}, {'type': {'displayName': 'Length', 'value': 212}, 'value': '8.0'}, {'type': {'displayName': 'Angle', 'value': 213}, 'value': '1.22'}, {'type': {'displayName': 'PassEndY', 'value': 141}, 'value': '9.1'}]",True,,,,,
1903330,SecondHalf,63,48.0,64,Pass,Successful,29,West Ham,319756.0,Lucas Paquetá,77.6,9.1,83.4,6.8,,,,,"[{'type': {'displayName': 'Length', 'value': 212}, 'value': '6.3'}, {'type': {'displayName': 'PassEndX', 'value': 140}, 'value': '83.4'}, {'type': {'displayName': 'Zone', 'value': 56}, 'value': 'Right'}, {'type': {'displayName': 'Angle', 'value': 213}, 'value': '6.03'}, {'type': {'displayName': 'PassEndY', 'value': 141}, 'value': '6.8'}]",True,,,,,
1903330,SecondHalf,63,49.0,64,Pass,Successful,29,West Ham,313672.0,Kyle Walker-Peters,84.4,7.6,75.4,12.3,,,,,"[{'type': {'displayName': 'PassEndY', 'value': 141}, 'value': '12.3'}, {'type': {'displayName': 'Zone', 'value': 56}, 'value': 'Right'}, {'type': {'displayName': 'Angle', 'value': 213}, 'value': '2.82'}, {'type': {'displayName': 'PassEndX', 'value': 140}, 'value': '75.4'}, {'type': {'displayName': 'Length', 'value': 212}, 'value': '10.0'}]",True,,,,,
1903330,SecondHalf,63,50.0,64,Pass,Successful,29,West Ham,443815.0,Soungoutou Magassa,75.4,12.3,72.1,3.7,,,,,"[{'type': {'displayName': 'Length', 'value': 212}, 'value': '6.8'}, {'type': {'displayName': 'PassEndX', 'value': 140}, 'value': '72.1'}, {'type': {'displayName': 'Angle', 'value': 213}, 'value': '4.18'}, {'type': {'displayName': 'Zone', 'value': 56}, 'value': 'Right'}, {'type': {'displayName': 'PassEndY', 'value': 141}, 'value': '3.7'}]",True,,,,,
1903330,SecondHalf,63,51.0,64,Pass,Successful,29,West Ham,319756.0,Lucas Paquetá,72.1,3.7,66.4,25.5,,,,,"[{'type': {'displayName': 'PassEndX', 'value': 140}, 'value': '66.4'}, {'type': {'displayName': 'Length', 'value': 212}, 'value': '16.0'}, {'type': {'displayName': 'Angle', 'value': 213}, 'value': '1.95'}, {'type': {'displayName': 'PassEndY', 'value': 141}, 'value': '25.5'}, {'type': {'displayName': 'Zone', 'value': 56}, 'value': 'Center'}]",True,,,,,
1903330,SecondHalf,63,53.0,64,Pass,Successful,29,West Ham,429534.0,Freddie Potts,66.5,25.8,81.2,24.0,,,,,"[{'type': {'displayName': 'Length', 'value': 212}, 'value': '15.5'}, {'type': {'displayName': 'PassEndY', 'value': 141}, 'value': '24.0'}, {'type': {'displayName': 'PassEndX', 'value': 140}, 'value': '81.2'}, {'type': {'displayName': 'Zone', 'value': 56}, 'value': 'Center'}, {'type': {'displayName': 'Angle', 'value': 213}, 'value': '6.20'}]",True,,,,,
1903330,SecondHalf,63,57.0,64,TakeOn,Successful,29,West Ham,443815.0,Soungoutou Magassa,85.4,25.3,,,,,,,"[{'type': {'displayName': 'Offensive', 'value': 286}}, {'type': {'displayName': 'OppositeRelatedEvent', 'value': 233}, 'value': '937'}, {'type': {'displayName': 'Zone', 'value': 56}, 'value': 'Center'}]",True,,,,,
1903330,SecondHalf,63,57.0,64,Challenge,Unsuccessful,170,Fulham,306581.0,Antonee Robinson,14.6,74.7,,,,,,,"[{'type': {'displayName': 'Zone', 'value': 56}, 'value': 'Back'}, {'type': {'displayName': 'Defensive', 'value': 285}}, {'type': {'displayName': 'OppositeRelatedEvent', 'value': 233}, 'value': '543'}]",False,,,,,
1903330,SecondHalf,63,57.0,64,Pass,Unsuccessful,29,West Ham,443815.0,Soungoutou Magassa,94.4,23.4,97.8,44.2,,,,,"[{'type': {'displayName': 'PassEndY', 'value': 141}, 'value': '44.2'}, {'type': {'displayName': 'Cross', 'value': 2}}, {'type': {'displayName': 'Angle', 'value': 213}, 'value': '1.32'}, {'type': {'displayName': 'Zone', 'value': 56}, 'value': 'Center'}, {'type': {'displayName': 'RightFoot', 'value': 20}}, {'type': {'displayName': 'Length', 'value': 212}, 'value': '14.6'}, {'type': {'displayName': 'PassEndX', 'value': 140}, 'value': '97.8'}]",True,,,,,
1903330,SecondHalf,63,58.0,64,Interception,Successful,170,Fulham,92173.0,Bernd Leno,2.2,55.8,,,,,,,"[{'type': {'displayName': 'Zone', 'value': 56}, 'value': 'Back'}, {'type': {'displayName': 'LastMan', 'value': 14}}]",True,,,,,
1903330,SecondHalf,63,59.0,64,Clearance,Successful,170,Fulham,231135.0,Joachim Andersen,6.8,54.0,7.9,58.5,,,,,"[{'type': {'displayName': 'Zone', 'value': 56}, 'value': 'Back'}, {'type': {'displayName': 'PassEndX', 'value': 140}, 'value': '7.9'}, {'type': {'displayName': 'Angle', 'value': 213}, 'value': '1.21'}, {'type': {'displayName': 'PassEndY', 'value': 141}, 'value': '58.5'}, {'type': {'displayName': 'Length', 'value': 212}, 'value': '3.3'}]",True,,,,,
1903330,SecondHalf,64,0.0,65,BallTouch,Successful,29,West Ham,134115.0,Callum Wilson,93.6,44.3,,,,,,,"[{'type': {'displayName': 'Zone', 'value': 56}, 'value': 'Center'}]",True,,,,,
1903330,SecondHalf,64,2.0,65,BallRecovery,Successful,170,Fulham,321020.0,Sander Berge,10.7,59.3,,,,,,,[],False,,,,,
1903330,SecondHalf,64,2.0,65,Pass,Successful,170,Fulham,321020.0,Sander Berge,9.1,60.1,30.1,66.0,,,,,"[{'type': {'displayName': 'PassEndY', 'value': 141}, 'value': '66.0'}, {'type': {'displayName': 'Zone', 'value': 56}, 'value': 'Back'}, {'type': {'displayName': 'PassEndX', 'value': 140}, 'value': '30.1'}, {'type': {'displayName': 'Length', 'value': 212}, 'value': '22.4'}, {'type': {'displayName': 'Angle', 'value': 213}, 'value': '0.18'}]",True,,,,,
1903330,SecondHalf,64,5.0,65,Pass,Unsuccessful,170,Fulham,108186.0,Raúl Jiménez,33.3,75.0,46.7,76.3,,,,,"[{'type': {'displayName': 'Length', 'value': 212}, 'value': '14.1'}, {'type': {'displayName': 'Zone', 'value': 56}, 'value': 'Back'}, {'type': {'displayName': 'PassEndX', 'value': 140}, 'value': '46.7'}, {'type': {'displayName': 'PassEndY', 'value': 141}, 'value': '76.3'}, {'type': {'displayName': 'Angle', 'value': 213}, 'value': '0.06'}]",True,,,,,
1903330,SecondHalf,64,6.0,65,BallTouch,Successful,29,West Ham,361710.0,Jean-Clair Todibo,53.0,22.7,,,,,,,"[{'type': {'displayName': 'Zone', 'value': 56}, 'value': 'Center'}]",True,,,,,
1903330,SecondHalf,64,8.0,65,Pass,Unsuccessful,29,West Ham,429534.0,Freddie Potts,45.1,5.0,42.2,4.9,,,,,"[{'type': {'displayName': 'PassEndY', 'value': 141}, 'value': '4.9'}, {'type': {'displayName': 'Angle', 'value': 213}, 'value': '3.16'}, {'type': {'displayName': 'Zone', 'value': 56}, 'value': 'Back'}, {'type': {'displayName': 'Offensive', 'value': 286}}, {'type': {'displayName': 'OppositeRelatedEvent', 'value': 233}, 'value': '635'}, {'type': {'displayName': 'PassEndX', 'value': 140}, 'value': '42.2'}, {'type': {'displayName': 'Length', 'value': 212}, 'value': '3.0'}]",True,,,,,
1903330,SecondHalf,64,8.0,65,BlockedPass,Successful,170,Fulham,429174.0,Kevin,57.8,95.1,,,,,,,"[{'type': {'displayName': 'Defensive', 'value': 285}}, {'type': {'displayName': 'OppositeRelatedEvent', 'value': 233}, 'value': '547'}, {'type': {'displayName': 'Zone', 'value': 56}, 'value': 'Left'}]",True,,,,,
1903330,SecondHalf,64,14.0,65,Pass,Successful,29,West Ham,429534.0,Freddie Potts,46.4,0.0,61.8,4.3,,,,,"[{'type': {'displayName': 'ThrowIn', 'value': 107}}, {'type': {'displayName': 'PassEndX', 'value': 140}, 'value': '61.8'}, {'type': {'displayName': 'Length', 'value': 212}, 'value': '16.7'}, {'type': {'displayName': 'Zone', 'value': 56}, 'value': 'Right'}, {'type': {'displayName': 'Angle', 'value': 213}, 'value': '0.26'}, {'type': {'displayName': 'PassEndY', 'value': 141}, 'value': '4.3'}]",True,,,,,
1903330,SecondHalf,64,17.0,65,Pass,Successful,29,West Ham,313672.0,Kyle Walker-Peters,73.7,8.5,94.9,26.7,,,,,"[{'type': {'displayName': 'PassEndX', 'value': 140}, 'value': '94.9'}, {'type': {'displayName': 'Length', 'value': 212}, 'value': '25.5'}, {'type': {'displayName': 'PassEndY', 'value': 141}, 'value': '26.7'}, {'type': {'displayName': 'Zone', 'value': 56}, 'value': 'Center'}, {'type': {'displayName': 'Angle', 'value': 213}, 'value': '0.51'}]",True,,,,,
1903330,SecondHalf,64,19.0,65,Pass,Successful,29,West Ham,443815.0,Soungoutou Magassa,98.7,28.9,96.4,41.5,,,,,"[{'type': {'displayName': 'PassEndY', 'value': 141}, 'value': '41.5'}, {'type': {'displayName': 'ShotAssist', 'value': 210}, 'value': '13'}, {'type': {'displayName': 'IntentionalAssist', 'value': 154}}, {'type': {'displayName': 'Zone', 'value': 56}, 'value': 'Center'}, {'type': {'displayName': 'Angle', 'value': 213}, 'value': '1.85'}, {'type': {'displayName': 'PassEndX', 'value': 140}, 'value': '96.4'}, {'type': {'displayName': 'Length', 'value': 212}, 'value': '8.9'}, {'type': {'displayName': 'BigChanceCreated', 'value': 11112}}, {'type': {'displayName': 'KeyPass', 'value': 11113}}]",True,,,,,
1903330,SecondHalf,64,20.0,65,MissedShots,Successful,29,West Ham,322596.0,Jarrod Bowen,96.4,41.5,,,59.2,16.7,,,"[{'type': {'displayName': 'IntentionalAssist', 'value': 154}}, {'type': {'displayName': 'Zone', 'value': 56}, 'value': 'Center'}, {'type': {'displayName': 'GoalMouthZ', 'value': 103}, 'value': '16.7'}, {'type': {'displayName': 'FirstTouch', 'value': 328}}, {'type': {'displayName': 'RightFoot', 'value': 20}}, {'type': {'displayName': 'ThrowinSetPiece', 'value': 160}}, {'type': {'displayName': 'SmallBoxRight', 'value': 60}}, {'type': {'displayName': 'Assisted', 'value': 29}}, {'type': {'displayName': 'GoalMouthY', 'value': 102}, 'value': '59.2'}, {'type': {'displayName': 'BigChance', 'value': 214}}, {'type': {'displayName': 'RelatedEventId', 'value': 55}, 'value': '551'}]",True,True,,,551.0,443815.0
1903330,SecondHalf,65,2.0,66,Pass,Successful,170,Fulham,92173.0,Bernd Leno,4.4,44.4,28.4,27.1,,,,,"[{'type': {'displayName': 'PassEndY', 'value': 141}, 'value': '27.1'}, {'type': {'displayName': 'Angle', 'value': 213}, 'value': '5.85'}, {'type': {'displayName': 'Zone', 'value': 56}, 'value': 'Back'}, {'type': {'displayName': 'Length', 'value': 212}, 'value': '27.8'}, {'type': {'displayName': 'GoalKick', 'value': 124}}, {'type': {'displayName': 'PassEndX', 'value': 140}, 'value': '28.4'}]",True,,,,,
1903330,SecondHalf,65,5.0,66,Pass,Successful,170,Fulham,231135.0,Joachim Andersen,43.6,19.5,66.9,3.0,,,,,"[{'type': {'displayName': 'PassEndY', 'value': 141}, 'value': '3.0'}, {'type': {'displayName': 'Angle', 'value': 213}, 'value': '5.85'}, {'type': {'displayName': 'Zone', 'value': 56}, 'value': 'Right'}, {'type': {'displayName': 'PassEndX', 'value': 140}, 'value': '66.9'}, {'type': {'displayName': 'Length', 'value': 212}, 'value': '26.9'}]",True,,,,,
1903330,SecondHalf,65,6.0,66,Pass,Unsuccessful,170,Fulham,145996.0,Kenny Tete,67.1,3.4,80.9,11.8,,,,,"[{'type': {'displayName': 'Length', 'value': 212}, 'value': '15.6'}, {'type': {'displayName': 'Zone', 'value': 56}, 'value': 'Right'}, {'type': {'displayName': 'PassEndX', 'value': 140}, 'value': '80.9'}, {'type': {'displayName': 'PassEndY', 'value': 141}, 'value': '11.8'}, {'type': {'displayName': 'Angle', 'value': 213}, 'value': '0.38'}]",True,,,,,
1903330,SecondHalf,65,8.0,66,BallRecovery,Successful,29,West Ham,459708.0,Ollie Scarles,21.5,86.3,,,,,,,[],False,,,,,
1903330,SecondHalf,65,8.0,66,Pass,Successful,29,West Ham,459708.0,Ollie Scarles,22.5,88.9,31.5,85.0,,,,,"[{'type': {'displayName': 'PassEndY', 'value': 141}, 'value': '85.0'}, {'type': {'displayName': 'Zone', 'value': 56}, 'value': 'Back'}, {'type': {'displayName': 'PassEndX', 'value': 140}, 'value': '31.5'}, {'type': {'displayName': 'Length', 'value': 212}, 'value': '9.8'}, {'type': {'displayName': 'Angle', 'value': 213}, 'value': '6.01'}]",True,,,,,
1903330,SecondHalf,65,10.0,66,Pass,Successful,29,West Ham,319756.0,Lucas Paquetá,31.5,85.0,37.3,95.3,,,,,"[{'type': {'displayName': 'Zone', 'value': 56}, 'value': 'Back'}, {'type': {'displayName': 'Angle', 'value': 213}, 'value': '0.86'}, {'type': {'displayName': 'Length', 'value': 212}, 'value': '9.3'}, {'type': {'displayName': 'PassEndY', 'value': 141}, 'value': '95.3'}, {'type': {'displayName': 'PassEndX', 'value': 140}, 'value': '37.3'}]",True,,,,,
1903330,SecondHalf,65,12.0,66,Pass,Successful,29,West Ham,447231.0,Mateus Fernandes,37.3,95.3,47.7,78.4,,,,,"[{'type': {'displayName': 'Zone', 'value': 56}, 'value': 'Back'}, {'type': {'displayName': 'Length', 'value': 212}, 'value': '15.9'}, {'type': {'displayName': 'PassEndX', 'value': 140}, 'value': '47.7'}, {'type': {'displayName': 'PassEndY', 'value': 141}, 'value': '78.4'}, {'type': {'displayName': 'Angle', 'value': 213}, 'value': '5.47'}]",True,,,,,
1903330,SecondHalf,65,12.0,66,Pass,Successful,29,West Ham,134115.0,Callum Wilson,47.7,78.4,42.0,74.2,,,,,"[{'type': {'displayName': 'LayOff', 'value': 156}}, {'type': {'displayName': 'Length', 'value': 212}, 'value': '6.6'}, {'type': {'displayName': 'PassEndX', 'value': 140}, 'value': '42.0'}, {'type': {'displayName': 'Angle', 'value': 213}, 'value': '3.59'}, {'type': {'displayName': 'Zone', 'value': 56}, 'value': 'Back'}, {'type': {'displayName': 'PassEndY', 'value': 141}, 'value': '74.2'}]",True,,,,,
1903330,SecondHalf,65,13.0,66,Pass,Successful,29,West Ham,319756.0,Lucas Paquetá,42.0,74.2,60.6,22.7,,,,,"[{'type': {'displayName': 'Zone', 'value': 56}, 'value': 'Center'}, {'type': {'displayName': 'Angle', 'value': 213}, 'value': '5.22'}, {'type': {'displayName': 'PassEndY', 'value': 141}, 'value': '22.7'}, {'type': {'displayName': 'Longball', 'value': 1}}, {'type': {'displayName': 'Length', 'value': 212}, 'value': '40.1'}, {'type': {'displayName': 'PassEndX', 'value': 140}, 'value': '60.6'}]",True,,,,,
1903330,SecondHalf,65,23.0,66,Pass,Unsuccessful,29,West Ham,322596.0,Jarrod Bowen,97.2,25.9,97.2,27.6,,,,,"[{'type': {'displayName': 'PassEndX', 'value': 140}, 'value': '97.2'}, {'type': {'displayName': 'Length', 'value': 212}, 'value': '1.2'}, {'type': {'displayName': 'Zone', 'value': 56}, 'value': 'Center'}, {'type': {'displayName': 'PassEndY', 'value': 141}, 'value': '27.6'}, {'type': {'displayName': 'Angle', 'value': 213}, 'value': '1.57'}]",True,,,,,
1903330,SecondHalf,65,24.0,66,BallTouch,Successful,170,Fulham,306581.0,Antonee Robinson,2.4,73.5,,,,,,,"[{'type': {'displayName': 'Zone', 'value': 56}, 'value': 'Back'}]",True,,,,,
1903330,SecondHalf,65,25.0,66,Clearance,Successful,170,Fulham,145996.0,Kenny Tete,7.8,66.3,41.6,100.0,,,,,"[{'type': {'displayName': 'PassEndX', 'value': 140}, 'value': '41.6'}, {'type': {'displayName': 'Length', 'value': 212}, 'value': '42.3'}, {'type': {'displayName': 'PassEndY', 'value': 141}, 'value': '100.0'}, {'type': {'displayName': 'Zone', 'value': 56}, 'value': 'Back'}, {'type': {'displayName': 'Angle', 'value': 213}, 'value': '0.58'}]",True,,,,,
1903330,SecondHalf,65,31.0,66,Pass,Successful,29,West Ham,443815.0,Soungoutou Magassa,56.4,0.0,64.7,18.6,,,,,"[{'type': {'displayName': 'Angle', 'value': 213}, 'value': '1.01'}, {'type': {'displayName': 'PassEndX', 'value': 140}, 'value': '64.7'}, {'type': {'displayName': 'ThrowIn', 'value': 107}}, {'type': {'displayName': 'PassEndY', 'value': 141}, 'value': '18.6'}, {'type': {'displayName': 'Zone', 'value': 56}, 'value': 'Right'}, {'type': {'displayName': 'Length', 'value': 212}, 'value': '16.3'}]",True,,,,,
1903330,SecondHalf,65,34.0,66,Pass,Unsuccessful,29,West Ham,319756.0,Lucas Paquetá,64.1,21.2,100.0,86.6,,,,,"[{'type': {'displayName': 'Longball', 'value': 1}}, {'type': {'displayName': 'Length', 'value': 212}, 'value': '59.3'}, {'type': {'displayName': 'PassEndX', 'value': 140}, 'value': '100.0'}, {'type': {'displayName': 'Zone', 'value': 56}, 'value': 'Left'}, {'type': {'displayName': 'Angle', 'value': 213}, 'value': '0.85'}, {'type': {'displayName': 'PassEndY', 'value': 141}, 'value': '86.6'}, {'type': {'displayName': 'Chipped', 'value': 155}}]",True,,,,,
1903330,SecondHalf,66,7.0,67,Pass,Successful,170,Fulham,333182.0,Jorge Cuenca,4.6,60.9,4.1,50.8,,,,,"[{'type': {'displayName': 'Angle', 'value': 213}, 'value': '4.64'}, {'type': {'displayName': 'Zone', 'value': 56}, 'value': 'Back'}, {'type': {'displayName': 'PassEndY', 'value': 141}, 'value': '50.8'}, {'type': {'displayName': 'Length', 'value': 212}, 'value': '6.9'}, {'type': {'displayName': 'PassEndX', 'value': 140}, 'value': '4.1'}, {'type': {'displayName': 'GoalKick', 'value': 124}}]",True,,,,,
1903330,SecondHalf,66,12.0,67,Pass,Unsuccessful,170,Fulham,92173.0,Bernd Leno,4.4,51.3,54.3,49.8,,,,,"[{'type': {'displayName': 'Longball', 'value': 1}}, {'type': {'displayName': 'PassEndX', 'value': 140}, 'value': '54.3'}, {'type': {'displayName': 'Length', 'value': 212}, 'value': '52.4'}, {'type': {'displayName': 'Zone', 'value': 56}, 'value': 'Center'}, {'type': {'displayName': 'Chipped', 'value': 155}}, {'type': {'displayName': 'Angle', 'value': 213}, 'value': '6.26'}, {'type': {'displayName': 'PassEndY', 'value': 141}, 'value': '49.8'}]",True,,,,,
1903330,SecondHalf,66,14.0,67,Aerial,Successful,29,West Ham,361710.0,Jean-Clair Todibo,45.6,51.9,,,,,,,"[{'type': {'displayName': 'Defensive', 'value': 285}}, {'type': {'displayName': 'Zone', 'value': 56}, 'value': 'Back'}, {'type': {'displayName': 'OppositeRelatedEvent', 'value': 233}, 'value': '944'}]",False,,,,,
1903330,SecondHalf,66,14.0,67,Aerial,Unsuccessful,170,Fulham,108186.0,Raúl Jiménez,54.4,48.1,,,,,,,"[{'type': {'displayName': 'OppositeRelatedEvent', 'value': 233}, 'value': '801'}, {'type': {'displayName': 'Offensive', 'value': 286}}, {'type': {'displayName': 'Zone', 'value': 56}, 'value': 'Center'}]",False,,,,,
1903330,SecondHalf,66,15.0,67,Pass,Successful,29,West Ham,361710.0,Jean-Clair Todibo,45.5,55.7,59.5,66.3,,,,,"[{'type': {'displayName': 'Angle', 'value': 213}, 'value': '0.46'}, {'type': {'displayName': 'PassEndY', 'value': 141}, 'value': '66.3'}, {'type': {'displayName': 'HeadPass', 'value': 3}}, {'type': {'displayName': 'Zone', 'value': 56}, 'value': 'Center'}, {'type': {'displayName': 'PassEndX', 'value': 140}, 'value': '59.5'}, {'type': {'displayName': 'Length', 'value': 212}, 'value': '16.4'}]",True,,,,,
1903330,SecondHalf,66,18.0,67,BallRecovery,Successful,29,West Ham,447231.0,Mateus Fernandes,59.0,62.7,,,,,,,[],False,,,,,
1903330,SecondHalf,66,18.0,67,Pass,Successful,29,West Ham,447231.0,Mateus Fernandes,59.0,62.7,66.7,60.6,,,,,"[{'type': {'displayName': 'PassEndX', 'value': 140}, 'value': '66.7'}, {'type': {'displayName': 'Zone', 'value': 56}, 'value': 'Center'}, {'type': {'displayName': 'Length', 'value': 212}, 'value': '8.2'}, {'type': {'displayName': 'Angle', 'value': 213}, 'value': '6.11'}, {'type': {'displayName': 'PassEndY', 'value': 141}, 'value': '60.6'}]",True,,,,,
1903330,SecondHalf,66,19.0,67,Pass,Successful,29,West Ham,319756.0,Lucas Paquetá,67.5,60.6,89.9,39.7,,,,,"[{'type': {'displayName': 'Zone', 'value': 56}, 'value': 'Center'}, {'type': {'displayName': 'PassEndY', 'value': 141}, 'value': '39.7'}, {'type': {'displayName': 'PassEndX', 'value': 140}, 'value': '89.9'}, {'type': {'displayName': 'Angle', 'value': 213}, 'value': '5.74'}, {'type': {'displayName': 'Length', 'value': 212}, 'value': '27.5'}, {'type': {'displayName': 'Chipped', 'value': 155}}]",True,,,,,
1903330,SecondHalf,66,22.0,67,BallTouch,Unsuccessful,29,West Ham,322596.0,Jarrod Bowen,90.0,39.7,,,,,,,"[{'type': {'displayName': 'Zone', 'value': 56}, 'value': 'Center'}]",True,,,,,
1903330,SecondHalf,66,24.0,67,BallTouch,Unsuccessful,170,Fulham,306581.0,Antonee Robinson,4.1,66.1,,,,,,,"[{'type': {'displayName': 'Zone', 'value': 56}, 'value': 'Back'}]",True,,,,,
1903330,SecondHalf,66,25.0,67,Pass,Successful,29,West Ham,322596.0,Jarrod Bowen,95.4,30.3,91.9,97.1,,,,,"[{'type': {'displayName': 'Zone', 'value': 56}, 'value': 'Left'}, {'type': {'displayName': 'Angle', 'value': 213}, 'value': '1.65'}, {'type': {'displayName': 'PassEndY', 'value': 141}, 'value': '97.1'}, {'type': {'displayName': 'Chipped', 'value': 155}}, {'type': {'displayName': 'PassEndX', 'value': 140}, 'value': '91.9'}, {'type': {'displayName': 'Length', 'value': 212}, 'value': '45.6'}, {'type': {'displayName': 'Longball', 'value': 1}}]",True,,,,,
1903330,SecondHalf,66,30.0,67,Pass,Successful,29,West Ham,319756.0,Lucas Paquetá,92.3,96.9,74.7,74.1,,,,,"[{'type': {'displayName': 'Length', 'value': 212}, 'value': '24.1'}, {'type': {'displayName': 'PassEndX', 'value': 140}, 'value': '74.7'}, {'type': {'displayName': 'Angle', 'value': 213}, 'value': '3.84'}, {'type': {'displayName': 'PassEndY', 'value': 141}, 'value': '74.1'}, {'type': {'displayName': 'Zone', 'value': 56}, 'value': 'Center'}]",True,,,,,
1903330,SecondHalf,66,35.0,67,BallTouch,Unsuccessful,29,West Ham,429534.0,Freddie Potts,74.7,74.1,,,,,,,"[{'type': {'displayName': 'Zone', 'value': 56}, 'value': 'Center'}]",True,,,,,
1903330,SecondHalf,66,37.0,67,Foul,Successful,170,Fulham,333044.0,Harry Wilson,23.0,26.1,,,,,,,"[{'type': {'displayName': 'Foul', 'value': 13}}, {'type': {'displayName': 'Defensive', 'value': 285}}, {'type': {'displayName': 'OppositeRelatedEvent', 'value': 233}, 'value': '573'}, {'type': {'displayName': 'Zone', 'value': 56}, 'value': 'Back'}]",True,,,,,
1903330,SecondHalf,66,37.0,67,Foul,Unsuccessful,29,West Ham,429534.0,Freddie Potts,77.0,73.9,,,,,,,"[{'type': {'displayName': 'Zone', 'value': 56}, 'value': 'Center'}, {'type': {'displayName': 'Foul', 'value': 13}}, {'type': {'displayName': 'OppositeRelatedEvent', 'value': 233}, 'value': '651'}, {'type': {'displayName': 'Offensive', 'value': 286}}]",False,,,,,
1903330,SecondHalf,66,48.0,67,Pass,Successful,170,Fulham,231135.0,Joachim Andersen,22.2,22.5,34.9,46.6,,,,,"[{'type': {'displayName': 'PassEndX', 'value': 140}, 'value': '34.9'}, {'type': {'displayName': 'Length', 'value': 212}, 'value': '21.1'}, {'type': {'displayName': 'Angle', 'value': 213}, 'value': '0.89'}, {'type': {'displayName': 'Zone', 'value': 56}, 'value': 'Back'}, {'type': {'displayName': 'FreekickTaken', 'value': 5}}, {'type': {'displayName': 'PassEndY', 'value': 141}, 'value': '46.6'}]",True,,,,,
1903330,SecondHalf,66,54.0,67,Pass,Successful,170,Fulham,321020.0,Sander Berge,53.2,58.2,60.8,95.4,,,,,"[{'type': {'displayName': 'PassEndY', 'value': 141}, 'value': '95.4'}, {'type': {'displayName': 'Angle', 'value': 213}, 'value': '1.27'}, {'type': {'displayName': 'PassEndX', 'value': 140}, 'value': '60.8'}, {'type': {'displayName': 'Length', 'value': 212}, 'value': '26.5'}, {'type': {'displayName': 'Zone', 'value': 56}, 'value': 'Left'}]",True,,,,,
1903330,SecondHalf,66,59.0,67,Pass,Successful,170,Fulham,363686.0,Emile Smith Rowe,65.1,92.2,66.1,78.7,,,,,"[{'type': {'displayName': 'Length', 'value': 212}, 'value': '9.2'}, {'type': {'displayName': 'PassEndX', 'value': 140}, 'value': '66.1'}, {'type': {'displayName': 'Angle', 'value': 213}, 'value': '4.83'}, {'type': {'displayName': 'Zone', 'value': 56}, 'value': 'Center'}, {'type': {'displayName': 'PassEndY', 'value': 141}, 'value': '78.7'}]",True,,,,,
1903330,SecondHalf,67,,68,OffsideGiven,Unsuccessful,29,West Ham,134115.0,Callum Wilson,58.8,53.0,,,,,,,[],False,,,,,
1903330,SecondHalf,67,3.0,68,Pass,Successful,170,Fulham,429174.0,Kevin,68.7,83.8,57.5,84.4,,,,,"[{'type': {'displayName': 'Length', 'value': 212}, 'value': '11.8'}, {'type': {'displayName': 'PassEndX', 'value': 140}, 'value': '57.5'}, {'type': {'displayName': 'PassEndY', 'value': 141}, 'value': '84.4'}, {'type': {'displayName': 'Zone', 'value': 56}, 'value': 'Left'}, {'type': {'displayName': 'Angle', 'value': 213}, 'value': '3.11'}]",True,,,,,
1903330,SecondHalf,67,4.0,68,Pass,Successful,170,Fulham,306581.0,Antonee Robinson,57.5,84.4,67.8,89.8,,,,,"[{'type': {'displayName': 'Length', 'value': 212}, 'value': '11.4'}, {'type': {'displayName': 'Zone', 'value': 56}, 'value': 'Left'}, {'type': {'displayName': 'Angle', 'value': 213}, 'value': '0.33'}, {'type': {'displayName': 'PassEndX', 'value': 140}, 'value': '67.8'}, {'type': {'displayName': 'PassEndY', 'value': 141}, 'value': '89.8'}]",True,,,,,
1903330,SecondHalf,67,5.0,68,Pass,Successful,170,Fulham,429174.0,Kevin,68.7,89.8,71.8,96.4,,,,,"[{'type': {'displayName': 'Angle', 'value': 213}, 'value': '0.94'}, {'type': {'displayName': 'PassEndY', 'value': 141}, 'value': '96.4'}, {'type': {'displayName': 'PassEndX', 'value': 140}, 'value': '71.8'}, {'type': {'displayName': 'Length', 'value': 212}, 'value': '5.5'}, {'type': {'displayName': 'Zone', 'value': 56}, 'value': 'Left'}]",True,,,,,
1903330,SecondHalf,67,7.0,68,Pass,Successful,170,Fulham,363686.0,Emile Smith Rowe,71.2,94.3,58.0,86.2,,,,,"[{'type': {'displayName': 'PassEndY', 'value': 141}, 'value': '86.2'}, {'type': {'displayName': 'Angle', 'value': 213}, 'value': '3.52'}, {'type': {'displayName': 'Zone', 'value': 56}, 'value': 'Left'}, {'type': {'displayName': 'PassEndX', 'value': 140}, 'value': '58.0'}, {'type': {'displayName': 'Length', 'value': 212}, 'value': '14.9'}]",True,,,,,
1903330,SecondHalf,67,10.0,68,Pass,Successful,170,Fulham,306581.0,Antonee Robinson,59.2,83.8,66.9,73.0,,,,,"[{'type': {'displayName': 'PassEndX', 'value': 140}, 'value': '66.9'}, {'type': {'displayName': 'Length', 'value': 212}, 'value': '10.9'}, {'type': {'displayName': 'Zone', 'value': 56}, 'value': 'Center'}, {'type': {'displayName': 'PassEndY', 'value': 141}, 'value': '73.0'}, {'type': {'displayName': 'Angle', 'value': 213}, 'value': '5.55'}]",True,,,,,
1903330,SecondHalf,67,12.0,68,Pass,Successful,170,Fulham,363686.0,Emile Smith Rowe,61.9,80.2,58.8,92.7,,,,,"[{'type': {'displayName': 'Zone', 'value': 56}, 'value': 'Left'}, {'type': {'displayName': 'PassEndX', 'value': 140}, 'value': '58.8'}, {'type': {'displayName': 'Length', 'value': 212}, 'value': '9.1'}, {'type': {'displayName': 'PassEndY', 'value': 141}, 'value': '92.7'}, {'type': {'displayName': 'Angle', 'value': 213}, 'value': '1.94'}]",True,,,,,
1903330,SecondHalf,67,14.0,68,Pass,Successful,170,Fulham,306581.0,Antonee Robinson,58.8,91.2,40.0,85.9,,,,,"[{'type': {'displayName': 'Zone', 'value': 56}, 'value': 'Back'}, {'type': {'displayName': 'Angle', 'value': 213}, 'value': '3.32'}, {'type': {'displayName': 'Length', 'value': 212}, 'value': '20.1'}, {'type': {'displayName': 'PassEndY', 'value': 141}, 'value': '85.9'}, {'type': {'displayName': 'PassEndX', 'value': 140}, 'value': '40.0'}]",True,,,,,
1903330,SecondHalf,67,17.0,68,Pass,Successful,170,Fulham,333182.0,Jorge Cuenca,36.2,73.2,39.9,39.0,,,,,"[{'type': {'displayName': 'PassEndX', 'value': 140}, 'value': '39.9'}, {'type': {'displayName': 'Zone', 'value': 56}, 'value': 'Back'}, {'type': {'displayName': 'Angle', 'value': 213}, 'value': '4.88'}, {'type': {'displayName': 'Length', 'value': 212}, 'value': '23.6'}, {'type': {'displayName': 'PassEndY', 'value': 141}, 'value': '39.0'}]",True,,,,,
1903330,SecondHalf,67,22.0,68,Pass,Successful,170,Fulham,231135.0,Joachim Andersen,43.8,26.5,66.0,2.2,,,,,"[{'type': {'displayName': 'Angle', 'value': 213}, 'value': '5.67'}, {'type': {'displayName': 'PassEndY', 'value': 141}, 'value': '2.2'}, {'type': {'displayName': 'PassEndX', 'value': 140}, 'value': '66.0'}, {'type': {'displayName': 'Zone', 'value': 56}, 'value': 'Right'}, {'type': {'displayName': 'Length', 'value': 212}, 'value': '28.6'}]",True,,,,,
1903330,SecondHalf,67,24.0,68,Pass,Successful,170,Fulham,333044.0,Harry Wilson,64.2,6.4,56.5,23.4,,,,,"[{'type': {'displayName': 'PassEndX', 'value': 140}, 'value': '56.5'}, {'type': {'displayName': 'Length', 'value': 212}, 'value': '14.1'}, {'type': {'displayName': 'PassEndY', 'value': 141}, 'value': '23.4'}, {'type': {'displayName': 'Angle', 'value': 213}, 'value': '2.18'}, {'type': {'displayName': 'Zone', 'value': 56}, 'value': 'Center'}]",True,,,,,
1903330,SecondHalf,67,27.0,68,Pass,Successful,170,Fulham,231135.0,Joachim Andersen,55.2,22.6,61.8,22.2,,,,,"[{'type': {'displayName': 'PassEndY', 'value': 141}, 'value': '22.2'}, {'type': {'displayName': 'Angle', 'value': 213}, 'value': '6.24'}, {'type': {'displayName': 'PassEndX', 'value': 140}, 'value': '61.8'}, {'type': {'displayName': 'Length', 'value': 212}, 'value': '6.9'}, {'type': {'displayName': 'Zone', 'value': 56}, 'value': 'Center'}]",True,,,,,
1903330,SecondHalf,67,28.0,68,Pass,Successful,170,Fulham,297395.0,Sasa Lukic,61.8,22.2,53.7,27.9,,,,,"[{'type': {'displayName': 'PassEndY', 'value': 141}, 'value': '27.9'}, {'type': {'displayName': 'Angle', 'value': 213}, 'value': '2.71'}, {'type': {'displayName': 'Length', 'value': 212}, 'value': '9.3'}, {'type': {'displayName': 'Zone', 'value': 56}, 'value': 'Center'}, {'type': {'displayName': 'PassEndX', 'value': 140}, 'value': '53.7'}]",True,,,,,
1903330,SecondHalf,67,29.0,68,Pass,Successful,170,Fulham,231135.0,Joachim Andersen,53.7,27.9,59.2,33.0,,,,,"[{'type': {'displayName': 'Angle', 'value': 213}, 'value': '0.54'}, {'type': {'displayName': 'PassEndY', 'value': 141}, 'value': '33.0'}, {'type': {'displayName': 'Length', 'value': 212}, 'value': '6.7'}, {'type': {'displayName': 'PassEndX', 'value': 140}, 'value': '59.2'}, {'type': {'displayName': 'Zone', 'value': 56}, 'value': 'Center'}]",True,,,,,
1903330,SecondHalf,67,30.0,68,Pass,Successful,170,Fulham,321020.0,Sander Berge,59.2,33.0,59.6,23.8,,,,,"[{'type': {'displayName': 'Length', 'value': 212}, 'value': '6.3'}, {'type': {'displayName': 'PassEndY', 'value': 141}, 'value': '23.8'}, {'type': {'displayName': 'Zone', 'value': 56}, 'value': 'Center'}, {'type': {'displayName': 'Angle', 'value': 213}, 'value': '4.78'}, {'type': {'displayName': 'PassEndX', 'value': 140}, 'value': '59.6'}]",True,,,,,
1903330,SecondHalf,67,33.0,68,Pass,Successful,170,Fulham,297395.0,Sasa Lukic,61.0,19.8,59.9,34.3,,,,,"[{'type': {'displayName': 'Length', 'value': 212}, 'value': '9.9'}, {'type': {'displayName': 'Zone', 'value': 56}, 'value': 'Center'}, {'type': {'displayName': 'PassEndX', 'value': 140}, 'value': '59.9'}, {'type': {'displayName': 'PassEndY', 'value': 141}, 'value': '34.3'}, {'type': {'displayName': 'Angle', 'value': 213}, 'value': '1.69'}]",True,,,,,
1903330,SecondHalf,67,36.0,68,Pass,Successful,170,Fulham,321020.0,Sander Berge,59.9,37.0,64.9,54.0,,,,,"[{'type': {'displayName': 'Zone', 'value': 56}, 'value': 'Center'}, {'type': {'displayName': 'PassEndX', 'value': 140}, 'value': '64.9'}, {'type': {'displayName': 'Length', 'value': 212}, 'value': '12.7'}, {'type': {'displayName': 'Angle', 'value': 213}, 'value': '1.14'}, {'type': {'displayName': 'PassEndY', 'value': 141}, 'value': '54.0'}]",True,,,,,
1903330,SecondHalf,67,38.0,68,Pass,Successful,170,Fulham,363686.0,Emile Smith Rowe,65.2,59.5,52.8,62.1,,,,,"[{'type': {'displayName': 'PassEndY', 'value': 141}, 'value': '62.1'}, {'type': {'displayName': 'Angle', 'value': 213}, 'value': '3.01'}, {'type': {'displayName': 'Zone', 'value': 56}, 'value': 'Center'}, {'type': {'displayName': 'Length', 'value': 212}, 'value': '13.1'}, {'type': {'displayName': 'PassEndX', 'value': 140}, 'value': '52.8'}]",True,,,,,
1903330,SecondHalf,67,41.0,68,Pass,Successful,170,Fulham,333182.0,Jorge Cuenca,63.6,65.1,71.9,81.4,,,,,"[{'type': {'displayName': 'Angle', 'value': 213}, 'value': '0.90'}, {'type': {'displayName': 'PassEndY', 'value': 141}, 'value': '81.4'}, {'type': {'displayName': 'PassEndX', 'value': 140}, 'value': '71.9'}, {'type': {'displayName': 'Length', 'value': 212}, 'value': '14.1'}, {'type': {'displayName': 'Zone', 'value': 56}, 'value': 'Left'}]",True,,,,,
1903330,SecondHalf,67,45.0,68,Pass,Successful,170,Fulham,363686.0,Emile Smith Rowe,79.7,81.6,97.6,90.4,,,,,"[{'type': {'displayName': 'PassEndY', 'value': 141}, 'value': '90.4'}, {'type': {'displayName': 'Angle', 'value': 213}, 'value': '0.31'}, {'type': {'displayName': 'Zone', 'value': 56}, 'value': 'Left'}, {'type': {'displayName': 'Length', 'value': 212}, 'value': '19.7'}, {'type': {'displayName': 'PassEndX', 'value': 140}, 'value': '97.6'}]",True,,,,,
1903330,SecondHalf,67,46.0,68,Pass,Unsuccessful,170,Fulham,306581.0,Antonee Robinson,98.2,90.3,86.3,50.2,,,,,"[{'type': {'displayName': 'Cross', 'value': 2}}, {'type': {'displayName': 'Zone', 'value': 56}, 'value': 'Center'}, {'type': {'displayName': 'Angle', 'value': 213}, 'value': '4.28'}, {'type': {'displayName': 'LeftFoot', 'value': 72}}, {'type': {'displayName': 'PassEndY', 'value': 141}, 'value': '50.2'}, {'type': {'displayName': 'Chipped', 'value': 155}}, {'type': {'displayName': 'Length', 'value': 212}, 'value': '30.0'}, {'type': {'displayName': 'PassEndX', 'value': 140}, 'value': '86.3'}]",True,,,,,
1903330,SecondHalf,67,49.0,68,Clearance,Successful,29,West Ham,368310.0,Maximilian Kilman,11.2,47.0,29.2,47.5,,,,,"[{'type': {'displayName': 'PassEndX', 'value': 140}, 'value': '29.2'}, {'type': {'displayName': 'Length', 'value': 212}, 'value': '18.9'}, {'type': {'displayName': 'Angle', 'value': 213}, 'value': '0.02'}, {'type': {'displayName': 'Head', 'value': 15}}, {'type': {'displayName': 'PassEndY', 'value': 141}, 'value': '47.5'}, {'type': {'displayName': 'Zone', 'value': 56}, 'value': 'Back'}]",True,,,,,
1903330,SecondHalf,67,50.0,68,BallRecovery,Successful,29,West Ham,319756.0,Lucas Paquetá,30.0,47.8,,,,,,,[],False,,,,,
1903330,SecondHalf,67,50.0,68,Pass,Successful,29,West Ham,319756.0,Lucas Paquetá,30.0,47.8,25.6,72.4,,,,,"[{'type': {'displayName': 'PassEndX', 'value': 140}, 'value': '25.6'}, {'type': {'displayName': 'Angle', 'value': 213}, 'value': '1.84'}, {'type': {'displayName': 'Zone', 'value': 56}, 'value': 'Back'}, {'type': {'displayName': 'Length', 'value': 212}, 'value': '17.4'}, {'type': {'displayName': 'PassEndY', 'value': 141}, 'value': '72.4'}]",True,,,,,
1903330,SecondHalf,67,54.0,68,OffsidePass,Successful,29,West Ham,459708.0,Ollie Scarles,34.4,67.8,58.8,53.0,,,,,"[{'type': {'displayName': 'PassEndY', 'value': 141}, 'value': '53.0'}, {'type': {'displayName': 'Zone', 'value': 56}, 'value': 'Center'}, {'type': {'displayName': 'PassEndX', 'value': 140}, 'value': '58.8'}, {'type': {'displayName': 'PlayerCaughtOffside', 'value': 7}, 'value': '134115'}]",True,,,,,
1903330,SecondHalf,67,54.0,68,OffsideProvoked,Successful,170,Fulham,231135.0,Joachim Andersen,43.9,40.9,,,,,,,[],False,,,,,
1903330,SecondHalf,68,30.0,69,SubstitutionOff,Successful,170,Fulham,429174.0,Kevin,0.0,0.0,,,,,,,"[{'type': {'displayName': 'JerseyNumber', 'value': 59}, 'value': '22'}, {'type': {'displayName': 'RelatedEventId', 'value': 55}, 'value': '675'}, {'type': {'displayName': 'PlayerPosition', 'value': 44}, 'value': 'Forward'}]",False,,,,675.0,515865.0
1903330,SecondHalf,68,30.0,69,SubstitutionOn,Successful,170,Fulham,515865.0,Josh King,0.0,0.0,,,,,,,"[{'type': {'displayName': 'JerseyNumber', 'value': 59}, 'value': '24'}, {'type': {'displayName': 'RelatedEventId', 'value': 55}, 'value': '674'}, {'type': {'displayName': 'FormationSlot', 'value': 145}, 'value': '11'}, {'type': {'displayName': 'PlayerPosition', 'value': 44}, 'value': 'Forward'}]",False,,,,674.0,429174.0
1903330,SecondHalf,68,58.0,69,Pass,Successful,170,Fulham,231135.0,Joachim Andersen,39.9,35.7,70.2,95.2,,,,,"[{'type': {'displayName': 'FreekickTaken', 'value': 5}}, {'type': {'displayName': 'PassEndX', 'value': 140}, 'value': '70.2'}, {'type': {'displayName': 'Longball', 'value': 1}}, {'type': {'displayName': 'IndirectFreekickTaken', 'value': 241}}, {'type': {'displayName': 'Length', 'value': 212}, 'value': '51.5'}, {'type': {'displayName': 'Angle', 'value': 213}, 'value': '0.90'}, {'type': {'displayName': 'Chipped', 'value': 155}}, {'type': {'displayName': 'Zone', 'value': 56}, 'value': 'Left'}, {'type': {'displayName': 'PassEndY', 'value': 141}, 'value': '95.2'}]",True,,,,,
1903330,SecondHalf,68,59.0,69,Pass,Successful,170,Fulham,108186.0,Raúl Jiménez,70.2,95.2,75.0,82.6,,,,,"[{'type': {'displayName': 'Length', 'value': 212}, 'value': '9.9'}, {'type': {'displayName': 'PassEndX', 'value': 140}, 'value': '75.0'}, {'type': {'displayName': 'HeadPass', 'value': 3}}, {'type': {'displayName': 'PassEndY', 'value': 141}, 'value': '82.6'}, {'type': {'displayName': 'Angle', 'value': 213}, 'value': '5.24'}, {'type': {'displayName': 'Zone', 'value': 56}, 'value': 'Left'}]",True,,,,,
1903330,SecondHalf,69,0.0,70,Pass,Unsuccessful,170,Fulham,515865.0,Josh King,75.0,82.6,74.9,76.9,,,,,"[{'type': {'displayName': 'Length', 'value': 212}, 'value': '3.9'}, {'type': {'displayName': 'Zone', 'value': 56}, 'value': 'Center'}, {'type': {'displayName': 'Angle', 'value': 213}, 'value': '4.69'}, {'type': {'displayName': 'PassEndX', 'value': 140}, 'value': '74.9'}, {'type': {'displayName': 'PassEndY', 'value': 141}, 'value': '76.9'}]",True,,,,,
1903330,SecondHalf,69,1.0,70,Interception,Successful,29,West Ham,443815.0,Soungoutou Magassa,25.1,23.1,,,,,,,"[{'type': {'displayName': 'Zone', 'value': 56}, 'value': 'Back'}]",True,,,,,
1903330,SecondHalf,69,2.0,70,Pass,Unsuccessful,170,Fulham,108186.0,Raúl Jiménez,72.0,77.7,73.0,74.8,,,,,"[{'type': {'displayName': 'PassEndY', 'value': 141}, 'value': '74.8'}, {'type': {'displayName': 'Zone', 'value': 56}, 'value': 'Center'}, {'type': {'displayName': 'PassEndX', 'value': 140}, 'value': '73.0'}, {'type': {'displayName': 'Length', 'value': 212}, 'value': '2.2'}, {'type': {'displayName': 'Angle', 'value': 213}, 'value': '5.20'}]",True,,,,,
1903330,SecondHalf,69,4.0,70,BallRecovery,Successful,29,West Ham,443815.0,Soungoutou Magassa,26.2,28.6,,,,,,,[],False,,,,,
1903330,SecondHalf,69,4.0,70,Pass,Unsuccessful,29,West Ham,443815.0,Soungoutou Magassa,26.2,28.6,27.6,25.9,,,,,"[{'type': {'displayName': 'PassEndY', 'value': 141}, 'value': '25.9'}, {'type': {'displayName': 'Angle', 'value': 213}, 'value': '5.39'}, {'type': {'displayName': 'Zone', 'value': 56}, 'value': 'Back'}, {'type': {'displayName': 'OppositeRelatedEvent', 'value': 233}, 'value': '679'}, {'type': {'displayName': 'PassEndX', 'value': 140}, 'value': '27.6'}, {'type': {'displayName': 'Offensive', 'value': 286}}, {'type': {'displayName': 'Length', 'value': 212}, 'value': '2.4'}]",True,,,,,
1903330,SecondHalf,69,4.0,70,BlockedPass,Successful,170,Fulham,515865.0,Josh King,72.4,74.1,,,,,,,"[{'type': {'displayName': 'Zone', 'value': 56}, 'value': 'Center'}, {'type': {'displayName': 'Defensive', 'value': 285}}, {'type': {'displayName': 'OppositeRelatedEvent', 'value': 233}, 'value': '580'}]",True,,,,,
1903330,SecondHalf,69,7.0,70,BallRecovery,Successful,170,Fulham,363686.0,Emile Smith Rowe,74.9,69.9,,,,,,,[],False,,,,,
1903330,SecondHalf,69,7.0,70,Pass,Successful,170,Fulham,363686.0,Emile Smith Rowe,74.9,69.9,72.6,61.2,,,,,"[{'type': {'displayName': 'Zone', 'value': 56}, 'value': 'Center'}, {'type': {'displayName': 'Angle', 'value': 213}, 'value': '4.32'}, {'type': {'displayName': 'PassEndY', 'value': 141}, 'value': '61.2'}, {'type': {'displayName': 'Length', 'value': 212}, 'value': '6.4'}, {'type': {'displayName': 'PassEndX', 'value': 140}, 'value': '72.6'}]",True,,,,,
1903330,SecondHalf,69,8.0,70,Pass,Successful,170,Fulham,297395.0,Sasa Lukic,75.6,64.9,81.6,81.7,,,,,"[{'type': {'displayName': 'PassEndX', 'value': 140}, 'value': '81.6'}, {'type': {'displayName': 'Length', 'value': 212}, 'value': '13.0'}, {'type': {'displayName': 'Zone', 'value': 56}, 'value': 'Left'}, {'type': {'displayName': 'Angle', 'value': 213}, 'value': '1.07'}, {'type': {'displayName': 'PassEndY', 'value': 141}, 'value': '81.7'}]",True,,,,,
1903330,SecondHalf,69,11.0,70,Pass,Unsuccessful,170,Fulham,306581.0,Antonee Robinson,91.2,78.3,90.2,48.7,,,,,"[{'type': {'displayName': 'PassEndY', 'value': 141}, 'value': '48.7'}, {'type': {'displayName': 'Angle', 'value': 213}, 'value': '4.66'}, {'type': {'displayName': 'Zone', 'value': 56}, 'value': 'Center'}, {'type': {'displayName': 'Cross', 'value': 2}}, {'type': {'displayName': 'LeftFoot', 'value': 72}}, {'type': {'displayName': 'Length', 'value': 212}, 'value': '20.2'}, {'type': {'displayName': 'Chipped', 'value': 155}}, {'type': {'displayName': 'PassEndX', 'value': 140}, 'value': '90.2'}]",True,,,,,
1903330,SecondHalf,69,13.0,70,Clearance,Successful,29,West Ham,368310.0,Maximilian Kilman,13.4,50.3,37.0,60.9,,,,,"[{'type': {'displayName': 'PassEndY', 'value': 141}, 'value': '60.9'}, {'type': {'displayName': 'Angle', 'value': 213}, 'value': '0.28'}, {'type': {'displayName': 'Zone', 'value': 56}, 'value': 'Back'}, {'type': {'displayName': 'Length', 'value': 212}, 'value': '25.8'}, {'type': {'displayName': 'PassEndX', 'value': 140}, 'value': '37.0'}]",True,,,,,
1903330,SecondHalf,69,17.0,70,BallRecovery,Successful,29,West Ham,319756.0,Lucas Paquetá,30.5,63.3,,,,,,,[],False,,,,,
1903330,SecondHalf,69,19.0,70,Pass,Successful,29,West Ham,319756.0,Lucas Paquetá,35.0,75.9,62.7,57.9,,,,,"[{'type': {'displayName': 'PassEndY', 'value': 141}, 'value': '57.9'}, {'type': {'displayName': 'Angle', 'value': 213}, 'value': '5.88'}, {'type': {'displayName': 'Zone', 'value': 56}, 'value': 'Center'}, {'type': {'displayName': 'PassEndX', 'value': 140}, 'value': '62.7'}, {'type': {'displayName': 'ShotAssist', 'value': 210}, 'value': '13'}, {'type': {'displayName': 'Length', 'value': 212}, 'value': '31.6'}, {'type': {'displayName': 'KeyPass', 'value': 11113}}]",True,,,,,
1903330,SecondHalf,69,21.0,70,TakeOn,Successful,29,West Ham,134115.0,Callum Wilson,68.8,53.2,,,,,,,"[{'type': {'displayName': 'OppositeRelatedEvent', 'value': 233}, 'value': '684'}, {'type': {'displayName': 'Zone', 'value': 56}, 'value': 'Center'}, {'type': {'displayName': 'Offensive', 'value': 286}}]",True,,,,,
1903330,SecondHalf,69,21.0,70,Challenge,Unsuccessful,170,Fulham,333182.0,Jorge Cuenca,31.2,46.8,,,,,,,"[{'type': {'displayName': 'Zone', 'value': 56}, 'value': 'Back'}, {'type': {'displayName': 'OppositeRelatedEvent', 'value': 233}, 'value': '585'}, {'type': {'displayName': 'Defensive', 'value': 285}}]",False,,,,,
1903330,SecondHalf,69,23.0,70,MissedShots,Successful,29,West Ham,134115.0,Callum Wilson,79.9,44.4,,,59.8,11.1,,,"[{'type': {'displayName': 'GoalMouthZ', 'value': 103}, 'value': '11.1'}, {'type': {'displayName': 'Assisted', 'value': 29}}, {'type': {'displayName': 'FastBreak', 'value': 23}}, {'type': {'displayName': 'RightFoot', 'value': 20}}, {'type': {'displayName': 'GoalMouthY', 'value': 102}, 'value': '59.8'}, {'type': {'displayName': 'OutOfBoxCentre', 'value': 18}}, {'type': {'displayName': 'IndividualPlay', 'value': 215}}, {'type': {'displayName': 'Zone', 'value': 56}, 'value': 'Center'}, {'type': {'displayName': 'RelatedEventId', 'value': 55}, 'value': '584'}, {'type': {'displayName': 'MissLeft', 'value': 73}}]",True,True,,,584.0,319756.0
1903330,SecondHalf,69,36.0,70,Pass,Successful,170,Fulham,92173.0,Bernd Leno,3.6,49.7,8.5,43.4,,,,,"[{'type': {'displayName': 'Length', 'value': 212}, 'value': '6.7'}, {'type': {'displayName': 'Zone', 'value': 56}, 'value': 'Back'}, {'type': {'displayName': 'PassEndX', 'value': 140}, 'value': '8.5'}, {'type': {'displayName': 'Angle', 'value': 213}, 'value': '5.59'}, {'type': {'displayName': 'MissHigh', 'value': 74}}, {'type': {'displayName': 'GoalKick', 'value': 124}}, {'type': {'displayName': 'PassEndY', 'value': 141}, 'value': '43.4'}]",True,,,,,
1903330,SecondHalf,69,41.0,70,Pass,Successful,170,Fulham,231135.0,Joachim Andersen,16.1,35.7,15.1,67.7,,,,,"[{'type': {'displayName': 'PassEndY', 'value': 141}, 'value': '67.7'}, {'type': {'displayName': 'Zone', 'value': 56}, 'value': 'Back'}, {'type': {'displayName': 'PassEndX', 'value': 140}, 'value': '15.1'}, {'type': {'displayName': 'Length', 'value': 212}, 'value': '21.8'}, {'type': {'displayName': 'Angle', 'value': 213}, 'value': '1.62'}]",True,,,,,
1903330,SecondHalf,69,47.0,70,Pass,Successful,170,Fulham,333182.0,Jorge Cuenca,21.9,72.0,26.1,94.2,,,,,"[{'type': {'displayName': 'Zone', 'value': 56}, 'value': 'Back'}, {'type': {'displayName': 'Length', 'value': 212}, 'value': '15.7'}, {'type': {'displayName': 'PassEndX', 'value': 140}, 'value': '26.1'}, {'type': {'displayName': 'PassEndY', 'value': 141}, 'value': '94.2'}, {'type': {'displayName': 'Angle', 'value': 213}, 'value': '1.29'}]",True,,,,,
1903330,SecondHalf,69,49.0,70,Pass,Successful,170,Fulham,306581.0,Antonee Robinson,26.1,94.2,43.0,76.6,,,,,"[{'type': {'displayName': 'Zone', 'value': 56}, 'value': 'Back'}, {'type': {'displayName': 'PassEndY', 'value': 141}, 'value': '76.6'}, {'type': {'displayName': 'PassEndX', 'value': 140}, 'value': '43.0'}, {'type': {'displayName': 'Length', 'value': 212}, 'value': '21.4'}, {'type': {'displayName': 'Angle', 'value': 213}, 'value': '5.69'}]",True,,,,,
1903330,SecondHalf,69,54.0,70,Pass,Successful,170,Fulham,108186.0,Raúl Jiménez,55.2,84.1,60.0,94.8,,,,,"[{'type': {'displayName': 'PassEndY', 'value': 141}, 'value': '94.8'}, {'type': {'displayName': 'Zone', 'value': 56}, 'value': 'Left'}, {'type': {'displayName': 'Angle', 'value': 213}, 'value': '0.96'}, {'type': {'displayName': 'PassEndX', 'value': 140}, 'value': '60.0'}, {'type': {'displayName': 'Length', 'value': 212}, 'value': '8.9'}]",True,,,,,
1903330,SecondHalf,69,56.0,70,Pass,Successful,170,Fulham,515865.0,Josh King,65.0,91.8,61.3,84.4,,,,,"[{'type': {'displayName': 'PassEndX', 'value': 140}, 'value': '61.3'}, {'type': {'displayName': 'Angle', 'value': 213}, 'value': '4.05'}, {'type': {'displayName': 'PassEndY', 'value': 141}, 'value': '84.4'}, {'type': {'displayName': 'Length', 'value': 212}, 'value': '6.4'}, {'type': {'displayName': 'Zone', 'value': 56}, 'value': 'Left'}]",True,,,,,
1903330,SecondHalf,70,1.0,71,Pass,Successful,170,Fulham,363686.0,Emile Smith Rowe,59.8,71.8,53.1,40.5,,,,,"[{'type': {'displayName': 'Angle', 'value': 213}, 'value': '4.39'}, {'type': {'displayName': 'Zone', 'value': 56}, 'value': 'Center'}, {'type': {'displayName': 'PassEndY', 'value': 141}, 'value': '40.5'}, {'type': {'displayName': 'PassEndX', 'value': 140}, 'value': '53.1'}, {'type': {'displayName': 'Length', 'value': 212}, 'value': '22.4'}]",True,,,,,
1903330,SecondHalf,70,2.0,71,Pass,Successful,170,Fulham,231135.0,Joachim Andersen,55.8,28.3,66.6,7.9,,,,,"[{'type': {'displayName': 'Zone', 'value': 56}, 'value': 'Right'}, {'type': {'displayName': 'PassEndY', 'value': 141}, 'value': '7.9'}, {'type': {'displayName': 'Angle', 'value': 213}, 'value': '5.40'}, {'type': {'displayName': 'PassEndX', 'value': 140}, 'value': '66.6'}, {'type': {'displayName': 'Length', 'value': 212}, 'value': '17.9'}]",True,,,,,
1903330,SecondHalf,70,6.0,71,Pass,Successful,170,Fulham,145996.0,Kenny Tete,66.4,10.5,60.3,18.0,,,,,"[{'type': {'displayName': 'PassEndY', 'value': 141}, 'value': '18.0'}, {'type': {'displayName': 'Angle', 'value': 213}, 'value': '2.47'}, {'type': {'displayName': 'Zone', 'value': 56}, 'value': 'Right'}, {'type': {'displayName': 'Length', 'value': 212}, 'value': '8.2'}, {'type': {'displayName': 'PassEndX', 'value': 140}, 'value': '60.3'}]",True,,,,,
1903330,SecondHalf,70,7.0,71,Pass,Successful,170,Fulham,231135.0,Joachim Andersen,60.3,18.7,60.3,32.5,,,,,"[{'type': {'displayName': 'Angle', 'value': 213}, 'value': '1.57'}, {'type': {'displayName': 'Zone', 'value': 56}, 'value': 'Center'}, {'type': {'displayName': 'PassEndY', 'value': 141}, 'value': '32.5'}, {'type': {'displayName': 'Length', 'value': 212}, 'value': '9.4'}, {'type': {'displayName': 'PassEndX', 'value': 140}, 'value': '60.3'}]",True,,,,,
1903330,SecondHalf,70,9.0,71,Pass,Successful,170,Fulham,321020.0,Sander Berge,60.9,29.7,58.2,18.6,,,,,"[{'type': {'displayName': 'Zone', 'value': 56}, 'value': 'Right'}, {'type': {'displayName': 'Angle', 'value': 213}, 'value': '4.35'}, {'type': {'displayName': 'Length', 'value': 212}, 'value': '8.1'}, {'type': {'displayName': 'PassEndY', 'value': 141}, 'value': '18.6'}, {'type': {'displayName': 'PassEndX', 'value': 140}, 'value': '58.2'}]",True,,,,,
1903330,SecondHalf,70,10.0,71,Pass,Successful,170,Fulham,231135.0,Joachim Andersen,58.0,21.4,65.3,47.5,,,,,"[{'type': {'displayName': 'PassEndY', 'value': 141}, 'value': '47.5'}, {'type': {'displayName': 'Zone', 'value': 56}, 'value': 'Center'}, {'type': {'displayName': 'Angle', 'value': 213}, 'value': '1.16'}, {'type': {'displayName': 'Length', 'value': 212}, 'value': '19.3'}, {'type': {'displayName': 'PassEndX', 'value': 140}, 'value': '65.3'}]",True,,,,,
1903330,SecondHalf,70,13.0,71,Pass,Successful,170,Fulham,363686.0,Emile Smith Rowe,65.2,55.6,64.5,76.5,,,,,"[{'type': {'displayName': 'PassEndX', 'value': 140}, 'value': '64.5'}, {'type': {'displayName': 'Zone', 'value': 56}, 'value': 'Center'}, {'type': {'displayName': 'Angle', 'value': 213}, 'value': '1.62'}, {'type': {'displayName': 'PassEndY', 'value': 141}, 'value': '76.5'}, {'type': {'displayName': 'Length', 'value': 212}, 'value': '14.2'}]",True,,,,,
1903330,SecondHalf,70,21.0,71,Pass,Successful,170,Fulham,306581.0,Antonee Robinson,81.6,96.9,65.8,86.4,,,,,"[{'type': {'displayName': 'Zone', 'value': 56}, 'value': 'Left'}, {'type': {'displayName': 'Angle', 'value': 213}, 'value': '3.55'}, {'type': {'displayName': 'PassEndY', 'value': 141}, 'value': '86.4'}, {'type': {'displayName': 'Length', 'value': 212}, 'value': '18.1'}, {'type': {'displayName': 'PassEndX', 'value': 140}, 'value': '65.8'}]",True,,,,,
1903330,SecondHalf,70,23.0,71,Pass,Successful,170,Fulham,363686.0,Emile Smith Rowe,61.6,87.4,71.9,90.6,,,,,"[{'type': {'displayName': 'PassEndY', 'value': 141}, 'value': '90.6'}, {'type': {'displayName': 'PassEndX', 'value': 140}, 'value': '71.9'}, {'type': {'displayName': 'Zone', 'value': 56}, 'value': 'Left'}, {'type': {'displayName': 'Angle', 'value': 213}, 'value': '0.20'}, {'type': {'displayName': 'Length', 'value': 212}, 'value': '11.0'}]",True,,,,,
1903330,SecondHalf,70,26.0,71,Pass,Successful,170,Fulham,515865.0,Josh King,71.1,87.4,90.7,70.9,,,,,"[{'type': {'displayName': 'PassEndY', 'value': 141}, 'value': '70.9'}, {'type': {'displayName': 'Angle', 'value': 213}, 'value': '5.78'}, {'type': {'displayName': 'Zone', 'value': 56}, 'value': 'Center'}, {'type': {'displayName': 'PassEndX', 'value': 140}, 'value': '90.7'}, {'type': {'displayName': 'Length', 'value': 212}, 'value': '23.4'}]",True,,,,,
1903330,SecondHalf,70,28.0,71,Pass,Unsuccessful,170,Fulham,297395.0,Sasa Lukic,91.3,70.3,89.9,61.8,,,,,"[{'type': {'displayName': 'Length', 'value': 212}, 'value': '6.0'}, {'type': {'displayName': 'PassEndY', 'value': 141}, 'value': '61.8'}, {'type': {'displayName': 'Angle', 'value': 213}, 'value': '4.46'}, {'type': {'displayName': 'Zone', 'value': 56}, 'value': 'Center'}, {'type': {'displayName': 'PassEndX', 'value': 140}, 'value': '89.9'}]",True,,,,,
1903330,SecondHalf,70,29.0,71,BallRecovery,Successful,29,West Ham,429534.0,Freddie Potts,8.4,28.2,,,,,,,[],False,,,,,
1903330,SecondHalf,70,30.0,71,Pass,Successful,29,West Ham,429534.0,Freddie Potts,9.1,27.6,16.7,22.4,,,,,"[{'type': {'displayName': 'Angle', 'value': 213}, 'value': '5.87'}, {'type': {'displayName': 'PassEndY', 'value': 141}, 'value': '22.4'}, {'type': {'displayName': 'Zone', 'value': 56}, 'value': 'Back'}, {'type': {'displayName': 'PassEndX', 'value': 140}, 'value': '16.7'}, {'type': {'displayName': 'Length', 'value': 212}, 'value': '8.7'}]",True,,,,,
1903330,SecondHalf,70,32.0,71,BallTouch,Unsuccessful,29,West Ham,313672.0,Kyle Walker-Peters,17.4,22.4,,,,,,,"[{'type': {'displayName': 'Zone', 'value': 56}, 'value': 'Back'}]",True,,,,,
1903330,SecondHalf,70,33.0,71,BallRecovery,Successful,170,Fulham,306581.0,Antonee Robinson,75.0,82.6,,,,,,,[],False,,,,,
1903330,SecondHalf,70,33.0,71,Pass,Successful,170,Fulham,306581.0,Antonee Robinson,75.0,82.6,74.0,76.3,,,,,"[{'type': {'displayName': 'Angle', 'value': 213}, 'value': '4.47'}, {'type': {'displayName': 'Zone', 'value': 56}, 'value': 'Center'}, {'type': {'displayName': 'PassEndY', 'value': 141}, 'value': '76.3'}, {'type': {'displayName': 'Length', 'value': 212}, 'value': '4.4'}, {'type': {'displayName': 'PassEndX', 'value': 140}, 'value': '74.0'}]",True,,,,,
1903330,SecondHalf,70,34.0,71,Pass,Successful,170,Fulham,363686.0,Emile Smith Rowe,74.0,76.3,87.0,83.1,,,,,"[{'type': {'displayName': 'Zone', 'value': 56}, 'value': 'Left'}, {'type': {'displayName': 'PassEndY', 'value': 141}, 'value': '83.1'}, {'type': {'displayName': 'PassEndX', 'value': 140}, 'value': '87.0'}, {'type': {'displayName': 'Angle', 'value': 213}, 'value': '0.33'}, {'type': {'displayName': 'Length', 'value': 212}, 'value': '14.4'}]",True,,,,,
1903330,SecondHalf,70,38.0,71,Pass,Successful,170,Fulham,297395.0,Sasa Lukic,83.3,86.5,69.3,71.4,,,,,"[{'type': {'displayName': 'Zone', 'value': 56}, 'value': 'Center'}, {'type': {'displayName': 'Length', 'value': 212}, 'value': '17.9'}, {'type': {'displayName': 'PassEndY', 'value': 141}, 'value': '71.4'}, {'type': {'displayName': 'PassEndX', 'value': 140}, 'value': '69.3'}, {'type': {'displayName': 'Angle', 'value': 213}, 'value': '3.75'}]",True,,,,,
1903330,SecondHalf,70,41.0,71,Pass,Successful,170,Fulham,321020.0,Sander Berge,66.1,65.2,67.5,37.8,,,,,"[{'type': {'displayName': 'Length', 'value': 212}, 'value': '18.7'}, {'type': {'displayName': 'PassEndY', 'value': 141}, 'value': '37.8'}, {'type': {'displayName': 'Angle', 'value': 213}, 'value': '4.79'}, {'type': {'displayName': 'Zone', 'value': 56}, 'value': 'Center'}, {'type': {'displayName': 'PassEndX', 'value': 140}, 'value': '67.5'}]",True,,,,,
1903330,SecondHalf,70,43.0,71,Pass,Successful,170,Fulham,145996.0,Kenny Tete,67.5,36.4,66.8,44.2,,,,,"[{'type': {'displayName': 'PassEndX', 'value': 140}, 'value': '66.8'}, {'type': {'displayName': 'PassEndY', 'value': 141}, 'value': '44.2'}, {'type': {'displayName': 'Length', 'value': 212}, 'value': '5.4'}, {'type': {'displayName': 'Zone', 'value': 56}, 'value': 'Center'}, {'type': {'displayName': 'Angle', 'value': 213}, 'value': '1.71'}]",True,,,,,
1903330,SecondHalf,70,47.0,71,Pass,Successful,170,Fulham,321020.0,Sander Berge,67.2,40.3,63.5,26.8,,,,,"[{'type': {'displayName': 'PassEndY', 'value': 141}, 'value': '26.8'}, {'type': {'displayName': 'Angle', 'value': 213}, 'value': '4.31'}, {'type': {'displayName': 'Zone', 'value': 56}, 'value': 'Center'}, {'type': {'displayName': 'PassEndX', 'value': 140}, 'value': '63.5'}, {'type': {'displayName': 'Length', 'value': 212}, 'value': '10.0'}]",True,,,,,
1903330,SecondHalf,70,54.0,71,Pass,Successful,170,Fulham,231135.0,Joachim Andersen,66.3,21.1,80.3,7.3,,,,,"[{'type': {'displayName': 'Zone', 'value': 56}, 'value': 'Right'}, {'type': {'displayName': 'PassEndY', 'value': 141}, 'value': '7.3'}, {'type': {'displayName': 'Angle', 'value': 213}, 'value': '5.72'}, {'type': {'displayName': 'Length', 'value': 212}, 'value': '17.4'}, {'type': {'displayName': 'PassEndX', 'value': 140}, 'value': '80.3'}]",True,,,,,
1903330,SecondHalf,70,58.0,71,Pass,Successful,170,Fulham,145996.0,Kenny Tete,75.0,9.6,80.3,5.1,,,,,"[{'type': {'displayName': 'PassEndY', 'value': 141}, 'value': '5.1'}, {'type': {'displayName': 'Zone', 'value': 56}, 'value': 'Right'}, {'type': {'displayName': 'Angle', 'value': 213}, 'value': '5.78'}, {'type': {'displayName': 'PassEndX', 'value': 140}, 'value': '80.3'}, {'type': {'displayName': 'Length', 'value': 212}, 'value': '6.4'}]",True,,,,,
1903330,SecondHalf,71,0.0,72,Pass,Successful,170,Fulham,231135.0,Joachim Andersen,80.0,5.1,77.5,13.3,,,,,"[{'type': {'displayName': 'Length', 'value': 212}, 'value': '6.2'}, {'type': {'displayName': 'Zone', 'value': 56}, 'value': 'Right'}, {'type': {'displayName': 'PassEndX', 'value': 140}, 'value': '77.5'}, {'type': {'displayName': 'PassEndY', 'value': 141}, 'value': '13.3'}, {'type': {'displayName': 'Angle', 'value': 213}, 'value': '2.01'}]",True,,,,,
1903330,SecondHalf,71,1.0,72,Dispossessed,Successful,170,Fulham,363686.0,Emile Smith Rowe,72.2,17.0,,,,,,,"[{'type': {'displayName': 'Offensive', 'value': 286}}, {'type': {'displayName': 'Zone', 'value': 56}, 'value': 'Right'}, {'type': {'displayName': 'OppositeRelatedEvent', 'value': 233}, 'value': '591'}]",True,,,,,
1903330,SecondHalf,71,1.0,72,Tackle,Unsuccessful,29,West Ham,134115.0,Callum Wilson,27.8,83.0,,,,,,,"[{'type': {'displayName': 'Zone', 'value': 56}, 'value': 'Back'}, {'type': {'displayName': 'StandingSave', 'value': 178}}, {'type': {'displayName': 'Defensive', 'value': 285}}, {'type': {'displayName': 'OppositeRelatedEvent', 'value': 233}, 'value': '709'}]",True,,,,,
1903330,SecondHalf,71,1.0,72,BallTouch,Successful,170,Fulham,363686.0,Emile Smith Rowe,77.5,13.3,,,,,,,"[{'type': {'displayName': 'Zone', 'value': 56}, 'value': 'Right'}]",True,,,,,
1903330,SecondHalf,71,3.0,72,Dispossessed,Successful,170,Fulham,231135.0,Joachim Andersen,68.2,15.9,,,,,,,"[{'type': {'displayName': 'Zone', 'value': 56}, 'value': 'Right'}, {'type': {'displayName': 'OppositeRelatedEvent', 'value': 233}, 'value': '592'}, {'type': {'displayName': 'Offensive', 'value': 286}}]",True,,,,,
1903330,SecondHalf,71,3.0,72,Tackle,Unsuccessful,29,West Ham,319756.0,Lucas Paquetá,31.8,84.1,,,,,,,"[{'type': {'displayName': 'Zone', 'value': 56}, 'value': 'Back'}, {'type': {'displayName': 'StandingSave', 'value': 178}}, {'type': {'displayName': 'Defensive', 'value': 285}}, {'type': {'displayName': 'OppositeRelatedEvent', 'value': 233}, 'value': '717'}]",True,,,,,
1903330,SecondHalf,71,4.0,72,Dispossessed,Successful,29,West Ham,319756.0,Lucas Paquetá,34.8,86.0,,,,,,,"[{'type': {'displayName': 'Offensive', 'value': 286}}, {'type': {'displayName': 'OppositeRelatedEvent', 'value': 233}, 'value': '711'}, {'type': {'displayName': 'Zone', 'value': 56}, 'value': 'Back'}]",True,,,,,
1903330,SecondHalf,71,4.0,72,Tackle,Successful,170,Fulham,145996.0,Kenny Tete,65.2,14.0,,,,,,,"[{'type': {'displayName': 'Defensive', 'value': 285}}, {'type': {'displayName': 'OppositeRelatedEvent', 'value': 233}, 'value': '817'}, {'type': {'displayName': 'Zone', 'value': 56}, 'value': 'Right'}]",True,,,,,
1903330,SecondHalf,71,6.0,72,Pass,Successful,170,Fulham,363686.0,Emile Smith Rowe,69.0,19.0,70.5,25.3,,,,,"[{'type': {'displayName': 'Zone', 'value': 56}, 'value': 'Center'}, {'type': {'displayName': 'Length', 'value': 212}, 'value': '4.6'}, {'type': {'displayName': 'PassEndX', 'value': 140}, 'value': '70.5'}, {'type': {'displayName': 'PassEndY', 'value': 141}, 'value': '25.3'}, {'type': {'displayName': 'Angle', 'value': 213}, 'value': '1.22'}]",True,,,,,
1903330,SecondHalf,71,11.0,72,Pass,Successful,170,Fulham,333044.0,Harry Wilson,84.4,21.7,97.9,18.0,,,,,"[{'type': {'displayName': 'PassEndX', 'value': 140}, 'value': '97.9'}, {'type': {'displayName': 'Angle', 'value': 213}, 'value': '6.11'}, {'type': {'displayName': 'Zone', 'value': 56}, 'value': 'Right'}, {'type': {'displayName': 'PassEndY', 'value': 141}, 'value': '18.0'}, {'type': {'displayName': 'Length', 'value': 212}, 'value': '14.4'}]",True,,,,,
1903330,SecondHalf,71,13.0,72,Pass,Unsuccessful,170,Fulham,145996.0,Kenny Tete,97.9,18.0,98.0,19.8,,,,,"[{'type': {'displayName': 'PassEndX', 'value': 140}, 'value': '98.0'}, {'type': {'displayName': 'PassEndY', 'value': 141}, 'value': '19.8'}, {'type': {'displayName': 'Zone', 'value': 56}, 'value': 'Right'}, {'type': {'displayName': 'Angle', 'value': 213}, 'value': '1.49'}, {'type': {'displayName': 'OppositeRelatedEvent', 'value': 233}, 'value': '593'}, {'type': {'displayName': 'Offensive', 'value': 286}}, {'type': {'displayName': 'RightFoot', 'value': 20}}, {'type': {'displayName': 'Length', 'value': 212}, 'value': '1.2'}, {'type': {'displayName': 'Cross', 'value': 2}}]",True,,,,,
1903330,SecondHalf,71,13.0,72,Clearance,Successful,29,West Ham,459708.0,Ollie Scarles,2.0,80.2,,,,,,,"[{'type': {'displayName': 'Zone', 'value': 56}, 'value': 'Back'}, {'type': {'displayName': 'BlockedCross', 'value': 185}}, {'type': {'displayName': 'OppositeRelatedEvent', 'value': 233}, 'value': '714'}]",True,,,,,
1903330,SecondHalf,71,16.0,72,BallTouch,Successful,170,Fulham,145996.0,Kenny Tete,98.0,19.8,,,,,,,"[{'type': {'displayName': 'Zone', 'value': 56}, 'value': 'Right'}]",True,,,,,
1903330,SecondHalf,71,18.0,72,Clearance,Successful,29,West Ham,459708.0,Ollie Scarles,2.0,86.0,36.6,100.0,,,,,"[{'type': {'displayName': 'PassEndY', 'value': 141}, 'value': '100.0'}, {'type': {'displayName': 'Angle', 'value': 213}, 'value': '0.28'}, {'type': {'displayName': 'PassEndX', 'value': 140}, 'value': '36.6'}, {'type': {'displayName': 'Length', 'value': 212}, 'value': '37.8'}, {'type': {'displayName': 'Zone', 'value': 56}, 'value': 'Back'}]",True,,,,,
1903330,SecondHalf,71,53.0,72,Pass,Unsuccessful,170,Fulham,145996.0,Kenny Tete,66.7,0.0,87.7,4.2,,,,,"[{'type': {'displayName': 'PassEndY', 'value': 141}, 'value': '4.2'}, {'type': {'displayName': 'Longball', 'value': 1}}, {'type': {'displayName': 'Zone', 'value': 56}, 'value': 'Right'}, {'type': {'displayName': 'Angle', 'value': 213}, 'value': '0.17'}, {'type': {'displayName': 'ThrowIn', 'value': 107}}, {'type': {'displayName': 'Length', 'value': 212}, 'value': '22.4'}, {'type': {'displayName': 'PassEndX', 'value': 140}, 'value': '87.7'}]",True,,,,,
1903330,SecondHalf,71,57.0,72,Pass,Unsuccessful,29,West Ham,429534.0,Freddie Potts,6.9,93.0,8.4,93.0,,,,,"[{'type': {'displayName': 'Longball', 'value': 1}}, {'type': {'displayName': 'Zone', 'value': 56}, 'value': 'Back'}, {'type': {'displayName': 'OppositeRelatedEvent', 'value': 233}, 'value': '719'}, {'type': {'displayName': 'Offensive', 'value': 286}}, {'type': {'displayName': 'Length', 'value': 212}, 'value': '1.6'}, {'type': {'displayName': 'Angle', 'value': 213}, 'value': '0.00'}, {'type': {'displayName': 'PassEndX', 'value': 140}, 'value': '8.4'}, {'type': {'displayName': 'PassEndY', 'value': 141}, 'value': '93.0'}]",True,,,,,
1903330,SecondHalf,71,57.0,72,BlockedPass,Successful,170,Fulham,297395.0,Sasa Lukic,91.6,7.0,,,,,,,"[{'type': {'displayName': 'Zone', 'value': 56}, 'value': 'Right'}, {'type': {'displayName': 'OppositeRelatedEvent', 'value': 233}, 'value': '596'}, {'type': {'displayName': 'Defensive', 'value': 285}}]",True,,,,,
1903330,SecondHalf,72,14.0,73,Pass,Successful,29,West Ham,459708.0,Ollie Scarles,9.9,100.0,25.6,93.5,,,,,"[{'type': {'displayName': 'Zone', 'value': 56}, 'value': 'Back'}, {'type': {'displayName': 'PassEndY', 'value': 141}, 'value': '93.5'}, {'type': {'displayName': 'Angle', 'value': 213}, 'value': '5.97'}, {'type': {'displayName': 'PassEndX', 'value': 140}, 'value': '25.6'}, {'type': {'displayName': 'Length', 'value': 212}, 'value': '17.3'}, {'type': {'displayName': 'ThrowIn', 'value': 107}}]",True,,,,,
1903330,SecondHalf,72,14.0,73,Pass,Unsuccessful,29,West Ham,319756.0,Lucas Paquetá,25.6,93.5,32.4,91.8,,,,,"[{'type': {'displayName': 'PassEndX', 'value': 140}, 'value': '32.4'}, {'type': {'displayName': 'PassEndY', 'value': 141}, 'value': '91.8'}, {'type': {'displayName': 'Angle', 'value': 213}, 'value': '6.12'}, {'type': {'displayName': 'Length', 'value': 212}, 'value': '7.2'}, {'type': {'displayName': 'HeadPass', 'value': 3}}, {'type': {'displayName': 'Zone', 'value': 56}, 'value': 'Back'}]",True,,,,,
1903330,SecondHalf,72,15.0,73,Pass,Successful,170,Fulham,321020.0,Sander Berge,61.7,7.9,66.0,7.9,,,,,"[{'type': {'displayName': 'Length', 'value': 212}, 'value': '4.5'}, {'type': {'displayName': 'PassEndY', 'value': 141}, 'value': '7.9'}, {'type': {'displayName': 'Zone', 'value': 56}, 'value': 'Right'}, {'type': {'displayName': 'Angle', 'value': 213}, 'value': '0.00'}, {'type': {'displayName': 'PassEndX', 'value': 140}, 'value': '66.0'}]",True,,,,,
1903330,SecondHalf,72,16.0,73,BallRecovery,Successful,170,Fulham,297395.0,Sasa Lukic,66.7,8.2,,,,,,,[],False,,,,,
1903330,SecondHalf,72,17.0,73,Pass,Unsuccessful,170,Fulham,297395.0,Sasa Lukic,66.7,8.2,77.7,21.9,,,,,"[{'type': {'displayName': 'PassEndX', 'value': 140}, 'value': '77.7'}, {'type': {'displayName': 'PassEndY', 'value': 141}, 'value': '21.9'}, {'type': {'displayName': 'Length', 'value': 212}, 'value': '14.8'}, {'type': {'displayName': 'Angle', 'value': 213}, 'value': '0.68'}, {'type': {'displayName': 'Zone', 'value': 56}, 'value': 'Center'}]",True,,,,,
1903330,SecondHalf,72,19.0,73,Interception,Successful,29,West Ham,443815.0,Soungoutou Magassa,22.3,78.1,,,,,,,"[{'type': {'displayName': 'Zone', 'value': 56}, 'value': 'Back'}]",True,,,,,
1903330,SecondHalf,72,43.0,73,Pass,Successful,170,Fulham,145996.0,Kenny Tete,91.1,0.0,89.6,29.1,,,,,"[{'type': {'displayName': 'Zone', 'value': 56}, 'value': 'Center'}, {'type': {'displayName': 'Angle', 'value': 213}, 'value': '1.65'}, {'type': {'displayName': 'PassEndY', 'value': 141}, 'value': '29.1'}, {'type': {'displayName': 'Length', 'value': 212}, 'value': '21.0'}, {'type': {'displayName': 'ThrowIn', 'value': 107}}, {'type': {'displayName': 'PassEndX', 'value': 140}, 'value': '89.6'}]",True,,,,,
1903330,SecondHalf,72,45.0,73,Aerial,Successful,170,Fulham,108186.0,Raúl Jiménez,89.6,29.1,,,,,,,"[{'type': {'displayName': 'Zone', 'value': 56}, 'value': 'Center'}, {'type': {'displayName': 'OppositeRelatedEvent', 'value': 233}, 'value': '602'}, {'type': {'displayName': 'Offensive', 'value': 286}}]",False,,,,,
1903330,SecondHalf,72,45.0,73,Aerial,Unsuccessful,29,West Ham,447231.0,Mateus Fernandes,10.4,70.9,,,,,,,"[{'type': {'displayName': 'Defensive', 'value': 285}}, {'type': {'displayName': 'OppositeRelatedEvent', 'value': 233}, 'value': '726'}, {'type': {'displayName': 'Zone', 'value': 56}, 'value': 'Back'}]",False,,,,,
1903330,SecondHalf,72,46.0,73,Pass,Unsuccessful,170,Fulham,108186.0,Raúl Jiménez,89.6,29.1,89.5,35.7,,,,,"[{'type': {'displayName': 'PassEndY', 'value': 141}, 'value': '35.7'}, {'type': {'displayName': 'Angle', 'value': 213}, 'value': '1.59'}, {'type': {'displayName': 'HeadPass', 'value': 3}}, {'type': {'displayName': 'PassEndX', 'value': 140}, 'value': '89.5'}, {'type': {'displayName': 'Length', 'value': 212}, 'value': '4.5'}, {'type': {'displayName': 'Zone', 'value': 56}, 'value': 'Center'}]",True,,,,,
1903330,SecondHalf,72,47.0,73,Clearance,Successful,29,West Ham,443815.0,Soungoutou Magassa,14.0,52.8,24.9,60.0,,,,,"[{'type': {'displayName': 'Head', 'value': 15}}, {'type': {'displayName': 'PassEndX', 'value': 140}, 'value': '24.9'}, {'type': {'displayName': 'Length', 'value': 212}, 'value': '12.4'}, {'type': {'displayName': 'Zone', 'value': 56}, 'value': 'Back'}, {'type': {'displayName': 'PassEndY', 'value': 141}, 'value': '60.0'}, {'type': {'displayName': 'Angle', 'value': 213}, 'value': '0.40'}]",True,,,,,
1903330,SecondHalf,72,49.0,73,Aerial,Successful,170,Fulham,297395.0,Sasa Lukic,89.5,35.7,,,,,,,"[{'type': {'displayName': 'Zone', 'value': 56}, 'value': 'Center'}, {'type': {'displayName': 'Offensive', 'value': 286}}, {'type': {'displayName': 'OppositeRelatedEvent', 'value': 233}, 'value': '604'}]",False,,,,,
1903330,SecondHalf,72,49.0,73,Aerial,Unsuccessful,29,West Ham,134115.0,Callum Wilson,10.5,64.3,,,,,,,"[{'type': {'displayName': 'Zone', 'value': 56}, 'value': 'Back'}, {'type': {'displayName': 'OppositeRelatedEvent', 'value': 233}, 'value': '728'}, {'type': {'displayName': 'Defensive', 'value': 285}}]",False,,,,,
1903330,SecondHalf,72,49.0,73,Pass,Successful,170,Fulham,297395.0,Sasa Lukic,69.8,38.4,69.7,66.1,,,,,"[{'type': {'displayName': 'PassEndY', 'value': 141}, 'value': '66.1'}, {'type': {'displayName': 'Angle', 'value': 213}, 'value': '1.58'}, {'type': {'displayName': 'Zone', 'value': 56}, 'value': 'Center'}, {'type': {'displayName': 'Length', 'value': 212}, 'value': '18.8'}, {'type': {'displayName': 'PassEndX', 'value': 140}, 'value': '69.7'}, {'type': {'displayName': 'HeadPass', 'value': 3}}]",True,,,,,
1903330,SecondHalf,72,52.0,73,Pass,Successful,170,Fulham,363686.0,Emile Smith Rowe,79.1,72.1,85.1,79.5,,,,,"[{'type': {'displayName': 'PassEndX', 'value': 140}, 'value': '85.1'}, {'type': {'displayName': 'Length', 'value': 212}, 'value': '8.1'}, {'type': {'displayName': 'PassEndY', 'value': 141}, 'value': '79.5'}, {'type': {'displayName': 'Angle', 'value': 213}, 'value': '0.67'}, {'type': {'displayName': 'Zone', 'value': 56}, 'value': 'Left'}]",True,,,,,
1903330,SecondHalf,72,55.0,73,Pass,Unsuccessful,170,Fulham,515865.0,Josh King,85.2,74.4,90.8,43.8,,,,,"[{'type': {'displayName': 'Zone', 'value': 56}, 'value': 'Center'}, {'type': {'displayName': 'RightFoot', 'value': 20}}, {'type': {'displayName': 'PassEndX', 'value': 140}, 'value': '90.8'}, {'type': {'displayName': 'Cross', 'value': 2}}, {'type': {'displayName': 'Length', 'value': 212}, 'value': '21.6'}, {'type': {'displayName': 'Angle', 'value': 213}, 'value': '4.99'}, {'type': {'displayName': 'Chipped', 'value': 155}}, {'type': {'displayName': 'PassEndY', 'value': 141}, 'value': '43.8'}]",True,,,,,
1903330,SecondHalf,72,57.0,73,Clearance,Successful,29,West Ham,459708.0,Ollie Scarles,9.9,57.6,29.0,47.9,,,,,"[{'type': {'displayName': 'Head', 'value': 15}}, {'type': {'displayName': 'Length', 'value': 212}, 'value': '21.1'}, {'type': {'displayName': 'PassEndX', 'value': 140}, 'value': '29.0'}, {'type': {'displayName': 'Zone', 'value': 56}, 'value': 'Back'}, {'type': {'displayName': 'Angle', 'value': 213}, 'value': '5.97'}, {'type': {'displayName': 'PassEndY', 'value': 141}, 'value': '47.9'}]",True,,,,,
1903330,SecondHalf,72,58.0,73,Pass,Successful,29,West Ham,319756.0,Lucas Paquetá,29.0,47.9,38.4,39.4,,,,,"[{'type': {'displayName': 'PassEndY', 'value': 141}, 'value': '39.4'}, {'type': {'displayName': 'Angle', 'value': 213}, 'value': '5.75'}, {'type': {'displayName': 'Zone', 'value': 56}, 'value': 'Back'}, {'type': {'displayName': 'HeadPass', 'value': 3}}, {'type': {'displayName': 'PassEndX', 'value': 140}, 'value': '38.4'}, {'type': {'displayName': 'Length', 'value': 212}, 'value': '11.4'}]",True,,,,,
1903330,SecondHalf,73,0.0,74,BallRecovery,Successful,29,West Ham,322596.0,Jarrod Bowen,38.6,39.4,,,,,,,[],False,,,,,
1903330,SecondHalf,73,6.0,74,Pass,Unsuccessful,29,West Ham,322596.0,Jarrod Bowen,69.9,42.8,84.9,36.6,,,,,"[{'type': {'displayName': 'PassEndX', 'value': 140}, 'value': '84.9'}, {'type': {'displayName': 'Angle', 'value': 213}, 'value': '6.02'}, {'type': {'displayName': 'Length', 'value': 212}, 'value': '16.3'}, {'type': {'displayName': 'PassEndY', 'value': 141}, 'value': '36.6'}, {'type': {'displayName': 'Zone', 'value': 56}, 'value': 'Center'}]",True,,,,,
1903330,SecondHalf,73,7.0,74,BallTouch,Successful,170,Fulham,306581.0,Antonee Robinson,18.2,64.6,,,,,,,"[{'type': {'displayName': 'Zone', 'value': 56}, 'value': 'Back'}]",True,,,,,
1903330,SecondHalf,73,8.0,74,MissedShots,Successful,29,West Ham,134115.0,Callum Wilson,87.2,35.4,,,46.6,44.4,,,"[{'type': {'displayName': 'FirstTouch', 'value': 328}}, {'type': {'displayName': 'GoalMouthY', 'value': 102}, 'value': '46.6'}, {'type': {'displayName': 'BoxRight', 'value': 63}}, {'type': {'displayName': 'GoalMouthZ', 'value': 103}, 'value': '44.4'}, {'type': {'displayName': 'Zone', 'value': 56}, 'value': 'Center'}, {'type': {'displayName': 'FastBreak', 'value': 23}}, {'type': {'displayName': 'RightFoot', 'value': 20}}]",True,True,,,,
1903330,SecondHalf,73,26.0,74,Pass,Unsuccessful,170,Fulham,92173.0,Bernd Leno,2.7,50.7,11.7,31.5,,,,,"[{'type': {'displayName': 'GoalKick', 'value': 124}}, {'type': {'displayName': 'PassEndX', 'value': 140}, 'value': '11.7'}, {'type': {'displayName': 'Length', 'value': 212}, 'value': '16.1'}, {'type': {'displayName': 'PassEndY', 'value': 141}, 'value': '31.5'}, {'type': {'displayName': 'Zone', 'value': 56}, 'value': 'Back'}, {'type': {'displayName': 'MissHigh', 'value': 74}}, {'type': {'displayName': 'Angle', 'value': 213}, 'value': '5.34'}]",True,,,,,
1903330,SecondHalf,73,31.0,74,Pass,Unsuccessful,170,Fulham,231135.0,Joachim Andersen,21.5,25.1,64.5,77.8,,,,,"[{'type': {'displayName': 'Angle', 'value': 213}, 'value': '0.67'}, {'type': {'displayName': 'Zone', 'value': 56}, 'value': 'Center'}, {'type': {'displayName': 'PassEndY', 'value': 141}, 'value': '77.8'}, {'type': {'displayName': 'PassEndX', 'value': 140}, 'value': '64.5'}, {'type': {'displayName': 'Chipped', 'value': 155}}, {'type': {'displayName': 'Longball', 'value': 1}}, {'type': {'displayName': 'Length', 'value': 212}, 'value': '57.6'}]",True,,,,,
1903330,SecondHalf,73,35.0,74,Pass,Unsuccessful,29,West Ham,313672.0,Kyle Walker-Peters,35.5,22.2,36.9,29.1,,,,,"[{'type': {'displayName': 'Length', 'value': 212}, 'value': '4.9'}, {'type': {'displayName': 'PassEndX', 'value': 140}, 'value': '36.9'}, {'type': {'displayName': 'PassEndY', 'value': 141}, 'value': '29.1'}, {'type': {'displayName': 'Zone', 'value': 56}, 'value': 'Back'}, {'type': {'displayName': 'Angle', 'value': 213}, 'value': '1.27'}, {'type': {'displayName': 'HeadPass', 'value': 3}}]",True,,,,,
1903330,SecondHalf,73,36.0,74,Interception,Successful,170,Fulham,363686.0,Emile Smith Rowe,63.1,70.9,,,,,,,"[{'type': {'displayName': 'Head', 'value': 15}}, {'type': {'displayName': 'Zone', 'value': 56}, 'value': 'Center'}]",True,,,,,
1903330,SecondHalf,73,38.0,74,Pass,Unsuccessful,29,West Ham,429534.0,Freddie Potts,38.4,33.7,42.2,21.6,,,,,"[{'type': {'displayName': 'PassEndY', 'value': 141}, 'value': '21.6'}, {'type': {'displayName': 'Length', 'value': 212}, 'value': '9.1'}, {'type': {'displayName': 'Angle', 'value': 213}, 'value': '5.16'}, {'type': {'displayName': 'PassEndX', 'value': 140}, 'value': '42.2'}, {'type': {'displayName': 'Zone', 'value': 56}, 'value': 'Back'}]",True,,,,,
1903330,SecondHalf,73,40.0,74,Dispossessed,Successful,170,Fulham,297395.0,Sasa Lukic,59.9,86.2,,,,,,,"[{'type': {'displayName': 'OppositeRelatedEvent', 'value': 233}, 'value': '611'}, {'type': {'displayName': 'Offensive', 'value': 286}}, {'type': {'displayName': 'Zone', 'value': 56}, 'value': 'Left'}]",True,,,,,
1903330,SecondHalf,73,40.0,74,Tackle,Successful,29,West Ham,443815.0,Soungoutou Magassa,40.1,13.8,,,,,,,"[{'type': {'displayName': 'StandingSave', 'value': 178}}, {'type': {'displayName': 'Defensive', 'value': 285}}, {'type': {'displayName': 'OppositeRelatedEvent', 'value': 233}, 'value': '967'}, {'type': {'displayName': 'Zone', 'value': 56}, 'value': 'Back'}]",True,,,,,
1903330,SecondHalf,73,59.0,74,Pass,Successful,170,Fulham,306581.0,Antonee Robinson,56.1,100.0,61.8,83.8,,,,,"[{'type': {'displayName': 'Angle', 'value': 213}, 'value': '5.18'}, {'type': {'displayName': 'ThrowIn', 'value': 107}}, {'type': {'displayName': 'Length', 'value': 212}, 'value': '13.4'}, {'type': {'displayName': 'PassEndX', 'value': 140}, 'value': '61.8'}, {'type': {'displayName': 'Zone', 'value': 56}, 'value': 'Left'}, {'type': {'displayName': 'PassEndY', 'value': 141}, 'value': '83.8'}]",True,,,,,
1903330,SecondHalf,74,1.0,75,Pass,Successful,170,Fulham,363686.0,Emile Smith Rowe,56.7,70.3,51.9,41.2,,,,,"[{'type': {'displayName': 'Angle', 'value': 213}, 'value': '4.46'}, {'type': {'displayName': 'PassEndY', 'value': 141}, 'value': '41.2'}, {'type': {'displayName': 'Zone', 'value': 56}, 'value': 'Center'}, {'type': {'displayName': 'PassEndX', 'value': 140}, 'value': '51.9'}, {'type': {'displayName': 'Length', 'value': 212}, 'value': '20.4'}]",True,,,,,
1903330,SecondHalf,74,4.0,75,Pass,Successful,170,Fulham,145996.0,Kenny Tete,53.9,30.0,60.2,6.1,,,,,"[{'type': {'displayName': 'PassEndY', 'value': 141}, 'value': '6.1'}, {'type': {'displayName': 'Angle', 'value': 213}, 'value': '5.10'}, {'type': {'displayName': 'PassEndX', 'value': 140}, 'value': '60.2'}, {'type': {'displayName': 'Zone', 'value': 56}, 'value': 'Right'}, {'type': {'displayName': 'Length', 'value': 212}, 'value': '17.5'}]",True,,,,,
1903330,SecondHalf,74,8.0,75,Pass,Successful,170,Fulham,333044.0,Harry Wilson,61.2,9.3,61.4,25.8,,,,,"[{'type': {'displayName': 'PassEndY', 'value': 141}, 'value': '25.8'}, {'type': {'displayName': 'Zone', 'value': 56}, 'value': 'Center'}, {'type': {'displayName': 'PassEndX', 'value': 140}, 'value': '61.4'}, {'type': {'displayName': 'Length', 'value': 212}, 'value': '11.2'}, {'type': {'displayName': 'Angle', 'value': 213}, 'value': '1.55'}]",True,,,,,
1903330,SecondHalf,74,10.0,75,Pass,Successful,170,Fulham,363686.0,Emile Smith Rowe,60.6,20.8,76.1,4.6,,,,,"[{'type': {'displayName': 'Length', 'value': 212}, 'value': '19.7'}, {'type': {'displayName': 'PassEndY', 'value': 141}, 'value': '4.6'}, {'type': {'displayName': 'Zone', 'value': 56}, 'value': 'Right'}, {'type': {'displayName': 'PassEndX', 'value': 140}, 'value': '76.1'}, {'type': {'displayName': 'Angle', 'value': 213}, 'value': '5.69'}]",True,,,,,
1903330,SecondHalf,74,16.0,75,Pass,Successful,170,Fulham,145996.0,Kenny Tete,82.7,6.7,87.1,43.6,,,,,"[{'type': {'displayName': 'RightFoot', 'value': 20}}, {'type': {'displayName': 'PassEndX', 'value': 140}, 'value': '87.1'}, {'type': {'displayName': 'Chipped', 'value': 155}}, {'type': {'displayName': 'Length', 'value': 212}, 'value': '25.5'}, {'type': {'displayName': 'Angle', 'value': 213}, 'value': '1.39'}, {'type': {'displayName': 'Cross', 'value': 2}}, {'type': {'displayName': 'PassEndY', 'value': 141}, 'value': '43.6'}, {'type': {'displayName': 'Zone', 'value': 56}, 'value': 'Center'}]",True,,,,,
1903330,SecondHalf,74,18.0,75,Pass,Unsuccessful,170,Fulham,333044.0,Harry Wilson,85.2,42.1,87.5,39.3,,,,,"[{'type': {'displayName': 'Angle', 'value': 213}, 'value': '5.62'}, {'type': {'displayName': 'PassEndY', 'value': 141}, 'value': '39.3'}, {'type': {'displayName': 'Zone', 'value': 56}, 'value': 'Center'}, {'type': {'displayName': 'Length', 'value': 212}, 'value': '3.1'}, {'type': {'displayName': 'PassEndX', 'value': 140}, 'value': '87.5'}]",True,,,,,
1903330,SecondHalf,74,20.0,75,BallTouch,Successful,29,West Ham,429534.0,Freddie Potts,15.4,68.5,,,,,,,"[{'type': {'displayName': 'Zone', 'value': 56}, 'value': 'Back'}]",True,,,,,
1903330,SecondHalf,74,21.0,75,BallRecovery,Successful,29,West Ham,443815.0,Soungoutou Magassa,19.2,72.1,,,,,,,[],False,,,,,
1903330,SecondHalf,74,21.0,75,Pass,Unsuccessful,29,West Ham,443815.0,Soungoutou Magassa,19.2,72.1,44.6,67.6,,,,,"[{'type': {'displayName': 'Zone', 'value': 56}, 'value': 'Back'}, {'type': {'displayName': 'PassEndY', 'value': 141}, 'value': '67.6'}, {'type': {'displayName': 'Length', 'value': 212}, 'value': '26.8'}, {'type': {'displayName': 'Angle', 'value': 213}, 'value': '6.17'}, {'type': {'displayName': 'PassEndX', 'value': 140}, 'value': '44.6'}]",True,,,,,
1903330,SecondHalf,74,23.0,75,Pass,Successful,170,Fulham,231135.0,Joachim Andersen,55.7,34.5,65.2,41.2,,,,,"[{'type': {'displayName': 'PassEndY', 'value': 141}, 'value': '41.2'}, {'type': {'displayName': 'Angle', 'value': 213}, 'value': '0.43'}, {'type': {'displayName': 'Zone', 'value': 56}, 'value': 'Center'}, {'type': {'displayName': 'PassEndX', 'value': 140}, 'value': '65.2'}, {'type': {'displayName': 'Length', 'value': 212}, 'value': '11.0'}]",True,,,,,
1903330,SecondHalf,74,24.0,75,BallRecovery,Successful,170,Fulham,321020.0,Sander Berge,65.2,41.2,,,,,,,[],False,,,,,
1903330,SecondHalf,74,24.0,75,Pass,Successful,170,Fulham,321020.0,Sander Berge,65.2,41.2,45.0,60.7,,,,,"[{'type': {'displayName': 'LayOff', 'value': 156}}, {'type': {'displayName': 'Zone', 'value': 56}, 'value': 'Back'}, {'type': {'displayName': 'Length', 'value': 212}, 'value': '25.0'}, {'type': {'displayName': 'PassEndY', 'value': 141}, 'value': '60.7'}, {'type': {'displayName': 'Angle', 'value': 213}, 'value': '2.58'}, {'type': {'displayName': 'PassEndX', 'value': 140}, 'value': '45.0'}]",True,,,,,
1903330,SecondHalf,74,27.0,75,Pass,Successful,170,Fulham,333182.0,Jorge Cuenca,44.2,61.5,47.9,37.5,,,,,"[{'type': {'displayName': 'Angle', 'value': 213}, 'value': '4.95'}, {'type': {'displayName': 'Length', 'value': 212}, 'value': '16.8'}, {'type': {'displayName': 'PassEndX', 'value': 140}, 'value': '47.9'}, {'type': {'displayName': 'Zone', 'value': 56}, 'value': 'Back'}, {'type': {'displayName': 'PassEndY', 'value': 141}, 'value': '37.5'}]",True,,,,,
1903330,SecondHalf,74,34.0,75,Pass,Successful,170,Fulham,231135.0,Joachim Andersen,63.9,17.4,76.8,5.4,,,,,"[{'type': {'displayName': 'PassEndX', 'value': 140}, 'value': '76.8'}, {'type': {'displayName': 'PassEndY', 'value': 141}, 'value': '5.4'}, {'type': {'displayName': 'Length', 'value': 212}, 'value': '15.8'}, {'type': {'displayName': 'Angle', 'value': 213}, 'value': '5.74'}, {'type': {'displayName': 'Zone', 'value': 56}, 'value': 'Right'}]",True,,,,,
1903330,SecondHalf,74,34.0,75,Pass,Successful,170,Fulham,145996.0,Kenny Tete,76.8,5.4,90.5,11.1,,,,,"[{'type': {'displayName': 'Zone', 'value': 56}, 'value': 'Right'}, {'type': {'displayName': 'Length', 'value': 212}, 'value': '14.9'}, {'type': {'displayName': 'PassEndX', 'value': 140}, 'value': '90.5'}, {'type': {'displayName': 'PassEndY', 'value': 141}, 'value': '11.1'}, {'type': {'displayName': 'Angle', 'value': 213}, 'value': '0.26'}]",True,,,,,
1903330,SecondHalf,74,37.0,75,Pass,Unsuccessful,170,Fulham,297395.0,Sasa Lukic,91.2,10.9,91.8,17.5,,,,,"[{'type': {'displayName': 'Offensive', 'value': 286}}, {'type': {'displayName': 'OppositeRelatedEvent', 'value': 233}, 'value': '616'}, {'type': {'displayName': 'RightFoot', 'value': 20}}, {'type': {'displayName': 'PassEndX', 'value': 140}, 'value': '91.8'}, {'type': {'displayName': 'Length', 'value': 212}, 'value': '4.5'}, {'type': {'displayName': 'Angle', 'value': 213}, 'value': '1.43'}, {'type': {'displayName': 'PassEndY', 'value': 141}, 'value': '17.5'}, {'type': {'displayName': 'Cross', 'value': 2}}, {'type': {'displayName': 'Zone', 'value': 56}, 'value': 'Right'}]",True,,,,,
1903330,SecondHalf,74,37.0,75,Clearance,Successful,29,West Ham,368310.0,Maximilian Kilman,8.2,82.5,,,,,,,"[{'type': {'displayName': 'BlockedCross', 'value': 185}}, {'type': {'displayName': 'OppositeRelatedEvent', 'value': 233}, 'value': '749'}, {'type': {'displayName': 'Zone', 'value': 56}, 'value': 'Back'}]",True,,,,,
1903330,SecondHalf,74,38.0,75,CornerAwarded,Unsuccessful,29,West Ham,368310.0,Maximilian Kilman,11.4,87.0,,,,,,,"[{'type': {'displayName': 'MissLeft', 'value': 73}}, {'type': {'displayName': 'OppositeRelatedEvent', 'value': 233}, 'value': '750'}, {'type': {'displayName': 'Zone', 'value': 56}, 'value': 'Back'}]",False,,,,,
1903330,SecondHalf,74,38.0,75,CornerAwarded,Successful,170,Fulham,297395.0,Sasa Lukic,88.6,13.0,,,,,,,"[{'type': {'displayName': 'OppositeRelatedEvent', 'value': 233}, 'value': '617'}, {'type': {'displayName': 'MissRight', 'value': 75}}, {'type': {'displayName': 'Zone', 'value': 56}, 'value': 'Right'}]",False,,,,,
1903330,SecondHalf,75,8.0,76,Pass,Unsuccessful,170,Fulham,333044.0,Harry Wilson,99.6,0.7,97.0,44.7,,,,,"[{'type': {'displayName': 'Length', 'value': 212}, 'value': '30.0'}, {'type': {'displayName': 'CornerTaken', 'value': 6}}, {'type': {'displayName': 'PassEndX', 'value': 140}, 'value': '97.0'}, {'type': {'displayName': 'PassEndY', 'value': 141}, 'value': '44.7'}, {'type': {'displayName': 'Cross', 'value': 2}}, {'type': {'displayName': 'Angle', 'value': 213}, 'value': '1.66'}, {'type': {'displayName': 'Zone', 'value': 56}, 'value': 'Center'}, {'type': {'displayName': 'LeftFoot', 'value': 72}}, {'type': {'displayName': 'Chipped', 'value': 155}}]",True,,,,,
1903330,SecondHalf,75,12.0,76,Clearance,Successful,29,West Ham,322596.0,Jarrod Bowen,3.9,56.7,17.2,43.0,,,,,"[{'type': {'displayName': 'Angle', 'value': 213}, 'value': '5.69'}, {'type': {'displayName': 'Zone', 'value': 56}, 'value': 'Back'}, {'type': {'displayName': 'Head', 'value': 15}}, {'type': {'displayName': 'PassEndY', 'value': 141}, 'value': '43.0'}, {'type': {'displayName': 'Length', 'value': 212}, 'value': '16.8'}, {'type': {'displayName': 'PassEndX', 'value': 140}, 'value': '17.2'}]",True,,,,,
1903330,SecondHalf,75,14.0,76,SavedShot,Successful,170,Fulham,515865.0,Josh King,85.1,57.1,,,51.4,19.0,95.2,53.2,"[{'type': {'displayName': 'GoalMouthY', 'value': 102}, 'value': '51.4'}, {'type': {'displayName': 'FromCorner', 'value': 25}}, {'type': {'displayName': 'BlockedX', 'value': 146}, 'value': '95.2'}, {'type': {'displayName': 'FirstTouch', 'value': 328}}, {'type': {'displayName': 'LowCentre', 'value': 78}}, {'type': {'displayName': 'BoxCentre', 'value': 17}}, {'type': {'displayName': 'GoalMouthZ', 'value': 103}, 'value': '19'}, {'type': {'displayName': 'OppositeRelatedEvent', 'value': 233}, 'value': '619'}, {'type': {'displayName': 'RightFoot', 'value': 20}}, {'type': {'displayName': 'BlockedY', 'value': 147}, 'value': '53.2'}, {'type': {'displayName': 'Blocked', 'value': 82}}, {'type': {'displayName': 'Zone', 'value': 56}, 'value': 'Center'}, {'type': {'displayName': 'SixYardBlock', 'value': 100}}]",True,True,,,,
1903330,SecondHalf,75,14.0,76,Save,Successful,29,West Ham,313672.0,Kyle Walker-Peters,5.3,46.2,,,,,,,"[{'type': {'displayName': 'Zone', 'value': 56}, 'value': 'Back'}, {'type': {'displayName': 'OppositeRelatedEvent', 'value': 233}, 'value': '752'}, {'type': {'displayName': 'OutfielderBlock', 'value': 94}}]",True,,,,,
1903330,SecondHalf,75,48.0,76,Pass,Successful,170,Fulham,306581.0,Antonee Robinson,90.6,100.0,89.4,58.6,,,,,"[{'type': {'displayName': 'PassEndX', 'value': 140}, 'value': '89.4'}, {'type': {'displayName': 'Length', 'value': 212}, 'value': '29.3'}, {'type': {'displayName': 'ThrowIn', 'value': 107}}, {'type': {'displayName': 'Longball', 'value': 1}}, {'type': {'displayName': 'Angle', 'value': 213}, 'value': '4.67'}, {'type': {'displayName': 'Zone', 'value': 56}, 'value': 'Center'}, {'type': {'displayName': 'PassEndY', 'value': 141}, 'value': '58.6'}]",True,,,,,
1903330,SecondHalf,75,53.0,76,Dispossessed,Successful,170,Fulham,363686.0,Emile Smith Rowe,90.0,58.3,,,,,,,"[{'type': {'displayName': 'Zone', 'value': 56}, 'value': 'Center'}, {'type': {'displayName': 'Offensive', 'value': 286}}, {'type': {'displayName': 'OppositeRelatedEvent', 'value': 233}, 'value': '621'}]",True,,,,,
1903330,SecondHalf,75,53.0,76,Tackle,Unsuccessful,29,West Ham,443815.0,Soungoutou Magassa,10.0,41.7,,,,,,,"[{'type': {'displayName': 'Zone', 'value': 56}, 'value': 'Back'}, {'type': {'displayName': 'StandingSave', 'value': 178}}, {'type': {'displayName': 'Defensive', 'value': 285}}, {'type': {'displayName': 'OppositeRelatedEvent', 'value': 233}, 'value': '755'}]",True,,,,,
1903330,SecondHalf,75,56.0,76,Aerial,Successful,170,Fulham,306581.0,Antonee Robinson,76.0,73.9,,,,,,,"[{'type': {'displayName': 'Offensive', 'value': 286}}, {'type': {'displayName': 'Zone', 'value': 56}, 'value': 'Center'}, {'type': {'displayName': 'OppositeRelatedEvent', 'value': 233}, 'value': '622'}]",False,,,,,
1903330,SecondHalf,75,56.0,76,Aerial,Unsuccessful,29,West Ham,322596.0,Jarrod Bowen,24.0,26.1,,,,,,,"[{'type': {'displayName': 'Defensive', 'value': 285}}, {'type': {'displayName': 'Zone', 'value': 56}, 'value': 'Back'}, {'type': {'displayName': 'OppositeRelatedEvent', 'value': 233}, 'value': '756'}]",False,,,,,
1903330,SecondHalf,75,56.0,76,Pass,Successful,170,Fulham,306581.0,Antonee Robinson,85.1,78.6,83.3,74.7,,,,,"[{'type': {'displayName': 'HeadPass', 'value': 3}}, {'type': {'displayName': 'Angle', 'value': 213}, 'value': '4.09'}, {'type': {'displayName': 'PassEndX', 'value': 140}, 'value': '83.3'}, {'type': {'displayName': 'Length', 'value': 212}, 'value': '3.3'}, {'type': {'displayName': 'PassEndY', 'value': 141}, 'value': '74.7'}, {'type': {'displayName': 'Zone', 'value': 56}, 'value': 'Center'}]",True,,,,,
1903330,SecondHalf,75,58.0,76,TakeOn,Unsuccessful,170,Fulham,515865.0,Josh King,80.4,76.6,,,,,,,"[{'type': {'displayName': 'OppositeRelatedEvent', 'value': 233}, 'value': '623'}, {'type': {'displayName': 'Zone', 'value': 56}, 'value': 'Center'}, {'type': {'displayName': 'Offensive', 'value': 286}}]",True,,,,,
1903330,SecondHalf,75,58.0,76,Tackle,Successful,29,West Ham,443815.0,Soungoutou Magassa,19.6,23.4,,,,,,,"[{'type': {'displayName': 'Zone', 'value': 56}, 'value': 'Back'}, {'type': {'displayName': 'Defensive', 'value': 285}}, {'type': {'displayName': 'OppositeRelatedEvent', 'value': 233}, 'value': '759'}, {'type': {'displayName': 'StandingSave', 'value': 178}}]",True,,,,,
1903330,SecondHalf,76,19.0,77,Pass,Unsuccessful,170,Fulham,306581.0,Antonee Robinson,84.2,100.0,88.6,69.9,,,,,"[{'type': {'displayName': 'PassEndY', 'value': 141}, 'value': '69.9'}, {'type': {'displayName': 'Longball', 'value': 1}}, {'type': {'displayName': 'Angle', 'value': 213}, 'value': '4.92'}, {'type': {'displayName': 'Zone', 'value': 56}, 'value': 'Center'}, {'type': {'displayName': 'Length', 'value': 212}, 'value': '22.1'}, {'type': {'displayName': 'ThrowIn', 'value': 107}}, {'type': {'displayName': 'PassEndX', 'value': 140}, 'value': '88.6'}]",True,,,,,
1903330,SecondHalf,76,21.0,77,Aerial,Successful,29,West Ham,319756.0,Lucas Paquetá,11.4,30.1,,,,,,,"[{'type': {'displayName': 'Zone', 'value': 56}, 'value': 'Back'}, {'type': {'displayName': 'Defensive', 'value': 285}}, {'type': {'displayName': 'OppositeRelatedEvent', 'value': 233}, 'value': '762'}]",False,,,,,
1903330,SecondHalf,76,21.0,77,Aerial,Unsuccessful,170,Fulham,231135.0,Joachim Andersen,88.6,69.9,,,,,,,"[{'type': {'displayName': 'OppositeRelatedEvent', 'value': 233}, 'value': '625'}, {'type': {'displayName': 'Zone', 'value': 56}, 'value': 'Center'}, {'type': {'displayName': 'Offensive', 'value': 286}}]",False,,,,,
1903330,SecondHalf,76,22.0,77,Clearance,Successful,29,West Ham,319756.0,Lucas Paquetá,11.4,30.1,30.2,48.4,,,,,"[{'type': {'displayName': 'Zone', 'value': 56}, 'value': 'Back'}, {'type': {'displayName': 'Angle', 'value': 213}, 'value': '0.56'}, {'type': {'displayName': 'PassEndY', 'value': 141}, 'value': '48.4'}, {'type': {'displayName': 'Length', 'value': 212}, 'value': '23.3'}, {'type': {'displayName': 'Head', 'value': 15}}, {'type': {'displayName': 'PassEndX', 'value': 140}, 'value': '30.2'}]",True,,,,,
1903330,SecondHalf,76,24.0,77,SavedShot,Successful,170,Fulham,145996.0,Kenny Tete,75.3,52.8,,,50.9,19.0,91.6,51.3,"[{'type': {'displayName': 'FirstTouch', 'value': 328}}, {'type': {'displayName': 'GoalMouthZ', 'value': 103}, 'value': '19'}, {'type': {'displayName': 'RightFoot', 'value': 20}}, {'type': {'displayName': 'Zone', 'value': 56}, 'value': 'Center'}, {'type': {'displayName': 'BlockedY', 'value': 147}, 'value': '51.3'}, {'type': {'displayName': 'Volley', 'value': 108}}, {'type': {'displayName': 'GoalMouthY', 'value': 102}, 'value': '50.9'}, {'type': {'displayName': 'IndividualPlay', 'value': 215}}, {'type': {'displayName': 'OppositeRelatedEvent', 'value': 233}, 'value': '627'}, {'type': {'displayName': 'Blocked', 'value': 82}}, {'type': {'displayName': 'BlockedX', 'value': 146}, 'value': '91.6'}, {'type': {'displayName': 'ThrowinSetPiece', 'value': 160}}, {'type': {'displayName': 'OutOfBoxCentre', 'value': 18}}, {'type': {'displayName': 'LowCentre', 'value': 78}}]",True,True,,,,
1903330,SecondHalf,76,24.0,77,Save,Successful,29,West Ham,368310.0,Maximilian Kilman,8.4,48.7,,,,,,,"[{'type': {'displayName': 'OutfielderBlock', 'value': 94}}, {'type': {'displayName': 'OppositeRelatedEvent', 'value': 233}, 'value': '763'}, {'type': {'displayName': 'Zone', 'value': 56}, 'value': 'Back'}]",True,,,,,
1903330,SecondHalf,76,25.0,77,BallTouch,Successful,170,Fulham,515865.0,Josh King,88.2,54.6,,,,,,,"[{'type': {'displayName': 'Zone', 'value': 56}, 'value': 'Center'}]",True,,,,,
1903330,SecondHalf,76,26.0,77,Clearance,Successful,29,West Ham,368310.0,Maximilian Kilman,11.1,47.3,56.3,45.8,,,,,"[{'type': {'displayName': 'Angle', 'value': 213}, 'value': '6.26'}, {'type': {'displayName': 'Zone', 'value': 56}, 'value': 'Center'}, {'type': {'displayName': 'PassEndX', 'value': 140}, 'value': '56.3'}, {'type': {'displayName': 'PassEndY', 'value': 141}, 'value': '45.8'}, {'type': {'displayName': 'Length', 'value': 212}, 'value': '47.5'}]",True,,,,,
1903330,SecondHalf,76,29.0,77,Pass,Successful,170,Fulham,321020.0,Sander Berge,45.9,49.9,12.6,31.2,,,,,"[{'type': {'displayName': 'PassEndY', 'value': 141}, 'value': '31.2'}, {'type': {'displayName': 'PassEndX', 'value': 140}, 'value': '12.6'}, {'type': {'displayName': 'Angle', 'value': 213}, 'value': '3.49'}, {'type': {'displayName': 'Zone', 'value': 56}, 'value': 'Back'}, {'type': {'displayName': 'Longball', 'value': 1}}, {'type': {'displayName': 'Length', 'value': 212}, 'value': '37.2'}]",True,,,,,
1903330,SecondHalf,76,33.0,77,Pass,Successful,170,Fulham,92173.0,Bernd Leno,10.5,28.6,26.8,16.3,,,,,"[{'type': {'displayName': 'Length', 'value': 212}, 'value': '19.0'}, {'type': {'displayName': 'PassEndY', 'value': 141}, 'value': '16.3'}, {'type': {'displayName': 'Angle', 'value': 213}, 'value': '5.83'}, {'type': {'displayName': 'Zone', 'value': 56}, 'value': 'Back'}, {'type': {'displayName': 'PassEndX', 'value': 140}, 'value': '26.8'}]",True,,,,,
1903330,SecondHalf,76,35.0,77,Pass,Successful,170,Fulham,333182.0,Jorge Cuenca,28.7,15.6,9.5,23.1,,,,,"[{'type': {'displayName': 'PassEndY', 'value': 141}, 'value': '23.1'}, {'type': {'displayName': 'Zone', 'value': 56}, 'value': 'Back'}, {'type': {'displayName': 'Length', 'value': 212}, 'value': '20.8'}, {'type': {'displayName': 'PassEndX', 'value': 140}, 'value': '9.5'}, {'type': {'displayName': 'Angle', 'value': 213}, 'value': '2.89'}]",True,,,,,
1903330,SecondHalf,76,37.0,77,Pass,Successful,170,Fulham,92173.0,Bernd Leno,9.3,23.1,32.7,28.0,,,,,"[{'type': {'displayName': 'PassEndY', 'value': 141}, 'value': '28.0'}, {'type': {'displayName': 'Angle', 'value': 213}, 'value': '0.13'}, {'type': {'displayName': 'Zone', 'value': 56}, 'value': 'Back'}, {'type': {'displayName': 'PassEndX', 'value': 140}, 'value': '32.7'}, {'type': {'displayName': 'Length', 'value': 212}, 'value': '24.8'}]",True,,,,,
1903330,SecondHalf,76,41.0,77,Pass,Successful,170,Fulham,231135.0,Joachim Andersen,31.8,18.4,43.3,3.1,,,,,"[{'type': {'displayName': 'Angle', 'value': 213}, 'value': '5.57'}, {'type': {'displayName': 'Zone', 'value': 56}, 'value': 'Back'}, {'type': {'displayName': 'PassEndY', 'value': 141}, 'value': '3.1'}, {'type': {'displayName': 'Length', 'value': 212}, 'value': '15.9'}, {'type': {'displayName': 'PassEndX', 'value': 140}, 'value': '43.3'}]",True,,,,,
1903330,SecondHalf,76,47.0,77,Pass,Successful,170,Fulham,145996.0,Kenny Tete,45.8,9.6,34.9,19.8,,,,,"[{'type': {'displayName': 'PassEndY', 'value': 141}, 'value': '19.8'}, {'type': {'displayName': 'Zone', 'value': 56}, 'value': 'Back'}, {'type': {'displayName': 'Angle', 'value': 213}, 'value': '2.60'}, {'type': {'displayName': 'PassEndX', 'value': 140}, 'value': '34.9'}, {'type': {'displayName': 'Length', 'value': 212}, 'value': '13.4'}]",True,,,,,
1903330,SecondHalf,76,52.0,77,Pass,Successful,170,Fulham,231135.0,Joachim Andersen,38.1,31.2,21.4,40.9,,,,,"[{'type': {'displayName': 'PassEndY', 'value': 141}, 'value': '40.9'}, {'type': {'displayName': 'Angle', 'value': 213}, 'value': '2.78'}, {'type': {'displayName': 'Zone', 'value': 56}, 'value': 'Back'}, {'type': {'displayName': 'Length', 'value': 212}, 'value': '18.7'}, {'type': {'displayName': 'PassEndX', 'value': 140}, 'value': '21.4'}]",True,,,,,
1903330,SecondHalf,76,59.0,77,Pass,Successful,170,Fulham,92173.0,Bernd Leno,21.7,38.5,27.7,23.7,,,,,"[{'type': {'displayName': 'PassEndX', 'value': 140}, 'value': '27.7'}, {'type': {'displayName': 'Angle', 'value': 213}, 'value': '5.27'}, {'type': {'displayName': 'PassEndY', 'value': 141}, 'value': '23.7'}, {'type': {'displayName': 'Length', 'value': 212}, 'value': '11.9'}, {'type': {'displayName': 'Zone', 'value': 56}, 'value': 'Back'}]",True,,,,,
1903330,SecondHalf,77,2.0,78,Pass,Successful,170,Fulham,231135.0,Joachim Andersen,33.4,14.1,51.9,47.4,,,,,"[{'type': {'displayName': 'PassEndY', 'value': 141}, 'value': '47.4'}, {'type': {'displayName': 'Angle', 'value': 213}, 'value': '0.86'}, {'type': {'displayName': 'Length', 'value': 212}, 'value': '29.8'}, {'type': {'displayName': 'Zone', 'value': 56}, 'value': 'Center'}, {'type': {'displayName': 'PassEndX', 'value': 140}, 'value': '51.9'}]",True,,,,,
1903330,SecondHalf,77,5.0,78,Pass,Successful,170,Fulham,363686.0,Emile Smith Rowe,51.2,48.4,50.1,72.0,,,,,"[{'type': {'displayName': 'Length', 'value': 212}, 'value': '16.1'}, {'type': {'displayName': 'PassEndX', 'value': 140}, 'value': '50.1'}, {'type': {'displayName': 'Zone', 'value': 56}, 'value': 'Center'}, {'type': {'displayName': 'PassEndY', 'value': 141}, 'value': '72.0'}, {'type': {'displayName': 'Angle', 'value': 213}, 'value': '1.64'}]",True,,,,,
1903330,SecondHalf,77,9.0,78,Pass,Successful,170,Fulham,515865.0,Josh King,53.6,84.0,70.5,96.1,,,,,"[{'type': {'displayName': 'PassEndY', 'value': 141}, 'value': '96.1'}, {'type': {'displayName': 'Angle', 'value': 213}, 'value': '0.43'}, {'type': {'displayName': 'PassEndX', 'value': 140}, 'value': '70.5'}, {'type': {'displayName': 'Zone', 'value': 56}, 'value': 'Left'}, {'type': {'displayName': 'Length', 'value': 212}, 'value': '19.6'}]",True,,,,,
1903330,SecondHalf,77,11.0,78,Pass,Successful,170,Fulham,306581.0,Antonee Robinson,71.0,95.7,71.5,83.1,,,,,"[{'type': {'displayName': 'PassEndY', 'value': 141}, 'value': '83.1'}, {'type': {'displayName': 'Zone', 'value': 56}, 'value': 'Left'}, {'type': {'displayName': 'Angle', 'value': 213}, 'value': '4.77'}, {'type': {'displayName': 'PassEndX', 'value': 140}, 'value': '71.5'}, {'type': {'displayName': 'Length', 'value': 212}, 'value': '8.6'}]",True,,,,,
1903330,SecondHalf,77,16.0,78,Pass,Unsuccessful,170,Fulham,363686.0,Emile Smith Rowe,88.3,82.2,96.3,44.1,,,,,"[{'type': {'displayName': 'PassEndY', 'value': 141}, 'value': '44.1'}, {'type': {'displayName': 'Zone', 'value': 56}, 'value': 'Center'}, {'type': {'displayName': 'Cross', 'value': 2}}, {'type': {'displayName': 'Angle', 'value': 213}, 'value': '5.03'}, {'type': {'displayName': 'LeftFoot', 'value': 72}}, {'type': {'displayName': 'Chipped', 'value': 155}}, {'type': {'displayName': 'Length', 'value': 212}, 'value': '27.2'}, {'type': {'displayName': 'PassEndX', 'value': 140}, 'value': '96.3'}]",True,,,,,
1903330,SecondHalf,77,18.0,78,Clearance,Successful,29,West Ham,92516.0,Alphonse Areola,4.0,54.8,8.3,68.9,,,,,"[{'type': {'displayName': 'Length', 'value': 212}, 'value': '10.6'}, {'type': {'displayName': 'PassEndY', 'value': 141}, 'value': '68.9'}, {'type': {'displayName': 'PassEndX', 'value': 140}, 'value': '8.3'}, {'type': {'displayName': 'Zone', 'value': 56}, 'value': 'Back'}, {'type': {'displayName': 'Angle', 'value': 213}, 'value': '1.13'}]",True,,,,,
1903330,SecondHalf,77,20.0,78,TakeOn,Unsuccessful,170,Fulham,333044.0,Harry Wilson,88.6,27.2,,,,,,,"[{'type': {'displayName': 'OppositeRelatedEvent', 'value': 233}, 'value': '630'}, {'type': {'displayName': 'Offensive', 'value': 286}}, {'type': {'displayName': 'Zone', 'value': 56}, 'value': 'Center'}]",True,,,,,
1903330,SecondHalf,77,20.0,78,Tackle,Unsuccessful,29,West Ham,459708.0,Ollie Scarles,11.4,72.8,,,,,,,"[{'type': {'displayName': 'OppositeRelatedEvent', 'value': 233}, 'value': '778'}, {'type': {'displayName': 'Zone', 'value': 56}, 'value': 'Back'}, {'type': {'displayName': 'StandingSave', 'value': 178}}, {'type': {'displayName': 'Defensive', 'value': 285}}]",True,,,,,
1903330,SecondHalf,77,25.0,78,Pass,Unsuccessful,170,Fulham,333044.0,Harry Wilson,85.3,8.1,87.0,9.9,,,,,"[{'type': {'displayName': 'Angle', 'value': 213}, 'value': '0.60'}, {'type': {'displayName': 'Zone', 'value': 56}, 'value': 'Right'}, {'type': {'displayName': 'PassEndY', 'value': 141}, 'value': '9.9'}, {'type': {'displayName': 'Length', 'value': 212}, 'value': '2.2'}, {'type': {'displayName': 'Offensive', 'value': 286}}, {'type': {'displayName': 'OppositeRelatedEvent', 'value': 233}, 'value': '631'}, {'type': {'displayName': 'PassEndX', 'value': 140}, 'value': '87.0'}]",True,,,,,
1903330,SecondHalf,77,25.0,78,BlockedPass,Successful,29,West Ham,459708.0,Ollie Scarles,13.0,90.1,,,,,,,"[{'type': {'displayName': 'Defensive', 'value': 285}}, {'type': {'displayName': 'OppositeRelatedEvent', 'value': 233}, 'value': '779'}, {'type': {'displayName': 'Zone', 'value': 56}, 'value': 'Back'}]",True,,,,,
1903330,SecondHalf,77,28.0,78,Pass,Successful,170,Fulham,333044.0,Harry Wilson,80.3,11.2,90.7,70.8,,,,,"[{'type': {'displayName': 'PassEndY', 'value': 141}, 'value': '70.8'}, {'type': {'displayName': 'Angle', 'value': 213}, 'value': '1.31'}, {'type': {'displayName': 'Zone', 'value': 56}, 'value': 'Center'}, {'type': {'displayName': 'Cross', 'value': 2}}, {'type': {'displayName': 'Longball', 'value': 1}}, {'type': {'displayName': 'PassEndX', 'value': 140}, 'value': '90.7'}, {'type': {'displayName': 'Chipped', 'value': 155}}, {'type': {'displayName': 'Length', 'value': 212}, 'value': '42.0'}, {'type': {'displayName': 'LeftFoot', 'value': 72}}]",True,,,,,
1903330,SecondHalf,77,33.0,78,Pass,Unsuccessful,170,Fulham,363686.0,Emile Smith Rowe,89.6,72.9,70.8,59.8,,,,,"[{'type': {'displayName': 'PassEndX', 'value': 140}, 'value': '70.8'}, {'type': {'displayName': 'Zone', 'value': 56}, 'value': 'Center'}, {'type': {'displayName': 'Angle', 'value': 213}, 'value': '3.57'}, {'type': {'displayName': 'Length', 'value': 212}, 'value': '21.7'}, {'type': {'displayName': 'PassEndY', 'value': 141}, 'value': '59.8'}]",True,,,,,
1903330,SecondHalf,77,33.0,78,Interception,Successful,29,West Ham,319756.0,Lucas Paquetá,22.3,29.1,,,,,,,"[{'type': {'displayName': 'Zone', 'value': 56}, 'value': 'Back'}]",True,,,,,
1903330,SecondHalf,77,36.0,78,TakeOn,Unsuccessful,29,West Ham,319756.0,Lucas Paquetá,28.0,29.5,,,,,,,"[{'type': {'displayName': 'Defensive', 'value': 285}}, {'type': {'displayName': 'OppositeRelatedEvent', 'value': 233}, 'value': '782'}, {'type': {'displayName': 'Zone', 'value': 56}, 'value': 'Back'}]",True,,,,,
1903330,SecondHalf,77,36.0,78,Tackle,Unsuccessful,170,Fulham,306581.0,Antonee Robinson,72.0,70.5,,,,,,,"[{'type': {'displayName': 'Offensive', 'value': 286}}, {'type': {'displayName': 'OppositeRelatedEvent', 'value': 233}, 'value': '632'}, {'type': {'displayName': 'Zone', 'value': 56}, 'value': 'Center'}]",True,,,,,
1903330,SecondHalf,77,37.0,78,BallRecovery,Successful,29,West Ham,313672.0,Kyle Walker-Peters,29.4,23.4,,,,,,,[],False,,,,,
1903330,SecondHalf,77,41.0,78,Pass,Successful,29,West Ham,313672.0,Kyle Walker-Peters,49.0,10.7,51.7,2.3,,,,,"[{'type': {'displayName': 'Length', 'value': 212}, 'value': '6.4'}, {'type': {'displayName': 'Zone', 'value': 56}, 'value': 'Right'}, {'type': {'displayName': 'PassEndX', 'value': 140}, 'value': '51.7'}, {'type': {'displayName': 'PassEndY', 'value': 141}, 'value': '2.3'}, {'type': {'displayName': 'Angle', 'value': 213}, 'value': '5.17'}]",True,,,,,
1903330,SecondHalf,77,45.0,78,BallTouch,Unsuccessful,29,West Ham,319756.0,Lucas Paquetá,59.1,5.3,,,,,,,"[{'type': {'displayName': 'Zone', 'value': 56}, 'value': 'Right'}]",True,,,,,
1903330,SecondHalf,77,46.0,78,BallTouch,Unsuccessful,170,Fulham,321020.0,Sander Berge,35.6,89.1,,,,,,,"[{'type': {'displayName': 'Zone', 'value': 56}, 'value': 'Back'}]",True,,,,,
1903330,SecondHalf,77,49.0,78,Pass,Successful,29,West Ham,313672.0,Kyle Walker-Peters,59.0,5.3,63.6,14.0,,,,,"[{'type': {'displayName': 'PassEndX', 'value': 140}, 'value': '63.6'}, {'type': {'displayName': 'Length', 'value': 212}, 'value': '7.6'}, {'type': {'displayName': 'Zone', 'value': 56}, 'value': 'Right'}, {'type': {'displayName': 'PassEndY', 'value': 141}, 'value': '14.0'}, {'type': {'displayName': 'Angle', 'value': 213}, 'value': '0.89'}]",True,,,,,
1903330,SecondHalf,77,54.0,78,Dispossessed,Successful,29,West Ham,319756.0,Lucas Paquetá,74.9,19.8,,,,,,,"[{'type': {'displayName': 'OppositeRelatedEvent', 'value': 233}, 'value': '787'}, {'type': {'displayName': 'Offensive', 'value': 286}}, {'type': {'displayName': 'Zone', 'value': 56}, 'value': 'Right'}]",True,,,,,
1903330,SecondHalf,77,54.0,78,Tackle,Successful,170,Fulham,297395.0,Sasa Lukic,25.1,80.2,,,,,,,"[{'type': {'displayName': 'Zone', 'value': 56}, 'value': 'Back'}, {'type': {'displayName': 'StandingSave', 'value': 178}}, {'type': {'displayName': 'OppositeRelatedEvent', 'value': 233}, 'value': '637'}, {'type': {'displayName': 'Defensive', 'value': 285}}]",True,,,,,
1903330,SecondHalf,77,57.0,78,BallRecovery,Successful,170,Fulham,333182.0,Jorge Cuenca,14.1,88.5,,,,,,,[],False,,,,,
1903330,SecondHalf,77,59.0,78,Pass,Unsuccessful,170,Fulham,333182.0,Jorge Cuenca,12.8,92.4,66.0,92.7,,,,,"[{'type': {'displayName': 'PassEndX', 'value': 140}, 'value': '66.0'}, {'type': {'displayName': 'Longball', 'value': 1}}, {'type': {'displayName': 'Length', 'value': 212}, 'value': '55.9'}, {'type': {'displayName': 'PassEndY', 'value': 141}, 'value': '92.7'}, {'type': {'displayName': 'Zone', 'value': 56}, 'value': 'Left'}, {'type': {'displayName': 'Angle', 'value': 213}, 'value': '0.00'}]",True,,,,,
1903330,SecondHalf,78,3.0,79,BallRecovery,Successful,29,West Ham,361710.0,Jean-Clair Todibo,35.9,4.0,,,,,,,[],False,,,,,
1903330,SecondHalf,78,5.0,79,Pass,Successful,29,West Ham,361710.0,Jean-Clair Todibo,34.7,6.2,34.8,24.9,,,,,"[{'type': {'displayName': 'PassEndX', 'value': 140}, 'value': '34.8'}, {'type': {'displayName': 'Length', 'value': 212}, 'value': '12.7'}, {'type': {'displayName': 'Zone', 'value': 56}, 'value': 'Back'}, {'type': {'displayName': 'Angle', 'value': 213}, 'value': '1.56'}, {'type': {'displayName': 'PassEndY', 'value': 141}, 'value': '24.9'}]",True,,,,,
1903330,SecondHalf,78,6.0,79,Pass,Successful,29,West Ham,429534.0,Freddie Potts,34.8,24.9,37.1,10.6,,,,,"[{'type': {'displayName': 'Angle', 'value': 213}, 'value': '4.96'}, {'type': {'displayName': 'PassEndY', 'value': 141}, 'value': '10.6'}, {'type': {'displayName': 'Zone', 'value': 56}, 'value': 'Back'}, {'type': {'displayName': 'PassEndX', 'value': 140}, 'value': '37.1'}, {'type': {'displayName': 'Length', 'value': 212}, 'value': '10.0'}]",True,,,,,
1903330,SecondHalf,78,8.0,79,Pass,Successful,29,West Ham,361710.0,Jean-Clair Todibo,38.3,10.1,63.7,4.3,,,,,"[{'type': {'displayName': 'PassEndY', 'value': 141}, 'value': '4.3'}, {'type': {'displayName': 'Zone', 'value': 56}, 'value': 'Right'}, {'type': {'displayName': 'Angle', 'value': 213}, 'value': '6.14'}, {'type': {'displayName': 'Length', 'value': 212}, 'value': '27.0'}, {'type': {'displayName': 'PassEndX', 'value': 140}, 'value': '63.7'}]",True,,,,,
1903330,SecondHalf,78,12.0,79,Pass,Unsuccessful,29,West Ham,313672.0,Kyle Walker-Peters,64.3,4.6,75.1,27.3,,,,,"[{'type': {'displayName': 'Zone', 'value': 56}, 'value': 'Center'}, {'type': {'displayName': 'Angle', 'value': 213}, 'value': '0.94'}, {'type': {'displayName': 'Length', 'value': 212}, 'value': '19.2'}, {'type': {'displayName': 'PassEndY', 'value': 141}, 'value': '27.3'}, {'type': {'displayName': 'PassEndX', 'value': 140}, 'value': '75.1'}]",True,,,,,
1903330,SecondHalf,78,13.0,79,Interception,Successful,170,Fulham,333182.0,Jorge Cuenca,24.9,72.7,,,,,,,"[{'type': {'displayName': 'Zone', 'value': 56}, 'value': 'Back'}]",True,,,,,
1903330,SecondHalf,78,14.0,79,Pass,Successful,170,Fulham,333182.0,Jorge Cuenca,26.3,74.5,30.8,61.6,,,,,"[{'type': {'displayName': 'PassEndX', 'value': 140}, 'value': '30.8'}, {'type': {'displayName': 'Length', 'value': 212}, 'value': '10.0'}, {'type': {'displayName': 'Zone', 'value': 56}, 'value': 'Back'}, {'type': {'displayName': 'Angle', 'value': 213}, 'value': '5.21'}, {'type': {'displayName': 'PassEndY', 'value': 141}, 'value': '61.6'}]",True,,,,,
1903330,SecondHalf,78,15.0,79,BallRecovery,Successful,170,Fulham,297395.0,Sasa Lukic,31.0,61.5,,,,,,,[],False,,,,,
1903330,SecondHalf,78,19.0,79,Pass,Successful,170,Fulham,297395.0,Sasa Lukic,36.1,67.9,29.0,91.9,,,,,"[{'type': {'displayName': 'PassEndY', 'value': 141}, 'value': '91.9'}, {'type': {'displayName': 'Zone', 'value': 56}, 'value': 'Back'}, {'type': {'displayName': 'Length', 'value': 212}, 'value': '17.9'}, {'type': {'displayName': 'PassEndX', 'value': 140}, 'value': '29.0'}, {'type': {'displayName': 'Angle', 'value': 213}, 'value': '2.00'}]",True,,,,,
1903330,SecondHalf,78,21.0,79,Pass,Successful,170,Fulham,306581.0,Antonee Robinson,28.2,90.4,24.4,72.3,,,,,"[{'type': {'displayName': 'PassEndY', 'value': 141}, 'value': '72.3'}, {'type': {'displayName': 'PassEndX', 'value': 140}, 'value': '24.4'}, {'type': {'displayName': 'Zone', 'value': 56}, 'value': 'Back'}, {'type': {'displayName': 'Angle', 'value': 213}, 'value': '4.40'}, {'type': {'displayName': 'Length', 'value': 212}, 'value': '12.9'}]",True,,,,,
1903330,SecondHalf,78,24.0,79,Pass,Successful,170,Fulham,333182.0,Jorge Cuenca,23.6,68.8,32.9,68.2,,,,,"[{'type': {'displayName': 'PassEndY', 'value': 141}, 'value': '68.2'}, {'type': {'displayName': 'Angle', 'value': 213}, 'value': '6.24'}, {'type': {'displayName': 'Zone', 'value': 56}, 'value': 'Back'}, {'type': {'displayName': 'PassEndX', 'value': 140}, 'value': '32.9'}, {'type': {'displayName': 'Length', 'value': 212}, 'value': '9.8'}]",True,,,,,
1903330,SecondHalf,78,26.0,79,Pass,Successful,170,Fulham,321020.0,Sander Berge,28.9,59.7,35.7,22.6,,,,,"[{'type': {'displayName': 'Angle', 'value': 213}, 'value': '4.99'}, {'type': {'displayName': 'PassEndX', 'value': 140}, 'value': '35.7'}, {'type': {'displayName': 'Length', 'value': 212}, 'value': '26.2'}, {'type': {'displayName': 'Zone', 'value': 56}, 'value': 'Back'}, {'type': {'displayName': 'PassEndY', 'value': 141}, 'value': '22.6'}]",True,,,,,
1903330,SecondHalf,78,31.0,79,Pass,Successful,170,Fulham,145996.0,Kenny Tete,40.7,7.9,66.0,40.0,,,,,"[{'type': {'displayName': 'PassEndX', 'value': 140}, 'value': '66.0'}, {'type': {'displayName': 'Longball', 'value': 1}}, {'type': {'displayName': 'Length', 'value': 212}, 'value': '34.4'}, {'type': {'displayName': 'Angle', 'value': 213}, 'value': '0.69'}, {'type': {'displayName': 'Zone', 'value': 56}, 'value': 'Center'}, {'type': {'displayName': 'PassEndY', 'value': 141}, 'value': '40.0'}]",True,,,,,
1903330,SecondHalf,78,33.0,79,Pass,Successful,170,Fulham,108186.0,Raúl Jiménez,66.0,40.0,72.4,24.4,,,,,"[{'type': {'displayName': 'Chipped', 'value': 155}}, {'type': {'displayName': 'Length', 'value': 212}, 'value': '12.6'}, {'type': {'displayName': 'PassEndX', 'value': 140}, 'value': '72.4'}, {'type': {'displayName': 'PassEndY', 'value': 141}, 'value': '24.4'}, {'type': {'displayName': 'Angle', 'value': 213}, 'value': '5.28'}, {'type': {'displayName': 'Zone', 'value': 56}, 'value': 'Center'}]",True,,,,,
1903330,SecondHalf,78,34.0,79,BallTouch,Unsuccessful,170,Fulham,333044.0,Harry Wilson,72.5,24.4,,,,,,,"[{'type': {'displayName': 'Zone', 'value': 56}, 'value': 'Center'}]",True,,,,,
1903330,SecondHalf,78,37.0,79,Pass,Successful,29,West Ham,459708.0,Ollie Scarles,18.1,90.3,34.6,79.6,,,,,"[{'type': {'displayName': 'Length', 'value': 212}, 'value': '18.8'}, {'type': {'displayName': 'PassEndX', 'value': 140}, 'value': '34.6'}, {'type': {'displayName': 'Longball', 'value': 1}}, {'type': {'displayName': 'Zone', 'value': 56}, 'value': 'Back'}, {'type': {'displayName': 'PassEndY', 'value': 141}, 'value': '79.6'}, {'type': {'displayName': 'Angle', 'value': 213}, 'value': '5.89'}]",True,,,,,
1903330,SecondHalf,78,39.0,79,Aerial,Successful,29,West Ham,429534.0,Freddie Potts,34.6,79.6,,,,,,,"[{'type': {'displayName': 'OppositeRelatedEvent', 'value': 233}, 'value': '800'}, {'type': {'displayName': 'Zone', 'value': 56}, 'value': 'Back'}, {'type': {'displayName': 'Defensive', 'value': 285}}]",False,,,,,
1903330,SecondHalf,78,39.0,79,Aerial,Unsuccessful,170,Fulham,297395.0,Sasa Lukic,65.4,20.4,,,,,,,"[{'type': {'displayName': 'Offensive', 'value': 286}}, {'type': {'displayName': 'Zone', 'value': 56}, 'value': 'Right'}, {'type': {'displayName': 'OppositeRelatedEvent', 'value': 233}, 'value': '644'}]",False,,,,,
1903330,SecondHalf,78,39.0,79,Pass,Unsuccessful,29,West Ham,429534.0,Freddie Potts,34.6,79.6,35.6,81.8,,,,,"[{'type': {'displayName': 'PassEndX', 'value': 140}, 'value': '35.6'}, {'type': {'displayName': 'Length', 'value': 212}, 'value': '1.8'}, {'type': {'displayName': 'Angle', 'value': 213}, 'value': '0.96'}, {'type': {'displayName': 'Zone', 'value': 56}, 'value': 'Back'}, {'type': {'displayName': 'HeadPass', 'value': 3}}, {'type': {'displayName': 'PassEndY', 'value': 141}, 'value': '81.8'}]",True,,,,,
1903330,SecondHalf,78,40.0,79,BallTouch,Successful,170,Fulham,297395.0,Sasa Lukic,66.1,18.1,,,,,,,"[{'type': {'displayName': 'Zone', 'value': 56}, 'value': 'Right'}]",True,,,,,
1903330,SecondHalf,79,0.0,80,Pass,Successful,29,West Ham,459708.0,Ollie Scarles,26.1,100.0,40.2,95.0,,,,,"[{'type': {'displayName': 'ThrowIn', 'value': 107}}, {'type': {'displayName': 'Length', 'value': 212}, 'value': '15.5'}, {'type': {'displayName': 'PassEndX', 'value': 140}, 'value': '40.2'}, {'type': {'displayName': 'Angle', 'value': 213}, 'value': '5.99'}, {'type': {'displayName': 'PassEndY', 'value': 141}, 'value': '95.0'}, {'type': {'displayName': 'Zone', 'value': 56}, 'value': 'Back'}]",True,,,,,
1903330,SecondHalf,79,2.0,80,Pass,Successful,29,West Ham,447231.0,Mateus Fernandes,41.5,93.4,30.5,93.6,,,,,"[{'type': {'displayName': 'Length', 'value': 212}, 'value': '11.6'}, {'type': {'displayName': 'PassEndX', 'value': 140}, 'value': '30.5'}, {'type': {'displayName': 'Zone', 'value': 56}, 'value': 'Back'}, {'type': {'displayName': 'PassEndY', 'value': 141}, 'value': '93.6'}, {'type': {'displayName': 'Angle', 'value': 213}, 'value': '3.13'}]",True,,,,,
1903330,SecondHalf,79,3.0,80,Pass,Successful,29,West Ham,459708.0,Ollie Scarles,29.9,91.1,9.2,58.1,,,,,"[{'type': {'displayName': 'Angle', 'value': 213}, 'value': '3.94'}, {'type': {'displayName': 'Zone', 'value': 56}, 'value': 'Back'}, {'type': {'displayName': 'PassEndY', 'value': 141}, 'value': '58.1'}, {'type': {'displayName': 'Length', 'value': 212}, 'value': '31.2'}, {'type': {'displayName': 'PassEndX', 'value': 140}, 'value': '9.2'}]",True,,,,,
1903330,SecondHalf,79,6.0,80,Pass,Successful,29,West Ham,92516.0,Alphonse Areola,8.5,53.3,61.5,19.8,,,,,"[{'type': {'displayName': 'PassEndY', 'value': 141}, 'value': '19.8'}, {'type': {'displayName': 'Zone', 'value': 56}, 'value': 'Right'}, {'type': {'displayName': 'Angle', 'value': 213}, 'value': '5.89'}, {'type': {'displayName': 'Longball', 'value': 1}}, {'type': {'displayName': 'PassEndX', 'value': 140}, 'value': '61.5'}, {'type': {'displayName': 'Length', 'value': 212}, 'value': '60.1'}]",True,,,,,
1903330,SecondHalf,79,10.0,80,BallTouch,Unsuccessful,29,West Ham,322596.0,Jarrod Bowen,61.9,20.4,,,,,,,"[{'type': {'displayName': 'Zone', 'value': 56}, 'value': 'Right'}]",True,,,,,
1903330,SecondHalf,79,11.0,80,BallRecovery,Successful,170,Fulham,333182.0,Jorge Cuenca,30.5,72.4,,,,,,,[],False,,,,,
1903330,SecondHalf,79,13.0,80,Pass,Successful,170,Fulham,333182.0,Jorge Cuenca,28.0,69.6,9.3,56.8,,,,,"[{'type': {'displayName': 'Angle', 'value': 213}, 'value': '3.56'}, {'type': {'displayName': 'Length', 'value': 212}, 'value': '21.5'}, {'type': {'displayName': 'PassEndX', 'value': 140}, 'value': '9.3'}, {'type': {'displayName': 'Zone', 'value': 56}, 'value': 'Back'}, {'type': {'displayName': 'PassEndY', 'value': 141}, 'value': '56.8'}]",True,,,,,
1903330,SecondHalf,79,21.0,80,Pass,Unsuccessful,170,Fulham,92173.0,Bernd Leno,10.5,59.7,61.5,71.8,,,,,"[{'type': {'displayName': 'PassEndX', 'value': 140}, 'value': '61.5'}, {'type': {'displayName': 'Length', 'value': 212}, 'value': '54.2'}, {'type': {'displayName': 'Angle', 'value': 213}, 'value': '0.15'}, {'type': {'displayName': 'Zone', 'value': 56}, 'value': 'Center'}, {'type': {'displayName': 'Longball', 'value': 1}}, {'type': {'displayName': 'PassEndY', 'value': 141}, 'value': '71.8'}]",True,,,,,
1903330,SecondHalf,79,22.0,80,BallRecovery,Successful,29,West Ham,361710.0,Jean-Clair Todibo,35.2,16.5,,,,,,,[],False,,,,,
1903330,SecondHalf,79,24.0,80,Pass,Successful,29,West Ham,361710.0,Jean-Clair Todibo,35.3,17.3,37.2,5.8,,,,,"[{'type': {'displayName': 'Angle', 'value': 213}, 'value': '4.96'}, {'type': {'displayName': 'PassEndY', 'value': 141}, 'value': '5.8'}, {'type': {'displayName': 'PassEndX', 'value': 140}, 'value': '37.2'}, {'type': {'displayName': 'Length', 'value': 212}, 'value': '8.1'}, {'type': {'displayName': 'Zone', 'value': 56}, 'value': 'Back'}]",True,,,,,
1903330,SecondHalf,79,27.0,80,Pass,Successful,29,West Ham,313672.0,Kyle Walker-Peters,36.6,5.8,41.3,12.5,,,,,"[{'type': {'displayName': 'PassEndX', 'value': 140}, 'value': '41.3'}, {'type': {'displayName': 'Zone', 'value': 56}, 'value': 'Back'}, {'type': {'displayName': 'Length', 'value': 212}, 'value': '6.7'}, {'type': {'displayName': 'Angle', 'value': 213}, 'value': '0.75'}, {'type': {'displayName': 'PassEndY', 'value': 141}, 'value': '12.5'}]",True,,,,,
1903330,SecondHalf,79,33.0,80,Pass,Successful,29,West Ham,443815.0,Soungoutou Magassa,67.3,6.7,79.8,4.0,,,,,"[{'type': {'displayName': 'Zone', 'value': 56}, 'value': 'Right'}, {'type': {'displayName': 'PassEndX', 'value': 140}, 'value': '79.8'}, {'type': {'displayName': 'Angle', 'value': 213}, 'value': '6.14'}, {'type': {'displayName': 'PassEndY', 'value': 141}, 'value': '4.0'}, {'type': {'displayName': 'Length', 'value': 212}, 'value': '13.3'}]",True,,,,,
1903330,SecondHalf,79,38.0,80,Pass,Successful,29,West Ham,313672.0,Kyle Walker-Peters,80.7,5.0,93.1,16.2,,,,,"[{'type': {'displayName': 'Zone', 'value': 56}, 'value': 'Right'}, {'type': {'displayName': 'PassEndY', 'value': 141}, 'value': '16.2'}, {'type': {'displayName': 'Angle', 'value': 213}, 'value': '0.53'}, {'type': {'displayName': 'Length', 'value': 212}, 'value': '15.1'}, {'type': {'displayName': 'PassEndX', 'value': 140}, 'value': '93.1'}]",True,,,,,
1903330,SecondHalf,79,43.0,80,Pass,Successful,29,West Ham,322596.0,Jarrod Bowen,91.2,13.4,75.3,5.3,,,,,"[{'type': {'displayName': 'PassEndY', 'value': 141}, 'value': '5.3'}, {'type': {'displayName': 'Angle', 'value': 213}, 'value': '3.46'}, {'type': {'displayName': 'Zone', 'value': 56}, 'value': 'Right'}, {'type': {'displayName': 'PassEndX', 'value': 140}, 'value': '75.3'}, {'type': {'displayName': 'Length', 'value': 212}, 'value': '17.6'}]",True,,,,,
1903330,SecondHalf,79,46.0,80,Pass,Successful,29,West Ham,443815.0,Soungoutou Magassa,75.3,5.3,67.1,16.7,,,,,"[{'type': {'displayName': 'PassEndX', 'value': 140}, 'value': '67.1'}, {'type': {'displayName': 'Zone', 'value': 56}, 'value': 'Right'}, {'type': {'displayName': 'Length', 'value': 212}, 'value': '11.6'}, {'type': {'displayName': 'PassEndY', 'value': 141}, 'value': '16.7'}, {'type': {'displayName': 'Angle', 'value': 213}, 'value': '2.41'}]",True,,,,,
1903330,SecondHalf,79,47.0,80,Pass,Successful,29,West Ham,429534.0,Freddie Potts,67.1,16.8,66.8,34.9,,,,,"[{'type': {'displayName': 'Length', 'value': 212}, 'value': '12.3'}, {'type': {'displayName': 'PassEndY', 'value': 141}, 'value': '34.9'}, {'type': {'displayName': 'Zone', 'value': 56}, 'value': 'Center'}, {'type': {'displayName': 'PassEndX', 'value': 140}, 'value': '66.8'}, {'type': {'displayName': 'Angle', 'value': 213}, 'value': '1.60'}]",True,,,,,
1903330,SecondHalf,79,49.0,80,Pass,Successful,29,West Ham,447231.0,Mateus Fernandes,67.5,44.3,74.1,47.9,,,,,"[{'type': {'displayName': 'PassEndY', 'value': 141}, 'value': '47.9'}, {'type': {'displayName': 'Angle', 'value': 213}, 'value': '0.34'}, {'type': {'displayName': 'Zone', 'value': 56}, 'value': 'Center'}, {'type': {'displayName': 'PassEndX', 'value': 140}, 'value': '74.1'}, {'type': {'displayName': 'Length', 'value': 212}, 'value': '7.3'}]",True,,,,,
1903330,SecondHalf,79,51.0,80,Pass,Successful,29,West Ham,319756.0,Lucas Paquetá,74.1,47.9,74.0,39.7,,,,,"[{'type': {'displayName': 'Angle', 'value': 213}, 'value': '4.69'}, {'type': {'displayName': 'PassEndY', 'value': 141}, 'value': '39.7'}, {'type': {'displayName': 'Zone', 'value': 56}, 'value': 'Center'}, {'type': {'displayName': 'PassEndX', 'value': 140}, 'value': '74.0'}, {'type': {'displayName': 'Length', 'value': 212}, 'value': '5.6'}]",True,,,,,
1903330,SecondHalf,79,52.0,80,Pass,Successful,29,West Ham,447231.0,Mateus Fernandes,74.0,39.7,88.3,23.6,,,,,"[{'type': {'displayName': 'Angle', 'value': 213}, 'value': '5.65'}, {'type': {'displayName': 'Zone', 'value': 56}, 'value': 'Center'}, {'type': {'displayName': 'PassEndY', 'value': 141}, 'value': '23.6'}, {'type': {'displayName': 'Length', 'value': 212}, 'value': '18.6'}, {'type': {'displayName': 'PassEndX', 'value': 140}, 'value': '88.3'}]",True,,,,,
1903330,SecondHalf,79,55.0,80,Pass,Unsuccessful,29,West Ham,322596.0,Jarrod Bowen,89.3,23.9,92.2,30.3,,,,,"[{'type': {'displayName': 'Length', 'value': 212}, 'value': '5.3'}, {'type': {'displayName': 'PassEndX', 'value': 140}, 'value': '92.2'}, {'type': {'displayName': 'RightFoot', 'value': 20}}, {'type': {'displayName': 'Zone', 'value': 56}, 'value': 'Center'}, {'type': {'displayName': 'PassEndY', 'value': 141}, 'value': '30.3'}, {'type': {'displayName': 'Angle', 'value': 213}, 'value': '0.96'}, {'type': {'displayName': 'Cross', 'value': 2}}]",True,,,,,
1903330,SecondHalf,79,56.0,80,BallTouch,Successful,170,Fulham,306581.0,Antonee Robinson,7.3,68.9,,,,,,,"[{'type': {'displayName': 'Zone', 'value': 56}, 'value': 'Back'}]",True,,,,,
1903330,SecondHalf,79,57.0,80,Clearance,Successful,170,Fulham,333182.0,Jorge Cuenca,8.1,59.5,7.7,70.9,,,,,"[{'type': {'displayName': 'PassEndY', 'value': 141}, 'value': '70.9'}, {'type': {'displayName': 'Length', 'value': 212}, 'value': '7.8'}, {'type': {'displayName': 'Zone', 'value': 56}, 'value': 'Back'}, {'type': {'displayName': 'Angle', 'value': 213}, 'value': '1.62'}, {'type': {'displayName': 'PassEndX', 'value': 140}, 'value': '7.7'}]",True,,,,,
1903330,SecondHalf,79,59.0,80,Clearance,Successful,170,Fulham,306581.0,Antonee Robinson,7.9,68.5,36.9,61.2,,,,,"[{'type': {'displayName': 'PassEndX', 'value': 140}, 'value': '36.9'}, {'type': {'displayName': 'Angle', 'value': 213}, 'value': '6.12'}, {'type': {'displayName': 'Zone', 'value': 56}, 'value': 'Back'}, {'type': {'displayName': 'Length', 'value': 212}, 'value': '30.9'}, {'type': {'displayName': 'PassEndY', 'value': 141}, 'value': '61.2'}]",True,,,,,
1903330,SecondHalf,80,,81,OffsideGiven,Unsuccessful,170,Fulham,515865.0,Josh King,95.2,73.8,,,,,,,[],False,,,,,
1903330,SecondHalf,80,2.0,81,BallTouch,Successful,170,Fulham,108186.0,Raúl Jiménez,36.9,61.2,,,,,,,"[{'type': {'displayName': 'Zone', 'value': 56}, 'value': 'Back'}]",True,,,,,
1903330,SecondHalf,80,3.0,81,TakeOn,Unsuccessful,170,Fulham,363686.0,Emile Smith Rowe,37.2,64.8,,,,,,,"[{'type': {'displayName': 'Offensive', 'value': 286}}, {'type': {'displayName': 'OppositeRelatedEvent', 'value': 233}, 'value': '664'}, {'type': {'displayName': 'Zone', 'value': 56}, 'value': 'Back'}]",True,,,,,
1903330,SecondHalf,80,3.0,81,Tackle,Successful,29,West Ham,313672.0,Kyle Walker-Peters,62.8,35.2,,,,,,,"[{'type': {'displayName': 'Zone', 'value': 56}, 'value': 'Center'}, {'type': {'displayName': 'StandingSave', 'value': 178}}, {'type': {'displayName': 'OppositeRelatedEvent', 'value': 233}, 'value': '810'}, {'type': {'displayName': 'Defensive', 'value': 285}}]",True,,,,,
1903330,SecondHalf,80,4.0,81,Pass,Successful,29,West Ham,368310.0,Maximilian Kilman,66.7,33.6,71.5,36.4,,,,,"[{'type': {'displayName': 'Length', 'value': 212}, 'value': '5.4'}, {'type': {'displayName': 'Zone', 'value': 56}, 'value': 'Center'}, {'type': {'displayName': 'PassEndY', 'value': 141}, 'value': '36.4'}, {'type': {'displayName': 'Angle', 'value': 213}, 'value': '0.36'}, {'type': {'displayName': 'PassEndX', 'value': 140}, 'value': '71.5'}]",True,,,,,
1903330,SecondHalf,80,7.0,81,Pass,Unsuccessful,29,West Ham,447231.0,Mateus Fernandes,72.7,46.6,78.9,46.2,,,,,"[{'type': {'displayName': 'Length', 'value': 212}, 'value': '6.5'}, {'type': {'displayName': 'PassEndY', 'value': 141}, 'value': '46.2'}, {'type': {'displayName': 'Angle', 'value': 213}, 'value': '6.24'}, {'type': {'displayName': 'Zone', 'value': 56}, 'value': 'Center'}, {'type': {'displayName': 'PassEndX', 'value': 140}, 'value': '78.9'}]",True,,,,,
1903330,SecondHalf,80,7.0,81,Clearance,Successful,170,Fulham,231135.0,Joachim Andersen,18.8,50.8,26.1,50.7,,,,,"[{'type': {'displayName': 'Zone', 'value': 56}, 'value': 'Back'}, {'type': {'displayName': 'Length', 'value': 212}, 'value': '7.7'}, {'type': {'displayName': 'PassEndX', 'value': 140}, 'value': '26.1'}, {'type': {'displayName': 'Angle', 'value': 213}, 'value': '6.27'}, {'type': {'displayName': 'PassEndY', 'value': 141}, 'value': '50.7'}]",True,,,,,
1903330,SecondHalf,80,10.0,81,BallRecovery,Successful,170,Fulham,297395.0,Sasa Lukic,26.4,51.4,,,,,,,[],False,,,,,
1903330,SecondHalf,80,11.0,81,Pass,Successful,170,Fulham,297395.0,Sasa Lukic,31.4,58.0,27.8,80.8,,,,,"[{'type': {'displayName': 'Angle', 'value': 213}, 'value': '1.81'}, {'type': {'displayName': 'Zone', 'value': 56}, 'value': 'Back'}, {'type': {'displayName': 'Length', 'value': 212}, 'value': '16.0'}, {'type': {'displayName': 'PassEndY', 'value': 141}, 'value': '80.8'}, {'type': {'displayName': 'PassEndX', 'value': 140}, 'value': '27.8'}]",True,,,,,
1903330,SecondHalf,80,13.0,81,Pass,Successful,170,Fulham,306581.0,Antonee Robinson,28.2,84.9,44.5,95.1,,,,,"[{'type': {'displayName': 'Zone', 'value': 56}, 'value': 'Back'}, {'type': {'displayName': 'PassEndY', 'value': 141}, 'value': '95.1'}, {'type': {'displayName': 'Angle', 'value': 213}, 'value': '0.39'}, {'type': {'displayName': 'Length', 'value': 212}, 'value': '18.5'}, {'type': {'displayName': 'PassEndX', 'value': 140}, 'value': '44.5'}]",True,,,,,
1903330,SecondHalf,80,23.0,81,Pass,Successful,170,Fulham,515865.0,Josh King,73.4,90.7,68.2,80.7,,,,,"[{'type': {'displayName': 'PassEndX', 'value': 140}, 'value': '68.2'}, {'type': {'displayName': 'Length', 'value': 212}, 'value': '8.7'}, {'type': {'displayName': 'PassEndY', 'value': 141}, 'value': '80.7'}, {'type': {'displayName': 'Zone', 'value': 56}, 'value': 'Left'}, {'type': {'displayName': 'Angle', 'value': 213}, 'value': '4.04'}]",True,,,,,
1903330,SecondHalf,80,25.0,81,Pass,Successful,170,Fulham,363686.0,Emile Smith Rowe,65.8,75.3,61.4,63.9,,,,,"[{'type': {'displayName': 'PassEndY', 'value': 141}, 'value': '63.9'}, {'type': {'displayName': 'Angle', 'value': 213}, 'value': '4.17'}, {'type': {'displayName': 'Length', 'value': 212}, 'value': '9.0'}, {'type': {'displayName': 'Zone', 'value': 56}, 'value': 'Center'}, {'type': {'displayName': 'PassEndX', 'value': 140}, 'value': '61.4'}]",True,,,,,
1903330,SecondHalf,80,30.0,81,Pass,Successful,170,Fulham,321020.0,Sander Berge,59.4,67.8,58.2,87.3,,,,,"[{'type': {'displayName': 'Zone', 'value': 56}, 'value': 'Left'}, {'type': {'displayName': 'PassEndY', 'value': 141}, 'value': '87.3'}, {'type': {'displayName': 'Angle', 'value': 213}, 'value': '1.67'}, {'type': {'displayName': 'Length', 'value': 212}, 'value': '13.3'}, {'type': {'displayName': 'PassEndX', 'value': 140}, 'value': '58.2'}]",True,,,,,
1903330,SecondHalf,80,32.0,81,Pass,Successful,170,Fulham,306581.0,Antonee Robinson,57.7,84.9,47.0,45.7,,,,,"[{'type': {'displayName': 'Angle', 'value': 213}, 'value': '4.31'}, {'type': {'displayName': 'PassEndY', 'value': 141}, 'value': '45.7'}, {'type': {'displayName': 'PassEndX', 'value': 140}, 'value': '47.0'}, {'type': {'displayName': 'Length', 'value': 212}, 'value': '28.9'}, {'type': {'displayName': 'Zone', 'value': 56}, 'value': 'Back'}]",True,,,,,
1903330,SecondHalf,80,36.0,81,Pass,Successful,170,Fulham,231135.0,Joachim Andersen,47.7,42.9,63.4,6.4,,,,,"[{'type': {'displayName': 'PassEndX', 'value': 140}, 'value': '63.4'}, {'type': {'displayName': 'PassEndY', 'value': 141}, 'value': '6.4'}, {'type': {'displayName': 'Length', 'value': 212}, 'value': '29.8'}, {'type': {'displayName': 'Zone', 'value': 56}, 'value': 'Right'}, {'type': {'displayName': 'Angle', 'value': 213}, 'value': '5.30'}]",True,,,,,
1903330,SecondHalf,80,40.0,81,Pass,Successful,170,Fulham,145996.0,Kenny Tete,81.7,5.7,86.7,71.5,,,,,"[{'type': {'displayName': 'Zone', 'value': 56}, 'value': 'Center'}, {'type': {'displayName': 'Angle', 'value': 213}, 'value': '1.45'}, {'type': {'displayName': 'Cross', 'value': 2}}, {'type': {'displayName': 'PassEndY', 'value': 141}, 'value': '71.5'}, {'type': {'displayName': 'PassEndX', 'value': 140}, 'value': '86.7'}, {'type': {'displayName': 'Length', 'value': 212}, 'value': '45.1'}, {'type': {'displayName': 'Chipped', 'value': 155}}, {'type': {'displayName': 'RightFoot', 'value': 20}}, {'type': {'displayName': 'Longball', 'value': 1}}]",True,,,,,
1903330,SecondHalf,80,46.0,81,Challenge,Unsuccessful,29,West Ham,443815.0,Soungoutou Magassa,9.5,30.8,,,,,,,"[{'type': {'displayName': 'Zone', 'value': 56}, 'value': 'Back'}, {'type': {'displayName': 'OppositeRelatedEvent', 'value': 233}, 'value': '821'}, {'type': {'displayName': 'Defensive', 'value': 285}}]",False,,,,,
1903330,SecondHalf,80,46.0,81,TakeOn,Successful,170,Fulham,515865.0,Josh King,90.5,69.2,,,,,,,"[{'type': {'displayName': 'OppositeRelatedEvent', 'value': 233}, 'value': '668'}, {'type': {'displayName': 'Offensive', 'value': 286}}, {'type': {'displayName': 'Zone', 'value': 56}, 'value': 'Center'}]",True,,,,,
1903330,SecondHalf,80,48.0,81,Pass,Unsuccessful,170,Fulham,515865.0,Josh King,96.1,68.1,98.3,49.5,,,,,"[{'type': {'displayName': 'PassEndX', 'value': 140}, 'value': '98.3'}, {'type': {'displayName': 'Zone', 'value': 56}, 'value': 'Center'}, {'type': {'displayName': 'Angle', 'value': 213}, 'value': '4.89'}, {'type': {'displayName': 'PassEndY', 'value': 141}, 'value': '49.5'}, {'type': {'displayName': 'Length', 'value': 212}, 'value': '12.9'}]",True,,,,,
1903330,SecondHalf,80,49.0,81,Clearance,Successful,29,West Ham,459708.0,Ollie Scarles,2.3,49.1,10.8,46.4,,,,,"[{'type': {'displayName': 'PassEndX', 'value': 140}, 'value': '10.8'}, {'type': {'displayName': 'Zone', 'value': 56}, 'value': 'Back'}, {'type': {'displayName': 'Angle', 'value': 213}, 'value': '6.08'}, {'type': {'displayName': 'Length', 'value': 212}, 'value': '9.1'}, {'type': {'displayName': 'PassEndY', 'value': 141}, 'value': '46.4'}]",True,,,,,
1903330,SecondHalf,80,50.0,81,Aerial,Successful,29,West Ham,429534.0,Freddie Potts,10.8,46.4,,,,,,,"[{'type': {'displayName': 'OppositeRelatedEvent', 'value': 233}, 'value': '823'}, {'type': {'displayName': 'Zone', 'value': 56}, 'value': 'Back'}, {'type': {'displayName': 'Defensive', 'value': 285}}]",False,,,,,
1903330,SecondHalf,80,50.0,81,Aerial,Unsuccessful,170,Fulham,297395.0,Sasa Lukic,89.2,53.6,,,,,,,"[{'type': {'displayName': 'Zone', 'value': 56}, 'value': 'Center'}, {'type': {'displayName': 'Offensive', 'value': 286}}, {'type': {'displayName': 'OppositeRelatedEvent', 'value': 233}, 'value': '670'}]",False,,,,,
1903330,SecondHalf,80,51.0,81,Clearance,Successful,29,West Ham,429534.0,Freddie Potts,10.8,46.4,12.6,50.1,,,,,"[{'type': {'displayName': 'Head', 'value': 15}}, {'type': {'displayName': 'Zone', 'value': 56}, 'value': 'Back'}, {'type': {'displayName': 'PassEndY', 'value': 141}, 'value': '50.1'}, {'type': {'displayName': 'Angle', 'value': 213}, 'value': '0.93'}, {'type': {'displayName': 'Length', 'value': 212}, 'value': '3.1'}, {'type': {'displayName': 'PassEndX', 'value': 140}, 'value': '12.6'}]",True,,,,,
1903330,SecondHalf,80,52.0,81,SavedShot,Successful,170,Fulham,145996.0,Kenny Tete,87.1,46.4,,,50.0,19.0,91.6,47.7,"[{'type': {'displayName': 'BlockedY', 'value': 147}, 'value': '47.7'}, {'type': {'displayName': 'RegularPlay', 'value': 22}}, {'type': {'displayName': 'OppositeRelatedEvent', 'value': 233}, 'value': '672'}, {'type': {'displayName': 'Zone', 'value': 56}, 'value': 'Center'}, {'type': {'displayName': 'Volley', 'value': 108}}, {'type': {'displayName': 'BlockedX', 'value': 146}, 'value': '91.6'}, {'type': {'displayName': 'LowCentre', 'value': 78}}, {'type': {'displayName': 'FirstTouch', 'value': 328}}, {'type': {'displayName': 'GoalMouthZ', 'value': 103}, 'value': '19'}, {'type': {'displayName': 'LeftFoot', 'value': 72}}, {'type': {'displayName': 'Blocked', 'value': 82}}, {'type': {'displayName': 'GoalMouthY', 'value': 102}, 'value': '50.0'}, {'type': {'displayName': 'BoxCentre', 'value': 17}}]",True,True,,,,
1903330,SecondHalf,80,52.0,81,Save,Successful,29,West Ham,429534.0,Freddie Potts,9.3,52.1,,,,,,,"[{'type': {'displayName': 'OppositeRelatedEvent', 'value': 233}, 'value': '824'}, {'type': {'displayName': 'Zone', 'value': 56}, 'value': 'Back'}, {'type': {'displayName': 'OutfielderBlock', 'value': 94}}]",True,,,,,
1903330,SecondHalf,80,53.0,81,OffsidePass,Successful,170,Fulham,145996.0,Kenny Tete,83.5,44.6,95.2,73.8,,,,,"[{'type': {'displayName': 'PlayerCaughtOffside', 'value': 7}, 'value': '515865'}, {'type': {'displayName': 'PassEndY', 'value': 141}, 'value': '73.8'}, {'type': {'displayName': 'PassEndX', 'value': 140}, 'value': '95.2'}, {'type': {'displayName': 'Zone', 'value': 56}, 'value': 'Center'}]",True,,,,,
1903330,SecondHalf,80,53.0,81,OffsideProvoked,Successful,29,West Ham,313672.0,Kyle Walker-Peters,6.5,35.8,,,,,,,[],False,,,,,
1903330,SecondHalf,81,43.0,82,SubstitutionOff,Successful,170,Fulham,145996.0,Kenny Tete,0.0,0.0,,,,,,,"[{'type': {'displayName': 'JerseyNumber', 'value': 59}, 'value': '2'}, {'type': {'displayName': 'RelatedEventId', 'value': 55}, 'value': '828'}, {'type': {'displayName': 'PlayerPosition', 'value': 44}, 'value': 'Defender'}]",False,,,,828.0,141169.0
1903330,SecondHalf,81,43.0,82,SubstitutionOn,Successful,170,Fulham,141169.0,Timothy Castagne,0.0,0.0,,,,,,,"[{'type': {'displayName': 'PlayerPosition', 'value': 44}, 'value': 'Defender'}, {'type': {'displayName': 'JerseyNumber', 'value': 59}, 'value': '21'}, {'type': {'displayName': 'FormationSlot', 'value': 145}, 'value': '2'}, {'type': {'displayName': 'RelatedEventId', 'value': 55}, 'value': '827'}]",False,,,,827.0,145996.0
1903330,SecondHalf,81,46.0,82,SubstitutionOff,Successful,170,Fulham,363686.0,Emile Smith Rowe,0.0,0.0,,,,,,,"[{'type': {'displayName': 'RelatedEventId', 'value': 55}, 'value': '830'}, {'type': {'displayName': 'PlayerPosition', 'value': 44}, 'value': 'Midfielder'}, {'type': {'displayName': 'JerseyNumber', 'value': 59}, 'value': '32'}]",False,,,,830.0,79583.0
1903330,SecondHalf,81,46.0,82,SubstitutionOn,Successful,170,Fulham,79583.0,Tom Cairney,0.0,0.0,,,,,,,"[{'type': {'displayName': 'FormationSlot', 'value': 145}, 'value': '10'}, {'type': {'displayName': 'PlayerPosition', 'value': 44}, 'value': 'Forward'}, {'type': {'displayName': 'JerseyNumber', 'value': 59}, 'value': '10'}, {'type': {'displayName': 'RelatedEventId', 'value': 55}, 'value': '829'}]",False,,,,829.0,363686.0
1903330,SecondHalf,81,54.0,82,SubstitutionOff,Successful,29,West Ham,319756.0,Lucas Paquetá,0.0,0.0,,,,,,,"[{'type': {'displayName': 'JerseyNumber', 'value': 59}, 'value': '10'}, {'type': {'displayName': 'RelatedEventId', 'value': 55}, 'value': '675'}, {'type': {'displayName': 'PlayerPosition', 'value': 44}, 'value': 'Midfielder'}]",False,,,,675.0,491564.0
1903330,SecondHalf,81,54.0,82,SubstitutionOn,Successful,29,West Ham,491564.0,George Earthy,0.0,0.0,,,,,,,"[{'type': {'displayName': 'JerseyNumber', 'value': 59}, 'value': '40'}, {'type': {'displayName': 'RelatedEventId', 'value': 55}, 'value': '674'}, {'type': {'displayName': 'FormationSlot', 'value': 145}, 'value': '10'}, {'type': {'displayName': 'PlayerPosition', 'value': 44}, 'value': 'Midfielder'}]",False,,,,674.0,319756.0
1903330,SecondHalf,82,,83,OffsideGiven,Unsuccessful,29,West Ham,134115.0,Callum Wilson,67.4,21.1,,,,,,,[],False,,,,,
1903330,SecondHalf,82,8.0,83,SubstitutionOff,Successful,29,West Ham,443815.0,Soungoutou Magassa,0.0,0.0,,,,,,,"[{'type': {'displayName': 'PlayerPosition', 'value': 44}, 'value': 'Midfielder'}, {'type': {'displayName': 'JerseyNumber', 'value': 59}, 'value': '27'}, {'type': {'displayName': 'RelatedEventId', 'value': 55}, 'value': '677'}]",False,,,,677.0,143595.0
1903330,SecondHalf,82,8.0,83,SubstitutionOn,Successful,29,West Ham,143595.0,Tomás Soucek,0.0,0.0,,,,,,,"[{'type': {'displayName': 'JerseyNumber', 'value': 59}, 'value': '28'}, {'type': {'displayName': 'RelatedEventId', 'value': 55}, 'value': '676'}, {'type': {'displayName': 'PlayerPosition', 'value': 44}, 'value': 'Forward'}, {'type': {'displayName': 'FormationSlot', 'value': 145}, 'value': '8'}]",False,,,,676.0,443815.0
1903330,SecondHalf,82,14.0,83,FormationChange,Successful,29,West Ham,,,0.0,0.0,,,,,,,"[{'type': {'displayName': 'CaptainPlayerId', 'value': 194}, 'value': '322596'}, {'type': {'displayName': 'TeamFormation', 'value': 130}, 'value': '8'}, {'type': {'displayName': 'PlayerPosition', 'value': 44}, 'value': '1, 2, 2, 3, 2, 2, 3, 3, 4, 3, 3, 5, 5, 5, 5, 5, 5'}, {'type': {'displayName': 'InvolvedPlayers', 'value': 30}, 'value': '92516,313672,459708,447231,361710,368310,322596,429534,134115,143595,491564,409426,351127,303876,511560,572171,547084'}, {'type': {'displayName': 'JerseyNumber', 'value': 59}, 'value': '23, 2, 30, 18, 25, 3, 20, 32, 9, 28, 40, 1, 15, 24, 55, 58, 63'}, {'type': {'displayName': 'TeamPlayerFormation', 'value': 131}, 'value': '1, 2, 3, 4, 5, 6, 7, 8, 9, 10, 11, 0, 0, 0, 0, 0, 0'}]",False,,,,,
1903330,SecondHalf,82,24.0,83,Pass,Unsuccessful,29,West Ham,92516.0,Alphonse Areola,12.1,49.0,65.3,13.7,,,,,"[{'type': {'displayName': 'PassEndY', 'value': 141}, 'value': '13.7'}, {'type': {'displayName': 'Zone', 'value': 56}, 'value': 'Right'}, {'type': {'displayName': 'Angle', 'value': 213}, 'value': '5.88'}, {'type': {'displayName': 'FreekickTaken', 'value': 5}}, {'type': {'displayName': 'Longball', 'value': 1}}, {'type': {'displayName': 'IndirectFreekickTaken', 'value': 241}}, {'type': {'displayName': 'Length', 'value': 212}, 'value': '60.8'}, {'type': {'displayName': 'PassEndX', 'value': 140}, 'value': '65.3'}]",True,,,,,
1903330,SecondHalf,82,28.0,83,Pass,Unsuccessful,170,Fulham,321020.0,Sander Berge,37.8,77.1,62.5,88.6,,,,,"[{'type': {'displayName': 'PassEndX', 'value': 140}, 'value': '62.5'}, {'type': {'displayName': 'PassEndY', 'value': 141}, 'value': '88.6'}, {'type': {'displayName': 'Length', 'value': 212}, 'value': '27.1'}, {'type': {'displayName': 'HeadPass', 'value': 3}}, {'type': {'displayName': 'Angle', 'value': 213}, 'value': '0.29'}, {'type': {'displayName': 'Zone', 'value': 56}, 'value': 'Left'}]",True,,,,,
1903330,SecondHalf,82,31.0,83,OffsidePass,Successful,29,West Ham,313672.0,Kyle Walker-Peters,36.8,8.6,67.4,21.1,,,,,"[{'type': {'displayName': 'PassEndX', 'value': 140}, 'value': '67.4'}, {'type': {'displayName': 'PassEndY', 'value': 141}, 'value': '21.1'}, {'type': {'displayName': 'Zone', 'value': 56}, 'value': 'Right'}, {'type': {'displayName': 'Longball', 'value': 1}}, {'type': {'displayName': 'PlayerCaughtOffside', 'value': 7}, 'value': '134115'}]",True,,,,,
1903330,SecondHalf,82,31.0,83,OffsideProvoked,Successful,170,Fulham,333182.0,Jorge Cuenca,37.7,78.5,,,,,,,[],False,,,,,
1903330,SecondHalf,82,52.0,83,Pass,Successful,170,Fulham,306581.0,Antonee Robinson,32.6,94.0,12.9,89.8,,,,,"[{'type': {'displayName': 'Zone', 'value': 56}, 'value': 'Back'}, {'type': {'displayName': 'Angle', 'value': 213}, 'value': '3.28'}, {'type': {'displayName': 'PassEndY', 'value': 141}, 'value': '89.8'}, {'type': {'displayName': 'FreekickTaken', 'value': 5}}, {'type': {'displayName': 'Length', 'value': 212}, 'value': '20.9'}, {'type': {'displayName': 'PassEndX', 'value': 140}, 'value': '12.9'}, {'type': {'displayName': 'IndirectFreekickTaken', 'value': 241}}]",True,,,,,
1903330,SecondHalf,82,54.0,83,Pass,Successful,170,Fulham,333182.0,Jorge Cuenca,12.9,90.4,35.9,97.0,,,,,"[{'type': {'displayName': 'PassEndX', 'value': 140}, 'value': '35.9'}, {'type': {'displayName': 'Length', 'value': 212}, 'value': '24.6'}, {'type': {'displayName': 'Zone', 'value': 56}, 'value': 'Back'}, {'type': {'displayName': 'Angle', 'value': 213}, 'value': '0.18'}, {'type': {'displayName': 'PassEndY', 'value': 141}, 'value': '97.0'}]",True,,,,,
1903330,SecondHalf,83,2.0,84,TakeOn,Unsuccessful,170,Fulham,306581.0,Antonee Robinson,70.9,95.1,,,,,,,"[{'type': {'displayName': 'Offensive', 'value': 286}}, {'type': {'displayName': 'Zone', 'value': 56}, 'value': 'Left'}]",True,,,,,
1903330,SecondHalf,83,3.0,84,BallTouch,Unsuccessful,170,Fulham,306581.0,Antonee Robinson,58.0,94.3,,,,,,,"[{'type': {'displayName': 'Zone', 'value': 56}, 'value': 'Left'}]",True,,,,,
1903330,SecondHalf,83,7.0,84,TakeOn,Unsuccessful,29,West Ham,447231.0,Mateus Fernandes,33.2,4.7,,,,,,,"[{'type': {'displayName': 'Zone', 'value': 56}, 'value': 'Back'}, {'type': {'displayName': 'OppositeRelatedEvent', 'value': 233}, 'value': '837'}, {'type': {'displayName': 'Defensive', 'value': 285}}]",True,,,,,
1903330,SecondHalf,83,7.0,84,Tackle,Unsuccessful,170,Fulham,515865.0,Josh King,66.8,95.3,,,,,,,"[{'type': {'displayName': 'StandingSave', 'value': 178}}, {'type': {'displayName': 'Offensive', 'value': 286}}, {'type': {'displayName': 'Zone', 'value': 56}, 'value': 'Left'}, {'type': {'displayName': 'OppositeRelatedEvent', 'value': 233}, 'value': '680'}]",True,,,,,
1903330,SecondHalf,83,9.0,84,Clearance,Successful,29,West Ham,313672.0,Kyle Walker-Peters,24.9,4.0,22.8,0.0,,,,,"[{'type': {'displayName': 'Length', 'value': 212}, 'value': '4.6'}, {'type': {'displayName': 'PassEndY', 'value': 141}, 'value': '0.0'}, {'type': {'displayName': 'Zone', 'value': 56}, 'value': 'Back'}, {'type': {'displayName': 'Angle', 'value': 213}, 'value': '4.22'}, {'type': {'displayName': 'PassEndX', 'value': 140}, 'value': '22.8'}]",True,,,,,
1903330,SecondHalf,83,16.0,84,Pass,Successful,170,Fulham,306581.0,Antonee Robinson,78.1,100.0,51.7,85.2,,,,,"[{'type': {'displayName': 'ThrowIn', 'value': 107}}, {'type': {'displayName': 'Longball', 'value': 1}}, {'type': {'displayName': 'Angle', 'value': 213}, 'value': '3.52'}, {'type': {'displayName': 'Zone', 'value': 56}, 'value': 'Left'}, {'type': {'displayName': 'PassEndY', 'value': 141}, 'value': '85.2'}, {'type': {'displayName': 'PassEndX', 'value': 140}, 'value': '51.7'}, {'type': {'displayName': 'Length', 'value': 212}, 'value': '29.8'}]",True,,,,,
1903330,SecondHalf,83,20.0,84,Pass,Successful,170,Fulham,321020.0,Sander Berge,51.7,85.2,60.5,75.9,,,,,"[{'type': {'displayName': 'Length', 'value': 212}, 'value': '11.2'}, {'type': {'displayName': 'PassEndX', 'value': 140}, 'value': '60.5'}, {'type': {'displayName': 'Angle', 'value': 213}, 'value': '5.68'}, {'type': {'displayName': 'Zone', 'value': 56}, 'value': 'Center'}, {'type': {'displayName': 'PassEndY', 'value': 141}, 'value': '75.9'}]",True,,,,,
1903330,SecondHalf,83,23.0,84,Pass,Successful,170,Fulham,79583.0,Tom Cairney,64.1,56.1,59.5,31.0,,,,,"[{'type': {'displayName': 'PassEndX', 'value': 140}, 'value': '59.5'}, {'type': {'displayName': 'Length', 'value': 212}, 'value': '17.7'}, {'type': {'displayName': 'Zone', 'value': 56}, 'value': 'Center'}, {'type': {'displayName': 'Angle', 'value': 213}, 'value': '4.44'}, {'type': {'displayName': 'PassEndY', 'value': 141}, 'value': '31.0'}]",True,,,,,
1903330,SecondHalf,83,27.0,84,Pass,Successful,170,Fulham,231135.0,Joachim Andersen,55.8,18.1,70.2,4.5,,,,,"[{'type': {'displayName': 'Length', 'value': 212}, 'value': '17.7'}, {'type': {'displayName': 'PassEndX', 'value': 140}, 'value': '70.2'}, {'type': {'displayName': 'Angle', 'value': 213}, 'value': '5.73'}, {'type': {'displayName': 'Zone', 'value': 56}, 'value': 'Right'}, {'type': {'displayName': 'PassEndY', 'value': 141}, 'value': '4.5'}]",True,,,,,
1903330,SecondHalf,83,34.0,84,Pass,Successful,170,Fulham,333044.0,Harry Wilson,61.0,9.4,67.8,5.2,,,,,"[{'type': {'displayName': 'Length', 'value': 212}, 'value': '7.7'}, {'type': {'displayName': 'PassEndY', 'value': 141}, 'value': '5.2'}, {'type': {'displayName': 'Angle', 'value': 213}, 'value': '5.90'}, {'type': {'displayName': 'Zone', 'value': 56}, 'value': 'Right'}, {'type': {'displayName': 'PassEndX', 'value': 140}, 'value': '67.8'}]",True,,,,,
1903330,SecondHalf,83,35.0,84,Pass,Successful,170,Fulham,141169.0,Timothy Castagne,67.8,5.2,57.2,11.1,,,,,"[{'type': {'displayName': 'Angle', 'value': 213}, 'value': '2.80'}, {'type': {'displayName': 'PassEndX', 'value': 140}, 'value': '57.2'}, {'type': {'displayName': 'Length', 'value': 212}, 'value': '11.8'}, {'type': {'displayName': 'Zone', 'value': 56}, 'value': 'Right'}, {'type': {'displayName': 'PassEndY', 'value': 141}, 'value': '11.1'}]",True,,,,,
1903330,SecondHalf,83,37.0,84,Pass,Successful,170,Fulham,231135.0,Joachim Andersen,56.2,10.9,38.1,41.5,,,,,"[{'type': {'displayName': 'Angle', 'value': 213}, 'value': '2.31'}, {'type': {'displayName': 'PassEndY', 'value': 141}, 'value': '41.5'}, {'type': {'displayName': 'Zone', 'value': 56}, 'value': 'Back'}, {'type': {'displayName': 'Length', 'value': 212}, 'value': '28.2'}, {'type': {'displayName': 'PassEndX', 'value': 140}, 'value': '38.1'}]",True,,,,,
1903330,SecondHalf,83,41.0,84,Pass,Successful,170,Fulham,333182.0,Jorge Cuenca,45.0,48.0,72.2,45.3,,,,,"[{'type': {'displayName': 'PassEndY', 'value': 141}, 'value': '45.3'}, {'type': {'displayName': 'Angle', 'value': 213}, 'value': '6.22'}, {'type': {'displayName': 'Zone', 'value': 56}, 'value': 'Center'}, {'type': {'displayName': 'PassEndX', 'value': 140}, 'value': '72.2'}, {'type': {'displayName': 'Length', 'value': 212}, 'value': '28.6'}]",True,,,,,
1903330,SecondHalf,83,44.0,84,Pass,Unsuccessful,170,Fulham,515865.0,Josh King,70.8,42.7,72.5,41.5,,,,,"[{'type': {'displayName': 'Length', 'value': 212}, 'value': '2.0'}, {'type': {'displayName': 'Zone', 'value': 56}, 'value': 'Center'}, {'type': {'displayName': 'PassEndX', 'value': 140}, 'value': '72.5'}, {'type': {'displayName': 'PassEndY', 'value': 141}, 'value': '41.5'}, {'type': {'displayName': 'Angle', 'value': 213}, 'value': '5.85'}]",True,,,,,
1903330,SecondHalf,83,45.0,84,BallTouch,Successful,29,West Ham,429534.0,Freddie Potts,38.1,54.6,,,,,,,"[{'type': {'displayName': 'Zone', 'value': 56}, 'value': 'Back'}]",True,,,,,
1903330,SecondHalf,83,46.0,84,Pass,Successful,170,Fulham,515865.0,Josh King,66.6,52.5,61.3,61.6,,,,,"[{'type': {'displayName': 'Angle', 'value': 213}, 'value': '2.30'}, {'type': {'displayName': 'PassEndY', 'value': 141}, 'value': '61.6'}, {'type': {'displayName': 'PassEndX', 'value': 140}, 'value': '61.3'}, {'type': {'displayName': 'Length', 'value': 212}, 'value': '8.3'}, {'type': {'displayName': 'Zone', 'value': 56}, 'value': 'Center'}]",True,,,,,
1903330,SecondHalf,83,48.0,84,Pass,Successful,170,Fulham,79583.0,Tom Cairney,65.1,71.1,77.5,93.7,,,,,"[{'type': {'displayName': 'Angle', 'value': 213}, 'value': '0.87'}, {'type': {'displayName': 'PassEndX', 'value': 140}, 'value': '77.5'}, {'type': {'displayName': 'Zone', 'value': 56}, 'value': 'Left'}, {'type': {'displayName': 'PassEndY', 'value': 141}, 'value': '93.7'}, {'type': {'displayName': 'Length', 'value': 212}, 'value': '20.1'}]",True,,,,,
1903330,SecondHalf,83,51.0,84,Pass,Successful,170,Fulham,306581.0,Antonee Robinson,87.8,89.7,97.3,54.4,,,,,"[{'type': {'displayName': 'ShotAssist', 'value': 210}, 'value': '15'}, {'type': {'displayName': 'PassEndY', 'value': 141}, 'value': '54.4'}, {'type': {'displayName': 'Angle', 'value': 213}, 'value': '5.11'}, {'type': {'displayName': 'Zone', 'value': 56}, 'value': 'Center'}, {'type': {'displayName': 'Length', 'value': 212}, 'value': '26.0'}, {'type': {'displayName': 'IntentionalAssist', 'value': 154}}, {'type': {'displayName': 'Cross', 'value': 2}}, {'type': {'displayName': 'PassEndX', 'value': 140}, 'value': '97.3'}, {'type': {'displayName': 'LeftFoot', 'value': 72}}, {'type': {'displayName': 'KeyPass', 'value': 11113}}]",True,,,,,
1903330,SecondHalf,83,52.0,84,SavedShot,Successful,170,Fulham,108186.0,Raúl Jiménez,95.7,54.4,,,49.0,19.0,99.3,50.0,"[{'type': {'displayName': 'Zone', 'value': 56}, 'value': 'Center'}, {'type': {'displayName': 'Assisted', 'value': 29}}, {'type': {'displayName': 'IntentionalAssist', 'value': 154}}, {'type': {'displayName': 'RightFoot', 'value': 20}}, {'type': {'displayName': 'LowCentre', 'value': 78}}, {'type': {'displayName': 'RegularPlay', 'value': 22}}, {'type': {'displayName': 'BlockedX', 'value': 146}, 'value': '99.3'}, {'type': {'displayName': 'OppositeRelatedEvent', 'value': 233}, 'value': '685'}, {'type': {'displayName': 'SmallBoxCentre', 'value': 16}}, {'type': {'displayName': 'RelatedEventId', 'value': 55}, 'value': '849'}, {'type': {'displayName': 'BlockedY', 'value': 147}, 'value': '50'}, {'type': {'displayName': 'GoalMouthY', 'value': 102}, 'value': '49.0'}, {'type': {'displayName': 'FirstTouch', 'value': 328}}, {'type': {'displayName': 'GoalMouthZ', 'value': 103}, 'value': '19.0'}]",True,True,,,849.0,306581.0
1903330,SecondHalf,83,52.0,84,Save,Successful,29,West Ham,92516.0,Alphonse Areola,2.5,47.3,,,,,,,"[{'type': {'displayName': 'OtherBodyPart', 'value': 21}}, {'type': {'displayName': 'OppositeRelatedEvent', 'value': 233}, 'value': '948'}, {'type': {'displayName': 'Zone', 'value': 56}, 'value': 'Back'}, {'type': {'displayName': 'ParriedDanger', 'value': 174}}, {'type': {'displayName': 'KeeperSaveInSixYard', 'value': 11116}}, {'type': {'displayName': 'KeeperSaveInTheBox', 'value': 11115}}]",True,,,,,
1903330,SecondHalf,83,55.0,84,BallTouch,Successful,29,West Ham,368310.0,Maximilian Kilman,7.7,38.8,,,,,,,"[{'type': {'displayName': 'Zone', 'value': 56}, 'value': 'Back'}]",True,,,,,
1903330,SecondHalf,83,56.0,84,Clearance,Successful,29,West Ham,361710.0,Jean-Clair Todibo,5.5,33.9,38.4,21.0,,,,,"[{'type': {'displayName': 'Length', 'value': 212}, 'value': '35.6'}, {'type': {'displayName': 'PassEndY', 'value': 141}, 'value': '21.0'}, {'type': {'displayName': 'PassEndX', 'value': 140}, 'value': '38.4'}, {'type': {'displayName': 'Zone', 'value': 56}, 'value': 'Back'}, {'type': {'displayName': 'Angle', 'value': 213}, 'value': '6.03'}]",True,,,,,
1903330,SecondHalf,83,58.0,84,Pass,Successful,170,Fulham,321020.0,Sander Berge,59.1,85.8,64.5,93.7,,,,,"[{'type': {'displayName': 'Length', 'value': 212}, 'value': '7.8'}, {'type': {'displayName': 'HeadPass', 'value': 3}}, {'type': {'displayName': 'PassEndX', 'value': 140}, 'value': '64.5'}, {'type': {'displayName': 'PassEndY', 'value': 141}, 'value': '93.7'}, {'type': {'displayName': 'Zone', 'value': 56}, 'value': 'Left'}, {'type': {'displayName': 'Angle', 'value': 213}, 'value': '0.76'}]",True,,,,,
1903330,SecondHalf,84,3.0,85,Pass,Successful,170,Fulham,79583.0,Tom Cairney,46.8,84.6,38.8,82.6,,,,,"[{'type': {'displayName': 'Angle', 'value': 213}, 'value': '3.30'}, {'type': {'displayName': 'Zone', 'value': 56}, 'value': 'Back'}, {'type': {'displayName': 'PassEndY', 'value': 141}, 'value': '82.6'}, {'type': {'displayName': 'Length', 'value': 212}, 'value': '8.5'}, {'type': {'displayName': 'PassEndX', 'value': 140}, 'value': '38.8'}]",True,,,,,
1903330,SecondHalf,84,6.0,85,Pass,Successful,170,Fulham,333182.0,Jorge Cuenca,37.2,69.6,35.5,44.2,,,,,"[{'type': {'displayName': 'Length', 'value': 212}, 'value': '17.4'}, {'type': {'displayName': 'Angle', 'value': 213}, 'value': '4.61'}, {'type': {'displayName': 'PassEndY', 'value': 141}, 'value': '44.2'}, {'type': {'displayName': 'Zone', 'value': 56}, 'value': 'Back'}, {'type': {'displayName': 'PassEndX', 'value': 140}, 'value': '35.5'}]",True,,,,,
1903330,SecondHalf,84,9.0,85,Pass,Successful,170,Fulham,231135.0,Joachim Andersen,35.0,40.8,38.0,69.0,,,,,"[{'type': {'displayName': 'PassEndY', 'value': 141}, 'value': '69.0'}, {'type': {'displayName': 'Angle', 'value': 213}, 'value': '1.41'}, {'type': {'displayName': 'Zone', 'value': 56}, 'value': 'Back'}, {'type': {'displayName': 'PassEndX', 'value': 140}, 'value': '38.0'}, {'type': {'displayName': 'Length', 'value': 212}, 'value': '19.4'}]",True,,,,,
1903330,SecondHalf,84,11.0,85,Pass,Successful,170,Fulham,333182.0,Jorge Cuenca,38.4,71.2,45.5,66.1,,,,,"[{'type': {'displayName': 'PassEndY', 'value': 141}, 'value': '66.1'}, {'type': {'displayName': 'Angle', 'value': 213}, 'value': '5.85'}, {'type': {'displayName': 'Length', 'value': 212}, 'value': '8.2'}, {'type': {'displayName': 'Zone', 'value': 56}, 'value': 'Back'}, {'type': {'displayName': 'PassEndX', 'value': 140}, 'value': '45.5'}]",True,,,,,
1903330,SecondHalf,84,13.0,85,Pass,Successful,170,Fulham,79583.0,Tom Cairney,47.1,64.8,50.2,50.2,,,,,"[{'type': {'displayName': 'Length', 'value': 212}, 'value': '10.4'}, {'type': {'displayName': 'PassEndX', 'value': 140}, 'value': '50.2'}, {'type': {'displayName': 'PassEndY', 'value': 141}, 'value': '50.2'}, {'type': {'displayName': 'Angle', 'value': 213}, 'value': '5.03'}, {'type': {'displayName': 'Zone', 'value': 56}, 'value': 'Center'}]",True,,,,,
1903330,SecondHalf,84,15.0,85,Pass,Successful,170,Fulham,321020.0,Sander Berge,52.3,45.7,53.5,60.7,,,,,"[{'type': {'displayName': 'PassEndX', 'value': 140}, 'value': '53.5'}, {'type': {'displayName': 'Angle', 'value': 213}, 'value': '1.45'}, {'type': {'displayName': 'Zone', 'value': 56}, 'value': 'Center'}, {'type': {'displayName': 'PassEndY', 'value': 141}, 'value': '60.7'}, {'type': {'displayName': 'Length', 'value': 212}, 'value': '10.3'}]",True,,,,,
1903330,SecondHalf,84,18.0,85,Pass,Successful,170,Fulham,79583.0,Tom Cairney,53.6,56.8,53.9,31.5,,,,,"[{'type': {'displayName': 'PassEndX', 'value': 140}, 'value': '53.9'}, {'type': {'displayName': 'Length', 'value': 212}, 'value': '17.2'}, {'type': {'displayName': 'Zone', 'value': 56}, 'value': 'Center'}, {'type': {'displayName': 'Angle', 'value': 213}, 'value': '4.73'}, {'type': {'displayName': 'PassEndY', 'value': 141}, 'value': '31.5'}]",True,,,,,
1903330,SecondHalf,84,25.0,85,Pass,Successful,170,Fulham,321020.0,Sander Berge,45.5,29.4,45.7,16.5,,,,,"[{'type': {'displayName': 'PassEndX', 'value': 140}, 'value': '45.7'}, {'type': {'displayName': 'Length', 'value': 212}, 'value': '8.8'}, {'type': {'displayName': 'PassEndY', 'value': 141}, 'value': '16.5'}, {'type': {'displayName': 'Zone', 'value': 56}, 'value': 'Back'}, {'type': {'displayName': 'Angle', 'value': 213}, 'value': '4.74'}]",True,,,,,
1903330,SecondHalf,84,26.0,85,Pass,Successful,170,Fulham,231135.0,Joachim Andersen,45.4,16.2,59.5,23.4,,,,,"[{'type': {'displayName': 'Length', 'value': 212}, 'value': '15.6'}, {'type': {'displayName': 'Zone', 'value': 56}, 'value': 'Center'}, {'type': {'displayName': 'PassEndY', 'value': 141}, 'value': '23.4'}, {'type': {'displayName': 'PassEndX', 'value': 140}, 'value': '59.5'}, {'type': {'displayName': 'Angle', 'value': 213}, 'value': '0.32'}]",True,,,,,
1903330,SecondHalf,84,27.0,85,Pass,Successful,170,Fulham,333044.0,Harry Wilson,58.0,24.9,41.4,61.2,,,,,"[{'type': {'displayName': 'Length', 'value': 212}, 'value': '30.2'}, {'type': {'displayName': 'PassEndX', 'value': 140}, 'value': '41.4'}, {'type': {'displayName': 'Zone', 'value': 56}, 'value': 'Back'}, {'type': {'displayName': 'PassEndY', 'value': 141}, 'value': '61.2'}, {'type': {'displayName': 'Angle', 'value': 213}, 'value': '2.19'}]",True,,,,,
1903330,SecondHalf,84,33.0,85,Pass,Successful,170,Fulham,333182.0,Jorge Cuenca,65.9,56.8,76.3,7.8,,,,,"[{'type': {'displayName': 'Angle', 'value': 213}, 'value': '5.03'}, {'type': {'displayName': 'Length', 'value': 212}, 'value': '35.1'}, {'type': {'displayName': 'PassEndX', 'value': 140}, 'value': '76.3'}, {'type': {'displayName': 'PassEndY', 'value': 141}, 'value': '7.8'}, {'type': {'displayName': 'Zone', 'value': 56}, 'value': 'Right'}, {'type': {'displayName': 'Longball', 'value': 1}}]",True,,,,,
1903330,SecondHalf,84,36.0,85,Pass,Successful,170,Fulham,141169.0,Timothy Castagne,76.3,8.2,70.9,24.4,,,,,"[{'type': {'displayName': 'Angle', 'value': 213}, 'value': '2.05'}, {'type': {'displayName': 'PassEndY', 'value': 141}, 'value': '24.4'}, {'type': {'displayName': 'PassEndX', 'value': 140}, 'value': '70.9'}, {'type': {'displayName': 'Length', 'value': 212}, 'value': '12.4'}, {'type': {'displayName': 'Zone', 'value': 56}, 'value': 'Center'}]",True,,,,,
1903330,SecondHalf,84,40.0,85,Pass,Successful,170,Fulham,333044.0,Harry Wilson,63.8,23.8,72.9,15.9,,,,,"[{'type': {'displayName': 'PassEndX', 'value': 140}, 'value': '72.9'}, {'type': {'displayName': 'Length', 'value': 212}, 'value': '11.0'}, {'type': {'displayName': 'Angle', 'value': 213}, 'value': '5.77'}, {'type': {'displayName': 'Zone', 'value': 56}, 'value': 'Right'}, {'type': {'displayName': 'PassEndY', 'value': 141}, 'value': '15.9'}]",True,,,,,
1903330,SecondHalf,84,41.0,85,Pass,Successful,170,Fulham,297395.0,Sasa Lukic,73.5,15.6,65.8,27.3,,,,,"[{'type': {'displayName': 'PassEndY', 'value': 141}, 'value': '27.3'}, {'type': {'displayName': 'PassEndX', 'value': 140}, 'value': '65.8'}, {'type': {'displayName': 'Zone', 'value': 56}, 'value': 'Center'}, {'type': {'displayName': 'Angle', 'value': 213}, 'value': '2.36'}, {'type': {'displayName': 'Length', 'value': 212}, 'value': '11.3'}]",True,,,,,
1903330,SecondHalf,84,46.0,85,Pass,Successful,170,Fulham,231135.0,Joachim Andersen,74.2,25.6,91.6,24.7,,,,,"[{'type': {'displayName': 'Zone', 'value': 56}, 'value': 'Center'}, {'type': {'displayName': 'Angle', 'value': 213}, 'value': '6.25'}, {'type': {'displayName': 'PassEndX', 'value': 140}, 'value': '91.6'}, {'type': {'displayName': 'PassEndY', 'value': 141}, 'value': '24.7'}, {'type': {'displayName': 'Length', 'value': 212}, 'value': '18.3'}]",True,,,,,
1903330,SecondHalf,84,48.0,85,Pass,Unsuccessful,170,Fulham,333044.0,Harry Wilson,92.4,24.4,91.4,44.7,,,,,"[{'type': {'displayName': 'Zone', 'value': 56}, 'value': 'Center'}, {'type': {'displayName': 'RightFoot', 'value': 20}}, {'type': {'displayName': 'PassEndY', 'value': 141}, 'value': '44.7'}, {'type': {'displayName': 'Cross', 'value': 2}}, {'type': {'displayName': 'Length', 'value': 212}, 'value': '13.8'}, {'type': {'displayName': 'Chipped', 'value': 155}}, {'type': {'displayName': 'Angle', 'value': 213}, 'value': '1.65'}, {'type': {'displayName': 'PassEndX', 'value': 140}, 'value': '91.4'}]",True,,,,,
1903330,SecondHalf,84,50.0,85,Clearance,Successful,29,West Ham,447231.0,Mateus Fernandes,12.4,55.4,10.2,69.3,,,,,"[{'type': {'displayName': 'PassEndY', 'value': 141}, 'value': '69.3'}, {'type': {'displayName': 'Head', 'value': 15}}, {'type': {'displayName': 'Angle', 'value': 213}, 'value': '1.81'}, {'type': {'displayName': 'Length', 'value': 212}, 'value': '9.7'}, {'type': {'displayName': 'Zone', 'value': 56}, 'value': 'Back'}, {'type': {'displayName': 'PassEndX', 'value': 140}, 'value': '10.2'}]",True,,,,,
1903330,SecondHalf,84,51.0,85,Error,Successful,29,West Ham,459708.0,Ollie Scarles,9.7,70.0,,,,,,,"[{'type': {'displayName': 'LeadingToGoal', 'value': 170}, 'value': '868'}]",False,,,,,
1903330,SecondHalf,84,51.0,85,Pass,Successful,170,Fulham,333044.0,Harry Wilson,92.2,24.3,94.6,52.4,,,,,"[{'type': {'displayName': 'Chipped', 'value': 155}}, {'type': {'displayName': 'PassEndX', 'value': 140}, 'value': '94.6'}, {'type': {'displayName': 'RegularPlay', 'value': 22}}, {'type': {'displayName': 'Length', 'value': 212}, 'value': '19.3'}, {'type': {'displayName': 'IntentionalAssist', 'value': 154}}, {'type': {'displayName': 'PassEndY', 'value': 141}, 'value': '52.4'}, {'type': {'displayName': 'ShotAssist', 'value': 210}, 'value': '16'}, {'type': {'displayName': 'Zone', 'value': 56}, 'value': 'Center'}, {'type': {'displayName': 'Angle', 'value': 213}, 'value': '1.44'}, {'type': {'displayName': 'BigChanceCreated', 'value': 11112}}, {'type': {'displayName': 'IntentionalGoalAssist', 'value': 11111}}, {'type': {'displayName': 'KeyPass', 'value': 11113}}]",True,,,,,
1903330,SecondHalf,84,52.0,85,Goal,Successful,170,Fulham,108186.0,Raúl Jiménez,94.6,52.4,,,46.3,7.6,,,"[{'type': {'displayName': 'Assisted', 'value': 29}}, {'type': {'displayName': 'GoalMouthY', 'value': 102}, 'value': '46.3'}, {'type': {'displayName': 'BigChance', 'value': 214}}, {'type': {'displayName': 'Zone', 'value': 56}, 'value': 'Center'}, {'type': {'displayName': 'GoalMouthZ', 'value': 103}, 'value': '7.6'}, {'type': {'displayName': 'Head', 'value': 15}}, {'type': {'displayName': 'FirstTouch', 'value': 328}}, {'type': {'displayName': 'LowRight', 'value': 80}}, {'type': {'displayName': 'IntentionalAssist', 'value': 154}}, {'type': {'displayName': 'RegularPlay', 'value': 22}}, {'type': {'displayName': 'RelatedEventId', 'value': 55}, 'value': '867'}, {'type': {'displayName': 'SmallBoxCentre', 'value': 16}}]",True,True,True,,867.0,333044.0
1903330,SecondHalf,86,7.0,87,Pass,Successful,29,West Ham,322596.0,Jarrod Bowen,50.3,50.1,35.0,51.3,,,,,"[{'type': {'displayName': 'Length', 'value': 212}, 'value': '16.1'}, {'type': {'displayName': 'PassEndY', 'value': 141}, 'value': '51.3'}, {'type': {'displayName': 'Angle', 'value': 213}, 'value': '3.09'}, {'type': {'displayName': 'Zone', 'value': 56}, 'value': 'Back'}, {'type': {'displayName': 'PassEndX', 'value': 140}, 'value': '35.0'}]",True,,,,,
1903330,SecondHalf,86,10.0,87,Pass,Successful,29,West Ham,368310.0,Maximilian Kilman,35.3,51.3,43.1,31.8,,,,,"[{'type': {'displayName': 'Zone', 'value': 56}, 'value': 'Back'}, {'type': {'displayName': 'Length', 'value': 212}, 'value': '15.6'}, {'type': {'displayName': 'PassEndX', 'value': 140}, 'value': '43.1'}, {'type': {'displayName': 'PassEndY', 'value': 141}, 'value': '31.8'}, {'type': {'displayName': 'Angle', 'value': 213}, 'value': '5.27'}]",True,,,,,
1903330,SecondHalf,86,12.0,87,Pass,Successful,29,West Ham,361710.0,Jean-Clair Todibo,43.1,31.8,46.1,8.2,,,,,"[{'type': {'displayName': 'PassEndY', 'value': 141}, 'value': '8.2'}, {'type': {'displayName': 'Angle', 'value': 213}, 'value': '4.91'}, {'type': {'displayName': 'Zone', 'value': 56}, 'value': 'Back'}, {'type': {'displayName': 'PassEndX', 'value': 140}, 'value': '46.1'}, {'type': {'displayName': 'Length', 'value': 212}, 'value': '16.4'}]",True,,,,,
1903330,SecondHalf,86,15.0,87,Pass,Successful,29,West Ham,313672.0,Kyle Walker-Peters,45.3,7.4,65.6,4.6,,,,,"[{'type': {'displayName': 'Length', 'value': 212}, 'value': '21.4'}, {'type': {'displayName': 'PassEndX', 'value': 140}, 'value': '65.6'}, {'type': {'displayName': 'Zone', 'value': 56}, 'value': 'Right'}, {'type': {'displayName': 'Angle', 'value': 213}, 'value': '6.19'}, {'type': {'displayName': 'PassEndY', 'value': 141}, 'value': '4.6'}]",True,,,,,
1903330,SecondHalf,86,19.0,87,Pass,Successful,29,West Ham,143595.0,Tomás Soucek,65.6,4.6,47.5,5.5,,,,,"[{'type': {'displayName': 'Zone', 'value': 56}, 'value': 'Back'}, {'type': {'displayName': 'Length', 'value': 212}, 'value': '19.0'}, {'type': {'displayName': 'PassEndX', 'value': 140}, 'value': '47.5'}, {'type': {'displayName': 'Angle', 'value': 213}, 'value': '3.11'}, {'type': {'displayName': 'PassEndY', 'value': 141}, 'value': '5.5'}]",True,,,,,
1903330,SecondHalf,86,20.0,87,Pass,Successful,29,West Ham,313672.0,Kyle Walker-Peters,47.5,5.5,42.3,20.3,,,,,"[{'type': {'displayName': 'Angle', 'value': 213}, 'value': '2.07'}, {'type': {'displayName': 'Zone', 'value': 56}, 'value': 'Back'}, {'type': {'displayName': 'PassEndY', 'value': 141}, 'value': '20.3'}, {'type': {'displayName': 'PassEndX', 'value': 140}, 'value': '42.3'}, {'type': {'displayName': 'Length', 'value': 212}, 'value': '11.4'}]",True,,,,,
1903330,SecondHalf,86,22.0,87,Pass,Successful,29,West Ham,361710.0,Jean-Clair Todibo,42.2,21.9,35.4,50.9,,,,,"[{'type': {'displayName': 'Length', 'value': 212}, 'value': '21.0'}, {'type': {'displayName': 'PassEndX', 'value': 140}, 'value': '35.4'}, {'type': {'displayName': 'Angle', 'value': 213}, 'value': '1.92'}, {'type': {'displayName': 'PassEndY', 'value': 141}, 'value': '50.9'}, {'type': {'displayName': 'Zone', 'value': 56}, 'value': 'Back'}]",True,,,,,
1903330,SecondHalf,86,27.0,87,Pass,Successful,29,West Ham,368310.0,Maximilian Kilman,46.2,54.0,43.9,32.2,,,,,"[{'type': {'displayName': 'Length', 'value': 212}, 'value': '15.0'}, {'type': {'displayName': 'PassEndY', 'value': 141}, 'value': '32.2'}, {'type': {'displayName': 'Angle', 'value': 213}, 'value': '4.55'}, {'type': {'displayName': 'Zone', 'value': 56}, 'value': 'Back'}, {'type': {'displayName': 'PassEndX', 'value': 140}, 'value': '43.9'}]",True,,,,,
1903330,SecondHalf,86,28.0,87,Pass,Successful,29,West Ham,361710.0,Jean-Clair Todibo,43.9,32.2,46.9,14.6,,,,,"[{'type': {'displayName': 'Length', 'value': 212}, 'value': '12.4'}, {'type': {'displayName': 'PassEndY', 'value': 141}, 'value': '14.6'}, {'type': {'displayName': 'PassEndX', 'value': 140}, 'value': '46.9'}, {'type': {'displayName': 'Angle', 'value': 213}, 'value': '4.97'}, {'type': {'displayName': 'Zone', 'value': 56}, 'value': 'Back'}]",True,,,,,
1903330,SecondHalf,86,33.0,87,Pass,Unsuccessful,29,West Ham,447231.0,Mateus Fernandes,51.8,17.4,81.3,86.3,,,,,"[{'type': {'displayName': 'Length', 'value': 212}, 'value': '56.2'}, {'type': {'displayName': 'Longball', 'value': 1}}, {'type': {'displayName': 'PassEndX', 'value': 140}, 'value': '81.3'}, {'type': {'displayName': 'Zone', 'value': 56}, 'value': 'Left'}, {'type': {'displayName': 'Angle', 'value': 213}, 'value': '0.99'}, {'type': {'displayName': 'Chipped', 'value': 155}}, {'type': {'displayName': 'PassEndY', 'value': 141}, 'value': '86.3'}]",True,,,,,
1903330,SecondHalf,86,35.0,87,Clearance,Successful,170,Fulham,141169.0,Timothy Castagne,24.7,10.5,33.1,0.0,,,,,"[{'type': {'displayName': 'PassEndY', 'value': 141}, 'value': '0.0'}, {'type': {'displayName': 'Angle', 'value': 213}, 'value': '5.55'}, {'type': {'displayName': 'Zone', 'value': 56}, 'value': 'Back'}, {'type': {'displayName': 'PassEndX', 'value': 140}, 'value': '33.1'}, {'type': {'displayName': 'Length', 'value': 212}, 'value': '11.9'}, {'type': {'displayName': 'Head', 'value': 15}}]",True,,,,,
1903330,SecondHalf,87,8.0,88,SubstitutionOff,Successful,170,Fulham,297395.0,Sasa Lukic,0.0,0.0,,,,,,,"[{'type': {'displayName': 'RelatedEventId', 'value': 55}, 'value': '874'}, {'type': {'displayName': 'PlayerPosition', 'value': 44}, 'value': 'Midfielder'}, {'type': {'displayName': 'JerseyNumber', 'value': 59}, 'value': '20'}]",False,,,,874.0,300359.0
1903330,SecondHalf,87,8.0,88,SubstitutionOn,Successful,170,Fulham,300359.0,Issa Diop,0.0,0.0,,,,,,,"[{'type': {'displayName': 'FormationSlot', 'value': 145}, 'value': '8'}, {'type': {'displayName': 'RelatedEventId', 'value': 55}, 'value': '873'}, {'type': {'displayName': 'PlayerPosition', 'value': 44}, 'value': 'Defender'}, {'type': {'displayName': 'JerseyNumber', 'value': 59}, 'value': '31'}]",False,,,,873.0,297395.0
1903330,SecondHalf,87,9.0,88,FormationChange,Successful,170,Fulham,,,0.0,0.0,,,,,,,"[{'type': {'displayName': 'JerseyNumber', 'value': 59}, 'value': '1, 21, 33, 15, 5, 31, 8, 16, 7, 10, 24, 23, 6, 11, 18, 38'}, {'type': {'displayName': 'TeamPlayerFormation', 'value': 131}, 'value': '1, 2, 3, 4, 5, 6, 7, 8, 9, 10, 11, 0, 0, 0, 0, 0'}, {'type': {'displayName': 'CaptainPlayerId', 'value': 194}, 'value': '231135'}, {'type': {'displayName': 'TeamFormation', 'value': 130}, 'value': '11'}, {'type': {'displayName': 'InvolvedPlayers', 'value': 30}, 'value': '92173,141169,306581,333182,231135,300359,333044,321020,108186,79583,515865,89928,135724,140088,547830,597683'}, {'type': {'displayName': 'PlayerPosition', 'value': 44}, 'value': '1, 2, 2, 2, 2, 2, 3, 3, 4, 3, 3, 5, 5, 5, 5, 5'}]",False,,,,,
1903330,SecondHalf,87,16.0,88,Pass,Successful,29,West Ham,459708.0,Ollie Scarles,69.8,100.0,56.6,83.2,,,,,"[{'type': {'displayName': 'PassEndY', 'value': 141}, 'value': '83.2'}, {'type': {'displayName': 'ThrowIn', 'value': 107}}, {'type': {'displayName': 'Angle', 'value': 213}, 'value': '3.87'}, {'type': {'displayName': 'PassEndX', 'value': 140}, 'value': '56.6'}, {'type': {'displayName': 'Zone', 'value': 56}, 'value': 'Left'}, {'type': {'displayName': 'Length', 'value': 212}, 'value': '18.6'}]",True,,,,,
1903330,SecondHalf,87,20.0,88,Pass,Successful,29,West Ham,368310.0,Maximilian Kilman,56.6,83.2,57.6,50.1,,,,,"[{'type': {'displayName': 'Length', 'value': 212}, 'value': '22.5'}, {'type': {'displayName': 'PassEndX', 'value': 140}, 'value': '57.6'}, {'type': {'displayName': 'Zone', 'value': 56}, 'value': 'Center'}, {'type': {'displayName': 'Angle', 'value': 213}, 'value': '4.76'}, {'type': {'displayName': 'PassEndY', 'value': 141}, 'value': '50.1'}]",True,,,,,
1903330,SecondHalf,87,22.0,88,Pass,Successful,29,West Ham,447231.0,Mateus Fernandes,59.8,47.5,63.0,63.1,,,,,"[{'type': {'displayName': 'Zone', 'value': 56}, 'value': 'Center'}, {'type': {'displayName': 'Length', 'value': 212}, 'value': '11.1'}, {'type': {'displayName': 'Angle', 'value': 213}, 'value': '1.26'}, {'type': {'displayName': 'PassEndX', 'value': 140}, 'value': '63.0'}, {'type': {'displayName': 'PassEndY', 'value': 141}, 'value': '63.1'}]",True,,,,,
1903330,SecondHalf,87,24.0,88,Pass,Successful,29,West Ham,429534.0,Freddie Potts,61.5,62.9,58.2,29.8,,,,,"[{'type': {'displayName': 'PassEndY', 'value': 141}, 'value': '29.8'}, {'type': {'displayName': 'Angle', 'value': 213}, 'value': '4.56'}, {'type': {'displayName': 'PassEndX', 'value': 140}, 'value': '58.2'}, {'type': {'displayName': 'Zone', 'value': 56}, 'value': 'Center'}, {'type': {'displayName': 'Length', 'value': 212}, 'value': '22.8'}]",True,,,,,
1903330,SecondHalf,87,27.0,88,Pass,Successful,29,West Ham,361710.0,Jean-Clair Todibo,59.1,31.5,58.2,57.2,,,,,"[{'type': {'displayName': 'Angle', 'value': 213}, 'value': '1.62'}, {'type': {'displayName': 'PassEndY', 'value': 141}, 'value': '57.2'}, {'type': {'displayName': 'Length', 'value': 212}, 'value': '17.5'}, {'type': {'displayName': 'PassEndX', 'value': 140}, 'value': '58.2'}, {'type': {'displayName': 'Zone', 'value': 56}, 'value': 'Center'}]",True,,,,,
1903330,SecondHalf,87,32.0,88,Pass,Successful,29,West Ham,447231.0,Mateus Fernandes,59.8,56.6,59.9,6.2,,,,,"[{'type': {'displayName': 'Angle', 'value': 213}, 'value': '4.72'}, {'type': {'displayName': 'Zone', 'value': 56}, 'value': 'Right'}, {'type': {'displayName': 'PassEndY', 'value': 141}, 'value': '6.2'}, {'type': {'displayName': 'Longball', 'value': 1}}, {'type': {'displayName': 'PassEndX', 'value': 140}, 'value': '59.9'}, {'type': {'displayName': 'Length', 'value': 212}, 'value': '34.3'}]",True,,,,,
1903330,SecondHalf,87,36.0,88,Pass,Successful,29,West Ham,429534.0,Freddie Potts,59.9,6.2,65.2,4.1,,,,,"[{'type': {'displayName': 'PassEndY', 'value': 141}, 'value': '4.1'}, {'type': {'displayName': 'Angle', 'value': 213}, 'value': '6.03'}, {'type': {'displayName': 'Zone', 'value': 56}, 'value': 'Right'}, {'type': {'displayName': 'Length', 'value': 212}, 'value': '5.7'}, {'type': {'displayName': 'PassEndX', 'value': 140}, 'value': '65.2'}]",True,,,,,
1903330,SecondHalf,87,38.0,88,Pass,Successful,29,West Ham,313672.0,Kyle Walker-Peters,63.1,5.9,64.9,19.4,,,,,"[{'type': {'displayName': 'Zone', 'value': 56}, 'value': 'Right'}, {'type': {'displayName': 'PassEndX', 'value': 140}, 'value': '64.9'}, {'type': {'displayName': 'Length', 'value': 212}, 'value': '9.4'}, {'type': {'displayName': 'PassEndY', 'value': 141}, 'value': '19.4'}, {'type': {'displayName': 'Angle', 'value': 213}, 'value': '1.37'}]",True,,,,,
1903330,SecondHalf,87,39.0,88,Pass,Unsuccessful,29,West Ham,447231.0,Mateus Fernandes,64.9,19.4,66.8,20.4,,,,,"[{'type': {'displayName': 'Angle', 'value': 213}, 'value': '0.33'}, {'type': {'displayName': 'PassEndY', 'value': 141}, 'value': '20.4'}, {'type': {'displayName': 'PassEndX', 'value': 140}, 'value': '66.8'}, {'type': {'displayName': 'Length', 'value': 212}, 'value': '2.1'}, {'type': {'displayName': 'Zone', 'value': 56}, 'value': 'Right'}]",True,,,,,
1903330,SecondHalf,87,40.0,88,BallRecovery,Successful,170,Fulham,79583.0,Tom Cairney,29.5,74.1,,,,,,,[],False,,,,,
1903330,SecondHalf,87,40.0,88,Pass,Successful,170,Fulham,79583.0,Tom Cairney,29.5,74.1,42.8,62.4,,,,,"[{'type': {'displayName': 'Length', 'value': 212}, 'value': '16.1'}, {'type': {'displayName': 'PassEndX', 'value': 140}, 'value': '42.8'}, {'type': {'displayName': 'Zone', 'value': 56}, 'value': 'Back'}, {'type': {'displayName': 'Angle', 'value': 213}, 'value': '5.77'}, {'type': {'displayName': 'PassEndY', 'value': 141}, 'value': '62.4'}]",True,,,,,
1903330,SecondHalf,87,43.0,88,Pass,Successful,170,Fulham,108186.0,Raúl Jiménez,46.1,57.0,47.9,39.6,,,,,"[{'type': {'displayName': 'Length', 'value': 212}, 'value': '12.0'}, {'type': {'displayName': 'Zone', 'value': 56}, 'value': 'Back'}, {'type': {'displayName': 'PassEndX', 'value': 140}, 'value': '47.9'}, {'type': {'displayName': 'Angle', 'value': 213}, 'value': '4.87'}, {'type': {'displayName': 'PassEndY', 'value': 141}, 'value': '39.6'}]",True,,,,,
1903330,SecondHalf,87,45.0,88,Pass,Successful,170,Fulham,333044.0,Harry Wilson,45.7,44.7,89.0,94.9,,,,,"[{'type': {'displayName': 'Angle', 'value': 213}, 'value': '0.64'}, {'type': {'displayName': 'PassEndX', 'value': 140}, 'value': '89.0'}, {'type': {'displayName': 'Chipped', 'value': 155}}, {'type': {'displayName': 'PassEndY', 'value': 141}, 'value': '94.9'}, {'type': {'displayName': 'Zone', 'value': 56}, 'value': 'Left'}, {'type': {'displayName': 'Longball', 'value': 1}}, {'type': {'displayName': 'Length', 'value': 212}, 'value': '56.9'}]",True,,,,,
1903330,SecondHalf,87,50.0,88,Pass,Successful,170,Fulham,306581.0,Antonee Robinson,91.7,94.6,84.0,75.6,,,,,"[{'type': {'displayName': 'PassEndX', 'value': 140}, 'value': '84.0'}, {'type': {'displayName': 'Length', 'value': 212}, 'value': '15.2'}, {'type': {'displayName': 'Zone', 'value': 56}, 'value': 'Center'}, {'type': {'displayName': 'PassEndY', 'value': 141}, 'value': '75.6'}, {'type': {'displayName': 'Angle', 'value': 213}, 'value': '4.15'}]",True,,,,,
1903330,SecondHalf,87,53.0,88,Pass,Successful,170,Fulham,515865.0,Josh King,84.0,75.7,72.6,89.1,,,,,"[{'type': {'displayName': 'Angle', 'value': 213}, 'value': '2.49'}, {'type': {'displayName': 'Zone', 'value': 56}, 'value': 'Left'}, {'type': {'displayName': 'PassEndY', 'value': 141}, 'value': '89.1'}, {'type': {'displayName': 'PassEndX', 'value': 140}, 'value': '72.6'}, {'type': {'displayName': 'Length', 'value': 212}, 'value': '15.0'}]",True,,,,,
1903330,SecondHalf,87,55.0,88,Pass,Successful,170,Fulham,79583.0,Tom Cairney,71.3,90.7,77.2,94.6,,,,,"[{'type': {'displayName': 'PassEndX', 'value': 140}, 'value': '77.2'}, {'type': {'displayName': 'PassEndY', 'value': 141}, 'value': '94.6'}, {'type': {'displayName': 'Zone', 'value': 56}, 'value': 'Left'}, {'type': {'displayName': 'Angle', 'value': 213}, 'value': '0.40'}, {'type': {'displayName': 'Length', 'value': 212}, 'value': '6.7'}]",True,,,,,
1903330,SecondHalf,87,56.0,88,Pass,Successful,170,Fulham,306581.0,Antonee Robinson,75.4,93.4,62.3,73.5,,,,,"[{'type': {'displayName': 'Length', 'value': 212}, 'value': '19.3'}, {'type': {'displayName': 'PassEndX', 'value': 140}, 'value': '62.3'}, {'type': {'displayName': 'Zone', 'value': 56}, 'value': 'Center'}, {'type': {'displayName': 'PassEndY', 'value': 141}, 'value': '73.5'}, {'type': {'displayName': 'Angle', 'value': 213}, 'value': '3.92'}]",True,,,,,
1903330,SecondHalf,88,0.0,89,Pass,Successful,170,Fulham,321020.0,Sander Berge,60.3,66.9,52.4,42.3,,,,,"[{'type': {'displayName': 'Length', 'value': 212}, 'value': '18.7'}, {'type': {'displayName': 'PassEndX', 'value': 140}, 'value': '52.4'}, {'type': {'displayName': 'Zone', 'value': 56}, 'value': 'Center'}, {'type': {'displayName': 'Angle', 'value': 213}, 'value': '4.25'}, {'type': {'displayName': 'PassEndY', 'value': 141}, 'value': '42.3'}]",True,,,,,
1903330,SecondHalf,88,5.0,89,Pass,Successful,170,Fulham,300359.0,Issa Diop,57.4,24.7,55.5,8.5,,,,,"[{'type': {'displayName': 'PassEndY', 'value': 141}, 'value': '8.5'}, {'type': {'displayName': 'PassEndX', 'value': 140}, 'value': '55.5'}, {'type': {'displayName': 'Angle', 'value': 213}, 'value': '4.53'}, {'type': {'displayName': 'Zone', 'value': 56}, 'value': 'Right'}, {'type': {'displayName': 'Length', 'value': 212}, 'value': '11.2'}]",True,,,,,
1903330,SecondHalf,88,6.0,89,Pass,Successful,170,Fulham,141169.0,Timothy Castagne,55.5,8.5,37.1,31.9,,,,,"[{'type': {'displayName': 'Length', 'value': 212}, 'value': '25.0'}, {'type': {'displayName': 'PassEndY', 'value': 141}, 'value': '31.9'}, {'type': {'displayName': 'PassEndX', 'value': 140}, 'value': '37.1'}, {'type': {'displayName': 'Angle', 'value': 213}, 'value': '2.45'}, {'type': {'displayName': 'Zone', 'value': 56}, 'value': 'Back'}]",True,,,,,
1903330,SecondHalf,88,10.0,89,Pass,Successful,170,Fulham,231135.0,Joachim Andersen,36.3,33.9,35.7,54.3,,,,,"[{'type': {'displayName': 'Zone', 'value': 56}, 'value': 'Back'}, {'type': {'displayName': 'Angle', 'value': 213}, 'value': '1.62'}, {'type': {'displayName': 'PassEndX', 'value': 140}, 'value': '35.7'}, {'type': {'displayName': 'PassEndY', 'value': 141}, 'value': '54.3'}, {'type': {'displayName': 'Length', 'value': 212}, 'value': '13.9'}]",True,,,,,
1903330,SecondHalf,88,13.0,89,Pass,Successful,170,Fulham,79583.0,Tom Cairney,37.1,55.5,29.7,53.8,,,,,"[{'type': {'displayName': 'PassEndX', 'value': 140}, 'value': '29.7'}, {'type': {'displayName': 'Length', 'value': 212}, 'value': '7.9'}, {'type': {'displayName': 'PassEndY', 'value': 141}, 'value': '53.8'}, {'type': {'displayName': 'Angle', 'value': 213}, 'value': '3.29'}, {'type': {'displayName': 'Zone', 'value': 56}, 'value': 'Back'}]",True,,,,,
1903330,SecondHalf,88,15.0,89,Pass,Successful,170,Fulham,231135.0,Joachim Andersen,31.7,66.9,31.2,81.1,,,,,"[{'type': {'displayName': 'PassEndX', 'value': 140}, 'value': '31.2'}, {'type': {'displayName': 'Zone', 'value': 56}, 'value': 'Back'}, {'type': {'displayName': 'Angle', 'value': 213}, 'value': '1.63'}, {'type': {'displayName': 'PassEndY', 'value': 141}, 'value': '81.1'}, {'type': {'displayName': 'Length', 'value': 212}, 'value': '9.7'}]",True,,,,,
1903330,SecondHalf,88,18.0,89,Pass,Successful,170,Fulham,333182.0,Jorge Cuenca,31.1,79.0,8.6,54.0,,,,,"[{'type': {'displayName': 'PassEndX', 'value': 140}, 'value': '8.6'}, {'type': {'displayName': 'PassEndY', 'value': 141}, 'value': '54.0'}, {'type': {'displayName': 'Length', 'value': 212}, 'value': '29.1'}, {'type': {'displayName': 'Zone', 'value': 56}, 'value': 'Back'}, {'type': {'displayName': 'Angle', 'value': 213}, 'value': '3.77'}]",True,,,,,
1903330,SecondHalf,88,21.0,89,Pass,Successful,170,Fulham,92173.0,Bernd Leno,6.7,45.9,30.3,7.3,,,,,"[{'type': {'displayName': 'PassEndY', 'value': 141}, 'value': '7.3'}, {'type': {'displayName': 'Angle', 'value': 213}, 'value': '5.47'}, {'type': {'displayName': 'Length', 'value': 212}, 'value': '36.1'}, {'type': {'displayName': 'Zone', 'value': 56}, 'value': 'Back'}, {'type': {'displayName': 'Longball', 'value': 1}}, {'type': {'displayName': 'PassEndX', 'value': 140}, 'value': '30.3'}, {'type': {'displayName': 'Chipped', 'value': 155}}]",True,,,,,
1903330,SecondHalf,88,24.0,89,Pass,Unsuccessful,170,Fulham,141169.0,Timothy Castagne,28.8,3.6,42.0,3.7,,,,,"[{'type': {'displayName': 'Zone', 'value': 56}, 'value': 'Back'}, {'type': {'displayName': 'Angle', 'value': 213}, 'value': '0.00'}, {'type': {'displayName': 'HeadPass', 'value': 3}}, {'type': {'displayName': 'Length', 'value': 212}, 'value': '13.9'}, {'type': {'displayName': 'PassEndX', 'value': 140}, 'value': '42.0'}, {'type': {'displayName': 'PassEndY', 'value': 141}, 'value': '3.7'}]",True,,,,,
1903330,SecondHalf,88,27.0,89,BallRecovery,Successful,29,West Ham,459708.0,Ollie Scarles,54.5,95.9,,,,,,,[],False,,,,,
1903330,SecondHalf,88,28.0,89,BallTouch,Unsuccessful,29,West Ham,459708.0,Ollie Scarles,54.5,95.9,,,,,,,"[{'type': {'displayName': 'Zone', 'value': 56}, 'value': 'Left'}]",True,,,,,
1903330,SecondHalf,88,41.0,89,Pass,Successful,170,Fulham,141169.0,Timothy Castagne,54.0,0.0,60.8,8.5,,,,,"[{'type': {'displayName': 'PassEndY', 'value': 141}, 'value': '8.5'}, {'type': {'displayName': 'Zone', 'value': 56}, 'value': 'Right'}, {'type': {'displayName': 'Length', 'value': 212}, 'value': '9.8'}, {'type': {'displayName': 'ThrowIn', 'value': 107}}, {'type': {'displayName': 'PassEndX', 'value': 140}, 'value': '60.8'}, {'type': {'displayName': 'Angle', 'value': 213}, 'value': '0.76'}]",True,,,,,
1903330,SecondHalf,88,42.0,89,Pass,Unsuccessful,170,Fulham,108186.0,Raúl Jiménez,58.4,8.5,58.8,7.8,,,,,"[{'type': {'displayName': 'Offensive', 'value': 286}}, {'type': {'displayName': 'Zone', 'value': 56}, 'value': 'Right'}, {'type': {'displayName': 'PassEndY', 'value': 141}, 'value': '7.8'}, {'type': {'displayName': 'Angle', 'value': 213}, 'value': '5.44'}, {'type': {'displayName': 'Length', 'value': 212}, 'value': '0.6'}, {'type': {'displayName': 'PassEndX', 'value': 140}, 'value': '58.8'}, {'type': {'displayName': 'OppositeRelatedEvent', 'value': 233}, 'value': '714'}]",True,,,,,
1903330,SecondHalf,88,42.0,89,BlockedPass,Successful,29,West Ham,368310.0,Maximilian Kilman,41.2,92.2,,,,,,,"[{'type': {'displayName': 'Zone', 'value': 56}, 'value': 'Back'}, {'type': {'displayName': 'Defensive', 'value': 285}}, {'type': {'displayName': 'OppositeRelatedEvent', 'value': 233}, 'value': '895'}]",True,,,,,
1903330,SecondHalf,88,42.0,89,Dispossessed,Successful,29,West Ham,368310.0,Maximilian Kilman,40.5,87.9,,,,,,,"[{'type': {'displayName': 'Zone', 'value': 56}, 'value': 'Back'}, {'type': {'displayName': 'OppositeRelatedEvent', 'value': 233}, 'value': '939'}, {'type': {'displayName': 'Offensive', 'value': 286}}]",True,,,,,
1903330,SecondHalf,88,43.0,89,Tackle,Unsuccessful,170,Fulham,108186.0,Raúl Jiménez,59.5,12.1,,,,,,,"[{'type': {'displayName': 'StandingSave', 'value': 178}}, {'type': {'displayName': 'Zone', 'value': 56}, 'value': 'Right'}, {'type': {'displayName': 'Defensive', 'value': 285}}, {'type': {'displayName': 'OppositeRelatedEvent', 'value': 233}, 'value': '716'}]",True,,,,,
1903330,SecondHalf,88,44.0,89,Dispossessed,Successful,29,West Ham,368310.0,Maximilian Kilman,40.7,91.3,,,,,,,"[{'type': {'displayName': 'OppositeRelatedEvent', 'value': 233}, 'value': '896'}, {'type': {'displayName': 'Offensive', 'value': 286}}, {'type': {'displayName': 'Zone', 'value': 56}, 'value': 'Back'}]",True,,,,,
1903330,SecondHalf,88,44.0,89,Tackle,Unsuccessful,170,Fulham,108186.0,Raúl Jiménez,59.3,8.7,,,,,,,"[{'type': {'displayName': 'StandingSave', 'value': 178}}, {'type': {'displayName': 'OppositeRelatedEvent', 'value': 233}, 'value': '793'}, {'type': {'displayName': 'Defensive', 'value': 285}}, {'type': {'displayName': 'Zone', 'value': 56}, 'value': 'Right'}]",True,,,,,
1903330,SecondHalf,88,44.0,89,Dispossessed,Successful,29,West Ham,368310.0,Maximilian Kilman,43.2,89.0,,,,,,,"[{'type': {'displayName': 'Zone', 'value': 56}, 'value': 'Back'}, {'type': {'displayName': 'OppositeRelatedEvent', 'value': 233}, 'value': '897'}, {'type': {'displayName': 'Offensive', 'value': 286}}]",True,,,,,
1903330,SecondHalf,88,44.0,89,Tackle,Unsuccessful,170,Fulham,141169.0,Timothy Castagne,56.8,11.0,,,,,,,"[{'type': {'displayName': 'OppositeRelatedEvent', 'value': 233}, 'value': '792'}, {'type': {'displayName': 'Zone', 'value': 56}, 'value': 'Right'}, {'type': {'displayName': 'StandingSave', 'value': 178}}, {'type': {'displayName': 'Defensive', 'value': 285}}]",True,,,,,
1903330,SecondHalf,88,45.0,89,BallTouch,Unsuccessful,29,West Ham,368310.0,Maximilian Kilman,43.0,87.6,,,,,,,"[{'type': {'displayName': 'Zone', 'value': 56}, 'value': 'Back'}]",True,,,,,
1903330,SecondHalf,88,46.0,89,Pass,Successful,170,Fulham,141169.0,Timothy Castagne,57.2,14.5,60.4,15.4,,,,,"[{'type': {'displayName': 'Length', 'value': 212}, 'value': '3.4'}, {'type': {'displayName': 'Angle', 'value': 213}, 'value': '0.18'}, {'type': {'displayName': 'PassEndY', 'value': 141}, 'value': '15.4'}, {'type': {'displayName': 'Zone', 'value': 56}, 'value': 'Right'}, {'type': {'displayName': 'PassEndX', 'value': 140}, 'value': '60.4'}]",True,,,,,
1903330,SecondHalf,88,47.0,89,BallTouch,Successful,170,Fulham,108186.0,Raúl Jiménez,59.4,14.7,,,,,,,"[{'type': {'displayName': 'Zone', 'value': 56}, 'value': 'Right'}]",True,,,,,
1903330,SecondHalf,88,49.0,89,BallTouch,Unsuccessful,170,Fulham,141169.0,Timothy Castagne,54.1,11.7,,,,,,,"[{'type': {'displayName': 'Zone', 'value': 56}, 'value': 'Right'}]",True,,,,,
1903330,SecondHalf,88,50.0,89,Pass,Successful,29,West Ham,143595.0,Tomás Soucek,43.2,86.3,40.8,79.3,,,,,"[{'type': {'displayName': 'PassEndY', 'value': 141}, 'value': '79.3'}, {'type': {'displayName': 'Angle', 'value': 213}, 'value': '4.23'}, {'type': {'displayName': 'Zone', 'value': 56}, 'value': 'Back'}, {'type': {'displayName': 'Length', 'value': 212}, 'value': '5.4'}, {'type': {'displayName': 'PassEndX', 'value': 140}, 'value': '40.8'}]",True,,,,,
1903330,SecondHalf,88,53.0,89,BallRecovery,Successful,29,West Ham,429534.0,Freddie Potts,41.2,55.8,,,,,,,[],False,,,,,
1903330,SecondHalf,88,53.0,89,Pass,Successful,29,West Ham,429534.0,Freddie Potts,41.2,55.8,59.2,8.6,,,,,"[{'type': {'displayName': 'Length', 'value': 212}, 'value': '37.2'}, {'type': {'displayName': 'PassEndX', 'value': 140}, 'value': '59.2'}, {'type': {'displayName': 'Longball', 'value': 1}}, {'type': {'displayName': 'PassEndY', 'value': 141}, 'value': '8.6'}, {'type': {'displayName': 'Zone', 'value': 56}, 'value': 'Right'}, {'type': {'displayName': 'Angle', 'value': 213}, 'value': '5.24'}]",True,,,,,
1903330,SecondHalf,89,3.0,90,Pass,Successful,29,West Ham,313672.0,Kyle Walker-Peters,59.3,13.1,54.6,23.4,,,,,"[{'type': {'displayName': 'Length', 'value': 212}, 'value': '8.6'}, {'type': {'displayName': 'PassEndY', 'value': 141}, 'value': '23.4'}, {'type': {'displayName': 'Zone', 'value': 56}, 'value': 'Center'}, {'type': {'displayName': 'Angle', 'value': 213}, 'value': '2.18'}, {'type': {'displayName': 'PassEndX', 'value': 140}, 'value': '54.6'}]",True,,,,,
1903330,SecondHalf,89,4.0,90,Pass,Successful,29,West Ham,429534.0,Freddie Potts,54.4,24.9,62.0,30.4,,,,,"[{'type': {'displayName': 'Length', 'value': 212}, 'value': '8.8'}, {'type': {'displayName': 'PassEndX', 'value': 140}, 'value': '62.0'}, {'type': {'displayName': 'Angle', 'value': 213}, 'value': '0.44'}, {'type': {'displayName': 'Zone', 'value': 56}, 'value': 'Center'}, {'type': {'displayName': 'PassEndY', 'value': 141}, 'value': '30.4'}]",True,,,,,
1903330,SecondHalf,89,6.0,90,Pass,Successful,29,West Ham,313672.0,Kyle Walker-Peters,60.5,33.0,45.7,44.0,,,,,"[{'type': {'displayName': 'PassEndY', 'value': 141}, 'value': '44.0'}, {'type': {'displayName': 'Angle', 'value': 213}, 'value': '2.69'}, {'type': {'displayName': 'Length', 'value': 212}, 'value': '17.2'}, {'type': {'displayName': 'Zone', 'value': 56}, 'value': 'Back'}, {'type': {'displayName': 'PassEndX', 'value': 140}, 'value': '45.7'}]",True,,,,,
1903330,SecondHalf,89,9.0,90,Pass,Successful,29,West Ham,361710.0,Jean-Clair Todibo,52.5,44.3,55.8,28.5,,,,,"[{'type': {'displayName': 'Angle', 'value': 213}, 'value': '5.02'}, {'type': {'displayName': 'PassEndY', 'value': 141}, 'value': '28.5'}, {'type': {'displayName': 'PassEndX', 'value': 140}, 'value': '55.8'}, {'type': {'displayName': 'Length', 'value': 212}, 'value': '11.3'}, {'type': {'displayName': 'Zone', 'value': 56}, 'value': 'Center'}]",True,,,,,
1903330,SecondHalf,89,12.0,90,Pass,Unsuccessful,29,West Ham,429534.0,Freddie Potts,57.0,34.5,80.2,80.6,,,,,"[{'type': {'displayName': 'Angle', 'value': 213}, 'value': '0.91'}, {'type': {'displayName': 'PassEndX', 'value': 140}, 'value': '80.2'}, {'type': {'displayName': 'Length', 'value': 212}, 'value': '39.7'}, {'type': {'displayName': 'Chipped', 'value': 155}}, {'type': {'displayName': 'Zone', 'value': 56}, 'value': 'Left'}, {'type': {'displayName': 'Longball', 'value': 1}}, {'type': {'displayName': 'PassEndY', 'value': 141}, 'value': '80.6'}]",True,,,,,
1903330,SecondHalf,89,15.0,90,Clearance,Successful,170,Fulham,141169.0,Timothy Castagne,22.9,11.5,39.5,0.0,,,,,"[{'type': {'displayName': 'Zone', 'value': 56}, 'value': 'Back'}, {'type': {'displayName': 'Head', 'value': 15}}, {'type': {'displayName': 'PassEndX', 'value': 140}, 'value': '39.5'}, {'type': {'displayName': 'Length', 'value': 212}, 'value': '19.6'}, {'type': {'displayName': 'PassEndY', 'value': 141}, 'value': '0.0'}, {'type': {'displayName': 'Angle', 'value': 213}, 'value': '5.81'}]",True,,,,,
1903330,SecondHalf,89,30.0,90,Pass,Unsuccessful,29,West Ham,459708.0,Ollie Scarles,59.5,100.0,80.2,90.5,,,,,"[{'type': {'displayName': 'Length', 'value': 212}, 'value': '23.1'}, {'type': {'displayName': 'Zone', 'value': 56}, 'value': 'Left'}, {'type': {'displayName': 'PassEndY', 'value': 141}, 'value': '90.5'}, {'type': {'displayName': 'Longball', 'value': 1}}, {'type': {'displayName': 'Angle', 'value': 213}, 'value': '5.94'}, {'type': {'displayName': 'ThrowIn', 'value': 107}}, {'type': {'displayName': 'PassEndX', 'value': 140}, 'value': '80.2'}]",True,,,,,
1903330,SecondHalf,89,32.0,90,Interception,Successful,170,Fulham,141169.0,Timothy Castagne,19.8,9.5,,,,,,,"[{'type': {'displayName': 'Head', 'value': 15}}, {'type': {'displayName': 'Zone', 'value': 56}, 'value': 'Back'}]",True,,,,,
1903330,SecondHalf,89,33.0,90,Clearance,Successful,170,Fulham,231135.0,Joachim Andersen,13.2,8.1,17.6,0.0,,,,,"[{'type': {'displayName': 'Angle', 'value': 213}, 'value': '5.36'}, {'type': {'displayName': 'PassEndY', 'value': 141}, 'value': '0.0'}, {'type': {'displayName': 'PassEndX', 'value': 140}, 'value': '17.6'}, {'type': {'displayName': 'Zone', 'value': 56}, 'value': 'Back'}, {'type': {'displayName': 'Length', 'value': 212}, 'value': '7.6'}]",True,,,,,
1903330,SecondHalf,89,35.0,90,Pass,Successful,29,West Ham,134115.0,Callum Wilson,87.0,100.0,79.9,95.1,,,,,"[{'type': {'displayName': 'Zone', 'value': 56}, 'value': 'Left'}, {'type': {'displayName': 'Angle', 'value': 213}, 'value': '3.66'}, {'type': {'displayName': 'Length', 'value': 212}, 'value': '8.6'}, {'type': {'displayName': 'ThrowIn', 'value': 107}}, {'type': {'displayName': 'PassEndY', 'value': 141}, 'value': '95.1'}, {'type': {'displayName': 'PassEndX', 'value': 140}, 'value': '79.9'}]",True,,,,,
1903330,SecondHalf,89,38.0,90,Pass,Successful,29,West Ham,459708.0,Ollie Scarles,78.2,95.6,62.8,93.6,,,,,"[{'type': {'displayName': 'Angle', 'value': 213}, 'value': '3.23'}, {'type': {'displayName': 'PassEndX', 'value': 140}, 'value': '62.8'}, {'type': {'displayName': 'PassEndY', 'value': 141}, 'value': '93.6'}, {'type': {'displayName': 'Length', 'value': 212}, 'value': '16.2'}, {'type': {'displayName': 'Zone', 'value': 56}, 'value': 'Left'}]",True,,,,,
1903330,SecondHalf,89,39.0,90,Pass,Successful,29,West Ham,368310.0,Maximilian Kilman,62.8,93.6,67.2,87.8,,,,,"[{'type': {'displayName': 'Zone', 'value': 56}, 'value': 'Left'}, {'type': {'displayName': 'Angle', 'value': 213}, 'value': '5.58'}, {'type': {'displayName': 'PassEndY', 'value': 141}, 'value': '87.8'}, {'type': {'displayName': 'PassEndX', 'value': 140}, 'value': '67.2'}, {'type': {'displayName': 'Length', 'value': 212}, 'value': '6.1'}]",True,,,,,
1903330,SecondHalf,89,40.0,90,Pass,Successful,29,West Ham,491564.0,George Earthy,67.2,87.8,42.1,64.6,,,,,"[{'type': {'displayName': 'LayOff', 'value': 156}}, {'type': {'displayName': 'Zone', 'value': 56}, 'value': 'Back'}, {'type': {'displayName': 'Length', 'value': 212}, 'value': '30.7'}, {'type': {'displayName': 'Angle', 'value': 213}, 'value': '3.68'}, {'type': {'displayName': 'PassEndY', 'value': 141}, 'value': '64.6'}, {'type': {'displayName': 'PassEndX', 'value': 140}, 'value': '42.1'}]",True,,,,,
1903330,SecondHalf,89,42.0,90,Pass,Successful,29,West Ham,361710.0,Jean-Clair Todibo,42.1,64.6,57.5,38.5,,,,,"[{'type': {'displayName': 'Zone', 'value': 56}, 'value': 'Center'}, {'type': {'displayName': 'Length', 'value': 212}, 'value': '24.0'}, {'type': {'displayName': 'PassEndX', 'value': 140}, 'value': '57.5'}, {'type': {'displayName': 'PassEndY', 'value': 141}, 'value': '38.5'}, {'type': {'displayName': 'Angle', 'value': 213}, 'value': '5.45'}]",True,,,,,
1903330,SecondHalf,89,45.0,90,Pass,Successful,29,West Ham,447231.0,Mateus Fernandes,57.5,38.5,63.7,8.2,,,,,"[{'type': {'displayName': 'PassEndY', 'value': 141}, 'value': '8.2'}, {'type': {'displayName': 'PassEndX', 'value': 140}, 'value': '63.7'}, {'type': {'displayName': 'Zone', 'value': 56}, 'value': 'Right'}, {'type': {'displayName': 'Angle', 'value': 213}, 'value': '5.02'}, {'type': {'displayName': 'Length', 'value': 212}, 'value': '21.6'}]",True,,,,,
1903330,SecondHalf,89,48.0,90,Pass,Successful,29,West Ham,313672.0,Kyle Walker-Peters,63.7,8.2,73.3,2.3,,,,,"[{'type': {'displayName': 'Angle', 'value': 213}, 'value': '5.90'}, {'type': {'displayName': 'PassEndY', 'value': 141}, 'value': '2.3'}, {'type': {'displayName': 'Length', 'value': 212}, 'value': '10.8'}, {'type': {'displayName': 'PassEndX', 'value': 140}, 'value': '73.3'}, {'type': {'displayName': 'Zone', 'value': 56}, 'value': 'Right'}]",True,,,,,
1903330,SecondHalf,89,54.0,90,Pass,Successful,29,West Ham,322596.0,Jarrod Bowen,67.8,22.7,70.4,6.4,,,,,"[{'type': {'displayName': 'PassEndX', 'value': 140}, 'value': '70.4'}, {'type': {'displayName': 'Length', 'value': 212}, 'value': '11.4'}, {'type': {'displayName': 'Zone', 'value': 56}, 'value': 'Right'}, {'type': {'displayName': 'Angle', 'value': 213}, 'value': '4.95'}, {'type': {'displayName': 'PassEndY', 'value': 141}, 'value': '6.4'}]",True,,,,,
1903330,SecondHalf,89,56.0,90,Pass,Successful,29,West Ham,447231.0,Mateus Fernandes,70.4,6.4,90.3,57.6,,,,,"[{'type': {'displayName': 'PassEndY', 'value': 141}, 'value': '57.6'}, {'type': {'displayName': 'RightFoot', 'value': 20}}, {'type': {'displayName': 'Angle', 'value': 213}, 'value': '1.03'}, {'type': {'displayName': 'Zone', 'value': 56}, 'value': 'Center'}, {'type': {'displayName': 'Cross', 'value': 2}}, {'type': {'displayName': 'Longball', 'value': 1}}, {'type': {'displayName': 'PassEndX', 'value': 140}, 'value': '90.3'}, {'type': {'displayName': 'Length', 'value': 212}, 'value': '40.6'}, {'type': {'displayName': 'Chipped', 'value': 155}}]",True,,,,,
1903330,SecondHalf,89,59.0,90,Pass,Unsuccessful,29,West Ham,143595.0,Tomás Soucek,90.6,58.2,90.8,47.3,,,,,"[{'type': {'displayName': 'Angle', 'value': 213}, 'value': '4.74'}, {'type': {'displayName': 'PassEndX', 'value': 140}, 'value': '90.8'}, {'type': {'displayName': 'HeadPass', 'value': 3}}, {'type': {'displayName': 'PassEndY', 'value': 141}, 'value': '47.3'}, {'type': {'displayName': 'Zone', 'value': 56}, 'value': 'Center'}, {'type': {'displayName': 'Length', 'value': 212}, 'value': '7.4'}]",True,,,,,
1903330,SecondHalf,90,1.0,91,Clearance,Successful,170,Fulham,300359.0,Issa Diop,8.9,44.2,18.6,43.2,,,,,"[{'type': {'displayName': 'PassEndY', 'value': 141}, 'value': '43.2'}, {'type': {'displayName': 'Angle', 'value': 213}, 'value': '6.22'}, {'type': {'displayName': 'Zone', 'value': 56}, 'value': 'Back'}, {'type': {'displayName': 'Length', 'value': 212}, 'value': '10.2'}, {'type': {'displayName': 'PassEndX', 'value': 140}, 'value': '18.6'}]",True,,,,,
1903330,SecondHalf,90,2.0,91,Aerial,Successful,29,West Ham,322596.0,Jarrod Bowen,81.4,56.8,,,,,,,"[{'type': {'displayName': 'Zone', 'value': 56}, 'value': 'Center'}, {'type': {'displayName': 'OppositeRelatedEvent', 'value': 233}, 'value': '907'}, {'type': {'displayName': 'Offensive', 'value': 286}}]",False,,,,,
1903330,SecondHalf,90,2.0,91,Aerial,Unsuccessful,170,Fulham,333044.0,Harry Wilson,18.6,43.2,,,,,,,"[{'type': {'displayName': 'OppositeRelatedEvent', 'value': 233}, 'value': '739'}, {'type': {'displayName': 'Zone', 'value': 56}, 'value': 'Back'}, {'type': {'displayName': 'Defensive', 'value': 285}}]",False,,,,,
1903330,SecondHalf,90,3.0,91,Pass,Successful,29,West Ham,322596.0,Jarrod Bowen,81.4,56.8,80.8,63.6,,,,,"[{'type': {'displayName': 'HeadPass', 'value': 3}}, {'type': {'displayName': 'PassEndY', 'value': 141}, 'value': '63.6'}, {'type': {'displayName': 'Angle', 'value': 213}, 'value': '1.71'}, {'type': {'displayName': 'Zone', 'value': 56}, 'value': 'Center'}, {'type': {'displayName': 'Length', 'value': 212}, 'value': '4.7'}, {'type': {'displayName': 'PassEndX', 'value': 140}, 'value': '80.8'}]",True,,,,,
1903330,SecondHalf,90,5.0,91,Pass,Successful,29,West Ham,459708.0,Ollie Scarles,80.8,63.7,79.4,61.5,,,,,"[{'type': {'displayName': 'Angle', 'value': 213}, 'value': '3.94'}, {'type': {'displayName': 'PassEndY', 'value': 141}, 'value': '61.5'}, {'type': {'displayName': 'PassEndX', 'value': 140}, 'value': '79.4'}, {'type': {'displayName': 'Zone', 'value': 56}, 'value': 'Center'}, {'type': {'displayName': 'Length', 'value': 212}, 'value': '2.1'}]",True,,,,,
1903330,SecondHalf,90,7.0,91,Pass,Successful,29,West Ham,491564.0,George Earthy,86.5,64.5,88.3,79.0,,,,,"[{'type': {'displayName': 'Length', 'value': 212}, 'value': '10.0'}, {'type': {'displayName': 'Zone', 'value': 56}, 'value': 'Left'}, {'type': {'displayName': 'PassEndX', 'value': 140}, 'value': '88.3'}, {'type': {'displayName': 'PassEndY', 'value': 141}, 'value': '79.0'}, {'type': {'displayName': 'Angle', 'value': 213}, 'value': '1.38'}]",True,,,,,
1903330,SecondHalf,90,8.0,91,Pass,Unsuccessful,29,West Ham,143595.0,Tomás Soucek,88.3,79.0,89.1,72.3,,,,,"[{'type': {'displayName': 'Offensive', 'value': 286}}, {'type': {'displayName': 'PassEndX', 'value': 140}, 'value': '89.1'}, {'type': {'displayName': 'RightFoot', 'value': 20}}, {'type': {'displayName': 'Angle', 'value': 213}, 'value': '4.89'}, {'type': {'displayName': 'Chipped', 'value': 155}}, {'type': {'displayName': 'OppositeRelatedEvent', 'value': 233}, 'value': '908'}, {'type': {'displayName': 'Cross', 'value': 2}}, {'type': {'displayName': 'PassEndY', 'value': 141}, 'value': '72.3'}, {'type': {'displayName': 'Zone', 'value': 56}, 'value': 'Center'}, {'type': {'displayName': 'Length', 'value': 212}, 'value': '4.6'}]",True,,,,,
1903330,SecondHalf,90,8.0,91,Clearance,Successful,170,Fulham,141169.0,Timothy Castagne,10.9,27.7,,,,,,,"[{'type': {'displayName': 'BlockedCross', 'value': 185}}, {'type': {'displayName': 'OppositeRelatedEvent', 'value': 233}, 'value': '743'}, {'type': {'displayName': 'Zone', 'value': 56}, 'value': 'Back'}]",True,,,,,
1903330,SecondHalf,90,11.0,91,BallRecovery,Successful,170,Fulham,333044.0,Harry Wilson,21.7,31.8,,,,,,,[],False,,,,,
1903330,SecondHalf,90,11.0,91,Clearance,Successful,170,Fulham,333044.0,Harry Wilson,20.5,30.9,60.3,2.5,,,,,"[{'type': {'displayName': 'Angle', 'value': 213}, 'value': '5.85'}, {'type': {'displayName': 'Length', 'value': 212}, 'value': '46.0'}, {'type': {'displayName': 'PassEndX', 'value': 140}, 'value': '60.3'}, {'type': {'displayName': 'Zone', 'value': 56}, 'value': 'Right'}, {'type': {'displayName': 'PassEndY', 'value': 141}, 'value': '2.5'}]",True,,,,,
1903330,SecondHalf,90,17.0,91,BallRecovery,Successful,29,West Ham,368310.0,Maximilian Kilman,41.7,94.2,,,,,,,[],False,,,,,
1903330,SecondHalf,90,18.0,91,Pass,Successful,29,West Ham,368310.0,Maximilian Kilman,41.7,94.2,43.6,74.4,,,,,"[{'type': {'displayName': 'Length', 'value': 212}, 'value': '13.6'}, {'type': {'displayName': 'Zone', 'value': 56}, 'value': 'Back'}, {'type': {'displayName': 'PassEndX', 'value': 140}, 'value': '43.6'}, {'type': {'displayName': 'PassEndY', 'value': 141}, 'value': '74.4'}, {'type': {'displayName': 'Angle', 'value': 213}, 'value': '4.86'}]",True,,,,,
1903330,SecondHalf,90,20.0,91,Pass,Successful,29,West Ham,361710.0,Jean-Clair Todibo,43.6,74.4,50.5,85.4,,,,,"[{'type': {'displayName': 'PassEndY', 'value': 141}, 'value': '85.4'}, {'type': {'displayName': 'Zone', 'value': 56}, 'value': 'Left'}, {'type': {'displayName': 'Length', 'value': 212}, 'value': '10.4'}, {'type': {'displayName': 'PassEndX', 'value': 140}, 'value': '50.5'}, {'type': {'displayName': 'Angle', 'value': 213}, 'value': '0.80'}]",True,,,,,
1903330,SecondHalf,90,23.0,91,Pass,Successful,29,West Ham,368310.0,Maximilian Kilman,53.9,87.1,64.6,93.9,,,,,"[{'type': {'displayName': 'Zone', 'value': 56}, 'value': 'Left'}, {'type': {'displayName': 'Length', 'value': 212}, 'value': '12.1'}, {'type': {'displayName': 'PassEndX', 'value': 140}, 'value': '64.6'}, {'type': {'displayName': 'Angle', 'value': 213}, 'value': '0.39'}, {'type': {'displayName': 'PassEndY', 'value': 141}, 'value': '93.9'}]",True,,,,,
1903330,SecondHalf,90,25.0,91,Pass,Successful,29,West Ham,459708.0,Ollie Scarles,64.6,93.9,41.0,91.2,,,,,"[{'type': {'displayName': 'PassEndY', 'value': 141}, 'value': '91.2'}, {'type': {'displayName': 'Angle', 'value': 213}, 'value': '3.22'}, {'type': {'displayName': 'Length', 'value': 212}, 'value': '24.8'}, {'type': {'displayName': 'Zone', 'value': 56}, 'value': 'Back'}, {'type': {'displayName': 'PassEndX', 'value': 140}, 'value': '41.0'}]",True,,,,,
1903330,SecondHalf,90,26.0,91,Pass,Successful,29,West Ham,368310.0,Maximilian Kilman,40.4,91.5,28.6,72.1,,,,,"[{'type': {'displayName': 'PassEndX', 'value': 140}, 'value': '28.6'}, {'type': {'displayName': 'Angle', 'value': 213}, 'value': '3.96'}, {'type': {'displayName': 'Length', 'value': 212}, 'value': '18.1'}, {'type': {'displayName': 'Zone', 'value': 56}, 'value': 'Back'}, {'type': {'displayName': 'PassEndY', 'value': 141}, 'value': '72.1'}]",True,,,,,
1903330,SecondHalf,90,28.0,91,Pass,Successful,29,West Ham,361710.0,Jean-Clair Todibo,28.6,72.1,17.1,50.0,,,,,"[{'type': {'displayName': 'Angle', 'value': 213}, 'value': '4.04'}, {'type': {'displayName': 'Zone', 'value': 56}, 'value': 'Back'}, {'type': {'displayName': 'PassEndY', 'value': 141}, 'value': '50.0'}, {'type': {'displayName': 'PassEndX', 'value': 140}, 'value': '17.1'}, {'type': {'displayName': 'Length', 'value': 212}, 'value': '19.3'}]",True,,,,,
1903330,SecondHalf,90,32.0,91,Pass,Successful,29,West Ham,92516.0,Alphonse Areola,18.1,49.6,26.0,46.3,,,,,"[{'type': {'displayName': 'PassEndX', 'value': 140}, 'value': '26.0'}, {'type': {'displayName': 'Angle', 'value': 213}, 'value': '6.02'}, {'type': {'displayName': 'PassEndY', 'value': 141}, 'value': '46.3'}, {'type': {'displayName': 'Length', 'value': 212}, 'value': '8.6'}, {'type': {'displayName': 'Zone', 'value': 56}, 'value': 'Back'}]",True,,,,,
1903330,SecondHalf,90,35.0,91,Pass,Successful,29,West Ham,447231.0,Mateus Fernandes,27.4,45.8,34.2,61.7,,,,,"[{'type': {'displayName': 'PassEndY', 'value': 141}, 'value': '61.7'}, {'type': {'displayName': 'Zone', 'value': 56}, 'value': 'Back'}, {'type': {'displayName': 'Length', 'value': 212}, 'value': '13.0'}, {'type': {'displayName': 'PassEndX', 'value': 140}, 'value': '34.2'}, {'type': {'displayName': 'Angle', 'value': 213}, 'value': '0.99'}]",True,,,,,
1903330,SecondHalf,90,37.0,91,Pass,Successful,29,West Ham,361710.0,Jean-Clair Todibo,35.3,61.7,39.3,88.0,,,,,"[{'type': {'displayName': 'PassEndY', 'value': 141}, 'value': '88.0'}, {'type': {'displayName': 'Zone', 'value': 56}, 'value': 'Back'}, {'type': {'displayName': 'Length', 'value': 212}, 'value': '18.4'}, {'type': {'displayName': 'PassEndX', 'value': 140}, 'value': '39.3'}, {'type': {'displayName': 'Angle', 'value': 213}, 'value': '1.34'}]",True,,,,,
1903330,SecondHalf,90,39.0,91,Pass,Successful,29,West Ham,368310.0,Maximilian Kilman,40.1,89.0,47.7,90.2,,,,,"[{'type': {'displayName': 'Angle', 'value': 213}, 'value': '0.10'}, {'type': {'displayName': 'Zone', 'value': 56}, 'value': 'Back'}, {'type': {'displayName': 'Length', 'value': 212}, 'value': '8.0'}, {'type': {'displayName': 'PassEndY', 'value': 141}, 'value': '90.2'}, {'type': {'displayName': 'PassEndX', 'value': 140}, 'value': '47.7'}]",True,,,,,
1903330,SecondHalf,90,43.0,91,Pass,Successful,29,West Ham,491564.0,George Earthy,46.7,90.8,35.3,91.1,,,,,"[{'type': {'displayName': 'Zone', 'value': 56}, 'value': 'Back'}, {'type': {'displayName': 'Length', 'value': 212}, 'value': '12.0'}, {'type': {'displayName': 'PassEndX', 'value': 140}, 'value': '35.3'}, {'type': {'displayName': 'PassEndY', 'value': 141}, 'value': '91.1'}, {'type': {'displayName': 'Angle', 'value': 213}, 'value': '3.12'}]",True,,,,,
1903330,SecondHalf,90,46.0,91,Pass,Successful,29,West Ham,368310.0,Maximilian Kilman,37.4,88.1,31.6,63.1,,,,,"[{'type': {'displayName': 'Angle', 'value': 213}, 'value': '4.37'}, {'type': {'displayName': 'PassEndY', 'value': 141}, 'value': '63.1'}, {'type': {'displayName': 'PassEndX', 'value': 140}, 'value': '31.6'}, {'type': {'displayName': 'Length', 'value': 212}, 'value': '18.1'}, {'type': {'displayName': 'Zone', 'value': 56}, 'value': 'Back'}]",True,,,,,
1903330,SecondHalf,90,50.0,91,Pass,Successful,29,West Ham,361710.0,Jean-Clair Todibo,32.9,54.8,33.5,31.9,,,,,"[{'type': {'displayName': 'PassEndY', 'value': 141}, 'value': '31.9'}, {'type': {'displayName': 'Angle', 'value': 213}, 'value': '4.75'}, {'type': {'displayName': 'PassEndX', 'value': 140}, 'value': '33.5'}, {'type': {'displayName': 'Length', 'value': 212}, 'value': '15.6'}, {'type': {'displayName': 'Zone', 'value': 56}, 'value': 'Back'}]",True,,,,,
1903330,SecondHalf,90,54.0,91,Pass,Successful,29,West Ham,447231.0,Mateus Fernandes,35.3,34.2,42.2,60.8,,,,,"[{'type': {'displayName': 'PassEndY', 'value': 141}, 'value': '60.8'}, {'type': {'displayName': 'Zone', 'value': 56}, 'value': 'Back'}, {'type': {'displayName': 'PassEndX', 'value': 140}, 'value': '42.2'}, {'type': {'displayName': 'Angle', 'value': 213}, 'value': '1.19'}, {'type': {'displayName': 'Length', 'value': 212}, 'value': '19.5'}]",True,,,,,
1903330,SecondHalf,90,56.0,91,Pass,Successful,29,West Ham,429534.0,Freddie Potts,45.5,62.4,63.0,92.1,,,,,"[{'type': {'displayName': 'PassEndX', 'value': 140}, 'value': '63.0'}, {'type': {'displayName': 'Angle', 'value': 213}, 'value': '0.83'}, {'type': {'displayName': 'Length', 'value': 212}, 'value': '27.3'}, {'type': {'displayName': 'PassEndY', 'value': 141}, 'value': '92.1'}, {'type': {'displayName': 'Zone', 'value': 56}, 'value': 'Left'}]",True,,,,,
1903330,SecondHalf,91,0.0,92,Pass,Successful,29,West Ham,459708.0,Ollie Scarles,62.8,92.3,42.6,84.8,,,,,"[{'type': {'displayName': 'Length', 'value': 212}, 'value': '21.8'}, {'type': {'displayName': 'PassEndX', 'value': 140}, 'value': '42.6'}, {'type': {'displayName': 'Angle', 'value': 213}, 'value': '3.38'}, {'type': {'displayName': 'Zone', 'value': 56}, 'value': 'Back'}, {'type': {'displayName': 'PassEndY', 'value': 141}, 'value': '84.8'}]",True,,,,,
1903330,SecondHalf,91,2.0,92,Pass,Successful,29,West Ham,368310.0,Maximilian Kilman,42.5,84.5,43.1,43.3,,,,,"[{'type': {'displayName': 'Angle', 'value': 213}, 'value': '4.73'}, {'type': {'displayName': 'PassEndY', 'value': 141}, 'value': '43.3'}, {'type': {'displayName': 'PassEndX', 'value': 140}, 'value': '43.1'}, {'type': {'displayName': 'Zone', 'value': 56}, 'value': 'Back'}, {'type': {'displayName': 'Length', 'value': 212}, 'value': '28.0'}]",True,,,,,
1903330,SecondHalf,91,6.0,92,Pass,Successful,29,West Ham,361710.0,Jean-Clair Todibo,46.8,44.6,61.0,4.9,,,,,"[{'type': {'displayName': 'PassEndX', 'value': 140}, 'value': '61.0'}, {'type': {'displayName': 'PassEndY', 'value': 141}, 'value': '4.9'}, {'type': {'displayName': 'Length', 'value': 212}, 'value': '30.8'}, {'type': {'displayName': 'Angle', 'value': 213}, 'value': '5.22'}, {'type': {'displayName': 'Zone', 'value': 56}, 'value': 'Right'}]",True,,,,,
1903330,SecondHalf,91,11.0,92,Pass,Successful,29,West Ham,313672.0,Kyle Walker-Peters,58.1,13.5,63.1,20.6,,,,,"[{'type': {'displayName': 'Length', 'value': 212}, 'value': '7.1'}, {'type': {'displayName': 'PassEndX', 'value': 140}, 'value': '63.1'}, {'type': {'displayName': 'Zone', 'value': 56}, 'value': 'Right'}, {'type': {'displayName': 'PassEndY', 'value': 141}, 'value': '20.6'}, {'type': {'displayName': 'Angle', 'value': 213}, 'value': '0.74'}]",True,,,,,
1903330,SecondHalf,91,13.0,92,Pass,Successful,29,West Ham,143595.0,Tomás Soucek,63.1,20.6,73.0,7.9,,,,,"[{'type': {'displayName': 'Length', 'value': 212}, 'value': '13.5'}, {'type': {'displayName': 'PassEndX', 'value': 140}, 'value': '73.0'}, {'type': {'displayName': 'Angle', 'value': 213}, 'value': '5.59'}, {'type': {'displayName': 'Zone', 'value': 56}, 'value': 'Right'}, {'type': {'displayName': 'PassEndY', 'value': 141}, 'value': '7.9'}]",True,,,,,
1903330,SecondHalf,91,18.0,92,Pass,Unsuccessful,29,West Ham,322596.0,Jarrod Bowen,88.8,11.6,89.1,13.8,,,,,"[{'type': {'displayName': 'Cross', 'value': 2}}, {'type': {'displayName': 'PassEndX', 'value': 140}, 'value': '89.1'}, {'type': {'displayName': 'RightFoot', 'value': 20}}, {'type': {'displayName': 'PassEndY', 'value': 141}, 'value': '13.8'}, {'type': {'displayName': 'Angle', 'value': 213}, 'value': '1.36'}, {'type': {'displayName': 'Zone', 'value': 56}, 'value': 'Right'}, {'type': {'displayName': 'Offensive', 'value': 286}}, {'type': {'displayName': 'Length', 'value': 212}, 'value': '1.5'}, {'type': {'displayName': 'OppositeRelatedEvent', 'value': 233}, 'value': '911'}]",True,,,,,
1903330,SecondHalf,91,18.0,92,Clearance,Successful,170,Fulham,333182.0,Jorge Cuenca,10.9,86.2,,,,,,,"[{'type': {'displayName': 'OppositeRelatedEvent', 'value': 233}, 'value': '766'}, {'type': {'displayName': 'Zone', 'value': 56}, 'value': 'Back'}, {'type': {'displayName': 'BlockedCross', 'value': 185}}]",True,,,,,
1903330,SecondHalf,91,21.0,92,Clearance,Successful,170,Fulham,515865.0,Josh King,9.0,95.7,29.2,95.7,,,,,"[{'type': {'displayName': 'PassEndY', 'value': 141}, 'value': '95.7'}, {'type': {'displayName': 'Length', 'value': 212}, 'value': '21.2'}, {'type': {'displayName': 'Zone', 'value': 56}, 'value': 'Back'}, {'type': {'displayName': 'Angle', 'value': 213}, 'value': '0.00'}, {'type': {'displayName': 'PassEndX', 'value': 140}, 'value': '29.2'}]",True,,,,,
1903330,SecondHalf,91,25.0,92,Pass,Successful,29,West Ham,313672.0,Kyle Walker-Peters,69.2,4.9,77.3,2.6,,,,,"[{'type': {'displayName': 'PassEndY', 'value': 141}, 'value': '2.6'}, {'type': {'displayName': 'Zone', 'value': 56}, 'value': 'Right'}, {'type': {'displayName': 'Angle', 'value': 213}, 'value': '6.10'}, {'type': {'displayName': 'Length', 'value': 212}, 'value': '8.6'}, {'type': {'displayName': 'PassEndX', 'value': 140}, 'value': '77.3'}]",True,,,,,
1903330,SecondHalf,91,26.0,92,BallTouch,Unsuccessful,29,West Ham,322596.0,Jarrod Bowen,78.0,3.5,,,,,,,"[{'type': {'displayName': 'Zone', 'value': 56}, 'value': 'Right'}]",True,,,,,
1903330,SecondHalf,91,49.0,92,Pass,Successful,170,Fulham,306581.0,Antonee Robinson,21.0,100.0,34.4,88.6,,,,,"[{'type': {'displayName': 'PassEndY', 'value': 141}, 'value': '88.6'}, {'type': {'displayName': 'Length', 'value': 212}, 'value': '16.7'}, {'type': {'displayName': 'Zone', 'value': 56}, 'value': 'Back'}, {'type': {'displayName': 'ThrowIn', 'value': 107}}, {'type': {'displayName': 'Angle', 'value': 213}, 'value': '5.72'}, {'type': {'displayName': 'PassEndX', 'value': 140}, 'value': '34.4'}]",True,,,,,
1903330,SecondHalf,91,50.0,92,Pass,Successful,170,Fulham,79583.0,Tom Cairney,34.4,88.6,59.0,82.0,,,,,"[{'type': {'displayName': 'PassEndY', 'value': 141}, 'value': '82.0'}, {'type': {'displayName': 'Zone', 'value': 56}, 'value': 'Left'}, {'type': {'displayName': 'Angle', 'value': 213}, 'value': '6.11'}, {'type': {'displayName': 'PassEndX', 'value': 140}, 'value': '59.0'}, {'type': {'displayName': 'Longball', 'value': 1}}, {'type': {'displayName': 'Length', 'value': 212}, 'value': '26.2'}]",True,,,,,
1903330,SecondHalf,91,55.0,92,Pass,Successful,170,Fulham,515865.0,Josh King,61.3,89.5,64.6,96.6,,,,,"[{'type': {'displayName': 'PassEndX', 'value': 140}, 'value': '64.6'}, {'type': {'displayName': 'Length', 'value': 212}, 'value': '5.9'}, {'type': {'displayName': 'Zone', 'value': 56}, 'value': 'Left'}, {'type': {'displayName': 'Angle', 'value': 213}, 'value': '0.95'}, {'type': {'displayName': 'PassEndY', 'value': 141}, 'value': '96.6'}]",True,,,,,
1903330,SecondHalf,91,56.0,92,Pass,Unsuccessful,170,Fulham,108186.0,Raúl Jiménez,64.6,96.6,64.9,94.8,,,,,"[{'type': {'displayName': 'PassEndX', 'value': 140}, 'value': '64.9'}, {'type': {'displayName': 'Offensive', 'value': 286}}, {'type': {'displayName': 'Length', 'value': 212}, 'value': '1.3'}, {'type': {'displayName': 'OppositeRelatedEvent', 'value': 233}, 'value': '771'}, {'type': {'displayName': 'PassEndY', 'value': 141}, 'value': '94.8'}, {'type': {'displayName': 'Angle', 'value': 213}, 'value': '4.96'}, {'type': {'displayName': 'Zone', 'value': 56}, 'value': 'Left'}]",True,,,,,
1903330,SecondHalf,91,56.0,92,BlockedPass,Successful,29,West Ham,447231.0,Mateus Fernandes,35.1,5.2,,,,,,,"[{'type': {'displayName': 'OppositeRelatedEvent', 'value': 233}, 'value': '918'}, {'type': {'displayName': 'Zone', 'value': 56}, 'value': 'Back'}, {'type': {'displayName': 'Defensive', 'value': 285}}]",True,,,,,
1903330,SecondHalf,91,57.0,92,BallTouch,Successful,170,Fulham,108186.0,Raúl Jiménez,64.9,94.8,,,,,,,"[{'type': {'displayName': 'Zone', 'value': 56}, 'value': 'Left'}]",True,,,,,
1903330,SecondHalf,92,6.0,93,Pass,Successful,29,West Ham,313672.0,Kyle Walker-Peters,42.3,0.0,23.6,13.8,,,,,"[{'type': {'displayName': 'ThrowIn', 'value': 107}}, {'type': {'displayName': 'PassEndX', 'value': 140}, 'value': '23.6'}, {'type': {'displayName': 'Longball', 'value': 1}}, {'type': {'displayName': 'Length', 'value': 212}, 'value': '22.4'}, {'type': {'displayName': 'Angle', 'value': 213}, 'value': '2.64'}, {'type': {'displayName': 'Zone', 'value': 56}, 'value': 'Back'}, {'type': {'displayName': 'PassEndY', 'value': 141}, 'value': '13.8'}]",True,,,,,
1903330,SecondHalf,92,8.0,93,Pass,Successful,29,West Ham,361710.0,Jean-Clair Todibo,23.6,13.8,3.1,46.4,,,,,"[{'type': {'displayName': 'Length', 'value': 212}, 'value': '30.9'}, {'type': {'displayName': 'Zone', 'value': 56}, 'value': 'Back'}, {'type': {'displayName': 'Angle', 'value': 213}, 'value': '2.34'}, {'type': {'displayName': 'PassEndX', 'value': 140}, 'value': '3.1'}, {'type': {'displayName': 'PassEndY', 'value': 141}, 'value': '46.4'}]",True,,,,,
1903330,SecondHalf,92,12.0,93,Pass,Successful,29,West Ham,92516.0,Alphonse Areola,3.1,46.4,11.8,65.5,,,,,"[{'type': {'displayName': 'PassEndX', 'value': 140}, 'value': '11.8'}, {'type': {'displayName': 'PassEndY', 'value': 141}, 'value': '65.5'}, {'type': {'displayName': 'Zone', 'value': 56}, 'value': 'Back'}, {'type': {'displayName': 'Angle', 'value': 213}, 'value': '0.96'}, {'type': {'displayName': 'Length', 'value': 212}, 'value': '15.9'}]",True,,,,,
1903330,SecondHalf,92,13.0,93,Pass,Successful,29,West Ham,368310.0,Maximilian Kilman,11.8,65.5,20.1,92.0,,,,,"[{'type': {'displayName': 'PassEndX', 'value': 140}, 'value': '20.1'}, {'type': {'displayName': 'Angle', 'value': 213}, 'value': '1.12'}, {'type': {'displayName': 'Zone', 'value': 56}, 'value': 'Back'}, {'type': {'displayName': 'PassEndY', 'value': 141}, 'value': '92.0'}, {'type': {'displayName': 'Length', 'value': 212}, 'value': '20.0'}]",True,,,,,
1903330,SecondHalf,92,17.0,93,Pass,Unsuccessful,29,West Ham,459708.0,Ollie Scarles,18.7,92.9,57.4,84.2,,,,,"[{'type': {'displayName': 'Longball', 'value': 1}}, {'type': {'displayName': 'Zone', 'value': 56}, 'value': 'Left'}, {'type': {'displayName': 'PassEndX', 'value': 140}, 'value': '57.4'}, {'type': {'displayName': 'PassEndY', 'value': 141}, 'value': '84.2'}, {'type': {'displayName': 'Length', 'value': 212}, 'value': '41.1'}, {'type': {'displayName': 'Chipped', 'value': 155}}, {'type': {'displayName': 'Angle', 'value': 213}, 'value': '6.14'}]",True,,,,,
1903330,SecondHalf,92,19.0,93,Pass,Unsuccessful,170,Fulham,231135.0,Joachim Andersen,37.6,14.1,60.2,0.0,,,,,"[{'type': {'displayName': 'Zone', 'value': 56}, 'value': 'Right'}, {'type': {'displayName': 'HeadPass', 'value': 3}}, {'type': {'displayName': 'PassEndY', 'value': 141}, 'value': '0.0'}, {'type': {'displayName': 'Length', 'value': 212}, 'value': '26.0'}, {'type': {'displayName': 'Angle', 'value': 213}, 'value': '5.87'}, {'type': {'displayName': 'PassEndX', 'value': 140}, 'value': '60.2'}]",True,,,,,
1903330,SecondHalf,92,24.0,93,Pass,Successful,29,West Ham,459708.0,Ollie Scarles,39.8,100.0,26.7,88.9,,,,,"[{'type': {'displayName': 'ThrowIn', 'value': 107}}, {'type': {'displayName': 'PassEndX', 'value': 140}, 'value': '26.7'}, {'type': {'displayName': 'Length', 'value': 212}, 'value': '16.2'}, {'type': {'displayName': 'PassEndY', 'value': 141}, 'value': '88.9'}, {'type': {'displayName': 'Angle', 'value': 213}, 'value': '3.70'}, {'type': {'displayName': 'Zone', 'value': 56}, 'value': 'Back'}]",True,,,,,
1903330,SecondHalf,92,29.0,93,Pass,Unsuccessful,29,West Ham,368310.0,Maximilian Kilman,30.9,87.5,70.1,44.6,,,,,"[{'type': {'displayName': 'Longball', 'value': 1}}, {'type': {'displayName': 'Chipped', 'value': 155}}, {'type': {'displayName': 'Zone', 'value': 56}, 'value': 'Center'}, {'type': {'displayName': 'Angle', 'value': 213}, 'value': '5.67'}, {'type': {'displayName': 'PassEndY', 'value': 141}, 'value': '44.6'}, {'type': {'displayName': 'PassEndX', 'value': 140}, 'value': '70.1'}, {'type': {'displayName': 'Length', 'value': 212}, 'value': '50.4'}]",True,,,,,
1903330,SecondHalf,92,32.0,93,Clearance,Successful,170,Fulham,333182.0,Jorge Cuenca,27.5,49.3,42.1,54.4,,,,,"[{'type': {'displayName': 'Angle', 'value': 213}, 'value': '0.22'}, {'type': {'displayName': 'PassEndY', 'value': 141}, 'value': '54.4'}, {'type': {'displayName': 'Zone', 'value': 56}, 'value': 'Back'}, {'type': {'displayName': 'PassEndX', 'value': 140}, 'value': '42.1'}, {'type': {'displayName': 'Length', 'value': 212}, 'value': '15.7'}, {'type': {'displayName': 'Head', 'value': 15}}]",True,,,,,
1903330,SecondHalf,92,33.0,93,Pass,Successful,170,Fulham,79583.0,Tom Cairney,43.9,55.2,54.3,66.4,,,,,"[{'type': {'displayName': 'PassEndX', 'value': 140}, 'value': '54.3'}, {'type': {'displayName': 'Length', 'value': 212}, 'value': '13.3'}, {'type': {'displayName': 'HeadPass', 'value': 3}}, {'type': {'displayName': 'PassEndY', 'value': 141}, 'value': '66.4'}, {'type': {'displayName': 'Angle', 'value': 213}, 'value': '0.61'}, {'type': {'displayName': 'Zone', 'value': 56}, 'value': 'Center'}]",True,,,,,
1903330,SecondHalf,92,35.0,93,BallRecovery,Successful,170,Fulham,515865.0,Josh King,55.7,68.5,,,,,,,[],False,,,,,
1903330,SecondHalf,92,41.0,93,TakeOn,Unsuccessful,170,Fulham,515865.0,Josh King,60.4,92.8,,,,,,,"[{'type': {'displayName': 'OppositeRelatedEvent', 'value': 233}, 'value': '782'}, {'type': {'displayName': 'Offensive', 'value': 286}}, {'type': {'displayName': 'Zone', 'value': 56}, 'value': 'Left'}]",True,,,,,
1903330,SecondHalf,92,41.0,93,Tackle,Successful,29,West Ham,447231.0,Mateus Fernandes,39.6,7.2,,,,,,,"[{'type': {'displayName': 'Zone', 'value': 56}, 'value': 'Back'}, {'type': {'displayName': 'OppositeRelatedEvent', 'value': 233}, 'value': '926'}, {'type': {'displayName': 'Defensive', 'value': 285}}, {'type': {'displayName': 'StandingSave', 'value': 178}}]",True,,,,,
1903330,SecondHalf,92,43.0,93,BallRecovery,Successful,29,West Ham,313672.0,Kyle Walker-Peters,40.6,7.6,,,,,,,[],False,,,,,
1903330,SecondHalf,92,44.0,93,Foul,Successful,29,West Ham,313672.0,Kyle Walker-Peters,45.0,13.2,,,,,,,"[{'type': {'displayName': 'Offensive', 'value': 286}}, {'type': {'displayName': 'Foul', 'value': 13}}, {'type': {'displayName': 'Zone', 'value': 56}, 'value': 'Back'}, {'type': {'displayName': 'OppositeRelatedEvent', 'value': 233}, 'value': '927'}]",True,,,,,
1903330,SecondHalf,92,44.0,93,Foul,Unsuccessful,170,Fulham,515865.0,Josh King,55.0,86.8,,,,,,,"[{'type': {'displayName': 'OppositeRelatedEvent', 'value': 233}, 'value': '784'}, {'type': {'displayName': 'Zone', 'value': 56}, 'value': 'Left'}, {'type': {'displayName': 'RelatedEventId', 'value': 55}, 'value': '928'}, {'type': {'displayName': 'Defensive', 'value': 285}}, {'type': {'displayName': 'Foul', 'value': 13}}]",False,,,,928.0,515865.0
1903330,SecondHalf,92,48.0,93,Card,Successful,170,Fulham,515865.0,Josh King,0.0,0.0,,,,,,,"[{'type': {'displayName': 'RelatedEventId', 'value': 55}, 'value': '927'}, {'type': {'displayName': 'Foul', 'value': 13}, 'value': '243'}, {'type': {'displayName': 'Yellow', 'value': 31}}]",False,,,Yellow,927.0,515865.0
1903330,SecondHalf,93,,94,OffsideGiven,Unsuccessful,29,West Ham,143595.0,Tomás Soucek,85.5,70.7,,,,,,,[],False,,,,,
1903330,SecondHalf,93,8.0,94,Pass,Unsuccessful,29,West Ham,429534.0,Freddie Potts,44.9,10.0,89.3,64.8,,,,,"[{'type': {'displayName': 'PassEndY', 'value': 141}, 'value': '64.8'}, {'type': {'displayName': 'Longball', 'value': 1}}, {'type': {'displayName': 'Chipped', 'value': 155}}, {'type': {'displayName': 'Zone', 'value': 56}, 'value': 'Center'}, {'type': {'displayName': 'PassEndX', 'value': 140}, 'value': '89.3'}, {'type': {'displayName': 'Length', 'value': 212}, 'value': '59.7'}, {'type': {'displayName': 'FreekickTaken', 'value': 5}}, {'type': {'displayName': 'Angle', 'value': 213}, 'value': '0.67'}]",True,,,,,
1903330,SecondHalf,93,11.0,94,Clearance,Successful,170,Fulham,108186.0,Raúl Jiménez,11.3,35.2,19.7,36.7,,,,,"[{'type': {'displayName': 'Angle', 'value': 213}, 'value': '0.12'}, {'type': {'displayName': 'Head', 'value': 15}}, {'type': {'displayName': 'PassEndY', 'value': 141}, 'value': '36.7'}, {'type': {'displayName': 'PassEndX', 'value': 140}, 'value': '19.7'}, {'type': {'displayName': 'Zone', 'value': 56}, 'value': 'Back'}, {'type': {'displayName': 'Length', 'value': 212}, 'value': '8.9'}]",True,,,,,
1903330,SecondHalf,93,13.0,94,Clearance,Successful,170,Fulham,321020.0,Sander Berge,19.8,36.9,49.0,48.3,,,,,"[{'type': {'displayName': 'PassEndX', 'value': 140}, 'value': '49.0'}, {'type': {'displayName': 'Length', 'value': 212}, 'value': '31.6'}, {'type': {'displayName': 'Zone', 'value': 56}, 'value': 'Back'}, {'type': {'displayName': 'Angle', 'value': 213}, 'value': '0.25'}, {'type': {'displayName': 'PassEndY', 'value': 141}, 'value': '48.3'}]",True,,,,,
1903330,SecondHalf,93,15.0,94,Pass,Successful,29,West Ham,313672.0,Kyle Walker-Peters,55.5,53.0,67.2,56.4,,,,,"[{'type': {'displayName': 'PassEndX', 'value': 140}, 'value': '67.2'}, {'type': {'displayName': 'Zone', 'value': 56}, 'value': 'Center'}, {'type': {'displayName': 'Angle', 'value': 213}, 'value': '0.19'}, {'type': {'displayName': 'PassEndY', 'value': 141}, 'value': '56.4'}, {'type': {'displayName': 'Length', 'value': 212}, 'value': '12.5'}]",True,,,,,
1903330,SecondHalf,93,17.0,94,Pass,Successful,29,West Ham,447231.0,Mateus Fernandes,67.2,56.4,60.7,18.5,,,,,"[{'type': {'displayName': 'PassEndX', 'value': 140}, 'value': '60.7'}, {'type': {'displayName': 'Angle', 'value': 213}, 'value': '4.45'}, {'type': {'displayName': 'Zone', 'value': 56}, 'value': 'Right'}, {'type': {'displayName': 'PassEndY', 'value': 141}, 'value': '18.5'}, {'type': {'displayName': 'Length', 'value': 212}, 'value': '26.7'}]",True,,,,,
1903330,SecondHalf,93,21.0,94,OffsidePass,Successful,29,West Ham,429534.0,Freddie Potts,66.0,22.9,85.5,70.7,,,,,"[{'type': {'displayName': 'PassEndY', 'value': 141}, 'value': '70.7'}, {'type': {'displayName': 'Longball', 'value': 1}}, {'type': {'displayName': 'PlayerCaughtOffside', 'value': 7}, 'value': '143595'}, {'type': {'displayName': 'Zone', 'value': 56}, 'value': 'Center'}, {'type': {'displayName': 'PassEndX', 'value': 140}, 'value': '85.5'}]",True,,,,,
1903330,SecondHalf,93,21.0,94,OffsideProvoked,Successful,170,Fulham,300359.0,Issa Diop,17.8,49.5,,,,,,,[],False,,,,,
1903330,SecondHalf,94,1.0,95,Pass,Unsuccessful,170,Fulham,92173.0,Bernd Leno,11.2,30.3,69.2,31.5,,,,,"[{'type': {'displayName': 'PassEndX', 'value': 140}, 'value': '69.2'}, {'type': {'displayName': 'Longball', 'value': 1}}, {'type': {'displayName': 'FreekickTaken', 'value': 5}}, {'type': {'displayName': 'IndirectFreekickTaken', 'value': 241}}, {'type': {'displayName': 'Length', 'value': 212}, 'value': '60.9'}, {'type': {'displayName': 'Zone', 'value': 56}, 'value': 'Center'}, {'type': {'displayName': 'PassEndY', 'value': 141}, 'value': '31.5'}, {'type': {'displayName': 'Angle', 'value': 213}, 'value': '0.01'}]",True,,,,,
1903330,SecondHalf,94,2.0,95,End,Successful,29,West Ham,,,0.0,0.0,,,,,,,[],False,,,,,
1903330,SecondHalf,94,2.0,95,End,Successful,170,Fulham,,,0.0,0.0,,,,,,,[],False,,,,,
1903330,PostGame,0,0.0,5,End,Successful,29,West Ham,,,0.0,0.0,,,,,,,[],False,,,,,
1903330,PostGame,0,0.0,5,End,Successful,170,Fulham,,,0.0,0.0,,,,,,,[],False,,,,,
1903330,PreMatch,0,0.0,0,FormationSet,Successful,29,West Ham,,,0.0,0.0,,,,,,,"[{'type': {'displayName': 'JerseyNumber', 'value': 59}, 'value': '23, 2, 30, 32, 25, 3, 18, 27, 20, 10, 7, 1, 9, 15, 24, 28, 40, 55, 58, 63'}, {'type': {'displayName': 'TeamFormation', 'value': 130}, 'value': '9'}, {'type': {'displayName': 'InvolvedPlayers', 'value': 30}, 'value': '92516,313672,459708,429534,361710,368310,447231,443815,322596,319756,382564,409426,134115,351127,303876,143595,491564,511560,572171,547084'}, {'type': {'displayName': 'CaptainPlayerId', 'value': 194}, 'value': '322596'}, {'type': {'displayName': 'PlayerPosition', 'value': 44}, 'value': '1, 2, 2, 3, 2, 2, 3, 3, 4, 3, 3, 5, 5, 5, 5, 5, 5, 5, 5, 5'}, {'type': {'displayName': 'TeamPlayerFormation', 'value': 131}, 'value': '1, 2, 3, 4, 5, 6, 7, 8, 9, 10, 11, 0, 0, 0, 0, 0, 0, 0, 0, 0'}]",False,,,,,
1903330,PreMatch,0,0.0,0,FormationSet,Successful,170,Fulham,,,0.0,0.0,,,,,,,"[{'type': {'displayName': 'TeamFormation', 'value': 130}, 'value': '8'}, {'type': {'displayName': 'PlayerPosition', 'value': 44}, 'value': '1, 2, 2, 3, 2, 2, 3, 3, 4, 3, 3, 5, 5, 5, 5, 5, 5, 5, 5, 5'}, {'type': {'displayName': 'CaptainPlayerId', 'value': 194}, 'value': '231135'}, {'type': {'displayName': 'InvolvedPlayers', 'value': 30}, 'value': '92173,145996,306581,321020,231135,333182,333044,297395,108186,363686,429174,89928,135724,79583,140088,547830,141169,515865,300359,597683'}, {'type': {'displayName': 'JerseyNumber', 'value': 59}, 'value': '1, 2, 33, 16, 5, 15, 8, 20, 7, 32, 22, 23, 6, 10, 11, 18, 21, 24, 31, 38'}, {'type': {'displayName': 'TeamPlayerFormation', 'value': 131}, 'value': '1, 2, 3, 4, 5, 6, 7, 8, 9, 10, 11, 0, 0, 0, 0, 0, 0, 0, 0, 0'}]",False,,,,,
